2026-10-02T10:04:36Z INFO Logging to /tmp/logs/update_2026-10-02T10-04-36Z.log.
2026-10-02T10:04:36Z INFO Update valid-nwb-file-to-cophenetic-index (base directory /tmp).
2026-10-02T10:04:36Z INFO Processing 2460 items (61875 already recorded).
2026-10-02T10:04:37Z WARNING 024ef50f-ac6f-49ea-806b-93ef4b5e8644: failed while reading the NWB file (KeyError: 'Unable to synchronously open object (component not found)')
2026-10-02T10:04:37Z WARNING [1/2460] 024ef50f-ac6f-49ea-806b-93ef4b5e8644: leaving unrecorded for a later run to retry.
2026-10-02T10:04:39Z WARNING 09073220-fbea-45d2-9a39-2cc61fcdc2a1: failed while reading the NWB file (KeyError: 'Unable to synchronously open object (component not found)')
2026-10-02T10:04:39Z WARNING [2/2460] 09073220-fbea-45d2-9a39-2cc61fcdc2a1: leaving unrecorded for a later run to retry.
2026-10-02T10:04:40Z WARNING 0dec427d-4db4-44c3-988a-c37959ceaff3: failed while reading the NWB file (KeyError: 'Unable to synchronously open object (component not found)')
2026-10-02T10:04:40Z WARNING [3/2460] 0dec427d-4db4-44c3-988a-c37959ceaff3: leaving unrecorded for a later run to retry.
2026-10-02T10:04:42Z WARNING 0f7396ad-67ec-468a-b6a6-5599cb507f54: failed while reading the NWB file (KeyError: 'Unable to synchronously open object (component not found)')
2026-10-02T10:04:42Z WARNING [4/2460] 0f7396ad-67ec-468a-b6a6-5599cb507f54: leaving unrecorded for a later run to retry.
2026-10-02T10:04:44Z WARNING 1066b3ba-83d9-4cb3-bfe3-ecf8539e2334: failed while reading the NWB file (KeyError: 'Unable to synchronously open object (component not found)')
2026-10-02T10:04:44Z WARNING [5/2460] 1066b3ba-83d9-4cb3-bfe3-ecf8539e2334: leaving unrecorded for a later run to retry.
2026-10-02T10:04:45Z WARNING 17a546c4-6425-4c56-a43e-9f9f272d299c: failed while reading the NWB file (KeyError: 'Unable to synchronously open object (component not found)')
2026-10-02T10:04:45Z WARNING [6/2460] 17a546c4-6425-4c56-a43e-9f9f272d299c: leaving unrecorded for a later run to retry.
2026-10-02T10:04:47Z WARNING 19998990-d06f-40db-8d07-c5121b317b6a: failed while reading the NWB file (KeyError: 'Unable to synchronously open object (component not found)')
2026-10-02T10:04:47Z WARNING [7/2460] 19998990-d06f-40db-8d07-c5121b317b6a: leaving unrecorded for a later run to retry.
2026-10-02T10:04:48Z WARNING 1a18ed31-9155-4512-919f-b6875d14b9f3: failed while reading the NWB file (KeyError: 'Unable to synchronously open object (component not found)')
2026-10-02T10:04:48Z WARNING [8/2460] 1a18ed31-9155-4512-919f-b6875d14b9f3: leaving unrecorded for a later run to retry.
2026-10-02T10:04:50Z WARNING 1c2fff6f-f3a7-43fb-b7e2-a33218d41614: failed while reading the NWB file (KeyError: 'Unable to synchronously open object (component not found)')
2026-10-02T10:04:50Z WARNING [9/2460] 1c2fff6f-f3a7-43fb-b7e2-a33218d41614: leaving unrecorded for a later run to retry.
2026-10-02T10:04:51Z INFO [10/2460] 20a613ce-85ee-4b11-a870-a72460301006: cophenetic index 33962; 1.5 s; peak memory 97 MiB.
2026-10-02T10:04:52Z INFO [11/2460] 20a6f365-c56f-45ca-83d4-0ca459cc00fe: cophenetic index 490; 0.8 s; peak memory 97 MiB.
2026-10-02T10:04:54Z INFO [12/2460] 20a6fd02-161f-4d4f-af04-e1edb4c93d91: cophenetic index 2814; 1.3 s; peak memory 97 MiB.
2026-10-02T10:04:55Z INFO [13/2460] 20a7230b-94f6-4435-8db1-52f6a4993a3f: cophenetic index 624; 1.0 s; peak memory 97 MiB.
2026-10-02T10:04:56Z INFO [14/2460] 20a76c5b-e300-4092-832c-2f3441ef2010: cophenetic index 3004; 1.3 s; peak memory 97 MiB.
2026-10-02T10:05:00Z INFO [15/2460] 20a7ec4a-0669-49f5-888a-0f5b7e250e60: cophenetic index 17739; 3.9 s; peak memory 99 MiB.
2026-10-02T10:05:01Z INFO [16/2460] 20a80851-41cc-41b8-bace-07107be9d15d: cophenetic index 6435; 1.6 s; peak memory 99 MiB.
2026-10-02T10:05:02Z INFO [17/2460] 20a8a897-dd3b-4d58-9c10-1e646b17ddba: cophenetic index 624; 1.0 s; peak memory 99 MiB.
2026-10-02T10:05:04Z INFO [18/2460] 20a8e1b7-41b8-47ae-bb7e-fca8242f1fa0: cophenetic index 2814; 1.2 s; peak memory 99 MiB.
2026-10-02T10:05:05Z INFO [19/2460] 20a97d2c-7b23-4304-9dd3-84d955c3d2f5: cophenetic index 624; 1.1 s; peak memory 99 MiB.
2026-10-02T10:05:08Z INFO [20/2460] 20a9d155-499d-4ba4-8f96-a75750e426ca: cophenetic index 2402; 3.0 s; peak memory 99 MiB.
2026-10-02T10:05:09Z INFO [21/2460] 20ab14a5-2d33-49e3-a908-b308e16fc006: cophenetic index 488; 1.2 s; peak memory 99 MiB.
2026-10-02T10:05:12Z INFO [22/2460] 20ab4ea7-98cc-43ce-b9d4-078a0256cb99: cophenetic index 5473; 3.3 s; peak memory 99 MiB.
2026-10-02T10:05:13Z INFO [23/2460] 20abc756-b9ed-49af-976d-53db6169018b: cophenetic index 3004; 1.1 s; peak memory 99 MiB.
2026-10-02T10:05:15Z INFO [24/2460] 20abf11c-800b-41b7-aadc-d476d15a757f: cophenetic index 2625; 1.6 s; peak memory 99 MiB.
2026-10-02T10:05:28Z INFO [25/2460] 20accf91-e528-4d9d-a8ed-8bac6fd5ccec: cophenetic index 30140597; 12.8 s; peak memory 187 MiB.
2026-10-02T10:05:29Z INFO [26/2460] 20acd42b-3844-4ee8-8d82-f1c4e75ed070: cophenetic index 33986; 1.7 s; peak memory 187 MiB.
2026-10-02T10:05:31Z INFO [27/2460] 20ae0ea5-1197-4b8f-9a85-e073da897561: cophenetic index 624; 1.1 s; peak memory 187 MiB.
2026-10-02T10:05:32Z INFO [28/2460] 20ae6bd0-35fe-43c7-acf3-16499ed26618: cophenetic index 3057; 1.3 s; peak memory 187 MiB.
2026-10-02T10:05:33Z INFO [29/2460] 20aec471-f397-442c-858a-4df39a1de60a: cophenetic index 624; 1.2 s; peak memory 187 MiB.
2026-10-02T10:05:41Z INFO [30/2460] 20b00958-4e6d-4c04-9945-35197ebfe839: cophenetic index 110402; 7.9 s; peak memory 188 MiB.
2026-10-02T10:05:42Z INFO [31/2460] 20b0da3b-c799-4dc3-9ae3-3541ec7c668e: cophenetic index 2923; 1.3 s; peak memory 188 MiB.
2026-10-02T10:05:48Z INFO [32/2460] 20b0e71a-f9d6-426e-b967-24c3749b04bc: cophenetic index 6218; 5.8 s; peak memory 188 MiB.
2026-10-02T10:05:52Z INFO [33/2460] 20b10724-46ae-4805-a097-9bda8ccc0b3c: cophenetic index 7052; 3.9 s; peak memory 188 MiB.
2026-10-02T10:05:53Z INFO [34/2460] 20b1a664-084a-4406-96b2-8bad0e1fdf22: cophenetic index 401; 0.8 s; peak memory 188 MiB.
2026-10-02T10:06:06Z INFO [35/2460] 20b20ec1-cab0-4591-8cb7-56e7706acff7: cophenetic index 684621; 13.3 s; peak memory 188 MiB.
2026-10-02T10:06:07Z INFO [36/2460] 20b233a4-317d-4e72-9b46-0870f991052e: cophenetic index 624; 1.0 s; peak memory 188 MiB.
2026-10-02T10:06:08Z INFO [37/2460] 20b292bf-1548-4ce2-bcc7-6756370c7aef: cophenetic index 490; 0.8 s; peak memory 188 MiB.
2026-10-02T10:06:09Z INFO [38/2460] 20b3179f-2fe7-4c17-acb6-531a5615b2e3: cophenetic index 33977; 1.3 s; peak memory 188 MiB.
2026-10-02T10:06:19Z INFO [39/2460] 20b48698-7883-4d9e-894d-f5ce2e6c1701: cophenetic index 265599; 9.4 s; peak memory 188 MiB.
2026-10-02T10:06:20Z INFO [40/2460] 20b5d1f9-bde7-428d-a41d-51b5b3deb666: cophenetic index 23794; 1.2 s; peak memory 188 MiB.
2026-10-02T10:06:21Z WARNING 20b5d243-5a61-4246-a5d5-ac9d9068183d: failed while reading the NWB file (KeyError: 'Unable to synchronously open object (component not found)')
2026-10-02T10:06:21Z WARNING [41/2460] 20b5d243-5a61-4246-a5d5-ac9d9068183d: leaving unrecorded for a later run to retry.
2026-10-02T10:06:23Z INFO [42/2460] 20b64d33-7a8d-4966-aeac-0a1aecdc66b5: cophenetic index 3004; 1.3 s; peak memory 188 MiB.
2026-10-02T10:06:24Z INFO [43/2460] 20b69528-1ea2-4a2d-9712-8b3be5c0bd42: cophenetic index 624; 1.0 s; peak memory 188 MiB.
2026-10-02T10:06:25Z INFO [44/2460] 20b6c7f2-9b7e-4a24-87e3-d3fb6740975a: cophenetic index 624; 1.1 s; peak memory 188 MiB.
2026-10-02T10:06:30Z INFO [45/2460] 20b76737-3915-4bc3-a817-fe66eaee72cd: cophenetic index 9548; 5.2 s; peak memory 188 MiB.
2026-10-02T10:06:31Z INFO [46/2460] 20b8bf70-befb-4d41-9856-bf5a9f786786: cophenetic index 3004; 1.3 s; peak memory 188 MiB.
2026-10-02T10:06:33Z INFO [47/2460] 20b8f1d0-aa64-47f9-84f2-e54ce385de05: cophenetic index 605; 1.4 s; peak memory 188 MiB.
2026-10-02T10:06:34Z INFO [48/2460] 20bb334b-133b-4954-955f-0e802fb8a289: cophenetic index 627; 1.0 s; peak memory 188 MiB.
2026-10-02T10:06:35Z INFO [49/2460] 20bb4f88-c21c-41fb-809f-34bd305f66b4: cophenetic index 624; 1.0 s; peak memory 188 MiB.
2026-10-02T10:06:36Z INFO [50/2460] 20bc42b4-9199-4f42-a405-76aab2501855: cophenetic index 3087; 1.2 s; peak memory 188 MiB.
2026-10-02T10:06:36Z INFO [50/2460] 20bc42b4-9199-4f42-a405-76aab2501855: checkpointed 61915 records.
2026-10-02T10:06:38Z INFO [51/2460] 20bc929a-4687-4a01-a251-516d6f7529f1: cophenetic index 33998; 1.9 s; peak memory 188 MiB.
2026-10-02T10:06:39Z INFO [52/2460] 20bd8a6d-947d-4864-a655-cfcc2080c389: cophenetic index 791; 1.4 s; peak memory 188 MiB.
2026-10-02T10:06:41Z INFO [53/2460] 20bdb4f9-8d2b-4735-9a17-8f28dcd80398: cophenetic index 793; 1.8 s; peak memory 188 MiB.
2026-10-02T10:06:43Z INFO [54/2460] 20bdfc90-64fe-4d90-991c-9d347c9cb5ae: cophenetic index 2625; 1.8 s; peak memory 188 MiB.
2026-10-02T10:06:43Z INFO [55/2460] 20be0872-3bd7-432c-baf4-400ac752349e: cophenetic index 490; 0.7 s; peak memory 188 MiB.
2026-10-02T10:06:52Z INFO [56/2460] 20be0a26-0485-49e9-affa-a85560ed1979: cophenetic index 46939; 8.5 s; peak memory 188 MiB.
2026-10-02T10:06:53Z INFO [57/2460] 20be4b54-2b39-49c6-a05b-33fdbef20abd: cophenetic index 3087; 1.4 s; peak memory 188 MiB.
2026-10-02T10:06:55Z INFO [58/2460] 20bea5f2-29bf-4c94-89ac-77f921532582: cophenetic index 815; 1.4 s; peak memory 188 MiB.
2026-10-02T10:06:56Z INFO [59/2460] 20bec433-2c1a-4012-b182-a4623bdc353d: cophenetic index 33986; 1.4 s; peak memory 188 MiB.
2026-10-02T10:06:57Z INFO [60/2460] 20bf0387-04b0-4450-999a-fa926bcb30a8: cophenetic index 432; 1.0 s; peak memory 188 MiB.
2026-10-02T10:06:59Z INFO [61/2460] 20bf848f-7266-45a3-abcc-5a14e4abe59f: cophenetic index 797; 1.7 s; peak memory 188 MiB.
2026-10-02T10:07:00Z INFO [62/2460] 20c0375b-4aa0-479b-b06d-6149322905a2: cophenetic index 3004; 1.2 s; peak memory 188 MiB.
2026-10-02T10:07:01Z INFO [63/2460] 20c1b884-bf2f-4fdb-a7de-20271bc67592: cophenetic index 651; 0.8 s; peak memory 188 MiB.
2026-10-02T10:07:02Z INFO [64/2460] 20c26283-76ee-4a56-bdf4-c8ae6bb91efb: cophenetic index 379; 0.6 s; peak memory 188 MiB.
2026-10-02T10:07:03Z INFO [65/2460] 20c2c3ea-6789-4c0f-b06e-25b78e904048: cophenetic index 626; 1.0 s; peak memory 188 MiB.
2026-10-02T10:07:04Z INFO [66/2460] 20c3ca95-2f38-4544-972a-bcb0b78136c6: cophenetic index 624; 1.0 s; peak memory 188 MiB.
2026-10-02T10:07:05Z INFO [67/2460] 20c50d6f-acc0-4556-af41-0713fbd2f58b: cophenetic index 33986; 1.4 s; peak memory 188 MiB.
2026-10-02T10:07:06Z INFO [68/2460] 20c5932b-ef95-41fa-bb45-a659d60121c9: cophenetic index 624; 1.1 s; peak memory 188 MiB.
2026-10-02T10:07:07Z INFO [69/2460] 20c758fb-4f6c-4ab2-b637-e20d693b37d9: cophenetic index 741; 0.7 s; peak memory 188 MiB.
2026-10-02T10:07:09Z INFO [70/2460] 20c778c6-0710-4efb-98fd-5ae8e3ff3d8e: cophenetic index 99150; 2.3 s; peak memory 188 MiB.
2026-10-02T10:07:10Z INFO [71/2460] 20c78c5d-9eda-4d8a-8ffa-92d1b0ce5bb4: cophenetic index 1265; 1.1 s; peak memory 188 MiB.
2026-10-02T10:07:11Z INFO [72/2460] 20c80762-d4a8-48fa-860c-81ae4be467c0: cophenetic index 385; 1.0 s; peak memory 188 MiB.
2026-10-02T10:07:12Z INFO [73/2460] 20c84172-13e6-40e0-835b-19211a8da500: cophenetic index 624; 0.9 s; peak memory 188 MiB.
2026-10-02T10:07:13Z INFO [74/2460] 20c86655-eeb1-4b84-878f-3ba0031d910f: cophenetic index 33986; 1.3 s; peak memory 188 MiB.
2026-10-02T10:07:15Z INFO [75/2460] 20c8cfc0-91c4-4380-9e67-826ff4b1bbba: cophenetic index 2625; 1.6 s; peak memory 188 MiB.
2026-10-02T10:07:18Z INFO [76/2460] 20c8e7d6-e2fd-496a-a715-af3674e2c046: cophenetic index 1970; 2.7 s; peak memory 188 MiB.
2026-10-02T10:07:20Z INFO [77/2460] 20c97d11-13f7-4fd0-a6f3-1ae63389f65a: cophenetic index 2609; 2.2 s; peak memory 188 MiB.
2026-10-02T10:07:21Z INFO [78/2460] 20c9efc9-a645-4117-a59d-b05713d1b5ec: cophenetic index 33962; 1.4 s; peak memory 188 MiB.
2026-10-02T10:07:29Z INFO [79/2460] 20ca0c21-48d5-4056-b76f-3597443a1bf8: cophenetic index 15817; 7.3 s; peak memory 188 MiB.
2026-10-02T10:07:29Z INFO [80/2460] 20cb189d-f38e-4791-abea-5de7b9640337: cophenetic index 761; 0.8 s; peak memory 188 MiB.
2026-10-02T10:07:30Z INFO [81/2460] 20cc5f75-b657-4829-999f-93d04b6e292e: cophenetic index 431; 1.0 s; peak memory 188 MiB.
2026-10-02T10:07:31Z INFO [82/2460] 20cd508e-5894-4f36-aa1b-2f60f9deb7f6: cophenetic index 624; 1.0 s; peak memory 188 MiB.
2026-10-02T10:07:33Z INFO [83/2460] 20ce44b0-f772-44d9-a7e5-f411aba42b72: cophenetic index 3087; 1.2 s; peak memory 188 MiB.
2026-10-02T10:07:35Z INFO [84/2460] 20cebf90-faba-4412-a90f-a4851987a882: cophenetic index 99150; 2.6 s; peak memory 188 MiB.
2026-10-02T10:07:37Z INFO [85/2460] 20cf6edd-2bd4-4b22-88d4-cad8f83f48ee: cophenetic index 2570; 1.6 s; peak memory 188 MiB.
2026-10-02T10:07:49Z INFO [86/2460] 20d08a6a-9a0f-4dea-877e-88b5e5576e3e: cophenetic index 3460097; 12.4 s; peak memory 188 MiB.
2026-10-02T10:07:50Z INFO [87/2460] 20d0bd63-3414-4018-a2fd-f8c6f999c19b: cophenetic index 624; 1.1 s; peak memory 188 MiB.
2026-10-02T10:07:52Z INFO [88/2460] 20d14776-1eb7-4053-bfce-adcf49b47211: cophenetic index 3004; 1.3 s; peak memory 188 MiB.
2026-10-02T10:07:53Z INFO [89/2460] 20d1b64f-107a-4d3b-b05f-19d747dc7031: cophenetic index 413; 1.2 s; peak memory 188 MiB.
2026-10-02T10:07:58Z INFO [90/2460] 20d215fe-1d61-4675-9681-1c669f4c13de: cophenetic index 9548; 5.1 s; peak memory 188 MiB.
2026-10-02T10:08:02Z INFO [91/2460] 20d23c63-a94b-480a-8df6-2c3110fdd2bc: cophenetic index 4870; 4.4 s; peak memory 188 MiB.
2026-10-02T10:08:04Z INFO [92/2460] 20d266c9-e393-4ca6-9c90-265869efe701: cophenetic index 2625; 1.7 s; peak memory 188 MiB.
2026-10-02T10:08:06Z INFO [93/2460] 20d268db-5ae4-43ae-a6e0-a45c2486b97c: cophenetic index 33968; 1.6 s; peak memory 188 MiB.
2026-10-02T10:08:08Z INFO [94/2460] 20d2f72f-bab9-4edf-a202-178c521c1d8e: cophenetic index 33998; 2.2 s; peak memory 188 MiB.
2026-10-02T10:08:10Z INFO [95/2460] 20d3c598-5e48-4a19-8a9e-7a23fe80d040: cophenetic index 33998; 1.9 s; peak memory 188 MiB.
2026-10-02T10:08:11Z INFO [96/2460] 20d405d1-b152-4998-abc0-17eb344e0a26: cophenetic index 624; 1.0 s; peak memory 188 MiB.
2026-10-02T10:08:12Z INFO [97/2460] 20d4f5fe-d595-4ee2-9882-bd29e89611de: cophenetic index 2625; 1.3 s; peak memory 188 MiB.
2026-10-02T10:08:13Z INFO [98/2460] 20d64ab2-24e4-43c6-8753-ef45fd38cc0f: cophenetic index 624; 1.1 s; peak memory 188 MiB.
2026-10-02T10:08:20Z INFO [99/2460] 20d6bb13-9ab4-4367-9305-4e587718e5fd: cophenetic index 6715; 6.9 s; peak memory 188 MiB.
2026-10-02T10:08:21Z INFO [100/2460] 20d6eeb4-42a5-40f2-8ec9-04995105ef1a: cophenetic index 490; 0.7 s; peak memory 188 MiB.
2026-10-02T10:08:21Z INFO [100/2460] 20d6eeb4-42a5-40f2-8ec9-04995105ef1a: checkpointed 61965 records.
2026-10-02T10:08:29Z INFO [101/2460] 20d7162a-4221-4aca-9cb4-2b22c5d24dc7: cophenetic index 125945; 8.3 s; peak memory 188 MiB.
2026-10-02T10:08:31Z INFO [102/2460] 20d84147-63d6-4c6e-83bc-6a8a6314ccd8: cophenetic index 2974; 1.3 s; peak memory 188 MiB.
2026-10-02T10:08:31Z INFO [103/2460] 20d8dd31-6af9-492d-a65c-8285ccff8f4e: cophenetic index 579; 0.7 s; peak memory 188 MiB.
2026-10-02T10:08:32Z INFO [104/2460] 20d94f85-48be-42fa-9ebb-db4134655cff: cophenetic index 994; 1.1 s; peak memory 188 MiB.
2026-10-02T10:08:33Z INFO [105/2460] 20da7b2f-e540-48b5-bbd8-59b280d0dfd9: cophenetic index 3215; 1.0 s; peak memory 188 MiB.
2026-10-02T10:08:34Z INFO [106/2460] 20daf99e-3d4d-4f62-abdd-1aebc37a9dbf: cophenetic index 651; 0.7 s; peak memory 188 MiB.
2026-10-02T10:08:35Z INFO [107/2460] 20db3825-7a8c-4f12-9e7d-ce91a4fa6498: cophenetic index 624; 1.0 s; peak memory 188 MiB.
2026-10-02T10:08:36Z INFO [108/2460] 20db7394-aea0-4292-b27b-a3732354760b: cophenetic index 3087; 1.2 s; peak memory 188 MiB.
2026-10-02T10:08:37Z INFO [109/2460] 20dbbd71-0c3e-4ff3-97f7-eb6a220095d8: cophenetic index 3057; 1.1 s; peak memory 188 MiB.
2026-10-02T10:08:41Z INFO [110/2460] 20dbe4a1-8c69-49b1-aea9-661c2aad2721: cophenetic index 13983; 3.3 s; peak memory 188 MiB.
2026-10-02T10:08:42Z INFO [111/2460] 20dc8709-fa56-47c0-b09d-4c13f967d415: cophenetic index 431; 1.3 s; peak memory 188 MiB.
2026-10-02T10:08:43Z INFO [112/2460] 20dcbae1-9873-4048-8651-a7614f7cd2dd: cophenetic index 374; 0.7 s; peak memory 188 MiB.
2026-10-02T10:08:43Z INFO [113/2460] 20dd5515-46eb-419c-ac6f-7a5054e5833a: cophenetic index 739; 0.8 s; peak memory 188 MiB.
2026-10-02T10:08:45Z INFO [114/2460] 20dd6193-3788-45a0-9945-2632966297c5: cophenetic index 624; 1.1 s; peak memory 188 MiB.
2026-10-02T10:08:46Z INFO [115/2460] 20de6258-817c-4eee-acde-cfcc19d0cbd9: cophenetic index 3087; 1.3 s; peak memory 188 MiB.
2026-10-02T10:08:47Z INFO [116/2460] 20dea5c4-af4e-48f7-9fbd-4136efa7e30b: cophenetic index 624; 1.0 s; peak memory 188 MiB.
2026-10-02T10:08:48Z INFO [117/2460] 20e2c85c-d070-4e33-9401-4fcdccec1ff6: cophenetic index 3004; 1.3 s; peak memory 188 MiB.
2026-10-02T10:08:50Z INFO [118/2460] 20e46fe6-5704-40e9-b9f5-c76cb1707d48: cophenetic index 1006; 1.4 s; peak memory 188 MiB.
2026-10-02T10:08:51Z WARNING 20e4b649-b593-4ee3-bd02-f0645aad7021: failed while reading the NWB file (KeyError: 'Unable to synchronously open object (component not found)')
2026-10-02T10:08:51Z WARNING [119/2460] 20e4b649-b593-4ee3-bd02-f0645aad7021: leaving unrecorded for a later run to retry.
2026-10-02T10:08:52Z INFO [120/2460] 20e51ad9-819b-46a4-91fe-09c1c17a8f02: cophenetic index 624; 1.0 s; peak memory 188 MiB.
2026-10-02T10:08:53Z INFO [121/2460] 20e5329f-1cb9-4d41-9502-5d0ba2179f4c: cophenetic index 3004; 1.1 s; peak memory 188 MiB.
2026-10-02T10:08:54Z INFO [122/2460] 20e5aba8-5ab3-47af-8511-94f5c6da08ca: cophenetic index 579; 0.7 s; peak memory 188 MiB.
2026-10-02T10:08:55Z INFO [123/2460] 20e5f42d-e6de-45be-9cb0-d033b580db54: cophenetic index 624; 1.1 s; peak memory 188 MiB.
2026-10-02T10:08:58Z INFO [124/2460] 20e60060-898a-4cb1-a96c-f61903af5bbe: cophenetic index 3844; 3.2 s; peak memory 188 MiB.
2026-10-02T10:08:59Z INFO [125/2460] 20e66bd1-9945-4dbf-af08-4965eccb1d7c: cophenetic index 3004; 1.3 s; peak memory 188 MiB.
2026-10-02T10:09:00Z INFO [126/2460] 20e67ddf-15b3-4144-b230-d755248e662d: cophenetic index 1949; 1.0 s; peak memory 188 MiB.
2026-10-02T10:09:01Z INFO [127/2460] 20e714fe-0660-48b1-85e5-b2c6f39307b3: cophenetic index 649; 1.2 s; peak memory 188 MiB.
2026-10-02T10:09:03Z INFO [128/2460] 20e74e59-c26d-4a6a-a88d-526471fcf5fe: cophenetic index 466; 1.2 s; peak memory 188 MiB.
2026-10-02T10:09:04Z INFO [129/2460] 20e8eef5-5404-455a-98aa-262b5f2681b9: cophenetic index 2625; 1.3 s; peak memory 188 MiB.
2026-10-02T10:09:06Z INFO [130/2460] 20e90e98-54bb-457b-9509-e1b9373d800a: cophenetic index 33998; 1.9 s; peak memory 188 MiB.
2026-10-02T10:09:08Z INFO [131/2460] 20e98d85-6d8f-4ac8-8c98-d8cb8a26a209: cophenetic index 30304; 1.7 s; peak memory 188 MiB.
2026-10-02T10:09:10Z INFO [132/2460] 20e9e71d-fdda-4926-b63a-bb20548d0ee3: cophenetic index 326483; 2.4 s; peak memory 188 MiB.
2026-10-02T10:09:13Z INFO [133/2460] 20eacf97-ef36-4768-8b0c-06e601ddeed6: cophenetic index 3307; 2.9 s; peak memory 188 MiB.
2026-10-02T10:09:14Z INFO [134/2460] 20eb34f5-359f-4095-8606-83c8ad4369f1: cophenetic index 624; 1.1 s; peak memory 188 MiB.
2026-10-02T10:09:15Z INFO [135/2460] 20eb7f1b-3690-4d4d-89a3-251912c1cb7f: cophenetic index 624; 1.2 s; peak memory 188 MiB.
2026-10-02T10:09:16Z INFO [136/2460] 20ebcc6c-afdd-4ea5-a61f-83111c96c772: cophenetic index 624; 1.1 s; peak memory 188 MiB.
2026-10-02T10:09:27Z INFO [137/2460] 20ec1018-989f-47f6-b23a-8a4d222f2480: cophenetic index 17780621; 11.0 s; peak memory 188 MiB.
2026-10-02T10:09:28Z INFO [138/2460] 20ec1ea7-e441-4404-acd4-06712fdc10e9: cophenetic index 624; 1.1 s; peak memory 188 MiB.
2026-10-02T10:09:29Z INFO [139/2460] 20ec8bb4-ed6d-430a-9648-21c9a182737b: cophenetic index 2625; 1.2 s; peak memory 188 MiB.
2026-10-02T10:09:31Z INFO [140/2460] 20ed9dc6-2341-4c5f-9a44-f173758280c0: cophenetic index 624; 1.1 s; peak memory 188 MiB.
2026-10-02T10:09:32Z INFO [141/2460] 20ee1f40-7d95-4bf3-8fd9-3e58a836e681: cophenetic index 624; 1.2 s; peak memory 188 MiB.
2026-10-02T10:09:33Z INFO [142/2460] 20ee563e-113e-469b-a2de-e1a9a065d1cb: cophenetic index 497; 1.3 s; peak memory 188 MiB.
2026-10-02T10:09:34Z INFO [143/2460] 20eed207-dea2-4245-b1f5-f17b3a73949d: cophenetic index 722; 1.2 s; peak memory 188 MiB.
2026-10-02T10:09:35Z INFO [144/2460] 20f0dbef-bea2-43a1-bed5-5ab3f756a21a: cophenetic index 761; 0.7 s; peak memory 188 MiB.
2026-10-02T10:09:37Z INFO [145/2460] 20f238bc-fa39-43a6-949a-645b4fc40857: cophenetic index 33998; 2.6 s; peak memory 188 MiB.
2026-10-02T10:09:39Z INFO [146/2460] 20f27754-8118-417b-adfc-cb9b73e8065d: cophenetic index 624; 1.2 s; peak memory 188 MiB.
2026-10-02T10:09:40Z INFO [147/2460] 20f27d09-b864-410c-a0ba-d081d9283cf8: cophenetic index 33958; 1.3 s; peak memory 188 MiB.
2026-10-02T10:09:41Z INFO [148/2460] 20f36085-3c98-4118-8118-0a4c632c7c16: cophenetic index 2932; 1.1 s; peak memory 188 MiB.
2026-10-02T10:09:42Z INFO [149/2460] 20f37975-8453-438d-bbe3-810d6ec57ff9: cophenetic index 490; 0.7 s; peak memory 188 MiB.
2026-10-02T10:09:43Z INFO [150/2460] 20f3beff-6380-4043-abe7-dfd8110d1e02: cophenetic index 3004; 1.3 s; peak memory 188 MiB.
2026-10-02T10:09:43Z INFO [150/2460] 20f3beff-6380-4043-abe7-dfd8110d1e02: checkpointed 62014 records.
2026-10-02T10:09:44Z INFO [151/2460] 20f44680-6809-4d75-b584-675efd6c1c2d: cophenetic index 3004; 1.1 s; peak memory 188 MiB.
2026-10-02T10:09:45Z INFO [152/2460] 20f4ee9f-38f7-4e31-9747-57895a429779: cophenetic index 624; 1.1 s; peak memory 188 MiB.
2026-10-02T10:09:46Z INFO [153/2460] 20f54000-5f79-4777-a708-b7aea4b54be2: cophenetic index 624; 1.0 s; peak memory 188 MiB.
2026-10-02T10:09:47Z INFO [154/2460] 20f5b1d8-20db-4d2a-b0ce-8b507716d770: cophenetic index 581; 1.1 s; peak memory 188 MiB.
2026-10-02T10:10:04Z INFO [155/2460] 20f5b740-4bd3-4e58-9778-14dab90e9921: cophenetic index 42755; 16.6 s; peak memory 188 MiB.
2026-10-02T10:10:06Z INFO [156/2460] 20f5ff1f-2a60-4654-9d69-262e5767f9ea: cophenetic index 613; 1.9 s; peak memory 188 MiB.
2026-10-02T10:10:07Z INFO [157/2460] 20f641a4-0fb2-4a75-9ecd-92b12c9cadd5: cophenetic index 3004; 1.1 s; peak memory 188 MiB.
2026-10-02T10:10:08Z INFO [158/2460] 20f68f8b-cbab-4c07-94ef-1c45c73a815d: cophenetic index 791; 1.5 s; peak memory 188 MiB.
2026-10-02T10:10:10Z INFO [159/2460] 20f9007e-e43c-45cf-95b3-f2c0f07b6968: cophenetic index 3004; 1.4 s; peak memory 188 MiB.
2026-10-02T10:10:15Z INFO [160/2460] 20f93032-dc8d-45f6-bfbd-0e04c0265395: cophenetic index 9548; 5.3 s; peak memory 188 MiB.
2026-10-02T10:10:17Z INFO [161/2460] 20f96918-31a3-4a01-ae48-60966ae8a559: cophenetic index 833; 1.6 s; peak memory 188 MiB.
2026-10-02T10:10:18Z INFO [162/2460] 20f9c20d-ba7c-4030-a095-cb9dee8ef30c: cophenetic index 3004; 1.2 s; peak memory 188 MiB.
2026-10-02T10:10:19Z INFO [163/2460] 20fa5424-458e-4b58-b3e8-2b53ff954b84: cophenetic index 447; 1.1 s; peak memory 188 MiB.
2026-10-02T10:10:22Z INFO [164/2460] 20faa905-b791-49ca-8c12-ebb7d21c3043: cophenetic index 6636; 2.8 s; peak memory 188 MiB.
2026-10-02T10:10:29Z INFO [165/2460] 20fc0490-b5c2-49c8-a056-f18653ecfa8b: cophenetic index 81247; 7.3 s; peak memory 188 MiB.
2026-10-02T10:10:31Z INFO [166/2460] 20fcc0c7-4584-4f4a-a370-7702bda8b4f8: cophenetic index 2625; 1.5 s; peak memory 188 MiB.
2026-10-02T10:10:32Z INFO [167/2460] 20fdcd60-3306-415a-a329-c7a2a843187f: cophenetic index 624; 1.1 s; peak memory 188 MiB.
2026-10-02T10:10:35Z INFO [168/2460] 20fe7501-9208-4fb7-9856-7c2fdece0fd4: cophenetic index 2238; 3.1 s; peak memory 188 MiB.
2026-10-02T10:10:37Z INFO [169/2460] 20fe838f-76ca-481b-911e-69432b747e9f: cophenetic index 1504; 2.6 s; peak memory 188 MiB.
2026-10-02T10:10:39Z INFO [170/2460] 21000fa2-a276-48bc-89d6-fc37d7c7ce2f: cophenetic index 3004; 1.2 s; peak memory 188 MiB.
2026-10-02T10:10:58Z INFO [171/2460] 210014ef-0428-4eff-96e9-be02503cc247: cophenetic index 1232385; 19.4 s; peak memory 188 MiB.
2026-10-02T10:10:59Z INFO [172/2460] 210091bf-cf96-46a9-8ccc-738a44ec4d55: cophenetic index 379; 0.7 s; peak memory 188 MiB.
2026-10-02T10:11:01Z INFO [173/2460] 2100caa8-58d6-42b6-aa13-9c417a95d61f: cophenetic index 42002; 2.1 s; peak memory 188 MiB.
2026-10-02T10:11:03Z INFO [174/2460] 21010c0d-2ddc-4947-8fdd-6947da6422b9: cophenetic index 23794; 1.8 s; peak memory 188 MiB.
2026-10-02T10:11:11Z INFO [175/2460] 2101a4ba-aa84-4bb6-803a-14209dc6cc73: cophenetic index 91554; 8.0 s; peak memory 188 MiB.
2026-10-02T10:11:11Z INFO [176/2460] 2101db99-da0d-4535-80ef-4534acb9537a: cophenetic index 759; 0.7 s; peak memory 188 MiB.
2026-10-02T10:11:12Z INFO [177/2460] 21031de2-f8a1-4bf5-8cc9-50eef865fd85: cophenetic index 624; 1.0 s; peak memory 188 MiB.
2026-10-02T10:11:16Z INFO [178/2460] 21036144-404a-4843-a563-dfb82220dee6: cophenetic index 5473; 3.5 s; peak memory 188 MiB.
2026-10-02T10:11:17Z INFO [179/2460] 21037e79-454e-49e2-bff5-a79ad49d8330: cophenetic index 892; 1.3 s; peak memory 188 MiB.
2026-10-02T10:11:19Z INFO [180/2460] 2103f8c2-e49d-48cd-8d6d-54a3627a907d: cophenetic index 23960; 1.3 s; peak memory 188 MiB.
2026-10-02T10:11:20Z INFO [181/2460] 2104451f-fdb5-4643-9358-39a9ac78b483: cophenetic index 497; 1.0 s; peak memory 188 MiB.
2026-10-02T10:11:21Z INFO [182/2460] 21048fc5-115e-41d0-8fd0-8bde4d88c52e: cophenetic index 99150; 1.8 s; peak memory 188 MiB.
2026-10-02T10:11:29Z INFO [183/2460] 2104af20-4030-4011-ac7a-4fbe6f97406a: cophenetic index 87573; 7.5 s; peak memory 188 MiB.
2026-10-02T10:11:30Z INFO [184/2460] 210651ed-fd8e-4f97-adfd-19867ce582e8: cophenetic index 2625; 1.3 s; peak memory 188 MiB.
2026-10-02T10:11:33Z INFO [185/2460] 2106bc98-5f4f-4453-ae3e-6f81457e869b: cophenetic index 5473; 2.8 s; peak memory 188 MiB.
2026-10-02T10:11:34Z INFO [186/2460] 210722c2-f81e-49b5-865a-1dd97f16b15e: cophenetic index 624; 1.0 s; peak memory 188 MiB.
2026-10-02T10:11:40Z INFO [187/2460] 21073ed0-a3ab-49fb-ad19-d8950522eae1: cophenetic index 42547; 6.4 s; peak memory 188 MiB.
2026-10-02T10:11:41Z INFO [188/2460] 2107dd32-dd3e-43e7-ae2b-5cac82af27d4: cophenetic index 690; 0.9 s; peak memory 188 MiB.
2026-10-02T10:11:43Z INFO [189/2460] 210814d0-9d91-4c02-a215-33f8690d7eb6: cophenetic index 2625; 1.4 s; peak memory 188 MiB.
2026-10-02T10:11:46Z INFO [190/2460] 21089995-eef0-4b9e-8dc8-165cc5eeb0db: cophenetic index 1733; 3.0 s; peak memory 188 MiB.
2026-10-02T10:11:46Z INFO [191/2460] 2108b987-11f1-45cd-ada9-3be5071a68b9: cophenetic index 433; 0.8 s; peak memory 188 MiB.
2026-10-02T10:11:48Z INFO [192/2460] 2108bab0-60f9-4b61-a164-7ef1234f33be: cophenetic index 3004; 1.2 s; peak memory 188 MiB.
2026-10-02T10:11:49Z INFO [193/2460] 21091282-60e5-4b84-a235-71b7f3521e10: cophenetic index 99138; 1.8 s; peak memory 188 MiB.
2026-10-02T10:11:55Z INFO [194/2460] 2109b21c-8001-4fb9-97dc-28f5df591fdb: cophenetic index 38889; 5.6 s; peak memory 188 MiB.
2026-10-02T10:11:57Z INFO [195/2460] 2109cb7c-c20e-437d-a371-f315c5854aaf: cophenetic index 1194; 2.2 s; peak memory 188 MiB.
2026-10-02T10:11:58Z INFO [196/2460] 210a7a9c-8d20-4260-9be8-69fe2e58894d: cophenetic index 3087; 1.2 s; peak memory 188 MiB.
2026-10-02T10:12:00Z INFO [197/2460] 210bb8c6-0616-47dc-921f-b5c41575769c: cophenetic index 638; 1.5 s; peak memory 188 MiB.
2026-10-02T10:12:07Z INFO [198/2460] 210c84fa-ab26-4987-8e22-fb20a634fec9: cophenetic index 33579; 7.5 s; peak memory 188 MiB.
2026-10-02T10:12:08Z INFO [199/2460] 210ded9c-2981-4638-9fad-852aad6481c7: cophenetic index 624; 1.0 s; peak memory 188 MiB.
2026-10-02T10:12:09Z INFO [200/2460] 210efe71-9cf0-4f82-b5c5-6c8fdcb40162: cophenetic index 490; 0.8 s; peak memory 188 MiB.
2026-10-02T10:12:09Z INFO [200/2460] 210efe71-9cf0-4f82-b5c5-6c8fdcb40162: checkpointed 62064 records.
2026-10-02T10:12:10Z INFO [201/2460] 210f3591-6b92-41e3-bbb6-f58bd4fbf256: cophenetic index 3004; 1.3 s; peak memory 188 MiB.
2026-10-02T10:12:12Z INFO [202/2460] 210f9858-0763-47a1-a9db-cfc45e6cb740: cophenetic index 766; 1.2 s; peak memory 188 MiB.
2026-10-02T10:12:13Z INFO [203/2460] 210fbf3f-65ff-4b63-9cfa-9e67a993b687: cophenetic index 539; 1.1 s; peak memory 188 MiB.
2026-10-02T10:12:14Z INFO [204/2460] 21103004-fa80-473b-a0ae-edfb38502589: cophenetic index 624; 1.2 s; peak memory 188 MiB.
2026-10-02T10:12:18Z INFO [205/2460] 2110326c-7732-4b7b-85ed-2981b48b6424: cophenetic index 22577; 4.1 s; peak memory 188 MiB.
2026-10-02T10:14:15Z INFO [206/2460] 21111b7d-fc6a-44d4-a26f-8c920f7a9883: cophenetic index 61930742; 117.2 s; peak memory 349 MiB.
2026-10-02T10:14:16Z INFO [207/2460] 2111e68a-1d22-482d-a2a5-e64a66c1b39e: cophenetic index 649; 1.1 s; peak memory 349 MiB.
2026-10-02T10:14:18Z INFO [208/2460] 2111ebed-0766-4d9c-812e-7e0db476aa9e: cophenetic index 3004; 1.3 s; peak memory 349 MiB.
2026-10-02T10:14:19Z INFO [209/2460] 21132111-7142-43f7-b4dd-df4f57a4166d: cophenetic index 3004; 1.2 s; peak memory 349 MiB.
2026-10-02T10:14:21Z INFO [210/2460] 21133667-5503-4c38-a6b2-89ca1f9b1901: cophenetic index 2402; 2.6 s; peak memory 349 MiB.
2026-10-02T10:14:24Z INFO [211/2460] 211336ca-3929-4813-952f-1a6edbe9d8b3: cophenetic index 2056; 2.4 s; peak memory 349 MiB.
2026-10-02T10:14:25Z INFO [212/2460] 21144eac-b8b5-4eaf-881c-a0e04c4d6453: cophenetic index 624; 1.1 s; peak memory 349 MiB.
2026-10-02T10:14:26Z INFO [213/2460] 21153151-2c87-4076-8071-ed9a9fd98a8f: cophenetic index 624; 1.0 s; peak memory 349 MiB.
2026-10-02T10:14:27Z INFO [214/2460] 2116e525-9056-41eb-85cb-e99bc096b8c0: cophenetic index 2625; 1.4 s; peak memory 349 MiB.
2026-10-02T10:14:28Z INFO [215/2460] 2117c47f-d0fa-4e48-a455-d50066617d46: cophenetic index 624; 1.0 s; peak memory 349 MiB.
2026-10-02T10:14:42Z INFO [216/2460] 2117de28-5dff-4f13-a8ed-ef8630b80140: cophenetic index 405849; 13.4 s; peak memory 349 MiB.
2026-10-02T10:14:42Z INFO [217/2460] 211871c1-59fa-4322-9e77-c6ac821a808d: cophenetic index 761; 0.7 s; peak memory 349 MiB.
2026-10-02T10:14:44Z INFO [218/2460] 211886eb-1b19-430a-a0c4-ff6b92b83d11: cophenetic index 1949; 1.3 s; peak memory 349 MiB.
2026-10-02T10:14:51Z INFO [219/2460] 21194bbb-7362-42a3-9252-af63effba688: cophenetic index 6715; 7.2 s; peak memory 349 MiB.
2026-10-02T10:14:52Z INFO [220/2460] 211a79df-7267-49da-90ab-e343840f6b7f: cophenetic index 413; 1.0 s; peak memory 349 MiB.
2026-10-02T10:14:53Z INFO [221/2460] 211b0000-ddea-469e-b905-7a0cc8f05bbe: cophenetic index 751; 0.8 s; peak memory 349 MiB.
2026-10-02T10:14:54Z INFO [222/2460] 211b894f-1920-427f-b049-134066524f63: cophenetic index 624; 1.0 s; peak memory 349 MiB.
2026-10-02T10:14:55Z INFO [223/2460] 211be8f3-fc45-4399-9f4c-fc039da0fe97: cophenetic index 692; 1.2 s; peak memory 349 MiB.
2026-10-02T10:14:56Z INFO [224/2460] 211c0f4c-871b-4055-813b-502ef3f33a5e: cophenetic index 99120; 1.6 s; peak memory 349 MiB.
2026-10-02T10:14:57Z INFO [225/2460] 211c63a9-fd57-45cb-a093-27199bbdf744: cophenetic index 1228; 0.9 s; peak memory 349 MiB.
2026-10-02T10:14:58Z INFO [226/2460] 211d6732-df79-4e27-9df8-a1e1a2726521: cophenetic index 624; 1.0 s; peak memory 349 MiB.
2026-10-02T10:15:00Z INFO [227/2460] 211d6cb0-eb9a-47ab-90ae-0a56ba403f1d: cophenetic index 2625; 1.5 s; peak memory 349 MiB.
2026-10-02T10:15:01Z INFO [228/2460] 211d9a42-6c5b-4b29-b714-3e4dd8ccd283: cophenetic index 2625; 1.7 s; peak memory 349 MiB.
2026-10-02T10:15:03Z INFO [229/2460] 211da519-19f4-4508-9951-027124aad557: cophenetic index 2625; 1.4 s; peak memory 349 MiB.
2026-10-02T10:15:10Z INFO [230/2460] 211de4f0-1db6-4288-ae39-e55809e9cf29: cophenetic index 62215; 7.2 s; peak memory 349 MiB.
2026-10-02T10:15:13Z INFO [231/2460] 211e391b-35c4-4475-ae4d-7ad2e287cc5c: cophenetic index 7454; 2.6 s; peak memory 349 MiB.
2026-10-02T10:15:14Z INFO [232/2460] 211e4ceb-2e38-4fc7-914c-fbb3ee2cb6aa: cophenetic index 494; 0.9 s; peak memory 349 MiB.
2026-10-02T10:15:14Z INFO [233/2460] 211f821e-30b7-4873-9a78-d647d7c4c65d: cophenetic index 762; 0.7 s; peak memory 349 MiB.
2026-10-02T10:15:16Z INFO [234/2460] 211fc058-8588-4b35-9a94-5c6408cc241f: cophenetic index 3004; 1.3 s; peak memory 349 MiB.
2026-10-02T10:15:17Z INFO [235/2460] 211fde8e-83e7-4312-804c-ba40bbab4e05: cophenetic index 1025; 1.8 s; peak memory 349 MiB.
2026-10-02T10:15:19Z INFO [236/2460] 21204b57-3ebd-4f41-9db0-85f35060c8aa: cophenetic index 2625; 1.4 s; peak memory 349 MiB.
2026-10-02T10:15:26Z INFO [237/2460] 21214aab-7717-4e63-a50b-3fe9b10a1ad8: cophenetic index 87781; 6.7 s; peak memory 349 MiB.
2026-10-02T10:15:32Z INFO [238/2460] 212186dd-1287-4829-ba1f-7f00703dbda9: cophenetic index 33285; 6.4 s; peak memory 349 MiB.
2026-10-02T10:15:42Z INFO [239/2460] 2121ba6d-3902-4c36-ab8c-82ee868dbf8f: cophenetic index 47115; 9.8 s; peak memory 349 MiB.
2026-10-02T10:15:43Z INFO [240/2460] 2121db1b-dc2d-4dad-b9fe-d87b0e6602ba: cophenetic index 2625; 1.6 s; peak memory 349 MiB.
2026-10-02T10:15:44Z INFO [241/2460] 2122abee-1a85-4008-9b3b-7a143d084d26: cophenetic index 624; 1.2 s; peak memory 349 MiB.
2026-10-02T10:15:46Z INFO [242/2460] 212412b5-7009-407a-a109-e55226ac9cba: cophenetic index 2625; 1.8 s; peak memory 349 MiB.
2026-10-02T10:15:47Z INFO [243/2460] 21242226-12f3-443f-b0a0-79da4878e259: cophenetic index 3057; 1.2 s; peak memory 349 MiB.
2026-10-02T10:15:50Z INFO [244/2460] 212444c6-0ee2-435f-9449-3bd7d9cd2c9a: cophenetic index 2391; 2.9 s; peak memory 349 MiB.
2026-10-02T10:15:52Z INFO [245/2460] 21245c2a-16c0-49ed-972b-7bfbc27e18fa: cophenetic index 33998; 1.7 s; peak memory 349 MiB.
2026-10-02T10:15:53Z INFO [246/2460] 21248bef-639d-467d-91bb-3c98d82256ba: cophenetic index 3004; 1.2 s; peak memory 349 MiB.
2026-10-02T10:15:54Z INFO [247/2460] 2124b4ba-98c8-43df-a44e-bc7e4949a2b2: cophenetic index 3004; 1.1 s; peak memory 349 MiB.
2026-10-02T10:15:58Z INFO [248/2460] 2124f001-bb5c-4ab3-8f52-c62a2be8c67e: cophenetic index 2469; 3.3 s; peak memory 349 MiB.
2026-10-02T10:15:59Z INFO [249/2460] 21275f91-7844-4d9f-83c3-cb87b7eba728: cophenetic index 624; 1.0 s; peak memory 349 MiB.
2026-10-02T10:16:00Z INFO [250/2460] 2127c0c7-6582-4bef-a6d7-c13436499881: cophenetic index 3087; 1.2 s; peak memory 349 MiB.
2026-10-02T10:16:00Z INFO [250/2460] 2127c0c7-6582-4bef-a6d7-c13436499881: checkpointed 62114 records.
2026-10-02T10:16:02Z INFO [251/2460] 21286334-6f2b-4ab5-8afb-3e4bce610fab: cophenetic index 23259; 2.3 s; peak memory 349 MiB.
2026-10-02T10:16:09Z INFO [252/2460] 2128e8e0-532b-4981-a362-26797b2139d9: cophenetic index 5466; 6.6 s; peak memory 349 MiB.
2026-10-02T10:16:10Z INFO [253/2460] 21293758-9e66-4f3c-bbe2-18abf655bb15: cophenetic index 624; 1.1 s; peak memory 349 MiB.
2026-10-02T10:16:12Z INFO [254/2460] 21294e4a-ec7f-48a9-8933-098d07aafaaf: cophenetic index 2005; 1.9 s; peak memory 349 MiB.
2026-10-02T10:16:21Z INFO [255/2460] 21297a24-a363-4b40-9585-197771353be2: cophenetic index 156009; 9.1 s; peak memory 349 MiB.
2026-10-02T10:16:24Z INFO [256/2460] 212998b7-c7d5-4524-8654-cb656c77f10c: cophenetic index 2402; 2.8 s; peak memory 349 MiB.
2026-10-02T10:16:25Z INFO [257/2460] 21299aa0-d95a-4080-9aa4-7c99774ce6cb: cophenetic index 624; 1.0 s; peak memory 349 MiB.
2026-10-02T10:16:26Z INFO [258/2460] 2129eaaa-1d84-42dc-b7bb-3dda6372b1fa: cophenetic index 624; 1.0 s; peak memory 349 MiB.
2026-10-02T10:16:27Z INFO [259/2460] 212a3e17-22e5-4136-8b49-f24e362c6f74: cophenetic index 413; 1.0 s; peak memory 349 MiB.
2026-10-02T10:16:28Z INFO [260/2460] 212aac4f-8353-4f14-b738-7be15b75c9d6: cophenetic index 2625; 1.5 s; peak memory 349 MiB.
2026-10-02T10:16:34Z INFO [261/2460] 212aac56-0f42-48be-a6f3-bacf4bca3a6f: cophenetic index 5466; 6.2 s; peak memory 349 MiB.
2026-10-02T10:16:41Z INFO [262/2460] 212b194e-faf0-4f5b-94d2-56fd0cbb2b91: cophenetic index 78338; 6.7 s; peak memory 349 MiB.
2026-10-02T10:16:42Z INFO [263/2460] 212b83ca-963d-445c-b5fd-c387188725fd: cophenetic index 624; 1.0 s; peak memory 349 MiB.
2026-10-02T10:16:49Z INFO [264/2460] 212b9f80-c8bf-41f4-8dd8-76da5e3c01e4: cophenetic index 6591; 6.7 s; peak memory 349 MiB.
2026-10-02T10:16:50Z INFO [265/2460] 212c2aff-9ba4-4ee2-8941-436b18df2b24: cophenetic index 23272; 1.1 s; peak memory 349 MiB.
2026-10-02T10:16:51Z INFO [266/2460] 212c6547-26ef-49e2-bda4-30d3b04835dc: cophenetic index 2923; 1.3 s; peak memory 349 MiB.
2026-10-02T10:16:52Z INFO [267/2460] 212e5b1e-c5b2-4957-abf8-3310a7025aa6: cophenetic index 490; 1.0 s; peak memory 349 MiB.
2026-10-02T10:16:53Z INFO [268/2460] 212ed00d-fd0e-47e9-8466-7d2192904d49: cophenetic index 725; 1.1 s; peak memory 349 MiB.
2026-10-02T10:16:55Z INFO [269/2460] 212f927f-3796-4a6d-b5b1-3f9bfaa2626a: cophenetic index 3004; 1.3 s; peak memory 349 MiB.
2026-10-02T10:16:56Z INFO [270/2460] 21308d82-8785-4096-aac4-5a68bc45804d: cophenetic index 1130; 1.7 s; peak memory 349 MiB.
2026-10-02T10:16:58Z INFO [271/2460] 213279ad-d6ef-453f-b263-02f0bdd473c1: cophenetic index 466; 1.5 s; peak memory 349 MiB.
2026-10-02T10:17:00Z INFO [272/2460] 213280e9-b831-43cf-ba42-6a120f5611d7: cophenetic index 2625; 1.8 s; peak memory 349 MiB.
2026-10-02T10:17:03Z INFO [273/2460] 21345aaf-1a78-4edc-bf6d-4b608a30d36b: cophenetic index 5473; 3.3 s; peak memory 349 MiB.
2026-10-02T10:17:05Z INFO [274/2460] 2136445f-71b3-4dee-a07b-95e53ca5812e: cophenetic index 1507; 2.2 s; peak memory 349 MiB.
2026-10-02T10:17:06Z INFO [275/2460] 2136e3fd-a9de-412f-a7e5-5b5c2088cd03: cophenetic index 624; 1.0 s; peak memory 349 MiB.
2026-10-02T10:17:07Z INFO [276/2460] 21377859-df18-43a1-aac6-63c248f8d627: cophenetic index 23960; 1.1 s; peak memory 349 MiB.
2026-10-02T10:17:08Z INFO [277/2460] 2137951a-aee2-4cb6-8ca7-1376f913852c: cophenetic index 646; 0.9 s; peak memory 349 MiB.
2026-10-02T10:17:09Z INFO [278/2460] 2137aa1c-afd4-49ea-988c-63b951edd706: cophenetic index 624; 1.0 s; peak memory 349 MiB.
2026-10-02T10:17:11Z INFO [279/2460] 2137fbbe-c3cc-4c89-8e08-459539a3acc3: cophenetic index 2682; 2.1 s; peak memory 349 MiB.
2026-10-02T10:17:13Z INFO [280/2460] 2138274f-c607-4b27-8937-c09f152aade2: cophenetic index 1130; 1.8 s; peak memory 349 MiB.
2026-10-02T10:17:14Z INFO [281/2460] 213925cf-dc97-4820-a5f8-2cf8710809fc: cophenetic index 719; 0.7 s; peak memory 349 MiB.
2026-10-02T10:17:15Z INFO [282/2460] 213aca54-388e-49fe-afd0-fbea5bc8a362: cophenetic index 624; 1.0 s; peak memory 349 MiB.
2026-10-02T10:17:16Z INFO [283/2460] 213ad806-1fc6-45c1-929d-d73804fb7d20: cophenetic index 1949; 1.2 s; peak memory 349 MiB.
2026-10-02T10:17:17Z INFO [284/2460] 213b4544-25d4-442a-9f06-4cc80d122a2a: cophenetic index 624; 1.1 s; peak memory 349 MiB.
2026-10-02T10:17:22Z INFO [285/2460] 213cdf25-9561-47e6-a932-94cf0ca867c4: cophenetic index 56004; 5.5 s; peak memory 349 MiB.
2026-10-02T10:17:24Z INFO [286/2460] 213ce006-5a14-4e1e-bced-8629348d00d3: cophenetic index 624; 1.0 s; peak memory 349 MiB.
2026-10-02T10:17:25Z INFO [287/2460] 213d9633-57cf-4fe6-b1a7-72c2a17aabd2: cophenetic index 649; 1.1 s; peak memory 349 MiB.
2026-10-02T10:17:25Z INFO [288/2460] 213e25a9-0ed8-42f0-b13e-5a118ea987f1: cophenetic index 490; 0.7 s; peak memory 349 MiB.
2026-10-02T10:17:27Z INFO [289/2460] 213e5304-6438-45a7-b1db-f23e55c2bd66: cophenetic index 649; 1.2 s; peak memory 349 MiB.
2026-10-02T10:18:03Z INFO [290/2460] 213f24a1-f422-4fa1-8657-f22c773745cb: cophenetic index 16724112; 36.2 s; peak memory 349 MiB.
2026-10-02T10:18:04Z INFO [291/2460] 213f2598-137d-4485-b83e-37934a05cef7: cophenetic index 23206; 1.4 s; peak memory 349 MiB.
2026-10-02T10:18:06Z INFO [292/2460] 213fb80a-7756-4b14-a4c1-82c41f9f5046: cophenetic index 33998; 2.1 s; peak memory 349 MiB.
2026-10-02T10:18:07Z INFO [293/2460] 213fbed4-3056-431f-8ccc-867c9c70a7a8: cophenetic index 579; 0.7 s; peak memory 349 MiB.
2026-10-02T10:18:09Z INFO [294/2460] 21401041-196d-4750-9496-aba3d76354cb: cophenetic index 99150; 2.1 s; peak memory 349 MiB.
2026-10-02T10:18:12Z INFO [295/2460] 21406f7c-1704-4143-804a-eb4e6e9dfbba: cophenetic index 4646; 2.9 s; peak memory 349 MiB.
2026-10-02T10:18:13Z INFO [296/2460] 21408218-c9a6-4204-99e4-50d6faa31fd3: cophenetic index 1558; 1.2 s; peak memory 349 MiB.
2026-10-02T10:18:14Z INFO [297/2460] 21411c76-e3c2-43f1-b693-bded5e3864fe: cophenetic index 2625; 1.3 s; peak memory 349 MiB.
2026-10-02T10:18:15Z INFO [298/2460] 21425b21-ba47-4318-ac20-13390cf02267: cophenetic index 624; 1.0 s; peak memory 349 MiB.
2026-10-02T10:18:48Z INFO [299/2460] 21428e59-9e98-4900-82cf-e4432125219a: cophenetic index 12500003; 32.1 s; peak memory 349 MiB.
2026-10-02T10:18:58Z INFO [300/2460] 2142c0d1-7068-432c-9060-a6ec148ed714: cophenetic index 165204; 10.8 s; peak memory 349 MiB.
2026-10-02T10:18:58Z INFO [300/2460] 2142c0d1-7068-432c-9060-a6ec148ed714: checkpointed 62164 records.
2026-10-02T10:19:00Z INFO [301/2460] 21434d81-b3d0-4d11-8dcc-e62392c79c92: cophenetic index 2625; 1.5 s; peak memory 349 MiB.
2026-10-02T10:19:01Z INFO [302/2460] 2143c40c-bfd6-4093-b2ce-c5f01d2f2813: cophenetic index 2779; 1.2 s; peak memory 349 MiB.
2026-10-02T10:19:08Z INFO [303/2460] 2143e60d-cac9-43ba-bb5b-3be1cfb47db2: cophenetic index 14137; 6.8 s; peak memory 349 MiB.
2026-10-02T10:19:09Z INFO [304/2460] 21446be3-708a-4377-b168-a5959ea8c1ef: cophenetic index 2625; 1.4 s; peak memory 349 MiB.
2026-10-02T10:19:11Z INFO [305/2460] 214489b6-8ad6-43e1-9bc0-002959793426: cophenetic index 494; 1.1 s; peak memory 349 MiB.
2026-10-02T10:19:26Z INFO [306/2460] 2144a523-a1f4-4f87-ada4-d1db3c95beee: cophenetic index 304481; 15.0 s; peak memory 349 MiB.
2026-10-02T10:19:28Z INFO [307/2460] 21452d83-76e9-438a-b26f-dca7b25286e3: cophenetic index 2402; 2.8 s; peak memory 349 MiB.
2026-10-02T10:19:30Z INFO [308/2460] 21455a1e-ce9c-4a16-9c00-d4075bb926f1: cophenetic index 3057; 1.2 s; peak memory 349 MiB.
2026-10-02T10:19:31Z INFO [309/2460] 2145aefe-a40a-45b9-a35f-74b2c740cf03: cophenetic index 2496; 1.5 s; peak memory 349 MiB.
2026-10-02T10:19:33Z INFO [310/2460] 2146211f-c620-47e8-9db5-dadd4422b615: cophenetic index 949; 1.6 s; peak memory 349 MiB.
2026-10-02T10:19:35Z INFO [311/2460] 21468f31-37e4-414b-90cf-79cc65bd713a: cophenetic index 2682; 2.5 s; peak memory 349 MiB.
2026-10-02T10:19:36Z INFO [312/2460] 2147a217-ae9d-4882-ac9e-09c338eb94a8: cophenetic index 447; 1.1 s; peak memory 349 MiB.
2026-10-02T10:19:47Z INFO [313/2460] 214840d9-8c21-479b-823b-ac90419c2415: cophenetic index 24071; 10.5 s; peak memory 349 MiB.
2026-10-02T10:19:50Z INFO [314/2460] 2148ae3f-5dfe-4e12-b5d4-322f456d9655: cophenetic index 1733; 3.5 s; peak memory 349 MiB.
2026-10-02T10:19:52Z INFO [315/2460] 2148ba03-b2b2-46e3-bd0e-78c105498e80: cophenetic index 668; 1.4 s; peak memory 349 MiB.
2026-10-02T10:19:53Z INFO [316/2460] 2148fa97-99ea-427a-b274-96fd80ec9ac4: cophenetic index 650; 1.6 s; peak memory 349 MiB.
2026-10-02T10:19:54Z INFO [317/2460] 2148fb80-7f30-496d-9817-a7b367b14ef1: cophenetic index 649; 1.2 s; peak memory 349 MiB.
2026-10-02T10:19:56Z INFO [318/2460] 2149578f-0b2d-4e8d-8d85-13c244d822c0: cophenetic index 23272; 1.2 s; peak memory 349 MiB.
2026-10-02T10:19:57Z INFO [319/2460] 21497f37-abf2-4f0d-81f0-e74b33eecc8c: cophenetic index 624; 1.0 s; peak memory 349 MiB.
2026-10-02T10:19:58Z INFO [320/2460] 214a616a-61a2-4975-82c5-0ecfb76cbdb4: cophenetic index 649; 1.5 s; peak memory 349 MiB.
2026-10-02T10:19:59Z INFO [321/2460] 214aff04-aff9-4755-a875-4a56aa5f472f: cophenetic index 3087; 1.2 s; peak memory 349 MiB.
2026-10-02T10:20:00Z INFO [322/2460] 214b86ab-350a-45fd-8e98-90973f051d6c: cophenetic index 649; 1.2 s; peak memory 349 MiB.
2026-10-02T10:20:03Z INFO [323/2460] 214bba6c-0983-4c51-935e-815ff1c37fb9: cophenetic index 33998; 2.1 s; peak memory 349 MiB.
2026-10-02T10:20:04Z INFO [324/2460] 214bd924-c8e3-4a15-8161-3f628f93562a: cophenetic index 624; 1.0 s; peak memory 349 MiB.
2026-10-02T10:20:05Z INFO [325/2460] 214c05d1-5947-44ac-b731-e4874add2bfa: cophenetic index 494; 1.0 s; peak memory 349 MiB.
2026-10-02T10:20:05Z INFO [326/2460] 214d20d2-4288-4106-b075-c009700a2bfa: cophenetic index 490; 0.8 s; peak memory 349 MiB.
2026-10-02T10:20:11Z INFO [327/2460] 214d5450-59bb-4294-948f-6929501a8c1b: cophenetic index 78206; 6.0 s; peak memory 349 MiB.
2026-10-02T10:20:13Z INFO [328/2460] 214d9ef5-8ad2-4d33-8e96-094a9b7bacd6: cophenetic index 23809; 1.3 s; peak memory 349 MiB.
2026-10-02T10:20:14Z INFO [329/2460] 214dd68b-cdd2-4ebb-ab39-b4a8f025bdd6: cophenetic index 1006; 1.5 s; peak memory 349 MiB.
2026-10-02T10:20:15Z INFO [330/2460] 214df875-a1f1-48ff-99e6-4698cd0eae1b: cophenetic index 624; 1.1 s; peak memory 349 MiB.
2026-10-02T10:20:16Z INFO [331/2460] 214e1989-0787-494a-a1d8-fef8cb90e328: cophenetic index 1739; 1.2 s; peak memory 349 MiB.
2026-10-02T10:20:26Z INFO [332/2460] 214e9b8b-fcee-4bfa-9860-8d285b2ac7ad: cophenetic index 195172714; 10.0 s; peak memory 349 MiB.
2026-10-02T10:20:27Z INFO [333/2460] 214fa2f5-cb61-45a0-b16c-76b36143aef7: cophenetic index 494; 1.0 s; peak memory 349 MiB.
2026-10-02T10:20:28Z INFO [334/2460] 215158e6-a94f-46b2-b0fb-3736ca892828: cophenetic index 413; 1.0 s; peak memory 349 MiB.
2026-10-02T10:20:30Z INFO [335/2460] 21516a5f-46b6-4d48-a785-95828fc89035: cophenetic index 1614; 2.0 s; peak memory 349 MiB.
2026-10-02T10:20:34Z INFO [336/2460] 21518c69-1f22-4946-a052-577707a3bde2: cophenetic index 5473; 3.4 s; peak memory 349 MiB.
2026-10-02T10:21:01Z INFO [337/2460] 21526288-ee57-43f1-b4f3-fd8800374277: cophenetic index 304380; 27.0 s; peak memory 349 MiB.
2026-10-02T10:21:02Z INFO [338/2460] 2152f767-f889-489e-b610-28482442c0ab: cophenetic index 2625; 1.3 s; peak memory 349 MiB.
2026-10-02T10:21:03Z INFO [339/2460] 21536844-cf6a-415a-8dde-74db319f6fa0: cophenetic index 624; 1.1 s; peak memory 349 MiB.
2026-10-02T10:21:05Z INFO [340/2460] 21541f52-a6a7-4e0a-b189-03b6201d5522: cophenetic index 2625; 1.8 s; peak memory 349 MiB.
2026-10-02T10:21:17Z INFO [341/2460] 21542a19-2c04-4710-b2d3-874bad5ba7e0: cophenetic index 79816; 12.2 s; peak memory 349 MiB.
2026-10-02T10:21:25Z INFO [342/2460] 2154c8ec-3fc6-4165-8bb5-a05cf69d55ac: cophenetic index 145490; 8.2 s; peak memory 349 MiB.
2026-10-02T10:21:27Z INFO [343/2460] 215696ee-7b44-4e7a-aaae-acea758a71fe: cophenetic index 411; 1.4 s; peak memory 349 MiB.
2026-10-02T10:21:28Z INFO [344/2460] 21570409-422e-4201-80a6-9e8eec538dcf: cophenetic index 624; 1.1 s; peak memory 349 MiB.
2026-10-02T10:21:30Z INFO [345/2460] 215766ad-9030-40b9-b0c3-f363c36751e5: cophenetic index 99120; 1.6 s; peak memory 349 MiB.
2026-10-02T10:21:31Z INFO [346/2460] 21576d55-946f-45dd-995b-88b2400b274f: cophenetic index 624; 1.0 s; peak memory 349 MiB.
2026-10-02T10:21:32Z INFO [347/2460] 2157ac95-d290-417e-b8ff-c52a1b8e2301: cophenetic index 2974; 1.4 s; peak memory 349 MiB.
2026-10-02T10:21:34Z INFO [348/2460] 2157d266-b7a1-4490-9c40-6402cd05eafe: cophenetic index 2609; 2.3 s; peak memory 349 MiB.
2026-10-02T10:21:37Z INFO [349/2460] 2157e8c5-14a9-479f-b41d-fbf610f95710: cophenetic index 1651; 2.3 s; peak memory 349 MiB.
2026-10-02T10:21:46Z INFO [350/2460] 21582144-021a-430d-8691-c081c9769413: cophenetic index 47115; 9.7 s; peak memory 349 MiB.
2026-10-02T10:21:46Z INFO [350/2460] 21582144-021a-430d-8691-c081c9769413: checkpointed 62214 records.
2026-10-02T10:21:48Z INFO [351/2460] 21589d52-9508-497c-ad2a-1580797b6afa: cophenetic index 3057; 1.2 s; peak memory 349 MiB.
2026-10-02T10:21:49Z INFO [352/2460] 2159f963-ed51-4231-953b-7f64e626ad71: cophenetic index 23975; 1.1 s; peak memory 349 MiB.
2026-10-02T10:21:51Z INFO [353/2460] 215adaf8-e75c-4eb8-bf4e-8f6af03f5d63: cophenetic index 6079; 2.4 s; peak memory 349 MiB.
2026-10-02T10:21:53Z INFO [354/2460] 215ae2f8-3046-4f08-835a-cf055b7ee00a: cophenetic index 2625; 1.7 s; peak memory 349 MiB.
2026-10-02T10:21:54Z INFO [355/2460] 215b042a-a949-46b8-ac59-5bfbc8c81aaf: cophenetic index 1470; 1.2 s; peak memory 349 MiB.
2026-10-02T10:22:00Z INFO [356/2460] 215b1481-f707-4acd-802e-4e4e4baff60e: cophenetic index 87573; 6.6 s; peak memory 349 MiB.
2026-10-02T10:22:02Z INFO [357/2460] 215c1ae4-ffb4-4520-9e82-f3ea22c5b8a0: cophenetic index 725; 1.2 s; peak memory 349 MiB.
2026-10-02T10:22:03Z INFO [358/2460] 215c1f1d-83f8-4f2a-bab4-6f1a3e7c454e: cophenetic index 624; 1.1 s; peak memory 349 MiB.
2026-10-02T10:22:05Z INFO [359/2460] 215c2225-98cf-42b0-94f9-f7dfb75a4209: cophenetic index 895; 2.2 s; peak memory 349 MiB.
2026-10-02T10:22:06Z INFO [360/2460] 215c3538-b2b5-49bb-89fa-7b7e1dece909: cophenetic index 665; 1.0 s; peak memory 349 MiB.
2026-10-02T10:22:07Z INFO [361/2460] 215c59c9-2f81-4876-bd73-87af48f4e4ba: cophenetic index 725; 1.1 s; peak memory 349 MiB.
2026-10-02T10:22:08Z INFO [362/2460] 215cd745-6fe6-43da-b6d4-e491f9d15245: cophenetic index 626; 1.4 s; peak memory 349 MiB.
2026-10-02T10:22:10Z INFO [363/2460] 215cf033-aa9d-431c-aab5-e52fe952f1c6: cophenetic index 624; 1.1 s; peak memory 349 MiB.
2026-10-02T10:22:23Z INFO [364/2460] 215d50a9-001f-4b3d-81e8-45e3b24ca21c: cophenetic index 48024; 12.9 s; peak memory 349 MiB.
2026-10-02T10:22:24Z INFO [365/2460] 215dd86e-2f59-404d-9f81-c7a0cbde27d2: cophenetic index 624; 1.1 s; peak memory 349 MiB.
2026-10-02T10:22:25Z INFO [366/2460] 215f18b4-8ec9-4952-9df0-261f2e37a4d3: cophenetic index 33968; 1.5 s; peak memory 349 MiB.
2026-10-02T10:22:27Z INFO [367/2460] 215f50f9-dcad-4f89-b24e-34beeee50bb1: cophenetic index 33968; 1.5 s; peak memory 349 MiB.
2026-10-02T10:22:28Z INFO [368/2460] 215fb449-5916-4eae-a8ed-7ef92e40b382: cophenetic index 3087; 1.4 s; peak memory 349 MiB.
2026-10-02T10:22:35Z INFO [369/2460] 215ffb78-7910-468f-ade7-07ae2978e8d2: cophenetic index 89346; 7.4 s; peak memory 349 MiB.
2026-10-02T10:22:37Z INFO [370/2460] 2160b91c-10ba-4cf5-b57f-09313aed3591: cophenetic index 624; 1.1 s; peak memory 349 MiB.
2026-10-02T10:22:38Z INFO [371/2460] 2160f688-b926-49e9-abf8-618702c57c81: cophenetic index 2496; 1.7 s; peak memory 349 MiB.
2026-10-02T10:22:39Z INFO [372/2460] 2161ca7b-af05-48d3-bbf9-e6dc3fdf1e79: cophenetic index 2625; 1.3 s; peak memory 349 MiB.
2026-10-02T10:22:41Z INFO [373/2460] 21620d4d-60c6-4007-a403-992e10d16ec6: cophenetic index 33968; 1.6 s; peak memory 349 MiB.
2026-10-02T10:22:42Z INFO [374/2460] 216355c3-fb9c-492c-a166-5c37b5cded59: cophenetic index 4586; 1.3 s; peak memory 349 MiB.
2026-10-02T10:22:43Z INFO [375/2460] 216409a7-56f4-4f7a-ad49-ee882301e70c: cophenetic index 446; 0.8 s; peak memory 349 MiB.
2026-10-02T10:22:45Z INFO [376/2460] 2164807b-fef5-46d6-ab5f-0d2572ce9086: cophenetic index 930; 1.7 s; peak memory 349 MiB.
2026-10-02T10:22:46Z INFO [377/2460] 2164ff02-843a-47e6-a383-7dfd505f2a65: cophenetic index 3087; 1.2 s; peak memory 349 MiB.
2026-10-02T10:22:47Z INFO [378/2460] 216708d6-3606-4eba-a8e2-c308d266667c: cophenetic index 739; 0.7 s; peak memory 349 MiB.
2026-10-02T10:22:48Z INFO [379/2460] 21670e33-d03f-415c-b9e4-cef3edf06d79: cophenetic index 624; 0.9 s; peak memory 349 MiB.
2026-10-02T10:22:50Z INFO [380/2460] 216723e6-ba56-4706-a8a4-d2bc980d626c: cophenetic index 2402; 2.6 s; peak memory 349 MiB.
2026-10-02T10:22:51Z INFO [381/2460] 2167410b-19d0-4a04-bf13-43623491dd40: cophenetic index 624; 1.0 s; peak memory 349 MiB.
2026-10-02T10:22:52Z INFO [382/2460] 21675eed-88d1-4ca2-a38b-054bd5296c2b: cophenetic index 624; 1.0 s; peak memory 349 MiB.
2026-10-02T10:22:54Z INFO [383/2460] 2168384e-a5a5-4e1e-97e0-d3e2d701cc90: cophenetic index 33968; 1.6 s; peak memory 349 MiB.
2026-10-02T10:23:00Z INFO [384/2460] 216859e2-fea0-4d20-b0ab-a5b04af17212: cophenetic index 54729; 5.7 s; peak memory 349 MiB.
2026-10-02T10:23:01Z INFO [385/2460] 2168e9db-504a-4a08-8915-cfe064d89dd1: cophenetic index 448; 1.0 s; peak memory 349 MiB.
2026-10-02T10:23:13Z INFO [386/2460] 21690179-2b97-4114-9906-2dabb20b0b0b: cophenetic index 49912; 12.0 s; peak memory 349 MiB.
2026-10-02T10:23:14Z INFO [387/2460] 21699246-bf43-4229-bc11-5d420b69a4fe: cophenetic index 1544; 1.1 s; peak memory 349 MiB.
2026-10-02T10:23:15Z INFO [388/2460] 2169a45a-687c-4fa2-87da-6839acbb9800: cophenetic index 624; 1.1 s; peak memory 349 MiB.
2026-10-02T10:23:16Z INFO [389/2460] 2169a508-52f6-4268-acf5-0f022abcee59: cophenetic index 37616; 1.5 s; peak memory 349 MiB.
2026-10-02T10:23:18Z INFO [390/2460] 216a324a-18a0-4536-a2c2-55df8bb955e4: cophenetic index 1430; 2.2 s; peak memory 349 MiB.
2026-10-02T10:23:20Z INFO [391/2460] 216adb4a-bb43-4cf9-a0ab-1d1d6d7bc5c0: cophenetic index 1087; 1.5 s; peak memory 349 MiB.
2026-10-02T10:23:22Z INFO [392/2460] 216daa48-edac-4e2a-949a-37a60e1bf387: cophenetic index 33986; 1.7 s; peak memory 349 MiB.
2026-10-02T10:23:24Z INFO [393/2460] 216e17b9-8534-49be-9866-65229d57c6ae: cophenetic index 653; 1.9 s; peak memory 349 MiB.
2026-10-02T10:23:25Z INFO [394/2460] 216e61f3-7876-450a-8d43-d32195d56058: cophenetic index 497; 1.2 s; peak memory 349 MiB.
2026-10-02T10:23:26Z INFO [395/2460] 216f19ba-67fb-4569-a711-9e7b64556bf5: cophenetic index 2625; 1.6 s; peak memory 349 MiB.
2026-10-02T10:23:28Z INFO [396/2460] 216f4c74-ae90-45aa-bcf2-b12781fbdb0d: cophenetic index 791; 1.5 s; peak memory 349 MiB.
2026-10-02T10:23:28Z INFO [397/2460] 21700922-8a91-4dab-965c-50db239cb4cb: cophenetic index 433; 0.7 s; peak memory 349 MiB.
2026-10-02T10:23:29Z INFO [398/2460] 21719eaa-db66-41a2-9caf-19fcda2786bd: cophenetic index 624; 1.0 s; peak memory 349 MiB.
2026-10-02T10:23:31Z INFO [399/2460] 2171e2ad-26d9-4982-866c-42fa2118f60a: cophenetic index 624; 1.1 s; peak memory 349 MiB.
2026-10-02T10:23:32Z INFO [400/2460] 2172426d-2fef-4f31-8f96-19e53c3236d3: cophenetic index 2920; 1.0 s; peak memory 349 MiB.
2026-10-02T10:23:32Z INFO [400/2460] 2172426d-2fef-4f31-8f96-19e53c3236d3: checkpointed 62264 records.
2026-10-02T10:23:33Z INFO [401/2460] 2172cecc-5c63-45cf-8d01-2cb89f1ca0ba: cophenetic index 624; 1.0 s; peak memory 349 MiB.
2026-10-02T10:23:34Z INFO [402/2460] 2173c0b2-d5c7-4a57-943d-d5d203bf15c4: cophenetic index 33986; 1.5 s; peak memory 349 MiB.
2026-10-02T10:23:35Z INFO [403/2460] 2174a616-1c1d-478c-af4b-93dec6962d43: cophenetic index 624; 1.2 s; peak memory 349 MiB.
2026-10-02T10:23:37Z INFO [404/2460] 21759b01-37cb-4334-ada1-e70aba9c4541: cophenetic index 3972; 1.7 s; peak memory 349 MiB.
2026-10-02T10:23:39Z INFO [405/2460] 2175bccf-6bc5-44c9-ab00-37f13b18b523: cophenetic index 2923; 1.4 s; peak memory 349 MiB.
2026-10-02T10:23:40Z INFO [406/2460] 217637b8-5d78-49b3-a3d1-d474d51a3085: cophenetic index 590; 1.1 s; peak memory 349 MiB.
2026-10-02T10:23:51Z INFO [407/2460] 21764f5d-7248-44be-88bd-9fa81bb6f298: cophenetic index 34862; 11.0 s; peak memory 349 MiB.
2026-10-02T10:23:52Z INFO [408/2460] 217685cf-21ed-4bb9-8d10-d18c9c17fdc3: cophenetic index 911; 1.6 s; peak memory 349 MiB.
2026-10-02T10:23:54Z INFO [409/2460] 2176a8da-0788-42b1-bef6-c4715e464cd4: cophenetic index 3087; 1.2 s; peak memory 349 MiB.
2026-10-02T10:23:55Z INFO [410/2460] 217728d8-f955-4160-b625-584d35d12217: cophenetic index 3004; 1.3 s; peak memory 349 MiB.
2026-10-02T10:23:56Z INFO [411/2460] 21775d32-2668-47db-b094-12274e6319bf: cophenetic index 1087; 1.5 s; peak memory 349 MiB.
2026-10-02T10:24:00Z INFO [412/2460] 21777d5f-5812-41b6-b1e0-44bd80cfef5f: cophenetic index 5473; 3.7 s; peak memory 349 MiB.
2026-10-02T10:24:10Z INFO [413/2460] 217789c2-6e76-415f-bd3f-1f21aebaa0d5: cophenetic index 180588; 10.1 s; peak memory 349 MiB.
2026-10-02T10:24:11Z INFO [414/2460] 2177906a-2596-4095-9a76-6cdbdf0edb96: cophenetic index 624; 1.0 s; peak memory 349 MiB.
2026-10-02T10:24:16Z INFO [415/2460] 2178ed93-47a7-4433-ad25-da33c7af0406: cophenetic index 4285; 4.9 s; peak memory 349 MiB.
2026-10-02T10:24:17Z INFO [416/2460] 217901e4-01d4-465d-a8c7-249be55af466: cophenetic index 3004; 1.2 s; peak memory 349 MiB.
2026-10-02T10:24:19Z INFO [417/2460] 2179b2bd-73d0-402b-b80b-7871d4b3a227: cophenetic index 33968; 1.5 s; peak memory 349 MiB.
2026-10-02T10:24:20Z INFO [418/2460] 2179c0f0-5e97-4008-9f85-79a9aa068e07: cophenetic index 3004; 1.2 s; peak memory 349 MiB.
2026-10-02T10:24:21Z INFO [419/2460] 217b9cd4-6e53-449a-b016-e419b50c335c: cophenetic index 446; 0.8 s; peak memory 349 MiB.
2026-10-02T10:24:26Z INFO [420/2460] 217c05c4-ebab-498e-bd21-0826dd818d49: cophenetic index 25752; 4.8 s; peak memory 349 MiB.
2026-10-02T10:24:27Z INFO [421/2460] 217c14fb-d039-48f1-a85a-0b3a553e673f: cophenetic index 33998; 2.0 s; peak memory 349 MiB.
2026-10-02T10:24:29Z INFO [422/2460] 217c4ced-b145-4748-8c6a-cafdbb071a52: cophenetic index 539; 1.1 s; peak memory 349 MiB.
2026-10-02T10:24:30Z INFO [423/2460] 217daae8-a3c4-4d60-94e1-c4b23317c5b6: cophenetic index 512; 1.2 s; peak memory 349 MiB.
2026-10-02T10:24:31Z INFO [424/2460] 217e5e92-e7af-4f96-87ff-4c014b0e3d8c: cophenetic index 2844; 1.2 s; peak memory 349 MiB.
2026-10-02T10:24:37Z INFO [425/2460] 217eb747-a301-4e2d-8291-37dede79d8f9: cophenetic index 47418; 5.9 s; peak memory 349 MiB.
2026-10-02T10:24:38Z INFO [426/2460] 217f0baf-8f74-4075-ada1-f2c46d363a5b: cophenetic index 56925; 1.6 s; peak memory 349 MiB.
2026-10-02T10:24:40Z INFO [427/2460] 217f8e57-25ba-4795-80ea-04749e94796d: cophenetic index 624; 1.1 s; peak memory 349 MiB.
2026-10-02T10:24:50Z INFO [428/2460] 2180c778-71f3-479c-8eaf-18ba957301d0: cophenetic index 336857; 10.6 s; peak memory 349 MiB.
2026-10-02T10:25:12Z INFO [429/2460] 218113a3-cd6c-4ab0-bfa2-0fdf812ad899: cophenetic index 255726; 21.7 s; peak memory 349 MiB.
2026-10-02T10:25:19Z INFO [430/2460] 218128c2-2d49-4378-a9cd-c368f3147f69: cophenetic index 14296; 7.0 s; peak memory 349 MiB.
2026-10-02T10:25:20Z INFO [431/2460] 2181a1e5-384d-42e3-acf6-e1aee0c9f479: cophenetic index 1087; 1.5 s; peak memory 349 MiB.
2026-10-02T10:25:22Z INFO [432/2460] 2181c9c3-db99-4724-9170-e4269102fd52: cophenetic index 3004; 1.3 s; peak memory 349 MiB.
2026-10-02T10:25:23Z INFO [433/2460] 2182068a-d103-4274-a8cd-e0809a6933c4: cophenetic index 33958; 1.4 s; peak memory 349 MiB.
2026-10-02T10:25:25Z INFO [434/2460] 218275b9-e954-4a62-988f-b3c8a23d6c24: cophenetic index 33986; 1.5 s; peak memory 349 MiB.
2026-10-02T10:25:26Z INFO [435/2460] 2182a40a-c849-4dfb-8e3c-6ff797b5c89d: cophenetic index 3004; 1.4 s; peak memory 349 MiB.
2026-10-02T10:25:28Z INFO [436/2460] 218327c0-de59-47da-bf3e-68f06200a093: cophenetic index 613; 1.9 s; peak memory 349 MiB.
2026-10-02T10:25:29Z INFO [437/2460] 2184f80b-0485-44d8-b596-2c3632912376: cophenetic index 2974; 1.5 s; peak memory 349 MiB.
2026-10-02T10:25:35Z INFO [438/2460] 218505fe-ca46-4e00-8e28-7bfeeaea7cc1: cophenetic index 5466; 6.1 s; peak memory 349 MiB.
2026-10-02T10:25:37Z INFO [439/2460] 21854ef5-a998-4386-aeab-97574352c341: cophenetic index 33968; 1.4 s; peak memory 349 MiB.
2026-10-02T10:25:45Z INFO [440/2460] 2185d4e7-3827-464e-a4ac-415a80af0ed0: cophenetic index 44852; 8.1 s; peak memory 349 MiB.
2026-10-02T10:25:46Z INFO [441/2460] 21862b90-b837-4ada-9275-d73745dd72ae: cophenetic index 3192; 1.4 s; peak memory 349 MiB.
2026-10-02T10:25:51Z INFO [442/2460] 2187c700-98a2-4532-8fc4-1abe495aa312: cophenetic index 25737; 4.7 s; peak memory 349 MiB.
2026-10-02T10:25:53Z INFO [443/2460] 2189198e-c16c-4227-8164-1c418f8d8405: cophenetic index 2625; 1.6 s; peak memory 349 MiB.
2026-10-02T10:25:54Z INFO [444/2460] 218944b8-de7c-494f-95ef-875f9901311d: cophenetic index 624; 1.1 s; peak memory 349 MiB.
2026-10-02T10:25:55Z INFO [445/2460] 218976b0-0eb8-4c3b-8052-81f485432fd3: cophenetic index 581; 1.3 s; peak memory 349 MiB.
2026-10-02T10:25:56Z INFO [446/2460] 218981da-5041-4992-bdd5-8a7c245af9a2: cophenetic index 624; 1.0 s; peak memory 349 MiB.
2026-10-02T10:25:57Z INFO [447/2460] 218a24b4-8ac4-44c5-a175-0ae6c2a1c8d6: cophenetic index 490; 0.7 s; peak memory 349 MiB.
2026-10-02T10:25:58Z INFO [448/2460] 218c2506-d088-4168-aa16-d92dc6ad8c95: cophenetic index 624; 1.0 s; peak memory 349 MiB.
2026-10-02T10:25:59Z INFO [449/2460] 218d4094-cca2-4c11-9c16-93300030b217: cophenetic index 431; 1.1 s; peak memory 349 MiB.
2026-10-02T10:26:00Z INFO [450/2460] 218d9909-be91-41d7-888a-40828ce9c813: cophenetic index 762; 0.7 s; peak memory 349 MiB.
2026-10-02T10:26:00Z INFO [450/2460] 218d9909-be91-41d7-888a-40828ce9c813: checkpointed 62314 records.
2026-10-02T10:26:01Z INFO [451/2460] 219041ee-edd1-4be1-9ed1-900eb0eecdfa: cophenetic index 2923; 1.2 s; peak memory 349 MiB.
2026-10-02T10:26:02Z INFO [452/2460] 21906ad7-9d1c-4db5-b820-dd96038600d3: cophenetic index 624; 1.0 s; peak memory 349 MiB.
2026-10-02T10:26:03Z INFO [453/2460] 21913a95-05b5-40bf-866c-f86c48ead207: cophenetic index 797; 0.9 s; peak memory 349 MiB.
2026-10-02T10:26:04Z INFO [454/2460] 21918863-db16-4fb8-99c7-d8d4b95efce4: cophenetic index 624; 1.1 s; peak memory 349 MiB.
2026-10-02T10:26:08Z INFO [455/2460] 21919464-4c82-4525-9275-8a81a2550395: cophenetic index 13983; 3.8 s; peak memory 349 MiB.
2026-10-02T10:26:09Z INFO [456/2460] 2191b4d8-ee69-4268-a60e-9d58b651f894: cophenetic index 624; 1.1 s; peak memory 349 MiB.
2026-10-02T10:26:12Z INFO [457/2460] 219261cd-dd59-4b24-96fb-5922cdc0c525: cophenetic index 1721; 2.6 s; peak memory 349 MiB.
2026-10-02T10:26:13Z INFO [458/2460] 2193b13f-f076-405f-a86b-dbc6acca4392: cophenetic index 3004; 1.4 s; peak memory 349 MiB.
2026-10-02T10:26:14Z INFO [459/2460] 2193b215-7f49-46df-9984-ddf10bac6c14: cophenetic index 624; 1.0 s; peak memory 349 MiB.
2026-10-02T10:26:23Z INFO [460/2460] 21942254-07f2-4954-b4a6-037e7b2fefe1: cophenetic index 783220; 9.0 s; peak memory 349 MiB.
2026-10-02T10:26:25Z INFO [461/2460] 219482f9-3b20-4bc2-a739-ddd999db50d8: cophenetic index 99150; 2.0 s; peak memory 349 MiB.
2026-10-02T10:26:54Z INFO [462/2460] 21951fe6-9a8d-4e3f-b036-3404dac7a305: cophenetic index 636746; 28.7 s; peak memory 349 MiB.
2026-10-02T10:26:55Z INFO [463/2460] 2195f87f-45c3-411e-b4ac-35e337dd881b: cophenetic index 2625; 1.5 s; peak memory 349 MiB.
2026-10-02T10:26:56Z INFO [464/2460] 2196012c-42fd-4d1f-b13e-21bb8e7522a5: cophenetic index 624; 0.9 s; peak memory 349 MiB.
2026-10-02T10:26:58Z INFO [465/2460] 2196c6b6-d42e-4c14-b475-ffa828370699: cophenetic index 2625; 1.9 s; peak memory 349 MiB.
2026-10-02T10:27:00Z INFO [466/2460] 2196cfde-e0bd-48d8-b6e4-c3032cdd1d74: cophenetic index 33998; 1.7 s; peak memory 349 MiB.
2026-10-02T10:27:01Z INFO [467/2460] 2197158e-994f-442c-8348-b7db5c746d2d: cophenetic index 3087; 1.5 s; peak memory 349 MiB.
2026-10-02T10:27:04Z INFO [468/2460] 2197a6f8-535a-4026-8409-a40a389a86c3: cophenetic index 2609; 2.3 s; peak memory 349 MiB.
2026-10-02T10:27:05Z INFO [469/2460] 21981f72-1a1b-434c-8530-904db440a456: cophenetic index 879; 1.5 s; peak memory 349 MiB.
2026-10-02T10:27:06Z INFO [470/2460] 219845ff-7af9-46f5-b8a9-5a061fe2f51c: cophenetic index 624; 1.1 s; peak memory 349 MiB.
2026-10-02T10:27:07Z INFO [471/2460] 2198a07c-7655-4a79-a8d2-051f48fe3577: cophenetic index 624; 0.9 s; peak memory 349 MiB.
2026-10-02T10:27:09Z INFO [472/2460] 2199bd44-2f1b-436c-b011-c6b77f77d95e: cophenetic index 2625; 1.8 s; peak memory 349 MiB.
2026-10-02T10:27:10Z INFO [473/2460] 219afa0a-79ea-4d75-a5f6-478ad0633a77: cophenetic index 2625; 1.3 s; peak memory 349 MiB.
2026-10-02T10:27:12Z INFO [474/2460] 219b5ed7-d137-45b5-9b13-a883ae279fb2: cophenetic index 3004; 1.4 s; peak memory 349 MiB.
2026-10-02T10:27:13Z INFO [475/2460] 219c008e-fad4-4c2a-b41d-90dd34eb2cbe: cophenetic index 649; 1.2 s; peak memory 349 MiB.
2026-10-02T10:27:19Z INFO [476/2460] 219c8385-bef7-4794-988e-f4e792177a9d: cophenetic index 4260593; 6.1 s; peak memory 349 MiB.
2026-10-02T10:27:22Z INFO [477/2460] 219c9fa7-8545-4369-9709-29d97c83eff3: cophenetic index 2469; 2.8 s; peak memory 349 MiB.
2026-10-02T10:27:23Z INFO [478/2460] 219cde05-08d5-4501-95ba-861bd79cce0a: cophenetic index 1192; 1.0 s; peak memory 349 MiB.
2026-10-02T10:27:24Z INFO [479/2460] 219ce184-cafc-4380-a031-4ebc9d5a042c: cophenetic index 603; 1.1 s; peak memory 349 MiB.
2026-10-02T10:27:26Z INFO [480/2460] 219d7bfd-ca28-4377-bb9e-f58fd7694215: cophenetic index 33986; 1.8 s; peak memory 349 MiB.
2026-10-02T10:27:27Z INFO [481/2460] 219dbdb7-228a-4a4f-96b1-3d82d81d085d: cophenetic index 33968; 1.6 s; peak memory 349 MiB.
2026-10-02T10:27:28Z INFO [482/2460] 219e21fc-06a3-40ac-928a-f9b60d756e8a: cophenetic index 739; 0.8 s; peak memory 349 MiB.
2026-10-02T10:27:29Z INFO [483/2460] 219fd017-baa2-4fd0-b679-1a64ba829433: cophenetic index 624; 1.0 s; peak memory 349 MiB.
2026-10-02T10:27:45Z INFO [484/2460] 21a04138-5449-4b5c-a4c5-84aed64d24d9: cophenetic index 962976; 16.0 s; peak memory 349 MiB.
2026-10-02T10:27:51Z INFO [485/2460] 21a06613-f0a3-4513-900b-87c9318ce6d9: cophenetic index 20638; 6.0 s; peak memory 349 MiB.
2026-10-02T10:27:57Z INFO [486/2460] 21a0ff0d-e603-4c86-80d0-9888f08a1860: cophenetic index 62308; 6.0 s; peak memory 349 MiB.
2026-10-02T10:28:00Z INFO [487/2460] 21a1383b-3c38-4b81-b29d-e99fdcf0bfe8: cophenetic index 2640; 2.8 s; peak memory 349 MiB.
2026-10-02T10:28:01Z INFO [488/2460] 21a26489-467d-4c79-b24b-d391a42b3b43: cophenetic index 624; 1.1 s; peak memory 349 MiB.
2026-10-02T10:28:02Z INFO [489/2460] 21a2cb5e-8323-47e9-87bb-c55d3f955837: cophenetic index 624; 0.9 s; peak memory 349 MiB.
2026-10-02T10:28:03Z INFO [490/2460] 21a36cd6-7731-419d-b1c6-92334b69375d: cophenetic index 3192; 1.4 s; peak memory 349 MiB.
2026-10-02T10:28:07Z INFO [491/2460] 21a3bc54-7b2e-4c6d-9630-4d69ae43591a: cophenetic index 5473; 3.3 s; peak memory 349 MiB.
2026-10-02T10:28:08Z INFO [492/2460] 21a3e2a6-302a-4c01-807f-e83c8c156315: cophenetic index 624; 1.1 s; peak memory 349 MiB.
2026-10-02T10:28:10Z INFO [493/2460] 21a3f2a0-11ef-47f5-84fe-2c7445f53553: cophenetic index 33962; 2.0 s; peak memory 349 MiB.
2026-10-02T10:28:11Z INFO [494/2460] 21a45739-1738-407d-8bd6-9b703765743d: cophenetic index 624; 1.0 s; peak memory 349 MiB.
2026-10-02T10:28:12Z INFO [495/2460] 21a51b81-c892-48ff-947f-d86acbe9ea6e: cophenetic index 624; 0.9 s; peak memory 349 MiB.
2026-10-02T10:28:20Z INFO [496/2460] 21a5237f-32a9-4e08-944e-66ec6a755e5b: cophenetic index 11592; 8.1 s; peak memory 349 MiB.
2026-10-02T10:28:23Z INFO [497/2460] 21a529c8-28bb-420d-8b2d-211c6e30953f: cophenetic index 5473; 3.3 s; peak memory 349 MiB.
2026-10-02T10:28:24Z INFO [498/2460] 21a52c0e-32c5-497f-b4c0-fa292132200f: cophenetic index 3004; 1.2 s; peak memory 349 MiB.
2026-10-02T10:28:25Z INFO [499/2460] 21a55905-c2f4-40bc-a4fa-24012c402fd7: cophenetic index 751; 0.8 s; peak memory 349 MiB.
2026-10-02T10:28:27Z INFO [500/2460] 21a65055-883e-4f84-8c98-a145a778e276: cophenetic index 99138; 1.7 s; peak memory 349 MiB.
2026-10-02T10:28:27Z INFO [500/2460] 21a65055-883e-4f84-8c98-a145a778e276: checkpointed 62364 records.
2026-10-02T10:28:28Z INFO [501/2460] 21a67965-8bc0-464c-a4d0-f2d4871a23a1: cophenetic index 775; 1.8 s; peak memory 349 MiB.
2026-10-02T10:28:30Z INFO [502/2460] 21a72a6a-4633-42a7-bd00-82421b7e8323: cophenetic index 624; 1.1 s; peak memory 349 MiB.
2026-10-02T10:28:31Z INFO [503/2460] 21a7c857-b6fa-4b6d-8c53-285601ed6af9: cophenetic index 431; 1.2 s; peak memory 349 MiB.
2026-10-02T10:28:33Z INFO [504/2460] 21a918fd-09eb-4f21-baca-7b99f159b30a: cophenetic index 4752; 2.0 s; peak memory 349 MiB.
2026-10-02T10:28:37Z INFO [505/2460] 21a9ea57-4160-42e2-b93f-412fb35a2a0e: cophenetic index 6412; 4.3 s; peak memory 349 MiB.
2026-10-02T10:28:48Z INFO [506/2460] 21aa2fe8-6725-4a19-a0fe-e4ff8a7254d6: cophenetic index 210554; 10.8 s; peak memory 349 MiB.
2026-10-02T10:28:49Z INFO [507/2460] 21aa3d03-bcfe-4fd8-ab9e-157f924352ef: cophenetic index 33968; 1.6 s; peak memory 349 MiB.
2026-10-02T10:28:51Z INFO [508/2460] 21ab00ef-3907-4c8c-b36d-20a6b7aad243: cophenetic index 777; 2.0 s; peak memory 349 MiB.
2026-10-02T10:28:53Z INFO [509/2460] 21ab9091-c331-4b98-bbb7-540ccbd8214c: cophenetic index 3004; 1.3 s; peak memory 349 MiB.
2026-10-02T10:28:54Z INFO [510/2460] 21abe1be-c8f8-40a8-bf32-62d6c6abcdc5: cophenetic index 3004; 1.4 s; peak memory 349 MiB.
2026-10-02T10:28:55Z INFO [511/2460] 21ac44c2-e293-4429-b1e1-0d32904ec2c8: cophenetic index 624; 1.2 s; peak memory 349 MiB.
2026-10-02T10:28:56Z INFO [512/2460] 21acb57f-2947-4f55-a2f3-ea089c3ca2fb: cophenetic index 624; 1.0 s; peak memory 349 MiB.
2026-10-02T10:28:57Z INFO [513/2460] 21aced19-f002-4c09-818f-2dba35a7ea3f: cophenetic index 3004; 1.2 s; peak memory 349 MiB.
2026-10-02T10:29:04Z INFO [514/2460] 21ad5124-9697-4279-8b89-e9bf7bc3098e: cophenetic index 64088; 6.5 s; peak memory 349 MiB.
2026-10-02T10:29:11Z INFO [515/2460] 21ad8684-f018-403e-b919-0e57e3ccb5d4: cophenetic index 33579; 6.8 s; peak memory 349 MiB.
2026-10-02T10:29:12Z INFO [516/2460] 21adaf5f-008f-4243-97e7-4cf793ac9b27: cophenetic index 3004; 1.3 s; peak memory 349 MiB.
2026-10-02T10:29:14Z INFO [517/2460] 21ae654a-148a-4622-93a9-c8f607578818: cophenetic index 895; 2.2 s; peak memory 349 MiB.
2026-10-02T10:29:16Z INFO [518/2460] 21af8312-9247-4fb6-9451-ed142eaaa2e2: cophenetic index 23975; 1.3 s; peak memory 349 MiB.
2026-10-02T10:29:20Z INFO [519/2460] 21afe056-c2e9-496d-bb7b-48de93a5dda2: cophenetic index 2320; 4.6 s; peak memory 349 MiB.
2026-10-02T10:29:21Z INFO [520/2460] 21b10824-d00a-4755-adbb-24814cd15f7a: cophenetic index 3087; 1.3 s; peak memory 349 MiB.
2026-10-02T10:29:23Z INFO [521/2460] 21b13a1d-5f35-41cd-af15-24a6253cb64a: cophenetic index 3087; 1.2 s; peak memory 349 MiB.
2026-10-02T10:29:24Z INFO [522/2460] 21b1a0b4-d144-48aa-b76d-5ea98e298bad: cophenetic index 3215; 0.9 s; peak memory 349 MiB.
2026-10-02T10:29:33Z INFO [523/2460] 21b1be89-bc7f-486f-9047-278fd3372917: cophenetic index 138786; 9.3 s; peak memory 349 MiB.
2026-10-02T10:29:34Z INFO [524/2460] 21b1d934-c99b-4b14-bac1-76344ad4b715: cophenetic index 1087; 1.4 s; peak memory 349 MiB.
2026-10-02T10:29:36Z INFO [525/2460] 21b1e0ef-dfb4-4980-af9b-828a0f9396f4: cophenetic index 3087; 1.2 s; peak memory 349 MiB.
2026-10-02T10:29:37Z INFO [526/2460] 21b234c5-6ef7-4fb6-a8c3-4b8f91d1cb56: cophenetic index 1087; 1.3 s; peak memory 349 MiB.
2026-10-02T10:29:38Z INFO [527/2460] 21b2742f-0b3b-4079-988a-4bded7bf0cec: cophenetic index 605; 1.3 s; peak memory 349 MiB.
2026-10-02T10:29:43Z INFO [528/2460] 21b2abe5-0bc2-4237-9121-a4b87369118f: cophenetic index 13046; 4.5 s; peak memory 349 MiB.
2026-10-02T10:29:49Z INFO [529/2460] 21b37330-ae77-4c67-ab52-9e7efe814317: cophenetic index 9298; 6.1 s; peak memory 349 MiB.
2026-10-02T10:29:50Z INFO [530/2460] 21b3d8ce-f687-4302-8ed3-b7d2eb018748: cophenetic index 624; 1.0 s; peak memory 349 MiB.
2026-10-02T10:29:51Z INFO [531/2460] 21b46a5d-e281-490d-807a-241755552d6f: cophenetic index 3004; 1.1 s; peak memory 349 MiB.
2026-10-02T10:29:52Z INFO [532/2460] 21b4eab6-aee0-4a16-a533-858c9378cd63: cophenetic index 624; 1.1 s; peak memory 349 MiB.
2026-10-02T10:29:54Z INFO [533/2460] 21b588e9-7a0a-4d39-8181-71662ab64f0e: cophenetic index 4301; 2.4 s; peak memory 349 MiB.
2026-10-02T10:29:55Z INFO [534/2460] 21b5d2ef-b444-415c-afbd-f909a860fbfa: cophenetic index 649; 1.1 s; peak memory 349 MiB.
2026-10-02T10:30:06Z INFO [535/2460] 21b5f3e0-2ca1-49cd-9234-29d3b2351f78: cophenetic index 18691; 10.4 s; peak memory 349 MiB.
2026-10-02T10:30:07Z INFO [536/2460] 21b679d3-92e5-4326-be4d-936056c6bad7: cophenetic index 539; 1.1 s; peak memory 349 MiB.
2026-10-02T10:30:09Z INFO [537/2460] 21b76b29-7edf-4a86-b5af-59a9366a36d4: cophenetic index 33986; 1.7 s; peak memory 349 MiB.
2026-10-02T10:30:09Z INFO [538/2460] 21b8ed40-66bf-4890-8f72-0f5c975b7db6: cophenetic index 739; 0.7 s; peak memory 349 MiB.
2026-10-02T10:30:10Z INFO [539/2460] 21b9b658-43ec-4842-9f83-130c7fc880df: cophenetic index 624; 0.9 s; peak memory 349 MiB.
2026-10-02T10:30:11Z INFO [540/2460] 21b9e669-5ca0-4f28-b1ea-1ffc19fd9061: cophenetic index 634; 1.0 s; peak memory 349 MiB.
2026-10-02T10:30:13Z INFO [541/2460] 21ba0495-09b5-4480-9710-5a2c5f860fa8: cophenetic index 2932; 1.2 s; peak memory 349 MiB.
2026-10-02T10:30:14Z INFO [542/2460] 21ba21a1-e905-40c7-ab89-75071d25e0cc: cophenetic index 624; 1.0 s; peak memory 349 MiB.
2026-10-02T10:30:16Z INFO [543/2460] 21ba328a-38fd-4706-b9bf-020162355d3e: cophenetic index 7765; 2.9 s; peak memory 349 MiB.
2026-10-02T10:30:18Z INFO [544/2460] 21ba7194-3226-4890-8870-3460734e39e0: cophenetic index 2974; 1.2 s; peak memory 349 MiB.
2026-10-02T10:30:19Z INFO [545/2460] 21badf00-42ce-4020-9dee-73fe3147b60a: cophenetic index 3192; 1.2 s; peak memory 349 MiB.
2026-10-02T10:30:20Z INFO [546/2460] 21bb8830-101d-4381-a074-9fdca434a632: cophenetic index 605; 1.2 s; peak memory 349 MiB.
2026-10-02T10:30:21Z INFO [547/2460] 21bd3726-9c98-4282-9a22-e08a408cf0a2: cophenetic index 719; 0.7 s; peak memory 349 MiB.
2026-10-02T10:30:23Z INFO [548/2460] 21bd631d-ed77-46ba-80bf-9c3989808261: cophenetic index 99150; 1.9 s; peak memory 349 MiB.
2026-10-02T10:30:24Z INFO [549/2460] 21bdcf57-1271-4067-a9dd-7cf27eab241a: cophenetic index 3004; 1.2 s; peak memory 349 MiB.
2026-10-02T10:30:25Z INFO [550/2460] 21be6e45-8e53-4dd3-97e6-a64624b03bf0: cophenetic index 3087; 1.2 s; peak memory 349 MiB.
2026-10-02T10:30:25Z INFO [550/2460] 21be6e45-8e53-4dd3-97e6-a64624b03bf0: checkpointed 62414 records.
2026-10-02T10:30:26Z INFO [551/2460] 21beb11d-10b9-4e1d-b85f-8d6ddd0fba3d: cophenetic index 431; 1.3 s; peak memory 349 MiB.
2026-10-02T10:30:28Z INFO [552/2460] 21bf2525-8f1f-4c36-b1c6-4d7dfdf47ac5: cophenetic index 624; 1.1 s; peak memory 349 MiB.
2026-10-02T10:30:30Z INFO [553/2460] 21bf8b28-d273-4761-b897-4b73181b4f00: cophenetic index 2609; 2.3 s; peak memory 349 MiB.
2026-10-02T10:30:32Z INFO [554/2460] 21c015d7-60eb-4be7-9993-dbf18f8f5214: cophenetic index 3004; 1.6 s; peak memory 349 MiB.
2026-10-02T10:30:34Z INFO [555/2460] 21c0b9fa-8d06-48c4-85c1-ee445ed74323: cophenetic index 33998; 2.3 s; peak memory 349 MiB.
2026-10-02T10:30:35Z INFO [556/2460] 21c11bd0-2b34-4fb8-9295-3aaa774d93c0: cophenetic index 490; 0.7 s; peak memory 349 MiB.
2026-10-02T10:30:36Z INFO [557/2460] 21c11d0b-7deb-4a53-8572-1ff5db2fd60d: cophenetic index 624; 1.1 s; peak memory 349 MiB.
2026-10-02T10:30:37Z INFO [558/2460] 21c19af3-2ae0-401f-bd98-8b2a025c88c0: cophenetic index 2625; 1.8 s; peak memory 349 MiB.
2026-10-02T10:30:38Z INFO [559/2460] 21c1fc1c-de3e-4209-b4ac-64673aea41b2: cophenetic index 624; 1.1 s; peak memory 349 MiB.
2026-10-02T10:30:39Z INFO [560/2460] 21c26383-9950-4fac-b5fe-97e90030566c: cophenetic index 627; 0.9 s; peak memory 349 MiB.
2026-10-02T10:30:54Z INFO [561/2460] 21c3c78e-094c-4276-85bf-f99d52c1c915: cophenetic index 688161; 14.7 s; peak memory 349 MiB.
2026-10-02T10:30:57Z INFO [562/2460] 21c76153-6111-47ce-a4da-de6664c6422e: cophenetic index 2609; 2.6 s; peak memory 349 MiB.
2026-10-02T10:30:59Z INFO [563/2460] 21c7aaa0-81c7-4939-8363-a8938dab79a1: cophenetic index 2124; 2.7 s; peak memory 349 MiB.
2026-10-02T10:31:01Z INFO [564/2460] 21c81280-d79f-4cfc-b30e-b7e6f92d88f7: cophenetic index 3087; 1.2 s; peak memory 349 MiB.
2026-10-02T10:31:02Z INFO [565/2460] 21c9293c-b655-4e40-8bc9-3fc2edfb4706: cophenetic index 1087; 1.4 s; peak memory 349 MiB.
2026-10-02T10:31:03Z INFO [566/2460] 21ca1aaa-f08b-4c4b-9619-ca5d5f9a8e81: cophenetic index 527; 0.8 s; peak memory 349 MiB.
2026-10-02T10:31:04Z INFO [567/2460] 21ca9a50-45eb-486d-876c-36f9dfe48f66: cophenetic index 3004; 1.5 s; peak memory 349 MiB.
2026-10-02T10:31:06Z INFO [568/2460] 21cb3e3d-0aed-4d71-a076-8a25476cbcaf: cophenetic index 624; 1.1 s; peak memory 349 MiB.
2026-10-02T10:31:06Z INFO [569/2460] 21cbb0ab-230b-461b-b17e-aa191233c618: cophenetic index 447; 1.0 s; peak memory 349 MiB.
2026-10-02T10:31:08Z INFO [570/2460] 21cbd763-d815-4410-a17a-24a2a9a87d00: cophenetic index 2625; 1.5 s; peak memory 349 MiB.
2026-10-02T10:31:09Z INFO [571/2460] 21cd8f2b-71d0-414c-9a71-dc8fe1405ac7: cophenetic index 431; 0.8 s; peak memory 349 MiB.
2026-10-02T10:31:15Z INFO [572/2460] 21ce42a6-92b6-45ff-91f8-f14a55f5779d: cophenetic index 9548; 5.9 s; peak memory 349 MiB.
2026-10-02T10:31:16Z INFO [573/2460] 21ce4b42-d98b-479e-af52-2b73c8bf8d4f: cophenetic index 33986; 1.7 s; peak memory 349 MiB.
2026-10-02T10:31:25Z INFO [574/2460] 21cea400-c5b6-41a5-822b-cffc65111ddd: cophenetic index 16035; 8.4 s; peak memory 349 MiB.
2026-10-02T10:31:26Z INFO [575/2460] 21ceb35f-45f5-4fbc-a407-3e7f294b7502: cophenetic index 2974; 1.2 s; peak memory 349 MiB.
2026-10-02T10:31:27Z INFO [576/2460] 21cebb26-e9b4-453d-8fe4-b16eb369e5ad: cophenetic index 2974; 1.3 s; peak memory 349 MiB.
2026-10-02T10:31:29Z INFO [577/2460] 21ced00e-ded7-44e0-9602-88b1a2aa5947: cophenetic index 554; 1.2 s; peak memory 349 MiB.
2026-10-02T10:31:30Z INFO [578/2460] 21cf378d-e129-4fbb-a5a9-dcb4830bfc58: cophenetic index 1087; 1.6 s; peak memory 349 MiB.
2026-10-02T10:31:31Z INFO [579/2460] 21cfb025-bb1f-4da2-a2ec-70fa73ebe1aa: cophenetic index 579; 0.8 s; peak memory 349 MiB.
2026-10-02T10:31:35Z INFO [580/2460] 21cffddc-aa2b-462d-a036-6ac0dab721d9: cophenetic index 5473; 3.5 s; peak memory 349 MiB.
2026-10-02T10:31:44Z INFO [581/2460] 21d032b5-24e1-4e80-9ec1-e7795518dcf8: cophenetic index 195172714; 9.7 s; peak memory 349 MiB.
2026-10-02T10:31:46Z INFO [582/2460] 21d0e556-1a0f-4209-a9b8-625730440b23: cophenetic index 6435; 1.6 s; peak memory 349 MiB.
2026-10-02T10:31:47Z INFO [583/2460] 21d0fe60-39a3-4425-92c0-daef139bd98c: cophenetic index 1470; 1.1 s; peak memory 349 MiB.
2026-10-02T10:31:48Z INFO [584/2460] 21d191f6-cea1-4768-a50f-6f0686f563ab: cophenetic index 624; 1.0 s; peak memory 349 MiB.
2026-10-02T10:31:49Z INFO [585/2460] 21d2741f-b4b5-4230-b0d0-a6423bfd7eb9: cophenetic index 624; 1.0 s; peak memory 349 MiB.
2026-10-02T10:31:50Z INFO [586/2460] 21d33b7d-0774-4f56-9861-8c45d67b9a60: cophenetic index 431; 1.0 s; peak memory 349 MiB.
2026-10-02T10:31:51Z INFO [587/2460] 21d41262-d341-4291-9218-18181e493652: cophenetic index 2570; 1.5 s; peak memory 349 MiB.
2026-10-02T10:32:00Z INFO [588/2460] 21d41469-7558-41bf-9a77-fde7623032c6: cophenetic index 202833; 8.9 s; peak memory 349 MiB.
2026-10-02T10:32:02Z INFO [589/2460] 21d4331a-81a5-4463-bfb3-e9f1da201edb: cophenetic index 3004; 1.3 s; peak memory 349 MiB.
2026-10-02T10:32:09Z INFO [590/2460] 21d50780-28b0-457d-9643-ab2ee83880cd: cophenetic index 87573; 7.1 s; peak memory 349 MiB.
2026-10-02T10:32:16Z INFO [591/2460] 21d52be1-186e-4ac3-9b03-de249e3b6ce2: cophenetic index 12100; 7.7 s; peak memory 349 MiB.
2026-10-02T10:32:18Z INFO [592/2460] 21d6b547-6917-4165-ae44-db6720d87ce1: cophenetic index 1436; 1.3 s; peak memory 349 MiB.
2026-10-02T10:32:19Z INFO [593/2460] 21d73b7e-ae06-4ad9-a17d-a7f856ec48ed: cophenetic index 624; 1.0 s; peak memory 349 MiB.
2026-10-02T10:32:20Z INFO [594/2460] 21d73c96-bf3b-425f-ad25-de6c7e1ca8ff: cophenetic index 624; 1.0 s; peak memory 349 MiB.
2026-10-02T10:32:21Z INFO [595/2460] 21d76b60-0117-4500-a38e-74f7e417716c: cophenetic index 624; 1.0 s; peak memory 349 MiB.
2026-10-02T10:32:33Z INFO [596/2460] 21d815ff-81ed-4ad5-8067-7eabbd417220: cophenetic index 49783; 12.5 s; peak memory 349 MiB.
2026-10-02T10:32:34Z INFO [597/2460] 21d82aed-acbe-4a5a-8d62-f76f3e392b41: cophenetic index 3215; 1.1 s; peak memory 349 MiB.
2026-10-02T10:32:38Z INFO [598/2460] 21d84752-0359-4eb2-8819-f78c78573e06: cophenetic index 2822; 4.1 s; peak memory 349 MiB.
2026-10-02T10:32:50Z INFO [599/2460] 21d868ee-d2b2-4cf3-b8ec-94c5e96a970d: cophenetic index 210357; 11.9 s; peak memory 349 MiB.
2026-10-02T10:32:52Z INFO [600/2460] 21d89b96-8634-443f-adcb-be58595a62b7: cophenetic index 3087; 1.3 s; peak memory 349 MiB.
2026-10-02T10:32:52Z INFO [600/2460] 21d89b96-8634-443f-adcb-be58595a62b7: checkpointed 62464 records.
2026-10-02T10:32:55Z INFO [601/2460] 21db144a-c01a-4188-8e25-677d6c9286b8: cophenetic index 895; 2.7 s; peak memory 349 MiB.
2026-10-02T10:32:56Z INFO [602/2460] 21db237f-770a-44fb-9e92-36e0ee0a05c5: cophenetic index 1751; 1.6 s; peak memory 349 MiB.
2026-10-02T10:32:59Z INFO [603/2460] 21dbb877-5b72-45de-9d7a-ca6113708505: cophenetic index 5470; 3.4 s; peak memory 349 MiB.
2026-10-02T10:33:00Z INFO [604/2460] 21dc61e0-a8f9-4f28-addd-025c4b6bf3f6: cophenetic index 490; 1.1 s; peak memory 349 MiB.
2026-10-02T10:33:04Z INFO [605/2460] 21dcee93-03e2-45d4-9e17-48a3fb929125: cophenetic index 1733; 3.0 s; peak memory 349 MiB.
2026-10-02T10:33:05Z INFO [606/2460] 21dd67a9-175e-4dbc-882d-2f85773f23e1: cophenetic index 627; 1.0 s; peak memory 349 MiB.
2026-10-02T10:33:07Z INFO [607/2460] 21de7e35-f4a3-432a-96b9-beb4b3c1d4df: cophenetic index 2682; 2.9 s; peak memory 349 MiB.
2026-10-02T10:33:09Z INFO [608/2460] 21df87a9-ba5c-414b-af45-42b145df30b9: cophenetic index 2701; 1.4 s; peak memory 349 MiB.
2026-10-02T10:33:10Z INFO [609/2460] 21dfb04c-da72-44c6-a8c3-363f46dd4622: cophenetic index 447; 0.9 s; peak memory 349 MiB.
2026-10-02T10:33:11Z INFO [610/2460] 21e0905e-1a34-4ea8-bb2b-f576a3d7b0f7: cophenetic index 33968; 1.5 s; peak memory 349 MiB.
2026-10-02T10:33:13Z INFO [611/2460] 21e0910a-f875-40d3-b124-50c169e7d24d: cophenetic index 3004; 1.2 s; peak memory 349 MiB.
2026-10-02T10:33:13Z INFO [612/2460] 21e1c66a-918d-43d3-98b6-82e98704ed8b: cophenetic index 1228; 0.9 s; peak memory 349 MiB.
2026-10-02T10:33:16Z INFO [613/2460] 21e1eafe-3c03-4b15-ad8f-775fd44d5150: cophenetic index 2402; 3.0 s; peak memory 349 MiB.
2026-10-02T10:33:18Z INFO [614/2460] 21e26532-ff1c-4527-9676-f65b92ca5f9b: cophenetic index 625; 1.1 s; peak memory 349 MiB.
2026-10-02T10:33:19Z INFO [615/2460] 21e26ddf-efb5-4edd-a32f-c10de3491015: cophenetic index 624; 1.1 s; peak memory 349 MiB.
2026-10-02T10:33:20Z INFO [616/2460] 21e2c745-7a80-4d09-8fe1-6ae62d7f347f: cophenetic index 624; 1.1 s; peak memory 349 MiB.
2026-10-02T10:33:21Z INFO [617/2460] 21e2c868-a89c-4aa3-8ebf-d12016eb1b0e: cophenetic index 2625; 1.5 s; peak memory 349 MiB.
2026-10-02T10:33:23Z INFO [618/2460] 21e3816c-2af3-4831-9814-beeb9ffd7eb1: cophenetic index 2625; 1.5 s; peak memory 349 MiB.
2026-10-02T10:33:24Z INFO [619/2460] 21e41e9b-9c3e-47f5-a1b1-f1e285518aab: cophenetic index 624; 1.0 s; peak memory 349 MiB.
2026-10-02T10:33:33Z INFO [620/2460] 21e5a1fd-a1bd-4e0a-8dce-3969f281addc: cophenetic index 97141; 9.6 s; peak memory 349 MiB.
2026-10-02T10:33:36Z INFO [621/2460] 21e6499f-f25f-4b88-80bd-275362d9f1d2: cophenetic index 797; 2.3 s; peak memory 349 MiB.
2026-10-02T10:33:42Z INFO [622/2460] 21e6b0ce-9083-4254-a301-42b20f4cc19a: cophenetic index 39011; 6.2 s; peak memory 349 MiB.
2026-10-02T10:33:44Z INFO [623/2460] 21e74c5d-3b75-48c8-9875-bb6594592819: cophenetic index 2570; 1.7 s; peak memory 349 MiB.
2026-10-02T10:33:45Z INFO [624/2460] 21e75e5c-131b-462b-a2bc-f460ce246e8b: cophenetic index 431; 1.0 s; peak memory 349 MiB.
2026-10-02T10:33:52Z INFO [625/2460] 21e8b4fe-6b52-409b-835a-36a3d9e72c94: cophenetic index 33285; 7.2 s; peak memory 349 MiB.
2026-10-02T10:33:53Z INFO [626/2460] 21e97737-406e-4c4c-8238-6b0b627c7ba3: cophenetic index 624; 1.1 s; peak memory 349 MiB.
2026-10-02T10:33:54Z INFO [627/2460] 21e9a095-90ef-4c2b-bdea-8aa690139b0c: cophenetic index 431; 1.1 s; peak memory 349 MiB.
2026-10-02T10:33:56Z INFO [628/2460] 21e9e851-a38b-4e53-ac69-a3cfbe3407a2: cophenetic index 34712; 1.6 s; peak memory 349 MiB.
2026-10-02T10:33:57Z INFO [629/2460] 21eb558f-2162-4af2-b660-5ec30645f8c5: cophenetic index 33968; 1.5 s; peak memory 349 MiB.
2026-10-02T10:33:58Z INFO [630/2460] 21ebb38d-e1e0-4af9-9c47-7dd3d4cd3be8: cophenetic index 560; 1.0 s; peak memory 349 MiB.
2026-10-02T10:33:59Z INFO [631/2460] 21ed185f-48ac-4889-a39c-a9ff8b932623: cophenetic index 624; 1.0 s; peak memory 349 MiB.
2026-10-02T10:34:01Z INFO [632/2460] 21ed32da-f3cb-4ef9-b8bf-ce661f2f8644: cophenetic index 777; 1.7 s; peak memory 349 MiB.
2026-10-02T10:34:02Z INFO [633/2460] 21edda0e-9e27-400c-80e5-83c82225f334: cophenetic index 630; 0.9 s; peak memory 349 MiB.
2026-10-02T10:34:02Z INFO [634/2460] 21ee12a0-71e1-46bc-a8f6-05fc48de6376: cophenetic index 751; 0.8 s; peak memory 349 MiB.
2026-10-02T10:34:03Z INFO [635/2460] 21ee20e8-a54b-4a26-ab27-be1f601da5f3: cophenetic index 560; 0.9 s; peak memory 349 MiB.
2026-10-02T10:34:06Z INFO [636/2460] 21ee8144-17a9-4fc6-ba4e-6a279e4a147f: cophenetic index 2019; 2.9 s; peak memory 349 MiB.
2026-10-02T10:34:19Z INFO [637/2460] 21eec3c6-f603-4a49-be74-f294edb343d0: cophenetic index 49912; 12.4 s; peak memory 349 MiB.
2026-10-02T10:34:20Z INFO [638/2460] 21eee3f7-79b7-424f-8698-e976c6253c31: cophenetic index 3087; 1.5 s; peak memory 349 MiB.
2026-10-02T10:34:22Z INFO [639/2460] 21ef0394-72e3-4444-ace9-228f588deba6: cophenetic index 2625; 1.6 s; peak memory 349 MiB.
2026-10-02T10:34:27Z INFO [640/2460] 21ef183d-c311-46a4-80f4-56020856b986: cophenetic index 9548; 5.7 s; peak memory 349 MiB.
2026-10-02T10:34:29Z INFO [641/2460] 21ef191f-4800-4e8a-b006-e49545c84e32: cophenetic index 1614; 2.1 s; peak memory 349 MiB.
2026-10-02T10:34:31Z INFO [642/2460] 21ef57b3-156f-48df-a6aa-7adeb3ea3f83: cophenetic index 3087; 1.5 s; peak memory 349 MiB.
2026-10-02T10:34:32Z INFO [643/2460] 21f01f32-a2a0-40b5-8fbd-e32af041f440: cophenetic index 624; 1.1 s; peak memory 349 MiB.
2026-10-02T10:34:38Z INFO [644/2460] 21f052e1-0d02-45c7-bc49-cc96713dde6a: cophenetic index 9298; 5.5 s; peak memory 349 MiB.
2026-10-02T10:34:39Z INFO [645/2460] 21f05cc8-5f2f-41de-be91-c4db8115dc55: cophenetic index 911; 1.4 s; peak memory 349 MiB.
2026-10-02T10:34:40Z INFO [646/2460] 21f08167-541a-4e55-94fb-5acc9875eb62: cophenetic index 3004; 1.3 s; peak memory 349 MiB.
2026-10-02T10:34:41Z INFO [647/2460] 21f161ec-72e9-4be2-ab3a-3007086f8909: cophenetic index 413; 1.1 s; peak memory 349 MiB.
2026-10-02T10:34:42Z INFO [648/2460] 21f1f68b-a7d1-4a3e-a0d9-091660a4fcb5: cophenetic index 624; 1.0 s; peak memory 349 MiB.
2026-10-02T10:34:43Z INFO [649/2460] 21f248e3-aab9-44d3-a77d-957a3a60d456: cophenetic index 624; 1.2 s; peak memory 349 MiB.
2026-10-02T10:34:45Z INFO [650/2460] 21f25fcb-dbdd-4076-8dfa-810884b598b7: cophenetic index 23510; 1.3 s; peak memory 349 MiB.
2026-10-02T10:34:45Z INFO [650/2460] 21f25fcb-dbdd-4076-8dfa-810884b598b7: checkpointed 62514 records.
2026-10-02T10:34:51Z INFO [651/2460] 21f266ff-d15c-4ad3-809a-508051adf9df: cophenetic index 46814; 5.9 s; peak memory 349 MiB.
2026-10-02T10:34:54Z INFO [652/2460] 21f34497-2dc1-4c86-a73c-9f076ed489e9: cophenetic index 2469; 3.0 s; peak memory 349 MiB.
2026-10-02T10:34:56Z INFO [653/2460] 21f3871d-1794-4356-aa92-61fca3039c5f: cophenetic index 23259; 1.9 s; peak memory 349 MiB.
2026-10-02T10:34:58Z INFO [654/2460] 21f3e615-0864-4700-a445-4aa31e1865d3: cophenetic index 2609; 2.2 s; peak memory 349 MiB.
2026-10-02T10:35:02Z INFO [655/2460] 21f4129c-8841-4d27-aa4e-c91716ac9e37: cophenetic index 2333; 4.6 s; peak memory 349 MiB.
2026-10-02T10:35:04Z INFO [656/2460] 21f480d2-234d-4179-afc5-238d6244b068: cophenetic index 2974; 1.5 s; peak memory 349 MiB.
2026-10-02T10:35:05Z INFO [657/2460] 21f4b2f0-e06b-4596-9ec3-1e2378eb2607: cophenetic index 1087; 1.6 s; peak memory 349 MiB.
2026-10-02T10:35:08Z INFO [658/2460] 21f51443-ab76-4b8d-ade0-8f6a2ee7c0ce: cophenetic index 2402; 2.8 s; peak memory 349 MiB.
2026-10-02T10:35:09Z INFO [659/2460] 21f5a52d-4073-454e-b682-8b32e4c821b0: cophenetic index 2814; 1.3 s; peak memory 349 MiB.
2026-10-02T10:35:11Z INFO [660/2460] 21f5a5f4-462f-4c7a-9736-1a29e37f66fa: cophenetic index 2625; 1.8 s; peak memory 349 MiB.
2026-10-02T10:35:14Z INFO [661/2460] 21f603a9-82bd-466d-a33f-d01b05d8bfb7: cophenetic index 33998; 2.4 s; peak memory 349 MiB.
2026-10-02T10:36:56Z INFO [662/2460] 21f61733-aa2b-4eb3-924e-7eb60e0d4ee5: cophenetic index 755118827; 102.7 s; peak memory 560 MiB.
2026-10-02T10:36:58Z INFO [663/2460] 21f72438-514f-43ff-9c77-7e12c34b2898: cophenetic index 3004; 1.2 s; peak memory 560 MiB.
2026-10-02T10:36:59Z INFO [664/2460] 21f8ed6d-5d5b-43e0-a40d-7b35b8054b90: cophenetic index 2974; 1.2 s; peak memory 560 MiB.
2026-10-02T10:37:03Z INFO [665/2460] 21f92041-0203-43c5-b5b2-9b1d8100736a: cophenetic index 5915; 4.3 s; peak memory 560 MiB.
2026-10-02T10:37:12Z INFO [666/2460] 21fa22bb-8a78-45fa-9f59-3d7b985213f8: cophenetic index 143560; 8.9 s; peak memory 560 MiB.
2026-10-02T10:37:13Z INFO [667/2460] 21fa450c-6ea7-4fa8-b917-8ef8d7eb63c5: cophenetic index 624; 1.1 s; peak memory 560 MiB.
2026-10-02T10:37:14Z INFO [668/2460] 21fad646-5e10-445a-83cd-602d35e2a644: cophenetic index 413; 1.0 s; peak memory 560 MiB.
2026-10-02T10:37:25Z INFO [669/2460] 21faea34-e4d0-4fe4-838f-3f092beb1679: cophenetic index 81284; 10.4 s; peak memory 560 MiB.
2026-10-02T10:38:20Z INFO [670/2460] 21fb1b88-6f87-4992-9cbb-e10cf3aee05e: cophenetic index 10904792; 55.4 s; peak memory 560 MiB.
2026-10-02T10:38:21Z INFO [671/2460] 21fb247f-8fde-49d7-baa3-86a31e905ad2: cophenetic index 624; 1.0 s; peak memory 560 MiB.
2026-10-02T10:38:22Z INFO [672/2460] 21fb7ab4-20e6-4bf8-a3d9-1b6df6daa7ea: cophenetic index 3004; 1.3 s; peak memory 560 MiB.
2026-10-02T10:38:31Z INFO [673/2460] 21fbaf02-b442-440b-96fb-b97c9e91d3a1: cophenetic index 520159; 9.0 s; peak memory 560 MiB.
2026-10-02T10:38:32Z INFO [674/2460] 21fc4720-d8fc-430a-b85b-98dd599f32b2: cophenetic index 624; 1.0 s; peak memory 560 MiB.
2026-10-02T10:38:33Z INFO [675/2460] 21fc4a96-1195-4b31-ac1b-97edf36726ed: cophenetic index 2625; 1.3 s; peak memory 560 MiB.
2026-10-02T10:38:35Z INFO [676/2460] 21fc839e-4f87-4a58-becb-ec57b8ca5add: cophenetic index 1430; 1.9 s; peak memory 560 MiB.
2026-10-02T10:38:38Z INFO [677/2460] 21fc89d8-a626-43c8-aa5e-9ee3b54d6c0c: cophenetic index 1563; 2.3 s; peak memory 560 MiB.
2026-10-02T10:38:38Z INFO [678/2460] 21fccd4d-a8d9-4af6-bbf4-350233fe2a16: cophenetic index 446; 0.8 s; peak memory 560 MiB.
2026-10-02T10:38:40Z INFO [679/2460] 21fd112d-3e19-41df-9166-9051a66784f8: cophenetic index 563; 1.3 s; peak memory 560 MiB.
2026-10-02T10:38:43Z INFO [680/2460] 21fdaafb-10fc-4827-9a94-9bab40a2b88e: cophenetic index 5473; 3.1 s; peak memory 560 MiB.
2026-10-02T10:38:49Z INFO [681/2460] 21ff96d6-8618-4bb2-8608-23e343e6dc8f: cophenetic index 12727; 6.1 s; peak memory 560 MiB.
2026-10-02T10:38:50Z INFO [682/2460] 21ffc617-cab9-4c0c-bec9-9e2e17d0c3e4: cophenetic index 624; 1.0 s; peak memory 560 MiB.
2026-10-02T10:39:01Z INFO [683/2460] 2200af19-d92b-461c-af45-ea4d02b85f41: cophenetic index 286317; 10.6 s; peak memory 560 MiB.
2026-10-02T10:39:07Z INFO [684/2460] 2200b946-c378-4d9c-83e7-78ef8b8fb32a: cophenetic index 9548; 5.9 s; peak memory 560 MiB.
2026-10-02T10:39:16Z INFO [685/2460] 22013e32-b3b6-4b38-a70f-25c8feec1b3c: cophenetic index 237810; 9.4 s; peak memory 560 MiB.
2026-10-02T10:39:17Z INFO [686/2460] 2201f47c-48fe-4ab2-bdda-54b908d1f190: cophenetic index 624; 1.1 s; peak memory 560 MiB.
2026-10-02T10:39:19Z INFO [687/2460] 22033407-1759-47f8-ab96-2d348a0b8ff0: cophenetic index 972; 1.6 s; peak memory 560 MiB.
2026-10-02T10:39:20Z INFO [688/2460] 22033413-dc87-46a4-8527-935e73a80951: cophenetic index 1271; 1.5 s; peak memory 560 MiB.
2026-10-02T10:39:21Z INFO [689/2460] 220348ed-32d9-474b-a56e-567bf0e71dbb: cophenetic index 624; 1.0 s; peak memory 560 MiB.
2026-10-02T10:39:22Z INFO [690/2460] 22038835-532f-45cd-8d4b-b88f9f9eb907: cophenetic index 624; 1.1 s; peak memory 560 MiB.
2026-10-02T10:39:24Z INFO [691/2460] 2203e5c2-e17e-4600-a39f-1655236f92bc: cophenetic index 2974; 1.3 s; peak memory 560 MiB.
2026-10-02T10:39:25Z INFO [692/2460] 22041d25-12b9-47d0-aae6-b21af03e33e5: cophenetic index 624; 1.1 s; peak memory 560 MiB.
2026-10-02T10:39:27Z INFO [693/2460] 22043ec4-674a-45d2-b99b-7215351124f6: cophenetic index 2625; 2.1 s; peak memory 560 MiB.
2026-10-02T10:39:28Z INFO [694/2460] 2204a3f8-81dc-4d79-9d3b-a8a52f8d7c66: cophenetic index 560; 0.9 s; peak memory 560 MiB.
2026-10-02T10:40:13Z INFO [695/2460] 22052e48-d00f-4360-8cd1-0b6160d20646: cophenetic index 8548602; 45.0 s; peak memory 560 MiB.
2026-10-02T10:40:14Z INFO [696/2460] 2205b902-6301-405f-99a7-0fe2e22f811e: cophenetic index 1006; 1.4 s; peak memory 560 MiB.
2026-10-02T10:40:16Z INFO [697/2460] 22067f15-46b7-4005-8d1d-79524f61a300: cophenetic index 2625; 1.7 s; peak memory 560 MiB.
2026-10-02T10:40:17Z INFO [698/2460] 2206f2a3-076b-4241-b4ed-7a23df0783a8: cophenetic index 624; 1.1 s; peak memory 560 MiB.
2026-10-02T10:40:19Z INFO [699/2460] 22074275-a102-4296-8ade-82978c91978c: cophenetic index 3240; 1.7 s; peak memory 560 MiB.
2026-10-02T10:40:25Z INFO [700/2460] 2207c64a-41c7-431b-8dd6-f75674a6b9e4: cophenetic index 78062; 6.3 s; peak memory 560 MiB.
2026-10-02T10:40:25Z INFO [700/2460] 2207c64a-41c7-431b-8dd6-f75674a6b9e4: checkpointed 62564 records.
2026-10-02T10:40:27Z INFO [701/2460] 22092136-1d2e-42e0-bd35-55376bcd5c7e: cophenetic index 949; 1.7 s; peak memory 560 MiB.
2026-10-02T10:40:29Z INFO [702/2460] 220997ac-ad54-47b6-ab50-2d0253658f52: cophenetic index 1025; 2.0 s; peak memory 560 MiB.
2026-10-02T10:40:30Z INFO [703/2460] 2209de36-34f5-4151-a5e5-f27afed64171: cophenetic index 624; 1.0 s; peak memory 560 MiB.
2026-10-02T10:40:32Z INFO [704/2460] 220a2a13-8fc2-4cb6-95e4-e522ee0d5a47: cophenetic index 33998; 1.8 s; peak memory 560 MiB.
2026-10-02T10:40:33Z INFO [705/2460] 220a32db-33c0-4ae0-96ea-41261d3167b9: cophenetic index 2974; 1.3 s; peak memory 560 MiB.
2026-10-02T10:40:34Z INFO [706/2460] 220a3bc7-c9c5-4600-aa63-8fd41809e9e6: cophenetic index 3192; 1.2 s; peak memory 560 MiB.
2026-10-02T10:40:35Z INFO [707/2460] 220a62b0-e9ca-447e-939a-52535f2ba7f5: cophenetic index 624; 1.1 s; peak memory 560 MiB.
2026-10-02T10:40:37Z INFO [708/2460] 220b551f-6359-4738-8482-11852d9cb5c2: cophenetic index 3004; 1.4 s; peak memory 560 MiB.
2026-10-02T10:40:37Z INFO [709/2460] 220b5cf2-bd26-4548-8c4f-51f8f914ec4a: cophenetic index 494; 0.9 s; peak memory 560 MiB.
2026-10-02T10:40:39Z INFO [710/2460] 220bc316-e313-40c0-a139-9cf0577eeaf2: cophenetic index 33968; 1.8 s; peak memory 560 MiB.
2026-10-02T10:40:40Z INFO [711/2460] 220c53d1-44f4-4f5f-bb33-b5bfa443d2f7: cophenetic index 3004; 1.2 s; peak memory 560 MiB.
2026-10-02T10:40:43Z INFO [712/2460] 220c9e1a-d7fc-4cb2-a785-07d53c689d8d: cophenetic index 940; 2.3 s; peak memory 560 MiB.
2026-10-02T10:40:44Z INFO [713/2460] 220d7bcf-517f-4e77-8365-9a1c12d29a51: cophenetic index 624; 1.0 s; peak memory 560 MiB.
2026-10-02T10:41:08Z INFO [714/2460] 2212031c-91d9-4934-b2e1-a8badaa040f0: cophenetic index 7306706; 24.6 s; peak memory 560 MiB.
2026-10-02T10:41:12Z INFO [715/2460] 22122117-da62-4623-9b2b-75b9957490c1: cophenetic index 8258; 3.3 s; peak memory 560 MiB.
2026-10-02T10:41:13Z INFO [716/2460] 2212a6eb-430b-4c94-85d6-60fde67e5876: cophenetic index 624; 1.1 s; peak memory 560 MiB.
2026-10-02T10:41:14Z INFO [717/2460] 2212b71d-d69f-4b16-8062-6656fb46c14b: cophenetic index 3004; 1.3 s; peak memory 560 MiB.
2026-10-02T10:41:16Z INFO [718/2460] 22130e1a-6698-428e-8efa-b8fa26aa1b44: cophenetic index 33998; 2.1 s; peak memory 560 MiB.
2026-10-02T10:41:37Z INFO [719/2460] 22152bb7-397f-47b2-8f67-d5dd2001f4d1: cophenetic index 124647; 20.4 s; peak memory 560 MiB.
2026-10-02T10:41:38Z INFO [720/2460] 22157d97-ebf3-4bf7-b1af-e580481bc15a: cophenetic index 2625; 1.7 s; peak memory 560 MiB.
2026-10-02T10:41:39Z INFO [721/2460] 2215cde8-4344-4c8e-8e0b-42e152432d01: cophenetic index 627; 1.0 s; peak memory 560 MiB.
2026-10-02T10:41:41Z INFO [722/2460] 22163361-50f9-448c-9b6c-edb005fa1912: cophenetic index 3087; 1.3 s; peak memory 560 MiB.
2026-10-02T10:41:42Z INFO [723/2460] 2216b3bb-f903-4310-b4d5-60fb42565dd0: cophenetic index 99120; 1.9 s; peak memory 560 MiB.
2026-10-02T10:41:44Z INFO [724/2460] 22170218-c922-4dd9-a9ea-677cd9f1d91d: cophenetic index 624; 1.1 s; peak memory 560 MiB.
2026-10-02T10:41:45Z INFO [725/2460] 2217271b-d9ca-4816-9d5d-d28b933352fb: cophenetic index 517; 0.9 s; peak memory 560 MiB.
2026-10-02T10:41:46Z INFO [726/2460] 22176ea8-2606-406f-9da3-21d234191410: cophenetic index 781; 1.5 s; peak memory 560 MiB.
2026-10-02T10:41:49Z INFO [727/2460] 22189cc9-7de8-4ed2-ac58-802ae3ff5dbb: cophenetic index 2162; 2.8 s; peak memory 560 MiB.
2026-10-02T10:41:50Z INFO [728/2460] 221a30cc-9260-434a-82d3-4cda0208f71b: cophenetic index 2929; 1.0 s; peak memory 560 MiB.
2026-10-02T10:41:51Z INFO [729/2460] 221b6ca9-fbfb-4d4b-929e-0a9f083de030: cophenetic index 624; 1.1 s; peak memory 560 MiB.
2026-10-02T10:41:53Z INFO [730/2460] 221bf7fc-5d48-4ae1-b2a0-66e3b3f3bd7d: cophenetic index 1130; 2.0 s; peak memory 560 MiB.
2026-10-02T10:41:55Z INFO [731/2460] 221c7b1d-1be0-4df6-b895-498fb3dcaa81: cophenetic index 33962; 1.6 s; peak memory 560 MiB.
2026-10-02T10:41:56Z INFO [732/2460] 221ce63f-26f4-42dc-8d76-323a920141e4: cophenetic index 3004; 1.3 s; peak memory 560 MiB.
2026-10-02T10:42:05Z INFO [733/2460] 221d34e1-5d6a-43ce-bf3f-f846dc7c2263: cophenetic index 165701; 9.5 s; peak memory 560 MiB.
2026-10-02T10:42:06Z INFO [734/2460] 221dc118-4ff9-4fe3-8a5a-950c9194c41a: cophenetic index 641; 0.8 s; peak memory 560 MiB.
2026-10-02T10:42:08Z INFO [735/2460] 221ec39d-377c-45d9-ba06-3f608fc0dd75: cophenetic index 815; 2.1 s; peak memory 560 MiB.
2026-10-02T10:42:09Z INFO [736/2460] 22201234-80aa-4d8c-9a5e-e001202b302f: cophenetic index 560; 1.0 s; peak memory 560 MiB.
2026-10-02T10:42:12Z INFO [737/2460] 222075d7-7d3a-41b0-a083-891231dd1ffc: cophenetic index 2391; 2.8 s; peak memory 560 MiB.
2026-10-02T10:42:13Z INFO [738/2460] 2220a651-1d27-4ed9-a4d3-b7bd576e7a5a: cophenetic index 1006; 1.3 s; peak memory 560 MiB.
2026-10-02T10:42:16Z INFO [739/2460] 22212e8a-7d68-48bd-9d8b-ed2c4e7c76f5: cophenetic index 2609; 2.2 s; peak memory 560 MiB.
2026-10-02T10:42:17Z INFO [740/2460] 2221713f-cad7-4e20-8115-d5b4ccfce279: cophenetic index 624; 1.0 s; peak memory 560 MiB.
2026-10-02T10:42:24Z INFO [741/2460] 22234730-c68f-467a-8590-995920850d61: cophenetic index 147430; 7.9 s; peak memory 560 MiB.
2026-10-02T10:42:25Z INFO [742/2460] 22237402-85f7-4202-af80-7e9830c4cfe1: cophenetic index 624; 1.1 s; peak memory 560 MiB.
2026-10-02T10:42:27Z INFO [743/2460] 222446e0-4a98-4b34-9eaf-3c6aa1a9354a: cophenetic index 624; 1.1 s; peak memory 560 MiB.
2026-10-02T10:42:28Z INFO [744/2460] 22249a7a-c9ba-4cb5-a40d-6e530ccd92c0: cophenetic index 2724; 1.4 s; peak memory 560 MiB.
2026-10-02T10:42:29Z INFO [745/2460] 222516ed-a51e-4626-b474-f694211f4919: cophenetic index 490; 0.7 s; peak memory 560 MiB.
2026-10-02T10:42:30Z INFO [746/2460] 22251bb1-980f-464c-8929-8b10e085fd71: cophenetic index 3004; 1.3 s; peak memory 560 MiB.
2026-10-02T10:42:31Z INFO [747/2460] 22258392-15aa-4f37-841f-02f994c546f3: cophenetic index 1087; 1.3 s; peak memory 560 MiB.
2026-10-02T10:42:35Z INFO [748/2460] 2225f13a-3d5f-4c3c-a2b3-7243587ae408: cophenetic index 8258; 3.5 s; peak memory 560 MiB.
2026-10-02T10:42:36Z INFO [749/2460] 22268d1b-2d60-493d-ae86-b60aedd3f3ee: cophenetic index 3004; 1.3 s; peak memory 560 MiB.
2026-10-02T10:42:37Z INFO [750/2460] 22272e1a-f781-49af-b130-0bbfcda3aa1e: cophenetic index 560; 0.9 s; peak memory 560 MiB.
2026-10-02T10:42:37Z INFO [750/2460] 22272e1a-f781-49af-b130-0bbfcda3aa1e: checkpointed 62614 records.
2026-10-02T10:42:38Z INFO [751/2460] 22275328-cb79-4f3a-a68a-4df818da6cdb: cophenetic index 624; 1.1 s; peak memory 560 MiB.
2026-10-02T10:42:40Z INFO [752/2460] 2227fd1e-1960-47a8-9712-8dcc56d140b0: cophenetic index 2625; 1.5 s; peak memory 560 MiB.
2026-10-02T10:42:41Z INFO [753/2460] 22282c46-d155-4f9f-8a76-77c9073cc1f8: cophenetic index 605; 1.2 s; peak memory 560 MiB.
2026-10-02T10:42:43Z INFO [754/2460] 2228798f-8d7c-423f-9e96-e45f97ea8ab9: cophenetic index 3004; 1.7 s; peak memory 560 MiB.
2026-10-02T10:42:45Z INFO [755/2460] 22291069-1ab0-4160-bc36-ffe2011f7d8b: cophenetic index 2402; 2.7 s; peak memory 560 MiB.
2026-10-02T10:42:46Z INFO [756/2460] 222921cc-f3bf-4393-bef6-9b60b4c18903: cophenetic index 624; 1.1 s; peak memory 560 MiB.
2026-10-02T10:42:47Z INFO [757/2460] 2229374e-6853-4972-ad07-6ce1cbe6c4e1: cophenetic index 624; 1.1 s; peak memory 560 MiB.
2026-10-02T10:42:49Z INFO [758/2460] 222af2af-96ce-4af3-8195-72fbb43b36d3: cophenetic index 2053; 1.8 s; peak memory 560 MiB.
2026-10-02T10:42:51Z INFO [759/2460] 222bda75-77ca-4d57-97be-c40b40bc6b45: cophenetic index 99138; 1.8 s; peak memory 560 MiB.
2026-10-02T10:42:53Z INFO [760/2460] 222c5cd5-661d-4658-969b-90f0866458d8: cophenetic index 33986; 1.6 s; peak memory 560 MiB.
2026-10-02T10:42:54Z INFO [761/2460] 222da00c-fad1-4257-81fc-ffaac2f15b33: cophenetic index 431; 1.2 s; peak memory 560 MiB.
2026-10-02T10:42:55Z INFO [762/2460] 222dd8ed-68e6-4e81-83a6-6b54f1b2ece8: cophenetic index 624; 1.1 s; peak memory 560 MiB.
2026-10-02T10:43:01Z INFO [763/2460] 222e72d8-0968-4968-8bf3-dfb7c9cf9294: cophenetic index 9556; 5.7 s; peak memory 560 MiB.
2026-10-02T10:43:02Z INFO [764/2460] 222f49d1-a1e6-42d9-8872-1cd49c8cfb95: cophenetic index 2625; 1.6 s; peak memory 560 MiB.
2026-10-02T10:43:04Z INFO [765/2460] 222fe871-5aba-478c-83b4-00195f3b7ecd: cophenetic index 2056; 2.0 s; peak memory 560 MiB.
2026-10-02T10:43:06Z INFO [766/2460] 222ff095-5157-4893-923f-1cdfcee3c2cd: cophenetic index 2974; 1.3 s; peak memory 560 MiB.
2026-10-02T10:43:06Z INFO [767/2460] 2230b810-e94a-43fa-83e0-f686d80ae9ee: cophenetic index 624; 1.0 s; peak memory 560 MiB.
2026-10-02T10:43:08Z INFO [768/2460] 223244fb-1209-4a13-b06e-17584e3331c5: cophenetic index 624; 1.0 s; peak memory 560 MiB.
2026-10-02T10:43:09Z INFO [769/2460] 22327ae3-40eb-45bb-8997-346751394534: cophenetic index 99138; 1.7 s; peak memory 560 MiB.
2026-10-02T10:43:11Z INFO [770/2460] 2233f448-bc05-4ddf-b2f7-8ec0fcdbd159: cophenetic index 2496; 1.3 s; peak memory 560 MiB.
2026-10-02T10:43:11Z INFO [771/2460] 223508b5-8d90-43d3-9c2f-2d2f3f93ac46: cophenetic index 567; 0.8 s; peak memory 560 MiB.
2026-10-02T10:43:13Z INFO [772/2460] 22358187-8b89-4b40-b1f5-4342525f3f7f: cophenetic index 3004; 1.4 s; peak memory 560 MiB.
2026-10-02T10:43:16Z INFO [773/2460] 22360278-7e25-4e7b-b72b-9640b418705a: cophenetic index 5473; 3.3 s; peak memory 560 MiB.
2026-10-02T10:43:17Z INFO [774/2460] 22368c50-edc0-4546-8f67-ec900f340507: cophenetic index 624; 1.1 s; peak memory 560 MiB.
2026-10-02T10:43:19Z INFO [775/2460] 22369ee4-d960-4944-859c-ed704338c979: cophenetic index 2625; 1.7 s; peak memory 560 MiB.
2026-10-02T10:43:20Z INFO [776/2460] 2236d43e-6801-4bd7-b382-2ed1fc536d6b: cophenetic index 624; 1.1 s; peak memory 560 MiB.
2026-10-02T10:43:21Z INFO [777/2460] 223724bb-f388-419c-b04c-8b3fab4d5bbc: cophenetic index 624; 1.0 s; peak memory 560 MiB.
2026-10-02T10:43:22Z INFO [778/2460] 22379a59-148d-4944-a11a-3aee966856cd: cophenetic index 569; 1.2 s; peak memory 560 MiB.
2026-10-02T10:43:24Z INFO [779/2460] 2237a088-29d7-4701-b32e-d03157d3b854: cophenetic index 413; 1.3 s; peak memory 560 MiB.
2026-10-02T10:43:25Z INFO [780/2460] 223af210-42e1-417e-8743-46040055e018: cophenetic index 33986; 1.8 s; peak memory 560 MiB.
2026-10-02T10:43:35Z INFO [781/2460] 223b0b47-975b-4ead-aee6-f559e18ea958: cophenetic index 175343; 9.2 s; peak memory 560 MiB.
2026-10-02T10:43:36Z INFO [782/2460] 223b4521-91c7-403a-96d4-36d2d0d55e5c: cophenetic index 624; 1.1 s; peak memory 560 MiB.
2026-10-02T10:43:37Z INFO [783/2460] 223b6e43-c154-4f4e-a2d9-06d9c26c4ae0: cophenetic index 560; 0.9 s; peak memory 560 MiB.
2026-10-02T10:43:37Z INFO [784/2460] 223b7eaa-51ca-479d-b5de-9d9951cafeb7: cophenetic index 469; 0.9 s; peak memory 560 MiB.
2026-10-02T10:43:45Z INFO [785/2460] 223c20f4-24e2-4e98-9aa8-7ef09a317259: cophenetic index 63102; 7.2 s; peak memory 560 MiB.
2026-10-02T10:43:50Z INFO [786/2460] 223d7a01-60f3-45ba-8a6d-18924a31082f: cophenetic index 46072; 5.4 s; peak memory 560 MiB.
2026-10-02T10:43:51Z INFO [787/2460] 223e01ba-2a0a-4abb-9ee0-85dd07acf822: cophenetic index 2886; 1.3 s; peak memory 560 MiB.
2026-10-02T10:43:54Z INFO [788/2460] 223eda9e-be1c-4544-811d-a9f65981fd3d: cophenetic index 2241; 2.7 s; peak memory 560 MiB.
2026-10-02T10:43:55Z INFO [789/2460] 223f0f4a-5161-473e-b0fe-97b8d60e9333: cophenetic index 624; 1.0 s; peak memory 560 MiB.
2026-10-02T10:43:56Z INFO [790/2460] 223f679f-139c-40ff-8f53-4bde8e491b43: cophenetic index 490; 0.8 s; peak memory 560 MiB.
2026-10-02T10:43:57Z INFO [791/2460] 223ff433-5624-464b-ac0a-d08196af545c: cophenetic index 401; 0.8 s; peak memory 560 MiB.
2026-10-02T10:44:07Z INFO [792/2460] 22400375-ff1f-423c-877c-43d63e9a4f41: cophenetic index 36536; 10.2 s; peak memory 560 MiB.
2026-10-02T10:44:08Z INFO [793/2460] 22401e52-b8c1-4311-ba43-daaa72cb617a: cophenetic index 23864; 1.5 s; peak memory 560 MiB.
2026-10-02T10:44:09Z INFO [794/2460] 22403de7-7afe-4436-9045-737f1690d841: cophenetic index 624; 1.0 s; peak memory 560 MiB.
2026-10-02T10:44:11Z INFO [795/2460] 22409c14-7dc7-46cb-8261-6ae3c859cb4d: cophenetic index 554; 1.5 s; peak memory 560 MiB.
2026-10-02T10:44:12Z INFO [796/2460] 2240a905-56b4-40d7-bd17-4eb8eab706d9: cophenetic index 2625; 1.7 s; peak memory 560 MiB.
2026-10-02T10:44:14Z INFO [797/2460] 2241f9ed-580d-4a79-8f0b-61d6e298f5c0: cophenetic index 624; 1.1 s; peak memory 560 MiB.
2026-10-02T10:44:15Z INFO [798/2460] 2242dd65-f75d-4566-ab54-b9b93d119ee5: cophenetic index 624; 1.0 s; peak memory 560 MiB.
2026-10-02T10:44:16Z INFO [799/2460] 22438bf6-833b-4a41-b7cd-a7092ce3f983: cophenetic index 2625; 1.4 s; peak memory 560 MiB.
2026-10-02T10:44:17Z INFO [800/2460] 224420a0-5052-4ba4-a772-ff30b1b5a63e: cophenetic index 3004; 1.3 s; peak memory 560 MiB.
2026-10-02T10:44:17Z INFO [800/2460] 224420a0-5052-4ba4-a772-ff30b1b5a63e: checkpointed 62664 records.
2026-10-02T10:44:21Z INFO [801/2460] 22456944-50e1-4efd-9e73-05e41b34e728: cophenetic index 3045; 3.9 s; peak memory 560 MiB.
2026-10-02T10:44:28Z INFO [802/2460] 224629b2-eaec-4b32-af8c-48fca59e5f1e: cophenetic index 87705; 6.3 s; peak memory 560 MiB.
2026-10-02T10:44:29Z INFO [803/2460] 2246320f-1ff3-4948-9f3d-e5f60ef99951: cophenetic index 23364; 1.2 s; peak memory 560 MiB.
2026-10-02T10:44:30Z INFO [804/2460] 224648f5-129a-43fb-9d1a-adf4d787dd24: cophenetic index 3004; 1.3 s; peak memory 560 MiB.
2026-10-02T10:44:32Z INFO [805/2460] 22483bf8-61a8-42c3-92af-f460edb29eec: cophenetic index 688; 2.3 s; peak memory 560 MiB.
2026-10-02T10:44:51Z INFO [806/2460] 2248bdba-56bb-4194-b7d8-15d9cdb79244: cophenetic index 141405; 18.2 s; peak memory 560 MiB.
2026-10-02T10:45:00Z INFO [807/2460] 2248daf6-6b44-4d0e-b778-7eb1c445e495: cophenetic index 157288; 9.6 s; peak memory 560 MiB.
2026-10-02T10:45:01Z INFO [808/2460] 22491f91-9725-4572-b6ec-d263c069dcfc: cophenetic index 624; 1.0 s; peak memory 560 MiB.
2026-10-02T10:45:03Z INFO [809/2460] 22492dc9-dfee-48ae-9460-0663370fb8a8: cophenetic index 2625; 1.5 s; peak memory 560 MiB.
2026-10-02T10:45:09Z INFO [810/2460] 22496733-8eff-426b-9de2-c893a8929c06: cophenetic index 87401; 5.8 s; peak memory 560 MiB.
2026-10-02T10:45:13Z INFO [811/2460] 224993f1-029d-4b41-a0e1-f7405445ac66: cophenetic index 6412; 4.6 s; peak memory 560 MiB.
2026-10-02T10:45:14Z INFO [812/2460] 224a0d99-3043-4e15-a5e0-66bedd74d48c: cophenetic index 1626; 1.0 s; peak memory 560 MiB.
2026-10-02T10:45:15Z INFO [813/2460] 224a5e5a-a722-42e3-a18b-f612e7f48dc7: cophenetic index 23960; 1.3 s; peak memory 560 MiB.
2026-10-02T10:45:30Z INFO [814/2460] 224c95ec-2990-443e-99e8-e988d748fdf9: cophenetic index 30155; 14.3 s; peak memory 560 MiB.
2026-10-02T10:45:31Z INFO [815/2460] 224d24e3-e1fd-482b-8e66-4a4f2ce340e0: cophenetic index 3004; 1.2 s; peak memory 560 MiB.
2026-10-02T10:45:34Z INFO [816/2460] 224d3346-f85d-4087-a0a4-ccce36ca2221: cophenetic index 5473; 3.3 s; peak memory 560 MiB.
2026-10-02T10:45:52Z INFO [817/2460] 224d729f-0945-4ce5-9062-9d81c863c110: cophenetic index 367406; 17.4 s; peak memory 560 MiB.
2026-10-02T10:45:53Z INFO [818/2460] 224dfcc9-8236-449a-883f-9166b909e7c3: cophenetic index 590; 1.2 s; peak memory 560 MiB.
2026-10-02T10:45:54Z INFO [819/2460] 224ea356-9c88-4714-a264-6ed83ac70f7a: cophenetic index 725; 1.1 s; peak memory 560 MiB.
2026-10-02T10:46:01Z INFO [820/2460] 224f79f7-539a-43a3-835f-72312cb5ebf8: cophenetic index 6715; 6.8 s; peak memory 560 MiB.
2026-10-02T10:46:14Z INFO [821/2460] 224f87de-a82b-44a2-86ec-d0f9b996082a: cophenetic index 37657; 13.0 s; peak memory 560 MiB.
2026-10-02T10:46:15Z INFO [822/2460] 224fb0aa-1bc3-473f-b2ab-0e93d34699b6: cophenetic index 624; 1.0 s; peak memory 560 MiB.
2026-10-02T10:46:17Z INFO [823/2460] 22518734-a61d-468b-829e-607648464bf3: cophenetic index 33962; 1.7 s; peak memory 560 MiB.
2026-10-02T10:46:18Z INFO [824/2460] 2251ac2d-7dec-41ec-bec8-d3de4b0f8a8e: cophenetic index 624; 1.0 s; peak memory 560 MiB.
2026-10-02T10:46:18Z INFO [825/2460] 22521f6c-cee6-4f56-bb47-d38227c4a846: cophenetic index 624; 1.0 s; peak memory 560 MiB.
2026-10-02T10:46:20Z INFO [826/2460] 22525b4b-2a30-4d69-9881-c1c2079e9203: cophenetic index 497; 1.2 s; peak memory 560 MiB.
2026-10-02T10:46:21Z INFO [827/2460] 225340a9-d1ec-4ead-af97-7704b5e8031f: cophenetic index 3087; 1.2 s; peak memory 560 MiB.
2026-10-02T10:46:22Z INFO [828/2460] 22544cea-ba97-4a61-b5cd-4096d5618cca: cophenetic index 30304; 1.5 s; peak memory 560 MiB.
2026-10-02T10:46:24Z INFO [829/2460] 22553db3-ae3d-43a1-8706-26af3c1a1d16: cophenetic index 540; 1.4 s; peak memory 560 MiB.
2026-10-02T10:46:25Z INFO [830/2460] 2255493c-aae1-41aa-9433-0feae0b614a7: cophenetic index 3004; 1.3 s; peak memory 560 MiB.
2026-10-02T10:46:27Z INFO [831/2460] 2255ba7c-705d-4890-b33c-8ec0da67e948: cophenetic index 33968; 1.5 s; peak memory 560 MiB.
2026-10-02T10:46:28Z INFO [832/2460] 22561131-1521-46ff-a99c-b527eef39c12: cophenetic index 2625; 1.5 s; peak memory 560 MiB.
2026-10-02T10:46:30Z INFO [833/2460] 225630fd-4bf3-4e8e-802b-9ae2a4cb4995: cophenetic index 33968; 1.8 s; peak memory 560 MiB.
2026-10-02T10:46:31Z INFO [834/2460] 2256642e-152e-4625-ad65-152bb9040295: cophenetic index 624; 1.0 s; peak memory 560 MiB.
2026-10-02T10:46:32Z INFO [835/2460] 2257488a-1504-41ee-b128-6829a4abf564: cophenetic index 3087; 1.2 s; peak memory 560 MiB.
2026-10-02T10:46:34Z INFO [836/2460] 22584a04-c73b-4cf9-ad3a-894ffac9f293: cophenetic index 2496; 1.4 s; peak memory 560 MiB.
2026-10-02T10:46:40Z INFO [837/2460] 225939dc-2fab-47e5-9273-9a1cbb8cfd73: cophenetic index 87573; 6.9 s; peak memory 560 MiB.
2026-10-02T10:46:42Z INFO [838/2460] 22595c03-f60d-4a52-b415-f480cc8cf124: cophenetic index 624; 1.1 s; peak memory 560 MiB.
2026-10-02T10:46:43Z INFO [839/2460] 225ae5b6-0fd7-4d1c-a327-4e79cf67b1a8: cophenetic index 624; 1.1 s; peak memory 560 MiB.
2026-10-02T10:46:43Z INFO [840/2460] 225b2372-b7fd-4896-8376-4c573824e0c9: cophenetic index 374; 0.8 s; peak memory 560 MiB.
2026-10-02T10:46:44Z INFO [841/2460] 225b29ef-d20e-4ffc-9164-96c71cca8faf: cophenetic index 490; 0.8 s; peak memory 560 MiB.
2026-10-02T10:46:45Z INFO [842/2460] 225c6e27-f1ff-45e6-b43f-5befd61d4a57: cophenetic index 2974; 1.2 s; peak memory 560 MiB.
2026-10-02T10:46:57Z INFO [843/2460] 225d0318-b7b6-407d-b362-2cb47244f553: cophenetic index 49783; 12.0 s; peak memory 560 MiB.
2026-10-02T10:47:00Z INFO [844/2460] 225d239a-ffc5-4113-8081-e6b82ee6c362: cophenetic index 3542; 2.6 s; peak memory 560 MiB.
2026-10-02T10:47:07Z INFO [845/2460] 225d5700-db44-4b52-b41f-79f8024b6c60: cophenetic index 10179; 6.9 s; peak memory 560 MiB.
2026-10-02T10:47:08Z INFO [846/2460] 225dae17-1a48-4866-8355-c3aa30436d0f: cophenetic index 23393; 1.5 s; peak memory 560 MiB.
2026-10-02T10:47:10Z INFO [847/2460] 225e70ff-3d1a-4c0d-af98-5a7c207c89c1: cophenetic index 33968; 1.4 s; peak memory 560 MiB.
2026-10-02T10:47:11Z INFO [848/2460] 225e7a66-32fb-4826-875b-0d20674c0206: cophenetic index 3087; 1.5 s; peak memory 560 MiB.
2026-10-02T10:47:12Z INFO [849/2460] 225f05eb-9a8f-4aa6-a949-d933aa541252: cophenetic index 490; 1.1 s; peak memory 560 MiB.
2026-10-02T10:47:13Z INFO [850/2460] 225f3566-5fe2-4e93-a3e7-ee6c0b99ab87: cophenetic index 624; 1.0 s; peak memory 560 MiB.
2026-10-02T10:47:13Z INFO [850/2460] 225f3566-5fe2-4e93-a3e7-ee6c0b99ab87: checkpointed 62714 records.
2026-10-02T10:47:15Z INFO [851/2460] 225f53b3-1c3a-4665-9c59-86b70eaac101: cophenetic index 605; 1.5 s; peak memory 560 MiB.
2026-10-02T10:47:16Z INFO [852/2460] 2260f508-e0e7-4412-a050-fbf81296bf11: cophenetic index 2625; 1.4 s; peak memory 560 MiB.
2026-10-02T10:47:17Z INFO [853/2460] 226153cd-e474-41dc-9f1b-03ad9b4f3ecb: cophenetic index 624; 1.0 s; peak memory 560 MiB.
2026-10-02T10:47:18Z INFO [854/2460] 226187f8-39d7-46df-a14f-2cf794633e6d: cophenetic index 624; 0.9 s; peak memory 560 MiB.
2026-10-02T10:47:19Z INFO [855/2460] 22628654-f549-48fc-8a4a-da0f05b7a498: cophenetic index 469; 0.9 s; peak memory 560 MiB.
2026-10-02T10:47:20Z INFO [856/2460] 22637b4a-0c95-4afd-8317-33be731e0da9: cophenetic index 994; 1.1 s; peak memory 560 MiB.
2026-10-02T10:47:23Z INFO [857/2460] 226432bd-5be4-4f5f-950e-7a2d83d8a924: cophenetic index 895; 2.3 s; peak memory 560 MiB.
2026-10-02T10:47:25Z INFO [858/2460] 2264c2e0-cf43-4140-a2df-289ac7728735: cophenetic index 99150; 2.2 s; peak memory 560 MiB.
2026-10-02T10:47:26Z INFO [859/2460] 2264d901-eb93-48cf-8a7f-7086f744005f: cophenetic index 624; 1.1 s; peak memory 560 MiB.
2026-10-02T10:47:27Z INFO [860/2460] 22650ae0-4739-40a4-a51c-b56f31b0a0e6: cophenetic index 2923; 1.4 s; peak memory 560 MiB.
2026-10-02T10:47:28Z INFO [861/2460] 22658df2-b465-4ab5-9c5e-6cd739b15175: cophenetic index 1851; 1.1 s; peak memory 560 MiB.
2026-10-02T10:47:29Z INFO [862/2460] 2265c16d-55b4-4302-a9b5-0e888de8243a: cophenetic index 739; 0.8 s; peak memory 560 MiB.
2026-10-02T10:47:30Z INFO [863/2460] 22664cb0-90e5-495e-b33d-f5da8e4f07c7: cophenetic index 560; 1.0 s; peak memory 560 MiB.
2026-10-02T10:47:31Z INFO [864/2460] 22667eed-056b-4d9c-a7b7-6c8c80a68e19: cophenetic index 624; 1.1 s; peak memory 560 MiB.
2026-10-02T10:47:32Z INFO [865/2460] 22673816-000c-47c3-808c-3ab80b21e06e: cophenetic index 624; 1.1 s; peak memory 560 MiB.
2026-10-02T10:47:34Z INFO [866/2460] 2267df6b-9891-4176-bb79-d21a8be55384: cophenetic index 613; 1.7 s; peak memory 560 MiB.
2026-10-02T10:47:36Z INFO [867/2460] 22682a3b-d6cd-4854-b971-f6e135d64a96: cophenetic index 850; 1.6 s; peak memory 560 MiB.
2026-10-02T10:47:37Z INFO [868/2460] 226928f0-45c0-423b-ae75-e777e6808de0: cophenetic index 423; 1.1 s; peak memory 560 MiB.
2026-10-02T10:47:38Z INFO [869/2460] 226a8246-78c6-44e5-8d02-9e67618548d4: cophenetic index 33968; 1.5 s; peak memory 560 MiB.
2026-10-02T10:47:39Z INFO [870/2460] 226b587a-6dad-45ae-aac9-5e5b385c40fb: cophenetic index 560; 1.0 s; peak memory 560 MiB.
2026-10-02T10:47:42Z INFO [871/2460] 226bfbc9-f2e1-4922-b98b-985c67fb2ac1: cophenetic index 2625; 2.2 s; peak memory 560 MiB.
2026-10-02T10:47:43Z INFO [872/2460] 226c4b97-cdd8-451a-9eac-6469422ba890: cophenetic index 3004; 1.1 s; peak memory 560 MiB.
2026-10-02T10:47:44Z INFO [873/2460] 226c5473-9997-4bb5-82f9-57b2996a7b75: cophenetic index 1265; 1.1 s; peak memory 560 MiB.
2026-10-02T10:47:45Z INFO [874/2460] 226cc948-dd06-489d-87ae-621c0bb2eebb: cophenetic index 624; 1.0 s; peak memory 560 MiB.
2026-10-02T10:47:49Z INFO [875/2460] 226d23e9-e5ed-4030-9de6-2aceb5c91e1d: cophenetic index 8834; 4.0 s; peak memory 560 MiB.
2026-10-02T10:47:50Z INFO [876/2460] 226d677f-f962-495e-9283-d23d800c98d4: cophenetic index 624; 1.0 s; peak memory 560 MiB.
2026-10-02T10:47:50Z INFO [877/2460] 226dd50b-1bd1-43b0-9e28-c93112b74a8f: cophenetic index 651; 0.8 s; peak memory 560 MiB.
2026-10-02T10:48:01Z INFO [878/2460] 226df11f-3084-4fcb-890d-24eba3d6ac05: cophenetic index 30603521; 10.8 s; peak memory 560 MiB.
2026-10-02T10:48:02Z INFO [879/2460] 226e15df-407d-451b-bcd4-6ad51a90ea8f: cophenetic index 624; 0.9 s; peak memory 560 MiB.
2026-10-02T10:48:03Z INFO [880/2460] 226e9523-d57c-44b0-99d7-10827304cac2: cophenetic index 490; 0.7 s; peak memory 560 MiB.
2026-10-02T10:48:04Z INFO [881/2460] 226f15c1-eb91-4192-b866-837efa62808f: cophenetic index 3004; 1.2 s; peak memory 560 MiB.
2026-10-02T10:48:05Z INFO [882/2460] 226f7beb-d178-430d-848c-12babd2b6512: cophenetic index 649; 1.2 s; peak memory 560 MiB.
2026-10-02T10:48:08Z INFO [883/2460] 226f7fbc-e71f-4940-924e-bdfd8ef651d8: cophenetic index 34658; 2.6 s; peak memory 560 MiB.
2026-10-02T10:48:09Z INFO [884/2460] 226f930d-649c-4a50-9d1f-0f0ac9537738: cophenetic index 624; 1.0 s; peak memory 560 MiB.
2026-10-02T10:48:10Z INFO [885/2460] 22710e96-6a3e-44c9-a1b0-b0db3428aea2: cophenetic index 2625; 1.4 s; peak memory 560 MiB.
2026-10-02T10:48:18Z INFO [886/2460] 227139f3-c7c7-4493-b4fa-dd20a916c637: cophenetic index 14699; 8.2 s; peak memory 560 MiB.
2026-10-02T10:48:20Z INFO [887/2460] 22713c96-4c31-4497-b3af-bec512863687: cophenetic index 624; 1.0 s; peak memory 560 MiB.
2026-10-02T10:48:21Z INFO [888/2460] 227292d9-2979-4dd2-8275-373a123d979d: cophenetic index 687; 1.2 s; peak memory 560 MiB.
2026-10-02T10:48:22Z INFO [889/2460] 2272e935-fb62-4e84-8869-e0bddd4aed4a: cophenetic index 563; 1.4 s; peak memory 560 MiB.
2026-10-02T10:48:24Z INFO [890/2460] 227353e6-a09f-4687-b11d-7713004670b6: cophenetic index 3004; 1.4 s; peak memory 560 MiB.
2026-10-02T10:48:27Z INFO [891/2460] 2273893b-a481-4d1f-8386-39892a436972: cophenetic index 2469; 2.9 s; peak memory 560 MiB.
2026-10-02T10:48:28Z INFO [892/2460] 2274e856-83f0-468a-9f1f-cc62f515a911: cophenetic index 3087; 1.3 s; peak memory 560 MiB.
2026-10-02T10:48:29Z INFO [893/2460] 2274ee6d-10d5-4ffc-b623-c8a16f8202a6: cophenetic index 431; 1.2 s; peak memory 560 MiB.
2026-10-02T10:48:31Z INFO [894/2460] 22751364-060a-4c04-8226-50558a98da99: cophenetic index 620; 1.5 s; peak memory 560 MiB.
2026-10-02T10:48:32Z INFO [895/2460] 2275279b-16f8-4c60-ab03-f0f41ca26d9c: cophenetic index 23358; 1.1 s; peak memory 560 MiB.
2026-10-02T10:48:33Z INFO [896/2460] 2275746d-5fd8-4908-a740-b1163ff65ae8: cophenetic index 624; 1.0 s; peak memory 560 MiB.
2026-10-02T10:48:34Z INFO [897/2460] 2275d0c0-346e-4cd2-ba60-40d36345dd93: cophenetic index 1087; 1.7 s; peak memory 560 MiB.
2026-10-02T10:48:46Z INFO [898/2460] 2277f089-86c8-4422-bcad-484f47fe4170: cophenetic index 24071; 11.3 s; peak memory 560 MiB.
2026-10-02T10:48:47Z INFO [899/2460] 22789492-89f9-45ae-a5fd-8e813040e114: cophenetic index 624; 1.1 s; peak memory 560 MiB.
2026-10-02T10:48:54Z INFO [900/2460] 2278e5b4-8244-48c4-82c7-3d0e5a3fbdac: cophenetic index 13267; 6.9 s; peak memory 560 MiB.
2026-10-02T10:48:54Z INFO [900/2460] 2278e5b4-8244-48c4-82c7-3d0e5a3fbdac: checkpointed 62764 records.
2026-10-02T10:48:55Z INFO [901/2460] 2278e7b7-ca14-4461-92e9-75f5fc8ee1dc: cophenetic index 2570; 1.8 s; peak memory 560 MiB.
2026-10-02T10:48:57Z INFO [902/2460] 2278eb25-f27a-4150-80be-6a2f0f19c474: cophenetic index 1087; 1.4 s; peak memory 560 MiB.
2026-10-02T10:48:58Z INFO [903/2460] 2279178e-6976-4469-8764-913ecbb3e856: cophenetic index 624; 1.1 s; peak memory 560 MiB.
2026-10-02T10:49:00Z INFO [904/2460] 2279f15d-92be-4f3b-82a3-2c0100ab33d3: cophenetic index 33968; 1.7 s; peak memory 560 MiB.
2026-10-02T10:49:00Z INFO [905/2460] 227a5713-b37c-4793-85b4-931d3647ce73: cophenetic index 749; 0.8 s; peak memory 560 MiB.
2026-10-02T10:49:02Z INFO [906/2460] 227afe0e-976f-43e9-b000-aeeeef289658: cophenetic index 431; 1.1 s; peak memory 560 MiB.
2026-10-02T10:49:02Z INFO [907/2460] 227b68b6-b903-4866-a7f6-3f12f9a24c6f: cophenetic index 729; 0.9 s; peak memory 560 MiB.
2026-10-02T10:49:05Z INFO [908/2460] 227c5a0c-5062-4b41-b408-f3aff24d3288: cophenetic index 2609; 3.0 s; peak memory 560 MiB.
2026-10-02T10:49:06Z INFO [909/2460] 227dd027-1a38-43f9-b883-2674fb7d3c11: cophenetic index 560; 0.9 s; peak memory 560 MiB.
2026-10-02T10:49:08Z INFO [910/2460] 227e324d-03bd-49ab-bc13-715b5873f8c8: cophenetic index 2625; 1.6 s; peak memory 560 MiB.
2026-10-02T10:49:09Z INFO [911/2460] 227e3f09-c433-4523-b14a-5cf8c159fa8b: cophenetic index 401; 0.8 s; peak memory 560 MiB.
2026-10-02T10:49:10Z INFO [912/2460] 227ebc2b-78d6-475a-afdb-a17297af85d9: cophenetic index 432; 1.0 s; peak memory 560 MiB.
2026-10-02T10:49:12Z INFO [913/2460] 227f79bc-db5c-469b-982d-471db18be816: cophenetic index 797; 2.1 s; peak memory 560 MiB.
2026-10-02T10:49:13Z INFO [914/2460] 227fac2a-e8a4-4dc8-8bbc-22a2ca978e0a: cophenetic index 624; 1.0 s; peak memory 560 MiB.
2026-10-02T10:49:14Z INFO [915/2460] 227fbb00-9d90-4bdb-8d30-77f000610522: cophenetic index 2570; 1.4 s; peak memory 560 MiB.
2026-10-02T10:49:15Z INFO [916/2460] 22812250-1120-4345-90e3-cbff9a02b913: cophenetic index 24106; 1.3 s; peak memory 560 MiB.
2026-10-02T10:49:16Z INFO [917/2460] 22825ceb-25e0-4ced-b9b6-3ec96bb8c336: cophenetic index 624; 1.0 s; peak memory 560 MiB.
2026-10-02T10:49:17Z INFO [918/2460] 2282cf3d-cf58-4d79-9882-671d7b2d9b87: cophenetic index 651; 0.7 s; peak memory 560 MiB.
2026-10-02T10:49:18Z INFO [919/2460] 2282d2c6-85f6-42db-86e4-c9901b11298e: cophenetic index 2625; 1.1 s; peak memory 560 MiB.
2026-10-02T10:49:23Z INFO [920/2460] 22833560-350d-4b1f-a5ac-4d3ae852ed54: cophenetic index 8488; 4.7 s; peak memory 560 MiB.
2026-10-02T10:49:32Z INFO [921/2460] 22838961-f90e-4c2b-a02e-bad47fdbf107: cophenetic index 175665; 9.2 s; peak memory 560 MiB.
2026-10-02T10:49:33Z INFO [922/2460] 2283b16a-75d8-443b-b759-c2eb75eaf8f7: cophenetic index 579; 0.9 s; peak memory 560 MiB.
2026-10-02T10:49:35Z INFO [923/2460] 2283f1ba-afa4-4251-8919-ad2fdb1f7413: cophenetic index 33986; 1.6 s; peak memory 560 MiB.
2026-10-02T10:49:35Z INFO [924/2460] 22842583-c1dc-4f70-886c-6605cf70d12b: cophenetic index 739; 0.8 s; peak memory 560 MiB.
2026-10-02T10:49:36Z INFO [925/2460] 22849e9a-12da-495d-97fc-07ef35fc397a: cophenetic index 624; 1.0 s; peak memory 560 MiB.
2026-10-02T10:49:51Z INFO [926/2460] 2284f2d1-f551-4f3c-aa41-7db9c3ec546e: cophenetic index 28037522; 14.8 s; peak memory 560 MiB.
2026-10-02T10:49:53Z INFO [927/2460] 2286ecd6-6c62-482f-b2e6-a3fd40c94ecd: cophenetic index 3087; 1.4 s; peak memory 560 MiB.
2026-10-02T10:49:54Z INFO [928/2460] 228746af-fc20-4ae5-84e8-12b656baf2cd: cophenetic index 5317; 1.4 s; peak memory 560 MiB.
2026-10-02T10:49:55Z INFO [929/2460] 228766aa-64fc-400d-8d54-fb06ee771e82: cophenetic index 1042; 1.4 s; peak memory 560 MiB.
2026-10-02T10:49:56Z INFO [930/2460] 2287cbb0-01c2-4ea2-a3c7-dea1f5c827df: cophenetic index 431; 0.9 s; peak memory 560 MiB.
2026-10-02T10:49:58Z INFO [931/2460] 2287de89-a7e7-45f7-adb8-e129771408f7: cophenetic index 3004; 1.2 s; peak memory 560 MiB.
2026-10-02T10:49:59Z INFO [932/2460] 2288457d-aeb3-44b8-9f5f-35cac39a3360: cophenetic index 6435; 1.7 s; peak memory 560 MiB.
2026-10-02T10:50:11Z INFO [933/2460] 2288df6f-c0b9-4938-a2d4-8fbf55a8e7d5: cophenetic index 328627; 12.3 s; peak memory 560 MiB.
2026-10-02T10:50:13Z INFO [934/2460] 228b0249-77d3-4509-b368-e4a1476b897f: cophenetic index 2625; 1.6 s; peak memory 560 MiB.
2026-10-02T10:50:23Z INFO [935/2460] 228cb7ca-82e6-4e6b-9baf-48ad8868802c: cophenetic index 256997; 9.6 s; peak memory 560 MiB.
2026-10-02T10:50:24Z INFO [936/2460] 228cd212-ed43-4051-bca0-ef43aab453c3: cophenetic index 3087; 1.1 s; peak memory 560 MiB.
2026-10-02T10:50:25Z INFO [937/2460] 228d0e2e-13fc-4729-b022-b4326b43fd22: cophenetic index 2724; 1.5 s; peak memory 560 MiB.
2026-10-02T10:50:26Z INFO [938/2460] 228de4fe-7d95-4b69-99b8-439713544856: cophenetic index 624; 1.1 s; peak memory 560 MiB.
2026-10-02T10:50:28Z INFO [939/2460] 228df68e-b05c-46be-81e3-d3a82ae6cd56: cophenetic index 3087; 1.3 s; peak memory 560 MiB.
2026-10-02T10:50:29Z INFO [940/2460] 228e4ee5-1ec0-4b4d-ac37-f9b045d3808d: cophenetic index 33968; 1.6 s; peak memory 560 MiB.
2026-10-02T10:50:31Z INFO [941/2460] 22902035-19b4-44ca-941e-37028ccdfea0: cophenetic index 920; 2.1 s; peak memory 560 MiB.
2026-10-02T10:50:44Z INFO [942/2460] 22903599-9a55-4676-9ed1-cc54835bb94f: cophenetic index 48024; 12.8 s; peak memory 560 MiB.
2026-10-02T10:50:45Z INFO [943/2460] 2290b45f-8c6d-41f8-8e85-87bec2293550: cophenetic index 1470; 1.2 s; peak memory 560 MiB.
2026-10-02T10:50:47Z INFO [944/2460] 2291048f-74d5-4a16-b7ac-856d2a4cb92f: cophenetic index 1087; 1.4 s; peak memory 560 MiB.
2026-10-02T10:50:48Z INFO [945/2460] 229130c4-55bb-41e5-b390-a6352471414e: cophenetic index 624; 1.1 s; peak memory 560 MiB.
2026-10-02T10:50:50Z INFO [946/2460] 229149f5-a59c-41bc-b2bd-81e3fa29875f: cophenetic index 6111; 2.3 s; peak memory 560 MiB.
2026-10-02T10:50:51Z INFO [947/2460] 22917b50-745c-4cd7-a42d-11b4a40a1cae: cophenetic index 624; 1.1 s; peak memory 560 MiB.
2026-10-02T10:50:53Z INFO [948/2460] 2291f918-18d3-4b01-a5eb-f5d9ed3a39ff: cophenetic index 2105; 1.8 s; peak memory 560 MiB.
2026-10-02T10:50:54Z INFO [949/2460] 2292fadd-9115-4b88-aa61-6e3c187533e9: cophenetic index 624; 1.0 s; peak memory 560 MiB.
2026-10-02T10:51:02Z INFO [950/2460] 229344ad-aa8f-4bcb-823f-b2646a1ea9ff: cophenetic index 195172714; 7.8 s; peak memory 561 MiB.
2026-10-02T10:51:02Z INFO [950/2460] 229344ad-aa8f-4bcb-823f-b2646a1ea9ff: checkpointed 62814 records.
2026-10-02T10:51:03Z INFO [951/2460] 2293db2c-5888-4e70-96db-69afc3fe43b0: cophenetic index 581; 1.0 s; peak memory 561 MiB.
2026-10-02T10:51:11Z INFO [952/2460] 22942b86-1afd-4844-938f-3c8a56764653: cophenetic index 52022; 7.7 s; peak memory 561 MiB.
2026-10-02T10:51:12Z INFO [953/2460] 2294c05e-028c-41e4-8bbe-65bcb570a97c: cophenetic index 581; 1.1 s; peak memory 562 MiB.
2026-10-02T10:51:14Z INFO [954/2460] 22955058-802f-46d6-be8f-097d7ef7000f: cophenetic index 102768; 2.2 s; peak memory 562 MiB.
2026-10-02T10:51:17Z INFO [955/2460] 22956aa7-9590-4f17-b65f-8ec12bc00ab7: cophenetic index 8258; 3.5 s; peak memory 562 MiB.
2026-10-02T10:51:25Z INFO [956/2460] 22959d10-bec4-4d56-8abc-0157b1ad3252: cophenetic index 7554; 7.2 s; peak memory 562 MiB.
2026-10-02T10:51:26Z INFO [957/2460] 2295b549-26fe-4b1e-b93a-8ddbf32c6e63: cophenetic index 512; 1.1 s; peak memory 562 MiB.
2026-10-02T10:51:26Z INFO [958/2460] 2296621e-fd15-4db6-832e-c8858ee695ce: cophenetic index 490; 0.7 s; peak memory 562 MiB.
2026-10-02T10:51:28Z INFO [959/2460] 2296be40-4412-44d1-9715-0f7aad365bd8: cophenetic index 2974; 1.3 s; peak memory 562 MiB.
2026-10-02T10:51:29Z INFO [960/2460] 2297b92e-14f7-4467-9b49-551dd1bd5b62: cophenetic index 30304; 1.7 s; peak memory 562 MiB.
2026-10-02T10:51:36Z INFO [961/2460] 2297e358-c610-43fe-b1c5-d7f008ac9206: cophenetic index 8768018; 7.0 s; peak memory 562 MiB.
2026-10-02T10:51:37Z INFO [962/2460] 229921cd-253c-4997-b12a-6806f237cf1b: cophenetic index 635; 0.9 s; peak memory 562 MiB.
2026-10-02T10:51:39Z INFO [963/2460] 2299ab6c-94c2-48bf-848c-4bce66adce96: cophenetic index 3004; 1.4 s; peak memory 562 MiB.
2026-10-02T10:51:39Z INFO [964/2460] 229b08d3-ea56-490f-83ad-014176e75537: cophenetic index 490; 0.8 s; peak memory 562 MiB.
2026-10-02T10:51:44Z INFO [965/2460] 229b7f7e-5690-4fdf-9a88-8e72ba357f9e: cophenetic index 6412; 4.3 s; peak memory 562 MiB.
2026-10-02T10:51:45Z INFO [966/2460] 229be09e-4425-4182-9e83-942e96416c58: cophenetic index 1751; 1.6 s; peak memory 562 MiB.
2026-10-02T10:51:47Z INFO [967/2460] 229c90cb-8a85-4265-8b26-2027ec718050: cophenetic index 3004; 1.3 s; peak memory 562 MiB.
2026-10-02T10:51:48Z INFO [968/2460] 229dc394-9805-4cf4-8d62-8e84ea20bfa8: cophenetic index 624; 1.0 s; peak memory 562 MiB.
2026-10-02T10:51:49Z INFO [969/2460] 229f2a96-b070-4fbc-9859-81a63915a62f: cophenetic index 3004; 1.4 s; peak memory 562 MiB.
2026-10-02T10:51:51Z INFO [970/2460] 229f638a-75f1-44c9-ade7-65a73f95ce56: cophenetic index 2625; 1.6 s; peak memory 562 MiB.
2026-10-02T10:51:51Z INFO [971/2460] 229fb1d0-5c8e-40d4-88d9-72ab51d028c3: cophenetic index 751; 0.8 s; peak memory 562 MiB.
2026-10-02T10:51:53Z INFO [972/2460] 22a225a4-9fc8-474f-b1db-84303195328d: cophenetic index 441; 1.2 s; peak memory 562 MiB.
2026-10-02T10:51:54Z INFO [973/2460] 22a2a097-ae5c-4915-a468-82ea2658ece1: cophenetic index 624; 1.2 s; peak memory 562 MiB.
2026-10-02T10:51:56Z INFO [974/2460] 22a38991-b4ca-4c09-bda8-8da4197d41bd: cophenetic index 99150; 2.2 s; peak memory 562 MiB.
2026-10-02T10:51:59Z INFO [975/2460] 22a3addb-ed84-4ad6-94dc-8f926cc4817d: cophenetic index 4677; 3.0 s; peak memory 562 MiB.
2026-10-02T10:52:00Z INFO [976/2460] 22a45db5-f1d5-4029-900e-d8090eb3831a: cophenetic index 624; 1.1 s; peak memory 562 MiB.
2026-10-02T10:52:01Z INFO [977/2460] 22a52c93-bfa7-4d01-ac5a-b65c002ea6e0: cophenetic index 649; 1.3 s; peak memory 562 MiB.
2026-10-02T10:52:03Z INFO [978/2460] 22a5c776-9d4f-4a89-871e-138b1dec3f8b: cophenetic index 3004; 1.3 s; peak memory 562 MiB.
2026-10-02T10:52:10Z INFO [979/2460] 22a6d7a2-e6ba-45f1-8ece-a05811a82bd2: cophenetic index 70582; 7.3 s; peak memory 562 MiB.
2026-10-02T10:52:11Z INFO [980/2460] 22a81088-71fa-4368-9973-68861f965993: cophenetic index 490; 0.7 s; peak memory 562 MiB.
2026-10-02T10:52:18Z INFO [981/2460] 22a86462-6df2-4553-a2b0-d60fb3e7b339: cophenetic index 6715; 7.2 s; peak memory 562 MiB.
2026-10-02T10:52:19Z INFO [982/2460] 22aacecc-571e-4953-80ea-d928df281f87: cophenetic index 937; 1.4 s; peak memory 562 MiB.
2026-10-02T10:52:20Z INFO [983/2460] 22aad800-d175-4dc3-9101-8158df2f496f: cophenetic index 624; 1.0 s; peak memory 562 MiB.
2026-10-02T10:52:22Z INFO [984/2460] 22ab2981-2da9-45a8-81ad-bd7ea9f65dc4: cophenetic index 2646; 1.3 s; peak memory 562 MiB.
2026-10-02T10:52:24Z INFO [985/2460] 22ab5009-3274-47cb-b52c-203b1d1d6229: cophenetic index 2056; 2.1 s; peak memory 562 MiB.
2026-10-02T10:52:32Z INFO [986/2460] 22abeb5e-1c57-4a63-aee5-54f52a4a213d: cophenetic index 25190858; 8.6 s; peak memory 562 MiB.
2026-10-02T10:52:36Z INFO [987/2460] 22abfccf-cc34-47d6-87a0-7059de3c588e: cophenetic index 8258; 3.4 s; peak memory 562 MiB.
2026-10-02T10:52:38Z INFO [988/2460] 22ac7066-d38c-49e2-8ef7-9843d4107c61: cophenetic index 1970; 2.5 s; peak memory 562 MiB.
2026-10-02T10:52:40Z INFO [989/2460] 22acf4c9-57e3-4410-85f9-9577a8202501: cophenetic index 2105; 2.0 s; peak memory 562 MiB.
2026-10-02T10:52:42Z INFO [990/2460] 22addd97-b942-4af0-a29c-faa35b3b2ff8: cophenetic index 33968; 1.5 s; peak memory 562 MiB.
2026-10-02T10:52:47Z INFO [991/2460] 22adf55e-bebc-42aa-ac9f-503b77e37a8c: cophenetic index 24102; 5.3 s; peak memory 562 MiB.
2026-10-02T10:52:50Z INFO [992/2460] 22adff0c-b7a5-45bd-adc0-b0767d4d967f: cophenetic index 5473; 3.3 s; peak memory 562 MiB.
2026-10-02T10:52:51Z INFO [993/2460] 22ae6679-0e8f-42d8-9d87-d59a291153b9: cophenetic index 624; 1.0 s; peak memory 562 MiB.
2026-10-02T10:52:53Z INFO [994/2460] 22ae9a93-772c-421a-87d3-78efc672b7fe: cophenetic index 2053; 1.9 s; peak memory 562 MiB.
2026-10-02T10:52:55Z INFO [995/2460] 22b0aac0-5980-41a0-87fe-912778a91087: cophenetic index 33998; 2.2 s; peak memory 562 MiB.
2026-10-02T10:52:57Z INFO [996/2460] 22b1087e-95f6-40e0-ad1f-818878654850: cophenetic index 431; 1.1 s; peak memory 562 MiB.
2026-10-02T10:52:57Z INFO [997/2460] 22b12b12-c4e8-4bad-8ac5-ef8d7c1e5ddb: cophenetic index 729; 0.8 s; peak memory 562 MiB.
2026-10-02T10:52:59Z INFO [998/2460] 22b15c01-762c-4144-8e71-22cccecb4ea7: cophenetic index 3004; 1.4 s; peak memory 562 MiB.
2026-10-02T10:53:00Z INFO [999/2460] 22b191ec-47fc-4fb8-b06c-e7c6e777ed94: cophenetic index 23864; 1.5 s; peak memory 562 MiB.
2026-10-02T10:53:01Z INFO [1000/2460] 22b2601c-706f-4cc9-b759-8277cb841ff5: cophenetic index 581; 1.1 s; peak memory 562 MiB.
2026-10-02T10:53:01Z INFO [1000/2460] 22b2601c-706f-4cc9-b759-8277cb841ff5: checkpointed 62864 records.
2026-10-02T10:53:10Z INFO [1001/2460] 22b31a67-2d63-4ff7-87e6-e75b1a70f656: cophenetic index 396274; 8.4 s; peak memory 562 MiB.
2026-10-02T10:53:11Z INFO [1002/2460] 22b38146-63b2-4fda-9360-0bba80ba66c8: cophenetic index 624; 1.1 s; peak memory 562 MiB.
2026-10-02T10:53:12Z INFO [1003/2460] 22b4789f-4102-4d32-ad7d-d4e271f58a41: cophenetic index 624; 1.0 s; peak memory 562 MiB.
2026-10-02T10:53:13Z INFO [1004/2460] 22b4c6f8-f7ae-492b-8dac-7955cf2e2156: cophenetic index 490; 0.8 s; peak memory 562 MiB.
2026-10-02T10:53:14Z INFO [1005/2460] 22b572df-9979-4d20-97a0-e88cc6a4769f: cophenetic index 33962; 1.7 s; peak memory 562 MiB.
2026-10-02T10:53:17Z INFO [1006/2460] 22b5dd2f-89e5-42d1-a372-56014ea3db40: cophenetic index 3045; 2.5 s; peak memory 562 MiB.
2026-10-02T10:53:18Z INFO [1007/2460] 22b64207-9b0b-4099-aa5f-27fd3586da0b: cophenetic index 23436; 1.5 s; peak memory 562 MiB.
2026-10-02T10:53:26Z INFO [1008/2460] 22b65787-97f8-4af7-9f48-06a289eeab50: cophenetic index 33285; 7.3 s; peak memory 562 MiB.
2026-10-02T10:53:28Z INFO [1009/2460] 22b727f5-517c-4344-b9ed-e603d3379740: cophenetic index 2402; 2.8 s; peak memory 562 MiB.
2026-10-02T10:53:30Z INFO [1010/2460] 22b73388-be5f-4419-a6aa-ee7b5dae822e: cophenetic index 2625; 1.4 s; peak memory 562 MiB.
2026-10-02T10:53:31Z INFO [1011/2460] 22b77b59-3dc2-429e-aaf4-f84d74ca5222: cophenetic index 624; 1.0 s; peak memory 562 MiB.
2026-10-02T10:53:33Z INFO [1012/2460] 22b8315b-e17b-448b-a6ae-2eb5847462dd: cophenetic index 2625; 1.8 s; peak memory 562 MiB.
2026-10-02T10:53:33Z INFO [1013/2460] 22b89af1-7ce6-4ef6-b47e-afdbd19d40b1: cophenetic index 446; 0.7 s; peak memory 562 MiB.
2026-10-02T10:53:43Z INFO [1014/2460] 22b8cc5e-090e-46c1-9590-b2659dcec058: cophenetic index 226789; 9.1 s; peak memory 562 MiB.
2026-10-02T10:53:43Z INFO [1015/2460] 22b94884-14ad-4373-b090-03d6ccbefb2e: cophenetic index 401; 0.8 s; peak memory 562 MiB.
2026-10-02T10:53:44Z INFO [1016/2460] 22ba4176-ddf3-4f1c-b173-03e7b3784076: cophenetic index 539; 1.0 s; peak memory 562 MiB.
2026-10-02T10:53:46Z INFO [1017/2460] 22ba4489-28f4-46e8-8358-b5e68722ae2a: cophenetic index 624; 1.1 s; peak memory 562 MiB.
2026-10-02T10:53:47Z INFO [1018/2460] 22bb4472-972a-41b1-850a-149b813a2016: cophenetic index 3004; 1.3 s; peak memory 562 MiB.
2026-10-02T10:53:49Z INFO [1019/2460] 22bb6549-5796-42a5-81bf-4bd8dad042c3: cophenetic index 99120; 1.9 s; peak memory 562 MiB.
2026-10-02T10:53:52Z INFO [1020/2460] 22bd4598-8b66-4187-847f-d61382079f59: cophenetic index 8258; 3.4 s; peak memory 562 MiB.
2026-10-02T10:53:53Z INFO [1021/2460] 22be7ba6-0caa-45ed-aeaa-d4fdfa5a9b41: cophenetic index 624; 1.0 s; peak memory 562 MiB.
2026-10-02T10:53:54Z INFO [1022/2460] 22bed272-a566-415d-a610-471154e5eba5: cophenetic index 431; 1.1 s; peak memory 562 MiB.
2026-10-02T10:53:55Z INFO [1023/2460] 22bedb6c-7426-4431-8b29-a5f38f4f5c9b: cophenetic index 1949; 1.0 s; peak memory 562 MiB.
2026-10-02T10:53:56Z INFO [1024/2460] 22bf2589-d7bf-493f-a3dc-8ac1c9ac7cd3: cophenetic index 649; 1.1 s; peak memory 562 MiB.
2026-10-02T10:53:57Z INFO [1025/2460] 22bfb194-4dcf-42a8-aa30-b4915f2f5818: cophenetic index 649; 1.2 s; peak memory 562 MiB.
2026-10-02T10:54:10Z INFO [1026/2460] 22bfbb1c-17ed-45e0-a6ea-b4a7816855cd: cophenetic index 173902; 12.6 s; peak memory 562 MiB.
2026-10-02T10:54:11Z INFO [1027/2460] 22c01b86-befa-40b0-8223-2b9d9fb75ff3: cophenetic index 2701; 1.5 s; peak memory 562 MiB.
2026-10-02T10:54:14Z INFO [1028/2460] 22c01bd2-74f4-44c3-9274-6b07ad7339ea: cophenetic index 34658; 2.6 s; peak memory 562 MiB.
2026-10-02T10:54:15Z INFO [1029/2460] 22c02e47-8c3b-483e-9e86-f31c65e528dd: cophenetic index 624; 1.0 s; peak memory 562 MiB.
2026-10-02T10:54:16Z INFO [1030/2460] 22c1d7c4-5b58-4294-b7a3-4b8d6e824c5d: cophenetic index 690; 1.0 s; peak memory 562 MiB.
2026-10-02T10:54:17Z INFO [1031/2460] 22c25dd5-900d-486e-ba64-0a9ef5dd4449: cophenetic index 624; 1.0 s; peak memory 562 MiB.
2026-10-02T10:54:18Z INFO [1032/2460] 22c2c04f-5a27-464c-8f4d-0f2482ddf86f: cophenetic index 624; 1.1 s; peak memory 562 MiB.
2026-10-02T10:54:20Z INFO [1033/2460] 22c30017-98cd-4c1b-b7e6-371a52032b8a: cophenetic index 2625; 1.8 s; peak memory 562 MiB.
2026-10-02T10:54:21Z INFO [1034/2460] 22c3d2cb-b48c-488a-a76d-96bfeef61cc1: cophenetic index 624; 0.9 s; peak memory 562 MiB.
2026-10-02T10:54:22Z INFO [1035/2460] 22c3f244-572d-4076-a0be-1c984a8ded6a: cophenetic index 624; 1.2 s; peak memory 562 MiB.
2026-10-02T10:54:48Z INFO [1036/2460] 22c41451-75ce-4e27-a387-df96f8ee423c: cophenetic index 274399; 25.6 s; peak memory 562 MiB.
2026-10-02T10:54:49Z INFO [1037/2460] 22c42d68-86cb-4bd9-9638-6c78fd28676b: cophenetic index 624; 1.0 s; peak memory 562 MiB.
2026-10-02T10:54:51Z INFO [1038/2460] 22c484ed-2cd6-46f4-8f2c-ba4d285e2da4: cophenetic index 959; 2.3 s; peak memory 562 MiB.
2026-10-02T10:54:53Z INFO [1039/2460] 22c5bbd6-11ec-47b3-ad84-d27ce7f78d80: cophenetic index 1049; 1.7 s; peak memory 562 MiB.
2026-10-02T10:54:55Z INFO [1040/2460] 22c5d90a-0ad0-4924-8821-3abf03032c94: cophenetic index 2682; 2.3 s; peak memory 562 MiB.
2026-10-02T10:54:57Z INFO [1041/2460] 22c5e9ee-f57b-4f28-bc3c-e55b214245f6: cophenetic index 2625; 1.7 s; peak memory 562 MiB.
2026-10-02T10:54:58Z INFO [1042/2460] 22c8354c-b95f-453d-b5fb-1e4cab1497c7: cophenetic index 1993; 1.6 s; peak memory 562 MiB.
2026-10-02T10:55:04Z INFO [1043/2460] 22c83a3c-2cce-4f88-9531-37697cc2185e: cophenetic index 110531; 6.3 s; peak memory 562 MiB.
2026-10-02T10:55:08Z INFO [1044/2460] 22c96b2e-7b81-4e98-a408-63a2e3fd3ef6: cophenetic index 8488; 3.2 s; peak memory 562 MiB.
2026-10-02T10:55:09Z INFO [1045/2460] 22c99f74-b65c-4080-982c-746a8e54018c: cophenetic index 3004; 1.2 s; peak memory 562 MiB.
2026-10-02T10:55:11Z INFO [1046/2460] 22c9f361-bc52-4391-b553-43f5a6579e14: cophenetic index 2005; 2.1 s; peak memory 562 MiB.
2026-10-02T10:55:12Z INFO [1047/2460] 22ca7631-cbb6-408a-96f0-2c9e5c60fe90: cophenetic index 2974; 1.4 s; peak memory 562 MiB.
2026-10-02T10:55:14Z INFO [1048/2460] 22cad197-7239-49a4-98eb-1edf7607feb7: cophenetic index 13320; 1.7 s; peak memory 562 MiB.
2026-10-02T10:55:15Z INFO [1049/2460] 22cb6285-6b57-4077-8ddd-30d9c94a5338: cophenetic index 581; 1.3 s; peak memory 562 MiB.
2026-10-02T10:55:17Z INFO [1050/2460] 22cbdb27-f086-4c60-9423-c775fd109342: cophenetic index 722; 1.2 s; peak memory 562 MiB.
2026-10-02T10:55:17Z INFO [1050/2460] 22cbdb27-f086-4c60-9423-c775fd109342: checkpointed 62914 records.
2026-10-02T10:55:18Z INFO [1051/2460] 22ccd4f9-5399-4ca5-9194-e5268a471139: cophenetic index 2625; 1.6 s; peak memory 562 MiB.
2026-10-02T10:55:21Z INFO [1052/2460] 22cd4ee9-aa99-4cf7-8cbd-ba6e45f30277: cophenetic index 895; 2.3 s; peak memory 562 MiB.
2026-10-02T10:55:30Z INFO [1053/2460] 22cd75cf-1148-4776-bf6e-4d2a5ac95dcd: cophenetic index 46939; 9.2 s; peak memory 562 MiB.
2026-10-02T10:55:31Z INFO [1054/2460] 22cda67d-1418-4cde-be2a-e5feda0b5bd6: cophenetic index 431; 1.2 s; peak memory 562 MiB.
2026-10-02T10:55:32Z INFO [1055/2460] 22ce32c2-e32c-49f8-a2c3-3687ea45d363: cophenetic index 3004; 1.3 s; peak memory 562 MiB.
2026-10-02T10:55:33Z INFO [1056/2460] 22ce5bc5-0dc5-4c08-9738-b4c24cac8a9b: cophenetic index 624; 1.2 s; peak memory 562 MiB.
2026-10-02T10:55:36Z INFO [1057/2460] 22cef7fe-89db-4f4d-b02b-68bffcdfea79: cophenetic index 895; 2.3 s; peak memory 562 MiB.
2026-10-02T10:55:37Z INFO [1058/2460] 22cf7d97-3628-4622-9967-f8a9040481df: cophenetic index 2114; 1.7 s; peak memory 562 MiB.
2026-10-02T10:55:47Z INFO [1059/2460] 22d04cb2-432e-4654-a767-362cc33d2e9a: cophenetic index 202564; 9.2 s; peak memory 562 MiB.
2026-10-02T10:55:48Z INFO [1060/2460] 22d072ff-023d-434f-a74e-b7a8e5291fc8: cophenetic index 624; 1.0 s; peak memory 562 MiB.
2026-10-02T10:55:49Z INFO [1061/2460] 22d19946-1c11-46e2-a503-7a97fcd2c03d: cophenetic index 490; 0.9 s; peak memory 562 MiB.
2026-10-02T10:56:00Z INFO [1062/2460] 22d2e6a1-4dfa-4f22-af0f-9df8be9d68a8: cophenetic index 48421; 11.5 s; peak memory 562 MiB.
2026-10-02T10:58:22Z INFO [1063/2460] 22d450b0-9c81-455d-9ee9-6581500aa60f: cophenetic index 2093324699; 141.9 s; peak memory 848 MiB.
2026-10-02T10:58:23Z INFO [1064/2460] 22d518c7-188c-4570-bf0e-04c12db9386d: cophenetic index 2319; 1.5 s; peak memory 848 MiB.
2026-10-02T10:58:26Z INFO [1065/2460] 22d689b1-41ce-4f65-baa6-2d58c1d904f9: cophenetic index 1651; 2.2 s; peak memory 848 MiB.
2026-10-02T10:58:32Z INFO [1066/2460] 22d74cbb-9565-419d-9a98-df849354868c: cophenetic index 20638; 6.1 s; peak memory 848 MiB.
2026-10-02T10:58:33Z INFO [1067/2460] 22da0803-692e-4993-a020-45586bd94d11: cophenetic index 624; 1.0 s; peak memory 848 MiB.
2026-10-02T10:58:34Z INFO [1068/2460] 22da7129-995f-4ad3-9b73-d39787d6de0e: cophenetic index 2923; 1.1 s; peak memory 848 MiB.
2026-10-02T10:58:36Z INFO [1069/2460] 22db8aed-5e02-42f3-86b9-182b843f7629: cophenetic index 2682; 2.6 s; peak memory 848 MiB.
2026-10-02T10:58:47Z INFO [1070/2460] 22db926b-3a52-44ef-9302-856abf32882a: cophenetic index 120158; 10.3 s; peak memory 848 MiB.
2026-10-02T10:58:57Z INFO [1071/2460] 22db9604-17ef-42be-ad18-f7187f340d5a: cophenetic index 168325; 10.4 s; peak memory 848 MiB.
2026-10-02T10:58:58Z INFO [1072/2460] 22dbbc39-e64e-487b-b819-6a5b0eb96f38: cophenetic index 624; 1.0 s; peak memory 848 MiB.
2026-10-02T10:59:01Z INFO [1073/2460] 22dbde36-a6d5-446b-b22f-5ef114591c19: cophenetic index 3644; 2.9 s; peak memory 848 MiB.
2026-10-02T10:59:02Z INFO [1074/2460] 22dbf3c4-21f6-437d-92fc-754b42210dd3: cophenetic index 2840; 1.2 s; peak memory 848 MiB.
2026-10-02T10:59:04Z INFO [1075/2460] 22dc03e0-7556-4de1-bc42-dfc4f1e146e3: cophenetic index 1006; 1.5 s; peak memory 848 MiB.
2026-10-02T10:59:06Z INFO [1076/2460] 22dd9c8a-08da-4965-ad12-3da3fa2a1d0d: cophenetic index 2625; 1.8 s; peak memory 848 MiB.
2026-10-02T10:59:06Z INFO [1077/2460] 22e01c46-7ba0-4b47-a31d-ed757a80937f: cophenetic index 926; 1.0 s; peak memory 848 MiB.
2026-10-02T10:59:13Z INFO [1078/2460] 22e0b57b-c6c0-47ca-a6e7-573728b6dfe2: cophenetic index 13178; 6.8 s; peak memory 848 MiB.
2026-10-02T10:59:15Z INFO [1079/2460] 22e35cdc-71bd-454f-b67e-63d0ceb51b67: cophenetic index 1904; 1.6 s; peak memory 848 MiB.
2026-10-02T10:59:25Z INFO [1080/2460] 22e3d155-f3ae-4049-80bc-22143c5d63de: cophenetic index 47115; 9.9 s; peak memory 848 MiB.
2026-10-02T10:59:26Z INFO [1081/2460] 22e3e500-1767-4616-b683-1fdbe95fdd67: cophenetic index 649; 1.3 s; peak memory 848 MiB.
2026-10-02T10:59:27Z INFO [1082/2460] 22e3ece8-52b0-4ad4-9f3b-12b323f76296: cophenetic index 624; 1.1 s; peak memory 848 MiB.
2026-10-02T10:59:29Z INFO [1083/2460] 22e43826-8c08-4e30-8d50-bf48ad53be7d: cophenetic index 2496; 1.8 s; peak memory 848 MiB.
2026-10-02T10:59:31Z INFO [1084/2460] 22e458a8-106a-42de-8a27-aa1797b79e95: cophenetic index 2625; 1.6 s; peak memory 848 MiB.
2026-10-02T10:59:32Z INFO [1085/2460] 22e46b7a-fbb3-40de-a996-cec4ee16d3e6: cophenetic index 2570; 1.5 s; peak memory 848 MiB.
2026-10-02T10:59:33Z INFO [1086/2460] 22e475f2-fb57-44f7-af36-57ecdfdf8a8e: cophenetic index 494; 1.0 s; peak memory 848 MiB.
2026-10-02T10:59:41Z INFO [1087/2460] 22e4d4d0-c13e-466a-987b-63b19f16b352: cophenetic index 14788; 7.8 s; peak memory 848 MiB.
2026-10-02T10:59:43Z INFO [1088/2460] 22e659c0-172d-4d0b-85a5-f45fa5ce2727: cophenetic index 99150; 2.0 s; peak memory 848 MiB.
2026-10-02T10:59:45Z INFO [1089/2460] 22e7f9c0-7beb-4bac-837c-c3850da5fe9d: cophenetic index 949; 1.9 s; peak memory 848 MiB.
2026-10-02T10:59:46Z INFO [1090/2460] 22e80f4d-84b1-47c9-9748-1023c226b233: cophenetic index 3004; 1.3 s; peak memory 848 MiB.
2026-10-02T10:59:47Z INFO [1091/2460] 22e84abf-7d22-4745-a311-c24627514436: cophenetic index 1602; 1.2 s; peak memory 848 MiB.
2026-10-02T10:59:49Z INFO [1092/2460] 22e9ddcf-db6a-475b-a9e0-2e651b3def33: cophenetic index 431; 1.1 s; peak memory 848 MiB.
2026-10-02T10:59:57Z INFO [1093/2460] 22e9f574-dd53-4eb2-883c-75e4572d0ef3: cophenetic index 35361; 8.5 s; peak memory 848 MiB.
2026-10-02T11:00:03Z INFO [1094/2460] 22eb438e-d5c3-4fa1-a2bf-6a8b60990354: cophenetic index 25527; 5.8 s; peak memory 848 MiB.
2026-10-02T11:00:04Z INFO [1095/2460] 22eb6201-ee10-4c97-b0b0-81fdbaa40011: cophenetic index 2625; 1.5 s; peak memory 848 MiB.
2026-10-02T11:00:06Z INFO [1096/2460] 22ebcf26-73fa-4486-8660-4c4ac91da80d: cophenetic index 3004; 1.4 s; peak memory 848 MiB.
2026-10-02T11:00:07Z INFO [1097/2460] 22ec8c4a-065f-468f-8411-955fbadde1bf: cophenetic index 725; 1.1 s; peak memory 848 MiB.
2026-10-02T11:00:08Z INFO [1098/2460] 22ed2371-5996-4dff-a76c-bbf606df7f29: cophenetic index 33986; 1.6 s; peak memory 848 MiB.
2026-10-02T11:00:10Z INFO [1099/2460] 22ed8d39-b42d-469d-9d05-74dcdb960f48: cophenetic index 3087; 1.3 s; peak memory 848 MiB.
2026-10-02T11:00:11Z INFO [1100/2460] 22edcd96-defd-456c-9800-dac932975530: cophenetic index 624; 1.1 s; peak memory 848 MiB.
2026-10-02T11:00:11Z INFO [1100/2460] 22edcd96-defd-456c-9800-dac932975530: checkpointed 62964 records.
2026-10-02T11:00:12Z INFO [1101/2460] 22ede0c6-ea27-487f-9cc8-f59dffe9fc35: cophenetic index 33968; 1.6 s; peak memory 848 MiB.
2026-10-02T11:00:14Z INFO [1102/2460] 22edea07-eed9-4e4a-a671-3e1a7f8e3e2e: cophenetic index 3057; 1.4 s; peak memory 848 MiB.
2026-10-02T11:00:16Z INFO [1103/2460] 22ee560e-bc87-462a-b76d-447f5fba205d: cophenetic index 33998; 2.0 s; peak memory 848 MiB.
2026-10-02T11:00:17Z INFO [1104/2460] 22eeb061-992b-4089-94ee-e2539e1ea4e3: cophenetic index 2974; 1.3 s; peak memory 848 MiB.
2026-10-02T11:00:18Z INFO [1105/2460] 22eeeab5-aec8-43db-80f4-10a0e492c825: cophenetic index 1148; 1.3 s; peak memory 848 MiB.
2026-10-02T11:00:20Z INFO [1106/2460] 22ef3c79-ab7b-43a4-8ee1-2097574890d0: cophenetic index 2625; 1.7 s; peak memory 848 MiB.
2026-10-02T11:00:21Z INFO [1107/2460] 22efcf95-9cf1-49d9-8102-45fb164e6a95: cophenetic index 624; 1.1 s; peak memory 848 MiB.
2026-10-02T11:00:22Z INFO [1108/2460] 22f061f9-10e7-47ef-bdbd-89e8a7ba4bed: cophenetic index 560; 0.9 s; peak memory 848 MiB.
2026-10-02T11:00:23Z INFO [1109/2460] 22f07a97-2ab7-4cfa-9339-4b752e662085: cophenetic index 624; 1.1 s; peak memory 848 MiB.
2026-10-02T11:00:25Z INFO [1110/2460] 22f09096-4756-4149-ac3a-e65664c430b1: cophenetic index 30304; 1.7 s; peak memory 848 MiB.
2026-10-02T11:00:28Z INFO [1111/2460] 22f10a92-bc12-4ddc-9014-d6e02c1b736b: cophenetic index 2473; 2.7 s; peak memory 848 MiB.
2026-10-02T11:00:29Z INFO [1112/2460] 22f1890c-cb57-4eed-af87-e9676e632c01: cophenetic index 515; 1.9 s; peak memory 848 MiB.
2026-10-02T11:00:42Z INFO [1113/2460] 22f18cfe-a9ab-4561-bbcf-7e6b8f2b9fa6: cophenetic index 40379; 12.8 s; peak memory 848 MiB.
2026-10-02T11:00:45Z INFO [1114/2460] 22f24abe-b207-442e-a3e1-34caa6a81287: cophenetic index 2682; 2.7 s; peak memory 848 MiB.
2026-10-02T11:01:30Z INFO [1115/2460] 22f2ef69-93c1-4f72-9043-9aa3cddfe433: cophenetic index 8548602; 45.3 s; peak memory 848 MiB.
2026-10-02T11:01:31Z INFO [1116/2460] 22f313c3-9aaa-4148-9396-42fc0f9598dd: cophenetic index 624; 1.1 s; peak memory 848 MiB.
2026-10-02T11:01:41Z INFO [1117/2460] 22f362cc-e80c-4086-9ab4-9e4b599e599c: cophenetic index 101629; 9.9 s; peak memory 848 MiB.
2026-10-02T11:01:42Z INFO [1118/2460] 22f41d4a-9f27-43f8-9fb5-972ac11e0529: cophenetic index 649; 1.2 s; peak memory 848 MiB.
2026-10-02T11:01:47Z INFO [1119/2460] 22f498d4-bda2-48e7-a699-b99835df78ac: cophenetic index 59625; 4.9 s; peak memory 848 MiB.
2026-10-02T11:01:51Z INFO [1120/2460] 22f623f9-30c8-4882-ae0e-db89bf58a0a8: cophenetic index 6412; 4.1 s; peak memory 848 MiB.
2026-10-02T11:01:53Z INFO [1121/2460] 22f686f1-dc76-47e7-9287-3214d145ae09: cophenetic index 2636; 1.7 s; peak memory 848 MiB.
2026-10-02T11:02:00Z INFO [1122/2460] 22f742ad-d29f-4d17-b741-00e900e9d689: cophenetic index 9548; 6.7 s; peak memory 848 MiB.
2026-10-02T11:02:01Z INFO [1123/2460] 22f78e47-5d0d-4ae4-bca0-f95e9810ed47: cophenetic index 649; 1.3 s; peak memory 848 MiB.
2026-10-02T11:02:02Z INFO [1124/2460] 22f95711-7ce9-48b9-99c7-f333a7349c0a: cophenetic index 3057; 1.2 s; peak memory 848 MiB.
2026-10-02T11:02:03Z INFO [1125/2460] 22fa0c39-8cd0-40aa-95c2-c901b331eb95: cophenetic index 649; 0.8 s; peak memory 848 MiB.
2026-10-02T11:02:04Z INFO [1126/2460] 22fa2867-ca24-41a9-a37d-0c8a6277d13f: cophenetic index 624; 1.1 s; peak memory 848 MiB.
2026-10-02T11:02:05Z INFO [1127/2460] 22fa6567-ccce-4b89-a650-245b064b0848: cophenetic index 554; 1.4 s; peak memory 848 MiB.
2026-10-02T11:02:08Z INFO [1128/2460] 22fad5a0-7c6b-4a9d-91e2-ca07f40d052f: cophenetic index 2625; 2.1 s; peak memory 848 MiB.
2026-10-02T11:02:09Z INFO [1129/2460] 22fc4d1d-24cd-4e81-a322-966eb4b5b849: cophenetic index 3004; 1.4 s; peak memory 848 MiB.
2026-10-02T11:02:11Z INFO [1130/2460] 22fc999e-18bc-4867-b45d-35147f8d729b: cophenetic index 949; 1.8 s; peak memory 848 MiB.
2026-10-02T11:02:17Z INFO [1131/2460] 22fccbbe-d300-4b6d-8015-87e8ad55f625: cophenetic index 9548; 6.4 s; peak memory 848 MiB.
2026-10-02T11:02:18Z INFO [1132/2460] 22fd70bf-0dea-4ae9-8dee-42af10712ad3: cophenetic index 690; 1.0 s; peak memory 848 MiB.
2026-10-02T11:02:20Z INFO [1133/2460] 22fdd71a-4dbb-45af-a428-22de2c62a780: cophenetic index 33968; 1.5 s; peak memory 848 MiB.
2026-10-02T11:02:21Z INFO [1134/2460] 22fddffa-cdc4-4315-bb44-4f324da0aa3e: cophenetic index 2625; 1.8 s; peak memory 848 MiB.
2026-10-02T11:02:23Z INFO [1135/2460] 22fe4b81-86ce-47de-b3a7-631549cbe679: cophenetic index 2974; 1.3 s; peak memory 848 MiB.
2026-10-02T11:04:10Z INFO [1136/2460] 22fe8408-406a-4f76-a30a-817294f27ea8: cophenetic index 1113860; 107.7 s; peak memory 848 MiB.
2026-10-02T11:04:18Z INFO [1137/2460] 22ff3e0b-65a9-4c91-83ad-3e15df795965: cophenetic index 252466; 7.7 s; peak memory 848 MiB.
2026-10-02T11:04:19Z INFO [1138/2460] 22ff9063-02f7-45f3-98e6-e435dbf3dfd8: cophenetic index 3004; 1.3 s; peak memory 848 MiB.
2026-10-02T11:04:21Z INFO [1139/2460] 22ffb653-9f50-4176-b74b-7bce0146a888: cophenetic index 605; 1.2 s; peak memory 848 MiB.
2026-10-02T11:04:21Z INFO [1140/2460] 22fff86c-e9c1-4096-85d6-a11e14b0aed1: cophenetic index 731; 0.8 s; peak memory 848 MiB.
2026-10-02T11:04:23Z INFO [1141/2460] 23002a2c-9b78-4678-be09-b28250de4a89: cophenetic index 23794; 1.6 s; peak memory 848 MiB.
2026-10-02T11:04:34Z INFO [1142/2460] 23004e3a-78d6-44c4-a272-8d4f42e88764: cophenetic index 195172996; 10.7 s; peak memory 849 MiB.
2026-10-02T11:04:49Z INFO [1143/2460] 2300d3a4-9d8f-4268-a2dd-a30bbf039cb5: cophenetic index 17129696; 15.6 s; peak memory 849 MiB.
2026-10-02T11:04:51Z INFO [1144/2460] 2301b25f-ee3e-44c6-9cd2-2f33420b3674: cophenetic index 99120; 2.0 s; peak memory 849 MiB.
2026-10-02T11:04:53Z INFO [1145/2460] 2301f71d-39f2-4eaa-960f-12cacd48c7af: cophenetic index 3004; 1.3 s; peak memory 849 MiB.
2026-10-02T11:04:54Z INFO [1146/2460] 23029953-6379-4c6a-afc3-52fa1d8e73b4: cophenetic index 2625; 1.5 s; peak memory 849 MiB.
2026-10-02T11:04:56Z INFO [1147/2460] 2303272d-ae7c-4f74-bfd8-65a3d8c6f494: cophenetic index 2974; 1.4 s; peak memory 849 MiB.
2026-10-02T11:04:57Z INFO [1148/2460] 2304d957-4967-40cd-93ec-57dbe8c1a649: cophenetic index 3004; 1.3 s; peak memory 849 MiB.
2026-10-02T11:04:59Z INFO [1149/2460] 2304f736-a322-43e6-a606-1f894765ad37: cophenetic index 2724; 1.7 s; peak memory 849 MiB.
2026-10-02T11:05:00Z INFO [1150/2460] 2305bc61-2b05-4a49-bd94-103595ee6f21: cophenetic index 3057; 1.3 s; peak memory 849 MiB.
2026-10-02T11:05:00Z INFO [1150/2460] 2305bc61-2b05-4a49-bd94-103595ee6f21: checkpointed 63014 records.
2026-10-02T11:05:01Z INFO [1151/2460] 2305c477-8718-4410-8f1a-973e18b9c2eb: cophenetic index 401; 0.8 s; peak memory 849 MiB.
2026-10-02T11:05:02Z INFO [1152/2460] 2305dd46-d765-41a7-b5a8-403b9bb3a79b: cophenetic index 1904; 1.5 s; peak memory 849 MiB.
2026-10-02T11:05:04Z INFO [1153/2460] 230648ca-3fc2-417e-bfb5-93bd66ed547d: cophenetic index 3087; 1.4 s; peak memory 849 MiB.
2026-10-02T11:05:05Z INFO [1154/2460] 23069a93-9a82-4534-a3d3-63e38ba43bd9: cophenetic index 624; 1.2 s; peak memory 849 MiB.
2026-10-02T11:05:06Z INFO [1155/2460] 2306aae5-844f-4688-a0d9-c102f8a2bbbe: cophenetic index 907; 1.0 s; peak memory 849 MiB.
2026-10-02T11:05:09Z INFO [1156/2460] 230753ea-2d9c-45e7-8fbd-5a0cd5544489: cophenetic index 5473; 3.4 s; peak memory 849 MiB.
2026-10-02T11:05:11Z INFO [1157/2460] 2307574d-fba9-4eb1-9cd6-6aa224c71edc: cophenetic index 1949; 1.3 s; peak memory 849 MiB.
2026-10-02T11:05:12Z INFO [1158/2460] 2307d37e-bce0-4181-b412-94446ffd0688: cophenetic index 33986; 1.4 s; peak memory 849 MiB.
2026-10-02T11:05:13Z INFO [1159/2460] 23080da2-9ae1-403e-81e0-c141a3e04eed: cophenetic index 3004; 1.3 s; peak memory 849 MiB.
2026-10-02T11:05:14Z INFO [1160/2460] 230871d9-8adc-49e0-999c-bb441e04f56b: cophenetic index 624; 1.0 s; peak memory 849 MiB.
2026-10-02T11:05:21Z INFO [1161/2460] 2308cd05-2a9e-4735-9d76-69944edaee00: cophenetic index 33285; 6.8 s; peak memory 849 MiB.
2026-10-02T11:05:22Z INFO [1162/2460] 23099e53-4a15-4e85-81ee-f8788159a566: cophenetic index 624; 1.1 s; peak memory 849 MiB.
2026-10-02T11:05:24Z INFO [1163/2460] 230a25d3-a866-4de2-9aea-a66cd8352f20: cophenetic index 33968; 1.5 s; peak memory 849 MiB.
2026-10-02T11:05:25Z INFO [1164/2460] 230abade-d259-4894-8497-03c6a7387a16: cophenetic index 33968; 1.4 s; peak memory 849 MiB.
2026-10-02T11:05:27Z INFO [1165/2460] 230b3e12-3f35-41f0-a516-7910ada9da3e: cophenetic index 2625; 1.5 s; peak memory 849 MiB.
2026-10-02T11:05:28Z INFO [1166/2460] 230c6434-f61b-423c-af43-2e1eddbafaee: cophenetic index 3087; 1.2 s; peak memory 849 MiB.
2026-10-02T11:05:29Z INFO [1167/2460] 230c916f-7fb7-49a1-a760-ab5c0148d4b0: cophenetic index 729; 0.8 s; peak memory 849 MiB.
2026-10-02T11:05:31Z INFO [1168/2460] 230ce45f-67b0-4358-af6e-98d462b6ae97: cophenetic index 2625; 2.1 s; peak memory 849 MiB.
2026-10-02T11:05:32Z INFO [1169/2460] 230d79db-54dc-49ce-b20e-c88ae070c933: cophenetic index 624; 1.1 s; peak memory 849 MiB.
2026-10-02T11:05:33Z INFO [1170/2460] 230e4e9d-7929-47b6-b68f-d928b616845f: cophenetic index 624; 1.1 s; peak memory 849 MiB.
2026-10-02T11:05:34Z INFO [1171/2460] 230f11d1-7336-41c6-8a6f-1cd545d534b7: cophenetic index 431; 1.0 s; peak memory 849 MiB.
2026-10-02T11:05:40Z INFO [1172/2460] 230f8a41-6afb-4acf-9693-ab6800b45b0e: cophenetic index 1153973; 6.3 s; peak memory 849 MiB.
2026-10-02T11:05:45Z INFO [1173/2460] 2310125d-3596-445d-af64-583c7c236000: cophenetic index 2150; 4.7 s; peak memory 849 MiB.
2026-10-02T11:05:47Z INFO [1174/2460] 23109dd8-c9aa-40f4-af88-d84defabf197: cophenetic index 766; 1.8 s; peak memory 849 MiB.
2026-10-02T11:05:48Z INFO [1175/2460] 2310f563-b48e-4182-92b5-a495c6ee767f: cophenetic index 490; 0.8 s; peak memory 849 MiB.
2026-10-02T11:05:49Z INFO [1176/2460] 23110a90-0d5b-47f4-b2dd-9a18f8c3ce5b: cophenetic index 624; 1.1 s; peak memory 849 MiB.
2026-10-02T11:05:50Z INFO [1177/2460] 2311370b-eb6d-41da-ac55-9634c6fb8894: cophenetic index 33986; 1.5 s; peak memory 849 MiB.
2026-10-02T11:05:51Z INFO [1178/2460] 23119f71-1c61-4701-9922-3a0821412236: cophenetic index 754; 1.1 s; peak memory 849 MiB.
2026-10-02T11:05:53Z INFO [1179/2460] 23128312-cc38-4b30-97ff-317751b781bb: cophenetic index 649; 1.2 s; peak memory 849 MiB.
2026-10-02T11:05:54Z INFO [1180/2460] 23134728-0df0-4338-91f1-9c5c63e493da: cophenetic index 30304; 1.7 s; peak memory 849 MiB.
2026-10-02T11:05:55Z INFO [1181/2460] 23136e5c-5861-410c-a4cf-8f30071f84ba: cophenetic index 624; 1.0 s; peak memory 849 MiB.
2026-10-02T11:05:56Z INFO [1182/2460] 2313ac7c-800c-473f-ba10-e466faa1861c: cophenetic index 3215; 1.0 s; peak memory 849 MiB.
2026-10-02T11:06:01Z INFO [1183/2460] 2313fa0f-75e5-415a-87d1-9f4a5492b159: cophenetic index 6309; 4.3 s; peak memory 849 MiB.
2026-10-02T11:06:02Z INFO [1184/2460] 231402bc-9f2e-4c9c-a8b3-607de0786c6f: cophenetic index 624; 1.0 s; peak memory 849 MiB.
2026-10-02T11:06:03Z INFO [1185/2460] 23140e7c-8d24-4e26-963c-d9fece72b9f6: cophenetic index 539; 1.1 s; peak memory 849 MiB.
2026-10-02T11:06:11Z INFO [1186/2460] 23147a80-58b6-4960-bab8-cf4daaa2f5c9: cophenetic index 14699; 8.4 s; peak memory 849 MiB.
2026-10-02T11:06:13Z INFO [1187/2460] 2314b183-dfa8-4b0b-85fe-9fcf1b3c6e43: cophenetic index 2625; 1.8 s; peak memory 849 MiB.
2026-10-02T11:06:15Z INFO [1188/2460] 23156109-95d5-4f24-b716-0e67d450ff38: cophenetic index 33968; 1.8 s; peak memory 849 MiB.
2026-10-02T11:06:21Z INFO [1189/2460] 2315b671-08b0-448b-a5aa-36578ef42c9b: cophenetic index 9548; 6.4 s; peak memory 849 MiB.
2026-10-02T11:06:22Z INFO [1190/2460] 231605dc-cc63-45e6-9647-71968bde5e8f: cophenetic index 624; 1.1 s; peak memory 849 MiB.
2026-10-02T11:06:23Z INFO [1191/2460] 2316ccf4-8d1c-487b-8a74-29d6115d1fe1: cophenetic index 751; 0.8 s; peak memory 849 MiB.
2026-10-02T11:06:25Z INFO [1192/2460] 2317110e-a731-4738-91fa-25598022f8c2: cophenetic index 959; 2.0 s; peak memory 849 MiB.
2026-10-02T11:06:26Z INFO [1193/2460] 23178ac0-2442-4933-8db9-f1620969a2c3: cophenetic index 3087; 1.3 s; peak memory 849 MiB.
2026-10-02T11:06:27Z INFO [1194/2460] 23179412-e99d-4591-a7a0-3db6a8ca1a2a: cophenetic index 539; 1.2 s; peak memory 849 MiB.
2026-10-02T11:06:29Z INFO [1195/2460] 23194ec5-cca2-4251-81f3-db053e67d8b9: cophenetic index 1751; 1.5 s; peak memory 849 MiB.
2026-10-02T11:06:32Z INFO [1196/2460] 23199143-1be8-4d5e-9741-43594495bf02: cophenetic index 2402; 3.0 s; peak memory 849 MiB.
2026-10-02T11:06:33Z INFO [1197/2460] 231a48b9-2c77-4cb1-8982-07373a99bfad: cophenetic index 3004; 1.3 s; peak memory 849 MiB.
2026-10-02T11:06:35Z INFO [1198/2460] 231a74e4-80ed-48f5-a2bb-adf440ea6839: cophenetic index 33986; 1.6 s; peak memory 849 MiB.
2026-10-02T11:06:44Z INFO [1199/2460] 231af817-e732-40ec-842b-d872848c56b5: cophenetic index 48262; 9.4 s; peak memory 849 MiB.
2026-10-02T11:06:46Z INFO [1200/2460] 231b7d2e-02f2-4b6e-bfce-294214c6a0b1: cophenetic index 649; 1.2 s; peak memory 849 MiB.
2026-10-02T11:06:46Z INFO [1200/2460] 231b7d2e-02f2-4b6e-bfce-294214c6a0b1: checkpointed 63064 records.
2026-10-02T11:06:46Z INFO [1201/2460] 231e8148-e434-42c7-9365-1f1ac0f26a92: cophenetic index 762; 0.8 s; peak memory 849 MiB.
2026-10-02T11:06:48Z INFO [1202/2460] 231ed342-39af-456f-98b8-27dc86a3712f: cophenetic index 2625; 1.9 s; peak memory 849 MiB.
2026-10-02T11:06:50Z INFO [1203/2460] 2320642e-5d2a-40ec-a0d0-b89999c7c8c1: cophenetic index 33962; 1.8 s; peak memory 849 MiB.
2026-10-02T11:08:28Z INFO [1204/2460] 23207573-3039-40bb-a398-0b8fce1acb61: cophenetic index 710329601; 97.4 s; peak memory 850 MiB.
2026-10-02T11:08:31Z INFO [1205/2460] 23215879-db3c-4ea9-8991-14e68a572562: cophenetic index 4596; 3.8 s; peak memory 850 MiB.
2026-10-02T11:08:32Z INFO [1206/2460] 23216090-9ae7-4f0c-bdee-5ac52e79bc0b: cophenetic index 490; 1.0 s; peak memory 850 MiB.
2026-10-02T11:08:34Z INFO [1207/2460] 232185cc-313a-4edf-b3f6-11b2e804740b: cophenetic index 624; 1.3 s; peak memory 850 MiB.
2026-10-02T11:08:45Z INFO [1208/2460] 23219884-1bc8-48dd-ab5f-03d210607f0a: cophenetic index 178180; 10.9 s; peak memory 850 MiB.
2026-10-02T11:08:45Z INFO [1209/2460] 23221cc2-717e-40f1-925a-e03aea91bb98: cophenetic index 379; 0.8 s; peak memory 850 MiB.
2026-10-02T11:08:48Z INFO [1210/2460] 23240d2f-4300-494a-a648-ec7486630530: cophenetic index 2682; 2.7 s; peak memory 850 MiB.
2026-10-02T11:09:00Z INFO [1211/2460] 2324503c-e3cc-4f21-8bde-c4fef5c142a8: cophenetic index 487317; 11.8 s; peak memory 850 MiB.
2026-10-02T11:09:01Z INFO [1212/2460] 2324774a-48f0-449f-bb7f-d8ab440e3351: cophenetic index 624; 1.3 s; peak memory 850 MiB.
2026-10-02T11:09:02Z INFO [1213/2460] 23249618-5881-4c8c-9eef-aa5fd7ecb53c: cophenetic index 490; 1.0 s; peak memory 850 MiB.
2026-10-02T11:09:03Z INFO [1214/2460] 2324d5f3-e42b-4794-8b15-21f17cc92ef0: cophenetic index 490; 0.8 s; peak memory 850 MiB.
2026-10-02T11:09:15Z INFO [1215/2460] 23250105-cc94-449f-aa28-e71f7137919c: cophenetic index 193147; 12.1 s; peak memory 850 MiB.
2026-10-02T11:09:17Z INFO [1216/2460] 2325c06a-28ed-400e-bdda-085a23828dd5: cophenetic index 33998; 2.1 s; peak memory 850 MiB.
2026-10-02T11:09:18Z INFO [1217/2460] 23272c8c-5a59-470c-9e13-f08dc1d546d1: cophenetic index 624; 1.1 s; peak memory 850 MiB.
2026-10-02T11:09:20Z INFO [1218/2460] 23289e8c-5589-4234-9f44-6e447006f1bd: cophenetic index 626; 1.6 s; peak memory 850 MiB.
2026-10-02T11:09:21Z INFO [1219/2460] 2329a60f-f4e3-4554-bb56-d20e5613afbd: cophenetic index 458; 1.5 s; peak memory 850 MiB.
2026-10-02T11:09:22Z INFO [1220/2460] 232ac883-c0d7-4873-a735-3e29d88165d3: cophenetic index 657; 1.0 s; peak memory 850 MiB.
2026-10-02T11:09:24Z INFO [1221/2460] 232c83a0-a1ba-4e04-9982-a408e46028ce: cophenetic index 624; 1.2 s; peak memory 850 MiB.
2026-10-02T11:09:29Z INFO [1222/2460] 232c982c-fa06-49ac-815d-2d16f838503c: cophenetic index 29640; 5.3 s; peak memory 850 MiB.
2026-10-02T11:09:32Z INFO [1223/2460] 232d0f9f-727e-4bc3-a55a-c6ddfcd102b1: cophenetic index 2241; 2.8 s; peak memory 850 MiB.
2026-10-02T11:09:33Z INFO [1224/2460] 232df63d-9872-4037-a85f-7ce0d9962c5d: cophenetic index 624; 1.2 s; peak memory 850 MiB.
2026-10-02T11:09:34Z INFO [1225/2460] 232fcbf9-86e8-4ed6-ab52-8a9f51475e2c: cophenetic index 1087; 1.5 s; peak memory 850 MiB.
2026-10-02T11:09:37Z INFO [1226/2460] 23304704-69ab-4df6-a71f-928a1ea2b0ef: cophenetic index 2162; 2.9 s; peak memory 850 MiB.
2026-10-02T11:09:38Z INFO [1227/2460] 23305db4-ad6b-42a7-a019-8d2389c456bd: cophenetic index 729; 0.8 s; peak memory 850 MiB.
2026-10-02T11:09:39Z INFO [1228/2460] 23306e53-9271-4dee-8f9c-811eea31d28c: cophenetic index 3004; 1.2 s; peak memory 850 MiB.
2026-10-02T11:09:41Z INFO [1229/2460] 2330a601-d009-42b9-bba0-b6a702480596: cophenetic index 1570; 1.8 s; peak memory 850 MiB.
2026-10-02T11:09:43Z INFO [1230/2460] 233193de-14be-4d96-bbc4-00a8a01edbe7: cophenetic index 949; 1.5 s; peak memory 850 MiB.
2026-10-02T11:09:48Z INFO [1231/2460] 2332e381-f8d3-47fb-abed-3331d6d94b50: cophenetic index 87573; 5.5 s; peak memory 850 MiB.
2026-10-02T11:09:54Z INFO [1232/2460] 2332e549-536e-474d-884c-f5ad590335e4: cophenetic index 9548; 5.6 s; peak memory 850 MiB.
2026-10-02T11:09:54Z INFO [1233/2460] 2332f223-fb38-4b01-b880-6781a139a072: cophenetic index 446; 0.8 s; peak memory 850 MiB.
2026-10-02T11:09:56Z INFO [1234/2460] 2333354d-b5e7-42a7-a9b5-637e9e668d77: cophenetic index 2056; 1.9 s; peak memory 850 MiB.
2026-10-02T11:09:58Z INFO [1235/2460] 23340068-09c6-4b89-a794-87b1466d2bb0: cophenetic index 949; 1.5 s; peak memory 850 MiB.
2026-10-02T11:10:07Z INFO [1236/2460] 2334983b-fbe8-4c40-934d-a47c8a31097e: cophenetic index 4194; 9.5 s; peak memory 850 MiB.
2026-10-02T11:10:18Z INFO [1237/2460] 233517e5-2199-4414-a775-302aa68cca16: cophenetic index 48262; 10.5 s; peak memory 850 MiB.
2026-10-02T11:10:19Z INFO [1238/2460] 23357f78-dab1-4642-bc1b-a5e4bf902d1f: cophenetic index 24032; 1.3 s; peak memory 850 MiB.
2026-10-02T11:10:20Z INFO [1239/2460] 23359d91-85ba-4bb3-9b65-9109223dca86: cophenetic index 624; 1.0 s; peak memory 850 MiB.
2026-10-02T11:10:21Z INFO [1240/2460] 2335d6dc-7e5f-4071-8c74-854bc8eba258: cophenetic index 690; 1.0 s; peak memory 850 MiB.
2026-10-02T11:10:23Z INFO [1241/2460] 233642a5-b522-4332-a76e-b842a25c9f1d: cophenetic index 2496; 1.5 s; peak memory 850 MiB.
2026-10-02T11:10:24Z INFO [1242/2460] 233653ac-58a8-4f11-9aa1-7d08bbb104df: cophenetic index 3057; 1.3 s; peak memory 850 MiB.
2026-10-02T11:10:25Z INFO [1243/2460] 23367ca6-5165-4f8f-91c0-c66f36c71691: cophenetic index 605; 1.2 s; peak memory 850 MiB.
2026-10-02T11:10:36Z INFO [1244/2460] 23368180-d18a-478f-8915-df729fe989b8: cophenetic index 43529; 10.8 s; peak memory 850 MiB.
2026-10-02T11:10:39Z INFO [1245/2460] 23381042-32e3-43c0-a7a9-5f2bd13035d5: cophenetic index 2236; 2.9 s; peak memory 850 MiB.
2026-10-02T11:10:40Z INFO [1246/2460] 233842d0-d9ed-482c-857e-bbd0e9d383f4: cophenetic index 1993; 1.4 s; peak memory 850 MiB.
2026-10-02T11:10:42Z INFO [1247/2460] 23393911-4370-4084-9f9a-d565f8d7a33f: cophenetic index 649; 1.3 s; peak memory 850 MiB.
2026-10-02T11:10:43Z INFO [1248/2460] 233959a0-bdf2-42ee-a79d-b4679a731cd8: cophenetic index 2625; 1.6 s; peak memory 850 MiB.
2026-10-02T11:10:44Z INFO [1249/2460] 23399f1b-a9ee-4b86-a43a-2f966ca45775: cophenetic index 651; 0.9 s; peak memory 850 MiB.
2026-10-02T11:10:45Z INFO [1250/2460] 233a28fe-4e9a-4d3b-9ab0-51d6500199b6: cophenetic index 690; 0.9 s; peak memory 850 MiB.
2026-10-02T11:10:45Z INFO [1250/2460] 233a28fe-4e9a-4d3b-9ab0-51d6500199b6: checkpointed 63114 records.
2026-10-02T11:10:48Z INFO [1251/2460] 233c4d05-b5e7-41f9-873e-209aba96966c: cophenetic index 2402; 2.5 s; peak memory 850 MiB.
2026-10-02T11:10:50Z INFO [1252/2460] 233cc1f0-02b5-4e55-88f0-2a6ce5a897e4: cophenetic index 2573; 2.3 s; peak memory 850 MiB.
2026-10-02T11:10:52Z INFO [1253/2460] 233cd170-3b75-4b26-a700-903683c74a3a: cophenetic index 1380; 1.6 s; peak memory 850 MiB.
2026-10-02T11:10:53Z INFO [1254/2460] 233cf459-a509-4acd-8f53-89cecab1d0ca: cophenetic index 646; 1.1 s; peak memory 850 MiB.
2026-10-02T11:10:54Z INFO [1255/2460] 233d056e-bf6a-42e3-adec-30af31042af2: cophenetic index 2625; 1.4 s; peak memory 850 MiB.
2026-10-02T11:10:55Z INFO [1256/2460] 233e3bac-dcbf-4c5d-8c1e-d4b698de286f: cophenetic index 624; 1.0 s; peak memory 850 MiB.
2026-10-02T11:10:56Z INFO [1257/2460] 233e4396-0d3c-451c-894c-67d0fc2e01d8: cophenetic index 3004; 1.3 s; peak memory 850 MiB.
2026-10-02T11:10:58Z INFO [1258/2460] 233e83d7-6e2a-49cc-9a4f-dc9231a04ba6: cophenetic index 23259; 1.7 s; peak memory 850 MiB.
2026-10-02T11:10:59Z INFO [1259/2460] 233fdfef-2c62-46f4-8ffe-45f4dcb56b63: cophenetic index 624; 1.0 s; peak memory 850 MiB.
2026-10-02T11:11:00Z INFO [1260/2460] 234008dc-951b-44f4-8cd6-673d52afc689: cophenetic index 624; 1.1 s; peak memory 850 MiB.
2026-10-02T11:11:01Z INFO [1261/2460] 23401e39-a51d-4d04-9c28-4cc599236d41: cophenetic index 646; 1.0 s; peak memory 850 MiB.
2026-10-02T11:11:04Z INFO [1262/2460] 23407771-633c-42d0-8c71-996b67ca5190: cophenetic index 99150; 2.3 s; peak memory 850 MiB.
2026-10-02T11:11:13Z INFO [1263/2460] 23407e99-4b35-48b1-b6c0-91490a6ffdfa: cophenetic index 195172714; 9.3 s; peak memory 850 MiB.
2026-10-02T11:11:14Z INFO [1264/2460] 23409a1b-6565-4ce7-9850-933e8a628b23: cophenetic index 624; 1.0 s; peak memory 850 MiB.
2026-10-02T11:11:20Z INFO [1265/2460] 2340a694-588f-4ec2-83a4-f79ff0d0799b: cophenetic index 39533; 6.3 s; peak memory 850 MiB.
2026-10-02T11:11:21Z INFO [1266/2460] 2340bae2-2d60-4706-929e-242167694af0: cophenetic index 579; 0.7 s; peak memory 850 MiB.
2026-10-02T11:11:23Z INFO [1267/2460] 23414e39-b7b0-4ab3-bcd0-e02afac44d61: cophenetic index 33968; 1.7 s; peak memory 850 MiB.
2026-10-02T11:11:24Z INFO [1268/2460] 2341ac7c-effb-4c87-a42c-0c56a0fe2118: cophenetic index 3087; 1.3 s; peak memory 850 MiB.
2026-10-02T11:11:25Z INFO [1269/2460] 234288c3-a4d8-4369-9e58-8a6d8d26a303: cophenetic index 572; 1.2 s; peak memory 850 MiB.
2026-10-02T11:11:27Z INFO [1270/2460] 2342aa70-28a1-421a-9a22-051195df0dcf: cophenetic index 1380; 1.6 s; peak memory 850 MiB.
2026-10-02T11:11:28Z INFO [1271/2460] 23439a94-1b37-4cd1-83c1-aa6996652f9f: cophenetic index 2625; 1.5 s; peak memory 850 MiB.
2026-10-02T11:11:29Z INFO [1272/2460] 2343f89b-ae24-47ef-bb83-a96212f90bbb: cophenetic index 624; 1.0 s; peak memory 850 MiB.
2026-10-02T11:11:31Z INFO [1273/2460] 234403a1-5a1c-4ae2-8339-f51d75401d51: cophenetic index 3004; 1.2 s; peak memory 850 MiB.
2026-10-02T11:11:33Z INFO [1274/2460] 2344224d-50bd-4b95-95f4-ba642fce9932: cophenetic index 2124; 2.2 s; peak memory 850 MiB.
2026-10-02T11:11:34Z INFO [1275/2460] 23442c39-ad5a-4623-bde2-7fb35eaead98: cophenetic index 3004; 1.3 s; peak memory 850 MiB.
2026-10-02T11:11:36Z INFO [1276/2460] 2344bc3f-2554-4023-b429-dc8d182e19cf: cophenetic index 33998; 1.8 s; peak memory 850 MiB.
2026-10-02T11:11:37Z INFO [1277/2460] 234571f4-e926-47ef-b3bc-8b712ad47c32: cophenetic index 791; 1.5 s; peak memory 850 MiB.
2026-10-02T11:11:39Z INFO [1278/2460] 2345989b-3a61-4778-a0ee-6cdca78414a5: cophenetic index 624; 1.0 s; peak memory 850 MiB.
2026-10-02T11:11:40Z INFO [1279/2460] 23459f25-670e-4206-838f-56e686054032: cophenetic index 3004; 1.4 s; peak memory 850 MiB.
2026-10-02T11:11:47Z INFO [1280/2460] 23465920-a4d4-48a3-944b-96e107da6a45: cophenetic index 12100; 7.2 s; peak memory 850 MiB.
2026-10-02T11:11:48Z INFO [1281/2460] 2346ed5e-256d-4b19-8a16-6785f4cba2ea: cophenetic index 624; 1.1 s; peak memory 850 MiB.
2026-10-02T11:11:49Z INFO [1282/2460] 23481694-4c1f-4dc2-b718-485e9cda3f57: cophenetic index 431; 1.3 s; peak memory 850 MiB.
2026-10-02T11:11:52Z INFO [1283/2460] 2348281c-408b-4fce-acfd-bd31619b1a0e: cophenetic index 2402; 3.0 s; peak memory 850 MiB.
2026-10-02T11:11:54Z INFO [1284/2460] 234a4a11-6340-4ee5-909c-e32c2230392b: cophenetic index 2625; 1.5 s; peak memory 850 MiB.
2026-10-02T11:12:00Z INFO [1285/2460] 234aa968-1ee4-452e-a519-3e0b8ab146a7: cophenetic index 39093; 5.9 s; peak memory 850 MiB.
2026-10-02T11:12:06Z INFO [1286/2460] 234bb4f8-b440-4352-9b16-d71004a812d9: cophenetic index 33285; 6.3 s; peak memory 850 MiB.
2026-10-02T11:12:08Z INFO [1287/2460] 234d40f9-a472-47fb-9170-13c27ac4e488: cophenetic index 1087; 1.4 s; peak memory 850 MiB.
2026-10-02T11:12:11Z INFO [1288/2460] 234e0be2-09e8-45de-876e-623064053e8c: cophenetic index 6895; 3.1 s; peak memory 850 MiB.
2026-10-02T11:12:14Z INFO [1289/2460] 234e96bb-9d36-4d81-8bb6-c44df8af3be7: cophenetic index 2625; 3.0 s; peak memory 850 MiB.
2026-10-02T11:12:15Z INFO [1290/2460] 234e9b16-1496-4eda-a67d-7952e56f7786: cophenetic index 994; 1.1 s; peak memory 850 MiB.
2026-10-02T11:12:31Z INFO [1291/2460] 234eca77-db15-4d4c-a3d2-fa66f54a0a5f: cophenetic index 624429; 16.2 s; peak memory 850 MiB.
2026-10-02T11:12:33Z INFO [1292/2460] 234f6c09-3bdb-41a7-9bbb-610369661c56: cophenetic index 2570; 2.0 s; peak memory 850 MiB.
2026-10-02T11:12:34Z INFO [1293/2460] 234fa0c6-2446-4a6f-8aa0-954c3f1e3f77: cophenetic index 624; 1.0 s; peak memory 850 MiB.
2026-10-02T11:12:35Z INFO [1294/2460] 234fc700-8453-4235-ac00-1ad04640322e: cophenetic index 624; 1.0 s; peak memory 850 MiB.
2026-10-02T11:12:36Z INFO [1295/2460] 2350f0ca-1417-4a18-9eb5-d722ede3a772: cophenetic index 624; 1.1 s; peak memory 850 MiB.
2026-10-02T11:12:44Z INFO [1296/2460] 2351cad6-b959-4101-9fc4-e013445bd0d9: cophenetic index 33579; 7.9 s; peak memory 850 MiB.
2026-10-02T11:12:46Z INFO [1297/2460] 2351e5f9-0e79-412f-b718-5ab78041d0c1: cophenetic index 3045; 1.7 s; peak memory 850 MiB.
2026-10-02T11:12:52Z INFO [1298/2460] 2352ad08-5d43-455b-8dc4-002c0b087762: cophenetic index 83304; 6.8 s; peak memory 850 MiB.
2026-10-02T11:12:54Z INFO [1299/2460] 23540c51-4255-4a39-ae5e-cbecda59680d: cophenetic index 3004; 1.3 s; peak memory 850 MiB.
2026-10-02T11:13:38Z INFO [1300/2460] 235430d3-bde8-468c-8251-a53321d7323f: cophenetic index 322071; 43.9 s; peak memory 850 MiB.
2026-10-02T11:13:38Z INFO [1300/2460] 235430d3-bde8-468c-8251-a53321d7323f: checkpointed 63164 records.
2026-10-02T11:13:40Z INFO [1301/2460] 2354bf72-c7a1-4259-9b78-4a1d270d2603: cophenetic index 2056; 2.0 s; peak memory 850 MiB.
2026-10-02T11:13:41Z INFO [1302/2460] 2354edfa-5dad-49f9-a18b-b07a7c4c904a: cophenetic index 6598; 1.7 s; peak memory 850 MiB.
2026-10-02T11:13:44Z INFO [1303/2460] 2355099c-a625-403d-a2af-dff25d24b20a: cophenetic index 2573; 2.3 s; peak memory 850 MiB.
2026-10-02T11:13:45Z INFO [1304/2460] 2355ab91-4ae1-449f-8447-57ae6e7f6a03: cophenetic index 624; 1.1 s; peak memory 850 MiB.
2026-10-02T11:13:56Z INFO [1305/2460] 2355ef4a-f3ff-4aba-91e9-92e2bca77f79: cophenetic index 48665; 11.1 s; peak memory 850 MiB.
2026-10-02T11:14:04Z INFO [1306/2460] 235602a3-2656-439a-8e49-ada19aff1eae: cophenetic index 73442; 8.3 s; peak memory 850 MiB.
2026-10-02T11:14:05Z INFO [1307/2460] 2356a6b2-08dd-41e2-9502-e6c0c48c9daf: cophenetic index 1265; 1.2 s; peak memory 850 MiB.
2026-10-02T11:14:07Z INFO [1308/2460] 2357e205-4d0d-4bc7-892d-c493208bc788: cophenetic index 725; 1.3 s; peak memory 850 MiB.
2026-10-02T11:14:08Z INFO [1309/2460] 23582d3e-0797-473e-af6a-18018c8800e8: cophenetic index 3192; 1.4 s; peak memory 850 MiB.
2026-10-02T11:14:09Z INFO [1310/2460] 23588055-d983-4d47-9566-60b706002e7a: cophenetic index 624; 1.1 s; peak memory 850 MiB.
2026-10-02T11:14:10Z INFO [1311/2460] 2358a834-b258-4934-b818-f836be345ab0: cophenetic index 2844; 1.2 s; peak memory 850 MiB.
2026-10-02T11:14:12Z INFO [1312/2460] 23590f00-1eaf-49ed-9eae-2413b6442034: cophenetic index 2570; 1.5 s; peak memory 850 MiB.
2026-10-02T11:14:13Z INFO [1313/2460] 23593783-f29a-4d3e-8355-733f203e1a28: cophenetic index 624; 1.0 s; peak memory 850 MiB.
2026-10-02T11:14:14Z INFO [1314/2460] 2359429b-ec30-4faa-a785-7435f40667b1: cophenetic index 2625; 1.6 s; peak memory 850 MiB.
2026-10-02T11:14:26Z INFO [1315/2460] 2359faee-6c3d-4015-a0c4-ab4a91bb84b8: cophenetic index 138817; 11.1 s; peak memory 850 MiB.
2026-10-02T11:14:27Z INFO [1316/2460] 235a2a98-943a-4678-a62d-3a8703730777: cophenetic index 3004; 1.3 s; peak memory 850 MiB.
2026-10-02T11:14:28Z INFO [1317/2460] 235a5f0f-8876-4d25-b6c1-476ad6c8e19d: cophenetic index 3087; 1.3 s; peak memory 850 MiB.
2026-10-02T11:14:34Z INFO [1318/2460] 235c11ac-8523-40a7-984f-b390b066a3d4: cophenetic index 2645469; 5.5 s; peak memory 850 MiB.
2026-10-02T11:14:36Z INFO [1319/2460] 235cde94-a4ab-47c1-ae17-fa0928d6731d: cophenetic index 2005; 2.3 s; peak memory 850 MiB.
2026-10-02T11:14:38Z INFO [1320/2460] 235d4131-3674-47a9-9a28-4de74e882de5: cophenetic index 2625; 1.7 s; peak memory 850 MiB.
2026-10-02T11:14:40Z INFO [1321/2460] 235d564a-3cd8-4044-9f39-164ee2c37f83: cophenetic index 99150; 2.3 s; peak memory 850 MiB.
2026-10-02T11:14:42Z INFO [1322/2460] 235d9d82-4a20-42bb-9d1f-eb4369265297: cophenetic index 33998; 1.8 s; peak memory 850 MiB.
2026-10-02T11:14:47Z INFO [1323/2460] 235eaeb9-cb21-470e-a13d-73defe0c428c: cophenetic index 47054; 4.9 s; peak memory 850 MiB.
2026-10-02T11:14:48Z INFO [1324/2460] 235fada6-0b81-424e-9505-16d56016eb70: cophenetic index 2701; 1.5 s; peak memory 850 MiB.
2026-10-02T11:14:56Z INFO [1325/2460] 2360785a-ae5c-408a-b259-3b0bd233f56a: cophenetic index 222750; 7.4 s; peak memory 850 MiB.
2026-10-02T11:14:57Z INFO [1326/2460] 2361551d-295d-498a-a186-d4c1a1a13695: cophenetic index 33998; 1.6 s; peak memory 850 MiB.
2026-10-02T11:14:58Z INFO [1327/2460] 23618ce6-3699-4bf6-8b39-9f59d16fac92: cophenetic index 624; 1.1 s; peak memory 850 MiB.
2026-10-02T11:14:59Z INFO [1328/2460] 2361ad9e-8901-4c55-8792-689c531062c7: cophenetic index 490; 0.9 s; peak memory 850 MiB.
2026-10-02T11:15:00Z INFO [1329/2460] 2361d71a-395f-4a27-ac96-e23c472a39f7: cophenetic index 3087; 1.3 s; peak memory 850 MiB.
2026-10-02T11:15:05Z INFO [1330/2460] 236358fb-b560-4582-8089-1b84d6cbc38d: cophenetic index 4052; 4.5 s; peak memory 850 MiB.
2026-10-02T11:15:06Z INFO [1331/2460] 2363bf29-5788-48ca-b5f5-5b3c6741d12d: cophenetic index 490; 0.7 s; peak memory 850 MiB.
2026-10-02T11:15:08Z INFO [1332/2460] 2363d8ac-a3c3-4639-a0fb-50c6df8e42e7: cophenetic index 2625; 1.8 s; peak memory 850 MiB.
2026-10-02T11:15:09Z INFO [1333/2460] 236405a2-13eb-44ca-935f-bb8ba5f8b81f: cophenetic index 99150; 1.9 s; peak memory 850 MiB.
2026-10-02T11:15:11Z INFO [1334/2460] 23641a6c-eb67-438e-904c-8178d36cc45c: cophenetic index 2625; 1.6 s; peak memory 850 MiB.
2026-10-02T11:15:12Z INFO [1335/2460] 2365b448-27d3-4d7b-baf9-8c0a9c6e1638: cophenetic index 590; 1.2 s; peak memory 850 MiB.
2026-10-02T11:15:13Z INFO [1336/2460] 2365d773-c3dc-4ed2-aa9c-276cba348ec1: cophenetic index 624; 1.1 s; peak memory 850 MiB.
2026-10-02T11:15:15Z INFO [1337/2460] 23676155-5ac7-42d5-a651-9bc10e2affd1: cophenetic index 3004; 1.3 s; peak memory 850 MiB.
2026-10-02T11:15:16Z INFO [1338/2460] 23686402-dcae-47a6-a5ac-04f8dd9ca8fd: cophenetic index 2625; 1.4 s; peak memory 850 MiB.
2026-10-02T11:15:17Z INFO [1339/2460] 23688eba-ece4-41fe-b0fc-cdea53129654: cophenetic index 643; 0.8 s; peak memory 850 MiB.
2026-10-02T11:15:19Z INFO [1340/2460] 2369a908-5131-462f-82d0-bb31516939c1: cophenetic index 2625; 1.7 s; peak memory 850 MiB.
2026-10-02T11:15:20Z INFO [1341/2460] 2369de48-af10-4fd9-9843-6878aeee2e59: cophenetic index 937; 1.4 s; peak memory 850 MiB.
2026-10-02T11:15:36Z INFO [1342/2460] 2369ff22-7bdc-4ef3-b5fa-dab6502e5e77: cophenetic index 689187; 16.2 s; peak memory 850 MiB.
2026-10-02T11:15:38Z INFO [1343/2460] 236ad08b-1279-44fc-92f3-274f323d04c0: cophenetic index 2724; 1.4 s; peak memory 850 MiB.
2026-10-02T11:15:39Z INFO [1344/2460] 236b5e27-1e69-4cee-9c1e-f05dec6acd64: cophenetic index 2625; 1.7 s; peak memory 850 MiB.
2026-10-02T11:15:41Z INFO [1345/2460] 236b6da6-caae-48a1-a266-0324ab9491b3: cophenetic index 99114; 2.0 s; peak memory 850 MiB.
2026-10-02T11:15:42Z INFO [1346/2460] 236b9ef3-a171-42e3-b2fd-a70ceea12ad6: cophenetic index 624; 1.1 s; peak memory 850 MiB.
2026-10-02T11:15:44Z INFO [1347/2460] 236c090a-50dc-4fd2-bd67-f312bd5bcbfa: cophenetic index 2974; 1.5 s; peak memory 850 MiB.
2026-10-02T11:15:55Z INFO [1348/2460] 236c1f29-8ddc-4ea4-97cc-d7e995295d6b: cophenetic index 7888; 11.3 s; peak memory 850 MiB.
2026-10-02T11:15:58Z INFO [1349/2460] 236c69a3-76d8-4171-894a-2858e90d5119: cophenetic index 3690; 3.2 s; peak memory 850 MiB.
2026-10-02T11:16:00Z INFO [1350/2460] 236ca6a3-d25b-48a5-ba5b-303db2350f9f: cophenetic index 930; 1.8 s; peak memory 850 MiB.
2026-10-02T11:16:00Z INFO [1350/2460] 236ca6a3-d25b-48a5-ba5b-303db2350f9f: checkpointed 63214 records.
2026-10-02T11:16:03Z INFO [1351/2460] 236d2477-8453-493d-9579-59c4aea9588e: cophenetic index 4015; 3.0 s; peak memory 850 MiB.
2026-10-02T11:16:10Z INFO [1352/2460] 236dd757-7c26-49ae-b843-1672b570671b: cophenetic index 133323; 7.1 s; peak memory 850 MiB.
2026-10-02T11:16:12Z INFO [1353/2460] 236df40e-d19e-481e-8301-87fc0292d18c: cophenetic index 2625; 2.1 s; peak memory 850 MiB.
2026-10-02T11:16:13Z INFO [1354/2460] 236e0826-1a53-4f21-ba5a-c905a16c4a8d: cophenetic index 490; 0.7 s; peak memory 850 MiB.
2026-10-02T11:16:14Z INFO [1355/2460] 236e2aee-cd19-4943-a744-7ac0f9399b02: cophenetic index 762; 0.8 s; peak memory 850 MiB.
2026-10-02T11:16:22Z INFO [1356/2460] 236f1d48-091b-477e-9df6-3759a808bdf1: cophenetic index 33579; 7.8 s; peak memory 850 MiB.
2026-10-02T11:16:23Z INFO [1357/2460] 236f418b-9244-4b1b-ab6a-cca2b59a3d7f: cophenetic index 26986; 1.6 s; peak memory 850 MiB.
2026-10-02T11:16:24Z INFO [1358/2460] 236f5f45-e123-4eac-b86d-7e543837a399: cophenetic index 490; 0.7 s; peak memory 850 MiB.
2026-10-02T11:16:26Z INFO [1359/2460] 236f71d3-0a64-44c0-a584-843d5bcc72d4: cophenetic index 99150; 2.4 s; peak memory 850 MiB.
2026-10-02T11:16:28Z INFO [1360/2460] 236f75ff-8bbc-441d-966f-4a440ed3739a: cophenetic index 681; 1.1 s; peak memory 850 MiB.
2026-10-02T11:16:29Z INFO [1361/2460] 236fb066-b049-4ec1-968b-841433963363: cophenetic index 624; 1.2 s; peak memory 850 MiB.
2026-10-02T11:16:30Z INFO [1362/2460] 2370078c-10e5-45dc-830a-f0a4c285d224: cophenetic index 791; 1.5 s; peak memory 850 MiB.
2026-10-02T11:16:45Z INFO [1363/2460] 2370ad05-0bc4-47dd-9a36-e84c67aac0fe: cophenetic index 1124479; 14.9 s; peak memory 850 MiB.
2026-10-02T11:16:47Z INFO [1364/2460] 2370ce9f-3f18-4427-8ca9-803057b0e864: cophenetic index 2625; 1.5 s; peak memory 850 MiB.
2026-10-02T11:16:48Z INFO [1365/2460] 23721db0-3b7e-4b88-8c78-ba5a611a669a: cophenetic index 624; 1.1 s; peak memory 850 MiB.
2026-10-02T11:16:49Z INFO [1366/2460] 2373a5f8-275c-4a82-9987-9d3fa81d5ee7: cophenetic index 33962; 1.5 s; peak memory 850 MiB.
2026-10-02T11:16:50Z INFO [1367/2460] 23764972-d9fb-4a6f-89b6-051e0591d63f: cophenetic index 490; 0.8 s; peak memory 850 MiB.
2026-10-02T11:16:51Z INFO [1368/2460] 2376ee77-d828-4478-945c-b8c9228a4cf4: cophenetic index 2625; 1.5 s; peak memory 850 MiB.
2026-10-02T11:17:02Z INFO [1369/2460] 2378210a-4d46-4aa9-9f83-b796ffab6a79: cophenetic index 21815; 10.6 s; peak memory 850 MiB.
2026-10-02T11:17:04Z INFO [1370/2460] 237842ec-a12e-4c3d-b386-8fcbfb1ce585: cophenetic index 2625; 1.5 s; peak memory 850 MiB.
2026-10-02T11:17:05Z INFO [1371/2460] 2378a057-49a6-4482-bd1c-870c1dcdd378: cophenetic index 2570; 1.5 s; peak memory 850 MiB.
2026-10-02T11:17:07Z INFO [1372/2460] 2378f5c7-d182-46a5-ac73-2f32c76cb9b7: cophenetic index 33968; 1.5 s; peak memory 850 MiB.
2026-10-02T11:17:08Z INFO [1373/2460] 23790028-8cc4-4d15-8c56-dd01defdca87: cophenetic index 646; 1.2 s; peak memory 850 MiB.
2026-10-02T11:17:09Z INFO [1374/2460] 23791715-5b6f-4b4a-b8a4-4667a351fbc9: cophenetic index 1949; 1.3 s; peak memory 850 MiB.
2026-10-02T11:17:23Z INFO [1375/2460] 2379383a-dc42-4da8-934d-3459c5833af2: cophenetic index 49996; 14.2 s; peak memory 850 MiB.
2026-10-02T11:17:26Z INFO [1376/2460] 2379f134-678a-491f-aa16-9744476c4f96: cophenetic index 2402; 3.0 s; peak memory 850 MiB.
2026-10-02T11:17:27Z INFO [1377/2460] 237a1171-b9d1-4ebf-a80c-7d2908ba6227: cophenetic index 490; 1.1 s; peak memory 850 MiB.
2026-10-02T11:17:33Z INFO [1378/2460] 237a3780-2a8c-4c8a-ba06-98176a1c0bfc: cophenetic index 5466; 6.2 s; peak memory 850 MiB.
2026-10-02T11:17:34Z INFO [1379/2460] 237abe46-c3f8-4fe7-9402-85664b4b3d9e: cophenetic index 433; 0.9 s; peak memory 850 MiB.
2026-10-02T11:17:36Z INFO [1380/2460] 237b2ddc-d7e7-4633-94df-5f9738f39006: cophenetic index 1002; 1.3 s; peak memory 850 MiB.
2026-10-02T11:17:37Z INFO [1381/2460] 237c3356-428d-4456-9a7f-25e4967a1b2e: cophenetic index 2654; 1.8 s; peak memory 850 MiB.
2026-10-02T11:17:39Z INFO [1382/2460] 237c5172-9129-4300-9388-826157ea8975: cophenetic index 3004; 1.3 s; peak memory 850 MiB.
2026-10-02T11:17:41Z INFO [1383/2460] 237c5685-ba47-4fdb-bfe3-bf1fd77eb4d5: cophenetic index 33998; 2.5 s; peak memory 850 MiB.
2026-10-02T11:17:43Z INFO [1384/2460] 237ccdb3-e596-4034-ace9-52d49f48852f: cophenetic index 3004; 1.3 s; peak memory 850 MiB.
2026-10-02T11:17:44Z INFO [1385/2460] 237dfacd-ae2b-4891-8b79-dfc4fed4a2fb: cophenetic index 581; 1.1 s; peak memory 850 MiB.
2026-10-02T11:17:47Z INFO [1386/2460] 237e0487-0640-483c-b4c3-dffdff7a54f0: cophenetic index 6641; 2.8 s; peak memory 850 MiB.
2026-10-02T11:17:48Z INFO [1387/2460] 237e695b-f15c-40a3-b898-513f57ddf51b: cophenetic index 605; 1.3 s; peak memory 850 MiB.
2026-10-02T11:17:49Z INFO [1388/2460] 237ec2fb-235f-4aeb-a21e-a3a9d24c82c5: cophenetic index 1087; 1.5 s; peak memory 850 MiB.
2026-10-02T11:17:51Z INFO [1389/2460] 237f025e-dda7-4635-a731-c87b970055e5: cophenetic index 431; 1.4 s; peak memory 850 MiB.
2026-10-02T11:17:55Z INFO [1390/2460] 237f8362-9ff0-4ded-afa0-e33b78e6a703: cophenetic index 21552; 3.8 s; peak memory 850 MiB.
2026-10-02T11:17:56Z INFO [1391/2460] 237fb988-18c2-44a2-9426-790a350787c7: cophenetic index 2724; 1.0 s; peak memory 850 MiB.
2026-10-02T11:17:57Z INFO [1392/2460] 2380b7a8-b565-4959-a4c6-43008645f852: cophenetic index 3087; 1.3 s; peak memory 850 MiB.
2026-10-02T11:17:58Z INFO [1393/2460] 238163ff-d12f-4244-82e1-95264fde9c1c: cophenetic index 791; 1.3 s; peak memory 850 MiB.
2026-10-02T11:17:59Z INFO [1394/2460] 2381a28d-a4f2-4ac7-a950-7dabc590371b: cophenetic index 3004; 1.2 s; peak memory 850 MiB.
2026-10-02T11:18:01Z INFO [1395/2460] 23826985-4182-4004-a294-aacde09e4b2f: cophenetic index 3004; 1.3 s; peak memory 850 MiB.
2026-10-02T11:18:02Z INFO [1396/2460] 238312dc-92ce-44f4-bb8b-940c7b98639d: cophenetic index 2625; 1.2 s; peak memory 850 MiB.
2026-10-02T11:18:03Z INFO [1397/2460] 23833b10-8ff0-44d3-a032-d6aae737d031: cophenetic index 624; 1.1 s; peak memory 850 MiB.
2026-10-02T11:18:04Z INFO [1398/2460] 238466e5-f02e-4cb7-aa9e-8cf5194da645: cophenetic index 3087; 1.2 s; peak memory 850 MiB.
2026-10-02T11:18:05Z INFO [1399/2460] 2384d31f-bfa3-4637-9b16-750739f17cc7: cophenetic index 624; 1.0 s; peak memory 850 MiB.
2026-10-02T11:18:06Z INFO [1400/2460] 23857e0f-57f6-40cd-b109-f43be08075a7: cophenetic index 466; 1.3 s; peak memory 850 MiB.
2026-10-02T11:18:07Z INFO [1400/2460] 23857e0f-57f6-40cd-b109-f43be08075a7: checkpointed 63264 records.
2026-10-02T11:18:08Z INFO [1401/2460] 2385de83-21fc-4627-b0b6-2babb1ddf7c5: cophenetic index 3057; 1.4 s; peak memory 850 MiB.
2026-10-02T11:18:09Z INFO [1402/2460] 2385fbe4-6831-44b6-b7cf-9508ca06bdab: cophenetic index 431; 1.1 s; peak memory 850 MiB.
2026-10-02T11:18:11Z INFO [1403/2460] 23865272-5e6a-4f08-814b-4f218b871b1c: cophenetic index 99150; 2.0 s; peak memory 850 MiB.
2026-10-02T11:18:14Z INFO [1404/2460] 2386f782-6f50-41da-b863-c2e2fa734c6a: cophenetic index 1733; 3.3 s; peak memory 850 MiB.
2026-10-02T11:18:15Z INFO [1405/2460] 238719ad-6f93-4953-ab33-5d865241a13c: cophenetic index 490; 0.7 s; peak memory 850 MiB.
2026-10-02T11:18:16Z INFO [1406/2460] 23877e93-7b07-4ba3-9c8d-5e9980b66b53: cophenetic index 490; 0.8 s; peak memory 850 MiB.
2026-10-02T11:18:18Z INFO [1407/2460] 23880f4e-17de-4532-801f-bfb8c1fa18d9: cophenetic index 653; 1.9 s; peak memory 850 MiB.
2026-10-02T11:18:21Z INFO [1408/2460] 23885ce1-c635-4a4a-a0d2-3cf230287067: cophenetic index 2609; 2.8 s; peak memory 850 MiB.
2026-10-02T11:18:22Z INFO [1409/2460] 2388f1a9-b682-4430-9c95-60ebaf252cd3: cophenetic index 624; 1.0 s; peak memory 850 MiB.
2026-10-02T11:18:23Z INFO [1410/2460] 238917bb-0f44-472e-a1a2-ae311b69a197: cophenetic index 624; 0.9 s; peak memory 850 MiB.
2026-10-02T11:18:26Z INFO [1411/2460] 2389a1cb-213e-488d-ab2e-2a428f57bf28: cophenetic index 2236; 3.3 s; peak memory 850 MiB.
2026-10-02T11:18:27Z INFO [1412/2460] 238a8c19-dcb4-409d-91e9-0b05ccd276ac: cophenetic index 23975; 1.3 s; peak memory 850 MiB.
2026-10-02T11:18:28Z INFO [1413/2460] 238ad6f2-8096-4732-8cf2-66ccc5b7f373: cophenetic index 560; 1.0 s; peak memory 850 MiB.
2026-10-02T11:18:31Z INFO [1414/2460] 238bc067-c73d-4aec-ab69-f18bb09399fa: cophenetic index 34658; 2.7 s; peak memory 850 MiB.
2026-10-02T11:18:32Z INFO [1415/2460] 238bc57c-24c3-43c4-b250-480e14e5a1c0: cophenetic index 3004; 1.3 s; peak memory 850 MiB.
2026-10-02T11:18:43Z INFO [1416/2460] 238bc975-7f22-42db-95b2-e38210de45d5: cophenetic index 48355; 10.8 s; peak memory 850 MiB.
2026-10-02T11:18:45Z INFO [1417/2460] 238c3bc6-3f69-4bbb-b882-f0d951a30614: cophenetic index 33986; 1.5 s; peak memory 850 MiB.
2026-10-02T11:18:47Z INFO [1418/2460] 238d8ee4-e597-4178-9ca6-075b9010294c: cophenetic index 895; 2.2 s; peak memory 850 MiB.
2026-10-02T11:18:48Z INFO [1419/2460] 238db5ff-c49b-4561-864d-02ca98a0f53d: cophenetic index 3004; 1.1 s; peak memory 850 MiB.
2026-10-02T11:18:53Z INFO [1420/2460] 238deee9-52a3-4fd7-95a6-451fc3b813b1: cophenetic index 6800; 5.6 s; peak memory 850 MiB.
2026-10-02T11:18:55Z INFO [1421/2460] 238df124-b561-45a5-b4e1-2d85d7504b40: cophenetic index 3004; 1.3 s; peak memory 850 MiB.
2026-10-02T11:19:03Z INFO [1422/2460] 23903685-9c3b-40d6-9e34-5eaf09979552: cophenetic index 97991; 7.9 s; peak memory 850 MiB.
2026-10-02T11:19:04Z INFO [1423/2460] 2391cc9f-8c52-46c8-a523-3e03dc8b1327: cophenetic index 2974; 1.4 s; peak memory 850 MiB.
2026-10-02T11:19:07Z INFO [1424/2460] 23926427-95d9-45aa-b40f-e469a699334e: cophenetic index 3844; 3.2 s; peak memory 850 MiB.
2026-10-02T11:19:10Z INFO [1425/2460] 23926e62-af5a-485a-9c7d-c359251efe33: cophenetic index 99150; 2.5 s; peak memory 850 MiB.
2026-10-02T11:19:25Z INFO [1426/2460] 239392db-8488-4676-9266-fa7a3b2244c3: cophenetic index 542161; 15.6 s; peak memory 850 MiB.
2026-10-02T11:19:27Z INFO [1427/2460] 2393b1b1-d6d5-4551-9650-cecd8270fe4f: cophenetic index 3087; 1.4 s; peak memory 850 MiB.
2026-10-02T11:19:28Z INFO [1428/2460] 239439b9-e19e-4f9b-b2a4-82c44b4535f0: cophenetic index 624; 1.1 s; peak memory 850 MiB.
2026-10-02T11:19:29Z INFO [1429/2460] 23961c4d-9ab3-4283-8c45-ba1667c683b1: cophenetic index 2625; 1.4 s; peak memory 850 MiB.
2026-10-02T11:19:30Z INFO [1430/2460] 239663a6-07ed-4d93-9f2c-c170727e4629: cophenetic index 690; 0.9 s; peak memory 850 MiB.
2026-10-02T11:19:32Z INFO [1431/2460] 2396a861-29b0-4061-bead-b465461d036d: cophenetic index 99114; 2.0 s; peak memory 850 MiB.
2026-10-02T11:19:33Z INFO [1432/2460] 2399a4e6-49f2-4d1f-bf15-26e4d7e92435: cophenetic index 2974; 1.4 s; peak memory 850 MiB.
2026-10-02T11:19:36Z INFO [1433/2460] 2399a803-0d44-4205-95fc-f6027cda1fe2: cophenetic index 42542; 2.4 s; peak memory 850 MiB.
2026-10-02T11:19:41Z INFO [1434/2460] 239c70f2-d6cb-46eb-b402-23a57d3219d9: cophenetic index 9548; 5.6 s; peak memory 850 MiB.
2026-10-02T11:19:43Z INFO [1435/2460] 239cac79-da90-4be8-a30f-608628a0d6dc: cophenetic index 581; 1.1 s; peak memory 850 MiB.
2026-10-02T11:19:44Z INFO [1436/2460] 239e513e-93e0-4e8d-97a3-49184e4fb04f: cophenetic index 624; 1.0 s; peak memory 850 MiB.
2026-10-02T11:19:45Z INFO [1437/2460] 239f69f0-a8b5-4f20-b570-ae40138abaa2: cophenetic index 624; 1.2 s; peak memory 850 MiB.
2026-10-02T11:19:46Z INFO [1438/2460] 239f916d-206c-42a0-a1f3-673c38f37787: cophenetic index 3004; 1.4 s; peak memory 850 MiB.
2026-10-02T11:19:48Z INFO [1439/2460] 239fa8c0-20f8-404b-ad44-23f18086fae2: cophenetic index 1087; 1.5 s; peak memory 850 MiB.
2026-10-02T11:19:49Z INFO [1440/2460] 239fb32b-eb7d-45c9-b4e6-7ba84b39e28f: cophenetic index 3004; 1.2 s; peak memory 850 MiB.
2026-10-02T11:19:51Z INFO [1441/2460] 23a00614-5ac1-4e40-a806-300481e4d35b: cophenetic index 2625; 1.8 s; peak memory 850 MiB.
2026-10-02T11:19:52Z INFO [1442/2460] 23a0ff54-d38c-4aac-9c7a-56c9182b0815: cophenetic index 624; 1.1 s; peak memory 850 MiB.
2026-10-02T11:19:53Z INFO [1443/2460] 23a11ddb-19d6-4e38-96fe-8c5acc6c3cee: cophenetic index 2625; 1.7 s; peak memory 850 MiB.
2026-10-02T11:19:54Z INFO [1444/2460] 23a187e1-ef3b-4223-ade2-2146f0039153: cophenetic index 624; 1.1 s; peak memory 850 MiB.
2026-10-02T11:19:56Z INFO [1445/2460] 23a19fa3-c500-4907-9540-ca51cfc21095: cophenetic index 3004; 1.4 s; peak memory 850 MiB.
2026-10-02T11:19:57Z INFO [1446/2460] 23a1ee90-4702-4115-b266-09acf5a896e1: cophenetic index 624; 1.0 s; peak memory 850 MiB.
2026-10-02T11:19:58Z INFO [1447/2460] 23a22985-7e2d-45c8-9790-ece41a94a6ef: cophenetic index 3004; 1.2 s; peak memory 850 MiB.
2026-10-02T11:19:59Z INFO [1448/2460] 23a23f59-7265-4ec8-bb51-5d65474a8cfb: cophenetic index 624; 1.0 s; peak memory 850 MiB.
2026-10-02T11:20:08Z INFO [1449/2460] 23a2f6c7-a719-456f-b360-10d3b6095628: cophenetic index 160625; 8.9 s; peak memory 850 MiB.
2026-10-02T11:20:09Z INFO [1450/2460] 23a32b47-a114-44dd-924a-460ee7a25317: cophenetic index 624; 1.0 s; peak memory 850 MiB.
2026-10-02T11:20:09Z INFO [1450/2460] 23a32b47-a114-44dd-924a-460ee7a25317: checkpointed 63314 records.
2026-10-02T11:20:10Z INFO [1451/2460] 23a4118f-9183-45cc-9c22-4ecaa2ede0f9: cophenetic index 624; 1.0 s; peak memory 850 MiB.
2026-10-02T11:20:11Z INFO [1452/2460] 23a44362-12a3-4251-8443-a770f0e16df9: cophenetic index 1470; 1.1 s; peak memory 850 MiB.
2026-10-02T11:20:13Z INFO [1453/2460] 23a452a1-6659-4b16-b230-5b801be25a40: cophenetic index 777; 2.2 s; peak memory 850 MiB.
2026-10-02T11:20:24Z INFO [1454/2460] 23a45ef4-62b6-4e75-8c70-f4983881ae6b: cophenetic index 48337; 11.0 s; peak memory 850 MiB.
2026-10-02T11:20:26Z INFO [1455/2460] 23a547a6-164d-472c-977f-570a67dc3b87: cophenetic index 2625; 1.6 s; peak memory 850 MiB.
2026-10-02T11:20:27Z INFO [1456/2460] 23a56536-8d5d-4810-9ddf-2e91cfe1b55b: cophenetic index 723; 0.8 s; peak memory 850 MiB.
2026-10-02T11:20:28Z INFO [1457/2460] 23a5fe9e-fca2-4565-8702-a04a96965e19: cophenetic index 788; 1.4 s; peak memory 850 MiB.
2026-10-02T11:20:29Z INFO [1458/2460] 23a610f0-a73b-4f2f-9747-aa7f1c251f81: cophenetic index 766; 1.2 s; peak memory 850 MiB.
2026-10-02T11:20:31Z INFO [1459/2460] 23a6393c-0d23-493b-808c-11dd18c6c599: cophenetic index 2625; 1.7 s; peak memory 850 MiB.
2026-10-02T11:20:32Z INFO [1460/2460] 23a70fec-f081-476b-9a13-2cb0cd3dbcc5: cophenetic index 3004; 1.3 s; peak memory 850 MiB.
2026-10-02T11:20:34Z INFO [1461/2460] 23a74d02-7b04-41f3-a291-0999e9928b9e: cophenetic index 624; 1.2 s; peak memory 850 MiB.
2026-10-02T11:20:35Z INFO [1462/2460] 23a75ce8-c95a-4df7-9854-fd48186f47ba: cophenetic index 624; 1.2 s; peak memory 850 MiB.
2026-10-02T11:20:36Z INFO [1463/2460] 23a7d03a-1f39-4e25-9571-a6dba57277ae: cophenetic index 788; 1.4 s; peak memory 850 MiB.
2026-10-02T11:20:37Z INFO [1464/2460] 23a900ee-03ff-48b1-8872-f43cefafd37e: cophenetic index 751; 0.9 s; peak memory 850 MiB.
2026-10-02T11:20:38Z INFO [1465/2460] 23a96c35-f0be-4ecd-b023-5831a148aa8e: cophenetic index 624; 1.1 s; peak memory 850 MiB.
2026-10-02T11:20:39Z INFO [1466/2460] 23a97a3f-d8d4-4905-9d95-ddfb060be13e: cophenetic index 3004; 1.2 s; peak memory 850 MiB.
2026-10-02T11:20:48Z INFO [1467/2460] 23aa5917-9d1a-4b70-a314-2790b9218574: cophenetic index 14788; 8.6 s; peak memory 850 MiB.
2026-10-02T11:20:58Z INFO [1468/2460] 23aa8b73-7eaf-4cba-b0c7-6f90830b8823: cophenetic index 520159; 9.7 s; peak memory 850 MiB.
2026-10-02T11:21:04Z INFO [1469/2460] 23ab0b67-ab69-47d1-a8f3-3ab5e6f954be: cophenetic index 87401; 6.1 s; peak memory 850 MiB.
2026-10-02T11:21:05Z INFO [1470/2460] 23ab525a-b57e-4581-8fa3-10fd7936874b: cophenetic index 2119; 1.0 s; peak memory 850 MiB.
2026-10-02T11:21:06Z INFO [1471/2460] 23ab80ea-6448-4e84-9722-0475acb236d2: cophenetic index 624; 1.0 s; peak memory 850 MiB.
2026-10-02T11:21:07Z INFO [1472/2460] 23ab90da-ee2d-4e64-8ac8-c3e99218e569: cophenetic index 3004; 1.3 s; peak memory 850 MiB.
2026-10-02T11:21:41Z INFO [1473/2460] 23abe3a8-854c-43bf-a11d-dec2d8a7acbe: cophenetic index 583572; 34.2 s; peak memory 850 MiB.
2026-10-02T11:21:43Z INFO [1474/2460] 23abf297-02d9-4504-bf00-d4185f800192: cophenetic index 959; 2.2 s; peak memory 850 MiB.
2026-10-02T11:21:45Z INFO [1475/2460] 23ad8229-c45b-4074-a442-146289e249b2: cophenetic index 624; 1.2 s; peak memory 850 MiB.
2026-10-02T11:21:47Z INFO [1476/2460] 23ada509-cd03-4285-b068-1cc6be794be9: cophenetic index 33998; 2.1 s; peak memory 850 MiB.
2026-10-02T11:21:48Z INFO [1477/2460] 23ae168e-ab18-4bd7-8d7c-d9348a64686f: cophenetic index 23788; 1.3 s; peak memory 850 MiB.
2026-10-02T11:21:49Z INFO [1478/2460] 23aef22a-e56b-4f8f-a133-2f30d1d26801: cophenetic index 605; 1.2 s; peak memory 850 MiB.
2026-10-02T11:21:50Z INFO [1479/2460] 23af2c50-c66e-45cc-8178-7184c92d3825: cophenetic index 741; 0.9 s; peak memory 850 MiB.
2026-10-02T11:21:52Z INFO [1480/2460] 23afc58d-b491-4280-8c7c-973d2464093d: cophenetic index 23206; 1.5 s; peak memory 850 MiB.
2026-10-02T11:21:53Z INFO [1481/2460] 23b0bf08-5f9a-4a1e-b7e0-41155eea6ba8: cophenetic index 413; 1.0 s; peak memory 850 MiB.
2026-10-02T11:21:54Z INFO [1482/2460] 23b1f316-9fca-4ce9-9dac-7406da0b12ae: cophenetic index 2625; 1.6 s; peak memory 850 MiB.
2026-10-02T11:21:56Z INFO [1483/2460] 23b28cc4-cbfe-41df-8373-4f3ce8004add: cophenetic index 2570; 1.6 s; peak memory 850 MiB.
2026-10-02T11:21:57Z INFO [1484/2460] 23b30224-d42d-4d94-aae4-3b8ab2c4a1bb: cophenetic index 605; 1.2 s; peak memory 850 MiB.
2026-10-02T11:22:06Z INFO [1485/2460] 23b398eb-a99b-43d1-b4b3-e42cace78992: cophenetic index 188182; 8.6 s; peak memory 850 MiB.
2026-10-02T11:22:07Z INFO [1486/2460] 23b3a4a2-0451-4144-a8ee-17253060a53e: cophenetic index 1006; 1.4 s; peak memory 850 MiB.
2026-10-02T11:22:08Z INFO [1487/2460] 23b449c0-89a2-4b55-becb-22e2834273df: cophenetic index 624; 1.0 s; peak memory 850 MiB.
2026-10-02T11:22:16Z INFO [1488/2460] 23b4894a-9032-413a-800f-bfed362e6c4f: cophenetic index 475274; 7.6 s; peak memory 850 MiB.
2026-10-02T11:22:19Z INFO [1489/2460] 23b50840-7c80-47e7-a480-d4250056bfd7: cophenetic index 2469; 3.2 s; peak memory 850 MiB.
2026-10-02T11:22:20Z INFO [1490/2460] 23b56f10-4cb0-47c1-bd63-ae04e7d5e9c5: cophenetic index 2625; 1.4 s; peak memory 850 MiB.
2026-10-02T11:22:22Z INFO [1491/2460] 23b632c6-dbfc-40ea-9540-6dd02e7bbfc8: cophenetic index 2625; 1.7 s; peak memory 850 MiB.
2026-10-02T11:22:23Z INFO [1492/2460] 23b6973e-c247-4dbb-9f1b-930495e0b804: cophenetic index 431; 1.0 s; peak memory 850 MiB.
2026-10-02T11:22:25Z INFO [1493/2460] 23b72ef4-e4eb-446f-8ee8-4616a684644f: cophenetic index 1087; 1.8 s; peak memory 850 MiB.
2026-10-02T11:22:26Z INFO [1494/2460] 23b84876-a6bd-4bd9-a2d0-b30f30fca9a4: cophenetic index 624; 1.2 s; peak memory 850 MiB.
2026-10-02T11:22:30Z INFO [1495/2460] 23b86f18-cb7d-41e6-905f-ca04c34113b9: cophenetic index 3045; 4.3 s; peak memory 850 MiB.
2026-10-02T11:22:33Z INFO [1496/2460] 23b97b06-6208-4f93-8e00-c0c6b3fc0c16: cophenetic index 6636; 2.6 s; peak memory 850 MiB.
2026-10-02T11:22:40Z INFO [1497/2460] 23ba8671-985b-48d0-b7bd-34ce8332fa3a: cophenetic index 6715; 7.0 s; peak memory 850 MiB.
2026-10-02T11:22:42Z INFO [1498/2460] 23bb54f3-8046-4114-bec2-e20975b9fd0e: cophenetic index 42002; 2.3 s; peak memory 850 MiB.
2026-10-02T11:22:45Z INFO [1499/2460] 23bd136e-60b7-43aa-ac53-cd27b5bb7a40: cophenetic index 4617; 3.1 s; peak memory 850 MiB.
2026-10-02T11:22:46Z INFO [1500/2460] 23be4d7b-e034-4575-a3ea-f7138ba0a2cf: cophenetic index 624; 1.0 s; peak memory 850 MiB.
2026-10-02T11:22:46Z INFO [1500/2460] 23be4d7b-e034-4575-a3ea-f7138ba0a2cf: checkpointed 63364 records.
2026-10-02T11:22:48Z INFO [1501/2460] 23be7366-cbee-4d66-bfd3-c8793e4e53b4: cophenetic index 624; 1.2 s; peak memory 850 MiB.
2026-10-02T11:22:49Z INFO [1502/2460] 23becbfc-7a1f-4730-8ccf-d5ef071bae25: cophenetic index 3004; 1.4 s; peak memory 850 MiB.
2026-10-02T11:22:50Z INFO [1503/2460] 23c034f4-b026-4201-acf2-88dcd3b02771: cophenetic index 33986; 1.4 s; peak memory 850 MiB.
2026-10-02T11:22:53Z INFO [1504/2460] 23c066f1-5980-4592-877c-9b75f4ca8969: cophenetic index 2402; 3.0 s; peak memory 850 MiB.
2026-10-02T11:22:55Z INFO [1505/2460] 23c09725-909c-4fa7-9f5b-99cc72797eba: cophenetic index 2625; 1.7 s; peak memory 850 MiB.
2026-10-02T11:22:58Z INFO [1506/2460] 23c17501-cd29-4565-a4c0-d6f3b0e57dc7: cophenetic index 197518; 3.3 s; peak memory 850 MiB.
2026-10-02T11:23:00Z INFO [1507/2460] 23c177d3-7677-468c-aaf5-68092621d1f2: cophenetic index 3004; 1.5 s; peak memory 850 MiB.
2026-10-02T11:23:01Z INFO [1508/2460] 23c3405a-a5c5-4a3b-8bec-f15080596171: cophenetic index 2974; 1.2 s; peak memory 850 MiB.
2026-10-02T11:23:02Z INFO [1509/2460] 23c3beb5-c756-4253-9be4-9d36bd155ddd: cophenetic index 579; 0.8 s; peak memory 850 MiB.
2026-10-02T11:23:03Z INFO [1510/2460] 23c42a0d-d85d-4962-8860-c9c85f2a4c18: cophenetic index 3004; 1.5 s; peak memory 850 MiB.
2026-10-02T11:23:11Z INFO [1511/2460] 23c4c5ac-34c1-4b59-a7bd-49ae0df7c18c: cophenetic index 14478; 8.0 s; peak memory 850 MiB.
2026-10-02T11:23:12Z INFO [1512/2460] 23c5328d-e959-433c-9cb7-c4e798011965: cophenetic index 560; 1.0 s; peak memory 850 MiB.
2026-10-02T11:23:16Z INFO [1513/2460] 23c54c44-3d95-4d38-ad69-b9200db83f94: cophenetic index 5473; 3.9 s; peak memory 850 MiB.
2026-10-02T11:23:20Z INFO [1514/2460] 23c6110a-542c-43f8-a5d9-ba84846c76b7: cophenetic index 1056; 3.5 s; peak memory 850 MiB.
2026-10-02T11:23:22Z INFO [1515/2460] 23c68f1f-813c-4962-bf13-2f3a08454c80: cophenetic index 2299; 2.6 s; peak memory 850 MiB.
2026-10-02T11:23:23Z INFO [1516/2460] 23c83371-1469-4483-890a-e6366958b326: cophenetic index 649; 1.2 s; peak memory 850 MiB.
2026-10-02T11:23:39Z INFO [1517/2460] 23c91679-a461-495c-b677-9f832e328492: cophenetic index 462624; 15.3 s; peak memory 850 MiB.
2026-10-02T11:23:43Z INFO [1518/2460] 23c99fe1-098d-49a4-841a-61933d0bf3ec: cophenetic index 6579722; 4.5 s; peak memory 850 MiB.
2026-10-02T11:23:44Z INFO [1519/2460] 23c9f909-97b8-4394-9bdd-d2246430fe90: cophenetic index 624; 1.1 s; peak memory 850 MiB.
2026-10-02T11:23:45Z INFO [1520/2460] 23ca21a7-12a4-47e1-bc48-5738e0e8fa6a: cophenetic index 624; 1.1 s; peak memory 850 MiB.
2026-10-02T11:23:47Z INFO [1521/2460] 23cb696d-0a0d-47b1-846b-0b28c029fc74: cophenetic index 2625; 1.7 s; peak memory 850 MiB.
2026-10-02T11:23:48Z INFO [1522/2460] 23cb7f54-57d0-4d7a-b174-800061fffe1e: cophenetic index 624; 1.3 s; peak memory 850 MiB.
2026-10-02T11:23:50Z INFO [1523/2460] 23cb83d5-39f6-4a31-b40f-353c07e0bab0: cophenetic index 33986; 1.6 s; peak memory 850 MiB.
2026-10-02T11:23:51Z INFO [1524/2460] 23cb9013-f04b-493b-90ec-d346fe9341e8: cophenetic index 690; 0.9 s; peak memory 850 MiB.
2026-10-02T11:23:52Z INFO [1525/2460] 23cbace7-4d51-4eb4-8acc-ab882c0d1ec6: cophenetic index 2570; 1.4 s; peak memory 850 MiB.
2026-10-02T11:23:53Z INFO [1526/2460] 23cbcb10-5e56-40c4-a571-058e714bf183: cophenetic index 3004; 1.2 s; peak memory 850 MiB.
2026-10-02T11:23:54Z INFO [1527/2460] 23cbdff3-e3fe-4576-92e4-ef84af6861d4: cophenetic index 494; 0.9 s; peak memory 850 MiB.
2026-10-02T11:23:55Z INFO [1528/2460] 23cc128e-286f-4a30-9d96-c1cf83b19f25: cophenetic index 490; 0.8 s; peak memory 850 MiB.
2026-10-02T11:23:56Z INFO [1529/2460] 23cd6f44-8a68-46c4-b26a-4b05f29cfff4: cophenetic index 490; 0.7 s; peak memory 850 MiB.
2026-10-02T11:23:57Z INFO [1530/2460] 23cd7989-4dd3-4ac4-a784-6672f85c231f: cophenetic index 624; 1.0 s; peak memory 850 MiB.
2026-10-02T11:24:03Z INFO [1531/2460] 23cde396-7a65-4747-8235-d2234f651a10: cophenetic index 49628; 6.3 s; peak memory 850 MiB.
2026-10-02T11:24:26Z INFO [1532/2460] 23ce8bed-fdd7-483b-a834-c4ca83369bab: cophenetic index 58288; 22.4 s; peak memory 850 MiB.
2026-10-02T11:24:27Z INFO [1533/2460] 23cf33fb-1360-43cd-9e7f-a85d666ba156: cophenetic index 439; 1.3 s; peak memory 850 MiB.
2026-10-02T11:24:28Z INFO [1534/2460] 23d0a32a-68e6-488a-968d-0b49ea0ffc46: cophenetic index 2625; 1.6 s; peak memory 850 MiB.
2026-10-02T11:24:29Z INFO [1535/2460] 23d0d724-7fb0-4ff3-9cfa-cf39cee3b587: cophenetic index 498; 0.9 s; peak memory 850 MiB.
2026-10-02T11:24:32Z INFO [1536/2460] 23d210dd-3835-4b9b-954b-22a723c7639e: cophenetic index 6636; 3.0 s; peak memory 850 MiB.
2026-10-02T11:24:39Z INFO [1537/2460] 23d22c77-8626-46fe-b5e4-3bc529f28b77: cophenetic index 89778; 7.1 s; peak memory 850 MiB.
2026-10-02T11:24:40Z INFO [1538/2460] 23d257e2-efc1-4dba-8213-45655a053050: cophenetic index 624; 1.0 s; peak memory 850 MiB.
2026-10-02T11:24:41Z INFO [1539/2460] 23d26fec-5ecb-4b21-b92e-a1cce864e80b: cophenetic index 624; 1.0 s; peak memory 850 MiB.
2026-10-02T11:24:43Z INFO [1540/2460] 23d3105a-f1b3-4e75-813d-35a757c7ef01: cophenetic index 3087; 1.4 s; peak memory 850 MiB.
2026-10-02T11:24:45Z INFO [1541/2460] 23d310cf-0ae1-4e62-82ca-03f9e2e6eefb: cophenetic index 33998; 2.1 s; peak memory 850 MiB.
2026-10-02T11:24:46Z INFO [1542/2460] 23d35a5b-d475-4bdd-b9b9-d7a2a750d22c: cophenetic index 624; 1.1 s; peak memory 850 MiB.
2026-10-02T11:24:49Z INFO [1543/2460] 23d40160-fb92-4599-866f-876417214882: cophenetic index 2236; 3.0 s; peak memory 850 MiB.
2026-10-02T11:24:50Z INFO [1544/2460] 23d45ad9-4941-4d8a-8e90-b93b0ec0a8e7: cophenetic index 432; 1.0 s; peak memory 850 MiB.
2026-10-02T11:24:51Z INFO [1545/2460] 23d4bf61-7834-4e59-bb60-23a415d1b64c: cophenetic index 649; 1.2 s; peak memory 850 MiB.
2026-10-02T11:24:53Z INFO [1546/2460] 23d6ea35-3936-4595-bbc9-464412f07a0d: cophenetic index 1006; 1.4 s; peak memory 850 MiB.
2026-10-02T11:24:54Z INFO [1547/2460] 23d7327d-fe6c-4ed2-b852-5ab3d8fc3632: cophenetic index 2625; 1.7 s; peak memory 850 MiB.
2026-10-02T11:24:55Z INFO [1548/2460] 23d7406d-e698-4e07-9028-6dabf34445e9: cophenetic index 690; 0.9 s; peak memory 850 MiB.
2026-10-02T11:24:57Z INFO [1549/2460] 23d7745d-6331-4647-aac1-3aa6b73e9553: cophenetic index 23224; 1.5 s; peak memory 850 MiB.
2026-10-02T11:24:57Z INFO [1550/2460] 23d8329a-89eb-43a3-88ab-50a72536fbb8: cophenetic index 1228; 0.8 s; peak memory 850 MiB.
2026-10-02T11:24:58Z INFO [1550/2460] 23d8329a-89eb-43a3-88ab-50a72536fbb8: checkpointed 63414 records.
2026-10-02T11:24:59Z INFO [1551/2460] 23d87368-24ba-42d7-9587-ac6757d0abc8: cophenetic index 99120; 1.9 s; peak memory 850 MiB.
2026-10-02T11:25:05Z INFO [1552/2460] 23d8d2a9-ba6f-42f4-83c3-f6b253ec8d84: cophenetic index 40932; 5.3 s; peak memory 850 MiB.
2026-10-02T11:25:11Z INFO [1553/2460] 23d93ba2-6f86-44c5-af6a-9c2f34a511a2: cophenetic index 87573; 6.4 s; peak memory 850 MiB.
2026-10-02T11:25:12Z INFO [1554/2460] 23d9cc8d-34ae-4c41-b477-182a3e036a3c: cophenetic index 4134; 1.0 s; peak memory 850 MiB.
2026-10-02T11:25:14Z INFO [1555/2460] 23d9d7f0-19ec-46d7-b2ea-fc6409661fdb: cophenetic index 33998; 1.5 s; peak memory 850 MiB.
2026-10-02T11:25:15Z INFO [1556/2460] 23dbe367-11eb-47c8-8331-358ef589b0ec: cophenetic index 949; 1.7 s; peak memory 850 MiB.
2026-10-02T11:25:16Z INFO [1557/2460] 23dd8945-6424-4ab6-a8b3-d0d9ff238f0a: cophenetic index 624; 1.0 s; peak memory 850 MiB.
2026-10-02T11:25:18Z INFO [1558/2460] 23ddb3bd-2f84-4b52-a31c-40343a7a17a1: cophenetic index 3004; 1.3 s; peak memory 850 MiB.
2026-10-02T11:25:19Z INFO [1559/2460] 23ddf1e3-eeac-463e-965a-93bbbb943780: cophenetic index 3004; 1.6 s; peak memory 850 MiB.
2026-10-02T11:25:21Z INFO [1560/2460] 23de72d4-5cc1-4290-b467-4ba54a7fb4ec: cophenetic index 2625; 1.5 s; peak memory 850 MiB.
2026-10-02T11:25:22Z INFO [1561/2460] 23df1009-876a-4c52-80f6-00348a8adadb: cophenetic index 36406; 1.3 s; peak memory 850 MiB.
2026-10-02T11:25:23Z INFO [1562/2460] 23df1e6f-6872-4cbf-b78e-6bb2c546dbb1: cophenetic index 490; 0.7 s; peak memory 850 MiB.
2026-10-02T11:25:24Z INFO [1563/2460] 23df999f-0a74-4a48-8df1-4feba406bcb0: cophenetic index 949; 1.6 s; peak memory 850 MiB.
2026-10-02T11:25:26Z INFO [1564/2460] 23e0b0ae-e096-476d-987c-c8012733fec5: cophenetic index 2920; 1.1 s; peak memory 850 MiB.
2026-10-02T11:25:28Z INFO [1565/2460] 23e124f2-5a87-4328-bb8f-a38a8fe0e51c: cophenetic index 1514; 2.4 s; peak memory 850 MiB.
2026-10-02T11:25:29Z INFO [1566/2460] 23e15c24-0315-4535-aeeb-7d25f77ecfd2: cophenetic index 624; 1.0 s; peak memory 850 MiB.
2026-10-02T11:25:31Z INFO [1567/2460] 23e1c417-0428-4031-a2d1-6b747377d2d0: cophenetic index 33998; 1.7 s; peak memory 850 MiB.
2026-10-02T11:25:32Z INFO [1568/2460] 23e2ac00-54e2-4830-9bde-3364243ea9f0: cophenetic index 33986; 1.5 s; peak memory 850 MiB.
2026-10-02T11:25:34Z INFO [1569/2460] 23e2ed67-429d-4f40-b6da-eb4469ed7e2d: cophenetic index 2570; 1.7 s; peak memory 850 MiB.
2026-10-02T11:25:37Z INFO [1570/2460] 23e358b2-38cf-440a-8148-e8f8c29d0ef8: cophenetic index 34658; 2.6 s; peak memory 850 MiB.
2026-10-02T11:25:38Z INFO [1571/2460] 23e36879-0b90-4a8a-9b09-02f9abc996ee: cophenetic index 624; 1.0 s; peak memory 850 MiB.
2026-10-02T11:25:40Z INFO [1572/2460] 23e3fca3-4522-4b4d-966e-5bbbe56a8f2f: cophenetic index 2402; 2.7 s; peak memory 850 MiB.
2026-10-02T11:25:42Z INFO [1573/2460] 23e49074-f442-435e-8962-e6de2e4eeb8d: cophenetic index 2625; 1.3 s; peak memory 850 MiB.
2026-10-02T11:25:53Z INFO [1574/2460] 23e4ea66-fe2f-4c08-8a48-b4acf30e23ab: cophenetic index 224733; 10.9 s; peak memory 850 MiB.
2026-10-02T11:25:54Z INFO [1575/2460] 23e570e9-90ae-41ab-8529-31ce1a423fb7: cophenetic index 624; 1.1 s; peak memory 850 MiB.
2026-10-02T11:25:56Z INFO [1576/2460] 23e5c530-3a8e-4fb2-8a9c-99ba1086815e: cophenetic index 34658; 2.6 s; peak memory 850 MiB.
2026-10-02T11:25:59Z INFO [1577/2460] 23e82a56-495d-40b5-901c-925cf843d714: cophenetic index 3000; 2.4 s; peak memory 850 MiB.
2026-10-02T11:26:00Z INFO [1578/2460] 23e85944-e03f-47a0-9330-f742f6378df6: cophenetic index 1087; 1.5 s; peak memory 850 MiB.
2026-10-02T11:26:01Z INFO [1579/2460] 23e86267-477a-4ef1-b43d-fb62268f7f00: cophenetic index 627; 1.0 s; peak memory 850 MiB.
2026-10-02T11:26:02Z INFO [1580/2460] 23e8a1fa-ab06-4f2c-9df4-dc45bbae1058: cophenetic index 23364; 1.1 s; peak memory 850 MiB.
2026-10-02T11:26:03Z INFO [1581/2460] 23e9ec56-f34b-4524-93cc-34cc2d13ed40: cophenetic index 490; 0.8 s; peak memory 850 MiB.
2026-10-02T11:26:04Z INFO [1582/2460] 23ea0309-25ac-4a82-b6c6-46f83e61d226: cophenetic index 569; 1.2 s; peak memory 850 MiB.
2026-10-02T11:26:06Z INFO [1583/2460] 23eb6025-90d3-4e61-bb9f-a36e51a84477: cophenetic index 33818; 1.5 s; peak memory 850 MiB.
2026-10-02T11:26:07Z INFO [1584/2460] 23ebf0a3-8be6-447b-a21c-c4adcafaaff0: cophenetic index 3087; 1.3 s; peak memory 850 MiB.
2026-10-02T11:26:08Z INFO [1585/2460] 23ebfd4c-64d1-4c1d-b313-f4429a3739a4: cophenetic index 624; 1.2 s; peak memory 850 MiB.
2026-10-02T11:26:09Z INFO [1586/2460] 23ec7377-db67-45be-ac21-68ea5172060a: cophenetic index 624; 1.0 s; peak memory 850 MiB.
2026-10-02T11:26:21Z INFO [1587/2460] 23ee8ab0-0fcf-491d-bcdf-029946701d1f: cophenetic index 261475; 11.8 s; peak memory 850 MiB.
2026-10-02T11:26:22Z INFO [1588/2460] 23ef38fa-c13f-475d-91b0-2233f09ba87e: cophenetic index 649; 1.2 s; peak memory 850 MiB.
2026-10-02T11:26:23Z INFO [1589/2460] 23f12b3d-5f8c-45e4-a7db-a71a38da7672: cophenetic index 2625; 1.1 s; peak memory 850 MiB.
2026-10-02T11:26:27Z INFO [1590/2460] 23f18e64-f869-498c-81fe-d158c429d190: cophenetic index 13983; 3.4 s; peak memory 850 MiB.
2026-10-02T11:26:28Z INFO [1591/2460] 23f19353-048c-4db4-aece-ae3baa68853d: cophenetic index 2625; 1.5 s; peak memory 850 MiB.
2026-10-02T11:26:29Z INFO [1592/2460] 23f27de2-436a-453f-ac45-e4ed8390fce6: cophenetic index 729; 0.8 s; peak memory 850 MiB.
2026-10-02T11:26:31Z INFO [1593/2460] 23f3c05b-42ac-42fa-ab37-f0613ee8cc0a: cophenetic index 2625; 1.4 s; peak memory 850 MiB.
2026-10-02T11:26:42Z INFO [1594/2460] 23f49f1b-9a39-48c8-8dac-a63f4ccc8ca3: cophenetic index 194501; 11.5 s; peak memory 850 MiB.
2026-10-02T11:26:55Z INFO [1595/2460] 23f5bd5c-d8c0-4139-9f8b-f76873029172: cophenetic index 339079; 12.5 s; peak memory 850 MiB.
2026-10-02T11:26:56Z INFO [1596/2460] 23f5ee78-d650-4172-8ae1-cefe1915f35a: cophenetic index 2625; 1.5 s; peak memory 850 MiB.
2026-10-02T11:27:00Z INFO [1597/2460] 23f7cfaa-67b2-47a7-bd3d-f23e2e904a1a: cophenetic index 1733; 3.5 s; peak memory 850 MiB.
2026-10-02T11:27:09Z INFO [1598/2460] 23f86615-4a78-421f-84c9-7f63474905d6: cophenetic index 283810; 9.9 s; peak memory 850 MiB.
2026-10-02T11:27:10Z INFO [1599/2460] 23f8e483-acf2-43c1-882c-42589371917d: cophenetic index 624; 1.0 s; peak memory 850 MiB.
2026-10-02T11:27:11Z INFO [1600/2460] 23f9a78a-c285-4b50-9de7-552b18310cd5: cophenetic index 624; 1.1 s; peak memory 850 MiB.
2026-10-02T11:27:12Z INFO [1600/2460] 23f9a78a-c285-4b50-9de7-552b18310cd5: checkpointed 63464 records.
2026-10-02T11:27:15Z INFO [1601/2460] 23f9a856-49b3-4c23-924a-74ce1c865232: cophenetic index 18676; 3.8 s; peak memory 850 MiB.
2026-10-02T11:27:16Z INFO [1602/2460] 23f9c2c8-f6d4-467d-bdf9-6ffa5a23a632: cophenetic index 624; 1.1 s; peak memory 850 MiB.
2026-10-02T11:27:17Z INFO [1603/2460] 23fa1317-ad7a-4966-8945-76e93d26cd36: cophenetic index 1228; 0.8 s; peak memory 850 MiB.
2026-10-02T11:27:18Z INFO [1604/2460] 23fa4479-f86f-4ec5-8d12-17fb8b889697: cophenetic index 624; 1.1 s; peak memory 850 MiB.
2026-10-02T11:27:19Z INFO [1605/2460] 23fb032b-524f-4ffb-bed9-de0e4b7374f4: cophenetic index 624; 1.0 s; peak memory 850 MiB.
2026-10-02T11:27:21Z INFO [1606/2460] 23fb9180-a735-4922-b374-d54df18cf1bd: cophenetic index 2625; 1.4 s; peak memory 850 MiB.
2026-10-02T11:27:22Z INFO [1607/2460] 23fbd2db-4dcd-429e-9156-dd99a9cf9b9a: cophenetic index 2625; 1.6 s; peak memory 850 MiB.
2026-10-02T11:27:28Z INFO [1608/2460] 23fc280a-360b-409b-a03f-e45c9281313b: cophenetic index 837722; 6.0 s; peak memory 850 MiB.
2026-10-02T11:27:31Z INFO [1609/2460] 23fc37df-7d0c-49db-968c-c5c12b826a2a: cophenetic index 2682; 3.0 s; peak memory 850 MiB.
2026-10-02T11:27:32Z INFO [1610/2460] 23fc9d05-1c7c-49f2-a8dd-fca9ef7ad857: cophenetic index 490; 0.7 s; peak memory 850 MiB.
2026-10-02T11:27:33Z INFO [1611/2460] 23fd5021-fa3a-4b1a-9017-1afaf60575a7: cophenetic index 624; 1.0 s; peak memory 850 MiB.
2026-10-02T11:27:34Z INFO [1612/2460] 23ff500b-7974-429f-adbf-8fd262e3aad3: cophenetic index 494; 1.0 s; peak memory 850 MiB.
2026-10-02T11:27:35Z INFO [1613/2460] 23ffc191-6d32-4c7b-8019-88afd99ff350: cophenetic index 3087; 1.3 s; peak memory 850 MiB.
2026-10-02T11:27:39Z INFO [1614/2460] 23ffdb18-87f7-4171-b0d8-1cf9380a77d1: cophenetic index 5473; 3.5 s; peak memory 850 MiB.
2026-10-02T11:27:40Z INFO [1615/2460] 24011dc8-4003-4d2a-857c-62fc211e4497: cophenetic index 958; 1.3 s; peak memory 850 MiB.
2026-10-02T11:27:41Z INFO [1616/2460] 24011dd5-10ae-425b-b9e4-021d2838f146: cophenetic index 1228; 1.2 s; peak memory 850 MiB.
2026-10-02T11:27:42Z INFO [1617/2460] 2402bcdb-7666-4750-87f2-f2f5bba0c272: cophenetic index 625; 1.1 s; peak memory 850 MiB.
2026-10-02T11:27:44Z INFO [1618/2460] 240324ac-86bf-4695-984a-cc9da030193c: cophenetic index 2625; 1.6 s; peak memory 850 MiB.
2026-10-02T11:27:45Z INFO [1619/2460] 2403c653-35d8-4b08-bc22-67009edc0524: cophenetic index 624; 1.0 s; peak memory 850 MiB.
2026-10-02T11:27:46Z INFO [1620/2460] 2403e5c3-9b25-461d-a18c-1ffa2b09aa3b: cophenetic index 3087; 1.2 s; peak memory 850 MiB.
2026-10-02T11:27:54Z INFO [1621/2460] 24044c74-1861-463b-86a5-4b3bbdde8fad: cophenetic index 147582; 7.4 s; peak memory 850 MiB.
2026-10-02T11:27:55Z INFO [1622/2460] 2404e9a1-a5dd-4bda-bdc4-30c548a8388c: cophenetic index 624; 1.1 s; peak memory 850 MiB.
2026-10-02T11:28:06Z INFO [1623/2460] 2404fdae-fe42-4d0a-80f7-1d5d15e678b2: cophenetic index 173992; 10.8 s; peak memory 850 MiB.
2026-10-02T11:28:07Z INFO [1624/2460] 24059d6e-037d-4933-a90a-e291f8b070f5: cophenetic index 690; 1.0 s; peak memory 850 MiB.
2026-10-02T11:28:08Z INFO [1625/2460] 2405b6ac-fc25-4e38-b31a-f99a418b24e7: cophenetic index 3215; 1.1 s; peak memory 850 MiB.
2026-10-02T11:28:09Z INFO [1626/2460] 24063f9b-32bc-4e5e-97b6-92b374c5c29e: cophenetic index 431; 1.1 s; peak memory 850 MiB.
2026-10-02T11:28:10Z INFO [1627/2460] 24070e34-d799-46d8-9d6d-6d3d8e3fb4ce: cophenetic index 3004; 1.1 s; peak memory 850 MiB.
2026-10-02T11:28:11Z INFO [1628/2460] 24088461-55a1-4f6c-a1c7-38abafebc65d: cophenetic index 624; 1.2 s; peak memory 850 MiB.
2026-10-02T11:28:13Z INFO [1629/2460] 2408ff6f-acc0-4ab8-a5a6-da611a182f84: cophenetic index 33968; 1.5 s; peak memory 850 MiB.
2026-10-02T11:28:14Z INFO [1630/2460] 24090291-a449-42e7-82e3-63fd86f09ee0: cophenetic index 624; 1.0 s; peak memory 850 MiB.
2026-10-02T11:28:14Z INFO [1631/2460] 2409a0a6-1c04-495a-a784-7724b19e96d7: cophenetic index 723; 0.9 s; peak memory 850 MiB.
2026-10-02T11:28:16Z INFO [1632/2460] 240a753d-8727-4749-b2df-02e7d9d2c84b: cophenetic index 33968; 1.5 s; peak memory 850 MiB.
2026-10-02T11:28:17Z INFO [1633/2460] 240ac7a7-eb8e-458a-a967-d0e6ba7bfbf1: cophenetic index 624; 1.0 s; peak memory 850 MiB.
2026-10-02T11:28:30Z INFO [1634/2460] 240b3133-2008-4c6a-9726-11c1212989bc: cophenetic index 48475; 13.1 s; peak memory 850 MiB.
2026-10-02T11:28:32Z INFO [1635/2460] 240bb0ec-ae0e-40ec-ac09-1526f045402e: cophenetic index 2625; 1.9 s; peak memory 850 MiB.
2026-10-02T11:28:33Z INFO [1636/2460] 240c5333-73b5-412b-90e4-9f26d3e0c794: cophenetic index 624; 1.0 s; peak memory 850 MiB.
2026-10-02T11:28:34Z INFO [1637/2460] 240c54ee-f724-4c8d-a05d-816f1780b8e7: cophenetic index 624; 1.0 s; peak memory 850 MiB.
2026-10-02T11:28:35Z INFO [1638/2460] 240c58a5-e40e-463a-94a8-a2b4619bae26: cophenetic index 624; 1.1 s; peak memory 850 MiB.
2026-10-02T11:28:36Z INFO [1639/2460] 240c9cd2-d938-4e2a-9179-74644087516f: cophenetic index 579; 0.7 s; peak memory 850 MiB.
2026-10-02T11:28:49Z INFO [1640/2460] 240ce9cb-2d8b-45ed-ba35-38e7b848a876: cophenetic index 361374; 13.3 s; peak memory 850 MiB.
2026-10-02T11:28:57Z INFO [1641/2460] 240cf5ff-2d79-48eb-9201-6bfad00b6a82: cophenetic index 82345; 7.6 s; peak memory 850 MiB.
2026-10-02T11:28:58Z INFO [1642/2460] 240d8357-7d94-4e3c-954c-f0aa3f23af72: cophenetic index 431; 1.0 s; peak memory 850 MiB.
2026-10-02T11:28:59Z INFO [1643/2460] 240e302e-d24a-4c12-aa7d-6da105b5850d: cophenetic index 949; 1.5 s; peak memory 850 MiB.
2026-10-02T11:29:00Z INFO [1644/2460] 240e5dc0-86dc-42c2-be75-29cdd79a881d: cophenetic index 490; 0.8 s; peak memory 850 MiB.
2026-10-02T11:29:01Z INFO [1645/2460] 24114297-07da-454b-b602-088978804e18: cophenetic index 624; 1.0 s; peak memory 850 MiB.
2026-10-02T11:29:07Z INFO [1646/2460] 2411bb35-0d84-41ae-965c-6f21d370e411: cophenetic index 43589; 6.0 s; peak memory 850 MiB.
2026-10-02T11:29:08Z INFO [1647/2460] 2411d1d6-621c-42e7-9618-21dcc6bf4e30: cophenetic index 3004; 1.2 s; peak memory 850 MiB.
2026-10-02T11:29:09Z INFO [1648/2460] 2412122c-d998-44ee-bc8c-18d6ec085f02: cophenetic index 624; 1.0 s; peak memory 850 MiB.
2026-10-02T11:29:11Z INFO [1649/2460] 2412a30c-77f2-483a-afc0-91c070337664: cophenetic index 2625; 1.8 s; peak memory 850 MiB.
2026-10-02T11:29:12Z INFO [1650/2460] 24137c1b-d3c5-417a-a09d-847676d422e2: cophenetic index 6435; 1.3 s; peak memory 850 MiB.
2026-10-02T11:29:12Z INFO [1650/2460] 24137c1b-d3c5-417a-a09d-847676d422e2: checkpointed 63514 records.
2026-10-02T11:29:14Z INFO [1651/2460] 2415a8c3-5e5a-4e72-8a16-e76ffb29d9b0: cophenetic index 3087; 1.4 s; peak memory 850 MiB.
2026-10-02T11:29:28Z INFO [1652/2460] 2415dc4f-9135-4d11-9962-9535e1a29777: cophenetic index 14507294; 14.1 s; peak memory 850 MiB.
2026-10-02T11:29:29Z INFO [1653/2460] 241663cd-eb0d-4423-a315-6317eae1c532: cophenetic index 624; 1.0 s; peak memory 850 MiB.
2026-10-02T11:29:37Z INFO [1654/2460] 2416b752-fe88-47bb-86e9-1d2fc4c35beb: cophenetic index 14389; 8.1 s; peak memory 850 MiB.
2026-10-02T11:29:38Z INFO [1655/2460] 2416f091-7da3-45e5-8d56-b43b3877fa8b: cophenetic index 579; 0.9 s; peak memory 850 MiB.
2026-10-02T11:29:40Z INFO [1656/2460] 2416f80e-180a-4b0d-9b6e-cc44308707fc: cophenetic index 895; 2.3 s; peak memory 850 MiB.
2026-10-02T11:29:42Z INFO [1657/2460] 2417514a-d60e-4272-af9a-8537244ea456: cophenetic index 33998; 1.9 s; peak memory 850 MiB.
2026-10-02T11:29:43Z INFO [1658/2460] 241951b3-6082-4d90-b745-983ab90b7926: cophenetic index 665; 1.1 s; peak memory 850 MiB.
2026-10-02T11:29:45Z INFO [1659/2460] 2419b0e4-3914-4296-8d9d-deb3a6ad6d75: cophenetic index 3057; 1.6 s; peak memory 850 MiB.
2026-10-02T11:29:46Z INFO [1660/2460] 2419b748-33b8-4e05-9dc8-2f604d0d963e: cophenetic index 2570; 1.6 s; peak memory 850 MiB.
2026-10-02T11:29:48Z WARNING 3b2672c0-01e2-4e2a-a6fd-09535b8afd67: failed while reading the NWB file (KeyError: 'Unable to synchronously open object (component not found)')
2026-10-02T11:29:48Z WARNING [1661/2460] 3b2672c0-01e2-4e2a-a6fd-09535b8afd67: leaving unrecorded for a later run to retry.
2026-10-02T11:29:50Z INFO [1662/2460] 51ba1795-69cf-43af-b6fe-e443659e526f: cophenetic index 940; 2.3 s; peak memory 850 MiB.
2026-10-02T11:29:52Z WARNING 59beae01-8c63-4353-a90b-e97078f0ecde: failed while reading the NWB file (KeyError: 'Unable to synchronously open object (component not found)')
2026-10-02T11:29:52Z WARNING [1663/2460] 59beae01-8c63-4353-a90b-e97078f0ecde: leaving unrecorded for a later run to retry.
2026-10-02T11:29:53Z WARNING 735c7449-7e23-44fa-8990-d5c55f725aa2: failed while reading the NWB file (KeyError: 'Unable to synchronously open object (component not found)')
2026-10-02T11:29:53Z WARNING [1664/2460] 735c7449-7e23-44fa-8990-d5c55f725aa2: leaving unrecorded for a later run to retry.
2026-10-02T11:29:55Z WARNING 75dc9b6e-40d1-4c10-8d75-71e6d60a1109: failed while reading the NWB file (KeyError: 'Unable to synchronously open object (component not found)')
2026-10-02T11:29:55Z WARNING [1665/2460] 75dc9b6e-40d1-4c10-8d75-71e6d60a1109: leaving unrecorded for a later run to retry.
2026-10-02T11:29:57Z INFO [1666/2460] 7f80fa49-a032-42c5-96d9-115b1408e1f6: cophenetic index 940; 2.2 s; peak memory 850 MiB.
2026-10-02T11:29:58Z WARNING 8f0183a2-f90f-4b15-8fac-1ca3a404a100: failed while reading the NWB file (KeyError: 'Unable to synchronously open object (component not found)')
2026-10-02T11:29:58Z WARNING [1667/2460] 8f0183a2-f90f-4b15-8fac-1ca3a404a100: leaving unrecorded for a later run to retry.
2026-10-02T11:30:00Z WARNING 91d0f104-6918-47ae-8959-2116c86ee157: failed while reading the NWB file (KeyError: 'Unable to synchronously open object (component not found)')
2026-10-02T11:30:00Z WARNING [1668/2460] 91d0f104-6918-47ae-8959-2116c86ee157: leaving unrecorded for a later run to retry.
2026-10-02T11:30:02Z INFO [1669/2460] 94e54413-a85a-4639-a68b-9d07f180d6bc: cophenetic index 940; 2.0 s; peak memory 850 MiB.
2026-10-02T11:30:04Z WARNING 969e4747-5a03-4948-bad1-05be9db18f9a: failed while reading the NWB file (KeyError: 'Unable to synchronously open object (component not found)')
2026-10-02T11:30:04Z WARNING [1670/2460] 969e4747-5a03-4948-bad1-05be9db18f9a: leaving unrecorded for a later run to retry.
2026-10-02T11:30:05Z WARNING 9f0feaa9-adb3-4487-afb9-d4f49f1acdc6: failed while reading the NWB file (KeyError: 'Unable to synchronously open object (component not found)')
2026-10-02T11:30:05Z WARNING [1671/2460] 9f0feaa9-adb3-4487-afb9-d4f49f1acdc6: leaving unrecorded for a later run to retry.
2026-10-02T11:30:08Z INFO [1672/2460] ab5e3024-1afb-4abd-8292-530bdd871fc6: cophenetic index 940; 2.4 s; peak memory 850 MiB.
2026-10-02T11:30:09Z WARNING ad5b0970-92ee-45ed-9ade-ec72ab7c0c43: failed while reading the NWB file (KeyError: 'Unable to synchronously open object (component not found)')
2026-10-02T11:30:09Z WARNING [1673/2460] ad5b0970-92ee-45ed-9ade-ec72ab7c0c43: leaving unrecorded for a later run to retry.
2026-10-02T11:30:11Z INFO [1674/2460] b86ff562-5c4d-4d8d-9d65-e27431a8d5c3: cophenetic index 940; 2.4 s; peak memory 850 MiB.
2026-10-02T11:30:12Z INFO [1675/2460] cf17a86b-f021-4d68-b09c-fa6601a41bc5: cophenetic index 427; 0.8 s; peak memory 850 MiB.
2026-10-02T11:30:13Z INFO [1676/2460] d0193ec4-a8b2-4013-b23d-1b946a022f42: cophenetic index 624; 1.1 s; peak memory 850 MiB.
2026-10-02T11:30:14Z INFO [1677/2460] d03bd38e-2f49-4ce0-aa6d-542f4ab72e66: cophenetic index 1470; 1.0 s; peak memory 850 MiB.
2026-10-02T11:30:17Z INFO [1678/2460] d0a70f84-6b42-4c2b-b7d2-8c1722d7e166: cophenetic index 5473; 3.1 s; peak memory 850 MiB.
2026-10-02T11:30:19Z INFO [1679/2460] d16d149a-3f7f-4062-be9e-56e1ca32071c: cophenetic index 2625; 1.5 s; peak memory 850 MiB.
2026-10-02T11:30:22Z INFO [1680/2460] d1bc0594-800e-4010-86a8-2becda36e1fa: cophenetic index 3844; 3.1 s; peak memory 850 MiB.
2026-10-02T11:30:24Z INFO [1681/2460] d1bfb421-cd54-4917-bff8-7e214989deff: cophenetic index 2724; 2.0 s; peak memory 850 MiB.
2026-10-02T11:30:26Z INFO [1682/2460] d1daa5d1-ab60-483d-9f69-76dafe6ea1b1: cophenetic index 33986; 1.7 s; peak memory 850 MiB.
2026-10-02T11:30:37Z INFO [1683/2460] d276c21d-b782-4ab1-b6fc-2c438361618d: cophenetic index 23077; 11.7 s; peak memory 850 MiB.
2026-10-02T11:30:39Z INFO [1684/2460] d2cdaca6-f854-4d65-8b69-00966b61e76e: cophenetic index 33998; 2.1 s; peak memory 850 MiB.
2026-10-02T11:30:40Z INFO [1685/2460] d337bc5b-6c81-44fa-a14f-1a07da83384f: cophenetic index 690; 0.9 s; peak memory 850 MiB.
2026-10-02T11:30:43Z INFO [1686/2460] d349d336-67be-4d85-bc27-91f1e36343a4: cophenetic index 6636; 2.5 s; peak memory 850 MiB.
2026-10-02T11:30:44Z INFO [1687/2460] d3664c07-63cd-4f63-aee0-196f4f609760: cophenetic index 446; 0.9 s; peak memory 850 MiB.
2026-10-02T11:30:45Z INFO [1688/2460] d3cc0f3c-f64d-4016-b225-972b01bd882a: cophenetic index 2625; 1.6 s; peak memory 850 MiB.
2026-10-02T11:30:48Z INFO [1689/2460] d425a876-cfff-46e2-a152-aa39bc7bb747: cophenetic index 2469; 2.8 s; peak memory 850 MiB.
2026-10-02T11:30:51Z INFO [1690/2460] d45a39a7-ee2f-4607-8382-b88b7a8cedb1: cophenetic index 2402; 2.8 s; peak memory 850 MiB.
2026-10-02T11:30:56Z INFO [1691/2460] d48a7171-0675-46da-8c06-784ba46bd79c: cophenetic index 38007; 5.2 s; peak memory 850 MiB.
2026-10-02T11:30:57Z INFO [1692/2460] d4a296b4-b3ba-45a3-b595-39353c054e9c: cophenetic index 494; 1.0 s; peak memory 850 MiB.
2026-10-02T11:31:03Z INFO [1693/2460] d51eb15a-efe6-40c6-8368-61c9112a37e9: cophenetic index 71066; 5.8 s; peak memory 850 MiB.
2026-10-02T11:31:04Z INFO [1694/2460] d546a998-7c43-4a9b-bafd-7a8ef3fdd565: cophenetic index 2625; 1.6 s; peak memory 850 MiB.
2026-10-02T11:31:06Z INFO [1695/2460] d582a7fe-3e80-45cc-9a27-763a0febe4d3: cophenetic index 3087; 1.3 s; peak memory 850 MiB.
2026-10-02T11:31:07Z WARNING d73cb2c7-2e04-4c75-ba50-9b634dc8e8fb: failed while reading the NWB file (KeyError: 'Unable to synchronously open object (component not found)')
2026-10-02T11:31:07Z WARNING [1696/2460] d73cb2c7-2e04-4c75-ba50-9b634dc8e8fb: leaving unrecorded for a later run to retry.
2026-10-02T11:31:10Z INFO [1697/2460] d921e3d1-b243-4c6f-9603-25ea22293f98: cophenetic index 1680; 2.4 s; peak memory 850 MiB.
2026-10-02T11:31:12Z INFO [1698/2460] da5ded4c-58ee-42ae-8acb-513e797b92a2: cophenetic index 2682; 2.3 s; peak memory 850 MiB.
2026-10-02T11:31:13Z INFO [1699/2460] dafeabf4-9f9e-46fd-924e-8073c565335d: cophenetic index 624; 1.0 s; peak memory 850 MiB.
2026-10-02T11:31:14Z INFO [1700/2460] db8b7157-802b-4476-968e-882c085022c2: cophenetic index 624; 1.0 s; peak memory 850 MiB.
2026-10-02T11:31:14Z INFO [1700/2460] db8b7157-802b-4476-968e-882c085022c2: checkpointed 63554 records.
2026-10-02T11:31:15Z INFO [1701/2460] db8dbbe6-3e9b-426b-8f5e-62985d484a07: cophenetic index 641; 0.8 s; peak memory 850 MiB.
2026-10-02T11:31:16Z INFO [1702/2460] dbd64e83-2262-4ac2-b01e-a8e3f45ddb0b: cophenetic index 33968; 1.4 s; peak memory 850 MiB.
2026-10-02T11:31:20Z INFO [1703/2460] dbef69e4-1785-4deb-941c-b553ae151033: cophenetic index 32229; 3.5 s; peak memory 850 MiB.
2026-10-02T11:31:21Z INFO [1704/2460] dc4b4074-7893-4bfd-8e22-065af80e6eee: cophenetic index 624; 1.1 s; peak memory 850 MiB.
2026-10-02T11:31:23Z INFO [1705/2460] dc59bc38-29c9-4a1a-ad41-e2c01b9b61a5: cophenetic index 3004; 1.5 s; peak memory 850 MiB.
2026-10-02T11:31:26Z INFO [1706/2460] dc8f740d-40b7-48f8-9f33-76eee765d04b: cophenetic index 5473; 3.2 s; peak memory 850 MiB.
2026-10-02T11:31:28Z INFO [1707/2460] dd3b3f2c-305d-45af-a333-9ac9e02bf55d: cophenetic index 40176; 2.1 s; peak memory 850 MiB.
2026-10-02T11:31:29Z INFO [1708/2460] dddd26be-775e-4f39-9d81-e221500348b3: cophenetic index 581; 1.6 s; peak memory 850 MiB.
2026-10-02T11:33:35Z INFO [1709/2460] de9a2940-75ba-49ed-9301-451026496f4e: cophenetic index 36030552; 125.8 s; peak memory 850 MiB.
2026-10-02T11:33:44Z INFO [1710/2460] dee77e83-086b-4ed7-8301-3d2c936eb383: cophenetic index 195173008; 9.0 s; peak memory 850 MiB.
2026-10-02T11:33:55Z INFO [1711/2460] defb06fd-f80b-403f-80b7-6383c950156d: cophenetic index 396303; 10.4 s; peak memory 850 MiB.
2026-10-02T11:33:56Z INFO [1712/2460] df895309-92ce-4bbe-b604-3839bb922ff1: cophenetic index 33968; 1.7 s; peak memory 850 MiB.
2026-10-02T11:33:57Z INFO [1713/2460] dfa3f865-2830-44ac-a2dd-de0b60763033: cophenetic index 539; 1.0 s; peak memory 850 MiB.
2026-10-02T11:33:58Z INFO [1714/2460] e043d8f5-18dd-4da4-aa53-5d847ffa0d69: cophenetic index 762; 0.8 s; peak memory 850 MiB.
2026-10-02T11:33:59Z INFO [1715/2460] e05ceab4-b082-461f-b835-d0b4d1d81f46: cophenetic index 624; 0.9 s; peak memory 850 MiB.
2026-10-02T11:34:06Z INFO [1716/2460] e0712f26-e0cf-4cb9-94a5-a194f218a2fa: cophenetic index 87573; 7.2 s; peak memory 850 MiB.
2026-10-02T11:34:08Z INFO [1717/2460] e072ee63-64ff-468f-81c4-f7adcb9f28ff: cophenetic index 3087; 1.2 s; peak memory 850 MiB.
2026-10-02T11:34:09Z INFO [1718/2460] e0746c42-e2b6-44cf-98ff-720857417f78: cophenetic index 33968; 1.5 s; peak memory 850 MiB.
2026-10-02T11:34:16Z INFO [1719/2460] e08360c1-3be4-4b28-a6c3-c318643a0d11: cophenetic index 5466; 6.9 s; peak memory 850 MiB.
2026-10-02T11:34:17Z INFO [1720/2460] e08ddd4a-e9ad-4d82-9c35-a7e8dd9790d3: cophenetic index 23996; 1.3 s; peak memory 850 MiB.
2026-10-02T11:34:18Z INFO [1721/2460] e0d375d2-a046-4b7e-a8a0-c4abefc13305: cophenetic index 624; 1.1 s; peak memory 850 MiB.
2026-10-02T11:34:19Z INFO [1722/2460] e0f5f3de-00d8-45e7-96b8-8111db7233c4: cophenetic index 624; 1.0 s; peak memory 850 MiB.
2026-10-02T11:34:20Z INFO [1723/2460] e148a36d-204d-44e9-aaa8-bbf8a21c7c12: cophenetic index 1949; 1.1 s; peak memory 850 MiB.
2026-10-02T11:34:26Z INFO [1724/2460] e190580c-2fd6-4ca3-9bae-3c317cb5df65: cophenetic index 16669; 5.3 s; peak memory 850 MiB.
2026-10-02T11:34:27Z INFO [1725/2460] e1909b17-ea49-4920-a165-a6765dacdd6d: cophenetic index 687; 1.1 s; peak memory 850 MiB.
2026-10-02T11:34:29Z INFO [1726/2460] e1a2f23d-368c-4a3f-ab67-c8d46b9670e1: cophenetic index 30304; 1.7 s; peak memory 850 MiB.
2026-10-02T11:34:30Z INFO [1727/2460] e1ee36b0-4e47-45f5-a80b-53377b266f4e: cophenetic index 590; 1.1 s; peak memory 850 MiB.
2026-10-02T11:34:31Z INFO [1728/2460] e2342222-5b72-4733-8f66-b871548a50ce: cophenetic index 2625; 1.6 s; peak memory 850 MiB.
2026-10-02T11:34:33Z INFO [1729/2460] e289c44d-7338-49ad-9a4f-8c95b55a57c9: cophenetic index 2625; 1.4 s; peak memory 850 MiB.
2026-10-02T11:34:34Z INFO [1730/2460] e2f2af11-15f1-4bfd-8949-f10374ed6935: cophenetic index 1006; 1.5 s; peak memory 850 MiB.
2026-10-02T11:34:37Z INFO [1731/2460] e300ec33-2ddf-4652-a84f-663b0bfebc90: cophenetic index 2402; 2.7 s; peak memory 850 MiB.
2026-10-02T11:34:38Z INFO [1732/2460] e397d409-92d0-423a-8c96-4f8dc209ffbe: cophenetic index 3087; 1.4 s; peak memory 850 MiB.
2026-10-02T11:34:40Z INFO [1733/2460] e3e34583-efcb-43e9-902a-8cce8558d6a3: cophenetic index 2625; 1.4 s; peak memory 850 MiB.
2026-10-02T11:34:41Z INFO [1734/2460] e41572f2-be6a-4f4b-9adc-7149c8f4b925: cophenetic index 2974; 1.5 s; peak memory 850 MiB.
2026-10-02T11:34:43Z INFO [1735/2460] e46fe325-7e4a-4f76-9627-58983bc0c802: cophenetic index 99114; 1.7 s; peak memory 850 MiB.
2026-10-02T11:34:44Z INFO [1736/2460] e47f4446-c5ed-4020-8adb-b718c26c9194: cophenetic index 624; 1.0 s; peak memory 850 MiB.
2026-10-02T11:34:46Z INFO [1737/2460] e4890a87-33ec-4306-b288-f73a21ee8365: cophenetic index 1408; 2.1 s; peak memory 850 MiB.
2026-10-02T11:34:47Z INFO [1738/2460] e5137f79-0813-42d5-ad83-bc1435fe1dde: cophenetic index 608; 1.0 s; peak memory 850 MiB.
2026-10-02T11:34:48Z INFO [1739/2460] e5ae091e-73f7-40ac-b467-cf1719081f74: cophenetic index 624; 1.2 s; peak memory 850 MiB.
2026-10-02T11:34:49Z INFO [1740/2460] e61bba56-8aa4-4fbf-856d-9426fa56ffdc: cophenetic index 624; 1.0 s; peak memory 850 MiB.
2026-10-02T11:34:50Z INFO [1741/2460] e6409b16-a93b-46c1-b6fd-414690a2fb22: cophenetic index 486; 1.0 s; peak memory 850 MiB.
2026-10-02T11:34:53Z INFO [1742/2460] e667c3fb-6da4-4535-bd7f-796b28d98daa: cophenetic index 1970; 2.8 s; peak memory 850 MiB.
2026-10-02T11:34:55Z INFO [1743/2460] e6740d80-5eda-4636-9b42-c3eda495b67c: cophenetic index 99120; 1.9 s; peak memory 850 MiB.
2026-10-02T11:34:56Z INFO [1744/2460] e681533c-51b6-4343-a899-21bca5d7d0fd: cophenetic index 624; 1.2 s; peak memory 850 MiB.
2026-10-02T11:34:57Z INFO [1745/2460] e68d3c6c-14c7-41ec-a3c2-a2700d5137eb: cophenetic index 554; 1.3 s; peak memory 850 MiB.
2026-10-02T11:34:58Z INFO [1746/2460] e6a3aecf-ff8f-4a3a-a5cd-b4fd4db33962: cophenetic index 624; 1.1 s; peak memory 850 MiB.
2026-10-02T11:35:00Z INFO [1747/2460] e6d8db7b-adc7-4fff-9392-fa18fcb79a9a: cophenetic index 3004; 1.2 s; peak memory 850 MiB.
2026-10-02T11:35:03Z INFO [1748/2460] e706d2c3-2e1e-402f-a6c3-107a46d656e9: cophenetic index 10163; 3.1 s; peak memory 850 MiB.
2026-10-02T11:35:12Z INFO [1749/2460] e71bb95b-6f52-41ed-9c13-60b4cf583b26: cophenetic index 148495; 9.4 s; peak memory 850 MiB.
2026-10-02T11:35:13Z INFO [1750/2460] e7203bec-7130-45a3-9a90-34063cd16112: cophenetic index 624; 1.1 s; peak memory 850 MiB.
2026-10-02T11:35:13Z INFO [1750/2460] e7203bec-7130-45a3-9a90-34063cd16112: checkpointed 63604 records.
2026-10-02T11:35:14Z INFO [1751/2460] e76f4ce7-3b04-49c7-8e8f-95ea8f7630ab: cophenetic index 3087; 1.2 s; peak memory 850 MiB.
2026-10-02T11:35:16Z INFO [1752/2460] e7a0c037-268b-459a-8663-f2a306e3ead7: cophenetic index 1949; 1.3 s; peak memory 850 MiB.
2026-10-02T11:35:25Z INFO [1753/2460] e7b53229-0289-474d-ad1a-c46c442879dd: cophenetic index 240441; 9.2 s; peak memory 850 MiB.
2026-10-02T11:35:36Z INFO [1754/2460] e7d2f7e1-e520-41cf-bf8b-f2fa63315507: cophenetic index 47144; 11.4 s; peak memory 850 MiB.
2026-10-02T11:35:39Z INFO [1755/2460] e7d418df-a0cf-45a3-9335-353f4b0fe427: cophenetic index 2402; 3.0 s; peak memory 850 MiB.
2026-10-02T11:35:41Z INFO [1756/2460] e7d41beb-a797-41e8-aaa9-83bded512bcc: cophenetic index 1087; 1.4 s; peak memory 850 MiB.
2026-10-02T11:35:48Z INFO [1757/2460] e7f45239-6c3a-433a-ba10-933d320cabff: cophenetic index 15946; 7.4 s; peak memory 850 MiB.
2026-10-02T11:35:49Z INFO [1758/2460] e7f4fb3d-049c-4e6b-ba4f-540f51b89687: cophenetic index 433; 0.8 s; peak memory 850 MiB.
2026-10-02T11:35:50Z INFO [1759/2460] e7fb63e9-5bf9-49fb-ab74-57f05491398c: cophenetic index 624; 1.0 s; peak memory 850 MiB.
2026-10-02T11:35:51Z INFO [1760/2460] e7fc4331-8953-4e85-9074-9d634f93e634: cophenetic index 2974; 1.2 s; peak memory 850 MiB.
2026-10-02T11:35:52Z INFO [1761/2460] e7feb286-bb41-4d74-9da4-eef5ed601f1a: cophenetic index 3057; 1.2 s; peak memory 850 MiB.
2026-10-02T11:36:02Z INFO [1762/2460] e802ba1f-bec1-4d65-87f2-12fda3e69891: cophenetic index 19328; 9.5 s; peak memory 850 MiB.
2026-10-02T11:36:03Z INFO [1763/2460] e8089439-3940-43d9-b851-2e14c9208dae: cophenetic index 624; 1.1 s; peak memory 850 MiB.
2026-10-02T11:36:04Z INFO [1764/2460] e80fa3f7-aeb4-4ad5-b4d9-d41acbf1c472: cophenetic index 2625; 1.5 s; peak memory 850 MiB.
2026-10-02T11:36:09Z INFO [1765/2460] e81193bb-725b-495b-a5df-892bcd9856b1: cophenetic index 42418; 4.6 s; peak memory 850 MiB.
2026-10-02T11:36:10Z INFO [1766/2460] e8131eb4-75f8-41f8-bb07-971107068436: cophenetic index 2496; 1.6 s; peak memory 850 MiB.
2026-10-02T11:36:11Z INFO [1767/2460] e821b325-e51c-42c2-b665-35a56d44849c: cophenetic index 624; 1.0 s; peak memory 850 MiB.
2026-10-02T11:36:12Z INFO [1768/2460] e8226feb-b91a-462f-a6d0-97032ef2e8d7: cophenetic index 624; 1.1 s; peak memory 850 MiB.
2026-10-02T11:36:13Z INFO [1769/2460] e83232e5-3257-430a-ba3a-78f5c1459404: cophenetic index 741; 0.8 s; peak memory 850 MiB.
2026-10-02T11:36:14Z INFO [1770/2460] e8432b47-da95-4201-8bd8-6fd8427513a5: cophenetic index 624; 1.0 s; peak memory 850 MiB.
2026-10-02T11:36:15Z INFO [1771/2460] e84c267f-d485-498c-bda8-fe46a5f29f1a: cophenetic index 2625; 1.3 s; peak memory 850 MiB.
2026-10-02T11:36:17Z INFO [1772/2460] e84c8da7-aa82-47a4-95cc-2e36af39d779: cophenetic index 766; 1.2 s; peak memory 850 MiB.
2026-10-02T11:36:18Z INFO [1773/2460] e84d53eb-4187-4400-9615-bad74582cc91: cophenetic index 2625; 1.4 s; peak memory 850 MiB.
2026-10-02T11:36:19Z INFO [1774/2460] e851ce56-1eba-4b22-b0df-991123d8afe2: cophenetic index 486; 1.0 s; peak memory 850 MiB.
2026-10-02T11:36:21Z INFO [1775/2460] e855abbb-334c-4351-bb3d-54dd582f6178: cophenetic index 33998; 1.7 s; peak memory 850 MiB.
2026-10-02T11:36:22Z INFO [1776/2460] e85c8b7f-034d-45ec-9ead-adab1abfe52f: cophenetic index 3004; 1.5 s; peak memory 850 MiB.
2026-10-02T11:36:25Z INFO [1777/2460] e85f7208-6284-40af-893a-ef95f9b2db13: cophenetic index 2402; 2.6 s; peak memory 850 MiB.
2026-10-02T11:36:30Z INFO [1778/2460] e8653ba6-fed3-4701-9fbd-ad55de60fdd3: cophenetic index 25682; 5.4 s; peak memory 850 MiB.
2026-10-02T11:37:44Z INFO [1779/2460] e867bd62-984d-40e6-8729-9b7b3073f642: cophenetic index 332204027; 74.3 s; peak memory 850 MiB.
2026-10-02T11:37:47Z INFO [1780/2460] e8762997-b2b5-4587-9a20-2c8e748e6ffd: cophenetic index 2241; 2.9 s; peak memory 850 MiB.
2026-10-02T11:37:48Z INFO [1781/2460] e87c50ee-4bfe-4727-a7fc-c02e4a4a8fe2: cophenetic index 494; 0.9 s; peak memory 850 MiB.
2026-10-02T11:37:49Z INFO [1782/2460] e88133c4-d08e-4974-aa4d-26e1b83310d6: cophenetic index 624; 1.1 s; peak memory 850 MiB.
2026-10-02T11:37:50Z INFO [1783/2460] e8860b1c-cf88-41d8-9a5c-e93ef25b4aa2: cophenetic index 729; 0.7 s; peak memory 850 MiB.
2026-10-02T11:37:52Z INFO [1784/2460] e8881977-3780-4502-b82f-2d2afd8fec34: cophenetic index 515; 1.9 s; peak memory 850 MiB.
2026-10-02T11:37:53Z INFO [1785/2460] e88a8f8d-37f3-4428-bce7-5de72715bfc2: cophenetic index 949; 1.5 s; peak memory 850 MiB.
2026-10-02T11:37:54Z INFO [1786/2460] e8925696-34b2-4a80-83e9-0a95c10db813: cophenetic index 1228; 1.0 s; peak memory 850 MiB.
2026-10-02T11:37:57Z INFO [1787/2460] e893d7d2-9186-4d83-b826-3a8af80b0a30: cophenetic index 3497; 2.9 s; peak memory 850 MiB.
2026-10-02T11:37:59Z INFO [1788/2460] e89d80b2-001a-4118-8ad3-7d5c98e6d3df: cophenetic index 793; 1.8 s; peak memory 850 MiB.
2026-10-02T11:38:06Z INFO [1789/2460] e8a29a99-61fe-40c6-94cb-491e00ad1d9b: cophenetic index 12973; 6.4 s; peak memory 850 MiB.
2026-10-02T11:38:07Z INFO [1790/2460] e8b4dede-4d7a-4969-abb3-e47fcde3dbdf: cophenetic index 624; 1.0 s; peak memory 850 MiB.
2026-10-02T11:38:08Z INFO [1791/2460] e8bf31d1-df45-4854-97fa-7bdc033f5cbe: cophenetic index 23975; 1.3 s; peak memory 850 MiB.
2026-10-02T11:38:17Z INFO [1792/2460] e8d8a517-d49e-4a73-8de3-7b560aa5a7d9: cophenetic index 156079; 9.6 s; peak memory 850 MiB.
2026-10-02T11:38:21Z INFO [1793/2460] e8f02e1d-bbaa-4685-b933-56aacb8884da: cophenetic index 1721; 3.3 s; peak memory 850 MiB.
2026-10-02T11:38:28Z INFO [1794/2460] e8f0b83d-81a9-4e80-922b-9188c0ad016f: cophenetic index 6715; 7.1 s; peak memory 850 MiB.
2026-10-02T11:38:29Z INFO [1795/2460] e8f0f70b-950e-4952-aa8c-0d8565a4701b: cophenetic index 998; 1.0 s; peak memory 850 MiB.
2026-10-02T11:38:30Z INFO [1796/2460] e8fbdb2a-1e9e-45ff-915c-a1a98cc3b3b3: cophenetic index 1148; 1.4 s; peak memory 850 MiB.
2026-10-02T11:38:33Z INFO [1797/2460] e8feebb2-3fac-47f1-a450-a6f06912ef9e: cophenetic index 2236; 3.3 s; peak memory 850 MiB.
2026-10-02T11:38:35Z INFO [1798/2460] e908124b-61c9-4ed1-a8ab-48d2cf31c9f1: cophenetic index 2625; 1.5 s; peak memory 850 MiB.
2026-10-02T11:38:37Z INFO [1799/2460] e91ba24e-e19e-4711-9b48-58860973ab09: cophenetic index 1378; 2.0 s; peak memory 850 MiB.
2026-10-02T11:38:43Z INFO [1800/2460] e91e57f0-3be9-4300-ba1d-d57d5b5933d3: cophenetic index 33285; 6.4 s; peak memory 850 MiB.
2026-10-02T11:38:43Z INFO [1800/2460] e91e57f0-3be9-4300-ba1d-d57d5b5933d3: checkpointed 63654 records.
2026-10-02T11:38:45Z INFO [1801/2460] e9490cd3-8d55-4365-9149-bbe14b8dd2d0: cophenetic index 3004; 1.2 s; peak memory 850 MiB.
2026-10-02T11:38:46Z INFO [1802/2460] e94c005a-b274-4c41-bbce-49e21f28d0b6: cophenetic index 536; 1.3 s; peak memory 850 MiB.
2026-10-02T11:38:47Z INFO [1803/2460] e95a6fe7-93de-4766-ad9d-82fe38ee3b1a: cophenetic index 560; 1.0 s; peak memory 850 MiB.
2026-10-02T11:38:48Z INFO [1804/2460] e95ce619-25d4-4330-af4c-d2912cf492b8: cophenetic index 2625; 1.6 s; peak memory 850 MiB.
2026-10-02T11:38:49Z INFO [1805/2460] e95f1caf-15e3-4bbb-88fe-25e9ecadb5e1: cophenetic index 494; 0.9 s; peak memory 850 MiB.
2026-10-02T11:38:51Z INFO [1806/2460] e9615c13-f0e6-4495-8b62-f2703a3e8ac1: cophenetic index 2625; 1.6 s; peak memory 850 MiB.
2026-10-02T11:38:52Z INFO [1807/2460] e962b60f-76bd-431a-9fab-eaa74297840f: cophenetic index 1949; 1.4 s; peak memory 850 MiB.
2026-10-02T11:38:54Z INFO [1808/2460] e969dd62-e2d3-4e66-b8c6-b1f9cb843e5d: cophenetic index 23206; 1.5 s; peak memory 850 MiB.
2026-10-02T11:38:55Z INFO [1809/2460] e96e7d2b-c16c-49dc-ad5c-16ea23ede82b: cophenetic index 766; 1.4 s; peak memory 850 MiB.
2026-10-02T11:38:57Z INFO [1810/2460] e9725fd0-72c7-4e7c-8573-d3e0f7e02372: cophenetic index 1523; 1.6 s; peak memory 850 MiB.
2026-10-02T11:38:58Z INFO [1811/2460] e9804bad-27d0-460b-b1f5-fae53974bcab: cophenetic index 624; 1.2 s; peak memory 850 MiB.
2026-10-02T11:38:59Z INFO [1812/2460] e9861d55-6c5f-4673-ae24-719c376171a2: cophenetic index 624; 0.9 s; peak memory 850 MiB.
2026-10-02T11:39:00Z INFO [1813/2460] e98eac76-6509-4652-a0b7-af79b519e645: cophenetic index 1025; 1.3 s; peak memory 850 MiB.
2026-10-02T11:39:02Z INFO [1814/2460] e9986770-1fd1-4294-80f3-a988aefb66ee: cophenetic index 1310; 1.6 s; peak memory 850 MiB.
2026-10-02T11:39:03Z INFO [1815/2460] e99b3d47-a3b1-4c32-97cb-3e3a45f40000: cophenetic index 3192; 1.3 s; peak memory 850 MiB.
2026-10-02T11:39:04Z INFO [1816/2460] e9ac0dd6-d24e-4ab4-8549-0610a0b41ebe: cophenetic index 624; 1.1 s; peak memory 850 MiB.
2026-10-02T11:39:06Z INFO [1817/2460] e9caadb1-d652-4f1b-9d09-8026b3ca6960: cophenetic index 613; 1.7 s; peak memory 850 MiB.
2026-10-02T11:39:08Z INFO [1818/2460] e9d601da-c358-485a-a468-6ed1b80a5052: cophenetic index 2701; 1.5 s; peak memory 850 MiB.
2026-10-02T11:39:09Z INFO [1819/2460] e9d87d84-d8e8-41ce-84b5-0c3a4aa1199c: cophenetic index 2625; 1.6 s; peak memory 850 MiB.
2026-10-02T11:39:11Z INFO [1820/2460] e9e703b7-54d6-48be-8357-c6b2ea8b5004: cophenetic index 33998; 1.6 s; peak memory 850 MiB.
2026-10-02T11:39:12Z INFO [1821/2460] e9ed2be3-c478-4f8a-90bb-61700b805a6f: cophenetic index 624; 1.0 s; peak memory 850 MiB.
2026-10-02T11:39:13Z INFO [1822/2460] e9f840e6-5978-44e6-9a87-80c4ddf9e6f1: cophenetic index 3004; 1.3 s; peak memory 850 MiB.
2026-10-02T11:39:15Z INFO [1823/2460] ea0d4e46-ca65-4de8-abcf-fa25ea606fce: cophenetic index 605; 1.3 s; peak memory 850 MiB.
2026-10-02T11:39:16Z INFO [1824/2460] ea271c09-934e-4294-a67f-b3686804c8dd: cophenetic index 33998; 1.9 s; peak memory 850 MiB.
2026-10-02T11:39:22Z INFO [1825/2460] ea2c6e5f-8cb2-4bf2-9400-13990e966db3: cophenetic index 9298; 5.2 s; peak memory 850 MiB.
2026-10-02T11:39:23Z INFO [1826/2460] ea2f46e1-aefb-4451-af69-c023dda70aa7: cophenetic index 2782; 1.1 s; peak memory 850 MiB.
2026-10-02T11:39:28Z INFO [1827/2460] ea3712fd-7db4-454c-b22e-a5d9e8eb98fc: cophenetic index 39197; 5.7 s; peak memory 850 MiB.
2026-10-02T11:39:30Z INFO [1828/2460] ea3c21b2-7ee5-451c-845b-383fce913d04: cophenetic index 14897; 1.5 s; peak memory 850 MiB.
2026-10-02T11:39:37Z INFO [1829/2460] ea3e9261-0f2e-4ae8-ae2f-06a718082dfb: cophenetic index 204688; 7.1 s; peak memory 850 MiB.
2026-10-02T11:39:39Z INFO [1830/2460] ea480cd9-5c8a-4610-939f-bafb75a80c6c: cophenetic index 41788; 2.3 s; peak memory 850 MiB.
2026-10-02T11:39:41Z INFO [1831/2460] ea52300b-862d-43ca-b834-54b0d704ae17: cophenetic index 613; 1.8 s; peak memory 850 MiB.
2026-10-02T11:40:13Z INFO [1832/2460] ea54d5b0-8929-49b3-9b9f-03e433177be9: cophenetic index 58399568; 32.0 s; peak memory 850 MiB.
2026-10-02T11:40:14Z INFO [1833/2460] ea6528a2-9674-48d7-9a34-7cd31fdefdd5: cophenetic index 624; 1.1 s; peak memory 850 MiB.
2026-10-02T11:40:16Z INFO [1834/2460] ea71bd4e-d31b-4079-96d0-bede588a43bd: cophenetic index 649; 1.2 s; peak memory 850 MiB.
2026-10-02T11:40:17Z INFO [1835/2460] ea8ec9cf-ffcd-46ce-86b6-108bd4cf3e4a: cophenetic index 1006; 1.4 s; peak memory 850 MiB.
2026-10-02T11:40:20Z INFO [1836/2460] ea976a27-c193-4ff0-96d7-c0d12bd8912b: cophenetic index 2402; 2.9 s; peak memory 850 MiB.
2026-10-02T11:40:21Z INFO [1837/2460] ea98f06f-b1f4-4cb8-ad3e-24628e47f192: cophenetic index 624; 1.1 s; peak memory 850 MiB.
2026-10-02T11:40:22Z INFO [1838/2460] eaad80aa-2d53-4cd2-a45d-8b0fdde18e59: cophenetic index 624; 1.1 s; peak memory 850 MiB.
2026-10-02T11:40:23Z INFO [1839/2460] eab2d96d-aa11-4ca5-88f7-5ac7e3c43e54: cophenetic index 23510; 1.3 s; peak memory 850 MiB.
2026-10-02T11:40:25Z INFO [1840/2460] eab3a159-486a-4d50-bf51-f450609e8a02: cophenetic index 3004; 1.2 s; peak memory 850 MiB.
2026-10-02T11:40:26Z INFO [1841/2460] eab3f554-c160-4407-9d27-b5a0d341903b: cophenetic index 3004; 1.2 s; peak memory 850 MiB.
2026-10-02T11:40:30Z INFO [1842/2460] eab6274b-76cf-48dd-8fb6-6cb836dce492: cophenetic index 4000; 4.6 s; peak memory 850 MiB.
2026-10-02T11:40:37Z INFO [1843/2460] eab70165-eda6-4ffc-aa8e-173d0189b470: cophenetic index 14677; 6.3 s; peak memory 850 MiB.
2026-10-02T11:40:43Z INFO [1844/2460] eaba9446-6602-4b04-baff-26cc508dce4d: cophenetic index 5466; 5.9 s; peak memory 850 MiB.
2026-10-02T11:40:44Z INFO [1845/2460] eabbadcc-a067-49ba-8072-2fce26c38e86: cophenetic index 624; 1.0 s; peak memory 850 MiB.
2026-10-02T11:40:45Z INFO [1846/2460] eacddf73-f4c0-48c5-a792-290993516c9b: cophenetic index 646; 1.0 s; peak memory 850 MiB.
2026-10-02T11:40:46Z INFO [1847/2460] ead21986-666e-4c27-b764-f208e4620e27: cophenetic index 3004; 1.3 s; peak memory 850 MiB.
2026-10-02T11:40:48Z INFO [1848/2460] ead2417d-51d4-49c7-aa41-47a19bdf87c2: cophenetic index 2625; 2.0 s; peak memory 850 MiB.
2026-10-02T11:40:49Z INFO [1849/2460] ead6403c-6049-43c6-8f1a-8f1600178fc0: cophenetic index 739; 0.8 s; peak memory 850 MiB.
2026-10-02T11:40:52Z INFO [1850/2460] ead8a696-0a23-4dc5-a975-64ac214e8893: cophenetic index 910; 3.1 s; peak memory 850 MiB.
2026-10-02T11:40:52Z INFO [1850/2460] ead8a696-0a23-4dc5-a975-64ac214e8893: checkpointed 63704 records.
2026-10-02T11:40:53Z INFO [1851/2460] ead9c8a1-415a-49d9-af75-8da08dbceb1a: cophenetic index 624; 1.0 s; peak memory 850 MiB.
2026-10-02T11:40:56Z INFO [1852/2460] eade8518-285e-4426-a08a-fa4b5125c93a: cophenetic index 2402; 2.7 s; peak memory 850 MiB.
2026-10-02T11:40:57Z INFO [1853/2460] eadf8be0-4602-49de-b699-6da9e0b24c02: cophenetic index 2625; 1.7 s; peak memory 850 MiB.
2026-10-02T11:41:00Z INFO [1854/2460] eaed568f-fe64-47f3-b02d-7c8291e92651: cophenetic index 2402; 2.9 s; peak memory 850 MiB.
2026-10-02T11:41:01Z INFO [1855/2460] eaf75c77-4da6-4978-a91c-fe5c373a1dee: cophenetic index 624; 1.1 s; peak memory 850 MiB.
2026-10-02T11:41:03Z INFO [1856/2460] eaf9206b-4c93-47ea-a4cd-dbb3f3f13f9a: cophenetic index 2923; 1.3 s; peak memory 850 MiB.
2026-10-02T11:41:04Z INFO [1857/2460] eafab183-7b1b-4cb9-a844-d23beecc921b: cophenetic index 624; 1.0 s; peak memory 850 MiB.
2026-10-02T11:41:05Z INFO [1858/2460] eafd00e7-4b35-49f3-a936-fcbd91987bf0: cophenetic index 2570; 1.1 s; peak memory 850 MiB.
2026-10-02T11:41:07Z INFO [1859/2460] eb1c72f1-952c-4ad2-b384-bd45a8a3ee97: cophenetic index 1751; 1.7 s; peak memory 850 MiB.
2026-10-02T11:41:09Z INFO [1860/2460] eb1ca566-3c17-4289-abbb-7f5fe5b6be5e: cophenetic index 2402; 2.7 s; peak memory 850 MiB.
2026-10-02T11:41:11Z INFO [1861/2460] eb2f5329-a46b-40a0-8b09-f22db79da158: cophenetic index 2974; 1.3 s; peak memory 850 MiB.
2026-10-02T11:41:18Z INFO [1862/2460] eb3de91f-8587-46db-8eee-e7438fcca0f5: cophenetic index 13381; 7.3 s; peak memory 850 MiB.
2026-10-02T11:41:19Z INFO [1863/2460] eb440120-d0e2-4627-b42e-7ff082acfb12: cophenetic index 23370; 1.2 s; peak memory 850 MiB.
2026-10-02T11:41:20Z INFO [1864/2460] eb60fec3-abe4-48a0-9ac9-023a4017c8b5: cophenetic index 729; 0.9 s; peak memory 850 MiB.
2026-10-02T11:41:22Z INFO [1865/2460] eb6d5821-e59b-4f91-bddd-328eb027ca17: cophenetic index 895; 2.2 s; peak memory 850 MiB.
2026-10-02T11:41:24Z INFO [1866/2460] eb71429b-d744-41a2-9a26-a54d5a42ac45: cophenetic index 3087; 1.3 s; peak memory 850 MiB.
2026-10-02T11:41:25Z INFO [1867/2460] eb8a274f-fc0d-460a-abd6-67ad7539abe1: cophenetic index 33986; 1.4 s; peak memory 850 MiB.
2026-10-02T11:41:26Z INFO [1868/2460] eb8d46fc-911b-47a9-ae44-7ea0dcca9c6d: cophenetic index 624; 1.1 s; peak memory 850 MiB.
2026-10-02T11:41:28Z INFO [1869/2460] eba1c114-e30c-46f7-be7a-bc46a11bbf0f: cophenetic index 2625; 1.6 s; peak memory 850 MiB.
2026-10-02T11:41:32Z INFO [1870/2460] eba55af5-5c4f-43d3-ae5f-f1f00663d706: cophenetic index 47228; 4.6 s; peak memory 850 MiB.
2026-10-02T11:41:33Z INFO [1871/2460] eba65036-cea9-4047-8981-6fae6aacb555: cophenetic index 624; 0.9 s; peak memory 850 MiB.
2026-10-02T11:41:39Z INFO [1872/2460] eba73b70-cae0-4dee-a907-21d31c014cb9: cophenetic index 16560; 5.5 s; peak memory 850 MiB.
2026-10-02T11:41:40Z INFO [1873/2460] eba9c803-32e8-4663-b400-003646ab3524: cophenetic index 2496; 1.3 s; peak memory 850 MiB.
2026-10-02T11:41:42Z INFO [1874/2460] ebb17cca-aeab-49dc-b4ae-8a0b78d14a5b: cophenetic index 1380; 2.1 s; peak memory 850 MiB.
2026-10-02T11:41:43Z INFO [1875/2460] ebb35a1d-1d50-4da1-b6ff-41fbe9f731fd: cophenetic index 624; 1.0 s; peak memory 850 MiB.
2026-10-02T11:41:45Z INFO [1876/2460] ebb3deae-bd2d-4ddc-a021-33075a202d48: cophenetic index 34658; 1.9 s; peak memory 850 MiB.
2026-10-02T11:41:46Z INFO [1877/2460] ebc0d3ed-0d11-4a46-9773-39c792e05dbc: cophenetic index 447; 1.1 s; peak memory 850 MiB.
2026-10-02T11:41:47Z INFO [1878/2460] ebc44cc0-22ce-476c-a46a-e30024bfeaa6: cophenetic index 624; 0.9 s; peak memory 850 MiB.
2026-10-02T11:41:48Z INFO [1879/2460] ebc4bb92-f599-4d37-bbec-e0f39e62e323: cophenetic index 624; 1.0 s; peak memory 850 MiB.
2026-10-02T11:41:50Z INFO [1880/2460] ebc6bd60-fd22-4b87-a6c2-9c76fa03a74c: cophenetic index 2625; 1.6 s; peak memory 850 MiB.
2026-10-02T11:41:51Z INFO [1881/2460] ebc889f3-f14c-457f-844a-a36a62e48377: cophenetic index 624; 1.0 s; peak memory 850 MiB.
2026-10-02T11:41:52Z INFO [1882/2460] ebdff0b0-129b-4d7d-80b0-b5a97e35ae5a: cophenetic index 1949; 1.5 s; peak memory 850 MiB.
2026-10-02T11:41:56Z INFO [1883/2460] ebe75d5e-5f78-45d8-adfb-e7e36809b6f7: cophenetic index 61183; 4.1 s; peak memory 850 MiB.
2026-10-02T11:42:15Z INFO [1884/2460] ebf08a31-ca21-4310-93b0-235b03a06db5: cophenetic index 42755; 19.0 s; peak memory 850 MiB.
2026-10-02T11:42:18Z INFO [1885/2460] ec107fd8-ad43-4ed6-af53-bc37383ed1b2: cophenetic index 99150; 2.3 s; peak memory 850 MiB.
2026-10-02T11:42:19Z INFO [1886/2460] ec1399d4-481f-46be-a8a7-96769821206f: cophenetic index 560; 0.9 s; peak memory 850 MiB.
2026-10-02T11:42:19Z INFO [1887/2460] ec171eae-09ff-4382-8fd7-fff340ff56bd: cophenetic index 624; 0.9 s; peak memory 850 MiB.
2026-10-02T11:42:21Z INFO [1888/2460] ec221f58-1a13-426a-8479-16d8dacb0bd8: cophenetic index 3004; 1.3 s; peak memory 850 MiB.
2026-10-02T11:42:33Z INFO [1889/2460] ec23a405-eaaf-4cdb-b325-3f5496cb5276: cophenetic index 144979; 12.1 s; peak memory 850 MiB.
2026-10-02T11:42:34Z INFO [1890/2460] ec2438e1-c60b-40db-8130-249e3594cf01: cophenetic index 624; 1.1 s; peak memory 850 MiB.
2026-10-02T11:42:35Z INFO [1891/2460] ec2abba5-5291-491a-81e4-3c809c6f2084: cophenetic index 649; 1.2 s; peak memory 850 MiB.
2026-10-02T11:42:42Z INFO [1892/2460] ec2dfa19-0f37-4fcb-854d-285a3d92e2d4: cophenetic index 6715; 7.0 s; peak memory 850 MiB.
2026-10-02T11:42:43Z INFO [1893/2460] ec3052d3-1853-41f1-b44f-5130a8fcac1a: cophenetic index 448; 1.1 s; peak memory 850 MiB.
2026-10-02T11:42:44Z INFO [1894/2460] ec32c288-7b12-45cf-b216-8ee9d2aafad8: cophenetic index 612; 1.2 s; peak memory 850 MiB.
2026-10-02T11:42:46Z INFO [1895/2460] ec349b06-ee5d-487e-8581-26cc619b961f: cophenetic index 624; 1.2 s; peak memory 850 MiB.
2026-10-02T11:42:47Z INFO [1896/2460] ec37932b-0dfc-4cb9-a8d6-2182826f8514: cophenetic index 3004; 1.3 s; peak memory 850 MiB.
2026-10-02T11:42:50Z INFO [1897/2460] ec383428-ab4a-42c2-8f4b-dd3d77b9eb2c: cophenetic index 99150; 2.5 s; peak memory 850 MiB.
2026-10-02T11:42:51Z INFO [1898/2460] ec3a3c94-e4fd-4dc1-bd2d-d2e042dc2985: cophenetic index 2625; 1.9 s; peak memory 850 MiB.
2026-10-02T11:43:02Z INFO [1899/2460] ec565320-a411-49a6-8340-5818574178e9: cophenetic index 228146; 10.6 s; peak memory 850 MiB.
2026-10-02T11:43:03Z INFO [1900/2460] ec573fd8-3297-4951-866c-9880f74114f9: cophenetic index 624; 1.0 s; peak memory 850 MiB.
2026-10-02T11:43:03Z INFO [1900/2460] ec573fd8-3297-4951-866c-9880f74114f9: checkpointed 63754 records.
2026-10-02T11:43:04Z INFO [1901/2460] ec587028-0141-4264-8efe-74e932ab3b0d: cophenetic index 624; 1.0 s; peak memory 850 MiB.
2026-10-02T11:43:06Z INFO [1902/2460] ec5fd1fa-b61d-4c55-9262-568eb57e008d: cophenetic index 23224; 1.7 s; peak memory 850 MiB.
2026-10-02T11:43:07Z INFO [1903/2460] ec63e4ec-4123-4a86-83bb-e7d7d0581a24: cophenetic index 6435; 1.5 s; peak memory 850 MiB.
2026-10-02T11:43:09Z INFO [1904/2460] ec66fc14-6ecd-42c2-8494-a9c90e4dd7aa: cophenetic index 722; 1.4 s; peak memory 850 MiB.
2026-10-02T11:43:10Z INFO [1905/2460] ec67a14a-fa7d-4cb1-85d6-b926c09b8974: cophenetic index 3057; 1.3 s; peak memory 850 MiB.
2026-10-02T11:43:11Z INFO [1906/2460] ec68f92a-119f-45c9-97da-73347b2ef6ce: cophenetic index 3004; 1.3 s; peak memory 850 MiB.
2026-10-02T11:43:13Z INFO [1907/2460] ec6b0036-a359-4bf4-8cd5-b3236b2204ff: cophenetic index 1602; 1.2 s; peak memory 850 MiB.
2026-10-02T11:43:14Z INFO [1908/2460] ec70780f-cc48-4468-a46e-17230a648e9f: cophenetic index 649; 1.2 s; peak memory 850 MiB.
2026-10-02T11:43:17Z INFO [1909/2460] ec871078-d5ee-45bd-96eb-3c0c39d25f6b: cophenetic index 5473; 3.2 s; peak memory 850 MiB.
2026-10-02T11:43:18Z INFO [1910/2460] ec8811d5-9849-4af8-8101-2f5a94508e57: cophenetic index 624; 1.3 s; peak memory 850 MiB.
2026-10-02T11:43:19Z INFO [1911/2460] ec8ff034-ba41-401e-8805-1b11c955a0b1: cophenetic index 624; 1.0 s; peak memory 850 MiB.
2026-10-02T11:43:21Z INFO [1912/2460] ec93bfbe-4e14-44bb-b456-263719bc9d43: cophenetic index 2625; 1.5 s; peak memory 850 MiB.
2026-10-02T11:47:50Z INFO [1913/2460] eca4c4d7-348c-4ab0-8fd5-46d0ec611f13: cophenetic index 285626984; 269.4 s; peak memory 850 MiB.
2026-10-02T11:47:56Z INFO [1914/2460] ecbe1913-6534-45f0-af17-9c55825e995b: cophenetic index 59618; 5.9 s; peak memory 850 MiB.
2026-10-02T11:47:57Z INFO [1915/2460] ecd324be-5b6f-4206-9a16-a3ed3146a58d: cophenetic index 472; 0.9 s; peak memory 850 MiB.
2026-10-02T11:47:58Z INFO [1916/2460] ecd7a098-6281-4e3f-a0de-ecbfd908fd73: cophenetic index 1228; 0.9 s; peak memory 850 MiB.
2026-10-02T11:48:05Z INFO [1917/2460] ecf2de24-00b2-4ace-9e92-65504d5a71f9: cophenetic index 11507; 6.7 s; peak memory 850 MiB.
2026-10-02T11:48:06Z INFO [1918/2460] ecfcb8aa-d956-4e77-91ba-824793407a00: cophenetic index 3004; 1.2 s; peak memory 850 MiB.
2026-10-02T11:48:18Z INFO [1919/2460] ed03df5a-da6c-4897-ba5d-aae731ad88c6: cophenetic index 783058; 11.7 s; peak memory 850 MiB.
2026-10-02T11:48:19Z INFO [1920/2460] ed07bc98-7b9b-45e4-aa05-7f56a776705b: cophenetic index 605; 1.2 s; peak memory 850 MiB.
2026-10-02T11:48:20Z INFO [1921/2460] ed081e56-93c3-4346-be94-905a38f36df3: cophenetic index 26986; 1.6 s; peak memory 850 MiB.
2026-10-02T11:48:21Z INFO [1922/2460] ed0a86aa-2d8d-4011-a4eb-039ba1b32d7e: cophenetic index 761; 0.9 s; peak memory 850 MiB.
2026-10-02T11:48:23Z INFO [1923/2460] ed108a6c-65b2-4051-b566-7da94c4811a3: cophenetic index 3004; 1.5 s; peak memory 850 MiB.
2026-10-02T11:48:25Z INFO [1924/2460] ed111619-a8ef-4a96-b5a7-b7f9510c83de: cophenetic index 37616; 2.0 s; peak memory 850 MiB.
2026-10-02T11:48:43Z INFO [1925/2460] ed1a3e93-78c3-4bc9-9be5-ea6110bb15b0: cophenetic index 42708; 17.9 s; peak memory 850 MiB.
2026-10-02T11:48:46Z INFO [1926/2460] ed31c587-e5a5-41cd-8dc5-45cf214849db: cophenetic index 5473; 3.1 s; peak memory 850 MiB.
2026-10-02T11:48:47Z INFO [1927/2460] ed388d78-2421-4c59-9460-7e577faa632d: cophenetic index 3057; 1.3 s; peak memory 850 MiB.
2026-10-02T11:48:48Z INFO [1928/2460] ed3ca547-5353-49c9-9388-c636426dbb0d: cophenetic index 605; 1.2 s; peak memory 850 MiB.
2026-10-02T11:48:50Z INFO [1929/2460] ed541e09-8acc-449d-9bf5-43e0dd3335bd: cophenetic index 2625; 1.5 s; peak memory 850 MiB.
2026-10-02T11:48:51Z INFO [1930/2460] ed6ffe73-2140-498b-b45e-3fe6ca5020b7: cophenetic index 624; 1.0 s; peak memory 850 MiB.
2026-10-02T11:48:52Z INFO [1931/2460] ed7264b4-427e-4754-b27a-3d5e1f8d25e8: cophenetic index 3004; 1.5 s; peak memory 850 MiB.
2026-10-02T11:48:57Z INFO [1932/2460] ed734239-c6fc-41ba-942f-d9c702f23330: cophenetic index 4797; 4.4 s; peak memory 850 MiB.
2026-10-02T11:48:58Z INFO [1933/2460] ed7a6e1a-c0af-44aa-bcd3-bc170f6ed8a7: cophenetic index 624; 1.1 s; peak memory 850 MiB.
2026-10-02T11:48:59Z INFO [1934/2460] ed7e5e76-cacb-46bc-9a39-303d3134d4a3: cophenetic index 766; 1.3 s; peak memory 850 MiB.
2026-10-02T11:49:01Z INFO [1935/2460] ed83e122-854b-452c-877f-d1c62bb819f8: cophenetic index 2056; 1.7 s; peak memory 850 MiB.
2026-10-02T11:49:02Z INFO [1936/2460] ed84d640-c04a-41c6-8aae-a6ade255c5f9: cophenetic index 3004; 1.4 s; peak memory 850 MiB.
2026-10-02T11:49:04Z INFO [1937/2460] ed901877-ec30-4aa2-bb30-9734b6511a5e: cophenetic index 3087; 1.5 s; peak memory 850 MiB.
2026-10-02T11:49:05Z INFO [1938/2460] eda5a132-9461-496d-a9eb-0688eda3b08e: cophenetic index 33962; 1.5 s; peak memory 850 MiB.
2026-10-02T11:49:07Z INFO [1939/2460] edaea5f9-0af0-4ea4-a8d8-320d8f52ca5c: cophenetic index 2625; 1.5 s; peak memory 850 MiB.
2026-10-02T11:49:08Z INFO [1940/2460] edd3498d-e323-4deb-b9d4-d5099a600b9a: cophenetic index 1130; 1.8 s; peak memory 850 MiB.
2026-10-02T11:49:09Z INFO [1941/2460] edea8399-9a8e-47be-87c3-f6e2a91a5622: cophenetic index 624; 1.0 s; peak memory 850 MiB.
2026-10-02T11:49:10Z INFO [1942/2460] ee0988a0-442b-445d-b32d-ac8a00203e43: cophenetic index 624; 1.0 s; peak memory 850 MiB.
2026-10-02T11:49:16Z INFO [1943/2460] ee0e8079-2356-454a-a1ba-cdcc0549296e: cophenetic index 44735; 5.4 s; peak memory 850 MiB.
2026-10-02T11:49:17Z INFO [1944/2460] ee18bac9-10f0-442a-a7ac-7086bd5b06aa: cophenetic index 624; 1.0 s; peak memory 850 MiB.
2026-10-02T11:49:19Z INFO [1945/2460] ee1e1278-759c-47e2-b931-82478e1a1f89: cophenetic index 863; 1.9 s; peak memory 850 MiB.
2026-10-02T11:49:20Z INFO [1946/2460] ee2a84ff-5f83-4ef7-a53c-9e56c769bee4: cophenetic index 624; 0.9 s; peak memory 850 MiB.
2026-10-02T11:49:21Z INFO [1947/2460] ee412c57-f396-4156-9f6c-7a41cbef2f38: cophenetic index 649; 1.1 s; peak memory 850 MiB.
2026-10-02T11:49:22Z INFO [1948/2460] ee572051-f70d-4d0f-ab03-a4e823dd1025: cophenetic index 2625; 1.5 s; peak memory 850 MiB.
2026-10-02T11:49:24Z INFO [1949/2460] ee591668-d956-405a-86a1-6a29001b5855: cophenetic index 2570; 1.8 s; peak memory 850 MiB.
2026-10-02T11:49:30Z INFO [1950/2460] ee6b3347-0ee3-4e28-b9aa-e658d2460cff: cophenetic index 75366; 6.0 s; peak memory 850 MiB.
2026-10-02T11:49:30Z INFO [1950/2460] ee6b3347-0ee3-4e28-b9aa-e658d2460cff: checkpointed 63804 records.
2026-10-02T11:49:31Z INFO [1951/2460] ee758be6-15e2-49c0-857f-69b2807b298e: cophenetic index 2974; 1.2 s; peak memory 850 MiB.
2026-10-02T11:49:43Z INFO [1952/2460] ee955c3b-0a96-4f31-867e-e0d06d2e2e20: cophenetic index 175781; 11.8 s; peak memory 850 MiB.
2026-10-02T11:49:44Z INFO [1953/2460] ee9b7ef0-f0df-4efa-bc91-3dd818360812: cophenetic index 497; 1.3 s; peak memory 850 MiB.
2026-10-02T11:49:46Z INFO [1954/2460] eea18703-29cf-49ed-a3a5-2932dc0b2766: cophenetic index 972; 1.8 s; peak memory 850 MiB.
2026-10-02T11:49:48Z INFO [1955/2460] eea5ca7b-52be-468d-a436-5cdb21f33773: cophenetic index 3004; 1.2 s; peak memory 850 MiB.
2026-10-02T11:49:58Z INFO [1956/2460] eed793da-d301-4281-a792-fcead09213f4: cophenetic index 206015; 10.1 s; peak memory 850 MiB.
2026-10-02T11:50:00Z INFO [1957/2460] eef21034-5718-43b1-9da6-f80f0835687d: cophenetic index 325333; 2.1 s; peak memory 850 MiB.
2026-10-02T11:50:01Z INFO [1958/2460] eef4f627-cecb-464a-84c6-b51502843270: cophenetic index 2625; 1.6 s; peak memory 850 MiB.
2026-10-02T11:50:02Z INFO [1959/2460] ef05ba05-4d7f-4ff3-882e-39f05c3d40e8: cophenetic index 624; 1.1 s; peak memory 850 MiB.
2026-10-02T11:50:04Z INFO [1960/2460] ef0638bf-d89b-46fe-95db-cc1a5f959bea: cophenetic index 725; 1.2 s; peak memory 850 MiB.
2026-10-02T11:50:06Z INFO [1961/2460] ef0a6060-fc9b-4791-ba04-3980920f87fe: cophenetic index 38460; 2.2 s; peak memory 850 MiB.
2026-10-02T11:50:07Z INFO [1962/2460] ef0bd9cf-4b1e-4073-9837-4b0d68738646: cophenetic index 2844; 1.3 s; peak memory 850 MiB.
2026-10-02T11:50:08Z INFO [1963/2460] ef194c48-519b-4ecb-9fbb-b4d0fa59d563: cophenetic index 2974; 1.3 s; peak memory 850 MiB.
2026-10-02T11:50:11Z INFO [1964/2460] ef1b5bac-6bd5-4a1f-93be-91f739e883a2: cophenetic index 33998; 2.2 s; peak memory 850 MiB.
2026-10-02T11:50:12Z INFO [1965/2460] ef387ef3-3be3-444c-8bc7-115176bbbdc4: cophenetic index 627; 0.9 s; peak memory 850 MiB.
2026-10-02T11:50:17Z INFO [1966/2460] ef50a0db-4672-4be1-8a52-7228ce870210: cophenetic index 87401; 5.5 s; peak memory 850 MiB.
2026-10-02T11:50:22Z INFO [1967/2460] ef59d764-6b1a-41ca-a8dc-519ac5d71549: cophenetic index 53996; 5.3 s; peak memory 850 MiB.
2026-10-02T11:50:25Z INFO [1968/2460] ef5b6255-6b3c-432b-965b-ef76cf044dae: cophenetic index 99150; 2.5 s; peak memory 850 MiB.
2026-10-02T11:50:33Z INFO [1969/2460] ef5d3988-9050-448c-a1c0-ac29adae0084: cophenetic index 144549; 7.9 s; peak memory 850 MiB.
2026-10-02T11:50:34Z INFO [1970/2460] ef60bcf1-708e-4399-b4ea-11372ca1e807: cophenetic index 2625; 1.4 s; peak memory 850 MiB.
2026-10-02T11:50:35Z INFO [1971/2460] ef6e6b21-329c-47b2-9c6e-0f12beaacd0c: cophenetic index 624; 1.1 s; peak memory 850 MiB.
2026-10-02T11:50:37Z INFO [1972/2460] ef7039c0-def6-491d-8306-4ee2cf8e56c8: cophenetic index 613; 1.9 s; peak memory 850 MiB.
2026-10-02T11:50:39Z INFO [1973/2460] ef7748c6-0dc0-4ed5-ac37-5677b6a9d66a: cophenetic index 33968; 1.6 s; peak memory 850 MiB.
2026-10-02T11:50:45Z INFO [1974/2460] ef79b230-cccb-46d6-84a7-13d766dc1aaa: cophenetic index 51864; 6.6 s; peak memory 850 MiB.
2026-10-02T11:50:48Z INFO [1975/2460] ef7c41fd-c4ab-432c-9f2b-5ad158095f91: cophenetic index 5473; 3.3 s; peak memory 850 MiB.
2026-10-02T11:50:49Z INFO [1976/2460] ef7ee7bd-4e3c-4761-90cb-38ad3644a3ad: cophenetic index 431; 1.0 s; peak memory 850 MiB.
2026-10-02T11:50:51Z INFO [1977/2460] ef873eb4-f6ec-4a34-9b53-e9cecf1af264: cophenetic index 99120; 1.6 s; peak memory 850 MiB.
2026-10-02T11:50:57Z INFO [1978/2460] ef876920-0aa1-41ff-895e-162b25b69eae: cophenetic index 22896; 6.5 s; peak memory 850 MiB.
2026-10-02T11:50:58Z INFO [1979/2460] efacbff6-2fbb-45f9-ad15-827625772864: cophenetic index 624; 1.0 s; peak memory 850 MiB.
2026-10-02T11:51:02Z INFO [1980/2460] efb61675-ad6e-4f4f-b888-cea6baa8455f: cophenetic index 3844; 3.2 s; peak memory 850 MiB.
2026-10-02T11:51:17Z INFO [1981/2460] efb9063b-0970-4620-861d-ba022087489b: cophenetic index 428649; 15.9 s; peak memory 850 MiB.
2026-10-02T11:51:24Z INFO [1982/2460] efbaa797-7e49-496a-b4d5-ffc3744161bc: cophenetic index 87573; 6.8 s; peak memory 850 MiB.
2026-10-02T11:51:26Z INFO [1983/2460] efd723c6-69e1-4fec-ad79-bea0806346e8: cophenetic index 2625; 1.8 s; peak memory 850 MiB.
2026-10-02T11:51:27Z INFO [1984/2460] efd8d5d5-cc06-4c64-ad60-b5969cdee9dd: cophenetic index 3004; 1.4 s; peak memory 850 MiB.
2026-10-02T11:51:28Z INFO [1985/2460] efd9ef8c-3374-49dd-88f2-8a9085bce648: cophenetic index 446; 0.8 s; peak memory 850 MiB.
2026-10-02T11:51:29Z INFO [1986/2460] efde6e65-6fee-477c-b63d-233305fe734f: cophenetic index 494; 0.9 s; peak memory 850 MiB.
2026-10-02T11:51:30Z INFO [1987/2460] eff0bbb2-96dd-4aab-b345-441774cf0045: cophenetic index 731; 1.0 s; peak memory 850 MiB.
2026-10-02T11:51:38Z INFO [1988/2460] effe6c3f-1428-41be-8654-dd06be2dea26: cophenetic index 345446; 7.6 s; peak memory 850 MiB.
2026-10-02T11:51:39Z INFO [1989/2460] f00c7851-372e-4172-860f-6f03ab33cdf7: cophenetic index 2625; 1.5 s; peak memory 850 MiB.
2026-10-02T11:51:41Z INFO [1990/2460] f00d7a90-8267-47ef-9676-ed09d51d4406: cophenetic index 6435; 1.5 s; peak memory 850 MiB.
2026-10-02T11:51:42Z INFO [1991/2460] f0173324-b07c-4d5d-9ac7-d83556cd47bd: cophenetic index 761; 0.8 s; peak memory 850 MiB.
2026-10-02T11:51:53Z INFO [1992/2460] f01c054c-186e-4e1d-b89f-347c71f408b9: cophenetic index 327356; 11.2 s; peak memory 850 MiB.
2026-10-02T11:51:55Z INFO [1993/2460] f01ee5d5-5a04-401e-a267-88a68b10da0b: cophenetic index 34658; 2.5 s; peak memory 850 MiB.
2026-10-02T11:51:57Z INFO [1994/2460] f02b1ba6-ce7d-4d21-8750-d11f44b0f6ec: cophenetic index 718; 1.7 s; peak memory 850 MiB.
2026-10-02T11:51:59Z INFO [1995/2460] f036ced1-3b9c-45ae-a80c-a1642229cfac: cophenetic index 3057; 1.5 s; peak memory 850 MiB.
2026-10-02T11:51:59Z INFO [1996/2460] f041ff80-aef8-4939-8bca-c3d3641aa626: cophenetic index 401; 0.8 s; peak memory 850 MiB.
2026-10-02T11:52:00Z INFO [1997/2460] f044b818-4626-4b5d-b7ba-062cbd9a6a8f: cophenetic index 624; 1.0 s; peak memory 850 MiB.
2026-10-02T11:52:02Z INFO [1998/2460] f04e26bb-48af-462b-95da-1516147f7df1: cophenetic index 2625; 1.9 s; peak memory 850 MiB.
2026-10-02T11:52:03Z INFO [1999/2460] f07dc36e-e4ab-4a58-a8ef-9ef4c0fe7273: cophenetic index 624; 1.1 s; peak memory 850 MiB.
2026-10-02T11:52:05Z INFO [2000/2460] f0943b96-6cbb-4250-a137-a0ee66ad6762: cophenetic index 3004; 1.4 s; peak memory 850 MiB.
2026-10-02T11:52:05Z INFO [2000/2460] f0943b96-6cbb-4250-a137-a0ee66ad6762: checkpointed 63854 records.
2026-10-02T11:52:07Z INFO [2001/2460] f096c3d5-9a2b-4a58-90e1-3a31fe07f1f0: cophenetic index 972; 1.9 s; peak memory 850 MiB.
2026-10-02T11:52:12Z INFO [2002/2460] f0985839-ce63-48a7-bdb2-c36ae376869e: cophenetic index 43170; 5.2 s; peak memory 850 MiB.
2026-10-02T11:52:13Z INFO [2003/2460] f0a5491d-6fe9-47da-8a6e-beffbf47a328: cophenetic index 624; 1.1 s; peak memory 850 MiB.
2026-10-02T11:52:14Z INFO [2004/2460] f0a5886e-85df-44de-b894-d732ff046c32: cophenetic index 23496; 1.5 s; peak memory 850 MiB.
2026-10-02T11:52:15Z INFO [2005/2460] f0a8a672-56b7-4e48-8fa2-39d0e3ec7ba5: cophenetic index 624; 1.0 s; peak memory 850 MiB.
2026-10-02T11:52:21Z INFO [2006/2460] f0add702-8430-47e5-b96d-9adc90191d48: cophenetic index 9548; 6.0 s; peak memory 850 MiB.
2026-10-02T11:52:23Z INFO [2007/2460] f0af8dd9-66f5-498f-8522-ec2553be1972: cophenetic index 624; 1.2 s; peak memory 850 MiB.
2026-10-02T11:52:24Z INFO [2008/2460] f0c94df7-cf61-428c-96ea-b2d3ef53d2d7: cophenetic index 3057; 1.4 s; peak memory 850 MiB.
2026-10-02T11:52:25Z INFO [2009/2460] f0d2da85-5d33-4595-b5d0-1d407fa58586: cophenetic index 2625; 1.5 s; peak memory 850 MiB.
2026-10-02T11:52:35Z INFO [2010/2460] f0e5ee3c-aba6-4db1-8dc6-cfc66cdd208c: cophenetic index 47144; 9.3 s; peak memory 850 MiB.
2026-10-02T11:52:36Z INFO [2011/2460] f0e88fa7-460c-413f-b8fa-51b97b7a06c1: cophenetic index 718; 1.6 s; peak memory 850 MiB.
2026-10-02T11:52:37Z INFO [2012/2460] f102ea47-e6d3-44e6-aafd-9ac78a957155: cophenetic index 624; 1.0 s; peak memory 850 MiB.
2026-10-02T11:52:38Z INFO [2013/2460] f11b871f-4890-4b20-85d8-50becd499aab: cophenetic index 624; 1.0 s; peak memory 850 MiB.
2026-10-02T11:52:39Z INFO [2014/2460] f1310628-ed6e-4872-832d-42d05690be99: cophenetic index 624; 1.1 s; peak memory 850 MiB.
2026-10-02T11:52:42Z INFO [2015/2460] f139e9a1-57f0-46bd-ab36-d413649a2d15: cophenetic index 2469; 2.7 s; peak memory 850 MiB.
2026-10-02T11:52:44Z INFO [2016/2460] f13b4811-183a-4b59-8578-a4d44b14caa0: cophenetic index 2625; 1.4 s; peak memory 850 MiB.
2026-10-02T11:52:45Z INFO [2017/2460] f13dfeda-bd6d-4515-8c51-f310e1b271cb: cophenetic index 3004; 1.3 s; peak memory 850 MiB.
2026-10-02T11:52:46Z INFO [2018/2460] f1428967-8c4f-4182-9289-524be3247f1f: cophenetic index 431; 1.4 s; peak memory 850 MiB.
2026-10-02T11:52:57Z INFO [2019/2460] f1558396-cf34-4377-9fc7-76bce0539841: cophenetic index 145710; 10.6 s; peak memory 850 MiB.
2026-10-02T11:53:04Z INFO [2020/2460] f16ee702-f9de-4948-8b58-42361d475c82: cophenetic index 87573; 7.4 s; peak memory 850 MiB.
2026-10-02T11:53:05Z INFO [2021/2460] f1904b56-e934-42fa-9909-94bab52f4373: cophenetic index 937; 1.2 s; peak memory 850 MiB.
2026-10-02T11:53:07Z INFO [2022/2460] f1a45477-a15f-4568-95a3-801b12260296: cophenetic index 23379; 1.3 s; peak memory 850 MiB.
2026-10-02T11:53:08Z INFO [2023/2460] f1a78fd2-1b60-4ae6-9eb7-f4cc91b9f103: cophenetic index 431; 1.1 s; peak memory 850 MiB.
2026-10-02T11:53:09Z INFO [2024/2460] f1ac2fa1-b99b-4c4e-a1d8-61f20dba129a: cophenetic index 1087; 1.6 s; peak memory 850 MiB.
2026-10-02T11:53:12Z INFO [2025/2460] f1b08e91-a8d2-4874-8f72-f0ae5fa353fd: cophenetic index 2402; 2.6 s; peak memory 850 MiB.
2026-10-02T11:53:14Z INFO [2026/2460] f1b39914-e7b3-4146-a1e8-c0fec4fcb8df: cophenetic index 3045; 1.7 s; peak memory 850 MiB.
2026-10-02T11:53:25Z INFO [2027/2460] f1c362bc-ff4e-4efe-8949-2f509188e3a6: cophenetic index 48355; 11.1 s; peak memory 850 MiB.
2026-10-02T11:53:26Z INFO [2028/2460] f1c92001-b063-45a9-a0ed-1362b4f57039: cophenetic index 624; 1.0 s; peak memory 850 MiB.
2026-10-02T11:53:35Z INFO [2029/2460] f1d5476c-5ceb-439d-98bf-ff3a4ee578f3: cophenetic index 173340; 9.4 s; peak memory 850 MiB.
2026-10-02T11:53:37Z INFO [2030/2460] f1d774be-55d7-4e10-9bbd-8088924ce715: cophenetic index 431; 1.3 s; peak memory 850 MiB.
2026-10-02T11:53:42Z INFO [2031/2460] f1dab3e7-e637-4eb9-b4aa-5c56674e3e93: cophenetic index 44456; 5.6 s; peak memory 850 MiB.
2026-10-02T11:53:43Z INFO [2032/2460] f1dabce3-95d7-499d-b053-780e846badf1: cophenetic index 624; 1.0 s; peak memory 850 MiB.
2026-10-02T11:53:45Z INFO [2033/2460] f1dc32fc-9f59-46da-85c2-c98c6fce0e54: cophenetic index 3087; 1.3 s; peak memory 850 MiB.
2026-10-02T11:53:46Z INFO [2034/2460] f1ddf9b6-33ee-4b5f-bd04-2f7197f75385: cophenetic index 33958; 1.4 s; peak memory 850 MiB.
2026-10-02T11:53:47Z INFO [2035/2460] f1e0dd98-0169-42c9-b2a1-926aa92f4bb6: cophenetic index 624; 1.1 s; peak memory 850 MiB.
2026-10-02T11:53:49Z INFO [2036/2460] f1f46866-e6b5-40e8-a041-5109b861a33b: cophenetic index 23388; 1.5 s; peak memory 850 MiB.
2026-10-02T11:53:59Z INFO [2037/2460] f1f7a1e4-85c4-4767-b61e-89ecb190e7a1: cophenetic index 21815; 10.7 s; peak memory 850 MiB.
2026-10-02T11:54:00Z INFO [2038/2460] f1f90e6a-77ab-4ef9-b576-909b2b024689: cophenetic index 624; 1.0 s; peak memory 850 MiB.
2026-10-02T11:54:01Z INFO [2039/2460] f1fb3ba4-74e6-47b9-926c-ad405f75bee1: cophenetic index 725; 1.3 s; peak memory 850 MiB.
2026-10-02T11:54:05Z INFO [2040/2460] f2031698-ce79-452c-b007-2dcae8501fff: cophenetic index 2236; 3.1 s; peak memory 850 MiB.
2026-10-02T11:54:06Z INFO [2041/2460] f217f9b0-03e1-4c5f-ba9e-c3ee52238728: cophenetic index 2625; 1.5 s; peak memory 850 MiB.
2026-10-02T11:54:07Z INFO [2042/2460] f248c1df-7870-4b53-ba75-abca58edbc76: cophenetic index 624; 1.0 s; peak memory 850 MiB.
2026-10-02T11:54:09Z INFO [2043/2460] f24f0735-a79b-4ab0-a481-dc33ee1a7899: cophenetic index 3004; 1.5 s; peak memory 850 MiB.
2026-10-02T11:54:17Z INFO [2044/2460] f25262c2-1325-4272-b0bb-1040a0422bf0: cophenetic index 195172714; 8.8 s; peak memory 850 MiB.
2026-10-02T11:54:19Z INFO [2045/2460] f25c75ff-bc27-4a81-8671-fa07a36aab5f: cophenetic index 33998; 2.0 s; peak memory 850 MiB.
2026-10-02T11:54:26Z INFO [2046/2460] f28a62d1-1003-4a87-97c2-19309d8e70e7: cophenetic index 6715; 6.9 s; peak memory 850 MiB.
2026-10-02T11:54:30Z INFO [2047/2460] f2933d24-53ff-4cb5-85bf-cec0a1549fc9: cophenetic index 5473; 3.3 s; peak memory 850 MiB.
2026-10-02T11:54:32Z INFO [2048/2460] f29a38e3-6c26-498e-bd2b-bf1c30b4c8f5: cophenetic index 99150; 2.2 s; peak memory 850 MiB.
2026-10-02T11:55:17Z INFO [2049/2460] f2a3974a-2894-4107-91d4-1bee37bb11d2: cophenetic index 8548602; 44.8 s; peak memory 850 MiB.
2026-10-02T11:55:44Z INFO [2050/2460] f2a42eff-c0bf-4e25-b20b-53566fda62d5: cophenetic index 1301432; 27.7 s; peak memory 850 MiB.
2026-10-02T11:55:44Z INFO [2050/2460] f2a42eff-c0bf-4e25-b20b-53566fda62d5: checkpointed 63904 records.
2026-10-02T11:55:47Z INFO [2051/2460] f2a4f191-954b-4387-8b22-aa7ce8fc3ab6: cophenetic index 2402; 2.6 s; peak memory 850 MiB.
2026-10-02T11:55:53Z INFO [2052/2460] f2a7afe8-7cdd-4a12-9afc-2caae95c27a9: cophenetic index 9548; 5.7 s; peak memory 850 MiB.
2026-10-02T11:55:54Z INFO [2053/2460] f2ac8c45-7423-4324-baf7-3bafb0e52e28: cophenetic index 624; 1.0 s; peak memory 850 MiB.
2026-10-02T11:55:55Z INFO [2054/2460] f2b59d4e-4d09-42a3-97ff-e6f8fa7ebcd0: cophenetic index 33986; 1.5 s; peak memory 850 MiB.
2026-10-02T11:55:57Z INFO [2055/2460] f2b6c117-f0bb-4ccb-819b-015fa6fa4303: cophenetic index 740; 1.8 s; peak memory 850 MiB.
2026-10-02T11:55:58Z INFO [2056/2460] f2c5fea3-9c21-4df5-b4be-aa149bb2c506: cophenetic index 3004; 1.4 s; peak memory 850 MiB.
2026-10-02T11:56:00Z INFO [2057/2460] f2d19ec1-7dc8-42a3-b209-92a2a153574d: cophenetic index 1558; 1.3 s; peak memory 850 MiB.
2026-10-02T11:56:01Z INFO [2058/2460] f2d2193b-2ee2-4945-ac42-fbf228825d8a: cophenetic index 3057; 1.2 s; peak memory 850 MiB.
2026-10-02T11:56:02Z INFO [2059/2460] f2dd1c42-2b25-45e0-b2a4-ab007930bae3: cophenetic index 2974; 1.2 s; peak memory 850 MiB.
2026-10-02T11:56:04Z INFO [2060/2460] f2ea2b4d-4672-4e58-b6f4-dd3e561e8171: cophenetic index 2625; 1.7 s; peak memory 850 MiB.
2026-10-02T11:56:05Z INFO [2061/2460] f2ec2393-a28d-4181-92d4-2693dbb2f1fe: cophenetic index 624; 1.0 s; peak memory 850 MiB.
2026-10-02T11:56:20Z INFO [2062/2460] f2ef01ef-5753-4c0e-9c2f-d40c60536ad7: cophenetic index 495871; 15.3 s; peak memory 850 MiB.
2026-10-02T11:56:21Z INFO [2063/2460] f314ee5f-3d8f-4336-bb39-7981a454f43b: cophenetic index 624; 1.0 s; peak memory 850 MiB.
2026-10-02T11:56:30Z INFO [2064/2460] f31a34e7-fc9e-49c5-95ad-2bb8b27d11ef: cophenetic index 122979; 8.8 s; peak memory 850 MiB.
2026-10-02T11:56:31Z INFO [2065/2460] f321f655-428f-45f8-8628-2d164ba7c791: cophenetic index 41788; 1.4 s; peak memory 850 MiB.
2026-10-02T11:56:33Z INFO [2066/2460] f3286e2f-253d-4012-a350-8792447162e2: cophenetic index 33998; 1.9 s; peak memory 850 MiB.
2026-10-02T11:56:34Z INFO [2067/2460] f334bcc5-690f-499c-808f-7f9b81e2588d: cophenetic index 624; 1.1 s; peak memory 850 MiB.
2026-10-02T11:56:35Z INFO [2068/2460] f34b2903-157d-4b53-92ed-5b1ffd3a3f19: cophenetic index 624; 1.0 s; peak memory 850 MiB.
2026-10-02T11:56:38Z INFO [2069/2460] f355a037-b4d7-4120-8262-02070b3b01b1: cophenetic index 2241; 2.8 s; peak memory 850 MiB.
2026-10-02T11:56:40Z INFO [2070/2460] f359b423-d0b6-45a1-b393-80235c23dd40: cophenetic index 99138; 2.0 s; peak memory 850 MiB.
2026-10-02T11:56:41Z INFO [2071/2460] f35b9501-595b-447b-b508-f4b678d0c4f1: cophenetic index 1558; 1.2 s; peak memory 850 MiB.
2026-10-02T11:56:42Z INFO [2072/2460] f36cd6d9-b5f0-4b45-a4fb-ff08299aa6b6: cophenetic index 624; 1.1 s; peak memory 850 MiB.
2026-10-02T11:56:43Z INFO [2073/2460] f375e907-e340-4584-a527-34613c999b3f: cophenetic index 3004; 1.2 s; peak memory 850 MiB.
2026-10-02T11:56:44Z INFO [2074/2460] f379369f-1570-43a0-96ab-ad57a921b2c0: cophenetic index 624; 1.0 s; peak memory 850 MiB.
2026-10-02T11:56:46Z INFO [2075/2460] f38ff304-2369-4d6c-a0df-0a4512212186: cophenetic index 2974; 1.3 s; peak memory 850 MiB.
2026-10-02T11:56:47Z INFO [2076/2460] f3952fd1-0773-4568-8a2b-a52946cf98fe: cophenetic index 723; 0.9 s; peak memory 850 MiB.
2026-10-02T11:56:48Z INFO [2077/2460] f395a247-7a59-45f4-acb1-d9151ef641f3: cophenetic index 2625; 1.9 s; peak memory 850 MiB.
2026-10-02T11:56:50Z INFO [2078/2460] f39d6a07-bb37-4b76-9f7d-58fd0eace7b8: cophenetic index 33998; 1.7 s; peak memory 850 MiB.
2026-10-02T11:56:53Z INFO [2079/2460] f3a4e622-bfe8-45f1-a024-be856b35f53c: cophenetic index 2573; 2.5 s; peak memory 850 MiB.
2026-10-02T11:56:54Z INFO [2080/2460] f3aad0a9-34c1-40c1-b8e7-a8341bb0aa6e: cophenetic index 624; 1.0 s; peak memory 850 MiB.
2026-10-02T11:56:55Z INFO [2081/2460] f3ac50f1-9cd0-4602-aff9-f456a385a386: cophenetic index 624; 1.0 s; peak memory 850 MiB.
2026-10-02T11:56:58Z INFO [2082/2460] f3b0fdbe-1b22-4f3a-a099-d20399b57a74: cophenetic index 5473; 3.2 s; peak memory 850 MiB.
2026-10-02T11:57:00Z INFO [2083/2460] f3b54668-91aa-410c-b594-df61304dcc3a: cophenetic index 972; 1.7 s; peak memory 850 MiB.
2026-10-02T11:57:01Z INFO [2084/2460] f3c3ba81-7a34-4090-83a3-e53da42af52c: cophenetic index 624; 1.0 s; peak memory 850 MiB.
2026-10-02T11:57:02Z INFO [2085/2460] f3c9b118-8ddc-4559-829e-5642f1619300: cophenetic index 429; 1.1 s; peak memory 850 MiB.
2026-10-02T11:57:03Z INFO [2086/2460] f3d9ae1f-a992-4d5a-867a-873bfa1f3b55: cophenetic index 624; 1.0 s; peak memory 850 MiB.
2026-10-02T11:57:04Z INFO [2087/2460] f3da22fe-f46f-4eef-93d6-ad1005280df9: cophenetic index 23370; 1.2 s; peak memory 850 MiB.
2026-10-02T11:57:05Z INFO [2088/2460] f3e60a4a-6c67-4b18-bbee-1ed1a4da922f: cophenetic index 401; 0.8 s; peak memory 850 MiB.
2026-10-02T11:57:06Z INFO [2089/2460] f40413a2-165c-41e3-8401-f3301c513aa5: cophenetic index 766; 1.3 s; peak memory 850 MiB.
2026-10-02T11:57:09Z INFO [2090/2460] f40e3709-3dbc-4bd2-866a-8fed23445ff0: cophenetic index 2402; 2.7 s; peak memory 850 MiB.
2026-10-02T11:57:15Z INFO [2091/2460] f412e47e-9a0b-4371-a30d-114cf5d7fb4c: cophenetic index 5466; 6.0 s; peak memory 850 MiB.
2026-10-02T11:57:16Z INFO [2092/2460] f41302cd-5cfb-4fdf-836a-9a786789117d: cophenetic index 624; 1.0 s; peak memory 850 MiB.
2026-10-02T11:57:17Z INFO [2093/2460] f4149490-76ed-4f36-88ae-4db61f46c29a: cophenetic index 2570; 1.4 s; peak memory 850 MiB.
2026-10-02T11:57:18Z INFO [2094/2460] f415ee08-fd44-47bd-9ab4-8489cafb01dd: cophenetic index 446; 0.8 s; peak memory 850 MiB.
2026-10-02T11:57:19Z INFO [2095/2460] f43c27c7-1a09-4a5c-ac84-7c3a1aa0a333: cophenetic index 2920; 1.0 s; peak memory 850 MiB.
2026-10-02T11:57:22Z INFO [2096/2460] f4486bf8-d906-42bd-8ebb-851cab1728b7: cophenetic index 34658; 3.1 s; peak memory 850 MiB.
2026-10-02T11:57:25Z INFO [2097/2460] f44958cf-d6f0-4e9d-bda3-47bf04f47b29: cophenetic index 5473; 3.3 s; peak memory 850 MiB.
2026-10-02T11:57:31Z INFO [2098/2460] f4519ee0-4367-45d3-af49-5d7d7d89c4c3: cophenetic index 45063; 5.5 s; peak memory 850 MiB.
2026-10-02T11:57:32Z INFO [2099/2460] f4567374-2bc5-4686-b737-0b18ea999217: cophenetic index 624; 1.0 s; peak memory 850 MiB.
2026-10-02T11:57:33Z INFO [2100/2460] f45722d1-885c-40ef-bb1c-da47d3f4c695: cophenetic index 497; 1.2 s; peak memory 850 MiB.
2026-10-02T11:57:33Z INFO [2100/2460] f45722d1-885c-40ef-bb1c-da47d3f4c695: checkpointed 63954 records.
2026-10-02T11:57:40Z INFO [2101/2460] f459c971-7de8-4ce7-98fa-2fea0db24e2f: cophenetic index 6715; 6.9 s; peak memory 850 MiB.
2026-10-02T11:57:47Z INFO [2102/2460] f45ec084-dc17-4978-8889-6814d82a321d: cophenetic index 6591; 7.1 s; peak memory 850 MiB.
2026-10-02T11:57:48Z INFO [2103/2460] f45f1618-fa26-44f4-948f-11468ffa3a0a: cophenetic index 1087; 1.4 s; peak memory 850 MiB.
2026-10-02T11:57:50Z INFO [2104/2460] f461edc3-85ec-4681-99ab-fa7c76b0d434: cophenetic index 2625; 1.5 s; peak memory 850 MiB.
2026-10-02T11:57:51Z INFO [2105/2460] f4644a0e-70fe-4d94-a71b-62aba9773cbd: cophenetic index 2974; 1.2 s; peak memory 850 MiB.
2026-10-02T11:57:53Z INFO [2106/2460] f471f1ed-f9b7-4a28-8e7b-5a6759b43c67: cophenetic index 1264; 1.4 s; peak memory 850 MiB.
2026-10-02T11:57:54Z INFO [2107/2460] f481b9c0-a712-41de-a862-f585e080e981: cophenetic index 649; 1.1 s; peak memory 850 MiB.
2026-10-02T11:57:55Z INFO [2108/2460] f482a730-13be-4936-991b-6e34db31d7f8: cophenetic index 1544; 1.3 s; peak memory 850 MiB.
2026-10-02T11:57:56Z INFO [2109/2460] f482c48c-6c2d-463d-baf0-7c9e06ea4196: cophenetic index 2570; 1.5 s; peak memory 850 MiB.
2026-10-02T11:57:59Z INFO [2110/2460] f48e5d43-f755-420c-86d5-9bf74bfb5505: cophenetic index 2402; 2.8 s; peak memory 850 MiB.
2026-10-02T11:58:01Z INFO [2111/2460] f48edf11-51ff-41e9-849b-9c46da5cddd6: cophenetic index 2570; 1.4 s; peak memory 850 MiB.
2026-10-02T11:58:02Z INFO [2112/2460] f4949282-f13c-4ad6-8b47-ca4a59e3242d: cophenetic index 624; 1.1 s; peak memory 850 MiB.
2026-10-02T11:58:03Z INFO [2113/2460] f4950ef5-ba0d-4db6-9467-1ba1890ccd0b: cophenetic index 33986; 1.6 s; peak memory 850 MiB.
2026-10-02T11:58:07Z INFO [2114/2460] f4adefbc-8492-4c98-822d-49524d8a654c: cophenetic index 5486; 3.2 s; peak memory 850 MiB.
2026-10-02T11:58:10Z INFO [2115/2460] f4b88c9f-6eac-44b6-bf87-01b1c19b6e33: cophenetic index 5473; 3.2 s; peak memory 850 MiB.
2026-10-02T11:58:12Z INFO [2116/2460] f4bb7388-3a67-4ef2-aaf5-6087b9296331: cophenetic index 2625; 1.7 s; peak memory 850 MiB.
2026-10-02T11:58:13Z INFO [2117/2460] f4bff05a-a40e-4f9e-8b3f-40dab5ff78eb: cophenetic index 427; 1.0 s; peak memory 850 MiB.
2026-10-02T11:58:26Z INFO [2118/2460] f4c8c051-83fb-45f0-a62c-daf4977d0bc2: cophenetic index 416178; 13.0 s; peak memory 850 MiB.
2026-10-02T11:58:33Z INFO [2119/2460] f4cdd1fb-dc92-49bb-8572-6ea3ba72bb89: cophenetic index 87573; 7.0 s; peak memory 850 MiB.
2026-10-02T11:58:47Z INFO [2120/2460] f4cffebd-5ebc-405a-8152-6817a657d7eb: cophenetic index 51243; 14.6 s; peak memory 850 MiB.
2026-10-02T11:58:50Z INFO [2121/2460] f4da1a6d-3484-4579-8743-050cb2f99a30: cophenetic index 33998; 2.3 s; peak memory 850 MiB.
2026-10-02T11:58:52Z INFO [2122/2460] f4df7a5e-e8a3-4272-bc56-2c869a3821a2: cophenetic index 2609; 2.2 s; peak memory 850 MiB.
2026-10-02T11:59:46Z INFO [2123/2460] f4e48a01-2679-4434-a06b-bcda0ec5269f: cophenetic index 52926122; 54.0 s; peak memory 850 MiB.
2026-10-02T11:59:47Z INFO [2124/2460] f4e9aba1-925e-4add-a73b-841b806fde57: cophenetic index 624; 1.0 s; peak memory 850 MiB.
2026-10-02T12:00:00Z INFO [2125/2460] f4f2c3ab-fb89-49a4-abba-303973ba9526: cophenetic index 49974; 13.2 s; peak memory 850 MiB.
2026-10-02T12:00:01Z INFO [2126/2460] f4fedec1-8c0d-4ccb-a832-4a233e5841e0: cophenetic index 624; 1.1 s; peak memory 850 MiB.
2026-10-02T12:00:03Z INFO [2127/2460] f4ff75cf-322a-4f15-a7f2-82e533ef67b3: cophenetic index 33968; 1.5 s; peak memory 850 MiB.
2026-10-02T12:00:04Z INFO [2128/2460] f503bac4-d87f-4038-ae02-28509de50ba6: cophenetic index 33998; 1.9 s; peak memory 850 MiB.
2026-10-02T12:00:06Z INFO [2129/2460] f50a5323-9964-491c-b211-a1a26958d7de: cophenetic index 3087; 1.3 s; peak memory 850 MiB.
2026-10-02T12:00:07Z INFO [2130/2460] f50a9314-9dbc-45e6-9971-e1b68c19e6f1: cophenetic index 649; 1.1 s; peak memory 850 MiB.
2026-10-02T12:00:08Z INFO [2131/2460] f51728cc-1a9a-464b-8a12-f7fb69e56e8b: cophenetic index 651; 0.8 s; peak memory 850 MiB.
2026-10-02T12:00:08Z INFO [2132/2460] f5222094-b51e-4be1-ab99-616e938597ef: cophenetic index 164; 0.7 s; peak memory 850 MiB.
2026-10-02T12:00:09Z INFO [2133/2460] f52eed1f-4a16-456d-a132-1c5d981fd39d: cophenetic index 624; 1.2 s; peak memory 850 MiB.
2026-10-02T12:00:11Z INFO [2134/2460] f534f490-b425-401d-b592-9f645bee229a: cophenetic index 13320; 1.4 s; peak memory 850 MiB.
2026-10-02T12:00:12Z INFO [2135/2460] f53f6653-861f-4703-8f57-55367c7f603f: cophenetic index 624; 1.1 s; peak memory 850 MiB.
2026-10-02T12:00:13Z INFO [2136/2460] f541a5d5-ff8d-431c-a930-98298b48103f: cophenetic index 466; 1.2 s; peak memory 850 MiB.
2026-10-02T12:00:15Z INFO [2137/2460] f545654c-a0f7-4512-9870-d84017d8053c: cophenetic index 33998; 1.8 s; peak memory 850 MiB.
2026-10-02T12:00:16Z INFO [2138/2460] f55825db-c9c7-48f7-8704-478fc9c56e8d: cophenetic index 624; 1.0 s; peak memory 850 MiB.
2026-10-02T12:00:20Z INFO [2139/2460] f5693c08-2aae-425b-8d4a-31b18eedb1e1: cophenetic index 11912; 4.2 s; peak memory 850 MiB.
2026-10-02T12:00:21Z INFO [2140/2460] f576a4fc-0d1b-4f6b-a1b6-123a448d8fd6: cophenetic index 624; 1.1 s; peak memory 850 MiB.
2026-10-02T12:00:23Z INFO [2141/2460] f5820900-5321-47ed-8997-c586d9b3d858: cophenetic index 3004; 1.4 s; peak memory 850 MiB.
2026-10-02T12:00:24Z INFO [2142/2460] f5828396-5b87-425c-aa24-8cc322161951: cophenetic index 2625; 1.7 s; peak memory 850 MiB.
2026-10-02T12:00:25Z INFO [2143/2460] f58810d4-92ef-4939-9192-39ef54bca79b: cophenetic index 624; 1.2 s; peak memory 850 MiB.
2026-10-02T12:00:27Z INFO [2144/2460] f5941c9f-c6d7-4d6d-bdb2-8bfb78c3f689: cophenetic index 431; 1.1 s; peak memory 850 MiB.
2026-10-02T12:00:28Z INFO [2145/2460] f594e67c-3dcc-44a7-854e-b00d1aeb0933: cophenetic index 624; 1.1 s; peak memory 850 MiB.
2026-10-02T12:01:00Z INFO [2146/2460] f59f2e14-5a25-4f93-8b62-14201c2d362b: cophenetic index 5726192; 31.9 s; peak memory 850 MiB.
2026-10-02T12:01:01Z INFO [2147/2460] f5a9e90e-c98a-4445-a93a-878db7ba0078: cophenetic index 624; 1.1 s; peak memory 850 MiB.
2026-10-02T12:01:03Z INFO [2148/2460] f5b1e8a2-4561-4250-a894-152c4b92362f: cophenetic index 2402; 2.7 s; peak memory 850 MiB.
2026-10-02T12:01:04Z INFO [2149/2460] f5bb464c-718f-4e48-be94-c372088d384f: cophenetic index 624; 1.1 s; peak memory 850 MiB.
2026-10-02T12:01:06Z INFO [2150/2460] f5bd42cf-a574-4b36-ac03-2143860c46b3: cophenetic index 1380; 1.5 s; peak memory 850 MiB.
2026-10-02T12:01:06Z INFO [2150/2460] f5bd42cf-a574-4b36-ac03-2143860c46b3: checkpointed 64004 records.
2026-10-02T12:01:07Z INFO [2151/2460] f5c09885-712b-45f1-84d1-9164f5819aa5: cophenetic index 626; 1.3 s; peak memory 850 MiB.
2026-10-02T12:01:08Z INFO [2152/2460] f5c93d62-28a1-4280-b90d-ed92ad2f0719: cophenetic index 2920; 1.0 s; peak memory 850 MiB.
2026-10-02T12:01:09Z INFO [2153/2460] f5d6158a-4476-4b4b-90c0-6fddfd102573: cophenetic index 624; 1.1 s; peak memory 850 MiB.
2026-10-02T12:01:11Z INFO [2154/2460] f5d74dc1-bff1-43de-965e-05cfb1308014: cophenetic index 2646; 1.3 s; peak memory 850 MiB.
2026-10-02T12:01:12Z INFO [2155/2460] f5d8fe1f-d1be-43fb-9369-fff1b2b81b36: cophenetic index 624; 0.9 s; peak memory 850 MiB.
2026-10-02T12:01:20Z INFO [2156/2460] f5dbde9c-221c-406c-aa44-96d0c8cbd673: cophenetic index 87573; 8.3 s; peak memory 850 MiB.
2026-10-02T12:01:23Z INFO [2157/2460] f5e0f30b-38bf-41f3-b4ae-2e69c4e2038d: cophenetic index 1458; 3.1 s; peak memory 850 MiB.
2026-10-02T12:01:26Z INFO [2158/2460] f5e4fe4a-4d50-44e0-8fe6-f58f6dced64b: cophenetic index 2299; 2.7 s; peak memory 850 MiB.
2026-10-02T12:01:32Z INFO [2159/2460] f5e7a69c-43c6-41ce-b75f-7e3b8acadca6: cophenetic index 49547; 6.5 s; peak memory 850 MiB.
2026-10-02T12:01:34Z INFO [2160/2460] f5e822be-2ddd-49c4-a3c6-1086488a0569: cophenetic index 23425; 1.3 s; peak memory 850 MiB.
2026-10-02T12:01:37Z INFO [2161/2460] f5e90c45-9990-4ac6-9f7f-f1a8f1376bb1: cophenetic index 5473; 3.2 s; peak memory 850 MiB.
2026-10-02T12:01:38Z INFO [2162/2460] f5ea81e0-6e05-420c-a245-410c25eaec58: cophenetic index 1979; 1.5 s; peak memory 850 MiB.
2026-10-02T12:01:40Z INFO [2163/2460] f606e873-94a5-48e4-ba5c-3d2b1705367b: cophenetic index 2625; 1.7 s; peak memory 850 MiB.
2026-10-02T12:01:49Z INFO [2164/2460] f60a15ef-1fcc-4e14-8b20-8517f98f3061: cophenetic index 124523; 8.6 s; peak memory 850 MiB.
2026-10-02T12:01:54Z INFO [2165/2460] f62fb84d-4351-4ad0-bd8c-7744e38add9f: cophenetic index 9548; 5.6 s; peak memory 850 MiB.
2026-10-02T12:01:58Z INFO [2166/2460] f630065a-f9da-4d81-aa5d-49f147fa9745: cophenetic index 34658; 3.4 s; peak memory 850 MiB.
2026-10-02T12:01:59Z INFO [2167/2460] f63086b6-25e5-421b-832e-6f3a5b9c3911: cophenetic index 1436; 1.4 s; peak memory 850 MiB.
2026-10-02T12:02:00Z INFO [2168/2460] f63d0113-f8ce-4995-b02e-65483fadc75d: cophenetic index 624; 1.1 s; peak memory 850 MiB.
2026-10-02T12:02:01Z INFO [2169/2460] f64d2ea0-2717-40ab-8066-8de00bdb5944: cophenetic index 729; 0.8 s; peak memory 850 MiB.
2026-10-02T12:02:03Z INFO [2170/2460] f64e5ab3-1a2e-499f-960f-a27f1f45d8a8: cophenetic index 2570; 1.7 s; peak memory 850 MiB.
2026-10-02T12:02:04Z INFO [2171/2460] f64fa172-20bb-41f0-ae37-ffc42b20ddb9: cophenetic index 2625; 1.5 s; peak memory 850 MiB.
2026-10-02T12:02:05Z INFO [2172/2460] f6500578-d93d-4084-8dbc-b11be64d3a05: cophenetic index 3004; 1.3 s; peak memory 850 MiB.
2026-10-02T12:02:07Z INFO [2173/2460] f655bb35-be04-4fa9-abb2-bf73f74b0a06: cophenetic index 2570; 1.5 s; peak memory 850 MiB.
2026-10-02T12:02:08Z INFO [2174/2460] f65802c5-65df-4856-a8d7-5d24fab5e7b6: cophenetic index 23364; 1.3 s; peak memory 850 MiB.
2026-10-02T12:02:23Z INFO [2175/2460] f65a2b19-61be-4cd1-a893-c0200e6a4284: cophenetic index 83886; 14.7 s; peak memory 850 MiB.
2026-10-02T12:02:25Z INFO [2176/2460] f65fa7de-bcf9-43e9-9889-5511300fc2e7: cophenetic index 2625; 1.6 s; peak memory 850 MiB.
2026-10-02T12:02:26Z INFO [2177/2460] f66dd82a-d6ec-402c-aa20-ac0909900522: cophenetic index 431; 1.1 s; peak memory 850 MiB.
2026-10-02T12:02:28Z INFO [2178/2460] f66ffba5-09de-463b-aeda-3a9e2f4f9e1a: cophenetic index 2682; 2.4 s; peak memory 850 MiB.
2026-10-02T12:02:30Z INFO [2179/2460] f6748ab4-f4de-43f2-9a17-63d661e21687: cophenetic index 1408; 1.8 s; peak memory 850 MiB.
2026-10-02T12:02:31Z INFO [2180/2460] f6896309-781c-42dc-a855-56e9394ab17b: cophenetic index 624; 1.0 s; peak memory 850 MiB.
2026-10-02T12:02:33Z INFO [2181/2460] f69808d5-05a0-42b3-819e-101d8f1ef8bf: cophenetic index 33962; 1.7 s; peak memory 850 MiB.
2026-10-02T12:02:34Z INFO [2182/2460] f6aae48a-8cc2-4cb6-8f35-acb9e81bb830: cophenetic index 624; 1.0 s; peak memory 850 MiB.
2026-10-02T12:02:46Z INFO [2183/2460] f6ae9e02-6cbf-4b66-9b8d-24fc62dce0f6: cophenetic index 207534; 12.1 s; peak memory 850 MiB.
2026-10-02T12:02:52Z INFO [2184/2460] f6bbaf47-f91a-490d-a372-7e9543c39bff: cophenetic index 9181; 6.1 s; peak memory 850 MiB.
2026-10-02T12:02:53Z INFO [2185/2460] f6bdf23c-dbd6-44a0-a092-70c1813d4278: cophenetic index 690; 0.9 s; peak memory 850 MiB.
2026-10-02T12:03:03Z INFO [2186/2460] f6be9fbc-0ba2-4b78-b95b-e4836e781277: cophenetic index 197882; 10.0 s; peak memory 850 MiB.
2026-10-02T12:03:04Z INFO [2187/2460] f6c1860e-3689-4528-b6be-61832ef41ea8: cophenetic index 431; 1.1 s; peak memory 850 MiB.
2026-10-02T12:03:05Z INFO [2188/2460] f6c2df2e-4afb-4ff8-873a-0803b5a2c9a2: cophenetic index 554; 1.2 s; peak memory 850 MiB.
2026-10-02T12:03:07Z INFO [2189/2460] f6caa4a4-fe74-4fa5-8745-07a305d2bd3f: cophenetic index 33968; 1.7 s; peak memory 850 MiB.
2026-10-02T12:03:08Z INFO [2190/2460] f6e56124-8724-4d36-ace9-cb47de30326d: cophenetic index 23864; 1.5 s; peak memory 850 MiB.
2026-10-02T12:03:09Z INFO [2191/2460] f6ecfd54-06d9-41fa-bbd2-efcacef7e39f: cophenetic index 624; 1.0 s; peak memory 850 MiB.
2026-10-02T12:03:10Z INFO [2192/2460] f716a93d-51c3-4d83-a8fc-b3f14089801a: cophenetic index 626; 1.2 s; peak memory 850 MiB.
2026-10-02T12:03:11Z INFO [2193/2460] f71ba5f9-6b37-4f3b-bec2-8fe5d30f1f60: cophenetic index 624; 0.9 s; peak memory 850 MiB.
2026-10-02T12:03:12Z INFO [2194/2460] f720b8ac-bb40-440b-a990-4e3ff641e5b8: cophenetic index 690; 0.9 s; peak memory 850 MiB.
2026-10-02T12:03:25Z INFO [2195/2460] f73cf10f-40f2-410b-ae92-d0daf79f2b66: cophenetic index 339961; 12.8 s; peak memory 850 MiB.
2026-10-02T12:03:26Z INFO [2196/2460] f73db632-84ac-476d-9e3c-ad5c7ee49587: cophenetic index 1588; 1.4 s; peak memory 850 MiB.
2026-10-02T12:03:28Z INFO [2197/2460] f74b5bc6-2aa5-47ee-99e0-cedcf3cb2b46: cophenetic index 2625; 1.7 s; peak memory 850 MiB.
2026-10-02T12:03:29Z INFO [2198/2460] f74ed5b7-fe42-4377-8b9f-5d28cfd797c9: cophenetic index 624; 1.2 s; peak memory 850 MiB.
2026-10-02T12:03:31Z INFO [2199/2460] f752ecbf-dba2-46df-ba0f-0f71420848e2: cophenetic index 554; 1.5 s; peak memory 850 MiB.
2026-10-02T12:03:32Z INFO [2200/2460] f776b84d-bc34-42fc-8acb-96fd46f0b6f8: cophenetic index 2625; 1.1 s; peak memory 850 MiB.
2026-10-02T12:03:32Z INFO [2200/2460] f776b84d-bc34-42fc-8acb-96fd46f0b6f8: checkpointed 64054 records.
2026-10-02T12:03:34Z INFO [2201/2460] f77f5b7b-a847-457e-9551-bc8d819c064a: cophenetic index 2625; 1.7 s; peak memory 850 MiB.
2026-10-02T12:03:37Z INFO [2202/2460] f7849256-52ff-4488-b053-03bfcf9d0836: cophenetic index 2469; 3.1 s; peak memory 850 MiB.
2026-10-02T12:03:40Z INFO [2203/2460] f7864e09-9fa6-47d1-ac00-abcf9d795475: cophenetic index 2241; 3.5 s; peak memory 850 MiB.
2026-10-02T12:03:41Z INFO [2204/2460] f78928ee-d971-4cca-87be-51bb70476067: cophenetic index 624; 1.0 s; peak memory 850 MiB.
2026-10-02T12:03:45Z INFO [2205/2460] f795d14d-3cc5-4ae4-a0bd-914c4cf80fef: cophenetic index 5473; 3.3 s; peak memory 850 MiB.
2026-10-02T12:03:51Z INFO [2206/2460] f79d301a-1b3a-486b-a509-f2c1c02bde74: cophenetic index 71106; 6.0 s; peak memory 850 MiB.
2026-10-02T12:03:52Z INFO [2207/2460] f7a082d6-b58c-45b3-bef4-f635a348e64f: cophenetic index 2625; 1.5 s; peak memory 850 MiB.
2026-10-02T12:03:53Z INFO [2208/2460] f7a8ee7c-1a4c-4114-933c-a6ed08b0a3d0: cophenetic index 2923; 1.1 s; peak memory 850 MiB.
2026-10-02T12:03:54Z INFO [2209/2460] f7bd52fc-b363-4797-96be-d02737551314: cophenetic index 649; 1.3 s; peak memory 850 MiB.
2026-10-02T12:03:56Z INFO [2210/2460] f7c97e61-391f-4cb7-8957-c21fd95bb5b3: cophenetic index 23206; 1.3 s; peak memory 850 MiB.
2026-10-02T12:03:57Z INFO [2211/2460] f7d4708c-12f2-4765-aef2-4095023453ec: cophenetic index 624; 1.0 s; peak memory 850 MiB.
2026-10-02T12:03:58Z INFO [2212/2460] f7ea345d-3acb-42ab-abb7-abc7243aa687: cophenetic index 624; 1.0 s; peak memory 850 MiB.
2026-10-02T12:03:59Z INFO [2213/2460] f7eaa164-2e80-41bc-aa67-6d8127d868b9: cophenetic index 1470; 1.1 s; peak memory 850 MiB.
2026-10-02T12:04:00Z INFO [2214/2460] f7ed7856-1234-4d4c-8e6b-e03cac7c4123: cophenetic index 624; 1.0 s; peak memory 850 MiB.
2026-10-02T12:04:01Z INFO [2215/2460] f7ee816d-cd57-4c82-b78b-f77508c350e1: cophenetic index 624; 0.9 s; peak memory 850 MiB.
2026-10-02T12:04:04Z INFO [2216/2460] f7f36cb9-48bb-4356-90bf-dfcc92fae0e3: cophenetic index 3045; 3.3 s; peak memory 850 MiB.
2026-10-02T12:04:05Z INFO [2217/2460] f800561d-6fc6-4f9b-b9d8-16ae5fd7185d: cophenetic index 23436; 1.2 s; peak memory 850 MiB.
2026-10-02T12:04:06Z INFO [2218/2460] f801800b-4170-4573-ae4d-57cb5b951e35: cophenetic index 624; 1.1 s; peak memory 850 MiB.
2026-10-02T12:04:09Z INFO [2219/2460] f805311c-63a7-42ce-a971-133d9dfd6112: cophenetic index 2402; 3.1 s; peak memory 850 MiB.
2026-10-02T12:04:11Z INFO [2220/2460] f80c1969-fae3-4c9a-934e-866bc24bc8f0: cophenetic index 624; 1.2 s; peak memory 850 MiB.
2026-10-02T12:04:12Z INFO [2221/2460] f81b5443-cb88-4327-8e4d-a9ce5ba37349: cophenetic index 3057; 1.5 s; peak memory 850 MiB.
2026-10-02T12:04:20Z INFO [2222/2460] f81c053b-45ce-44e4-bd78-b714a80e778c: cophenetic index 14699; 7.7 s; peak memory 850 MiB.
2026-10-02T12:04:22Z INFO [2223/2460] f81d0e9f-f3cf-4f6a-b0c1-a6afe77f2b3c: cophenetic index 99150; 2.1 s; peak memory 850 MiB.
2026-10-02T12:04:24Z INFO [2224/2460] f82d7bdf-81e6-462c-a4d1-ea679160e733: cophenetic index 2625; 1.7 s; peak memory 850 MiB.
2026-10-02T12:04:25Z INFO [2225/2460] f8349f65-b29c-464b-b478-d62aa3c669db: cophenetic index 624; 1.1 s; peak memory 850 MiB.
2026-10-02T12:04:25Z INFO [2226/2460] f834df96-0b15-42a7-b1b6-166554db33db: cophenetic index 739; 0.7 s; peak memory 850 MiB.
2026-10-02T12:04:27Z INFO [2227/2460] f83d5133-7c3c-458e-bb4b-d9c73ad6136d: cophenetic index 624; 1.2 s; peak memory 850 MiB.
2026-10-02T12:04:28Z INFO [2228/2460] f8509f67-2c69-4616-8d22-b7bad50ceb21: cophenetic index 3004; 1.4 s; peak memory 850 MiB.
2026-10-02T12:04:29Z INFO [2229/2460] f8514d07-6921-4b7a-b1b4-f34dfae96ddf: cophenetic index 624; 1.4 s; peak memory 850 MiB.
2026-10-02T12:04:30Z INFO [2230/2460] f86bcc8f-fade-4a67-88db-883b732bfb15: cophenetic index 3004; 1.1 s; peak memory 850 MiB.
2026-10-02T12:04:32Z INFO [2231/2460] f87044aa-7a8a-434b-aae3-4eb9b4749557: cophenetic index 624; 1.1 s; peak memory 850 MiB.
2026-10-02T12:04:39Z INFO [2232/2460] f8811442-0df2-40fd-aed2-9cdc0e93b2f9: cophenetic index 165972; 7.5 s; peak memory 850 MiB.
2026-10-02T12:04:40Z INFO [2233/2460] f887d5c5-d678-48fb-8293-b18e9d0731e7: cophenetic index 624; 1.1 s; peak memory 850 MiB.
2026-10-02T12:04:44Z INFO [2234/2460] f8973155-b06e-4735-aa7c-545dfa05d174: cophenetic index 8488; 4.3 s; peak memory 850 MiB.
2026-10-02T12:04:46Z INFO [2235/2460] f89b747c-68e5-4c77-b2cf-dabd33c09462: cophenetic index 2923; 1.1 s; peak memory 850 MiB.
2026-10-02T12:04:48Z INFO [2236/2460] f8a77359-d55e-4b98-a316-afde1fa4bfe3: cophenetic index 33998; 2.6 s; peak memory 850 MiB.
2026-10-02T12:04:50Z INFO [2237/2460] f8abbdb5-3532-4185-8705-ff82bc45a03f: cophenetic index 2570; 1.6 s; peak memory 850 MiB.
2026-10-02T12:04:53Z INFO [2238/2460] f8ac2139-805f-4e48-b907-d512d85ef1d2: cophenetic index 2402; 2.8 s; peak memory 850 MiB.
2026-10-02T12:04:54Z INFO [2239/2460] f8b4c29d-62ed-4c10-a673-caa2d45f3771: cophenetic index 3215; 1.1 s; peak memory 850 MiB.
2026-10-02T12:04:55Z INFO [2240/2460] f8bcc432-f6aa-4f27-b6cd-e89f7bc59642: cophenetic index 579; 0.9 s; peak memory 850 MiB.
2026-10-02T12:04:56Z INFO [2241/2460] f8c6dea7-ca97-43e6-99ea-a535e12fe344: cophenetic index 3004; 1.2 s; peak memory 850 MiB.
2026-10-02T12:04:58Z INFO [2242/2460] f8d53746-db60-4d8b-b2fc-030da9a0f76d: cophenetic index 2625; 1.9 s; peak memory 850 MiB.
2026-10-02T12:05:01Z INFO [2243/2460] f8e340ee-fc33-4728-9c1b-2c8a2d6cc9bb: cophenetic index 6490; 3.0 s; peak memory 850 MiB.
2026-10-02T12:05:02Z INFO [2244/2460] f8e6692d-e9a4-4271-b47a-0d922b371d32: cophenetic index 624; 1.2 s; peak memory 850 MiB.
2026-10-02T12:05:04Z INFO [2245/2460] f8e806ca-5671-4ed1-9a55-13ef9b7d7519: cophenetic index 325333; 2.3 s; peak memory 850 MiB.
2026-10-02T12:05:05Z INFO [2246/2460] f8ea5c45-a0a3-480e-9536-d094b9e64a40: cophenetic index 624; 1.0 s; peak memory 850 MiB.
2026-10-02T12:05:06Z INFO [2247/2460] f8f44bb0-afe3-499f-b62a-d82864786d32: cophenetic index 624; 1.0 s; peak memory 850 MiB.
2026-10-02T12:05:08Z INFO [2248/2460] f8fafa58-9246-4b4a-9a4e-c0876b7328e0: cophenetic index 1479; 2.2 s; peak memory 850 MiB.
2026-10-02T12:05:14Z INFO [2249/2460] f90387d4-9e58-427d-a73c-d6be69a22605: cophenetic index 56676; 6.1 s; peak memory 850 MiB.
2026-10-02T12:05:16Z INFO [2250/2460] f905543d-1f5e-4f62-a948-fe961d3a9b07: cophenetic index 3087; 1.4 s; peak memory 850 MiB.
2026-10-02T12:05:16Z INFO [2250/2460] f905543d-1f5e-4f62-a948-fe961d3a9b07: checkpointed 64104 records.
2026-10-02T12:05:17Z INFO [2251/2460] f90ae801-6ace-4750-991e-8f6979a010ac: cophenetic index 2893; 1.3 s; peak memory 850 MiB.
2026-10-02T12:05:29Z INFO [2252/2460] f91149e8-8a89-4b4a-9771-65b6101d0184: cophenetic index 4388016; 11.7 s; peak memory 850 MiB.
2026-10-02T12:05:30Z INFO [2253/2460] f915f15e-af02-4045-a719-a6f01f5ed8e4: cophenetic index 624; 1.0 s; peak memory 850 MiB.
2026-10-02T12:05:31Z INFO [2254/2460] f9193443-3c03-4f0c-a714-f1b98480ba72: cophenetic index 907; 1.1 s; peak memory 850 MiB.
2026-10-02T12:05:32Z INFO [2255/2460] f91e2103-1a6f-4ac5-8746-9c371dcff34d: cophenetic index 3192; 1.3 s; peak memory 850 MiB.
2026-10-02T12:05:34Z INFO [2256/2460] f921a092-d9ae-472c-afc5-3571b4a1db82: cophenetic index 3087; 1.3 s; peak memory 850 MiB.
2026-10-02T12:05:35Z INFO [2257/2460] f92bbf14-26bb-40ae-af7a-a3c9fd169015: cophenetic index 624; 1.1 s; peak memory 850 MiB.
2026-10-02T12:05:36Z INFO [2258/2460] f93d0b0b-d137-4fe5-a46b-e02e2d85f55a: cophenetic index 624; 1.2 s; peak memory 850 MiB.
2026-10-02T12:05:37Z INFO [2259/2460] f93dc4a9-355c-454f-b284-666e56869636: cophenetic index 651; 0.9 s; peak memory 850 MiB.
2026-10-02T12:05:38Z INFO [2260/2460] f93fda1a-4d0f-47ef-b384-3f10c1bf478a: cophenetic index 3087; 1.3 s; peak memory 850 MiB.
2026-10-02T12:05:39Z INFO [2261/2460] f941b8f7-b240-49fd-8617-e55a3b1e6830: cophenetic index 624; 1.1 s; peak memory 850 MiB.
2026-10-02T12:05:41Z INFO [2262/2460] f942d89f-6ef0-410e-9bdd-09a69336927a: cophenetic index 2625; 1.7 s; peak memory 850 MiB.
2026-10-02T12:05:42Z INFO [2263/2460] f94b4351-1738-4cc6-9221-efe43db73e7d: cophenetic index 3004; 1.3 s; peak memory 850 MiB.
2026-10-02T12:05:44Z INFO [2264/2460] f95570a8-fcf8-4cc1-8f9d-1207c71f6c1f: cophenetic index 2625; 1.6 s; peak memory 850 MiB.
2026-10-02T12:05:45Z INFO [2265/2460] f957ccec-6e7c-415e-b032-d4cb9f276d44: cophenetic index 401; 0.8 s; peak memory 850 MiB.
2026-10-02T12:05:46Z INFO [2266/2460] f95f87f7-d3c0-4aa1-832d-2f14ec08a1e9: cophenetic index 99120; 1.6 s; peak memory 850 MiB.
2026-10-02T12:05:48Z INFO [2267/2460] f96293c7-b816-4591-a263-9e125082307e: cophenetic index 710; 1.8 s; peak memory 850 MiB.
2026-10-02T12:05:51Z INFO [2268/2460] f96a92bf-fa97-4aa2-b4a1-c5ea9fe6415a: cophenetic index 4015; 3.1 s; peak memory 850 MiB.
2026-10-02T12:05:52Z INFO [2269/2460] f98de39c-2d00-46c7-bb6c-e37f916844af: cophenetic index 3087; 1.3 s; peak memory 850 MiB.
2026-10-02T12:05:54Z INFO [2270/2460] f9a421b6-9ca9-4535-90d8-84a32a47659c: cophenetic index 3087; 1.3 s; peak memory 850 MiB.
2026-10-02T12:05:55Z INFO [2271/2460] f9aa14ef-d306-47ed-860d-fb0ef8c28793: cophenetic index 33968; 1.3 s; peak memory 850 MiB.
2026-10-02T12:05:56Z INFO [2272/2460] f9af5d4a-8768-4c16-b2e5-4780589add43: cophenetic index 1751; 1.5 s; peak memory 850 MiB.
2026-10-02T12:05:58Z INFO [2273/2460] f9b8bd1c-734f-4ae2-a369-a0798b1d4953: cophenetic index 605; 1.4 s; peak memory 850 MiB.
2026-10-02T12:05:59Z INFO [2274/2460] f9cae4ed-0c8a-48dd-ae67-c71593351879: cophenetic index 427; 1.2 s; peak memory 850 MiB.
2026-10-02T12:06:02Z INFO [2275/2460] f9d35182-34a1-4e05-9a80-b7da85e7b563: cophenetic index 5473; 3.3 s; peak memory 850 MiB.
2026-10-02T12:06:04Z INFO [2276/2460] f9d45499-a0ff-4127-9640-7887f0b8d71c: cophenetic index 2974; 1.2 s; peak memory 850 MiB.
2026-10-02T12:06:05Z INFO [2277/2460] f9dd6074-63db-4f5a-a44a-cdb66d552d39: cophenetic index 3004; 1.5 s; peak memory 850 MiB.
2026-10-02T12:06:06Z INFO [2278/2460] f9e6fd08-8c50-4090-a2da-bd972290b932: cophenetic index 579; 0.8 s; peak memory 850 MiB.
2026-10-02T12:06:07Z INFO [2279/2460] f9eb262d-04e8-4eb2-9367-86f1a111bdf4: cophenetic index 530; 1.3 s; peak memory 850 MiB.
2026-10-02T12:06:09Z INFO [2280/2460] f9fa2f25-2383-43a4-9b4f-6b5d7d700999: cophenetic index 26986; 1.7 s; peak memory 850 MiB.
2026-10-02T12:06:10Z INFO [2281/2460] f9fd8fe0-9d90-40d1-a202-616475815d89: cophenetic index 624; 1.2 s; peak memory 850 MiB.
2026-10-02T12:06:11Z INFO [2282/2460] f9fff18c-b25b-4397-8570-1b304e7c92d8: cophenetic index 624; 1.0 s; peak memory 850 MiB.
2026-10-02T12:06:12Z INFO [2283/2460] fa07ef25-0187-4dcc-92f4-aeb33a52956d: cophenetic index 579; 0.8 s; peak memory 850 MiB.
2026-10-02T12:06:13Z INFO [2284/2460] fa092037-6ee8-4857-84f0-68cf44714cf9: cophenetic index 624; 1.1 s; peak memory 850 MiB.
2026-10-02T12:06:14Z INFO [2285/2460] fa212e43-febf-43f9-a9b2-8863fea18ce1: cophenetic index 629; 0.8 s; peak memory 850 MiB.
2026-10-02T12:06:16Z INFO [2286/2460] fa245f86-8387-4b2a-a9de-4c6a29beedcc: cophenetic index 99138; 1.9 s; peak memory 850 MiB.
2026-10-02T12:06:17Z INFO [2287/2460] fa3067b7-c478-46fb-ba8d-d957e0c518b9: cophenetic index 2625; 1.5 s; peak memory 850 MiB.
2026-10-02T12:06:19Z INFO [2288/2460] fa482455-9adf-4e68-ab87-15b185b420d1: cophenetic index 325333; 2.3 s; peak memory 850 MiB.
2026-10-02T12:06:21Z INFO [2289/2460] fa491ee7-b6be-4245-97a0-80c5b352dc57: cophenetic index 33818; 1.6 s; peak memory 850 MiB.
2026-10-02T12:06:22Z INFO [2290/2460] fa4f7d02-fffa-4f33-941f-5349fea562b1: cophenetic index 581; 1.1 s; peak memory 850 MiB.
2026-10-02T12:06:23Z INFO [2291/2460] fa501221-f447-4d9d-95fd-e867b3dfda20: cophenetic index 624; 1.1 s; peak memory 850 MiB.
2026-10-02T12:06:24Z INFO [2292/2460] fa518a67-82d8-436c-a24a-df72ed4dfbc9: cophenetic index 2974; 1.3 s; peak memory 850 MiB.
2026-10-02T12:06:26Z INFO [2293/2460] fa545f2e-eaa8-4957-9bf5-9277ae81c9b7: cophenetic index 2570; 1.6 s; peak memory 850 MiB.
2026-10-02T12:06:27Z INFO [2294/2460] fa5579fb-ae27-417f-98a6-597fe822ff63: cophenetic index 624; 1.0 s; peak memory 850 MiB.
2026-10-02T12:06:28Z INFO [2295/2460] fa5db0b7-194d-4993-a21a-d5504a682aa3: cophenetic index 624; 1.1 s; peak memory 850 MiB.
2026-10-02T12:06:29Z INFO [2296/2460] fa5f8d10-75dd-417a-bfca-12c11c3340c5: cophenetic index 624; 1.1 s; peak memory 850 MiB.
2026-10-02T12:06:32Z INFO [2297/2460] fa6abfe8-9592-4f47-88b8-0f9427550676: cophenetic index 2402; 2.8 s; peak memory 850 MiB.
2026-10-02T12:06:33Z INFO [2298/2460] fa6e4962-00f0-4064-8d6c-28f615a6a507: cophenetic index 624; 1.2 s; peak memory 850 MiB.
2026-10-02T12:06:35Z INFO [2299/2460] fa9c9b11-7983-48c9-a539-9bf41adcd720: cophenetic index 2625; 1.6 s; peak memory 850 MiB.
2026-10-02T12:06:36Z INFO [2300/2460] faa9d7cd-1c00-47f9-a6ba-ee88399c23ee: cophenetic index 624; 1.0 s; peak memory 850 MiB.
2026-10-02T12:06:36Z INFO [2300/2460] faa9d7cd-1c00-47f9-a6ba-ee88399c23ee: checkpointed 64154 records.
2026-10-02T12:06:37Z INFO [2301/2460] faac11a3-c38e-4d2e-9577-cdb280e15d18: cophenetic index 572; 1.1 s; peak memory 850 MiB.
2026-10-02T12:06:46Z INFO [2302/2460] fab987e3-a53d-415b-9faf-9b3bdb513443: cophenetic index 62413; 8.6 s; peak memory 850 MiB.
2026-10-02T12:06:47Z INFO [2303/2460] fabe19bf-57d4-4ac4-a2fb-f866f788582c: cophenetic index 2625; 1.6 s; peak memory 850 MiB.
2026-10-02T12:06:49Z INFO [2304/2460] fac95300-fa57-4087-828f-ef96aa5969fd: cophenetic index 2625; 1.6 s; peak memory 850 MiB.
2026-10-02T12:06:50Z INFO [2305/2460] fad7a4d2-17c1-4beb-bda9-76d961d82d1c: cophenetic index 649; 1.2 s; peak memory 850 MiB.
2026-10-02T12:06:51Z INFO [2306/2460] fae511c2-46ee-48fb-9304-5e03d7e9ccda: cophenetic index 624; 1.1 s; peak memory 850 MiB.
2026-10-02T12:07:03Z INFO [2307/2460] fae7e40b-8f2c-43ae-9820-432995c7ca8c: cophenetic index 865397; 11.7 s; peak memory 850 MiB.
2026-10-02T12:07:11Z INFO [2308/2460] faeb5b7e-853d-4edb-b58b-ca9d71c62635: cophenetic index 14699; 7.9 s; peak memory 850 MiB.
2026-10-02T12:07:13Z INFO [2309/2460] faeb6daf-77e8-4e2b-9509-349c86628641: cophenetic index 99150; 2.2 s; peak memory 850 MiB.
2026-10-02T12:07:14Z INFO [2310/2460] faf6a85b-2deb-461d-90d8-1bfe54e8c2c0: cophenetic index 3087; 1.3 s; peak memory 850 MiB.
2026-10-02T12:07:16Z INFO [2311/2460] fafcfb91-3d83-4d86-aa62-811f29936248: cophenetic index 99138; 1.8 s; peak memory 850 MiB.
2026-10-02T12:07:18Z INFO [2312/2460] fafe24b1-68c0-4241-abc2-56190732a288: cophenetic index 33986; 1.6 s; peak memory 850 MiB.
2026-10-02T12:07:19Z INFO [2313/2460] fafe54bf-bad7-408a-8333-067ded14ad12: cophenetic index 2844; 1.2 s; peak memory 850 MiB.
2026-10-02T12:07:20Z INFO [2314/2460] fb153f59-fbc0-4987-827d-3463e00369a0: cophenetic index 624; 1.1 s; peak memory 850 MiB.
2026-10-02T12:07:22Z INFO [2315/2460] fb175a9d-2963-4d77-8e66-ddafdd9aab4c: cophenetic index 2682; 2.1 s; peak memory 850 MiB.
2026-10-02T12:07:23Z INFO [2316/2460] fb17c500-b402-4b0f-9d07-f8f53dd3bd8d: cophenetic index 624; 1.2 s; peak memory 850 MiB.
2026-10-02T12:07:24Z INFO [2317/2460] fb185c0c-5505-4664-b363-8f99d57f5cda: cophenetic index 431; 1.2 s; peak memory 850 MiB.
2026-10-02T12:07:26Z INFO [2318/2460] fb290bbb-2ed9-49fc-85b1-773768a89c37: cophenetic index 33968; 1.6 s; peak memory 850 MiB.
2026-10-02T12:07:32Z INFO [2319/2460] fb4c4888-3883-443b-b3e7-db415324c653: cophenetic index 30951; 5.8 s; peak memory 850 MiB.
2026-10-02T12:07:33Z INFO [2320/2460] fb4cb1f6-9edd-4945-8516-d384364f6197: cophenetic index 624; 1.2 s; peak memory 850 MiB.
2026-10-02T12:07:35Z INFO [2321/2460] fb4d2735-6f25-4722-9f03-b129577f11a6: cophenetic index 33968; 1.8 s; peak memory 850 MiB.
2026-10-02T12:07:36Z INFO [2322/2460] fb5abc02-ed2b-4220-854f-becdfa94225f: cophenetic index 3087; 1.2 s; peak memory 850 MiB.
2026-10-02T12:07:37Z INFO [2323/2460] fb5bece3-1942-4811-8e4f-2321c7309295: cophenetic index 2625; 1.4 s; peak memory 850 MiB.
2026-10-02T12:07:40Z INFO [2324/2460] fb651248-c145-479f-b1b9-dce99c5186ad: cophenetic index 2402; 2.7 s; peak memory 850 MiB.
2026-10-02T12:07:46Z INFO [2325/2460] fb755311-0223-460e-9586-c963ac27614f: cophenetic index 87573; 5.5 s; peak memory 850 MiB.
2026-10-02T12:07:50Z INFO [2326/2460] fb818bb4-0c7d-4d32-9180-75f6545604bf: cophenetic index 8834; 4.1 s; peak memory 850 MiB.
2026-10-02T12:07:59Z INFO [2327/2460] fb83a5ec-da3e-48db-81bd-376ea860a190: cophenetic index 47127; 9.4 s; peak memory 850 MiB.
2026-10-02T12:08:07Z INFO [2328/2460] fba5d0e7-8c72-4bb7-ba44-7c9095f080dc: cophenetic index 94607; 7.6 s; peak memory 850 MiB.
2026-10-02T12:08:08Z INFO [2329/2460] fbb07506-126f-4777-8500-ace332f24096: cophenetic index 3004; 1.1 s; peak memory 850 MiB.
2026-10-02T12:08:11Z INFO [2330/2460] fbba0b47-8251-4858-8fc9-9c7dae86a0ee: cophenetic index 5473; 3.5 s; peak memory 850 MiB.
2026-10-02T12:08:15Z INFO [2331/2460] fbbd7156-a8a6-4e6d-901b-4180ca63f35d: cophenetic index 6242; 3.1 s; peak memory 850 MiB.
2026-10-02T12:08:16Z INFO [2332/2460] fbc8ebc0-c6c9-48e3-b589-405f4f630f0a: cophenetic index 1192; 1.0 s; peak memory 850 MiB.
2026-10-02T12:08:18Z INFO [2333/2460] fbc974a2-566d-4a81-9e29-e834e53b7873: cophenetic index 2015; 2.0 s; peak memory 850 MiB.
2026-10-02T12:09:09Z INFO [2334/2460] fbe729e9-0334-42c9-b90d-93f3ee85c318: cophenetic index 62258306; 51.5 s; peak memory 850 MiB.
2026-10-02T12:09:16Z INFO [2335/2460] fbefa3cb-0778-4b70-9220-ae4a79146748: cophenetic index 14455; 7.2 s; peak memory 850 MiB.
2026-10-02T12:09:20Z INFO [2336/2460] fbf31266-cf60-469e-96e4-cf4711443c6f: cophenetic index 233617; 3.4 s; peak memory 850 MiB.
2026-10-02T12:09:21Z INFO [2337/2460] fbf3fd6d-cb52-442c-960f-5dacedcd587a: cophenetic index 624; 1.2 s; peak memory 850 MiB.
2026-10-02T12:09:23Z INFO [2338/2460] fbf57f73-a07b-482f-a241-58400f3d4850: cophenetic index 2625; 1.8 s; peak memory 850 MiB.
2026-10-02T12:09:23Z INFO [2339/2460] fc14c2de-4ed7-4f9d-8245-50cd43ecd5ab: cophenetic index 374; 0.8 s; peak memory 850 MiB.
2026-10-02T12:09:25Z INFO [2340/2460] fc22c771-8ca3-4ad7-9f6e-06abe3f7004c: cophenetic index 649; 1.1 s; peak memory 850 MiB.
2026-10-02T12:09:25Z INFO [2341/2460] fc258706-1f61-4998-9532-467a40742414: cophenetic index 374; 0.9 s; peak memory 850 MiB.
2026-10-02T12:09:27Z INFO [2342/2460] fc2f7d05-e0d9-4191-883d-ed989f99b2e2: cophenetic index 3192; 1.3 s; peak memory 850 MiB.
2026-10-02T12:09:28Z INFO [2343/2460] fc3fcd81-fe08-49fe-af8e-722303bb5130: cophenetic index 3004; 1.4 s; peak memory 850 MiB.
2026-10-02T12:09:29Z INFO [2344/2460] fc455c53-761b-4e43-9236-f6bc84e790e7: cophenetic index 433; 0.8 s; peak memory 850 MiB.
2026-10-02T12:09:38Z INFO [2345/2460] fc4911e5-8911-4aef-880d-8c0b7dc33bb0: cophenetic index 243319; 9.5 s; peak memory 850 MiB.
2026-10-02T12:09:40Z INFO [2346/2460] fc510d76-fa6c-44c0-a474-21cf14a25ea1: cophenetic index 2625; 1.1 s; peak memory 850 MiB.
2026-10-02T12:09:41Z INFO [2347/2460] fc583182-d321-4a76-bd0f-84ddb19bf815: cophenetic index 486; 1.0 s; peak memory 850 MiB.
2026-10-02T12:09:43Z INFO [2348/2460] fc5ee0c4-1d3d-452e-9b3c-af5bb0408376: cophenetic index 2625; 2.0 s; peak memory 850 MiB.
2026-10-02T12:09:44Z INFO [2349/2460] fc6372c9-9d26-478c-9888-40bcea495a9a: cophenetic index 624; 1.1 s; peak memory 850 MiB.
2026-10-02T12:09:45Z INFO [2350/2460] fc67077a-7421-4013-8953-29c6a4502144: cophenetic index 411; 1.2 s; peak memory 850 MiB.
2026-10-02T12:09:45Z INFO [2350/2460] fc67077a-7421-4013-8953-29c6a4502144: checkpointed 64204 records.
2026-10-02T12:09:49Z INFO [2351/2460] fc6e22f5-3424-4558-a781-9fc8838ac427: cophenetic index 4596; 4.2 s; peak memory 850 MiB.
2026-10-02T12:09:52Z INFO [2352/2460] fc792cc0-3564-4392-a6c1-aaaabdc227d6: cophenetic index 99150; 2.6 s; peak memory 850 MiB.
2026-10-02T12:09:53Z INFO [2353/2460] fc859c0c-d8f4-463f-928f-499c6ee8cc88: cophenetic index 624; 1.1 s; peak memory 850 MiB.
2026-10-02T12:09:54Z INFO [2354/2460] fc911563-ff7f-4cbc-8045-9b8b2a866ccf: cophenetic index 1228; 0.8 s; peak memory 850 MiB.
2026-10-02T12:09:55Z INFO [2355/2460] fc958f4e-4622-48bd-94d0-12fc9b0fb94e: cophenetic index 624; 1.1 s; peak memory 850 MiB.
2026-10-02T12:10:13Z INFO [2356/2460] fc9a2062-ebe0-45a5-aba9-18fe20610cf4: cophenetic index 140253; 17.9 s; peak memory 850 MiB.
2026-10-02T12:10:14Z INFO [2357/2460] fcb30688-473b-4359-b5ec-eb05ac34a4c2: cophenetic index 605; 1.3 s; peak memory 850 MiB.
2026-10-02T12:10:17Z INFO [2358/2460] fcc21a69-9fa2-421a-b27e-26f919e553f4: cophenetic index 2682; 2.5 s; peak memory 850 MiB.
2026-10-02T12:10:18Z INFO [2359/2460] fcceaf91-6457-4bfc-b329-17898e98289a: cophenetic index 1114; 1.8 s; peak memory 850 MiB.
2026-10-02T12:10:22Z INFO [2360/2460] fcd7cd65-6045-4d12-b1e2-5403300a4678: cophenetic index 7052; 3.4 s; peak memory 850 MiB.
2026-10-02T12:10:23Z INFO [2361/2460] fce428c0-ad12-4339-823a-993cdabd0e8d: cophenetic index 3004; 1.4 s; peak memory 850 MiB.
2026-10-02T12:10:25Z INFO [2362/2460] fcea3bf2-43c4-4ae6-acdd-0437bdb1cc46: cophenetic index 2682; 2.3 s; peak memory 850 MiB.
2026-10-02T12:10:27Z INFO [2363/2460] fcedbed1-41f6-4bb2-8d31-458d61b66b25: cophenetic index 2105; 1.7 s; peak memory 850 MiB.
2026-10-02T12:10:29Z INFO [2364/2460] fcf01bcb-6d4d-4d19-bb15-9f3cbd2682c2: cophenetic index 949; 1.6 s; peak memory 850 MiB.
2026-10-02T12:10:30Z INFO [2365/2460] fcf21570-2376-420f-9aa1-a50150b7d02f: cophenetic index 3004; 1.4 s; peak memory 850 MiB.
2026-10-02T12:10:31Z INFO [2366/2460] fcf67976-3421-4389-b5e0-2e673eb8f532: cophenetic index 3215; 1.1 s; peak memory 850 MiB.
2026-10-02T12:10:32Z INFO [2367/2460] fcf69d9b-5a00-4be6-9231-9a205912a505: cophenetic index 637; 0.8 s; peak memory 850 MiB.
2026-10-02T12:10:40Z INFO [2368/2460] fd073a3f-0853-4de8-8785-f274d4ef39bc: cophenetic index 72911; 8.1 s; peak memory 850 MiB.
2026-10-02T12:10:41Z INFO [2369/2460] fd147565-06eb-437b-a140-cdae0abe9c34: cophenetic index 3087; 1.2 s; peak memory 850 MiB.
2026-10-02T12:10:43Z INFO [2370/2460] fd25c15f-cf1d-4c8b-9d69-5930b0a0e233: cophenetic index 36406; 1.8 s; peak memory 850 MiB.
2026-10-02T12:10:46Z INFO [2371/2460] fd2d2223-b66c-4f29-92bc-f5bd80fc6116: cophenetic index 5473; 3.2 s; peak memory 850 MiB.
2026-10-02T12:10:47Z INFO [2372/2460] fd2d4ea4-20e7-4278-89b6-6c01685c4bcb: cophenetic index 431; 1.0 s; peak memory 850 MiB.
2026-10-02T12:10:54Z INFO [2373/2460] fd2e2ea3-568c-4a5b-972f-743871497380: cophenetic index 87573; 6.6 s; peak memory 850 MiB.
2026-10-02T12:10:55Z INFO [2374/2460] fd34b07b-6f29-48b2-b2f9-506848cf1d7b: cophenetic index 690; 0.9 s; peak memory 850 MiB.
2026-10-02T12:10:56Z INFO [2375/2460] fd3ee364-3473-4ba4-9af0-02a4a4dba3eb: cophenetic index 431; 1.1 s; peak memory 850 MiB.
2026-10-02T12:11:06Z INFO [2376/2460] fd41c401-2c3a-402a-8549-555649c68ece: cophenetic index 93892; 9.8 s; peak memory 850 MiB.
2026-10-02T12:11:07Z INFO [2377/2460] fd4296b8-d9af-4997-8f69-6adb3bd29b0d: cophenetic index 624; 1.1 s; peak memory 850 MiB.
2026-10-02T12:11:14Z INFO [2378/2460] fd464f98-8b6d-47d1-936b-20b18631fcc8: cophenetic index 33285; 7.2 s; peak memory 850 MiB.
2026-10-02T12:11:18Z INFO [2379/2460] fd50a3ac-0204-4304-ac1a-72182e292ecf: cophenetic index 5473; 3.3 s; peak memory 850 MiB.
2026-10-02T12:11:19Z INFO [2380/2460] fd5270d8-7c81-41bd-9b4c-26d63f628c5c: cophenetic index 33998; 1.6 s; peak memory 850 MiB.
2026-10-02T12:11:27Z INFO [2381/2460] fd56e6be-4912-48e8-bae2-36bbeac6d46d: cophenetic index 69469; 7.6 s; peak memory 850 MiB.
2026-10-02T12:11:28Z INFO [2382/2460] fd58d997-4974-4381-90a6-41b8e3f42840: cophenetic index 33962; 1.7 s; peak memory 850 MiB.
2026-10-02T12:11:30Z INFO [2383/2460] fd5fbca6-fdd1-4f27-bf6e-bfa58776d7d5: cophenetic index 33962; 1.5 s; peak memory 850 MiB.
2026-10-02T12:11:32Z INFO [2384/2460] fd66477a-58cc-4197-a78b-861036f37bff: cophenetic index 2625; 1.5 s; peak memory 850 MiB.
2026-10-02T12:11:32Z INFO [2385/2460] fd692147-1b31-45f3-af39-f1f105a14660: cophenetic index 431; 0.9 s; peak memory 850 MiB.
2026-10-02T12:11:34Z INFO [2386/2460] fd7ae55a-7312-4f81-846a-8a0430ee615c: cophenetic index 33986; 1.5 s; peak memory 850 MiB.
2026-10-02T12:11:35Z INFO [2387/2460] fd7affb6-a6cf-4025-969b-a5a1780bbe6d: cophenetic index 2625; 1.4 s; peak memory 850 MiB.
2026-10-02T12:11:37Z INFO [2388/2460] fd7c7e66-d24b-493b-9dd9-55cfdd83c340: cophenetic index 3192; 1.3 s; peak memory 850 MiB.
2026-10-02T12:11:44Z INFO [2389/2460] fd7cc60c-4462-41d5-8b13-264db5f4ea18: cophenetic index 6715; 7.6 s; peak memory 850 MiB.
2026-10-02T12:11:45Z INFO [2390/2460] fd7d7413-9f6c-4b14-ae5a-b9386071f8eb: cophenetic index 494; 0.9 s; peak memory 850 MiB.
2026-10-02T12:11:47Z INFO [2391/2460] fd82befb-9224-40d5-b93f-eea437a7faa3: cophenetic index 2625; 2.0 s; peak memory 850 MiB.
2026-10-02T12:11:48Z INFO [2392/2460] fda2148f-94c2-4699-9410-f43e6bc2ee41: cophenetic index 624; 1.2 s; peak memory 850 MiB.
2026-10-02T12:11:50Z INFO [2393/2460] fdcee0d6-d6bf-45c3-ba0e-ab7235bec020: cophenetic index 605; 1.4 s; peak memory 850 MiB.
2026-10-02T12:11:51Z INFO [2394/2460] fdd21695-aaca-4c17-9dad-48995a0b36b6: cophenetic index 3004; 1.2 s; peak memory 850 MiB.
2026-10-02T12:11:58Z INFO [2395/2460] fdd771e4-534e-4efb-8b38-602dffe09dd7: cophenetic index 6715; 7.2 s; peak memory 850 MiB.
2026-10-02T12:12:00Z INFO [2396/2460] fdd7b7cf-078c-4fdc-bee8-677467d75d18: cophenetic index 6196; 1.4 s; peak memory 850 MiB.
2026-10-02T12:12:06Z INFO [2397/2460] fddd7a7b-fc72-4c4b-9197-d0222ab11846: cophenetic index 33285; 6.4 s; peak memory 850 MiB.
2026-10-02T12:12:07Z INFO [2398/2460] fde3abe7-9b58-4ed9-846a-c71289842e1f: cophenetic index 624; 1.1 s; peak memory 850 MiB.
2026-10-02T12:12:10Z INFO [2399/2460] fdecf085-cb15-42d5-95b7-8e388fca48e0: cophenetic index 2573; 2.5 s; peak memory 850 MiB.
2026-10-02T12:12:11Z INFO [2400/2460] fdf5b806-7100-4d32-9b2b-4351e3ed46b8: cophenetic index 3004; 1.3 s; peak memory 850 MiB.
2026-10-02T12:12:11Z INFO [2400/2460] fdf5b806-7100-4d32-9b2b-4351e3ed46b8: checkpointed 64254 records.
2026-10-02T12:12:12Z INFO [2401/2460] fdf72206-b267-46ef-a263-32a7f3ebd210: cophenetic index 1949; 1.3 s; peak memory 850 MiB.
2026-10-02T12:12:24Z INFO [2402/2460] fdf88e28-1c86-402a-b4be-7bed4ea426bd: cophenetic index 204153; 11.8 s; peak memory 850 MiB.
2026-10-02T12:12:32Z INFO [2403/2460] fe0068a9-9e1f-4707-9445-c0d523cf1cd7: cophenetic index 103164; 7.9 s; peak memory 850 MiB.
2026-10-02T12:12:37Z INFO [2404/2460] fe0d3b77-8e93-4bd5-b98e-ca18d4da1248: cophenetic index 63981; 5.1 s; peak memory 850 MiB.
2026-10-02T12:12:38Z INFO [2405/2460] fe1482b1-5d48-40e5-9a40-80f60035ae95: cophenetic index 624; 1.1 s; peak memory 850 MiB.
2026-10-02T12:12:39Z INFO [2406/2460] fe1f54a0-323e-4eb4-b4f1-6584c24146d4: cophenetic index 624; 1.1 s; peak memory 850 MiB.
2026-10-02T12:12:41Z INFO [2407/2460] fe27d191-03d5-4ecf-9f45-ff206df2415a: cophenetic index 3004; 1.4 s; peak memory 850 MiB.
2026-10-02T12:12:42Z INFO [2408/2460] fe280f39-efbc-418d-8855-325c5a5a0dd1: cophenetic index 2625; 1.6 s; peak memory 850 MiB.
2026-10-02T12:12:43Z INFO [2409/2460] fe2f083c-cb0a-41fc-acdc-92a3d57baeca: cophenetic index 624; 1.1 s; peak memory 850 MiB.
2026-10-02T12:12:45Z INFO [2410/2460] fe35dc4b-e142-4d0d-99f2-40463b2e5633: cophenetic index 2814; 1.2 s; peak memory 850 MiB.
2026-10-02T12:12:45Z INFO [2411/2460] fe4084e5-8c2c-42f4-8d60-c32f81b7ea8e: cophenetic index 543; 0.7 s; peak memory 850 MiB.
2026-10-02T12:12:46Z INFO [2412/2460] fe45feef-ed87-4e07-98ac-cf8c0db66362: cophenetic index 649; 1.1 s; peak memory 850 MiB.
2026-10-02T12:12:47Z INFO [2413/2460] fe4a264b-fc0a-4c69-aa93-853671fe82a3: cophenetic index 624; 1.0 s; peak memory 850 MiB.
2026-10-02T12:12:48Z INFO [2414/2460] fe4e7182-c6df-4dcd-96cd-a5fd18a69ad8: cophenetic index 624; 1.0 s; peak memory 850 MiB.
2026-10-02T12:12:49Z INFO [2415/2460] fe51160c-d3e3-466a-9ef1-6f87ca6fa54f: cophenetic index 624; 1.0 s; peak memory 850 MiB.
2026-10-02T12:12:51Z INFO [2416/2460] fe661b07-3401-4c11-ace8-728b2e0ff13b: cophenetic index 3087; 1.4 s; peak memory 850 MiB.
2026-10-02T12:12:52Z INFO [2417/2460] fe6cb3b1-4537-481f-993b-24ec21f1d936: cophenetic index 573; 1.1 s; peak memory 850 MiB.
2026-10-02T12:12:53Z INFO [2418/2460] fe7644f5-a488-471b-aa1e-11014e283e8b: cophenetic index 624; 1.1 s; peak memory 850 MiB.
2026-10-02T12:12:54Z INFO [2419/2460] fe796ae9-cdb7-44c0-9143-a226405f9bc4: cophenetic index 4734; 1.3 s; peak memory 850 MiB.
2026-10-02T12:12:56Z INFO [2420/2460] fe8cdb2f-6ef0-4129-8c86-c4a3e0b9efb2: cophenetic index 3087; 1.4 s; peak memory 850 MiB.
2026-10-02T12:12:57Z INFO [2421/2460] fe90ce7e-99ad-4c0a-96e9-25d0f0dac63c: cophenetic index 626; 1.4 s; peak memory 850 MiB.
2026-10-02T12:12:58Z INFO [2422/2460] fea562ca-d690-4751-adc4-3de7c8b816a8: cophenetic index 624; 1.1 s; peak memory 850 MiB.
2026-10-02T12:12:59Z INFO [2423/2460] feaeba8e-7d87-463d-a8a1-5a387dd62946: cophenetic index 624; 1.0 s; peak memory 850 MiB.
2026-10-02T12:13:00Z INFO [2424/2460] feb254dc-354c-4a85-8fc2-643e94cd7c73: cophenetic index 1228; 0.8 s; peak memory 850 MiB.
2026-10-02T12:13:02Z INFO [2425/2460] fec28432-cb7e-4af3-9a81-45d3c1dbb50c: cophenetic index 2625; 1.6 s; peak memory 850 MiB.
2026-10-02T12:13:03Z INFO [2426/2460] fece550d-d202-4923-a2de-71c08bc6a03f: cophenetic index 2974; 1.2 s; peak memory 850 MiB.
2026-10-02T12:13:04Z INFO [2427/2460] fed140d7-c1c9-4868-b63b-defc81c5425c: cophenetic index 739; 0.9 s; peak memory 850 MiB.
2026-10-02T12:13:05Z INFO [2428/2460] fedfd140-bef6-46b3-9dcc-f738daedf2aa: cophenetic index 2570; 1.5 s; peak memory 850 MiB.
2026-10-02T12:13:07Z INFO [2429/2460] fee01352-b156-48e5-963b-97802b9b06b6: cophenetic index 3057; 1.5 s; peak memory 850 MiB.
2026-10-02T12:13:10Z INFO [2430/2460] fee67847-9da9-45e1-828f-e3c4fd459024: cophenetic index 2469; 2.7 s; peak memory 850 MiB.
2026-10-02T12:13:11Z INFO [2431/2460] feef7250-b639-4789-a523-4f048fd418c8: cophenetic index 448; 1.0 s; peak memory 850 MiB.
2026-10-02T12:13:12Z INFO [2432/2460] feefeccf-6be0-4b6c-bc48-2048c7cf6553: cophenetic index 649; 1.3 s; peak memory 850 MiB.
2026-10-02T12:13:13Z INFO [2433/2460] fef718e5-08a8-4b4d-a5f9-53e8af4077b5: cophenetic index 2923; 1.2 s; peak memory 850 MiB.
2026-10-02T12:13:14Z INFO [2434/2460] fefa5326-042c-4b32-a0a4-e32e68af176a: cophenetic index 2502; 1.2 s; peak memory 850 MiB.
2026-10-02T12:13:16Z INFO [2435/2460] fefbdbbe-99d1-4cf9-8abc-4e12f4edee08: cophenetic index 2625; 1.4 s; peak memory 850 MiB.
2026-10-02T12:13:17Z INFO [2436/2460] ff16b646-361d-4fa0-9625-66566eb47603: cophenetic index 1614; 1.7 s; peak memory 850 MiB.
2026-10-02T12:13:19Z INFO [2437/2460] ff1e4087-9312-4c1b-8364-d6b9c0ee9915: cophenetic index 2625; 1.5 s; peak memory 850 MiB.
2026-10-02T12:13:20Z INFO [2438/2460] ff34731c-9ed4-4b9a-a4e3-e1cc26b96aa5: cophenetic index 624; 1.1 s; peak memory 850 MiB.
2026-10-02T12:13:21Z INFO [2439/2460] ff35c026-b408-416f-a541-32ec8a6a54ab: cophenetic index 605; 1.2 s; peak memory 850 MiB.
2026-10-02T12:13:29Z INFO [2440/2460] ff3cad68-9b86-4cd5-bf11-0fc1f966da0a: cophenetic index 14455; 7.9 s; peak memory 850 MiB.
2026-10-02T12:13:32Z INFO [2441/2460] ff65b081-6491-4992-8a29-2d0469445564: cophenetic index 1255; 2.9 s; peak memory 850 MiB.
2026-10-02T12:13:34Z INFO [2442/2460] ff665f32-4f20-4f44-8a1f-2e2fdd2f3aa9: cophenetic index 6598; 1.7 s; peak memory 850 MiB.
2026-10-02T12:13:35Z INFO [2443/2460] ff6b6a27-1736-4ee9-b549-1684b4ae9901: cophenetic index 1087; 1.5 s; peak memory 850 MiB.
2026-10-02T12:13:36Z INFO [2444/2460] ff7b206b-0d6d-46e0-ad55-ac0009f5dded: cophenetic index 624; 1.1 s; peak memory 850 MiB.
2026-10-02T12:13:38Z INFO [2445/2460] ff7b8b30-8cfc-4f86-a250-92e3cf8243ac: cophenetic index 2974; 1.4 s; peak memory 850 MiB.
2026-10-02T12:13:39Z INFO [2446/2460] ff8df68c-6de8-4566-b63a-91a87e200aaa: cophenetic index 624; 1.0 s; peak memory 850 MiB.
2026-10-02T12:13:50Z INFO [2447/2460] ff9956c5-6f03-4744-b7e4-880345eadc4a: cophenetic index 48355; 11.3 s; peak memory 850 MiB.
2026-10-02T12:13:51Z INFO [2448/2460] ffa064aa-1358-4097-b3b4-21ddc5ebc338: cophenetic index 651; 0.9 s; peak memory 850 MiB.
2026-10-02T12:13:55Z INFO [2449/2460] ffb6d3f2-c188-4cfc-8d12-173d01fc6e3f: cophenetic index 18122; 3.9 s; peak memory 850 MiB.
2026-10-02T12:13:58Z INFO [2450/2460] ffb909c4-a2ff-4c70-a573-d504381c5538: cophenetic index 5473; 3.2 s; peak memory 850 MiB.
2026-10-02T12:13:58Z INFO [2450/2460] ffb909c4-a2ff-4c70-a573-d504381c5538: checkpointed 64304 records.
2026-10-02T12:13:59Z INFO [2451/2460] ffbe8272-8045-49d0-a9b2-396fb17a9f52: cophenetic index 624; 1.1 s; peak memory 850 MiB.
2026-10-02T12:14:00Z INFO [2452/2460] ffc13c92-cd92-4e5b-a502-6bd414dddfaa: cophenetic index 651; 0.8 s; peak memory 850 MiB.
2026-10-02T12:14:01Z INFO [2453/2460] ffc7faf7-a2d7-41de-8e9a-cd402ad62f2d: cophenetic index 624; 1.2 s; peak memory 850 MiB.
2026-10-02T12:14:03Z INFO [2454/2460] ffc84e46-a773-469f-a9d6-443ad14077ac: cophenetic index 2625; 1.7 s; peak memory 850 MiB.
2026-10-02T12:14:04Z INFO [2455/2460] ffd5a2ee-b52a-46ad-9d1d-def24d23e246: cophenetic index 646; 0.9 s; peak memory 850 MiB.
2026-10-02T12:14:05Z INFO [2456/2460] ffd6b055-4d7b-4a24-92aa-05b974c52d39: cophenetic index 497; 1.3 s; peak memory 850 MiB.
2026-10-02T12:14:20Z INFO [2457/2460] ffd95223-f490-4fe5-9634-2c89fa328642: cophenetic index 49996; 14.6 s; peak memory 850 MiB.
2026-10-02T12:14:26Z INFO [2458/2460] ffdd2cff-13e3-48df-81bc-dc095cd2629a: cophenetic index 5466; 6.1 s; peak memory 850 MiB.
2026-10-02T12:14:27Z INFO [2459/2460] ffe0700f-4592-43ee-828d-9b931e8581d5: cophenetic index 3057; 1.3 s; peak memory 850 MiB.
2026-10-02T12:14:30Z INFO [2460/2460] ffe95409-b053-4d87-805f-5c5ac8d301d3: cophenetic index 809; 2.3 s; peak memory 850 MiB.
2026-10-02T12:14:30Z INFO Wrote 64314 records to /tmp/derivatives/valid_nwb_file_to_cophenetic_index.jsonl (2439 new, 21 failed) in 129.9 min (peak memory 850 MiB).
