2026-10-06T17:26:05Z INFO Logging to /tmp/logs/update_2026-10-06T17-26-05Z.log.
2026-10-06T17:26:05Z INFO Update valid-nwb-file-to-cophenetic-index (base directory /tmp).
2026-10-06T17:26:05Z INFO Processing 4500 items (101123 already recorded).
2026-10-06T17:26:07Z WARNING 024ef50f-ac6f-49ea-806b-93ef4b5e8644: failed while reading the NWB file (KeyError: 'Unable to synchronously open object (component not found)')
2026-10-06T17:26:07Z WARNING [1/4500] 024ef50f-ac6f-49ea-806b-93ef4b5e8644: leaving unrecorded for a later run to retry.
2026-10-06T17:26:09Z WARNING 09073220-fbea-45d2-9a39-2cc61fcdc2a1: failed while reading the NWB file (KeyError: 'Unable to synchronously open object (component not found)')
2026-10-06T17:26:09Z WARNING [2/4500] 09073220-fbea-45d2-9a39-2cc61fcdc2a1: leaving unrecorded for a later run to retry.
2026-10-06T17:26:10Z WARNING 0dec427d-4db4-44c3-988a-c37959ceaff3: failed while reading the NWB file (KeyError: 'Unable to synchronously open object (component not found)')
2026-10-06T17:26:10Z WARNING [3/4500] 0dec427d-4db4-44c3-988a-c37959ceaff3: leaving unrecorded for a later run to retry.
2026-10-06T17:26:12Z WARNING 0f7396ad-67ec-468a-b6a6-5599cb507f54: failed while reading the NWB file (KeyError: 'Unable to synchronously open object (component not found)')
2026-10-06T17:26:12Z WARNING [4/4500] 0f7396ad-67ec-468a-b6a6-5599cb507f54: leaving unrecorded for a later run to retry.
2026-10-06T17:26:13Z WARNING 1066b3ba-83d9-4cb3-bfe3-ecf8539e2334: failed while reading the NWB file (KeyError: 'Unable to synchronously open object (component not found)')
2026-10-06T17:26:13Z WARNING [5/4500] 1066b3ba-83d9-4cb3-bfe3-ecf8539e2334: leaving unrecorded for a later run to retry.
2026-10-06T17:26:15Z WARNING 17a546c4-6425-4c56-a43e-9f9f272d299c: failed while reading the NWB file (KeyError: 'Unable to synchronously open object (component not found)')
2026-10-06T17:26:15Z WARNING [6/4500] 17a546c4-6425-4c56-a43e-9f9f272d299c: leaving unrecorded for a later run to retry.
2026-10-06T17:26:17Z WARNING 19998990-d06f-40db-8d07-c5121b317b6a: failed while reading the NWB file (KeyError: 'Unable to synchronously open object (component not found)')
2026-10-06T17:26:17Z WARNING [7/4500] 19998990-d06f-40db-8d07-c5121b317b6a: leaving unrecorded for a later run to retry.
2026-10-06T17:26:18Z WARNING 1a18ed31-9155-4512-919f-b6875d14b9f3: failed while reading the NWB file (KeyError: 'Unable to synchronously open object (component not found)')
2026-10-06T17:26:18Z WARNING [8/4500] 1a18ed31-9155-4512-919f-b6875d14b9f3: leaving unrecorded for a later run to retry.
2026-10-06T17:26:20Z WARNING 1c2fff6f-f3a7-43fb-b7e2-a33218d41614: failed while reading the NWB file (KeyError: 'Unable to synchronously open object (component not found)')
2026-10-06T17:26:20Z WARNING [9/4500] 1c2fff6f-f3a7-43fb-b7e2-a33218d41614: leaving unrecorded for a later run to retry.
2026-10-06T17:26:22Z WARNING 20b5d243-5a61-4246-a5d5-ac9d9068183d: failed while reading the NWB file (KeyError: 'Unable to synchronously open object (component not found)')
2026-10-06T17:26:22Z WARNING [10/4500] 20b5d243-5a61-4246-a5d5-ac9d9068183d: leaving unrecorded for a later run to retry.
2026-10-06T17:26:24Z WARNING 20e4b649-b593-4ee3-bd02-f0645aad7021: failed while reading the NWB file (KeyError: 'Unable to synchronously open object (component not found)')
2026-10-06T17:26:24Z WARNING [11/4500] 20e4b649-b593-4ee3-bd02-f0645aad7021: leaving unrecorded for a later run to retry.
2026-10-06T17:26:25Z WARNING 2420003b-b350-4a69-b1aa-b27f68179823: failed while reading the NWB file (KeyError: 'Unable to synchronously open object (component not found)')
2026-10-06T17:26:25Z WARNING [12/4500] 2420003b-b350-4a69-b1aa-b27f68179823: leaving unrecorded for a later run to retry.
2026-10-06T17:26:27Z WARNING 2a76c0ae-11ba-4712-bfc9-5a1534c26aeb: failed while reading the NWB file (KeyError: 'Unable to synchronously open object (component not found)')
2026-10-06T17:26:27Z WARNING [13/4500] 2a76c0ae-11ba-4712-bfc9-5a1534c26aeb: leaving unrecorded for a later run to retry.
2026-10-06T17:26:29Z WARNING 319d22c8-6c6e-41bb-9bf9-9c6773d2b2ad: failed while reading the NWB file (KeyError: 'Unable to synchronously open object (component not found)')
2026-10-06T17:26:29Z WARNING [14/4500] 319d22c8-6c6e-41bb-9bf9-9c6773d2b2ad: leaving unrecorded for a later run to retry.
2026-10-06T17:26:30Z WARNING 324ccb4d-b81e-4dbb-a29d-ef474eef0d50: failed while reading the NWB file (KeyError: 'Unable to synchronously open object (component not found)')
2026-10-06T17:26:30Z WARNING [15/4500] 324ccb4d-b81e-4dbb-a29d-ef474eef0d50: leaving unrecorded for a later run to retry.
2026-10-06T17:26:32Z WARNING 3b2672c0-01e2-4e2a-a6fd-09535b8afd67: failed while reading the NWB file (KeyError: 'Unable to synchronously open object (component not found)')
2026-10-06T17:26:32Z WARNING [16/4500] 3b2672c0-01e2-4e2a-a6fd-09535b8afd67: leaving unrecorded for a later run to retry.
2026-10-06T17:26:34Z WARNING 3dec1e5e-7a4c-4aaa-95eb-7a953aa18d59: failed while reading the NWB file (KeyError: 'Unable to synchronously open object (component not found)')
2026-10-06T17:26:34Z WARNING [17/4500] 3dec1e5e-7a4c-4aaa-95eb-7a953aa18d59: leaving unrecorded for a later run to retry.
2026-10-06T17:26:36Z WARNING 40d7f442-8923-4dd5-87cb-af432218c083: failed while reading the NWB file (KeyError: 'Unable to synchronously open object (component not found)')
2026-10-06T17:26:36Z WARNING [18/4500] 40d7f442-8923-4dd5-87cb-af432218c083: leaving unrecorded for a later run to retry.
2026-10-06T17:26:37Z WARNING 4255c687-2c9c-4ffc-83b6-08157b521931: failed while reading the NWB file (KeyError: 'Unable to synchronously open object (component not found)')
2026-10-06T17:26:37Z WARNING [19/4500] 4255c687-2c9c-4ffc-83b6-08157b521931: leaving unrecorded for a later run to retry.
2026-10-06T17:26:39Z WARNING 43addd0b-0674-4137-8eaa-9df790dee1ce: failed while reading the NWB file (KeyError: 'Unable to synchronously open object (component not found)')
2026-10-06T17:26:39Z WARNING [20/4500] 43addd0b-0674-4137-8eaa-9df790dee1ce: leaving unrecorded for a later run to retry.
2026-10-06T17:26:41Z WARNING 59beae01-8c63-4353-a90b-e97078f0ecde: failed while reading the NWB file (KeyError: 'Unable to synchronously open object (component not found)')
2026-10-06T17:26:41Z WARNING [21/4500] 59beae01-8c63-4353-a90b-e97078f0ecde: leaving unrecorded for a later run to retry.
2026-10-06T17:26:42Z WARNING 6a997180-d683-4d9d-9b90-05b7dc97c11c: failed while reading the NWB file (KeyError: 'Unable to synchronously open object (component not found)')
2026-10-06T17:26:42Z WARNING [22/4500] 6a997180-d683-4d9d-9b90-05b7dc97c11c: leaving unrecorded for a later run to retry.
2026-10-06T17:26:44Z WARNING 6aa6bd0b-2ee9-4b1c-ae04-8288b68d12ff: failed while reading the NWB file (KeyError: 'Unable to synchronously open object (component not found)')
2026-10-06T17:26:44Z WARNING [23/4500] 6aa6bd0b-2ee9-4b1c-ae04-8288b68d12ff: leaving unrecorded for a later run to retry.
2026-10-06T17:26:46Z WARNING 6aae1939-4782-4088-b5f7-42ef42d4db39: failed while reading the NWB file (KeyError: 'Unable to synchronously open object (component not found)')
2026-10-06T17:26:46Z WARNING [24/4500] 6aae1939-4782-4088-b5f7-42ef42d4db39: leaving unrecorded for a later run to retry.
2026-10-06T17:26:47Z WARNING 6d423b55-67f8-42c9-9dee-caa73708d896: failed while reading the NWB file (KeyError: 'Unable to synchronously open object (component not found)')
2026-10-06T17:26:47Z WARNING [25/4500] 6d423b55-67f8-42c9-9dee-caa73708d896: leaving unrecorded for a later run to retry.
2026-10-06T17:26:48Z INFO [26/4500] 70f0adce-6f06-4dad-ac66-17fb20ccf25f: cophenetic index 560; 0.9 s; peak memory 114 MiB.
2026-10-06T17:26:50Z INFO [27/4500] 70f1723c-106f-4ef1-ae5f-c794f87123f1: cophenetic index 2974; 1.5 s; peak memory 114 MiB.
2026-10-06T17:26:51Z INFO [28/4500] 70f1fd3f-ee6c-4c96-a117-bdbfd3dc4f86: cophenetic index 624; 1.1 s; peak memory 114 MiB.
2026-10-06T17:27:01Z INFO [29/4500] 70f21d81-5610-410f-9365-fb4b6864aaf0: cophenetic index 109075; 9.6 s; peak memory 124 MiB.
2026-10-06T17:27:02Z INFO [30/4500] 70f25fc4-76eb-4829-ba0b-8b9bac15bfb9: cophenetic index 33962; 1.8 s; peak memory 124 MiB.
2026-10-06T17:27:04Z INFO [31/4500] 70f4cd25-6597-4f6e-81f1-374d1aa28f71: cophenetic index 2974; 1.5 s; peak memory 124 MiB.
2026-10-06T17:27:05Z INFO [32/4500] 70f56599-992e-486c-95b9-8e621f92c9b2: cophenetic index 766; 1.7 s; peak memory 124 MiB.
2026-10-06T17:27:06Z INFO [33/4500] 70f7abe4-7aff-4ffb-8765-038dbdcf2903: cophenetic index 739; 0.8 s; peak memory 124 MiB.
2026-10-06T17:27:09Z INFO [34/4500] 70f7c882-1397-4010-a0ba-f30a0104cab3: cophenetic index 2682; 3.0 s; peak memory 124 MiB.
2026-10-06T17:27:11Z INFO [35/4500] 70f81c5a-f090-4c8d-bbb8-4e1d2dbafe91: cophenetic index 6509; 1.6 s; peak memory 124 MiB.
2026-10-06T17:27:12Z INFO [36/4500] 70f83e87-4bc1-4e8b-a061-a1e31fbda60e: cophenetic index 590; 1.1 s; peak memory 124 MiB.
2026-10-06T17:27:15Z INFO [37/4500] 70f8b670-bdf4-4006-b839-590d4a0dc821: cophenetic index 2682; 2.5 s; peak memory 124 MiB.
2026-10-06T17:27:16Z INFO [38/4500] 70f97a47-6dc3-414a-b528-74fe879e2647: cophenetic index 2625; 1.7 s; peak memory 124 MiB.
2026-10-06T17:27:18Z INFO [39/4500] 70fa4b25-d029-481c-8f9d-9ac1c1223cfe: cophenetic index 1739; 1.7 s; peak memory 124 MiB.
2026-10-06T17:27:27Z INFO [40/4500] 70fa58b6-f27e-482a-a234-3986902f373b: cophenetic index 14699; 8.9 s; peak memory 124 MiB.
2026-10-06T17:27:28Z INFO [41/4500] 70fac71c-a9e4-498b-9df8-00fef31056d0: cophenetic index 3087; 1.4 s; peak memory 124 MiB.
2026-10-06T17:27:30Z INFO [42/4500] 70fb3a5e-ebbe-483a-b915-001cda2493db: cophenetic index 3087; 1.3 s; peak memory 124 MiB.
2026-10-06T17:27:31Z INFO [43/4500] 70fc68bb-5e78-4a5e-9f48-059ddd06cb66: cophenetic index 2625; 1.7 s; peak memory 124 MiB.
2026-10-06T17:27:33Z INFO [44/4500] 70fcf0a5-d360-44f4-b243-12e3475c628e: cophenetic index 649; 1.2 s; peak memory 124 MiB.
2026-10-06T17:27:34Z INFO [45/4500] 70fd3432-2cef-4bc9-9094-54c947047952: cophenetic index 33962; 1.6 s; peak memory 124 MiB.
2026-10-06T17:27:46Z INFO [46/4500] 70fe9335-2702-4e2a-aca3-4989ce2f4e8e: cophenetic index 48665; 12.0 s; peak memory 126 MiB.
2026-10-06T17:27:50Z INFO [47/4500] 70fec8ba-5360-4144-bcdc-f38f027b8c54: cophenetic index 5473; 3.6 s; peak memory 126 MiB.
2026-10-06T17:27:51Z INFO [48/4500] 70ff36fb-f68a-435f-8419-d6e64080316a: cophenetic index 695; 1.4 s; peak memory 126 MiB.
2026-10-06T17:27:53Z INFO [49/4500] 70ff452a-48ed-4cb8-bfe5-1ceaf28dcbc9: cophenetic index 3004; 1.5 s; peak memory 126 MiB.
2026-10-06T17:28:07Z INFO [50/4500] 70ffad02-7fd9-412c-b0e0-50ad69058fcb: cophenetic index 276297; 14.3 s; peak memory 136 MiB.
2026-10-06T17:28:07Z INFO [50/4500] 70ffad02-7fd9-412c-b0e0-50ad69058fcb: checkpointed 101148 records.
2026-10-06T17:28:19Z INFO [51/4500] 70ffafa9-23b8-49f9-b783-ff570d97430f: cophenetic index 307935; 11.9 s; peak memory 136 MiB.
2026-10-06T17:28:26Z INFO [52/4500] 71012562-23dd-43e6-9c1e-bd6479712613: cophenetic index 56777; 6.8 s; peak memory 136 MiB.
2026-10-06T17:28:27Z INFO [53/4500] 71019a88-611e-4059-966a-bcaa0936b310: cophenetic index 723; 0.8 s; peak memory 136 MiB.
2026-10-06T17:28:29Z INFO [54/4500] 710291df-3de5-48c5-a324-a4dfbcdf72d9: cophenetic index 513; 2.2 s; peak memory 136 MiB.
2026-10-06T17:28:30Z INFO [55/4500] 71031de0-0c73-4bd8-813b-6cb3df15c271: cophenetic index 624; 1.2 s; peak memory 136 MiB.
2026-10-06T17:28:31Z INFO [56/4500] 7103217b-de9d-4512-ba01-8544d12a702b: cophenetic index 560; 1.0 s; peak memory 136 MiB.
2026-10-06T17:28:33Z INFO [57/4500] 710337c3-d427-4d2a-baf8-b622bf50ddd2: cophenetic index 4586; 1.7 s; peak memory 136 MiB.
2026-10-06T17:28:34Z INFO [58/4500] 710494db-7135-4a93-b202-624826060438: cophenetic index 490; 0.9 s; peak memory 136 MiB.
2026-10-06T17:28:35Z INFO [59/4500] 71052c28-fed1-41ed-a2d3-665fe6387161: cophenetic index 624; 1.2 s; peak memory 136 MiB.
2026-10-06T17:28:36Z INFO [60/4500] 71057fcd-8ffa-4070-8c77-21564bc0aad5: cophenetic index 413; 0.9 s; peak memory 136 MiB.
2026-10-06T17:28:37Z INFO [61/4500] 71059025-9226-4c10-a00d-e00f0ccaf0db: cophenetic index 739; 0.9 s; peak memory 136 MiB.
2026-10-06T17:28:38Z INFO [62/4500] 7105cdef-1512-458d-ada4-25e4ee235326: cophenetic index 33998; 1.8 s; peak memory 136 MiB.
2026-10-06T17:28:40Z INFO [63/4500] 7105d79b-4200-4758-b467-1b57f45c905a: cophenetic index 624; 1.4 s; peak memory 136 MiB.
2026-10-06T17:28:41Z INFO [64/4500] 7105fc9b-2946-4b88-8560-cda77510f091: cophenetic index 3004; 1.3 s; peak memory 136 MiB.
2026-10-06T17:28:44Z INFO [65/4500] 710672ca-1f6c-4511-8b58-816947ee2127: cophenetic index 6490; 3.0 s; peak memory 136 MiB.
2026-10-06T17:28:45Z INFO [66/4500] 71069eec-8b6d-4393-8279-379a49ec5321: cophenetic index 624; 1.2 s; peak memory 136 MiB.
2026-10-06T17:28:46Z INFO [67/4500] 71073cc2-7ad7-49d1-a2ff-5134f89f755b: cophenetic index 627; 1.1 s; peak memory 136 MiB.
2026-10-06T17:28:58Z INFO [68/4500] 7107ac2e-7d9b-4aca-be1c-b4de7427b145: cophenetic index 195172714; 11.6 s; peak memory 214 MiB.
2026-10-06T17:28:59Z INFO [69/4500] 7107e7e7-0746-41ff-b890-2aac1db411ed: cophenetic index 624; 1.1 s; peak memory 214 MiB.
2026-10-06T17:29:01Z INFO [70/4500] 710842de-add2-47fd-9f82-1edb71e397ac: cophenetic index 1087; 1.8 s; peak memory 214 MiB.
2026-10-06T17:29:09Z INFO [71/4500] 71084fe0-c903-46d2-b441-f06e151ec200: cophenetic index 14677; 7.8 s; peak memory 214 MiB.
2026-10-06T17:29:10Z INFO [72/4500] 71091a65-3698-447a-bbbf-c5756d54d00d: cophenetic index 624; 1.3 s; peak memory 214 MiB.
2026-10-06T17:29:12Z INFO [73/4500] 71097669-98b9-4b07-9443-b1e6842e6601: cophenetic index 2625; 2.5 s; peak memory 214 MiB.
2026-10-06T17:29:16Z INFO [74/4500] 710a3e0f-4a83-410f-8d16-1c022b0419c5: cophenetic index 2657; 4.0 s; peak memory 214 MiB.
2026-10-06T17:29:19Z INFO [75/4500] 710a41c1-2b25-470b-9045-73119fae72a9: cophenetic index 6636; 2.7 s; peak memory 214 MiB.
2026-10-06T17:29:20Z INFO [76/4500] 710a5bf0-f939-41e7-b704-d7822152f7f8: cophenetic index 624; 1.2 s; peak memory 214 MiB.
2026-10-06T17:29:22Z INFO [77/4500] 710aa5a6-dab8-4aae-ac7d-1c54ea989596: cophenetic index 554; 1.3 s; peak memory 214 MiB.
2026-10-06T17:29:23Z INFO [78/4500] 710b247f-2051-4c92-aaf7-738df3f0dfb7: cophenetic index 624; 1.3 s; peak memory 214 MiB.
2026-10-06T17:29:24Z INFO [79/4500] 710b46a5-465f-4abe-baa4-b18303f4bedb: cophenetic index 3004; 1.5 s; peak memory 214 MiB.
2026-10-06T17:29:25Z INFO [80/4500] 710b482d-94b4-454a-bf24-7a40455e6ed6: cophenetic index 624; 1.0 s; peak memory 214 MiB.
2026-10-06T17:29:27Z INFO [81/4500] 710ba7c1-b59d-49a1-bf2c-2ce8d6224d5a: cophenetic index 3004; 1.6 s; peak memory 214 MiB.
2026-10-06T17:29:28Z INFO [82/4500] 710c4628-0f94-404f-acfa-793f21a1118f: cophenetic index 3004; 1.4 s; peak memory 214 MiB.
2026-10-06T17:29:34Z INFO [83/4500] 710c4ffa-dd18-46f0-8e65-cd555a3cb38b: cophenetic index 56213; 5.9 s; peak memory 214 MiB.
2026-10-06T17:29:39Z INFO [84/4500] 710d569c-41b6-490b-8796-674058ce0f4d: cophenetic index 23058; 4.7 s; peak memory 214 MiB.
2026-10-06T17:29:40Z INFO [85/4500] 710ef0c5-fe29-4f08-bb97-fa25d93f7a98: cophenetic index 729; 0.9 s; peak memory 214 MiB.
2026-10-06T17:29:50Z INFO [86/4500] 71104051-6d8e-4dd9-9f2c-500d29a2ef6e: cophenetic index 520159; 10.2 s; peak memory 221 MiB.
2026-10-06T17:29:51Z INFO [87/4500] 7110d5cb-bce0-4ca4-96a6-f3739b542f2a: cophenetic index 431; 1.3 s; peak memory 221 MiB.
2026-10-06T17:29:53Z INFO [88/4500] 7110dc8f-5313-4f40-8ece-6d5c4815f488: cophenetic index 3004; 1.4 s; peak memory 221 MiB.
2026-10-06T17:29:54Z INFO [89/4500] 7111a331-4684-4f17-8e89-232a3b9fc094: cophenetic index 781; 1.7 s; peak memory 221 MiB.
2026-10-06T17:29:56Z INFO [90/4500] 7112e0f6-a51d-4fd9-bcee-d27ba7170e9c: cophenetic index 624; 1.2 s; peak memory 221 MiB.
2026-10-06T17:29:57Z INFO [91/4500] 7113654f-730b-433e-82f0-280999d2055c: cophenetic index 624; 1.2 s; peak memory 221 MiB.
2026-10-06T17:29:58Z INFO [92/4500] 711367b0-a26b-4df3-bedc-ba90de60718a: cophenetic index 3004; 1.2 s; peak memory 221 MiB.
2026-10-06T17:30:00Z INFO [93/4500] 71142ff2-7502-41cc-92f4-a3feb035a55b: cophenetic index 1006; 1.6 s; peak memory 221 MiB.
2026-10-06T17:30:01Z INFO [94/4500] 7114e995-0473-4adb-9300-5537fcbb95fe: cophenetic index 737; 1.0 s; peak memory 221 MiB.
2026-10-06T17:30:03Z INFO [95/4500] 711637a2-cf19-4e6d-a54e-e9053e189d9f: cophenetic index 40176; 2.8 s; peak memory 221 MiB.
2026-10-06T17:30:08Z INFO [96/4500] 71166140-592b-4131-bef9-983df7fcef87: cophenetic index 5075; 4.5 s; peak memory 221 MiB.
2026-10-06T17:30:10Z INFO [97/4500] 71167370-b4cc-4399-be11-c61988f0af93: cophenetic index 99810; 2.4 s; peak memory 221 MiB.
2026-10-06T17:30:11Z INFO [98/4500] 71167d37-6ec8-4344-9511-b38261b7535c: cophenetic index 624; 1.2 s; peak memory 221 MiB.
2026-10-06T17:30:15Z INFO [99/4500] 7116d8a7-72b8-418e-b284-d83388bf8559: cophenetic index 5473; 3.8 s; peak memory 221 MiB.
2026-10-06T17:30:19Z INFO [100/4500] 711703dd-fdd8-4fc6-898a-d1422922a5e9: cophenetic index 2402; 3.7 s; peak memory 221 MiB.
2026-10-06T17:30:19Z INFO [100/4500] 711703dd-fdd8-4fc6-898a-d1422922a5e9: checkpointed 101198 records.
2026-10-06T17:30:30Z INFO [101/4500] 71179e53-504c-4430-bc3d-ec60a778769e: cophenetic index 471373; 11.1 s; peak memory 221 MiB.
2026-10-06T17:30:31Z INFO [102/4500] 7117a0a0-e2e1-4b11-8936-3b3f546d6df6: cophenetic index 624; 1.2 s; peak memory 221 MiB.
2026-10-06T17:30:43Z INFO [103/4500] 7117e2c3-5716-43e3-830f-74c4e0531b54: cophenetic index 47144; 11.0 s; peak memory 221 MiB.
2026-10-06T17:30:44Z INFO [104/4500] 7118716b-4493-4fef-9b38-02c68d4e0335: cophenetic index 624; 1.3 s; peak memory 221 MiB.
2026-10-06T17:30:45Z INFO [105/4500] 71196b6a-186d-49be-9ae1-7fedfb97ab7d: cophenetic index 2625; 1.6 s; peak memory 221 MiB.
2026-10-06T17:30:48Z INFO [106/4500] 7119ad93-acd6-4143-8e7a-6fc9d2d81b93: cophenetic index 33998; 2.3 s; peak memory 221 MiB.
2026-10-06T17:30:49Z INFO [107/4500] 7119b3f2-8a9a-486c-854b-338711967538: cophenetic index 3004; 1.6 s; peak memory 221 MiB.
2026-10-06T17:30:51Z INFO [108/4500] 711a31ed-9854-414d-a243-3957ce62f6a9: cophenetic index 624; 1.3 s; peak memory 221 MiB.
2026-10-06T17:30:52Z INFO [109/4500] 711a80a6-1c73-44f1-a2dd-2d3a9d20c859: cophenetic index 624; 1.3 s; peak memory 221 MiB.
2026-10-06T17:30:55Z INFO [110/4500] 711b5d71-6293-4c0d-a2b0-e88afa0a4b0d: cophenetic index 33998; 3.3 s; peak memory 221 MiB.
2026-10-06T17:30:56Z INFO [111/4500] 711b6784-1f58-4980-a898-ee2504532160: cophenetic index 441; 1.1 s; peak memory 221 MiB.
2026-10-06T17:30:58Z INFO [112/4500] 711b7e35-190a-4435-8b81-aa0801e26254: cophenetic index 649; 1.2 s; peak memory 221 MiB.
2026-10-06T17:30:59Z INFO [113/4500] 711b80ac-201b-4279-bb84-1404e681d0d2: cophenetic index 581; 1.3 s; peak memory 221 MiB.
2026-10-06T17:31:01Z INFO [114/4500] 711b86a8-2b00-499b-818e-494c441d149c: cophenetic index 605; 1.9 s; peak memory 221 MiB.
2026-10-06T17:31:02Z INFO [115/4500] 711c74ae-d3ab-4089-a7de-f37c6100eee9: cophenetic index 725; 1.3 s; peak memory 221 MiB.
2026-10-06T17:31:05Z INFO [116/4500] 711d4a7c-cc19-4a4b-ab41-7abb7e60e2aa: cophenetic index 2516; 3.3 s; peak memory 221 MiB.
2026-10-06T17:31:41Z INFO [117/4500] 711d6428-c0e2-4637-af0d-8dd76b2e6de5: cophenetic index 7013218; 35.3 s; peak memory 246 MiB.
2026-10-06T17:31:54Z INFO [118/4500] 711da3d0-e3c4-4a6a-9c48-dcae9b1a18f5: cophenetic index 329872; 13.4 s; peak memory 246 MiB.
2026-10-06T17:31:59Z INFO [119/4500] 711dffc4-70f4-46eb-b876-e5621051767d: cophenetic index 3045; 5.1 s; peak memory 246 MiB.
2026-10-06T17:32:00Z INFO [120/4500] 711e04b4-c8d4-40d0-8261-d329eaf2e9ff: cophenetic index 627; 1.0 s; peak memory 246 MiB.
2026-10-06T17:32:01Z INFO [121/4500] 711e13e6-b084-4841-b565-debe466621f6: cophenetic index 624; 1.2 s; peak memory 246 MiB.
2026-10-06T17:32:03Z INFO [122/4500] 711f94af-fd4d-402a-85a8-558f8372ee86: cophenetic index 33986; 1.9 s; peak memory 246 MiB.
2026-10-06T17:32:07Z INFO [123/4500] 711fc23b-b115-4e85-a76a-1d8d2a66b227: cophenetic index 2236; 3.9 s; peak memory 246 MiB.
2026-10-06T17:32:18Z INFO [124/4500] 71203f38-0506-4c1d-a94c-8494a0b1e9d0: cophenetic index 99693; 11.0 s; peak memory 246 MiB.
2026-10-06T17:32:20Z INFO [125/4500] 7120e73f-4135-41ac-b0ff-acd2ac2127b0: cophenetic index 23853; 1.9 s; peak memory 246 MiB.
2026-10-06T17:32:22Z INFO [126/4500] 7120fc44-5363-46f6-bbe5-7193d8bfec65: cophenetic index 624; 1.3 s; peak memory 246 MiB.
2026-10-06T17:32:23Z INFO [127/4500] 7122229e-f448-484e-be4d-f6014d6223eb: cophenetic index 624; 1.2 s; peak memory 246 MiB.
2026-10-06T17:32:24Z INFO [128/4500] 7122f4ad-f23b-480d-85ba-3648184b63a7: cophenetic index 624; 1.2 s; peak memory 246 MiB.
2026-10-06T17:32:27Z INFO [129/4500] 71237f23-28e2-4db8-b28e-fee5fa988c83: cophenetic index 1751; 3.5 s; peak memory 246 MiB.
2026-10-06T17:32:29Z INFO [130/4500] 712482c4-9992-4165-90f1-21b9b77ef0df: cophenetic index 624; 1.3 s; peak memory 246 MiB.
2026-10-06T17:32:38Z INFO [131/4500] 71249a19-1cba-4a05-95b2-aee8cce6b6ef: cophenetic index 117910; 9.3 s; peak memory 246 MiB.
2026-10-06T17:32:39Z INFO [132/4500] 7126dae4-4b58-441a-a551-127024abd86b: cophenetic index 431; 1.0 s; peak memory 246 MiB.
2026-10-06T17:32:49Z INFO [133/4500] 7126e3ad-cbd1-4355-83f3-040ced5e38fa: cophenetic index 375248; 10.0 s; peak memory 246 MiB.
2026-10-06T17:32:50Z INFO [134/4500] 71274d48-971c-4f27-a389-e452b6a92e02: cophenetic index 641; 0.8 s; peak memory 246 MiB.
2026-10-06T17:32:51Z INFO [135/4500] 71277ead-626d-4420-837b-1be278d3855c: cophenetic index 943; 1.6 s; peak memory 246 MiB.
2026-10-06T17:32:54Z INFO [136/4500] 7127a508-92ba-44bd-b0a2-9f9e235285df: cophenetic index 33998; 2.3 s; peak memory 246 MiB.
2026-10-06T17:32:55Z INFO [137/4500] 7129a7bd-69be-43b1-a363-e75a4d6527b7: cophenetic index 745; 0.9 s; peak memory 246 MiB.
2026-10-06T17:32:57Z INFO [138/4500] 712a0a70-7f12-41e1-85ad-f5527e9c189d: cophenetic index 2682; 2.7 s; peak memory 246 MiB.
2026-10-06T17:32:58Z INFO [139/4500] 712ab0c7-252c-43c1-8f8c-c361f9f7a15b: cophenetic index 494; 1.0 s; peak memory 246 MiB.
2026-10-06T17:33:02Z INFO [140/4500] 712b0971-e9e2-4f00-8c92-835dfc851569: cophenetic index 15531; 4.1 s; peak memory 246 MiB.
2026-10-06T17:33:04Z INFO [141/4500] 712bf785-5ec9-42d2-bda3-2cd3ffdc2d91: cophenetic index 3087; 1.4 s; peak memory 246 MiB.
2026-10-06T17:33:05Z INFO [142/4500] 712bf7eb-ad83-45e9-8f94-2c40a359f0ec: cophenetic index 490; 0.8 s; peak memory 246 MiB.
2026-10-06T17:33:05Z INFO [143/4500] 712c4b27-0087-4a69-904e-46a9d0d96b3c: cophenetic index 490; 0.8 s; peak memory 246 MiB.
2026-10-06T17:33:07Z INFO [144/4500] 712c76c4-21f2-461a-ad7e-d8433bab109d: cophenetic index 3087; 1.5 s; peak memory 246 MiB.
2026-10-06T17:33:09Z INFO [145/4500] 712ccfab-d0ef-4374-b359-a1a862e0c96d: cophenetic index 2625; 1.8 s; peak memory 246 MiB.
2026-10-06T17:33:10Z INFO [146/4500] 712d2da8-2ba4-468a-a928-89d5f695b506: cophenetic index 2570; 1.5 s; peak memory 246 MiB.
2026-10-06T17:33:13Z INFO [147/4500] 712d4d04-ac8a-4183-a9ab-7ac2728ad8fd: cophenetic index 2682; 3.2 s; peak memory 246 MiB.
2026-10-06T17:33:14Z INFO [148/4500] 712dec8d-baab-41cc-9a32-6f57fe43360c: cophenetic index 494; 1.0 s; peak memory 246 MiB.
2026-10-06T17:33:20Z INFO [149/4500] 712e57b7-4a5b-417e-8bfe-92022084193e: cophenetic index 6800; 5.8 s; peak memory 246 MiB.
2026-10-06T17:33:22Z INFO [150/4500] 712e8fe8-c5ff-4520-b2e5-81b3f6d2b102: cophenetic index 2625; 1.7 s; peak memory 246 MiB.
2026-10-06T17:33:22Z INFO [150/4500] 712e8fe8-c5ff-4520-b2e5-81b3f6d2b102: checkpointed 101248 records.
2026-10-06T17:33:24Z INFO [151/4500] 712eb5c8-adbb-41ed-895d-a446626e50d6: cophenetic index 99120; 1.9 s; peak memory 246 MiB.
2026-10-06T17:33:25Z INFO [152/4500] 712ec1da-d5ed-430e-a826-9eaf9e2ac3ae: cophenetic index 624; 1.4 s; peak memory 246 MiB.
2026-10-06T17:33:35Z INFO [153/4500] 712f98bf-42f9-4ba5-a561-8dc4a88e9c78: cophenetic index 134052; 9.5 s; peak memory 246 MiB.
2026-10-06T17:33:39Z INFO [154/4500] 712fc68b-b4f8-44e0-919b-1b88988230d3: cophenetic index 1733; 4.2 s; peak memory 246 MiB.
2026-10-06T17:33:42Z INFO [155/4500] 713071b0-edac-4994-9ef5-fbbec6fdb740: cophenetic index 457; 3.0 s; peak memory 246 MiB.
2026-10-06T17:33:44Z INFO [156/4500] 713156ed-3bbc-4cdb-a6bd-09e8a5cc8371: cophenetic index 2682; 2.1 s; peak memory 246 MiB.
2026-10-06T17:33:45Z INFO [157/4500] 7131c224-5cf6-4bf0-a7eb-5ffededfd0cf: cophenetic index 1544; 1.4 s; peak memory 246 MiB.
2026-10-06T17:33:47Z INFO [158/4500] 713248ae-e9ab-43c7-ad1f-b6d87bbc4c1c: cophenetic index 649; 1.2 s; peak memory 246 MiB.
2026-10-06T17:33:48Z INFO [159/4500] 71326f8e-f82a-4e90-b5a6-2b2a8601c750: cophenetic index 490; 1.2 s; peak memory 246 MiB.
2026-10-06T17:33:49Z INFO [160/4500] 7132e9ad-4c74-41a3-9432-67df83fb4724: cophenetic index 3004; 1.4 s; peak memory 246 MiB.
2026-10-06T17:33:51Z INFO [161/4500] 7132f034-e743-4390-af7a-4e4e9ad4273c: cophenetic index 2625; 1.5 s; peak memory 246 MiB.
2026-10-06T17:33:53Z INFO [162/4500] 71338f06-5e6f-4e62-8016-b65b3424e039: cophenetic index 2625; 2.1 s; peak memory 246 MiB.
2026-10-06T17:34:01Z INFO [163/4500] 71339dfc-f4c0-4098-aa08-3c7e23375e2a: cophenetic index 162235266; 7.9 s; peak memory 277 MiB.
2026-10-06T17:34:02Z INFO [164/4500] 71346738-c02e-4382-8f24-39b65bef818d: cophenetic index 3087; 1.5 s; peak memory 277 MiB.
2026-10-06T17:34:04Z INFO [165/4500] 713568f8-bdbf-45ed-944f-ac719df580e3: cophenetic index 34138; 2.3 s; peak memory 277 MiB.
2026-10-06T17:34:36Z INFO [166/4500] 7135a34e-7b77-4ad7-aa84-3d73a9f1b758: cophenetic index 48609281; 31.9 s; peak memory 380 MiB.
2026-10-06T17:34:38Z INFO [167/4500] 7135e4db-a97c-4fb1-bb77-4fbb84e3717d: cophenetic index 3004; 1.5 s; peak memory 380 MiB.
2026-10-06T17:34:57Z INFO [168/4500] 7136a742-669e-4c7f-8e13-4728aeb298bc: cophenetic index 14507294; 19.5 s; peak memory 380 MiB.
2026-10-06T17:35:04Z INFO [169/4500] 71378f3f-e69c-4bb7-b363-ffc99a54adfe: cophenetic index 59329; 6.3 s; peak memory 380 MiB.
2026-10-06T17:35:05Z INFO [170/4500] 7137c99c-c655-40d8-b6e1-02038889fafc: cophenetic index 441; 1.4 s; peak memory 380 MiB.
2026-10-06T17:35:07Z INFO [171/4500] 7138a72f-c1b7-4327-941b-8c15fe6478c5: cophenetic index 3004; 1.5 s; peak memory 380 MiB.
2026-10-06T17:35:09Z INFO [172/4500] 7138f056-4552-4951-94cb-f0714dc19ec6: cophenetic index 2402; 2.8 s; peak memory 380 MiB.
2026-10-06T17:35:12Z INFO [173/4500] 71394c5d-cf12-43fc-a13b-8ebfaa5009a4: cophenetic index 2570; 2.4 s; peak memory 380 MiB.
2026-10-06T17:35:21Z INFO [174/4500] 7139ee3a-27fe-43da-80a8-0aaae57e7d99: cophenetic index 87573; 8.8 s; peak memory 380 MiB.
2026-10-06T17:35:22Z INFO [175/4500] 713a4bf7-5997-469e-be08-b06f6b9e27f8: cophenetic index 797; 1.1 s; peak memory 380 MiB.
2026-10-06T17:35:28Z INFO [176/4500] 713a62da-8e53-42df-a67f-8f0e27340739: cophenetic index 9548; 6.6 s; peak memory 380 MiB.
2026-10-06T17:35:30Z INFO [177/4500] 713af11f-82b3-4fb5-9d9b-069f843d199b: cophenetic index 2625; 1.8 s; peak memory 380 MiB.
2026-10-06T17:35:32Z INFO [178/4500] 713b31b6-9311-4e73-93e8-1045b4bc3735: cophenetic index 3087; 1.3 s; peak memory 380 MiB.
2026-10-06T17:35:32Z INFO [179/4500] 713b39da-915b-4e0c-861e-a401ea79c15e: cophenetic index 490; 0.8 s; peak memory 380 MiB.
2026-10-06T17:35:34Z INFO [180/4500] 713c0252-fe51-4e75-8b8a-2f6032a09d3e: cophenetic index 2625; 1.7 s; peak memory 380 MiB.
2026-10-06T17:35:36Z INFO [181/4500] 713c109b-f43d-4747-ba32-3824aec3fd8a: cophenetic index 2682; 2.4 s; peak memory 380 MiB.
2026-10-06T17:35:38Z INFO [182/4500] 713c6e7c-7cbb-4828-8840-6e0f929ecee6: cophenetic index 624; 1.1 s; peak memory 380 MiB.
2026-10-06T17:35:39Z INFO [183/4500] 713ca031-09cd-4f14-a794-a1ec6906cfed: cophenetic index 624; 1.1 s; peak memory 380 MiB.
2026-10-06T17:35:41Z INFO [184/4500] 713cfa25-2263-42db-a245-490b3b93ac8d: cophenetic index 2682; 2.6 s; peak memory 380 MiB.
2026-10-06T17:35:43Z INFO [185/4500] 713d16de-93ca-4050-bb90-42b998cdeaf8: cophenetic index 624; 1.4 s; peak memory 380 MiB.
2026-10-06T17:35:45Z INFO [186/4500] 713d40fa-c8a3-48b1-ae4b-6efe74eaaaed: cophenetic index 1458; 2.4 s; peak memory 380 MiB.
2026-10-06T17:35:48Z INFO [187/4500] 713d5413-e78f-405c-964c-37552765e3d0: cophenetic index 325333; 2.6 s; peak memory 380 MiB.
2026-10-06T17:35:49Z INFO [188/4500] 713f8b89-c544-46df-be48-c53031132ae5: cophenetic index 2570; 1.2 s; peak memory 380 MiB.
2026-10-06T17:35:52Z INFO [189/4500] 713fcbb1-6a78-42bb-bb19-03a55aadd0f2: cophenetic index 809; 2.5 s; peak memory 380 MiB.
2026-10-06T17:35:53Z INFO [190/4500] 71402f4f-7a6d-414f-9e97-58e52fd9c260: cophenetic index 2625; 1.3 s; peak memory 380 MiB.
2026-10-06T17:35:54Z INFO [191/4500] 71406e3d-a843-4164-921d-a0d367df147f: cophenetic index 766; 1.5 s; peak memory 380 MiB.
2026-10-06T17:35:55Z INFO [192/4500] 7141c139-85e3-461b-8c8c-714c8e5e81f9: cophenetic index 431; 0.9 s; peak memory 380 MiB.
2026-10-06T17:35:57Z INFO [193/4500] 7141cc4d-5ca1-43be-9767-ada983cfa721: cophenetic index 2625; 2.0 s; peak memory 380 MiB.
2026-10-06T17:36:05Z INFO [194/4500] 7142083f-0393-40b8-b922-f81212c29aa4: cophenetic index 9548; 7.9 s; peak memory 380 MiB.
2026-10-06T17:36:06Z INFO [195/4500] 7142119b-4c12-44a0-932a-ab072f91295b: cophenetic index 572; 1.2 s; peak memory 380 MiB.
2026-10-06T17:36:08Z INFO [196/4500] 7143033e-e617-489b-85f0-a46128406786: cophenetic index 613; 2.0 s; peak memory 380 MiB.
2026-10-06T17:36:10Z INFO [197/4500] 714403da-ffd1-4b76-a769-93a8077207cf: cophenetic index 3004; 1.2 s; peak memory 380 MiB.
2026-10-06T17:36:11Z INFO [198/4500] 71450534-fb28-4d02-b127-a02ab2642125: cophenetic index 2625; 1.5 s; peak memory 380 MiB.
2026-10-06T17:36:23Z INFO [199/4500] 71454784-2fd9-47cf-b940-aa695a3df9e9: cophenetic index 46939; 11.4 s; peak memory 380 MiB.
2026-10-06T17:36:24Z INFO [200/4500] 7145fc05-ea38-4d02-b0fa-ab9f28b85d57: cophenetic index 1380; 1.6 s; peak memory 380 MiB.
2026-10-06T17:36:24Z INFO [200/4500] 7145fc05-ea38-4d02-b0fa-ab9f28b85d57: checkpointed 101298 records.
2026-10-06T17:36:28Z INFO [201/4500] 7146771d-9588-43fb-a3eb-575024d5c6a1: cophenetic index 13983; 4.1 s; peak memory 380 MiB.
2026-10-06T17:36:29Z INFO [202/4500] 7146a354-c4fd-435a-bafd-6474f43c8dd3: cophenetic index 164; 0.8 s; peak memory 380 MiB.
2026-10-06T17:36:30Z INFO [203/4500] 7146f35c-f550-4767-a226-37ae119e155d: cophenetic index 729; 0.8 s; peak memory 380 MiB.
2026-10-06T17:36:31Z INFO [204/4500] 7147e756-8fcc-41ec-92a6-2e9e44e76f41: cophenetic index 624; 1.2 s; peak memory 380 MiB.
2026-10-06T17:36:33Z INFO [205/4500] 71480984-2cc0-4d99-ab88-c97deec8f169: cophenetic index 3004; 1.7 s; peak memory 380 MiB.
2026-10-06T17:36:34Z INFO [206/4500] 714848ac-30a7-45d7-a465-3e28237c7d5a: cophenetic index 624; 1.3 s; peak memory 380 MiB.
2026-10-06T17:36:35Z INFO [207/4500] 7148f4d8-87b5-4ff9-a668-8d9dcf921c85: cophenetic index 3004; 1.3 s; peak memory 380 MiB.
2026-10-06T17:36:37Z INFO [208/4500] 71496940-92af-413f-af23-d4181b56cb40: cophenetic index 624; 1.2 s; peak memory 380 MiB.
2026-10-06T17:36:38Z INFO [209/4500] 714a34d3-54e3-49f1-bb22-75b89604ed92: cophenetic index 3087; 1.4 s; peak memory 380 MiB.
2026-10-06T17:36:39Z INFO [210/4500] 714b6ea9-ad3f-4170-bf49-77a4bf283332: cophenetic index 624; 1.1 s; peak memory 380 MiB.
2026-10-06T17:36:44Z INFO [211/4500] 714bf1b9-4226-4f1c-9837-a3c3422f6b0f: cophenetic index 38932; 5.1 s; peak memory 380 MiB.
2026-10-06T17:36:45Z INFO [212/4500] 714c1062-3e11-4027-aadf-4c90f8158f23: cophenetic index 649; 1.1 s; peak memory 380 MiB.
2026-10-06T17:36:47Z INFO [213/4500] 714c4a53-5f93-4a3d-bf32-390664090552: cophenetic index 3004; 1.3 s; peak memory 380 MiB.
2026-10-06T17:36:49Z INFO [214/4500] 714d19a2-1a6c-4cab-ae38-5d4379b60118: cophenetic index 36524; 2.5 s; peak memory 380 MiB.
2026-10-06T17:36:51Z INFO [215/4500] 714d2137-565c-447d-acc8-5a00f7353f5f: cophenetic index 30304; 1.7 s; peak memory 380 MiB.
2026-10-06T17:36:54Z INFO [216/4500] 714d2f48-99d9-4f06-a5d4-f4c057d19692: cophenetic index 99150; 2.7 s; peak memory 380 MiB.
2026-10-06T17:36:55Z INFO [217/4500] 714e3e5f-1a6e-4faa-8054-3dfbed1c803e: cophenetic index 3087; 1.4 s; peak memory 380 MiB.
2026-10-06T17:36:56Z INFO [218/4500] 714e550e-0f85-4cc1-8dd5-833cd8f817c3: cophenetic index 624; 1.1 s; peak memory 380 MiB.
2026-10-06T17:36:57Z INFO [219/4500] 714ea18e-804f-4614-8b55-f66a49d04ef7: cophenetic index 761; 0.8 s; peak memory 380 MiB.
2026-10-06T17:36:58Z INFO [220/4500] 714ec0b0-603e-4460-ba5e-8b5d1c71d8f3: cophenetic index 581; 1.1 s; peak memory 380 MiB.
2026-10-06T17:36:59Z INFO [221/4500] 714ec5a2-fc07-491a-8f0a-c3ee0b54bb38: cophenetic index 624; 1.2 s; peak memory 380 MiB.
2026-10-06T17:37:01Z INFO [222/4500] 714f79e7-19f6-420f-bac5-d689459b0e74: cophenetic index 33986; 1.6 s; peak memory 380 MiB.
2026-10-06T17:37:04Z INFO [223/4500] 71500a27-6ccc-4bc4-a53e-7805eb8b456e: cophenetic index 99150; 3.1 s; peak memory 380 MiB.
2026-10-06T17:37:05Z INFO [224/4500] 71506763-29d7-48bc-abfe-4943e225aa33: cophenetic index 3087; 1.5 s; peak memory 380 MiB.
2026-10-06T17:37:14Z INFO [225/4500] 71506d1c-647b-478a-8e8b-42919e52d776: cophenetic index 87573; 8.5 s; peak memory 380 MiB.
2026-10-06T17:37:15Z INFO [226/4500] 71507eda-dbf7-40af-a0ae-826e91e5bfb5: cophenetic index 3004; 1.3 s; peak memory 380 MiB.
2026-10-06T17:37:16Z INFO [227/4500] 715082d8-3a6a-4451-825c-646fafc4e29d: cophenetic index 624; 1.2 s; peak memory 380 MiB.
2026-10-06T17:37:24Z INFO [228/4500] 7150e1f9-50fc-41fc-9571-1f47b8e970aa: cophenetic index 87573; 7.2 s; peak memory 380 MiB.
2026-10-06T17:37:26Z INFO [229/4500] 7151413c-9cb7-4934-a766-0ab9bade4ab4: cophenetic index 33998; 1.8 s; peak memory 380 MiB.
2026-10-06T17:37:27Z INFO [230/4500] 715193a5-4be5-4987-b06e-07fad51d949d: cophenetic index 2974; 1.4 s; peak memory 380 MiB.
2026-10-06T17:37:40Z INFO [231/4500] 71524801-f99b-4bc1-8c50-72c224b50726: cophenetic index 244360; 13.0 s; peak memory 380 MiB.
2026-10-06T17:37:41Z INFO [232/4500] 7152efab-7a13-4c58-bb74-27299bcdae5c: cophenetic index 624; 1.3 s; peak memory 380 MiB.
2026-10-06T17:37:42Z INFO [233/4500] 7153583a-c5e7-4dd7-b09c-0f253a70416a: cophenetic index 508; 1.3 s; peak memory 380 MiB.
2026-10-06T17:37:44Z INFO [234/4500] 7153e9b6-2832-4035-bbdf-a736235f21f0: cophenetic index 2625; 1.8 s; peak memory 380 MiB.
2026-10-06T17:37:48Z INFO [235/4500] 715438c9-2f47-43bd-af70-5dfa9b5ad8aa: cophenetic index 1850; 3.9 s; peak memory 380 MiB.
2026-10-06T17:37:49Z INFO [236/4500] 715653d6-ade9-4b90-9fcd-d8028e92f013: cophenetic index 560; 1.1 s; peak memory 380 MiB.
2026-10-06T17:37:51Z INFO [237/4500] 7156cf74-d526-4e9b-9b31-b2f34d2eed55: cophenetic index 624; 1.4 s; peak memory 380 MiB.
2026-10-06T17:37:58Z INFO [238/4500] 71579fe2-7092-45c5-b318-f2fd9509151f: cophenetic index 9181; 7.3 s; peak memory 380 MiB.
2026-10-06T17:37:59Z INFO [239/4500] 7157c881-918d-4935-b9c4-2ce5b1f8bfda: cophenetic index 3087; 1.4 s; peak memory 380 MiB.
2026-10-06T17:38:01Z INFO [240/4500] 7157cfd5-6bda-4909-b534-7cdd0b8c13f3: cophenetic index 23364; 1.4 s; peak memory 380 MiB.
2026-10-06T17:38:02Z INFO [241/4500] 71582b67-e149-44c2-8fc4-5f91bd2428d1: cophenetic index 624; 1.2 s; peak memory 380 MiB.
2026-10-06T17:38:08Z INFO [242/4500] 71585ad4-133e-4756-acd8-2b27a110f622: cophenetic index 24062; 6.5 s; peak memory 380 MiB.
2026-10-06T17:38:10Z INFO [243/4500] 7158a614-6d73-4726-82b1-340f38f6313b: cophenetic index 452; 1.3 s; peak memory 380 MiB.
2026-10-06T17:38:11Z INFO [244/4500] 7158d8ae-2460-42ad-88bb-d9c95df6540f: cophenetic index 2625; 1.5 s; peak memory 380 MiB.
2026-10-06T17:38:13Z INFO [245/4500] 71591fae-46ff-44fd-838a-84bfc58cb302: cophenetic index 766; 1.7 s; peak memory 380 MiB.
2026-10-06T17:38:15Z INFO [246/4500] 71597e0e-fdcf-4841-af1e-c98837c0a16c: cophenetic index 2551; 1.8 s; peak memory 380 MiB.
2026-10-06T17:38:17Z INFO [247/4500] 7159a4af-5404-43e1-b71f-c600a31a0927: cophenetic index 2682; 2.3 s; peak memory 380 MiB.
2026-10-06T17:38:18Z INFO [248/4500] 7159c3dc-fe63-4b02-b74f-c4f1821aca60: cophenetic index 3004; 1.3 s; peak memory 380 MiB.
2026-10-06T17:38:20Z INFO [249/4500] 715a3142-9e3c-426d-92c3-2dbf733e1a20: cophenetic index 3004; 1.5 s; peak memory 380 MiB.
2026-10-06T17:38:21Z INFO [250/4500] 715a9461-0d82-44ee-94a7-887818693a41: cophenetic index 643; 0.8 s; peak memory 380 MiB.
2026-10-06T17:38:21Z INFO [250/4500] 715a9461-0d82-44ee-94a7-887818693a41: checkpointed 101348 records.
2026-10-06T17:38:23Z INFO [251/4500] 715ab053-cb17-4f37-ab08-2e608882b178: cophenetic index 710; 2.0 s; peak memory 380 MiB.
2026-10-06T17:38:25Z INFO [252/4500] 715ad3f7-d570-499b-b8c1-c0ad85fd05a8: cophenetic index 107282; 2.3 s; peak memory 380 MiB.
2026-10-06T17:38:32Z INFO [253/4500] 715ad49e-2d30-4c7f-a5e8-8df88aaa5d95: cophenetic index 64355; 7.3 s; peak memory 380 MiB.
2026-10-06T17:38:34Z INFO [254/4500] 715aec76-6baf-4729-9430-7711d5a53e54: cophenetic index 2625; 1.6 s; peak memory 380 MiB.
2026-10-06T17:38:41Z INFO [255/4500] 715b0438-24ac-4493-bdb5-5fe6f410e188: cophenetic index 9548; 7.4 s; peak memory 380 MiB.
2026-10-06T17:39:47Z INFO [256/4500] 715b1034-d403-4534-b5c2-b01d2b49242f: cophenetic index 119443538; 65.7 s; peak memory 454 MiB.
2026-10-06T17:39:52Z INFO [257/4500] 715cb31d-3cb3-4640-959c-3942d15706db: cophenetic index 16734; 5.4 s; peak memory 454 MiB.
2026-10-06T17:40:03Z INFO [258/4500] 715d50c5-53ce-4c52-84ff-6de51b073035: cophenetic index 15091; 10.0 s; peak memory 454 MiB.
2026-10-06T17:40:04Z INFO [259/4500] 715d5d97-aa10-40ca-b893-b76144e0fd7b: cophenetic index 432; 1.1 s; peak memory 454 MiB.
2026-10-06T17:40:05Z INFO [260/4500] 715d911d-9d57-414a-bcae-f50edf5a8597: cophenetic index 681; 1.0 s; peak memory 454 MiB.
2026-10-06T17:40:17Z INFO [261/4500] 715d9559-f90e-4a81-9704-d8da067ebef6: cophenetic index 20821; 12.1 s; peak memory 454 MiB.
2026-10-06T17:40:18Z INFO [262/4500] 715d97d4-b60c-4ce0-a81a-ac51113a9776: cophenetic index 560; 0.9 s; peak memory 454 MiB.
2026-10-06T17:40:19Z INFO [263/4500] 715e1718-d7e6-4474-ae1c-d6dfb0440427: cophenetic index 624; 1.2 s; peak memory 454 MiB.
2026-10-06T17:40:20Z INFO [264/4500] 715eb170-f6a4-4290-9aff-8f1875410cf1: cophenetic index 3087; 1.4 s; peak memory 454 MiB.
2026-10-06T17:40:22Z INFO [265/4500] 715f90e4-3c4b-427a-bdd2-42f4936832b4: cophenetic index 1087; 1.6 s; peak memory 454 MiB.
2026-10-06T17:40:32Z INFO [266/4500] 716030ce-5bf4-40cb-b8f7-025e76cc5076: cophenetic index 117855; 9.8 s; peak memory 454 MiB.
2026-10-06T17:40:41Z INFO [267/4500] 716095ff-a9c2-4955-9660-7c1e631c5c6b: cophenetic index 28382; 9.4 s; peak memory 454 MiB.
2026-10-06T17:40:42Z INFO [268/4500] 7160d4e0-c31a-4302-bcd7-4e1f5e5ed767: cophenetic index 624; 1.1 s; peak memory 454 MiB.
2026-10-06T17:40:43Z INFO [269/4500] 7161000b-2fc8-4402-987e-4c109a70c3f2: cophenetic index 641; 0.9 s; peak memory 454 MiB.
2026-10-06T17:40:45Z INFO [270/4500] 71618fa7-d25f-4b44-985a-e0e7c799c301: cophenetic index 949; 1.8 s; peak memory 454 MiB.
2026-10-06T17:40:46Z INFO [271/4500] 71620cd3-3538-4890-9e19-5dcaa163f659: cophenetic index 624; 1.2 s; peak memory 454 MiB.
2026-10-06T17:40:47Z INFO [272/4500] 71623322-e729-4de9-b5e6-b9f01a06c310: cophenetic index 3087; 1.3 s; peak memory 454 MiB.
2026-10-06T17:40:49Z INFO [273/4500] 71628975-452c-4548-ad18-9d757f521283: cophenetic index 2625; 1.8 s; peak memory 454 MiB.
2026-10-06T17:40:50Z INFO [274/4500] 7163370b-6bc0-4952-a46d-c8cda29f80c4: cophenetic index 1087; 1.5 s; peak memory 454 MiB.
2026-10-06T17:40:59Z INFO [275/4500] 71638d4c-0397-448f-89b6-6f2d067d30c6: cophenetic index 162235563; 8.7 s; peak memory 454 MiB.
2026-10-06T17:41:05Z INFO [276/4500] 7163df7b-8a32-41e0-9d93-4b64e17b2810: cophenetic index 28589; 5.5 s; peak memory 454 MiB.
2026-10-06T17:41:06Z INFO [277/4500] 7163f7ce-ff6e-419c-8b48-1b5f5cda0c2d: cophenetic index 2974; 1.3 s; peak memory 454 MiB.
2026-10-06T17:41:08Z INFO [278/4500] 71646029-eb85-483b-ac57-656fb513fc5e: cophenetic index 624; 1.5 s; peak memory 454 MiB.
2026-10-06T17:41:11Z INFO [279/4500] 71677a69-af3a-4646-91e7-7c1572d3b053: cophenetic index 2391; 3.3 s; peak memory 454 MiB.
2026-10-06T17:41:13Z INFO [280/4500] 7168b1b1-188d-4b3d-b1ea-9f496dc68789: cophenetic index 2625; 1.9 s; peak memory 454 MiB.
2026-10-06T17:41:14Z INFO [281/4500] 7168e2c3-93b0-40cd-a44c-46333c9e0411: cophenetic index 2974; 1.3 s; peak memory 454 MiB.
2026-10-06T17:41:15Z INFO [282/4500] 7169780f-1d8c-495e-ab30-c48de188805f: cophenetic index 3004; 1.3 s; peak memory 454 MiB.
2026-10-06T17:41:16Z INFO [283/4500] 716a3096-a4fb-4361-aa13-f3398a1a4285: cophenetic index 490; 0.7 s; peak memory 454 MiB.
2026-10-06T17:41:17Z INFO [284/4500] 716a4395-1478-4d7a-8807-c828f838ca05: cophenetic index 379; 0.8 s; peak memory 454 MiB.
2026-10-06T17:41:18Z INFO [285/4500] 716ac07e-d2e3-492c-96fa-4a4235f6b730: cophenetic index 624; 1.3 s; peak memory 454 MiB.
2026-10-06T17:41:22Z INFO [286/4500] 716b889d-22b6-4c2a-ba4e-7b339423a53a: cophenetic index 42542; 3.5 s; peak memory 454 MiB.
2026-10-06T17:41:28Z INFO [287/4500] 716c7285-92f0-437f-8742-117203f6c484: cophenetic index 5466; 6.5 s; peak memory 454 MiB.
2026-10-06T17:41:29Z INFO [288/4500] 716c8487-ab5d-4e45-ae95-fb32bee25e20: cophenetic index 2920; 1.2 s; peak memory 454 MiB.
2026-10-06T17:41:31Z INFO [289/4500] 716d92d2-b439-4460-a678-5f8b82b1131a: cophenetic index 2625; 1.7 s; peak memory 454 MiB.
2026-10-06T17:41:32Z INFO [290/4500] 716da1cc-2b85-435b-88be-8d5879f25cb9: cophenetic index 624; 1.3 s; peak memory 454 MiB.
2026-10-06T17:41:34Z INFO [291/4500] 716ea9da-f574-45ac-8e60-8e4d3ecbad22: cophenetic index 2974; 1.4 s; peak memory 454 MiB.
2026-10-06T17:41:35Z INFO [292/4500] 716f14a4-e646-4c21-99ee-51dc518d61b8: cophenetic index 649; 1.2 s; peak memory 454 MiB.
2026-10-06T17:41:37Z INFO [293/4500] 716ff419-2e09-44ae-bf0a-ca58a3a6a0e1: cophenetic index 543; 1.7 s; peak memory 454 MiB.
2026-10-06T17:41:38Z INFO [294/4500] 7170ae23-c58b-4879-8191-11899ef47bd7: cophenetic index 3004; 1.4 s; peak memory 454 MiB.
2026-10-06T17:41:40Z INFO [295/4500] 7170e5fc-ecf2-4f37-af07-c61635c7c887: cophenetic index 33968; 1.7 s; peak memory 454 MiB.
2026-10-06T17:41:41Z INFO [296/4500] 717146bc-a5e2-42ec-9688-0ca57fe200c6: cophenetic index 2923; 1.6 s; peak memory 454 MiB.
2026-10-06T17:41:43Z INFO [297/4500] 71714cc5-ae98-43a4-af86-9951bd0973bb: cophenetic index 2682; 2.2 s; peak memory 454 MiB.
2026-10-06T17:41:45Z INFO [298/4500] 717165e5-36a0-4d42-8926-8ae139a0812a: cophenetic index 972; 1.9 s; peak memory 454 MiB.
2026-10-06T17:41:49Z INFO [299/4500] 7171e71b-12dc-4c60-b3e8-2d0fe905cd86: cophenetic index 2469; 3.2 s; peak memory 454 MiB.
2026-10-06T17:41:50Z INFO [300/4500] 71722f06-b70f-434f-ad56-40546066ab00: cophenetic index 624; 1.4 s; peak memory 454 MiB.
2026-10-06T17:41:50Z INFO [300/4500] 71722f06-b70f-434f-ad56-40546066ab00: checkpointed 101398 records.
2026-10-06T17:41:53Z INFO [301/4500] 717285f9-a525-445b-84c4-8978ef8732d0: cophenetic index 2402; 3.4 s; peak memory 454 MiB.
2026-10-06T17:41:55Z INFO [302/4500] 71729856-6e27-47ce-9348-33b60d57ebea: cophenetic index 624; 1.1 s; peak memory 454 MiB.
2026-10-06T17:41:57Z INFO [303/4500] 7172df36-1932-4b66-8a7e-fd64a2cbefec: cophenetic index 2625; 2.1 s; peak memory 454 MiB.
2026-10-06T17:41:58Z INFO [304/4500] 71734711-c490-41e3-9d6d-48739ecdf017: cophenetic index 1470; 1.3 s; peak memory 454 MiB.
2026-10-06T17:42:00Z INFO [305/4500] 7173b8f7-ad68-4ace-bbbd-6176ca3a8dff: cophenetic index 777; 1.8 s; peak memory 454 MiB.
2026-10-06T17:42:01Z INFO [306/4500] 71753188-2b69-402d-acdf-d3045c06e9e2: cophenetic index 2974; 1.4 s; peak memory 454 MiB.
2026-10-06T17:42:02Z INFO [307/4500] 71765384-f2d7-4f47-9bd7-dca46ee85b0c: cophenetic index 624; 1.2 s; peak memory 454 MiB.
2026-10-06T17:42:11Z INFO [308/4500] 7176978e-07a1-4817-a339-80d97f131c24: cophenetic index 81901; 8.3 s; peak memory 454 MiB.
2026-10-06T17:42:13Z INFO [309/4500] 7176e824-eb50-428c-a22a-4161cf165d92: cophenetic index 4609; 2.7 s; peak memory 454 MiB.
2026-10-06T17:42:15Z INFO [310/4500] 71788a4e-27a5-4641-aeb6-b2df46eb0e63: cophenetic index 2570; 1.3 s; peak memory 454 MiB.
2026-10-06T17:42:16Z INFO [311/4500] 7178cc0f-8fb9-4970-8ed0-df324a9087b6: cophenetic index 3087; 1.3 s; peak memory 454 MiB.
2026-10-06T17:42:18Z INFO [312/4500] 71796918-067e-4101-9368-950a517b0cf9: cophenetic index 2570; 2.0 s; peak memory 454 MiB.
2026-10-06T17:42:20Z INFO [313/4500] 717a11fd-93d2-4f27-b3a7-565d73af76fa: cophenetic index 2625; 1.7 s; peak memory 454 MiB.
2026-10-06T17:42:21Z INFO [314/4500] 717a266e-085e-45ab-b225-720055f421ce: cophenetic index 624; 1.1 s; peak memory 454 MiB.
2026-10-06T17:42:22Z INFO [315/4500] 717a8bfd-53a9-4cff-b6f7-aba04c90df71: cophenetic index 3004; 1.3 s; peak memory 454 MiB.
2026-10-06T17:42:23Z INFO [316/4500] 717b7cf1-70c0-4683-98a2-83efff0d9ddf: cophenetic index 624; 1.4 s; peak memory 454 MiB.
2026-10-06T17:42:25Z INFO [317/4500] 717c6dda-87a2-40af-8c32-2a962c5e3db5: cophenetic index 3004; 1.3 s; peak memory 454 MiB.
2026-10-06T17:42:27Z INFO [318/4500] 717c7d7a-af01-4e5f-8d23-3da814ccc382: cophenetic index 895; 2.3 s; peak memory 454 MiB.
2026-10-06T17:42:28Z INFO [319/4500] 717c9608-1bf1-47ea-a294-b8b5ace66846: cophenetic index 560; 1.0 s; peak memory 454 MiB.
2026-10-06T17:42:29Z INFO [320/4500] 717cef3d-6628-4182-b154-4b4b9fae82b6: cophenetic index 624; 1.2 s; peak memory 454 MiB.
2026-10-06T17:42:30Z INFO [321/4500] 717dd332-8138-4d0b-b4c3-52ab1e3972c3: cophenetic index 23358; 1.2 s; peak memory 454 MiB.
2026-10-06T17:42:32Z INFO [322/4500] 717de7fe-2573-45b2-b3f1-aa8a31744f1a: cophenetic index 833; 1.7 s; peak memory 454 MiB.
2026-10-06T17:42:34Z INFO [323/4500] 717e51ab-6d8e-4245-943e-b98a62781ee3: cophenetic index 2015; 2.3 s; peak memory 454 MiB.
2026-10-06T17:42:36Z INFO [324/4500] 717f8f18-8d6b-4c86-976c-f8eb1fab1fff: cophenetic index 624; 1.3 s; peak memory 454 MiB.
2026-10-06T17:42:48Z INFO [325/4500] 717fc3e9-a2d4-43f5-b124-9e298d2fc9ab: cophenetic index 173801; 11.9 s; peak memory 454 MiB.
2026-10-06T17:42:52Z INFO [326/4500] 717fe13f-f68b-460b-8c77-62bfc92fb980: cophenetic index 34158; 4.7 s; peak memory 454 MiB.
2026-10-06T17:42:56Z INFO [327/4500] 71800ee4-e1b8-4a6b-b484-d9296bb3e4bc: cophenetic index 8488; 4.2 s; peak memory 454 MiB.
2026-10-06T17:42:58Z INFO [328/4500] 71803217-f1e9-4923-815f-c023f2238256: cophenetic index 2625; 1.9 s; peak memory 454 MiB.
2026-10-06T17:42:59Z INFO [329/4500] 71807a52-dbfb-4e83-b11d-87bc1df2eb2a: cophenetic index 624; 1.1 s; peak memory 454 MiB.
2026-10-06T17:43:07Z INFO [330/4500] 7180d257-d578-4622-9cfe-6a1f19bad165: cophenetic index 5466; 7.6 s; peak memory 454 MiB.
2026-10-06T17:43:08Z INFO [331/4500] 7181c055-c81c-439a-b955-68c1945f04f0: cophenetic index 624; 1.2 s; peak memory 454 MiB.
2026-10-06T17:43:10Z INFO [332/4500] 7181efb8-3f0c-402a-aacd-2a223a13e156: cophenetic index 3004; 1.3 s; peak memory 454 MiB.
2026-10-06T17:43:11Z INFO [333/4500] 7182daef-303f-4ebc-bae7-d407da9310b4: cophenetic index 581; 1.1 s; peak memory 454 MiB.
2026-10-06T17:43:13Z INFO [334/4500] 71834553-faa9-4c48-97c9-ca45ff1ea089: cophenetic index 2005; 1.9 s; peak memory 454 MiB.
2026-10-06T17:43:14Z INFO [335/4500] 71834fee-31af-45d7-a66a-3a375c3f7d2f: cophenetic index 624; 1.2 s; peak memory 454 MiB.
2026-10-06T17:43:15Z INFO [336/4500] 718353c6-6424-44da-8e44-68fe1fa68f60: cophenetic index 2625; 1.7 s; peak memory 454 MiB.
2026-10-06T17:43:17Z INFO [337/4500] 7184b4e0-a932-4cb8-93c2-e2aa56093a40: cophenetic index 26986; 1.7 s; peak memory 454 MiB.
2026-10-06T17:43:20Z INFO [338/4500] 7184bba2-19c6-40a9-96a0-8f61ab348f97: cophenetic index 34658; 3.0 s; peak memory 454 MiB.
2026-10-06T17:43:39Z INFO [339/4500] 7184c2fb-c968-4df2-9d37-52140e13dce9: cophenetic index 537539; 19.4 s; peak memory 454 MiB.
2026-10-06T17:43:50Z INFO [340/4500] 71852a8b-eebe-408c-8b3c-020f3889d7cc: cophenetic index 309913; 10.1 s; peak memory 454 MiB.
2026-10-06T17:43:58Z INFO [341/4500] 71854d07-3517-4db8-b83f-e59f49b5df8a: cophenetic index 14699; 8.1 s; peak memory 454 MiB.
2026-10-06T17:43:59Z INFO [342/4500] 71856a25-afea-4f84-9157-7382fef48f22: cophenetic index 3004; 1.4 s; peak memory 454 MiB.
2026-10-06T17:44:01Z INFO [343/4500] 71857ac6-2f9e-4599-afab-475f94831872: cophenetic index 972; 1.9 s; peak memory 454 MiB.
2026-10-06T17:44:02Z INFO [344/4500] 71878089-7a63-4731-9ecd-d5ecda851413: cophenetic index 907; 1.1 s; peak memory 454 MiB.
2026-10-06T17:44:08Z INFO [345/4500] 71884a68-23b6-4747-8d18-11d25a73240e: cophenetic index 37555; 5.9 s; peak memory 454 MiB.
2026-10-06T17:44:09Z INFO [346/4500] 71884be5-4160-4e2c-8c9f-a7e0bdc1edd3: cophenetic index 1228; 1.1 s; peak memory 454 MiB.
2026-10-06T17:44:19Z INFO [347/4500] 718860c0-7811-4ef0-9fed-219255385931: cophenetic index 152477; 9.6 s; peak memory 454 MiB.
2026-10-06T17:44:20Z INFO [348/4500] 71890c6e-c810-4c97-b49a-2c1f1389636d: cophenetic index 579; 0.9 s; peak memory 454 MiB.
2026-10-06T17:44:22Z INFO [349/4500] 718a1d17-371d-4fd4-90c3-c0907a7288b2: cophenetic index 107282; 2.4 s; peak memory 454 MiB.
2026-10-06T17:44:23Z INFO [350/4500] 718a7a21-c296-49bc-8438-ae5a87e0013e: cophenetic index 608; 0.9 s; peak memory 454 MiB.
2026-10-06T17:44:23Z INFO [350/4500] 718a7a21-c296-49bc-8438-ae5a87e0013e: checkpointed 101448 records.
2026-10-06T17:44:25Z INFO [351/4500] 718b31c3-21bd-4434-a08d-65613db7d55a: cophenetic index 2625; 2.0 s; peak memory 454 MiB.
2026-10-06T17:44:26Z INFO [352/4500] 718bc005-78e8-4d93-800d-1a2f5b2d7b72: cophenetic index 624; 1.1 s; peak memory 454 MiB.
2026-10-06T17:44:27Z INFO [353/4500] 718c7baf-74fb-48d3-83b2-25776e9e97f3: cophenetic index 624; 1.1 s; peak memory 454 MiB.
2026-10-06T17:44:34Z INFO [354/4500] 718d1067-8bdf-4487-b71d-bf136811323d: cophenetic index 14699; 7.0 s; peak memory 454 MiB.
2026-10-06T17:44:36Z INFO [355/4500] 718db5c9-57af-40d6-a9aa-7c3d03f6c0b4: cophenetic index 1479; 2.1 s; peak memory 454 MiB.
2026-10-06T17:44:43Z INFO [356/4500] 718e5d7c-1c26-43e0-b380-9aa092de6112: cophenetic index 53959; 7.0 s; peak memory 454 MiB.
2026-10-06T17:44:45Z INFO [357/4500] 7190d7ad-ef8d-4a44-a870-bfe7142b709a: cophenetic index 23864; 1.8 s; peak memory 454 MiB.
2026-10-06T17:44:46Z INFO [358/4500] 719188bc-2a5d-4c11-a067-1b2415c185f0: cophenetic index 507; 0.9 s; peak memory 454 MiB.
2026-10-06T17:44:47Z INFO [359/4500] 71930ad3-0cd4-40a8-a7d0-01e30576de8c: cophenetic index 427; 1.0 s; peak memory 454 MiB.
2026-10-06T17:44:48Z INFO [360/4500] 71941308-3e82-4a2a-9f3a-a4ee7e49cae3: cophenetic index 735; 0.9 s; peak memory 454 MiB.
2026-10-06T17:44:49Z INFO [361/4500] 71945719-154d-4986-abd5-58b7154f2617: cophenetic index 401; 0.9 s; peak memory 454 MiB.
2026-10-06T17:44:51Z INFO [362/4500] 71946dcf-6e67-428a-90a3-6c6759437803: cophenetic index 33998; 2.4 s; peak memory 454 MiB.
2026-10-06T17:44:52Z INFO [363/4500] 71951181-2ef6-4ba4-b236-f2b8460753b4: cophenetic index 2923; 1.2 s; peak memory 454 MiB.
2026-10-06T17:44:54Z INFO [364/4500] 71954a49-1930-4255-afc6-55cecf456770: cophenetic index 33998; 1.9 s; peak memory 454 MiB.
2026-10-06T17:44:56Z INFO [365/4500] 7196f839-87c8-4d09-a826-e8265d5877c9: cophenetic index 624; 1.1 s; peak memory 454 MiB.
2026-10-06T17:44:57Z INFO [366/4500] 71976a08-3b81-4afe-a458-63fad1cd98f0: cophenetic index 1781; 1.7 s; peak memory 454 MiB.
2026-10-06T17:44:58Z INFO [367/4500] 719770fd-1ca8-4eff-84db-4ce2e10ec5db: cophenetic index 527; 0.9 s; peak memory 454 MiB.
2026-10-06T17:45:10Z INFO [368/4500] 7197ad92-8440-45c3-b231-e43648c5ce81: cophenetic index 24071; 12.1 s; peak memory 454 MiB.
2026-10-06T17:45:11Z INFO [369/4500] 7197f0cc-3dc8-4841-80ac-a2fd11346b46: cophenetic index 2814; 1.3 s; peak memory 454 MiB.
2026-10-06T17:45:13Z INFO [370/4500] 71989194-17ee-4adb-bde1-27134f2078ed: cophenetic index 3087; 1.4 s; peak memory 454 MiB.
2026-10-06T17:45:14Z INFO [371/4500] 71991952-429b-4479-958d-7c67b91490de: cophenetic index 3004; 1.5 s; peak memory 454 MiB.
2026-10-06T17:45:15Z INFO [372/4500] 7199634c-39fe-4b02-ad89-597216b2e335: cophenetic index 729; 1.0 s; peak memory 454 MiB.
2026-10-06T17:45:17Z INFO [373/4500] 719a4528-17d6-4e50-8a43-77d869b8667e: cophenetic index 624; 1.2 s; peak memory 454 MiB.
2026-10-06T17:45:18Z INFO [374/4500] 719aa385-d8b6-47cf-8950-dfed9f8ee39e: cophenetic index 33968; 1.8 s; peak memory 454 MiB.
2026-10-06T17:45:20Z INFO [375/4500] 719b5682-997b-44ac-8998-088f18fe17cc: cophenetic index 2974; 1.2 s; peak memory 454 MiB.
2026-10-06T17:45:34Z INFO [376/4500] 719d7257-cadc-4c74-95ca-3131c67c978d: cophenetic index 1053679; 14.7 s; peak memory 454 MiB.
2026-10-06T17:45:35Z INFO [377/4500] 719e8369-8372-416d-b4a9-4002c98349a7: cophenetic index 624; 1.2 s; peak memory 454 MiB.
2026-10-06T17:45:37Z INFO [378/4500] 719f3548-1003-4656-89d7-562b5a23bc17: cophenetic index 2625; 1.8 s; peak memory 454 MiB.
2026-10-06T17:45:45Z INFO [379/4500] 719f8c0a-7419-4ba3-99f3-161df8e0e881: cophenetic index 87573; 7.8 s; peak memory 454 MiB.
2026-10-06T17:45:47Z INFO [380/4500] 71a03a03-0e19-402e-9bdb-76ab15c76d2a: cophenetic index 2625; 2.1 s; peak memory 454 MiB.
2026-10-06T17:45:49Z INFO [381/4500] 71a118f2-01c6-4eb8-a8c0-a57c693b8367: cophenetic index 3004; 1.4 s; peak memory 454 MiB.
2026-10-06T17:45:50Z INFO [382/4500] 71a28b32-334c-4caf-91cc-fae176234908: cophenetic index 3004; 1.1 s; peak memory 454 MiB.
2026-10-06T17:45:52Z INFO [383/4500] 71a3cf4f-7131-47ad-8223-c3813318030c: cophenetic index 2609; 2.4 s; peak memory 454 MiB.
2026-10-06T17:45:54Z INFO [384/4500] 71a57d9c-6d4c-4c5b-a2e8-7d4348996c3e: cophenetic index 2625; 1.8 s; peak memory 454 MiB.
2026-10-06T17:45:56Z INFO [385/4500] 71a5e6a2-d207-4302-a150-3cb428ebfbfa: cophenetic index 33986; 1.7 s; peak memory 454 MiB.
2026-10-06T17:45:57Z INFO [386/4500] 71a61ca8-f1a5-4d66-9058-9d3f146afc3f: cophenetic index 33962; 1.6 s; peak memory 454 MiB.
2026-10-06T17:46:11Z INFO [387/4500] 71a64dbc-578f-4355-911d-69403f9b3722: cophenetic index 342462; 13.9 s; peak memory 454 MiB.
2026-10-06T17:46:12Z INFO [388/4500] 71a799bd-43cc-4d77-b0c3-deeffbf6de17: cophenetic index 2920; 1.2 s; peak memory 454 MiB.
2026-10-06T17:46:23Z INFO [389/4500] 71a7f2c9-2840-4f3b-8498-8c453ad59c3c: cophenetic index 47144; 10.5 s; peak memory 454 MiB.
2026-10-06T17:46:24Z INFO [390/4500] 71a7f968-c9e8-40e3-876f-942c70445646: cophenetic index 649; 1.2 s; peak memory 454 MiB.
2026-10-06T17:46:25Z INFO [391/4500] 71a872af-34bd-449c-801d-2cec6716b29f: cophenetic index 624; 1.0 s; peak memory 454 MiB.
2026-10-06T17:46:26Z INFO [392/4500] 71a8920f-30ec-4f82-815a-1ab3d9272687: cophenetic index 634; 1.1 s; peak memory 454 MiB.
2026-10-06T17:46:27Z INFO [393/4500] 71a8ef75-8610-4ed0-8d5f-4b5271a0bb9e: cophenetic index 735; 0.9 s; peak memory 454 MiB.
2026-10-06T17:46:28Z INFO [394/4500] 71a94f96-0aa3-49f1-938c-4d3695985b19: cophenetic index 490; 0.8 s; peak memory 454 MiB.
2026-10-06T17:46:29Z INFO [395/4500] 71abf384-1609-4342-99b9-7c2e92df86b2: cophenetic index 2920; 1.3 s; peak memory 454 MiB.
2026-10-06T17:46:32Z INFO [396/4500] 71ac10e4-39ec-4577-bc1d-e48bc999e6a3: cophenetic index 2019; 3.1 s; peak memory 454 MiB.
2026-10-06T17:46:33Z INFO [397/4500] 71ac3191-4b3c-4ce9-a45e-01ec56be1008: cophenetic index 624; 1.1 s; peak memory 454 MiB.
2026-10-06T17:46:35Z INFO [398/4500] 71ac7aa7-6490-450f-bc06-bf26a1f6bac6: cophenetic index 33986; 1.8 s; peak memory 454 MiB.
2026-10-06T17:46:46Z INFO [399/4500] 71ad9140-5bff-4e5b-81f6-bd9b89c22675: cophenetic index 195172714; 10.5 s; peak memory 454 MiB.
2026-10-06T17:46:47Z INFO [400/4500] 71adb470-3fc3-48d0-8a08-7ffda0431b3d: cophenetic index 431; 1.2 s; peak memory 454 MiB.
2026-10-06T17:46:47Z INFO [400/4500] 71adb470-3fc3-48d0-8a08-7ffda0431b3d: checkpointed 101498 records.
2026-10-06T17:46:48Z INFO [401/4500] 71add98c-6f92-4b75-bb1f-4ec5caa55510: cophenetic index 624; 1.1 s; peak memory 454 MiB.
2026-10-06T17:46:49Z INFO [402/4500] 71ae35f0-c43f-44e9-91cd-184f10534a8f: cophenetic index 624; 1.1 s; peak memory 454 MiB.
2026-10-06T17:47:17Z INFO [403/4500] 71ae7630-d232-4d02-9419-f9dae67724ff: cophenetic index 87148; 27.9 s; peak memory 454 MiB.
2026-10-06T17:47:18Z INFO [404/4500] 71aefb78-869a-419b-b836-7ac4372f03dc: cophenetic index 624; 1.1 s; peak memory 454 MiB.
2026-10-06T17:47:20Z INFO [405/4500] 71afee50-7b55-468d-8971-6a45c30cd236: cophenetic index 2625; 1.6 s; peak memory 454 MiB.
2026-10-06T17:47:29Z INFO [406/4500] 71b08b03-df30-4bc3-b796-bbc6a8ddcac7: cophenetic index 110802; 9.2 s; peak memory 454 MiB.
2026-10-06T17:47:30Z INFO [407/4500] 71b16283-8d58-4dea-aadf-eaaa6c279d0c: cophenetic index 624; 1.1 s; peak memory 454 MiB.
2026-10-06T17:47:43Z INFO [408/4500] 71b18172-feed-40f7-8d2b-6ba4257c89c9: cophenetic index 49773; 12.5 s; peak memory 454 MiB.
2026-10-06T17:47:44Z INFO [409/4500] 71b1d9ec-2106-4d6c-9171-88e92db3e446: cophenetic index 431; 1.0 s; peak memory 454 MiB.
2026-10-06T17:47:46Z INFO [410/4500] 71b20327-55cf-402c-806c-640e3f05ee7a: cophenetic index 2625; 1.9 s; peak memory 454 MiB.
2026-10-06T17:47:52Z INFO [411/4500] 71b21578-3c97-4a1e-9a4c-2c21ec50fd32: cophenetic index 9181; 6.3 s; peak memory 454 MiB.
2026-10-06T17:47:53Z INFO [412/4500] 71b2d2f9-47c9-4152-83e2-889b3532c98f: cophenetic index 729; 0.8 s; peak memory 454 MiB.
2026-10-06T17:47:55Z INFO [413/4500] 71b63974-acdf-4362-aa42-150baa3085c7: cophenetic index 33998; 2.3 s; peak memory 454 MiB.
2026-10-06T17:47:57Z INFO [414/4500] 71b6fb69-c576-43a3-99e7-2e57e60a6ae2: cophenetic index 3004; 1.2 s; peak memory 454 MiB.
2026-10-06T17:47:58Z INFO [415/4500] 71b7b600-a215-48a4-9228-a930390b8f12: cophenetic index 3004; 1.3 s; peak memory 454 MiB.
2026-10-06T17:47:59Z INFO [416/4500] 71b813e4-7c3e-4912-93b7-728e2777fa81: cophenetic index 2625; 1.6 s; peak memory 454 MiB.
2026-10-06T17:48:01Z INFO [417/4500] 71ba3a99-3cd7-4e41-aad4-c7dbf641b021: cophenetic index 2625; 1.4 s; peak memory 454 MiB.
2026-10-06T17:48:02Z INFO [418/4500] 71bc8dd6-3cf8-4349-8481-329dfc6c797e: cophenetic index 1949; 1.6 s; peak memory 454 MiB.
2026-10-06T17:48:04Z INFO [419/4500] 71bce4b1-81b0-4ba7-a708-eccac4f1c7c0: cophenetic index 30304; 1.6 s; peak memory 454 MiB.
2026-10-06T17:48:09Z INFO [420/4500] 71bcfb23-3fff-451a-8235-2ec0df66a439: cophenetic index 2320; 5.4 s; peak memory 454 MiB.
2026-10-06T17:48:11Z INFO [421/4500] 71bd1c9f-7439-4bda-a311-b407ca5f052c: cophenetic index 649; 1.4 s; peak memory 454 MiB.
2026-10-06T17:48:20Z INFO [422/4500] 71be7336-f742-4a67-8a63-b6185b8cbb07: cophenetic index 162271; 9.0 s; peak memory 454 MiB.
2026-10-06T17:48:21Z INFO [423/4500] 71bec4c7-17af-4853-848c-5c2da63d45fc: cophenetic index 624; 1.2 s; peak memory 454 MiB.
2026-10-06T17:48:22Z INFO [424/4500] 71c0bf56-fea3-431a-bf64-7303dc2da818: cophenetic index 1042; 1.5 s; peak memory 454 MiB.
2026-10-06T17:48:23Z INFO [425/4500] 71c14ddd-185d-44fe-93a6-3dab27e0df77: cophenetic index 552; 0.8 s; peak memory 454 MiB.
2026-10-06T17:48:25Z INFO [426/4500] 71c17196-bee7-4543-90e7-8aee9dc93460: cophenetic index 33968; 1.8 s; peak memory 454 MiB.
2026-10-06T17:48:27Z INFO [427/4500] 71c28764-f308-4695-85b7-20e92fe8ace2: cophenetic index 937; 1.5 s; peak memory 454 MiB.
2026-10-06T17:48:29Z INFO [428/4500] 71c40527-3fa9-4292-acae-33ad5f63e998: cophenetic index 4617; 2.8 s; peak memory 454 MiB.
2026-10-06T17:48:44Z INFO [429/4500] 71c58617-6fef-4738-8647-7e7bdc834c49: cophenetic index 48024; 14.4 s; peak memory 454 MiB.
2026-10-06T17:48:45Z INFO [430/4500] 71c5f5e1-fe0b-43d4-af40-ab185abdd16f: cophenetic index 624; 1.3 s; peak memory 454 MiB.
2026-10-06T17:48:51Z INFO [431/4500] 71c755e0-4f88-4e0a-b263-5ba8c1d11990: cophenetic index 39009; 6.1 s; peak memory 454 MiB.
2026-10-06T17:48:52Z INFO [432/4500] 71c7a74f-fdac-46f7-9632-51016ff868a7: cophenetic index 624; 1.2 s; peak memory 454 MiB.
2026-10-06T17:48:54Z INFO [433/4500] 71c91f34-7893-4231-87b5-147aaefc4398: cophenetic index 2974; 1.3 s; peak memory 454 MiB.
2026-10-06T17:48:55Z INFO [434/4500] 71c99c15-8de9-4697-909a-a1681b301568: cophenetic index 630; 1.1 s; peak memory 454 MiB.
2026-10-06T17:48:56Z INFO [435/4500] 71ca73a7-c253-4d12-8cff-925078f854bc: cophenetic index 385; 1.2 s; peak memory 454 MiB.
2026-10-06T17:48:58Z INFO [436/4500] 71cba6c8-f046-4cc0-9644-442389a5a550: cophenetic index 2386; 2.1 s; peak memory 454 MiB.
2026-10-06T17:49:00Z INFO [437/4500] 71cbe262-d2d0-4fc8-b98e-209f5d51c09a: cophenetic index 2570; 1.7 s; peak memory 454 MiB.
2026-10-06T17:49:07Z INFO [438/4500] 71ccbadd-cb12-445f-9998-0ad27bc93355: cophenetic index 9592; 6.9 s; peak memory 454 MiB.
2026-10-06T17:49:09Z INFO [439/4500] 71cd0380-0f91-4688-b8a9-5cbbe52cda41: cophenetic index 2682; 2.4 s; peak memory 454 MiB.
2026-10-06T17:49:10Z INFO [440/4500] 71cd2029-10a6-49b8-8131-e38145ea2ea7: cophenetic index 624; 1.1 s; peak memory 454 MiB.
2026-10-06T17:49:12Z INFO [441/4500] 71cdb8c4-abaf-4c88-acf9-e71e3e859253: cophenetic index 3004; 1.4 s; peak memory 454 MiB.
2026-10-06T17:49:17Z INFO [442/4500] 71cdee8b-ff0d-466a-b4c3-2d9c2ff8c924: cophenetic index 56709; 4.9 s; peak memory 454 MiB.
2026-10-06T17:49:18Z INFO [443/4500] 71ce4e2f-9c7f-48e9-96ac-5454ce911f1c: cophenetic index 994; 1.0 s; peak memory 454 MiB.
2026-10-06T17:49:19Z INFO [444/4500] 71cfffc8-c6b8-4dd2-bdf3-33068a33e3f7: cophenetic index 33968; 1.7 s; peak memory 454 MiB.
2026-10-06T17:49:21Z INFO [445/4500] 71d01755-70f3-48d7-aedf-fa89d35febd9: cophenetic index 2625; 1.7 s; peak memory 454 MiB.
2026-10-06T17:49:22Z INFO [446/4500] 71d06186-6e03-4e61-8f54-dca8db001c44: cophenetic index 649; 1.3 s; peak memory 454 MiB.
2026-10-06T17:49:23Z INFO [447/4500] 71d0ad28-355a-4d09-b1cd-aee9f945466a: cophenetic index 624; 1.1 s; peak memory 454 MiB.
2026-10-06T17:49:25Z INFO [448/4500] 71d0ca4d-d980-4f27-8b45-94607e8ad4f6: cophenetic index 2625; 1.8 s; peak memory 454 MiB.
2026-10-06T17:49:27Z INFO [449/4500] 71d12c73-ada8-489f-9114-3af198e83d76: cophenetic index 2625; 1.5 s; peak memory 454 MiB.
2026-10-06T17:49:27Z INFO [450/4500] 71d1342f-6faf-4e56-91a0-a182da535f95: cophenetic index 490; 0.8 s; peak memory 454 MiB.
2026-10-06T17:49:28Z INFO [450/4500] 71d1342f-6faf-4e56-91a0-a182da535f95: checkpointed 101548 records.
2026-10-06T17:49:29Z INFO [451/4500] 71d16972-560e-4121-a696-711cc68f4d44: cophenetic index 7002; 1.8 s; peak memory 454 MiB.
2026-10-06T17:49:31Z INFO [452/4500] 71d2a2ef-c205-4b8e-b7e8-3d2a75becaf2: cophenetic index 1265; 1.4 s; peak memory 454 MiB.
2026-10-06T17:49:32Z INFO [453/4500] 71d30e78-efaa-44be-8ae3-ebfdf2202149: cophenetic index 2570; 1.6 s; peak memory 454 MiB.
2026-10-06T17:49:34Z INFO [454/4500] 71d3d301-938e-49f7-aa8d-acc368b2a260: cophenetic index 1949; 1.2 s; peak memory 454 MiB.
2026-10-06T17:49:35Z INFO [455/4500] 71d3dba6-8035-4908-be64-67816d23d72f: cophenetic index 793; 1.6 s; peak memory 454 MiB.
2026-10-06T17:49:36Z INFO [456/4500] 71d42ba7-12e8-412d-b0f6-4b236a11780f: cophenetic index 719; 0.8 s; peak memory 454 MiB.
2026-10-06T17:49:38Z INFO [457/4500] 71d46004-1383-43c2-9d4b-46635c50f7b8: cophenetic index 2570; 1.6 s; peak memory 454 MiB.
2026-10-06T17:49:39Z INFO [458/4500] 71d48a8b-5049-4077-8389-f821fd9c7472: cophenetic index 624; 1.1 s; peak memory 454 MiB.
2026-10-06T17:49:40Z INFO [459/4500] 71d53f4f-c34c-487c-a4cd-a37e04e549e8: cophenetic index 624; 1.0 s; peak memory 454 MiB.
2026-10-06T17:49:42Z INFO [460/4500] 71d53f51-2c1d-4d03-8c71-ce242389718f: cophenetic index 40176; 2.1 s; peak memory 454 MiB.
2026-10-06T17:49:43Z INFO [461/4500] 71d54a7d-34ab-482c-98fc-b1828810a454: cophenetic index 626; 1.5 s; peak memory 454 MiB.
2026-10-06T17:49:45Z INFO [462/4500] 71d64ce9-c460-471b-b769-48b9c57bae17: cophenetic index 2625; 1.4 s; peak memory 454 MiB.
2026-10-06T17:49:46Z INFO [463/4500] 71d6755c-216c-47ad-818c-6d18d565a0b3: cophenetic index 739; 0.9 s; peak memory 454 MiB.
2026-10-06T17:49:47Z INFO [464/4500] 71d6d727-86e2-4317-aeb0-0a9f718adef3: cophenetic index 994; 1.2 s; peak memory 454 MiB.
2026-10-06T17:49:48Z INFO [465/4500] 71d7d1ed-98f6-4b7c-86af-30bbe0010b28: cophenetic index 624; 1.1 s; peak memory 454 MiB.
2026-10-06T17:49:49Z INFO [466/4500] 71d802f0-53dc-48eb-8049-5e83decb4387: cophenetic index 3087; 1.5 s; peak memory 454 MiB.
2026-10-06T17:49:51Z INFO [467/4500] 71d803f6-4ca9-4eb3-a92a-3769db0a79bf: cophenetic index 30304; 1.9 s; peak memory 454 MiB.
2026-10-06T17:49:54Z INFO [468/4500] 71d83326-d060-4459-b613-3c3c60dc2963: cophenetic index 6490; 2.7 s; peak memory 454 MiB.
2026-10-06T17:49:55Z INFO [469/4500] 71d92bd0-1bc4-4cdc-be8e-828e3e1fe5a8: cophenetic index 624; 1.2 s; peak memory 454 MiB.
2026-10-06T17:49:56Z INFO [470/4500] 71d9d6bf-9ba4-4770-a1b1-abea29c997c1: cophenetic index 490; 0.8 s; peak memory 454 MiB.
2026-10-06T17:50:00Z INFO [471/4500] 71da1e27-7696-4b47-a1f9-7ba098a7925d: cophenetic index 497522; 4.1 s; peak memory 454 MiB.
2026-10-06T17:50:12Z INFO [472/4500] 71daba7f-d148-457f-af6c-b9133386be7f: cophenetic index 48665; 11.9 s; peak memory 454 MiB.
2026-10-06T17:50:13Z INFO [473/4500] 71db0089-2c75-45bf-8b61-2c294c67988e: cophenetic index 657; 1.0 s; peak memory 454 MiB.
2026-10-06T17:50:14Z INFO [474/4500] 71dc6680-c0db-4f94-8ecb-b3019c9a7570: cophenetic index 690; 1.0 s; peak memory 454 MiB.
2026-10-06T17:50:16Z INFO [475/4500] 71dc92a9-17da-412b-9f16-c3edb5c86dc2: cophenetic index 1949; 1.6 s; peak memory 454 MiB.
2026-10-06T17:50:17Z INFO [476/4500] 71dcd925-4e98-46a9-8bd3-725439f7038f: cophenetic index 1087; 1.9 s; peak memory 454 MiB.
2026-10-06T17:50:19Z INFO [477/4500] 71de66fc-7eda-4927-b73c-b369faf31f51: cophenetic index 624; 1.2 s; peak memory 454 MiB.
2026-10-06T17:50:30Z INFO [478/4500] 71df2e51-562e-4248-8658-aaa0fbd10bca: cophenetic index 342382; 11.0 s; peak memory 454 MiB.
2026-10-06T17:50:31Z INFO [479/4500] 71df3d3b-cceb-4bef-af3e-a277378915f1: cophenetic index 412; 1.5 s; peak memory 454 MiB.
2026-10-06T17:50:33Z INFO [480/4500] 71e000fd-c79b-40ee-8d32-9c00f006a5d0: cophenetic index 2625; 1.5 s; peak memory 454 MiB.
2026-10-06T17:50:34Z INFO [481/4500] 71e06078-11ad-4c39-ae57-9458f2a99c47: cophenetic index 3057; 1.4 s; peak memory 454 MiB.
2026-10-06T17:50:36Z INFO [482/4500] 71e1aa0b-fde2-49c8-a89b-4821a830cd92: cophenetic index 33968; 1.8 s; peak memory 454 MiB.
2026-10-06T17:50:37Z INFO [483/4500] 71e2bc3c-b22c-4e08-92f7-c9207eaea3c2: cophenetic index 624; 1.1 s; peak memory 454 MiB.
2026-10-06T17:50:38Z INFO [484/4500] 71e2be39-fe75-4aa3-aa41-0cc34b720d3d: cophenetic index 624; 1.0 s; peak memory 454 MiB.
2026-10-06T17:50:42Z INFO [485/4500] 71e2f63d-f074-4bee-9117-d42694eaef8a: cophenetic index 5473; 4.1 s; peak memory 454 MiB.
2026-10-06T17:50:44Z INFO [486/4500] 71e2fdee-3a73-42f8-bdbb-688d9c289350: cophenetic index 2625; 1.6 s; peak memory 454 MiB.
2026-10-06T17:50:45Z INFO [487/4500] 71e313e4-491d-4d00-a1d2-617b6e3c9f9b: cophenetic index 33986; 1.8 s; peak memory 454 MiB.
2026-10-06T17:50:47Z INFO [488/4500] 71e31c26-0efc-4039-a634-d48e86388a7c: cophenetic index 624; 1.2 s; peak memory 454 MiB.
2026-10-06T17:50:48Z INFO [489/4500] 71e331ec-e1b8-4ffd-ae92-2bbc90b14e3c: cophenetic index 2932; 1.4 s; peak memory 454 MiB.
2026-10-06T17:50:50Z INFO [490/4500] 71e38222-3c73-42ff-ad12-05f570cef649: cophenetic index 33962; 1.7 s; peak memory 454 MiB.
2026-10-06T17:50:51Z INFO [491/4500] 71e56510-1793-40e2-b71d-618ec75a4645: cophenetic index 33968; 1.5 s; peak memory 454 MiB.
2026-10-06T17:50:54Z INFO [492/4500] 71e66517-fa1e-46b2-a2eb-b24ec628a90a: cophenetic index 99150; 2.4 s; peak memory 454 MiB.
2026-10-06T17:50:56Z INFO [493/4500] 71e698f8-0c76-41d8-a256-07030a757909: cophenetic index 99150; 2.3 s; peak memory 454 MiB.
2026-10-06T17:51:03Z INFO [494/4500] 71e8a13b-21c3-400b-b88e-b0a85d0e5f9d: cophenetic index 63658; 7.3 s; peak memory 454 MiB.
2026-10-06T17:51:04Z INFO [495/4500] 71e97f13-80c9-43bd-a092-f76b6093bf08: cophenetic index 624; 1.1 s; peak memory 454 MiB.
2026-10-06T17:51:05Z INFO [496/4500] 71ea64e6-5cf0-4549-8a11-d39147319cbe: cophenetic index 490; 0.8 s; peak memory 454 MiB.
2026-10-06T17:51:08Z INFO [497/4500] 71eaa118-9bbc-401a-b822-fbc8566bb739: cophenetic index 1733; 2.9 s; peak memory 454 MiB.
2026-10-06T17:51:09Z INFO [498/4500] 71eaba34-9337-4415-a26e-bfd1cdba65f6: cophenetic index 624; 1.1 s; peak memory 454 MiB.
2026-10-06T17:51:10Z INFO [499/4500] 71eb5ed9-bf58-46c4-905d-f0af94992040: cophenetic index 624; 1.2 s; peak memory 454 MiB.
2026-10-06T17:51:13Z INFO [500/4500] 71ebce32-2801-4d14-a89e-0e8b552ae7b1: cophenetic index 2682; 2.6 s; peak memory 454 MiB.
2026-10-06T17:51:13Z INFO [500/4500] 71ebce32-2801-4d14-a89e-0e8b552ae7b1: checkpointed 101598 records.
2026-10-06T17:51:15Z INFO [501/4500] 71ebf316-ca19-421c-925c-14e9c3addf69: cophenetic index 2625; 1.4 s; peak memory 454 MiB.
2026-10-06T17:51:16Z INFO [502/4500] 71ec52d3-f883-4c6f-a436-5aac5ff65efd: cophenetic index 1087; 1.7 s; peak memory 454 MiB.
2026-10-06T17:51:17Z INFO [503/4500] 71ec6b09-49e7-4879-9cb0-9be777517339: cophenetic index 561; 1.0 s; peak memory 454 MiB.
2026-10-06T17:51:19Z INFO [504/4500] 71ec84db-53f7-4df4-8d97-567921c44d8f: cophenetic index 3004; 1.6 s; peak memory 454 MiB.
2026-10-06T17:51:20Z INFO [505/4500] 71eca188-3ed4-418b-bf6a-00bce627d9a3: cophenetic index 649; 1.4 s; peak memory 454 MiB.
2026-10-06T17:51:22Z INFO [506/4500] 71ecbfcc-27ac-43d4-9910-e860daaa1615: cophenetic index 2625; 1.5 s; peak memory 454 MiB.
2026-10-06T17:51:27Z INFO [507/4500] 71ee56b9-10e4-45f7-b320-6807f61535df: cophenetic index 39181; 5.6 s; peak memory 454 MiB.
2026-10-06T17:51:29Z INFO [508/4500] 71ef48e8-e5b4-4e52-8368-a74eba61fb1e: cophenetic index 581; 1.3 s; peak memory 454 MiB.
2026-10-06T17:51:30Z INFO [509/4500] 71ef6f8c-3bc5-42d4-969b-f3e5680ad281: cophenetic index 3004; 1.2 s; peak memory 454 MiB.
2026-10-06T17:51:31Z INFO [510/4500] 71ef931d-b569-4331-bb15-a384ef35f913: cophenetic index 624; 1.2 s; peak memory 454 MiB.
2026-10-06T17:51:33Z INFO [511/4500] 71efbd20-0289-4125-bde3-8fe51da71272: cophenetic index 2625; 1.9 s; peak memory 454 MiB.
2026-10-06T17:51:34Z INFO [512/4500] 71f08886-2001-4cbf-a50d-677b20abec08: cophenetic index 630; 1.3 s; peak memory 454 MiB.
2026-10-06T17:51:35Z INFO [513/4500] 71f1544d-a86b-4796-8cf1-16fdd985bb31: cophenetic index 651; 0.8 s; peak memory 454 MiB.
2026-10-06T17:51:36Z INFO [514/4500] 71f1f380-c5d1-4bcc-9a01-1970e9672354: cophenetic index 649; 1.1 s; peak memory 454 MiB.
2026-10-06T17:51:38Z INFO [515/4500] 71f2d457-50b1-449d-a532-8ac2e629d410: cophenetic index 584; 2.1 s; peak memory 454 MiB.
2026-10-06T17:51:40Z INFO [516/4500] 71f35362-4584-40bb-952d-2b30702985ba: cophenetic index 2932; 1.4 s; peak memory 454 MiB.
2026-10-06T17:51:41Z INFO [517/4500] 71f3b6de-890a-4761-914d-739055237669: cophenetic index 2974; 1.5 s; peak memory 454 MiB.
2026-10-06T17:52:09Z INFO [518/4500] 71f42d0a-6d40-47d7-adda-eadb0b169448: cophenetic index 2603642; 27.7 s; peak memory 454 MiB.
2026-10-06T17:52:11Z INFO [519/4500] 71f564a2-1b0e-40f6-875c-0470e2ac17e6: cophenetic index 3004; 1.6 s; peak memory 454 MiB.
2026-10-06T17:52:13Z INFO [520/4500] 71f5e19d-79ba-4c27-888a-1e6678e5a8f3: cophenetic index 2682; 2.5 s; peak memory 454 MiB.
2026-10-06T17:52:15Z INFO [521/4500] 71f6126f-8dcb-4699-aecf-8ef21f489932: cophenetic index 2625; 1.6 s; peak memory 454 MiB.
2026-10-06T17:52:17Z INFO [522/4500] 71f70233-9c8f-4e42-9174-064603d21281: cophenetic index 688; 2.5 s; peak memory 454 MiB.
2026-10-06T17:52:19Z INFO [523/4500] 71f7da82-f321-4a25-8a84-033405291012: cophenetic index 3087; 1.5 s; peak memory 454 MiB.
2026-10-06T17:52:20Z INFO [524/4500] 71f830ec-537e-4cb2-803d-f076b572ad75: cophenetic index 3004; 1.2 s; peak memory 454 MiB.
2026-10-06T17:52:21Z INFO [525/4500] 71f88f3f-7a8e-4df7-8fc0-b35336eb5f3e: cophenetic index 649; 1.3 s; peak memory 454 MiB.
2026-10-06T17:52:22Z INFO [526/4500] 71fa325b-52e3-4953-a0ce-79a780e87fc1: cophenetic index 3004; 1.3 s; peak memory 454 MiB.
2026-10-06T17:52:24Z INFO [527/4500] 71fb1bdd-1860-458b-b410-3ff9ead64fcd: cophenetic index 33986; 1.6 s; peak memory 454 MiB.
2026-10-06T17:52:34Z INFO [528/4500] 71fcce06-bbc7-4494-bf47-999537bc3f76: cophenetic index 11507; 9.5 s; peak memory 454 MiB.
2026-10-06T17:52:35Z INFO [529/4500] 71fd3f76-5500-4f74-ae8e-cbb61e13de0a: cophenetic index 508; 1.1 s; peak memory 454 MiB.
2026-10-06T17:52:36Z INFO [530/4500] 71fdab1e-22de-41de-ad5a-0852d0fe58b9: cophenetic index 3192; 1.2 s; peak memory 454 MiB.
2026-10-06T17:52:38Z INFO [531/4500] 71fde36c-8a81-4fd5-974b-b0358addf6a4: cophenetic index 2609; 2.5 s; peak memory 454 MiB.
2026-10-06T17:52:40Z INFO [532/4500] 71ff16a6-7f9a-43eb-9658-f7c6b37001d1: cophenetic index 1194; 2.1 s; peak memory 454 MiB.
2026-10-06T17:52:42Z INFO [533/4500] 720145a5-7982-43d4-a436-8bb63d5d8899: cophenetic index 1751; 1.6 s; peak memory 454 MiB.
2026-10-06T17:52:43Z INFO [534/4500] 72016f13-3189-40c0-b60b-df65b965d057: cophenetic index 1583; 1.2 s; peak memory 454 MiB.
2026-10-06T17:52:45Z INFO [535/4500] 720195b4-2b91-4dd3-a8b8-d3e8b3009b31: cophenetic index 613; 2.0 s; peak memory 454 MiB.
2026-10-06T17:52:46Z INFO [536/4500] 72032526-c0e2-4d72-b98f-56e5620fc803: cophenetic index 651; 0.9 s; peak memory 454 MiB.
2026-10-06T17:52:47Z INFO [537/4500] 7203846b-a84c-42b0-862a-4e956aa20cad: cophenetic index 431; 1.3 s; peak memory 454 MiB.
2026-10-06T17:52:49Z INFO [538/4500] 7203cc45-8929-40db-a2fe-d7f0124be418: cophenetic index 3087; 1.4 s; peak memory 454 MiB.
2026-10-06T17:52:51Z INFO [539/4500] 7203f248-a9cc-402e-89d6-aaff9395d4d0: cophenetic index 2625; 2.1 s; peak memory 454 MiB.
2026-10-06T17:52:52Z INFO [540/4500] 7204342b-10c9-4f5c-8beb-ed71cd9c3651: cophenetic index 624; 1.2 s; peak memory 454 MiB.
2026-10-06T17:52:54Z INFO [541/4500] 720540b3-1ac9-4d38-b2ed-7a690eb70a07: cophenetic index 809; 2.0 s; peak memory 454 MiB.
2026-10-06T17:52:55Z INFO [542/4500] 72055e85-48c6-4455-9372-79a266bfc9a0: cophenetic index 431; 1.2 s; peak memory 454 MiB.
2026-10-06T17:52:57Z INFO [543/4500] 720581ff-eb93-4e4e-8341-c333c158bf42: cophenetic index 2779; 1.3 s; peak memory 454 MiB.
2026-10-06T17:52:59Z INFO [544/4500] 72065dfa-0b38-40ac-9f6e-86a09e7bca84: cophenetic index 329931; 2.7 s; peak memory 454 MiB.
2026-10-06T17:53:00Z INFO [545/4500] 7206a9e5-213d-4fcc-ba90-90a0a8a814d9: cophenetic index 729; 0.8 s; peak memory 454 MiB.
2026-10-06T17:53:06Z INFO [546/4500] 72076c78-e078-4a17-a105-7c5553a74799: cophenetic index 9548; 6.1 s; peak memory 454 MiB.
2026-10-06T17:53:07Z INFO [547/4500] 72077f6e-2c58-4c7d-9f39-fe0df9cb5e83: cophenetic index 579; 0.9 s; peak memory 454 MiB.
2026-10-06T17:53:09Z INFO [548/4500] 72079625-42f4-435d-9980-8dd0a411750e: cophenetic index 2625; 1.8 s; peak memory 454 MiB.
2026-10-06T17:53:10Z INFO [549/4500] 7208c11a-72ae-4b33-8737-acad42522fb0: cophenetic index 3192; 1.6 s; peak memory 454 MiB.
2026-10-06T17:53:12Z INFO [550/4500] 7208f343-b0df-43d1-998b-2e760b59056f: cophenetic index 624; 1.2 s; peak memory 454 MiB.
2026-10-06T17:53:12Z INFO [550/4500] 7208f343-b0df-43d1-998b-2e760b59056f: checkpointed 101648 records.
2026-10-06T17:53:13Z INFO [551/4500] 7209873e-a037-4db3-aeca-3c97e52bbe85: cophenetic index 490; 0.9 s; peak memory 454 MiB.
2026-10-06T17:53:14Z INFO [552/4500] 7209c8af-6d41-48ad-81ce-9de7ab7baedc: cophenetic index 3087; 1.2 s; peak memory 454 MiB.
2026-10-06T17:53:20Z INFO [553/4500] 720a12ad-2be5-4f5f-afa1-74eca4130e7c: cophenetic index 6800; 5.7 s; peak memory 454 MiB.
2026-10-06T17:53:21Z INFO [554/4500] 720c2f19-26ab-4243-9d38-75ec31bdbb3e: cophenetic index 2496; 1.3 s; peak memory 454 MiB.
2026-10-06T17:53:22Z INFO [555/4500] 720ca0c7-012f-48c6-a15b-b0af7374994f: cophenetic index 624; 1.1 s; peak memory 454 MiB.
2026-10-06T17:53:23Z INFO [556/4500] 720ca2ac-cc7d-4d01-8438-78b3073880c2: cophenetic index 624; 1.1 s; peak memory 454 MiB.
2026-10-06T17:53:26Z INFO [557/4500] 720de5fd-c06b-4ab4-8241-00e45e3ac684: cophenetic index 2682; 2.4 s; peak memory 454 MiB.
2026-10-06T17:53:27Z INFO [558/4500] 720f3073-fcff-4465-a02a-ea12c3f94919: cophenetic index 3004; 1.5 s; peak memory 454 MiB.
2026-10-06T17:53:28Z INFO [559/4500] 720f374e-efb6-4dde-b005-9202b7decdc5: cophenetic index 446; 0.8 s; peak memory 454 MiB.
2026-10-06T17:53:35Z INFO [560/4500] 720f44d8-3cfc-4fa1-92a8-8123f3a3c7e8: cophenetic index 87573; 7.5 s; peak memory 454 MiB.
2026-10-06T17:53:37Z INFO [561/4500] 7210ccbd-ac49-41a9-b9c0-4b5babf13e48: cophenetic index 2625; 1.7 s; peak memory 454 MiB.
2026-10-06T17:53:38Z INFO [562/4500] 7211269e-0c6e-4076-9393-c721b3113de9: cophenetic index 766; 1.4 s; peak memory 454 MiB.
2026-10-06T17:53:41Z INFO [563/4500] 721257e3-2b31-4033-bb43-8add2923121c: cophenetic index 972; 2.2 s; peak memory 454 MiB.
2026-10-06T17:53:42Z INFO [564/4500] 72128e90-5beb-4633-926a-22a7248c7156: cophenetic index 2625; 1.6 s; peak memory 454 MiB.
2026-10-06T17:53:44Z INFO [565/4500] 7212cfcc-a3e3-4b61-9fd1-1f34fbed6099: cophenetic index 497; 1.4 s; peak memory 454 MiB.
2026-10-06T17:53:51Z INFO [566/4500] 7213543a-b31b-4d57-ba94-9cf0fc590805: cophenetic index 87573; 7.8 s; peak memory 454 MiB.
2026-10-06T17:53:53Z INFO [567/4500] 72135588-b52a-43f6-a97c-a38e0d1d58b4: cophenetic index 3004; 1.1 s; peak memory 454 MiB.
2026-10-06T17:53:54Z INFO [568/4500] 72143de1-cf55-4e8a-8970-c24f0e74dc01: cophenetic index 3972; 1.7 s; peak memory 454 MiB.
2026-10-06T17:53:56Z INFO [569/4500] 72146910-0a49-4dd8-8778-def0ab31067c: cophenetic index 2625; 1.9 s; peak memory 454 MiB.
2026-10-06T17:53:57Z INFO [570/4500] 72149247-56c1-4948-a9f6-1d499e6eb835: cophenetic index 3057; 1.2 s; peak memory 454 MiB.
2026-10-06T17:53:58Z INFO [571/4500] 72149480-788e-4d79-9c34-7b01905dcb94: cophenetic index 560; 0.9 s; peak memory 454 MiB.
2026-10-06T17:54:06Z INFO [572/4500] 721505c3-7e01-4287-8126-9d262d1f54f2: cophenetic index 15946; 8.1 s; peak memory 454 MiB.
2026-10-06T17:54:08Z INFO [573/4500] 72159bd4-5f03-41a0-81d8-93b9dd7e38e1: cophenetic index 2776; 1.3 s; peak memory 454 MiB.
2026-10-06T17:54:09Z INFO [574/4500] 72159e01-3013-4d53-9c6c-0d57f5104fc2: cophenetic index 2625; 1.8 s; peak memory 454 MiB.
2026-10-06T17:54:11Z INFO [575/4500] 7215ba34-e30d-42bc-9b02-1e28cd45dfdc: cophenetic index 3087; 1.8 s; peak memory 454 MiB.
2026-10-06T17:54:18Z INFO [576/4500] 72162833-d090-498c-97aa-12e67e55f21e: cophenetic index 83363; 7.2 s; peak memory 454 MiB.
2026-10-06T17:54:19Z INFO [577/4500] 7218ac20-4998-46f9-a43f-772f8bf2bef6: cophenetic index 433; 0.9 s; peak memory 454 MiB.
2026-10-06T17:54:20Z INFO [578/4500] 7218fbb9-a85a-4d0f-bde0-f80375254cb1: cophenetic index 624; 1.3 s; peak memory 454 MiB.
2026-10-06T17:54:22Z INFO [579/4500] 72191da7-1b00-4ee3-89ca-3768dbddc38e: cophenetic index 3004; 1.5 s; peak memory 454 MiB.
2026-10-06T17:54:26Z INFO [580/4500] 721945d6-78ae-4e3e-a012-343ea7e42621: cophenetic index 2027; 4.1 s; peak memory 454 MiB.
2026-10-06T17:54:28Z INFO [581/4500] 721979b4-451c-4914-bd41-8c35403c3bee: cophenetic index 99138; 2.1 s; peak memory 454 MiB.
2026-10-06T17:54:29Z INFO [582/4500] 7219f812-1a25-4d5c-bc96-0b63354b9763: cophenetic index 729; 0.9 s; peak memory 454 MiB.
2026-10-06T17:54:30Z INFO [583/4500] 721a5e43-09dc-4a9c-b9b8-f7225601c634: cophenetic index 624; 1.1 s; peak memory 454 MiB.
2026-10-06T17:54:33Z INFO [584/4500] 721eb361-5b16-4fa9-be5b-f78a9e5dd24d: cophenetic index 2682; 2.6 s; peak memory 454 MiB.
2026-10-06T17:54:34Z INFO [585/4500] 721f46e6-75a5-4298-9fe4-b0ee471973f9: cophenetic index 2625; 1.4 s; peak memory 454 MiB.
2026-10-06T17:54:35Z INFO [586/4500] 721ffb6e-7c82-487c-8419-de991798ea1a: cophenetic index 2974; 1.3 s; peak memory 454 MiB.
2026-10-06T17:54:37Z INFO [587/4500] 72200996-644a-4b8d-b6f2-a0bf955b82e3: cophenetic index 3087; 1.4 s; peak memory 454 MiB.
2026-10-06T17:54:38Z INFO [588/4500] 7220cf18-35b7-429d-a6e2-014e36e65490: cophenetic index 624; 1.1 s; peak memory 454 MiB.
2026-10-06T17:54:39Z INFO [589/4500] 7220cfb0-46d3-4796-b91d-89cf4b346ac0: cophenetic index 490; 0.9 s; peak memory 454 MiB.
2026-10-06T17:54:40Z INFO [590/4500] 72213db2-dd67-4f0f-abad-da0bd9a1c2ad: cophenetic index 624; 1.2 s; peak memory 454 MiB.
2026-10-06T17:54:41Z INFO [591/4500] 72225073-ed7f-4136-8880-05f2c9230723: cophenetic index 23996; 1.4 s; peak memory 454 MiB.
2026-10-06T17:54:44Z INFO [592/4500] 7222b116-3d65-4a6d-945d-01f44492770d: cophenetic index 2402; 2.9 s; peak memory 454 MiB.
2026-10-06T17:54:46Z INFO [593/4500] 7223966e-5ead-4669-b92f-88acce2eac0c: cophenetic index 2625; 1.6 s; peak memory 454 MiB.
2026-10-06T17:54:48Z INFO [594/4500] 7224a8c9-688c-484b-80b9-48de2d55068d: cophenetic index 2625; 2.0 s; peak memory 454 MiB.
2026-10-06T17:54:52Z INFO [595/4500] 7224e7e3-6a9f-420d-9c9b-1f53a917f03d: cophenetic index 5473; 3.7 s; peak memory 454 MiB.
2026-10-06T17:54:53Z INFO [596/4500] 72252655-ac5b-41fe-a580-868b711d0ec6: cophenetic index 2974; 1.6 s; peak memory 454 MiB.
2026-10-06T17:54:54Z INFO [597/4500] 7225322a-ea36-4c39-9490-27b37b6f76e3: cophenetic index 624; 1.1 s; peak memory 454 MiB.
2026-10-06T17:54:55Z INFO [598/4500] 72265786-49f4-485b-a1d1-21b14fecda10: cophenetic index 431; 1.1 s; peak memory 454 MiB.
2026-10-06T17:54:57Z INFO [599/4500] 72265bda-4ab9-4127-84e6-5c5f349513e3: cophenetic index 624; 1.2 s; peak memory 454 MiB.
2026-10-06T17:55:06Z INFO [600/4500] 722680f3-efc8-424c-a385-bbcf45bb87d9: cophenetic index 87527; 9.3 s; peak memory 454 MiB.
2026-10-06T17:55:06Z INFO [600/4500] 722680f3-efc8-424c-a385-bbcf45bb87d9: checkpointed 101698 records.
2026-10-06T17:55:08Z INFO [601/4500] 7226a973-87ec-412b-a916-ea2fbac7c936: cophenetic index 33986; 2.1 s; peak memory 454 MiB.
2026-10-06T17:55:16Z INFO [602/4500] 7226b98d-9839-40cd-8d02-cd997385200c: cophenetic index 87573; 8.1 s; peak memory 454 MiB.
2026-10-06T17:55:18Z INFO [603/4500] 7226f1e0-de53-4c43-b7c4-7f3181ea986c: cophenetic index 2496; 1.8 s; peak memory 454 MiB.
2026-10-06T17:55:19Z INFO [604/4500] 7227f85c-8f18-4c5b-a589-73189b776b8e: cophenetic index 627; 1.0 s; peak memory 454 MiB.
2026-10-06T17:55:21Z INFO [605/4500] 722838b3-9151-4c14-b155-e04ce61ba637: cophenetic index 850; 1.8 s; peak memory 454 MiB.
2026-10-06T17:55:23Z INFO [606/4500] 72291310-3525-4135-8e06-c6c250ad0e45: cophenetic index 1047; 1.7 s; peak memory 454 MiB.
2026-10-06T17:55:35Z INFO [607/4500] 72291a60-3853-499c-9fbd-533668897ea1: cophenetic index 226361; 12.6 s; peak memory 454 MiB.
2026-10-06T17:55:37Z INFO [608/4500] 72293d2d-20fc-44ac-80bf-40c41916d50f: cophenetic index 620; 1.6 s; peak memory 454 MiB.
2026-10-06T17:56:11Z INFO [609/4500] 72296cf7-2104-4313-903a-5c644ed2d221: cophenetic index 20696072; 34.1 s; peak memory 454 MiB.
2026-10-06T17:56:19Z INFO [610/4500] 7229921f-bc82-43e1-98a0-2bf68e591ef9: cophenetic index 110720; 8.3 s; peak memory 454 MiB.
2026-10-06T17:56:20Z INFO [611/4500] 722a0a0d-e349-4d2a-9196-e955795437d0: cophenetic index 624; 1.2 s; peak memory 454 MiB.
2026-10-06T17:56:28Z INFO [612/4500] 722a7237-0ae0-4a66-bd4e-f7f5d56e6c9b: cophenetic index 87573; 8.2 s; peak memory 454 MiB.
2026-10-06T17:56:30Z INFO [613/4500] 722a9bc2-ce0b-4b01-b3ba-8d1b5d8c913f: cophenetic index 994; 1.2 s; peak memory 454 MiB.
2026-10-06T17:56:31Z INFO [614/4500] 722b100d-4a8c-4c10-9a96-eea68de36daf: cophenetic index 624; 1.2 s; peak memory 454 MiB.
2026-10-06T17:56:32Z INFO [615/4500] 722b7bea-45c1-418e-bff7-c5769d103099: cophenetic index 490; 0.8 s; peak memory 454 MiB.
2026-10-06T17:56:42Z INFO [616/4500] 722be00f-8a5d-415d-9b63-24afae3358b4: cophenetic index 146125; 10.5 s; peak memory 454 MiB.
2026-10-06T17:56:44Z INFO [617/4500] 722c42a0-e486-4bfb-9263-1c8ceb02f97e: cophenetic index 33962; 1.6 s; peak memory 454 MiB.
2026-10-06T17:56:45Z INFO [618/4500] 722ccd2a-6c4f-4f3b-86c4-6987b4900871: cophenetic index 3004; 1.5 s; peak memory 454 MiB.
2026-10-06T17:56:47Z INFO [619/4500] 722db680-4a65-4c4a-87ed-d7aca7951df6: cophenetic index 33998; 1.8 s; peak memory 454 MiB.
2026-10-06T17:56:48Z INFO [620/4500] 72308daa-0a4d-49ec-9af9-efb7f168383e: cophenetic index 624; 1.3 s; peak memory 454 MiB.
2026-10-06T17:56:50Z INFO [621/4500] 72310873-9ff7-4a92-be7e-d8ab6a32b42a: cophenetic index 624; 1.2 s; peak memory 454 MiB.
2026-10-06T17:56:51Z INFO [622/4500] 7231a53c-fd00-434e-a62a-84a7cbb99481: cophenetic index 2844; 1.5 s; peak memory 454 MiB.
2026-10-06T17:56:52Z INFO [623/4500] 7232103c-13df-4756-a771-f328c9715d3d: cophenetic index 3087; 1.3 s; peak memory 454 MiB.
2026-10-06T17:56:58Z INFO [624/4500] 72322016-1c1e-453e-a0e8-a8dbadc52147: cophenetic index 79143; 5.8 s; peak memory 454 MiB.
2026-10-06T17:57:00Z INFO [625/4500] 72322f7f-b2f2-4737-ba38-752bfbab4739: cophenetic index 2625; 1.5 s; peak memory 454 MiB.
2026-10-06T17:57:01Z INFO [626/4500] 7233c1a8-b3d1-409f-9b4e-bb201e100011: cophenetic index 1346; 1.7 s; peak memory 454 MiB.
2026-10-06T17:57:03Z INFO [627/4500] 723457cc-41d2-4ae9-a7f5-8b2b8c6f7aef: cophenetic index 2625; 1.6 s; peak memory 454 MiB.
2026-10-06T17:57:05Z INFO [628/4500] 7234cfa9-7ceb-4c21-a167-0d32cdb69a74: cophenetic index 33998; 2.3 s; peak memory 454 MiB.
2026-10-06T17:57:07Z INFO [629/4500] 7234e52a-373b-49a2-bfa6-1f28b032c78d: cophenetic index 2625; 1.8 s; peak memory 454 MiB.
2026-10-06T17:57:17Z INFO [630/4500] 7235ec98-80f4-40a0-92b8-b7393382a6c2: cophenetic index 116093; 10.3 s; peak memory 454 MiB.
2026-10-06T17:57:24Z INFO [631/4500] 7235f037-61ee-44d9-a254-2d53dda0b7e6: cophenetic index 5466; 6.8 s; peak memory 454 MiB.
2026-10-06T17:57:25Z INFO [632/4500] 723675d3-aad9-4471-bf69-3df532092382: cophenetic index 624; 1.2 s; peak memory 454 MiB.
2026-10-06T17:57:30Z INFO [633/4500] 7236fed3-522c-46bd-aa06-f56ce19336a0: cophenetic index 31954; 4.8 s; peak memory 454 MiB.
2026-10-06T17:57:31Z INFO [634/4500] 723804a1-ed08-44c2-acce-8c833b115ec2: cophenetic index 490; 0.8 s; peak memory 454 MiB.
2026-10-06T17:57:32Z INFO [635/4500] 72384914-8cc6-4574-a68c-69975707fae2: cophenetic index 624; 1.1 s; peak memory 454 MiB.
2026-10-06T17:57:34Z INFO [636/4500] 72389ba3-c6bf-47de-aa3a-aa616e34f05a: cophenetic index 2570; 1.9 s; peak memory 454 MiB.
2026-10-06T17:57:35Z INFO [637/4500] 7238f2b3-58c9-4492-968f-9dc53c32e236: cophenetic index 1228; 1.2 s; peak memory 454 MiB.
2026-10-06T17:57:36Z INFO [638/4500] 72399295-89aa-4967-93e5-76b13caa8b74: cophenetic index 952; 1.1 s; peak memory 454 MiB.
2026-10-06T17:57:38Z INFO [639/4500] 72399dcf-ef4d-41c0-8f9b-e52594ab72be: cophenetic index 2625; 2.2 s; peak memory 454 MiB.
2026-10-06T17:57:40Z INFO [640/4500] 7239c222-980c-497b-8830-2999b11df440: cophenetic index 1949; 1.1 s; peak memory 454 MiB.
2026-10-06T17:57:41Z INFO [641/4500] 723a502b-0d3b-410d-9bea-198e38cba1fc: cophenetic index 431; 1.4 s; peak memory 454 MiB.
2026-10-06T17:57:50Z INFO [642/4500] 723ae4d1-65c3-4aa4-b2a6-5f2988853bc9: cophenetic index 6715; 8.8 s; peak memory 454 MiB.
2026-10-06T17:57:51Z INFO [643/4500] 723ba9b6-1e3c-47c2-b4c1-edba25b26ecf: cophenetic index 33968; 1.7 s; peak memory 454 MiB.
2026-10-06T17:57:53Z INFO [644/4500] 723c68c9-3dfe-4fb8-914e-d97bc299fc68: cophenetic index 624; 1.2 s; peak memory 454 MiB.
2026-10-06T17:57:54Z INFO [645/4500] 723d9508-b43f-4882-8ca2-8f82ab060a72: cophenetic index 725; 1.2 s; peak memory 454 MiB.
2026-10-06T17:57:55Z INFO [646/4500] 723d9d31-d808-4f52-b87a-711006547d6f: cophenetic index 605; 1.6 s; peak memory 454 MiB.
2026-10-06T17:57:57Z INFO [647/4500] 723da3e2-fdd8-431e-866f-c27b405c8d85: cophenetic index 1087; 2.0 s; peak memory 454 MiB.
2026-10-06T17:57:59Z INFO [648/4500] 723dbd68-c6fa-4353-95fe-6517e4d596b4: cophenetic index 2974; 1.4 s; peak memory 454 MiB.
2026-10-06T17:58:00Z INFO [649/4500] 723ea4ad-776f-41da-9cb9-af93e6c38a7a: cophenetic index 3087; 1.5 s; peak memory 454 MiB.
2026-10-06T17:58:06Z INFO [650/4500] 723f81d0-8906-4d31-8b9f-1768f8af97b3: cophenetic index 87573; 6.2 s; peak memory 454 MiB.
2026-10-06T17:58:07Z INFO [650/4500] 723f81d0-8906-4d31-8b9f-1768f8af97b3: checkpointed 101748 records.
2026-10-06T17:58:08Z INFO [651/4500] 72401807-72b2-42c3-91ba-0cdc3af7e1be: cophenetic index 1228; 0.9 s; peak memory 454 MiB.
2026-10-06T17:58:09Z INFO [652/4500] 7240d3dd-a825-4b1d-b8d1-9853e00b1ee2: cophenetic index 33968; 1.8 s; peak memory 454 MiB.
2026-10-06T17:58:11Z INFO [653/4500] 72410420-d1b2-4d67-a30e-97298f65e285: cophenetic index 2625; 2.1 s; peak memory 454 MiB.
2026-10-06T17:58:13Z INFO [654/4500] 724232ee-0123-4c81-8c37-930560815dc0: cophenetic index 624; 1.2 s; peak memory 454 MiB.
2026-10-06T17:58:14Z INFO [655/4500] 724242e0-0e77-4c13-9feb-5dc70f6151c1: cophenetic index 2920; 1.0 s; peak memory 454 MiB.
2026-10-06T17:58:21Z INFO [656/4500] 72425174-2b65-4938-9369-5f9cb32fed92: cophenetic index 12973; 7.1 s; peak memory 454 MiB.
2026-10-06T17:58:23Z INFO [657/4500] 72425d24-a36f-4d71-ab63-327bfa4d0633: cophenetic index 2521; 2.5 s; peak memory 454 MiB.
2026-10-06T17:58:31Z INFO [658/4500] 72435474-33c0-4e4c-a352-6546951a6479: cophenetic index 6715; 7.3 s; peak memory 454 MiB.
2026-10-06T17:58:44Z INFO [659/4500] 7244412e-2e85-4902-91f6-865f95df34f2: cophenetic index 183589; 13.3 s; peak memory 454 MiB.
2026-10-06T17:58:45Z INFO [660/4500] 724450fc-42a4-4fde-a238-ac7ef07f3692: cophenetic index 2625; 1.6 s; peak memory 454 MiB.
2026-10-06T17:58:48Z INFO [661/4500] 7244c8f2-dbc8-49bf-8b60-7053fca86820: cophenetic index 16043; 2.7 s; peak memory 454 MiB.
2026-10-06T17:58:49Z INFO [662/4500] 7244ddf7-d431-4a9c-b8ee-20e848397a3b: cophenetic index 661; 0.9 s; peak memory 454 MiB.
2026-10-06T17:58:51Z INFO [663/4500] 72451436-c5a7-4f44-a655-281ffcc9d66b: cophenetic index 3087; 1.5 s; peak memory 454 MiB.
2026-10-06T17:58:52Z INFO [664/4500] 72454966-7160-43bb-a5fe-30bc7ab63626: cophenetic index 624; 1.2 s; peak memory 454 MiB.
2026-10-06T17:58:53Z INFO [665/4500] 7245ac22-fa81-434f-8ecf-a65d758d5449: cophenetic index 3004; 1.4 s; peak memory 454 MiB.
2026-10-06T17:58:55Z INFO [666/4500] 72470a76-6b2c-4494-a5b7-81e3f481d84b: cophenetic index 2625; 1.9 s; peak memory 454 MiB.
2026-10-06T17:58:56Z INFO [667/4500] 724713d8-62d2-46e4-8ca0-e12c458fbb57: cophenetic index 624; 1.3 s; peak memory 454 MiB.
2026-10-06T17:58:58Z INFO [668/4500] 72471445-1793-4151-8390-3eb639b354bc: cophenetic index 649; 1.3 s; peak memory 454 MiB.
2026-10-06T17:58:59Z INFO [669/4500] 7247cbd0-2057-4f38-abee-dc6c90a9cd62: cophenetic index 3087; 1.5 s; peak memory 454 MiB.
2026-10-06T17:59:01Z INFO [670/4500] 72480860-3886-4f84-8e54-0af5d49da30a: cophenetic index 2625; 1.8 s; peak memory 454 MiB.
2026-10-06T17:59:02Z INFO [671/4500] 724852cc-20c7-4c10-b0e2-aae2ada8c9ec: cophenetic index 560; 1.0 s; peak memory 454 MiB.
2026-10-06T17:59:03Z INFO [672/4500] 724876ec-7295-464b-80b3-8b8de6ff3f94: cophenetic index 624; 1.1 s; peak memory 454 MiB.
2026-10-06T17:59:17Z INFO [673/4500] 72496679-3000-414a-b7b2-1028041b3603: cophenetic index 48475; 13.8 s; peak memory 454 MiB.
2026-10-06T17:59:18Z INFO [674/4500] 7249afba-4714-4cde-960b-a92d2ba6773e: cophenetic index 490; 0.9 s; peak memory 454 MiB.
2026-10-06T17:59:19Z INFO [675/4500] 724b1b82-a191-4383-880d-93da82b3b9df: cophenetic index 3087; 1.4 s; peak memory 454 MiB.
2026-10-06T17:59:27Z INFO [676/4500] 724cfd95-f683-4283-8006-5c137ceed7ac: cophenetic index 12100; 8.2 s; peak memory 454 MiB.
2026-10-06T17:59:28Z INFO [677/4500] 724dc10e-ea3a-454e-9e18-28f59f66d0bd: cophenetic index 624; 1.0 s; peak memory 454 MiB.
2026-10-06T17:59:29Z INFO [678/4500] 724dc739-d5ca-496c-97c2-a1b517a1959c: cophenetic index 579; 0.8 s; peak memory 454 MiB.
2026-10-06T17:59:32Z INFO [679/4500] 724dc822-8b35-471f-9d34-bcb05fcb9d47: cophenetic index 624; 3.4 s; peak memory 454 MiB.
2026-10-06T17:59:34Z INFO [680/4500] 724e5411-182f-4bd8-bec9-aaac1f5930e7: cophenetic index 1087; 1.6 s; peak memory 454 MiB.
2026-10-06T17:59:37Z INFO [681/4500] 724e6b03-bbb4-4dce-a415-efe789662db7: cophenetic index 4015; 3.3 s; peak memory 454 MiB.
2026-10-06T17:59:39Z INFO [682/4500] 724e7270-f79b-4065-8595-7ff0d7d58484: cophenetic index 2974; 1.5 s; peak memory 454 MiB.
2026-10-06T17:59:43Z INFO [683/4500] 724ed0cc-03cd-4382-98f6-b78682c0c801: cophenetic index 4849; 4.3 s; peak memory 454 MiB.
2026-10-06T17:59:45Z INFO [684/4500] 724efa4a-18e6-4ac0-8893-7787e6223a53: cophenetic index 23364; 1.5 s; peak memory 454 MiB.
2026-10-06T17:59:50Z INFO [685/4500] 724f053e-dfc6-4f66-8f15-75dd0f555a32: cophenetic index 18122; 5.6 s; peak memory 454 MiB.
2026-10-06T17:59:52Z INFO [686/4500] 724f3c37-4caf-48fc-a2eb-3f1b5d5adbd6: cophenetic index 3004; 1.3 s; peak memory 454 MiB.
2026-10-06T18:00:03Z INFO [687/4500] 72500b4d-dc64-4889-905e-564b1c98fa58: cophenetic index 48262; 11.9 s; peak memory 454 MiB.
2026-10-06T18:00:05Z INFO [688/4500] 7250eb3e-5628-459a-82d9-1224d0c57a15: cophenetic index 3087; 1.4 s; peak memory 454 MiB.
2026-10-06T18:00:06Z INFO [689/4500] 7250f2bb-0b85-4231-bd25-b778c8a1b377: cophenetic index 624; 1.1 s; peak memory 454 MiB.
2026-10-06T18:00:07Z INFO [690/4500] 72514e8b-bdd3-4044-8e77-45967f8e356c: cophenetic index 579; 0.8 s; peak memory 454 MiB.
2026-10-06T18:00:08Z INFO [691/4500] 72519c65-e737-4d12-9934-ef6695546a9e: cophenetic index 624; 1.2 s; peak memory 454 MiB.
2026-10-06T18:00:09Z INFO [692/4500] 7251e47f-42a7-4151-b12a-c983835640bc: cophenetic index 651; 0.9 s; peak memory 454 MiB.
2026-10-06T18:00:10Z INFO [693/4500] 7252925e-4c34-40de-be27-ff3af50e05f6: cophenetic index 624; 1.1 s; peak memory 454 MiB.
2026-10-06T18:00:16Z INFO [694/4500] 72543106-8786-43ae-a474-21c29348e6aa: cophenetic index 41959; 5.9 s; peak memory 454 MiB.
2026-10-06T18:00:17Z INFO [695/4500] 72547706-3078-45ad-b472-91cfdcc84c18: cophenetic index 624; 1.2 s; peak memory 454 MiB.
2026-10-06T18:00:18Z INFO [696/4500] 7254866c-e296-4143-8bd2-6e0ab3255824: cophenetic index 649; 1.3 s; peak memory 454 MiB.
2026-10-06T18:00:21Z INFO [697/4500] 7254fafb-a018-4849-b777-42d0dd86e05a: cophenetic index 42542; 2.4 s; peak memory 454 MiB.
2026-10-06T18:00:22Z INFO [698/4500] 72550098-9458-4be8-aa90-3c01fb6b55d5: cophenetic index 649; 1.5 s; peak memory 454 MiB.
2026-10-06T18:00:23Z INFO [699/4500] 7255119a-f4ea-453b-8ee2-2d5a71447cd2: cophenetic index 431; 1.0 s; peak memory 454 MiB.
2026-10-06T18:00:25Z INFO [700/4500] 72561e76-07ca-42c7-a483-3aebf317a8de: cophenetic index 653; 2.1 s; peak memory 454 MiB.
2026-10-06T18:00:26Z INFO [700/4500] 72561e76-07ca-42c7-a483-3aebf317a8de: checkpointed 101798 records.
2026-10-06T18:00:27Z INFO [701/4500] 7256393a-fca7-411a-b209-7c0121af58b7: cophenetic index 33968; 1.7 s; peak memory 454 MiB.
2026-10-06T18:00:29Z INFO [702/4500] 72564336-e3a2-49f6-9713-32d71c4ffc12: cophenetic index 2625; 2.0 s; peak memory 454 MiB.
2026-10-06T18:00:30Z INFO [703/4500] 725685f9-77e9-49dc-b07b-640937885c20: cophenetic index 624; 1.1 s; peak memory 454 MiB.
2026-10-06T18:00:39Z INFO [704/4500] 72569c14-436d-41ce-87fe-5a2fdd128491: cophenetic index 127487; 8.8 s; peak memory 454 MiB.
2026-10-06T18:00:41Z INFO [705/4500] 7256b429-b7c5-49d2-be59-36eaf13c663d: cophenetic index 4586; 1.6 s; peak memory 454 MiB.
2026-10-06T18:00:55Z INFO [706/4500] 72571d84-f1e8-4c0a-8bd5-0dd6d3ef437c: cophenetic index 103013; 13.8 s; peak memory 454 MiB.
2026-10-06T18:00:56Z INFO [707/4500] 7257da2f-4144-4be8-80a8-4b71743c567d: cophenetic index 2974; 1.5 s; peak memory 454 MiB.
2026-10-06T18:00:58Z INFO [708/4500] 7257f943-1c21-473b-ab8b-8054f8bd7b94: cophenetic index 33986; 1.7 s; peak memory 454 MiB.
2026-10-06T18:01:01Z INFO [709/4500] 7257fe44-a268-42f5-960d-946bad7c2a02: cophenetic index 4015; 3.1 s; peak memory 454 MiB.
2026-10-06T18:01:02Z INFO [710/4500] 72589802-c8c7-46a0-b92c-af4126ed0aed: cophenetic index 624; 1.1 s; peak memory 454 MiB.
2026-10-06T18:01:03Z INFO [711/4500] 72595045-30b8-41d4-91cc-58b873db2d31: cophenetic index 624; 1.2 s; peak memory 454 MiB.
2026-10-06T18:01:04Z INFO [712/4500] 7259dd8b-6cc6-4b88-8f9a-65b0bd85db8f: cophenetic index 624; 1.3 s; peak memory 454 MiB.
2026-10-06T18:01:06Z INFO [713/4500] 725a4fb2-da60-44ef-99c3-caf8ec554418: cophenetic index 3004; 1.3 s; peak memory 454 MiB.
2026-10-06T18:01:07Z INFO [714/4500] 725b12d0-da2c-48b1-8997-46900d20c10a: cophenetic index 23510; 1.7 s; peak memory 454 MiB.
2026-10-06T18:01:09Z INFO [715/4500] 725b4b1a-5e48-4ea3-b90c-14eb8d433d53: cophenetic index 624; 1.1 s; peak memory 454 MiB.
2026-10-06T18:01:11Z INFO [716/4500] 725c59bd-36e7-49b2-8a61-a9183dda64e3: cophenetic index 1733; 2.9 s; peak memory 454 MiB.
2026-10-06T18:01:13Z INFO [717/4500] 725c6ef1-e739-49cd-948a-e621a6b7ee61: cophenetic index 3004; 1.4 s; peak memory 454 MiB.
2026-10-06T18:01:14Z INFO [718/4500] 725d7d1b-041d-4eae-a274-7b00a692c5b1: cophenetic index 624; 1.6 s; peak memory 454 MiB.
2026-10-06T18:01:16Z INFO [719/4500] 725dd34e-b6cc-4f5a-bb60-ca89af385f08: cophenetic index 2625; 1.8 s; peak memory 454 MiB.
2026-10-06T18:01:17Z INFO [720/4500] 725de4b5-e0e6-4bb4-8b87-e42766977c17: cophenetic index 651; 0.9 s; peak memory 454 MiB.
2026-10-06T18:01:19Z INFO [721/4500] 725eb76e-75e7-4737-8efd-01b6cb6845a6: cophenetic index 590; 1.4 s; peak memory 454 MiB.
2026-10-06T18:01:20Z INFO [722/4500] 725ee1ed-1dd1-4f3e-a739-2976be593a24: cophenetic index 1748; 1.7 s; peak memory 454 MiB.
2026-10-06T18:01:22Z INFO [723/4500] 725efa49-ff35-4e6c-a641-f0faadd5f6ca: cophenetic index 3004; 1.5 s; peak memory 454 MiB.
2026-10-06T18:01:24Z INFO [724/4500] 725f8837-2a30-41d4-bc99-6134245365ab: cophenetic index 42542; 2.4 s; peak memory 454 MiB.
2026-10-06T18:01:26Z INFO [725/4500] 72600af2-4e60-4fdb-946f-11327aef674f: cophenetic index 3004; 1.6 s; peak memory 454 MiB.
2026-10-06T18:01:27Z INFO [726/4500] 726082d3-325c-4c09-b1f4-7740f98cc23a: cophenetic index 627; 1.3 s; peak memory 454 MiB.
2026-10-06T18:01:35Z INFO [727/4500] 7262808e-b2ef-4aa4-8b0f-a4093c77ae3d: cophenetic index 5466; 7.6 s; peak memory 454 MiB.
2026-10-06T18:01:46Z INFO [728/4500] 72633dd6-29ad-4b12-853e-407b7beb6275: cophenetic index 195172714; 11.0 s; peak memory 454 MiB.
2026-10-06T18:01:47Z INFO [729/4500] 72634507-d308-4a28-98f8-de8a4c7e7ad2: cophenetic index 3087; 1.2 s; peak memory 454 MiB.
2026-10-06T18:01:48Z INFO [730/4500] 72645d8f-cb5f-4de3-bba6-04bc668729da: cophenetic index 624; 1.2 s; peak memory 454 MiB.
2026-10-06T18:01:49Z INFO [731/4500] 726474c9-02ff-42e7-9f4b-e7c39c56f317: cophenetic index 3004; 1.5 s; peak memory 454 MiB.
2026-10-06T18:01:52Z INFO [732/4500] 7264c4e9-946f-4b67-9b20-492dcc563aaf: cophenetic index 2682; 3.0 s; peak memory 454 MiB.
2026-10-06T18:01:54Z INFO [733/4500] 726591c9-a034-4f43-9124-2f6a46689dc6: cophenetic index 624; 1.3 s; peak memory 454 MiB.
2026-10-06T18:02:26Z INFO [734/4500] 7265b287-4a7d-49f0-9bea-3b86648b7676: cophenetic index 31527138; 32.4 s; peak memory 454 MiB.
2026-10-06T18:02:31Z INFO [735/4500] 726675d1-3c44-45c7-bf1f-a0a94781844b: cophenetic index 22884; 4.9 s; peak memory 454 MiB.
2026-10-06T18:02:38Z INFO [736/4500] 7266ffb8-9bdc-47a2-bc9e-0ea0c7d72710: cophenetic index 5466; 6.7 s; peak memory 454 MiB.
2026-10-06T18:02:39Z INFO [737/4500] 72671cd0-fc63-485e-960b-11f603f160ff: cophenetic index 2625; 1.7 s; peak memory 454 MiB.
2026-10-06T18:02:44Z INFO [738/4500] 7268c946-5451-4b91-84fa-a43eb7463245: cophenetic index 25822; 4.4 s; peak memory 454 MiB.
2026-10-06T18:02:46Z INFO [739/4500] 72695f3e-0461-49a9-b4b6-d0ef3ec20c6e: cophenetic index 2609; 2.4 s; peak memory 454 MiB.
2026-10-06T18:02:48Z INFO [740/4500] 726a2e71-a3b2-4a2a-9ce5-187c309c09e0: cophenetic index 2056; 2.2 s; peak memory 454 MiB.
2026-10-06T18:02:50Z INFO [741/4500] 726a6e6a-43c7-479e-b025-9126413cc908: cophenetic index 624; 1.3 s; peak memory 454 MiB.
2026-10-06T18:02:59Z INFO [742/4500] 726acb24-94e2-4aa3-842e-f3f01eb65b0e: cophenetic index 426943; 9.4 s; peak memory 454 MiB.
2026-10-06T18:03:02Z INFO [743/4500] 726ae3bd-ae85-498b-b662-86b69b0b660b: cophenetic index 33998; 2.9 s; peak memory 454 MiB.
2026-10-06T18:03:03Z INFO [744/4500] 726caf88-049d-468d-ac2a-e88c422408b6: cophenetic index 3087; 1.4 s; peak memory 454 MiB.
2026-10-06T18:03:05Z INFO [745/4500] 726ce4b7-3d07-43d4-84af-83882bbd3513: cophenetic index 374; 1.1 s; peak memory 454 MiB.
2026-10-06T18:03:14Z INFO [746/4500] 726d5258-db3c-4a5a-90eb-ec7717b46667: cophenetic index 113985; 9.2 s; peak memory 454 MiB.
2026-10-06T18:03:15Z INFO [747/4500] 726de850-7ec8-4d3a-8b1b-57cd9559318c: cophenetic index 3004; 1.3 s; peak memory 454 MiB.
2026-10-06T18:03:16Z INFO [748/4500] 726ea29d-37a9-4904-a9fc-366a7022e80b: cophenetic index 751; 0.8 s; peak memory 454 MiB.
2026-10-06T18:03:27Z INFO [749/4500] 726ecc71-c0da-40e5-a7bd-0349ee23232f: cophenetic index 170880; 10.8 s; peak memory 454 MiB.
2026-10-06T18:03:29Z INFO [750/4500] 726f837c-48a9-4410-986c-ff5bc4220a95: cophenetic index 1380; 1.9 s; peak memory 454 MiB.
2026-10-06T18:03:29Z INFO [750/4500] 726f837c-48a9-4410-986c-ff5bc4220a95: checkpointed 101848 records.
2026-10-06T18:03:49Z INFO [751/4500] 7270a090-b3f5-4bba-adb3-03b04f405d4d: cophenetic index 681257; 20.6 s; peak memory 454 MiB.
2026-10-06T18:03:53Z INFO [752/4500] 7270c227-e6f9-4be0-b241-d9babe68ead1: cophenetic index 2402; 3.4 s; peak memory 454 MiB.
2026-10-06T18:03:55Z INFO [753/4500] 7270dd24-8d0b-4e3b-aa10-d6446b78625b: cophenetic index 2625; 1.9 s; peak memory 454 MiB.
2026-10-06T18:03:59Z INFO [754/4500] 72717816-c3c6-403d-ac82-87757653a14f: cophenetic index 294087; 4.0 s; peak memory 454 MiB.
2026-10-06T18:04:00Z INFO [755/4500] 7271c262-cde2-4327-9338-112ce925349a: cophenetic index 3087; 1.4 s; peak memory 454 MiB.
2026-10-06T18:04:02Z INFO [756/4500] 7271c869-c09c-468c-a097-ef7930f7c8f7: cophenetic index 2923; 1.3 s; peak memory 454 MiB.
2026-10-06T18:04:03Z INFO [757/4500] 72730761-f51d-4037-877f-de54d20a9d96: cophenetic index 2625; 1.9 s; peak memory 454 MiB.
2026-10-06T18:04:05Z INFO [758/4500] 7273841c-0053-4683-b5cc-424b81aafaa0: cophenetic index 431; 1.3 s; peak memory 454 MiB.
2026-10-06T18:04:12Z INFO [759/4500] 72746e8d-67aa-46b4-b94f-32e302758588: cophenetic index 87573; 7.6 s; peak memory 454 MiB.
2026-10-06T18:04:14Z INFO [760/4500] 72748bd9-3bf2-446c-9e2e-22dabefbdeda: cophenetic index 3087; 1.4 s; peak memory 454 MiB.
2026-10-06T18:04:17Z INFO [761/4500] 7274add9-cdf3-4352-8548-f6488afba4a4: cophenetic index 6079; 2.8 s; peak memory 454 MiB.
2026-10-06T18:04:19Z INFO [762/4500] 72754cbe-b8e6-494b-a3db-95956befc585: cophenetic index 99150; 2.4 s; peak memory 454 MiB.
2026-10-06T18:04:20Z INFO [763/4500] 72756f3b-a4d5-49e6-9942-bc0ebcab1523: cophenetic index 766; 1.4 s; peak memory 454 MiB.
2026-10-06T18:04:22Z INFO [764/4500] 72757400-32b9-4532-9cf2-dfafc74db239: cophenetic index 624; 1.1 s; peak memory 454 MiB.
2026-10-06T18:04:23Z INFO [765/4500] 72762837-25c6-488d-b612-3efde48af8fe: cophenetic index 3057; 1.5 s; peak memory 454 MiB.
2026-10-06T18:04:30Z INFO [766/4500] 7276cdea-3880-4487-a3a4-976da2cb28b5: cophenetic index 75810; 6.9 s; peak memory 454 MiB.
2026-10-06T18:04:32Z INFO [767/4500] 7276df2b-8168-49cb-ab7a-3539d7834afa: cophenetic index 2609; 2.5 s; peak memory 454 MiB.
2026-10-06T18:04:34Z INFO [768/4500] 72788580-5221-4522-a573-57193a8d5894: cophenetic index 2974; 1.4 s; peak memory 454 MiB.
2026-10-06T18:04:35Z INFO [769/4500] 727932f1-83c1-4a14-9bb2-33681aabdd0b: cophenetic index 1087; 1.6 s; peak memory 454 MiB.
2026-10-06T18:04:37Z INFO [770/4500] 72798500-0e38-40a0-b9da-50ca93291c83: cophenetic index 624; 1.4 s; peak memory 454 MiB.
2026-10-06T18:04:38Z INFO [771/4500] 727a4b5b-9f93-4b47-b8c6-ac90c8498d74: cophenetic index 3004; 1.6 s; peak memory 454 MiB.
2026-10-06T18:04:46Z INFO [772/4500] 727a54e3-77ee-4afd-bc7f-4d1e139282cf: cophenetic index 6715; 7.7 s; peak memory 454 MiB.
2026-10-06T18:04:48Z INFO [773/4500] 727b015e-16bd-4f4f-a651-123e1ea12437: cophenetic index 2551; 1.5 s; peak memory 454 MiB.
2026-10-06T18:04:49Z INFO [774/4500] 727b8429-7bda-4e2b-bfe0-8df7d1dc1184: cophenetic index 516; 1.8 s; peak memory 454 MiB.
2026-10-06T18:04:50Z INFO [775/4500] 727bca88-6af1-4060-8e7c-206253498910: cophenetic index 490; 0.7 s; peak memory 454 MiB.
2026-10-06T18:04:52Z INFO [776/4500] 727de2a8-f9c6-4647-b59e-aa010fa954d3: cophenetic index 33986; 1.7 s; peak memory 454 MiB.
2026-10-06T18:04:53Z INFO [777/4500] 727dfe92-dddb-4e35-af20-64d08fc7020e: cophenetic index 2625; 1.5 s; peak memory 454 MiB.
2026-10-06T18:04:55Z INFO [778/4500] 727e779d-5b90-430a-a4d0-ed79cbb3da65: cophenetic index 624; 1.2 s; peak memory 454 MiB.
2026-10-06T18:04:56Z INFO [779/4500] 727ecc5f-75e0-479c-b8d3-95b4d054fca8: cophenetic index 3087; 1.5 s; peak memory 454 MiB.
2026-10-06T18:04:58Z INFO [780/4500] 727ed77b-1a8b-4963-81c8-cd6a35832063: cophenetic index 3004; 1.6 s; peak memory 454 MiB.
2026-10-06T18:05:00Z INFO [781/4500] 727eeab9-7ced-4dbf-bdca-eda913efb46f: cophenetic index 326483; 2.4 s; peak memory 454 MiB.
2026-10-06T18:05:03Z INFO [782/4500] 727f9e7d-01ab-4d93-aea1-dfa183b78909: cophenetic index 2299; 3.0 s; peak memory 454 MiB.
2026-10-06T18:05:04Z INFO [783/4500] 728033a2-e6ed-409a-982d-f2ae54eb60eb: cophenetic index 1544; 1.3 s; peak memory 454 MiB.
2026-10-06T18:05:06Z INFO [784/4500] 7280a75f-7d3d-4e47-a275-11878f801556: cophenetic index 1781; 1.2 s; peak memory 454 MiB.
2026-10-06T18:05:08Z INFO [785/4500] 72818fff-6b4e-45f6-9a57-48170d3cbde9: cophenetic index 2682; 3.0 s; peak memory 454 MiB.
2026-10-06T18:05:10Z INFO [786/4500] 7281b60d-5924-4fd7-91d9-e80695ca1612: cophenetic index 624; 1.2 s; peak memory 454 MiB.
2026-10-06T18:05:11Z INFO [787/4500] 72822d36-4027-47e0-b6e5-d1c97d223c49: cophenetic index 23436; 1.5 s; peak memory 454 MiB.
2026-10-06T18:05:21Z INFO [788/4500] 7282d5f9-4eef-415d-9ec1-f4fd759d2abc: cophenetic index 162235857; 9.6 s; peak memory 454 MiB.
2026-10-06T18:05:22Z INFO [789/4500] 7282f655-e7c4-4370-ac14-25518f17bcac: cophenetic index 23364; 1.5 s; peak memory 454 MiB.
2026-10-06T18:05:24Z INFO [790/4500] 7282fdcb-8812-469c-b3ee-d6076a486962: cophenetic index 33986; 1.4 s; peak memory 454 MiB.
2026-10-06T18:05:27Z INFO [791/4500] 7283a355-4d89-45dc-9492-5348bdbf2536: cophenetic index 5473; 3.7 s; peak memory 454 MiB.
2026-10-06T18:05:28Z INFO [792/4500] 72852362-aba3-4f2e-9b46-013484ea9524: cophenetic index 624; 1.1 s; peak memory 454 MiB.
2026-10-06T18:05:34Z INFO [793/4500] 728592d7-d81a-40d3-a0ed-885c391e09c2: cophenetic index 42458; 5.9 s; peak memory 454 MiB.
2026-10-06T18:05:37Z INFO [794/4500] 7286266f-d687-4469-aa1f-dad0d3cc5306: cophenetic index 2682; 2.3 s; peak memory 454 MiB.
2026-10-06T18:05:43Z INFO [795/4500] 728725a6-d1b0-4557-8e5c-9f6eff10b817: cophenetic index 9548; 6.8 s; peak memory 454 MiB.
2026-10-06T18:05:45Z INFO [796/4500] 728751ed-9b3b-4fd8-a219-0ebd90c71cb4: cophenetic index 624; 1.4 s; peak memory 454 MiB.
2026-10-06T18:05:46Z INFO [797/4500] 72883273-7de0-4314-9b50-5a82c81754c5: cophenetic index 624; 1.1 s; peak memory 454 MiB.
2026-10-06T18:05:47Z INFO [798/4500] 7288a38f-a406-4b6e-b959-d70db927b18c: cophenetic index 555; 1.2 s; peak memory 454 MiB.
2026-10-06T18:05:48Z INFO [799/4500] 72890693-4b3c-4061-8304-ba369c35c1de: cophenetic index 3004; 1.3 s; peak memory 454 MiB.
2026-10-06T18:05:51Z INFO [800/4500] 728950f3-b662-42be-bfad-68a0d0a0fd8c: cophenetic index 2880; 2.3 s; peak memory 454 MiB.
2026-10-06T18:05:51Z INFO [800/4500] 728950f3-b662-42be-bfad-68a0d0a0fd8c: checkpointed 101898 records.
2026-10-06T18:05:53Z INFO [801/4500] 72895a03-9c1e-48f0-b154-d077473e75bd: cophenetic index 3004; 1.7 s; peak memory 454 MiB.
2026-10-06T18:05:54Z INFO [802/4500] 728aa144-c766-4246-a2a4-61a7b6acce23: cophenetic index 3087; 1.2 s; peak memory 454 MiB.
2026-10-06T18:05:58Z INFO [803/4500] 728be426-f611-4e11-afa1-b42d643032f2: cophenetic index 5473; 3.8 s; peak memory 454 MiB.
2026-10-06T18:06:00Z INFO [804/4500] 728c0f51-b23e-4eef-8eb5-6b033e28351a: cophenetic index 1614; 2.3 s; peak memory 454 MiB.
2026-10-06T18:06:01Z INFO [805/4500] 728c74fe-b827-44e4-bb61-c79fb274a538: cophenetic index 3004; 1.3 s; peak memory 454 MiB.
2026-10-06T18:06:03Z INFO [806/4500] 728ce827-1d3a-49bf-aa54-99b32207110f: cophenetic index 2625; 2.2 s; peak memory 454 MiB.
2026-10-06T18:06:05Z INFO [807/4500] 728d7c84-947d-4c7a-83fa-8cfb2ad7fcf3: cophenetic index 624; 1.0 s; peak memory 454 MiB.
2026-10-06T18:06:06Z INFO [808/4500] 728d869b-6491-495f-a774-42a147358c7c: cophenetic index 2625; 1.5 s; peak memory 454 MiB.
2026-10-06T18:06:08Z INFO [809/4500] 728d8da6-8c26-42dc-9225-577668671e98: cophenetic index 2625; 1.6 s; peak memory 454 MiB.
2026-10-06T18:06:10Z INFO [810/4500] 728ddef4-e9c5-43fd-a281-e77aee2027ad: cophenetic index 809; 2.2 s; peak memory 454 MiB.
2026-10-06T18:06:11Z INFO [811/4500] 728df8fb-f7a8-415c-a82d-5584363ea130: cophenetic index 624; 1.2 s; peak memory 454 MiB.
2026-10-06T18:06:12Z INFO [812/4500] 728e1b81-9ac7-432f-9283-0b8ee54ef9b9: cophenetic index 624; 1.2 s; peak memory 454 MiB.
2026-10-06T18:06:18Z INFO [813/4500] 728f2fc3-a3c3-4a1a-a309-a691f9e768a2: cophenetic index 47998; 6.2 s; peak memory 454 MiB.
2026-10-06T18:06:20Z INFO [814/4500] 728f9e96-6f20-4480-9ece-5b9a01d13f62: cophenetic index 2570; 1.8 s; peak memory 454 MiB.
2026-10-06T18:06:21Z INFO [815/4500] 728ff3bf-76ef-456d-a475-8b161ace027b: cophenetic index 624; 1.3 s; peak memory 454 MiB.
2026-10-06T18:06:23Z INFO [816/4500] 728ff573-8cb9-4886-b556-17b30c299f23: cophenetic index 3004; 1.3 s; peak memory 454 MiB.
2026-10-06T18:06:25Z INFO [817/4500] 729090aa-5a6a-4732-b1a0-2092377d869a: cophenetic index 2105; 2.3 s; peak memory 454 MiB.
2026-10-06T18:06:27Z INFO [818/4500] 72937e42-ccb2-4322-b257-1220679e9cc6: cophenetic index 26986; 1.8 s; peak memory 454 MiB.
2026-10-06T18:06:35Z INFO [819/4500] 7293c58a-e100-4605-a482-6a170f8e4a5e: cophenetic index 15817; 8.2 s; peak memory 454 MiB.
2026-10-06T18:06:36Z INFO [820/4500] 7293de9c-656f-47f2-b943-50b66dc3421c: cophenetic index 624; 1.2 s; peak memory 454 MiB.
2026-10-06T18:06:48Z INFO [821/4500] 729445d2-0d99-4bea-bc1f-c9f67e61f303: cophenetic index 48355; 11.7 s; peak memory 454 MiB.
2026-10-06T18:06:49Z INFO [822/4500] 7295f034-6302-4ade-9499-b254d06da3e1: cophenetic index 719; 0.8 s; peak memory 454 MiB.
2026-10-06T18:06:50Z INFO [823/4500] 72972492-fc0d-46c5-a4e6-dc350b6a8bea: cophenetic index 2625; 1.7 s; peak memory 454 MiB.
2026-10-06T18:06:51Z INFO [824/4500] 729752dc-d011-43cb-9f2d-5199dda82a81: cophenetic index 490; 0.8 s; peak memory 454 MiB.
2026-10-06T18:06:54Z INFO [825/4500] 729755e4-63a5-47bd-9b2a-d4708401a1da: cophenetic index 3844; 3.2 s; peak memory 454 MiB.
2026-10-06T18:06:56Z INFO [826/4500] 72987717-dd0f-47cb-8764-669cc14246b6: cophenetic index 624; 1.3 s; peak memory 454 MiB.
2026-10-06T18:06:57Z INFO [827/4500] 7298cbfe-b5cb-4285-8da8-eeaef73be849: cophenetic index 624; 1.2 s; peak memory 454 MiB.
2026-10-06T18:06:58Z INFO [828/4500] 729b12c2-fd17-4fd7-90c2-f1de45b987bd: cophenetic index 2923; 1.5 s; peak memory 454 MiB.
2026-10-06T18:07:00Z INFO [829/4500] 729c3c15-5b4a-40e8-a1e5-e5291582e6cf: cophenetic index 3004; 1.4 s; peak memory 454 MiB.
2026-10-06T18:07:01Z INFO [830/4500] 729c7948-14d5-442e-a48b-e7988351efee: cophenetic index 3087; 1.4 s; peak memory 454 MiB.
2026-10-06T18:07:02Z INFO [831/4500] 729c95b1-3f54-43fc-9a12-aef8f49a00ae: cophenetic index 624; 1.2 s; peak memory 454 MiB.
2026-10-06T18:07:04Z INFO [832/4500] 729e6f6a-7338-4b24-b853-0527ff8b3f60: cophenetic index 624; 1.3 s; peak memory 454 MiB.
2026-10-06T18:07:05Z INFO [833/4500] 729f40b8-1c0d-4b09-8fca-23b303df8a9c: cophenetic index 2570; 1.4 s; peak memory 454 MiB.
2026-10-06T18:07:07Z INFO [834/4500] 729fea43-245d-412a-96dc-70619cbc5a52: cophenetic index 33968; 1.5 s; peak memory 454 MiB.
2026-10-06T18:07:16Z INFO [835/4500] 72a02432-4635-47ea-b6a3-303b0d47659f: cophenetic index 129087; 9.8 s; peak memory 454 MiB.
2026-10-06T18:07:17Z INFO [836/4500] 72a04fbc-ba3e-4fe4-a67d-e8086d0af63f: cophenetic index 490; 1.0 s; peak memory 454 MiB.
2026-10-06T18:07:19Z INFO [837/4500] 72a07b9d-f797-480b-bbe2-22ea1bafb530: cophenetic index 624; 1.1 s; peak memory 454 MiB.
2026-10-06T18:07:20Z INFO [838/4500] 72a0ea06-aa93-4dd3-ac65-d080546e8e10: cophenetic index 1993; 1.9 s; peak memory 454 MiB.
2026-10-06T18:07:21Z INFO [839/4500] 72a150d6-fc1d-4ced-a5c8-e97234b4b6f9: cophenetic index 729; 0.9 s; peak memory 454 MiB.
2026-10-06T18:07:23Z INFO [840/4500] 72a15b0d-ec43-49c1-848c-57a5489126ec: cophenetic index 3087; 1.4 s; peak memory 454 MiB.
2026-10-06T18:07:25Z INFO [841/4500] 72a1b670-388b-4d2a-b819-81ae2856761a: cophenetic index 99120; 2.2 s; peak memory 454 MiB.
2026-10-06T18:07:28Z INFO [842/4500] 72a2430b-1f07-4d5e-a396-26da0bdd371b: cophenetic index 2402; 3.2 s; peak memory 454 MiB.
2026-10-06T18:07:31Z INFO [843/4500] 72a25b26-cd11-4d6b-b2b8-833fd13973e7: cophenetic index 2402; 2.8 s; peak memory 454 MiB.
2026-10-06T18:07:37Z INFO [844/4500] 72a3d5c7-2fe9-42df-a47d-fa9111041aa5: cophenetic index 41159; 6.2 s; peak memory 454 MiB.
2026-10-06T18:07:49Z INFO [845/4500] 72a3e252-1982-4ba3-ac86-5a6b6590ee7d: cophenetic index 48337; 11.9 s; peak memory 454 MiB.
2026-10-06T18:07:57Z INFO [846/4500] 72a412c1-125c-49b6-9066-87904f6fc2b4: cophenetic index 84522; 8.4 s; peak memory 454 MiB.
2026-10-06T18:07:59Z INFO [847/4500] 72a449f6-43fa-438b-9d2a-124ae6d66710: cophenetic index 3004; 1.3 s; peak memory 454 MiB.
2026-10-06T18:08:00Z INFO [848/4500] 72a62f39-2156-4676-8aa0-647c6b5e0846: cophenetic index 3004; 1.4 s; peak memory 454 MiB.
2026-10-06T18:08:01Z INFO [849/4500] 72a6da0c-740f-4134-b95f-bd7982e3be82: cophenetic index 2625; 1.5 s; peak memory 454 MiB.
2026-10-06T18:08:03Z INFO [850/4500] 72a70df0-2d78-4cec-bbcb-7342b59c3343: cophenetic index 3087; 1.7 s; peak memory 454 MiB.
2026-10-06T18:08:03Z INFO [850/4500] 72a70df0-2d78-4cec-bbcb-7342b59c3343: checkpointed 101948 records.
2026-10-06T18:08:05Z INFO [851/4500] 72a78231-f74d-4b04-a7d0-bd0cc03dedf6: cophenetic index 624; 1.2 s; peak memory 454 MiB.
2026-10-06T18:08:06Z INFO [852/4500] 72a7a596-ce06-4dd8-a051-9954394f3a2f: cophenetic index 33986; 1.7 s; peak memory 454 MiB.
2026-10-06T18:08:09Z INFO [853/4500] 72a7ad76-48f0-46bd-b31b-391c4406da5b: cophenetic index 33998; 2.7 s; peak memory 454 MiB.
2026-10-06T18:08:10Z INFO [854/4500] 72a7c2fc-d84c-439e-8927-d2fafa9e583a: cophenetic index 1949; 1.4 s; peak memory 454 MiB.
2026-10-06T18:08:12Z INFO [855/4500] 72a81b0d-c169-4441-9c97-49f055c79cec: cophenetic index 2625; 1.7 s; peak memory 454 MiB.
2026-10-06T18:08:14Z INFO [856/4500] 72a8960c-8498-42aa-ac4a-e81ced579a56: cophenetic index 605; 1.4 s; peak memory 454 MiB.
2026-10-06T18:08:24Z INFO [857/4500] 72a8b954-823d-4b66-a034-3e40939881d8: cophenetic index 4956; 10.0 s; peak memory 454 MiB.
2026-10-06T18:08:25Z INFO [858/4500] 72a959bc-7ceb-4195-9c3a-272562a45c13: cophenetic index 624; 1.1 s; peak memory 454 MiB.
2026-10-06T18:08:26Z INFO [859/4500] 72a98308-ef02-4b77-89c0-d39bd456605f: cophenetic index 1087; 1.6 s; peak memory 454 MiB.
2026-10-06T18:08:38Z INFO [860/4500] 72a9d251-f29c-458a-916e-76251e22c651: cophenetic index 21899; 11.9 s; peak memory 454 MiB.
2026-10-06T18:08:45Z INFO [861/4500] 72aa2da0-75cc-4ff6-b587-059fe74ab2b4: cophenetic index 9548; 6.9 s; peak memory 454 MiB.
2026-10-06T18:08:46Z INFO [862/4500] 72abcfb8-a065-4325-8ee6-8c8cf5e91ae2: cophenetic index 624; 1.1 s; peak memory 454 MiB.
2026-10-06T18:08:47Z INFO [863/4500] 72abfedd-c235-4edb-950c-10f958a572b8: cophenetic index 624; 1.3 s; peak memory 454 MiB.
2026-10-06T18:08:49Z INFO [864/4500] 72acc1f1-eaec-41c4-9079-e9a02b1c0011: cophenetic index 624; 1.2 s; peak memory 454 MiB.
2026-10-06T18:08:50Z INFO [865/4500] 72acce38-2e92-4a4d-bcff-adcc17e263bb: cophenetic index 3087; 1.3 s; peak memory 454 MiB.
2026-10-06T18:08:51Z INFO [866/4500] 72acdf15-beb3-401a-a362-9c392ec69570: cophenetic index 23975; 1.3 s; peak memory 454 MiB.
2026-10-06T18:08:52Z INFO [867/4500] 72ad2a73-74a1-48f4-b030-2468920fdb17: cophenetic index 624; 1.2 s; peak memory 454 MiB.
2026-10-06T18:08:54Z INFO [868/4500] 72af00d0-1716-493e-b34a-54d9e56478ee: cophenetic index 3087; 1.5 s; peak memory 454 MiB.
2026-10-06T18:08:56Z INFO [869/4500] 72afc4e2-8329-4fd5-9603-1046572ae412: cophenetic index 33968; 1.8 s; peak memory 454 MiB.
2026-10-06T18:08:57Z INFO [870/4500] 72afe42f-8757-459b-8492-66316e68cc01: cophenetic index 23975; 1.5 s; peak memory 454 MiB.
2026-10-06T18:09:06Z INFO [871/4500] 72b01b69-8210-4e9d-8195-79f233358e29: cophenetic index 105810; 8.4 s; peak memory 454 MiB.
2026-10-06T18:09:07Z INFO [872/4500] 72b033e1-8307-48bc-a299-f3841e09534b: cophenetic index 624; 1.3 s; peak memory 454 MiB.
2026-10-06T18:09:08Z INFO [873/4500] 72b03efb-da73-4e39-b02d-d6070a8da856: cophenetic index 431; 0.9 s; peak memory 454 MiB.
2026-10-06T18:09:10Z INFO [874/4500] 72b29791-0e0c-4fca-8ae6-00c14919b7fc: cophenetic index 2625; 1.9 s; peak memory 454 MiB.
2026-10-06T18:09:11Z INFO [875/4500] 72b2fb76-8252-4da9-8696-f647b0c163d3: cophenetic index 624; 1.3 s; peak memory 454 MiB.
2026-10-06T18:09:13Z INFO [876/4500] 72b33dfc-ee09-4bfa-9f1c-cbd72267ac73: cophenetic index 3087; 1.7 s; peak memory 454 MiB.
2026-10-06T18:09:14Z INFO [877/4500] 72b3674a-ae1c-4c9b-b02b-dd596904db9a: cophenetic index 1025; 1.3 s; peak memory 454 MiB.
2026-10-06T18:09:16Z INFO [878/4500] 72b38c38-b922-4ce2-9499-0ac11abbba04: cophenetic index 2570; 1.5 s; peak memory 454 MiB.
2026-10-06T18:09:19Z INFO [879/4500] 72b3ce22-e8b3-42e3-89f9-f5cad779e328: cophenetic index 2682; 3.0 s; peak memory 454 MiB.
2026-10-06T18:09:30Z INFO [880/4500] 72b4c51f-ca6f-4dd9-b3f3-8d2189debf5a: cophenetic index 48262; 11.1 s; peak memory 454 MiB.
2026-10-06T18:09:31Z INFO [881/4500] 72b4f66c-ce7b-4002-baa3-d033bb73508e: cophenetic index 1228; 1.1 s; peak memory 454 MiB.
2026-10-06T18:09:32Z INFO [882/4500] 72b55233-b91d-441f-bcfe-cfd7ed13e25d: cophenetic index 3057; 1.5 s; peak memory 454 MiB.
2026-10-06T18:09:34Z INFO [883/4500] 72b55417-0b77-4dc6-b76b-eb609a978eab: cophenetic index 3087; 1.3 s; peak memory 454 MiB.
2026-10-06T18:09:35Z INFO [884/4500] 72b576f6-f464-40e5-9ea4-728c00a7d473: cophenetic index 3192; 1.4 s; peak memory 454 MiB.
2026-10-06T18:09:36Z INFO [885/4500] 72b5dec1-032a-44bb-b2e4-39bfe05a66d6: cophenetic index 3004; 1.2 s; peak memory 454 MiB.
2026-10-06T18:09:38Z INFO [886/4500] 72b6b497-8248-4f35-a48f-2f8515984dc1: cophenetic index 554; 1.5 s; peak memory 454 MiB.
2026-10-06T18:09:39Z INFO [887/4500] 72b717a7-07bc-4ab2-96fe-8a6a506c73d5: cophenetic index 624; 1.3 s; peak memory 454 MiB.
2026-10-06T18:09:40Z INFO [888/4500] 72b7c91b-7941-45e4-94b3-6f60f1ab8b56: cophenetic index 627; 1.1 s; peak memory 454 MiB.
2026-10-06T18:09:42Z INFO [889/4500] 72b8126e-099e-4855-ae77-2f40407745bb: cophenetic index 2844; 1.6 s; peak memory 454 MiB.
2026-10-06T18:09:53Z INFO [890/4500] 72b8445e-2fe3-4ced-8273-221c3a55b508: cophenetic index 16035; 11.0 s; peak memory 454 MiB.
2026-10-06T18:09:55Z INFO [891/4500] 72b8a9a4-ab2a-4482-8a63-64f695df17c7: cophenetic index 2636; 2.1 s; peak memory 454 MiB.
2026-10-06T18:09:56Z INFO [892/4500] 72b8d3dd-100d-40cd-8c1e-2db5f7912924: cophenetic index 624; 1.1 s; peak memory 454 MiB.
2026-10-06T18:09:59Z INFO [893/4500] 72b92f43-b950-4cc0-915a-c5f3757103ad: cophenetic index 99150; 2.8 s; peak memory 454 MiB.
2026-10-06T18:10:00Z INFO [894/4500] 72b97b8c-5b0f-49b1-bb04-cce46e27c617: cophenetic index 624; 1.1 s; peak memory 454 MiB.
2026-10-06T18:10:01Z INFO [895/4500] 72b990b6-8507-4067-ae22-f08ff11a7718: cophenetic index 3004; 1.2 s; peak memory 454 MiB.
2026-10-06T18:10:03Z INFO [896/4500] 72ba0bd0-7fa8-4fde-9534-c52924d8b9f7: cophenetic index 3087; 1.7 s; peak memory 454 MiB.
2026-10-06T18:10:04Z INFO [897/4500] 72ba5106-dbfb-4a75-9196-7d5d3bda3303: cophenetic index 605; 1.4 s; peak memory 454 MiB.
2026-10-06T18:10:05Z INFO [898/4500] 72bb0ee0-db3c-42c9-ad8c-f2c7c76c8688: cophenetic index 479; 1.2 s; peak memory 454 MiB.
2026-10-06T18:10:06Z INFO [899/4500] 72bbdcf8-9e97-4aa0-9149-9579f4d0f4d1: cophenetic index 433; 0.8 s; peak memory 454 MiB.
2026-10-06T18:10:10Z INFO [900/4500] 72bbf903-fb0c-4a56-b7a2-7555c3874f5f: cophenetic index 5473; 3.6 s; peak memory 454 MiB.
2026-10-06T18:10:10Z INFO [900/4500] 72bbf903-fb0c-4a56-b7a2-7555c3874f5f: checkpointed 101998 records.
2026-10-06T18:10:11Z INFO [901/4500] 72bc0b3d-2e9b-4bf6-8386-0111052798e9: cophenetic index 624; 1.2 s; peak memory 454 MiB.
2026-10-06T18:10:12Z INFO [902/4500] 72bc56d8-0d22-4db0-be8e-1c4c488648f8: cophenetic index 624; 1.2 s; peak memory 454 MiB.
2026-10-06T18:10:14Z INFO [903/4500] 72bc6aae-7ccb-4723-8097-c767f4509356: cophenetic index 2502; 1.4 s; peak memory 454 MiB.
2026-10-06T18:10:16Z INFO [904/4500] 72bdf09b-4ca0-4312-bcb1-bcfddc44ba17: cophenetic index 33998; 2.2 s; peak memory 454 MiB.
2026-10-06T18:10:18Z INFO [905/4500] 72bf31a4-4683-4191-80f8-4c798e0bd050: cophenetic index 2570; 1.8 s; peak memory 454 MiB.
2026-10-06T18:10:20Z INFO [906/4500] 72bf79ec-3864-4eff-a465-ee5352c0c100: cophenetic index 1009; 2.2 s; peak memory 454 MiB.
2026-10-06T18:10:21Z INFO [907/4500] 72bfa0be-d0cd-4d6d-bb45-e16321346366: cophenetic index 624; 1.1 s; peak memory 454 MiB.
2026-10-06T18:10:23Z INFO [908/4500] 72c04b92-c0b8-4031-898e-9bc63f082db6: cophenetic index 23200; 1.9 s; peak memory 454 MiB.
2026-10-06T18:10:25Z INFO [909/4500] 72c18b64-ff5a-4e09-8a76-bcdbfa110d24: cophenetic index 3004; 1.7 s; peak memory 454 MiB.
2026-10-06T18:10:26Z INFO [910/4500] 72c3de05-8d56-491b-9f8c-d40113f72591: cophenetic index 624; 1.1 s; peak memory 454 MiB.
2026-10-06T18:10:27Z INFO [911/4500] 72c3df45-db3f-4c77-970d-e57eed96796d: cophenetic index 624; 1.5 s; peak memory 454 MiB.
2026-10-06T18:10:29Z INFO [912/4500] 72c42426-47a5-4f8c-a559-9450d1927eff: cophenetic index 2625; 1.5 s; peak memory 454 MiB.
2026-10-06T18:10:30Z INFO [913/4500] 72c4b042-3ceb-4cde-aeab-39421b286541: cophenetic index 3004; 1.3 s; peak memory 454 MiB.
2026-10-06T18:10:32Z INFO [914/4500] 72c4c7ca-fb5e-459b-9b49-cbe45ba95faa: cophenetic index 33986; 1.7 s; peak memory 454 MiB.
2026-10-06T18:10:33Z INFO [915/4500] 72c509ae-340f-452a-834a-69fc556dd413: cophenetic index 624; 1.2 s; peak memory 454 MiB.
2026-10-06T18:10:34Z INFO [916/4500] 72c53e10-4cb1-4312-b387-37ae0ac37999: cophenetic index 643; 0.9 s; peak memory 454 MiB.
2026-10-06T18:11:18Z INFO [917/4500] 72c54934-0901-4b30-b9a3-55d5aaf69a89: cophenetic index 652917; 43.8 s; peak memory 454 MiB.
2026-10-06T18:11:33Z INFO [918/4500] 72c56b35-b4cc-4758-87bf-4f1fa126fd17: cophenetic index 218373; 15.7 s; peak memory 454 MiB.
2026-10-06T18:11:35Z INFO [919/4500] 72c58a47-7ccb-468b-9df9-a809ce682ee3: cophenetic index 30304; 1.7 s; peak memory 454 MiB.
2026-10-06T18:11:36Z INFO [920/4500] 72c5c47c-b8e9-4a8f-926d-a9bb924f370f: cophenetic index 624; 1.4 s; peak memory 454 MiB.
2026-10-06T18:11:38Z INFO [921/4500] 72c61a62-56af-4652-8f53-4405b907fac3: cophenetic index 624; 1.3 s; peak memory 454 MiB.
2026-10-06T18:11:39Z INFO [922/4500] 72c65c2f-ed27-4928-a169-7a9ffd8a035f: cophenetic index 3004; 1.4 s; peak memory 454 MiB.
2026-10-06T18:11:40Z INFO [923/4500] 72c6c3ee-dff8-4994-8f7d-cb4f0499c569: cophenetic index 624; 1.1 s; peak memory 454 MiB.
2026-10-06T18:11:42Z INFO [924/4500] 72c6ff04-23ee-4463-80c7-95388e337338: cophenetic index 1087; 1.9 s; peak memory 454 MiB.
2026-10-06T18:11:43Z INFO [925/4500] 72c749f0-0565-484d-80d3-cbb751c6af5d: cophenetic index 627; 1.1 s; peak memory 454 MiB.
2026-10-06T18:11:45Z INFO [926/4500] 72c77086-8af6-44f7-bf64-2cb429c3aaec: cophenetic index 2923; 1.5 s; peak memory 454 MiB.
2026-10-06T18:11:54Z INFO [927/4500] 72c885d4-da12-4b26-ace7-acfacaac0beb: cophenetic index 520159; 9.6 s; peak memory 454 MiB.
2026-10-06T18:11:58Z INFO [928/4500] 72c88c84-ccf1-4054-bdd4-3c91a671326a: cophenetic index 5473; 3.5 s; peak memory 454 MiB.
2026-10-06T18:11:59Z INFO [929/4500] 72c987b6-e6e0-49f8-87c5-c448f6d7c625: cophenetic index 624; 1.2 s; peak memory 454 MiB.
2026-10-06T18:12:02Z INFO [930/4500] 72c98cfa-46bb-4129-9171-818bbbd9ca10: cophenetic index 2391; 3.2 s; peak memory 454 MiB.
2026-10-06T18:12:12Z INFO [931/4500] 72cae4be-065d-4945-93a3-4789c4195e90: cophenetic index 195172714; 10.1 s; peak memory 454 MiB.
2026-10-06T18:12:14Z INFO [932/4500] 72cb9ec4-5ad3-4d85-90f0-5c429f8f812c: cophenetic index 2625; 2.2 s; peak memory 454 MiB.
2026-10-06T18:12:16Z INFO [933/4500] 72cc03bc-6706-44d5-9faf-638bd051703e: cophenetic index 624; 1.2 s; peak memory 454 MiB.
2026-10-06T18:12:17Z INFO [934/4500] 72cdd7d0-c8da-4f9a-99dd-db761469f2f1: cophenetic index 624; 1.4 s; peak memory 454 MiB.
2026-10-06T18:12:18Z INFO [935/4500] 72ce37fc-4022-4c92-9240-68855bf23a6b: cophenetic index 490; 0.9 s; peak memory 454 MiB.
2026-10-06T18:12:21Z INFO [936/4500] 72ce5a90-26ef-4e6e-89a9-f6adddccbd23: cophenetic index 4015; 3.5 s; peak memory 454 MiB.
2026-10-06T18:12:24Z INFO [937/4500] 72cfb666-1a2c-4c98-b110-44ae4a15c650: cophenetic index 2682; 2.5 s; peak memory 454 MiB.
2026-10-06T18:12:26Z INFO [938/4500] 72cffe1f-0cf4-4aec-abe6-de42eb283419: cophenetic index 2625; 2.0 s; peak memory 454 MiB.
2026-10-06T18:12:30Z INFO [939/4500] 72d09258-62d4-4c4e-9a78-8c77b61d922f: cophenetic index 1074; 3.6 s; peak memory 454 MiB.
2026-10-06T18:12:31Z INFO [940/4500] 72d11dff-7739-4e85-b5e8-c48e86f87c00: cophenetic index 30304; 1.8 s; peak memory 454 MiB.
2026-10-06T18:12:33Z INFO [941/4500] 72d21c08-4f60-4567-9611-f72bbc724d72: cophenetic index 624; 1.3 s; peak memory 454 MiB.
2026-10-06T18:12:34Z INFO [942/4500] 72d2aff5-7dec-4079-b2c9-08e4e6d27a76: cophenetic index 937; 1.8 s; peak memory 454 MiB.
2026-10-06T18:12:46Z INFO [943/4500] 72d3692c-865b-4cc9-b942-4c52b024427e: cophenetic index 47115; 11.5 s; peak memory 454 MiB.
2026-10-06T18:12:47Z INFO [944/4500] 72d42ef0-2e17-44d9-94ec-57a1081e1c8f: cophenetic index 490; 1.0 s; peak memory 454 MiB.
2026-10-06T18:12:48Z INFO [945/4500] 72d477c4-f86c-460b-9200-d54439fa1ef4: cophenetic index 3057; 1.3 s; peak memory 454 MiB.
2026-10-06T18:12:49Z INFO [946/4500] 72d7a2d9-1f8c-472a-846f-0624190005ae: cophenetic index 624; 1.2 s; peak memory 454 MiB.
2026-10-06T18:12:51Z INFO [947/4500] 72d7c37b-e200-4c4e-88e7-fa0c2ab9c9d0: cophenetic index 624; 1.1 s; peak memory 454 MiB.
2026-10-06T18:13:06Z INFO [948/4500] 72d82068-0cee-4ba9-9942-5fb233c8e6b2: cophenetic index 501113; 15.2 s; peak memory 454 MiB.
2026-10-06T18:13:14Z INFO [949/4500] 72d8f115-65e8-468a-995b-290f21a7f4b1: cophenetic index 172552; 8.6 s; peak memory 454 MiB.
2026-10-06T18:13:16Z INFO [950/4500] 72da2d2d-291f-4a76-8ac5-f31399cebb8f: cophenetic index 2496; 1.7 s; peak memory 454 MiB.
2026-10-06T18:13:16Z INFO [950/4500] 72da2d2d-291f-4a76-8ac5-f31399cebb8f: checkpointed 102048 records.
2026-10-06T18:13:17Z INFO [951/4500] 72da8a02-baa0-4088-8771-a4f13a7ff331: cophenetic index 624; 1.1 s; peak memory 454 MiB.
2026-10-06T18:13:19Z INFO [952/4500] 72dafcc5-8773-4f3e-8e00-522057c2cd70: cophenetic index 2570; 1.8 s; peak memory 454 MiB.
2026-10-06T18:13:20Z INFO [953/4500] 72dbc9f2-b4a3-466e-b6a1-2744c7f80ccd: cophenetic index 3972; 1.2 s; peak memory 454 MiB.
2026-10-06T18:13:34Z INFO [954/4500] 72dbf860-4daa-43fa-95b9-a31eab022121: cophenetic index 360360; 13.3 s; peak memory 454 MiB.
2026-10-06T18:13:35Z INFO [955/4500] 72dc1895-6fc1-4248-8448-6950d5329288: cophenetic index 2974; 1.2 s; peak memory 454 MiB.
2026-10-06T18:13:36Z INFO [956/4500] 72dd26ae-df65-46b1-b5bf-305bb6ea4a68: cophenetic index 3004; 1.3 s; peak memory 454 MiB.
2026-10-06T18:13:38Z INFO [957/4500] 72de4140-87d8-4da4-9c59-3f4e0faf4961: cophenetic index 2776; 1.3 s; peak memory 454 MiB.
2026-10-06T18:13:41Z INFO [958/4500] 72df458e-016c-4210-b81b-a73780ed04e2: cophenetic index 2391; 3.1 s; peak memory 454 MiB.
2026-10-06T18:13:42Z INFO [959/4500] 72df65eb-0185-42f2-8a67-03eb3aadfe6f: cophenetic index 3004; 1.5 s; peak memory 454 MiB.
2026-10-06T18:13:43Z INFO [960/4500] 72e138d4-07c9-4df6-a9ad-745c9bedfbee: cophenetic index 624; 1.3 s; peak memory 454 MiB.
2026-10-06T18:13:45Z INFO [961/4500] 72e15f15-d2c3-4ac7-890c-50a142d37338: cophenetic index 1949; 1.3 s; peak memory 454 MiB.
2026-10-06T18:13:46Z INFO [962/4500] 72e2b345-8034-4256-8563-94b281e65b0e: cophenetic index 624; 1.1 s; peak memory 454 MiB.
2026-10-06T18:14:00Z INFO [963/4500] 72e3258d-c80c-47a9-8f38-366fed6d176f: cophenetic index 49912; 14.3 s; peak memory 454 MiB.
2026-10-06T18:14:01Z INFO [964/4500] 72e35c81-5f72-40d8-b552-37fc7a959d09: cophenetic index 624; 1.2 s; peak memory 454 MiB.
2026-10-06T18:14:03Z INFO [965/4500] 72e4073f-b925-45f5-a52b-e322aaeee43f: cophenetic index 23206; 1.5 s; peak memory 454 MiB.
2026-10-06T18:14:04Z INFO [966/4500] 72e41673-3b1f-4c92-92e7-375ff75f0910: cophenetic index 423; 1.3 s; peak memory 454 MiB.
2026-10-06T18:14:05Z INFO [967/4500] 72e41a91-9306-4255-ad59-5cd437d7d861: cophenetic index 3087; 1.3 s; peak memory 454 MiB.
2026-10-06T18:14:07Z INFO [968/4500] 72e463a4-8db0-4725-a99e-6fa334d5ffda: cophenetic index 605; 1.3 s; peak memory 454 MiB.
2026-10-06T18:14:08Z INFO [969/4500] 72e4b6db-56e2-4acf-a666-fda3147bb4f8: cophenetic index 431; 1.1 s; peak memory 454 MiB.
2026-10-06T18:14:09Z INFO [970/4500] 72e529bb-0153-4c82-a417-6a02b68a6f61: cophenetic index 446; 0.9 s; peak memory 454 MiB.
2026-10-06T18:14:16Z INFO [971/4500] 72e55f6a-dca0-4d77-8a7c-57840da474eb: cophenetic index 55124; 6.8 s; peak memory 454 MiB.
2026-10-06T18:14:21Z INFO [972/4500] 72e56b8b-8476-4c25-aa0a-141cbc1ccb72: cophenetic index 87573; 5.7 s; peak memory 454 MiB.
2026-10-06T18:14:29Z INFO [973/4500] 72e74269-4855-490f-a95a-ef6eb1e2f544: cophenetic index 73060; 7.8 s; peak memory 454 MiB.
2026-10-06T18:14:31Z INFO [974/4500] 72e821b3-3777-4368-b248-83185b50d30f: cophenetic index 2625; 1.7 s; peak memory 454 MiB.
2026-10-06T18:14:32Z INFO [975/4500] 72e85655-55a8-4f2d-a378-be5380d589da: cophenetic index 3004; 1.4 s; peak memory 454 MiB.
2026-10-06T18:14:45Z INFO [976/4500] 72e8698f-557f-4bfc-8a81-17ecec68e2fd: cophenetic index 33309; 12.7 s; peak memory 454 MiB.
2026-10-06T18:14:47Z INFO [977/4500] 72e90d82-df5e-4529-9766-2466c1c73a22: cophenetic index 2625; 1.8 s; peak memory 454 MiB.
2026-10-06T18:14:48Z INFO [978/4500] 72ea2d63-b813-423e-a992-fecb87c54cce: cophenetic index 624; 1.2 s; peak memory 454 MiB.
2026-10-06T18:14:50Z INFO [979/4500] 72ea580f-c49e-4a96-933d-0a68a2fb80ed: cophenetic index 894; 1.8 s; peak memory 454 MiB.
2026-10-06T18:14:51Z INFO [980/4500] 72ea8368-55d4-4121-aec0-c0812be97a17: cophenetic index 2625; 1.1 s; peak memory 454 MiB.
2026-10-06T18:14:56Z INFO [981/4500] 72eaa141-b549-46d6-805d-8bfeb0fd81ba: cophenetic index 63740; 5.3 s; peak memory 454 MiB.
2026-10-06T18:15:04Z INFO [982/4500] 72eb1a37-4478-4b7a-a9b7-b845a2a488fc: cophenetic index 104899; 7.6 s; peak memory 454 MiB.
2026-10-06T18:15:09Z INFO [983/4500] 72eb7a7f-5cf2-48e2-a14e-240e5d2f34ca: cophenetic index 9298; 5.5 s; peak memory 454 MiB.
2026-10-06T18:15:10Z INFO [984/4500] 72eb9923-18a9-4a37-98e8-770249dc90d3: cophenetic index 560; 1.1 s; peak memory 454 MiB.
2026-10-06T18:15:12Z INFO [985/4500] 72ecade2-1e4e-4efa-a1ff-b667df394379: cophenetic index 23423; 1.7 s; peak memory 454 MiB.
2026-10-06T18:15:15Z INFO [986/4500] 72ee6262-6a83-4087-be3f-4db9fe56c83b: cophenetic index 20908; 2.8 s; peak memory 454 MiB.
2026-10-06T18:15:22Z INFO [987/4500] 72ef8530-366a-4782-a8a8-944719435fa0: cophenetic index 87573; 7.4 s; peak memory 454 MiB.
2026-10-06T18:15:24Z INFO [988/4500] 72ef8ac0-bf80-41e4-b2f2-c2d5f261a854: cophenetic index 754; 1.4 s; peak memory 454 MiB.
2026-10-06T18:15:25Z INFO [989/4500] 72ef9ee6-f62b-4b54-9d7a-2bf5802b9847: cophenetic index 3087; 1.3 s; peak memory 454 MiB.
2026-10-06T18:15:26Z INFO [990/4500] 72f00473-329d-445f-b8e7-7d4d06419f37: cophenetic index 3004; 1.3 s; peak memory 454 MiB.
2026-10-06T18:15:28Z INFO [991/4500] 72f0fefe-27ee-47ad-81ea-b618a790448a: cophenetic index 3004; 1.3 s; peak memory 454 MiB.
2026-10-06T18:15:29Z INFO [992/4500] 72f1022e-9257-4dc1-9a91-c61f2b12a0f1: cophenetic index 624; 1.2 s; peak memory 454 MiB.
2026-10-06T18:15:30Z INFO [993/4500] 72f1b449-1066-47d6-9002-75a2ed859d0c: cophenetic index 739; 1.0 s; peak memory 454 MiB.
2026-10-06T18:15:31Z INFO [994/4500] 72f20544-1e2b-4794-83d1-3ebcbd20fffd: cophenetic index 1228; 1.1 s; peak memory 454 MiB.
2026-10-06T18:15:32Z INFO [995/4500] 72f2be2f-94fe-4eea-8920-af7ad2a8050b: cophenetic index 3087; 1.4 s; peak memory 454 MiB.
2026-10-06T18:15:34Z INFO [996/4500] 72f46da8-e414-406e-b613-6adae2b2a096: cophenetic index 781; 1.7 s; peak memory 454 MiB.
2026-10-06T18:15:36Z INFO [997/4500] 72f47d0c-088c-4671-b0f6-90598ec49e16: cophenetic index 1087; 1.6 s; peak memory 454 MiB.
2026-10-06T18:15:37Z INFO [998/4500] 72f67e2b-c94b-4183-996c-00d673bc8789: cophenetic index 690; 1.0 s; peak memory 454 MiB.
2026-10-06T18:15:39Z INFO [999/4500] 72f73e5c-e887-409d-be13-0ad2bb68c07e: cophenetic index 554; 2.0 s; peak memory 454 MiB.
2026-10-06T18:15:41Z INFO [1000/4500] 72f7905a-0b01-44a3-99cc-fe69d3019bdf: cophenetic index 99150; 2.5 s; peak memory 454 MiB.
2026-10-06T18:15:41Z INFO [1000/4500] 72f7905a-0b01-44a3-99cc-fe69d3019bdf: checkpointed 102098 records.
2026-10-06T18:15:42Z INFO [1001/4500] 72f80ae7-da89-4e1e-aa1b-d879993b155a: cophenetic index 624; 1.2 s; peak memory 454 MiB.
2026-10-06T18:15:49Z INFO [1002/4500] 72f99dca-4bc8-42a8-a6a2-6452aa273d7b: cophenetic index 56507; 6.1 s; peak memory 454 MiB.
2026-10-06T18:15:50Z INFO [1003/4500] 72f9fca7-7640-4647-8e96-e458d866d531: cophenetic index 649; 1.3 s; peak memory 454 MiB.
2026-10-06T18:15:52Z INFO [1004/4500] 72fa199d-109e-4d55-91d7-55187716f74a: cophenetic index 33998; 2.5 s; peak memory 454 MiB.
2026-10-06T18:15:54Z INFO [1005/4500] 72fa89f9-1eee-41f6-9517-c0d5f50a75a8: cophenetic index 948; 1.6 s; peak memory 454 MiB.
2026-10-06T18:15:55Z INFO [1006/4500] 72faaff5-52f6-46bb-ac89-5fdc0ce34aca: cophenetic index 3057; 1.4 s; peak memory 454 MiB.
2026-10-06T18:15:57Z INFO [1007/4500] 72fb7e00-e0bc-4cc3-8972-eaf91eb08002: cophenetic index 649; 1.3 s; peak memory 454 MiB.
2026-10-06T18:15:58Z INFO [1008/4500] 72fbabd2-0177-4ba5-9cdc-9414096c167b: cophenetic index 634; 1.1 s; peak memory 454 MiB.
2026-10-06T18:15:59Z INFO [1009/4500] 72fc97f6-e8ff-4d4f-b43a-4a7af19b1cce: cophenetic index 624; 1.0 s; peak memory 454 MiB.
2026-10-06T18:16:10Z INFO [1010/4500] 72fd8119-5510-46b5-8229-634977091c9d: cophenetic index 195173008; 11.3 s; peak memory 454 MiB.
2026-10-06T18:16:14Z INFO [1011/4500] 72fdf1eb-7a55-4f31-a87c-3b56462baa9d: cophenetic index 1931; 3.5 s; peak memory 454 MiB.
2026-10-06T18:16:15Z INFO [1012/4500] 72fdfd7d-9afc-423f-ba74-0f5a5b5c4553: cophenetic index 624; 1.2 s; peak memory 454 MiB.
2026-10-06T18:16:16Z INFO [1013/4500] 72fe5664-620a-4a0d-8364-a03acc7592ea: cophenetic index 2570; 1.6 s; peak memory 454 MiB.
2026-10-06T18:16:18Z INFO [1014/4500] 72ff3d41-db17-4f39-8828-3590ce0918f1: cophenetic index 624; 1.2 s; peak memory 454 MiB.
2026-10-06T18:16:19Z INFO [1015/4500] 72ff6c25-7955-444e-b969-78a11cce5e67: cophenetic index 3004; 1.4 s; peak memory 454 MiB.
2026-10-06T18:16:21Z INFO [1016/4500] 72ff88ac-41b8-44d6-9279-880ab842c63a: cophenetic index 2570; 1.8 s; peak memory 454 MiB.
2026-10-06T18:16:28Z INFO [1017/4500] 730009ae-492d-47d9-80f4-c61472d3b399: cophenetic index 5466; 7.1 s; peak memory 454 MiB.
2026-10-06T18:16:30Z INFO [1018/4500] 7300736e-0a58-4e72-86be-82c819c1b19a: cophenetic index 33968; 1.7 s; peak memory 454 MiB.
2026-10-06T18:16:32Z INFO [1019/4500] 7300d5d5-4ca9-4154-af28-40d788ac4719: cophenetic index 972; 2.0 s; peak memory 454 MiB.
2026-10-06T18:16:33Z INFO [1020/4500] 7301ced6-85dc-447e-80a9-490a8099d3ad: cophenetic index 766; 1.4 s; peak memory 454 MiB.
2026-10-06T18:16:59Z INFO [1021/4500] 73021399-d64f-4ca4-9f32-ffcef8c3acec: cophenetic index 3771594; 26.2 s; peak memory 454 MiB.
2026-10-06T18:17:01Z INFO [1022/4500] 7302d31b-cac2-4fb0-8152-c490ab4d105a: cophenetic index 2923; 1.3 s; peak memory 454 MiB.
2026-10-06T18:17:02Z INFO [1023/4500] 7303c67a-8870-4dc5-8554-51dda7a92ea3: cophenetic index 3004; 1.4 s; peak memory 454 MiB.
2026-10-06T18:17:03Z INFO [1024/4500] 730449c2-177f-4dbf-8e98-6398af23e133: cophenetic index 2923; 1.4 s; peak memory 454 MiB.
2026-10-06T18:17:04Z INFO [1025/4500] 73045056-4a51-4858-8af9-a9b9a553ab6e: cophenetic index 432; 1.0 s; peak memory 454 MiB.
2026-10-06T18:17:06Z INFO [1026/4500] 7305805b-8b96-408b-bdb7-ffc470ed4ccd: cophenetic index 33986; 1.6 s; peak memory 454 MiB.
2026-10-06T18:17:08Z INFO [1027/4500] 7305ae01-fec6-4f99-9ea5-e56a0f59bac5: cophenetic index 23853; 2.3 s; peak memory 454 MiB.
2026-10-06T18:17:09Z INFO [1028/4500] 7305d1af-6bda-4023-9742-4f68ec3eb0b7: cophenetic index 624; 1.1 s; peak memory 454 MiB.
2026-10-06T18:17:11Z INFO [1029/4500] 730682d1-3fdd-4466-9359-21cc249d844d: cophenetic index 3004; 1.6 s; peak memory 454 MiB.
2026-10-06T18:17:12Z INFO [1030/4500] 73068adf-2840-421f-8055-51ec2b664d6c: cophenetic index 3087; 1.4 s; peak memory 454 MiB.
2026-10-06T18:17:13Z INFO [1031/4500] 73068b2c-75cb-4cd0-84d4-5d9fe2711178: cophenetic index 560; 1.1 s; peak memory 454 MiB.
2026-10-06T18:17:16Z INFO [1032/4500] 73068fc4-29fa-4712-909e-cd3d80c25f64: cophenetic index 1479; 2.7 s; peak memory 454 MiB.
2026-10-06T18:17:18Z INFO [1033/4500] 73074293-5e78-4e95-a716-a1744daedc8b: cophenetic index 33998; 2.2 s; peak memory 454 MiB.
2026-10-06T18:17:19Z INFO [1034/4500] 73078379-3992-43e5-99c8-0fb8492ea922: cophenetic index 624; 1.1 s; peak memory 454 MiB.
2026-10-06T18:17:21Z INFO [1035/4500] 73082dc5-5942-4ed7-bb00-8ff4b55ed262: cophenetic index 33968; 1.7 s; peak memory 454 MiB.
2026-10-06T18:17:23Z INFO [1036/4500] 73086eba-db8f-488a-b7d6-c6e40a5813d4: cophenetic index 649; 1.5 s; peak memory 454 MiB.
2026-10-06T18:17:24Z INFO [1037/4500] 73095eb6-e91d-4f14-9847-03d6993b053a: cophenetic index 2625; 1.5 s; peak memory 454 MiB.
2026-10-06T18:17:25Z INFO [1038/4500] 73099d5d-137e-4817-9e53-500138317727: cophenetic index 579; 0.8 s; peak memory 454 MiB.
2026-10-06T18:19:19Z INFO [1039/4500] 730a07b0-286d-4d2e-9ad9-b766aa5084e3: cophenetic index 660079361; 114.1 s; peak memory 635 MiB.
2026-10-06T18:19:20Z INFO [1040/4500] 730a5a59-2b8b-42c3-bebc-f79689c0d119: cophenetic index 751; 0.9 s; peak memory 635 MiB.
2026-10-06T18:19:21Z INFO [1041/4500] 730ae4c3-afc3-4b5b-8e58-889302db1666: cophenetic index 3004; 1.4 s; peak memory 635 MiB.
2026-10-06T18:19:23Z INFO [1042/4500] 730b1db9-c67e-4567-89ea-921fdeb66c6c: cophenetic index 3087; 1.3 s; peak memory 635 MiB.
2026-10-06T18:19:24Z INFO [1043/4500] 730c23b1-0e42-4a7a-bf87-cfab14233f1f: cophenetic index 2570; 1.5 s; peak memory 635 MiB.
2026-10-06T18:19:26Z INFO [1044/4500] 730d11a1-dd0f-438e-921a-d66312ff8dad: cophenetic index 1751; 2.2 s; peak memory 635 MiB.
2026-10-06T18:19:27Z INFO [1045/4500] 730de3db-7122-4d67-8b72-9b61d11e909a: cophenetic index 446; 0.8 s; peak memory 635 MiB.
2026-10-06T18:19:29Z INFO [1046/4500] 730e26e7-f3ee-4f7f-8b9e-262df33a6348: cophenetic index 605; 1.4 s; peak memory 635 MiB.
2026-10-06T18:19:37Z INFO [1047/4500] 730e4f5d-6955-4085-aaa5-82e128263405: cophenetic index 183292; 8.2 s; peak memory 635 MiB.
2026-10-06T18:19:38Z INFO [1048/4500] 730e6306-37cd-4004-a416-16b497fed748: cophenetic index 569; 1.3 s; peak memory 635 MiB.
2026-10-06T18:19:40Z INFO [1049/4500] 730ec038-1f7d-405d-8bc3-e0e3ad155bde: cophenetic index 33998; 2.1 s; peak memory 635 MiB.
2026-10-06T18:19:42Z INFO [1050/4500] 730f6ab9-42ff-4f54-b1aa-fe9fa12ce326: cophenetic index 2974; 1.4 s; peak memory 635 MiB.
2026-10-06T18:19:42Z INFO [1050/4500] 730f6ab9-42ff-4f54-b1aa-fe9fa12ce326: checkpointed 102148 records.
2026-10-06T18:19:43Z INFO [1051/4500] 730fd528-945d-4281-8b5b-46353a4f5185: cophenetic index 488; 1.2 s; peak memory 635 MiB.
2026-10-06T18:20:01Z INFO [1052/4500] 731000db-9078-4e82-8d21-0227210e18ee: cophenetic index 637453; 17.7 s; peak memory 635 MiB.
2026-10-06T18:20:02Z INFO [1053/4500] 73104ba9-9d85-417f-894b-98291f7bcf4c: cophenetic index 624; 1.1 s; peak memory 635 MiB.
2026-10-06T18:20:03Z INFO [1054/4500] 73116678-2685-44a0-9f77-32ae9f0d3707: cophenetic index 446; 0.8 s; peak memory 635 MiB.
2026-10-06T18:20:04Z INFO [1055/4500] 73117bb9-3bb2-4314-9332-f5d6c4fccfb2: cophenetic index 649; 1.2 s; peak memory 635 MiB.
2026-10-06T18:20:05Z INFO [1056/4500] 73118c99-78af-4ecf-b414-848485600e90: cophenetic index 3004; 1.3 s; peak memory 635 MiB.
2026-10-06T18:20:06Z INFO [1057/4500] 7311ffdc-dd0f-4449-9676-1ad989104e99: cophenetic index 624; 1.2 s; peak memory 635 MiB.
2026-10-06T18:20:08Z INFO [1058/4500] 731239b0-8e98-491f-a4fe-06d0d3aa1efe: cophenetic index 624; 1.2 s; peak memory 635 MiB.
2026-10-06T18:20:13Z INFO [1059/4500] 7312bbd1-e417-45ab-9102-07fdb78e3979: cophenetic index 22496; 5.7 s; peak memory 635 MiB.
2026-10-06T18:20:14Z INFO [1060/4500] 73131f1c-4c3e-422e-84df-27c307caf627: cophenetic index 624; 1.2 s; peak memory 635 MiB.
2026-10-06T18:20:16Z INFO [1061/4500] 7313d208-21e7-45d1-8e5f-437dcbb6ff6f: cophenetic index 1949; 1.4 s; peak memory 635 MiB.
2026-10-06T18:20:18Z INFO [1062/4500] 73145ee7-04b7-4f7d-999c-f83d8e44990f: cophenetic index 2570; 1.7 s; peak memory 635 MiB.
2026-10-06T18:20:19Z INFO [1063/4500] 7314f02d-efef-4202-89ec-f32b15a5c56b: cophenetic index 33968; 1.8 s; peak memory 635 MiB.
2026-10-06T18:20:20Z INFO [1064/4500] 7315084a-e2b6-46e2-b9fe-2825661ee3a6: cophenetic index 490; 1.0 s; peak memory 635 MiB.
2026-10-06T18:20:23Z INFO [1065/4500] 73154035-0bfc-4c5a-8fa4-a124764ab446: cophenetic index 2402; 2.9 s; peak memory 635 MiB.
2026-10-06T18:20:26Z INFO [1066/4500] 731614ae-2ac9-4d33-b626-69a223b5db53: cophenetic index 6636; 2.6 s; peak memory 635 MiB.
2026-10-06T18:20:34Z INFO [1067/4500] 731677ae-9c82-4c4b-8341-45965e9a8db8: cophenetic index 24818; 8.0 s; peak memory 635 MiB.
2026-10-06T18:20:38Z INFO [1068/4500] 73168c6f-f4ee-48c8-af0c-2c6358a81343: cophenetic index 5473; 4.0 s; peak memory 635 MiB.
2026-10-06T18:20:40Z INFO [1069/4500] 7316e972-2af7-429e-9f1f-00f69e83c595: cophenetic index 624; 1.7 s; peak memory 635 MiB.
2026-10-06T18:20:41Z INFO [1070/4500] 73175f59-2a54-40cc-8a38-14497581f88f: cophenetic index 624; 1.4 s; peak memory 635 MiB.
2026-10-06T18:20:42Z INFO [1071/4500] 7317d488-3df9-4acc-8e64-c12c45a64785: cophenetic index 579; 0.9 s; peak memory 635 MiB.
2026-10-06T18:20:43Z INFO [1072/4500] 7318058b-98a3-412e-b699-20a7d07b94c4: cophenetic index 624; 1.2 s; peak memory 635 MiB.
2026-10-06T18:20:50Z INFO [1073/4500] 73181b7d-8f71-4c27-9a07-082418a57f42: cophenetic index 69362; 7.0 s; peak memory 635 MiB.
2026-10-06T18:20:51Z INFO [1074/4500] 731934f1-93e4-4670-9e57-f8caad2f0dbc: cophenetic index 761; 0.9 s; peak memory 635 MiB.
2026-10-06T18:21:02Z INFO [1075/4500] 73193e30-c04f-4806-b948-342f46dde416: cophenetic index 189161; 11.4 s; peak memory 635 MiB.
2026-10-06T18:21:04Z INFO [1076/4500] 7319f498-353a-4b3f-9269-73ac30920509: cophenetic index 33968; 1.9 s; peak memory 635 MiB.
2026-10-06T18:21:07Z INFO [1077/4500] 731a0345-ac47-454c-bf7b-1a3b50f0cc76: cophenetic index 1514; 3.0 s; peak memory 635 MiB.
2026-10-06T18:21:08Z INFO [1078/4500] 731b567f-e117-467b-acf2-d51e4b2bf93a: cophenetic index 490; 0.7 s; peak memory 635 MiB.
2026-10-06T18:21:09Z INFO [1079/4500] 731b9312-1fbf-4b00-b179-5ec081d8958b: cophenetic index 560; 1.3 s; peak memory 635 MiB.
2026-10-06T18:21:10Z INFO [1080/4500] 731c6925-b537-4e36-b220-96614ffe510f: cophenetic index 490; 0.9 s; peak memory 635 MiB.
2026-10-06T18:21:12Z INFO [1081/4500] 731ca579-8eb6-40a2-85bc-ef639f92d0d4: cophenetic index 2625; 1.8 s; peak memory 635 MiB.
2026-10-06T18:21:28Z INFO [1082/4500] 731cc16a-1bb6-4af9-bf04-3aa23a78b00d: cophenetic index 69256181; 16.0 s; peak memory 635 MiB.
2026-10-06T18:21:31Z INFO [1083/4500] 731d26c0-387e-41ef-97a5-d60d4a9aa269: cophenetic index 809; 2.6 s; peak memory 635 MiB.
2026-10-06T18:21:32Z INFO [1084/4500] 731d71dc-a697-41a8-b5f0-4dc9a47efa81: cophenetic index 624; 1.5 s; peak memory 635 MiB.
2026-10-06T18:21:33Z INFO [1085/4500] 731e58fb-b32f-4f05-9305-757537d85fda: cophenetic index 1228; 1.4 s; peak memory 635 MiB.
2026-10-06T18:21:37Z INFO [1086/4500] 731e8844-7730-4c5c-8af7-98d9c1e1ac88: cophenetic index 2469; 3.3 s; peak memory 635 MiB.
2026-10-06T18:21:38Z INFO [1087/4500] 731fbe7d-4e6a-4a65-a3e8-ec3009fe63ca: cophenetic index 2625; 1.5 s; peak memory 635 MiB.
2026-10-06T18:21:41Z INFO [1088/4500] 7320c06a-5ae0-4273-bb57-3371cc50ac81: cophenetic index 2402; 3.0 s; peak memory 635 MiB.
2026-10-06T18:21:43Z INFO [1089/4500] 7320d32a-6313-4fcc-a888-826b9e559eb2: cophenetic index 624; 1.2 s; peak memory 635 MiB.
2026-10-06T18:21:44Z INFO [1090/4500] 73211b02-12b8-4d07-8e40-25ca0769b2c8: cophenetic index 624; 1.1 s; peak memory 635 MiB.
2026-10-06T18:21:45Z INFO [1091/4500] 7321677e-53f0-4581-b696-60a8a31b690d: cophenetic index 3004; 1.4 s; peak memory 635 MiB.
2026-10-06T18:21:46Z INFO [1092/4500] 732192a8-5a3d-495d-8a12-e3d2adb3d47c: cophenetic index 624; 1.3 s; peak memory 635 MiB.
2026-10-06T18:21:50Z INFO [1093/4500] 73225168-2a25-487b-ad5b-f2c769c2e31a: cophenetic index 2402; 3.3 s; peak memory 635 MiB.
2026-10-06T18:22:05Z INFO [1094/4500] 732345e0-fcc8-416c-a33a-543e1eedb7fe: cophenetic index 210353; 15.2 s; peak memory 635 MiB.
2026-10-06T18:22:06Z INFO [1095/4500] 7323dbcd-af1e-42c5-b257-e7e90c6ce4c1: cophenetic index 3004; 1.3 s; peak memory 635 MiB.
2026-10-06T18:22:17Z INFO [1096/4500] 73241121-7e58-46d4-91bc-be5b5ba7a650: cophenetic index 104185; 10.8 s; peak memory 635 MiB.
2026-10-06T18:22:20Z INFO [1097/4500] 73255cd5-a7a5-463e-87fe-939e4a0e2ac4: cophenetic index 2609; 2.7 s; peak memory 635 MiB.
2026-10-06T18:22:26Z INFO [1098/4500] 732579a9-118b-4b00-969e-7d52360d2b3d: cophenetic index 9181; 6.3 s; peak memory 635 MiB.
2026-10-06T18:22:27Z INFO [1099/4500] 73257a04-9683-4571-8724-5e993e2a7c07: cophenetic index 624; 1.2 s; peak memory 635 MiB.
2026-10-06T18:22:28Z INFO [1100/4500] 7325b1b4-dcc2-4f77-a6b6-a1ea037677eb: cophenetic index 512; 1.2 s; peak memory 635 MiB.
2026-10-06T18:22:29Z INFO [1100/4500] 7325b1b4-dcc2-4f77-a6b6-a1ea037677eb: checkpointed 102198 records.
2026-10-06T18:22:30Z INFO [1101/4500] 73261940-00b5-4605-8e1b-6d39be0b1293: cophenetic index 3087; 1.4 s; peak memory 635 MiB.
2026-10-06T18:22:33Z INFO [1102/4500] 73266a1c-d52c-47d3-98ca-574393ed0aca: cophenetic index 2469; 3.4 s; peak memory 635 MiB.
2026-10-06T18:22:45Z INFO [1103/4500] 7326b9f5-d2c4-4789-a715-e615e815561d: cophenetic index 48355; 11.7 s; peak memory 635 MiB.
2026-10-06T18:22:46Z INFO [1104/4500] 73273b75-2d97-461a-ac4d-c0aa54c4093f: cophenetic index 433; 0.9 s; peak memory 635 MiB.
2026-10-06T18:22:48Z INFO [1105/4500] 732a7ad7-c2ed-4f9b-8e15-c675934de349: cophenetic index 3087; 1.5 s; peak memory 635 MiB.
2026-10-06T18:22:55Z INFO [1106/4500] 732a7bd3-dbb0-4633-99ea-fec03db66e41: cophenetic index 87781; 7.2 s; peak memory 635 MiB.
2026-10-06T18:22:57Z INFO [1107/4500] 732a7cf8-5265-497a-8c49-45cc29fb9b88: cophenetic index 33968; 1.9 s; peak memory 635 MiB.
2026-10-06T18:22:58Z INFO [1108/4500] 732b197f-7f9d-4aa1-9d64-7012cbdc8d3d: cophenetic index 624; 1.2 s; peak memory 635 MiB.
2026-10-06T18:23:01Z INFO [1109/4500] 732c5f38-466e-4c9c-8bbb-630fa630b4bc: cophenetic index 1149; 3.0 s; peak memory 635 MiB.
2026-10-06T18:23:05Z INFO [1110/4500] 732c623d-dd4e-414a-980d-b4f87277f2d6: cophenetic index 3045; 4.5 s; peak memory 635 MiB.
2026-10-06T18:23:06Z INFO [1111/4500] 732ca5cc-275f-4c29-b4ac-d1bb0ef4fdd8: cophenetic index 490; 1.1 s; peak memory 635 MiB.
2026-10-06T18:23:21Z INFO [1112/4500] 732d9920-935d-4baf-8452-ebd78a32a426: cophenetic index 810756; 14.8 s; peak memory 635 MiB.
2026-10-06T18:23:23Z INFO [1113/4500] 732efcaa-8028-4741-865d-5bae2ab73609: cophenetic index 3004; 1.4 s; peak memory 635 MiB.
2026-10-06T18:23:25Z INFO [1114/4500] 732f1acd-8534-4d8b-b162-d9bda546ad9f: cophenetic index 2423; 2.3 s; peak memory 635 MiB.
2026-10-06T18:23:26Z INFO [1115/4500] 732ffd3a-8dcf-43de-881b-a606857c1f4c: cophenetic index 624; 1.2 s; peak memory 635 MiB.
2026-10-06T18:23:27Z INFO [1116/4500] 733057f4-83c2-46b8-97d0-fe984738f80c: cophenetic index 1228; 0.9 s; peak memory 635 MiB.
2026-10-06T18:23:29Z INFO [1117/4500] 73307656-d061-437f-90d2-3f06590c728a: cophenetic index 3087; 1.5 s; peak memory 635 MiB.
2026-10-06T18:23:30Z INFO [1118/4500] 7331417c-4446-4898-869d-5a9940f95ea3: cophenetic index 431; 1.3 s; peak memory 635 MiB.
2026-10-06T18:23:32Z INFO [1119/4500] 73315efc-71dc-499b-8acb-558bf42e07c7: cophenetic index 23393; 2.1 s; peak memory 635 MiB.
2026-10-06T18:23:33Z INFO [1120/4500] 733166f4-03b7-472a-a036-60782a3cd6f2: cophenetic index 490; 0.9 s; peak memory 635 MiB.
2026-10-06T18:23:35Z INFO [1121/4500] 73317953-655e-4dcb-ae39-24a7af0161ec: cophenetic index 2625; 2.1 s; peak memory 635 MiB.
2026-10-06T18:23:36Z INFO [1122/4500] 7332b795-662a-4fd0-aac4-dadffc075dde: cophenetic index 624; 1.2 s; peak memory 635 MiB.
2026-10-06T18:23:38Z INFO [1123/4500] 733318fb-fd28-43ff-ad3c-0d035ed7a41e: cophenetic index 2625; 1.6 s; peak memory 635 MiB.
2026-10-06T18:23:39Z INFO [1124/4500] 7333227d-4a11-485e-90df-922b32ac132b: cophenetic index 3087; 1.3 s; peak memory 635 MiB.
2026-10-06T18:23:42Z INFO [1125/4500] 73337f95-a214-4180-85e7-416b5b10db9c: cophenetic index 99150; 3.1 s; peak memory 635 MiB.
2026-10-06T18:23:44Z INFO [1126/4500] 73341b02-b5e3-4e80-afdd-9473a8c7f719: cophenetic index 2105; 2.0 s; peak memory 635 MiB.
2026-10-06T18:23:47Z INFO [1127/4500] 73344f4e-2c7f-459f-b8a5-43ff17554d09: cophenetic index 1751; 2.4 s; peak memory 635 MiB.
2026-10-06T18:23:49Z INFO [1128/4500] 733491d6-2702-4b07-9233-1131cc27a754: cophenetic index 30304; 2.0 s; peak memory 635 MiB.
2026-10-06T18:23:57Z INFO [1129/4500] 7334aa10-a03b-44f6-a2f0-ba12b34a7fc3: cophenetic index 5466; 8.2 s; peak memory 635 MiB.
2026-10-06T18:23:58Z INFO [1130/4500] 733551fe-3b9f-4834-85f9-3d289674337e: cophenetic index 446; 0.9 s; peak memory 635 MiB.
2026-10-06T18:23:59Z INFO [1131/4500] 7335f33e-5255-4d5f-a91f-acda03939179: cophenetic index 2974; 1.6 s; peak memory 635 MiB.
2026-10-06T18:24:00Z INFO [1132/4500] 73360353-382b-451f-a806-d26885007e29: cophenetic index 624; 1.1 s; peak memory 635 MiB.
2026-10-06T18:24:18Z INFO [1133/4500] 7336ccdd-41ea-4d41-9a3e-68fe2b6fde01: cophenetic index 890079; 17.8 s; peak memory 635 MiB.
2026-10-06T18:24:20Z INFO [1134/4500] 7336e620-4a38-48c8-836d-d2a37de40a92: cophenetic index 3087; 1.4 s; peak memory 635 MiB.
2026-10-06T18:24:23Z INFO [1135/4500] 7336ea10-c3b8-41b4-9c74-9046c93ea388: cophenetic index 5473; 3.8 s; peak memory 635 MiB.
2026-10-06T18:24:25Z INFO [1136/4500] 73370428-f064-4205-a3d5-d748c72a58cc: cophenetic index 3004; 1.5 s; peak memory 635 MiB.
2026-10-06T18:24:26Z INFO [1137/4500] 73376cd3-c43d-4f56-b6e7-0f76ab6ec6ec: cophenetic index 624; 1.2 s; peak memory 635 MiB.
2026-10-06T18:24:27Z INFO [1138/4500] 73377c55-3031-4b00-8b78-47f213135972: cophenetic index 624; 1.3 s; peak memory 635 MiB.
2026-10-06T18:24:29Z INFO [1139/4500] 73389177-44fd-49e5-8160-f4e84aa36695: cophenetic index 638; 1.5 s; peak memory 635 MiB.
2026-10-06T18:24:34Z INFO [1140/4500] 7338ce5f-5413-4cb8-bbec-f26b35361042: cophenetic index 6309; 5.4 s; peak memory 635 MiB.
2026-10-06T18:24:36Z INFO [1141/4500] 7339659a-4203-4bfe-8d6f-57fdb09cb04a: cophenetic index 33962; 1.8 s; peak memory 635 MiB.
2026-10-06T18:24:39Z INFO [1142/4500] 733adba2-2e99-4392-bcd1-64e02fd4761c: cophenetic index 2682; 3.2 s; peak memory 635 MiB.
2026-10-06T18:24:41Z INFO [1143/4500] 733b9b74-35cd-4d73-84a4-c974ffb67a28: cophenetic index 624; 1.4 s; peak memory 635 MiB.
2026-10-06T18:24:42Z INFO [1144/4500] 733c7fbb-3d6a-4d01-bbb8-bb1a051195a9: cophenetic index 23272; 1.4 s; peak memory 635 MiB.
2026-10-06T18:24:43Z INFO [1145/4500] 733cc64a-ed3a-4016-b11c-8cb89ede11ee: cophenetic index 490; 0.7 s; peak memory 635 MiB.
2026-10-06T18:24:44Z INFO [1146/4500] 733d1e6e-83cb-4080-a036-908d2e60c848: cophenetic index 3087; 1.5 s; peak memory 635 MiB.
2026-10-06T18:24:46Z INFO [1147/4500] 733d35d1-724d-4d92-9672-9c5c8076cb96: cophenetic index 2625; 1.9 s; peak memory 635 MiB.
2026-10-06T18:24:49Z INFO [1148/4500] 733d481f-4635-4c3f-be29-4a05bf06072e: cophenetic index 2402; 3.0 s; peak memory 635 MiB.
2026-10-06T18:24:53Z INFO [1149/4500] 733e1056-32c1-4d67-86f8-f249e478f508: cophenetic index 15321; 4.3 s; peak memory 635 MiB.
2026-10-06T18:24:56Z INFO [1150/4500] 733e1f82-1578-4d06-897a-40ce1df7dfdf: cophenetic index 837; 2.7 s; peak memory 635 MiB.
2026-10-06T18:24:56Z INFO [1150/4500] 733e1f82-1578-4d06-897a-40ce1df7dfdf: checkpointed 102248 records.
2026-10-06T18:24:58Z INFO [1151/4500] 733ec936-53be-4691-83b5-c5e388534c5f: cophenetic index 2625; 1.9 s; peak memory 635 MiB.
2026-10-06T18:24:59Z INFO [1152/4500] 733f2b86-dae2-41c1-9c57-c942de1d4b93: cophenetic index 624; 1.2 s; peak memory 635 MiB.
2026-10-06T18:25:01Z INFO [1153/4500] 733f980d-d7d3-490b-92be-9697bde5c22c: cophenetic index 3004; 1.4 s; peak memory 635 MiB.
2026-10-06T18:25:04Z INFO [1154/4500] 73400136-6ec1-47de-9b5f-598d0ff543a8: cophenetic index 3571; 3.1 s; peak memory 635 MiB.
2026-10-06T18:25:05Z INFO [1155/4500] 73412281-3167-41c0-9f52-8e232f97a646: cophenetic index 624; 1.1 s; peak memory 635 MiB.
2026-10-06T18:25:06Z INFO [1156/4500] 7341444a-5c5a-4082-8c06-5ee1f9676d01: cophenetic index 624; 1.2 s; peak memory 635 MiB.
2026-10-06T18:25:07Z INFO [1157/4500] 73422c59-2e18-4b34-bcc6-75c9b0ea74ca: cophenetic index 554; 1.3 s; peak memory 635 MiB.
2026-10-06T18:25:09Z INFO [1158/4500] 7343fb22-eee4-46f2-953a-9dda2bd04f22: cophenetic index 3004; 1.6 s; peak memory 635 MiB.
2026-10-06T18:25:11Z INFO [1159/4500] 734407bb-1125-4414-bf9d-af011da4fb07: cophenetic index 33968; 1.8 s; peak memory 635 MiB.
2026-10-06T18:25:13Z INFO [1160/4500] 734437d0-8704-4c06-bc1b-d0206b410288: cophenetic index 33968; 1.7 s; peak memory 635 MiB.
2026-10-06T18:25:16Z INFO [1161/4500] 7344a151-f427-4aaa-8521-ac0bdbca8d8d: cophenetic index 34658; 3.2 s; peak memory 635 MiB.
2026-10-06T18:25:17Z INFO [1162/4500] 73451e75-baa5-42c7-b963-daa8b17403f1: cophenetic index 23800; 1.5 s; peak memory 635 MiB.
2026-10-06T18:25:19Z INFO [1163/4500] 7345c8ac-1da3-4d41-98fb-eb8c818e0289: cophenetic index 624; 1.3 s; peak memory 635 MiB.
2026-10-06T18:25:21Z INFO [1164/4500] 7346adb2-7c1a-4b6d-96a9-033f2f930f49: cophenetic index 821; 2.1 s; peak memory 635 MiB.
2026-10-06T18:25:23Z INFO [1165/4500] 734732c3-310f-4f76-9d26-7b39db880c83: cophenetic index 2625; 2.0 s; peak memory 635 MiB.
2026-10-06T18:25:33Z INFO [1166/4500] 73474dd3-de8b-4e73-822d-0e2a81cb9f8b: cophenetic index 73900473; 9.8 s; peak memory 635 MiB.
2026-10-06T18:25:34Z INFO [1167/4500] 73491a0a-cb69-434f-8862-e2dbbbe3a251: cophenetic index 590; 1.1 s; peak memory 635 MiB.
2026-10-06T18:25:40Z INFO [1168/4500] 7349c959-72d3-4939-ad05-1335fc4c5429: cophenetic index 6218; 5.9 s; peak memory 635 MiB.
2026-10-06T18:25:43Z INFO [1169/4500] 734a1b5f-1b0a-4ebf-bab5-293642e4e534: cophenetic index 3483; 3.1 s; peak memory 635 MiB.
2026-10-06T18:25:54Z INFO [1170/4500] 734a1e20-41f7-40b6-a9cf-de87709ad398: cophenetic index 195172714; 11.5 s; peak memory 635 MiB.
2026-10-06T18:25:56Z INFO [1171/4500] 734aa134-9e4c-41b8-964d-f484552373ef: cophenetic index 33986; 1.7 s; peak memory 635 MiB.
2026-10-06T18:25:57Z INFO [1172/4500] 734b729a-7ca4-40ca-9ab9-98c006cf99bd: cophenetic index 1739; 1.4 s; peak memory 635 MiB.
2026-10-06T18:26:00Z INFO [1173/4500] 734ba66c-3bba-4f5e-9c7e-05eb901504c0: cophenetic index 41788; 2.7 s; peak memory 635 MiB.
2026-10-06T18:26:01Z INFO [1174/4500] 734bbb31-fff1-4112-a2a9-d735edebf2ba: cophenetic index 952; 1.2 s; peak memory 635 MiB.
2026-10-06T18:26:07Z INFO [1175/4500] 734bdd7e-e4e2-40ff-93f3-922f906bb289: cophenetic index 9548; 5.5 s; peak memory 635 MiB.
2026-10-06T18:26:09Z INFO [1176/4500] 734be1f6-edd0-4246-88fa-c5c17a4510df: cophenetic index 99138; 2.0 s; peak memory 635 MiB.
2026-10-06T18:26:10Z INFO [1177/4500] 734cbfa6-57c5-4931-ba57-0e2c376c2db6: cophenetic index 3087; 1.5 s; peak memory 635 MiB.
2026-10-06T18:26:12Z INFO [1178/4500] 734ccb94-8efd-471c-8d09-a20836d53f20: cophenetic index 1006; 1.3 s; peak memory 635 MiB.
2026-10-06T18:26:14Z INFO [1179/4500] 734d1699-cc69-4c7f-838c-f41beae3bc8f: cophenetic index 20908; 2.8 s; peak memory 635 MiB.
2026-10-06T18:26:16Z INFO [1180/4500] 734d56e7-2c39-4645-afb6-55150759c0e1: cophenetic index 2224; 1.7 s; peak memory 635 MiB.
2026-10-06T18:26:19Z INFO [1181/4500] 734d8ed3-6bbf-4f04-a5aa-611e03070723: cophenetic index 33998; 2.8 s; peak memory 635 MiB.
2026-10-06T18:26:21Z INFO [1182/4500] 734d9b75-5aa6-4951-ae8d-a51eb221afab: cophenetic index 2625; 2.0 s; peak memory 635 MiB.
2026-10-06T18:26:22Z INFO [1183/4500] 734db854-73a7-40b0-9913-12a8f4dd0eb0: cophenetic index 2625; 1.5 s; peak memory 635 MiB.
2026-10-06T18:26:25Z INFO [1184/4500] 734df681-57a7-4cb6-8f6d-be50b068a7c4: cophenetic index 2570; 2.5 s; peak memory 635 MiB.
2026-10-06T18:26:26Z INFO [1185/4500] 734df742-628c-401d-8a1f-dfbccb1ea7af: cophenetic index 624; 1.2 s; peak memory 635 MiB.
2026-10-06T18:26:42Z INFO [1186/4500] 734e9418-621e-4d84-83a1-e10c9f0fe09a: cophenetic index 349411; 15.6 s; peak memory 635 MiB.
2026-10-06T18:26:43Z INFO [1187/4500] 734e9f3d-85ec-4e5c-bbe8-d8daea245a51: cophenetic index 2974; 1.5 s; peak memory 635 MiB.
2026-10-06T18:26:46Z INFO [1188/4500] 734f3900-a4b1-470b-ac37-6841e95b1374: cophenetic index 33998; 2.8 s; peak memory 635 MiB.
2026-10-06T18:26:47Z INFO [1189/4500] 734f9783-eaa0-4d83-a945-001a9609b4fe: cophenetic index 3004; 1.3 s; peak memory 635 MiB.
2026-10-06T18:27:03Z INFO [1190/4500] 73509e8d-752d-40f7-9083-414a0a34b5ec: cophenetic index 208464; 15.2 s; peak memory 635 MiB.
2026-10-06T18:27:04Z INFO [1191/4500] 7350aa42-fc38-4ebd-9aab-4775a4219ad7: cophenetic index 605; 1.4 s; peak memory 635 MiB.
2026-10-06T18:27:05Z INFO [1192/4500] 73517b65-daf4-459b-8e10-9c72177fcbed: cophenetic index 749; 0.9 s; peak memory 635 MiB.
2026-10-06T18:27:06Z INFO [1193/4500] 7351e754-7548-42d6-adc0-6ab156a2bb8f: cophenetic index 490; 0.9 s; peak memory 635 MiB.
2026-10-06T18:27:07Z INFO [1194/4500] 7351e943-c303-4c12-84df-895c15062397: cophenetic index 374; 0.8 s; peak memory 635 MiB.
2026-10-06T18:27:08Z INFO [1195/4500] 7352cb93-ba77-4f92-ac7a-c21b5b7bb788: cophenetic index 33962; 1.8 s; peak memory 635 MiB.
2026-10-06T18:27:10Z INFO [1196/4500] 7354844f-612c-4b33-819b-4b688fafd413: cophenetic index 431; 1.1 s; peak memory 635 MiB.
2026-10-06T18:27:11Z INFO [1197/4500] 73553fcd-8ea5-4845-bf6a-264d67e19837: cophenetic index 624; 1.3 s; peak memory 635 MiB.
2026-10-06T18:27:18Z INFO [1198/4500] 7355515e-78fd-4f88-ac40-7c78b188925e: cophenetic index 12100; 7.7 s; peak memory 635 MiB.
2026-10-06T18:27:20Z INFO [1199/4500] 73555a5c-5b14-4704-9738-410c3a5b3dcd: cophenetic index 3004; 1.8 s; peak memory 635 MiB.
2026-10-06T18:27:22Z INFO [1200/4500] 735690bb-5b20-4355-968f-9b5539e5c9cc: cophenetic index 99114; 2.0 s; peak memory 635 MiB.
2026-10-06T18:27:22Z INFO [1200/4500] 735690bb-5b20-4355-968f-9b5539e5c9cc: checkpointed 102298 records.
2026-10-06T18:27:24Z INFO [1201/4500] 73571844-8417-410f-9994-9332febc1eda: cophenetic index 2974; 1.3 s; peak memory 635 MiB.
2026-10-06T18:27:25Z INFO [1202/4500] 7357dc2b-9d5d-4961-83b5-1df1f29a6511: cophenetic index 3004; 1.4 s; peak memory 635 MiB.
2026-10-06T18:27:32Z INFO [1203/4500] 735943ff-b107-4638-9c5b-b2c0666e0992: cophenetic index 87573; 7.1 s; peak memory 635 MiB.
2026-10-06T18:27:34Z INFO [1204/4500] 7359ab89-409b-4719-96dd-cb0fcad7fa81: cophenetic index 605; 1.7 s; peak memory 635 MiB.
2026-10-06T18:27:45Z INFO [1205/4500] 735a329b-e63e-44fa-a30a-3e2278e57bf2: cophenetic index 34862; 11.3 s; peak memory 635 MiB.
2026-10-06T18:27:47Z INFO [1206/4500] 735a5888-b713-47f8-9175-a7aca47fd56d: cophenetic index 959; 2.3 s; peak memory 635 MiB.
2026-10-06T18:27:54Z INFO [1207/4500] 735a83d2-a66e-4657-a417-70341b9835a7: cophenetic index 9548; 6.3 s; peak memory 635 MiB.
2026-10-06T18:27:55Z INFO [1208/4500] 735baffb-c7e6-43ab-91ea-e66d61ad5454: cophenetic index 3087; 1.4 s; peak memory 635 MiB.
2026-10-06T18:27:57Z INFO [1209/4500] 735c6e66-46c0-4e9f-b27a-3f0773f01ce0: cophenetic index 624; 1.4 s; peak memory 635 MiB.
2026-10-06T18:27:58Z WARNING 735c7449-7e23-44fa-8990-d5c55f725aa2: failed while reading the NWB file (KeyError: 'Unable to synchronously open object (component not found)')
2026-10-06T18:27:58Z WARNING [1210/4500] 735c7449-7e23-44fa-8990-d5c55f725aa2: leaving unrecorded for a later run to retry.
2026-10-06T18:28:00Z INFO [1211/4500] 735d16aa-4715-4777-932a-f419d66da202: cophenetic index 23393; 1.6 s; peak memory 635 MiB.
2026-10-06T18:28:03Z INFO [1212/4500] 735e1c2d-09de-488f-92ab-6d414eb56ccb: cophenetic index 103740; 2.8 s; peak memory 635 MiB.
2026-10-06T18:28:04Z INFO [1213/4500] 735ec93f-dc20-41fd-88b6-e93235d4d298: cophenetic index 2551; 1.5 s; peak memory 635 MiB.
2026-10-06T18:28:05Z INFO [1214/4500] 735fa1a7-b638-431d-9e13-ee7dfe2fb4a0: cophenetic index 624; 1.2 s; peak memory 635 MiB.
2026-10-06T18:28:07Z INFO [1215/4500] 735ff9ac-8361-4152-af5b-213140e82d17: cophenetic index 624; 1.3 s; peak memory 635 MiB.
2026-10-06T18:28:14Z INFO [1216/4500] 73603da8-8f7b-4d11-8253-171b07329f38: cophenetic index 87573; 7.9 s; peak memory 635 MiB.
2026-10-06T18:28:16Z INFO [1217/4500] 73603e2c-721c-4b18-826d-4e969531fc0d: cophenetic index 850; 1.8 s; peak memory 635 MiB.
2026-10-06T18:28:18Z INFO [1218/4500] 7361d1cd-4f09-4a97-8087-d8b931bae281: cophenetic index 2625; 2.2 s; peak memory 635 MiB.
2026-10-06T18:28:20Z INFO [1219/4500] 7361f199-a796-47c2-b00c-3ffa521e956a: cophenetic index 3004; 1.4 s; peak memory 635 MiB.
2026-10-06T18:28:22Z INFO [1220/4500] 7362becb-5d6c-4cab-9f68-e1d94fa56dce: cophenetic index 2625; 1.6 s; peak memory 635 MiB.
2026-10-06T18:28:24Z INFO [1221/4500] 736422d2-c011-467c-a36d-7bf40acf83b2: cophenetic index 33998; 2.9 s; peak memory 635 MiB.
2026-10-06T18:28:26Z INFO [1222/4500] 73646563-af0d-4a24-b894-915b0c6f7987: cophenetic index 624; 1.2 s; peak memory 635 MiB.
2026-10-06T18:28:27Z INFO [1223/4500] 7364bd35-048c-4232-b63e-c1fc9303a03f: cophenetic index 624; 1.2 s; peak memory 635 MiB.
2026-10-06T18:28:30Z INFO [1224/4500] 7364f165-b306-4634-a6c4-159944bbcd88: cophenetic index 1970; 3.2 s; peak memory 635 MiB.
2026-10-06T18:28:32Z INFO [1225/4500] 7365db39-344f-4976-8dce-cf689624b132: cophenetic index 2570; 1.9 s; peak memory 635 MiB.
2026-10-06T18:28:34Z INFO [1226/4500] 7366d72c-7c90-4dd5-a01a-1ee40bc47f6b: cophenetic index 515; 2.1 s; peak memory 635 MiB.
2026-10-06T18:28:35Z INFO [1227/4500] 73671aee-2039-4204-828b-a76d5941131b: cophenetic index 624; 1.2 s; peak memory 635 MiB.
2026-10-06T18:28:37Z INFO [1228/4500] 73694c49-5d2b-4723-b43e-49b2d76af8fe: cophenetic index 3004; 1.5 s; peak memory 635 MiB.
2026-10-06T18:28:38Z INFO [1229/4500] 7369faaf-22ef-4c66-acac-2849e34ad39b: cophenetic index 23206; 1.5 s; peak memory 635 MiB.
2026-10-06T18:28:41Z INFO [1230/4500] 7369fda4-a74e-4056-91a7-691dc611b01d: cophenetic index 1255; 3.0 s; peak memory 635 MiB.
2026-10-06T18:28:44Z INFO [1231/4500] 736a26dd-f331-4e77-be6f-f8608822cc2d: cophenetic index 1430; 2.3 s; peak memory 635 MiB.
2026-10-06T18:28:46Z INFO [1232/4500] 736a7ae9-43af-4050-b6b6-0e4eb0585e1d: cophenetic index 949; 2.4 s; peak memory 635 MiB.
2026-10-06T18:28:47Z INFO [1233/4500] 736a9d4d-35a4-43c5-aa48-e11583a430c0: cophenetic index 3087; 1.5 s; peak memory 635 MiB.
2026-10-06T18:28:49Z INFO [1234/4500] 736b5055-ca06-4c99-b351-bbb94f658efb: cophenetic index 2625; 1.4 s; peak memory 635 MiB.
2026-10-06T18:28:50Z INFO [1235/4500] 736b776d-fa8d-4c06-9e1c-db471dd70760: cophenetic index 624; 1.2 s; peak memory 635 MiB.
2026-10-06T18:28:59Z INFO [1236/4500] 736b8391-864b-441c-8cd4-bd486425dbfb: cophenetic index 15817; 8.8 s; peak memory 635 MiB.
2026-10-06T18:29:00Z INFO [1237/4500] 736b8852-e063-4459-b8f8-5c512a8350ca: cophenetic index 3004; 1.2 s; peak memory 635 MiB.
2026-10-06T18:29:07Z INFO [1238/4500] 736be471-0263-409e-91a7-f1f2d34a9e0a: cophenetic index 13178; 7.1 s; peak memory 635 MiB.
2026-10-06T18:29:09Z INFO [1239/4500] 736c88ac-9968-45c1-abe2-d940b54c7f39: cophenetic index 3004; 1.5 s; peak memory 635 MiB.
2026-10-06T18:29:10Z INFO [1240/4500] 736d21bd-9317-44ca-8920-caea80761bd1: cophenetic index 3087; 1.5 s; peak memory 635 MiB.
2026-10-06T18:29:11Z INFO [1241/4500] 736da992-92f8-4d81-8fd5-c3154e27d92a: cophenetic index 2974; 1.4 s; peak memory 635 MiB.
2026-10-06T18:29:13Z INFO [1242/4500] 736e51c3-31b5-4969-915e-34f9dd0a7b14: cophenetic index 624; 1.1 s; peak memory 635 MiB.
2026-10-06T18:29:14Z INFO [1243/4500] 736e5a78-a19d-452d-83b3-347c96c6a204: cophenetic index 2974; 1.2 s; peak memory 635 MiB.
2026-10-06T18:29:15Z INFO [1244/4500] 736f2436-9e60-4281-9647-8791716cfca4: cophenetic index 624; 1.3 s; peak memory 635 MiB.
2026-10-06T18:29:24Z INFO [1245/4500] 736f38ca-3ef8-4731-93b9-ec4a230ff3d7: cophenetic index 213089; 8.6 s; peak memory 635 MiB.
2026-10-06T18:29:25Z INFO [1246/4500] 736f85d5-bd6a-4710-876e-81978c591528: cophenetic index 1087; 1.8 s; peak memory 635 MiB.
2026-10-06T18:29:27Z INFO [1247/4500] 736fcec3-a4ed-4ed5-888d-276169f0af7a: cophenetic index 624; 1.4 s; peak memory 635 MiB.
2026-10-06T18:29:28Z INFO [1248/4500] 736ff489-2231-4b68-a51e-f2a3b1e7e66c: cophenetic index 447; 1.0 s; peak memory 635 MiB.
2026-10-06T18:29:29Z INFO [1249/4500] 73708154-698a-4e02-a055-2ec2f660d6d3: cophenetic index 649; 1.4 s; peak memory 635 MiB.
2026-10-06T18:29:37Z INFO [1250/4500] 737083a7-7f59-4aa8-a25d-c804963c95ef: cophenetic index 9298; 7.7 s; peak memory 635 MiB.
2026-10-06T18:29:37Z INFO [1250/4500] 737083a7-7f59-4aa8-a25d-c804963c95ef: checkpointed 102347 records.
2026-10-06T18:29:39Z INFO [1251/4500] 7370c08d-c782-45ef-aeeb-1a441be2ac5b: cophenetic index 624; 1.3 s; peak memory 635 MiB.
2026-10-06T18:29:39Z INFO [1252/4500] 73711358-2a09-448b-9961-645185b9d26e: cophenetic index 729; 0.8 s; peak memory 635 MiB.
2026-10-06T18:29:42Z INFO [1253/4500] 73712250-1a6f-4e5f-b74b-6ae78d54fb31: cophenetic index 1183; 2.2 s; peak memory 635 MiB.
2026-10-06T18:29:43Z INFO [1254/4500] 7371e0a0-2919-410b-9454-87c5e02876e9: cophenetic index 624; 1.3 s; peak memory 635 MiB.
2026-10-06T18:29:54Z INFO [1255/4500] 7371f577-a188-4f0f-8de3-32b6a4f9bdb3: cophenetic index 134332; 11.6 s; peak memory 635 MiB.
2026-10-06T18:29:56Z INFO [1256/4500] 7373a1f4-3b76-4921-840f-0230da10bf9e: cophenetic index 1751; 1.6 s; peak memory 635 MiB.
2026-10-06T18:29:57Z INFO [1257/4500] 7373a6a1-1a64-4a44-b459-146ef7add1f0: cophenetic index 3004; 1.4 s; peak memory 635 MiB.
2026-10-06T18:29:59Z INFO [1258/4500] 7373c2f2-5e44-443e-8e85-8868ad91ad27: cophenetic index 2570; 1.8 s; peak memory 635 MiB.
2026-10-06T18:30:07Z INFO [1259/4500] 7374f13d-4de1-40dc-b914-ec23cb4df3a4: cophenetic index 9548; 7.2 s; peak memory 635 MiB.
2026-10-06T18:30:12Z INFO [1260/4500] 73753c71-89c0-4a3a-bc8b-8db2c5719141: cophenetic index 43780; 5.1 s; peak memory 635 MiB.
2026-10-06T18:30:13Z INFO [1261/4500] 7375a959-d886-40c5-b0c7-69768d42ff7f: cophenetic index 488; 1.1 s; peak memory 635 MiB.
2026-10-06T18:30:14Z INFO [1262/4500] 73760c1a-009a-4435-a1a6-bd55b4efafb6: cophenetic index 624; 1.2 s; peak memory 635 MiB.
2026-10-06T18:30:15Z INFO [1263/4500] 73760cc3-ae38-40c3-b349-8d41144f065c: cophenetic index 624; 1.2 s; peak memory 635 MiB.
2026-10-06T18:30:19Z INFO [1264/4500] 7376a196-6627-4bc5-ad55-4121d105abee: cophenetic index 5473; 3.6 s; peak memory 635 MiB.
2026-10-06T18:30:21Z INFO [1265/4500] 737753eb-bacb-4d03-a387-41e00d4e553f: cophenetic index 972; 2.2 s; peak memory 635 MiB.
2026-10-06T18:30:30Z INFO [1266/4500] 737763da-04fc-4dd8-9a4b-345481be2f25: cophenetic index 139363; 9.1 s; peak memory 635 MiB.
2026-10-06T18:30:46Z INFO [1267/4500] 73782c0c-3692-454c-9eaa-385935a4b999: cophenetic index 405197; 15.6 s; peak memory 635 MiB.
2026-10-06T18:30:47Z INFO [1268/4500] 737896f9-8bb6-4cda-8b88-b41328f95a9a: cophenetic index 33962; 1.7 s; peak memory 635 MiB.
2026-10-06T18:30:49Z INFO [1269/4500] 737907d6-a27c-4eba-8120-73d40fcacc93: cophenetic index 3004; 1.4 s; peak memory 635 MiB.
2026-10-06T18:30:50Z INFO [1270/4500] 7379540e-e886-4b23-b25f-e77568a47cbc: cophenetic index 624; 1.1 s; peak memory 635 MiB.
2026-10-06T18:30:53Z INFO [1271/4500] 73796377-3015-496b-966c-fcbe70d6b6c5: cophenetic index 5473; 3.5 s; peak memory 635 MiB.
2026-10-06T18:30:55Z INFO [1272/4500] 737a0600-0121-4030-b432-cf044de98f2a: cophenetic index 624; 1.2 s; peak memory 635 MiB.
2026-10-06T18:31:02Z INFO [1273/4500] 737aed94-b342-4efc-95ba-f78425476571: cophenetic index 87573; 7.4 s; peak memory 635 MiB.
2026-10-06T18:31:04Z INFO [1274/4500] 737b114e-7e34-4ee2-94bb-2266d39f8d9c: cophenetic index 33986; 1.7 s; peak memory 635 MiB.
2026-10-06T18:31:05Z INFO [1275/4500] 737b2c99-1363-46bd-9edf-7d1e02d643dd: cophenetic index 624; 1.2 s; peak memory 635 MiB.
2026-10-06T18:31:08Z INFO [1276/4500] 737b9df9-6263-4794-803e-bdf92ae6789e: cophenetic index 1970; 3.5 s; peak memory 635 MiB.
2026-10-06T18:31:10Z INFO [1277/4500] 737bcc80-0435-4723-85ce-a24b54318ff3: cophenetic index 2974; 1.3 s; peak memory 635 MiB.
2026-10-06T18:31:11Z INFO [1278/4500] 737bcd8f-92a6-44ac-ab09-08d5a1fad0bb: cophenetic index 624; 1.2 s; peak memory 635 MiB.
2026-10-06T18:31:12Z INFO [1279/4500] 737c2496-6305-483b-a8cc-9d4dffd0aa68: cophenetic index 624; 1.2 s; peak memory 635 MiB.
2026-10-06T18:31:13Z INFO [1280/4500] 737cdaa6-d891-4f1b-a9ef-f94603066cce: cophenetic index 490; 0.7 s; peak memory 635 MiB.
2026-10-06T18:31:14Z INFO [1281/4500] 737d5183-3379-4c13-ac03-069013a89067: cophenetic index 441; 1.4 s; peak memory 635 MiB.
2026-10-06T18:31:15Z INFO [1282/4500] 737e612f-b311-4f51-9b95-011fde1dc69c: cophenetic index 729; 0.8 s; peak memory 635 MiB.
2026-10-06T18:31:17Z INFO [1283/4500] 737f8140-e72d-4b4a-b8e7-85d7cb8e28ac: cophenetic index 1614; 1.9 s; peak memory 635 MiB.
2026-10-06T18:31:18Z INFO [1284/4500] 7380824e-2538-4715-8c53-7ae957878977: cophenetic index 651; 0.8 s; peak memory 635 MiB.
2026-10-06T18:31:18Z INFO [1285/4500] 7380c54b-a4a8-4ce8-9046-27720d950703: cophenetic index 579; 0.8 s; peak memory 635 MiB.
2026-10-06T18:31:20Z INFO [1286/4500] 73812ec4-a822-43e1-ab0f-0f6b50a4b2b6: cophenetic index 624; 1.2 s; peak memory 635 MiB.
2026-10-06T18:31:23Z INFO [1287/4500] 7381610d-9588-4969-be70-bb77c1c44ef3: cophenetic index 4015; 3.1 s; peak memory 635 MiB.
2026-10-06T18:31:24Z INFO [1288/4500] 7381ae66-9ecd-422c-aa92-574e7dd7fad3: cophenetic index 3004; 1.7 s; peak memory 635 MiB.
2026-10-06T18:31:32Z INFO [1289/4500] 73830258-728f-42b3-8873-cf936a0f91a1: cophenetic index 140494; 8.1 s; peak memory 635 MiB.
2026-10-06T18:31:34Z INFO [1290/4500] 73831378-8e1d-447c-a313-e818c8972008: cophenetic index 624; 1.3 s; peak memory 635 MiB.
2026-10-06T18:31:34Z INFO [1291/4500] 738326e9-b92c-46f2-a557-368b68d16778: cophenetic index 490; 0.8 s; peak memory 635 MiB.
2026-10-06T18:31:36Z INFO [1292/4500] 738335c9-ef55-4bca-b63c-fe850e1a992c: cophenetic index 649; 1.5 s; peak memory 635 MiB.
2026-10-06T18:31:37Z INFO [1293/4500] 7383507e-c716-49d1-a033-d0cf2689fe1d: cophenetic index 1456; 1.4 s; peak memory 635 MiB.
2026-10-06T18:31:38Z INFO [1294/4500] 73846b08-a5cd-4890-b8f1-6cb8f9aa20c3: cophenetic index 579; 1.0 s; peak memory 635 MiB.
2026-10-06T18:31:40Z INFO [1295/4500] 7384aca2-0939-4e01-8887-2add59240b3f: cophenetic index 624; 1.3 s; peak memory 635 MiB.
2026-10-06T18:31:41Z INFO [1296/4500] 738517c3-f043-4895-ba99-182a21e28b02: cophenetic index 2974; 1.5 s; peak memory 635 MiB.
2026-10-06T18:31:43Z INFO [1297/4500] 73857837-766f-4c8b-bb4f-0854a363bd8f: cophenetic index 3004; 1.6 s; peak memory 635 MiB.
2026-10-06T18:31:44Z INFO [1298/4500] 7385a69b-dc89-4f69-bd61-2a8263345f2e: cophenetic index 3215; 1.1 s; peak memory 635 MiB.
2026-10-06T18:31:45Z INFO [1299/4500] 738679a8-f749-4f22-97fe-16ff38969cbe: cophenetic index 2551; 1.2 s; peak memory 635 MiB.
2026-10-06T18:31:57Z INFO [1300/4500] 7386e8f7-3006-48de-9b53-0951bf179018: cophenetic index 454952; 12.5 s; peak memory 635 MiB.
2026-10-06T18:31:58Z INFO [1300/4500] 7386e8f7-3006-48de-9b53-0951bf179018: checkpointed 102397 records.
2026-10-06T18:31:59Z INFO [1301/4500] 738717ac-ed4e-49ee-b63f-2fbb389a2f6b: cophenetic index 624; 1.2 s; peak memory 635 MiB.
2026-10-06T18:32:00Z INFO [1302/4500] 738753e3-d3d4-4647-988c-562ba4d45106: cophenetic index 560; 1.0 s; peak memory 635 MiB.
2026-10-06T18:32:01Z INFO [1303/4500] 738810ac-3e4f-41cd-ad16-a2bc447d79c6: cophenetic index 3087; 1.6 s; peak memory 635 MiB.
2026-10-06T18:32:02Z INFO [1304/4500] 73883609-854c-4d10-8ddc-d5513f683c09: cophenetic index 579; 0.9 s; peak memory 635 MiB.
2026-10-06T18:32:03Z INFO [1305/4500] 73883a99-7b0f-4ce3-b30a-4aa64574100a: cophenetic index 1228; 1.1 s; peak memory 635 MiB.
2026-10-06T18:32:06Z INFO [1306/4500] 73885c2c-43f2-4eb8-8335-9733ff22387a: cophenetic index 2682; 2.6 s; peak memory 635 MiB.
2026-10-06T18:32:09Z INFO [1307/4500] 73887cbf-d66e-434e-9e4f-450c59d02400: cophenetic index 5473; 3.6 s; peak memory 635 MiB.
2026-10-06T18:32:11Z INFO [1308/4500] 73887da5-10bc-4553-bd34-97de9e6cf949: cophenetic index 1558; 1.3 s; peak memory 635 MiB.
2026-10-06T18:32:12Z INFO [1309/4500] 73888014-6002-4d3c-9be8-48db5db16c45: cophenetic index 374; 1.0 s; peak memory 635 MiB.
2026-10-06T18:32:13Z INFO [1310/4500] 73899587-3fc0-4a8c-ad1c-5f9ece420402: cophenetic index 641; 1.0 s; peak memory 635 MiB.
2026-10-06T18:32:14Z INFO [1311/4500] 738a9efd-cb75-4e26-a717-bc6feb821ebf: cophenetic index 624; 1.2 s; peak memory 635 MiB.
2026-10-06T18:32:15Z INFO [1312/4500] 738be251-3137-4465-94a6-e8368bfb7076: cophenetic index 490; 1.0 s; peak memory 635 MiB.
2026-10-06T18:32:24Z INFO [1313/4500] 738be4fd-66d9-4071-a54e-cf0064f1a1e5: cophenetic index 195172714; 9.4 s; peak memory 635 MiB.
2026-10-06T18:32:26Z INFO [1314/4500] 738cd843-24ff-4988-8f46-1ea1af347645: cophenetic index 2570; 2.1 s; peak memory 635 MiB.
2026-10-06T18:32:30Z INFO [1315/4500] 738da6b2-9778-4a4c-9f95-89c08dbba37e: cophenetic index 3890; 3.8 s; peak memory 635 MiB.
2026-10-06T18:32:33Z INFO [1316/4500] 738e9c61-860c-45eb-b565-31f97620fb7f: cophenetic index 99150; 2.6 s; peak memory 635 MiB.
2026-10-06T18:32:46Z INFO [1317/4500] 738f2ea2-d582-4332-910a-6ca442c10dce: cophenetic index 233617; 13.2 s; peak memory 635 MiB.
2026-10-06T18:32:47Z INFO [1318/4500] 73916289-1fba-4195-a1a7-690e33175b5b: cophenetic index 431; 1.3 s; peak memory 635 MiB.
2026-10-06T18:32:50Z INFO [1319/4500] 739215ca-bce8-4763-b129-44e1f2530911: cophenetic index 2682; 2.4 s; peak memory 635 MiB.
2026-10-06T18:32:52Z INFO [1320/4500] 73929422-6e86-43e6-b2f6-b3d3815c3bcf: cophenetic index 33968; 1.8 s; peak memory 635 MiB.
2026-10-06T18:32:53Z INFO [1321/4500] 7392c6a8-67b9-4e6e-8cb6-8af19d42ed59: cophenetic index 3004; 1.6 s; peak memory 635 MiB.
2026-10-06T18:32:54Z INFO [1322/4500] 73930135-0ca0-4732-bacc-6330afb7e88c: cophenetic index 646; 1.1 s; peak memory 635 MiB.
2026-10-06T18:32:58Z INFO [1323/4500] 73936b27-30b1-43a3-81c6-312dd85a78e0: cophenetic index 1733; 3.3 s; peak memory 635 MiB.
2026-10-06T18:32:59Z INFO [1324/4500] 73944c33-ad1f-40ed-9c57-596b0dc1cb50: cophenetic index 627; 1.0 s; peak memory 635 MiB.
2026-10-06T18:33:02Z INFO [1325/4500] 73948927-dca6-4b5c-8854-69a99796562f: cophenetic index 1504; 3.1 s; peak memory 635 MiB.
2026-10-06T18:33:03Z INFO [1326/4500] 739503c5-372a-46c5-aed6-9fdc3f9e3263: cophenetic index 33986; 1.5 s; peak memory 635 MiB.
2026-10-06T18:33:10Z INFO [1327/4500] 7395c2d7-180f-4d6c-8690-08b51c723f61: cophenetic index 85190; 7.0 s; peak memory 635 MiB.
2026-10-06T18:33:11Z INFO [1328/4500] 73960414-5012-40e0-ae4f-00a8edf7e599: cophenetic index 739; 1.0 s; peak memory 635 MiB.
2026-10-06T18:33:15Z INFO [1329/4500] 73962c1d-d596-4761-b8ad-bad147df487a: cophenetic index 2236; 3.6 s; peak memory 635 MiB.
2026-10-06T18:33:17Z INFO [1330/4500] 7396813d-6405-49c2-bca8-0ef3caf040e3: cophenetic index 2625; 1.7 s; peak memory 635 MiB.
2026-10-06T18:33:19Z INFO [1331/4500] 73968b95-c92c-4b6e-8fbb-f1ef552e6d3a: cophenetic index 972; 2.0 s; peak memory 635 MiB.
2026-10-06T18:33:20Z INFO [1332/4500] 7399123d-faea-426f-b1a0-d4038a1a500e: cophenetic index 466; 1.5 s; peak memory 635 MiB.
2026-10-06T18:33:21Z INFO [1333/4500] 73992a0e-0da1-4106-8234-22bec6d2f607: cophenetic index 624; 1.1 s; peak memory 635 MiB.
2026-10-06T18:33:24Z INFO [1334/4500] 73994c2e-cd20-49f4-9844-ddce9497b431: cophenetic index 6490; 2.9 s; peak memory 635 MiB.
2026-10-06T18:33:26Z INFO [1335/4500] 73999499-77d5-4ff6-aadf-2276749309ba: cophenetic index 1949; 1.8 s; peak memory 635 MiB.
2026-10-06T18:33:30Z INFO [1336/4500] 739ba5c4-dd75-4a8a-94de-b6180f0ead8c: cophenetic index 5473; 3.9 s; peak memory 635 MiB.
2026-10-06T18:33:37Z INFO [1337/4500] 739ba5d3-e0b0-4ff8-9344-3b5571262638: cophenetic index 102103; 7.2 s; peak memory 635 MiB.
2026-10-06T18:33:46Z INFO [1338/4500] 739bbe5e-eb1e-45ca-8dd2-f59adb61322e: cophenetic index 212940; 9.0 s; peak memory 635 MiB.
2026-10-06T18:33:47Z INFO [1339/4500] 739bf251-83aa-498d-82c0-77f627b5003f: cophenetic index 3087; 1.3 s; peak memory 635 MiB.
2026-10-06T18:33:49Z INFO [1340/4500] 739c04de-90f2-42bb-9c9d-6b655d654698: cophenetic index 3004; 1.3 s; peak memory 635 MiB.
2026-10-06T18:33:50Z INFO [1341/4500] 739c9cd9-189f-43e4-bba8-5ff9680198bb: cophenetic index 2625; 1.7 s; peak memory 635 MiB.
2026-10-06T18:33:51Z INFO [1342/4500] 739d8088-ebe0-4dc9-9115-5335e8a0943d: cophenetic index 490; 1.1 s; peak memory 635 MiB.
2026-10-06T18:33:54Z INFO [1343/4500] 739db125-e17d-4f68-b848-a8334583ff5d: cophenetic index 2500; 2.8 s; peak memory 635 MiB.
2026-10-06T18:33:58Z INFO [1344/4500] 739db5d4-bc09-4b27-b770-31864b007fe4: cophenetic index 4015; 3.5 s; peak memory 635 MiB.
2026-10-06T18:33:59Z INFO [1345/4500] 739dcf2c-154b-4ea1-b818-87be0f782a10: cophenetic index 651; 0.8 s; peak memory 635 MiB.
2026-10-06T18:34:02Z INFO [1346/4500] 739e08b8-4ebb-4fee-a816-98a808189c54: cophenetic index 10773; 3.4 s; peak memory 635 MiB.
2026-10-06T18:34:06Z INFO [1347/4500] 739e8aff-4890-473c-846b-bf845f33e0fe: cophenetic index 16044; 3.9 s; peak memory 635 MiB.
2026-10-06T18:34:07Z INFO [1348/4500] 739e8c44-50e6-492b-a888-97ab9badcce1: cophenetic index 729; 0.9 s; peak memory 635 MiB.
2026-10-06T18:34:08Z INFO [1349/4500] 739ed893-d4a7-4740-a57c-92ff77ae2922: cophenetic index 624; 1.1 s; peak memory 635 MiB.
2026-10-06T18:34:21Z INFO [1350/4500] 739f2ccd-b75e-4e90-a119-85f1aae07041: cophenetic index 137784; 13.2 s; peak memory 635 MiB.
2026-10-06T18:34:21Z INFO [1350/4500] 739f2ccd-b75e-4e90-a119-85f1aae07041: checkpointed 102447 records.
2026-10-06T18:34:23Z INFO [1351/4500] 739fcea7-76b4-42d1-9b4a-d0ef4e7df51f: cophenetic index 3004; 1.2 s; peak memory 635 MiB.
2026-10-06T18:34:24Z INFO [1352/4500] 73a0dac2-089e-4b49-a813-4e4bd61eee5b: cophenetic index 3004; 1.4 s; peak memory 635 MiB.
2026-10-06T18:34:25Z INFO [1353/4500] 73a0f193-5224-44f2-8fa6-aa80deb7dc54: cophenetic index 624; 1.1 s; peak memory 635 MiB.
2026-10-06T18:34:26Z INFO [1354/4500] 73a0fd62-ca84-4c23-ad6b-3edcb1793310: cophenetic index 431; 1.0 s; peak memory 635 MiB.
2026-10-06T18:34:35Z INFO [1355/4500] 73a271dd-ce5c-4b73-91c4-772bc4343787: cophenetic index 121658; 8.7 s; peak memory 635 MiB.
2026-10-06T18:34:36Z INFO [1356/4500] 73a2b8bc-a23b-4c27-ac03-177a0ac91a86: cophenetic index 627; 1.0 s; peak memory 635 MiB.
2026-10-06T18:34:37Z INFO [1357/4500] 73a45690-04f1-4e5a-a99b-2fc56ef43458: cophenetic index 2625; 1.6 s; peak memory 635 MiB.
2026-10-06T18:34:44Z INFO [1358/4500] 73a46bee-db21-4ed8-b19c-18bc6cde570a: cophenetic index 70809; 6.5 s; peak memory 635 MiB.
2026-10-06T18:34:45Z INFO [1359/4500] 73a4b975-5df1-422a-a874-e446fea38496: cophenetic index 3004; 1.4 s; peak memory 635 MiB.
2026-10-06T18:34:47Z INFO [1360/4500] 73a4c33a-a278-4457-a7a6-30c3a16b2367: cophenetic index 3004; 1.4 s; peak memory 635 MiB.
2026-10-06T18:34:48Z INFO [1361/4500] 73a4dd49-bfa7-4149-9ae1-74f8758cf0c3: cophenetic index 3004; 1.3 s; peak memory 635 MiB.
2026-10-06T18:34:49Z INFO [1362/4500] 73a69975-e6a6-45ea-96c5-8bdb8d925ff2: cophenetic index 624; 1.1 s; peak memory 635 MiB.
2026-10-06T18:34:51Z INFO [1363/4500] 73a6b61c-ada2-4f28-b402-9cf6bed71a9e: cophenetic index 624; 1.3 s; peak memory 635 MiB.
2026-10-06T18:34:51Z INFO [1364/4500] 73a7175e-6d31-4d39-b1d8-c07543b0261f: cophenetic index 490; 0.9 s; peak memory 635 MiB.
2026-10-06T18:34:53Z INFO [1365/4500] 73a7d54f-0e72-482b-ae24-10bd5ecbce90: cophenetic index 1380; 1.4 s; peak memory 635 MiB.
2026-10-06T18:34:54Z INFO [1366/4500] 73a807a0-8370-4c03-802a-bf5fe7ea9f86: cophenetic index 490; 0.8 s; peak memory 635 MiB.
2026-10-06T18:34:55Z INFO [1367/4500] 73a99cb0-706b-427b-bb00-ae0024c47c56: cophenetic index 624; 1.2 s; peak memory 635 MiB.
2026-10-06T18:35:05Z INFO [1368/4500] 73aa028a-5151-4854-8ccb-7dcda4e36462: cophenetic index 195172714; 10.1 s; peak memory 635 MiB.
2026-10-06T18:35:08Z INFO [1369/4500] 73ab0771-bfd7-4f3d-87c7-4b2934b4e960: cophenetic index 3644; 3.4 s; peak memory 635 MiB.
2026-10-06T18:35:17Z INFO [1370/4500] 73acb1e7-65e3-464a-ab7b-b125b563c6cc: cophenetic index 143408; 8.4 s; peak memory 635 MiB.
2026-10-06T18:35:18Z INFO [1371/4500] 73acd7f8-97df-4dcc-a979-5d3d407392b6: cophenetic index 624; 1.1 s; peak memory 635 MiB.
2026-10-06T18:35:23Z INFO [1372/4500] 73ad4d4b-2fdd-4a53-b25c-a2f1a7bd7222: cophenetic index 9298; 5.5 s; peak memory 635 MiB.
2026-10-06T18:35:25Z INFO [1373/4500] 73ad634c-7faf-46df-afd1-3d647755409a: cophenetic index 3004; 1.3 s; peak memory 635 MiB.
2026-10-06T18:35:26Z INFO [1374/4500] 73ada471-53a7-4bc9-9b39-a10aa698ce9b: cophenetic index 624; 1.3 s; peak memory 635 MiB.
2026-10-06T18:35:27Z INFO [1375/4500] 73adbe63-fef2-4d27-9d73-4da8bc189dbd: cophenetic index 1228; 1.2 s; peak memory 635 MiB.
2026-10-06T18:35:28Z INFO [1376/4500] 73adcf45-481d-4e30-a6f5-55aedd4a84d0: cophenetic index 3004; 1.4 s; peak memory 635 MiB.
2026-10-06T18:35:32Z INFO [1377/4500] 73aed84f-5735-480d-b080-f092e9dcba3b: cophenetic index 23523; 4.0 s; peak memory 635 MiB.
2026-10-06T18:35:34Z INFO [1378/4500] 73afed63-017c-4d1a-b689-e13e29522f0c: cophenetic index 3087; 1.5 s; peak memory 635 MiB.
2026-10-06T18:35:38Z INFO [1379/4500] 73b06111-19f6-4583-a518-ae1149d32937: cophenetic index 5473; 3.8 s; peak memory 635 MiB.
2026-10-06T18:35:39Z INFO [1380/4500] 73b076b6-e525-4c7a-be63-7511761570c7: cophenetic index 479; 1.0 s; peak memory 635 MiB.
2026-10-06T18:35:40Z INFO [1381/4500] 73b1f68d-4b20-4f73-a4e2-543596792df2: cophenetic index 624; 1.1 s; peak memory 635 MiB.
2026-10-06T18:35:41Z INFO [1382/4500] 73b207f5-8569-439e-8ffc-ee8ca78524a8: cophenetic index 624; 1.3 s; peak memory 635 MiB.
2026-10-06T18:35:42Z INFO [1383/4500] 73b2453e-2671-438b-8747-6958a3e5f1a9: cophenetic index 3004; 1.3 s; peak memory 635 MiB.
2026-10-06T18:35:44Z INFO [1384/4500] 73b274ef-fa7f-4e54-952d-731e2c0860a7: cophenetic index 624; 1.2 s; peak memory 635 MiB.
2026-10-06T18:35:45Z INFO [1385/4500] 73b27c72-2ca5-4077-bdef-2c9b202a2279: cophenetic index 3004; 1.3 s; peak memory 635 MiB.
2026-10-06T18:35:51Z INFO [1386/4500] 73b2aa23-2db2-497c-ad17-d657922e5ff3: cophenetic index 9548; 6.6 s; peak memory 635 MiB.
2026-10-06T18:35:53Z INFO [1387/4500] 73b2ee56-2563-4dd7-8e14-e70018012549: cophenetic index 3004; 1.5 s; peak memory 635 MiB.
2026-10-06T18:35:54Z INFO [1388/4500] 73b3854d-b8bb-40af-bc8d-7af579b82c48: cophenetic index 479; 1.0 s; peak memory 635 MiB.
2026-10-06T18:35:55Z INFO [1389/4500] 73b3a572-2fa0-4771-b815-6db06ef42a1c: cophenetic index 490; 0.8 s; peak memory 635 MiB.
2026-10-06T18:35:56Z INFO [1390/4500] 73b3d8bb-6c9b-4171-a70f-0f4c2b1d9fb8: cophenetic index 590; 1.1 s; peak memory 635 MiB.
2026-10-06T18:35:57Z INFO [1391/4500] 73b4636f-f5e7-4880-b645-65ed16ee83a6: cophenetic index 994; 1.0 s; peak memory 635 MiB.
2026-10-06T18:35:58Z INFO [1392/4500] 73b46ddb-315c-48fe-a00f-9b85d96eeefe: cophenetic index 624; 1.2 s; peak memory 635 MiB.
2026-10-06T18:35:59Z INFO [1393/4500] 73b4b1f3-33e8-456e-b41e-30654cf98889: cophenetic index 554; 1.2 s; peak memory 635 MiB.
2026-10-06T18:36:01Z INFO [1394/4500] 73b5c934-5cba-45b6-b30c-29f035ca8bf6: cophenetic index 624; 1.2 s; peak memory 635 MiB.
2026-10-06T18:36:08Z INFO [1395/4500] 73b689e4-937d-44ad-a470-776ade007aae: cophenetic index 123943; 7.8 s; peak memory 635 MiB.
2026-10-06T18:36:11Z INFO [1396/4500] 73b6e4bf-5b52-42ed-ac9f-ce7588335c28: cophenetic index 1149; 2.7 s; peak memory 635 MiB.
2026-10-06T18:36:13Z INFO [1397/4500] 73b71c35-a9f4-45d8-85e6-2fd73a175889: cophenetic index 1949; 1.4 s; peak memory 635 MiB.
2026-10-06T18:36:14Z INFO [1398/4500] 73b79510-f061-496e-b9f2-cf93d04b8f63: cophenetic index 624; 1.2 s; peak memory 635 MiB.
2026-10-06T18:36:15Z INFO [1399/4500] 73b90070-387a-4960-803f-967db1e76074: cophenetic index 554; 1.5 s; peak memory 635 MiB.
2026-10-06T18:36:18Z INFO [1400/4500] 73b9c82b-eb5e-4076-80df-a583cc0368c2: cophenetic index 2402; 3.1 s; peak memory 635 MiB.
2026-10-06T18:36:19Z INFO [1400/4500] 73b9c82b-eb5e-4076-80df-a583cc0368c2: checkpointed 102497 records.
2026-10-06T18:36:20Z INFO [1401/4500] 73ba00a6-9be9-4371-b6ae-863192f17780: cophenetic index 494; 1.1 s; peak memory 635 MiB.
2026-10-06T18:36:21Z INFO [1402/4500] 73bb9ba1-3865-4183-bbfe-3d6c83da7e37: cophenetic index 624; 1.2 s; peak memory 635 MiB.
2026-10-06T18:36:22Z INFO [1403/4500] 73bd913d-1a1c-459e-9cf7-9cfa03dd6849: cophenetic index 791; 1.7 s; peak memory 635 MiB.
2026-10-06T18:36:24Z INFO [1404/4500] 73bddc30-6d3e-4c1b-8feb-2bf2c514e98a: cophenetic index 33818; 1.8 s; peak memory 635 MiB.
2026-10-06T18:36:25Z INFO [1405/4500] 73be0b5d-ece1-405e-af4b-a56764464504: cophenetic index 624; 1.1 s; peak memory 635 MiB.
2026-10-06T18:36:28Z INFO [1406/4500] 73bf9859-7b3f-45cf-adba-6e9f0f258896: cophenetic index 99150; 2.9 s; peak memory 635 MiB.
2026-10-06T18:36:29Z INFO [1407/4500] 73c0ef6f-9f90-4905-af81-e65ead4f5c3b: cophenetic index 661; 0.8 s; peak memory 635 MiB.
2026-10-06T18:36:36Z INFO [1408/4500] 73c10bf6-8664-4706-8196-1003c750998b: cophenetic index 20638; 7.3 s; peak memory 635 MiB.
2026-10-06T18:36:37Z INFO [1409/4500] 73c1829c-1446-45e9-8fcc-1854f83703a0: cophenetic index 624; 1.1 s; peak memory 635 MiB.
2026-10-06T18:36:39Z INFO [1410/4500] 73c1a357-5001-4eb9-af86-6f9c25f29fde: cophenetic index 2625; 1.6 s; peak memory 635 MiB.
2026-10-06T18:36:42Z INFO [1411/4500] 73c1ee3c-c3f2-44f1-be36-8063afaedfa1: cophenetic index 1255; 2.7 s; peak memory 635 MiB.
2026-10-06T18:36:44Z INFO [1412/4500] 73c25cab-26aa-47a7-aae3-a98eb1b6df52: cophenetic index 1144; 2.2 s; peak memory 635 MiB.
2026-10-06T18:36:52Z INFO [1413/4500] 73c2e603-f276-4249-8031-73585ea83438: cophenetic index 180918; 8.3 s; peak memory 635 MiB.
2026-10-06T18:36:54Z INFO [1414/4500] 73c3db8c-5031-46e6-893e-422b6e0b8515: cophenetic index 2625; 1.6 s; peak memory 635 MiB.
2026-10-06T18:36:55Z INFO [1415/4500] 73c3ed14-e901-443c-bbcb-6bfbf045b277: cophenetic index 624; 1.1 s; peak memory 635 MiB.
2026-10-06T18:36:56Z INFO [1416/4500] 73c494cf-c24b-42eb-aab2-b4b5bfbaf753: cophenetic index 624; 1.3 s; peak memory 635 MiB.
2026-10-06T18:36:57Z INFO [1417/4500] 73c74ad5-b3c5-43c7-b96b-b2b8bdcbedb7: cophenetic index 729; 0.9 s; peak memory 635 MiB.
2026-10-06T18:37:06Z INFO [1418/4500] 73c86345-f965-42d0-8d9d-c09a7b491e9e: cophenetic index 114303; 8.8 s; peak memory 635 MiB.
2026-10-06T18:37:08Z INFO [1419/4500] 73ca481b-313c-4a82-a4ef-197f03b13114: cophenetic index 2625; 2.1 s; peak memory 635 MiB.
2026-10-06T18:37:09Z INFO [1420/4500] 73cb67b6-b8d8-4b7b-812f-266ebbe44d36: cophenetic index 624; 1.2 s; peak memory 635 MiB.
2026-10-06T18:37:10Z INFO [1421/4500] 73cd4cc2-f95d-4788-8ffd-f8d533f768b5: cophenetic index 624; 1.1 s; peak memory 635 MiB.
2026-10-06T18:37:11Z INFO [1422/4500] 73cd7db6-9a0f-4ae0-a694-5788b5938b5a: cophenetic index 490; 0.8 s; peak memory 635 MiB.
2026-10-06T18:37:12Z INFO [1423/4500] 73ce4e7f-155c-4d59-b5b0-e5653968089a: cophenetic index 569; 1.4 s; peak memory 635 MiB.
2026-10-06T18:37:14Z INFO [1424/4500] 73ceb98d-b79e-401e-aa9d-ebbe415a6923: cophenetic index 624; 1.2 s; peak memory 635 MiB.
2026-10-06T18:37:22Z INFO [1425/4500] 73cecdd3-019a-4b26-ab63-ac6ff3cb5465: cophenetic index 105508; 7.9 s; peak memory 635 MiB.
2026-10-06T18:37:23Z INFO [1426/4500] 73cf9dc7-e868-4926-b96f-13cf45904952: cophenetic index 788; 1.4 s; peak memory 635 MiB.
2026-10-06T18:37:25Z INFO [1427/4500] 73d001e8-1a45-4a80-a1d1-b9499916150a: cophenetic index 766; 1.6 s; peak memory 635 MiB.
2026-10-06T18:37:26Z INFO [1428/4500] 73d03d10-d448-4edb-ae21-fdd7434d51d1: cophenetic index 624; 1.1 s; peak memory 635 MiB.
2026-10-06T18:37:27Z INFO [1429/4500] 73d14f67-2f51-4f95-8032-58948e98309e: cophenetic index 624; 1.1 s; peak memory 635 MiB.
2026-10-06T18:37:29Z INFO [1430/4500] 73d1c04f-dcf5-4c64-9577-47c04ac4a7af: cophenetic index 1985; 2.0 s; peak memory 635 MiB.
2026-10-06T18:37:31Z INFO [1431/4500] 73d20e74-49ba-46c8-9ec8-5ce152a12c2b: cophenetic index 959; 2.8 s; peak memory 635 MiB.
2026-10-06T18:37:43Z INFO [1432/4500] 73d25e8e-028d-4021-bf92-e8da89943163: cophenetic index 145741; 11.4 s; peak memory 635 MiB.
2026-10-06T18:37:45Z INFO [1433/4500] 73d28230-fa26-4ce0-a23a-dd856071cb36: cophenetic index 2625; 1.8 s; peak memory 635 MiB.
2026-10-06T18:37:46Z INFO [1434/4500] 73d36499-57b0-425c-9d15-7a97fbbb685f: cophenetic index 624; 1.2 s; peak memory 635 MiB.
2026-10-06T18:37:48Z INFO [1435/4500] 73d577fc-8bef-47aa-a9d5-36315d72aa10: cophenetic index 99138; 2.2 s; peak memory 635 MiB.
2026-10-06T18:37:49Z INFO [1436/4500] 73d73eb6-d8c6-4772-a59e-50a12cd92859: cophenetic index 624; 1.2 s; peak memory 635 MiB.
2026-10-06T18:37:51Z INFO [1437/4500] 73d755c1-33aa-4c29-92ea-060a9441036e: cophenetic index 466; 1.3 s; peak memory 635 MiB.
2026-10-06T18:37:52Z INFO [1438/4500] 73d82ea9-71f5-4a94-9e9f-4bac94ac7718: cophenetic index 649; 1.4 s; peak memory 635 MiB.
2026-10-06T18:37:54Z INFO [1439/4500] 73d87cb4-3644-4bd5-9f97-9cf229f7eb3b: cophenetic index 33998; 2.3 s; peak memory 635 MiB.
2026-10-06T18:37:56Z INFO [1440/4500] 73da4ee5-a5ac-409d-b1ad-cbc270f5cdbb: cophenetic index 2625; 1.6 s; peak memory 635 MiB.
2026-10-06T18:37:57Z INFO [1441/4500] 73da79a8-ad2e-4c88-98f3-a497c26e38e2: cophenetic index 490; 0.7 s; peak memory 635 MiB.
2026-10-06T18:37:59Z INFO [1442/4500] 73da879d-0bb1-4014-9adb-9571343fb692: cophenetic index 1380; 2.0 s; peak memory 635 MiB.
2026-10-06T18:38:00Z INFO [1443/4500] 73db3930-97a3-438a-b555-f24313b9ae80: cophenetic index 26986; 1.8 s; peak memory 635 MiB.
2026-10-06T18:38:02Z INFO [1444/4500] 73dc8e4e-047d-4fc6-bd1b-e0aae1fb43e8: cophenetic index 1949; 1.6 s; peak memory 635 MiB.
2026-10-06T18:38:04Z INFO [1445/4500] 73dd4223-d5f3-46a6-830d-f159e5e6c43c: cophenetic index 3004; 1.6 s; peak memory 635 MiB.
2026-10-06T18:38:05Z INFO [1446/4500] 73dda189-c0db-4232-ad17-b0fa88d6a21a: cophenetic index 3087; 1.4 s; peak memory 635 MiB.
2026-10-06T18:38:06Z INFO [1447/4500] 73ddc003-bb4a-44fe-b98b-c616a5ae1805: cophenetic index 624; 1.1 s; peak memory 635 MiB.
2026-10-06T18:38:08Z INFO [1448/4500] 73ddde2d-61c8-41a7-9f33-089d428dae34: cophenetic index 2625; 2.1 s; peak memory 635 MiB.
2026-10-06T18:38:09Z INFO [1449/4500] 73deb471-0087-4f3e-9e48-a0592540f29f: cophenetic index 624; 1.3 s; peak memory 635 MiB.
2026-10-06T18:38:11Z INFO [1450/4500] 73def424-d836-4112-adbc-bce7063e0c12: cophenetic index 1470; 1.4 s; peak memory 635 MiB.
2026-10-06T18:38:11Z INFO [1450/4500] 73def424-d836-4112-adbc-bce7063e0c12: checkpointed 102547 records.
2026-10-06T18:38:13Z INFO [1451/4500] 73df2126-374d-4504-a58e-b5c2408b10c1: cophenetic index 3087; 1.6 s; peak memory 635 MiB.
2026-10-06T18:38:14Z INFO [1452/4500] 73df7358-a24c-4378-902a-da26ff67909b: cophenetic index 433; 1.1 s; peak memory 635 MiB.
2026-10-06T18:38:15Z INFO [1453/4500] 73e00deb-574a-4fbe-bb69-19ccbdff6a12: cophenetic index 2974; 1.3 s; peak memory 635 MiB.
2026-10-06T18:38:17Z INFO [1454/4500] 73e10d00-79bf-4eb4-905c-e8a0badffefc: cophenetic index 937; 1.5 s; peak memory 635 MiB.
2026-10-06T18:39:44Z INFO [1455/4500] 73e178a0-2ab9-4c4f-b726-bf0c2e196a48: cophenetic index 390492191; 87.5 s; peak memory 635 MiB.
2026-10-06T18:39:45Z INFO [1456/4500] 73e1861f-e3f6-4af2-a730-11c679abf13f: cophenetic index 433; 0.7 s; peak memory 635 MiB.
2026-10-06T18:39:46Z INFO [1457/4500] 73e223cd-20c2-47e3-859a-04e677127f9d: cophenetic index 431; 1.4 s; peak memory 635 MiB.
2026-10-06T18:39:54Z INFO [1458/4500] 73e2f64f-2162-43f6-b975-df1b0915aafe: cophenetic index 87573; 7.3 s; peak memory 635 MiB.
2026-10-06T18:39:55Z INFO [1459/4500] 73e361c2-9370-44b9-a721-031517d7397e: cophenetic index 2974; 1.2 s; peak memory 635 MiB.
2026-10-06T18:39:57Z INFO [1460/4500] 73e38234-a7ae-4aa9-8c36-d2c03eb0fe95: cophenetic index 103740; 2.3 s; peak memory 635 MiB.
2026-10-06T18:39:58Z INFO [1461/4500] 73e38e45-951a-43d7-b44e-76df9cd50f6f: cophenetic index 624; 1.1 s; peak memory 635 MiB.
2026-10-06T18:40:00Z INFO [1462/4500] 73e3fcb0-ba86-4fc4-9e51-5da5cca0cb25: cophenetic index 2893; 1.4 s; peak memory 635 MiB.
2026-10-06T18:40:01Z INFO [1463/4500] 73e44982-2b04-4e10-a091-970b79e63020: cophenetic index 624; 1.1 s; peak memory 635 MiB.
2026-10-06T18:40:02Z INFO [1464/4500] 73e45081-d1ea-4223-9f8b-6cc9387c1f76: cophenetic index 624; 1.1 s; peak memory 635 MiB.
2026-10-06T18:40:03Z INFO [1465/4500] 73e4939a-3de0-4eff-bece-8570fe87fd82: cophenetic index 641; 0.8 s; peak memory 635 MiB.
2026-10-06T18:40:14Z INFO [1466/4500] 73e4a021-8c89-4cee-a7cd-59a5ee7c69c3: cophenetic index 174778; 11.6 s; peak memory 635 MiB.
2026-10-06T18:40:16Z INFO [1467/4500] 73e4ebdd-361d-4b83-9b08-38df20dee6c5: cophenetic index 2974; 1.4 s; peak memory 635 MiB.
2026-10-06T18:40:24Z INFO [1468/4500] 73e5236a-c07b-4804-8e33-f2e52de7c4e9: cophenetic index 14699; 8.1 s; peak memory 635 MiB.
2026-10-06T18:40:25Z INFO [1469/4500] 73e58edc-7b68-4b12-a11f-f896df8583ec: cophenetic index 3004; 1.3 s; peak memory 635 MiB.
2026-10-06T18:40:26Z INFO [1470/4500] 73e5ffa6-f539-48a7-befe-17680fd08a1e: cophenetic index 605; 1.4 s; peak memory 635 MiB.
2026-10-06T18:40:29Z INFO [1471/4500] 73e66609-9a7b-4c5a-9e1c-5b3ae7a2e2ce: cophenetic index 99810; 2.8 s; peak memory 635 MiB.
2026-10-06T18:40:31Z INFO [1472/4500] 73e6ff2d-c062-4ac4-b426-0fd40838fa7b: cophenetic index 2625; 1.5 s; peak memory 635 MiB.
2026-10-06T18:40:32Z INFO [1473/4500] 73e72907-015b-4879-b2c4-4153a5edc1df: cophenetic index 2625; 1.6 s; peak memory 635 MiB.
2026-10-06T18:40:34Z INFO [1474/4500] 73e786d5-f9e3-4ac1-8ae5-c684ece69953: cophenetic index 23200; 1.6 s; peak memory 635 MiB.
2026-10-06T18:40:36Z INFO [1475/4500] 73e78b8c-0dda-477d-8ffb-24ce49ac9bc6: cophenetic index 431; 1.5 s; peak memory 635 MiB.
2026-10-06T18:40:36Z INFO [1476/4500] 73e9c24b-b42a-4daf-b127-09bd850ee7eb: cophenetic index 490; 0.8 s; peak memory 635 MiB.
2026-10-06T18:40:38Z INFO [1477/4500] 73ea5d99-39c6-41e0-822d-d8fd15666e89: cophenetic index 2625; 1.4 s; peak memory 635 MiB.
2026-10-06T18:40:41Z INFO [1478/4500] 73ea827f-9367-4575-823f-b9fa404fd15a: cophenetic index 99150; 2.7 s; peak memory 635 MiB.
2026-10-06T18:40:43Z INFO [1479/4500] 73eac91c-2c27-4911-b842-f1333797aa4d: cophenetic index 2625; 2.0 s; peak memory 635 MiB.
2026-10-06T18:40:44Z INFO [1480/4500] 73eaf412-8262-4c0e-9b79-a8e070f1292e: cophenetic index 2570; 1.7 s; peak memory 635 MiB.
2026-10-06T18:40:51Z INFO [1481/4500] 73eb3469-b8b5-44db-b380-4ed7e71f9c8e: cophenetic index 45174; 6.7 s; peak memory 635 MiB.
2026-10-06T18:40:52Z INFO [1482/4500] 73eb4e3d-b794-41c0-868b-8ee2410756d5: cophenetic index 624; 1.1 s; peak memory 635 MiB.
2026-10-06T18:40:53Z INFO [1483/4500] 73eb5ad4-bf64-4e2d-a1fb-b5fa580c5d17: cophenetic index 624; 1.2 s; peak memory 635 MiB.
2026-10-06T18:40:54Z INFO [1484/4500] 73eb813f-aaf5-4a70-93f4-8c7b1a5e8a5a: cophenetic index 624; 1.1 s; peak memory 635 MiB.
2026-10-06T18:40:56Z INFO [1485/4500] 73eb97f6-9f45-4834-b0a8-20a77086241b: cophenetic index 3004; 1.3 s; peak memory 635 MiB.
2026-10-06T18:40:57Z INFO [1486/4500] 73ec431f-abb7-42bb-adda-fab03653f494: cophenetic index 539; 1.2 s; peak memory 635 MiB.
2026-10-06T18:40:58Z INFO [1487/4500] 73ec7efb-b0ce-47eb-ae10-feb776727b73: cophenetic index 3004; 1.4 s; peak memory 635 MiB.
2026-10-06T18:41:00Z INFO [1488/4500] 73ed79cf-5bf5-4665-9c85-40aee06fd331: cophenetic index 649; 1.3 s; peak memory 635 MiB.
2026-10-06T18:41:08Z INFO [1489/4500] 73eda076-1fd6-4cb5-8bc6-d3757e0f195c: cophenetic index 3620; 8.6 s; peak memory 635 MiB.
2026-10-06T18:41:09Z INFO [1490/4500] 73ee1f79-43da-4ba1-8601-4b16a6ec2a4e: cophenetic index 490; 1.0 s; peak memory 635 MiB.
2026-10-06T18:41:16Z INFO [1491/4500] 73ee7060-e5f7-47fd-9d84-e65362177d79: cophenetic index 67814; 6.9 s; peak memory 635 MiB.
2026-10-06T18:41:17Z INFO [1492/4500] 73ef6b9c-6c37-46b0-a998-2e37a29c494e: cophenetic index 624; 1.2 s; peak memory 635 MiB.
2026-10-06T18:41:18Z INFO [1493/4500] 73f1e2df-bbb2-4e25-8506-4af36d90bfc4: cophenetic index 624; 1.2 s; peak memory 635 MiB.
2026-10-06T18:41:20Z INFO [1494/4500] 73f2180e-c05b-4a12-a05a-6930aeb5b327: cophenetic index 3087; 1.3 s; peak memory 635 MiB.
2026-10-06T18:41:21Z INFO [1495/4500] 73f324e4-e0b4-43db-97bd-0f8e5ccd8ef1: cophenetic index 3087; 1.5 s; peak memory 635 MiB.
2026-10-06T18:42:11Z INFO [1496/4500] 73f43c6e-4e3d-4926-bc09-e92c2da63d7c: cophenetic index 130739972; 50.3 s; peak memory 635 MiB.
2026-10-06T18:42:13Z INFO [1497/4500] 73f48929-9689-4f15-8dac-6c81a0d25cd7: cophenetic index 13320; 1.8 s; peak memory 635 MiB.
2026-10-06T18:42:15Z INFO [1498/4500] 73f52cdf-3fba-4608-bd25-3a0184e89142: cophenetic index 3087; 1.5 s; peak memory 635 MiB.
2026-10-06T18:42:16Z INFO [1499/4500] 73f593ec-1a80-4393-9370-3d235224cfd2: cophenetic index 26986; 1.7 s; peak memory 635 MiB.
2026-10-06T18:42:26Z INFO [1500/4500] 73f5acb1-1791-4f92-8b20-d5200150a571: cophenetic index 121917; 9.8 s; peak memory 635 MiB.
2026-10-06T18:42:26Z INFO [1500/4500] 73f5acb1-1791-4f92-8b20-d5200150a571: checkpointed 102597 records.
2026-10-06T18:42:27Z INFO [1501/4500] 73f5eb9c-99b9-48b7-be1f-f4a3d8ac1134: cophenetic index 433; 0.9 s; peak memory 635 MiB.
2026-10-06T18:42:28Z INFO [1502/4500] 73f5f0fc-be96-4402-b9a3-aa15be0ed961: cophenetic index 766; 1.3 s; peak memory 635 MiB.
2026-10-06T18:42:30Z INFO [1503/4500] 73f66402-5569-4687-a158-1be2063a6606: cophenetic index 624; 1.2 s; peak memory 635 MiB.
2026-10-06T18:42:31Z INFO [1504/4500] 73f7a653-1375-413f-bfb2-13ac179efc86: cophenetic index 2625; 1.8 s; peak memory 635 MiB.
2026-10-06T18:42:33Z INFO [1505/4500] 73f7b965-3821-4476-9cbb-7c59e5ad52e5: cophenetic index 3004; 1.5 s; peak memory 635 MiB.
2026-10-06T18:42:35Z INFO [1506/4500] 73f807df-c8ea-4012-8647-6b45ea570324: cophenetic index 650; 1.6 s; peak memory 635 MiB.
2026-10-06T18:42:36Z INFO [1507/4500] 73f8cf2c-bccf-4588-a5b8-52462c569eef: cophenetic index 624; 1.1 s; peak memory 635 MiB.
2026-10-06T18:42:37Z INFO [1508/4500] 73f92399-3856-4bdc-ace0-a6368626bec0: cophenetic index 3087; 1.5 s; peak memory 635 MiB.
2026-10-06T18:42:39Z INFO [1509/4500] 73f92e93-3c13-4e5b-be30-29c94dc04e1c: cophenetic index 2701; 1.7 s; peak memory 635 MiB.
2026-10-06T18:42:40Z INFO [1510/4500] 73fa0742-e956-4710-8dad-8da7a8f6ba98: cophenetic index 2551; 1.4 s; peak memory 635 MiB.
2026-10-06T18:42:42Z INFO [1511/4500] 73fa7d67-07ec-402a-a6b0-4e08e766979b: cophenetic index 33998; 2.0 s; peak memory 635 MiB.
2026-10-06T18:42:44Z INFO [1512/4500] 73fad987-074d-4784-8097-aa529405fdce: cophenetic index 2974; 1.5 s; peak memory 635 MiB.
2026-10-06T18:42:45Z INFO [1513/4500] 73fb31bc-945b-4239-ade4-ff18dae2cea4: cophenetic index 624; 1.1 s; peak memory 635 MiB.
2026-10-06T18:42:46Z INFO [1514/4500] 73fbe554-7a0c-40a2-8767-23145c19cda6: cophenetic index 624; 1.3 s; peak memory 635 MiB.
2026-10-06T18:42:47Z INFO [1515/4500] 73fca37e-922b-45d2-b92b-430947827f48: cophenetic index 624; 1.1 s; peak memory 635 MiB.
2026-10-06T18:42:49Z INFO [1516/4500] 73fcc66d-50c9-4953-a333-9f0ba916906c: cophenetic index 466; 1.3 s; peak memory 635 MiB.
2026-10-06T18:42:50Z INFO [1517/4500] 73fcf167-789d-4899-934e-f6a912f0c65e: cophenetic index 624; 1.2 s; peak memory 635 MiB.
2026-10-06T18:42:51Z INFO [1518/4500] 73fde5ca-2408-4ada-abe8-68ee5fb27ad2: cophenetic index 1006; 1.4 s; peak memory 635 MiB.
2026-10-06T18:42:53Z INFO [1519/4500] 73fdea64-6237-4f91-b893-4eb25c80dd32: cophenetic index 3004; 1.3 s; peak memory 635 MiB.
2026-10-06T18:42:54Z INFO [1520/4500] 73fe1fc2-3728-4806-81ab-c5b439c90be1: cophenetic index 613; 1.9 s; peak memory 635 MiB.
2026-10-06T18:42:55Z INFO [1521/4500] 73fe2bdd-43d0-426c-949f-90053ba80ab5: cophenetic index 401; 0.9 s; peak memory 635 MiB.
2026-10-06T18:42:59Z INFO [1522/4500] 73fe7da5-e5ca-4a4b-9e53-b6ed15110faa: cophenetic index 2391; 3.2 s; peak memory 635 MiB.
2026-10-06T18:43:00Z INFO [1523/4500] 73ffa6a5-6c2f-4713-95fb-02d2d85c3d3b: cophenetic index 1380; 1.7 s; peak memory 635 MiB.
2026-10-06T18:43:01Z INFO [1524/4500] 73ffd28b-c088-4e0d-bc6a-17954eaeb738: cophenetic index 623; 1.1 s; peak memory 635 MiB.
2026-10-06T18:43:03Z INFO [1525/4500] 74003e97-8e16-4a41-9cf8-10388bfcec40: cophenetic index 949; 1.6 s; peak memory 635 MiB.
2026-10-06T18:43:05Z INFO [1526/4500] 740094b0-2016-48b4-8d36-b62dd24254c6: cophenetic index 40176; 2.4 s; peak memory 635 MiB.
2026-10-06T18:43:07Z INFO [1527/4500] 74010dac-35a4-43f6-b640-e5e062343bcd: cophenetic index 624; 1.2 s; peak memory 635 MiB.
2026-10-06T18:43:08Z INFO [1528/4500] 74015152-69ae-43ca-8d7d-be48b3565ad4: cophenetic index 2974; 1.3 s; peak memory 635 MiB.
2026-10-06T18:43:09Z INFO [1529/4500] 74017485-5980-4bd5-a3c4-22944a91394a: cophenetic index 649; 1.3 s; peak memory 635 MiB.
2026-10-06T18:43:16Z INFO [1530/4500] 7402790c-de4e-43cd-8f53-28cbfac3e176: cophenetic index 9181; 7.0 s; peak memory 635 MiB.
2026-10-06T18:43:19Z INFO [1531/4500] 7402879c-cf91-49c7-87be-7c796d97707d: cophenetic index 1183; 2.5 s; peak memory 635 MiB.
2026-10-06T18:43:20Z INFO [1532/4500] 74032e24-4342-4a47-96d9-3b4ba4b5e96a: cophenetic index 2974; 1.5 s; peak memory 635 MiB.
2026-10-06T18:43:23Z INFO [1533/4500] 7403bff3-5773-4ca1-8e15-5cc02b413227: cophenetic index 34658; 3.2 s; peak memory 635 MiB.
2026-10-06T18:43:30Z INFO [1534/4500] 7403dc1b-4d71-4b74-911e-a7dfe262bbec: cophenetic index 9548; 6.2 s; peak memory 635 MiB.
2026-10-06T18:43:32Z INFO [1535/4500] 7403f442-5739-496e-bc1b-fe8ecdf05a61: cophenetic index 1733; 2.8 s; peak memory 635 MiB.
2026-10-06T18:43:40Z INFO [1536/4500] 74040b8b-a302-4cf9-8ec6-d2ce2d8515eb: cophenetic index 87573; 7.9 s; peak memory 635 MiB.
2026-10-06T18:43:42Z INFO [1537/4500] 74044ce4-4911-4b6b-80f7-88c6312f6228: cophenetic index 624; 1.2 s; peak memory 635 MiB.
2026-10-06T18:43:43Z INFO [1538/4500] 7405fe3d-1395-452b-a339-8fa3df7ac03a: cophenetic index 624; 1.1 s; peak memory 635 MiB.
2026-10-06T18:43:45Z INFO [1539/4500] 74067ffb-eb31-4e8d-a917-c4228278cfb1: cophenetic index 36406; 2.0 s; peak memory 635 MiB.
2026-10-06T18:43:46Z INFO [1540/4500] 7407855f-2c6c-4e66-9e4f-34ab65b309de: cophenetic index 2496; 1.8 s; peak memory 635 MiB.
2026-10-06T18:43:55Z INFO [1541/4500] 74084a61-b2d2-43df-a146-fc095a08c512: cophenetic index 131610; 8.5 s; peak memory 635 MiB.
2026-10-06T18:43:56Z INFO [1542/4500] 74085c57-892f-4204-b086-e884f2df94f1: cophenetic index 624; 1.1 s; peak memory 635 MiB.
2026-10-06T18:44:04Z INFO [1543/4500] 74099b9e-b036-4580-b0dd-dc8158ccd25d: cophenetic index 161542; 8.2 s; peak memory 635 MiB.
2026-10-06T18:44:07Z INFO [1544/4500] 7409f324-93e3-4372-9066-3d48c274212c: cophenetic index 2391; 2.8 s; peak memory 635 MiB.
2026-10-06T18:44:09Z INFO [1545/4500] 740a1aa3-2f67-45fb-b509-75c487d17ef0: cophenetic index 2625; 1.6 s; peak memory 635 MiB.
2026-10-06T18:44:15Z INFO [1546/4500] 740a336b-8398-44a3-900a-b348aab69588: cophenetic index 85733; 6.4 s; peak memory 635 MiB.
2026-10-06T18:44:16Z INFO [1547/4500] 740a4118-a374-4be1-9f49-d39530b1cfeb: cophenetic index 624; 1.1 s; peak memory 635 MiB.
2026-10-06T18:44:18Z INFO [1548/4500] 740a90fe-688f-4759-99e8-83bbfe8ee422: cophenetic index 2570; 1.7 s; peak memory 635 MiB.
2026-10-06T18:44:19Z INFO [1549/4500] 740ad37d-ad7e-458c-afcb-40d8fc16c829: cophenetic index 690; 1.0 s; peak memory 635 MiB.
2026-10-06T18:44:20Z INFO [1550/4500] 740adb71-44de-4361-99f9-39e7f2239466: cophenetic index 431; 1.6 s; peak memory 635 MiB.
2026-10-06T18:44:21Z INFO [1550/4500] 740adb71-44de-4361-99f9-39e7f2239466: checkpointed 102647 records.
2026-10-06T18:44:22Z INFO [1551/4500] 740b025a-cced-429b-99d4-74c9ae9596e7: cophenetic index 624; 1.2 s; peak memory 635 MiB.
2026-10-06T18:44:32Z INFO [1552/4500] 740bf846-e0dd-450c-860c-5ccbeb931639: cophenetic index 12573; 10.2 s; peak memory 635 MiB.
2026-10-06T18:44:40Z INFO [1553/4500] 740c8c1e-7818-4f29-9a86-6e514ec209fd: cophenetic index 49704; 7.6 s; peak memory 635 MiB.
2026-10-06T18:44:41Z INFO [1554/4500] 740de991-871f-4845-b872-bf1bd92b3ffa: cophenetic index 1012; 1.3 s; peak memory 635 MiB.
2026-10-06T18:44:53Z INFO [1555/4500] 740e8971-8af8-4691-95c5-1617b18451a6: cophenetic index 48665; 12.6 s; peak memory 635 MiB.
2026-10-06T18:44:54Z INFO [1556/4500] 740f48ac-b988-4937-baa4-a80be0485610: cophenetic index 624; 1.1 s; peak memory 635 MiB.
2026-10-06T18:44:55Z INFO [1557/4500] 740f78f5-b788-4a37-9442-8d6fe4d92e26: cophenetic index 651; 0.8 s; peak memory 635 MiB.
2026-10-06T18:44:56Z INFO [1558/4500] 740f9404-0d27-4eda-9b38-f21eac68bd71: cophenetic index 490; 0.7 s; peak memory 635 MiB.
2026-10-06T18:44:58Z INFO [1559/4500] 740fd4e3-2704-4601-a841-276a4a82a2af: cophenetic index 605; 1.6 s; peak memory 635 MiB.
2026-10-06T18:45:04Z INFO [1560/4500] 74104eaa-9d0e-42f3-9e84-1bc9f3773959: cophenetic index 9548; 6.0 s; peak memory 635 MiB.
2026-10-06T18:45:10Z INFO [1561/4500] 741182a3-ff2c-43b9-b7bb-5eebeea1d699: cophenetic index 5466; 6.1 s; peak memory 635 MiB.
2026-10-06T18:45:11Z INFO [1562/4500] 74125f73-64ba-47b7-8023-c8fa59611a3b: cophenetic index 624; 1.2 s; peak memory 635 MiB.
2026-10-06T18:45:12Z INFO [1563/4500] 74127dd3-4cbe-47e9-94ea-74cbc31afe92: cophenetic index 646; 1.3 s; peak memory 635 MiB.
2026-10-06T18:45:22Z INFO [1564/4500] 741410c4-5ae2-484b-8dfa-067201207cbe: cophenetic index 47115; 10.0 s; peak memory 635 MiB.
2026-10-06T18:45:23Z INFO [1565/4500] 7414713b-2978-4140-a625-801476192f06: cophenetic index 624; 1.1 s; peak memory 635 MiB.
2026-10-06T18:45:25Z INFO [1566/4500] 7415133a-0e33-4ca1-a789-565fd4c74905: cophenetic index 1006; 1.6 s; peak memory 635 MiB.
2026-10-06T18:45:27Z INFO [1567/4500] 74152220-85db-4c84-b74c-a16318817577: cophenetic index 650; 1.7 s; peak memory 635 MiB.
2026-10-06T18:45:29Z INFO [1568/4500] 7415a88a-8255-4468-a7e3-94c716b8d558: cophenetic index 702; 2.0 s; peak memory 635 MiB.
2026-10-06T18:45:30Z INFO [1569/4500] 7416d6ba-c23d-4e59-b9a9-717b8edbbae7: cophenetic index 949; 1.7 s; peak memory 635 MiB.
2026-10-06T18:45:32Z INFO [1570/4500] 74170b6c-5b67-49aa-b574-664def9637d5: cophenetic index 3087; 1.4 s; peak memory 635 MiB.
2026-10-06T18:45:33Z INFO [1571/4500] 7417cd47-5596-4f93-939d-573d6a11384a: cophenetic index 2974; 1.4 s; peak memory 635 MiB.
2026-10-06T18:45:35Z INFO [1572/4500] 741856da-d4f2-4d42-ab6e-43985a7ee2b8: cophenetic index 766; 1.4 s; peak memory 635 MiB.
2026-10-06T18:45:37Z INFO [1573/4500] 7419f235-f21b-4443-9d09-d62765a4d731: cophenetic index 2682; 2.5 s; peak memory 635 MiB.
2026-10-06T18:45:39Z INFO [1574/4500] 741abf3b-198f-4bde-aca6-bb9f763047dc: cophenetic index 2625; 1.8 s; peak memory 635 MiB.
2026-10-06T18:45:40Z INFO [1575/4500] 741ac795-a956-473d-b37f-6b5f8ec9fb29: cophenetic index 3087; 1.3 s; peak memory 635 MiB.
2026-10-06T18:45:44Z INFO [1576/4500] 741b0db8-ce3d-48c7-905b-12594697fa96: cophenetic index 3844; 3.8 s; peak memory 635 MiB.
2026-10-06T18:45:47Z INFO [1577/4500] 741b4220-3664-47ca-b1f7-716ecabbad2e: cophenetic index 6895; 3.3 s; peak memory 635 MiB.
2026-10-06T18:45:48Z INFO [1578/4500] 741cb81a-8ee0-4e74-a30b-a039e9062624: cophenetic index 490; 0.8 s; peak memory 635 MiB.
2026-10-06T18:45:49Z INFO [1579/4500] 741d3959-bfcd-44ea-b6a1-bbcd64307707: cophenetic index 624; 1.1 s; peak memory 635 MiB.
2026-10-06T18:45:50Z INFO [1580/4500] 741edd68-9a05-4965-ad71-75296d05f1b1: cophenetic index 560; 1.0 s; peak memory 635 MiB.
2026-10-06T18:45:51Z INFO [1581/4500] 741f79d2-477f-4e1c-b72d-4346a7ac7743: cophenetic index 466; 1.4 s; peak memory 635 MiB.
2026-10-06T18:45:54Z INFO [1582/4500] 741fd6ad-fc36-4760-986c-eb2c70282b6e: cophenetic index 1751; 2.2 s; peak memory 635 MiB.
2026-10-06T18:45:55Z INFO [1583/4500] 74202863-c548-4970-8c42-6b2c7d6104b4: cophenetic index 605; 1.6 s; peak memory 635 MiB.
2026-10-06T18:45:57Z INFO [1584/4500] 74207666-8e0b-4c16-9e6b-430296ba9102: cophenetic index 23502; 1.7 s; peak memory 635 MiB.
2026-10-06T18:46:00Z INFO [1585/4500] 742082ac-161b-4859-9e62-f59d4bc8e908: cophenetic index 1498; 2.9 s; peak memory 635 MiB.
2026-10-06T18:46:08Z INFO [1586/4500] 7421a825-768b-44a6-8b18-41c4074a87d8: cophenetic index 14788; 8.3 s; peak memory 635 MiB.
2026-10-06T18:46:11Z INFO [1587/4500] 7423660f-3e23-418a-a67b-273fcc9ff62d: cophenetic index 1496; 2.6 s; peak memory 635 MiB.
2026-10-06T18:46:12Z INFO [1588/4500] 7423d124-ff12-49c7-9abf-04b9298c0d02: cophenetic index 624; 1.1 s; peak memory 635 MiB.
2026-10-06T18:46:13Z INFO [1589/4500] 74244814-8670-4cb4-8cf9-5389fd834642: cophenetic index 413; 1.2 s; peak memory 635 MiB.
2026-10-06T18:46:15Z INFO [1590/4500] 74245ddf-71de-4e5a-b3ca-7324786e4d74: cophenetic index 2625; 2.1 s; peak memory 635 MiB.
2026-10-06T18:46:17Z INFO [1591/4500] 74252356-ef89-400e-8b40-8545d33a2401: cophenetic index 2570; 1.7 s; peak memory 635 MiB.
2026-10-06T18:46:24Z INFO [1592/4500] 74252967-39dd-432e-ba02-bddd0985c283: cophenetic index 106987; 7.4 s; peak memory 635 MiB.
2026-10-06T18:46:25Z INFO [1593/4500] 74261489-69b4-4c0b-9c6e-89ba190e8ab3: cophenetic index 3087; 1.2 s; peak memory 635 MiB.
2026-10-06T18:46:26Z INFO [1594/4500] 742674ab-25ec-44cb-9ea2-552ba6e2ba7f: cophenetic index 1949; 1.1 s; peak memory 635 MiB.
2026-10-06T18:46:28Z INFO [1595/4500] 7426bd71-8bae-4775-8a16-baff169e7334: cophenetic index 23690; 1.6 s; peak memory 635 MiB.
2026-10-06T18:46:29Z INFO [1596/4500] 74280348-9106-4e02-8695-228e078d3a10: cophenetic index 624; 1.0 s; peak memory 635 MiB.
2026-10-06T18:46:31Z INFO [1597/4500] 742818ab-e993-415a-a0bd-256270722024: cophenetic index 2625; 1.8 s; peak memory 635 MiB.
2026-10-06T18:46:33Z INFO [1598/4500] 742913db-fa5a-43bb-b223-1ae7edf30837: cophenetic index 2682; 2.5 s; peak memory 635 MiB.
2026-10-06T18:46:34Z INFO [1599/4500] 7429520c-d963-4f34-8951-16bd2a41ecd8: cophenetic index 579; 1.0 s; peak memory 635 MiB.
2026-10-06T18:46:35Z INFO [1600/4500] 7429c1e4-8539-4026-8dac-32f71945d211: cophenetic index 624; 1.2 s; peak memory 635 MiB.
2026-10-06T18:46:36Z INFO [1600/4500] 7429c1e4-8539-4026-8dac-32f71945d211: checkpointed 102697 records.
2026-10-06T18:46:39Z INFO [1601/4500] 7429cf3d-8343-4b1d-a60c-6ac700995d04: cophenetic index 2241; 3.3 s; peak memory 635 MiB.
2026-10-06T18:46:40Z INFO [1602/4500] 742a294b-249c-4427-8720-307877af0ef8: cophenetic index 624; 1.3 s; peak memory 635 MiB.
2026-10-06T18:46:42Z INFO [1603/4500] 742a43e6-ab7a-4018-81f9-d4436c8a8424: cophenetic index 33998; 2.1 s; peak memory 635 MiB.
2026-10-06T18:46:43Z INFO [1604/4500] 742a6b7a-9a0c-4330-8da0-4773b7b88a33: cophenetic index 624; 1.2 s; peak memory 635 MiB.
2026-10-06T18:46:45Z INFO [1605/4500] 742a92e1-3b86-4c19-8cb8-1daed4a08990: cophenetic index 624; 1.3 s; peak memory 635 MiB.
2026-10-06T18:46:46Z INFO [1606/4500] 742b56a0-6ee7-4f1c-a6d0-246ef5dc78c1: cophenetic index 431; 1.1 s; peak memory 635 MiB.
2026-10-06T18:46:47Z INFO [1607/4500] 742bc1e0-353b-42a3-afd0-3dfdf82d9944: cophenetic index 624; 1.2 s; peak memory 635 MiB.
2026-10-06T18:46:50Z INFO [1608/4500] 742c5977-12cb-4e8f-8ea4-617163967e42: cophenetic index 2469; 3.0 s; peak memory 635 MiB.
2026-10-06T18:46:51Z INFO [1609/4500] 742cf972-7f96-4f75-a64a-ae737b72cd9c: cophenetic index 649; 1.2 s; peak memory 635 MiB.
2026-10-06T18:46:53Z INFO [1610/4500] 742daaec-73ff-4e09-93ab-08fd2aadd057: cophenetic index 2625; 1.7 s; peak memory 635 MiB.
2026-10-06T18:46:55Z INFO [1611/4500] 742dc11f-8db1-48bd-a2d1-fc77b145242d: cophenetic index 2609; 2.4 s; peak memory 635 MiB.
2026-10-06T18:47:33Z INFO [1612/4500] 742e41c0-0627-4f4d-9dec-11f2b8592707: cophenetic index 44384528; 37.7 s; peak memory 635 MiB.
2026-10-06T18:47:34Z INFO [1613/4500] 742e6637-2dc7-4012-a96b-1c5692ba1ee3: cophenetic index 624; 1.1 s; peak memory 635 MiB.
2026-10-06T18:47:35Z INFO [1614/4500] 742f0cd3-1f84-46d0-a7ec-194e984d4340: cophenetic index 633; 0.9 s; peak memory 635 MiB.
2026-10-06T18:47:36Z INFO [1615/4500] 742fb019-6ca5-4831-8878-6ba149a08a90: cophenetic index 431; 1.2 s; peak memory 635 MiB.
2026-10-06T18:47:37Z INFO [1616/4500] 74312253-d1d5-4382-a2e3-7fadd48284a6: cophenetic index 431; 1.2 s; peak memory 635 MiB.
2026-10-06T18:47:41Z INFO [1617/4500] 7431bac8-258e-43d1-8893-0950ebc19de4: cophenetic index 2402; 3.1 s; peak memory 635 MiB.
2026-10-06T18:47:42Z INFO [1618/4500] 74320061-2d40-49c8-bfdf-c4a6331ca5f3: cophenetic index 624; 1.1 s; peak memory 635 MiB.
2026-10-06T18:47:43Z INFO [1619/4500] 74320b33-9be7-4b6a-8718-1d0c65da7aa1: cophenetic index 560; 1.1 s; peak memory 635 MiB.
2026-10-06T18:48:01Z INFO [1620/4500] 74321bab-38ab-4544-ae75-312f72d70c55: cophenetic index 14507294; 18.4 s; peak memory 635 MiB.
2026-10-06T18:48:03Z INFO [1621/4500] 74326d17-87ad-43a2-8c2e-8b7786a07cb9: cophenetic index 624; 1.3 s; peak memory 635 MiB.
2026-10-06T18:48:04Z INFO [1622/4500] 74327ab1-8466-4688-89ca-49ac5ac27673: cophenetic index 624; 1.4 s; peak memory 635 MiB.
2026-10-06T18:48:05Z INFO [1623/4500] 7433faf2-11df-4079-825d-c41e744fd193: cophenetic index 3087; 1.3 s; peak memory 635 MiB.
2026-10-06T18:48:07Z INFO [1624/4500] 743431ee-c30b-48b0-a62d-13ac393662b9: cophenetic index 2625; 1.7 s; peak memory 635 MiB.
2026-10-06T18:48:09Z INFO [1625/4500] 74345feb-ba0c-4d17-95d7-68a6ffac2f09: cophenetic index 797; 1.7 s; peak memory 635 MiB.
2026-10-06T18:48:13Z INFO [1626/4500] 7434f4ba-749c-4b3a-a6d2-1d2f21b9c855: cophenetic index 17745; 4.2 s; peak memory 635 MiB.
2026-10-06T18:48:14Z INFO [1627/4500] 743547a3-f02e-4201-994f-55a1014247d9: cophenetic index 3004; 1.4 s; peak memory 635 MiB.
2026-10-06T18:48:16Z INFO [1628/4500] 743650bc-3c6b-4e71-b316-616baba709d7: cophenetic index 33986; 2.1 s; peak memory 635 MiB.
2026-10-06T18:48:18Z INFO [1629/4500] 7436e404-af37-4691-9eca-c2de28550a0a: cophenetic index 1006; 1.4 s; peak memory 635 MiB.
2026-10-06T18:48:25Z INFO [1630/4500] 7437cbc4-31ab-4dd7-9391-54f284fd0024: cophenetic index 33285; 7.2 s; peak memory 635 MiB.
2026-10-06T18:48:28Z INFO [1631/4500] 7438d714-a725-4cb9-8c68-93ba1a972573: cophenetic index 2391; 3.2 s; peak memory 635 MiB.
2026-10-06T18:48:29Z INFO [1632/4500] 743ade44-ad46-4bed-be12-72a532a8717e: cophenetic index 624; 1.1 s; peak memory 635 MiB.
2026-10-06T18:48:31Z INFO [1633/4500] 743b6e2d-7478-473f-90e3-496528643721: cophenetic index 3057; 1.3 s; peak memory 635 MiB.
2026-10-06T18:48:32Z INFO [1634/4500] 743b88d4-445a-408b-bfdc-faeda7e8afd5: cophenetic index 766; 1.4 s; peak memory 635 MiB.
2026-10-06T18:48:33Z INFO [1635/4500] 743c1de0-3356-4c95-9791-d8955300f321: cophenetic index 624; 1.2 s; peak memory 635 MiB.
2026-10-06T18:48:35Z INFO [1636/4500] 743c7800-76bd-40e8-87bb-1faf86e68e5c: cophenetic index 3004; 1.4 s; peak memory 635 MiB.
2026-10-06T18:48:37Z INFO [1637/4500] 743c9272-97f4-4ab0-bb28-3573e82c1153: cophenetic index 2402; 2.8 s; peak memory 635 MiB.
2026-10-06T18:48:40Z INFO [1638/4500] 743ca4fa-e580-4e67-9c31-061840284173: cophenetic index 33998; 2.1 s; peak memory 635 MiB.
2026-10-06T18:48:41Z INFO [1639/4500] 743d3f07-2db2-42c4-b4f4-1bbcdf3142eb: cophenetic index 952; 1.1 s; peak memory 635 MiB.
2026-10-06T18:48:42Z INFO [1640/4500] 743d907a-b6db-418b-af24-376bcb2748a3: cophenetic index 431; 1.4 s; peak memory 635 MiB.
2026-10-06T18:48:43Z INFO [1641/4500] 743dd078-9b72-4c18-807e-e31e59358a49: cophenetic index 624; 1.2 s; peak memory 635 MiB.
2026-10-06T18:48:55Z INFO [1642/4500] 743f0e47-8199-4719-bcdb-2c5bc0adb602: cophenetic index 156948; 11.4 s; peak memory 635 MiB.
2026-10-06T18:49:01Z INFO [1643/4500] 743f3f73-284b-40ee-abfb-e8bffd57a7bc: cophenetic index 9548; 6.7 s; peak memory 635 MiB.
2026-10-06T18:49:03Z INFO [1644/4500] 743f58b4-7516-4764-bf13-3a0cc4ca1690: cophenetic index 3004; 1.3 s; peak memory 635 MiB.
2026-10-06T18:49:04Z INFO [1645/4500] 743ff430-b287-494d-b3e3-69bbed772e99: cophenetic index 3004; 1.4 s; peak memory 635 MiB.
2026-10-06T18:49:06Z INFO [1646/4500] 74405b57-c6ee-466a-9563-e579755e13ea: cophenetic index 1087; 1.7 s; peak memory 635 MiB.
2026-10-06T18:49:07Z INFO [1647/4500] 7440d28f-c10b-46c2-aed1-4686abeb61bb: cophenetic index 2844; 1.3 s; peak memory 635 MiB.
2026-10-06T18:49:10Z INFO [1648/4500] 7440efbf-3784-4960-897b-7c835962006d: cophenetic index 5473; 3.5 s; peak memory 635 MiB.
2026-10-06T18:49:12Z INFO [1649/4500] 7440f3b5-ca48-40f6-bdff-87d5fdb31bc3: cophenetic index 624; 1.2 s; peak memory 635 MiB.
2026-10-06T18:49:12Z INFO [1650/4500] 744267a2-2cb7-4626-8af6-a33e7a152ce4: cophenetic index 490; 0.8 s; peak memory 635 MiB.
2026-10-06T18:49:13Z INFO [1650/4500] 744267a2-2cb7-4626-8af6-a33e7a152ce4: checkpointed 102747 records.
2026-10-06T18:49:15Z INFO [1651/4500] 74434d4e-911d-43bb-b7a1-b168bae24ef1: cophenetic index 2524; 2.8 s; peak memory 635 MiB.
2026-10-06T18:49:17Z INFO [1652/4500] 74435beb-a290-428f-b222-945524df4662: cophenetic index 690; 1.2 s; peak memory 635 MiB.
2026-10-06T18:49:18Z INFO [1653/4500] 7444397f-5caa-44c8-86be-80dfacb63870: cophenetic index 3087; 1.4 s; peak memory 635 MiB.
2026-10-06T18:49:19Z INFO [1654/4500] 74451c8e-f6f8-4d84-b49a-7b8a1826a9ae: cophenetic index 624; 1.2 s; peak memory 635 MiB.
2026-10-06T18:49:20Z INFO [1655/4500] 744658b2-cbb9-48b4-a1b9-61784faf34a5: cophenetic index 624; 1.3 s; peak memory 635 MiB.
2026-10-06T18:49:22Z INFO [1656/4500] 7446e64e-9846-441a-a80c-8e05d2f04d74: cophenetic index 2625; 2.0 s; peak memory 635 MiB.
2026-10-06T18:49:25Z INFO [1657/4500] 7447619e-fc0f-470c-8b10-70605887ada9: cophenetic index 895; 2.5 s; peak memory 635 MiB.
2026-10-06T18:49:27Z INFO [1658/4500] 74485052-837f-4198-baf5-5d701eb4c732: cophenetic index 99150; 2.3 s; peak memory 635 MiB.
2026-10-06T18:49:34Z INFO [1659/4500] 7448cc7a-5a5a-4f25-aa96-f55e8a3efc1f: cophenetic index 13178; 6.9 s; peak memory 635 MiB.
2026-10-06T18:49:35Z INFO [1660/4500] 7448edc2-197a-4e82-978c-aab18b69a63a: cophenetic index 431; 1.0 s; peak memory 635 MiB.
2026-10-06T18:49:44Z INFO [1661/4500] 744930e9-0967-455c-8547-b8bc567e00f2: cophenetic index 93811; 8.5 s; peak memory 635 MiB.
2026-10-06T18:49:46Z INFO [1662/4500] 74495202-5666-4ac0-ad13-8f8c7427015f: cophenetic index 2570; 1.9 s; peak memory 635 MiB.
2026-10-06T18:49:47Z INFO [1663/4500] 7449616c-e38d-4463-91cf-4c9ce35d01eb: cophenetic index 2625; 1.6 s; peak memory 635 MiB.
2026-10-06T18:49:48Z INFO [1664/4500] 74496b5a-17d4-4e55-865a-9897f6242a46: cophenetic index 624; 1.1 s; peak memory 635 MiB.
2026-10-06T18:49:51Z INFO [1665/4500] 744ac1e8-7325-4ba6-b1a4-35b8251fc5f0: cophenetic index 2573; 2.5 s; peak memory 635 MiB.
2026-10-06T18:49:52Z INFO [1666/4500] 744b6647-f2e0-4855-8ed4-9bb3aedf6640: cophenetic index 624; 1.0 s; peak memory 635 MiB.
2026-10-06T18:49:53Z INFO [1667/4500] 744bcd05-9b35-46e9-8ec7-4ac08c52441c: cophenetic index 624; 1.1 s; peak memory 635 MiB.
2026-10-06T18:49:54Z INFO [1668/4500] 744c6306-4960-44e2-811a-336db9a0a14a: cophenetic index 3004; 1.3 s; peak memory 635 MiB.
2026-10-06T18:49:59Z INFO [1669/4500] 744e3566-748c-4a30-b8c7-11224bee00cd: cophenetic index 1084178; 4.8 s; peak memory 635 MiB.
2026-10-06T18:50:07Z INFO [1670/4500] 744f7794-7bec-4e04-99de-98898d71a0b6: cophenetic index 101671; 8.3 s; peak memory 635 MiB.
2026-10-06T18:50:09Z INFO [1671/4500] 744fa802-d7f4-4980-a09e-72927ad50e74: cophenetic index 605; 1.4 s; peak memory 635 MiB.
2026-10-06T18:50:10Z INFO [1672/4500] 745006d9-1317-4a15-89c4-db94104241be: cophenetic index 33986; 1.8 s; peak memory 635 MiB.
2026-10-06T18:50:14Z INFO [1673/4500] 7450409b-f344-490e-af8c-fe2b1c809152: cophenetic index 2391; 3.4 s; peak memory 635 MiB.
2026-10-06T18:50:16Z INFO [1674/4500] 7450c6da-a5fe-4e95-8dce-5348878b2dec: cophenetic index 740; 2.2 s; peak memory 635 MiB.
2026-10-06T18:50:17Z INFO [1675/4500] 7450d48b-8791-4f89-a4a4-9926d65385ef: cophenetic index 624; 1.1 s; peak memory 635 MiB.
2026-10-06T18:50:20Z INFO [1676/4500] 7451cc12-49e3-42bf-ae16-c04a48c589ae: cophenetic index 2391; 3.0 s; peak memory 635 MiB.
2026-10-06T18:50:22Z INFO [1677/4500] 74521684-3d84-4182-a42b-fd7505a7c7cb: cophenetic index 33986; 1.6 s; peak memory 635 MiB.
2026-10-06T18:50:23Z INFO [1678/4500] 745264ab-395e-4750-a876-a7586385ff1b: cophenetic index 624; 1.2 s; peak memory 635 MiB.
2026-10-06T18:50:24Z INFO [1679/4500] 7452b2ef-c50e-4ee8-ae81-1da6478ed167: cophenetic index 24032; 1.4 s; peak memory 635 MiB.
2026-10-06T18:50:26Z INFO [1680/4500] 74531cec-aed7-49b9-894b-8cc1a6d62e8b: cophenetic index 33998; 2.1 s; peak memory 635 MiB.
2026-10-06T18:50:27Z INFO [1681/4500] 7453d616-ac10-4a18-abcd-0ce1472bafcc: cophenetic index 624; 1.2 s; peak memory 635 MiB.
2026-10-06T18:50:29Z INFO [1682/4500] 74540735-1f6b-4dca-8f74-e7f29fb509ce: cophenetic index 624; 1.2 s; peak memory 635 MiB.
2026-10-06T18:50:30Z INFO [1683/4500] 74545b7a-08b8-4328-bdbd-cc841bb04cad: cophenetic index 1993; 1.4 s; peak memory 635 MiB.
2026-10-06T18:50:32Z INFO [1684/4500] 74553bad-2d29-4870-8724-eb2c331d29cd: cophenetic index 3972; 1.6 s; peak memory 635 MiB.
2026-10-06T18:50:33Z INFO [1685/4500] 74558540-7f31-4ba6-b011-2d2dfad99ef7: cophenetic index 3004; 1.5 s; peak memory 635 MiB.
2026-10-06T18:50:34Z INFO [1686/4500] 7455cf58-33c1-4c20-90c8-69e3fcdc4697: cophenetic index 624; 1.1 s; peak memory 635 MiB.
2026-10-06T18:50:37Z INFO [1687/4500] 745624b7-df67-4001-b5ec-3cf118c1fc97: cophenetic index 2682; 2.9 s; peak memory 635 MiB.
2026-10-06T18:50:45Z INFO [1688/4500] 74567da7-7843-4081-92a5-6048770f543f: cophenetic index 87573; 7.9 s; peak memory 635 MiB.
2026-10-06T18:50:46Z INFO [1689/4500] 7456925b-26ad-408c-9df3-9a132e59d7b1: cophenetic index 33977; 1.4 s; peak memory 635 MiB.
2026-10-06T18:50:48Z INFO [1690/4500] 74599f45-850c-47f3-9a6b-2f982f30672d: cophenetic index 624; 1.1 s; peak memory 635 MiB.
2026-10-06T18:50:50Z INFO [1691/4500] 7459beb1-78c5-4f68-a837-af924555bcb0: cophenetic index 6490; 2.9 s; peak memory 635 MiB.
2026-10-06T18:50:52Z INFO [1692/4500] 745aaf3e-54e1-4e4d-93c9-f4b4f7108073: cophenetic index 624; 1.3 s; peak memory 635 MiB.
2026-10-06T18:50:53Z INFO [1693/4500] 745adfbd-7b16-4672-ac5c-69bd1556bb7b: cophenetic index 624; 1.0 s; peak memory 635 MiB.
2026-10-06T18:50:58Z INFO [1694/4500] 745b3e6f-90a8-4a33-91cb-443b550a8c54: cophenetic index 9548; 5.5 s; peak memory 635 MiB.
2026-10-06T18:51:08Z INFO [1695/4500] 745cddf3-df44-47da-9c93-a20d87e41b77: cophenetic index 47115; 10.1 s; peak memory 635 MiB.
2026-10-06T18:51:16Z INFO [1696/4500] 745d0704-4710-42a2-83e9-61258663d118: cophenetic index 14455; 7.9 s; peak memory 635 MiB.
2026-10-06T18:51:21Z INFO [1697/4500] 745e3610-48f5-45a3-aae0-a7fb96446327: cophenetic index 35282; 5.0 s; peak memory 635 MiB.
2026-10-06T18:51:31Z INFO [1698/4500] 745efa0e-dca4-4914-9374-f5288b5850f3: cophenetic index 13016; 10.2 s; peak memory 635 MiB.
2026-10-06T18:51:33Z INFO [1699/4500] 745efd2d-e67b-40be-b758-2636712590cd: cophenetic index 1781; 1.5 s; peak memory 635 MiB.
2026-10-06T18:51:35Z INFO [1700/4500] 745f3ddb-5d9b-408c-871e-ca3513e651ec: cophenetic index 2625; 1.9 s; peak memory 635 MiB.
2026-10-06T18:51:35Z INFO [1700/4500] 745f3ddb-5d9b-408c-871e-ca3513e651ec: checkpointed 102797 records.
2026-10-06T18:51:37Z INFO [1701/4500] 745fe416-d91a-4648-b890-3910b9b8331a: cophenetic index 624; 2.2 s; peak memory 635 MiB.
2026-10-06T18:51:38Z INFO [1702/4500] 74607b31-4b7f-4fd7-8224-a0d30a6ec9b0: cophenetic index 490; 0.8 s; peak memory 635 MiB.
2026-10-06T18:51:39Z INFO [1703/4500] 74617b4a-310a-4491-a5e4-6b7a27abb391: cophenetic index 433; 0.8 s; peak memory 635 MiB.
2026-10-06T18:51:41Z INFO [1704/4500] 74636e60-852b-4507-9a20-767305e2c126: cophenetic index 99120; 1.9 s; peak memory 635 MiB.
2026-10-06T18:51:42Z INFO [1705/4500] 7464ea97-6aac-4bfd-98aa-e8598c1eb5f7: cophenetic index 624; 1.2 s; peak memory 635 MiB.
2026-10-06T18:51:43Z INFO [1706/4500] 7465353e-c1ad-4ab9-9aeb-93d1c82d571f: cophenetic index 2974; 1.3 s; peak memory 635 MiB.
2026-10-06T18:51:44Z INFO [1707/4500] 7465e047-d5a8-4d65-96b1-744efb575f0c: cophenetic index 3004; 1.3 s; peak memory 635 MiB.
2026-10-06T18:51:50Z INFO [1708/4500] 7469166e-c255-4dd8-969a-a6f6ef085c49: cophenetic index 57794; 5.7 s; peak memory 635 MiB.
2026-10-06T18:51:59Z INFO [1709/4500] 7469b39d-df18-492f-a42d-56ebf1402f68: cophenetic index 14389; 8.8 s; peak memory 635 MiB.
2026-10-06T18:52:01Z INFO [1710/4500] 7469cd26-f790-40fe-a571-60fa429a44b2: cophenetic index 33968; 1.6 s; peak memory 635 MiB.
2026-10-06T18:52:02Z INFO [1711/4500] 746a6581-03f3-476d-8a6f-4a95737ba221: cophenetic index 452; 1.1 s; peak memory 635 MiB.
2026-10-06T18:52:03Z INFO [1712/4500] 746a7653-0873-46cd-b986-25cf4f1144b6: cophenetic index 581; 1.3 s; peak memory 635 MiB.
2026-10-06T18:52:05Z INFO [1713/4500] 746af2d4-33da-4405-afbb-6c12fabfa9a6: cophenetic index 33998; 2.1 s; peak memory 635 MiB.
2026-10-06T18:52:07Z INFO [1714/4500] 746b27a0-1017-4024-9c42-6b0f6f722ac9: cophenetic index 3087; 1.7 s; peak memory 635 MiB.
2026-10-06T18:52:08Z INFO [1715/4500] 746b5b68-d1ac-47e4-8838-f8184958de79: cophenetic index 624; 1.2 s; peak memory 635 MiB.
2026-10-06T18:52:12Z INFO [1716/4500] 746b5d2a-80e0-4f78-944a-f1b705bf0f24: cophenetic index 99810; 3.5 s; peak memory 635 MiB.
2026-10-06T18:52:21Z INFO [1717/4500] 746b8afb-f2a3-4337-bb69-59f15fd59c7e: cophenetic index 141767; 9.6 s; peak memory 635 MiB.
2026-10-06T18:52:23Z INFO [1718/4500] 746c0189-dc02-4b70-ab3c-a90dd51fe3e8: cophenetic index 2974; 1.5 s; peak memory 635 MiB.
2026-10-06T18:52:24Z INFO [1719/4500] 746c6433-c305-4b08-836d-0563d40a9d8c: cophenetic index 3087; 1.3 s; peak memory 635 MiB.
2026-10-06T18:52:25Z INFO [1720/4500] 746c9172-fe16-486e-94cb-405e4c3dfe44: cophenetic index 2625; 1.6 s; peak memory 635 MiB.
2026-10-06T18:52:29Z INFO [1721/4500] 746e2cad-bdb5-47b6-bbd7-4b6a214edb02: cophenetic index 5473; 3.4 s; peak memory 635 MiB.
2026-10-06T18:52:31Z INFO [1722/4500] 746efad5-61f8-442f-8220-948086fec02b: cophenetic index 325333; 2.5 s; peak memory 635 MiB.
2026-10-06T18:52:40Z INFO [1723/4500] 746f87e8-fd32-45e4-a08c-7df5e57f3e5a: cophenetic index 31961; 8.9 s; peak memory 635 MiB.
2026-10-06T18:52:42Z INFO [1724/4500] 7470ac83-9a52-41a2-8b41-988a3c8d9ef0: cophenetic index 2974; 1.4 s; peak memory 635 MiB.
2026-10-06T18:52:43Z INFO [1725/4500] 7471ae44-1b3a-4abc-9ccf-2808bdcf9087: cophenetic index 649; 1.2 s; peak memory 635 MiB.
2026-10-06T18:52:44Z INFO [1726/4500] 7471fe76-7628-413b-8031-fe096a4b8190: cophenetic index 624; 1.3 s; peak memory 635 MiB.
2026-10-06T18:52:47Z INFO [1727/4500] 7473479e-ce54-4d55-96f1-c014334572bd: cophenetic index 2402; 3.1 s; peak memory 635 MiB.
2026-10-06T18:52:49Z INFO [1728/4500] 7473825f-d37c-45e5-9c87-f40421510fa6: cophenetic index 431; 1.4 s; peak memory 635 MiB.
2026-10-06T18:52:49Z INFO [1729/4500] 74741952-c96c-41fb-ab89-9897c39ad562: cophenetic index 490; 0.7 s; peak memory 635 MiB.
2026-10-06T18:52:50Z INFO [1730/4500] 74742e46-44d8-4d3e-8584-2f2fabc23e1e: cophenetic index 431; 1.0 s; peak memory 635 MiB.
2026-10-06T18:52:52Z INFO [1731/4500] 7474443c-9082-46a9-b574-3207e24dbf5f: cophenetic index 1380; 1.7 s; peak memory 635 MiB.
2026-10-06T18:52:54Z INFO [1732/4500] 7474ef7d-91a8-4d9e-957a-3a2e21a4f70d: cophenetic index 777; 2.1 s; peak memory 635 MiB.
2026-10-06T18:52:56Z INFO [1733/4500] 747524c2-4641-4c33-b90f-851bda2beaaf: cophenetic index 3004; 1.5 s; peak memory 635 MiB.
2026-10-06T18:52:57Z INFO [1734/4500] 74759505-e753-491f-b630-7441b6f3e4a6: cophenetic index 3004; 1.3 s; peak memory 635 MiB.
2026-10-06T18:52:58Z INFO [1735/4500] 7475f007-5553-4d84-82e9-d5fa3d72caa8: cophenetic index 624; 1.3 s; peak memory 635 MiB.
2026-10-06T18:52:59Z INFO [1736/4500] 7475fef4-a5c5-4936-9a9f-92719144c013: cophenetic index 3087; 1.3 s; peak memory 635 MiB.
2026-10-06T18:53:01Z INFO [1737/4500] 74763955-cee7-4e36-b5d8-f37ebf5d6528: cophenetic index 649; 1.5 s; peak memory 635 MiB.
2026-10-06T18:53:01Z INFO [1738/4500] 74775fa1-29ea-4d16-bd44-da046afe48a4: cophenetic index 427; 0.6 s; peak memory 635 MiB.
2026-10-06T18:53:10Z INFO [1739/4500] 7477a85f-83bc-4537-8589-ae4fff8c5d57: cophenetic index 14699; 8.7 s; peak memory 635 MiB.
2026-10-06T18:53:11Z INFO [1740/4500] 7477aad1-8d7c-4d66-a3ea-eba92cfdbdb3: cophenetic index 627; 1.0 s; peak memory 635 MiB.
2026-10-06T18:53:13Z INFO [1741/4500] 7479522b-1bd6-44d2-8a16-ed3e60621950: cophenetic index 3087; 1.3 s; peak memory 635 MiB.
2026-10-06T18:53:14Z INFO [1742/4500] 74796f58-e919-42d2-bc5e-3271610d9212: cophenetic index 624; 1.0 s; peak memory 635 MiB.
2026-10-06T18:53:15Z INFO [1743/4500] 7479a2fe-9c2f-470f-8e74-07dc1f590312: cophenetic index 26986; 1.8 s; peak memory 635 MiB.
2026-10-06T18:53:19Z INFO [1744/4500] 7479dca4-5a01-413e-af4d-d087b766bb81: cophenetic index 5473; 3.5 s; peak memory 635 MiB.
2026-10-06T18:53:29Z INFO [1745/4500] 747a1f87-d046-437b-b596-352274dec282: cophenetic index 47115; 10.1 s; peak memory 635 MiB.
2026-10-06T18:53:32Z INFO [1746/4500] 747a5469-367d-44b5-b917-66e41e0dbbd4: cophenetic index 2469; 3.0 s; peak memory 635 MiB.
2026-10-06T18:53:33Z INFO [1747/4500] 747b9140-239e-4a36-8ec8-df4cf71c397f: cophenetic index 624; 1.2 s; peak memory 635 MiB.
2026-10-06T18:53:34Z INFO [1748/4500] 747c12b5-c344-4f77-b627-509b8338359a: cophenetic index 581; 1.2 s; peak memory 635 MiB.
2026-10-06T18:53:37Z INFO [1749/4500] 747c4665-fbdf-4ff7-8cb0-25c7855f99b8: cophenetic index 33998; 2.5 s; peak memory 635 MiB.
2026-10-06T18:53:38Z INFO [1750/4500] 747d1e98-b349-4f47-891b-77cb0396ac2e: cophenetic index 729; 0.8 s; peak memory 635 MiB.
2026-10-06T18:53:38Z INFO [1750/4500] 747d1e98-b349-4f47-891b-77cb0396ac2e: checkpointed 102847 records.
2026-10-06T18:53:41Z INFO [1751/4500] 747d5df0-5f18-4a4e-bb2f-f0c8b79e6f1a: cophenetic index 2609; 3.2 s; peak memory 635 MiB.
2026-10-06T18:53:43Z INFO [1752/4500] 747d5fea-3513-4c20-ac7a-57af01fcddfb: cophenetic index 2005; 2.0 s; peak memory 635 MiB.
2026-10-06T18:53:45Z INFO [1753/4500] 747dbb2a-a50d-4b1b-bc79-6cf97ab5890d: cophenetic index 2625; 1.8 s; peak memory 635 MiB.
2026-10-06T18:53:48Z INFO [1754/4500] 747e4606-8985-4a32-b337-5e134b7272e0: cophenetic index 2391; 3.3 s; peak memory 635 MiB.
2026-10-06T18:53:51Z INFO [1755/4500] 747e4c4a-f7f0-46ad-b111-5b37b7a8752d: cophenetic index 1165; 3.2 s; peak memory 635 MiB.
2026-10-06T18:53:52Z INFO [1756/4500] 747f111f-5db6-43d6-9de5-585ef7884c7e: cophenetic index 490; 0.8 s; peak memory 635 MiB.
2026-10-06T18:54:00Z INFO [1757/4500] 747f7411-9c1a-4e36-8a81-fd560fda12f8: cophenetic index 126340; 8.2 s; peak memory 635 MiB.
2026-10-06T18:54:02Z INFO [1758/4500] 747f7573-cf25-4e65-b1ea-86999c069f17: cophenetic index 33998; 1.8 s; peak memory 635 MiB.
2026-10-06T18:54:03Z INFO [1759/4500] 74800efb-4f88-4815-923f-97d94aefb2f9: cophenetic index 624; 1.2 s; peak memory 635 MiB.
2026-10-06T18:54:11Z INFO [1760/4500] 74825b32-0f91-4df2-857e-c833dff90db5: cophenetic index 65728; 7.8 s; peak memory 635 MiB.
2026-10-06T18:54:13Z INFO [1761/4500] 74826037-f7fe-4ce1-9ec7-fd49baebd367: cophenetic index 2923; 1.3 s; peak memory 635 MiB.
2026-10-06T18:54:13Z INFO [1762/4500] 7482bb84-0ae4-42b4-9a27-77625a659c7d: cophenetic index 446; 0.8 s; peak memory 635 MiB.
2026-10-06T18:54:14Z INFO [1763/4500] 7483dd6f-8076-41ac-b5ed-884551547c02: cophenetic index 624; 1.1 s; peak memory 635 MiB.
2026-10-06T18:54:15Z INFO [1764/4500] 74843c38-cd4c-4d49-a52c-681c9c7ae437: cophenetic index 490; 0.8 s; peak memory 635 MiB.
2026-10-06T18:54:24Z INFO [1765/4500] 74849e80-aee7-410f-b1a0-cab9eb9c2eba: cophenetic index 33285; 8.7 s; peak memory 635 MiB.
2026-10-06T18:54:26Z INFO [1766/4500] 7484b38a-b0d5-4990-88d9-314e91de0b36: cophenetic index 30304; 1.8 s; peak memory 635 MiB.
2026-10-06T18:54:33Z INFO [1767/4500] 7484ec7f-dc2e-41d6-bf0b-34c5df733764: cophenetic index 9592; 7.1 s; peak memory 635 MiB.
2026-10-06T18:54:35Z INFO [1768/4500] 74856f9e-254f-4d8d-ba49-3e2d1f4af30d: cophenetic index 573; 2.0 s; peak memory 635 MiB.
2026-10-06T18:54:36Z INFO [1769/4500] 7486a78c-db66-442a-8371-fb3ade59c15e: cophenetic index 494; 1.0 s; peak memory 635 MiB.
2026-10-06T18:54:38Z INFO [1770/4500] 7486aed8-c320-45a7-b0d9-4e18d0c28b8b: cophenetic index 26986; 1.9 s; peak memory 635 MiB.
2026-10-06T18:54:39Z INFO [1771/4500] 7486e1d7-b922-439d-9c2f-3c0ae350fe78: cophenetic index 2625; 1.7 s; peak memory 635 MiB.
2026-10-06T18:54:45Z INFO [1772/4500] 748752b8-25ae-48f0-aa72-a8f7ba58588b: cophenetic index 6218; 5.9 s; peak memory 635 MiB.
2026-10-06T18:54:46Z INFO [1773/4500] 7487ea69-df32-472b-9323-43cce7417111: cophenetic index 490; 0.9 s; peak memory 635 MiB.
2026-10-06T18:54:56Z INFO [1774/4500] 7487f0b1-32fe-4640-b479-a2cf6f3c85b8: cophenetic index 363685; 10.2 s; peak memory 635 MiB.
2026-10-06T18:55:07Z INFO [1775/4500] 74884097-2d31-4208-816b-4cb4cefbabc1: cophenetic index 34862; 10.6 s; peak memory 635 MiB.
2026-10-06T18:55:08Z INFO [1776/4500] 7488bcfc-facc-49c3-b944-e424ba2ee2c6: cophenetic index 579; 0.8 s; peak memory 635 MiB.
2026-10-06T18:55:09Z INFO [1777/4500] 7488e4cf-15d2-4c56-a266-80a0337e17ed: cophenetic index 3004; 1.4 s; peak memory 635 MiB.
2026-10-06T18:55:11Z INFO [1778/4500] 74894937-3177-47d4-890f-0353bbdfccdc: cophenetic index 1912; 1.6 s; peak memory 635 MiB.
2026-10-06T18:55:12Z INFO [1779/4500] 748ac765-d22e-44ef-ba3e-71693822fb40: cophenetic index 3004; 1.2 s; peak memory 635 MiB.
2026-10-06T18:55:13Z INFO [1780/4500] 748bdddc-2674-483a-9e76-8036eb1a962b: cophenetic index 741; 0.9 s; peak memory 635 MiB.
2026-10-06T18:55:14Z INFO [1781/4500] 748c209f-e685-40d3-bbfe-267564cfbd69: cophenetic index 494; 1.1 s; peak memory 635 MiB.
2026-10-06T18:55:15Z INFO [1782/4500] 748d84ab-ca75-4e7c-9293-eda5cd1ec97c: cophenetic index 624; 1.2 s; peak memory 635 MiB.
2026-10-06T18:55:18Z INFO [1783/4500] 748d8ed5-9d8b-4dba-a155-6674db4ecc55: cophenetic index 23853; 2.2 s; peak memory 635 MiB.
2026-10-06T18:55:19Z INFO [1784/4500] 748d9aab-518c-424d-997c-416b2a91b3e5: cophenetic index 3004; 1.2 s; peak memory 635 MiB.
2026-10-06T18:55:20Z INFO [1785/4500] 748f8679-9975-44dc-9e12-19a46b57aeda: cophenetic index 554; 1.7 s; peak memory 635 MiB.
2026-10-06T18:55:22Z INFO [1786/4500] 74907609-624c-499b-99bc-90303c4fd852: cophenetic index 2625; 1.7 s; peak memory 635 MiB.
2026-10-06T18:55:46Z INFO [1787/4500] 74909abd-2090-44f4-95c0-144a6c0c270a: cophenetic index 39987; 24.0 s; peak memory 635 MiB.
2026-10-06T18:55:47Z INFO [1788/4500] 7490ce2a-7ab5-4823-bbd2-d6a7a3ec1a85: cophenetic index 3087; 1.3 s; peak memory 635 MiB.
2026-10-06T18:55:49Z INFO [1789/4500] 7490d6b9-a66f-40c9-8854-f06d1a31d101: cophenetic index 23406; 1.3 s; peak memory 635 MiB.
2026-10-06T18:55:50Z INFO [1790/4500] 7490f77a-897e-492f-80ce-245ad298f0a1: cophenetic index 649; 1.3 s; peak memory 635 MiB.
2026-10-06T18:55:51Z INFO [1791/4500] 7491035b-3b84-4152-82e1-4dab21f83e9b: cophenetic index 431; 1.3 s; peak memory 635 MiB.
2026-10-06T18:55:55Z INFO [1792/4500] 74910b7f-4884-4c6e-ab17-c0a61b0cd6a8: cophenetic index 5473; 3.6 s; peak memory 635 MiB.
2026-10-06T18:55:56Z INFO [1793/4500] 7492af4d-3ea6-430c-b4e4-516e650791ed: cophenetic index 2776; 1.4 s; peak memory 635 MiB.
2026-10-06T18:56:55Z INFO [1794/4500] 7492ea29-e4e4-4e87-a91b-c0d3704ad611: cophenetic index 10496876; 59.1 s; peak memory 635 MiB.
2026-10-06T18:56:58Z INFO [1795/4500] 7493786b-9a43-4f01-a85b-92e818e0d4f5: cophenetic index 1255; 2.7 s; peak memory 635 MiB.
2026-10-06T18:57:02Z INFO [1796/4500] 7494f63f-a0ac-4080-bfed-5e83e42646d9: cophenetic index 7886; 3.4 s; peak memory 635 MiB.
2026-10-06T18:57:04Z INFO [1797/4500] 74951ef2-e388-4951-bcc3-da0f8c2de4c7: cophenetic index 2529; 2.7 s; peak memory 635 MiB.
2026-10-06T18:57:06Z INFO [1798/4500] 74963fd2-410f-45f8-b56e-ba995e7b5c30: cophenetic index 2625; 1.8 s; peak memory 635 MiB.
2026-10-06T18:57:07Z INFO [1799/4500] 749696a1-ea6e-4da1-8f4b-e9b4b5ff6c86: cophenetic index 1228; 1.3 s; peak memory 635 MiB.
2026-10-06T18:57:08Z INFO [1800/4500] 7496e2d5-2df2-44cb-a0fa-0cc71b207eb1: cophenetic index 690; 1.0 s; peak memory 635 MiB.
2026-10-06T18:57:08Z INFO [1800/4500] 7496e2d5-2df2-44cb-a0fa-0cc71b207eb1: checkpointed 102897 records.
2026-10-06T18:57:10Z INFO [1801/4500] 7497013e-baae-457c-9440-94ded8699d61: cophenetic index 3057; 1.3 s; peak memory 635 MiB.
2026-10-06T18:57:13Z INFO [1802/4500] 74978f26-c5b5-459a-b39a-d2971dc9799a: cophenetic index 2402; 3.4 s; peak memory 635 MiB.
2026-10-06T18:57:14Z INFO [1803/4500] 7497ad46-e8f7-4890-a2e1-f5833105e29f: cophenetic index 651; 0.8 s; peak memory 635 MiB.
2026-10-06T18:57:15Z INFO [1804/4500] 7497da48-eabe-4fd5-955c-dd4043d13a5d: cophenetic index 23272; 1.4 s; peak memory 635 MiB.
2026-10-06T18:57:17Z INFO [1805/4500] 7498bd76-e66d-4ce9-9062-509254bb3d1c: cophenetic index 3004; 1.3 s; peak memory 635 MiB.
2026-10-06T18:57:18Z INFO [1806/4500] 7498fb50-2262-4cc2-9373-29cc4656772a: cophenetic index 624; 1.2 s; peak memory 635 MiB.
2026-10-06T18:57:25Z INFO [1807/4500] 749a1673-f005-4fa3-95eb-576398d8acff: cophenetic index 82651; 6.9 s; peak memory 635 MiB.
2026-10-06T18:57:26Z INFO [1808/4500] 749b884d-55dd-4cbc-9794-db7af33d8f17: cophenetic index 937; 1.5 s; peak memory 635 MiB.
2026-10-06T18:57:28Z INFO [1809/4500] 749b89dc-bcfa-43af-a3e4-7a131102c775: cophenetic index 7006; 1.7 s; peak memory 635 MiB.
2026-10-06T18:57:29Z INFO [1810/4500] 749ba29f-b1e9-444c-bbff-b1505710f6b9: cophenetic index 624; 1.2 s; peak memory 635 MiB.
2026-10-06T18:57:30Z INFO [1811/4500] 749be9aa-73be-46d4-8981-a1e5e22ff894: cophenetic index 494; 1.1 s; peak memory 635 MiB.
2026-10-06T18:57:32Z INFO [1812/4500] 749d164e-4757-4d2c-a2ef-fe19ee7dfb03: cophenetic index 33968; 1.7 s; peak memory 635 MiB.
2026-10-06T18:57:33Z INFO [1813/4500] 749db205-7903-4ba9-8b67-f887db6d2dec: cophenetic index 624; 1.0 s; peak memory 635 MiB.
2026-10-06T18:57:35Z INFO [1814/4500] 749e0a6e-f586-44c1-bdf6-bcedc6cab6ce: cophenetic index 33986; 1.8 s; peak memory 635 MiB.
2026-10-06T18:57:36Z INFO [1815/4500] 749e5c94-760e-40b3-b334-5846c96b2a17: cophenetic index 494; 0.9 s; peak memory 635 MiB.
2026-10-06T18:57:37Z INFO [1816/4500] 749e7ab4-1707-4056-83e4-5ef42d662ac7: cophenetic index 649; 1.3 s; peak memory 635 MiB.
2026-10-06T18:57:39Z INFO [1817/4500] 749ea5a8-820f-464f-992c-c099350f871e: cophenetic index 2625; 1.6 s; peak memory 635 MiB.
2026-10-06T18:57:41Z INFO [1818/4500] 74a00eb5-306a-4b5f-8f39-306a395992f4: cophenetic index 33998; 2.1 s; peak memory 635 MiB.
2026-10-06T18:57:42Z INFO [1819/4500] 74a0d037-a06c-4e5e-82e6-fb0baca1ca27: cophenetic index 2625; 1.6 s; peak memory 635 MiB.
2026-10-06T18:57:53Z INFO [1820/4500] 74a1b734-c5fa-4100-953c-4dce07868171: cophenetic index 185030; 10.9 s; peak memory 635 MiB.
2026-10-06T18:57:54Z INFO [1821/4500] 74a1e1ab-b93c-46eb-bd8e-f0d7169f009a: cophenetic index 624; 1.3 s; peak memory 635 MiB.
2026-10-06T18:58:02Z INFO [1822/4500] 74a25ac3-86a3-4dd6-897a-46bd97f03bc8: cophenetic index 95144; 7.4 s; peak memory 635 MiB.
2026-10-06T18:58:07Z INFO [1823/4500] 74a29965-ccbb-4247-aa13-110bbbb714cf: cophenetic index 14234; 4.9 s; peak memory 635 MiB.
2026-10-06T18:58:15Z INFO [1824/4500] 74a2bc0a-6446-4c54-9109-d1eaf965e50d: cophenetic index 30585; 8.7 s; peak memory 635 MiB.
2026-10-06T18:58:16Z INFO [1825/4500] 74a2f2c6-239e-494b-ba99-a69d9b013860: cophenetic index 433; 0.9 s; peak memory 635 MiB.
2026-10-06T18:58:18Z INFO [1826/4500] 74a31c80-b655-4ec7-9091-bbf5b38673df: cophenetic index 1380; 2.0 s; peak memory 635 MiB.
2026-10-06T18:58:19Z INFO [1827/4500] 74a3989a-c417-41d8-96cd-2dcdf3be466d: cophenetic index 3004; 1.2 s; peak memory 635 MiB.
2026-10-06T18:58:21Z INFO [1828/4500] 74a544be-1476-40c2-8083-6f47e42ba588: cophenetic index 1006; 1.6 s; peak memory 635 MiB.
2026-10-06T18:58:22Z INFO [1829/4500] 74a55b75-14e8-4f3a-805a-a90ba303d166: cophenetic index 3087; 1.2 s; peak memory 635 MiB.
2026-10-06T18:58:23Z INFO [1830/4500] 74a58e3f-7f56-491a-ab85-64f088d8c3fd: cophenetic index 624; 1.1 s; peak memory 635 MiB.
2026-10-06T18:58:24Z INFO [1831/4500] 74a5f5cd-adc4-4a20-a1be-72d2875af186: cophenetic index 469; 1.0 s; peak memory 635 MiB.
2026-10-06T18:58:27Z INFO [1832/4500] 74a63505-c897-412b-9c7d-0eb90f4ba033: cophenetic index 33998; 2.4 s; peak memory 635 MiB.
2026-10-06T18:58:28Z INFO [1833/4500] 74a6932c-2803-4656-af14-9824ab545c9b: cophenetic index 579; 0.9 s; peak memory 635 MiB.
2026-10-06T18:58:29Z INFO [1834/4500] 74a6e932-a156-4146-80c1-efd216d40938: cophenetic index 33968; 1.8 s; peak memory 635 MiB.
2026-10-06T18:58:31Z INFO [1835/4500] 74a70aab-55a8-4595-9cb9-930d913cfd2b: cophenetic index 33962; 1.8 s; peak memory 635 MiB.
2026-10-06T18:58:33Z INFO [1836/4500] 74a7230c-e566-4759-b3f1-0d0caad98d23: cophenetic index 2625; 1.5 s; peak memory 635 MiB.
2026-10-06T18:58:33Z INFO [1837/4500] 74a74819-2954-43ab-aae5-5fe21cfaf81b: cophenetic index 641; 0.9 s; peak memory 635 MiB.
2026-10-06T18:58:53Z INFO [1838/4500] 74a843d7-78af-428d-99ec-db0519221b2a: cophenetic index 277890; 19.1 s; peak memory 635 MiB.
2026-10-06T18:58:59Z INFO [1839/4500] 74a860c2-b248-4b8b-a8e9-8b9a5417b75b: cophenetic index 61755; 6.3 s; peak memory 635 MiB.
2026-10-06T18:59:02Z INFO [1840/4500] 74a8b2f9-ba86-4480-bd60-6e1415e177a7: cophenetic index 2609; 3.6 s; peak memory 635 MiB.
2026-10-06T18:59:04Z INFO [1841/4500] 74a8c0dc-ea97-495c-b1fb-dcb42e1e766c: cophenetic index 1781; 1.4 s; peak memory 635 MiB.
2026-10-06T18:59:07Z INFO [1842/4500] 74aa619b-a5f8-4b7b-83f3-a9850e42b6bd: cophenetic index 99150; 2.9 s; peak memory 635 MiB.
2026-10-06T18:59:11Z INFO [1843/4500] 74ab4ce9-8fb3-4e5e-90ef-db11641d4a54: cophenetic index 3868; 4.1 s; peak memory 635 MiB.
2026-10-06T18:59:19Z INFO [1844/4500] 74abbaf8-245f-4998-a394-6411b4b1718a: cophenetic index 239410; 7.6 s; peak memory 635 MiB.
2026-10-06T18:59:20Z INFO [1845/4500] 74abe2b7-6bf4-4fd9-98e2-556b27dbab78: cophenetic index 605; 1.5 s; peak memory 635 MiB.
2026-10-06T18:59:21Z INFO [1846/4500] 74abfc69-98f9-42de-924e-ede54f6372db: cophenetic index 2625; 1.5 s; peak memory 635 MiB.
2026-10-06T18:59:23Z INFO [1847/4500] 74acd4ea-1f83-46e1-9f06-2b7d4e59d20e: cophenetic index 624; 1.2 s; peak memory 635 MiB.
2026-10-06T18:59:34Z INFO [1848/4500] 74ae2122-0504-4228-8a67-1a28f13cd6e8: cophenetic index 347362; 10.9 s; peak memory 635 MiB.
2026-10-06T18:59:36Z INFO [1849/4500] 74ae301c-c8e1-4da0-a636-569b8c5e649c: cophenetic index 99114; 2.1 s; peak memory 635 MiB.
2026-10-06T18:59:37Z INFO [1850/4500] 74aed51b-1bb0-437a-8790-606aef22af53: cophenetic index 554; 1.4 s; peak memory 635 MiB.
2026-10-06T18:59:37Z INFO [1850/4500] 74aed51b-1bb0-437a-8790-606aef22af53: checkpointed 102947 records.
2026-10-06T18:59:38Z INFO [1851/4500] 74af1639-e220-4740-8a4e-28ebdc254540: cophenetic index 624; 1.1 s; peak memory 635 MiB.
2026-10-06T18:59:40Z INFO [1852/4500] 74b01582-786c-4e36-b1a4-86dd4987f5df: cophenetic index 879; 2.1 s; peak memory 635 MiB.
2026-10-06T18:59:42Z INFO [1853/4500] 74b08d3e-e6b8-42df-8a9c-bc4209d242fc: cophenetic index 624; 1.1 s; peak memory 635 MiB.
2026-10-06T18:59:43Z INFO [1854/4500] 74b2dbbd-edaf-4822-a550-b92e6d37f890: cophenetic index 649; 1.6 s; peak memory 635 MiB.
2026-10-06T18:59:45Z INFO [1855/4500] 74b35997-0b5b-4437-97a9-740341e6ebe5: cophenetic index 605; 1.5 s; peak memory 635 MiB.
2026-10-06T18:59:46Z INFO [1856/4500] 74b3bc6c-5ad3-40b4-82ec-7cb60a0beb2c: cophenetic index 649; 1.2 s; peak memory 635 MiB.
2026-10-06T18:59:47Z INFO [1857/4500] 74b3dc51-cbf4-413b-90f6-fae49d9064ad: cophenetic index 490; 0.8 s; peak memory 635 MiB.
2026-10-06T18:59:51Z INFO [1858/4500] 74b44c23-35a7-4472-8733-1263f2601b89: cophenetic index 2236; 3.8 s; peak memory 635 MiB.
2026-10-06T18:59:52Z INFO [1859/4500] 74b4cea6-ef76-473c-82ef-bc891441822e: cophenetic index 624; 1.1 s; peak memory 635 MiB.
2026-10-06T18:59:53Z INFO [1860/4500] 74b59adf-41b3-4b6f-b94a-35287d556756: cophenetic index 521; 1.2 s; peak memory 635 MiB.
2026-10-06T18:59:55Z INFO [1861/4500] 74b8a2c8-7943-4bc3-a8ed-9ed0511476c1: cophenetic index 33998; 1.7 s; peak memory 635 MiB.
2026-10-06T18:59:56Z INFO [1862/4500] 74b8a8d7-f288-4965-827a-3c5ec199cb78: cophenetic index 3087; 1.5 s; peak memory 635 MiB.
2026-10-06T18:59:58Z INFO [1863/4500] 74b8b94c-ab99-4fdf-91dd-a2ca0cfac1b0: cophenetic index 2974; 1.4 s; peak memory 635 MiB.
2026-10-06T19:00:21Z INFO [1864/4500] 74b99d9a-c28c-42bd-8a8a-6a35fb5ae4ae: cophenetic index 43271466; 23.6 s; peak memory 635 MiB.
2026-10-06T19:00:24Z INFO [1865/4500] 74ba0dbf-5524-4c87-ba80-d8a3631cb20a: cophenetic index 33998; 2.5 s; peak memory 635 MiB.
2026-10-06T19:00:31Z INFO [1866/4500] 74ba49bc-9076-49c6-b0bf-44d7477182d1: cophenetic index 105776; 7.7 s; peak memory 635 MiB.
2026-10-06T19:00:33Z INFO [1867/4500] 74bbd983-0bb3-4d6b-af27-96b8cfee4816: cophenetic index 624; 1.2 s; peak memory 635 MiB.
2026-10-06T19:00:44Z INFO [1868/4500] 74bbfd9c-0b33-4202-9e8b-451834cf9ac3: cophenetic index 18780; 11.5 s; peak memory 635 MiB.
2026-10-06T19:00:48Z INFO [1869/4500] 74bc6ef5-ccbc-425b-9b27-e64aa9db7b07: cophenetic index 8488; 4.4 s; peak memory 635 MiB.
2026-10-06T19:00:50Z INFO [1870/4500] 74bd561e-078d-4a76-87c6-2f460fb0f6b3: cophenetic index 3087; 1.6 s; peak memory 635 MiB.
2026-10-06T19:00:51Z INFO [1871/4500] 74bd93e9-8696-41da-914c-eee80d13437e: cophenetic index 624; 1.1 s; peak memory 635 MiB.
2026-10-06T19:00:52Z INFO [1872/4500] 74bdf502-fed2-4077-9c12-d6c296190c4c: cophenetic index 539; 1.2 s; peak memory 635 MiB.
2026-10-06T19:00:53Z INFO [1873/4500] 74be7482-8686-458b-8d67-0c7ec64e1a19: cophenetic index 624; 1.1 s; peak memory 635 MiB.
2026-10-06T19:00:54Z INFO [1874/4500] 74bf1bcc-54d2-43a3-8104-e538b8891f5a: cophenetic index 490; 1.0 s; peak memory 635 MiB.
2026-10-06T19:00:56Z INFO [1875/4500] 74bf6c8a-60d7-4d5d-9da6-0b5cbd2d2a29: cophenetic index 649; 1.2 s; peak memory 635 MiB.
2026-10-06T19:00:59Z INFO [1876/4500] 74bfbdbe-c716-4751-99a2-eb8cda5bc907: cophenetic index 4015; 3.2 s; peak memory 635 MiB.
2026-10-06T19:01:00Z INFO [1877/4500] 74bfbf77-c9ed-454d-aca3-7467304f9182: cophenetic index 1751; 1.6 s; peak memory 635 MiB.
2026-10-06T19:01:01Z INFO [1878/4500] 74c04e47-950b-4bb2-a7a4-ff668827947e: cophenetic index 579; 0.9 s; peak memory 635 MiB.
2026-10-06T19:01:03Z INFO [1879/4500] 74c06b7b-dbc1-4bb6-b821-28de0c65adce: cophenetic index 624; 1.3 s; peak memory 635 MiB.
2026-10-06T19:01:04Z INFO [1880/4500] 74c0e6b2-c347-4de5-8851-1352f07ae870: cophenetic index 1228; 1.1 s; peak memory 635 MiB.
2026-10-06T19:01:06Z INFO [1881/4500] 74c0f9bf-cf49-43e1-893b-c0ba0528f110: cophenetic index 2682; 2.3 s; peak memory 635 MiB.
2026-10-06T19:01:08Z INFO [1882/4500] 74c24568-aa45-4e12-9240-8afc1583d79e: cophenetic index 2570; 1.9 s; peak memory 635 MiB.
2026-10-06T19:01:09Z INFO [1883/4500] 74c275fb-8dd5-4721-b62d-9637633863ed: cophenetic index 649; 1.2 s; peak memory 635 MiB.
2026-10-06T19:01:12Z INFO [1884/4500] 74c2ed82-d545-4e1b-b5f5-763dda94b7bb: cophenetic index 2524; 2.7 s; peak memory 635 MiB.
2026-10-06T19:01:13Z INFO [1885/4500] 74c57467-bd01-4640-bb8a-f8eaddb41440: cophenetic index 624; 1.3 s; peak memory 635 MiB.
2026-10-06T19:01:20Z INFO [1886/4500] 74c5ce4d-3acb-4a52-b0b1-c02b30b494d3: cophenetic index 53561; 6.7 s; peak memory 635 MiB.
2026-10-06T19:01:21Z INFO [1887/4500] 74c6ea74-db62-4d62-9090-66ec13948d85: cophenetic index 3004; 1.3 s; peak memory 635 MiB.
2026-10-06T19:01:23Z INFO [1888/4500] 74c79dd7-d076-465e-be2b-1fcdbb724236: cophenetic index 33962; 1.6 s; peak memory 635 MiB.
2026-10-06T19:01:24Z INFO [1889/4500] 74c7b6ca-276f-4dee-a558-7a9ec7930292: cophenetic index 2625; 1.8 s; peak memory 635 MiB.
2026-10-06T19:01:25Z INFO [1890/4500] 74c826f6-341f-4fb1-a1f1-19844481d884: cophenetic index 560; 0.9 s; peak memory 635 MiB.
2026-10-06T19:01:26Z INFO [1891/4500] 74c8cb3a-4e7c-4099-b944-f34a534774fd: cophenetic index 624; 1.0 s; peak memory 635 MiB.
2026-10-06T19:01:59Z INFO [1892/4500] 74c9eec2-27c7-43fc-b3b9-936799dba1b4: cophenetic index 271615; 32.8 s; peak memory 635 MiB.
2026-10-06T19:02:00Z INFO [1893/4500] 74ca9da9-1768-46c7-bd25-4ccd513fea50: cophenetic index 579; 0.9 s; peak memory 635 MiB.
2026-10-06T19:02:01Z INFO [1894/4500] 74ca9ffa-569d-432d-aefd-1a34bae02859: cophenetic index 512; 1.3 s; peak memory 635 MiB.
2026-10-06T19:02:03Z INFO [1895/4500] 74cbbbb2-85f1-4350-8423-e1f4e18df99f: cophenetic index 2570; 1.6 s; peak memory 635 MiB.
2026-10-06T19:02:05Z INFO [1896/4500] 74cbf8ae-5208-4e24-b68a-aac80c7665ea: cophenetic index 26986; 2.0 s; peak memory 635 MiB.
2026-10-06T19:02:07Z INFO [1897/4500] 74cc02bf-4b62-4442-822f-915f8740e5ce: cophenetic index 33986; 1.5 s; peak memory 635 MiB.
2026-10-06T19:02:08Z INFO [1898/4500] 74ce1ef6-78e1-42e2-af94-964682c68214: cophenetic index 581; 1.1 s; peak memory 635 MiB.
2026-10-06T19:02:09Z INFO [1899/4500] 74ce8a1a-7e2c-4b16-8090-df0d64c0895f: cophenetic index 23250; 1.5 s; peak memory 635 MiB.
2026-10-06T19:02:11Z INFO [1900/4500] 74cee401-4f80-4f8c-b2fd-63dc27141827: cophenetic index 2625; 1.7 s; peak memory 635 MiB.
2026-10-06T19:02:11Z INFO [1900/4500] 74cee401-4f80-4f8c-b2fd-63dc27141827: checkpointed 102997 records.
2026-10-06T19:02:12Z INFO [1901/4500] 74d02bac-5349-4c44-b126-ccf6ed41ee93: cophenetic index 624; 1.2 s; peak memory 635 MiB.
2026-10-06T19:02:16Z INFO [1902/4500] 74d059b0-1ce6-4629-9c36-a6954f0f7166: cophenetic index 2469; 3.6 s; peak memory 635 MiB.
2026-10-06T19:02:26Z INFO [1903/4500] 74d07cc8-606f-4cde-8e65-08533e852108: cophenetic index 174060; 9.7 s; peak memory 635 MiB.
2026-10-06T19:02:44Z INFO [1904/4500] 74d0d8ae-564f-4e9d-b397-ff6e0092b64d: cophenetic index 6126122; 18.0 s; peak memory 635 MiB.
2026-10-06T19:02:45Z INFO [1905/4500] 74d0de0f-ad56-4c52-aa2c-5f49b01afb9c: cophenetic index 649; 1.3 s; peak memory 635 MiB.
2026-10-06T19:02:47Z INFO [1906/4500] 74d0f1c0-dc9d-4c96-abe3-1b7da155fddb: cophenetic index 2625; 1.8 s; peak memory 635 MiB.
2026-10-06T19:02:49Z INFO [1907/4500] 74d231ca-7f1d-49fa-8565-d90f1e63c34f: cophenetic index 33998; 2.2 s; peak memory 635 MiB.
2026-10-06T19:02:50Z INFO [1908/4500] 74d25786-8e25-45f4-b3d8-07d31ce9b9be: cophenetic index 2625; 1.3 s; peak memory 635 MiB.
2026-10-06T19:02:51Z INFO [1909/4500] 74d28b02-91e7-4df3-af1b-2bda51c02a21: cophenetic index 624; 1.2 s; peak memory 635 MiB.
2026-10-06T19:02:53Z INFO [1910/4500] 74d31a01-d653-4645-83d8-0d3fe332397f: cophenetic index 624; 1.2 s; peak memory 635 MiB.
2026-10-06T19:02:55Z INFO [1911/4500] 74d39961-4fe8-468d-98b0-bed046a3f21d: cophenetic index 99138; 2.3 s; peak memory 635 MiB.
2026-10-06T19:02:57Z INFO [1912/4500] 74d4464b-1d34-4993-90d4-89f2477729db: cophenetic index 99138; 2.3 s; peak memory 635 MiB.
2026-10-06T19:02:59Z INFO [1913/4500] 74d4a328-d8f0-4a9b-ba1d-247a5daa8948: cophenetic index 791; 1.6 s; peak memory 635 MiB.
2026-10-06T19:03:00Z INFO [1914/4500] 74d5ae29-0164-4123-83c0-bd59f038e084: cophenetic index 624; 1.2 s; peak memory 635 MiB.
2026-10-06T19:03:01Z INFO [1915/4500] 74d5e838-5e03-4f80-b966-3e7cb071852e: cophenetic index 433; 0.8 s; peak memory 635 MiB.
2026-10-06T19:03:07Z INFO [1916/4500] 74d5f002-9041-4ed1-8d61-8494a6785d1c: cophenetic index 20638; 6.3 s; peak memory 635 MiB.
2026-10-06T19:03:08Z INFO [1917/4500] 74d71d78-82f5-4f60-bad2-617dad4fc0a0: cophenetic index 624; 1.3 s; peak memory 635 MiB.
2026-10-06T19:03:10Z INFO [1918/4500] 74d73c80-c156-44bd-9976-9f679f090d70: cophenetic index 624; 1.5 s; peak memory 635 MiB.
2026-10-06T19:03:11Z INFO [1919/4500] 74d7841d-235c-463d-a44d-94fa44e333cf: cophenetic index 490; 0.8 s; peak memory 635 MiB.
2026-10-06T19:03:14Z INFO [1920/4500] 74d7db91-72ff-4469-8991-771f43b9e810: cophenetic index 2682; 2.9 s; peak memory 635 MiB.
2026-10-06T19:03:15Z INFO [1921/4500] 74d7fa95-250c-466a-acb4-95ce8593fff1: cophenetic index 624; 1.2 s; peak memory 635 MiB.
2026-10-06T19:03:16Z INFO [1922/4500] 74d880f7-001e-47aa-bfbb-e939e3889128: cophenetic index 539; 1.2 s; peak memory 635 MiB.
2026-10-06T19:03:17Z INFO [1923/4500] 74d90347-f334-40eb-a75c-e8df4d7f8bcb: cophenetic index 624; 1.3 s; peak memory 635 MiB.
2026-10-06T19:03:20Z INFO [1924/4500] 74d99c77-13b2-45aa-8766-31625d794fe2: cophenetic index 2609; 2.9 s; peak memory 635 MiB.
2026-10-06T19:03:22Z INFO [1925/4500] 74d9e10c-d490-48c1-99c9-8079687dd786: cophenetic index 33986; 1.7 s; peak memory 635 MiB.
2026-10-06T19:03:23Z INFO [1926/4500] 74da5418-29a1-42f1-9178-0aa7d1fc4d66: cophenetic index 3087; 1.4 s; peak memory 635 MiB.
2026-10-06T19:03:25Z INFO [1927/4500] 74dc0e7e-ba90-42f7-b5fc-bc17c25b4719: cophenetic index 3087; 1.4 s; peak memory 635 MiB.
2026-10-06T19:03:34Z INFO [1928/4500] 74dc3ecd-0eb4-4066-9332-278ea8dfe970: cophenetic index 14699; 9.2 s; peak memory 635 MiB.
2026-10-06T19:03:40Z INFO [1929/4500] 74dc63c4-3cb7-4ac7-999e-175f8e803fba: cophenetic index 496292; 5.7 s; peak memory 635 MiB.
2026-10-06T19:03:41Z INFO [1930/4500] 74dcbbba-2a39-49a4-94d7-1e96054acc14: cophenetic index 624; 1.0 s; peak memory 635 MiB.
2026-10-06T19:03:42Z INFO [1931/4500] 74dd50aa-e8e3-463e-9836-f08f9a7dd170: cophenetic index 3004; 1.3 s; peak memory 635 MiB.
2026-10-06T19:03:43Z INFO [1932/4500] 74dd826f-393b-4938-ae8e-5ed0bac76de1: cophenetic index 413; 1.3 s; peak memory 635 MiB.
2026-10-06T19:03:45Z INFO [1933/4500] 74dd8654-bc11-4c53-b426-06607a212fd9: cophenetic index 2974; 1.5 s; peak memory 635 MiB.
2026-10-06T19:03:46Z INFO [1934/4500] 74de7bc1-4a8d-4b6c-96e3-35cbc498e638: cophenetic index 624; 1.3 s; peak memory 635 MiB.
2026-10-06T19:03:47Z INFO [1935/4500] 74deb0a5-db9a-4746-9242-7a7283a976db: cophenetic index 624; 1.1 s; peak memory 635 MiB.
2026-10-06T19:03:49Z INFO [1936/4500] 74e113bc-8fbd-4568-9762-be30369ebb23: cophenetic index 2625; 1.7 s; peak memory 635 MiB.
2026-10-06T19:03:50Z INFO [1937/4500] 74e117ce-a210-4d54-91fe-c6d7f5e0ebe9: cophenetic index 624; 1.3 s; peak memory 635 MiB.
2026-10-06T19:03:58Z INFO [1938/4500] 74e120ac-6e8d-4d0f-9807-48ab5dfb3470: cophenetic index 108629; 7.7 s; peak memory 635 MiB.
2026-10-06T19:04:00Z INFO [1939/4500] 74e15f51-3bee-4bf9-96b8-09896ae34e30: cophenetic index 624; 1.6 s; peak memory 635 MiB.
2026-10-06T19:04:06Z INFO [1940/4500] 74e16d2c-1c9d-4277-a09d-d5b576313af6: cophenetic index 52851; 6.0 s; peak memory 635 MiB.
2026-10-06T19:04:14Z INFO [1941/4500] 74e18ebe-15be-4631-ac98-bcd74b720e98: cophenetic index 14478; 7.9 s; peak memory 635 MiB.
2026-10-06T19:04:15Z INFO [1942/4500] 74e1a371-28ce-4e88-a0a7-5b61ebbbe91b: cophenetic index 1949; 1.7 s; peak memory 635 MiB.
2026-10-06T19:04:17Z INFO [1943/4500] 74e21d22-810f-4487-9d19-bb03e7ad6a27: cophenetic index 33962; 2.0 s; peak memory 635 MiB.
2026-10-06T19:04:19Z INFO [1944/4500] 74e2c9b7-a672-4332-883d-af99a71a2478: cophenetic index 949; 2.0 s; peak memory 635 MiB.
2026-10-06T19:04:21Z INFO [1945/4500] 74e2cdf1-3279-4474-8897-c599a754b8cc: cophenetic index 624; 1.2 s; peak memory 635 MiB.
2026-10-06T19:04:22Z INFO [1946/4500] 74e321b9-6d7f-48dd-8158-e52cc15c5a16: cophenetic index 624; 1.2 s; peak memory 635 MiB.
2026-10-06T19:04:37Z INFO [1947/4500] 74e37448-1aaf-492f-98d1-cc9b730fa15f: cophenetic index 565617; 14.8 s; peak memory 635 MiB.
2026-10-06T19:04:38Z INFO [1948/4500] 74e3d53c-4e13-4950-9776-085f6e19eab6: cophenetic index 624; 1.1 s; peak memory 635 MiB.
2026-10-06T19:04:40Z INFO [1949/4500] 74e42788-d6e7-49b2-bb88-777e6a9f8c64: cophenetic index 33998; 2.3 s; peak memory 635 MiB.
2026-10-06T19:05:35Z INFO [1950/4500] 74e4d158-4dcf-404a-af14-8235960becd9: cophenetic index 33960146; 54.8 s; peak memory 635 MiB.
2026-10-06T19:05:35Z INFO [1950/4500] 74e4d158-4dcf-404a-af14-8235960becd9: checkpointed 103047 records.
2026-10-06T19:05:36Z INFO [1951/4500] 74e602a4-22bd-4f44-83fd-7f1869731ab1: cophenetic index 1781; 1.3 s; peak memory 635 MiB.
2026-10-06T19:05:38Z INFO [1952/4500] 74e66cb9-49a4-4556-9009-2d0d1e794cf8: cophenetic index 38460; 2.1 s; peak memory 635 MiB.
2026-10-06T19:05:40Z INFO [1953/4500] 74e7e8dc-cf17-42d0-a18c-af67c0d095c3: cophenetic index 624; 1.2 s; peak memory 635 MiB.
2026-10-06T19:05:41Z INFO [1954/4500] 74e7f87c-d618-4543-ba23-9b6c5ca61fdd: cophenetic index 624; 1.2 s; peak memory 635 MiB.
2026-10-06T19:05:42Z INFO [1955/4500] 74e8d671-7137-4fea-bbdd-df30887bfe20: cophenetic index 661; 1.0 s; peak memory 635 MiB.
2026-10-06T19:05:43Z INFO [1956/4500] 74e9612b-6b32-40fc-8b32-6738f2ae08dc: cophenetic index 3004; 1.6 s; peak memory 635 MiB.
2026-10-06T19:05:45Z INFO [1957/4500] 74e96e9d-d6e7-441e-b843-f50ae3d5d9fe: cophenetic index 2814; 1.3 s; peak memory 635 MiB.
2026-10-06T19:05:46Z INFO [1958/4500] 74eadfa7-9f90-4f05-8658-e12155daede3: cophenetic index 3004; 1.4 s; peak memory 635 MiB.
2026-10-06T19:05:48Z INFO [1959/4500] 74ebcb00-cceb-46d0-8d83-739e1fa51b49: cophenetic index 2625; 1.8 s; peak memory 635 MiB.
2026-10-06T19:06:02Z INFO [1960/4500] 74ec1809-d9bb-4f66-8507-2157592cd9f6: cophenetic index 122842; 14.1 s; peak memory 635 MiB.
2026-10-06T19:06:03Z INFO [1961/4500] 74ec35aa-a7b9-4742-b41d-d29a254bab6e: cophenetic index 624; 1.2 s; peak memory 635 MiB.
2026-10-06T19:06:04Z INFO [1962/4500] 74eca43b-6f91-4a83-b764-0b838ee9199a: cophenetic index 385; 1.2 s; peak memory 635 MiB.
2026-10-06T19:06:06Z INFO [1963/4500] 74ecb9bd-36c2-4c0e-98aa-700cbcfa1468: cophenetic index 515; 1.9 s; peak memory 635 MiB.
2026-10-06T19:06:13Z INFO [1964/4500] 74ed8319-5d53-4273-908f-09f61a498e44: cophenetic index 9548; 6.5 s; peak memory 635 MiB.
2026-10-06T19:06:14Z INFO [1965/4500] 74ee0c0c-0775-4963-af3d-2981cb908226: cophenetic index 497; 1.3 s; peak memory 635 MiB.
2026-10-06T19:06:30Z INFO [1966/4500] 74ee1338-8c60-4c78-8b01-b093b5a7c5dd: cophenetic index 51243; 15.7 s; peak memory 635 MiB.
2026-10-06T19:06:37Z INFO [1967/4500] 74ee29b9-2f8e-4194-b263-e15a5dbe4a11: cophenetic index 87573; 7.3 s; peak memory 635 MiB.
2026-10-06T19:06:41Z INFO [1968/4500] 74eeb3ef-2d85-475f-9a71-fe7c6b76594a: cophenetic index 1733; 3.9 s; peak memory 635 MiB.
2026-10-06T19:06:43Z INFO [1969/4500] 74eed4d0-79e3-4a53-bea7-3b301c065533: cophenetic index 2625; 1.8 s; peak memory 635 MiB.
2026-10-06T19:06:44Z INFO [1970/4500] 74ef34e1-b849-4b0e-bd46-f25fbd102369: cophenetic index 3004; 1.5 s; peak memory 635 MiB.
2026-10-06T19:06:46Z INFO [1971/4500] 74efa443-73c5-42ed-9c22-39db12d3343e: cophenetic index 624; 1.2 s; peak memory 635 MiB.
2026-10-06T19:06:47Z INFO [1972/4500] 74f0a1ed-95e9-4e91-a886-ebc84ba8c45a: cophenetic index 624; 1.3 s; peak memory 635 MiB.
2026-10-06T19:06:49Z INFO [1973/4500] 74f0d8f0-c091-4721-8e2d-09fb37dc7eb8: cophenetic index 99114; 2.1 s; peak memory 635 MiB.
2026-10-06T19:06:50Z INFO [1974/4500] 74f10462-d768-455c-b96f-1d732305ce94: cophenetic index 624; 1.2 s; peak memory 635 MiB.
2026-10-06T19:07:01Z INFO [1975/4500] 74f1b061-0a1c-4afb-8495-0ee0e55eea26: cophenetic index 168755; 10.6 s; peak memory 635 MiB.
2026-10-06T19:07:12Z INFO [1976/4500] 74f2187f-c5a8-457e-8914-018c334d5085: cophenetic index 235794; 11.7 s; peak memory 635 MiB.
2026-10-06T19:07:14Z INFO [1977/4500] 74f2216f-79ad-477a-b65c-587720f89f07: cophenetic index 624; 1.3 s; peak memory 635 MiB.
2026-10-06T19:07:15Z INFO [1978/4500] 74f25491-6ebc-46b9-a5eb-c1d48529e30e: cophenetic index 766; 1.5 s; peak memory 635 MiB.
2026-10-06T19:07:16Z INFO [1979/4500] 74f26148-af06-49b4-aa84-f581ac37be3e: cophenetic index 446; 1.0 s; peak memory 635 MiB.
2026-10-06T19:07:18Z INFO [1980/4500] 74f27c26-9c27-4dac-a752-499e9d3ca49b: cophenetic index 3004; 1.3 s; peak memory 635 MiB.
2026-10-06T19:07:19Z INFO [1981/4500] 74f2bad9-289a-43ed-ad22-f04bff9b94b7: cophenetic index 2625; 1.8 s; peak memory 635 MiB.
2026-10-06T19:07:21Z INFO [1982/4500] 74f31fdf-fa45-4b17-94cb-45d7b8f9ef53: cophenetic index 3004; 1.6 s; peak memory 635 MiB.
2026-10-06T19:07:22Z INFO [1983/4500] 74f34ed8-4a7b-4097-9bee-283679edebbf: cophenetic index 3057; 1.4 s; peak memory 635 MiB.
2026-10-06T19:07:30Z INFO [1984/4500] 74f48eaa-696e-42c2-b27b-95697742c94f: cophenetic index 13178; 7.5 s; peak memory 635 MiB.
2026-10-06T19:07:31Z INFO [1985/4500] 74f4b9da-0bb9-440d-b8af-24e16ae74538: cophenetic index 3614; 1.2 s; peak memory 635 MiB.
2026-10-06T19:07:32Z INFO [1986/4500] 74f50453-e98a-4498-aa4f-1af9b72bed07: cophenetic index 3004; 1.4 s; peak memory 635 MiB.
2026-10-06T19:07:34Z INFO [1987/4500] 74f55fd5-ddfe-48f1-9538-36a2fea731a5: cophenetic index 1002; 1.4 s; peak memory 635 MiB.
2026-10-06T19:07:35Z INFO [1988/4500] 74f5d832-3596-4904-9966-771bbb0a4933: cophenetic index 1265; 1.2 s; peak memory 635 MiB.
2026-10-06T19:07:38Z INFO [1989/4500] 74f61d21-7822-4ba7-b721-307934b728d8: cophenetic index 2469; 3.1 s; peak memory 635 MiB.
2026-10-06T19:07:39Z INFO [1990/4500] 74f6e6e2-1b3b-48ae-aed8-e48613e3830b: cophenetic index 3087; 1.4 s; peak memory 635 MiB.
2026-10-06T19:07:57Z INFO [1991/4500] 74f6f2f6-0ce9-452e-9a66-fc128311739d: cophenetic index 661559; 17.9 s; peak memory 635 MiB.
2026-10-06T19:08:09Z INFO [1992/4500] 74f73d5f-5037-4ccf-9285-4ac2d250e17e: cophenetic index 333094; 11.9 s; peak memory 635 MiB.
2026-10-06T19:08:11Z INFO [1993/4500] 74f76288-d4ba-4957-8dfb-b3895837414b: cophenetic index 3004; 1.4 s; peak memory 635 MiB.
2026-10-06T19:08:12Z INFO [1994/4500] 74f7de56-3406-4aa9-b293-ca5b34b6fb90: cophenetic index 431; 1.2 s; peak memory 635 MiB.
2026-10-06T19:08:13Z INFO [1995/4500] 74f861eb-953e-4534-8e2b-2accae7bed47: cophenetic index 3087; 1.4 s; peak memory 635 MiB.
2026-10-06T19:08:15Z INFO [1996/4500] 74f9e1b1-0622-4ef6-9023-52d55bc390e2: cophenetic index 2625; 1.5 s; peak memory 635 MiB.
2026-10-06T19:08:17Z INFO [1997/4500] 74fa6a8f-dccf-4616-aa00-3dc4305e76e7: cophenetic index 33986; 1.8 s; peak memory 635 MiB.
2026-10-06T19:08:19Z INFO [1998/4500] 74fc619b-fff3-4cd7-833c-741f44bccca2: cophenetic index 1130; 2.2 s; peak memory 635 MiB.
2026-10-06T19:08:22Z INFO [1999/4500] 74fcd2c3-1a10-4ad8-9129-a4d35065a965: cophenetic index 5473; 3.6 s; peak memory 635 MiB.
2026-10-06T19:08:24Z INFO [2000/4500] 74fce6a1-c8bb-46c0-9703-ca1ee6c3b42b: cophenetic index 572; 1.3 s; peak memory 635 MiB.
2026-10-06T19:08:24Z INFO [2000/4500] 74fce6a1-c8bb-46c0-9703-ca1ee6c3b42b: checkpointed 103097 records.
2026-10-06T19:08:25Z INFO [2001/4500] 74fcf8cf-ed5b-4892-8951-77294bb4efb6: cophenetic index 494; 1.0 s; peak memory 635 MiB.
2026-10-06T19:08:26Z INFO [2002/4500] 74fd17d9-3476-40de-8217-5a6dc380cd07: cophenetic index 624; 1.2 s; peak memory 635 MiB.
2026-10-06T19:08:28Z INFO [2003/4500] 74fd3600-90dc-4025-9ef3-81042d4e3f3a: cophenetic index 1144; 2.1 s; peak memory 635 MiB.
2026-10-06T19:08:30Z INFO [2004/4500] 74fe4c22-ebd6-4d51-9e43-ad23fd853a43: cophenetic index 2625; 1.5 s; peak memory 635 MiB.
2026-10-06T19:08:45Z INFO [2005/4500] 74fe9be6-3ddd-45b8-9d0c-3bc9c040c03e: cophenetic index 734239; 14.9 s; peak memory 635 MiB.
2026-10-06T19:08:46Z INFO [2006/4500] 74ffe1bb-c797-46d6-a5b6-b528d146c7d6: cophenetic index 722; 1.6 s; peak memory 635 MiB.
2026-10-06T19:08:48Z INFO [2007/4500] 7500aa93-5c02-43d1-9f55-6569cec35796: cophenetic index 1544; 1.5 s; peak memory 635 MiB.
2026-10-06T19:08:49Z INFO [2008/4500] 75012036-7823-4dad-acbb-2f9e247c8911: cophenetic index 624; 1.2 s; peak memory 635 MiB.
2026-10-06T19:08:50Z INFO [2009/4500] 75016031-e0a8-439a-bc46-cc96a9c15170: cophenetic index 569; 1.3 s; peak memory 635 MiB.
2026-10-06T19:08:52Z INFO [2010/4500] 750342a8-0813-40c9-a857-b16a2d9be4b4: cophenetic index 3004; 1.5 s; peak memory 635 MiB.
2026-10-06T19:08:53Z INFO [2011/4500] 7503587c-2ccf-47cf-877a-107fb5d4023e: cophenetic index 3004; 1.4 s; peak memory 635 MiB.
2026-10-06T19:08:54Z INFO [2012/4500] 75039738-676c-4c33-a321-af903e83c713: cophenetic index 379; 0.8 s; peak memory 635 MiB.
2026-10-06T19:08:57Z INFO [2013/4500] 75042eeb-b859-4145-bfbe-d647957a5b24: cophenetic index 2524; 2.6 s; peak memory 635 MiB.
2026-10-06T19:09:22Z INFO [2014/4500] 750446c9-eebc-4268-b96b-f93d3f0e7d1f: cophenetic index 1032959; 25.5 s; peak memory 635 MiB.
2026-10-06T19:09:26Z INFO [2015/4500] 7504a20c-31be-4048-9f9e-d45f269c5e89: cophenetic index 99810; 3.6 s; peak memory 635 MiB.
2026-10-06T19:09:27Z INFO [2016/4500] 75050928-c0c0-459a-875c-898ced9c9bab: cophenetic index 1087; 1.5 s; peak memory 635 MiB.
2026-10-06T19:09:29Z INFO [2017/4500] 75051ce1-1297-4617-a4c0-92f2ebf70ed3: cophenetic index 33968; 1.8 s; peak memory 635 MiB.
2026-10-06T19:09:32Z INFO [2018/4500] 7505d090-6413-4b1d-9cee-248264961d90: cophenetic index 2391; 3.1 s; peak memory 635 MiB.
2026-10-06T19:09:34Z INFO [2019/4500] 75071610-5c0d-4f5b-bcc9-0c23f921679d: cophenetic index 649; 1.3 s; peak memory 635 MiB.
2026-10-06T19:09:34Z INFO [2020/4500] 75075ccd-1a15-4494-9230-a352e45ca57a: cophenetic index 490; 0.9 s; peak memory 635 MiB.
2026-10-06T19:09:36Z INFO [2021/4500] 7507b316-62f9-421d-9ace-06b55760bbd5: cophenetic index 3004; 1.5 s; peak memory 635 MiB.
2026-10-06T19:09:37Z INFO [2022/4500] 75082570-4214-4d8d-966b-3dbd1bb94c09: cophenetic index 919; 1.2 s; peak memory 635 MiB.
2026-10-06T19:09:38Z INFO [2023/4500] 75093417-f985-4714-b4e2-c76531d08da1: cophenetic index 624; 1.2 s; peak memory 635 MiB.
2026-10-06T19:09:40Z INFO [2024/4500] 7509372d-52fe-481a-bdc1-395bfe2e27b7: cophenetic index 2974; 1.3 s; peak memory 635 MiB.
2026-10-06T19:09:41Z INFO [2025/4500] 75095943-2775-4dfe-8d98-ba520e37424e: cophenetic index 624; 1.4 s; peak memory 635 MiB.
2026-10-06T19:09:48Z INFO [2026/4500] 75096c65-01aa-49bc-98cf-634f2a09f96a: cophenetic index 9181; 6.5 s; peak memory 635 MiB.
2026-10-06T19:09:49Z INFO [2027/4500] 7509775b-324a-4fd7-abd3-1fc60641bf55: cophenetic index 624; 1.2 s; peak memory 635 MiB.
2026-10-06T19:09:50Z INFO [2028/4500] 750978d3-e689-4159-bea8-af408e67ed42: cophenetic index 3004; 1.6 s; peak memory 635 MiB.
2026-10-06T19:09:53Z INFO [2029/4500] 7509f328-356b-4a25-82b9-6ac4649ad328: cophenetic index 2880; 2.5 s; peak memory 635 MiB.
2026-10-06T19:09:54Z INFO [2030/4500] 750a3e48-501b-46ac-8b15-6d0e16427e31: cophenetic index 624; 1.1 s; peak memory 635 MiB.
2026-10-06T19:09:56Z INFO [2031/4500] 750bba60-a0a6-4a19-8644-dab34237f1c1: cophenetic index 33998; 2.4 s; peak memory 635 MiB.
2026-10-06T19:10:02Z INFO [2032/4500] 750c2413-4df8-4471-a5b2-011cb617447c: cophenetic index 38294; 5.9 s; peak memory 635 MiB.
2026-10-06T19:10:03Z INFO [2033/4500] 750c5aa1-2017-4e4d-bdc8-080200ced56f: cophenetic index 624; 1.1 s; peak memory 635 MiB.
2026-10-06T19:10:05Z INFO [2034/4500] 750d1c70-e995-47fa-8771-1cc695daa4c2: cophenetic index 624; 1.1 s; peak memory 635 MiB.
2026-10-06T19:10:06Z INFO [2035/4500] 750d43be-b718-4050-ab2b-5f0d4245d237: cophenetic index 33968; 1.6 s; peak memory 635 MiB.
2026-10-06T19:10:07Z INFO [2036/4500] 750e73e5-14fc-4e04-a96e-9ad2390e60b8: cophenetic index 624; 1.2 s; peak memory 635 MiB.
2026-10-06T19:10:09Z INFO [2037/4500] 750f1716-f999-4dc6-bc1f-b06ed042a490: cophenetic index 624; 1.3 s; peak memory 635 MiB.
2026-10-06T19:10:10Z INFO [2038/4500] 7510c9a7-ff97-48d4-94f0-02c22649211b: cophenetic index 624; 1.4 s; peak memory 635 MiB.
2026-10-06T19:10:12Z INFO [2039/4500] 75120f3c-c476-4eae-99e5-e8567beb2d6f: cophenetic index 1554; 2.4 s; peak memory 635 MiB.
2026-10-06T19:10:15Z INFO [2040/4500] 7512a1ef-ced0-4ffb-83f1-43482080b98b: cophenetic index 2654; 2.4 s; peak memory 635 MiB.
2026-10-06T19:10:16Z INFO [2041/4500] 7512d6f6-730b-444b-a380-0dfcc0688850: cophenetic index 624; 1.2 s; peak memory 635 MiB.
2026-10-06T19:10:24Z INFO [2042/4500] 751316d7-26a8-4ad3-9f43-6f9b65c1918e: cophenetic index 118183; 7.8 s; peak memory 635 MiB.
2026-10-06T19:10:35Z INFO [2043/4500] 751346a9-feaf-424c-ada8-ef3bb00a9e4a: cophenetic index 520159; 10.9 s; peak memory 635 MiB.
2026-10-06T19:10:36Z INFO [2044/4500] 75135a20-d488-40b6-b46a-59b6d2077120: cophenetic index 624; 1.1 s; peak memory 635 MiB.
2026-10-06T19:10:42Z INFO [2045/4500] 7513b958-0db9-480d-8ef6-c7f9ab63d0ba: cophenetic index 89043; 6.3 s; peak memory 635 MiB.
2026-10-06T19:10:44Z INFO [2046/4500] 7513e458-2b08-4c40-a315-6502acf9e469: cophenetic index 3004; 1.5 s; peak memory 635 MiB.
2026-10-06T19:10:45Z INFO [2047/4500] 75144a29-8fef-48d6-9308-c45c8604481c: cophenetic index 33818; 1.8 s; peak memory 635 MiB.
2026-10-06T19:10:47Z INFO [2048/4500] 75148ec6-7ec4-4585-a07e-f708bdce46fb: cophenetic index 497; 1.6 s; peak memory 635 MiB.
2026-10-06T19:10:48Z INFO [2049/4500] 75156acc-30e6-4904-a457-cf7cb1587e93: cophenetic index 3192; 1.4 s; peak memory 635 MiB.
2026-10-06T19:10:50Z INFO [2050/4500] 75158cb8-d755-4d20-81af-a1c775badd77: cophenetic index 3004; 1.6 s; peak memory 635 MiB.
2026-10-06T19:10:50Z INFO [2050/4500] 75158cb8-d755-4d20-81af-a1c775badd77: checkpointed 103147 records.
2026-10-06T19:10:52Z INFO [2051/4500] 751590ab-b05a-4765-b27b-45193ed829a6: cophenetic index 2625; 1.7 s; peak memory 635 MiB.
2026-10-06T19:10:53Z INFO [2052/4500] 7515ddd4-41d6-4e42-9d66-4e917b111096: cophenetic index 2625; 1.4 s; peak memory 635 MiB.
2026-10-06T19:10:59Z INFO [2053/4500] 7515e916-caea-4753-af05-040db77114c5: cophenetic index 9548; 5.5 s; peak memory 635 MiB.
2026-10-06T19:11:00Z INFO [2054/4500] 75160b84-c12b-43c1-a8dc-b27e4f828b96: cophenetic index 911; 1.5 s; peak memory 635 MiB.
2026-10-06T19:11:02Z INFO [2055/4500] 7516de07-f6e8-402a-8385-4c20c310318f: cophenetic index 624; 1.3 s; peak memory 635 MiB.
2026-10-06T19:11:03Z INFO [2056/4500] 7516eaf7-88cd-4ca1-b259-576ee6a1054a: cophenetic index 624; 1.1 s; peak memory 635 MiB.
2026-10-06T19:11:04Z INFO [2057/4500] 75179308-ac7d-4c2f-84e1-c60ef1c51319: cophenetic index 431; 0.9 s; peak memory 635 MiB.
2026-10-06T19:11:05Z INFO [2058/4500] 7517b388-0494-42a4-87bd-c6d8e9a4d5b9: cophenetic index 649; 1.2 s; peak memory 635 MiB.
2026-10-06T19:11:06Z INFO [2059/4500] 751829dd-0c26-4872-b24d-ef5061bd8f40: cophenetic index 490; 0.9 s; peak memory 635 MiB.
2026-10-06T19:11:07Z INFO [2060/4500] 7518b29d-c0db-46a4-b7ef-4b256b0d644e: cophenetic index 560; 1.1 s; peak memory 635 MiB.
2026-10-06T19:11:08Z INFO [2061/4500] 75196855-5e1d-455e-b663-61c1fcb0fb88: cophenetic index 649; 1.2 s; peak memory 635 MiB.
2026-10-06T19:11:15Z INFO [2062/4500] 75196c9a-d7b4-4d3b-8f8b-07c7d8c26564: cophenetic index 13178; 7.4 s; peak memory 635 MiB.
2026-10-06T19:11:17Z INFO [2063/4500] 75197ed7-19b7-4b0e-b6a3-a608237a4532: cophenetic index 624; 1.3 s; peak memory 635 MiB.
2026-10-06T19:11:17Z INFO [2064/4500] 75198180-f6a8-49f7-b712-ffd1a34c20d0: cophenetic index 490; 0.8 s; peak memory 635 MiB.
2026-10-06T19:11:27Z INFO [2065/4500] 7519bf6a-e3b3-439b-b2dc-57dbfcb31fee: cophenetic index 520159; 9.6 s; peak memory 635 MiB.
2026-10-06T19:11:29Z INFO [2066/4500] 751a4f8b-c966-4c0b-ad8a-d0f210b063e8: cophenetic index 33968; 1.8 s; peak memory 635 MiB.
2026-10-06T19:11:30Z INFO [2067/4500] 751ab042-6692-4697-a790-76635c659ae6: cophenetic index 791; 1.6 s; peak memory 635 MiB.
2026-10-06T19:11:32Z INFO [2068/4500] 751adde9-f3c2-4604-8981-c205df05fa22: cophenetic index 2974; 1.4 s; peak memory 635 MiB.
2026-10-06T19:11:33Z INFO [2069/4500] 751b85db-06ba-495a-8e6e-de72eb010e85: cophenetic index 624; 1.2 s; peak memory 635 MiB.
2026-10-06T19:11:35Z INFO [2070/4500] 751c0d0b-4194-4de4-b0be-0313b971d656: cophenetic index 2625; 2.0 s; peak memory 635 MiB.
2026-10-06T19:11:36Z INFO [2071/4500] 751c4560-f077-43ad-a39a-fb68ebb22a79: cophenetic index 6352; 1.4 s; peak memory 635 MiB.
2026-10-06T19:11:37Z INFO [2072/4500] 751c956b-3676-4d6a-a72a-a74c899e017a: cophenetic index 560; 1.0 s; peak memory 635 MiB.
2026-10-06T19:11:39Z INFO [2073/4500] 751d8b8b-d777-4829-abe3-e50a20f8ed8d: cophenetic index 624; 1.3 s; peak memory 635 MiB.
2026-10-06T19:11:40Z INFO [2074/4500] 751e394e-3981-4a36-a3c3-5129770f85d5: cophenetic index 624; 1.4 s; peak memory 635 MiB.
2026-10-06T19:11:53Z INFO [2075/4500] 751e4c51-17b7-4594-b1ae-874bb74075fe: cophenetic index 49783; 13.2 s; peak memory 635 MiB.
2026-10-06T19:12:08Z INFO [2076/4500] 751eec9b-b02a-4f5f-911d-a2cea5dde6be: cophenetic index 241506; 14.6 s; peak memory 635 MiB.
2026-10-06T19:12:09Z INFO [2077/4500] 751fec7e-619d-424d-b2a2-a597e2bc6518: cophenetic index 6100; 1.5 s; peak memory 635 MiB.
2026-10-06T19:12:17Z INFO [2078/4500] 75202e42-fa61-4b66-b111-e2f867e85178: cophenetic index 14699; 7.5 s; peak memory 635 MiB.
2026-10-06T19:12:18Z INFO [2079/4500] 75204d2a-0232-43c4-8be6-236ef3556d68: cophenetic index 3004; 1.3 s; peak memory 635 MiB.
2026-10-06T19:12:20Z INFO [2080/4500] 75212f23-9a21-4673-88a6-e511ea3d0a06: cophenetic index 2502; 1.4 s; peak memory 635 MiB.
2026-10-06T19:12:21Z INFO [2081/4500] 75213082-6ca5-423a-8ba1-a8e556370af6: cophenetic index 3004; 1.3 s; peak memory 635 MiB.
2026-10-06T19:12:22Z INFO [2082/4500] 75213c87-fca1-4bff-b9f9-f73e85d9577d: cophenetic index 649; 1.2 s; peak memory 635 MiB.
2026-10-06T19:12:31Z INFO [2083/4500] 7521aa3a-e40a-4a93-81cf-685a742b481e: cophenetic index 108860; 9.0 s; peak memory 635 MiB.
2026-10-06T19:12:35Z INFO [2084/4500] 7524588a-eb15-4b2f-820e-1f1224cd126e: cophenetic index 3690; 3.8 s; peak memory 635 MiB.
2026-10-06T19:12:37Z INFO [2085/4500] 752473d8-7425-4244-9144-0861b75ee37e: cophenetic index 943; 2.0 s; peak memory 635 MiB.
2026-10-06T19:12:38Z INFO [2086/4500] 752499fa-9d38-452a-b855-c8eae3374512: cophenetic index 579; 0.9 s; peak memory 635 MiB.
2026-10-06T19:12:39Z INFO [2087/4500] 7524c3ee-c9de-451c-a2e5-9df9cf6cde3e: cophenetic index 943; 1.5 s; peak memory 635 MiB.
2026-10-06T19:12:40Z INFO [2088/4500] 752543a6-9afb-4fbc-bfc4-aa21b5b11bd9: cophenetic index 762; 0.8 s; peak memory 635 MiB.
2026-10-06T19:12:41Z INFO [2089/4500] 75254894-a1e0-49e2-88fb-7e42f439878b: cophenetic index 490; 0.8 s; peak memory 635 MiB.
2026-10-06T19:12:43Z INFO [2090/4500] 7525589c-eb33-44ba-b2de-bab23cc4438d: cophenetic index 2570; 1.9 s; peak memory 635 MiB.
2026-10-06T19:12:51Z INFO [2091/4500] 75257edf-9e65-40f6-969a-2a0a2a581c90: cophenetic index 87573; 8.0 s; peak memory 635 MiB.
2026-10-06T19:12:52Z INFO [2092/4500] 75258296-60cb-4f69-b8b9-6397dc174560: cophenetic index 605; 1.5 s; peak memory 635 MiB.
2026-10-06T19:12:54Z INFO [2093/4500] 7525a4ac-3c38-4e87-9f74-1422111c6560: cophenetic index 2625; 1.6 s; peak memory 635 MiB.
2026-10-06T19:13:00Z INFO [2094/4500] 7526166d-1f37-4a3a-b9c7-aac30b79173b: cophenetic index 19526; 5.8 s; peak memory 635 MiB.
2026-10-06T19:13:01Z INFO [2095/4500] 75264d0d-065f-4142-b250-c0e087000512: cophenetic index 2974; 1.3 s; peak memory 635 MiB.
2026-10-06T19:13:03Z INFO [2096/4500] 752666f7-ec5f-4348-9cbc-23543cb4974d: cophenetic index 2023; 2.0 s; peak memory 635 MiB.
2026-10-06T19:13:14Z INFO [2097/4500] 7527074d-8b13-4a82-978f-dbb5132a8d92: cophenetic index 162976; 10.6 s; peak memory 635 MiB.
2026-10-06T19:13:15Z INFO [2098/4500] 75279b00-a109-4973-bc6f-77c5f4eea37c: cophenetic index 624; 1.1 s; peak memory 635 MiB.
2026-10-06T19:13:16Z INFO [2099/4500] 7527f989-1880-47e8-874b-4812dbd3d107: cophenetic index 33968; 1.6 s; peak memory 635 MiB.
2026-10-06T19:13:18Z INFO [2100/4500] 75285cec-4eda-485c-9e80-38b325f559ae: cophenetic index 624; 1.2 s; peak memory 635 MiB.
2026-10-06T19:13:18Z INFO [2100/4500] 75285cec-4eda-485c-9e80-38b325f559ae: checkpointed 103197 records.
2026-10-06T19:13:21Z INFO [2101/4500] 75287c82-7a54-4a1d-9290-9e90a42ead02: cophenetic index 2402; 3.3 s; peak memory 635 MiB.
2026-10-06T19:13:22Z INFO [2102/4500] 75288ae9-ad3d-4c83-b7cf-4d0b09aea275: cophenetic index 2776; 1.3 s; peak memory 635 MiB.
2026-10-06T19:13:25Z INFO [2103/4500] 7528b5f7-7705-424d-bfdf-854240286003: cophenetic index 2402; 2.9 s; peak memory 635 MiB.
2026-10-06T19:13:27Z INFO [2104/4500] 75290a7c-4e4d-42de-bb0b-4453aacf451a: cophenetic index 581; 1.3 s; peak memory 635 MiB.
2026-10-06T19:13:28Z INFO [2105/4500] 75297e52-728c-4ac2-985e-e6779b4bb393: cophenetic index 33986; 1.6 s; peak memory 635 MiB.
2026-10-06T19:13:29Z INFO [2106/4500] 752b83aa-db35-4d56-9997-9394a30fd16a: cophenetic index 690; 1.0 s; peak memory 635 MiB.
2026-10-06T19:13:32Z INFO [2107/4500] 752ba4fb-eaae-403f-ba45-b2647263ef49: cophenetic index 2402; 2.9 s; peak memory 635 MiB.
2026-10-06T19:13:34Z INFO [2108/4500] 752bee94-31f1-4eb4-ad45-894ca2f6e327: cophenetic index 2496; 1.7 s; peak memory 635 MiB.
2026-10-06T19:13:35Z INFO [2109/4500] 752c5f14-bd94-48bf-9ffb-ca3b1f91c83d: cophenetic index 624; 1.1 s; peak memory 635 MiB.
2026-10-06T19:13:36Z INFO [2110/4500] 752c6aa9-1593-407f-86a6-86634e3a1b10: cophenetic index 1228; 1.2 s; peak memory 635 MiB.
2026-10-06T19:13:37Z INFO [2111/4500] 752cf881-f3a8-4abd-9fba-9952fbf9bb30: cophenetic index 494; 1.1 s; peak memory 635 MiB.
2026-10-06T19:13:38Z INFO [2112/4500] 752d6af4-b3b5-4eb7-b938-af1464ff53f3: cophenetic index 490; 0.8 s; peak memory 635 MiB.
2026-10-06T19:13:39Z INFO [2113/4500] 752db767-a50c-455d-ae55-a6636aef85ae: cophenetic index 3975; 1.3 s; peak memory 635 MiB.
2026-10-06T19:13:41Z INFO [2114/4500] 752e19aa-1937-4f18-a9a5-66f422afeb4a: cophenetic index 3087; 1.7 s; peak memory 635 MiB.
2026-10-06T19:13:44Z INFO [2115/4500] 752f78c7-dcd3-4fe4-8354-789ba412c4a9: cophenetic index 4617; 3.2 s; peak memory 635 MiB.
2026-10-06T19:13:45Z INFO [2116/4500] 7530283a-5f15-4241-a153-333cbac99a3c: cophenetic index 624; 1.2 s; peak memory 635 MiB.
2026-10-06T19:13:47Z INFO [2117/4500] 7531fdc8-9d55-41ef-a7f3-fa753b0e5292: cophenetic index 2974; 1.4 s; peak memory 635 MiB.
2026-10-06T19:13:48Z INFO [2118/4500] 7532c141-56e1-4e02-949a-9223f4a9cb0d: cophenetic index 2119; 1.0 s; peak memory 635 MiB.
2026-10-06T19:13:49Z INFO [2119/4500] 753332f7-d5eb-4b72-82fc-29b648e099e6: cophenetic index 624; 1.2 s; peak memory 635 MiB.
2026-10-06T19:13:52Z INFO [2120/4500] 7533e952-acdb-4b46-8136-33efaf7f079c: cophenetic index 5473; 3.4 s; peak memory 635 MiB.
2026-10-06T19:13:55Z INFO [2121/4500] 7534c0d4-a068-4afb-a879-06befc19f43a: cophenetic index 42542; 2.3 s; peak memory 635 MiB.
2026-10-06T19:13:56Z INFO [2122/4500] 7534d237-0049-4467-a12e-0279332c5f98: cophenetic index 33968; 1.6 s; peak memory 635 MiB.
2026-10-06T19:13:58Z INFO [2123/4500] 75358f9b-cfb0-464b-a2b0-f98180a17cc9: cophenetic index 33968; 1.9 s; peak memory 635 MiB.
2026-10-06T19:14:00Z INFO [2124/4500] 75365233-7520-40bb-a689-030ee9f74d45: cophenetic index 524; 2.0 s; peak memory 635 MiB.
2026-10-06T19:14:01Z INFO [2125/4500] 75373383-3243-45b0-982a-b554ed8b7fca: cophenetic index 3004; 1.3 s; peak memory 635 MiB.
2026-10-06T19:14:03Z INFO [2126/4500] 7537a2e9-aaff-43d8-82a4-679979478ed1: cophenetic index 624; 1.4 s; peak memory 635 MiB.
2026-10-06T19:14:04Z INFO [2127/4500] 75393c5c-c8a3-4d81-8ce3-3179382e5009: cophenetic index 2625; 1.3 s; peak memory 635 MiB.
2026-10-06T19:14:06Z INFO [2128/4500] 7539dafb-8444-4099-8d87-895390938c2d: cophenetic index 1087; 1.7 s; peak memory 635 MiB.
2026-10-06T19:14:07Z INFO [2129/4500] 7539fcf8-c214-4ff2-9466-246e8ae2a8c4: cophenetic index 624; 1.1 s; peak memory 635 MiB.
2026-10-06T19:14:08Z INFO [2130/4500] 753aae72-561b-4cec-a2f2-c383196a1c1b: cophenetic index 1265; 1.2 s; peak memory 635 MiB.
2026-10-06T19:14:10Z INFO [2131/4500] 753acf4d-bf26-44f4-8649-4cce8cc841b0: cophenetic index 1739; 1.5 s; peak memory 635 MiB.
2026-10-06T19:14:13Z INFO [2132/4500] 753af55f-4012-433d-8693-00b6c12413ab: cophenetic index 3767; 3.4 s; peak memory 635 MiB.
2026-10-06T19:14:16Z INFO [2133/4500] 753b6335-ed7f-4107-aca5-89cbb8aaf3e6: cophenetic index 6079; 2.7 s; peak memory 635 MiB.
2026-10-06T19:14:17Z INFO [2134/4500] 753c0f4e-f955-406a-8911-d57edc9e9f00: cophenetic index 448; 1.1 s; peak memory 635 MiB.
2026-10-06T19:14:18Z INFO [2135/4500] 753c362f-b5ae-44a7-908c-ba695091485b: cophenetic index 624; 1.2 s; peak memory 635 MiB.
2026-10-06T19:14:19Z INFO [2136/4500] 753c7821-b654-4221-9421-744d243dd671: cophenetic index 490; 0.9 s; peak memory 635 MiB.
2026-10-06T19:14:21Z INFO [2137/4500] 753d7c9e-360d-42eb-8c09-1fb414a71f1b: cophenetic index 33962; 1.7 s; peak memory 635 MiB.
2026-10-06T19:14:22Z INFO [2138/4500] 753db498-ca8f-49aa-9865-e200eb0a18e1: cophenetic index 624; 1.1 s; peak memory 635 MiB.
2026-10-06T19:14:24Z INFO [2139/4500] 753dbd9f-b510-401c-95f3-4f5921b2d7e8: cophenetic index 33998; 2.4 s; peak memory 635 MiB.
2026-10-06T19:14:26Z INFO [2140/4500] 753dd791-09eb-47fa-a474-df674ef42bc6: cophenetic index 3004; 1.3 s; peak memory 635 MiB.
2026-10-06T19:14:27Z INFO [2141/4500] 753de828-c3c1-4d0b-b092-2c5d231e98a5: cophenetic index 2570; 1.7 s; peak memory 635 MiB.
2026-10-06T19:14:30Z INFO [2142/4500] 753f4c88-a71f-4a7f-afe0-4ec26fe34e88: cophenetic index 33998; 2.3 s; peak memory 635 MiB.
2026-10-06T19:14:31Z INFO [2143/4500] 75400206-55ef-41f8-ae2e-f4a1c8bfa29f: cophenetic index 1949; 1.3 s; peak memory 635 MiB.
2026-10-06T19:14:33Z INFO [2144/4500] 754042de-c264-4d53-8fde-586ff4992177: cophenetic index 33962; 2.0 s; peak memory 635 MiB.
2026-10-06T19:14:34Z INFO [2145/4500] 7541321d-bf88-4ea6-958f-f26ec4fca9e6: cophenetic index 164; 0.8 s; peak memory 635 MiB.
2026-10-06T19:14:36Z INFO [2146/4500] 75419f5c-674c-45d0-9963-e4ea3b2c64f4: cophenetic index 1087; 1.9 s; peak memory 635 MiB.
2026-10-06T19:14:37Z INFO [2147/4500] 75424f55-8425-4de4-bd4a-40b5b6873bda: cophenetic index 2625; 2.0 s; peak memory 635 MiB.
2026-10-06T19:14:39Z INFO [2148/4500] 7543402b-8c53-4c0d-a64f-886b5027788e: cophenetic index 3087; 1.4 s; peak memory 635 MiB.
2026-10-06T19:14:40Z INFO [2149/4500] 754391d4-fd29-47f8-a026-3f82fdfaa99b: cophenetic index 490; 0.8 s; peak memory 635 MiB.
2026-10-06T19:14:41Z INFO [2150/4500] 75439d8b-cca6-48cb-9280-804405aa161d: cophenetic index 1228; 1.1 s; peak memory 635 MiB.
2026-10-06T19:14:41Z INFO [2150/4500] 75439d8b-cca6-48cb-9280-804405aa161d: checkpointed 103247 records.
2026-10-06T19:14:42Z INFO [2151/4500] 7543c9a3-537c-4d10-beed-c4e6a013c180: cophenetic index 539; 1.3 s; peak memory 635 MiB.
2026-10-06T19:14:44Z INFO [2152/4500] 754534a5-553d-4793-8fb7-5c2e273d1e22: cophenetic index 1058; 1.2 s; peak memory 635 MiB.
2026-10-06T19:14:45Z INFO [2153/4500] 7545d0ab-e118-48d7-a85e-a95d0f21da98: cophenetic index 624; 1.4 s; peak memory 635 MiB.
2026-10-06T19:14:47Z INFO [2154/4500] 75461cbe-9f8a-463b-99a0-5173f8381b93: cophenetic index 2570; 1.6 s; peak memory 635 MiB.
2026-10-06T19:14:48Z INFO [2155/4500] 754627c9-3e55-4377-9acf-97328ef85789: cophenetic index 624; 1.3 s; peak memory 635 MiB.
2026-10-06T19:14:52Z INFO [2156/4500] 7547b7ae-26e7-4616-a77c-69be0e06e0e1: cophenetic index 30248; 4.7 s; peak memory 635 MiB.
2026-10-06T19:14:54Z INFO [2157/4500] 754a296e-02e0-4879-bac2-8ee5594b560e: cophenetic index 2974; 1.5 s; peak memory 635 MiB.
2026-10-06T19:14:55Z INFO [2158/4500] 754c9447-8ebc-473e-a98f-9779ab004cfc: cophenetic index 649; 1.1 s; peak memory 635 MiB.
2026-10-06T19:14:57Z INFO [2159/4500] 754ceaba-d32d-4e30-b7d9-6fed938f3e06: cophenetic index 33986; 1.9 s; peak memory 635 MiB.
2026-10-06T19:15:08Z INFO [2160/4500] 754d2e7e-4269-4e48-8dae-e17a50076743: cophenetic index 46939; 11.2 s; peak memory 635 MiB.
2026-10-06T19:15:09Z INFO [2161/4500] 754e1c73-d17a-4709-8d92-bd8e45479097: cophenetic index 579; 0.9 s; peak memory 635 MiB.
2026-10-06T19:15:11Z INFO [2162/4500] 754e372c-9155-4550-9513-9057a5c10eca: cophenetic index 2625; 1.9 s; peak memory 635 MiB.
2026-10-06T19:15:21Z INFO [2163/4500] 754ee856-c84b-4a82-95ad-839e7fcdaefd: cophenetic index 191940; 9.8 s; peak memory 635 MiB.
2026-10-06T19:15:40Z INFO [2164/4500] 754feac4-9cd6-443a-9e53-8499eef7c135: cophenetic index 29936; 19.1 s; peak memory 635 MiB.
2026-10-06T19:15:41Z INFO [2165/4500] 75518530-aaed-4170-bb34-1b5bf1d9c7e9: cophenetic index 624; 1.3 s; peak memory 635 MiB.
2026-10-06T19:15:43Z INFO [2166/4500] 7551f921-815b-4fd0-9669-634113a3bb56: cophenetic index 34395; 1.6 s; peak memory 635 MiB.
2026-10-06T19:15:52Z INFO [2167/4500] 75525096-e9cb-4385-86d9-a69afd581d05: cophenetic index 94548; 9.2 s; peak memory 635 MiB.
2026-10-06T19:16:02Z INFO [2168/4500] 75546b79-b17f-4339-a3aa-7585c9705e70: cophenetic index 119965; 10.4 s; peak memory 635 MiB.
2026-10-06T19:16:04Z INFO [2169/4500] 7554d8c0-50ce-44c6-9a67-a8f4c8230e18: cophenetic index 1949; 1.5 s; peak memory 635 MiB.
2026-10-06T19:16:07Z INFO [2170/4500] 75557e7d-5cf4-4872-a599-c516994b6d33: cophenetic index 2682; 3.1 s; peak memory 635 MiB.
2026-10-06T19:16:08Z INFO [2171/4500] 7555f4b6-7713-44f4-af58-ce4e3bf7dd9c: cophenetic index 624; 1.2 s; peak memory 635 MiB.
2026-10-06T19:16:10Z INFO [2172/4500] 7555f584-f5e2-4b40-8609-991f99623b6f: cophenetic index 2053; 2.2 s; peak memory 635 MiB.
2026-10-06T19:16:16Z INFO [2173/4500] 755612ff-d1a7-44cc-b4ec-746bcc129009: cophenetic index 43105; 5.3 s; peak memory 635 MiB.
2026-10-06T19:16:17Z INFO [2174/4500] 7556694e-2f7c-4fd0-84e9-468e62e34c7f: cophenetic index 33986; 1.5 s; peak memory 635 MiB.
2026-10-06T19:16:18Z INFO [2175/4500] 7556d897-28dd-42d5-8f19-3403f947ccc6: cophenetic index 490; 1.2 s; peak memory 635 MiB.
2026-10-06T19:16:20Z INFO [2176/4500] 7556ec1f-fc0b-4771-82c2-486583b19b28: cophenetic index 624; 1.2 s; peak memory 635 MiB.
2026-10-06T19:16:21Z INFO [2177/4500] 75575843-a32c-4cb0-9472-6b95815ce892: cophenetic index 33986; 1.8 s; peak memory 635 MiB.
2026-10-06T19:16:23Z INFO [2178/4500] 75580553-63a8-4ff8-85bb-6aee2be4c7a4: cophenetic index 1614; 1.4 s; peak memory 635 MiB.
2026-10-06T19:16:24Z INFO [2179/4500] 75581f8d-5a4b-4de4-9231-6ff18b46a46f: cophenetic index 1087; 1.6 s; peak memory 635 MiB.
2026-10-06T19:16:26Z INFO [2180/4500] 7558c01e-9916-4b29-92bb-fe3eef79cfca: cophenetic index 624; 1.1 s; peak memory 635 MiB.
2026-10-06T19:16:27Z INFO [2181/4500] 7559265d-ba9a-4602-97f0-ea2bbb68803a: cophenetic index 624; 1.1 s; peak memory 635 MiB.
2026-10-06T19:16:28Z INFO [2182/4500] 755a6973-ceae-4d4d-a0b8-3e13276f3653: cophenetic index 2625; 1.6 s; peak memory 635 MiB.
2026-10-06T19:16:30Z INFO [2183/4500] 755b8daa-42dc-4ffe-b20f-bd9aade50b58: cophenetic index 2496; 1.6 s; peak memory 635 MiB.
2026-10-06T19:16:53Z INFO [2184/4500] 755bc401-dfbe-471f-affd-fabd2f8b9cf8: cophenetic index 37660; 22.6 s; peak memory 635 MiB.
2026-10-06T19:16:59Z INFO [2185/4500] 755c7b0b-aac8-4e0d-9ca6-6e1950b58d77: cophenetic index 87573; 6.9 s; peak memory 635 MiB.
2026-10-06T19:17:01Z INFO [2186/4500] 755cb00b-9b37-49ae-931a-579c0f53b12f: cophenetic index 590; 1.2 s; peak memory 635 MiB.
2026-10-06T19:17:02Z INFO [2187/4500] 755d1828-cbe6-481f-9350-7bfe81e4a641: cophenetic index 624; 1.2 s; peak memory 635 MiB.
2026-10-06T19:17:03Z INFO [2188/4500] 755d73a5-a347-4c8a-b2ab-6379abc5f451: cophenetic index 624; 1.1 s; peak memory 635 MiB.
2026-10-06T19:17:04Z INFO [2189/4500] 755dd88d-cf3c-4626-a02e-03464a01af63: cophenetic index 952; 1.1 s; peak memory 635 MiB.
2026-10-06T19:17:06Z INFO [2190/4500] 755e7432-a600-4b7b-a965-674704eec571: cophenetic index 3004; 1.4 s; peak memory 635 MiB.
2026-10-06T19:17:09Z INFO [2191/4500] 755f4f69-55c2-4e8b-b824-6231d1a37e71: cophenetic index 2609; 3.5 s; peak memory 635 MiB.
2026-10-06T19:17:10Z INFO [2192/4500] 755fe5a7-fe74-4fe1-8874-6b2ed6e56d75: cophenetic index 651; 0.8 s; peak memory 635 MiB.
2026-10-06T19:17:11Z INFO [2193/4500] 7560037c-e90a-4947-a3d6-a3b45ec6f7c8: cophenetic index 624; 1.2 s; peak memory 635 MiB.
2026-10-06T19:17:16Z INFO [2194/4500] 756042a4-0dbd-4d86-853e-e661cfa1d343: cophenetic index 20655; 4.5 s; peak memory 635 MiB.
2026-10-06T19:17:17Z INFO [2195/4500] 7560aa63-f530-4780-95dc-a9bcb9dc47d8: cophenetic index 624; 1.1 s; peak memory 635 MiB.
2026-10-06T19:17:28Z INFO [2196/4500] 7560bfe3-7206-4bd6-852c-4052886815f2: cophenetic index 144595; 11.6 s; peak memory 635 MiB.
2026-10-06T19:17:30Z INFO [2197/4500] 756176e7-c36e-4f78-b419-40a140ca2235: cophenetic index 2625; 2.1 s; peak memory 635 MiB.
2026-10-06T19:17:31Z INFO [2198/4500] 7561955a-6cbc-469c-ac52-df4cd0337729: cophenetic index 624; 1.0 s; peak memory 635 MiB.
2026-10-06T19:17:35Z INFO [2199/4500] 75619a5a-1ac7-4096-8905-35203c4f5e54: cophenetic index 2391; 3.3 s; peak memory 635 MiB.
2026-10-06T19:17:36Z INFO [2200/4500] 7561f260-4b74-40e0-af80-8e4139000e32: cophenetic index 490; 0.9 s; peak memory 635 MiB.
2026-10-06T19:17:36Z INFO [2200/4500] 7561f260-4b74-40e0-af80-8e4139000e32: checkpointed 103297 records.
2026-10-06T19:17:37Z INFO [2201/4500] 756216ee-39ac-4a7b-bca5-c8a40f2bfa6b: cophenetic index 879; 1.4 s; peak memory 635 MiB.
2026-10-06T19:17:38Z INFO [2202/4500] 75624119-4805-4d57-a3bc-ac142c9b4f97: cophenetic index 431; 1.2 s; peak memory 635 MiB.
2026-10-06T19:17:46Z INFO [2203/4500] 7562c7f9-5774-4b23-89e0-50b3a6e18f4e: cophenetic index 102625; 8.0 s; peak memory 635 MiB.
2026-10-06T19:17:49Z INFO [2204/4500] 7562cadc-df01-4ebc-a0cb-79e20bafb1a5: cophenetic index 2682; 2.4 s; peak memory 635 MiB.
2026-10-06T19:17:50Z INFO [2205/4500] 75647e79-9665-4087-8a67-7574c6b5815e: cophenetic index 2625; 1.7 s; peak memory 635 MiB.
2026-10-06T19:17:58Z INFO [2206/4500] 7564db1f-86bb-4771-9708-fba93e78b45a: cophenetic index 47538; 7.9 s; peak memory 635 MiB.
2026-10-06T19:18:00Z INFO [2207/4500] 7565d3fe-000f-4337-a322-526a1d2b177f: cophenetic index 2625; 1.8 s; peak memory 635 MiB.
2026-10-06T19:18:02Z INFO [2208/4500] 75669bcd-a65c-4fde-a69f-2044f434e9d1: cophenetic index 33986; 2.0 s; peak memory 635 MiB.
2026-10-06T19:18:04Z INFO [2209/4500] 7566b257-5960-4c10-978e-b3d9f3d64723: cophenetic index 2625; 1.9 s; peak memory 635 MiB.
2026-10-06T19:18:12Z INFO [2210/4500] 7567e0c4-416a-4085-a6f2-1a2a85778774: cophenetic index 97489; 8.5 s; peak memory 635 MiB.
2026-10-06T19:18:14Z INFO [2211/4500] 7567fc00-ace4-4071-8b2a-371b7cb5fb78: cophenetic index 33968; 1.5 s; peak memory 635 MiB.
2026-10-06T19:18:15Z INFO [2212/4500] 75693058-77a6-42ef-869b-82a3fcdd786b: cophenetic index 651; 0.9 s; peak memory 635 MiB.
2026-10-06T19:18:24Z INFO [2213/4500] 75695f96-1ede-44e6-9d81-7998719e12ab: cophenetic index 14478; 9.0 s; peak memory 635 MiB.
2026-10-06T19:18:25Z INFO [2214/4500] 7569efcb-2b0d-4719-ba3b-f7c61ae81a89: cophenetic index 579; 0.8 s; peak memory 635 MiB.
2026-10-06T19:18:31Z INFO [2215/4500] 756a087f-694e-49eb-a78a-21cafa4d7589: cophenetic index 47350; 6.6 s; peak memory 635 MiB.
2026-10-06T19:18:33Z INFO [2216/4500] 756a6adb-7b8c-466c-a653-8d33a1201dcd: cophenetic index 1087; 1.6 s; peak memory 635 MiB.
2026-10-06T19:18:34Z INFO [2217/4500] 756ab622-cc38-4090-b24a-48facc2ba86d: cophenetic index 3192; 1.4 s; peak memory 635 MiB.
2026-10-06T19:18:39Z INFO [2218/4500] 756b7f66-a61a-45cb-8658-60553a128782: cophenetic index 1612; 5.1 s; peak memory 635 MiB.
2026-10-06T19:18:41Z INFO [2219/4500] 756bd670-383b-43fe-873f-7128f53911e7: cophenetic index 2625; 1.8 s; peak memory 635 MiB.
2026-10-06T19:18:42Z INFO [2220/4500] 756c3a5a-86d9-408d-abf1-73c7ebf39f6a: cophenetic index 624; 1.2 s; peak memory 635 MiB.
2026-10-06T19:18:44Z INFO [2221/4500] 756cb480-4279-4c1a-811c-b64d737c6868: cophenetic index 624; 1.1 s; peak memory 635 MiB.
2026-10-06T19:19:05Z INFO [2222/4500] 756d15ff-7797-46b0-bd19-377fe1f56cef: cophenetic index 165642; 20.9 s; peak memory 635 MiB.
2026-10-06T19:19:06Z INFO [2223/4500] 756d53b1-a40e-4360-a718-c42464a86621: cophenetic index 624; 1.3 s; peak memory 635 MiB.
2026-10-06T19:19:07Z INFO [2224/4500] 756da060-c4d6-4d99-a6a0-5fae39debfea: cophenetic index 624; 1.2 s; peak memory 635 MiB.
2026-10-06T19:19:09Z INFO [2225/4500] 756f8db6-62c9-4b4f-a43d-875991582f5b: cophenetic index 1380; 1.7 s; peak memory 635 MiB.
2026-10-06T19:19:10Z INFO [2226/4500] 756ffc77-0d86-4550-9a67-fee05c197014: cophenetic index 2625; 1.6 s; peak memory 635 MiB.
2026-10-06T19:19:11Z INFO [2227/4500] 75710bc5-310d-4434-a0c8-3f42d357556f: cophenetic index 624; 1.2 s; peak memory 635 MiB.
2026-10-06T19:19:13Z INFO [2228/4500] 7571583c-06e0-4ca6-a800-6d041727f685: cophenetic index 949; 1.9 s; peak memory 635 MiB.
2026-10-06T19:19:15Z INFO [2229/4500] 757260ad-3862-4c84-8150-45f287294b8a: cophenetic index 2625; 1.3 s; peak memory 635 MiB.
2026-10-06T19:19:16Z INFO [2230/4500] 75727987-5c38-434c-816d-b1904c97e297: cophenetic index 766; 1.6 s; peak memory 635 MiB.
2026-10-06T19:19:18Z INFO [2231/4500] 75748cb5-238b-493f-937e-b165509d604b: cophenetic index 793; 2.0 s; peak memory 635 MiB.
2026-10-06T19:19:26Z INFO [2232/4500] 75749cd6-d2f0-4081-bb3d-ef7a5d53f2c7: cophenetic index 89312; 7.9 s; peak memory 635 MiB.
2026-10-06T19:19:27Z INFO [2233/4500] 7575280b-e8bc-48db-8e21-7523696ec222: cophenetic index 490; 0.9 s; peak memory 635 MiB.
2026-10-06T19:19:38Z INFO [2234/4500] 75754e31-d994-4280-ace6-7033a54a7721: cophenetic index 15729; 10.7 s; peak memory 635 MiB.
2026-10-06T19:19:41Z INFO [2235/4500] 7578d5fc-3f41-4fce-a615-a78374b87690: cophenetic index 1498; 2.7 s; peak memory 635 MiB.
2026-10-06T19:19:41Z INFO [2236/4500] 7579886b-76a2-4814-989b-65e60172ae9f: cophenetic index 479; 1.0 s; peak memory 635 MiB.
2026-10-06T19:19:44Z INFO [2237/4500] 757a49f5-b5fc-4b38-b7b5-20f00ee78d2c: cophenetic index 99120; 2.2 s; peak memory 635 MiB.
2026-10-06T19:19:47Z INFO [2238/4500] 757aa55f-920d-4901-9452-d158ed6e32d3: cophenetic index 2236; 3.7 s; peak memory 635 MiB.
2026-10-06T19:19:49Z INFO [2239/4500] 757aad90-03ba-4763-b570-dde96f49b278: cophenetic index 581; 1.2 s; peak memory 635 MiB.
2026-10-06T19:19:51Z INFO [2240/4500] 757af657-15c4-4f7b-9b85-20b2b09eeefc: cophenetic index 99150; 2.3 s; peak memory 635 MiB.
2026-10-06T19:19:52Z INFO [2241/4500] 757af8ce-3c75-42d0-b7ac-8de4d23dec47: cophenetic index 3004; 1.5 s; peak memory 635 MiB.
2026-10-06T19:20:04Z INFO [2242/4500] 757b510a-99a5-4e02-b737-3a9b66b98fbf: cophenetic index 500057; 11.7 s; peak memory 635 MiB.
2026-10-06T19:20:05Z INFO [2243/4500] 757b8795-8641-4532-8f57-ca0fd76d0894: cophenetic index 725; 1.3 s; peak memory 635 MiB.
2026-10-06T19:20:07Z INFO [2244/4500] 757c23e4-087d-4649-b02e-8c43f57bb0aa: cophenetic index 2056; 2.0 s; peak memory 635 MiB.
2026-10-06T19:20:09Z INFO [2245/4500] 757cc0f9-b2c6-4fbc-8a9d-0492b01f94d6: cophenetic index 3004; 1.3 s; peak memory 635 MiB.
2026-10-06T19:20:16Z INFO [2246/4500] 757cc440-03fa-4a10-96e2-c3922f9a0757: cophenetic index 50310; 7.2 s; peak memory 635 MiB.
2026-10-06T19:20:17Z INFO [2247/4500] 757d21bc-af68-4654-833c-781bedc676f0: cophenetic index 3192; 1.4 s; peak memory 635 MiB.
2026-10-06T19:20:19Z INFO [2248/4500] 757d3a34-65b6-4021-9d3d-dc58997c3785: cophenetic index 2625; 2.1 s; peak memory 635 MiB.
2026-10-06T19:20:21Z INFO [2249/4500] 757da284-4663-42c3-8f60-5e28bdbf9e99: cophenetic index 33962; 1.8 s; peak memory 635 MiB.
2026-10-06T19:20:22Z INFO [2250/4500] 757e305e-9494-4e85-b90d-5b07d1b16ddb: cophenetic index 649; 1.2 s; peak memory 635 MiB.
2026-10-06T19:20:22Z INFO [2250/4500] 757e305e-9494-4e85-b90d-5b07d1b16ddb: checkpointed 103347 records.
2026-10-06T19:20:24Z INFO [2251/4500] 757e4216-ed03-4552-8bf0-e8347293567a: cophenetic index 624; 1.1 s; peak memory 635 MiB.
2026-10-06T19:20:25Z INFO [2252/4500] 757e7098-5aea-49fc-9946-1e92c4455686: cophenetic index 2625; 1.8 s; peak memory 635 MiB.
2026-10-06T19:20:27Z INFO [2253/4500] 757e9221-78ad-4798-8568-c8bce537595d: cophenetic index 2625; 1.4 s; peak memory 635 MiB.
2026-10-06T19:20:28Z INFO [2254/4500] 757f9eae-6c30-430a-b0ed-30b8208a949c: cophenetic index 2923; 1.4 s; peak memory 635 MiB.
2026-10-06T19:20:30Z INFO [2255/4500] 757fa087-767e-48a8-9286-4f2944810786: cophenetic index 766; 1.7 s; peak memory 635 MiB.
2026-10-06T19:20:31Z INFO [2256/4500] 75801632-48f8-4522-ab84-53723747d424: cophenetic index 2974; 1.4 s; peak memory 635 MiB.
2026-10-06T19:20:32Z INFO [2257/4500] 758208ae-0ceb-4ba8-93e7-5b9f4e7c4ce7: cophenetic index 624; 1.3 s; peak memory 635 MiB.
2026-10-06T19:20:33Z INFO [2258/4500] 75838229-6898-4deb-9e63-cf88f9170d73: cophenetic index 579; 0.9 s; peak memory 635 MiB.
2026-10-06T19:20:34Z INFO [2259/4500] 7585f6f0-4fc8-466c-89b6-eb82779d7e2d: cophenetic index 624; 1.1 s; peak memory 635 MiB.
2026-10-06T19:20:36Z INFO [2260/4500] 7586829e-55dd-4113-b9e3-83aa07b62e08: cophenetic index 3004; 1.3 s; peak memory 635 MiB.
2026-10-06T19:20:38Z INFO [2261/4500] 7586f17e-c588-46be-8244-10e21faf3a4a: cophenetic index 2625; 1.8 s; peak memory 635 MiB.
2026-10-06T19:20:45Z INFO [2262/4500] 7587577c-c208-438d-9246-8e12c720a91b: cophenetic index 10045; 6.9 s; peak memory 635 MiB.
2026-10-06T19:20:46Z INFO [2263/4500] 758778ff-6b97-4830-bf7d-b0371296db5d: cophenetic index 560; 1.2 s; peak memory 635 MiB.
2026-10-06T19:20:52Z INFO [2264/4500] 7587a39a-c747-4619-8d0b-ba2631d28e73: cophenetic index 6800; 6.7 s; peak memory 635 MiB.
2026-10-06T19:20:54Z INFO [2265/4500] 7588538d-25c8-4922-a86c-a52939baf5ec: cophenetic index 1087; 1.6 s; peak memory 635 MiB.
2026-10-06T19:20:56Z INFO [2266/4500] 7588843d-591a-46ac-ab95-2742f383d531: cophenetic index 3087; 1.6 s; peak memory 635 MiB.
2026-10-06T19:20:58Z INFO [2267/4500] 7589f34f-f42e-4316-90b7-eb33bd830df8: cophenetic index 33998; 2.9 s; peak memory 635 MiB.
2026-10-06T19:21:01Z INFO [2268/4500] 758a0417-de63-47f5-98a9-e13c547bede6: cophenetic index 809; 2.6 s; peak memory 635 MiB.
2026-10-06T19:21:03Z INFO [2269/4500] 758a70b2-88cc-4b67-b529-1bc89558b47f: cophenetic index 2625; 1.7 s; peak memory 635 MiB.
2026-10-06T19:21:04Z INFO [2270/4500] 758a70fc-e7bd-47ec-9b0f-3226d9118ef8: cophenetic index 624; 1.1 s; peak memory 635 MiB.
2026-10-06T19:21:16Z INFO [2271/4500] 758ac6da-ead8-46ff-bf64-16514aee9329: cophenetic index 223642; 12.1 s; peak memory 635 MiB.
2026-10-06T19:21:17Z INFO [2272/4500] 758aefac-67ba-40b2-8d24-2fdf7c4d5194: cophenetic index 739; 0.9 s; peak memory 635 MiB.
2026-10-06T19:21:18Z INFO [2273/4500] 758bbdee-faa9-4da9-9a0f-fe6b60b5ee6b: cophenetic index 624; 1.2 s; peak memory 635 MiB.
2026-10-06T19:21:20Z INFO [2274/4500] 758d3e21-97ec-4d02-80ff-a7bae0342633: cophenetic index 788; 1.7 s; peak memory 635 MiB.
2026-10-06T19:21:21Z INFO [2275/4500] 758dfd82-2925-476d-85b0-9da095ee60bc: cophenetic index 581; 1.2 s; peak memory 635 MiB.
2026-10-06T19:21:22Z INFO [2276/4500] 758e1b6e-4caf-443a-aba5-6adad819a069: cophenetic index 3087; 1.3 s; peak memory 635 MiB.
2026-10-06T19:21:23Z INFO [2277/4500] 75914f0b-c06f-467b-8c0b-bef76bc454b5: cophenetic index 624; 1.2 s; peak memory 635 MiB.
2026-10-06T19:21:26Z INFO [2278/4500] 7591a791-4dcc-4e2b-81f5-42a81d36380c: cophenetic index 2391; 3.1 s; peak memory 635 MiB.
2026-10-06T19:21:28Z INFO [2279/4500] 7591b845-237d-43f5-a32e-fbd55aa7439f: cophenetic index 624; 1.2 s; peak memory 635 MiB.
2026-10-06T19:21:29Z INFO [2280/4500] 7592bad2-dcb4-48ec-bb8a-76ac16469d8b: cophenetic index 624; 1.2 s; peak memory 635 MiB.
2026-10-06T19:21:31Z INFO [2281/4500] 7592e550-a86e-4baf-a405-afd6b5122676: cophenetic index 23224; 1.8 s; peak memory 635 MiB.
2026-10-06T19:21:33Z INFO [2282/4500] 759353bc-687d-474b-9694-52684d46d83a: cophenetic index 2402; 2.7 s; peak memory 635 MiB.
2026-10-06T19:21:35Z INFO [2283/4500] 759358b5-ba8b-4f91-abca-a7bb8ab627a3: cophenetic index 2625; 1.6 s; peak memory 635 MiB.
2026-10-06T19:21:38Z INFO [2284/4500] 7593ba94-7958-44f4-a31f-6f1152da9687: cophenetic index 5473; 3.5 s; peak memory 635 MiB.
2026-10-06T19:21:40Z INFO [2285/4500] 7593e69c-ee85-48b6-8121-e720f0fc2522: cophenetic index 431; 1.6 s; peak memory 635 MiB.
2026-10-06T19:21:41Z INFO [2286/4500] 7594e4df-a8c4-447a-a357-915d9155921b: cophenetic index 3972; 1.4 s; peak memory 635 MiB.
2026-10-06T19:21:43Z INFO [2287/4500] 7595059a-5f7e-46da-92c2-35b373afc251: cophenetic index 2625; 1.4 s; peak memory 635 MiB.
2026-10-06T19:21:44Z INFO [2288/4500] 75950f26-eca3-41e5-b63c-a16a72ff1acb: cophenetic index 3087; 1.4 s; peak memory 635 MiB.
2026-10-06T19:21:50Z INFO [2289/4500] 7596436d-decb-4ce0-83d8-f0c3c00a570b: cophenetic index 9548; 5.5 s; peak memory 635 MiB.
2026-10-06T19:21:51Z INFO [2290/4500] 759734cc-9023-4566-bd6d-c09d45c0065f: cophenetic index 1006; 1.6 s; peak memory 635 MiB.
2026-10-06T19:21:52Z INFO [2291/4500] 75977d88-8d7b-451d-bc8e-c0e052771a44: cophenetic index 490; 0.8 s; peak memory 635 MiB.
2026-10-06T19:21:53Z INFO [2292/4500] 7598761c-3b88-4be4-afe0-bb94314653ba: cophenetic index 624; 1.2 s; peak memory 635 MiB.
2026-10-06T19:21:55Z INFO [2293/4500] 7598ad69-f025-4852-bb06-b82701566a4c: cophenetic index 2625; 1.6 s; peak memory 635 MiB.
2026-10-06T19:21:56Z INFO [2294/4500] 7598d150-638b-4ac9-8d3c-5dda1792b863: cophenetic index 605; 1.5 s; peak memory 635 MiB.
2026-10-06T19:21:58Z INFO [2295/4500] 75999294-6539-4ee4-aca5-3a0a6029b835: cophenetic index 3004; 1.2 s; peak memory 635 MiB.
2026-10-06T19:21:59Z INFO [2296/4500] 7599b8fc-48d3-4a6b-9a47-1c0767c9318a: cophenetic index 626; 1.3 s; peak memory 635 MiB.
2026-10-06T19:22:00Z INFO [2297/4500] 759a15c8-e69f-49cb-a955-6023260c2d8f: cophenetic index 624; 1.3 s; peak memory 635 MiB.
2026-10-06T19:22:02Z INFO [2298/4500] 759a91ad-4bc7-41e8-8f8d-cb95ee480eb7: cophenetic index 649; 1.3 s; peak memory 635 MiB.
2026-10-06T19:22:03Z INFO [2299/4500] 759be5d9-3cb2-4f5a-8357-824775e7d35a: cophenetic index 431; 1.3 s; peak memory 635 MiB.
2026-10-06T19:22:04Z INFO [2300/4500] 759ce9da-a257-4514-8fad-0e6580ff9590: cophenetic index 687; 1.3 s; peak memory 635 MiB.
2026-10-06T19:22:04Z INFO [2300/4500] 759ce9da-a257-4514-8fad-0e6580ff9590: checkpointed 103397 records.
2026-10-06T19:22:06Z INFO [2301/4500] 759d1159-5ec8-4aed-baea-c06f61ab4c02: cophenetic index 624; 1.3 s; peak memory 635 MiB.
2026-10-06T19:22:07Z INFO [2302/4500] 759d7178-014d-4f1d-aa27-2cbb502a5598: cophenetic index 560; 1.0 s; peak memory 635 MiB.
2026-10-06T19:22:08Z INFO [2303/4500] 759e1069-445f-4c52-ad07-2ff9ae6d7bee: cophenetic index 3087; 1.5 s; peak memory 635 MiB.
2026-10-06T19:22:09Z INFO [2304/4500] 759f0c7f-177e-4393-b9b0-f8431cce2919: cophenetic index 490; 1.0 s; peak memory 635 MiB.
2026-10-06T19:22:11Z INFO [2305/4500] 759f67d8-f020-459a-a5fb-c739462bb490: cophenetic index 33962; 1.7 s; peak memory 635 MiB.
2026-10-06T19:22:12Z INFO [2306/4500] 759f822e-d54b-4e4a-8836-44d04c0a347f: cophenetic index 494; 1.0 s; peak memory 635 MiB.
2026-10-06T19:22:13Z INFO [2307/4500] 759ffc57-96f3-49dd-800a-863d4f5132aa: cophenetic index 2570; 1.5 s; peak memory 635 MiB.
2026-10-06T19:22:16Z INFO [2308/4500] 75a0049f-662c-4a50-b54e-334a9880d995: cophenetic index 777; 2.8 s; peak memory 635 MiB.
2026-10-06T19:22:18Z INFO [2309/4500] 75a0e8a3-5907-4e76-ab49-8b0779811d91: cophenetic index 23206; 1.8 s; peak memory 635 MiB.
2026-10-06T19:22:20Z INFO [2310/4500] 75a13888-2fdf-4e6b-8c3c-751e60d3876d: cophenetic index 1288; 1.7 s; peak memory 635 MiB.
2026-10-06T19:22:21Z INFO [2311/4500] 75a14b2b-05f2-4bb1-abcb-e2af85579af2: cophenetic index 858; 1.3 s; peak memory 635 MiB.
2026-10-06T19:22:24Z INFO [2312/4500] 75a16183-d0b8-4c95-bd04-b817deb150cd: cophenetic index 2241; 3.5 s; peak memory 635 MiB.
2026-10-06T19:22:26Z INFO [2313/4500] 75a1ee84-13f8-49c9-aa9b-2d89099a380d: cophenetic index 624; 1.2 s; peak memory 635 MiB.
2026-10-06T19:22:27Z INFO [2314/4500] 75a2ff95-b1aa-4678-90fb-d1dd488b3f96: cophenetic index 33986; 1.8 s; peak memory 635 MiB.
2026-10-06T19:22:29Z INFO [2315/4500] 75a356ee-6a20-4713-8381-c9a1244572a1: cophenetic index 33968; 1.5 s; peak memory 635 MiB.
2026-10-06T19:22:30Z INFO [2316/4500] 75a36f81-ccae-4356-8c2f-56ef40c37476: cophenetic index 646; 1.2 s; peak memory 635 MiB.
2026-10-06T19:22:31Z INFO [2317/4500] 75a42c69-84b2-4b52-be9a-f0f1e5c738bb: cophenetic index 164; 0.9 s; peak memory 635 MiB.
2026-10-06T19:22:33Z INFO [2318/4500] 75a5fd7d-85f0-494e-8d68-951de24ec550: cophenetic index 2625; 1.7 s; peak memory 635 MiB.
2026-10-06T19:22:34Z INFO [2319/4500] 75a6629c-6128-4509-983a-2a56af25e7fc: cophenetic index 729; 0.9 s; peak memory 635 MiB.
2026-10-06T19:22:35Z INFO [2320/4500] 75a740a8-f4be-4ad5-bc84-b81bd5720adb: cophenetic index 2724; 1.5 s; peak memory 635 MiB.
2026-10-06T19:22:42Z INFO [2321/4500] 75aa2ac1-77d2-4d09-887a-cfe5dd43edb8: cophenetic index 71454; 6.9 s; peak memory 635 MiB.
2026-10-06T19:22:43Z INFO [2322/4500] 75aa2b66-6aa4-4b45-bde2-5666eb761214: cophenetic index 579; 0.9 s; peak memory 635 MiB.
2026-10-06T19:22:47Z INFO [2323/4500] 75aa553f-62e4-4191-af99-6c1be7eb46e6: cophenetic index 5473; 3.6 s; peak memory 635 MiB.
2026-10-06T19:22:50Z INFO [2324/4500] 75aaa4d4-7861-4fa6-a088-e7271b784b60: cophenetic index 2402; 3.2 s; peak memory 635 MiB.
2026-10-06T19:22:52Z INFO [2325/4500] 75ab555b-2a7c-4445-8e2b-003defa376d0: cophenetic index 99120; 2.1 s; peak memory 635 MiB.
2026-10-06T19:22:53Z INFO [2326/4500] 75af2b26-e0c4-4cee-9796-a3a36ae099bb: cophenetic index 3087; 1.3 s; peak memory 635 MiB.
2026-10-06T19:22:55Z INFO [2327/4500] 75af4386-71d3-47b6-b4aa-5caf5813afd3: cophenetic index 3087; 1.5 s; peak memory 635 MiB.
2026-10-06T19:22:56Z INFO [2328/4500] 75b06fea-1488-4215-b6ee-e30ae6db2cca: cophenetic index 581; 1.2 s; peak memory 635 MiB.
2026-10-06T19:22:57Z INFO [2329/4500] 75b13674-f13e-4b0b-b7e5-33cf0ffcc5ab: cophenetic index 2625; 1.7 s; peak memory 635 MiB.
2026-10-06T19:22:59Z INFO [2330/4500] 75b175df-8868-49a0-b672-c847778150ae: cophenetic index 3004; 1.4 s; peak memory 635 MiB.
2026-10-06T19:23:00Z INFO [2331/4500] 75b1ebbd-1d29-4ae6-81e2-450725fdb956: cophenetic index 494; 1.0 s; peak memory 635 MiB.
2026-10-06T19:23:01Z INFO [2332/4500] 75b23f91-4f94-47d4-bbfb-6562b0688951: cophenetic index 624; 1.2 s; peak memory 635 MiB.
2026-10-06T19:23:02Z INFO [2333/4500] 75b373cb-0b49-445a-84fd-6f570c26891b: cophenetic index 624; 1.1 s; peak memory 635 MiB.
2026-10-06T19:23:04Z INFO [2334/4500] 75b451fb-a3c9-4025-80d2-9fbf6ee14bb0: cophenetic index 2132; 1.9 s; peak memory 635 MiB.
2026-10-06T19:23:09Z INFO [2335/4500] 75b52ace-cea5-4f8f-97b5-3b7f32f94523: cophenetic index 6791; 4.6 s; peak memory 635 MiB.
2026-10-06T19:23:12Z INFO [2336/4500] 75b5d8d7-54a2-4c73-9e90-a9f70f878bd4: cophenetic index 5473; 3.5 s; peak memory 635 MiB.
2026-10-06T19:23:13Z INFO [2337/4500] 75b74928-5867-4edb-8f13-21fb007078e7: cophenetic index 762; 0.9 s; peak memory 635 MiB.
2026-10-06T19:23:14Z INFO [2338/4500] 75b82ec1-69d8-4d66-b099-358e9685d491: cophenetic index 3004; 1.4 s; peak memory 635 MiB.
2026-10-06T19:23:15Z INFO [2339/4500] 75b85c73-fba9-4993-82c5-aeeae3eddf0e: cophenetic index 624; 1.0 s; peak memory 635 MiB.
2026-10-06T19:23:17Z INFO [2340/4500] 75b8a918-f6ff-425d-9629-b87d0bc24444: cophenetic index 624; 1.1 s; peak memory 635 MiB.
2026-10-06T19:23:18Z INFO [2341/4500] 75b95207-48d2-4408-9222-83cd6a5436ae: cophenetic index 23510; 1.5 s; peak memory 635 MiB.
2026-10-06T19:23:32Z INFO [2342/4500] 75b9b0ea-e8fd-4903-8c62-4a1bc509ce87: cophenetic index 361374; 13.6 s; peak memory 635 MiB.
2026-10-06T19:23:33Z INFO [2343/4500] 75bab9fe-66f0-4d65-94b5-c5896724c407: cophenetic index 624; 1.1 s; peak memory 635 MiB.
2026-10-06T19:23:53Z INFO [2344/4500] 75bb80f8-a37b-4658-a6c6-35946c86b6e9: cophenetic index 69877; 20.1 s; peak memory 635 MiB.
2026-10-06T19:23:54Z INFO [2345/4500] 75bb94e3-09ed-4d1a-928a-faa349d580f0: cophenetic index 762; 1.0 s; peak memory 635 MiB.
2026-10-06T19:23:56Z INFO [2346/4500] 75bc2d9e-eea2-4e3f-9a7a-baf452940131: cophenetic index 2625; 2.1 s; peak memory 635 MiB.
2026-10-06T19:23:57Z INFO [2347/4500] 75bd3b5e-3fba-4848-98b7-796699a84b88: cophenetic index 3077; 1.1 s; peak memory 635 MiB.
2026-10-06T19:24:03Z INFO [2348/4500] 75bd88ec-f71e-4a06-970f-de8b3e521458: cophenetic index 60151; 6.1 s; peak memory 635 MiB.
2026-10-06T19:24:04Z INFO [2349/4500] 75be6d34-427f-416e-8a37-1414c3a147e2: cophenetic index 624; 1.2 s; peak memory 635 MiB.
2026-10-06T19:24:06Z INFO [2350/4500] 75becf39-3844-4742-9de3-53226f08d407: cophenetic index 624; 1.2 s; peak memory 635 MiB.
2026-10-06T19:24:06Z INFO [2350/4500] 75becf39-3844-4742-9de3-53226f08d407: checkpointed 103447 records.
2026-10-06T19:24:14Z INFO [2351/4500] 75bf4f4b-6e25-44d6-8ee8-e1fc85bacf3d: cophenetic index 103660; 7.8 s; peak memory 635 MiB.
2026-10-06T19:24:15Z INFO [2352/4500] 75c23069-9fcd-4503-9b46-c135e5466793: cophenetic index 624; 1.1 s; peak memory 635 MiB.
2026-10-06T19:24:23Z INFO [2353/4500] 75c24af8-5dfe-4f6c-9cb3-4eea9f68cece: cophenetic index 33579; 7.9 s; peak memory 635 MiB.
2026-10-06T19:26:43Z INFO [2354/4500] 75c33e23-04d1-4bea-b1b7-efa8d3686ff9: cophenetic index 36030552; 139.9 s; peak memory 635 MiB.
2026-10-06T19:26:48Z INFO [2355/4500] 75c37b54-5225-4c18-a1da-44b4ad4f0f35: cophenetic index 27471; 5.1 s; peak memory 635 MiB.
2026-10-06T19:26:57Z INFO [2356/4500] 75c3b8d3-8599-4b8e-9142-1d83dff9c0ad: cophenetic index 162235563; 8.9 s; peak memory 635 MiB.
2026-10-06T19:27:00Z INFO [2357/4500] 75c3e38d-c502-46ab-9e15-dcc416809e14: cophenetic index 5473; 3.6 s; peak memory 635 MiB.
2026-10-06T19:27:01Z INFO [2358/4500] 75c4386d-37d2-4085-8789-7b10dd9667e9: cophenetic index 624; 1.0 s; peak memory 635 MiB.
2026-10-06T19:27:05Z INFO [2359/4500] 75c47523-9eef-429b-a1ab-0c850ec23641: cophenetic index 8258; 3.5 s; peak memory 635 MiB.
2026-10-06T19:27:06Z INFO [2360/4500] 75c4ba3e-ff79-4919-b790-334c355f0215: cophenetic index 2625; 1.5 s; peak memory 635 MiB.
2026-10-06T19:27:07Z INFO [2361/4500] 75c4f80f-8516-4d12-92c4-0ae115710c0f: cophenetic index 2804; 1.1 s; peak memory 635 MiB.
2026-10-06T19:27:09Z INFO [2362/4500] 75c50b0c-5513-4a62-8821-03857f5e70a8: cophenetic index 2625; 1.7 s; peak memory 635 MiB.
2026-10-06T19:27:10Z INFO [2363/4500] 75c5176b-6f01-4133-9eba-f0d511612da0: cophenetic index 431; 1.5 s; peak memory 635 MiB.
2026-10-06T19:27:17Z INFO [2364/4500] 75c53b12-7e0d-4af4-b8bb-76e83864e1bd: cophenetic index 35588; 6.3 s; peak memory 635 MiB.
2026-10-06T19:27:18Z INFO [2365/4500] 75c58aaf-3497-42c3-9dec-a0a051ba0ee7: cophenetic index 2625; 1.4 s; peak memory 635 MiB.
2026-10-06T19:27:20Z INFO [2366/4500] 75c59c89-d886-4820-8642-6400ebfa2322: cophenetic index 2625; 1.6 s; peak memory 635 MiB.
2026-10-06T19:27:21Z INFO [2367/4500] 75c5b0c0-2298-4d67-b2b8-0bd679df6730: cophenetic index 2625; 1.5 s; peak memory 635 MiB.
2026-10-06T19:27:30Z INFO [2368/4500] 75c6fe43-7e21-4b31-9f71-9b716452d125: cophenetic index 116559; 9.3 s; peak memory 635 MiB.
2026-10-06T19:27:31Z INFO [2369/4500] 75c73c9e-48ba-4333-a925-1b1d253d4dfc: cophenetic index 729; 0.9 s; peak memory 635 MiB.
2026-10-06T19:27:33Z INFO [2370/4500] 75c78812-8baf-415b-86c0-4e4d4551402e: cophenetic index 624; 1.3 s; peak memory 635 MiB.
2026-10-06T19:27:34Z INFO [2371/4500] 75c7939b-9180-4ead-b422-e4f2cf77dfcf: cophenetic index 624; 1.0 s; peak memory 635 MiB.
2026-10-06T19:27:35Z INFO [2372/4500] 75c87ec5-65c6-4897-a6ea-6ec02df35424: cophenetic index 649; 1.2 s; peak memory 635 MiB.
2026-10-06T19:27:46Z INFO [2373/4500] 75c8875c-f265-4f25-930e-a561706792d7: cophenetic index 47144; 11.4 s; peak memory 635 MiB.
2026-10-06T19:27:48Z INFO [2374/4500] 75c92793-f664-4318-b44d-106dfac7c624: cophenetic index 2625; 1.7 s; peak memory 635 MiB.
2026-10-06T19:27:49Z INFO [2375/4500] 75c94253-3385-4b89-97dd-d8c5610a98f6: cophenetic index 1436; 1.5 s; peak memory 635 MiB.
2026-10-06T19:27:51Z INFO [2376/4500] 75c9a2ab-2df2-41c3-98cf-0e3c00e3292b: cophenetic index 624; 1.1 s; peak memory 635 MiB.
2026-10-06T19:27:53Z INFO [2377/4500] 75c9bf0e-cf24-4052-a9dc-d114336c2a6d: cophenetic index 515; 2.1 s; peak memory 635 MiB.
2026-10-06T19:27:54Z INFO [2378/4500] 75cb6ca8-4d74-4e78-8468-14f80318190f: cophenetic index 2625; 1.7 s; peak memory 635 MiB.
2026-10-06T19:27:56Z INFO [2379/4500] 75cc05f9-e3d4-404b-9698-a473c063eebf: cophenetic index 30304; 1.9 s; peak memory 635 MiB.
2026-10-06T19:27:58Z INFO [2380/4500] 75cd463c-02e0-4c96-9fc8-a2676692a3f9: cophenetic index 2625; 1.7 s; peak memory 635 MiB.
2026-10-06T19:28:00Z INFO [2381/4500] 75cdaadc-0c7d-477b-83c1-ee7a8b6a8175: cophenetic index 2570; 1.5 s; peak memory 635 MiB.
2026-10-06T19:28:01Z INFO [2382/4500] 75ce2b97-40ff-4feb-ba43-c4cf8d0b16c2: cophenetic index 1006; 1.4 s; peak memory 635 MiB.
2026-10-06T19:28:03Z INFO [2383/4500] 75cebe4c-07b2-4944-87a3-f331eb7cd518: cophenetic index 653; 2.0 s; peak memory 635 MiB.
2026-10-06T19:28:04Z INFO [2384/4500] 75cedee1-de65-4ff1-9bfd-005bcd0a415f: cophenetic index 431; 1.0 s; peak memory 635 MiB.
2026-10-06T19:28:05Z INFO [2385/4500] 75cf5b47-fa97-40d7-83fe-50b16d9c702f: cophenetic index 624; 1.1 s; peak memory 635 MiB.
2026-10-06T19:28:29Z INFO [2386/4500] 75cf9c6f-89ba-43be-8b37-a579dabeb94c: cophenetic index 58288; 24.0 s; peak memory 635 MiB.
2026-10-06T19:28:30Z INFO [2387/4500] 75d1032d-bdc1-4d70-8cf0-a33e3b671df8: cophenetic index 624; 1.2 s; peak memory 635 MiB.
2026-10-06T19:28:31Z INFO [2388/4500] 75d10de5-ff75-4cb5-a7f6-caa881d27bab: cophenetic index 624; 1.0 s; peak memory 635 MiB.
2026-10-06T19:28:32Z INFO [2389/4500] 75d1a3b5-508c-47e8-803d-8f76c20f5121: cophenetic index 649; 1.1 s; peak memory 635 MiB.
2026-10-06T19:28:34Z INFO [2390/4500] 75d1ca75-e8bf-4a9f-9604-f609070fa513: cophenetic index 624; 1.3 s; peak memory 635 MiB.
2026-10-06T19:28:35Z INFO [2391/4500] 75d1cdba-6465-4d27-9404-896d15c038fc: cophenetic index 624; 1.2 s; peak memory 635 MiB.
2026-10-06T19:28:36Z INFO [2392/4500] 75d1d712-239e-4612-9b4d-b443f6ba78dc: cophenetic index 3004; 1.5 s; peak memory 635 MiB.
2026-10-06T19:28:50Z INFO [2393/4500] 75d20786-ed51-45e4-99ad-273fb9ed6407: cophenetic index 429973; 14.1 s; peak memory 635 MiB.
2026-10-06T19:28:52Z INFO [2394/4500] 75d236f7-6e66-481c-a6b6-31a8e38d6b9a: cophenetic index 2625; 1.4 s; peak memory 635 MiB.
2026-10-06T19:28:53Z INFO [2395/4500] 75d2cf4a-3d3b-4ada-b339-fd6bcfad6970: cophenetic index 2570; 1.3 s; peak memory 635 MiB.
2026-10-06T19:28:54Z INFO [2396/4500] 75d304c3-a288-47e9-978e-6354e2047dfa: cophenetic index 401; 0.8 s; peak memory 635 MiB.
2026-10-06T19:28:55Z INFO [2397/4500] 75d416c8-b6af-49f0-bb49-d718f12365e1: cophenetic index 2625; 1.4 s; peak memory 635 MiB.
2026-10-06T19:28:57Z INFO [2398/4500] 75d56032-5bd0-448f-afe6-3c521a5c0d44: cophenetic index 431; 1.3 s; peak memory 635 MiB.
2026-10-06T19:28:58Z INFO [2399/4500] 75d56a5f-293b-49ea-9934-532f14b956a4: cophenetic index 33998; 2.0 s; peak memory 635 MiB.
2026-10-06T19:29:00Z INFO [2400/4500] 75d58c06-4939-48f9-8a0b-552cd7cca42f: cophenetic index 23194; 1.1 s; peak memory 635 MiB.
2026-10-06T19:29:00Z INFO [2400/4500] 75d58c06-4939-48f9-8a0b-552cd7cca42f: checkpointed 103497 records.
2026-10-06T19:29:07Z INFO [2401/4500] 75d613ce-5e8b-48b4-834b-a24cc9f95bbf: cophenetic index 98034; 6.9 s; peak memory 635 MiB.
2026-10-06T19:29:08Z INFO [2402/4500] 75d61eab-5d17-4908-a064-5bc275524ca3: cophenetic index 490; 0.8 s; peak memory 635 MiB.
2026-10-06T19:29:15Z INFO [2403/4500] 75d639e3-2d98-4c52-8255-239f01d41029: cophenetic index 30866; 7.2 s; peak memory 635 MiB.
2026-10-06T19:29:25Z INFO [2404/4500] 75d6fd07-c284-4fd1-936b-81067ffd323a: cophenetic index 47115; 10.4 s; peak memory 635 MiB.
2026-10-06T19:29:27Z INFO [2405/4500] 75d77130-1274-4b0c-a2d9-ff0424ed9525: cophenetic index 33986; 1.6 s; peak memory 635 MiB.
2026-10-06T19:29:28Z INFO [2406/4500] 75d905d9-f9fc-4014-bbd1-5d3d6392f78e: cophenetic index 2625; 1.6 s; peak memory 635 MiB.
2026-10-06T19:29:30Z INFO [2407/4500] 75d961cd-de5e-458d-a480-aa371a9b0479: cophenetic index 3004; 1.4 s; peak memory 635 MiB.
2026-10-06T19:29:32Z INFO [2408/4500] 75da25db-8c5a-4947-8402-86a48a387f74: cophenetic index 20938; 2.0 s; peak memory 635 MiB.
2026-10-06T19:29:33Z INFO [2409/4500] 75da30d3-7ea6-4d5a-87d3-9667341209f6: cophenetic index 490; 0.9 s; peak memory 635 MiB.
2026-10-06T19:29:33Z INFO [2410/4500] 75da522d-71b9-432a-bae5-631b11b6828c: cophenetic index 490; 0.8 s; peak memory 635 MiB.
2026-10-06T19:29:35Z INFO [2411/4500] 75dbfd65-b16b-476a-970b-e684f7174de0: cophenetic index 624; 1.3 s; peak memory 635 MiB.
2026-10-06T19:29:36Z WARNING 75dc9b6e-40d1-4c10-8d75-71e6d60a1109: failed while reading the NWB file (KeyError: 'Unable to synchronously open object (component not found)')
2026-10-06T19:29:36Z WARNING [2412/4500] 75dc9b6e-40d1-4c10-8d75-71e6d60a1109: leaving unrecorded for a later run to retry.
2026-10-06T19:29:38Z INFO [2413/4500] 75dcf7e4-fff1-4891-91d6-1fc34347bf28: cophenetic index 649; 1.2 s; peak memory 635 MiB.
2026-10-06T19:29:39Z INFO [2414/4500] 75dd5555-1a01-46a6-a372-e39730b76941: cophenetic index 729; 0.9 s; peak memory 635 MiB.
2026-10-06T19:29:43Z INFO [2415/4500] 75de177d-22d2-4555-a2df-4642cce74123: cophenetic index 5473; 4.2 s; peak memory 635 MiB.
2026-10-06T19:29:44Z INFO [2416/4500] 75de7361-6f3e-4fc4-9a7c-55839ba0079b: cophenetic index 581; 1.2 s; peak memory 635 MiB.
2026-10-06T19:29:45Z INFO [2417/4500] 75ded414-8d8b-4aa0-85a6-ca84cb9c1503: cophenetic index 624; 1.1 s; peak memory 635 MiB.
2026-10-06T19:29:56Z INFO [2418/4500] 75df11ed-c1a0-4090-87bd-698107116449: cophenetic index 238113; 11.1 s; peak memory 635 MiB.
2026-10-06T19:29:58Z INFO [2419/4500] 75e0262d-641e-4c86-9fdb-6603a946b917: cophenetic index 2056; 2.0 s; peak memory 635 MiB.
2026-10-06T19:29:59Z INFO [2420/4500] 75e06336-85b3-4159-ad16-896c8814eee1: cophenetic index 23206; 1.3 s; peak memory 635 MiB.
2026-10-06T19:30:03Z INFO [2421/4500] 75e09048-720a-44d3-bd39-e40296041a18: cophenetic index 4617; 3.4 s; peak memory 635 MiB.
2026-10-06T19:30:04Z INFO [2422/4500] 75e0d66f-46da-459e-82c8-f3dc3789eba5: cophenetic index 729; 0.9 s; peak memory 635 MiB.
2026-10-06T19:30:06Z INFO [2423/4500] 75e333df-d2dc-4d44-8cb4-be7741a417e7: cophenetic index 1751; 2.0 s; peak memory 635 MiB.
2026-10-06T19:30:07Z INFO [2424/4500] 75e3f5dc-084d-42cb-ae9f-138b94621ba4: cophenetic index 608; 1.0 s; peak memory 635 MiB.
2026-10-06T19:30:08Z INFO [2425/4500] 75e466c8-bffc-40ea-a96e-71ae2727791c: cophenetic index 581; 1.2 s; peak memory 635 MiB.
2026-10-06T19:30:09Z INFO [2426/4500] 75e49440-4f13-41b3-87fe-c8c9b52cdd98: cophenetic index 603; 1.0 s; peak memory 635 MiB.
2026-10-06T19:30:17Z INFO [2427/4500] 75e4a39c-214c-4318-8f50-2a9df4de87a8: cophenetic index 154968; 8.2 s; peak memory 635 MiB.
2026-10-06T19:30:18Z INFO [2428/4500] 75e5cd8c-96bf-4d8f-925a-d003179e6a1f: cophenetic index 490; 1.0 s; peak memory 635 MiB.
2026-10-06T19:30:24Z INFO [2429/4500] 75e6bde2-df54-4395-8d11-9d8984a7aa0d: cophenetic index 87573; 6.4 s; peak memory 635 MiB.
2026-10-06T19:30:33Z INFO [2430/4500] 75e6e9d7-bb46-4a7c-b0c5-8a0b0f71566a: cophenetic index 14478; 8.5 s; peak memory 635 MiB.
2026-10-06T19:30:34Z INFO [2431/4500] 75e70b6d-b3b9-4635-8e61-6f6d5a16c237: cophenetic index 3215; 1.2 s; peak memory 635 MiB.
2026-10-06T19:30:35Z INFO [2432/4500] 75e7bca7-b5a9-47d0-9039-569462f2894e: cophenetic index 624; 1.1 s; peak memory 635 MiB.
2026-10-06T19:30:37Z INFO [2433/4500] 75e7fe84-f126-471d-939f-5dba0e580dce: cophenetic index 26986; 1.7 s; peak memory 635 MiB.
2026-10-06T19:30:38Z INFO [2434/4500] 75e899b8-d5ec-493f-9436-c8a960066c71: cophenetic index 624; 1.1 s; peak memory 635 MiB.
2026-10-06T19:30:40Z INFO [2435/4500] 75e8aa43-3173-48c0-a57b-89fc2dcbb4d6: cophenetic index 718; 1.7 s; peak memory 635 MiB.
2026-10-06T19:30:41Z INFO [2436/4500] 75e8aba7-f2f9-472a-bbd3-efcbe4580186: cophenetic index 3004; 1.6 s; peak memory 635 MiB.
2026-10-06T19:30:43Z WARNING 75e93a30-06d1-4377-ac24-e439b70138bf: failed while reading the NWB file (KeyError: 'Unable to synchronously open object (component not found)')
2026-10-06T19:30:43Z WARNING [2437/4500] 75e93a30-06d1-4377-ac24-e439b70138bf: leaving unrecorded for a later run to retry.
2026-10-06T19:30:44Z INFO [2438/4500] 75e9c6ae-5ade-4881-9c5a-3fa955f4fce3: cophenetic index 624; 1.0 s; peak memory 635 MiB.
2026-10-06T19:30:45Z INFO [2439/4500] 75ea224a-9b35-4950-af0d-ee762895b8d6: cophenetic index 690; 1.0 s; peak memory 635 MiB.
2026-10-06T19:30:46Z INFO [2440/4500] 75ea2c12-7784-4f46-9615-56fbb9bbc756: cophenetic index 624; 1.1 s; peak memory 635 MiB.
2026-10-06T19:30:48Z INFO [2441/4500] 75ea85ab-5cfc-43de-bb0e-e73ed858f00e: cophenetic index 23800; 1.8 s; peak memory 635 MiB.
2026-10-06T19:30:49Z INFO [2442/4500] 75eb0859-a169-4c4b-ba3f-07df65392153: cophenetic index 627; 1.0 s; peak memory 635 MiB.
2026-10-06T19:30:51Z INFO [2443/4500] 75eb19f1-0fd3-4c3b-b9ae-bedb684c7f7c: cophenetic index 2625; 1.9 s; peak memory 635 MiB.
2026-10-06T19:30:52Z INFO [2444/4500] 75ec3199-a438-4712-ad86-5ae9e9f117ca: cophenetic index 624; 1.3 s; peak memory 635 MiB.
2026-10-06T19:31:08Z INFO [2445/4500] 75ece51f-b09b-4a32-afd5-6025483dcf32: cophenetic index 49686; 16.1 s; peak memory 635 MiB.
2026-10-06T19:31:09Z INFO [2446/4500] 75ed295f-a7ee-468e-96c5-f246792fdbe3: cophenetic index 624; 1.2 s; peak memory 635 MiB.
2026-10-06T19:31:10Z INFO [2447/4500] 75ee2a64-39d3-4574-8507-1cc79ae20641: cophenetic index 490; 0.9 s; peak memory 635 MiB.
2026-10-06T19:31:19Z INFO [2448/4500] 75ef7646-bbc1-4662-9cae-de22f2b86bc8: cophenetic index 59665; 8.4 s; peak memory 635 MiB.
2026-10-06T19:31:20Z INFO [2449/4500] 75ef9e83-6c29-4c86-8e92-8ec0a5a01293: cophenetic index 431; 1.5 s; peak memory 635 MiB.
2026-10-06T19:31:21Z INFO [2450/4500] 75efc83d-bee4-4400-92d4-e1cbc729f312: cophenetic index 1949; 1.2 s; peak memory 635 MiB.
2026-10-06T19:31:21Z INFO [2450/4500] 75efc83d-bee4-4400-92d4-e1cbc729f312: checkpointed 103545 records.
2026-10-06T19:31:22Z INFO [2451/4500] 75f08d8f-39ac-4946-afaf-5a17037318e4: cophenetic index 490; 0.8 s; peak memory 635 MiB.
2026-10-06T19:31:30Z INFO [2452/4500] 75f36ccd-f7ef-4a47-b6d7-5e431fcbdd54: cophenetic index 67928; 7.6 s; peak memory 635 MiB.
2026-10-06T19:31:31Z INFO [2453/4500] 75f37a72-fb2c-4de0-a554-4a7e8463e8a6: cophenetic index 1470; 1.1 s; peak memory 635 MiB.
2026-10-06T19:31:32Z INFO [2454/4500] 75f4165a-3e64-4e0f-bc6b-361443612990: cophenetic index 3004; 1.4 s; peak memory 635 MiB.
2026-10-06T19:31:34Z INFO [2455/4500] 75f4ea2d-9ba6-4274-908b-a759be4fe48c: cophenetic index 1578; 1.7 s; peak memory 635 MiB.
2026-10-06T19:31:36Z INFO [2456/4500] 75f527b2-727e-4150-b2f0-851bf86cc04a: cophenetic index 2053; 2.0 s; peak memory 635 MiB.
2026-10-06T19:31:41Z INFO [2457/4500] 75f587b1-a2e2-42b2-9d97-1f8c9eae5308: cophenetic index 15104; 5.0 s; peak memory 635 MiB.
2026-10-06T19:31:43Z INFO [2458/4500] 75f63869-1186-49cd-aa48-fcd96fc2e2cb: cophenetic index 3087; 1.5 s; peak memory 635 MiB.
2026-10-06T19:31:44Z INFO [2459/4500] 75f68fee-0a97-4bd1-8a6c-b3074699ba9d: cophenetic index 23259; 1.8 s; peak memory 635 MiB.
2026-10-06T19:31:46Z INFO [2460/4500] 75f73075-3b63-43f1-98af-fa1c450fbc59: cophenetic index 597; 1.4 s; peak memory 635 MiB.
2026-10-06T19:31:54Z INFO [2461/4500] 75f78a2f-778a-470b-98d7-bb20ac122ba7: cophenetic index 12100; 8.6 s; peak memory 635 MiB.
2026-10-06T19:31:56Z INFO [2462/4500] 75f7cd82-85eb-460c-80e5-ecd2cd25f60b: cophenetic index 3004; 1.4 s; peak memory 635 MiB.
2026-10-06T19:31:57Z INFO [2463/4500] 75f7e967-1651-4e63-a86c-f52f570d4200: cophenetic index 729; 0.9 s; peak memory 635 MiB.
2026-10-06T19:31:58Z INFO [2464/4500] 75f7fca1-e27d-40ae-b88e-02bf70080e78: cophenetic index 1736; 1.5 s; peak memory 635 MiB.
2026-10-06T19:32:05Z INFO [2465/4500] 75f808c4-601c-41ea-81e6-fd8f5a8f0c1c: cophenetic index 100205; 7.2 s; peak memory 635 MiB.
2026-10-06T19:32:06Z INFO [2466/4500] 75fa080f-8e4b-47ab-a466-50d0af96af73: cophenetic index 751; 1.0 s; peak memory 635 MiB.
2026-10-06T19:32:14Z INFO [2467/4500] 75fa6635-22d9-4319-9e90-99608564a3c5: cophenetic index 142239; 7.6 s; peak memory 635 MiB.
2026-10-06T19:32:17Z INFO [2468/4500] 75fbbf4c-ee82-47e9-ba81-f8107b65e168: cophenetic index 2402; 3.1 s; peak memory 635 MiB.
2026-10-06T19:32:18Z INFO [2469/4500] 75fbcba4-b961-48c0-9f60-abd9329f2345: cophenetic index 624; 1.2 s; peak memory 635 MiB.
2026-10-06T19:32:20Z INFO [2470/4500] 75fc9b78-0def-4d2f-beee-f3a5bfb9d953: cophenetic index 99120; 2.1 s; peak memory 635 MiB.
2026-10-06T19:32:22Z INFO [2471/4500] 75fcf3a3-5cb1-42d8-a6d4-53de7d743757: cophenetic index 2625; 1.7 s; peak memory 635 MiB.
2026-10-06T19:32:23Z INFO [2472/4500] 75fd650f-852a-44ff-9c38-57ed950c2221: cophenetic index 624; 1.3 s; peak memory 635 MiB.
2026-10-06T19:32:25Z INFO [2473/4500] 75fe63c2-fe61-4483-9119-33028ba12c34: cophenetic index 624; 1.4 s; peak memory 635 MiB.
2026-10-06T19:32:26Z INFO [2474/4500] 75feab94-8433-4187-81dc-b6a759a125e8: cophenetic index 624; 1.1 s; peak memory 635 MiB.
2026-10-06T19:32:29Z INFO [2475/4500] 75fecad2-6f92-49bf-83bf-b761c941044d: cophenetic index 2391; 3.4 s; peak memory 635 MiB.
2026-10-06T19:32:39Z INFO [2476/4500] 75ff18a0-25bf-4a71-93c8-e5a8149bedf3: cophenetic index 14699; 9.4 s; peak memory 635 MiB.
2026-10-06T19:32:40Z INFO [2477/4500] 75ff1b26-0573-47b0-914a-7eb71c59df94: cophenetic index 624; 1.2 s; peak memory 635 MiB.
2026-10-06T19:32:42Z INFO [2478/4500] 75ff880e-814a-4760-beb1-d0d487137935: cophenetic index 608; 1.8 s; peak memory 635 MiB.
2026-10-06T19:32:42Z INFO [2479/4500] 76014185-7d0f-4cd9-8a51-8118ae540c45: cophenetic index 490; 0.8 s; peak memory 635 MiB.
2026-10-06T19:32:44Z INFO [2480/4500] 7601735f-5b0c-4d2e-938f-53f131953fbf: cophenetic index 2496; 1.6 s; peak memory 635 MiB.
2026-10-06T19:32:46Z INFO [2481/4500] 76017383-af77-49c4-bf23-436167c81398: cophenetic index 3004; 1.6 s; peak memory 635 MiB.
2026-10-06T19:32:47Z INFO [2482/4500] 76018d65-db50-4bbc-8e76-e6ebf79d10b0: cophenetic index 3004; 1.2 s; peak memory 635 MiB.
2026-10-06T19:32:48Z INFO [2483/4500] 76027cde-7cba-4090-85e9-156f43d1ae34: cophenetic index 624; 1.1 s; peak memory 635 MiB.
2026-10-06T19:32:49Z INFO [2484/4500] 76027d0b-5668-4f93-9dd1-9c00ef2ae853: cophenetic index 1087; 1.5 s; peak memory 635 MiB.
2026-10-06T19:32:52Z INFO [2485/4500] 7602889c-3c1b-467c-b694-40e85ed4eb0b: cophenetic index 2570; 2.1 s; peak memory 635 MiB.
2026-10-06T19:32:53Z INFO [2486/4500] 76035a92-5407-449b-ace6-7b70dd053f37: cophenetic index 624; 1.1 s; peak memory 635 MiB.
2026-10-06T19:32:54Z INFO [2487/4500] 7604df33-40c1-44a1-bb35-cf225b30eaec: cophenetic index 2625; 1.8 s; peak memory 635 MiB.
2026-10-06T19:32:55Z INFO [2488/4500] 76076372-e694-4873-89ad-f1984092dbae: cophenetic index 624; 1.0 s; peak memory 635 MiB.
2026-10-06T19:32:57Z INFO [2489/4500] 7608bead-815a-4c77-957b-fefb0cbb0b64: cophenetic index 3077; 1.1 s; peak memory 635 MiB.
2026-10-06T19:32:58Z INFO [2490/4500] 7608ef28-1798-48a0-8573-bd2734f9fe8a: cophenetic index 3057; 1.5 s; peak memory 635 MiB.
2026-10-06T19:33:00Z INFO [2491/4500] 7609b874-48da-40ac-b594-7acc65f5d6e8: cophenetic index 33968; 1.9 s; peak memory 635 MiB.
2026-10-06T19:33:01Z INFO [2492/4500] 760a8e0d-6717-48f6-9503-76e1c330ae60: cophenetic index 624; 1.2 s; peak memory 635 MiB.
2026-10-06T19:33:03Z INFO [2493/4500] 760aab91-db1c-495d-bb01-377a5b7758b2: cophenetic index 605; 1.7 s; peak memory 635 MiB.
2026-10-06T19:33:04Z INFO [2494/4500] 760b2670-a9fe-40a5-bf22-5934e5c8baba: cophenetic index 490; 0.9 s; peak memory 635 MiB.
2026-10-06T19:33:05Z INFO [2495/4500] 760b7c12-2960-4468-aaa5-bc383b8cbb47: cophenetic index 3192; 1.3 s; peak memory 635 MiB.
2026-10-06T19:33:06Z INFO [2496/4500] 760c4dc5-d5a5-405f-8f92-df79eed7648a: cophenetic index 490; 0.7 s; peak memory 635 MiB.
2026-10-06T19:33:07Z INFO [2497/4500] 760c71d0-2f89-451b-af08-3ee91ca75529: cophenetic index 692; 1.5 s; peak memory 635 MiB.
2026-10-06T19:33:08Z INFO [2498/4500] 760d0e3d-a015-4c0a-970c-02356c180d03: cophenetic index 448; 1.1 s; peak memory 635 MiB.
2026-10-06T19:33:16Z INFO [2499/4500] 760d1049-bc54-49a3-b9e6-c73543aa256f: cophenetic index 65412; 7.5 s; peak memory 635 MiB.
2026-10-06T19:33:17Z INFO [2500/4500] 760f807f-d865-4b65-bc02-a55b47435ddf: cophenetic index 624; 1.2 s; peak memory 635 MiB.
2026-10-06T19:33:17Z INFO [2500/4500] 760f807f-d865-4b65-bc02-a55b47435ddf: checkpointed 103595 records.
2026-10-06T19:33:25Z INFO [2501/4500] 760fe107-3a9f-428a-bbdc-fa4ef7721d83: cophenetic index 58671; 7.2 s; peak memory 635 MiB.
2026-10-06T19:33:26Z INFO [2502/4500] 760ff8a6-a7b4-42ec-a7c0-74d49fa35f61: cophenetic index 3087; 1.4 s; peak memory 635 MiB.
2026-10-06T19:33:27Z INFO [2503/4500] 7611ed3f-296a-480a-a750-7dc2e985bc6c: cophenetic index 3087; 1.3 s; peak memory 635 MiB.
2026-10-06T19:33:29Z INFO [2504/4500] 761219b6-5e4c-44e3-af6d-e08e6ccfbdc1: cophenetic index 3087; 1.4 s; peak memory 635 MiB.
2026-10-06T19:33:30Z INFO [2505/4500] 76127dcd-0fda-4967-808e-25c578afc8ce: cophenetic index 1228; 1.2 s; peak memory 635 MiB.
2026-10-06T19:33:32Z INFO [2506/4500] 761298c8-2987-48bc-89b8-fa2dc9c7c8c5: cophenetic index 2625; 1.7 s; peak memory 635 MiB.
2026-10-06T19:33:33Z INFO [2507/4500] 7612aa04-4ae7-48dc-9cd0-8d6d5932e259: cophenetic index 2570; 1.5 s; peak memory 635 MiB.
2026-10-06T19:33:34Z INFO [2508/4500] 761329c5-8b23-45b3-a0aa-5931fa76c0a7: cophenetic index 3087; 1.4 s; peak memory 635 MiB.
2026-10-06T19:33:36Z INFO [2509/4500] 7613d013-83ac-4742-a397-9faa65de39a9: cophenetic index 2625; 1.8 s; peak memory 635 MiB.
2026-10-06T19:33:37Z INFO [2510/4500] 7614df17-92a6-457e-a0ef-2d107ab6ef1c: cophenetic index 560; 1.0 s; peak memory 635 MiB.
2026-10-06T19:33:45Z INFO [2511/4500] 76150fd0-407f-4529-8422-4692272bcb44: cophenetic index 6715; 8.1 s; peak memory 635 MiB.
2026-10-06T19:33:47Z INFO [2512/4500] 76168a6f-4d50-4d43-9cfa-be085d0afb35: cophenetic index 722; 1.2 s; peak memory 635 MiB.
2026-10-06T19:33:48Z INFO [2513/4500] 7617d3b5-ba23-482e-9053-fffb532511cf: cophenetic index 624; 1.2 s; peak memory 635 MiB.
2026-10-06T19:33:49Z INFO [2514/4500] 7618157d-0481-4cf2-97d0-793bc4e01343: cophenetic index 2974; 1.3 s; peak memory 635 MiB.
2026-10-06T19:33:50Z INFO [2515/4500] 7618ddf2-3965-4c89-bed8-7a1b3789b636: cophenetic index 3087; 1.3 s; peak memory 635 MiB.
2026-10-06T19:33:52Z INFO [2516/4500] 7618e4ae-33d1-4ad5-bc1e-d838b1dbda0c: cophenetic index 3004; 1.7 s; peak memory 635 MiB.
2026-10-06T19:33:54Z INFO [2517/4500] 76195f1d-1f83-4e2d-a7ae-cb379e27cc10: cophenetic index 722; 1.4 s; peak memory 635 MiB.
2026-10-06T19:34:02Z INFO [2518/4500] 7619985a-3557-45f7-893b-d1770a1ebb05: cophenetic index 84492; 8.6 s; peak memory 635 MiB.
2026-10-06T19:34:05Z INFO [2519/4500] 761a1905-98bf-41a3-bb4e-a3c3493b1a1c: cophenetic index 2069; 3.0 s; peak memory 635 MiB.
2026-10-06T19:34:06Z INFO [2520/4500] 761aaaa4-ce33-4703-96b6-4f7f53840510: cophenetic index 560; 1.0 s; peak memory 635 MiB.
2026-10-06T19:34:13Z INFO [2521/4500] 761b39f7-8b5d-4029-a857-5f70afee6111: cophenetic index 64708; 6.4 s; peak memory 635 MiB.
2026-10-06T19:34:15Z INFO [2522/4500] 761b7201-2915-4cd7-a71b-007b423b63b5: cophenetic index 2402; 2.9 s; peak memory 635 MiB.
2026-10-06T19:34:17Z INFO [2523/4500] 761c12d4-7433-46d7-a011-92a980601ac2: cophenetic index 33986; 1.8 s; peak memory 635 MiB.
2026-10-06T19:34:19Z INFO [2524/4500] 761c13a8-6188-4f89-ab5b-9fe3635b1ee4: cophenetic index 23379; 1.5 s; peak memory 635 MiB.
2026-10-06T19:34:20Z INFO [2525/4500] 761c9b07-9e8b-4d68-8c93-2b569e67af0e: cophenetic index 2844; 1.4 s; peak memory 635 MiB.
2026-10-06T19:34:26Z INFO [2526/4500] 761d6938-ab24-4a74-883f-0b9ea334f637: cophenetic index 150163; 5.6 s; peak memory 635 MiB.
2026-10-06T19:34:27Z INFO [2527/4500] 761e47da-80e7-418b-89ad-fcda9b794a2b: cophenetic index 413; 0.9 s; peak memory 635 MiB.
2026-10-06T19:34:28Z INFO [2528/4500] 761e632c-a1a9-4070-9f1b-a2f01c3f847e: cophenetic index 3087; 1.2 s; peak memory 635 MiB.
2026-10-06T19:34:32Z INFO [2529/4500] 761ef2ae-2c40-457c-9459-806aad9594aa: cophenetic index 17137; 4.3 s; peak memory 635 MiB.
2026-10-06T19:34:46Z INFO [2530/4500] 761f3712-2e35-4e62-b78b-bbd5b572a351: cophenetic index 473799; 13.4 s; peak memory 635 MiB.
2026-10-06T19:34:47Z INFO [2531/4500] 761f5fa5-8982-4144-a540-5aa5ec6aa1ec: cophenetic index 3004; 1.6 s; peak memory 635 MiB.
2026-10-06T19:34:48Z INFO [2532/4500] 761f9303-e8ca-4d51-885b-0dfbb9c0fdc8: cophenetic index 624; 1.1 s; peak memory 635 MiB.
2026-10-06T19:34:49Z INFO [2533/4500] 7620d410-7212-4e8f-8f12-48ffcaa0857b: cophenetic index 579; 0.8 s; peak memory 635 MiB.
2026-10-06T19:34:50Z INFO [2534/4500] 7620e815-303b-4438-a25a-ce6aa3a010ec: cophenetic index 739; 0.9 s; peak memory 635 MiB.
2026-10-06T19:34:52Z INFO [2535/4500] 762176fb-507f-4469-a208-efafa6425ea8: cophenetic index 23224; 1.8 s; peak memory 635 MiB.
2026-10-06T19:34:53Z INFO [2536/4500] 7622200d-ebc2-4498-bf1a-c7fa8f330e6a: cophenetic index 3004; 1.2 s; peak memory 635 MiB.
2026-10-06T19:34:54Z INFO [2537/4500] 7622dd20-ae33-45e8-a8ff-26103bc40df6: cophenetic index 624; 1.2 s; peak memory 635 MiB.
2026-10-06T19:35:04Z INFO [2538/4500] 762312ab-48c7-4796-8a38-a1bf37e89c15: cophenetic index 3236430; 9.5 s; peak memory 635 MiB.
2026-10-06T19:35:08Z INFO [2539/4500] 762396d3-d910-43a9-b238-659120fc9d1d: cophenetic index 5473; 3.6 s; peak memory 635 MiB.
2026-10-06T19:35:09Z INFO [2540/4500] 76250496-428e-4a7d-864d-b717982242a0: cophenetic index 624; 1.2 s; peak memory 635 MiB.
2026-10-06T19:36:57Z INFO [2541/4500] 7625a9ed-7ea0-4d12-8a6d-d3c6379f4688: cophenetic index 947736; 108.3 s; peak memory 635 MiB.
2026-10-06T19:36:59Z INFO [2542/4500] 76263024-a2a2-425d-9233-af4974c6cb26: cophenetic index 972; 2.0 s; peak memory 635 MiB.
2026-10-06T19:37:08Z INFO [2543/4500] 76263a08-3e93-4f71-bcf2-2af378c4bf83: cophenetic index 14788; 8.5 s; peak memory 635 MiB.
2026-10-06T19:37:09Z INFO [2544/4500] 762663e4-34f3-4b1e-987c-b10da53c2f70: cophenetic index 581; 1.1 s; peak memory 635 MiB.
2026-10-06T19:37:22Z INFO [2545/4500] 7626ba5b-bc98-47da-95b1-1627758f6eef: cophenetic index 21815; 13.1 s; peak memory 635 MiB.
2026-10-06T19:37:23Z INFO [2546/4500] 7626d48a-f5c6-469e-acdc-21aacaa97586: cophenetic index 725; 1.1 s; peak memory 635 MiB.
2026-10-06T19:37:26Z INFO [2547/4500] 76275bd9-0687-4754-ab9c-9f48e1d2a0e6: cophenetic index 2402; 2.9 s; peak memory 635 MiB.
2026-10-06T19:37:34Z INFO [2548/4500] 76278590-6833-4475-980f-3493846c45d8: cophenetic index 9548; 8.4 s; peak memory 635 MiB.
2026-10-06T19:37:35Z INFO [2549/4500] 7628b159-d993-47d9-bba8-18992551490d: cophenetic index 624; 1.2 s; peak memory 635 MiB.
2026-10-06T19:37:37Z INFO [2550/4500] 7628de1d-d5bf-4ae6-a6ed-8da6121156c8: cophenetic index 624; 1.1 s; peak memory 635 MiB.
2026-10-06T19:37:37Z INFO [2550/4500] 7628de1d-d5bf-4ae6-a6ed-8da6121156c8: checkpointed 103645 records.
2026-10-06T19:37:40Z INFO [2551/4500] 762932a2-4d1a-41cb-9938-2c3f1891cb05: cophenetic index 2402; 3.2 s; peak memory 635 MiB.
2026-10-06T19:37:41Z INFO [2552/4500] 76293601-0302-4946-8e65-c5f4ee003fcd: cophenetic index 490; 1.2 s; peak memory 635 MiB.
2026-10-06T19:37:45Z INFO [2553/4500] 7629434f-12d6-4d62-b197-3600dd4bc183: cophenetic index 20284; 4.3 s; peak memory 635 MiB.
2026-10-06T19:37:46Z INFO [2554/4500] 7629d367-0b75-4932-806b-7d862c0ab01c: cophenetic index 490; 0.9 s; peak memory 635 MiB.
2026-10-06T19:37:48Z INFO [2555/4500] 7629fc77-80b7-4e5f-94be-5791ae1b1c3c: cophenetic index 624; 1.1 s; peak memory 635 MiB.
2026-10-06T19:37:49Z INFO [2556/4500] 762aac15-b019-44bb-8cd8-7c8933e865a5: cophenetic index 3087; 1.3 s; peak memory 635 MiB.
2026-10-06T19:37:50Z INFO [2557/4500] 762b1f55-6bdb-4903-970d-37af9e841d21: cophenetic index 649; 1.2 s; peak memory 635 MiB.
2026-10-06T19:37:57Z INFO [2558/4500] 762b3203-2516-4b58-b853-45b2cd0ef24b: cophenetic index 74935; 7.0 s; peak memory 635 MiB.
2026-10-06T19:37:59Z INFO [2559/4500] 762b51cc-5a98-403b-a765-41f667b5ca3e: cophenetic index 2625; 1.5 s; peak memory 635 MiB.
2026-10-06T19:38:06Z INFO [2560/4500] 762b6965-accd-4454-b180-8b118dfffceb: cophenetic index 5466; 7.5 s; peak memory 635 MiB.
2026-10-06T19:38:09Z INFO [2561/4500] 762b8352-6ba3-4512-8232-2c7f1f34c1a7: cophenetic index 3430; 3.2 s; peak memory 635 MiB.
2026-10-06T19:38:13Z INFO [2562/4500] 762b83a9-6226-47c8-b8dd-890729e145b9: cophenetic index 5473; 3.3 s; peak memory 635 MiB.
2026-10-06T19:38:14Z INFO [2563/4500] 762c0f1f-d7be-4ab9-8254-a99c60ae884c: cophenetic index 99138; 1.9 s; peak memory 635 MiB.
2026-10-06T19:38:16Z INFO [2564/4500] 762d13a0-0bd5-428d-be6f-c2e6ad2d048a: cophenetic index 1006; 1.6 s; peak memory 635 MiB.
2026-10-06T19:38:17Z INFO [2565/4500] 762d1454-a89f-4939-8a3f-7896c2244be6: cophenetic index 1949; 1.1 s; peak memory 635 MiB.
2026-10-06T19:38:19Z INFO [2566/4500] 76303af1-b0e8-4630-94ad-9cdf6340c931: cophenetic index 3087; 1.7 s; peak memory 635 MiB.
2026-10-06T19:38:20Z INFO [2567/4500] 76305766-0594-412f-adc8-bb43c363f835: cophenetic index 1558; 1.4 s; peak memory 635 MiB.
2026-10-06T19:38:21Z INFO [2568/4500] 7630ff93-adba-4951-9608-fa47664fa256: cophenetic index 739; 0.9 s; peak memory 635 MiB.
2026-10-06T19:38:22Z INFO [2569/4500] 76310aab-684f-432d-8198-918b06614c03: cophenetic index 624; 1.3 s; peak memory 635 MiB.
2026-10-06T19:38:24Z INFO [2570/4500] 76317ef2-b429-4fc5-8b4c-448da1c74729: cophenetic index 3057; 1.3 s; peak memory 635 MiB.
2026-10-06T19:38:41Z INFO [2571/4500] 7631addf-a1bc-4983-8ea6-b5b3bec4211a: cophenetic index 44236298; 17.0 s; peak memory 635 MiB.
2026-10-06T19:38:42Z INFO [2572/4500] 76327e96-2f73-447f-9e69-3881086e4487: cophenetic index 518; 0.9 s; peak memory 635 MiB.
2026-10-06T19:38:43Z INFO [2573/4500] 7632ac5c-c33d-4a9e-8460-be4750b42425: cophenetic index 579; 1.0 s; peak memory 635 MiB.
2026-10-06T19:38:46Z INFO [2574/4500] 76331f12-a4d1-47ac-8d19-c3244b30f6df: cophenetic index 6490; 3.0 s; peak memory 635 MiB.
2026-10-06T19:38:58Z INFO [2575/4500] 76341f1e-abc1-48ca-b781-283454d82edd: cophenetic index 134208; 12.0 s; peak memory 635 MiB.
2026-10-06T19:38:59Z INFO [2576/4500] 7634560b-de01-4362-8ac9-c3e31da002f2: cophenetic index 624; 1.2 s; peak memory 635 MiB.
2026-10-06T19:39:00Z INFO [2577/4500] 763466e8-d515-42fa-ad9c-3f5ea6c1f7bf: cophenetic index 3087; 1.4 s; peak memory 635 MiB.
2026-10-06T19:39:01Z INFO [2578/4500] 763497b7-c9cb-48dc-8caa-96f568f36a88: cophenetic index 624; 1.2 s; peak memory 635 MiB.
2026-10-06T19:39:03Z INFO [2579/4500] 7634a46a-caf0-41bf-be82-e7d6c00c3011: cophenetic index 751; 1.8 s; peak memory 635 MiB.
2026-10-06T19:39:06Z INFO [2580/4500] 7634be79-2bbe-4749-8e6a-edb8e743918c: cophenetic index 325333; 2.4 s; peak memory 635 MiB.
2026-10-06T19:39:07Z INFO [2581/4500] 7635604f-d3b8-4c4c-aba8-9ae23e75115e: cophenetic index 431; 0.9 s; peak memory 635 MiB.
2026-10-06T19:39:10Z INFO [2582/4500] 7635c881-722e-4b66-821b-7b643ad490a9: cophenetic index 5473; 3.5 s; peak memory 635 MiB.
2026-10-06T19:39:11Z INFO [2583/4500] 7635cd1f-5070-4692-a634-76d421c94367: cophenetic index 624; 1.1 s; peak memory 635 MiB.
2026-10-06T19:39:13Z INFO [2584/4500] 76370560-009f-4e17-83d4-dc4ac07fd6e2: cophenetic index 649; 1.4 s; peak memory 635 MiB.
2026-10-06T19:39:14Z INFO [2585/4500] 763915ec-74b7-49ee-812d-b44bad121f91: cophenetic index 2570; 1.4 s; peak memory 635 MiB.
2026-10-06T19:39:15Z INFO [2586/4500] 76396f53-d210-4b3d-90f8-2d64d9321b33: cophenetic index 649; 1.3 s; peak memory 635 MiB.
2026-10-06T19:39:32Z INFO [2587/4500] 763a9451-6eeb-41e8-91ed-55569533e7fd: cophenetic index 3143763; 17.0 s; peak memory 635 MiB.
2026-10-06T19:39:33Z INFO [2588/4500] 763c54ad-6de8-47b1-948d-b0d29f514d6e: cophenetic index 624; 1.2 s; peak memory 635 MiB.
2026-10-06T19:39:35Z INFO [2589/4500] 763cc217-6b13-402c-b8e2-4088d2598623: cophenetic index 624; 1.3 s; peak memory 635 MiB.
2026-10-06T19:39:37Z INFO [2590/4500] 763dcfec-779c-4e9b-b090-e89c30f26f42: cophenetic index 2625; 1.9 s; peak memory 635 MiB.
2026-10-06T19:39:38Z INFO [2591/4500] 763de3ad-4e6e-4430-aaf2-4dff67cfcdc5: cophenetic index 2625; 1.8 s; peak memory 635 MiB.
2026-10-06T19:39:42Z INFO [2592/4500] 763ea749-abb7-4947-8253-910c74ca6e48: cophenetic index 2469; 3.2 s; peak memory 635 MiB.
2026-10-06T19:39:44Z INFO [2593/4500] 763ede1a-1b75-408e-909a-188d2f2fdb0a: cophenetic index 797; 2.3 s; peak memory 635 MiB.
2026-10-06T19:39:45Z INFO [2594/4500] 7640c153-1f6c-47c5-885a-0224d3595ae2: cophenetic index 624; 1.2 s; peak memory 635 MiB.
2026-10-06T19:39:46Z INFO [2595/4500] 7642785d-d905-4154-ab7e-a6490a06337d: cophenetic index 624; 1.1 s; peak memory 635 MiB.
2026-10-06T19:39:59Z INFO [2596/4500] 764289e0-61dc-4455-ab7e-0cd8e4bc4fec: cophenetic index 203963; 13.1 s; peak memory 635 MiB.
2026-10-06T19:40:00Z INFO [2597/4500] 7642ef01-edf5-4c2a-a2ed-30ac7ba86649: cophenetic index 579; 0.9 s; peak memory 635 MiB.
2026-10-06T19:40:01Z INFO [2598/4500] 764359cf-6fa8-4060-843f-1123a8deeda5: cophenetic index 3087; 1.4 s; peak memory 635 MiB.
2026-10-06T19:40:03Z INFO [2599/4500] 764365d7-d19f-4c98-9b57-98fe350869dc: cophenetic index 1563; 2.0 s; peak memory 635 MiB.
2026-10-06T19:40:05Z INFO [2600/4500] 7643f48a-1686-45d6-9099-b7becd8748ac: cophenetic index 2625; 1.8 s; peak memory 635 MiB.
2026-10-06T19:40:05Z INFO [2600/4500] 7643f48a-1686-45d6-9099-b7becd8748ac: checkpointed 103695 records.
2026-10-06T19:40:08Z INFO [2601/4500] 7644342b-d770-4d42-8073-a0c35a7f45d9: cophenetic index 2391; 2.9 s; peak memory 635 MiB.
2026-10-06T19:40:10Z INFO [2602/4500] 7644be24-9cfb-4738-8fee-4860d8d300ed: cophenetic index 2625; 1.9 s; peak memory 635 MiB.
2026-10-06T19:40:17Z INFO [2603/4500] 7644d734-d091-431c-bd2f-4e7e3c644151: cophenetic index 9181; 6.5 s; peak memory 635 MiB.
2026-10-06T19:40:18Z INFO [2604/4500] 7645173b-e9ea-41cd-a4a1-8ce9970a16d3: cophenetic index 431; 1.2 s; peak memory 635 MiB.
2026-10-06T19:40:19Z INFO [2605/4500] 7645677d-2a63-42ea-848b-af3254839f6c: cophenetic index 379; 0.9 s; peak memory 635 MiB.
2026-10-06T19:40:20Z INFO [2606/4500] 7645bd4a-26e0-4eb6-84d6-333246baaaa0: cophenetic index 624; 1.3 s; peak memory 635 MiB.
2026-10-06T19:40:21Z INFO [2607/4500] 7646e981-24c9-44ba-a815-47fb29b6662f: cophenetic index 490; 0.8 s; peak memory 635 MiB.
2026-10-06T19:40:22Z INFO [2608/4500] 7647c4f2-4543-41b9-b093-14560b0ffed1: cophenetic index 624; 1.1 s; peak memory 635 MiB.
2026-10-06T19:40:30Z INFO [2609/4500] 76481755-f8d5-4ac8-8023-fb7a283db0ad: cophenetic index 106060; 8.0 s; peak memory 635 MiB.
2026-10-06T19:40:32Z INFO [2610/4500] 7648ed47-3eea-4f6a-84d7-c782208a63c2: cophenetic index 2105; 2.1 s; peak memory 635 MiB.
2026-10-06T19:40:38Z INFO [2611/4500] 7648f8b2-c945-43ba-8abf-b32e43a8b343: cophenetic index 9181; 6.1 s; peak memory 635 MiB.
2026-10-06T19:40:40Z INFO [2612/4500] 76491b69-4fdb-42ea-b8ca-90ba81dc5f16: cophenetic index 33986; 1.6 s; peak memory 635 MiB.
2026-10-06T19:40:41Z INFO [2613/4500] 76498ba3-b383-4f59-a808-7bae246b5201: cophenetic index 624; 1.2 s; peak memory 635 MiB.
2026-10-06T19:41:36Z INFO [2614/4500] 764a244d-4d2e-456f-adfd-6a3e2d3d4bdc: cophenetic index 2157034; 55.2 s; peak memory 635 MiB.
2026-10-06T19:41:38Z INFO [2615/4500] 764a5b31-b01f-4c32-bde7-2bb745cf6c76: cophenetic index 3004; 1.4 s; peak memory 635 MiB.
2026-10-06T19:41:39Z INFO [2616/4500] 764ad7d8-6ed1-4b35-923e-5d4a85e2d353: cophenetic index 2625; 1.6 s; peak memory 635 MiB.
2026-10-06T19:41:41Z INFO [2617/4500] 764b1fae-425c-4c52-9bf4-64ac4ad2d964: cophenetic index 6598; 1.7 s; peak memory 635 MiB.
2026-10-06T19:41:42Z INFO [2618/4500] 764b2256-74d3-4ed7-a4ca-aea142650f7c: cophenetic index 2974; 1.3 s; peak memory 635 MiB.
2026-10-06T19:41:44Z INFO [2619/4500] 764b629e-e6eb-4658-8f0a-b3afb4622a82: cophenetic index 99114; 2.0 s; peak memory 635 MiB.
2026-10-06T19:41:49Z INFO [2620/4500] 764c8200-07c3-4790-a299-1c267d583aca: cophenetic index 13046; 4.7 s; peak memory 635 MiB.
2026-10-06T19:41:50Z INFO [2621/4500] 764d91c1-fd0f-4caf-9871-585220f81961: cophenetic index 624; 1.2 s; peak memory 635 MiB.
2026-10-06T19:41:52Z INFO [2622/4500] 764de754-f7dd-41ba-bff1-7e8208ecfed4: cophenetic index 722; 1.5 s; peak memory 635 MiB.
2026-10-06T19:42:05Z INFO [2623/4500] 764e4dfd-1112-42e6-b41b-c442669ebf25: cophenetic index 390630; 13.2 s; peak memory 635 MiB.
2026-10-06T19:42:06Z INFO [2624/4500] 764eca10-4a71-4282-bc24-3c0452378d21: cophenetic index 2570; 1.4 s; peak memory 635 MiB.
2026-10-06T19:42:08Z INFO [2625/4500] 764f302d-0569-48c2-a72f-fee2f9062f0f: cophenetic index 1949; 1.5 s; peak memory 635 MiB.
2026-10-06T19:42:09Z INFO [2626/4500] 764fa62d-bf64-444c-8af5-46f8c8383dbc: cophenetic index 2570; 1.6 s; peak memory 635 MiB.
2026-10-06T19:42:11Z INFO [2627/4500] 764fadb5-4bb8-4168-9bb5-93890c37f618: cophenetic index 23400; 1.4 s; peak memory 635 MiB.
2026-10-06T19:42:14Z INFO [2628/4500] 764fbcd9-634c-4f8c-8d7a-04e8045c9530: cophenetic index 33998; 2.7 s; peak memory 635 MiB.
2026-10-06T19:42:15Z INFO [2629/4500] 76502bc1-421c-4e32-96d0-4dd418cec068: cophenetic index 624; 1.2 s; peak memory 635 MiB.
2026-10-06T19:42:18Z INFO [2630/4500] 76514a87-d822-45fc-96e8-58a214103fbd: cophenetic index 2402; 2.9 s; peak memory 635 MiB.
2026-10-06T19:42:19Z INFO [2631/4500] 76518747-68f8-40a9-9299-ba77c4710c9d: cophenetic index 2625; 1.7 s; peak memory 635 MiB.
2026-10-06T19:42:21Z INFO [2632/4500] 76532c29-bfa8-49fe-b858-7be8418215ba: cophenetic index 2932; 1.6 s; peak memory 635 MiB.
2026-10-06T19:42:24Z INFO [2633/4500] 76535630-5742-4648-8cc4-f6c365f805f1: cophenetic index 1733; 3.5 s; peak memory 635 MiB.
2026-10-06T19:42:26Z INFO [2634/4500] 7653998b-810c-48ea-99ac-c0cc7639d5c6: cophenetic index 2625; 1.9 s; peak memory 635 MiB.
2026-10-06T19:42:28Z INFO [2635/4500] 7653d71d-abbe-4f3b-ba6d-dcef713d7ce9: cophenetic index 692; 1.2 s; peak memory 635 MiB.
2026-10-06T19:42:28Z INFO [2636/4500] 7655547b-e0a6-4c8a-9bda-aff351063394: cophenetic index 651; 0.9 s; peak memory 635 MiB.
2026-10-06T19:42:30Z INFO [2637/4500] 76558a47-bdbb-45dd-b731-195c9b7a3e46: cophenetic index 937; 1.4 s; peak memory 635 MiB.
2026-10-06T19:42:38Z INFO [2638/4500] 76562bf2-b59b-4f27-98cc-115fc638c9d6: cophenetic index 14455; 8.1 s; peak memory 635 MiB.
2026-10-06T19:42:39Z INFO [2639/4500] 76576a4b-0a3f-43b3-ba93-4c3098cbca8d: cophenetic index 560; 1.0 s; peak memory 635 MiB.
2026-10-06T19:42:40Z INFO [2640/4500] 7657aa6b-fd77-40b4-bdbd-d529c421f56b: cophenetic index 952; 1.0 s; peak memory 635 MiB.
2026-10-06T19:42:42Z INFO [2641/4500] 765963cc-3139-4ea8-afc8-4507c9a796e1: cophenetic index 584; 1.9 s; peak memory 635 MiB.
2026-10-06T19:42:43Z INFO [2642/4500] 7659b673-d42d-419e-97cf-f26d3e228e26: cophenetic index 605; 1.4 s; peak memory 635 MiB.
2026-10-06T19:42:45Z INFO [2643/4500] 765be44b-12da-4eb0-a01b-27fd0e684a43: cophenetic index 624; 1.3 s; peak memory 635 MiB.
2026-10-06T19:42:46Z INFO [2644/4500] 765c7276-07dd-45f6-b05e-2747f5ea6829: cophenetic index 624; 1.2 s; peak memory 635 MiB.
2026-10-06T19:42:49Z INFO [2645/4500] 765cf976-3304-44c7-8aa5-fc6b8c9ab897: cophenetic index 1255; 2.8 s; peak memory 635 MiB.
2026-10-06T19:42:49Z INFO [2646/4500] 765d15bc-420c-4ef0-a804-7e6d48d146fa: cophenetic index 490; 0.8 s; peak memory 635 MiB.
2026-10-06T19:42:51Z INFO [2647/4500] 765e988e-f1cf-4c0a-85a6-02ca1663ae63: cophenetic index 624; 1.2 s; peak memory 635 MiB.
2026-10-06T19:42:52Z INFO [2648/4500] 765e9ac2-1abe-436e-bb84-82b622c32740: cophenetic index 3004; 1.4 s; peak memory 635 MiB.
2026-10-06T19:42:53Z INFO [2649/4500] 765ed047-e158-4edf-80b3-da39cf461301: cophenetic index 490; 1.0 s; peak memory 635 MiB.
2026-10-06T19:42:54Z INFO [2650/4500] 765f0230-9c65-4ac8-87a2-7e1af66a3d24: cophenetic index 624; 1.2 s; peak memory 635 MiB.
2026-10-06T19:42:54Z INFO [2650/4500] 765f0230-9c65-4ac8-87a2-7e1af66a3d24: checkpointed 103745 records.
2026-10-06T19:42:56Z INFO [2651/4500] 765f0c97-527c-414a-b851-b0b39c9a0da2: cophenetic index 3087; 1.5 s; peak memory 635 MiB.
2026-10-06T19:42:59Z INFO [2652/4500] 7661fe9c-8a67-4839-a3b7-78800ad9c87c: cophenetic index 2402; 3.1 s; peak memory 635 MiB.
2026-10-06T19:43:00Z INFO [2653/4500] 76627677-2df3-4c0b-ada3-133896ad4d22: cophenetic index 2974; 1.4 s; peak memory 635 MiB.
2026-10-06T19:43:02Z INFO [2654/4500] 76637885-f882-4abb-897d-eeb2f3327108: cophenetic index 33968; 1.8 s; peak memory 635 MiB.
2026-10-06T19:43:03Z INFO [2655/4500] 76643a45-1c13-4fda-967d-3c3f24b2b290: cophenetic index 1228; 1.0 s; peak memory 635 MiB.
2026-10-06T19:43:05Z INFO [2656/4500] 76655d1e-5c14-420a-8c8d-191b78740a5a: cophenetic index 33998; 2.3 s; peak memory 635 MiB.
2026-10-06T19:43:07Z INFO [2657/4500] 7665fe97-4955-4e89-a666-93f4b29e2b25: cophenetic index 33986; 1.7 s; peak memory 635 MiB.
2026-10-06T19:43:09Z INFO [2658/4500] 76665e9a-d8aa-434b-9ca2-95ffaf1323ad: cophenetic index 605; 1.5 s; peak memory 635 MiB.
2026-10-06T19:43:10Z INFO [2659/4500] 76666439-21ef-48f9-9f41-60e118864f28: cophenetic index 690; 1.0 s; peak memory 635 MiB.
2026-10-06T19:43:13Z INFO [2660/4500] 76671f3f-fb40-4839-a868-8e4e4f236ac4: cophenetic index 5473; 3.6 s; peak memory 635 MiB.
2026-10-06T19:43:17Z INFO [2661/4500] 7668b8ee-87b3-4331-ab0e-87b7c6100640: cophenetic index 5473; 3.6 s; peak memory 635 MiB.
2026-10-06T19:43:18Z INFO [2662/4500] 7668fb8a-8a04-4d12-8115-a873c3e28c89: cophenetic index 1470; 1.0 s; peak memory 635 MiB.
2026-10-06T19:43:19Z INFO [2663/4500] 766942fa-7923-4c39-8c09-738b6424497d: cophenetic index 3004; 1.4 s; peak memory 635 MiB.
2026-10-06T19:43:20Z INFO [2664/4500] 7669531a-e744-4b5d-998e-58b3875d9d08: cophenetic index 627; 1.0 s; peak memory 635 MiB.
2026-10-06T19:43:21Z INFO [2665/4500] 7669e9c7-ef06-4d07-89c6-6fe85a390f09: cophenetic index 490; 0.9 s; peak memory 635 MiB.
2026-10-06T19:43:22Z INFO [2666/4500] 766b2d7b-67bd-4123-a2c7-58eb5da27b2e: cophenetic index 624; 1.2 s; peak memory 635 MiB.
2026-10-06T19:43:24Z INFO [2667/4500] 766b72cc-e41c-419e-9962-3f6e3922b9ce: cophenetic index 3004; 1.5 s; peak memory 635 MiB.
2026-10-06T19:43:26Z INFO [2668/4500] 766b80c0-e225-4fe3-af09-f90b978dabd5: cophenetic index 2625; 2.2 s; peak memory 635 MiB.
2026-10-06T19:43:29Z INFO [2669/4500] 766bc325-416b-4c7e-8584-fd4beaafd227: cophenetic index 2402; 3.3 s; peak memory 635 MiB.
2026-10-06T19:43:30Z INFO [2670/4500] 766bfdb7-43f8-4321-8a51-637405d7c206: cophenetic index 624; 1.1 s; peak memory 635 MiB.
2026-10-06T19:43:32Z INFO [2671/4500] 766e2d6f-7ba1-4f21-9ae6-5bdb31bfaad5: cophenetic index 2005; 2.1 s; peak memory 635 MiB.
2026-10-06T19:43:35Z INFO [2672/4500] 766e2e87-55c2-4683-bdc4-3442f15d43ea: cophenetic index 11481; 2.5 s; peak memory 635 MiB.
2026-10-06T19:43:36Z INFO [2673/4500] 766e3143-f8d7-4b8e-a9a0-626e663ab37b: cophenetic index 624; 1.1 s; peak memory 635 MiB.
2026-10-06T19:43:37Z INFO [2674/4500] 766ee555-c29d-42de-84bb-22322f55c372: cophenetic index 433; 0.8 s; peak memory 635 MiB.
2026-10-06T19:43:39Z INFO [2675/4500] 766f34af-672f-4ee0-b9bc-031fe5b9560b: cophenetic index 13320; 1.7 s; peak memory 635 MiB.
2026-10-06T19:43:40Z INFO [2676/4500] 766fa073-eb2a-437c-b02b-cf762c45d705: cophenetic index 624; 1.1 s; peak memory 635 MiB.
2026-10-06T19:43:41Z INFO [2677/4500] 767007a3-4998-4dac-8d96-6bf0eb8e2fe6: cophenetic index 3004; 1.4 s; peak memory 635 MiB.
2026-10-06T19:43:42Z INFO [2678/4500] 7671a9be-250b-4027-9eba-3afe5cb3752c: cophenetic index 490; 0.9 s; peak memory 635 MiB.
2026-10-06T19:43:44Z INFO [2679/4500] 7671eda3-3450-459a-ad05-85f1cf8a39e1: cophenetic index 3004; 1.5 s; peak memory 635 MiB.
2026-10-06T19:43:47Z INFO [2680/4500] 76738375-0a10-4c4e-aff8-77213f8b27a7: cophenetic index 1733; 3.8 s; peak memory 635 MiB.
2026-10-06T19:43:49Z INFO [2681/4500] 7673e2c7-adde-478e-bd53-05caba115379: cophenetic index 2625; 1.5 s; peak memory 635 MiB.
2026-10-06T19:43:51Z INFO [2682/4500] 76742c59-3965-470b-944f-5a25817364eb: cophenetic index 850; 1.8 s; peak memory 635 MiB.
2026-10-06T19:43:52Z INFO [2683/4500] 76745cba-4e0b-4219-83b5-00e420e04597: cophenetic index 2570; 1.7 s; peak memory 635 MiB.
2026-10-06T19:43:54Z INFO [2684/4500] 7674d9be-3a57-451b-94eb-264dc5929c67: cophenetic index 3087; 1.4 s; peak memory 635 MiB.
2026-10-06T19:43:57Z INFO [2685/4500] 76761553-e479-4c83-a02d-fb3a16485848: cophenetic index 2391; 3.3 s; peak memory 635 MiB.
2026-10-06T19:43:59Z INFO [2686/4500] 76771d62-f218-42d0-8b10-990599779524: cophenetic index 2625; 1.8 s; peak memory 635 MiB.
2026-10-06T19:44:00Z INFO [2687/4500] 76783bf0-c991-4eec-9ca3-1fbcfdda1dbc: cophenetic index 593; 1.4 s; peak memory 635 MiB.
2026-10-06T19:44:02Z INFO [2688/4500] 76789746-4564-46c4-b273-c67454858787: cophenetic index 3087; 1.2 s; peak memory 635 MiB.
2026-10-06T19:44:04Z INFO [2689/4500] 76794ba7-c343-49f8-b44e-ae4932da726c: cophenetic index 797; 2.5 s; peak memory 635 MiB.
2026-10-06T19:44:06Z INFO [2690/4500] 76794f56-dd83-4612-8e98-20de21c57e72: cophenetic index 1570; 2.0 s; peak memory 635 MiB.
2026-10-06T19:44:07Z INFO [2691/4500] 7679f3b1-bda0-4277-90e9-4af26aa7e2f0: cophenetic index 33986; 1.4 s; peak memory 635 MiB.
2026-10-06T19:44:08Z INFO [2692/4500] 767a6f6c-595a-41b9-bb3e-daef420af069: cophenetic index 690; 1.1 s; peak memory 635 MiB.
2026-10-06T19:44:10Z INFO [2693/4500] 767b28cb-1713-41ab-93fd-c625dcdd0f60: cophenetic index 624; 1.3 s; peak memory 635 MiB.
2026-10-06T19:44:11Z INFO [2694/4500] 767b86d2-1bad-4ca4-8075-7e44f35b0b84: cophenetic index 2974; 1.6 s; peak memory 635 MiB.
2026-10-06T19:44:12Z INFO [2695/4500] 767bd4d2-84be-47c4-9da2-c922a171f7b4: cophenetic index 490; 0.8 s; peak memory 635 MiB.
2026-10-06T19:44:13Z INFO [2696/4500] 767c107e-9ccd-49ba-9c22-1571e3b6aeca: cophenetic index 560; 0.9 s; peak memory 635 MiB.
2026-10-06T19:44:14Z INFO [2697/4500] 767c8428-f9eb-4fd2-9198-b95a46ec9278: cophenetic index 560; 1.0 s; peak memory 635 MiB.
2026-10-06T19:44:16Z INFO [2698/4500] 767c8e66-969f-4cf7-8938-e7b07335709d: cophenetic index 33986; 1.5 s; peak memory 635 MiB.
2026-10-06T19:44:25Z INFO [2699/4500] 767da96e-7468-45b6-9c5e-b091731f3009: cophenetic index 161944; 9.8 s; peak memory 635 MiB.
2026-10-06T19:44:27Z INFO [2700/4500] 767dc625-1114-4ff5-aa0b-b7d63f5c7f6b: cophenetic index 766; 1.4 s; peak memory 635 MiB.
2026-10-06T19:44:27Z INFO [2700/4500] 767dc625-1114-4ff5-aa0b-b7d63f5c7f6b: checkpointed 103795 records.
2026-10-06T19:44:33Z INFO [2701/4500] 767e8076-386b-42f3-8830-2a340c5d8fb9: cophenetic index 9298; 6.1 s; peak memory 635 MiB.
2026-10-06T19:44:34Z INFO [2702/4500] 767edbb4-8b77-49bb-b026-dede6df62742: cophenetic index 624; 1.2 s; peak memory 635 MiB.
2026-10-06T19:44:35Z INFO [2703/4500] 767f148b-eadb-46c7-863c-e9b61583ba38: cophenetic index 560; 1.0 s; peak memory 635 MiB.
2026-10-06T19:44:37Z INFO [2704/4500] 767f48ff-f7c3-4d89-9939-1ede0d2ffa41: cophenetic index 2974; 1.3 s; peak memory 635 MiB.
2026-10-06T19:44:38Z INFO [2705/4500] 767fb4d8-03c1-4c1b-8cc3-a4193ad31b81: cophenetic index 494; 1.0 s; peak memory 635 MiB.
2026-10-06T19:44:39Z INFO [2706/4500] 767fd09f-062d-4c6d-97ca-9b25d31cfd22: cophenetic index 2496; 1.6 s; peak memory 635 MiB.
2026-10-06T19:44:41Z INFO [2707/4500] 76801eb2-2619-498f-a07b-f88a2e4eb2b2: cophenetic index 3004; 1.4 s; peak memory 635 MiB.
2026-10-06T19:44:42Z INFO [2708/4500] 7680ceb8-8334-4899-8519-701815fbd1c2: cophenetic index 33998; 1.6 s; peak memory 635 MiB.
2026-10-06T19:45:41Z INFO [2709/4500] 76811231-10da-4ba6-86b4-8b45214d8fd4: cophenetic index 198803786; 59.3 s; peak memory 635 MiB.
2026-10-06T19:45:43Z INFO [2710/4500] 76814e0f-2e52-4a67-82ca-bd9a06d52d73: cophenetic index 624; 1.2 s; peak memory 635 MiB.
2026-10-06T19:45:44Z INFO [2711/4500] 7681b0c8-90dd-4523-b575-de1070e6dd2f: cophenetic index 448; 1.0 s; peak memory 635 MiB.
2026-10-06T19:45:45Z INFO [2712/4500] 76843d97-2b1a-4bf7-806e-96ae2231e1e5: cophenetic index 2551; 1.4 s; peak memory 635 MiB.
2026-10-06T19:45:46Z INFO [2713/4500] 7685a7e2-e2ef-48a8-8a2b-71820da5833d: cophenetic index 624; 1.1 s; peak memory 635 MiB.
2026-10-06T19:45:50Z INFO [2714/4500] 7685e74d-1d63-4c7a-a7d9-56738ade5b68: cophenetic index 1721; 4.2 s; peak memory 635 MiB.
2026-10-06T19:45:52Z INFO [2715/4500] 76866bd3-08cd-4028-af31-a430ae7e6049: cophenetic index 489; 1.2 s; peak memory 635 MiB.
2026-10-06T19:46:00Z INFO [2716/4500] 7686e214-ad58-4e14-a9ba-b0f3521b21b6: cophenetic index 5466; 8.1 s; peak memory 635 MiB.
2026-10-06T19:46:03Z INFO [2717/4500] 76875ff2-1cc9-46a6-8364-48bdd413fd10: cophenetic index 5473; 3.8 s; peak memory 635 MiB.
2026-10-06T19:46:05Z INFO [2718/4500] 7687684f-7fc9-4f3d-9a2f-48840422d697: cophenetic index 624; 1.3 s; peak memory 635 MiB.
2026-10-06T19:46:15Z INFO [2719/4500] 7687a509-0531-4e05-9ccc-a78050b04c58: cophenetic index 90576; 10.1 s; peak memory 635 MiB.
2026-10-06T19:46:16Z INFO [2720/4500] 7687d25f-a1d5-4007-9e13-53ca5aa01ec1: cophenetic index 624; 1.2 s; peak memory 635 MiB.
2026-10-06T19:46:17Z INFO [2721/4500] 7688ff9d-9fd9-413e-8e54-8e17efc5c074: cophenetic index 624; 1.1 s; peak memory 635 MiB.
2026-10-06T19:46:26Z INFO [2722/4500] 7689528e-7d2d-4af3-a242-c9b1c88b168e: cophenetic index 15817; 9.0 s; peak memory 635 MiB.
2026-10-06T19:46:32Z INFO [2723/4500] 768ab0ad-f606-49d2-a14b-cfaf006a720d: cophenetic index 87573; 5.3 s; peak memory 635 MiB.
2026-10-06T19:46:32Z INFO [2724/4500] 768ac088-dd02-4538-89a1-7d98c84826f3: cophenetic index 490; 0.8 s; peak memory 635 MiB.
2026-10-06T19:46:34Z INFO [2725/4500] 768c5306-16a9-4fbe-a60e-5d14e94d2c78: cophenetic index 2625; 2.1 s; peak memory 635 MiB.
2026-10-06T19:46:36Z INFO [2726/4500] 768db24f-6e5d-457e-9a6d-8d9c41ad3147: cophenetic index 3004; 1.4 s; peak memory 635 MiB.
2026-10-06T19:46:37Z INFO [2727/4500] 768e1cbc-0b57-4f83-ba20-c4571daba286: cophenetic index 624; 1.4 s; peak memory 635 MiB.
2026-10-06T19:46:45Z INFO [2728/4500] 768e2b7e-37c6-4ed9-90e0-cc9f47a6b4f6: cophenetic index 60004; 7.4 s; peak memory 635 MiB.
2026-10-06T19:46:46Z INFO [2729/4500] 768f5d7e-9239-40f0-a934-59cddc8dffb3: cophenetic index 766; 1.6 s; peak memory 635 MiB.
2026-10-06T19:46:48Z INFO [2730/4500] 768fb859-b5af-4b86-a64c-fb21adfb08a1: cophenetic index 431; 1.5 s; peak memory 635 MiB.
2026-10-06T19:46:49Z INFO [2731/4500] 769095ed-f597-44d2-9fdd-156e2ae574b4: cophenetic index 681; 1.0 s; peak memory 635 MiB.
2026-10-06T19:46:50Z INFO [2732/4500] 7690c1ff-f914-46c5-ae48-de7d3c648e41: cophenetic index 490; 0.9 s; peak memory 635 MiB.
2026-10-06T19:46:51Z INFO [2733/4500] 7690ebd2-2281-4728-bdfc-bbf299acf632: cophenetic index 521; 1.2 s; peak memory 635 MiB.
2026-10-06T19:46:53Z INFO [2734/4500] 7691899e-e81f-43e6-924b-8efc98dafd64: cophenetic index 2625; 1.7 s; peak memory 635 MiB.
2026-10-06T19:47:01Z INFO [2735/4500] 7692ba5d-d008-4d37-94ff-5875438b5065: cophenetic index 168792; 8.7 s; peak memory 635 MiB.
2026-10-06T19:47:09Z INFO [2736/4500] 7692f568-7e17-45e0-92fc-2f723ea8fd6a: cophenetic index 9548; 7.7 s; peak memory 635 MiB.
2026-10-06T19:47:11Z INFO [2737/4500] 76937601-9fbd-48bd-9e5f-059e144c30e3: cophenetic index 766; 1.7 s; peak memory 635 MiB.
2026-10-06T19:47:12Z INFO [2738/4500] 7693832b-e0d4-41da-a048-0710268c2b4c: cophenetic index 1949; 1.2 s; peak memory 635 MiB.
2026-10-06T19:47:13Z INFO [2739/4500] 7693e3bc-1047-452b-b99d-70295512bc69: cophenetic index 624; 1.2 s; peak memory 635 MiB.
2026-10-06T19:47:15Z INFO [2740/4500] 76947c97-2886-4d13-ae24-0f9cdf2d5009: cophenetic index 33968; 1.6 s; peak memory 635 MiB.
2026-10-06T19:47:16Z INFO [2741/4500] 7694bfcf-d508-40cd-b163-a733a9439a92: cophenetic index 579; 1.0 s; peak memory 635 MiB.
2026-10-06T19:47:17Z INFO [2742/4500] 7695ee05-9332-4e3b-ad35-492dd88c50c4: cophenetic index 3004; 1.5 s; peak memory 635 MiB.
2026-10-06T19:47:18Z INFO [2743/4500] 7696372e-5db7-4651-b989-426e6a0562b7: cophenetic index 690; 1.1 s; peak memory 635 MiB.
2026-10-06T19:47:36Z INFO [2744/4500] 76966b55-339e-4d87-9eca-aaceebd1be0d: cophenetic index 654159; 17.4 s; peak memory 635 MiB.
2026-10-06T19:47:37Z INFO [2745/4500] 76969474-0b39-42fc-b78a-644485dcbb41: cophenetic index 624; 1.4 s; peak memory 635 MiB.
2026-10-06T19:47:39Z INFO [2746/4500] 76970b3d-46e6-4601-b1d7-804cc4d9b8c1: cophenetic index 3972; 1.7 s; peak memory 635 MiB.
2026-10-06T19:47:40Z INFO [2747/4500] 769830e2-70a8-4590-bb52-a2acb7061005: cophenetic index 624; 1.1 s; peak memory 635 MiB.
2026-10-06T19:47:41Z INFO [2748/4500] 76999ed8-4106-4528-a640-4c83ca34e7d0: cophenetic index 624; 1.2 s; peak memory 635 MiB.
2026-10-06T19:47:43Z INFO [2749/4500] 7699d95e-459e-45e5-8963-5a103414bc14: cophenetic index 23864; 1.7 s; peak memory 635 MiB.
2026-10-06T19:47:44Z INFO [2750/4500] 769a74ea-1cef-4784-b7a3-4433985f5d80: cophenetic index 3004; 1.4 s; peak memory 635 MiB.
2026-10-06T19:47:44Z INFO [2750/4500] 769a74ea-1cef-4784-b7a3-4433985f5d80: checkpointed 103845 records.
2026-10-06T19:47:46Z INFO [2751/4500] 769b3c40-68c9-479b-928b-d362b28454a2: cophenetic index 624; 1.2 s; peak memory 635 MiB.
2026-10-06T19:47:46Z INFO [2752/4500] 769b902d-b33c-4375-ac58-930a853ab0ea: cophenetic index 446; 0.7 s; peak memory 635 MiB.
2026-10-06T19:47:48Z INFO [2753/4500] 769b9942-04ff-41f9-b346-00698e1d5808: cophenetic index 2570; 1.7 s; peak memory 635 MiB.
2026-10-06T19:47:49Z INFO [2754/4500] 769bd1c5-1c8b-468e-bec0-65f4c9f9c46c: cophenetic index 2923; 1.2 s; peak memory 635 MiB.
2026-10-06T19:47:51Z INFO [2755/4500] 769cd67b-2e4c-4666-88f5-79e07b6d4953: cophenetic index 18208; 1.7 s; peak memory 635 MiB.
2026-10-06T19:47:53Z INFO [2756/4500] 769d4e8e-079c-4370-84ad-3c3bde5bb119: cophenetic index 33986; 1.7 s; peak memory 635 MiB.
2026-10-06T19:47:58Z INFO [2757/4500] 769db03e-ee75-4d51-b2ae-ef5049a51cd3: cophenetic index 6412; 4.9 s; peak memory 635 MiB.
2026-10-06T19:48:07Z INFO [2758/4500] 769e071d-4d36-45bd-8e29-1a90b1fac2d7: cophenetic index 258905; 9.9 s; peak memory 635 MiB.
2026-10-06T19:48:08Z INFO [2759/4500] 769e3a9a-48db-462e-aaf8-5acd7da59c15: cophenetic index 1228; 0.9 s; peak memory 635 MiB.
2026-10-06T19:48:11Z INFO [2760/4500] 769e53ab-44c9-4949-99b8-61aa6caad0b2: cophenetic index 895; 2.2 s; peak memory 635 MiB.
2026-10-06T19:48:12Z INFO [2761/4500] 769e8c1f-384b-45aa-9245-4031325cc741: cophenetic index 624; 1.3 s; peak memory 635 MiB.
2026-10-06T19:48:15Z INFO [2762/4500] 769f1643-e1b0-4fcf-9199-161d80bba897: cophenetic index 2402; 2.8 s; peak memory 635 MiB.
2026-10-06T19:48:27Z INFO [2763/4500] 769f75c9-1c89-4fe1-a3a9-e16833e6d71f: cophenetic index 341421; 12.4 s; peak memory 635 MiB.
2026-10-06T19:48:28Z INFO [2764/4500] 769f9d4b-cb33-42ef-8323-5e3ab7817081: cophenetic index 2932; 1.2 s; peak memory 635 MiB.
2026-10-06T19:48:30Z INFO [2765/4500] 76a0448b-b7b3-4e28-94fa-5e4b077cf569: cophenetic index 2724; 1.9 s; peak memory 635 MiB.
2026-10-06T19:48:32Z INFO [2766/4500] 76a14f8a-a48c-4278-89cc-2a0b85ad8491: cophenetic index 33986; 1.7 s; peak memory 635 MiB.
2026-10-06T19:48:56Z INFO [2767/4500] 76a213b2-e0f6-4f35-8962-af9e262a5192: cophenetic index 58288; 23.8 s; peak memory 635 MiB.
2026-10-06T19:48:57Z INFO [2768/4500] 76a29b1d-1834-4721-9c93-e683c49874cb: cophenetic index 624; 1.1 s; peak memory 635 MiB.
2026-10-06T19:48:58Z INFO [2769/4500] 76a2ac73-400b-46a0-b150-1df1bb747ba6: cophenetic index 624; 1.1 s; peak memory 635 MiB.
2026-10-06T19:49:00Z INFO [2770/4500] 76a340c2-aa83-46d8-b176-0234913e3fa6: cophenetic index 2625; 1.8 s; peak memory 635 MiB.
2026-10-06T19:49:01Z INFO [2771/4500] 76a39193-84ce-4ac8-933f-5d3b85f5417e: cophenetic index 33968; 1.8 s; peak memory 635 MiB.
2026-10-06T19:49:03Z INFO [2772/4500] 76a475c4-1cd8-45ec-8ee2-33594a371340: cophenetic index 624; 1.1 s; peak memory 635 MiB.
2026-10-06T19:49:04Z INFO [2773/4500] 76a53aca-c20d-4a0c-8556-f1b9158aa005: cophenetic index 2625; 1.7 s; peak memory 635 MiB.
2026-10-06T19:49:11Z INFO [2774/4500] 76a5aed3-02c0-4280-a275-0a0dd567d8bf: cophenetic index 436097; 6.6 s; peak memory 635 MiB.
2026-10-06T19:49:12Z INFO [2775/4500] 76a5b6d4-4c46-4cbf-9ad2-43c7b038371d: cophenetic index 3004; 1.4 s; peak memory 635 MiB.
2026-10-06T19:49:13Z INFO [2776/4500] 76a6889a-4d6b-4298-a328-343fa5178f2f: cophenetic index 624; 1.1 s; peak memory 635 MiB.
2026-10-06T19:49:15Z INFO [2777/4500] 76a6a9ab-617e-4a31-9590-c8f2ee55f32f: cophenetic index 434; 1.2 s; peak memory 635 MiB.
2026-10-06T19:49:21Z INFO [2778/4500] 76a6f0e2-0396-4596-887f-d5d3bb38dd98: cophenetic index 9548; 6.0 s; peak memory 635 MiB.
2026-10-06T19:49:21Z INFO [2779/4500] 76a71fd1-45dc-42c2-ab3a-ad81055eebfd: cophenetic index 401; 0.8 s; peak memory 635 MiB.
2026-10-06T19:49:22Z INFO [2780/4500] 76a7347b-f02f-4772-8414-1670d0ec7211: cophenetic index 624; 1.1 s; peak memory 635 MiB.
2026-10-06T19:49:25Z INFO [2781/4500] 76a7fe30-0d26-4e23-97e0-e946a28a7bdc: cophenetic index 23259; 2.2 s; peak memory 635 MiB.
2026-10-06T19:49:26Z INFO [2782/4500] 76a87975-4ae5-4ca9-9261-d559dc837a90: cophenetic index 649; 1.3 s; peak memory 635 MiB.
2026-10-06T19:49:28Z INFO [2783/4500] 76aa8735-a807-478d-b5e2-a6b7e4fc7e49: cophenetic index 653; 2.2 s; peak memory 635 MiB.
2026-10-06T19:49:29Z INFO [2784/4500] 76aaf9bc-3557-4c33-8058-3358f031e4c0: cophenetic index 539; 1.1 s; peak memory 635 MiB.
2026-10-06T19:49:30Z INFO [2785/4500] 76ab064b-3c5e-4308-b9e8-972b761a4259: cophenetic index 431; 1.1 s; peak memory 635 MiB.
2026-10-06T19:49:33Z INFO [2786/4500] 76ab303e-595e-4729-ab7f-45fadd249c47: cophenetic index 895; 2.6 s; peak memory 635 MiB.
2026-10-06T19:49:35Z INFO [2787/4500] 76ac33d4-d1b0-4dc8-8193-187bf20683f6: cophenetic index 2625; 1.7 s; peak memory 635 MiB.
2026-10-06T19:49:36Z INFO [2788/4500] 76adc4f2-c70f-4f96-b02b-57328f5534b3: cophenetic index 2625; 1.4 s; peak memory 635 MiB.
2026-10-06T19:49:46Z INFO [2789/4500] 76addd0b-40fe-4ee0-958a-ac29c32af7cd: cophenetic index 123674; 9.4 s; peak memory 635 MiB.
2026-10-06T19:49:47Z INFO [2790/4500] 76adf131-1ee3-47fb-9556-2f61f8c7c37c: cophenetic index 624; 1.3 s; peak memory 635 MiB.
2026-10-06T19:49:49Z INFO [2791/4500] 76ae8b3e-54d1-4614-a24e-4cce6bf1ee40: cophenetic index 99120; 1.7 s; peak memory 635 MiB.
2026-10-06T19:49:49Z INFO [2792/4500] 76aea87d-9be2-44a0-9302-bef39934271d: cophenetic index 729; 0.9 s; peak memory 635 MiB.
2026-10-06T19:50:07Z INFO [2793/4500] 76affd44-8f48-4d51-bfd4-66cbd95faf1e: cophenetic index 284018; 17.9 s; peak memory 635 MiB.
2026-10-06T19:50:09Z INFO [2794/4500] 76b01458-1b78-400e-9e84-c8520b59209e: cophenetic index 624; 1.3 s; peak memory 635 MiB.
2026-10-06T19:50:10Z INFO [2795/4500] 76b0420b-df9e-4c32-849e-8dca418feeef: cophenetic index 624; 1.1 s; peak memory 635 MiB.
2026-10-06T19:50:11Z INFO [2796/4500] 76b07f49-13ef-4447-9355-88137aabaedb: cophenetic index 624; 1.2 s; peak memory 635 MiB.
2026-10-06T19:50:12Z INFO [2797/4500] 76b1134f-2fa5-4818-a19f-cb65eb4baa10: cophenetic index 446; 0.8 s; peak memory 635 MiB.
2026-10-06T19:50:13Z INFO [2798/4500] 76b12613-95ff-4cc6-8cbf-c5bb6732f99b: cophenetic index 3087; 1.6 s; peak memory 635 MiB.
2026-10-06T19:50:15Z INFO [2799/4500] 76b12c31-d857-479a-bee0-b3d104c21cfb: cophenetic index 2625; 2.0 s; peak memory 635 MiB.
2026-10-06T19:50:17Z INFO [2800/4500] 76b1661c-8ad4-46fa-a839-ca3b860a53ed: cophenetic index 1130; 1.9 s; peak memory 635 MiB.
2026-10-06T19:50:17Z INFO [2800/4500] 76b1661c-8ad4-46fa-a839-ca3b860a53ed: checkpointed 103895 records.
2026-10-06T19:50:19Z INFO [2801/4500] 76b1d183-03fb-47f0-a3f9-b7fdc9d0afaa: cophenetic index 2551; 1.9 s; peak memory 635 MiB.
2026-10-06T19:50:20Z INFO [2802/4500] 76b1d75f-1c40-4ad4-8680-23b779bedb87: cophenetic index 624; 1.2 s; peak memory 635 MiB.
2026-10-06T19:50:22Z INFO [2803/4500] 76b263d0-929f-4a81-86d4-b05d80d4da37: cophenetic index 431; 1.3 s; peak memory 635 MiB.
2026-10-06T19:50:24Z INFO [2804/4500] 76b2a092-c930-4c9c-959d-462ed40506ab: cophenetic index 33998; 2.2 s; peak memory 635 MiB.
2026-10-06T19:50:25Z INFO [2805/4500] 76b43945-8b11-4437-9e16-bfc9a7b39243: cophenetic index 624; 1.1 s; peak memory 635 MiB.
2026-10-06T19:50:27Z INFO [2806/4500] 76b495a9-5017-4ec2-b779-8dd3717bffbb: cophenetic index 766; 1.6 s; peak memory 635 MiB.
2026-10-06T19:50:28Z INFO [2807/4500] 76b4c354-9368-48b9-8f2f-e1487adfaade: cophenetic index 624; 1.1 s; peak memory 635 MiB.
2026-10-06T19:50:29Z INFO [2808/4500] 76b58fb6-ac9f-4757-b3fe-2b60f570701c: cophenetic index 624; 1.2 s; peak memory 635 MiB.
2026-10-06T19:50:32Z INFO [2809/4500] 76b5c74c-82bd-4759-a165-d2947f3da56b: cophenetic index 5473; 3.3 s; peak memory 635 MiB.
2026-10-06T19:50:34Z INFO [2810/4500] 76b638d5-38ed-4dbd-9df5-c82dd9943aa5: cophenetic index 2625; 1.6 s; peak memory 635 MiB.
2026-10-06T19:50:35Z INFO [2811/4500] 76b7cd89-3277-4411-b31f-8b5cfa0a6827: cophenetic index 2974; 1.4 s; peak memory 635 MiB.
2026-10-06T19:50:37Z INFO [2812/4500] 76b81116-fb83-4d81-b28f-1ffe1e6660be: cophenetic index 2625; 1.7 s; peak memory 635 MiB.
2026-10-06T19:50:39Z INFO [2813/4500] 76b814c9-8bb1-4016-bf8e-f167446d901f: cophenetic index 2974; 1.6 s; peak memory 635 MiB.
2026-10-06T19:50:44Z INFO [2814/4500] 76b839c9-6a29-4f79-b7e7-ba4973bcba7f: cophenetic index 9548; 5.8 s; peak memory 635 MiB.
2026-10-06T19:50:50Z INFO [2815/4500] 76b8a8e6-6909-4c21-bd8e-8ad008d8f7f7: cophenetic index 554033; 5.6 s; peak memory 635 MiB.
2026-10-06T19:50:51Z INFO [2816/4500] 76b8b945-0315-473b-8864-c72891bd1426: cophenetic index 649; 1.2 s; peak memory 635 MiB.
2026-10-06T19:51:06Z INFO [2817/4500] 76b98e17-6785-4acf-82c5-5cbfc75430f1: cophenetic index 146646; 15.3 s; peak memory 635 MiB.
2026-10-06T19:51:08Z INFO [2818/4500] 76b9ad3b-0370-4079-9d11-fc6e6a156820: cophenetic index 448; 1.1 s; peak memory 635 MiB.
2026-10-06T19:51:09Z INFO [2819/4500] 76b9d2ce-3b7a-4b75-ba07-8b693e4f7502: cophenetic index 3004; 1.4 s; peak memory 635 MiB.
2026-10-06T19:51:10Z INFO [2820/4500] 76b9e8ec-f2dd-4406-8cd7-ab99f46a86dc: cophenetic index 3004; 1.4 s; peak memory 635 MiB.
2026-10-06T19:51:18Z INFO [2821/4500] 76bad415-c50e-474c-8146-0f695bb656ca: cophenetic index 118778; 8.0 s; peak memory 635 MiB.
2026-10-06T19:51:19Z INFO [2822/4500] 76bae2c6-b0b1-4139-b353-a471aa8ad63f: cophenetic index 624; 1.1 s; peak memory 635 MiB.
2026-10-06T19:51:21Z INFO [2823/4500] 76bb8df3-40a1-4d1f-b203-11bb02b99aeb: cophenetic index 937; 1.4 s; peak memory 635 MiB.
2026-10-06T19:51:23Z INFO [2824/4500] 76bbaa86-30d7-48b1-91dc-e44b43962d0f: cophenetic index 2724; 1.8 s; peak memory 635 MiB.
2026-10-06T19:51:24Z INFO [2825/4500] 76bdb126-b3a6-4c98-bbb1-a443388db391: cophenetic index 3004; 1.3 s; peak memory 635 MiB.
2026-10-06T19:51:25Z INFO [2826/4500] 76be8e8a-c902-43ac-8c39-66bfed5aa567: cophenetic index 649; 1.2 s; peak memory 635 MiB.
2026-10-06T19:51:26Z INFO [2827/4500] 76bea0f2-9b3b-4ba6-99f8-fcd17f87b495: cophenetic index 624; 1.1 s; peak memory 635 MiB.
2026-10-06T19:51:27Z INFO [2828/4500] 76bed660-06a0-4739-99ed-01de307fad70: cophenetic index 23954; 1.3 s; peak memory 635 MiB.
2026-10-06T19:51:29Z INFO [2829/4500] 76bf0f44-d6a3-4667-ab5b-670f65159552: cophenetic index 2974; 1.3 s; peak memory 635 MiB.
2026-10-06T19:51:30Z INFO [2830/4500] 76bfdb48-2b8e-4d27-ae3e-1fd45292f71b: cophenetic index 651; 0.9 s; peak memory 635 MiB.
2026-10-06T19:51:56Z INFO [2831/4500] 76bfe2db-40e3-4eac-b5c7-facb33a6d53e: cophenetic index 58288; 26.5 s; peak memory 635 MiB.
2026-10-06T19:51:58Z INFO [2832/4500] 76c053a7-a814-4722-b5c3-2eebfeb14c4a: cophenetic index 3057; 1.4 s; peak memory 635 MiB.
2026-10-06T19:52:04Z INFO [2833/4500] 76c0923d-2706-4615-b3a5-f2c897d5d999: cophenetic index 64759; 6.2 s; peak memory 635 MiB.
2026-10-06T19:52:05Z INFO [2834/4500] 76c167df-e79e-4ffc-8e0e-bf0ff1212693: cophenetic index 624; 1.2 s; peak memory 635 MiB.
2026-10-06T19:52:06Z INFO [2835/4500] 76c2d860-0a22-464e-9264-c8e251a85674: cophenetic index 645; 1.2 s; peak memory 635 MiB.
2026-10-06T19:52:07Z INFO [2836/4500] 76c2f72c-b0a1-4198-898d-559dc8650f42: cophenetic index 624; 1.2 s; peak memory 635 MiB.
2026-10-06T19:52:51Z INFO [2837/4500] 76c401c5-9e7a-4fb8-929e-f0fa51de434b: cophenetic index 39316112; 43.9 s; peak memory 635 MiB.
2026-10-06T19:52:52Z INFO [2838/4500] 76c43363-ea5e-4314-8611-ed814393ebe9: cophenetic index 490; 0.8 s; peak memory 635 MiB.
2026-10-06T19:52:54Z INFO [2839/4500] 76c4418a-9039-4d4b-9888-bca982b914b6: cophenetic index 3004; 1.5 s; peak memory 635 MiB.
2026-10-06T19:52:55Z INFO [2840/4500] 76c471ff-c200-401c-9d96-aabd5c10acb3: cophenetic index 490; 0.9 s; peak memory 635 MiB.
2026-10-06T19:52:56Z INFO [2841/4500] 76c4f052-5650-4419-b180-098e74e82c5e: cophenetic index 490; 1.3 s; peak memory 635 MiB.
2026-10-06T19:52:57Z INFO [2842/4500] 76c537eb-4816-443c-ac3f-32c47a1badcb: cophenetic index 624; 1.1 s; peak memory 635 MiB.
2026-10-06T19:52:59Z INFO [2843/4500] 76c5d31a-f7e3-4e02-bccb-eb139cdc1142: cophenetic index 1380; 1.6 s; peak memory 635 MiB.
2026-10-06T19:53:00Z INFO [2844/4500] 76c66c87-f0e9-4e4a-9227-c561a75ebeb0: cophenetic index 624; 1.3 s; peak memory 635 MiB.
2026-10-06T19:53:01Z INFO [2845/4500] 76c8ddf1-5acd-4f4f-b57f-6f4630fb4c54: cophenetic index 3087; 1.4 s; peak memory 635 MiB.
2026-10-06T19:53:03Z INFO [2846/4500] 76ca187a-667c-4e35-9b79-e7d664b57043: cophenetic index 2625; 1.9 s; peak memory 635 MiB.
2026-10-06T19:53:07Z INFO [2847/4500] 76cae961-078a-4bc4-99e5-3e9c62c4db8c: cophenetic index 3045; 4.2 s; peak memory 635 MiB.
2026-10-06T19:53:22Z INFO [2848/4500] 76cc86f1-d549-45b8-9bf7-ad6e1f908414: cophenetic index 110220; 14.8 s; peak memory 635 MiB.
2026-10-06T19:53:27Z INFO [2849/4500] 76cc901d-c1cb-4e94-933d-d1f6cf237a28: cophenetic index 17067; 4.6 s; peak memory 635 MiB.
2026-10-06T19:53:28Z INFO [2850/4500] 76cc974c-f8b9-450a-aad2-50135f0ee99a: cophenetic index 1006; 1.5 s; peak memory 635 MiB.
2026-10-06T19:53:28Z INFO [2850/4500] 76cc974c-f8b9-450a-aad2-50135f0ee99a: checkpointed 103945 records.
2026-10-06T19:53:29Z INFO [2851/4500] 76cc991b-2b2b-4827-a515-d7d8a41bc09d: cophenetic index 560; 1.0 s; peak memory 635 MiB.
2026-10-06T19:53:30Z INFO [2852/4500] 76cc9c46-6f44-4dc2-9019-b66891271b23: cophenetic index 624; 1.1 s; peak memory 635 MiB.
2026-10-06T19:53:32Z INFO [2853/4500] 76cd2692-0c8d-4ff0-a8ef-9c85a99cb858: cophenetic index 624; 1.2 s; peak memory 635 MiB.
2026-10-06T19:53:33Z INFO [2854/4500] 76cd7880-a861-4002-9aeb-30fc8cf9bb99: cophenetic index 624; 1.2 s; peak memory 635 MiB.
2026-10-06T19:53:34Z INFO [2855/4500] 76cd7a32-c5a6-4458-8886-3b76b754df62: cophenetic index 627; 1.2 s; peak memory 635 MiB.
2026-10-06T19:53:35Z INFO [2856/4500] 76cdd454-a8f9-4bbb-9294-cd6251d497c1: cophenetic index 907; 1.1 s; peak memory 635 MiB.
2026-10-06T19:53:43Z INFO [2857/4500] 76cde1a2-a0ac-4624-bdd8-101a57d95923: cophenetic index 87573; 7.7 s; peak memory 635 MiB.
2026-10-06T19:53:44Z INFO [2858/4500] 76cde82b-52f3-4bda-9086-64ef8ea57be1: cophenetic index 3004; 1.3 s; peak memory 635 MiB.
2026-10-06T19:53:46Z INFO [2859/4500] 76ce22e0-7bad-4b65-9891-1c41ee73725a: cophenetic index 3004; 1.5 s; peak memory 635 MiB.
2026-10-06T19:53:47Z INFO [2860/4500] 76cebc59-7396-467b-85e4-031ea9d73926: cophenetic index 624; 1.2 s; peak memory 635 MiB.
2026-10-06T19:53:49Z INFO [2861/4500] 76cfae02-a2b1-41cb-a9a5-e50228ffb06e: cophenetic index 2105; 2.3 s; peak memory 635 MiB.
2026-10-06T19:53:50Z INFO [2862/4500] 76d0aa06-f5e3-4e17-b115-f1b3e8c5d5fe: cophenetic index 554; 1.3 s; peak memory 635 MiB.
2026-10-06T19:53:51Z INFO [2863/4500] 76d13e65-64ae-4a0c-9600-b57c712fb9f2: cophenetic index 624; 1.1 s; peak memory 635 MiB.
2026-10-06T19:53:53Z INFO [2864/4500] 76d1c001-8fcd-4083-b406-ba103467deb5: cophenetic index 624; 1.2 s; peak memory 635 MiB.
2026-10-06T19:53:54Z INFO [2865/4500] 76d2e1fa-8c0f-4ee9-989c-d5eb156576a9: cophenetic index 3087; 1.4 s; peak memory 635 MiB.
2026-10-06T19:53:56Z INFO [2866/4500] 76d35fdd-66d1-4c15-b32c-353431384e60: cophenetic index 33968; 1.8 s; peak memory 635 MiB.
2026-10-06T19:53:57Z INFO [2867/4500] 76d405af-3eac-4b4c-aa99-6a0a7c610ec4: cophenetic index 624; 1.1 s; peak memory 635 MiB.
2026-10-06T19:53:58Z INFO [2868/4500] 76d5c5d0-5054-461e-88be-68300ca90a88: cophenetic index 579; 0.9 s; peak memory 635 MiB.
2026-10-06T19:54:01Z INFO [2869/4500] 76d601f2-e56e-4b19-9fda-b3dcfbb7060a: cophenetic index 2402; 2.7 s; peak memory 635 MiB.
2026-10-06T19:54:13Z INFO [2870/4500] 76d65d05-4af0-4242-bb2a-8e7ae4c885b3: cophenetic index 192411; 12.8 s; peak memory 635 MiB.
2026-10-06T19:54:14Z INFO [2871/4500] 76d67e00-ed3f-40f5-b6a0-927735b88618: cophenetic index 624; 1.1 s; peak memory 635 MiB.
2026-10-06T19:54:16Z INFO [2872/4500] 76d6eb22-614b-433a-a6ea-539a0701a049: cophenetic index 624; 1.3 s; peak memory 635 MiB.
2026-10-06T19:54:18Z INFO [2873/4500] 76d85680-504f-4188-a64d-b83d87fff5aa: cophenetic index 4296; 2.2 s; peak memory 635 MiB.
2026-10-06T19:54:27Z INFO [2874/4500] 76d85982-39fa-4d21-a157-2352191cfe65: cophenetic index 33285; 8.9 s; peak memory 635 MiB.
2026-10-06T19:54:29Z INFO [2875/4500] 76d8ba83-71de-45e0-98b0-3a0ce05aa53a: cophenetic index 895; 2.4 s; peak memory 635 MiB.
2026-10-06T19:54:31Z INFO [2876/4500] 76d975ac-ea83-4094-837c-a89e80f32f96: cophenetic index 624; 1.2 s; peak memory 635 MiB.
2026-10-06T19:54:33Z INFO [2877/4500] 76da0dff-620c-44c4-a1f8-e1b7ab7c3163: cophenetic index 959; 2.7 s; peak memory 635 MiB.
2026-10-06T19:54:34Z INFO [2878/4500] 76da3cd7-c250-45f6-8143-b06c4c003818: cophenetic index 3004; 1.3 s; peak memory 635 MiB.
2026-10-06T19:54:36Z INFO [2879/4500] 76dbb551-6706-488e-a931-095ca62150f9: cophenetic index 3004; 1.4 s; peak memory 635 MiB.
2026-10-06T19:54:37Z INFO [2880/4500] 76dd34b4-bcb9-4cf5-9669-673c39818ba7: cophenetic index 33986; 1.5 s; peak memory 635 MiB.
2026-10-06T19:54:43Z INFO [2881/4500] 76dddc54-99c4-49f6-bdf7-8fe82799fe61: cophenetic index 47425; 6.1 s; peak memory 635 MiB.
2026-10-06T19:54:45Z INFO [2882/4500] 76deb2b2-904d-4740-8676-ecb1fef5508d: cophenetic index 2974; 1.4 s; peak memory 635 MiB.
2026-10-06T19:54:46Z INFO [2883/4500] 76def0c3-775d-4675-8913-106b30fa8e69: cophenetic index 3004; 1.3 s; peak memory 635 MiB.
2026-10-06T19:54:47Z INFO [2884/4500] 76df68ea-cf9f-485d-8a6c-c52402b866e5: cophenetic index 624; 1.2 s; peak memory 635 MiB.
2026-10-06T19:54:49Z INFO [2885/4500] 76df90a3-772d-4e69-b8e7-0a4e5400c616: cophenetic index 1602; 1.3 s; peak memory 635 MiB.
2026-10-06T19:54:49Z INFO [2886/4500] 76e01042-e388-4925-93ce-5c0ae254efca: cophenetic index 490; 0.8 s; peak memory 635 MiB.
2026-10-06T19:54:50Z INFO [2887/4500] 76e03e86-aa24-4baa-9584-2827575eebea: cophenetic index 627; 1.1 s; peak memory 635 MiB.
2026-10-06T19:54:52Z INFO [2888/4500] 76e22f1c-0dfe-4608-a544-96ed6689e169: cophenetic index 3087; 1.3 s; peak memory 635 MiB.
2026-10-06T19:54:53Z INFO [2889/4500] 76e23192-6ab7-44ba-a3bf-35141c8e2b16: cophenetic index 624; 1.1 s; peak memory 635 MiB.
2026-10-06T19:54:55Z INFO [2890/4500] 76e33975-8df3-4698-9f44-9df922f7f620: cophenetic index 23206; 1.7 s; peak memory 635 MiB.
2026-10-06T19:54:56Z INFO [2891/4500] 76e3f763-ed8a-42a1-83ac-abeeefedffca: cophenetic index 494; 1.1 s; peak memory 635 MiB.
2026-10-06T19:54:57Z INFO [2892/4500] 76e429fa-8af1-4b4f-8a86-633ddaa9f04e: cophenetic index 624; 1.2 s; peak memory 635 MiB.
2026-10-06T19:54:58Z INFO [2893/4500] 76e53d02-bbe0-4152-96a1-a178ba15ba61: cophenetic index 624; 1.1 s; peak memory 635 MiB.
2026-10-06T19:55:00Z INFO [2894/4500] 76e548cb-2b53-4b2e-832a-077aca0fbb3e: cophenetic index 2625; 1.7 s; peak memory 635 MiB.
2026-10-06T19:55:13Z INFO [2895/4500] 76e5af41-b139-46e3-a255-5d1f8d71a63e: cophenetic index 398158; 13.1 s; peak memory 635 MiB.
2026-10-06T19:55:25Z INFO [2896/4500] 76e612f4-fd2b-4e3b-bc48-b78bbe62add4: cophenetic index 48262; 12.2 s; peak memory 635 MiB.
2026-10-06T19:55:43Z INFO [2897/4500] 76e6b2ee-b802-40f6-9c1f-2c9f6706a885: cophenetic index 874700; 18.2 s; peak memory 635 MiB.
2026-10-06T19:55:58Z INFO [2898/4500] 76e6dc2b-036f-4835-b85f-9fad9791c35c: cophenetic index 23005; 14.4 s; peak memory 635 MiB.
2026-10-06T19:55:59Z INFO [2899/4500] 76e72259-8cb1-4e8d-9b14-ad47fd4526bf: cophenetic index 1006; 1.4 s; peak memory 635 MiB.
2026-10-06T19:56:00Z INFO [2900/4500] 76e76bbf-aa3c-4137-986e-d9bf0ac71ce6: cophenetic index 624; 1.1 s; peak memory 635 MiB.
2026-10-06T19:56:00Z INFO [2900/4500] 76e76bbf-aa3c-4137-986e-d9bf0ac71ce6: checkpointed 103995 records.
2026-10-06T19:56:01Z INFO [2901/4500] 76e7d9d0-5d29-41c2-ba10-d11c88a9d30b: cophenetic index 448; 1.1 s; peak memory 635 MiB.
2026-10-06T19:56:02Z INFO [2902/4500] 76e8713b-f0c2-47d1-bcef-96daeafbf08e: cophenetic index 651; 1.0 s; peak memory 635 MiB.
2026-10-06T19:56:06Z INFO [2903/4500] 76e8746a-baa7-4d85-be6a-34283d18e1e0: cophenetic index 5473; 3.9 s; peak memory 635 MiB.
2026-10-06T19:56:12Z INFO [2904/4500] 76e9920b-7da9-49c9-aa3d-e2c77b2a0411: cophenetic index 40690; 5.7 s; peak memory 635 MiB.
2026-10-06T19:56:14Z INFO [2905/4500] 76e9b0a7-bae9-4d9d-bac4-528dc6b6d6f2: cophenetic index 895; 2.4 s; peak memory 635 MiB.
2026-10-06T19:56:15Z INFO [2906/4500] 76eb6381-6970-4339-8355-d06902952f5a: cophenetic index 433; 1.0 s; peak memory 635 MiB.
2026-10-06T19:56:18Z INFO [2907/4500] 76eb9d7d-a0ce-4128-98fa-14646d913641: cophenetic index 797; 2.1 s; peak memory 635 MiB.
2026-10-06T19:56:19Z INFO [2908/4500] 76ec2b0b-0d0a-43f6-8ad7-882dba4e958f: cophenetic index 3004; 1.4 s; peak memory 635 MiB.
2026-10-06T19:56:23Z INFO [2909/4500] 76ecba8f-0894-4d7d-bf72-1387020d5f1e: cophenetic index 15380; 4.5 s; peak memory 635 MiB.
2026-10-06T19:56:32Z INFO [2910/4500] 76ecbbd8-ab8c-4169-8be4-8f26a910fe71: cophenetic index 14478; 8.9 s; peak memory 635 MiB.
2026-10-06T19:56:35Z INFO [2911/4500] 76ed1f7f-3301-4f30-aaad-f4635efda906: cophenetic index 1458; 3.0 s; peak memory 635 MiB.
2026-10-06T19:56:37Z INFO [2912/4500] 76edde9d-dcf0-4fc7-bb21-bee5ccc0bb61: cophenetic index 431; 1.3 s; peak memory 635 MiB.
2026-10-06T19:56:37Z INFO [2913/4500] 76ee1cf4-c7ff-4f56-b078-8d2ada9b449c: cophenetic index 490; 0.8 s; peak memory 635 MiB.
2026-10-06T19:56:43Z INFO [2914/4500] 76ee4585-ddde-4275-88f0-1fb0127ff98d: cophenetic index 3945; 5.5 s; peak memory 635 MiB.
2026-10-06T19:56:44Z INFO [2915/4500] 76eea06a-41ce-4c62-869f-b20550be34b3: cophenetic index 624; 1.0 s; peak memory 635 MiB.
2026-10-06T19:56:45Z INFO [2916/4500] 76ef2f9b-f68d-4e7e-ba99-72c8942cb0d3: cophenetic index 624; 1.3 s; peak memory 635 MiB.
2026-10-06T19:56:49Z INFO [2917/4500] 76efb2ad-80c1-4e2a-b92a-1d34d93c695f: cophenetic index 4015; 3.3 s; peak memory 635 MiB.
2026-10-06T19:56:50Z INFO [2918/4500] 76efbb60-bc1f-4940-b1aa-bfa548a93441: cophenetic index 2920; 1.3 s; peak memory 635 MiB.
2026-10-06T19:56:51Z INFO [2919/4500] 76efd2ea-7255-4e1e-803e-93d286915224: cophenetic index 3004; 1.3 s; peak memory 635 MiB.
2026-10-06T19:56:53Z INFO [2920/4500] 76f0d852-17b5-4870-a394-67f6103bfb67: cophenetic index 624; 1.4 s; peak memory 635 MiB.
2026-10-06T19:56:58Z INFO [2921/4500] 76f0e33d-5538-411d-9dfb-40806796e5b0: cophenetic index 9298; 5.8 s; peak memory 635 MiB.
2026-10-06T19:57:00Z INFO [2922/4500] 76f18469-26bc-4a25-8e9e-5e138fe7fac3: cophenetic index 2625; 1.7 s; peak memory 635 MiB.
2026-10-06T19:57:02Z INFO [2923/4500] 76f1ccad-f16c-4746-ab6f-b7f59afa4751: cophenetic index 1904; 1.6 s; peak memory 635 MiB.
2026-10-06T19:57:03Z INFO [2924/4500] 76f278ad-dfa0-4480-ae31-0af8eb455e0e: cophenetic index 2625; 1.7 s; peak memory 635 MiB.
2026-10-06T19:57:06Z INFO [2925/4500] 76f37924-c984-491d-bc09-9f4341c0e639: cophenetic index 2469; 2.8 s; peak memory 635 MiB.
2026-10-06T19:57:11Z INFO [2926/4500] 76f3a93b-ef62-4bb6-8bd5-aa6311e587f6: cophenetic index 1733; 4.3 s; peak memory 635 MiB.
2026-10-06T19:57:12Z INFO [2927/4500] 76f44008-e85b-4bc5-b924-85ef3bb2eaf2: cophenetic index 2625; 1.6 s; peak memory 635 MiB.
2026-10-06T19:57:14Z INFO [2928/4500] 76f49b52-f259-4f8d-bb7a-808212f7c2b0: cophenetic index 2625; 1.6 s; peak memory 635 MiB.
2026-10-06T19:57:15Z INFO [2929/4500] 76f505f6-8bbf-4f2c-91d1-e54e0927f586: cophenetic index 630; 1.4 s; peak memory 635 MiB.
2026-10-06T19:59:53Z INFO [2930/4500] 76f5240d-f489-4321-bd1a-7a6841d359a3: cophenetic index 68216342; 158.1 s; peak memory 635 MiB.
2026-10-06T19:59:55Z INFO [2931/4500] 76f52db5-4990-4350-9d35-ac442d8751ef: cophenetic index 23818; 1.6 s; peak memory 635 MiB.
2026-10-06T19:59:58Z INFO [2932/4500] 76f66354-27da-44a7-bc6e-b1758df76bc9: cophenetic index 1970; 3.3 s; peak memory 635 MiB.
2026-10-06T20:00:00Z INFO [2933/4500] 76f7bb69-caa3-4ead-b956-67648274cbc8: cophenetic index 2625; 1.8 s; peak memory 635 MiB.
2026-10-06T20:00:16Z INFO [2934/4500] 76f8cdd6-9c68-442a-963f-78a7209412e8: cophenetic index 490161; 16.0 s; peak memory 635 MiB.
2026-10-06T20:00:18Z INFO [2935/4500] 76f8e6ff-6c66-419d-8ad4-5ab029e56163: cophenetic index 2682; 2.5 s; peak memory 635 MiB.
2026-10-06T20:00:21Z INFO [2936/4500] 76f8fe61-02c9-4536-b8be-a7d91560c115: cophenetic index 2524; 2.2 s; peak memory 635 MiB.
2026-10-06T20:00:22Z INFO [2937/4500] 76f944fe-0715-49f6-b2e3-eaebdf998d50: cophenetic index 2625; 1.5 s; peak memory 635 MiB.
2026-10-06T20:00:24Z INFO [2938/4500] 76f9e68b-7dee-438f-8ba2-be36cc871b3d: cophenetic index 6196; 1.6 s; peak memory 635 MiB.
2026-10-06T20:00:25Z INFO [2939/4500] 76fa19a2-a099-4dee-bee8-b836956abe01: cophenetic index 2625; 1.6 s; peak memory 635 MiB.
2026-10-06T20:00:27Z INFO [2940/4500] 76fab41e-0160-4f28-9a8a-41a0f2406f01: cophenetic index 33986; 1.8 s; peak memory 635 MiB.
2026-10-06T20:00:28Z INFO [2941/4500] 76fadaa8-b426-42ef-9fca-5a0131adc4e2: cophenetic index 624; 1.3 s; peak memory 635 MiB.
2026-10-06T20:00:30Z INFO [2942/4500] 76fcf92b-6681-498b-8e6e-ab9d5362af5b: cophenetic index 624; 1.2 s; peak memory 635 MiB.
2026-10-06T20:00:34Z INFO [2943/4500] 76fd27f1-a756-47f7-8c84-51af880ebfc3: cophenetic index 15104; 4.8 s; peak memory 635 MiB.
2026-10-06T20:00:36Z INFO [2944/4500] 76fdff20-181c-44f7-bac5-a885292f5e59: cophenetic index 1228; 1.1 s; peak memory 635 MiB.
2026-10-06T20:00:37Z INFO [2945/4500] 76fe5a7a-8b36-4dbe-8f95-02a53adf6331: cophenetic index 624; 1.2 s; peak memory 635 MiB.
2026-10-06T20:00:41Z INFO [2946/4500] 76fe6d9e-6251-47d3-a773-8b8e839ef558: cophenetic index 1733; 4.1 s; peak memory 635 MiB.
2026-10-06T20:00:42Z INFO [2947/4500] 76fe8912-d7a4-490f-875a-578a45f66eb8: cophenetic index 490; 0.8 s; peak memory 635 MiB.
2026-10-06T20:00:44Z INFO [2948/4500] 76ff0309-d5d8-445c-96f1-0df3d662ffc7: cophenetic index 106940; 2.7 s; peak memory 635 MiB.
2026-10-06T20:00:45Z INFO [2949/4500] 76ff6e02-afe4-4df5-9c9d-e57570eac772: cophenetic index 624; 1.1 s; peak memory 635 MiB.
2026-10-06T20:00:48Z INFO [2950/4500] 76ffa489-244a-4aa3-8992-4ecb4699a3de: cophenetic index 2570; 2.3 s; peak memory 635 MiB.
2026-10-06T20:00:48Z INFO [2950/4500] 76ffa489-244a-4aa3-8992-4ecb4699a3de: checkpointed 104045 records.
2026-10-06T20:00:51Z INFO [2951/4500] 76fffaf2-630c-4ef2-a410-e1d314016a54: cophenetic index 2402; 3.2 s; peak memory 635 MiB.
2026-10-06T20:00:52Z INFO [2952/4500] 77021656-0240-4d1f-90ee-1ff265b235ec: cophenetic index 624; 1.3 s; peak memory 635 MiB.
2026-10-06T20:00:57Z INFO [2953/4500] 7702de29-f50a-46a8-a1ab-fe31c9fd4c84: cophenetic index 6412; 4.6 s; peak memory 635 MiB.
2026-10-06T20:00:58Z INFO [2954/4500] 77035385-6023-4a37-b262-76dc6efee72d: cophenetic index 3004; 1.5 s; peak memory 635 MiB.
2026-10-06T20:00:59Z INFO [2955/4500] 77035a53-c012-4a1c-89a2-57533ad8ff15: cophenetic index 624; 1.1 s; peak memory 635 MiB.
2026-10-06T20:01:02Z INFO [2956/4500] 77039241-5fa9-415d-8cd9-574ef1f67eaf: cophenetic index 2625; 2.1 s; peak memory 635 MiB.
2026-10-06T20:01:10Z INFO [2957/4500] 7703ab64-a5b2-432e-84de-f588a4ee1a39: cophenetic index 89707; 8.6 s; peak memory 635 MiB.
2026-10-06T20:01:12Z INFO [2958/4500] 770422d8-e053-4f79-ad13-237f698ea804: cophenetic index 3004; 1.4 s; peak memory 635 MiB.
2026-10-06T20:01:14Z INFO [2959/4500] 7704b5cb-30be-4905-b64c-f6eb907f3f7d: cophenetic index 797; 2.3 s; peak memory 635 MiB.
2026-10-06T20:01:15Z INFO [2960/4500] 7704e821-e17f-426b-ae03-a77f4dd2c7e0: cophenetic index 1082; 1.2 s; peak memory 635 MiB.
2026-10-06T20:01:16Z INFO [2961/4500] 77054bef-2de4-4c1e-ac66-8cb712e631d6: cophenetic index 624; 1.3 s; peak memory 635 MiB.
2026-10-06T20:01:26Z INFO [2962/4500] 77068f1e-359e-419a-9d53-1cebfb9be2c5: cophenetic index 162235857; 9.1 s; peak memory 635 MiB.
2026-10-06T20:01:27Z INFO [2963/4500] 7708a79e-e44d-446c-9959-e7cec9619d1e: cophenetic index 3004; 1.6 s; peak memory 635 MiB.
2026-10-06T20:01:28Z INFO [2964/4500] 7708c389-0ff9-45d1-8bf2-00c77eb3c4d6: cophenetic index 624; 1.3 s; peak memory 635 MiB.
2026-10-06T20:01:30Z INFO [2965/4500] 77092ebf-a5f5-4058-b2e3-6b8505f53ea1: cophenetic index 581; 1.2 s; peak memory 635 MiB.
2026-10-06T20:01:31Z INFO [2966/4500] 77097dc5-757e-4021-9ec9-f97dc107feff: cophenetic index 3004; 1.4 s; peak memory 635 MiB.
2026-10-06T20:01:35Z INFO [2967/4500] 77098fd1-76c8-4b3c-9d1f-9b5934427e3c: cophenetic index 7916; 4.3 s; peak memory 635 MiB.
2026-10-06T20:01:37Z INFO [2968/4500] 7709f8d3-3d4a-4b86-8e80-6617f9b24aee: cophenetic index 581; 1.7 s; peak memory 635 MiB.
2026-10-06T20:01:38Z INFO [2969/4500] 770aa674-1859-4d08-a418-94908d026341: cophenetic index 2974; 1.4 s; peak memory 635 MiB.
2026-10-06T20:01:40Z INFO [2970/4500] 770ae486-dc85-4385-8793-b3fc171ad45c: cophenetic index 624; 1.4 s; peak memory 635 MiB.
2026-10-06T20:01:41Z INFO [2971/4500] 770c5af3-5c81-443b-aa19-2880c7c5f7cc: cophenetic index 3087; 1.4 s; peak memory 635 MiB.
2026-10-06T20:01:43Z INFO [2972/4500] 770c8711-4b5b-432c-b459-f480cb71e850: cophenetic index 23864; 1.7 s; peak memory 635 MiB.
2026-10-06T20:01:44Z INFO [2973/4500] 770cf52e-a763-4048-bae0-546513cbfb78: cophenetic index 624; 1.3 s; peak memory 635 MiB.
2026-10-06T20:01:46Z INFO [2974/4500] 770df9b9-bacb-43e5-89cd-3866d411977c: cophenetic index 605; 1.4 s; peak memory 635 MiB.
2026-10-06T20:01:49Z INFO [2975/4500] 770dfb71-73c4-4f63-83c6-498ed9262449: cophenetic index 2609; 3.2 s; peak memory 635 MiB.
2026-10-06T20:01:57Z INFO [2976/4500] 770e641e-9ef3-40cb-83ef-d7c0c78d4748: cophenetic index 82343; 8.0 s; peak memory 635 MiB.
2026-10-06T20:01:58Z INFO [2977/4500] 770f4269-39c8-4369-9003-21d5837bb584: cophenetic index 431; 1.0 s; peak memory 635 MiB.
2026-10-06T20:02:01Z INFO [2978/4500] 770f6c4d-100a-4229-b342-fc5117fb55ad: cophenetic index 2539; 2.9 s; peak memory 635 MiB.
2026-10-06T20:02:02Z INFO [2979/4500] 770f7e6f-5bc1-45d3-84ec-9b7f1708f7c4: cophenetic index 494; 1.0 s; peak memory 635 MiB.
2026-10-06T20:02:03Z INFO [2980/4500] 77103aa5-2946-47db-a414-ed8d35baf453: cophenetic index 1949; 1.6 s; peak memory 635 MiB.
2026-10-06T20:02:07Z INFO [2981/4500] 771052b3-03b6-4fd2-8604-c483825f1cfb: cophenetic index 2391; 3.3 s; peak memory 635 MiB.
2026-10-06T20:02:08Z INFO [2982/4500] 77116c36-a5b8-41b6-a289-7f8759c4486f: cophenetic index 2625; 1.6 s; peak memory 635 MiB.
2026-10-06T20:02:10Z INFO [2983/4500] 7711b286-8343-40e7-a53d-46e604ae233e: cophenetic index 2625; 1.8 s; peak memory 635 MiB.
2026-10-06T20:02:12Z INFO [2984/4500] 7711cf23-7844-4b1f-b4db-2f8297b77b3c: cophenetic index 809; 2.5 s; peak memory 635 MiB.
2026-10-06T20:02:21Z INFO [2985/4500] 7711f22f-b4f4-431f-bc70-461df1c1264d: cophenetic index 73900473; 8.8 s; peak memory 635 MiB.
2026-10-06T20:02:22Z INFO [2986/4500] 77122811-6c37-4df8-a71a-551b01faed96: cophenetic index 624; 1.1 s; peak memory 635 MiB.
2026-10-06T20:02:23Z INFO [2987/4500] 77123d54-8586-4831-ab86-fac078c1b7d7: cophenetic index 624; 1.2 s; peak memory 635 MiB.
2026-10-06T20:02:25Z INFO [2988/4500] 77129805-c1d8-4779-a544-a472289dd032: cophenetic index 2625; 1.8 s; peak memory 635 MiB.
2026-10-06T20:02:26Z INFO [2989/4500] 77139c29-1797-49a8-851a-58fbb6f7e482: cophenetic index 952; 1.2 s; peak memory 635 MiB.
2026-10-06T20:02:28Z INFO [2990/4500] 77144c79-4a84-4917-a912-17cc488db89f: cophenetic index 2570; 1.5 s; peak memory 635 MiB.
2026-10-06T20:02:29Z INFO [2991/4500] 77148cd5-4af4-426e-b008-52f3e63d1a36: cophenetic index 413; 1.0 s; peak memory 635 MiB.
2026-10-06T20:02:31Z INFO [2992/4500] 7714d1f0-a108-43f0-9c86-f3501776c98a: cophenetic index 2654; 2.0 s; peak memory 635 MiB.
2026-10-06T20:02:34Z INFO [2993/4500] 77153b10-c6b2-4612-8fb2-db4fd78e56e8: cophenetic index 5473; 3.4 s; peak memory 635 MiB.
2026-10-06T20:02:36Z INFO [2994/4500] 7715714d-5e29-414b-805f-bd79b6c838a1: cophenetic index 624; 1.1 s; peak memory 635 MiB.
2026-10-06T20:02:43Z INFO [2995/4500] 7716710f-c670-4ab5-9a57-c9dd84211b55: cophenetic index 87573; 7.4 s; peak memory 635 MiB.
2026-10-06T20:02:45Z INFO [2996/4500] 7716cc19-f8be-4552-821f-4c4ca7a60432: cophenetic index 2625; 2.0 s; peak memory 635 MiB.
2026-10-06T20:02:46Z INFO [2997/4500] 7716f8e7-00b5-4e46-8152-f84ad2f34601: cophenetic index 2551; 1.4 s; peak memory 635 MiB.
2026-10-06T20:02:50Z INFO [2998/4500] 771727ed-651f-4ce7-a9b5-0ba3d50c487b: cophenetic index 3243; 3.4 s; peak memory 635 MiB.
2026-10-06T20:02:51Z INFO [2999/4500] 7717367f-f72b-4dd9-84de-fa80b0676551: cophenetic index 23510; 1.3 s; peak memory 635 MiB.
2026-10-06T20:03:06Z INFO [3000/4500] 7717e2df-b8f7-4688-8047-027f62e327ba: cophenetic index 224192; 14.8 s; peak memory 635 MiB.
2026-10-06T20:03:06Z INFO [3000/4500] 7717e2df-b8f7-4688-8047-027f62e327ba: checkpointed 104095 records.
2026-10-06T20:03:08Z INFO [3001/4500] 7718867e-1029-4638-9cfd-6060b86f41a8: cophenetic index 3004; 1.3 s; peak memory 635 MiB.
2026-10-06T20:03:08Z INFO [3002/4500] 77192515-77f7-432b-bd2b-39f88ef9496c: cophenetic index 641; 0.8 s; peak memory 635 MiB.
2026-10-06T20:03:10Z INFO [3003/4500] 771a0e71-98e4-411a-a883-aa40836f973a: cophenetic index 2625; 1.7 s; peak memory 635 MiB.
2026-10-06T20:03:16Z INFO [3004/4500] 771a29cf-72c2-4da3-8794-7f2c1af819c5: cophenetic index 43971; 5.7 s; peak memory 635 MiB.
2026-10-06T20:03:17Z INFO [3005/4500] 771a4c68-00a3-44ff-90ca-9d69c6595a8f: cophenetic index 3004; 1.6 s; peak memory 635 MiB.
2026-10-06T20:03:19Z INFO [3006/4500] 771bf968-bb91-4188-8a7f-1f0570f38c70: cophenetic index 624; 1.2 s; peak memory 635 MiB.
2026-10-06T20:03:20Z INFO [3007/4500] 771da72f-704e-456b-84d6-9ff8c2ada686: cophenetic index 431; 1.4 s; peak memory 635 MiB.
2026-10-06T20:03:23Z INFO [3008/4500] 771e0c71-1a42-4aef-a925-185125ccc8e5: cophenetic index 41788; 2.5 s; peak memory 635 MiB.
2026-10-06T20:03:31Z INFO [3009/4500] 771e810c-113d-4191-9989-ca92233defe4: cophenetic index 81549; 8.1 s; peak memory 635 MiB.
2026-10-06T20:03:32Z INFO [3010/4500] 771f0bb1-3efb-4eb6-9e9c-08bc15c06bfc: cophenetic index 490; 0.9 s; peak memory 635 MiB.
2026-10-06T20:03:32Z INFO [3011/4500] 771f11e0-f6fb-47ba-b92d-c340c36fdd1a: cophenetic index 490; 0.8 s; peak memory 635 MiB.
2026-10-06T20:03:42Z INFO [3012/4500] 771f9077-a000-4ea6-964d-26452a286fcd: cophenetic index 61083; 9.1 s; peak memory 635 MiB.
2026-10-06T20:03:43Z INFO [3013/4500] 7721ec1e-986a-4239-a3a7-9c7d8bc2455b: cophenetic index 3057; 1.3 s; peak memory 635 MiB.
2026-10-06T20:03:44Z INFO [3014/4500] 77223645-49c1-4fd3-a325-6f2653f53b9d: cophenetic index 3087; 1.6 s; peak memory 635 MiB.
2026-10-06T20:03:56Z INFO [3015/4500] 772259f0-4d53-454d-87c4-822e42664fa0: cophenetic index 4186613; 11.8 s; peak memory 635 MiB.
2026-10-06T20:03:57Z INFO [3016/4500] 77227f09-9e6e-4418-b960-ce14614a8b84: cophenetic index 624; 1.2 s; peak memory 635 MiB.
2026-10-06T20:03:59Z INFO [3017/4500] 7722863c-dc0f-4115-a20d-38cb5b230f45: cophenetic index 1470; 1.3 s; peak memory 635 MiB.
2026-10-06T20:04:00Z INFO [3018/4500] 7723b3b7-2350-43f4-b517-97fdd094205d: cophenetic index 612; 1.2 s; peak memory 635 MiB.
2026-10-06T20:04:02Z INFO [3019/4500] 772436a2-865f-4de6-854c-4f4b40b0302c: cophenetic index 1087; 1.9 s; peak memory 635 MiB.
2026-10-06T20:04:04Z INFO [3020/4500] 7724bb22-37da-4d1a-8509-c6e4a57c942d: cophenetic index 1614; 1.8 s; peak memory 635 MiB.
2026-10-06T20:04:05Z INFO [3021/4500] 7724c95f-cf88-4931-8c01-e5f3b64e7fc4: cophenetic index 624; 1.3 s; peak memory 635 MiB.
2026-10-06T20:04:07Z INFO [3022/4500] 7725cfab-b9ee-4be6-bb27-53aecdcae318: cophenetic index 3004; 1.7 s; peak memory 635 MiB.
2026-10-06T20:04:08Z INFO [3023/4500] 77281fec-e87e-4710-a90e-d52fe8864103: cophenetic index 624; 1.2 s; peak memory 635 MiB.
2026-10-06T20:04:09Z INFO [3024/4500] 77293b9c-c21f-4aee-affe-9df4f7db02e9: cophenetic index 624; 1.3 s; peak memory 635 MiB.
2026-10-06T20:04:11Z INFO [3025/4500] 772a20a7-d2b2-40c4-81aa-7c414c78ba6c: cophenetic index 2974; 1.3 s; peak memory 635 MiB.
2026-10-06T20:04:12Z INFO [3026/4500] 772b35a8-667f-4f2b-98cf-0f749c3e58c8: cophenetic index 3087; 1.3 s; peak memory 635 MiB.
2026-10-06T20:04:14Z INFO [3027/4500] 772b36db-a944-467c-8574-2d0b54942b73: cophenetic index 2625; 1.8 s; peak memory 635 MiB.
2026-10-06T20:04:21Z INFO [3028/4500] 772d138b-e6ce-4d14-ad55-717302123c4a: cophenetic index 14455; 7.6 s; peak memory 635 MiB.
2026-10-06T20:04:23Z INFO [3029/4500] 772e2bfb-489a-4376-b588-ad679909c226: cophenetic index 33968; 1.9 s; peak memory 635 MiB.
2026-10-06T20:04:24Z INFO [3030/4500] 772e384e-718c-48e0-ad7d-ed8d36e68aeb: cophenetic index 431; 1.2 s; peak memory 635 MiB.
2026-10-06T20:04:26Z INFO [3031/4500] 772f0304-18d8-4843-8b25-80bf07593e40: cophenetic index 1949; 1.6 s; peak memory 635 MiB.
2026-10-06T20:04:27Z INFO [3032/4500] 772f0f3d-8a74-45b0-9068-02fb57552d4c: cophenetic index 624; 1.2 s; peak memory 635 MiB.
2026-10-06T20:04:29Z INFO [3033/4500] 772f370b-a7a2-4eaf-b0d0-e6c31b62b461: cophenetic index 2625; 1.7 s; peak memory 635 MiB.
2026-10-06T20:04:31Z INFO [3034/4500] 77306c7e-7fe0-4b3f-9a38-4a1fc2558abf: cophenetic index 605; 1.6 s; peak memory 635 MiB.
2026-10-06T20:04:38Z INFO [3035/4500] 77306fbb-0500-410e-909a-07bd4db3aada: cophenetic index 152149; 7.7 s; peak memory 635 MiB.
2026-10-06T20:04:40Z INFO [3036/4500] 7730ce55-0a58-493b-9fea-a730748bf1cd: cophenetic index 2625; 1.8 s; peak memory 635 MiB.
2026-10-06T20:04:41Z INFO [3037/4500] 77315141-5c7f-485f-b1d3-405a037f1c27: cophenetic index 3087; 1.4 s; peak memory 635 MiB.
2026-10-06T20:04:46Z INFO [3038/4500] 7731f836-044d-4770-8dbb-e444dbbc0f2e: cophenetic index 4797; 4.9 s; peak memory 635 MiB.
2026-10-06T20:04:48Z INFO [3039/4500] 7732020e-337e-4a1b-a246-1face81c8db0: cophenetic index 3004; 1.4 s; peak memory 635 MiB.
2026-10-06T20:04:49Z INFO [3040/4500] 77321e1e-31cd-4c97-a74e-0540af451513: cophenetic index 624; 1.2 s; peak memory 635 MiB.
2026-10-06T20:04:50Z INFO [3041/4500] 77322b74-8921-46b7-bfa0-33426786e7c8: cophenetic index 2701; 1.5 s; peak memory 635 MiB.
2026-10-06T20:05:04Z INFO [3042/4500] 773243c0-7260-457c-90d2-0c2ce2640bd4: cophenetic index 205268; 13.3 s; peak memory 635 MiB.
2026-10-06T20:05:05Z INFO [3043/4500] 7733a833-71b6-4f07-a5bb-acb3d3319652: cophenetic index 624; 1.2 s; peak memory 635 MiB.
2026-10-06T20:05:07Z INFO [3044/4500] 7734699e-c836-4e4f-858b-4cbe00763e97: cophenetic index 2974; 1.6 s; peak memory 635 MiB.
2026-10-06T20:05:10Z INFO [3045/4500] 7734796e-b8fd-4483-8df0-acc5602549fd: cophenetic index 5473; 3.6 s; peak memory 635 MiB.
2026-10-06T20:05:12Z INFO [3046/4500] 77353cc9-d898-40c0-8614-9097da4e1379: cophenetic index 3192; 1.4 s; peak memory 635 MiB.
2026-10-06T20:05:13Z INFO [3047/4500] 7735e483-1167-4b08-a078-628cfbc05c29: cophenetic index 624; 1.4 s; peak memory 635 MiB.
2026-10-06T20:05:15Z INFO [3048/4500] 7735f147-5401-46be-bbe7-cc2ca4ccfbc5: cophenetic index 1130; 2.3 s; peak memory 635 MiB.
2026-10-06T20:05:17Z INFO [3049/4500] 77363275-41aa-45d1-b435-4b7f8dc76e99: cophenetic index 949; 1.9 s; peak memory 635 MiB.
2026-10-06T20:05:18Z INFO [3050/4500] 77364937-d552-4c88-9d6f-288e59c9464e: cophenetic index 431; 1.0 s; peak memory 635 MiB.
2026-10-06T20:05:19Z INFO [3050/4500] 77364937-d552-4c88-9d6f-288e59c9464e: checkpointed 104145 records.
2026-10-06T20:05:27Z INFO [3051/4500] 77365f90-967b-4190-ad63-9e66ac49177f: cophenetic index 60023; 8.0 s; peak memory 635 MiB.
2026-10-06T20:05:28Z INFO [3052/4500] 773677cf-c832-425d-8749-7322ee564dd0: cophenetic index 494; 1.0 s; peak memory 635 MiB.
2026-10-06T20:05:29Z INFO [3053/4500] 773790ee-c768-4402-bdf4-23bd4f1bf4d8: cophenetic index 725; 1.3 s; peak memory 635 MiB.
2026-10-06T20:05:30Z INFO [3054/4500] 773842e7-9b69-4431-a487-cd3d93cb5445: cophenetic index 624; 1.2 s; peak memory 635 MiB.
2026-10-06T20:05:32Z INFO [3055/4500] 773847af-5595-4b53-a0c8-fff207362ea6: cophenetic index 2625; 2.0 s; peak memory 635 MiB.
2026-10-06T20:05:33Z INFO [3056/4500] 773a608c-3f39-4b2f-962a-c4afbe5e2eb5: cophenetic index 490; 0.8 s; peak memory 635 MiB.
2026-10-06T20:05:34Z INFO [3057/4500] 773ab39a-44b5-4ead-a459-04b26b5bfa19: cophenetic index 2570; 1.3 s; peak memory 635 MiB.
2026-10-06T20:05:35Z INFO [3058/4500] 773c51f4-59da-4df9-93ae-5d984877c611: cophenetic index 3004; 1.2 s; peak memory 635 MiB.
2026-10-06T20:05:37Z INFO [3059/4500] 773ce605-a18e-431f-afb6-e28cf8ff8c3a: cophenetic index 431; 1.2 s; peak memory 635 MiB.
2026-10-06T20:05:38Z INFO [3060/4500] 773d3ab7-24eb-469d-bdb2-e8027002f672: cophenetic index 624; 1.1 s; peak memory 635 MiB.
2026-10-06T20:05:39Z INFO [3061/4500] 773d929b-cc86-4380-82e1-11c58654eabd: cophenetic index 3004; 1.6 s; peak memory 635 MiB.
2026-10-06T20:05:42Z INFO [3062/4500] 773dfeb8-bd87-486d-86e0-98043cc0d8c6: cophenetic index 33998; 2.5 s; peak memory 635 MiB.
2026-10-06T20:05:43Z INFO [3063/4500] 773e0ac1-1597-4df9-9e46-e690e901fffc: cophenetic index 605; 1.5 s; peak memory 635 MiB.
2026-10-06T20:05:46Z INFO [3064/4500] 773e10e3-4227-4f2a-a8b1-b4d7ce75bb4a: cophenetic index 23259; 2.3 s; peak memory 635 MiB.
2026-10-06T20:06:21Z INFO [3065/4500] 773e740c-0277-458f-b159-0388998381ff: cophenetic index 41180768; 35.2 s; peak memory 635 MiB.
2026-10-06T20:06:22Z INFO [3066/4500] 773ea01c-5519-409c-9f85-7199aa6b8fe2: cophenetic index 624; 1.4 s; peak memory 635 MiB.
2026-10-06T20:06:28Z INFO [3067/4500] 773f0055-71f5-4359-9a1f-f0fd0e5c7b53: cophenetic index 6412; 5.6 s; peak memory 635 MiB.
2026-10-06T20:06:29Z INFO [3068/4500] 773fde29-aee1-4c0a-87d9-214e9cc80cd6: cophenetic index 624; 1.3 s; peak memory 635 MiB.
2026-10-06T20:06:30Z INFO [3069/4500] 7740508c-3198-48c5-861b-c4ec36a2e753: cophenetic index 3004; 1.5 s; peak memory 635 MiB.
2026-10-06T20:06:32Z INFO [3070/4500] 7741131d-5caa-4254-a2c7-ad3876588524: cophenetic index 2932; 1.7 s; peak memory 635 MiB.
2026-10-06T20:06:34Z INFO [3071/4500] 7741f9f8-4149-439d-b245-a91231a03f9d: cophenetic index 2974; 1.5 s; peak memory 635 MiB.
2026-10-06T20:06:35Z INFO [3072/4500] 7742373d-7f1f-43b1-ac0a-bdeeec7a8716: cophenetic index 624; 1.3 s; peak memory 635 MiB.
2026-10-06T20:06:36Z INFO [3073/4500] 774257a7-05dd-4295-81fa-04fe636b7909: cophenetic index 2974; 1.3 s; peak memory 635 MiB.
2026-10-06T20:06:38Z INFO [3074/4500] 77431a90-72d6-46fe-9d18-a31a1481246c: cophenetic index 2570; 1.9 s; peak memory 635 MiB.
2026-10-06T20:06:45Z INFO [3075/4500] 77439a2e-7f2b-4839-b610-aa8f22f813db: cophenetic index 5466; 7.3 s; peak memory 635 MiB.
2026-10-06T20:06:46Z INFO [3076/4500] 7743e961-e979-490d-b945-079e569836a2: cophenetic index 966; 1.1 s; peak memory 635 MiB.
2026-10-06T20:06:48Z INFO [3077/4500] 774411c3-fc79-4fb6-aaf6-0722509753b9: cophenetic index 3087; 1.3 s; peak memory 635 MiB.
2026-10-06T20:06:49Z INFO [3078/4500] 7744f807-3e5c-4d2a-8555-10282d6ab599: cophenetic index 2997; 1.0 s; peak memory 635 MiB.
2026-10-06T20:06:49Z INFO [3079/4500] 7745bae3-177f-44fd-8210-256a8a5b1242: cophenetic index 490; 0.7 s; peak memory 635 MiB.
2026-10-06T20:06:51Z INFO [3080/4500] 7745dac7-22b9-4cf3-9cea-2e3730d56732: cophenetic index 2625; 1.7 s; peak memory 635 MiB.
2026-10-06T20:07:04Z INFO [3081/4500] 77466ef8-749c-4e68-aebc-566deb220e17: cophenetic index 204339; 12.7 s; peak memory 635 MiB.
2026-10-06T20:07:06Z INFO [3082/4500] 7746a0c9-1890-46d4-ace4-9080c6b843cd: cophenetic index 1583; 2.2 s; peak memory 635 MiB.
2026-10-06T20:07:07Z INFO [3083/4500] 77470ae1-c7c8-4be2-b8f3-b9cb6613f894: cophenetic index 624; 1.1 s; peak memory 635 MiB.
2026-10-06T20:07:09Z INFO [3084/4500] 774746d3-532e-46ca-b7ee-f2d501d8fc59: cophenetic index 784; 1.8 s; peak memory 635 MiB.
2026-10-06T20:07:11Z INFO [3085/4500] 77480dbf-62c7-414c-9194-609791333d89: cophenetic index 1614; 1.9 s; peak memory 635 MiB.
2026-10-06T20:07:26Z INFO [3086/4500] 7748b94f-4606-41eb-bae9-16bfd9655402: cophenetic index 501470; 14.7 s; peak memory 635 MiB.
2026-10-06T20:07:27Z INFO [3087/4500] 7748d74c-5355-42cd-bae5-195c5c7cf769: cophenetic index 490; 1.0 s; peak memory 635 MiB.
2026-10-06T20:07:29Z INFO [3088/4500] 77498e89-f3d3-4272-9a7e-4a23a1003235: cophenetic index 1563; 2.4 s; peak memory 635 MiB.
2026-10-06T20:07:41Z INFO [3089/4500] 774a714b-4577-4925-929f-155a6ac5756e: cophenetic index 232417; 12.0 s; peak memory 635 MiB.
2026-10-06T20:07:42Z INFO [3090/4500] 774a9172-a209-4854-8c7b-e42af8d556dd: cophenetic index 624; 1.3 s; peak memory 635 MiB.
2026-10-06T20:07:43Z INFO [3091/4500] 774b7990-3379-4828-bd0d-afa36beef1ab: cophenetic index 624; 1.2 s; peak memory 635 MiB.
2026-10-06T20:07:51Z INFO [3092/4500] 774c1b85-4f44-4beb-a0bb-d49ca4cec97d: cophenetic index 98162; 7.4 s; peak memory 635 MiB.
2026-10-06T20:08:08Z INFO [3093/4500] 774c207a-df0f-4a0a-bd2b-89ab656563ab: cophenetic index 72294; 16.9 s; peak memory 635 MiB.
2026-10-06T20:08:11Z INFO [3094/4500] 774c63f1-eb83-486d-a540-a0a9de543afb: cophenetic index 2402; 2.8 s; peak memory 635 MiB.
2026-10-06T20:08:11Z INFO [3095/4500] 774c96ad-057e-4760-a84f-be49cdbf7501: cophenetic index 446; 0.8 s; peak memory 635 MiB.
2026-10-06T20:08:30Z INFO [3096/4500] 774d05d0-8b5d-464f-9fbf-a2f9bfcfd08a: cophenetic index 453122; 19.1 s; peak memory 635 MiB.
2026-10-06T20:08:32Z INFO [3097/4500] 774d233c-5343-4da3-bdd5-134be798abe0: cophenetic index 4168; 1.4 s; peak memory 635 MiB.
2026-10-06T20:08:36Z INFO [3098/4500] 774d38e2-d13b-4846-b147-e789c59b07b3: cophenetic index 4596; 4.4 s; peak memory 635 MiB.
2026-10-06T20:08:45Z INFO [3099/4500] 774d54eb-c406-4c77-9113-82ad5035c1a9: cophenetic index 156176; 8.3 s; peak memory 635 MiB.
2026-10-06T20:08:46Z INFO [3100/4500] 774d66ac-6080-43e4-b83a-868c83a6da60: cophenetic index 624; 1.3 s; peak memory 635 MiB.
2026-10-06T20:08:46Z INFO [3100/4500] 774d66ac-6080-43e4-b83a-868c83a6da60: checkpointed 104195 records.
2026-10-06T20:08:47Z INFO [3101/4500] 774d7431-8682-4219-b03c-86dba61746f4: cophenetic index 624; 1.2 s; peak memory 635 MiB.
2026-10-06T20:08:50Z INFO [3102/4500] 774dc6ae-7919-4248-84d8-e69c1d8beb09: cophenetic index 325333; 2.6 s; peak memory 635 MiB.
2026-10-06T20:08:51Z INFO [3103/4500] 774e75c2-b7b9-47e1-b721-e6fd32c885bf: cophenetic index 624; 1.0 s; peak memory 635 MiB.
2026-10-06T20:08:52Z INFO [3104/4500] 774ea739-5982-44e5-a14d-485a40678c0e: cophenetic index 431; 1.4 s; peak memory 635 MiB.
2026-10-06T20:09:00Z INFO [3105/4500] 774ebe0e-5598-4973-b17c-c204726827bb: cophenetic index 12100; 8.1 s; peak memory 635 MiB.
2026-10-06T20:09:02Z INFO [3106/4500] 774f6c21-a1e4-4ce4-b100-593b75d5af3a: cophenetic index 3045; 2.1 s; peak memory 635 MiB.
2026-10-06T20:09:04Z INFO [3107/4500] 774fc5ba-3f17-4c0c-b03f-494b81e61a93: cophenetic index 624; 1.3 s; peak memory 635 MiB.
2026-10-06T20:09:17Z INFO [3108/4500] 774fe0a3-a7ba-4cfe-a01b-fc29a25d2b20: cophenetic index 131985; 13.1 s; peak memory 635 MiB.
2026-10-06T20:09:18Z INFO [3109/4500] 774ff0e9-ce25-4844-a8af-57867c34683d: cophenetic index 3215; 1.3 s; peak memory 635 MiB.
2026-10-06T20:09:21Z INFO [3110/4500] 7750c16b-025f-4f8c-be3e-e67bee819dc4: cophenetic index 700; 3.0 s; peak memory 635 MiB.
2026-10-06T20:09:23Z INFO [3111/4500] 7750d71b-0f7a-4f49-8af1-ff5041f240e9: cophenetic index 2625; 1.9 s; peak memory 635 MiB.
2026-10-06T20:09:24Z INFO [3112/4500] 7750eff2-3933-4715-986b-40e87f6d4bce: cophenetic index 497; 1.3 s; peak memory 635 MiB.
2026-10-06T20:10:31Z INFO [3113/4500] 77517765-e154-451c-9563-2fe20311509d: cophenetic index 45158657; 66.5 s; peak memory 635 MiB.
2026-10-06T20:10:32Z INFO [3114/4500] 7751964d-06ea-498f-886c-4070a5e5d611: cophenetic index 490; 0.8 s; peak memory 635 MiB.
2026-10-06T20:10:33Z INFO [3115/4500] 77529128-60c7-4b2f-b943-80a13f46769d: cophenetic index 569; 1.3 s; peak memory 635 MiB.
2026-10-06T20:10:34Z INFO [3116/4500] 7753f8fd-77fb-4469-9b8d-7693de8056a5: cophenetic index 3087; 1.4 s; peak memory 635 MiB.
2026-10-06T20:10:35Z INFO [3117/4500] 77550ba4-203a-4859-82ef-533c9e3fcfcb: cophenetic index 624; 1.2 s; peak memory 635 MiB.
2026-10-06T20:10:37Z INFO [3118/4500] 7756588d-a51d-495d-92f1-014c3f647aac: cophenetic index 2625; 1.8 s; peak memory 635 MiB.
2026-10-06T20:10:39Z INFO [3119/4500] 77565fa4-44ed-4c2b-ba9a-587b90f66180: cophenetic index 33986; 1.5 s; peak memory 635 MiB.
2026-10-06T20:10:40Z INFO [3120/4500] 77569caa-25b7-405c-85dd-c4624b845f22: cophenetic index 690; 0.9 s; peak memory 635 MiB.
2026-10-06T20:10:41Z INFO [3121/4500] 7756a0e1-fdcc-45c5-a11d-4c9e819be544: cophenetic index 624; 1.2 s; peak memory 635 MiB.
2026-10-06T20:10:43Z INFO [3122/4500] 775701f1-dcb1-4771-9495-333e258a111a: cophenetic index 2625; 1.8 s; peak memory 635 MiB.
2026-10-06T20:10:44Z INFO [3123/4500] 77572220-5277-4502-b1f7-5aa8dbd308f4: cophenetic index 379; 1.0 s; peak memory 635 MiB.
2026-10-06T20:10:45Z INFO [3124/4500] 77578ccc-1955-495e-8397-abd58cd0d5fb: cophenetic index 33986; 1.7 s; peak memory 635 MiB.
2026-10-06T20:10:46Z INFO [3125/4500] 77580e9b-bf2b-452d-9052-e8cd22ce2941: cophenetic index 433; 0.7 s; peak memory 635 MiB.
2026-10-06T20:10:48Z INFO [3126/4500] 77581485-b71c-4c7e-b356-50a632f185ec: cophenetic index 2625; 1.8 s; peak memory 635 MiB.
2026-10-06T20:10:59Z INFO [3127/4500] 7758e1b2-e4d2-4285-b8f0-34797c9d7ab2: cophenetic index 190248; 10.6 s; peak memory 635 MiB.
2026-10-06T20:11:11Z INFO [3128/4500] 77595e0a-51cc-4a0e-96cc-a57edfeb25d1: cophenetic index 49912; 12.3 s; peak memory 635 MiB.
2026-10-06T20:11:22Z INFO [3129/4500] 77599375-b7e4-4da4-9703-54d338bb9575: cophenetic index 46939; 11.5 s; peak memory 635 MiB.
2026-10-06T20:11:24Z INFO [3130/4500] 7759c763-ad81-4373-aee7-3a700fdc8467: cophenetic index 624; 1.2 s; peak memory 635 MiB.
2026-10-06T20:11:30Z INFO [3131/4500] 775a070a-d52d-4c0b-a910-5f29a21f5c0a: cophenetic index 9548; 6.6 s; peak memory 635 MiB.
2026-10-06T20:12:55Z INFO [3132/4500] 775a52db-aef2-4ecb-9bb7-4fd9c2f9048d: cophenetic index 3645210; 85.0 s; peak memory 635 MiB.
2026-10-06T20:12:56Z INFO [3133/4500] 775aac26-77f8-4bf6-95a1-301ce97b3a48: cophenetic index 755; 0.8 s; peak memory 635 MiB.
2026-10-06T20:12:57Z INFO [3134/4500] 775ac925-f99c-40af-8328-dcf28e796c29: cophenetic index 23358; 1.3 s; peak memory 635 MiB.
2026-10-06T20:12:59Z INFO [3135/4500] 775c4b1c-bdbb-4808-83c3-dc8243f63d5c: cophenetic index 37616; 1.8 s; peak memory 635 MiB.
2026-10-06T20:13:04Z INFO [3136/4500] 775dca5c-25e8-4ada-a537-1046abddd453: cophenetic index 39412; 5.1 s; peak memory 635 MiB.
2026-10-06T20:13:06Z INFO [3137/4500] 775e139e-c083-4c0b-ac3c-c395fad5d314: cophenetic index 23502; 1.5 s; peak memory 635 MiB.
2026-10-06T20:13:09Z INFO [3138/4500] 775ea1d3-6017-43be-9ce6-0bc99406d517: cophenetic index 2469; 3.1 s; peak memory 635 MiB.
2026-10-06T20:13:09Z INFO [3139/4500] 775efba9-bafb-4358-bf77-f39ed1db5bf6: cophenetic index 490; 0.8 s; peak memory 635 MiB.
2026-10-06T20:13:11Z INFO [3140/4500] 775f1a92-a4de-493e-9e1a-8bf756f4a23e: cophenetic index 613; 1.8 s; peak memory 635 MiB.
2026-10-06T20:13:18Z INFO [3141/4500] 775f2a2c-fd73-4b4e-8bf2-7f43fa50f323: cophenetic index 9181; 6.4 s; peak memory 635 MiB.
2026-10-06T20:13:26Z INFO [3142/4500] 775f3779-14a2-4332-ab8c-71349f563c03: cophenetic index 130360; 8.0 s; peak memory 635 MiB.
2026-10-06T20:13:27Z INFO [3143/4500] 776176b7-ee5f-4a35-a7da-0c9a58e4184a: cophenetic index 2974; 1.5 s; peak memory 635 MiB.
2026-10-06T20:13:34Z INFO [3144/4500] 77620d36-0bc7-4f48-9d26-0b943a6175f6: cophenetic index 9548; 6.5 s; peak memory 635 MiB.
2026-10-06T20:13:35Z INFO [3145/4500] 7763d8a1-013f-48f4-92ed-b41a65f77167: cophenetic index 624; 1.2 s; peak memory 635 MiB.
2026-10-06T20:13:36Z INFO [3146/4500] 77651c47-ef1c-49f4-b4ca-b5330d3bc295: cophenetic index 766; 1.5 s; peak memory 635 MiB.
2026-10-06T20:13:37Z INFO [3147/4500] 77654502-4fea-4f78-b4ee-696686db6a8a: cophenetic index 624; 1.1 s; peak memory 635 MiB.
2026-10-06T20:13:39Z INFO [3148/4500] 77654ebb-6a5e-4647-a7de-07888f6cddf4: cophenetic index 952; 1.1 s; peak memory 635 MiB.
2026-10-06T20:13:39Z INFO [3149/4500] 776721d1-d3bb-4512-aca9-4de6f617e1ed: cophenetic index 490; 0.8 s; peak memory 635 MiB.
2026-10-06T20:13:41Z INFO [3150/4500] 7767fa5a-e5eb-49ae-9976-31d52148e14b: cophenetic index 2570; 1.4 s; peak memory 635 MiB.
2026-10-06T20:13:41Z INFO [3150/4500] 7767fa5a-e5eb-49ae-9976-31d52148e14b: checkpointed 104245 records.
2026-10-06T20:13:42Z INFO [3151/4500] 7768f129-49c5-4e1e-a366-08ff22f0b571: cophenetic index 579; 1.0 s; peak memory 635 MiB.
2026-10-06T20:13:43Z INFO [3152/4500] 7769b9c3-ae87-4ea7-9c81-03f1ff4b4c46: cophenetic index 490; 0.7 s; peak memory 635 MiB.
2026-10-06T20:13:44Z INFO [3153/4500] 776a0e9f-abba-40b7-9b27-e90c55597ce1: cophenetic index 624; 1.1 s; peak memory 635 MiB.
2026-10-06T20:13:47Z INFO [3154/4500] 776a1326-dec5-47bd-947e-25867a9e87be: cophenetic index 3437; 2.9 s; peak memory 635 MiB.
2026-10-06T20:13:49Z INFO [3155/4500] 776a36c5-01f3-4576-8a68-734102da30bb: cophenetic index 99150; 2.2 s; peak memory 635 MiB.
2026-10-06T20:13:51Z INFO [3156/4500] 776a67ec-2dc4-4160-85ce-5af31264906b: cophenetic index 1271; 1.6 s; peak memory 635 MiB.
2026-10-06T20:13:52Z INFO [3157/4500] 776ae878-b9b6-416d-a5ea-cfe5056298a4: cophenetic index 2974; 1.3 s; peak memory 635 MiB.
2026-10-06T20:13:53Z INFO [3158/4500] 776b6274-187a-4524-94b7-6389af40517d: cophenetic index 433; 0.8 s; peak memory 635 MiB.
2026-10-06T20:13:54Z INFO [3159/4500] 776bd938-028e-4cf4-b04e-4680a1b3f2ff: cophenetic index 30304; 1.8 s; peak memory 635 MiB.
2026-10-06T20:13:56Z INFO [3160/4500] 776ca597-684c-4168-8606-df5cc004be28: cophenetic index 624; 1.2 s; peak memory 635 MiB.
2026-10-06T20:13:56Z INFO [3161/4500] 776cfa8d-e627-4ff5-9938-04c9f8c984f7: cophenetic index 490; 0.8 s; peak memory 635 MiB.
2026-10-06T20:13:57Z INFO [3162/4500] 776d3aed-2f1b-4878-b812-b815110743be: cophenetic index 164; 0.8 s; peak memory 635 MiB.
2026-10-06T20:13:58Z INFO [3163/4500] 776dc065-d5ee-47fd-bc2a-9a3afc456e4f: cophenetic index 581; 1.2 s; peak memory 635 MiB.
2026-10-06T20:14:00Z INFO [3164/4500] 776eca78-4ae6-4d2e-bcd8-1204d18f950a: cophenetic index 3087; 1.3 s; peak memory 635 MiB.
2026-10-06T20:14:02Z INFO [3165/4500] 776f0e4a-d12c-48b4-af5f-0663f8636d27: cophenetic index 809; 2.5 s; peak memory 635 MiB.
2026-10-06T20:14:04Z INFO [3166/4500] 776f19ed-add4-4662-9770-7548127810d9: cophenetic index 2625; 1.9 s; peak memory 635 MiB.
2026-10-06T20:14:05Z INFO [3167/4500] 776f2016-dadf-4d8f-8411-ca11002a0c0e: cophenetic index 624; 1.3 s; peak memory 635 MiB.
2026-10-06T20:14:07Z INFO [3168/4500] 776f4f86-82bc-438d-b479-71b42d766d90: cophenetic index 2625; 1.5 s; peak memory 635 MiB.
2026-10-06T20:14:10Z INFO [3169/4500] 776fda63-253e-4d2d-80eb-65017d8ca54f: cophenetic index 2609; 2.6 s; peak memory 635 MiB.
2026-10-06T20:14:12Z INFO [3170/4500] 7771082b-1b39-4e97-9656-93abfbdeb13c: cophenetic index 1372; 2.0 s; peak memory 635 MiB.
2026-10-06T20:14:14Z INFO [3171/4500] 77718df8-466d-4aef-b399-9e82fab5e321: cophenetic index 2625; 2.0 s; peak memory 635 MiB.
2026-10-06T20:14:17Z INFO [3172/4500] 7771db96-58dc-41d1-bbd1-783810309175: cophenetic index 2469; 2.9 s; peak memory 635 MiB.
2026-10-06T20:14:22Z INFO [3173/4500] 7773117e-ce4d-44cc-bf1e-dbb2992600af: cophenetic index 35540; 5.5 s; peak memory 635 MiB.
2026-10-06T20:14:24Z INFO [3174/4500] 77731ef7-44c4-44f3-9e8f-db3382080c97: cophenetic index 1751; 1.6 s; peak memory 635 MiB.
2026-10-06T20:14:25Z INFO [3175/4500] 777339f1-d842-4ddc-a0e1-d42b938055f6: cophenetic index 23370; 1.2 s; peak memory 635 MiB.
2026-10-06T20:14:36Z INFO [3176/4500] 77734288-51f6-4f79-815a-1e5f2e489d40: cophenetic index 48643; 11.6 s; peak memory 635 MiB.
2026-10-06T20:14:38Z INFO [3177/4500] 7773775d-341a-490c-a5b3-63d53304d3af: cophenetic index 3087; 1.6 s; peak memory 635 MiB.
2026-10-06T20:14:40Z INFO [3178/4500] 77738760-1849-4160-aa1a-a025ed3dbcda: cophenetic index 1380; 1.7 s; peak memory 635 MiB.
2026-10-06T20:14:41Z INFO [3179/4500] 7773e4bb-6100-4407-bc4c-54dd897b6d15: cophenetic index 624; 1.2 s; peak memory 635 MiB.
2026-10-06T20:14:42Z INFO [3180/4500] 77742e1e-9dc4-4cd6-b6f1-f93a9b200b87: cophenetic index 624; 1.1 s; peak memory 635 MiB.
2026-10-06T20:14:43Z INFO [3181/4500] 77745d46-83ac-49ba-8248-8366f3115626: cophenetic index 3192; 1.4 s; peak memory 635 MiB.
2026-10-06T20:14:45Z INFO [3182/4500] 7776424f-da89-41af-a6c7-9b6453b5d73f: cophenetic index 624; 1.1 s; peak memory 635 MiB.
2026-10-06T20:14:46Z INFO [3183/4500] 77773db6-130f-4ed3-bf57-af40c54e7ccd: cophenetic index 624; 1.1 s; peak memory 635 MiB.
2026-10-06T20:14:47Z INFO [3184/4500] 77778dda-ffb1-4055-8bc1-dda9292392ce: cophenetic index 490; 0.9 s; peak memory 635 MiB.
2026-10-06T20:14:48Z INFO [3185/4500] 77779318-1a38-44f6-8eb4-96537cd357b2: cophenetic index 2974; 1.4 s; peak memory 635 MiB.
2026-10-06T20:14:50Z INFO [3186/4500] 7777b756-2481-473b-9946-307dee167d02: cophenetic index 2625; 1.7 s; peak memory 635 MiB.
2026-10-06T20:14:57Z INFO [3187/4500] 7778275e-6a54-495a-bb66-a1e9ead76dfa: cophenetic index 5466; 7.8 s; peak memory 635 MiB.
2026-10-06T20:14:59Z INFO [3188/4500] 7778ee4b-edd5-4f22-86f6-7b171c847538: cophenetic index 33968; 1.7 s; peak memory 635 MiB.
2026-10-06T20:15:00Z INFO [3189/4500] 7779412e-841a-460b-ba95-b634cd49fd75: cophenetic index 3087; 1.4 s; peak memory 635 MiB.
2026-10-06T20:15:05Z INFO [3190/4500] 77796f43-b091-4b3e-a8f9-2620634657ab: cophenetic index 3045; 5.0 s; peak memory 635 MiB.
2026-10-06T20:15:07Z INFO [3191/4500] 7779c5f3-f798-4874-aaf5-627d2fb5e7c8: cophenetic index 2625; 1.6 s; peak memory 635 MiB.
2026-10-06T20:15:08Z INFO [3192/4500] 7779e263-21c6-435c-80f6-d782da42fe12: cophenetic index 627; 1.0 s; peak memory 635 MiB.
2026-10-06T20:15:10Z INFO [3193/4500] 777a1e5f-629d-4d98-88b2-7446e5cf7d80: cophenetic index 2625; 1.5 s; peak memory 635 MiB.
2026-10-06T20:15:13Z INFO [3194/4500] 777a2ff9-29e9-4cd1-b90b-e305252189d1: cophenetic index 5473; 3.5 s; peak memory 635 MiB.
2026-10-06T20:15:14Z INFO [3195/4500] 777ae015-4236-40bf-82cf-1eabddd54252: cophenetic index 3087; 1.3 s; peak memory 635 MiB.
2026-10-06T20:15:16Z INFO [3196/4500] 777aef21-f9be-43cf-ac4f-0f108c84e5b1: cophenetic index 2105; 2.0 s; peak memory 635 MiB.
2026-10-06T20:15:20Z INFO [3197/4500] 777b2ff2-2293-4e21-9c77-0b15ac04f00a: cophenetic index 2391; 3.1 s; peak memory 635 MiB.
2026-10-06T20:15:35Z INFO [3198/4500] 777b6a41-3e9a-477a-a0ab-953c385319aa: cophenetic index 526775; 15.9 s; peak memory 635 MiB.
2026-10-06T20:15:48Z INFO [3199/4500] 777c03f5-c9b3-461a-9e96-797aa5ddc2f1: cophenetic index 48665; 12.3 s; peak memory 635 MiB.
2026-10-06T20:15:49Z INFO [3200/4500] 777ca322-f9b3-41f7-a20c-97c4cdffe5fd: cophenetic index 624; 1.3 s; peak memory 635 MiB.
2026-10-06T20:15:49Z INFO [3200/4500] 777ca322-f9b3-41f7-a20c-97c4cdffe5fd: checkpointed 104295 records.
2026-10-06T20:15:59Z INFO [3201/4500] 777d35a5-614c-4dee-8166-40e8d55c6b8c: cophenetic index 117946; 9.6 s; peak memory 635 MiB.
2026-10-06T20:16:12Z INFO [3202/4500] 777de237-b6bc-40b7-b47e-ff894dd1f2d9: cophenetic index 33902; 13.2 s; peak memory 635 MiB.
2026-10-06T20:16:15Z INFO [3203/4500] 777de30f-4a79-4fba-8481-0c3573c4deea: cophenetic index 6118; 2.9 s; peak memory 635 MiB.
2026-10-06T20:16:17Z INFO [3204/4500] 777dfeb2-a274-4e00-8036-a76681aecaec: cophenetic index 2625; 2.0 s; peak memory 635 MiB.
2026-10-06T20:16:18Z INFO [3205/4500] 777e2207-dc9e-4c0f-8620-11f3b21d0e88: cophenetic index 624; 1.2 s; peak memory 635 MiB.
2026-10-06T20:16:20Z INFO [3206/4500] 777e4c77-ae71-457d-8f44-d2c0bb4ebd50: cophenetic index 33998; 1.7 s; peak memory 635 MiB.
2026-10-06T20:16:33Z INFO [3207/4500] 777f87b6-b1b0-4022-98fb-d1883400f112: cophenetic index 158568; 13.0 s; peak memory 635 MiB.
2026-10-06T20:16:35Z INFO [3208/4500] 777fbfe0-42a3-4f86-b3fe-3edca69bf9f9: cophenetic index 1563; 2.0 s; peak memory 635 MiB.
2026-10-06T20:16:37Z INFO [3209/4500] 777fec0e-4256-40aa-ba72-cbf7106b77ed: cophenetic index 30304; 1.8 s; peak memory 635 MiB.
2026-10-06T20:16:38Z INFO [3210/4500] 77800b77-b6fa-4e86-9409-fe8f6890db18: cophenetic index 624; 1.2 s; peak memory 635 MiB.
2026-10-06T20:16:39Z INFO [3211/4500] 77813398-bcea-44ea-b8fc-4d504b1962c3: cophenetic index 624; 1.3 s; peak memory 635 MiB.
2026-10-06T20:16:40Z INFO [3212/4500] 7781dd90-161e-464f-9931-c2a934cdbcf9: cophenetic index 952; 1.0 s; peak memory 635 MiB.
2026-10-06T20:16:47Z INFO [3213/4500] 77821711-1a65-4dae-b4d6-ee5c190ff54a: cophenetic index 9181; 7.1 s; peak memory 635 MiB.
2026-10-06T20:16:48Z INFO [3214/4500] 7782eabe-4a5b-49fa-9e0e-9c6dc7e11697: cophenetic index 624; 1.2 s; peak memory 635 MiB.
2026-10-06T20:16:50Z INFO [3215/4500] 778367dd-cde3-48a9-9a14-331e8f2a2837: cophenetic index 3087; 1.6 s; peak memory 635 MiB.
2026-10-06T20:16:51Z INFO [3216/4500] 77837f7a-dde8-453d-bd42-b2f2ea09964a: cophenetic index 23206; 1.3 s; peak memory 635 MiB.
2026-10-06T20:16:53Z INFO [3217/4500] 7783af79-d3ce-4fc1-a81b-12fe516baead: cophenetic index 431; 1.4 s; peak memory 635 MiB.
2026-10-06T20:16:54Z INFO [3218/4500] 77850772-56c4-4829-9925-ae88d464183d: cophenetic index 33986; 1.7 s; peak memory 635 MiB.
2026-10-06T20:16:56Z INFO [3219/4500] 77855463-8033-47b2-944f-e622d3869e21: cophenetic index 624; 1.2 s; peak memory 635 MiB.
2026-10-06T20:16:59Z INFO [3220/4500] 77855675-e34b-4ffe-abaf-8b215ee12713: cophenetic index 2402; 3.3 s; peak memory 635 MiB.
2026-10-06T20:17:00Z INFO [3221/4500] 77859ae4-03bc-458a-a290-52c36057a6dc: cophenetic index 624; 1.3 s; peak memory 635 MiB.
2026-10-06T20:17:01Z INFO [3222/4500] 7785df5b-1053-466f-b372-df38128eb581: cophenetic index 791; 1.4 s; peak memory 635 MiB.
2026-10-06T20:17:09Z INFO [3223/4500] 7785f1f2-d638-4af0-a757-9c3cc6f5020e: cophenetic index 6715; 7.7 s; peak memory 635 MiB.
2026-10-06T20:17:10Z INFO [3224/4500] 7785f3cd-292d-43af-b1c8-cf383e7ed64b: cophenetic index 2625; 1.0 s; peak memory 635 MiB.
2026-10-06T20:17:11Z INFO [3225/4500] 77860314-f54c-41f8-8b27-0391cb7d6160: cophenetic index 624; 1.1 s; peak memory 635 MiB.
2026-10-06T20:17:14Z INFO [3226/4500] 77861bc6-8cb8-4123-b4ed-09b2ca31f971: cophenetic index 959; 3.0 s; peak memory 635 MiB.
2026-10-06T20:17:15Z INFO [3227/4500] 778630e8-fe8b-4a9d-a8ce-d3c6c633e154: cophenetic index 469; 1.0 s; peak memory 635 MiB.
2026-10-06T20:17:17Z INFO [3228/4500] 77878583-37f7-4ae3-b90b-f3d00909c3bb: cophenetic index 1025; 1.2 s; peak memory 635 MiB.
2026-10-06T20:17:45Z INFO [3229/4500] 7787c215-2b10-4e69-9b9b-2eea06e986c2: cophenetic index 275481; 28.5 s; peak memory 635 MiB.
2026-10-06T20:17:47Z INFO [3230/4500] 77889775-b8ee-488b-9dd6-28f6dd7820ca: cophenetic index 33962; 1.7 s; peak memory 635 MiB.
2026-10-06T20:17:48Z INFO [3231/4500] 77889b18-344b-4e55-acde-2cbf54878b1e: cophenetic index 23975; 1.3 s; peak memory 635 MiB.
2026-10-06T20:17:50Z INFO [3232/4500] 7788a8f6-2ff2-40f1-8fd1-31079ef9b0ca: cophenetic index 879; 1.7 s; peak memory 635 MiB.
2026-10-06T20:17:52Z INFO [3233/4500] 7788cbb6-eb93-4bfc-b5d7-e944b63a2998: cophenetic index 99138; 2.3 s; peak memory 635 MiB.
2026-10-06T20:17:54Z INFO [3234/4500] 778912dd-6f49-4190-ab4d-5a60e81e90bc: cophenetic index 2625; 1.5 s; peak memory 635 MiB.
2026-10-06T20:17:55Z INFO [3235/4500] 7789715f-c8f9-4071-9520-4b139133ef7d: cophenetic index 624; 1.3 s; peak memory 635 MiB.
2026-10-06T20:17:56Z INFO [3236/4500] 77897899-ac84-4531-a847-e20a33200faf: cophenetic index 164; 0.8 s; peak memory 635 MiB.
2026-10-06T20:17:58Z INFO [3237/4500] 7789b99f-8003-4110-87da-7cc609bb370d: cophenetic index 99114; 1.9 s; peak memory 635 MiB.
2026-10-06T20:17:59Z INFO [3238/4500] 778afd77-4136-4199-b9b2-4dce2ae101bc: cophenetic index 624; 1.2 s; peak memory 635 MiB.
2026-10-06T20:18:00Z INFO [3239/4500] 778c188c-39b8-4f7d-9f7b-802f8d3c867f: cophenetic index 624; 1.2 s; peak memory 635 MiB.
2026-10-06T20:18:01Z INFO [3240/4500] 778c3167-0cc5-4e65-89e6-d127e8cc22d9: cophenetic index 23510; 1.5 s; peak memory 635 MiB.
2026-10-06T20:18:03Z INFO [3241/4500] 778c47b1-5fa9-4bfa-b9e7-01245fcb18e4: cophenetic index 34395; 1.4 s; peak memory 635 MiB.
2026-10-06T20:18:10Z INFO [3242/4500] 778dd961-a82c-42c5-b900-14fdeea2c03c: cophenetic index 119493; 7.7 s; peak memory 635 MiB.
2026-10-06T20:18:16Z INFO [3243/4500] 778e054c-343b-47a2-9547-34eb0a03ada6: cophenetic index 9181; 5.8 s; peak memory 635 MiB.
2026-10-06T20:18:18Z INFO [3244/4500] 778e6d75-4887-4b8d-8978-de3f3c26c3fe: cophenetic index 3004; 1.4 s; peak memory 635 MiB.
2026-10-06T20:18:21Z INFO [3245/4500] 778efffe-56b6-4b2a-ae3c-2c1b294771af: cophenetic index 2469; 3.2 s; peak memory 635 MiB.
2026-10-06T20:18:22Z INFO [3246/4500] 778f5a06-c742-439b-9522-787700c7a450: cophenetic index 3012; 1.1 s; peak memory 635 MiB.
2026-10-06T20:18:32Z INFO [3247/4500] 778faecc-f9b4-490c-a4f1-ce8c9d24298e: cophenetic index 46939; 10.3 s; peak memory 635 MiB.
2026-10-06T20:18:34Z INFO [3248/4500] 7790c815-175e-40b4-a0a5-8b5006258a71: cophenetic index 649; 1.4 s; peak memory 635 MiB.
2026-10-06T20:18:35Z INFO [3249/4500] 77911f8a-1401-418a-b7c3-a88325690160: cophenetic index 624; 1.2 s; peak memory 635 MiB.
2026-10-06T20:18:36Z INFO [3250/4500] 7791380c-5672-4053-a752-e73bc069afd2: cophenetic index 624; 1.1 s; peak memory 635 MiB.
2026-10-06T20:18:36Z INFO [3250/4500] 7791380c-5672-4053-a752-e73bc069afd2: checkpointed 104345 records.
2026-10-06T20:18:37Z INFO [3251/4500] 77916ff0-c831-4844-910a-ca9075012ae6: cophenetic index 624; 1.1 s; peak memory 635 MiB.
2026-10-06T20:18:39Z INFO [3252/4500] 7791a226-aab0-45f9-ac7f-66005d3980f3: cophenetic index 605; 1.6 s; peak memory 635 MiB.
2026-10-06T20:18:42Z INFO [3253/4500] 7791f195-a032-4efe-a821-83150dc563b7: cophenetic index 2402; 3.0 s; peak memory 635 MiB.
2026-10-06T20:18:43Z INFO [3254/4500] 77926699-844f-4f8c-8982-ada59ed1ebdf: cophenetic index 659; 1.2 s; peak memory 635 MiB.
2026-10-06T20:18:45Z INFO [3255/4500] 7793cd34-f2d6-4ec7-bdb7-a6e6dd5b6245: cophenetic index 1006; 1.5 s; peak memory 635 MiB.
2026-10-06T20:18:46Z INFO [3256/4500] 7793f5df-c348-476d-9b89-122c62fb9355: cophenetic index 624; 1.3 s; peak memory 635 MiB.
2026-10-06T20:18:54Z INFO [3257/4500] 779489e7-54c8-4d01-85eb-b2dc76a7bc3c: cophenetic index 87111; 8.4 s; peak memory 635 MiB.
2026-10-06T20:18:55Z INFO [3258/4500] 7794f4bf-6dd7-49e3-9e73-6fba39079a9e: cophenetic index 624; 1.1 s; peak memory 635 MiB.
2026-10-06T20:18:57Z INFO [3259/4500] 779590f1-14a2-473e-94a9-8cae98de2e0f: cophenetic index 624; 1.4 s; peak memory 635 MiB.
2026-10-06T20:18:58Z INFO [3260/4500] 7795b64c-ac77-4075-8ace-89445636c45f: cophenetic index 431; 0.9 s; peak memory 635 MiB.
2026-10-06T20:18:59Z INFO [3261/4500] 7795f939-5f9b-4181-8edb-6173060a85fc: cophenetic index 446; 1.0 s; peak memory 635 MiB.
2026-10-06T20:19:00Z INFO [3262/4500] 77961c20-22be-4bf3-92a9-b632020b80ba: cophenetic index 539; 1.2 s; peak memory 635 MiB.
2026-10-06T20:19:01Z INFO [3263/4500] 77962366-231c-4527-8ebc-73b88182cabd: cophenetic index 624; 1.4 s; peak memory 635 MiB.
2026-10-06T20:19:03Z INFO [3264/4500] 7797a9ed-ff93-42a5-8fe6-4e2e7f14fccd: cophenetic index 624; 1.2 s; peak memory 635 MiB.
2026-10-06T20:19:04Z INFO [3265/4500] 7797db22-c7f3-4e06-8806-7eba188ecf6a: cophenetic index 1558; 1.5 s; peak memory 635 MiB.
2026-10-06T20:19:05Z INFO [3266/4500] 779892f5-0ab7-4f10-a948-a20e823910a4: cophenetic index 560; 1.1 s; peak memory 635 MiB.
2026-10-06T20:19:07Z INFO [3267/4500] 7798f539-b9d7-4a13-8255-59ad1c0a4a28: cophenetic index 766; 1.6 s; peak memory 635 MiB.
2026-10-06T20:19:10Z INFO [3268/4500] 7799162f-f298-4024-91f0-287dd2f5f51a: cophenetic index 2241; 3.1 s; peak memory 635 MiB.
2026-10-06T20:19:11Z INFO [3269/4500] 77993ef8-2777-4a38-a89d-4b1632fc1ae6: cophenetic index 3004; 1.4 s; peak memory 635 MiB.
2026-10-06T20:19:13Z INFO [3270/4500] 779a4048-a15c-4d6d-b322-beb0ddab69b8: cophenetic index 23200; 1.8 s; peak memory 635 MiB.
2026-10-06T20:19:15Z INFO [3271/4500] 779a7b50-2e2f-40f3-8d5f-a315e288a320: cophenetic index 99150; 2.0 s; peak memory 635 MiB.
2026-10-06T20:19:16Z INFO [3272/4500] 779a889c-91ee-4104-8a61-131393f0fae1: cophenetic index 624; 1.1 s; peak memory 635 MiB.
2026-10-06T20:19:17Z INFO [3273/4500] 779afef8-cfc6-4bf7-970d-671be0501e7f: cophenetic index 624; 1.3 s; peak memory 635 MiB.
2026-10-06T20:19:19Z INFO [3274/4500] 779b2022-519e-437f-86d6-1ac6db1d036f: cophenetic index 23259; 1.9 s; peak memory 635 MiB.
2026-10-06T20:19:22Z INFO [3275/4500] 779b2782-20ff-489e-9833-a31f7871428e: cophenetic index 41788; 2.4 s; peak memory 635 MiB.
2026-10-06T20:19:23Z INFO [3276/4500] 779ba80c-a34e-4537-8c50-2061525a5cd5: cophenetic index 624; 1.2 s; peak memory 635 MiB.
2026-10-06T20:19:32Z INFO [3277/4500] 779bf95a-682e-4221-8bbf-84ca51c1da99: cophenetic index 148986; 9.4 s; peak memory 635 MiB.
2026-10-06T20:19:34Z INFO [3278/4500] 779c9331-093f-4f18-b492-a49e4a87c7aa: cophenetic index 1087; 1.5 s; peak memory 635 MiB.
2026-10-06T20:19:43Z INFO [3279/4500] 779f9f72-d509-4066-b86f-99539532aa6b: cophenetic index 73746777; 9.2 s; peak memory 635 MiB.
2026-10-06T20:19:45Z INFO [3280/4500] 77a04e2f-5b7f-4cd5-8b8b-514e9bb00520: cophenetic index 3087; 1.5 s; peak memory 635 MiB.
2026-10-06T20:19:59Z INFO [3281/4500] 77a05244-ac0b-453b-a023-ca65bf9aaf61: cophenetic index 48024; 14.4 s; peak memory 635 MiB.
2026-10-06T20:20:13Z INFO [3282/4500] 77a0d2db-b0d9-4c9f-b1a9-902673eccda0: cophenetic index 522672; 13.8 s; peak memory 635 MiB.
2026-10-06T20:20:14Z INFO [3283/4500] 77a0e4a3-ae99-4234-9d8d-5e96c043b93a: cophenetic index 729; 0.8 s; peak memory 635 MiB.
2026-10-06T20:20:15Z INFO [3284/4500] 77a144ec-656d-4747-b7df-c493b4df5352: cophenetic index 2625; 1.5 s; peak memory 635 MiB.
2026-10-06T20:20:17Z INFO [3285/4500] 77a189c7-eb35-4069-bea4-ea2edeee0fe5: cophenetic index 809; 2.4 s; peak memory 635 MiB.
2026-10-06T20:20:19Z INFO [3286/4500] 77a1d51c-3bd4-41b0-a446-88aa660b8698: cophenetic index 2932; 1.3 s; peak memory 635 MiB.
2026-10-06T20:20:20Z INFO [3287/4500] 77a2194b-b9d2-48f0-aafb-1b519f83dd01: cophenetic index 624; 1.1 s; peak memory 635 MiB.
2026-10-06T20:20:21Z INFO [3288/4500] 77a256e0-dd96-4b60-81b4-f543f816eaf8: cophenetic index 624; 1.2 s; peak memory 635 MiB.
2026-10-06T20:20:22Z INFO [3289/4500] 77a2dc90-cf02-4def-8f4d-28cb1a4de18e: cophenetic index 3004; 1.4 s; peak memory 635 MiB.
2026-10-06T20:20:24Z INFO [3290/4500] 77a3518b-89b4-42c9-bd64-a4c973f79bcc: cophenetic index 624; 1.2 s; peak memory 635 MiB.
2026-10-06T20:20:27Z INFO [3291/4500] 77a3beda-f06c-446e-a211-9dd943841c3f: cophenetic index 8258; 3.6 s; peak memory 635 MiB.
2026-10-06T20:20:42Z INFO [3292/4500] 77a43e8a-d029-43ce-b4eb-463ceb83ba92: cophenetic index 49996; 14.4 s; peak memory 635 MiB.
2026-10-06T20:20:43Z INFO [3293/4500] 77a4ef1e-5e98-42de-b792-2e744fd153fa: cophenetic index 560; 1.0 s; peak memory 635 MiB.
2026-10-06T20:20:44Z INFO [3294/4500] 77a5fa11-d68c-4dbf-9bad-5ade1deacf13: cophenetic index 2625; 1.6 s; peak memory 635 MiB.
2026-10-06T20:20:46Z INFO [3295/4500] 77a689d8-76b0-4551-8f07-98b09764426a: cophenetic index 624; 1.2 s; peak memory 635 MiB.
2026-10-06T20:20:47Z INFO [3296/4500] 77a7607b-1b21-4055-89c2-939fa0d72803: cophenetic index 624; 1.2 s; peak memory 635 MiB.
2026-10-06T20:20:48Z INFO [3297/4500] 77a8706c-53b6-45b5-9a2d-b312c6731c87: cophenetic index 624; 1.2 s; peak memory 635 MiB.
2026-10-06T20:20:49Z INFO [3298/4500] 77a897f8-fd50-4c33-b1f3-fbe5f954c212: cophenetic index 490; 0.9 s; peak memory 635 MiB.
2026-10-06T20:20:50Z INFO [3299/4500] 77a8a01e-f5bf-443c-a1e7-dc9d1ab99152: cophenetic index 651; 1.1 s; peak memory 635 MiB.
2026-10-06T20:20:51Z INFO [3300/4500] 77a93520-7c48-4ae6-86a0-ca5531c3401d: cophenetic index 496; 1.4 s; peak memory 635 MiB.
2026-10-06T20:20:51Z INFO [3300/4500] 77a93520-7c48-4ae6-86a0-ca5531c3401d: checkpointed 104395 records.
2026-10-06T20:20:53Z INFO [3301/4500] 77a99d27-c0a3-49d1-92d9-c32d749ebcf2: cophenetic index 2625; 1.7 s; peak memory 635 MiB.
2026-10-06T20:21:02Z INFO [3302/4500] 77aa8a8d-2e6b-4641-9ff4-613917b219e9: cophenetic index 136124; 9.3 s; peak memory 635 MiB.
2026-10-06T20:21:04Z INFO [3303/4500] 77aaf2c2-0356-431e-8f4a-652c2475826f: cophenetic index 649; 1.2 s; peak memory 635 MiB.
2026-10-06T20:21:06Z INFO [3304/4500] 77ab6cbb-358e-43df-8cc4-a0e8d0506d5c: cophenetic index 811; 1.9 s; peak memory 635 MiB.
2026-10-06T20:21:06Z INFO [3305/4500] 77abc09f-e970-48c7-8056-6b44f9d8654b: cophenetic index 762; 0.9 s; peak memory 635 MiB.
2026-10-06T20:21:08Z INFO [3306/4500] 77acb42e-d791-4987-8ff1-f4be7b5080d9: cophenetic index 2625; 1.4 s; peak memory 635 MiB.
2026-10-06T20:21:09Z INFO [3307/4500] 77ace434-3b07-4b00-8a8a-1c434f3b45a5: cophenetic index 2646; 1.4 s; peak memory 635 MiB.
2026-10-06T20:21:10Z INFO [3308/4500] 77acf426-6799-42c8-8f50-e46a21ad1d6d: cophenetic index 624; 1.1 s; peak memory 635 MiB.
2026-10-06T20:21:12Z INFO [3309/4500] 77ad408e-0dda-411d-9e02-c939f136f168: cophenetic index 3057; 1.2 s; peak memory 635 MiB.
2026-10-06T20:21:13Z INFO [3310/4500] 77ad6807-99e5-4d7b-9a5a-c7ddbe39184f: cophenetic index 624; 1.1 s; peak memory 635 MiB.
2026-10-06T20:21:14Z INFO [3311/4500] 77ad6997-1bfa-46f3-830d-59c2a173b9d6: cophenetic index 30304; 1.6 s; peak memory 635 MiB.
2026-10-06T20:21:16Z INFO [3312/4500] 77af8b64-954b-4050-9d23-6e68e73a2e03: cophenetic index 3004; 1.4 s; peak memory 635 MiB.
2026-10-06T20:21:19Z INFO [3313/4500] 77b14bd5-41e5-4fbe-94cf-3a9b978fca01: cophenetic index 2609; 3.0 s; peak memory 635 MiB.
2026-10-06T20:21:22Z INFO [3314/4500] 77b183c4-ec32-4e31-9672-b1e64eaac807: cophenetic index 1514; 3.0 s; peak memory 635 MiB.
2026-10-06T20:21:24Z INFO [3315/4500] 77b21477-1a05-4814-8253-8193d2417933: cophenetic index 2625; 1.7 s; peak memory 635 MiB.
2026-10-06T20:21:24Z INFO [3316/4500] 77b26a6b-fb0a-4a74-881c-34c1adc4f23d: cophenetic index 762; 0.8 s; peak memory 635 MiB.
2026-10-06T20:21:39Z INFO [3317/4500] 77b278a1-a177-4b46-8922-8e1482422307: cophenetic index 3546738; 14.6 s; peak memory 635 MiB.
2026-10-06T20:21:40Z INFO [3318/4500] 77b33a6b-fbca-4e90-9c23-e1fc0b73b60b: cophenetic index 624; 1.4 s; peak memory 635 MiB.
2026-10-06T20:22:05Z INFO [3319/4500] 77b42a1b-b90b-477c-8bd2-a8816da2c742: cophenetic index 42708; 24.4 s; peak memory 635 MiB.
2026-10-06T20:22:06Z INFO [3320/4500] 77b48624-f495-49fa-a7f5-c6faa25b96d4: cophenetic index 2625; 1.6 s; peak memory 635 MiB.
2026-10-06T20:22:07Z INFO [3321/4500] 77b5bc41-4d54-4398-93c6-0f801a66cdca: cophenetic index 1192; 1.1 s; peak memory 635 MiB.
2026-10-06T20:22:08Z INFO [3322/4500] 77b67c13-7f32-43bc-8b4d-d083db69e28d: cophenetic index 624; 1.1 s; peak memory 635 MiB.
2026-10-06T20:22:10Z INFO [3323/4500] 77b6bebb-9442-4e7d-9aa4-dd8930f1e694: cophenetic index 99120; 2.0 s; peak memory 635 MiB.
2026-10-06T20:22:14Z INFO [3324/4500] 77b6c626-8350-47bc-8305-63f9c7c821a1: cophenetic index 2236; 3.4 s; peak memory 635 MiB.
2026-10-06T20:22:15Z INFO [3325/4500] 77b6d0d1-bad9-4da6-b611-aeb52f44d160: cophenetic index 624; 1.3 s; peak memory 635 MiB.
2026-10-06T20:22:16Z INFO [3326/4500] 77b87ada-78da-4aa2-a3cf-a220baa0c5af: cophenetic index 624; 1.1 s; peak memory 635 MiB.
2026-10-06T20:22:23Z INFO [3327/4500] 77b8edc8-97ae-49f1-b7aa-dcd5dc97ebd1: cophenetic index 5466; 7.2 s; peak memory 635 MiB.
2026-10-06T20:22:25Z INFO [3328/4500] 77b9706c-4527-489e-bb05-7fac707df009: cophenetic index 539; 1.3 s; peak memory 635 MiB.
2026-10-06T20:22:26Z INFO [3329/4500] 77b982a3-7e7d-4e38-9c2e-1d0ff5c3546a: cophenetic index 3004; 1.5 s; peak memory 635 MiB.
2026-10-06T20:22:28Z INFO [3330/4500] 77b9f6ca-83a0-49a1-a8ff-5d356d41f0b6: cophenetic index 2625; 1.7 s; peak memory 635 MiB.
2026-10-06T20:22:29Z INFO [3331/4500] 77ba479d-0fa7-4a51-9a15-f31a5da20cd6: cophenetic index 624; 1.3 s; peak memory 635 MiB.
2026-10-06T20:22:30Z INFO [3332/4500] 77ba6546-51db-4f59-88ab-e1f53e6c17d7: cophenetic index 624; 1.1 s; peak memory 635 MiB.
2026-10-06T20:22:31Z INFO [3333/4500] 77bad4bc-6caa-4225-a2af-547e347783c7: cophenetic index 401; 0.9 s; peak memory 635 MiB.
2026-10-06T20:22:33Z INFO [3334/4500] 77bc7527-31bb-45c1-b169-ce0cfdd487eb: cophenetic index 3004; 1.5 s; peak memory 635 MiB.
2026-10-06T20:22:34Z INFO [3335/4500] 77bc8f9e-6936-450d-9c29-0be61f0427d3: cophenetic index 431; 0.9 s; peak memory 635 MiB.
2026-10-06T20:22:35Z INFO [3336/4500] 77bca852-3eff-486a-a04f-2f8b44ab7f19: cophenetic index 624; 1.2 s; peak memory 635 MiB.
2026-10-06T20:22:37Z INFO [3337/4500] 77bce1b2-912b-4570-9a33-cf47e319bf5a: cophenetic index 33998; 2.5 s; peak memory 635 MiB.
2026-10-06T20:22:40Z INFO [3338/4500] 77bd07a6-2099-4e10-abd9-c7912efc0426: cophenetic index 2056; 2.4 s; peak memory 635 MiB.
2026-10-06T20:22:41Z INFO [3339/4500] 77bd412e-e46e-4b09-9f0a-03253d7257a9: cophenetic index 3004; 1.4 s; peak memory 635 MiB.
2026-10-06T20:22:42Z INFO [3340/4500] 77bd6357-be77-48d1-87fa-d7665d5f2616: cophenetic index 3004; 1.5 s; peak memory 635 MiB.
2026-10-06T20:22:44Z INFO [3341/4500] 77bdf76e-7584-48c0-86b4-92152c4e1d1b: cophenetic index 2570; 1.7 s; peak memory 635 MiB.
2026-10-06T20:22:46Z INFO [3342/4500] 77be50d9-4d9f-423a-b0ba-25f17ba17371: cophenetic index 624; 1.3 s; peak memory 635 MiB.
2026-10-06T20:22:52Z INFO [3343/4500] 77beefc8-dc5c-4ff5-9b4e-21b147460a91: cophenetic index 22496; 6.4 s; peak memory 635 MiB.
2026-10-06T20:22:53Z INFO [3344/4500] 77bf232c-1d07-4d02-92b2-c290bd3c5eb1: cophenetic index 3192; 1.4 s; peak memory 635 MiB.
2026-10-06T20:22:54Z INFO [3345/4500] 77bfc18a-60f6-464e-973c-332f6a6696c4: cophenetic index 624; 1.2 s; peak memory 635 MiB.
2026-10-06T20:22:57Z INFO [3346/4500] 77bfe7d7-ee6f-4060-999d-7167184dbc61: cophenetic index 791; 2.1 s; peak memory 635 MiB.
2026-10-06T20:23:05Z INFO [3347/4500] 77c02ce0-5c58-4f8b-82d2-682eef35ad1d: cophenetic index 139190; 8.5 s; peak memory 635 MiB.
2026-10-06T20:23:10Z INFO [3348/4500] 77c033f1-693b-4498-ad46-d0e88c2caaac: cophenetic index 27255; 4.4 s; peak memory 635 MiB.
2026-10-06T20:23:12Z INFO [3349/4500] 77c04e60-610c-495b-b902-a7d90b7b79cb: cophenetic index 107822; 2.5 s; peak memory 635 MiB.
2026-10-06T20:23:13Z INFO [3350/4500] 77c097d4-e9ce-4477-9e04-d4ba4626cbe9: cophenetic index 624; 1.2 s; peak memory 635 MiB.
2026-10-06T20:23:13Z INFO [3350/4500] 77c097d4-e9ce-4477-9e04-d4ba4626cbe9: checkpointed 104445 records.
2026-10-06T20:23:14Z INFO [3351/4500] 77c11b84-4228-4402-a1b9-de4af44ea91c: cophenetic index 635; 0.9 s; peak memory 635 MiB.
2026-10-06T20:23:15Z INFO [3352/4500] 77c25b41-8618-41f6-8cd8-fafc77211cfd: cophenetic index 627; 1.0 s; peak memory 635 MiB.
2026-10-06T20:23:21Z INFO [3353/4500] 77c2a953-0809-49ac-b0f7-4bd6e12d07ba: cophenetic index 9548; 6.1 s; peak memory 635 MiB.
2026-10-06T20:23:22Z INFO [3354/4500] 77c2e799-e0fc-49a8-96aa-aa2f1c27dbe1: cophenetic index 762; 0.9 s; peak memory 635 MiB.
2026-10-06T20:23:24Z INFO [3355/4500] 77c2e816-4062-4d77-a13b-037ce3984391: cophenetic index 1380; 1.9 s; peak memory 635 MiB.
2026-10-06T20:23:35Z INFO [3356/4500] 77c5f1ff-34b0-451b-b02f-a83b75771c28: cophenetic index 164035; 11.1 s; peak memory 635 MiB.
2026-10-06T20:23:38Z INFO [3357/4500] 77c61aa8-24c5-4305-a5e5-5912a9fec805: cophenetic index 99120; 2.2 s; peak memory 635 MiB.
2026-10-06T20:23:40Z INFO [3358/4500] 77c63ec1-f6a5-4da4-8345-d4947064e184: cophenetic index 33968; 1.9 s; peak memory 635 MiB.
2026-10-06T20:23:49Z INFO [3359/4500] 77c706be-bb83-43c2-943d-16fa9d5c3fdd: cophenetic index 671258; 9.3 s; peak memory 635 MiB.
2026-10-06T20:23:50Z INFO [3360/4500] 77c77c69-9a99-4372-83f1-9cce0c553f46: cophenetic index 624; 1.2 s; peak memory 635 MiB.
2026-10-06T20:23:51Z INFO [3361/4500] 77c7929e-91ef-4247-8446-caf5608511e3: cophenetic index 762; 1.0 s; peak memory 635 MiB.
2026-10-06T20:23:52Z INFO [3362/4500] 77c7fe2a-7406-49ef-a5c1-d3a69c21a6c1: cophenetic index 3004; 1.1 s; peak memory 635 MiB.
2026-10-06T20:23:59Z INFO [3363/4500] 77c887db-6732-4eac-9227-a0c706fdf43b: cophenetic index 9548; 6.9 s; peak memory 635 MiB.
2026-10-06T20:24:00Z INFO [3364/4500] 77c93f59-bae4-43f1-b4f2-0292a85b39ff: cophenetic index 2776; 1.3 s; peak memory 635 MiB.
2026-10-06T20:24:02Z INFO [3365/4500] 77c95092-9d5f-4455-b13f-01d0b74827a8: cophenetic index 624; 1.4 s; peak memory 635 MiB.
2026-10-06T20:24:11Z INFO [3366/4500] 77ca7da2-8f0d-4c92-85a8-65b59a1205e6: cophenetic index 121686396; 9.3 s; peak memory 635 MiB.
2026-10-06T20:24:13Z INFO [3367/4500] 77cba15f-a1b3-4e28-9848-0bd9c3a73cda: cophenetic index 1346; 2.2 s; peak memory 635 MiB.
2026-10-06T20:24:15Z INFO [3368/4500] 77cc7f75-190a-4fc5-8d6e-209ab89da870: cophenetic index 3087; 1.5 s; peak memory 635 MiB.
2026-10-06T20:24:16Z INFO [3369/4500] 77cccd9a-6fe4-44a5-a4cd-a3de4ff1fdd8: cophenetic index 641; 0.9 s; peak memory 635 MiB.
2026-10-06T20:24:18Z INFO [3370/4500] 77cd0e10-1f60-405c-bb47-792a5e73a6d0: cophenetic index 2625; 2.0 s; peak memory 635 MiB.
2026-10-06T20:24:20Z INFO [3371/4500] 77cd7493-7b32-42fd-8413-209b5d8690f4: cophenetic index 893; 1.9 s; peak memory 635 MiB.
2026-10-06T20:24:26Z INFO [3372/4500] 77ce0550-6553-4443-98d1-904748424341: cophenetic index 887861; 6.0 s; peak memory 635 MiB.
2026-10-06T20:24:27Z INFO [3373/4500] 77ce873f-6d69-4df9-a9a7-2acc2ce527ff: cophenetic index 2570; 1.7 s; peak memory 635 MiB.
2026-10-06T20:24:29Z INFO [3374/4500] 77cf4c3f-f327-4a52-8057-768f405ee54f: cophenetic index 23975; 1.4 s; peak memory 635 MiB.
2026-10-06T20:24:40Z INFO [3375/4500] 77cfa6f4-693a-4dab-b94f-2868444818c8: cophenetic index 159387; 11.3 s; peak memory 635 MiB.
2026-10-06T20:24:42Z INFO [3376/4500] 77d08978-85c7-44be-8207-8a43c8617b22: cophenetic index 2625; 2.1 s; peak memory 635 MiB.
2026-10-06T20:24:45Z INFO [3377/4500] 77d173b4-ea58-4b2d-b17f-282c674609fc: cophenetic index 1079; 2.8 s; peak memory 635 MiB.
2026-10-06T20:24:46Z INFO [3378/4500] 77d24d91-64b4-4cee-bb28-f16a05f28604: cophenetic index 649; 1.2 s; peak memory 635 MiB.
2026-10-06T20:24:47Z INFO [3379/4500] 77d2fd9f-8b3d-4866-a304-b8ec005cbdf5: cophenetic index 3004; 1.3 s; peak memory 635 MiB.
2026-10-06T20:24:56Z INFO [3380/4500] 77d32bd8-817e-498d-b608-62b771d665ea: cophenetic index 15817; 8.8 s; peak memory 635 MiB.
2026-10-06T20:24:58Z INFO [3381/4500] 77d35bbd-f5d0-4767-ab4b-b51b10270803: cophenetic index 2496; 1.7 s; peak memory 635 MiB.
2026-10-06T20:25:01Z INFO [3382/4500] 77d3e9c1-6db3-467c-92a0-c90ba2df1335: cophenetic index 99150; 2.6 s; peak memory 635 MiB.
2026-10-06T20:25:02Z INFO [3383/4500] 77d3f3ff-42f2-4388-a05b-da75cfbea0ff: cophenetic index 441; 1.0 s; peak memory 635 MiB.
2026-10-06T20:25:03Z INFO [3384/4500] 77d579fd-3bc6-46d1-83cb-393fbf34c5d8: cophenetic index 624; 1.1 s; peak memory 635 MiB.
2026-10-06T20:25:04Z INFO [3385/4500] 77d5894a-68f0-4e33-963d-16a967ff8859: cophenetic index 579; 0.8 s; peak memory 635 MiB.
2026-10-06T20:25:05Z INFO [3386/4500] 77d5aeab-c19f-4900-8adc-836035cdb8df: cophenetic index 441; 1.4 s; peak memory 635 MiB.
2026-10-06T20:25:06Z INFO [3387/4500] 77d5b0d2-11ac-4bc4-b81a-7bc65b5a0664: cophenetic index 3004; 1.3 s; peak memory 635 MiB.
2026-10-06T20:25:08Z INFO [3388/4500] 77d62899-9cda-48f2-893a-68917e883b72: cophenetic index 3087; 1.4 s; peak memory 635 MiB.
2026-10-06T20:25:16Z INFO [3389/4500] 77d62dba-4da1-4f61-9904-a92460476d57: cophenetic index 6715; 8.2 s; peak memory 635 MiB.
2026-10-06T20:25:17Z INFO [3390/4500] 77d70453-b26d-4669-aa1d-adc19da6dbca: cophenetic index 646; 1.1 s; peak memory 635 MiB.
2026-10-06T20:25:18Z INFO [3391/4500] 77d705b8-fe8d-4b36-8edb-dbb097565561: cophenetic index 624; 1.2 s; peak memory 635 MiB.
2026-10-06T20:25:20Z INFO [3392/4500] 77d74a89-bdea-4029-887f-db908d506a4b: cophenetic index 2974; 1.3 s; peak memory 635 MiB.
2026-10-06T20:25:26Z INFO [3393/4500] 77d81019-3001-455d-ab07-910cb21d6c4a: cophenetic index 87351; 6.2 s; peak memory 635 MiB.
2026-10-06T20:25:27Z INFO [3394/4500] 77d8a058-1f57-4d3b-a582-8c2119e1b599: cophenetic index 1614; 1.7 s; peak memory 635 MiB.
2026-10-06T20:25:29Z INFO [3395/4500] 77d96271-3f29-4c55-a991-e6d6e98a3032: cophenetic index 33962; 1.7 s; peak memory 635 MiB.
2026-10-06T20:25:31Z INFO [3396/4500] 77d9c965-1b07-42a9-98a7-f823d2450543: cophenetic index 3057; 1.5 s; peak memory 635 MiB.
2026-10-06T20:25:37Z INFO [3397/4500] 77daede6-db44-4e90-b1c3-6ef68756d7af: cophenetic index 20638; 6.3 s; peak memory 635 MiB.
2026-10-06T20:25:39Z INFO [3398/4500] 77db68e0-c8b4-4b04-b380-ee21a6289114: cophenetic index 2132; 2.0 s; peak memory 635 MiB.
2026-10-06T20:25:40Z INFO [3399/4500] 77dbad7a-1134-4fef-acb5-5eb6e5d89a2d: cophenetic index 3087; 1.4 s; peak memory 635 MiB.
2026-10-06T20:25:42Z INFO [3400/4500] 77dbe21a-3525-448b-b4a6-d70f8ac694b7: cophenetic index 3057; 1.4 s; peak memory 635 MiB.
2026-10-06T20:25:42Z INFO [3400/4500] 77dbe21a-3525-448b-b4a6-d70f8ac694b7: checkpointed 104495 records.
2026-10-06T20:25:45Z INFO [3401/4500] 77dbec1d-49b3-40df-8842-dce6cd2bf5a8: cophenetic index 33998; 2.7 s; peak memory 635 MiB.
2026-10-06T20:25:45Z INFO [3402/4500] 77dc5bd1-26fc-465d-827e-41183c9f3922: cophenetic index 579; 1.0 s; peak memory 635 MiB.
2026-10-06T20:25:47Z INFO [3403/4500] 77dc6f92-55a0-402f-bf03-275af2ab1bdb: cophenetic index 2625; 1.6 s; peak memory 635 MiB.
2026-10-06T20:25:48Z INFO [3404/4500] 77dccda1-50ee-4c34-a1c2-b8eabab09713: cophenetic index 3215; 1.2 s; peak memory 635 MiB.
2026-10-06T20:26:01Z INFO [3405/4500] 77dd621d-fd80-4c57-9704-60e97cbbb509: cophenetic index 33902; 12.7 s; peak memory 635 MiB.
2026-10-06T20:26:02Z INFO [3406/4500] 77df9475-c9e1-4763-9153-c7d5b974b810: cophenetic index 766; 1.5 s; peak memory 635 MiB.
2026-10-06T20:26:09Z INFO [3407/4500] 77e0059d-0f4a-4e7e-9c65-3f32ddc399c8: cophenetic index 9181; 6.8 s; peak memory 635 MiB.
2026-10-06T20:26:10Z INFO [3408/4500] 77e065b6-7999-4007-813c-464512cf3774: cophenetic index 624; 1.2 s; peak memory 635 MiB.
2026-10-06T20:26:12Z INFO [3409/4500] 77e0ca1b-0e0a-4800-9994-b2cb7e781dfa: cophenetic index 3087; 1.3 s; peak memory 635 MiB.
2026-10-06T20:26:13Z INFO [3410/4500] 77e17da3-8a97-43e3-9535-ecb4e99a4bbf: cophenetic index 2625; 1.6 s; peak memory 635 MiB.
2026-10-06T20:26:15Z INFO [3411/4500] 77e27d5b-82aa-462a-b78c-7d7aefb2f9c3: cophenetic index 624; 1.3 s; peak memory 635 MiB.
2026-10-06T20:26:16Z INFO [3412/4500] 77e37055-a1b7-49f7-87d4-4434543915bb: cophenetic index 624; 1.1 s; peak memory 635 MiB.
2026-10-06T20:26:18Z INFO [3413/4500] 77e4bdca-00b8-4ebb-a2cf-638ad8d4b333: cophenetic index 2625; 1.8 s; peak memory 635 MiB.
2026-10-06T20:26:19Z INFO [3414/4500] 77e5f939-eafe-4383-a2c6-bfdbb787869f: cophenetic index 624; 1.1 s; peak memory 635 MiB.
2026-10-06T20:26:20Z INFO [3415/4500] 77e66e5f-5aa3-43fd-9287-7602487c4da4: cophenetic index 624; 1.2 s; peak memory 635 MiB.
2026-10-06T20:26:28Z INFO [3416/4500] 77e7059e-3a13-4bae-a1e9-e7a7982c841b: cophenetic index 25979; 8.1 s; peak memory 635 MiB.
2026-10-06T20:26:30Z INFO [3417/4500] 77e851f3-7fa0-4d39-8682-8a840c24bda9: cophenetic index 99120; 1.9 s; peak memory 635 MiB.
2026-10-06T20:26:39Z INFO [3418/4500] 77e939d9-03d7-4d05-a00e-6066af5e29e9: cophenetic index 520159; 9.7 s; peak memory 635 MiB.
2026-10-06T20:26:41Z INFO [3419/4500] 77ea3158-64c7-485e-914a-2047bb783a64: cophenetic index 33968; 1.7 s; peak memory 635 MiB.
2026-10-06T20:26:42Z INFO [3420/4500] 77eac54d-abb8-4384-9947-a73ee07e841a: cophenetic index 624; 1.2 s; peak memory 635 MiB.
2026-10-06T20:26:43Z INFO [3421/4500] 77eb06da-4604-415b-89b7-ddd578266cff: cophenetic index 543; 1.0 s; peak memory 635 MiB.
2026-10-06T20:26:45Z INFO [3422/4500] 77eb968b-e78a-4d96-91a0-523452f540eb: cophenetic index 624; 1.3 s; peak memory 635 MiB.
2026-10-06T20:26:46Z INFO [3423/4500] 77eda0f6-97db-4792-a3b7-82f0e08722e8: cophenetic index 3087; 1.3 s; peak memory 635 MiB.
2026-10-06T20:26:48Z INFO [3424/4500] 77eeedc6-d63a-4c5e-b2bf-b5120a8ca1f9: cophenetic index 649; 1.6 s; peak memory 635 MiB.
2026-10-06T20:26:49Z INFO [3425/4500] 77ef4679-5eb2-436f-a2d3-6e7b958b8d52: cophenetic index 624; 1.3 s; peak memory 635 MiB.
2026-10-06T20:26:51Z INFO [3426/4500] 77ef7928-4cf5-407d-8d8c-0db98d0ae3a8: cophenetic index 37616; 2.1 s; peak memory 635 MiB.
2026-10-06T20:26:53Z INFO [3427/4500] 77efd0db-ee32-4a75-b9f1-73817be7640b: cophenetic index 2625; 1.6 s; peak memory 635 MiB.
2026-10-06T20:26:54Z INFO [3428/4500] 77f0425c-6223-4e79-baf0-6608500bb2d2: cophenetic index 2625; 1.8 s; peak memory 635 MiB.
2026-10-06T20:26:55Z INFO [3429/4500] 77f0897a-3a7b-4ce3-a152-173e0d4447ce: cophenetic index 561; 0.9 s; peak memory 635 MiB.
2026-10-06T20:26:57Z INFO [3430/4500] 77f151bc-e3c3-497f-9ab8-b53991c411c3: cophenetic index 2625; 1.8 s; peak memory 635 MiB.
2026-10-06T20:26:58Z INFO [3431/4500] 77f18777-f3d4-46bc-99c7-ecfbf6e696fc: cophenetic index 543; 1.0 s; peak memory 635 MiB.
2026-10-06T20:27:06Z INFO [3432/4500] 77f1b8c8-4b6a-4e25-87fb-de0f8c00d6ad: cophenetic index 87573; 7.7 s; peak memory 635 MiB.
2026-10-06T20:27:12Z INFO [3433/4500] 77f20a90-76f8-49f5-8106-de9cbe63a327: cophenetic index 52944; 5.9 s; peak memory 635 MiB.
2026-10-06T20:27:13Z INFO [3434/4500] 77f22d46-6e1f-49f9-8283-ece7dd08cbd6: cophenetic index 645; 1.5 s; peak memory 635 MiB.
2026-10-06T20:27:15Z INFO [3435/4500] 77f2d312-5e6e-4817-a723-21107562e85f: cophenetic index 3004; 1.4 s; peak memory 635 MiB.
2026-10-06T20:27:16Z INFO [3436/4500] 77f30c9f-2e71-4bfe-b1c6-cd91068e450a: cophenetic index 690; 1.0 s; peak memory 635 MiB.
2026-10-06T20:27:17Z INFO [3437/4500] 77f35e6b-6546-41ea-806b-60bc0628c533: cophenetic index 3004; 1.4 s; peak memory 635 MiB.
2026-10-06T20:27:25Z INFO [3438/4500] 77f36c59-73b8-4855-89de-4347bfb2ba9f: cophenetic index 33285; 8.4 s; peak memory 635 MiB.
2026-10-06T20:27:26Z INFO [3439/4500] 77f5909f-4a34-4710-ab28-b1bb2582a920: cophenetic index 446; 0.9 s; peak memory 635 MiB.
2026-10-06T20:27:28Z INFO [3440/4500] 77f5a1a2-8e29-43e2-9a1a-ff5e0d4cab72: cophenetic index 624; 1.2 s; peak memory 635 MiB.
2026-10-06T20:29:46Z INFO [3441/4500] 77f5e56e-a83d-49cf-9365-f617f2d9d680: cophenetic index 1244211; 138.8 s; peak memory 635 MiB.
2026-10-06T20:29:48Z INFO [3442/4500] 77f6be8a-339f-4e59-9dc3-e306e9d31864: cophenetic index 563; 1.6 s; peak memory 635 MiB.
2026-10-06T20:29:49Z INFO [3443/4500] 77f7a0a3-9905-4be9-b34f-3e8960d129b3: cophenetic index 490; 1.1 s; peak memory 635 MiB.
2026-10-06T20:29:50Z INFO [3444/4500] 77f7a7e4-0e58-499d-8070-59e31ceb9403: cophenetic index 624; 1.2 s; peak memory 635 MiB.
2026-10-06T20:29:51Z INFO [3445/4500] 77f8b7da-a3e8-4bac-900d-fbd7a3af8051: cophenetic index 797; 1.0 s; peak memory 635 MiB.
2026-10-06T20:29:53Z INFO [3446/4500] 77f91582-b80a-47ab-9910-0e9ee3225e72: cophenetic index 2625; 1.4 s; peak memory 635 MiB.
2026-10-06T20:29:54Z INFO [3447/4500] 77f9512e-c888-4d09-b3c3-51074ecfb1c2: cophenetic index 3057; 1.4 s; peak memory 635 MiB.
2026-10-06T20:29:55Z INFO [3448/4500] 77fa9714-4ce0-4dd9-9db3-3e0e59bee6e5: cophenetic index 3004; 1.3 s; peak memory 635 MiB.
2026-10-06T20:29:57Z INFO [3449/4500] 77fbb22e-e4e6-4d11-9d53-a43fa577288a: cophenetic index 2625; 1.7 s; peak memory 635 MiB.
2026-10-06T20:29:58Z INFO [3450/4500] 77fc5df9-4b93-4718-aa83-f375c60ab34a: cophenetic index 3004; 1.4 s; peak memory 635 MiB.
2026-10-06T20:29:59Z INFO [3450/4500] 77fc5df9-4b93-4718-aa83-f375c60ab34a: checkpointed 104545 records.
2026-10-06T20:30:00Z INFO [3451/4500] 77fc7da1-761b-466a-b157-577c943d9850: cophenetic index 624; 1.2 s; peak memory 635 MiB.
2026-10-06T20:30:02Z INFO [3452/4500] 77fc834f-304d-4c5a-8afb-d1ff7ed1ba9c: cophenetic index 33962; 2.2 s; peak memory 635 MiB.
2026-10-06T20:30:03Z INFO [3453/4500] 77fc92dc-0d38-4254-8872-bb2da1582719: cophenetic index 3004; 1.4 s; peak memory 635 MiB.
2026-10-06T20:30:04Z INFO [3454/4500] 77fdf568-ceec-47d6-bfe1-c92603ce5ea2: cophenetic index 745; 0.8 s; peak memory 635 MiB.
2026-10-06T20:30:06Z INFO [3455/4500] 77fdf88d-63c1-47a7-865a-519591a351f6: cophenetic index 624; 1.3 s; peak memory 635 MiB.
2026-10-06T20:30:13Z INFO [3456/4500] 77fdf98b-f745-412f-8ce5-77b9e6713d53: cophenetic index 5070; 7.2 s; peak memory 635 MiB.
2026-10-06T20:30:16Z INFO [3457/4500] 77fe465d-b3b9-40f4-9919-792ed34df660: cophenetic index 2609; 3.5 s; peak memory 635 MiB.
2026-10-06T20:30:23Z INFO [3458/4500] 77fe57ae-dc1d-4869-acaa-1c26cf1c5a5c: cophenetic index 9548; 7.1 s; peak memory 635 MiB.
2026-10-06T20:30:37Z INFO [3459/4500] 78001a1b-752b-4ca6-b07e-3c13693df1bb: cophenetic index 233480; 13.9 s; peak memory 635 MiB.
2026-10-06T20:30:40Z INFO [3460/4500] 78008005-4892-406f-bb20-674746ed1284: cophenetic index 1025; 2.2 s; peak memory 635 MiB.
2026-10-06T20:30:42Z INFO [3461/4500] 78008c8c-3f6d-4174-8e57-f6808af728d0: cophenetic index 33998; 2.7 s; peak memory 635 MiB.
2026-10-06T20:30:44Z INFO [3462/4500] 78011676-7b24-47f2-826b-9610306c92d3: cophenetic index 2496; 1.3 s; peak memory 635 MiB.
2026-10-06T20:30:45Z INFO [3463/4500] 7802142e-c3a0-47d1-bd32-c87bceb1b6ef: cophenetic index 33998; 1.8 s; peak memory 635 MiB.
2026-10-06T20:30:47Z INFO [3464/4500] 7802b78a-da49-4b48-85d5-280692645e25: cophenetic index 33968; 1.6 s; peak memory 635 MiB.
2026-10-06T20:30:49Z INFO [3465/4500] 7802eba6-5263-4b11-8243-e2f5c278d354: cophenetic index 1479; 2.1 s; peak memory 635 MiB.
2026-10-06T20:30:50Z INFO [3466/4500] 7802f254-602b-4f27-9487-77966d97149b: cophenetic index 624; 1.3 s; peak memory 635 MiB.
2026-10-06T20:30:53Z INFO [3467/4500] 780337a3-d0f8-47f9-b1b1-29b84bb03693: cophenetic index 38460; 2.2 s; peak memory 635 MiB.
2026-10-06T20:30:54Z INFO [3468/4500] 7803a20e-245e-4eb2-b0d1-ec01874f557b: cophenetic index 3004; 1.5 s; peak memory 635 MiB.
2026-10-06T20:30:55Z INFO [3469/4500] 780430bc-654c-4cc0-87cb-16321a767351: cophenetic index 624; 1.3 s; peak memory 635 MiB.
2026-10-06T20:30:56Z INFO [3470/4500] 7805459e-926f-4db8-bcc4-60cc92a8ad2a: cophenetic index 431; 1.0 s; peak memory 635 MiB.
2026-10-06T20:30:59Z INFO [3471/4500] 7805d4bd-56aa-4394-bdcf-49114bee2a93: cophenetic index 99114; 2.2 s; peak memory 635 MiB.
2026-10-06T20:31:00Z INFO [3472/4500] 7806a6a6-6bf4-43cb-b881-14f2da36fb94: cophenetic index 427; 1.2 s; peak memory 635 MiB.
2026-10-06T20:33:33Z INFO [3473/4500] 78076e31-8cbc-4742-a741-f377690785b0: cophenetic index 36030552; 153.3 s; peak memory 635 MiB.
2026-10-06T20:33:40Z INFO [3474/4500] 78094821-8950-4078-9541-87f79a04bfc0: cophenetic index 53060; 6.5 s; peak memory 635 MiB.
2026-10-06T20:33:41Z INFO [3475/4500] 780b12a2-3cc4-4738-a9b9-945b77e80092: cophenetic index 490; 1.8 s; peak memory 635 MiB.
2026-10-06T20:33:52Z INFO [3476/4500] 780d258b-5c50-46a9-8ad3-97a0e972eb50: cophenetic index 195172714; 10.6 s; peak memory 635 MiB.
2026-10-06T20:33:53Z INFO [3477/4500] 780d60bf-dfea-44b4-8bb0-6b364a66358a: cophenetic index 560; 1.0 s; peak memory 635 MiB.
2026-10-06T20:34:05Z INFO [3478/4500] 780da7ec-aa30-4192-a6b0-f2a6ff9bc365: cophenetic index 24071; 11.8 s; peak memory 635 MiB.
2026-10-06T20:34:06Z INFO [3479/4500] 780dc95a-36d2-4dd7-bc80-6c0d4f960486: cophenetic index 624; 1.2 s; peak memory 635 MiB.
2026-10-06T20:34:07Z INFO [3480/4500] 780e29a3-ad9b-45d9-9bd4-e8d951e5d8f6: cophenetic index 624; 1.4 s; peak memory 635 MiB.
2026-10-06T20:34:08Z INFO [3481/4500] 780e2edb-b67c-4e1d-b436-86bba3d4e874: cophenetic index 494; 1.1 s; peak memory 635 MiB.
2026-10-06T20:34:09Z INFO [3482/4500] 780f2728-2352-4e59-aac3-2bfdd19f17f0: cophenetic index 651; 0.9 s; peak memory 635 MiB.
2026-10-06T20:34:10Z INFO [3483/4500] 780f39f2-627d-42ae-bcd4-57d63509fe54: cophenetic index 3004; 1.2 s; peak memory 635 MiB.
2026-10-06T20:34:12Z INFO [3484/4500] 78100fec-d931-4000-9130-dfebb67d59aa: cophenetic index 3087; 1.3 s; peak memory 635 MiB.
2026-10-06T20:34:14Z INFO [3485/4500] 781056c2-f019-4c33-939c-f5fb38fa8a39: cophenetic index 2974; 1.7 s; peak memory 635 MiB.
2026-10-06T20:34:15Z INFO [3486/4500] 7811607a-b669-4cb2-af3b-66cf099a21c5: cophenetic index 624; 1.3 s; peak memory 635 MiB.
2026-10-06T20:34:24Z INFO [3487/4500] 7811ea80-4b80-4b08-906e-4c29405ad7cc: cophenetic index 115227; 9.1 s; peak memory 635 MiB.
2026-10-06T20:34:26Z INFO [3488/4500] 7813f4f2-b6da-4330-9887-6c5e8c9e8250: cophenetic index 99120; 1.8 s; peak memory 635 MiB.
2026-10-06T20:34:27Z INFO [3489/4500] 781479b7-2faa-426f-b47d-5af10611ae62: cophenetic index 3004; 1.4 s; peak memory 635 MiB.
2026-10-06T20:34:30Z INFO [3490/4500] 78167b25-946a-4334-b9e7-f0df46d7105d: cophenetic index 1479; 2.6 s; peak memory 635 MiB.
2026-10-06T20:35:18Z INFO [3491/4500] 7816d4ec-dd04-4c4c-8e46-91c033b3a06e: cophenetic index 28022458; 48.7 s; peak memory 635 MiB.
2026-10-06T20:35:20Z INFO [3492/4500] 7816ee41-70b0-4f9a-87c5-c8570ad00f5f: cophenetic index 624; 1.2 s; peak memory 635 MiB.
2026-10-06T20:35:21Z INFO [3493/4500] 78177176-a180-4241-ae76-b8120c567ea4: cophenetic index 3004; 1.5 s; peak memory 635 MiB.
2026-10-06T20:35:23Z INFO [3494/4500] 781919a1-9186-405a-95ce-1fdb097d9650: cophenetic index 584; 2.1 s; peak memory 635 MiB.
2026-10-06T20:35:25Z INFO [3495/4500] 7819dd6b-239d-4ce0-ac71-57e2cfe70915: cophenetic index 3004; 1.3 s; peak memory 635 MiB.
2026-10-06T20:35:25Z INFO [3496/4500] 7819ec70-c449-419d-ad49-7a2be8c16df3: cophenetic index 490; 0.8 s; peak memory 635 MiB.
2026-10-06T20:35:27Z INFO [3497/4500] 781a6820-29ca-49b0-b600-121cd36c9d46: cophenetic index 99138; 1.9 s; peak memory 635 MiB.
2026-10-06T20:35:28Z INFO [3498/4500] 781a95d5-b17e-42d3-b67f-567c6dec1235: cophenetic index 624; 1.3 s; peak memory 635 MiB.
2026-10-06T20:35:34Z INFO [3499/4500] 781aa539-9018-4f81-a0b7-77b6cd8a0a5a: cophenetic index 9548; 6.0 s; peak memory 635 MiB.
2026-10-06T20:35:35Z INFO [3500/4500] 781c1892-d0e8-4cff-a92f-820c52d7d9f7: cophenetic index 401; 0.9 s; peak memory 635 MiB.
2026-10-06T20:35:35Z INFO [3500/4500] 781c1892-d0e8-4cff-a92f-820c52d7d9f7: checkpointed 104595 records.
2026-10-06T20:35:36Z INFO [3501/4500] 781c2c2f-5368-4694-86af-73544e6d3e56: cophenetic index 431; 0.9 s; peak memory 635 MiB.
2026-10-06T20:35:37Z INFO [3502/4500] 781c52c6-7339-447a-8b1f-dc6d15a13e10: cophenetic index 627; 1.0 s; peak memory 635 MiB.
2026-10-06T20:35:39Z INFO [3503/4500] 781cea41-7394-49a3-b228-02711b096569: cophenetic index 2767; 1.2 s; peak memory 635 MiB.
2026-10-06T20:35:47Z INFO [3504/4500] 781d4853-32fc-4199-ae88-e3c25938ef51: cophenetic index 12100; 8.0 s; peak memory 635 MiB.
2026-10-06T20:35:48Z INFO [3505/4500] 781ef03f-bbd4-4414-8138-147aa14acdc6: cophenetic index 581; 1.3 s; peak memory 635 MiB.
2026-10-06T20:35:50Z INFO [3506/4500] 781f0a75-10f2-480c-b0fd-532211b7cac8: cophenetic index 23206; 1.8 s; peak memory 635 MiB.
2026-10-06T20:35:51Z INFO [3507/4500] 782141ab-fa28-4c80-8194-08538c6e555b: cophenetic index 1949; 1.6 s; peak memory 635 MiB.
2026-10-06T20:35:53Z INFO [3508/4500] 782196da-3175-4211-a48d-c9a09fb36635: cophenetic index 3004; 1.3 s; peak memory 635 MiB.
2026-10-06T20:35:54Z INFO [3509/4500] 782234e2-b137-4145-bdcd-76c39a3248ff: cophenetic index 2625; 1.7 s; peak memory 635 MiB.
2026-10-06T20:35:57Z INFO [3510/4500] 782261fb-159f-467a-95e0-9e5ae1cfa03c: cophenetic index 797; 2.4 s; peak memory 635 MiB.
2026-10-06T20:35:58Z INFO [3511/4500] 7823286a-edf1-4da1-b9a1-939ec7292290: cophenetic index 624; 1.3 s; peak memory 635 MiB.
2026-10-06T20:36:01Z INFO [3512/4500] 78233a11-8653-4d64-a2fb-b1a05234618c: cophenetic index 325333; 2.6 s; peak memory 635 MiB.
2026-10-06T20:36:03Z INFO [3513/4500] 7823bac1-5f0e-4a8a-9e1c-fc8fd21d7337: cophenetic index 1570; 1.9 s; peak memory 635 MiB.
2026-10-06T20:36:04Z INFO [3514/4500] 7823eee6-6815-4fc2-9a06-bff9e974421f: cophenetic index 3004; 1.6 s; peak memory 635 MiB.
2026-10-06T20:36:06Z INFO [3515/4500] 7823fd00-7164-4142-a7c5-60acec0cf140: cophenetic index 624; 1.3 s; peak memory 635 MiB.
2026-10-06T20:36:07Z INFO [3516/4500] 78243098-40a3-407a-a830-d19c2166364a: cophenetic index 2625; 1.5 s; peak memory 635 MiB.
2026-10-06T20:36:09Z INFO [3517/4500] 78248acd-6525-4bb4-814c-03bfdac0ce0c: cophenetic index 41788; 1.8 s; peak memory 635 MiB.
2026-10-06T20:36:11Z INFO [3518/4500] 7824d07e-2cc8-4882-9e27-570630f53791: cophenetic index 2625; 1.9 s; peak memory 635 MiB.
2026-10-06T20:36:12Z INFO [3519/4500] 782551fb-e6d6-4d9b-867e-695e2bfb3f34: cophenetic index 3057; 1.3 s; peak memory 635 MiB.
2026-10-06T20:36:13Z INFO [3520/4500] 782578d6-7b62-4bdf-93bc-7a423d63da19: cophenetic index 624; 1.1 s; peak memory 635 MiB.
2026-10-06T20:36:16Z INFO [3521/4500] 78263ba3-36bd-42b3-8ccd-1ab98017a1af: cophenetic index 33998; 2.4 s; peak memory 635 MiB.
2026-10-06T20:36:17Z INFO [3522/4500] 78264f77-543f-431c-91c1-66baa58d4b29: cophenetic index 649; 1.4 s; peak memory 635 MiB.
2026-10-06T20:36:19Z INFO [3523/4500] 7826bc80-65ba-4e65-b40a-833da09ffc16: cophenetic index 2625; 1.6 s; peak memory 635 MiB.
2026-10-06T20:36:20Z INFO [3524/4500] 78287a5b-7519-4132-98d9-16a544ab5e71: cophenetic index 624; 1.1 s; peak memory 635 MiB.
2026-10-06T20:36:22Z INFO [3525/4500] 78288474-2bb4-41a5-8413-0e421481ef4f: cophenetic index 33998; 2.6 s; peak memory 635 MiB.
2026-10-06T20:36:24Z INFO [3526/4500] 78289952-b0d5-4081-afdf-38b97d80b673: cophenetic index 3004; 1.4 s; peak memory 635 MiB.
2026-10-06T20:36:26Z INFO [3527/4500] 7828a12c-9a67-447b-9ee1-074fa422670d: cophenetic index 33998; 2.5 s; peak memory 635 MiB.
2026-10-06T20:36:27Z INFO [3528/4500] 7828e45b-9272-4942-ab34-0321878bebe4: cophenetic index 624; 1.1 s; peak memory 635 MiB.
2026-10-06T20:36:29Z INFO [3529/4500] 782947ac-25a6-4e97-b7b0-674feec07c06: cophenetic index 3004; 1.4 s; peak memory 635 MiB.
2026-10-06T20:36:30Z INFO [3530/4500] 7829b6fc-f207-4bf3-94e5-ebdedf24b31e: cophenetic index 490; 0.9 s; peak memory 635 MiB.
2026-10-06T20:36:31Z INFO [3531/4500] 7829bc55-1131-4944-b295-75f2dfaac03a: cophenetic index 2625; 1.5 s; peak memory 635 MiB.
2026-10-06T20:36:32Z INFO [3532/4500] 782a00a9-d901-4b49-b5d7-cf1890260715: cophenetic index 2974; 1.4 s; peak memory 635 MiB.
2026-10-06T20:36:33Z INFO [3533/4500] 782a7fbe-f4ed-47a1-bbc1-dce6ff462a9c: cophenetic index 490; 0.8 s; peak memory 635 MiB.
2026-10-06T20:36:40Z INFO [3534/4500] 782b6efd-52a0-46c0-b366-d6564461ce90: cophenetic index 87573; 7.1 s; peak memory 635 MiB.
2026-10-06T20:36:50Z INFO [3535/4500] 782c5cb3-1f5e-4283-a3a4-5bc8fee0b015: cophenetic index 173566; 9.5 s; peak memory 635 MiB.
2026-10-06T20:36:51Z INFO [3536/4500] 782ce61f-2587-4c69-93f0-a1d06ee6af27: cophenetic index 23510; 1.5 s; peak memory 635 MiB.
2026-10-06T20:36:56Z INFO [3537/4500] 782d5252-2f9d-48e3-8632-7ce6c1e97c3f: cophenetic index 3045; 4.9 s; peak memory 635 MiB.
2026-10-06T20:36:58Z INFO [3538/4500] 782d9cb1-d8ed-4995-89d9-2af55645df32: cophenetic index 2570; 1.5 s; peak memory 635 MiB.
2026-10-06T20:36:59Z INFO [3539/4500] 782daaf9-db2b-46e1-87ed-93040b7acc42: cophenetic index 2920; 1.2 s; peak memory 635 MiB.
2026-10-06T20:37:00Z INFO [3540/4500] 782e90c5-8a02-453e-8e14-d04ddf61223b: cophenetic index 3004; 1.4 s; peak memory 635 MiB.
2026-10-06T20:37:04Z INFO [3541/4500] 782ec1b2-a7b9-4636-801e-db39b797d63f: cophenetic index 1733; 4.0 s; peak memory 635 MiB.
2026-10-06T20:37:06Z INFO [3542/4500] 782f1d17-f8e9-425a-9c03-1f768a5444e6: cophenetic index 624; 1.3 s; peak memory 635 MiB.
2026-10-06T20:37:11Z INFO [3543/4500] 78318f64-9750-4985-9b52-9d311eae1dad: cophenetic index 55735; 5.2 s; peak memory 635 MiB.
2026-10-06T20:37:16Z INFO [3544/4500] 7831dbdc-3ceb-49bf-aa49-086aa81d2a7b: cophenetic index 9298; 5.6 s; peak memory 635 MiB.
2026-10-06T20:37:28Z INFO [3545/4500] 783211f2-125b-472e-b8aa-e9892863df08: cophenetic index 47144; 11.1 s; peak memory 635 MiB.
2026-10-06T20:37:29Z INFO [3546/4500] 78326885-1317-44f4-97a2-221646dabe60: cophenetic index 2625; 1.8 s; peak memory 635 MiB.
2026-10-06T20:37:36Z INFO [3547/4500] 783384ca-e6d7-40d3-b839-d03f6c22ce27: cophenetic index 20638; 6.7 s; peak memory 635 MiB.
2026-10-06T20:37:48Z INFO [3548/4500] 7833bf4b-217d-4e71-ba0f-a4daf98f204c: cophenetic index 47144; 11.6 s; peak memory 635 MiB.
2026-10-06T20:37:49Z INFO [3549/4500] 783552e6-667b-4ad9-9d1d-794695da2cf3: cophenetic index 494; 1.0 s; peak memory 635 MiB.
2026-10-06T20:38:00Z INFO [3550/4500] 7835763a-8ce9-4aac-911f-61acc20ad7d2: cophenetic index 195172714; 11.2 s; peak memory 635 MiB.
2026-10-06T20:38:00Z INFO [3550/4500] 7835763a-8ce9-4aac-911f-61acc20ad7d2: checkpointed 104645 records.
2026-10-06T20:38:01Z INFO [3551/4500] 78357e32-20d2-48bb-85ac-d912876a9b4d: cophenetic index 431; 1.0 s; peak memory 635 MiB.
2026-10-06T20:38:05Z INFO [3552/4500] 7835cb8c-6bf5-4a71-99b5-497987883bc3: cophenetic index 3510; 4.2 s; peak memory 635 MiB.
2026-10-06T20:38:08Z INFO [3553/4500] 78369690-882f-4e93-b5c8-557dfc76761f: cophenetic index 99150; 2.5 s; peak memory 635 MiB.
2026-10-06T20:38:11Z INFO [3554/4500] 78369bd3-8cbd-4546-8a89-6ee5ef70de0b: cophenetic index 5473; 3.4 s; peak memory 635 MiB.
2026-10-06T20:38:12Z INFO [3555/4500] 7836ec32-5848-4690-979b-083eb50ff798: cophenetic index 164; 0.8 s; peak memory 635 MiB.
2026-10-06T20:38:20Z INFO [3556/4500] 78374f92-4097-483c-a581-3a0aaa037234: cophenetic index 12973; 7.6 s; peak memory 635 MiB.
2026-10-06T20:38:23Z INFO [3557/4500] 783867a7-efb9-45ba-9c19-aabd88b3e246: cophenetic index 2469; 3.4 s; peak memory 635 MiB.
2026-10-06T20:38:24Z INFO [3558/4500] 78390723-7764-419e-af46-2ebf1d0cbf56: cophenetic index 605; 1.5 s; peak memory 635 MiB.
2026-10-06T20:38:25Z INFO [3559/4500] 7839566b-91a2-4911-a509-8b898702dd5f: cophenetic index 561; 0.9 s; peak memory 635 MiB.
2026-10-06T20:38:27Z INFO [3560/4500] 7839df23-5371-4396-b5a2-abe951b8cae3: cophenetic index 1748; 1.7 s; peak memory 635 MiB.
2026-10-06T20:38:29Z INFO [3561/4500] 783ac85e-5cb3-461d-aa56-e6600cfbdf5f: cophenetic index 2625; 1.6 s; peak memory 635 MiB.
2026-10-06T20:38:30Z INFO [3562/4500] 783c7b61-3046-421b-8543-5a6746b12ce2: cophenetic index 2625; 1.8 s; peak memory 635 MiB.
2026-10-06T20:38:33Z INFO [3563/4500] 783dff5a-64df-4394-af5e-8d285ed07e7b: cophenetic index 33998; 2.2 s; peak memory 635 MiB.
2026-10-06T20:38:34Z INFO [3564/4500] 783f7ce9-ac0c-4d4f-854d-86f385c92407: cophenetic index 624; 1.4 s; peak memory 635 MiB.
2026-10-06T20:38:35Z INFO [3565/4500] 784177c7-bfc5-4d94-992a-eac34e41747a: cophenetic index 2923; 1.5 s; peak memory 635 MiB.
2026-10-06T20:38:37Z INFO [3566/4500] 78417a24-1e79-4f2b-a3d4-f80279ec70a0: cophenetic index 624; 1.3 s; peak memory 635 MiB.
2026-10-06T20:38:38Z INFO [3567/4500] 784203d0-dbcb-44d6-b1bc-3371376e8473: cophenetic index 3004; 1.3 s; peak memory 635 MiB.
2026-10-06T20:38:40Z INFO [3568/4500] 7842c498-0a6a-4fd9-9609-49ec43ebb213: cophenetic index 2609; 2.3 s; peak memory 635 MiB.
2026-10-06T20:38:41Z INFO [3569/4500] 7842fdd3-bd8e-4977-a487-dac2114bdac0: cophenetic index 624; 1.1 s; peak memory 635 MiB.
2026-10-06T20:38:43Z INFO [3570/4500] 78432b0f-34c6-409d-80ab-64c3fd8d94ce: cophenetic index 431; 1.1 s; peak memory 635 MiB.
2026-10-06T20:38:47Z INFO [3571/4500] 78438903-09d2-4a9a-ae65-5017c868d4fd: cophenetic index 4082; 4.6 s; peak memory 635 MiB.
2026-10-06T20:38:49Z INFO [3572/4500] 7843e31e-433b-438e-ab73-d3e95a444061: cophenetic index 99120; 2.0 s; peak memory 635 MiB.
2026-10-06T20:38:51Z INFO [3573/4500] 78442c75-bbbc-44cd-9480-5f30bb9630c3: cophenetic index 1781; 1.6 s; peak memory 635 MiB.
2026-10-06T20:38:57Z INFO [3574/4500] 7844b8e9-e42c-436f-8c80-be1ade8690c1: cophenetic index 33587; 6.1 s; peak memory 635 MiB.
2026-10-06T20:38:58Z INFO [3575/4500] 784518fa-1c0b-413c-b44d-e0ebb5be2473: cophenetic index 624; 1.2 s; peak memory 635 MiB.
2026-10-06T20:38:59Z INFO [3576/4500] 78458714-6249-46a6-98d0-bfb1b2117ea3: cophenetic index 2974; 1.5 s; peak memory 635 MiB.
2026-10-06T20:39:01Z INFO [3577/4500] 78459eac-9d22-4ce6-85ef-5389a3921c10: cophenetic index 33968; 2.0 s; peak memory 635 MiB.
2026-10-06T20:39:03Z INFO [3578/4500] 784616e6-2b26-4713-b606-72d2892d27f9: cophenetic index 539; 1.3 s; peak memory 635 MiB.
2026-10-06T20:39:04Z INFO [3579/4500] 78465446-1695-413e-97fd-979e7876f865: cophenetic index 3004; 1.6 s; peak memory 635 MiB.
2026-10-06T20:39:05Z INFO [3580/4500] 78470e0a-2b47-4ab4-b86c-6a87bec9781b: cophenetic index 433; 0.8 s; peak memory 635 MiB.
2026-10-06T20:39:07Z INFO [3581/4500] 78472edb-f97c-44a2-a489-a178643ce42a: cophenetic index 3004; 1.4 s; peak memory 635 MiB.
2026-10-06T20:39:08Z INFO [3582/4500] 78474b6d-9c22-4771-b6e7-b0e03f9a46d6: cophenetic index 3004; 1.3 s; peak memory 635 MiB.
2026-10-06T20:39:19Z INFO [3583/4500] 7847757b-7d5e-4649-a27c-8b35c4ff9e57: cophenetic index 46693; 11.0 s; peak memory 635 MiB.
2026-10-06T20:39:21Z INFO [3584/4500] 7848cc08-19a4-4f0a-b13b-3cc18a209643: cophenetic index 2625; 2.0 s; peak memory 635 MiB.
2026-10-06T20:39:32Z INFO [3585/4500] 7849459e-95a6-4696-a626-1e84782c0fd3: cophenetic index 195172714; 11.4 s; peak memory 635 MiB.
2026-10-06T20:39:35Z INFO [3586/4500] 7849f81c-491a-4a7b-a36e-717505d6ef8d: cophenetic index 809; 2.4 s; peak memory 635 MiB.
2026-10-06T20:39:36Z INFO [3587/4500] 784bbc1c-f66c-46ce-8eb5-f9e97c9bfd47: cophenetic index 3012; 1.2 s; peak memory 635 MiB.
2026-10-06T20:39:43Z INFO [3588/4500] 784beab2-5f47-40ed-8523-3db8beaa4317: cophenetic index 61545; 7.5 s; peak memory 635 MiB.
2026-10-06T20:39:45Z INFO [3589/4500] 784c185a-cf83-43b1-be2e-750d40fbeba7: cophenetic index 605; 1.6 s; peak memory 635 MiB.
2026-10-06T20:39:51Z INFO [3590/4500] 784c434b-8038-4996-b699-b7e6bb2936f7: cophenetic index 2333; 5.9 s; peak memory 635 MiB.
2026-10-06T20:39:52Z INFO [3591/4500] 784d7279-e051-4f39-b8c0-65193b03e1a9: cophenetic index 3004; 1.2 s; peak memory 635 MiB.
2026-10-06T20:39:53Z INFO [3592/4500] 784d98d8-41eb-4513-ac8b-2bc096e2c64c: cophenetic index 23788; 1.2 s; peak memory 635 MiB.
2026-10-06T20:39:55Z INFO [3593/4500] 784e090c-8b22-4212-b607-f39b7094884c: cophenetic index 3087; 1.4 s; peak memory 635 MiB.
2026-10-06T20:39:56Z INFO [3594/4500] 784e8dbf-bd87-4500-a79a-4f51d8683d6d: cophenetic index 624; 1.3 s; peak memory 635 MiB.
2026-10-06T20:39:57Z INFO [3595/4500] 784ea269-dadb-4f62-b34c-0a60b1daa3da: cophenetic index 624; 1.2 s; peak memory 635 MiB.
2026-10-06T20:39:59Z INFO [3596/4500] 784ee46f-623e-43f1-ae47-c84d5c4237d3: cophenetic index 2625; 1.9 s; peak memory 635 MiB.
2026-10-06T20:40:01Z INFO [3597/4500] 784f31b1-d31f-4161-88a3-314fe06881c7: cophenetic index 2923; 1.6 s; peak memory 635 MiB.
2026-10-06T20:40:03Z INFO [3598/4500] 784f82bd-62ea-4bc5-a34b-b494caf01cb4: cophenetic index 2625; 1.8 s; peak memory 635 MiB.
2026-10-06T20:40:04Z INFO [3599/4500] 78509c2c-9474-4afe-bdab-0db6d0c19f69: cophenetic index 624; 1.3 s; peak memory 635 MiB.
2026-10-06T20:40:05Z INFO [3600/4500] 785287c2-30ef-41e0-8570-aa3e085fdfed: cophenetic index 3004; 1.3 s; peak memory 635 MiB.
2026-10-06T20:40:05Z INFO [3600/4500] 785287c2-30ef-41e0-8570-aa3e085fdfed: checkpointed 104695 records.
2026-10-06T20:40:10Z INFO [3601/4500] 7852c71e-2930-42cf-8586-d2e16e3c61e5: cophenetic index 25865; 4.4 s; peak memory 635 MiB.
2026-10-06T20:40:11Z INFO [3602/4500] 78538a07-f3e4-4b8a-b97f-02ffe636c404: cophenetic index 23788; 1.2 s; peak memory 635 MiB.
2026-10-06T20:40:12Z INFO [3603/4500] 7853c6cc-2d21-4d63-ae02-fa19df0e50c3: cophenetic index 624; 1.2 s; peak memory 635 MiB.
2026-10-06T20:40:13Z INFO [3604/4500] 785444e1-eb68-4511-9747-aa9d315b2990: cophenetic index 3004; 1.3 s; peak memory 635 MiB.
2026-10-06T20:40:15Z INFO [3605/4500] 785479af-0a0e-42e3-b0c0-197947a46e2b: cophenetic index 569; 1.5 s; peak memory 635 MiB.
2026-10-06T20:40:17Z INFO [3606/4500] 7854a7e5-14dc-46cb-b576-a0aad5fdf5ad: cophenetic index 940; 2.3 s; peak memory 635 MiB.
2026-10-06T20:40:28Z INFO [3607/4500] 7855ae3e-1b25-4655-ae18-17e70b4e50c6: cophenetic index 214031; 11.3 s; peak memory 635 MiB.
2026-10-06T20:40:30Z INFO [3608/4500] 78565321-b079-4c44-b6b7-997bf2c4d31f: cophenetic index 624; 1.2 s; peak memory 635 MiB.
2026-10-06T20:40:33Z INFO [3609/4500] 785656b7-0e6c-448c-af8b-ce03e96b3986: cophenetic index 1514; 3.0 s; peak memory 635 MiB.
2026-10-06T20:40:35Z INFO [3610/4500] 7857a32f-5fe3-483b-b5d4-505bf80a61c7: cophenetic index 793; 1.9 s; peak memory 635 MiB.
2026-10-06T20:40:36Z INFO [3611/4500] 78585d91-acc2-40f5-bb2e-3ad5208c26f1: cophenetic index 486; 1.2 s; peak memory 635 MiB.
2026-10-06T20:40:37Z INFO [3612/4500] 7858c56f-7551-468f-b0d7-5555df9d40ba: cophenetic index 624; 1.1 s; peak memory 635 MiB.
2026-10-06T20:40:38Z INFO [3613/4500] 785af7ac-bec9-45a4-b5f4-e1281b0d6b51: cophenetic index 624; 1.2 s; peak memory 635 MiB.
2026-10-06T20:40:40Z INFO [3614/4500] 785af882-00bc-4f02-97f0-2258a95ecdc8: cophenetic index 2625; 1.9 s; peak memory 635 MiB.
2026-10-06T20:40:44Z INFO [3615/4500] 785c298c-2e9c-4656-8801-d2f3815d4506: cophenetic index 1859; 3.7 s; peak memory 635 MiB.
2026-10-06T20:40:45Z INFO [3616/4500] 785e6c4a-566f-4ed1-b978-27aece509023: cophenetic index 988; 1.4 s; peak memory 635 MiB.
2026-10-06T20:40:53Z INFO [3617/4500] 7860101f-f5dc-4a18-b083-e1b76cd1ac37: cophenetic index 75177; 7.5 s; peak memory 635 MiB.
2026-10-06T20:40:59Z INFO [3618/4500] 7860c176-86b3-4e0e-836a-027759ba97b4: cophenetic index 55520; 6.2 s; peak memory 635 MiB.
2026-10-06T20:41:02Z INFO [3619/4500] 78612ce1-59e3-41ee-a6dc-44f6f9fef216: cophenetic index 1458; 3.1 s; peak memory 635 MiB.
2026-10-06T20:41:04Z INFO [3620/4500] 786224f5-a953-44ff-8c8f-8145c424dd9f: cophenetic index 2636; 2.0 s; peak memory 635 MiB.
2026-10-06T20:41:06Z INFO [3621/4500] 78624002-245f-4974-a0e9-d21004216e1f: cophenetic index 1380; 1.7 s; peak memory 635 MiB.
2026-10-06T20:41:07Z INFO [3622/4500] 7862faf5-e26a-4e0f-8ce0-dceaf15ad7af: cophenetic index 2776; 1.4 s; peak memory 635 MiB.
2026-10-06T20:41:08Z INFO [3623/4500] 7863103f-50af-4e30-8827-4d42aa73ba66: cophenetic index 490; 0.9 s; peak memory 635 MiB.
2026-10-06T20:41:21Z INFO [3624/4500] 78634045-8655-41e3-9eaf-4afda92e5a90: cophenetic index 303832; 13.1 s; peak memory 635 MiB.
2026-10-06T20:41:25Z INFO [3625/4500] 786365b3-cfb1-4b44-adbc-db8d8af4003b: cophenetic index 23457; 3.8 s; peak memory 635 MiB.
2026-10-06T20:41:32Z INFO [3626/4500] 7863d47d-3b9a-4e67-9718-a923d11a3e34: cophenetic index 9548; 7.5 s; peak memory 635 MiB.
2026-10-06T20:41:34Z INFO [3627/4500] 78641fed-081e-44af-a1c2-8ca249c30352: cophenetic index 23358; 1.3 s; peak memory 635 MiB.
2026-10-06T20:41:35Z INFO [3628/4500] 78645522-8c4c-46b9-876e-201249a8a7f5: cophenetic index 766; 1.5 s; peak memory 635 MiB.
2026-10-06T20:41:36Z INFO [3629/4500] 78646f1f-c4c7-4404-a85f-ecd711b5c3b4: cophenetic index 624; 1.2 s; peak memory 635 MiB.
2026-10-06T20:41:39Z INFO [3630/4500] 7864d404-57e4-49a6-bcdd-5d24c45a9a5e: cophenetic index 42542; 2.2 s; peak memory 635 MiB.
2026-10-06T20:41:46Z INFO [3631/4500] 786615d7-d8eb-44ea-a586-5a840179a315: cophenetic index 27015; 7.9 s; peak memory 635 MiB.
2026-10-06T20:41:49Z INFO [3632/4500] 7866bfef-9d29-4d71-a95b-69160cb103af: cophenetic index 1475; 2.7 s; peak memory 635 MiB.
2026-10-06T20:41:51Z INFO [3633/4500] 7866cfdb-2ddc-4cf5-9c27-d060bb0f4ba3: cophenetic index 33962; 1.6 s; peak memory 635 MiB.
2026-10-06T20:41:53Z INFO [3634/4500] 7866f63f-ca43-403a-bcb0-0d0628c628ef: cophenetic index 99150; 2.7 s; peak memory 635 MiB.
2026-10-06T20:41:55Z INFO [3635/4500] 786710b5-10f8-4dee-9325-06709c11d10f: cophenetic index 3087; 1.2 s; peak memory 635 MiB.
2026-10-06T20:41:57Z INFO [3636/4500] 786821a9-0606-4074-a748-bfa20b4a3a8a: cophenetic index 33998; 2.1 s; peak memory 635 MiB.
2026-10-06T20:42:05Z INFO [3637/4500] 78693cbf-4ccf-4c95-a438-be473bc1325b: cophenetic index 14389; 8.3 s; peak memory 635 MiB.
2026-10-06T20:42:06Z INFO [3638/4500] 7869871f-0ec7-401b-80ec-92d7766f3a79: cophenetic index 624; 1.2 s; peak memory 635 MiB.
2026-10-06T20:42:08Z INFO [3639/4500] 7869b1be-74f6-41c8-9e41-490926f28a54: cophenetic index 3004; 1.4 s; peak memory 635 MiB.
2026-10-06T20:42:09Z INFO [3640/4500] 786c316e-b959-4e70-b5ac-2857f927fc38: cophenetic index 1949; 1.5 s; peak memory 635 MiB.
2026-10-06T20:42:12Z INFO [3641/4500] 786c9812-4f6c-49f4-ab1d-e0688ac405a0: cophenetic index 2391; 2.9 s; peak memory 635 MiB.
2026-10-06T20:42:18Z INFO [3642/4500] 786cb273-788d-4fef-87dc-f393ccbb96e7: cophenetic index 9548; 6.2 s; peak memory 635 MiB.
2026-10-06T20:42:19Z INFO [3643/4500] 786cb3ac-2ed7-4d80-85e9-a55045792b8b: cophenetic index 637; 0.8 s; peak memory 635 MiB.
2026-10-06T20:42:20Z INFO [3644/4500] 786de382-96e2-4eb8-ab31-f1a88e02b1c8: cophenetic index 624; 1.1 s; peak memory 635 MiB.
2026-10-06T20:42:23Z INFO [3645/4500] 786efcbb-7302-4992-800d-b28f1279f50a: cophenetic index 2402; 2.8 s; peak memory 635 MiB.
2026-10-06T20:42:24Z INFO [3646/4500] 786f597b-9253-4d9a-8fdc-bcab59ec3072: cophenetic index 539; 1.2 s; peak memory 635 MiB.
2026-10-06T20:42:26Z INFO [3647/4500] 78700cc4-089b-4583-b6c3-b7e2144d0964: cophenetic index 2974; 1.3 s; peak memory 635 MiB.
2026-10-06T20:42:27Z INFO [3648/4500] 7870286e-09d6-46b7-8bd0-2ca04520fa8d: cophenetic index 608; 1.1 s; peak memory 635 MiB.
2026-10-06T20:42:38Z INFO [3649/4500] 78715ab8-ebe2-4be2-a99f-0461430c8c34: cophenetic index 185680; 10.8 s; peak memory 635 MiB.
2026-10-06T20:42:39Z INFO [3650/4500] 78723da6-ee8c-4761-acfd-e2ea78ed91ad: cophenetic index 1264; 1.7 s; peak memory 635 MiB.
2026-10-06T20:42:39Z INFO [3650/4500] 78723da6-ee8c-4761-acfd-e2ea78ed91ad: checkpointed 104745 records.
2026-10-06T20:42:41Z INFO [3651/4500] 78732134-0bfe-479c-bac9-3699ce462c30: cophenetic index 624; 1.1 s; peak memory 635 MiB.
2026-10-06T20:42:42Z INFO [3652/4500] 78733267-f425-4199-a633-b12b4634ba55: cophenetic index 2625; 1.6 s; peak memory 635 MiB.
2026-10-06T20:42:51Z INFO [3653/4500] 787395ab-69e7-4291-9e80-139c88d8e6ae: cophenetic index 33285; 8.4 s; peak memory 635 MiB.
2026-10-06T20:42:52Z INFO [3654/4500] 7873d441-3b2b-484d-96db-1acc00bacfe5: cophenetic index 766; 1.4 s; peak memory 635 MiB.
2026-10-06T20:42:54Z INFO [3655/4500] 7874a97b-69cb-4107-8199-f08f7844cebd: cophenetic index 99114; 2.2 s; peak memory 635 MiB.
2026-10-06T20:42:56Z INFO [3656/4500] 787557e3-cbf3-482d-b803-9f6d40125d07: cophenetic index 3087; 1.4 s; peak memory 635 MiB.
2026-10-06T20:42:57Z INFO [3657/4500] 78774d8b-ec46-44a9-8eaa-cbcc42735759: cophenetic index 2625; 1.6 s; peak memory 635 MiB.
2026-10-06T20:42:59Z INFO [3658/4500] 7877a976-a1cf-4a2a-ba11-9809c7ea0eb9: cophenetic index 999; 1.8 s; peak memory 635 MiB.
2026-10-06T20:43:00Z INFO [3659/4500] 787901a6-9f6e-4790-b40f-b1a93c02b0a6: cophenetic index 579; 0.9 s; peak memory 635 MiB.
2026-10-06T20:43:01Z INFO [3660/4500] 787955e6-07ce-4df9-af3b-df2358b3f366: cophenetic index 431; 1.3 s; peak memory 635 MiB.
2026-10-06T20:43:08Z INFO [3661/4500] 7879823f-6edf-4be9-af14-1ccf202e319f: cophenetic index 78197; 7.4 s; peak memory 635 MiB.
2026-10-06T20:43:10Z INFO [3662/4500] 78799fac-e0b9-413a-934d-d6d62dcfd437: cophenetic index 33986; 1.5 s; peak memory 635 MiB.
2026-10-06T20:43:11Z INFO [3663/4500] 787a20de-a5b4-4c5f-b524-e00b455aacb8: cophenetic index 3004; 1.4 s; peak memory 635 MiB.
2026-10-06T20:43:13Z INFO [3664/4500] 787ab147-788a-43b2-a74c-2c7410888f06: cophenetic index 624; 1.3 s; peak memory 635 MiB.
2026-10-06T20:43:14Z INFO [3665/4500] 787b8afe-5c3e-435f-9ae6-940b19220c96: cophenetic index 624; 1.1 s; peak memory 635 MiB.
2026-10-06T20:43:15Z INFO [3666/4500] 787c7876-bf9f-437f-be1c-870009c5e35b: cophenetic index 2625; 1.8 s; peak memory 635 MiB.
2026-10-06T20:43:17Z INFO [3667/4500] 787c820a-149e-4216-83f5-21f94f73b599: cophenetic index 494; 1.1 s; peak memory 635 MiB.
2026-10-06T20:43:18Z INFO [3668/4500] 787d4fb3-e339-48a8-be97-ab1534e128e0: cophenetic index 624; 1.1 s; peak memory 635 MiB.
2026-10-06T20:43:25Z INFO [3669/4500] 787db872-e623-412b-8c0a-8e8fa2c2f617: cophenetic index 87573; 7.7 s; peak memory 635 MiB.
2026-10-06T20:43:31Z INFO [3670/4500] 787e0bcb-adfd-4e6a-917a-4362dbcdd788: cophenetic index 38315; 5.6 s; peak memory 635 MiB.
2026-10-06T20:43:32Z INFO [3671/4500] 787e0e8f-9a1c-4d7d-8b36-60dd355e55cd: cophenetic index 431; 1.3 s; peak memory 635 MiB.
2026-10-06T20:43:35Z INFO [3672/4500] 787e6d58-b697-4e14-bc18-fdf59c1d4e04: cophenetic index 2573; 2.8 s; peak memory 635 MiB.
2026-10-06T20:43:37Z INFO [3673/4500] 787ec39f-461d-433c-98c9-92ecedfd5e7d: cophenetic index 3087; 1.5 s; peak memory 635 MiB.
2026-10-06T20:43:39Z INFO [3674/4500] 787ef250-8bed-4ad0-9ab1-04f0f0abc6ae: cophenetic index 37616; 2.3 s; peak memory 635 MiB.
2026-10-06T20:43:40Z INFO [3675/4500] 787f36a7-b281-470c-9a44-fbedb7c8df34: cophenetic index 385; 1.3 s; peak memory 635 MiB.
2026-10-06T20:43:41Z INFO [3676/4500] 7880583c-45bf-4343-a447-8839417f14bf: cophenetic index 624; 1.2 s; peak memory 635 MiB.
2026-10-06T20:43:43Z INFO [3677/4500] 7880d9b5-90a1-4731-85bc-bf581b075885: cophenetic index 6100; 1.9 s; peak memory 635 MiB.
2026-10-06T20:43:45Z INFO [3678/4500] 78814ba1-58d6-45a4-852d-25be68d822b4: cophenetic index 624; 1.4 s; peak memory 635 MiB.
2026-10-06T20:43:46Z INFO [3679/4500] 7882b1f2-934d-4f6b-8781-da52b9c57bb9: cophenetic index 624; 1.1 s; peak memory 635 MiB.
2026-10-06T20:43:53Z INFO [3680/4500] 78835cec-72ca-4ff8-a167-320a1b1c2256: cophenetic index 87573; 7.7 s; peak memory 635 MiB.
2026-10-06T20:43:54Z INFO [3681/4500] 788370f4-3497-4cf5-9535-a22831fe3e94: cophenetic index 560; 0.9 s; peak memory 635 MiB.
2026-10-06T20:43:56Z INFO [3682/4500] 7883bd12-c72f-4bff-8986-8ab6a410ead1: cophenetic index 624; 1.2 s; peak memory 635 MiB.
2026-10-06T20:43:57Z INFO [3683/4500] 7883d846-63b2-4eee-9745-bbe995b75f90: cophenetic index 23975; 1.4 s; peak memory 635 MiB.
2026-10-06T20:43:58Z INFO [3684/4500] 78841a9c-1243-4bbb-8123-38202c54a565: cophenetic index 649; 1.2 s; peak memory 635 MiB.
2026-10-06T20:43:59Z INFO [3685/4500] 788597ae-cbd1-4525-a5e5-ab6942def85a: cophenetic index 2844; 1.3 s; peak memory 635 MiB.
2026-10-06T20:44:01Z INFO [3686/4500] 7885d774-82dd-4a9e-b2cf-01af7652bf2d: cophenetic index 624; 1.3 s; peak memory 635 MiB.
2026-10-06T20:44:05Z INFO [3687/4500] 7885df82-8bb7-4a7f-9bde-63f9f52730c1: cophenetic index 3844; 3.9 s; peak memory 635 MiB.
2026-10-06T20:44:13Z INFO [3688/4500] 788651ac-e2ee-4835-ab4d-5506577376ce: cophenetic index 7554; 8.6 s; peak memory 635 MiB.
2026-10-06T20:44:15Z INFO [3689/4500] 7887323c-61a3-4888-9b13-a1b538f5138a: cophenetic index 2570; 1.7 s; peak memory 635 MiB.
2026-10-06T20:44:17Z INFO [3690/4500] 788757e6-7354-4d49-85c3-ef3c63304e17: cophenetic index 2625; 1.9 s; peak memory 635 MiB.
2026-10-06T20:44:18Z INFO [3691/4500] 78875951-c1ae-46c9-a9f2-70908a842db2: cophenetic index 624; 1.2 s; peak memory 635 MiB.
2026-10-06T20:44:19Z INFO [3692/4500] 788776a4-c462-4d92-9ea5-c2579c1dfb97: cophenetic index 490; 1.1 s; peak memory 635 MiB.
2026-10-06T20:44:23Z INFO [3693/4500] 788966a8-ebcb-4723-9238-195cc3e9f715: cophenetic index 30304; 3.4 s; peak memory 635 MiB.
2026-10-06T20:44:28Z INFO [3694/4500] 7889c602-2837-4449-be5c-cb0671061a9b: cophenetic index 6315; 5.0 s; peak memory 635 MiB.
2026-10-06T20:44:29Z INFO [3695/4500] 7889e519-6ce5-4118-9239-c5f5fd7729d8: cophenetic index 2625; 1.5 s; peak memory 635 MiB.
2026-10-06T20:44:30Z INFO [3696/4500] 7889e892-2ef0-4836-9c87-fb43aea5caf3: cophenetic index 624; 1.1 s; peak memory 635 MiB.
2026-10-06T20:44:31Z INFO [3697/4500] 788b0a75-abfc-4f76-94dc-921750473516: cophenetic index 624; 1.1 s; peak memory 635 MiB.
2026-10-06T20:44:33Z INFO [3698/4500] 788b4192-c69d-4f27-89df-6e1c4adebb6e: cophenetic index 791; 1.7 s; peak memory 635 MiB.
2026-10-06T20:44:35Z INFO [3699/4500] 788c8328-5dd5-4c32-b628-1ef0765d97c0: cophenetic index 2625; 1.8 s; peak memory 635 MiB.
2026-10-06T20:44:36Z INFO [3700/4500] 788c9bc3-fdd8-4d49-ad99-979adb7de162: cophenetic index 624; 1.2 s; peak memory 635 MiB.
2026-10-06T20:44:36Z INFO [3700/4500] 788c9bc3-fdd8-4d49-ad99-979adb7de162: checkpointed 104795 records.
2026-10-06T20:44:38Z INFO [3701/4500] 788cbfda-6851-4089-9c3a-04af71825c28: cophenetic index 23510; 1.5 s; peak memory 635 MiB.
2026-10-06T20:44:39Z INFO [3702/4500] 788d0b45-ab58-4993-8a71-7042871191c5: cophenetic index 624; 1.4 s; peak memory 635 MiB.
2026-10-06T20:44:41Z INFO [3703/4500] 788e0c02-81a5-4ab6-8efd-cb2e01abc478: cophenetic index 34138; 2.2 s; peak memory 635 MiB.
2026-10-06T20:44:43Z INFO [3704/4500] 788e5cc0-d61d-4784-8045-8f05e7c445d2: cophenetic index 2625; 1.8 s; peak memory 635 MiB.
2026-10-06T20:44:53Z INFO [3705/4500] 788e8659-443a-43cf-8ec2-37cd551eea7d: cophenetic index 139241; 10.4 s; peak memory 635 MiB.
2026-10-06T20:44:56Z INFO [3706/4500] 788fcf87-1b7f-4bf0-81b0-a11c730e764f: cophenetic index 1607; 2.6 s; peak memory 635 MiB.
2026-10-06T20:45:02Z INFO [3707/4500] 789000d1-74e9-4030-958c-72b5f3a4868e: cophenetic index 9548; 6.3 s; peak memory 635 MiB.
2026-10-06T20:45:04Z INFO [3708/4500] 78906247-c775-4d5a-ba1e-29e79ec19786: cophenetic index 624; 1.3 s; peak memory 635 MiB.
2026-10-06T20:45:04Z INFO [3709/4500] 789102f2-65b1-4846-ab2f-783e94b363a8: cophenetic index 490; 0.8 s; peak memory 635 MiB.
2026-10-06T20:45:05Z INFO [3710/4500] 7891187b-8ee4-491a-b9a3-87abb1c25d62: cophenetic index 490; 0.8 s; peak memory 635 MiB.
2026-10-06T20:45:06Z INFO [3711/4500] 78913480-d2b4-47b9-acce-00bcf139f4f9: cophenetic index 3192; 1.3 s; peak memory 635 MiB.
2026-10-06T20:45:08Z INFO [3712/4500] 78914114-d257-42ef-a914-e55b2d90c83f: cophenetic index 99120; 2.0 s; peak memory 635 MiB.
2026-10-06T20:45:13Z INFO [3713/4500] 78921fe9-0d4c-466a-ba57-950051fc2e37: cophenetic index 11785; 4.5 s; peak memory 635 MiB.
2026-10-06T20:45:17Z INFO [3714/4500] 78938f6c-df02-4444-ab99-60019ce8fb16: cophenetic index 5400; 3.6 s; peak memory 635 MiB.
2026-10-06T20:45:18Z INFO [3715/4500] 7893dbc0-1563-4c95-9160-0a5436a2c926: cophenetic index 2625; 1.5 s; peak memory 635 MiB.
2026-10-06T20:45:19Z INFO [3716/4500] 789405aa-9724-4329-b64c-8151e5d9c6db: cophenetic index 649; 1.2 s; peak memory 635 MiB.
2026-10-06T20:45:25Z INFO [3717/4500] 78940f91-b083-42c6-ae58-aff04addd670: cophenetic index 87573; 5.6 s; peak memory 635 MiB.
2026-10-06T20:45:35Z INFO [3718/4500] 78948486-00cd-4e2f-acc2-8900c540fca0: cophenetic index 247740; 9.7 s; peak memory 635 MiB.
2026-10-06T20:45:36Z INFO [3719/4500] 7895daad-e5c4-4d43-8a93-d230671edba7: cophenetic index 624; 1.1 s; peak memory 635 MiB.
2026-10-06T20:45:38Z INFO [3720/4500] 7895ebdf-bf66-4e95-9975-d0b028e78ef8: cophenetic index 2625; 2.1 s; peak memory 635 MiB.
2026-10-06T20:45:39Z INFO [3721/4500] 7895ed89-974f-492f-b128-de0561a73210: cophenetic index 569; 1.4 s; peak memory 635 MiB.
2026-10-06T20:45:41Z INFO [3722/4500] 7896b466-8102-4909-83ed-b1cbb2705ca9: cophenetic index 3004; 1.4 s; peak memory 635 MiB.
2026-10-06T20:45:42Z INFO [3723/4500] 7896e266-5d54-4264-8e51-5c01665c459f: cophenetic index 2625; 1.4 s; peak memory 635 MiB.
2026-10-06T20:45:43Z INFO [3724/4500] 7896e6ee-ef78-4eb7-8fb1-8b66759494bb: cophenetic index 624; 1.2 s; peak memory 635 MiB.
2026-10-06T20:45:46Z INFO [3725/4500] 7898b6c6-964b-4bc1-a58e-5df4d34e0702: cophenetic index 33998; 2.6 s; peak memory 635 MiB.
2026-10-06T20:45:47Z INFO [3726/4500] 789916e1-1584-48b5-a38a-ef8b2d23a390: cophenetic index 2570; 1.4 s; peak memory 635 MiB.
2026-10-06T20:45:49Z INFO [3727/4500] 789b30cb-9a81-48f0-8484-f94487249414: cophenetic index 649; 1.2 s; peak memory 635 MiB.
2026-10-06T20:45:52Z INFO [3728/4500] 789b5488-b8a8-42a1-8803-3aefc3b58239: cophenetic index 2469; 3.6 s; peak memory 635 MiB.
2026-10-06T20:45:53Z INFO [3729/4500] 789b6f00-02fc-4388-8405-cdca18fc0d90: cophenetic index 627; 1.0 s; peak memory 635 MiB.
2026-10-06T20:45:54Z INFO [3730/4500] 789b70dd-77e1-4f70-bb5f-598abf86b01f: cophenetic index 624; 1.2 s; peak memory 635 MiB.
2026-10-06T20:45:56Z INFO [3731/4500] 789d984b-d56d-4c85-90c5-9f5f46933af5: cophenetic index 722; 1.5 s; peak memory 635 MiB.
2026-10-06T20:45:57Z INFO [3732/4500] 789dba89-d787-49c0-832a-33cd6d95e3bd: cophenetic index 490; 0.8 s; peak memory 635 MiB.
2026-10-06T20:45:58Z INFO [3733/4500] 789e09e4-7e14-4a0b-bde4-e97ded927a3f: cophenetic index 649; 1.1 s; peak memory 635 MiB.
2026-10-06T20:45:59Z INFO [3734/4500] 789e95f7-0125-4f53-88f1-162449b045be: cophenetic index 431; 1.3 s; peak memory 635 MiB.
2026-10-06T20:46:10Z INFO [3735/4500] 789e9a1f-282a-4e99-ae51-14c161e545ce: cophenetic index 2452853; 10.7 s; peak memory 635 MiB.
2026-10-06T20:46:11Z INFO [3736/4500] 789ebd55-0615-4fac-95ca-16bc5fe041c4: cophenetic index 579; 0.9 s; peak memory 635 MiB.
2026-10-06T20:46:12Z INFO [3737/4500] 789ebfcf-1bf0-421a-b903-7642437fd5a6: cophenetic index 2551; 1.2 s; peak memory 635 MiB.
2026-10-06T20:46:13Z INFO [3738/4500] 789f237b-35a8-4b52-9338-17f03ef33151: cophenetic index 624; 1.0 s; peak memory 635 MiB.
2026-10-06T20:46:16Z INFO [3739/4500] 789f502a-c5f6-463a-aa63-b506ac879587: cophenetic index 7765; 3.2 s; peak memory 635 MiB.
2026-10-06T20:46:28Z INFO [3740/4500] 78a08141-1c05-428d-ab26-efc97c9a5219: cophenetic index 275506; 12.1 s; peak memory 635 MiB.
2026-10-06T20:46:30Z INFO [3741/4500] 78a1881b-5ea7-4eec-8141-4444391ef895: cophenetic index 554; 1.4 s; peak memory 635 MiB.
2026-10-06T20:46:31Z INFO [3742/4500] 78a23ea9-7bb0-4832-bcd4-b5ae42e722b3: cophenetic index 3087; 1.4 s; peak memory 635 MiB.
2026-10-06T20:46:33Z INFO [3743/4500] 78a2a4b8-83ad-48ad-a9db-58c9b75da666: cophenetic index 2625; 1.9 s; peak memory 635 MiB.
2026-10-06T20:46:34Z INFO [3744/4500] 78a31cdb-1dd0-4750-953d-f029295ab7b6: cophenetic index 490; 0.8 s; peak memory 635 MiB.
2026-10-06T20:46:37Z INFO [3745/4500] 78a3321d-9f08-4fa4-93a2-77909bfe2c52: cophenetic index 2331; 3.5 s; peak memory 635 MiB.
2026-10-06T20:46:39Z INFO [3746/4500] 78a481a6-4ce5-4cba-825e-80df02c0f1d9: cophenetic index 2974; 1.5 s; peak memory 635 MiB.
2026-10-06T20:46:41Z INFO [3747/4500] 78a48b1a-a530-4d71-90a5-7d4769eb06e5: cophenetic index 754; 2.4 s; peak memory 635 MiB.
2026-10-06T20:46:43Z INFO [3748/4500] 78a4eb9c-dd85-4aed-8066-9ea212e337d1: cophenetic index 30304; 1.7 s; peak memory 635 MiB.
2026-10-06T20:46:47Z INFO [3749/4500] 78a58614-09e4-4e29-a492-8bbeaf7a8cf6: cophenetic index 4596; 4.6 s; peak memory 635 MiB.
2026-10-06T20:46:50Z INFO [3750/4500] 78a5e6f7-2679-400d-9083-096de8524d8f: cophenetic index 2391; 3.1 s; peak memory 635 MiB.
2026-10-06T20:46:51Z INFO [3750/4500] 78a5e6f7-2679-400d-9083-096de8524d8f: checkpointed 104845 records.
2026-10-06T20:47:02Z INFO [3751/4500] 78a5e7f4-44f3-459b-8de7-c391ec16f91e: cophenetic index 92936; 11.7 s; peak memory 635 MiB.
2026-10-06T20:47:04Z INFO [3752/4500] 78a6bd60-da8e-4711-99f9-8a64551d3c5e: cophenetic index 624; 1.2 s; peak memory 635 MiB.
2026-10-06T20:47:05Z INFO [3753/4500] 78a78ce8-454a-459d-9394-aa451839b561: cophenetic index 1006; 1.5 s; peak memory 635 MiB.
2026-10-06T20:52:18Z INFO [3754/4500] 78a84400-59e8-47a2-917b-f15ee72530d3: cophenetic index 972162572; 312.7 s; peak memory 825 MiB.
2026-10-06T20:52:19Z INFO [3755/4500] 78a9170e-8cf6-43bf-870d-1461c5faeed5: cophenetic index 624; 1.2 s; peak memory 825 MiB.
2026-10-06T20:52:21Z INFO [3756/4500] 78a95c3c-533b-4555-9318-fa606326c93f: cophenetic index 1430; 2.1 s; peak memory 825 MiB.
2026-10-06T20:52:22Z INFO [3757/4500] 78a9f873-4b45-4c1a-a649-d758decce734: cophenetic index 624; 1.2 s; peak memory 825 MiB.
2026-10-06T20:52:24Z INFO [3758/4500] 78aa20ce-97fa-474f-b8b7-7de372c96fc8: cophenetic index 3004; 1.7 s; peak memory 825 MiB.
2026-10-06T20:52:25Z INFO [3759/4500] 78aa33f3-0f4d-4b4e-80d1-927411fe4b05: cophenetic index 624; 1.3 s; peak memory 825 MiB.
2026-10-06T20:52:26Z INFO [3760/4500] 78aac613-37da-46e8-9a92-4a40da3e9470: cophenetic index 624; 1.1 s; peak memory 825 MiB.
2026-10-06T20:52:28Z INFO [3761/4500] 78ab0282-e54c-457f-a0bb-951dd3fb8920: cophenetic index 2570; 1.6 s; peak memory 825 MiB.
2026-10-06T20:52:44Z INFO [3762/4500] 78ab9710-7808-4913-9285-4fe08ca0e1a6: cophenetic index 2962528; 15.9 s; peak memory 825 MiB.
2026-10-06T20:52:45Z INFO [3763/4500] 78ac33a4-6b34-410e-a870-828ff152ab91: cophenetic index 624; 1.1 s; peak memory 825 MiB.
2026-10-06T20:52:47Z INFO [3764/4500] 78ac6243-3dc6-4002-8b2d-989f5e3d0c60: cophenetic index 1912; 2.0 s; peak memory 825 MiB.
2026-10-06T20:52:49Z INFO [3765/4500] 78ac8abd-af13-4956-9f91-08f5d7944461: cophenetic index 1087; 1.7 s; peak memory 825 MiB.
2026-10-06T20:52:50Z INFO [3766/4500] 78acd206-ba9f-48a5-840b-36e791ab9ef3: cophenetic index 431; 1.1 s; peak memory 825 MiB.
2026-10-06T20:52:57Z INFO [3767/4500] 78acfca6-0877-4637-b94e-397639e8dc1c: cophenetic index 49706; 6.8 s; peak memory 825 MiB.
2026-10-06T20:52:59Z INFO [3768/4500] 78ad07fd-8fb6-42c7-ad97-8329eacd56bb: cophenetic index 777; 2.0 s; peak memory 825 MiB.
2026-10-06T20:53:01Z INFO [3769/4500] 78ad4140-a0fd-4d85-9948-5b2175673367: cophenetic index 33998; 2.6 s; peak memory 825 MiB.
2026-10-06T20:53:03Z INFO [3770/4500] 78adc0f9-7756-4f34-917a-e27332aba1f7: cophenetic index 3087; 1.3 s; peak memory 825 MiB.
2026-10-06T20:53:04Z INFO [3771/4500] 78ae0045-3e02-45ed-a012-1d061b9db1c3: cophenetic index 788; 1.4 s; peak memory 825 MiB.
2026-10-06T20:53:06Z INFO [3772/4500] 78aed7b1-6993-45e7-b614-98c3597d8ff0: cophenetic index 99138; 1.7 s; peak memory 825 MiB.
2026-10-06T20:53:08Z INFO [3773/4500] 78aefd59-93d3-4716-b95f-77f0e4b86963: cophenetic index 99138; 2.0 s; peak memory 825 MiB.
2026-10-06T20:53:09Z INFO [3774/4500] 78af038c-c9ce-4f46-a7e4-cc2b51ae410a: cophenetic index 2923; 1.3 s; peak memory 825 MiB.
2026-10-06T20:53:11Z INFO [3775/4500] 78af6ba7-69ac-444b-ae89-c2e45c359853: cophenetic index 23510; 1.6 s; peak memory 825 MiB.
2026-10-06T20:53:17Z INFO [3776/4500] 78b1ae6d-3c1b-4cca-ab55-c983b6018a8d: cophenetic index 87573; 6.1 s; peak memory 825 MiB.
2026-10-06T20:53:17Z INFO [3777/4500] 78b2ba1a-2021-4e8b-82f8-6d6846b4e0e7: cophenetic index 490; 0.7 s; peak memory 825 MiB.
2026-10-06T20:53:20Z INFO [3778/4500] 78b2fa59-d693-470e-a30e-e136ce429c79: cophenetic index 2402; 2.9 s; peak memory 825 MiB.
2026-10-06T20:53:22Z INFO [3779/4500] 78b3184d-6c0d-437a-928a-efbe93773367: cophenetic index 3004; 1.3 s; peak memory 825 MiB.
2026-10-06T20:53:32Z INFO [3780/4500] 78b3667f-0f2c-49bb-b610-e974e5cb8e03: cophenetic index 195172714; 10.5 s; peak memory 825 MiB.
2026-10-06T20:53:33Z INFO [3781/4500] 78b4e37b-501e-4b79-8eed-d82f54b19ab1: cophenetic index 490; 0.8 s; peak memory 825 MiB.
2026-10-06T20:53:34Z INFO [3782/4500] 78b4eb29-e670-4b43-9e83-4a81b0b8f02c: cophenetic index 624; 1.1 s; peak memory 825 MiB.
2026-10-06T20:53:36Z INFO [3783/4500] 78b55abe-56c0-426f-87b2-504a458f8185: cophenetic index 605; 1.5 s; peak memory 825 MiB.
2026-10-06T20:53:41Z INFO [3784/4500] 78b62f65-53ae-4c80-adc3-3dd9c03a8328: cophenetic index 48469; 5.7 s; peak memory 825 MiB.
2026-10-06T20:53:43Z INFO [3785/4500] 78b77c4f-3f2b-4022-bd24-d82795d1d2ed: cophenetic index 3004; 1.5 s; peak memory 825 MiB.
2026-10-06T20:53:45Z INFO [3786/4500] 78b7ef0c-0b02-4f58-bd6d-d11b259ed954: cophenetic index 2625; 1.8 s; peak memory 825 MiB.
2026-10-06T20:53:46Z INFO [3787/4500] 78b84320-a553-451b-a3c4-d04006a02ccf: cophenetic index 624; 1.2 s; peak memory 825 MiB.
2026-10-06T20:53:47Z INFO [3788/4500] 78b88f87-843a-4ff4-9f3b-b1096793b177: cophenetic index 23788; 1.1 s; peak memory 825 MiB.
2026-10-06T20:53:49Z INFO [3789/4500] 78b90600-a41a-434c-87d2-168e98699285: cophenetic index 325333; 2.3 s; peak memory 825 MiB.
2026-10-06T20:53:51Z INFO [3790/4500] 78b9dd02-6437-49e3-b2eb-d50f2d25fc02: cophenetic index 630; 1.3 s; peak memory 825 MiB.
2026-10-06T20:53:52Z INFO [3791/4500] 78b9eca0-8e71-47d8-aa67-03747c649001: cophenetic index 413; 1.0 s; peak memory 825 MiB.
2026-10-06T20:53:53Z INFO [3792/4500] 78ba7af4-0a7c-4a6d-8fc8-9ff0f4e5aa63: cophenetic index 2570; 1.4 s; peak memory 825 MiB.
2026-10-06T20:54:05Z INFO [3793/4500] 78bc6aab-1aa9-420f-87ba-7f19e34977ec: cophenetic index 48121; 12.1 s; peak memory 825 MiB.
2026-10-06T20:54:07Z INFO [3794/4500] 78bcc12d-b227-4911-9410-679f294691f5: cophenetic index 42542; 2.2 s; peak memory 825 MiB.
2026-10-06T20:54:08Z INFO [3795/4500] 78bd1b60-884a-457a-8bb1-034674bde5ad: cophenetic index 624; 1.1 s; peak memory 825 MiB.
2026-10-06T20:54:11Z INFO [3796/4500] 78bdba9d-6d0d-4244-80c8-d346d5a50d30: cophenetic index 2682; 3.0 s; peak memory 825 MiB.
2026-10-06T20:54:13Z INFO [3797/4500] 78be2f68-8baa-4a4f-9de0-c9ee92a7d807: cophenetic index 3192; 1.3 s; peak memory 825 MiB.
2026-10-06T20:54:14Z INFO [3798/4500] 78be9b95-1e85-4703-ab7f-85e7b3952f00: cophenetic index 3004; 1.4 s; peak memory 825 MiB.
2026-10-06T20:54:15Z INFO [3799/4500] 78bf1ef6-e750-49ee-91d9-1fe669d253e4: cophenetic index 554; 1.2 s; peak memory 825 MiB.
2026-10-06T20:54:18Z INFO [3800/4500] 78bfce42-9f90-4fdb-9c2c-21c29c18767c: cophenetic index 2609; 2.5 s; peak memory 825 MiB.
2026-10-06T20:54:18Z INFO [3800/4500] 78bfce42-9f90-4fdb-9c2c-21c29c18767c: checkpointed 104895 records.
2026-10-06T20:54:20Z INFO [3801/4500] 78c04f07-46d7-4e34-be14-23861f5cc72d: cophenetic index 3004; 1.6 s; peak memory 825 MiB.
2026-10-06T20:54:23Z INFO [3802/4500] 78c1c82f-3c2b-48eb-b6e4-49e3073a3e38: cophenetic index 2402; 3.3 s; peak memory 825 MiB.
2026-10-06T20:54:24Z INFO [3803/4500] 78c2d46b-a430-493f-a511-f512dddb6dd9: cophenetic index 23510; 1.6 s; peak memory 825 MiB.
2026-10-06T20:54:26Z INFO [3804/4500] 78c300ff-d4b1-4b4d-885c-d12339bbc59b: cophenetic index 33998; 1.9 s; peak memory 825 MiB.
2026-10-06T20:54:33Z INFO [3805/4500] 78c38131-a090-453e-a3cb-65586746e701: cophenetic index 87573; 6.3 s; peak memory 825 MiB.
2026-10-06T20:54:34Z INFO [3806/4500] 78c3e966-f6de-47be-a940-8601ce44db24: cophenetic index 761; 1.0 s; peak memory 825 MiB.
2026-10-06T20:54:35Z INFO [3807/4500] 78c3ef70-d3e3-4f78-bb5f-6c3502a9f794: cophenetic index 512; 1.3 s; peak memory 825 MiB.
2026-10-06T20:54:37Z INFO [3808/4500] 78c3f5ec-2682-4aaf-b8b1-1ec958612f66: cophenetic index 1087; 1.6 s; peak memory 825 MiB.
2026-10-06T20:54:43Z INFO [3809/4500] 78c416cf-f934-48e5-86c1-fd135d2561e4: cophenetic index 69931; 6.5 s; peak memory 825 MiB.
2026-10-06T20:54:44Z INFO [3810/4500] 78c4f1d5-f7ab-474d-aa2f-d22e08e1f70d: cophenetic index 3004; 1.3 s; peak memory 825 MiB.
2026-10-06T20:54:45Z INFO [3811/4500] 78c66c1f-81e1-4207-9dad-1bfc287a2d61: cophenetic index 625; 1.0 s; peak memory 825 MiB.
2026-10-06T20:54:47Z INFO [3812/4500] 78c69a2b-1ad1-40f7-b9e2-48ac7f7b016f: cophenetic index 3087; 1.3 s; peak memory 825 MiB.
2026-10-06T20:54:48Z INFO [3813/4500] 78c77cbd-79ec-426d-be58-a7481170eba8: cophenetic index 624; 1.1 s; peak memory 825 MiB.
2026-10-06T20:54:50Z INFO [3814/4500] 78c7e745-5aaa-4e19-a222-228a1f2585fc: cophenetic index 99150; 2.3 s; peak memory 825 MiB.
2026-10-06T20:54:51Z INFO [3815/4500] 78c84e51-a653-4024-a7a3-6a0659288bc8: cophenetic index 624; 1.1 s; peak memory 825 MiB.
2026-10-06T20:55:03Z INFO [3816/4500] 78c885d0-9a20-4e1d-a6dd-2b86a9e19512: cophenetic index 21815; 12.2 s; peak memory 825 MiB.
2026-10-06T20:55:17Z INFO [3817/4500] 78c99ab2-6d6e-4205-a012-18b968139279: cophenetic index 226311; 13.7 s; peak memory 825 MiB.
2026-10-06T20:55:18Z INFO [3818/4500] 78c9ab00-d089-4b87-bffa-a4f5200af225: cophenetic index 3004; 1.4 s; peak memory 825 MiB.
2026-10-06T20:55:20Z INFO [3819/4500] 78ca5b44-1caf-4f20-a1df-621c890774ca: cophenetic index 2974; 1.3 s; peak memory 825 MiB.
2026-10-06T20:55:21Z INFO [3820/4500] 78ca6dc5-9c8e-4233-8d26-873a34a1010b: cophenetic index 624; 1.2 s; peak memory 825 MiB.
2026-10-06T20:55:23Z INFO [3821/4500] 78cad7b2-7e07-45b9-ad9a-4a8077683d94: cophenetic index 1570; 1.9 s; peak memory 825 MiB.
2026-10-06T20:55:24Z INFO [3822/4500] 78cb1027-c805-446c-b392-6896bb694cbf: cophenetic index 579; 0.8 s; peak memory 825 MiB.
2026-10-06T20:55:26Z INFO [3823/4500] 78cb318d-a1ad-4a14-87de-c86321982213: cophenetic index 33998; 2.6 s; peak memory 825 MiB.
2026-10-06T20:55:29Z INFO [3824/4500] 78cb9745-5666-4409-8773-f5182d7e25fa: cophenetic index 2682; 2.7 s; peak memory 825 MiB.
2026-10-06T20:55:30Z INFO [3825/4500] 78cc10e8-a2c9-4ab2-ab0f-bf2ca80171f0: cophenetic index 3012; 1.1 s; peak memory 825 MiB.
2026-10-06T20:55:33Z INFO [3826/4500] 78cc3fa3-931f-4654-86f7-9725f276dd90: cophenetic index 11438; 3.4 s; peak memory 825 MiB.
2026-10-06T20:55:42Z INFO [3827/4500] 78cc8bcd-b0d8-4526-92e9-81a6cc5bd00e: cophenetic index 137167; 8.8 s; peak memory 825 MiB.
2026-10-06T20:55:43Z INFO [3828/4500] 78cceb09-e403-498d-bf4a-bfd3e2b1131e: cophenetic index 624; 1.0 s; peak memory 825 MiB.
2026-10-06T20:55:52Z INFO [3829/4500] 78cd1e44-28cd-4ab7-aa5c-e0191baebc23: cophenetic index 49398; 8.4 s; peak memory 825 MiB.
2026-10-06T20:55:53Z INFO [3830/4500] 78cd6731-3dcc-42b2-bd4f-4d7de932cbc9: cophenetic index 23788; 1.2 s; peak memory 825 MiB.
2026-10-06T20:55:54Z INFO [3831/4500] 78cd8f02-7c25-4b75-a24d-2654c06d4989: cophenetic index 624; 1.1 s; peak memory 825 MiB.
2026-10-06T20:55:57Z INFO [3832/4500] 78ce7d66-7b2f-4e3b-9e0b-5007cc429e47: cophenetic index 99150; 2.6 s; peak memory 825 MiB.
2026-10-06T20:55:59Z INFO [3833/4500] 78cecad5-8cee-4c1b-b08e-9d3b11c62855: cophenetic index 1130; 2.2 s; peak memory 825 MiB.
2026-10-06T20:56:00Z INFO [3834/4500] 78cffed8-04e6-4027-8da6-89c1c2129a7f: cophenetic index 3004; 1.2 s; peak memory 825 MiB.
2026-10-06T20:56:10Z INFO [3835/4500] 78d12fbf-9993-4245-8f86-6f11ea8a4e43: cophenetic index 144654; 10.4 s; peak memory 825 MiB.
2026-10-06T20:56:12Z INFO [3836/4500] 78d2087d-24be-4f21-a931-1f1f19277e75: cophenetic index 2625; 1.8 s; peak memory 825 MiB.
2026-10-06T20:56:14Z INFO [3837/4500] 78d21a3b-2d4c-4411-8f90-a0e9a99e97d6: cophenetic index 624; 1.3 s; peak memory 825 MiB.
2026-10-06T20:56:14Z INFO [3838/4500] 78d251ce-3e43-4139-8e19-dedf00939a89: cophenetic index 490; 0.9 s; peak memory 825 MiB.
2026-10-06T20:56:16Z INFO [3839/4500] 78d2abc6-efe6-4601-a3f5-49d18b5ad509: cophenetic index 624; 1.1 s; peak memory 825 MiB.
2026-10-06T20:56:17Z INFO [3840/4500] 78d34349-b079-4d93-bcbd-1c2f5eb72f43: cophenetic index 3004; 1.2 s; peak memory 825 MiB.
2026-10-06T20:56:18Z INFO [3841/4500] 78d47b51-f697-4e9b-9163-dd391c3aabe4: cophenetic index 33968; 1.6 s; peak memory 825 MiB.
2026-10-06T20:56:20Z INFO [3842/4500] 78d4aac6-c9dc-401a-8811-eec8f791446c: cophenetic index 3004; 1.3 s; peak memory 825 MiB.
2026-10-06T20:56:22Z INFO [3843/4500] 78d4ae9b-673b-4ac7-a97a-0516f75dd2f4: cophenetic index 893; 2.0 s; peak memory 825 MiB.
2026-10-06T20:56:30Z INFO [3844/4500] 78d4fa70-e2e5-42d0-9bcc-60be59d203a0: cophenetic index 6715; 7.9 s; peak memory 825 MiB.
2026-10-06T20:56:38Z INFO [3845/4500] 78d5269e-099b-41e3-bf0d-1b5332a5a224: cophenetic index 105340; 8.0 s; peak memory 825 MiB.
2026-10-06T20:56:40Z INFO [3846/4500] 78d52d6c-0e0b-424f-9b4c-acd445e64948: cophenetic index 33962; 2.1 s; peak memory 825 MiB.
2026-10-06T20:56:41Z INFO [3847/4500] 78d5dda9-b090-408d-9d05-6dcf6640b6b0: cophenetic index 2974; 1.3 s; peak memory 825 MiB.
2026-10-06T20:56:43Z INFO [3848/4500] 78d65d87-2f37-425e-a826-c4a4eab246ee: cophenetic index 33986; 1.9 s; peak memory 825 MiB.
2026-10-06T20:56:50Z INFO [3849/4500] 78d6a42b-ac9f-4ac8-bf9e-6133b5660512: cophenetic index 9548; 7.4 s; peak memory 825 MiB.
2026-10-06T20:56:52Z INFO [3850/4500] 78d7cb91-3e8b-492d-a041-4963d47a48ed: cophenetic index 3004; 1.4 s; peak memory 825 MiB.
2026-10-06T20:56:52Z INFO [3850/4500] 78d7cb91-3e8b-492d-a041-4963d47a48ed: checkpointed 104945 records.
2026-10-06T20:56:54Z INFO [3851/4500] 78d88f72-89a4-4d75-b2aa-d8172624f495: cophenetic index 1130; 2.3 s; peak memory 825 MiB.
2026-10-06T20:56:56Z INFO [3852/4500] 78d8d134-dd5e-474e-bf68-5ec6633ef0a8: cophenetic index 3972; 1.5 s; peak memory 825 MiB.
2026-10-06T20:57:10Z INFO [3853/4500] 78d94cc8-4b7e-410e-98af-c5474e760efe: cophenetic index 267340; 14.3 s; peak memory 825 MiB.
2026-10-06T20:57:18Z INFO [3854/4500] 78d9bcda-8d79-4b62-b38b-ca8a63066175: cophenetic index 64597; 7.5 s; peak memory 825 MiB.
2026-10-06T20:57:19Z INFO [3855/4500] 78da3ef3-b238-44c0-9751-686a6fe7cc0d: cophenetic index 2625; 1.7 s; peak memory 825 MiB.
2026-10-06T20:57:22Z INFO [3856/4500] 78dad621-5607-454e-9468-9e7dd6775ddf: cophenetic index 2636; 2.5 s; peak memory 825 MiB.
2026-10-06T20:57:34Z INFO [3857/4500] 78dbb7a8-8e77-4173-b3d0-8ee803ec6fd2: cophenetic index 677263; 12.4 s; peak memory 825 MiB.
2026-10-06T20:57:35Z INFO [3858/4500] 78dcfae9-d166-421b-825d-f4baaef8b5b7: cophenetic index 624; 1.2 s; peak memory 825 MiB.
2026-10-06T20:57:37Z INFO [3859/4500] 78dddfbb-7f2d-4cbd-8ccf-f042f715b3d9: cophenetic index 3087; 1.3 s; peak memory 825 MiB.
2026-10-06T20:57:38Z INFO [3860/4500] 78de375d-d797-49a0-92cf-dc698b5a558d: cophenetic index 624; 1.3 s; peak memory 825 MiB.
2026-10-06T20:57:41Z INFO [3861/4500] 78deaadb-b05f-45c4-9fdc-2b60176d2f4b: cophenetic index 2682; 2.8 s; peak memory 825 MiB.
2026-10-06T20:57:42Z INFO [3862/4500] 78dedfad-bdc6-4dd8-9bf2-5f0c6acb3ba9: cophenetic index 729; 0.9 s; peak memory 825 MiB.
2026-10-06T20:57:43Z INFO [3863/4500] 78df00a3-980b-4d89-9f0d-8046ad41522e: cophenetic index 3087; 1.4 s; peak memory 825 MiB.
2026-10-06T20:57:44Z INFO [3864/4500] 78e05642-502e-4daa-bcb3-336ff8687fa0: cophenetic index 581; 1.2 s; peak memory 825 MiB.
2026-10-06T20:57:46Z INFO [3865/4500] 78e0696d-38cc-48c0-8e00-f42fa4153067: cophenetic index 605; 1.7 s; peak memory 825 MiB.
2026-10-06T20:57:49Z INFO [3866/4500] 78e10c77-4541-4bbb-b4cf-569bbac0087f: cophenetic index 2402; 3.2 s; peak memory 825 MiB.
2026-10-06T20:57:51Z INFO [3867/4500] 78e23879-93e8-4e76-a8f0-87b37df5fd3a: cophenetic index 513; 2.1 s; peak memory 825 MiB.
2026-10-06T20:57:52Z INFO [3868/4500] 78e310b5-1ba1-4d1e-9e67-1ba4ff5f0776: cophenetic index 624; 1.1 s; peak memory 825 MiB.
2026-10-06T20:58:05Z INFO [3869/4500] 78e38c3f-470b-4438-9cdd-311fec61ee8c: cophenetic index 212770; 12.2 s; peak memory 825 MiB.
2026-10-06T20:58:06Z INFO [3870/4500] 78e39e31-a313-4b08-b081-cfbc1e2bd996: cophenetic index 624; 1.1 s; peak memory 825 MiB.
2026-10-06T20:58:07Z INFO [3871/4500] 78e4c3fd-1579-433c-9d6b-6d907be5fa5c: cophenetic index 490; 0.8 s; peak memory 825 MiB.
2026-10-06T20:58:08Z INFO [3872/4500] 78e57240-a079-4286-b412-0ea214297bd4: cophenetic index 1736; 1.3 s; peak memory 825 MiB.
2026-10-06T20:58:09Z INFO [3873/4500] 78e5b84a-40ea-4ded-a41c-0b6d668888a3: cophenetic index 3004; 1.4 s; peak memory 825 MiB.
2026-10-06T20:58:10Z INFO [3874/4500] 78e852c0-c05a-41e3-b69b-9f5565a7ad0f: cophenetic index 579; 0.9 s; peak memory 825 MiB.
2026-10-06T20:58:12Z INFO [3875/4500] 78e865b1-6223-42f4-bb10-eba1ede6f8d0: cophenetic index 937; 1.7 s; peak memory 825 MiB.
2026-10-06T20:58:13Z INFO [3876/4500] 78e8f592-ea05-43a8-b2ee-68f6c56a23f9: cophenetic index 624; 1.2 s; peak memory 825 MiB.
2026-10-06T20:58:15Z INFO [3877/4500] 78e9ce45-455e-4348-8294-5bc83f4c2986: cophenetic index 2974; 1.5 s; peak memory 825 MiB.
2026-10-06T20:58:17Z INFO [3878/4500] 78ea4816-8565-4506-9fae-7025e09ddf54: cophenetic index 2682; 2.8 s; peak memory 825 MiB.
2026-10-06T20:58:20Z INFO [3879/4500] 78eab005-bdfa-4e3e-8dc9-a0da9de0e0a2: cophenetic index 33998; 2.3 s; peak memory 825 MiB.
2026-10-06T20:58:23Z INFO [3880/4500] 78eb00cb-5ce9-4d7e-94a8-dd07935768ac: cophenetic index 2391; 3.0 s; peak memory 825 MiB.
2026-10-06T20:58:25Z INFO [3881/4500] 78eb94a0-c7d0-4f48-a7b7-e754efaa0ccb: cophenetic index 2625; 2.3 s; peak memory 825 MiB.
2026-10-06T20:58:35Z INFO [3882/4500] 78eba280-ac6f-4063-b194-9cfb82e435ea: cophenetic index 183854; 9.4 s; peak memory 825 MiB.
2026-10-06T20:58:35Z INFO [3883/4500] 78ebb487-e83e-4fa0-89f6-7becbb194153: cophenetic index 651; 0.9 s; peak memory 825 MiB.
2026-10-06T20:58:41Z INFO [3884/4500] 78ed0b06-e040-455e-a75c-d65be66c3443: cophenetic index 44716; 6.0 s; peak memory 825 MiB.
2026-10-06T20:58:43Z INFO [3885/4500] 78ed3335-8f1b-4b6c-91b9-ca870e9fcf80: cophenetic index 2005; 1.7 s; peak memory 825 MiB.
2026-10-06T20:58:45Z INFO [3886/4500] 78ed7ce9-40fb-4283-b4bb-9bf44e4f388d: cophenetic index 2625; 1.9 s; peak memory 825 MiB.
2026-10-06T20:58:47Z INFO [3887/4500] 78edaf2c-46af-43d4-a147-7fb829ea3f44: cophenetic index 2625; 1.7 s; peak memory 825 MiB.
2026-10-06T20:58:48Z INFO [3888/4500] 78ee3379-7576-42fb-9196-48cde27a8b79: cophenetic index 3004; 1.4 s; peak memory 825 MiB.
2026-10-06T20:58:51Z INFO [3889/4500] 78f00adb-15e6-4777-9b77-75bbe659426c: cophenetic index 5473; 3.3 s; peak memory 825 MiB.
2026-10-06T20:58:53Z INFO [3890/4500] 78f08b3a-6a5d-43d1-8faa-fb35dbfd581e: cophenetic index 2625; 1.6 s; peak memory 825 MiB.
2026-10-06T20:58:55Z INFO [3891/4500] 78f0d598-d5a3-447d-8d85-5a9b6dab2506: cophenetic index 2625; 1.5 s; peak memory 825 MiB.
2026-10-06T20:58:56Z INFO [3892/4500] 78f23582-085a-4732-a6a1-d7f104c848a4: cophenetic index 624; 1.2 s; peak memory 825 MiB.
2026-10-06T20:58:57Z INFO [3893/4500] 78f436f0-f444-4ad6-8f98-b809366f8a79: cophenetic index 624; 1.1 s; peak memory 825 MiB.
2026-10-06T20:58:58Z INFO [3894/4500] 78f55b51-167f-4d37-9a7f-ab89878bf4c8: cophenetic index 651; 0.9 s; peak memory 825 MiB.
2026-10-06T20:58:59Z INFO [3895/4500] 78f5976e-99ca-4358-9d9c-3dd3b8178534: cophenetic index 494; 1.0 s; peak memory 825 MiB.
2026-10-06T20:59:00Z INFO [3896/4500] 78f69069-cf79-40dc-87b1-ab0a4e8bd748: cophenetic index 441; 1.3 s; peak memory 825 MiB.
2026-10-06T20:59:01Z INFO [3897/4500] 78f6dfa5-57a7-47fc-b973-14c83ab68c3b: cophenetic index 761; 0.9 s; peak memory 825 MiB.
2026-10-06T20:59:02Z INFO [3898/4500] 78f720c4-b7ab-4fc1-bf47-864ba2359ab5: cophenetic index 490; 0.9 s; peak memory 825 MiB.
2026-10-06T20:59:13Z INFO [3899/4500] 78f76c8f-9ad3-467c-8bf1-f4b441c09328: cophenetic index 168226; 11.2 s; peak memory 825 MiB.
2026-10-06T20:59:16Z INFO [3900/4500] 78f77ff0-11f5-43e5-9785-bac139772dc5: cophenetic index 99150; 3.0 s; peak memory 825 MiB.
2026-10-06T20:59:16Z INFO [3900/4500] 78f77ff0-11f5-43e5-9785-bac139772dc5: checkpointed 104995 records.
2026-10-06T20:59:17Z INFO [3901/4500] 78f7faf6-30b5-4b35-8e15-9c8b39f01bcc: cophenetic index 490; 0.8 s; peak memory 825 MiB.
2026-10-06T20:59:18Z INFO [3902/4500] 78f8cb35-6e9d-4fce-b3d3-74f7fab3687a: cophenetic index 624; 1.2 s; peak memory 825 MiB.
2026-10-06T20:59:19Z INFO [3903/4500] 78f9475d-43ac-4b03-935b-db7d4881d14c: cophenetic index 627; 1.0 s; peak memory 825 MiB.
2026-10-06T20:59:22Z INFO [3904/4500] 78fa2b2a-1610-40ba-9463-a6eb0915b615: cophenetic index 6490; 3.1 s; peak memory 825 MiB.
2026-10-06T20:59:24Z INFO [3905/4500] 78fb8477-c195-49a8-9c1a-0781d24a6682: cophenetic index 431; 1.4 s; peak memory 825 MiB.
2026-10-06T20:59:25Z INFO [3906/4500] 78fbb72b-2458-490d-99ca-9208198f0a56: cophenetic index 624; 1.4 s; peak memory 825 MiB.
2026-10-06T20:59:29Z INFO [3907/4500] 78fcc285-c11f-4cb0-ae4a-6d2bb6203cf5: cophenetic index 6242; 3.6 s; peak memory 825 MiB.
2026-10-06T20:59:35Z INFO [3908/4500] 78fcc649-0d5d-4d9f-8b44-6fb8b5fd7ae2: cophenetic index 9181; 6.5 s; peak memory 825 MiB.
2026-10-06T20:59:36Z INFO [3909/4500] 78fd6e9b-a442-4fd0-afe0-9ecc353ef311: cophenetic index 624; 1.2 s; peak memory 825 MiB.
2026-10-06T20:59:38Z INFO [3910/4500] 78fe0c20-b42c-44f5-adcc-ccf1b9ff0e9b: cophenetic index 23436; 1.4 s; peak memory 825 MiB.
2026-10-06T20:59:39Z INFO [3911/4500] 78fe5813-a074-4232-8649-145038ae83f5: cophenetic index 490; 0.9 s; peak memory 825 MiB.
2026-10-06T20:59:40Z INFO [3912/4500] 78fef4ba-f8b9-4445-95af-ccf99d634dea: cophenetic index 624; 1.1 s; peak memory 825 MiB.
2026-10-06T20:59:41Z INFO [3913/4500] 78ff803f-d739-4385-a3af-8bceaf449447: cophenetic index 624; 1.2 s; peak memory 825 MiB.
2026-10-06T20:59:48Z INFO [3914/4500] 79008787-fe38-4ba4-b923-44dc773b04d1: cophenetic index 41771; 7.4 s; peak memory 825 MiB.
2026-10-06T20:59:50Z INFO [3915/4500] 7900b033-028c-4a5b-b6a5-49a214bb1d76: cophenetic index 554; 1.5 s; peak memory 825 MiB.
2026-10-06T21:00:06Z INFO [3916/4500] 790164ad-c3ac-4993-81a3-0fa38fd9bb8f: cophenetic index 268968; 15.8 s; peak memory 825 MiB.
2026-10-06T21:00:07Z INFO [3917/4500] 79025fdf-3286-4eb0-a8bc-cc7ad0a989cf: cophenetic index 624; 1.1 s; peak memory 825 MiB.
2026-10-06T21:00:09Z INFO [3918/4500] 7902b3c0-57b5-4afb-bdb6-63a707883446: cophenetic index 2625; 1.9 s; peak memory 825 MiB.
2026-10-06T21:00:10Z INFO [3919/4500] 7902e46c-cc9b-4937-8425-393cbea253e2: cophenetic index 6435; 1.8 s; peak memory 825 MiB.
2026-10-06T21:00:14Z INFO [3920/4500] 79038b21-517a-46b1-97e3-9a5170e7f578: cophenetic index 99150; 3.1 s; peak memory 825 MiB.
2026-10-06T21:00:15Z INFO [3921/4500] 7903b08c-b4ae-479f-9ac5-ed2f9d3b2945: cophenetic index 3087; 1.5 s; peak memory 825 MiB.
2026-10-06T21:00:33Z INFO [3922/4500] 790407ed-858c-44b5-b134-4fb148b107c8: cophenetic index 42708; 18.2 s; peak memory 825 MiB.
2026-10-06T21:00:35Z INFO [3923/4500] 7904503c-3db1-4261-9768-05f7cd36b41d: cophenetic index 431; 1.3 s; peak memory 825 MiB.
2026-10-06T21:00:36Z INFO [3924/4500] 79058a79-9dd0-464c-8124-ef245daa5d31: cophenetic index 624; 1.3 s; peak memory 825 MiB.
2026-10-06T21:00:37Z INFO [3925/4500] 790639a7-ce8b-456b-95ea-118aa92a961b: cophenetic index 723; 0.9 s; peak memory 825 MiB.
2026-10-06T21:00:38Z INFO [3926/4500] 7906b0ad-eb4d-4b0c-a5bb-3939cd2d6cca: cophenetic index 2625; 1.7 s; peak memory 825 MiB.
2026-10-06T21:00:40Z INFO [3927/4500] 7906fc75-b799-4f4d-b3c9-3c031ccf9008: cophenetic index 581; 1.2 s; peak memory 825 MiB.
2026-10-06T21:00:41Z INFO [3928/4500] 7907c25e-4f06-4096-9aa6-f269aa82c9ec: cophenetic index 2782; 1.0 s; peak memory 825 MiB.
2026-10-06T21:00:42Z INFO [3929/4500] 7907fe0f-49fb-4502-ba76-49441717669b: cophenetic index 569; 1.5 s; peak memory 825 MiB.
2026-10-06T21:00:54Z INFO [3930/4500] 790822c6-8b43-4d78-87ff-41891b6a7703: cophenetic index 47144; 11.5 s; peak memory 825 MiB.
2026-10-06T21:00:55Z INFO [3931/4500] 7909dca4-c289-45b4-b2fb-2faf60689f7f: cophenetic index 624; 1.2 s; peak memory 825 MiB.
2026-10-06T21:00:57Z INFO [3932/4500] 790a05dd-0dab-41a7-8c25-46c5ea4d9f32: cophenetic index 901; 2.3 s; peak memory 825 MiB.
2026-10-06T21:01:01Z INFO [3933/4500] 790a7bf6-08eb-4d9d-afb9-dfb9c35e4dd2: cophenetic index 5473; 3.6 s; peak memory 825 MiB.
2026-10-06T21:01:02Z INFO [3934/4500] 790cf9bd-ff33-4e06-a10d-8f1760645e83: cophenetic index 624; 1.4 s; peak memory 825 MiB.
2026-10-06T21:01:03Z INFO [3935/4500] 790d475c-09f7-493a-959c-4b65f4fbce11: cophenetic index 649; 1.2 s; peak memory 825 MiB.
2026-10-06T21:01:19Z INFO [3936/4500] 790d8707-f4c9-459e-97eb-2a256ce8ffe0: cophenetic index 337998; 15.6 s; peak memory 825 MiB.
2026-10-06T21:01:23Z INFO [3937/4500] 790def92-c496-416e-9139-194b9408c4e4: cophenetic index 20604; 4.1 s; peak memory 825 MiB.
2026-10-06T21:01:24Z INFO [3938/4500] 790e4c9a-6aaf-4e2f-aeb5-fa5de2a0b328: cophenetic index 3087; 1.3 s; peak memory 825 MiB.
2026-10-06T21:01:26Z INFO [3939/4500] 790e6a83-2ade-47d6-a44c-d847accbf03e: cophenetic index 1929; 1.8 s; peak memory 825 MiB.
2026-10-06T21:01:28Z INFO [3940/4500] 790e9f8b-12c4-4613-9e11-7de33dd180d4: cophenetic index 2625; 1.6 s; peak memory 825 MiB.
2026-10-06T21:01:29Z INFO [3941/4500] 790fa055-1d37-4cad-bb96-664af64fa4d8: cophenetic index 490; 0.8 s; peak memory 825 MiB.
2026-10-06T21:01:30Z INFO [3942/4500] 79100a57-10b1-4326-b2e3-c56e88bcf3fb: cophenetic index 2625; 1.6 s; peak memory 825 MiB.
2026-10-06T21:01:31Z INFO [3943/4500] 791015a1-d2c1-4aba-b54a-45ea6415d093: cophenetic index 739; 0.8 s; peak memory 825 MiB.
2026-10-06T21:01:33Z INFO [3944/4500] 79103196-47ca-4770-9eed-67e8822d45fb: cophenetic index 2625; 1.8 s; peak memory 825 MiB.
2026-10-06T21:01:34Z INFO [3945/4500] 79107473-e6a5-4711-85e3-f9255ab467af: cophenetic index 624; 1.3 s; peak memory 825 MiB.
2026-10-06T21:01:43Z INFO [3946/4500] 7910d321-5607-4bac-bb69-4bfccf8ff25c: cophenetic index 14478; 8.5 s; peak memory 825 MiB.
2026-10-06T21:01:44Z INFO [3947/4500] 79114419-790e-4be6-885f-402514e84b25: cophenetic index 624; 1.4 s; peak memory 825 MiB.
2026-10-06T21:01:45Z INFO [3948/4500] 7911f1c0-e68e-43aa-a8ae-d05f4e724869: cophenetic index 1739; 1.4 s; peak memory 825 MiB.
2026-10-06T21:01:56Z INFO [3949/4500] 7911f905-2bd3-4de6-8d58-d7666b93bfae: cophenetic index 294470; 11.0 s; peak memory 825 MiB.
2026-10-06T21:01:57Z INFO [3950/4500] 7912fe81-240d-427f-b85e-e46dec7375fd: cophenetic index 3004; 1.2 s; peak memory 825 MiB.
2026-10-06T21:01:58Z INFO [3950/4500] 7912fe81-240d-427f-b85e-e46dec7375fd: checkpointed 105045 records.
2026-10-06T21:01:59Z INFO [3951/4500] 7914c9c7-8ab5-4fd0-b494-5020f48906e4: cophenetic index 761; 1.0 s; peak memory 825 MiB.
2026-10-06T21:02:02Z INFO [3952/4500] 791516af-3018-4fe5-822d-9d5f2641518d: cophenetic index 5473; 3.4 s; peak memory 825 MiB.
2026-10-06T21:02:05Z INFO [3953/4500] 79156f39-a271-4a15-82a7-3ccfda3fd624: cophenetic index 1378; 2.4 s; peak memory 825 MiB.
2026-10-06T21:02:06Z INFO [3954/4500] 79162c73-a7c3-4b7f-9ff3-c6da9e88c870: cophenetic index 624; 1.3 s; peak memory 825 MiB.
2026-10-06T21:02:07Z INFO [3955/4500] 79164691-62af-43ab-a160-121f790a44ae: cophenetic index 624; 1.2 s; peak memory 825 MiB.
2026-10-06T21:02:11Z INFO [3956/4500] 7916bc1d-270f-4060-9192-d2a458e2cbf3: cophenetic index 5473; 4.1 s; peak memory 825 MiB.
2026-10-06T21:02:12Z INFO [3957/4500] 7917de23-c63a-4476-9d99-74107370bbf7: cophenetic index 624; 1.3 s; peak memory 825 MiB.
2026-10-06T21:02:14Z INFO [3958/4500] 7918ee3e-a140-45fe-9986-61c4942be2c4: cophenetic index 2625; 1.6 s; peak memory 825 MiB.
2026-10-06T21:02:15Z INFO [3959/4500] 791926c4-960e-465e-8294-0f0a9f7c4370: cophenetic index 624; 1.1 s; peak memory 825 MiB.
2026-10-06T21:02:22Z INFO [3960/4500] 7919a202-1838-4fe9-8849-7c9057d9f832: cophenetic index 65418; 7.2 s; peak memory 825 MiB.
2026-10-06T21:02:24Z INFO [3961/4500] 7919db7e-1436-4104-bf11-29a525e5b095: cophenetic index 33998; 1.9 s; peak memory 825 MiB.
2026-10-06T21:02:26Z INFO [3962/4500] 7919e153-c0b3-4214-9634-ee5db056678c: cophenetic index 581; 1.7 s; peak memory 825 MiB.
2026-10-06T21:02:28Z INFO [3963/4500] 791a1fb3-9a2f-480e-8f1d-df0592191287: cophenetic index 99138; 1.8 s; peak memory 825 MiB.
2026-10-06T21:02:29Z INFO [3964/4500] 791aca05-4f80-43dd-a385-e46511c26ba8: cophenetic index 624; 1.3 s; peak memory 825 MiB.
2026-10-06T21:02:30Z INFO [3965/4500] 791b413f-e388-46d3-a206-b3333fed4c20: cophenetic index 490; 1.1 s; peak memory 825 MiB.
2026-10-06T21:02:31Z INFO [3966/4500] 791b4fb7-acfa-41a3-8439-ac765d4fd488: cophenetic index 624; 1.3 s; peak memory 825 MiB.
2026-10-06T21:02:33Z INFO [3967/4500] 791b6935-0f91-4c74-87d3-de4e99e01673: cophenetic index 2701; 1.6 s; peak memory 825 MiB.
2026-10-06T21:02:34Z INFO [3968/4500] 791bbac8-d6d8-4c01-9dc6-f8fd2adde263: cophenetic index 649; 1.3 s; peak memory 825 MiB.
2026-10-06T21:02:37Z INFO [3969/4500] 791c22fa-e03c-41be-9e34-241bfc1833cd: cophenetic index 901; 2.7 s; peak memory 825 MiB.
2026-10-06T21:02:39Z INFO [3970/4500] 791daffc-06ae-4946-b102-6d9998d6ade9: cophenetic index 2625; 2.1 s; peak memory 825 MiB.
2026-10-06T21:02:40Z INFO [3971/4500] 791ddb49-4d74-4fe4-8620-cc60c97f176e: cophenetic index 3004; 1.4 s; peak memory 825 MiB.
2026-10-06T21:02:43Z INFO [3972/4500] 792085a1-8b1a-453e-9e86-d376aae41456: cophenetic index 6636; 2.9 s; peak memory 825 MiB.
2026-10-06T21:02:51Z INFO [3973/4500] 7920ce0e-c7ce-4484-9633-2213a294e578: cophenetic index 9548; 7.8 s; peak memory 825 MiB.
2026-10-06T21:02:57Z INFO [3974/4500] 7920d92d-5c36-4a40-be95-510874ab284f: cophenetic index 66443; 5.9 s; peak memory 825 MiB.
2026-10-06T21:02:59Z INFO [3975/4500] 79211205-4680-45df-8764-a8df7e0e983d: cophenetic index 23436; 1.7 s; peak memory 825 MiB.
2026-10-06T21:03:00Z INFO [3976/4500] 7921334c-5ff4-4e6f-bb29-b8803e4b963c: cophenetic index 624; 1.2 s; peak memory 825 MiB.
2026-10-06T21:03:01Z INFO [3977/4500] 7921b705-e818-4db0-870e-dc9b7d2cc35f: cophenetic index 2625; 1.5 s; peak memory 825 MiB.
2026-10-06T21:03:08Z INFO [3978/4500] 79227409-7074-44f3-8a34-e269dd404b19: cophenetic index 6800; 6.9 s; peak memory 825 MiB.
2026-10-06T21:03:15Z INFO [3979/4500] 7922b546-b28b-4d1c-8ad8-0a82b8bb4add: cophenetic index 26441; 6.9 s; peak memory 825 MiB.
2026-10-06T21:03:35Z INFO [3980/4500] 7922fbb1-3550-4c72-a4b5-2f3eb15dc767: cophenetic index 14507294; 19.6 s; peak memory 825 MiB.
2026-10-06T21:03:36Z INFO [3981/4500] 79230e23-8b66-4ce7-8159-a892bd7d5e28: cophenetic index 1380; 1.6 s; peak memory 825 MiB.
2026-10-06T21:03:38Z INFO [3982/4500] 79234633-4a30-4273-81bd-667de31a791b: cophenetic index 3004; 1.3 s; peak memory 825 MiB.
2026-10-06T21:03:41Z INFO [3983/4500] 79238908-da25-451c-8f32-443d233264b0: cophenetic index 2469; 3.3 s; peak memory 825 MiB.
2026-10-06T21:03:42Z INFO [3984/4500] 79239c48-3f85-4fd1-8ae6-843ba3409fab: cophenetic index 624; 1.3 s; peak memory 825 MiB.
2026-10-06T21:03:44Z INFO [3985/4500] 7924edee-16d4-4753-b2da-21538872c620: cophenetic index 725; 1.4 s; peak memory 825 MiB.
2026-10-06T21:03:46Z INFO [3986/4500] 79250565-7c60-403d-9fda-4e452a6e89f6: cophenetic index 653; 2.3 s; peak memory 825 MiB.
2026-10-06T21:03:48Z INFO [3987/4500] 79255df2-1a6f-4be6-81a1-53af468e8ec9: cophenetic index 33998; 2.3 s; peak memory 825 MiB.
2026-10-06T21:03:50Z INFO [3988/4500] 79258f22-f0f7-4341-8b8c-67679ef800a3: cophenetic index 590; 1.2 s; peak memory 825 MiB.
2026-10-06T21:03:51Z INFO [3989/4500] 7927894a-69b1-4b0f-99df-6f70210a1c9b: cophenetic index 624; 1.2 s; peak memory 825 MiB.
2026-10-06T21:04:01Z INFO [3990/4500] 7927a460-1274-404b-ad22-d36a8bc64de9: cophenetic index 8347; 10.7 s; peak memory 825 MiB.
2026-10-06T21:04:03Z INFO [3991/4500] 7927d576-baa2-4905-89cb-3e47f8480856: cophenetic index 1544; 1.3 s; peak memory 825 MiB.
2026-10-06T21:04:04Z INFO [3992/4500] 7927dfdd-3d97-400e-b522-dd0c2fd38b2c: cophenetic index 624; 1.2 s; peak memory 825 MiB.
2026-10-06T21:04:05Z INFO [3993/4500] 79282e9b-62ed-4563-831e-2a317d7edfce: cophenetic index 624; 1.2 s; peak memory 825 MiB.
2026-10-06T21:04:09Z INFO [3994/4500] 7928b339-8b38-4400-a92e-3f07bfcba9d8: cophenetic index 2391; 3.5 s; peak memory 825 MiB.
2026-10-06T21:04:10Z INFO [3995/4500] 7928c1fa-34b0-48de-a11e-2be15301047b: cophenetic index 624; 1.5 s; peak memory 825 MiB.
2026-10-06T21:04:13Z INFO [3996/4500] 792941bb-68c1-4664-9040-51eb1412ad5c: cophenetic index 1751; 2.5 s; peak memory 825 MiB.
2026-10-06T21:04:15Z INFO [3997/4500] 792960a9-6e50-4bb7-a1a2-6cef0c21aa3f: cophenetic index 2609; 2.2 s; peak memory 825 MiB.
2026-10-06T21:04:16Z INFO [3998/4500] 7929e62f-c884-4aec-9bf7-c2a864683959: cophenetic index 624; 1.6 s; peak memory 825 MiB.
2026-10-06T21:04:19Z INFO [3999/4500] 792a2800-2137-4a6d-9c93-83d1cd936f85: cophenetic index 2636; 2.2 s; peak memory 825 MiB.
2026-10-06T21:04:20Z INFO [4000/4500] 792a645c-0ae7-4105-9fd6-bec4cc94e20f: cophenetic index 3004; 1.4 s; peak memory 825 MiB.
2026-10-06T21:04:20Z INFO [4000/4500] 792a645c-0ae7-4105-9fd6-bec4cc94e20f: checkpointed 105095 records.
2026-10-06T21:04:21Z INFO [4001/4500] 792bbb6f-6c34-410a-b78d-d70070dc3379: cophenetic index 23358; 1.2 s; peak memory 825 MiB.
2026-10-06T21:04:23Z INFO [4002/4500] 792be54b-4d27-4f88-af6e-d29dc24d559d: cophenetic index 2654; 2.0 s; peak memory 825 MiB.
2026-10-06T21:04:32Z INFO [4003/4500] 792c2ae5-0919-4013-b712-f0c88c38fcb0: cophenetic index 3236430; 8.6 s; peak memory 825 MiB.
2026-10-06T21:04:34Z INFO [4004/4500] 792c5c58-a882-4370-8940-a98098f5da33: cophenetic index 3004; 1.5 s; peak memory 825 MiB.
2026-10-06T21:04:45Z INFO [4005/4500] 792d38d8-ead4-4700-86d3-c9fc0921d1c4: cophenetic index 169889; 11.8 s; peak memory 825 MiB.
2026-10-06T21:04:46Z INFO [4006/4500] 792d7bfa-a1e2-4301-b40f-235d9cfe5173: cophenetic index 651; 0.9 s; peak memory 825 MiB.
2026-10-06T21:04:48Z INFO [4007/4500] 792dd926-9272-4ca9-ba06-fce7b1a2f3d0: cophenetic index 2625; 1.5 s; peak memory 825 MiB.
2026-10-06T21:04:49Z INFO [4008/4500] 792dee97-2317-41dd-8f32-6e2ba0548753: cophenetic index 624; 1.2 s; peak memory 825 MiB.
2026-10-06T21:04:50Z INFO [4009/4500] 792e17b8-5dc5-4c45-87e8-5a1125eba670: cophenetic index 3215; 1.0 s; peak memory 825 MiB.
2026-10-06T21:04:58Z INFO [4010/4500] 792ef656-7d22-4b2a-9f6e-2d43c816293d: cophenetic index 12100; 8.2 s; peak memory 825 MiB.
2026-10-06T21:05:01Z INFO [4011/4500] 7930b866-6eef-4883-8bef-b0c45987ff92: cophenetic index 33998; 2.6 s; peak memory 825 MiB.
2026-10-06T21:05:02Z INFO [4012/4500] 79311345-c88a-4134-af98-d0cb2f4be5be: cophenetic index 447; 1.0 s; peak memory 825 MiB.
2026-10-06T21:05:03Z INFO [4013/4500] 7931954b-dede-46d9-8dfb-3595a912b01d: cophenetic index 649; 1.2 s; peak memory 825 MiB.
2026-10-06T21:05:04Z INFO [4014/4500] 7931e87a-808e-47fa-aad8-eaaebf92c9ae: cophenetic index 2625; 1.3 s; peak memory 825 MiB.
2026-10-06T21:05:06Z INFO [4015/4500] 79326ae9-5e21-498f-9c14-6bf3accf97aa: cophenetic index 99114; 2.0 s; peak memory 825 MiB.
2026-10-06T21:05:08Z INFO [4016/4500] 7932a343-dee9-4008-b1ed-fb403de25792: cophenetic index 3004; 1.6 s; peak memory 825 MiB.
2026-10-06T21:05:10Z INFO [4017/4500] 79332a89-21f1-4b0b-88b1-b95cd7255725: cophenetic index 573; 1.9 s; peak memory 825 MiB.
2026-10-06T21:05:16Z INFO [4018/4500] 7933cade-40d6-4997-8066-e30594eeaa43: cophenetic index 40375; 6.2 s; peak memory 825 MiB.
2026-10-06T21:05:17Z INFO [4019/4500] 79342fa1-c623-42b1-8d76-1f45f8fa3858: cophenetic index 624; 1.2 s; peak memory 825 MiB.
2026-10-06T21:05:19Z INFO [4020/4500] 7934f2be-3e36-456f-8f33-66760bfffa0d: cophenetic index 2625; 1.7 s; peak memory 825 MiB.
2026-10-06T21:05:20Z INFO [4021/4500] 79351a88-068a-4559-be43-fe79ea8fd3fe: cophenetic index 23866; 1.2 s; peak memory 825 MiB.
2026-10-06T21:05:21Z INFO [4022/4500] 79353947-7925-436d-b59c-8e8f6b07a1c2: cophenetic index 3004; 1.3 s; peak memory 825 MiB.
2026-10-06T21:05:22Z INFO [4023/4500] 79355978-adfe-4880-9d0f-b8bba8098b4f: cophenetic index 624; 1.1 s; peak memory 825 MiB.
2026-10-06T21:05:24Z INFO [4024/4500] 7935bb10-cdbb-4d9c-94b8-97be338f3133: cophenetic index 2625; 1.7 s; peak memory 825 MiB.
2026-10-06T21:05:25Z INFO [4025/4500] 79361307-1bb9-4488-98d2-d3275bb7cf28: cophenetic index 413; 1.1 s; peak memory 825 MiB.
2026-10-06T21:05:37Z INFO [4026/4500] 793613b3-1f46-405a-be2e-276211c4e32d: cophenetic index 47115; 11.8 s; peak memory 825 MiB.
2026-10-06T21:05:38Z INFO [4027/4500] 7936c4ae-d9ee-4efd-94bf-650debee518c: cophenetic index 624; 1.2 s; peak memory 825 MiB.
2026-10-06T21:05:41Z INFO [4028/4500] 7938ea25-ddd3-438b-b3c3-23f76a629e7e: cophenetic index 2609; 2.4 s; peak memory 825 MiB.
2026-10-06T21:05:42Z INFO [4029/4500] 79396c17-daca-45eb-8d17-a54890272fd5: cophenetic index 624; 1.3 s; peak memory 825 MiB.
2026-10-06T21:05:43Z INFO [4030/4500] 79398966-2fd5-4124-9748-edc8cbcf858c: cophenetic index 624; 1.1 s; peak memory 825 MiB.
2026-10-06T21:05:46Z INFO [4031/4500] 7939a4fe-79ca-49a1-bc86-71b8e9c78a29: cophenetic index 2402; 3.0 s; peak memory 825 MiB.
2026-10-06T21:05:49Z INFO [4032/4500] 7939cb76-6044-4794-a959-94448e24ff62: cophenetic index 4015; 3.2 s; peak memory 825 MiB.
2026-10-06T21:05:51Z INFO [4033/4500] 793a7faa-b24c-4a44-9363-f73d47539582: cophenetic index 590; 1.4 s; peak memory 825 MiB.
2026-10-06T21:05:52Z INFO [4034/4500] 793dc145-a592-483a-a283-d83f79b38eac: cophenetic index 2570; 1.6 s; peak memory 825 MiB.
2026-10-06T21:05:54Z INFO [4035/4500] 793f3ff2-97c3-4d39-8782-97b1546f1f0a: cophenetic index 624; 1.2 s; peak memory 825 MiB.
2026-10-06T21:06:04Z INFO [4036/4500] 793fae5e-fc78-40ff-a53c-1feb0129ab70: cophenetic index 153576; 10.3 s; peak memory 825 MiB.
2026-10-06T21:06:06Z INFO [4037/4500] 79403382-6bd6-4a81-aeff-55b89d6adec0: cophenetic index 791; 1.9 s; peak memory 825 MiB.
2026-10-06T21:06:15Z INFO [4038/4500] 79414d86-2877-47ab-b852-4c71711a1262: cophenetic index 14788; 9.6 s; peak memory 825 MiB.
2026-10-06T21:06:17Z INFO [4039/4500] 79419443-6a92-4591-a6d5-5230a2290203: cophenetic index 777; 2.1 s; peak memory 825 MiB.
2026-10-06T21:06:19Z INFO [4040/4500] 794196ea-5533-48f2-afc4-1f5e0215e224: cophenetic index 624; 1.3 s; peak memory 825 MiB.
2026-10-06T21:06:20Z INFO [4041/4500] 794219ba-0091-414b-806f-c1ce0549e7b0: cophenetic index 624; 1.2 s; peak memory 825 MiB.
2026-10-06T21:06:37Z INFO [4042/4500] 79422a71-6b11-43b3-9113-9eef316b545a: cophenetic index 30155; 17.1 s; peak memory 825 MiB.
2026-10-06T21:06:38Z INFO [4043/4500] 79427826-8bb0-46e4-8bbf-e6af6855c5af: cophenetic index 490; 0.8 s; peak memory 825 MiB.
2026-10-06T21:06:39Z INFO [4044/4500] 7942a206-7fbe-4b9d-8988-7af7e15112a9: cophenetic index 624; 1.3 s; peak memory 825 MiB.
2026-10-06T21:06:43Z INFO [4045/4500] 79433cfe-1e62-437d-8122-24e5e3cc8e5f: cophenetic index 13983; 3.8 s; peak memory 825 MiB.
2026-10-06T21:06:44Z INFO [4046/4500] 7943aba1-6dbf-4bd2-ac20-0cb67ca96a9d: cophenetic index 624; 1.3 s; peak memory 825 MiB.
2026-10-06T21:06:45Z INFO [4047/4500] 7943dcee-ff0d-4789-979f-74c37587dffd: cophenetic index 624; 1.1 s; peak memory 825 MiB.
2026-10-06T21:06:47Z INFO [4048/4500] 79459e1b-9090-4c12-875a-8a562f7e5af5: cophenetic index 515; 2.0 s; peak memory 825 MiB.
2026-10-06T21:06:48Z INFO [4049/4500] 7945c325-174c-4583-8286-a1079cad3048: cophenetic index 624; 1.2 s; peak memory 825 MiB.
2026-10-06T21:06:50Z INFO [4050/4500] 79466f8b-f942-4446-b906-bc3b75ed0691: cophenetic index 3087; 1.5 s; peak memory 825 MiB.
2026-10-06T21:06:50Z INFO [4050/4500] 79466f8b-f942-4446-b906-bc3b75ed0691: checkpointed 105145 records.
2026-10-06T21:06:52Z INFO [4051/4500] 79472ccf-b368-4f58-aab9-c00fc6df8716: cophenetic index 33998; 1.8 s; peak memory 825 MiB.
2026-10-06T21:06:53Z INFO [4052/4500] 794787d9-e7f8-45fc-a64a-1e1093b8b2b5: cophenetic index 624; 1.2 s; peak memory 825 MiB.
2026-10-06T21:06:54Z INFO [4053/4500] 79482a33-5149-4d80-a2ca-981eb9e1d47f: cophenetic index 490; 0.8 s; peak memory 825 MiB.
2026-10-06T21:06:59Z INFO [4054/4500] 79482e44-b489-4519-87b9-824cc0087392: cophenetic index 11912; 4.9 s; peak memory 825 MiB.
2026-10-06T21:07:01Z INFO [4055/4500] 79488296-f51e-4e02-b66b-3cf6647240cc: cophenetic index 1380; 1.8 s; peak memory 825 MiB.
2026-10-06T21:07:03Z INFO [4056/4500] 7948aa09-9515-463b-9247-571613338277: cophenetic index 33998; 2.0 s; peak memory 825 MiB.
2026-10-06T21:07:05Z INFO [4057/4500] 79493b09-bfbe-439b-933a-9709f0e80a1d: cophenetic index 1929; 2.4 s; peak memory 825 MiB.
2026-10-06T21:07:20Z INFO [4058/4500] 7949b2c1-7653-4d81-b9e2-62aea72e359b: cophenetic index 588798; 14.8 s; peak memory 825 MiB.
2026-10-06T21:07:31Z INFO [4059/4500] 7949e1b5-88e1-480c-a4cf-61c196ba52d9: cophenetic index 195173008; 11.2 s; peak memory 825 MiB.
2026-10-06T21:07:32Z INFO [4060/4500] 794b140a-30d7-4f3e-a420-47cb8d95b611: cophenetic index 3004; 1.4 s; peak memory 825 MiB.
2026-10-06T21:07:33Z INFO [4061/4500] 794b45c5-f045-40c2-9a5b-378b83157223: cophenetic index 651; 0.9 s; peak memory 825 MiB.
2026-10-06T21:07:39Z INFO [4062/4500] 794bac2a-44b0-4361-8712-29bc3c1ccc01: cophenetic index 4797; 5.3 s; peak memory 825 MiB.
2026-10-06T21:07:54Z INFO [4063/4500] 794be32e-2c7d-4476-a61f-0ea8d7dced75: cophenetic index 271226; 15.2 s; peak memory 825 MiB.
2026-10-06T21:07:55Z INFO [4064/4500] 794c1eff-5654-4a86-8dac-44d17f25f2f6: cophenetic index 3004; 1.3 s; peak memory 825 MiB.
2026-10-06T21:07:58Z INFO [4065/4500] 794ca0d8-4c09-4c69-910a-68b274bb4f60: cophenetic index 777; 2.3 s; peak memory 825 MiB.
2026-10-06T21:07:59Z INFO [4066/4500] 794d5118-1178-4265-9096-4b9da3cd1bd5: cophenetic index 710; 1.9 s; peak memory 825 MiB.
2026-10-06T21:08:01Z INFO [4067/4500] 794d75fe-d4ef-44ff-b085-d2879ce9c077: cophenetic index 3004; 1.4 s; peak memory 825 MiB.
2026-10-06T21:08:02Z INFO [4068/4500] 794dbdce-5950-4d88-b5bc-2168feb7394e: cophenetic index 624; 1.3 s; peak memory 825 MiB.
2026-10-06T21:08:04Z INFO [4069/4500] 794dd2bc-a492-43c1-9072-7f1a99c0e56b: cophenetic index 3004; 1.4 s; peak memory 825 MiB.
2026-10-06T21:08:19Z INFO [4070/4500] 794e2424-10d2-495d-9777-ab12f4a59aa5: cophenetic index 1124479; 15.8 s; peak memory 825 MiB.
2026-10-06T21:08:26Z INFO [4071/4500] 794e59d9-c9a3-4c4d-8ac5-ea163952efbd: cophenetic index 14389; 7.1 s; peak memory 825 MiB.
2026-10-06T21:09:18Z INFO [4072/4500] 794e8b39-e2f1-438c-a4de-7645df88add8: cophenetic index 72575492; 51.3 s; peak memory 825 MiB.
2026-10-06T21:09:19Z INFO [4073/4500] 79503192-0285-48d8-9b4a-5d30d8750a3f: cophenetic index 624; 1.2 s; peak memory 825 MiB.
2026-10-06T21:09:20Z INFO [4074/4500] 7951af02-ae30-4cfa-b887-8649aef74616: cophenetic index 605; 1.5 s; peak memory 825 MiB.
2026-10-06T21:09:21Z INFO [4075/4500] 7951d4f8-f691-4ec4-8f82-cebcd9d404d9: cophenetic index 624; 1.1 s; peak memory 825 MiB.
2026-10-06T21:09:22Z INFO [4076/4500] 7952dbcb-6318-41e5-a96d-1f9d33ef8fe4: cophenetic index 490; 0.8 s; peak memory 825 MiB.
2026-10-06T21:09:24Z INFO [4077/4500] 79559015-2c1c-4149-8449-faea4c3ca25d: cophenetic index 2974; 1.6 s; peak memory 825 MiB.
2026-10-06T21:09:26Z INFO [4078/4500] 7955a0ab-0840-497f-b7e1-cae138411d0f: cophenetic index 2625; 1.9 s; peak memory 825 MiB.
2026-10-06T21:09:27Z INFO [4079/4500] 795604a6-888d-4848-b5d5-a7c955f6553f: cophenetic index 624; 1.1 s; peak memory 825 MiB.
2026-10-06T21:09:30Z INFO [4080/4500] 79567528-06c5-492a-9e1c-1c4da386e60e: cophenetic index 6636; 2.9 s; peak memory 825 MiB.
2026-10-06T21:09:33Z INFO [4081/4500] 7956768d-b05e-4939-a820-fca7cb79b402: cophenetic index 2236; 3.5 s; peak memory 825 MiB.
2026-10-06T21:09:35Z INFO [4082/4500] 795704fc-e939-4a59-9da6-4df3ff15c88c: cophenetic index 833; 1.7 s; peak memory 825 MiB.
2026-10-06T21:09:36Z INFO [4083/4500] 795730b6-49d9-4289-bb7b-eadecbe65ffe: cophenetic index 431; 0.9 s; peak memory 825 MiB.
2026-10-06T21:09:37Z INFO [4084/4500] 7957411e-692a-4c66-850e-ef66144d0316: cophenetic index 723; 0.8 s; peak memory 825 MiB.
2026-10-06T21:09:48Z INFO [4085/4500] 7957a610-280f-4de8-b875-9f91b08953eb: cophenetic index 346357; 11.4 s; peak memory 825 MiB.
2026-10-06T21:09:51Z INFO [4086/4500] 7957b63f-e0da-4bc3-9bd1-386eacc8be09: cophenetic index 5473; 3.3 s; peak memory 825 MiB.
2026-10-06T21:09:59Z INFO [4087/4500] 7958d417-e7eb-4446-96b1-4c718fecdd20: cophenetic index 87573; 7.3 s; peak memory 825 MiB.
2026-10-06T21:10:22Z INFO [4088/4500] 7958d5d5-cae9-4f52-a3d7-8d006059c426: cophenetic index 21363242; 23.2 s; peak memory 825 MiB.
2026-10-06T21:10:23Z INFO [4089/4500] 795900ca-2224-4b44-a282-a4c9bf778888: cophenetic index 3004; 1.5 s; peak memory 825 MiB.
2026-10-06T21:10:25Z INFO [4090/4500] 7959133b-98ac-419d-b014-a792a9a83960: cophenetic index 2974; 1.3 s; peak memory 825 MiB.
2026-10-06T21:10:26Z INFO [4091/4500] 79593e69-8d57-4bc4-a890-ee32748d508c: cophenetic index 6435; 1.5 s; peak memory 825 MiB.
2026-10-06T21:10:28Z INFO [4092/4500] 795a7468-dbaf-490b-b8e2-be9f5e4faa32: cophenetic index 624; 1.3 s; peak memory 825 MiB.
2026-10-06T21:10:29Z INFO [4093/4500] 795ab141-9fd5-4474-b25f-097dfc706d6e: cophenetic index 1002; 1.4 s; peak memory 825 MiB.
2026-10-06T21:10:30Z INFO [4094/4500] 795b0860-ec24-4a66-8e7d-942b3a655a37: cophenetic index 23272; 1.2 s; peak memory 825 MiB.
2026-10-06T21:10:32Z INFO [4095/4500] 795c2714-0d7d-4f19-8941-ec13b2336832: cophenetic index 33962; 1.6 s; peak memory 825 MiB.
2026-10-06T21:10:43Z INFO [4096/4500] 795c2bfc-62fc-4831-bcd5-f472816e5733: cophenetic index 46939; 10.8 s; peak memory 825 MiB.
2026-10-06T21:10:44Z INFO [4097/4500] 795d9470-cce7-4afc-9174-0656fd936402: cophenetic index 3004; 1.3 s; peak memory 825 MiB.
2026-10-06T21:10:46Z INFO [4098/4500] 795e8c9b-82ef-4efc-9633-26a9783d8165: cophenetic index 554; 1.7 s; peak memory 825 MiB.
2026-10-06T21:10:47Z INFO [4099/4500] 795eac9c-fee4-45f1-9de5-d77da0d77556: cophenetic index 2570; 1.6 s; peak memory 825 MiB.
2026-10-06T21:10:58Z INFO [4100/4500] 795f5862-9570-401c-9436-034020fa71fb: cophenetic index 77706; 10.4 s; peak memory 825 MiB.
2026-10-06T21:10:58Z INFO [4100/4500] 795f5862-9570-401c-9436-034020fa71fb: checkpointed 105195 records.
2026-10-06T21:10:59Z INFO [4101/4500] 795fdcc7-f96b-4bae-81e4-99feb82d1f15: cophenetic index 739; 0.9 s; peak memory 825 MiB.
2026-10-06T21:10:59Z INFO [4102/4500] 796032e7-18e1-4b5b-8b22-3cf2ba16f5b6: cophenetic index 490; 0.7 s; peak memory 825 MiB.
2026-10-06T21:11:08Z INFO [4103/4500] 79606c80-01b8-4992-a892-345300aefb5f: cophenetic index 105424; 8.5 s; peak memory 825 MiB.
2026-10-06T21:11:09Z INFO [4104/4500] 79607144-9f82-4424-9669-cf084f9c862c: cophenetic index 579; 0.9 s; peak memory 825 MiB.
2026-10-06T21:11:12Z INFO [4105/4500] 7960719e-c132-4cc8-bd39-8ad5ceb4a10b: cophenetic index 99150; 3.1 s; peak memory 825 MiB.
2026-10-06T21:11:13Z INFO [4106/4500] 79622b3e-b562-45cc-b1c2-6c1e933528a5: cophenetic index 791; 1.6 s; peak memory 825 MiB.
2026-10-06T21:11:15Z INFO [4107/4500] 79638bde-c927-457b-8c6f-0b51cc4939cd: cophenetic index 3004; 1.4 s; peak memory 825 MiB.
2026-10-06T21:11:16Z INFO [4108/4500] 7963d006-283a-4dfd-b19b-704a33b0c42c: cophenetic index 554; 1.3 s; peak memory 825 MiB.
2026-10-06T21:11:18Z INFO [4109/4500] 79651f37-c970-42a5-b114-ed068b9fe1c8: cophenetic index 33986; 1.6 s; peak memory 825 MiB.
2026-10-06T21:11:19Z INFO [4110/4500] 79671e2c-45f5-4792-9234-76d4a93a4131: cophenetic index 1006; 1.5 s; peak memory 825 MiB.
2026-10-06T21:11:20Z INFO [4111/4500] 7967a8ce-a962-428c-b1d7-7b79098acf62: cophenetic index 624; 1.3 s; peak memory 825 MiB.
2026-10-06T21:11:22Z INFO [4112/4500] 7968728e-0736-471c-9f19-9da95bb4d219: cophenetic index 624; 1.2 s; peak memory 825 MiB.
2026-10-06T21:11:24Z INFO [4113/4500] 7968b7ed-9685-46f5-a440-f74bc69c57de: cophenetic index 2402; 2.7 s; peak memory 825 MiB.
2026-10-06T21:11:26Z INFO [4114/4500] 7969343f-47b7-4f39-a755-fc0197419cb3: cophenetic index 1570; 2.1 s; peak memory 825 MiB.
2026-10-06T21:11:29Z INFO [4115/4500] 7969bf9b-2c3e-420d-944b-86827673409a: cophenetic index 2391; 3.1 s; peak memory 825 MiB.
2026-10-06T21:11:31Z INFO [4116/4500] 7969f0b1-e607-4cce-9b06-e5c7eb3edb76: cophenetic index 624; 1.3 s; peak memory 825 MiB.
2026-10-06T21:11:34Z INFO [4117/4500] 796a6d48-d27a-4c0e-97e1-79af4d623910: cophenetic index 2402; 3.0 s; peak memory 825 MiB.
2026-10-06T21:11:35Z INFO [4118/4500] 796b6ba0-e1c5-4249-a381-a0ac5e7daa68: cophenetic index 624; 1.0 s; peak memory 825 MiB.
2026-10-06T21:11:36Z INFO [4119/4500] 796c006b-d3ad-4c76-8afe-9dcbf064002f: cophenetic index 34170; 1.5 s; peak memory 825 MiB.
2026-10-06T21:11:49Z INFO [4120/4500] 796ca092-1117-4dad-a4a7-b4848e19c1b0: cophenetic index 396394; 12.2 s; peak memory 825 MiB.
2026-10-06T21:11:49Z INFO [4121/4500] 796cb71d-0284-4637-b19b-7f77265128c2: cophenetic index 413; 0.9 s; peak memory 825 MiB.
2026-10-06T21:11:51Z INFO [4122/4500] 796d25ef-8c24-4274-8dfa-00082b75708d: cophenetic index 2625; 1.5 s; peak memory 825 MiB.
2026-10-06T21:11:52Z INFO [4123/4500] 796d7dd0-9857-44d0-b823-16157cd34897: cophenetic index 624; 1.1 s; peak memory 825 MiB.
2026-10-06T21:11:53Z INFO [4124/4500] 796e1c4d-95a5-437e-8e87-54469a8e1578: cophenetic index 3004; 1.3 s; peak memory 825 MiB.
2026-10-06T21:11:55Z INFO [4125/4500] 79707503-2360-4ff4-bccc-002beb84743b: cophenetic index 2105; 2.1 s; peak memory 825 MiB.
2026-10-06T21:12:03Z INFO [4126/4500] 7970753d-bfe2-4e11-b2fd-6d9f0c854a5e: cophenetic index 33132; 7.6 s; peak memory 825 MiB.
2026-10-06T21:12:04Z INFO [4127/4500] 7970b7bb-85f7-4af1-a0d0-722a65e8305e: cophenetic index 1949; 1.0 s; peak memory 825 MiB.
2026-10-06T21:12:05Z INFO [4128/4500] 79712416-bb90-4c3f-aa6e-2f293b2ac1d3: cophenetic index 2625; 1.5 s; peak memory 825 MiB.
2026-10-06T21:12:13Z INFO [4129/4500] 7971e99a-9e66-4734-a82b-9ce53ef4af70: cophenetic index 76174; 7.9 s; peak memory 825 MiB.
2026-10-06T21:12:15Z INFO [4130/4500] 79727c37-4378-4510-8b0c-22af61535164: cophenetic index 33998; 1.7 s; peak memory 825 MiB.
2026-10-06T21:12:16Z INFO [4131/4500] 7974387c-a221-4ada-b68d-65b23bd65417: cophenetic index 624; 1.3 s; peak memory 825 MiB.
2026-10-06T21:12:18Z INFO [4132/4500] 79752a37-c4df-4886-8d73-72e4f221d0a0: cophenetic index 624; 1.2 s; peak memory 825 MiB.
2026-10-06T21:12:19Z INFO [4133/4500] 79759583-d05c-4828-80de-c2a85f565ccb: cophenetic index 2625; 1.6 s; peak memory 825 MiB.
2026-10-06T21:12:21Z INFO [4134/4500] 79764245-7575-4106-aeea-8bd12ca775a9: cophenetic index 2625; 1.6 s; peak memory 825 MiB.
2026-10-06T21:12:23Z INFO [4135/4500] 79769038-ff3d-4667-97e4-d76d9584ac6b: cophenetic index 33968; 1.9 s; peak memory 825 MiB.
2026-10-06T21:12:24Z INFO [4136/4500] 797695b4-bd79-4324-b89d-ee7fce6206d3: cophenetic index 5317; 1.4 s; peak memory 825 MiB.
2026-10-06T21:12:26Z INFO [4137/4500] 79777de3-20a6-44f2-92ad-199c0fc3ddc1: cophenetic index 23379; 1.6 s; peak memory 825 MiB.
2026-10-06T21:13:27Z INFO [4138/4500] 7977e447-413c-4df1-882d-0bcd08084309: cophenetic index 56026652; 61.1 s; peak memory 825 MiB.
2026-10-06T21:13:28Z INFO [4139/4500] 797861ad-8f6c-4c29-a2cc-d93e28f03416: cophenetic index 3004; 1.3 s; peak memory 825 MiB.
2026-10-06T21:13:29Z INFO [4140/4500] 79795baf-773c-429b-96dc-cfa3e62e31aa: cophenetic index 624; 1.2 s; peak memory 825 MiB.
2026-10-06T21:13:42Z INFO [4141/4500] 797bcfb8-04ef-4a8b-aa48-aa8f411b466c: cophenetic index 393788; 12.5 s; peak memory 825 MiB.
2026-10-06T21:13:43Z INFO [4142/4500] 797c041f-1799-4033-aaf3-db70266e0b5a: cophenetic index 791; 1.5 s; peak memory 825 MiB.
2026-10-06T21:13:45Z INFO [4143/4500] 797e5730-4c53-4804-9254-b2243ab0b17a: cophenetic index 3077; 1.3 s; peak memory 825 MiB.
2026-10-06T21:13:46Z INFO [4144/4500] 797e6bcc-2d93-43d6-8e64-ce6610dfd6da: cophenetic index 729; 1.0 s; peak memory 825 MiB.
2026-10-06T21:13:49Z INFO [4145/4500] 797e6e77-0e27-4f25-9d70-9ac2c04e9033: cophenetic index 6895; 3.5 s; peak memory 825 MiB.
2026-10-06T21:13:52Z INFO [4146/4500] 797e797c-cd1d-4a79-ad5e-1b5a7253e61f: cophenetic index 940; 2.6 s; peak memory 825 MiB.
2026-10-06T21:13:53Z INFO [4147/4500] 797fb2c5-8826-49e9-848b-7fe6a084e698: cophenetic index 624; 1.2 s; peak memory 825 MiB.
2026-10-06T21:13:56Z INFO [4148/4500] 79806cad-f352-4b03-82a6-24920e3d8985: cophenetic index 3437; 2.9 s; peak memory 825 MiB.
2026-10-06T21:13:59Z INFO [4149/4500] 7981441c-112e-4906-822b-bcbc03644bdd: cophenetic index 6895; 3.5 s; peak memory 825 MiB.
2026-10-06T21:14:00Z INFO [4150/4500] 7981c263-ea7f-45fc-b156-b2cf93f252ba: cophenetic index 624; 1.2 s; peak memory 825 MiB.
2026-10-06T21:14:01Z INFO [4150/4500] 7981c263-ea7f-45fc-b156-b2cf93f252ba: checkpointed 105245 records.
2026-10-06T21:14:02Z INFO [4151/4500] 7982c88b-9597-4c36-be26-4e88591c9440: cophenetic index 624; 1.1 s; peak memory 825 MiB.
2026-10-06T21:14:03Z INFO [4152/4500] 79834084-ada4-45a8-9f67-39c516bfcf48: cophenetic index 624; 1.1 s; peak memory 825 MiB.
2026-10-06T21:14:04Z INFO [4153/4500] 79834c9a-7f3e-4354-9853-f3809580e62e: cophenetic index 593; 1.4 s; peak memory 825 MiB.
2026-10-06T21:14:06Z INFO [4154/4500] 7983ac41-7156-4bc1-8d4c-a52d2a9fe144: cophenetic index 2724; 1.3 s; peak memory 825 MiB.
2026-10-06T21:14:07Z INFO [4155/4500] 79869f16-b0da-4b5e-8298-81e62c5b688a: cophenetic index 3004; 1.2 s; peak memory 825 MiB.
2026-10-06T21:14:09Z INFO [4156/4500] 7987185b-de0a-4e67-bad6-7ff661346e82: cophenetic index 718; 1.6 s; peak memory 825 MiB.
2026-10-06T21:14:20Z INFO [4157/4500] 79875a50-d837-4132-9c46-9b888bb85e50: cophenetic index 26255873; 12.0 s; peak memory 825 MiB.
2026-10-06T21:14:24Z INFO [4158/4500] 79876e31-076e-4147-af78-46a001044810: cophenetic index 2682; 3.2 s; peak memory 825 MiB.
2026-10-06T21:14:34Z INFO [4159/4500] 79877741-40d2-48b4-912a-98b794b36d60: cophenetic index 303658; 10.3 s; peak memory 825 MiB.
2026-10-06T21:14:35Z INFO [4160/4500] 7987a415-adbc-4a88-b0fe-59307e660b06: cophenetic index 624; 1.1 s; peak memory 825 MiB.
2026-10-06T21:14:37Z INFO [4161/4500] 7988010a-1b55-40bd-9ab9-bcd6c4d8f1ee: cophenetic index 33962; 1.7 s; peak memory 825 MiB.
2026-10-06T21:14:38Z INFO [4162/4500] 79880243-3fab-42a4-9e0a-d0323a59dece: cophenetic index 3004; 1.3 s; peak memory 825 MiB.
2026-10-06T21:14:39Z INFO [4163/4500] 7989007f-3d85-4ed2-b225-9f860f2d5374: cophenetic index 2625; 1.3 s; peak memory 825 MiB.
2026-10-06T21:14:41Z INFO [4164/4500] 7989acef-34a9-42de-bb81-334df58747a5: cophenetic index 3215; 1.2 s; peak memory 825 MiB.
2026-10-06T21:14:42Z INFO [4165/4500] 798a3361-b164-47e3-9b22-bdf1dd279053: cophenetic index 3215; 1.2 s; peak memory 825 MiB.
2026-10-06T21:14:45Z INFO [4166/4500] 798a4261-b5a3-4f50-808d-172a4584dcc6: cophenetic index 5473; 3.5 s; peak memory 825 MiB.
2026-10-06T21:14:48Z INFO [4167/4500] 798a72ce-8c61-4281-ba7b-621c1ce20633: cophenetic index 325333; 2.4 s; peak memory 825 MiB.
2026-10-06T21:14:57Z INFO [4168/4500] 798be95c-bfd8-4f58-a86f-665b1f51ceed: cophenetic index 110814; 9.5 s; peak memory 825 MiB.
2026-10-06T21:14:58Z INFO [4169/4500] 798c51b9-67d0-436e-81cf-c5cccf4d7e78: cophenetic index 3087; 1.3 s; peak memory 825 MiB.
2026-10-06T21:15:04Z INFO [4170/4500] 798d6377-133f-4555-9aa7-faa4c11a35f2: cophenetic index 9548; 6.1 s; peak memory 825 MiB.
2026-10-06T21:15:06Z INFO [4171/4500] 798dec9d-90a3-4e83-bae9-e045156023ca: cophenetic index 624; 1.2 s; peak memory 825 MiB.
2026-10-06T21:15:07Z INFO [4172/4500] 798deecb-0895-447d-854a-b0218779154f: cophenetic index 2776; 1.2 s; peak memory 825 MiB.
2026-10-06T21:15:09Z INFO [4173/4500] 798e24e1-d0eb-404a-9777-83241dfa6a0d: cophenetic index 2625; 1.8 s; peak memory 825 MiB.
2026-10-06T21:15:16Z INFO [4174/4500] 798fc60a-f42d-499e-8022-ceee41ca9bae: cophenetic index 6591; 7.3 s; peak memory 825 MiB.
2026-10-06T21:15:17Z INFO [4175/4500] 798fdd91-0a21-4860-9b30-b141b6c7baba: cophenetic index 2920; 1.4 s; peak memory 825 MiB.
2026-10-06T21:15:19Z INFO [4176/4500] 79909816-28f4-4858-94a3-ae98eaf0d201: cophenetic index 99120; 1.8 s; peak memory 825 MiB.
2026-10-06T21:15:21Z INFO [4177/4500] 7990d9c1-01ab-4ccb-b2c1-8d28ccb8b790: cophenetic index 554; 1.7 s; peak memory 825 MiB.
2026-10-06T21:15:22Z INFO [4178/4500] 79923a94-fa6c-4788-bdb6-d5e4a8743e5c: cophenetic index 431; 1.3 s; peak memory 825 MiB.
2026-10-06T21:15:23Z INFO [4179/4500] 7992c2e1-eaa9-4f92-9ae1-d328ee0b32f5: cophenetic index 624; 1.2 s; peak memory 825 MiB.
2026-10-06T21:15:26Z INFO [4180/4500] 799317a5-9eb6-48e0-a81c-aab3465de520: cophenetic index 2682; 2.7 s; peak memory 825 MiB.
2026-10-06T21:15:27Z INFO [4181/4500] 799369dc-062c-4762-9991-15074f74c304: cophenetic index 466; 1.4 s; peak memory 825 MiB.
2026-10-06T21:15:29Z INFO [4182/4500] 7993dea0-8169-4369-aff4-bc562dba1875: cophenetic index 850; 1.9 s; peak memory 825 MiB.
2026-10-06T21:15:30Z INFO [4183/4500] 79944ec3-1163-4d93-ac36-6e79c4b0c741: cophenetic index 490; 1.0 s; peak memory 825 MiB.
2026-10-06T21:15:32Z INFO [4184/4500] 79956177-4afb-445b-baae-f507db748ba2: cophenetic index 3004; 1.5 s; peak memory 825 MiB.
2026-10-06T21:15:33Z INFO [4185/4500] 79959d85-1243-48f3-84a1-76c6137d795f: cophenetic index 624; 1.1 s; peak memory 825 MiB.
2026-10-06T21:15:39Z INFO [4186/4500] 7995f547-6b7a-46e6-8c7e-2091a246bb88: cophenetic index 41438; 6.4 s; peak memory 825 MiB.
2026-10-06T21:15:47Z INFO [4187/4500] 7996682c-0405-4a97-95ea-cfb57dac9453: cophenetic index 256747; 7.9 s; peak memory 825 MiB.
2026-10-06T21:15:49Z INFO [4188/4500] 79969ac6-8dc3-49c3-8ade-7b28ede3cb06: cophenetic index 3087; 1.2 s; peak memory 825 MiB.
2026-10-06T21:16:10Z INFO [4189/4500] 7996c2ff-0ad2-46ce-814f-00fab7c49863: cophenetic index 1259458; 20.9 s; peak memory 825 MiB.
2026-10-06T21:16:11Z INFO [4190/4500] 7996c975-0669-4d3f-8209-a8ab1517447a: cophenetic index 2625; 1.8 s; peak memory 825 MiB.
2026-10-06T21:16:14Z INFO [4191/4500] 7996e792-43e5-460c-a0fb-4fdd8a02bd61: cophenetic index 809; 2.5 s; peak memory 825 MiB.
2026-10-06T21:16:20Z INFO [4192/4500] 79976c89-020c-492e-bc27-05c04514975f: cophenetic index 17441; 5.8 s; peak memory 825 MiB.
2026-10-06T21:16:21Z INFO [4193/4500] 7997bff9-baa5-44c4-9a5f-74c74503ecaf: cophenetic index 1087; 1.4 s; peak memory 825 MiB.
2026-10-06T21:16:23Z INFO [4194/4500] 7997fb76-b83d-497f-b254-09fef990c9a2: cophenetic index 33986; 1.9 s; peak memory 825 MiB.
2026-10-06T21:16:24Z INFO [4195/4500] 7998edb9-9920-4569-bb6e-2074791dc736: cophenetic index 569; 1.4 s; peak memory 825 MiB.
2026-10-06T21:16:36Z INFO [4196/4500] 799a35e5-bc97-45db-8591-096686feec76: cophenetic index 343249; 12.1 s; peak memory 825 MiB.
2026-10-06T21:16:39Z INFO [4197/4500] 799b2ddc-d3c0-420e-9a56-ceba3db4761b: cophenetic index 2625; 2.6 s; peak memory 825 MiB.
2026-10-06T21:16:40Z INFO [4198/4500] 799ba0d8-1990-4460-b8a0-908bba3d8d32: cophenetic index 494; 1.0 s; peak memory 825 MiB.
2026-10-06T21:16:43Z INFO [4199/4500] 799be733-c7eb-46dd-844c-1a20accabd06: cophenetic index 34658; 3.2 s; peak memory 825 MiB.
2026-10-06T21:16:44Z INFO [4200/4500] 799da0dc-6699-42a1-8766-1a65de006235: cophenetic index 2724; 1.3 s; peak memory 825 MiB.
2026-10-06T21:16:45Z INFO [4200/4500] 799da0dc-6699-42a1-8766-1a65de006235: checkpointed 105295 records.
2026-10-06T21:16:47Z INFO [4201/4500] 799dddaa-c6c6-4106-a73f-2016aad9753f: cophenetic index 2625; 2.0 s; peak memory 825 MiB.
2026-10-06T21:16:48Z INFO [4202/4500] 799e2284-12fb-4d17-a460-9e87471a3abb: cophenetic index 431; 1.3 s; peak memory 825 MiB.
2026-10-06T21:16:50Z INFO [4203/4500] 799e246d-1132-4e35-be37-e27ce40c01a7: cophenetic index 99484; 1.9 s; peak memory 825 MiB.
2026-10-06T21:16:52Z INFO [4204/4500] 79a0711e-6857-4b77-9d57-94e52ba35827: cophenetic index 33998; 2.4 s; peak memory 825 MiB.
2026-10-06T21:16:54Z INFO [4205/4500] 79a1691d-317d-463c-a772-dc854687588e: cophenetic index 3004; 1.5 s; peak memory 825 MiB.
2026-10-06T21:16:55Z INFO [4206/4500] 79a2f906-1c91-48ce-bf83-0985ecd82b95: cophenetic index 13320; 1.4 s; peak memory 825 MiB.
2026-10-06T21:16:58Z INFO [4207/4500] 79a4a1e9-321d-4db7-b7a2-f213d0443993: cophenetic index 809; 2.4 s; peak memory 825 MiB.
2026-10-06T21:16:59Z INFO [4208/4500] 79a4c99e-b50f-44dd-a414-b8feeb44e5d4: cophenetic index 33998; 1.6 s; peak memory 825 MiB.
2026-10-06T21:17:07Z INFO [4209/4500] 79a4f83f-4e79-4628-922d-f5392ac3d020: cophenetic index 6715; 7.7 s; peak memory 825 MiB.
2026-10-06T21:17:09Z INFO [4210/4500] 79a58d1b-a9c5-48e7-8fc5-8a4364169cfe: cophenetic index 2625; 1.8 s; peak memory 825 MiB.
2026-10-06T21:17:11Z INFO [4211/4500] 79a605fc-0fa2-46fe-b2c2-111525a8cd6e: cophenetic index 2625; 1.7 s; peak memory 825 MiB.
2026-10-06T21:17:12Z INFO [4212/4500] 79a6811c-51a4-4dfa-84f4-73491a26653f: cophenetic index 624; 1.1 s; peak memory 825 MiB.
2026-10-06T21:17:13Z INFO [4213/4500] 79a6edc7-9e70-4986-8fe8-401e2135c3d7: cophenetic index 3087; 1.3 s; peak memory 825 MiB.
2026-10-06T21:17:14Z INFO [4214/4500] 79a7bec7-b01e-4f0e-bed6-f2c46d2846a8: cophenetic index 624; 1.1 s; peak memory 825 MiB.
2026-10-06T21:17:19Z INFO [4215/4500] 79a7e20e-3736-4943-8b45-af4b272c0391: cophenetic index 44447; 4.9 s; peak memory 825 MiB.
2026-10-06T21:17:21Z INFO [4216/4500] 79a861a8-db9e-467b-aa8f-c09c9cb205ec: cophenetic index 33998; 2.4 s; peak memory 825 MiB.
2026-10-06T21:17:29Z INFO [4217/4500] 79ab3e0f-91f0-4016-a6a8-14e933d9999c: cophenetic index 87573; 7.5 s; peak memory 825 MiB.
2026-10-06T21:17:32Z INFO [4218/4500] 79ab94ec-4a0e-4ba9-9c01-cc0f4692d66c: cophenetic index 2469; 3.2 s; peak memory 825 MiB.
2026-10-06T21:17:33Z INFO [4219/4500] 79abe16e-dd79-4027-9450-049fa6cd96f8: cophenetic index 579; 0.9 s; peak memory 825 MiB.
2026-10-06T21:17:34Z INFO [4220/4500] 79ad0519-eac3-4ba0-9ece-560e2b59314b: cophenetic index 624; 1.2 s; peak memory 825 MiB.
2026-10-06T21:17:36Z INFO [4221/4500] 79ad0767-e0a9-4a11-a7e7-7433d8bcebb9: cophenetic index 23206; 1.6 s; peak memory 825 MiB.
2026-10-06T21:17:37Z INFO [4222/4500] 79ad219c-3d0b-4e46-b242-fffebb5ca630: cophenetic index 624; 1.1 s; peak memory 825 MiB.
2026-10-06T21:17:46Z INFO [4223/4500] 79ad4460-5838-4fe8-b66b-47efa07d0a80: cophenetic index 172458; 9.0 s; peak memory 825 MiB.
2026-10-06T21:17:54Z INFO [4224/4500] 79ad77bd-38d8-4d98-8c71-c88b55f471a7: cophenetic index 87573; 7.8 s; peak memory 825 MiB.
2026-10-06T21:17:59Z INFO [4225/4500] 79ad9f71-61da-4e59-a8b3-b447c9949939: cophenetic index 34724; 5.1 s; peak memory 825 MiB.
2026-10-06T21:18:01Z INFO [4226/4500] 79add808-32bc-46a9-ba20-437f82f77dec: cophenetic index 99150; 2.5 s; peak memory 825 MiB.
2026-10-06T21:18:03Z INFO [4227/4500] 79adef40-d2fc-4298-ad8d-97658c98975d: cophenetic index 949; 1.8 s; peak memory 825 MiB.
2026-10-06T21:18:04Z INFO [4228/4500] 79ae05b2-0782-488f-a3d3-8544148c72af: cophenetic index 624; 1.2 s; peak memory 825 MiB.
2026-10-06T21:18:05Z INFO [4229/4500] 79ae29df-44a0-4f92-abd3-b4a6de64debb: cophenetic index 630; 1.2 s; peak memory 825 MiB.
2026-10-06T21:18:10Z INFO [4230/4500] 79ae6841-1440-4826-8615-8e288356be69: cophenetic index 22698; 4.4 s; peak memory 825 MiB.
2026-10-06T21:18:29Z INFO [4231/4500] 79ae7609-2024-4cb4-be4e-a72109141731: cophenetic index 138534; 19.8 s; peak memory 825 MiB.
2026-10-06T21:18:31Z INFO [4232/4500] 79aecfb7-87be-4944-ab65-e32d5d074242: cophenetic index 3087; 1.5 s; peak memory 825 MiB.
2026-10-06T21:18:33Z INFO [4233/4500] 79aef012-0331-4654-b582-41cb63e44db2: cophenetic index 2625; 1.6 s; peak memory 825 MiB.
2026-10-06T21:18:34Z INFO [4234/4500] 79b126bd-e502-4415-85a3-da7d7cebc8bd: cophenetic index 624; 1.1 s; peak memory 825 MiB.
2026-10-06T21:18:45Z INFO [4235/4500] 79b1b6ee-cd45-4ef0-9d4d-0dda2c87e91f: cophenetic index 47144; 11.1 s; peak memory 825 MiB.
2026-10-06T21:18:47Z INFO [4236/4500] 79b2b13e-e692-4cb1-b6ad-dd4016f7adf9: cophenetic index 2625; 1.8 s; peak memory 825 MiB.
2026-10-06T21:18:48Z INFO [4237/4500] 79b30bbf-4017-42da-8f25-ca0501ea2987: cophenetic index 3087; 1.5 s; peak memory 825 MiB.
2026-10-06T21:18:50Z INFO [4238/4500] 79b334dc-f71f-4d2f-8e8d-868707a00413: cophenetic index 2625; 1.6 s; peak memory 825 MiB.
2026-10-06T21:18:51Z INFO [4239/4500] 79b34a7f-dd6d-4e1a-bae0-d3455553a162: cophenetic index 3004; 1.4 s; peak memory 825 MiB.
2026-10-06T21:18:52Z INFO [4240/4500] 79b477af-7213-44dc-9e6a-8ea3eb04c4da: cophenetic index 624; 1.2 s; peak memory 825 MiB.
2026-10-06T21:18:55Z INFO [4241/4500] 79b4dc85-f435-4daf-9028-801ca0bb7e79: cophenetic index 33998; 2.7 s; peak memory 825 MiB.
2026-10-06T21:18:56Z INFO [4242/4500] 79b51efa-400f-4b89-ab07-e1dc4ebffd32: cophenetic index 490; 0.7 s; peak memory 825 MiB.
2026-10-06T21:19:02Z INFO [4243/4500] 79b5caef-60cf-4449-bf98-562a3813daa0: cophenetic index 6800; 6.2 s; peak memory 825 MiB.
2026-10-06T21:19:03Z INFO [4244/4500] 79b5cb5e-6bcb-4997-bf8f-3345e1831b34: cophenetic index 3087; 1.3 s; peak memory 825 MiB.
2026-10-06T21:19:04Z INFO [4245/4500] 79b65a93-5f6e-4799-9685-d68354fc050c: cophenetic index 751; 0.8 s; peak memory 825 MiB.
2026-10-06T21:19:06Z INFO [4246/4500] 79b69083-700f-4d99-9302-ac9091146c2f: cophenetic index 895; 2.3 s; peak memory 825 MiB.
2026-10-06T21:19:19Z INFO [4247/4500] 79b702cc-134c-4b1a-b81e-8f975c8b7eeb: cophenetic index 597563; 12.6 s; peak memory 825 MiB.
2026-10-06T21:19:20Z INFO [4248/4500] 79b72c60-429d-4021-ade0-20cd5fd0d03c: cophenetic index 2625; 1.5 s; peak memory 825 MiB.
2026-10-06T21:19:22Z INFO [4249/4500] 79b72c87-2557-49db-854f-5a18325d3de5: cophenetic index 3004; 1.5 s; peak memory 825 MiB.
2026-10-06T21:19:24Z INFO [4250/4500] 79b792b8-5429-44f2-97bc-728c1d402ce1: cophenetic index 1087; 1.6 s; peak memory 825 MiB.
2026-10-06T21:19:24Z INFO [4250/4500] 79b792b8-5429-44f2-97bc-728c1d402ce1: checkpointed 105345 records.
2026-10-06T21:19:26Z INFO [4251/4500] 79b8cd8e-0aa3-4b10-a83f-6be770b0d270: cophenetic index 2034; 1.8 s; peak memory 825 MiB.
2026-10-06T21:19:27Z INFO [4252/4500] 79b98b10-814e-4571-bad0-9be790d00485: cophenetic index 431; 1.3 s; peak memory 825 MiB.
2026-10-06T21:19:30Z INFO [4253/4500] 79b99276-688a-4b57-a290-0b606fec03cc: cophenetic index 2402; 3.2 s; peak memory 825 MiB.
2026-10-06T21:19:32Z INFO [4254/4500] 79b9e506-bfff-4462-a946-698cbd4051a0: cophenetic index 809; 2.2 s; peak memory 825 MiB.
2026-10-06T21:19:34Z INFO [4255/4500] 79ba2a21-53cd-405a-9fa8-3d4656434a86: cophenetic index 3004; 1.4 s; peak memory 825 MiB.
2026-10-06T21:19:42Z INFO [4256/4500] 79ba8675-f36c-4e0d-912d-edb953a89994: cophenetic index 221959; 8.1 s; peak memory 825 MiB.
2026-10-06T21:19:43Z INFO [4257/4500] 79ba9027-52ba-4570-9f69-3b3fdf290402: cophenetic index 624; 1.1 s; peak memory 825 MiB.
2026-10-06T21:19:44Z INFO [4258/4500] 79bad626-ac3e-4d8f-9bc2-09c3abfd3579: cophenetic index 593; 1.4 s; peak memory 825 MiB.
2026-10-06T21:19:45Z INFO [4259/4500] 79bb3bed-cde7-4c9b-a2d6-418344038286: cophenetic index 766; 1.3 s; peak memory 825 MiB.
2026-10-06T21:19:47Z INFO [4260/4500] 79bba100-c6c3-4c41-8158-ff6d77d19adf: cophenetic index 33968; 1.7 s; peak memory 825 MiB.
2026-10-06T21:19:49Z INFO [4261/4500] 79bba591-18ab-44e3-9630-c42e563c1e31: cophenetic index 99138; 1.9 s; peak memory 825 MiB.
2026-10-06T21:19:50Z INFO [4262/4500] 79bbc238-696b-46e6-b9f0-6982f64f76b7: cophenetic index 412; 1.4 s; peak memory 825 MiB.
2026-10-06T21:19:52Z INFO [4263/4500] 79bbdb4d-1589-4f6c-ac28-24ed20b80c64: cophenetic index 6509; 1.9 s; peak memory 825 MiB.
2026-10-06T21:19:54Z INFO [4264/4500] 79bc1284-e80f-4145-b735-e0e2f0100f97: cophenetic index 3087; 1.4 s; peak memory 825 MiB.
2026-10-06T21:20:00Z INFO [4265/4500] 79bc7db0-a775-42c0-aaee-ba33d7aa7b64: cophenetic index 14693; 6.2 s; peak memory 825 MiB.
2026-10-06T21:20:01Z INFO [4266/4500] 79bd102f-9cd4-4c39-ba83-0528170ad50a: cophenetic index 3004; 1.4 s; peak memory 825 MiB.
2026-10-06T21:20:02Z INFO [4267/4500] 79bd689c-6637-4042-8225-9d429c483c69: cophenetic index 624; 1.1 s; peak memory 825 MiB.
2026-10-06T21:20:16Z INFO [4268/4500] 79bddb1b-4a65-4892-b146-dca5a2df0a84: cophenetic index 517795; 13.1 s; peak memory 825 MiB.
2026-10-06T21:20:17Z INFO [4269/4500] 79be0f1a-a27d-42e1-b51b-d0fa4956a6a0: cophenetic index 2625; 1.6 s; peak memory 825 MiB.
2026-10-06T21:20:19Z INFO [4270/4500] 79be6814-9892-4de3-a0e4-3b0435130b86: cophenetic index 515; 2.1 s; peak memory 825 MiB.
2026-10-06T21:20:22Z INFO [4271/4500] 79bf00b2-6ad5-40ec-9ff8-6412972d187c: cophenetic index 2402; 3.2 s; peak memory 825 MiB.
2026-10-06T21:20:24Z INFO [4272/4500] 79bf07a9-7281-43a8-a365-7697574f9b57: cophenetic index 2132; 1.7 s; peak memory 825 MiB.
2026-10-06T21:20:26Z INFO [4273/4500] 79bfb785-ed7b-4dfb-8b13-30dde11912a5: cophenetic index 2625; 1.6 s; peak memory 825 MiB.
2026-10-06T21:20:28Z INFO [4274/4500] 79c052ca-bf13-4473-94ca-80cd4ef75588: cophenetic index 895; 2.5 s; peak memory 825 MiB.
2026-10-06T21:20:29Z INFO [4275/4500] 79c053a3-3184-4527-bbb6-7e08849eaf32: cophenetic index 608; 1.0 s; peak memory 825 MiB.
2026-10-06T21:20:30Z INFO [4276/4500] 79c16a35-fac5-40c0-b610-d2ba638248f9: cophenetic index 624; 1.2 s; peak memory 825 MiB.
2026-10-06T21:20:32Z INFO [4277/4500] 79c1cbee-f4c3-45b4-8736-25e8b96c7083: cophenetic index 560; 1.1 s; peak memory 825 MiB.
2026-10-06T21:20:33Z INFO [4278/4500] 79c2973a-f6e4-43f5-916e-76c9db2f10e6: cophenetic index 431; 1.1 s; peak memory 825 MiB.
2026-10-06T21:20:34Z INFO [4279/4500] 79c2ed9c-35f5-494e-9171-49fa6061603d: cophenetic index 3004; 1.3 s; peak memory 825 MiB.
2026-10-06T21:20:35Z INFO [4280/4500] 79c2f593-b090-41fa-baac-baa506bf6ae5: cophenetic index 431; 1.2 s; peak memory 825 MiB.
2026-10-06T21:20:37Z INFO [4281/4500] 79c32e46-ccd5-43bd-9554-f6a679360542: cophenetic index 2724; 1.7 s; peak memory 825 MiB.
2026-10-06T21:20:38Z INFO [4282/4500] 79c43dac-98ec-4c61-976a-941f8d4b0957: cophenetic index 490; 1.1 s; peak memory 825 MiB.
2026-10-06T21:20:39Z INFO [4283/4500] 79c551b2-1eba-4489-a46d-282015a36da2: cophenetic index 624; 1.1 s; peak memory 825 MiB.
2026-10-06T21:20:40Z INFO [4284/4500] 79c6998c-556c-412c-ba38-7aab8c6ee6c7: cophenetic index 690; 1.0 s; peak memory 825 MiB.
2026-10-06T21:20:41Z INFO [4285/4500] 79c6a33a-e63a-4aa2-97fb-2897a8e33f66: cophenetic index 3192; 1.4 s; peak memory 825 MiB.
2026-10-06T21:20:44Z INFO [4286/4500] 79c7758c-7ef7-4059-a4be-7c7778888fb3: cophenetic index 99138; 2.2 s; peak memory 825 MiB.
2026-10-06T21:20:45Z INFO [4287/4500] 79c80c0f-81d6-47cb-a866-c21b6c6c945e: cophenetic index 33986; 1.7 s; peak memory 825 MiB.
2026-10-06T21:20:46Z INFO [4288/4500] 79c83bb9-eb30-4f87-8c16-1ee955f6fcc0: cophenetic index 3004; 1.2 s; peak memory 825 MiB.
2026-10-06T21:20:48Z INFO [4289/4500] 79c9a0d4-682e-4580-99fd-f692ecaaa285: cophenetic index 624; 1.2 s; peak memory 825 MiB.
2026-10-06T21:20:49Z INFO [4290/4500] 79c9d389-823a-45cc-8e67-63a0b68049cd: cophenetic index 508; 1.0 s; peak memory 825 MiB.
2026-10-06T21:20:50Z INFO [4291/4500] 79c9eb75-04a3-4aed-848a-b7fdb0e359db: cophenetic index 605; 1.3 s; peak memory 825 MiB.
2026-10-06T21:20:52Z INFO [4292/4500] 79ca32b6-408b-436c-a75a-e897791a00e6: cophenetic index 811; 2.1 s; peak memory 825 MiB.
2026-10-06T21:20:53Z INFO [4293/4500] 79ca681f-79ce-4ded-a80d-e227d2b228b5: cophenetic index 2974; 1.4 s; peak memory 825 MiB.
2026-10-06T21:20:55Z INFO [4294/4500] 79ca8c85-4c5f-4349-b093-7610bf4534f7: cophenetic index 624; 1.2 s; peak memory 825 MiB.
2026-10-06T21:20:57Z INFO [4295/4500] 79caba11-a6dd-408b-b06e-6baf32ffa69b: cophenetic index 949; 2.0 s; peak memory 825 MiB.
2026-10-06T21:20:58Z INFO [4296/4500] 79cba926-ee64-4627-ab84-3dd11dcb87e7: cophenetic index 1668; 1.6 s; peak memory 825 MiB.
2026-10-06T21:20:59Z INFO [4297/4500] 79cd1fa8-84d6-4248-b696-548399efccd5: cophenetic index 739; 0.8 s; peak memory 825 MiB.
2026-10-06T21:21:01Z INFO [4298/4500] 79cd246e-3a3f-44a1-abae-4b52373226d3: cophenetic index 895; 2.3 s; peak memory 825 MiB.
2026-10-06T21:21:02Z INFO [4299/4500] 79cd8a8a-250a-4ba9-9ba0-8dba82c40344: cophenetic index 651; 0.8 s; peak memory 825 MiB.
2026-10-06T21:21:25Z INFO [4300/4500] 79cdbdc4-bb49-4ad9-8658-4b6eb1fedc15: cophenetic index 42755; 22.7 s; peak memory 825 MiB.
2026-10-06T21:21:25Z INFO [4300/4500] 79cdbdc4-bb49-4ad9-8658-4b6eb1fedc15: checkpointed 105395 records.
2026-10-06T21:21:26Z INFO [4301/4500] 79ce2494-8599-4279-8054-2ec9b6e730c8: cophenetic index 3004; 1.5 s; peak memory 825 MiB.
2026-10-06T21:21:28Z INFO [4302/4500] 79ce4ed2-9eaf-40cf-8856-3c9fec4111f3: cophenetic index 1751; 1.7 s; peak memory 825 MiB.
2026-10-06T21:21:30Z INFO [4303/4500] 79cec76b-b649-48d0-931f-f1b599d0833b: cophenetic index 99138; 2.0 s; peak memory 825 MiB.
2026-10-06T21:21:31Z INFO [4304/4500] 79cefe5c-33e6-406b-94fe-ba3f1e21a5e9: cophenetic index 3004; 1.4 s; peak memory 825 MiB.
2026-10-06T21:21:35Z INFO [4305/4500] 79cf1273-bf13-4253-9640-18df64bb1c66: cophenetic index 5473; 3.4 s; peak memory 825 MiB.
2026-10-06T21:21:36Z INFO [4306/4500] 79cf9830-abeb-4042-9716-0aaebc257676: cophenetic index 729; 0.8 s; peak memory 825 MiB.
2026-10-06T21:21:37Z INFO [4307/4500] 79d0e800-29bf-4e67-9435-f0a8682c640c: cophenetic index 3087; 1.4 s; peak memory 825 MiB.
2026-10-06T21:21:40Z INFO [4308/4500] 79d115dc-6f29-4611-955b-c4de00f27841: cophenetic index 33998; 2.6 s; peak memory 825 MiB.
2026-10-06T21:21:41Z INFO [4309/4500] 79d31cc9-b160-47f2-b437-0c4e2afb9d5b: cophenetic index 2625; 1.4 s; peak memory 825 MiB.
2026-10-06T21:21:42Z INFO [4310/4500] 79d33833-0d99-4a69-be3f-ee82bbc74ca6: cophenetic index 624; 1.1 s; peak memory 825 MiB.
2026-10-06T21:21:55Z INFO [4311/4500] 79d34a0c-7775-421a-a558-1fd5bd600898: cophenetic index 268929; 12.6 s; peak memory 825 MiB.
2026-10-06T21:21:56Z INFO [4312/4500] 79d436bc-24c9-4aed-b38a-09094def04dc: cophenetic index 725; 0.8 s; peak memory 825 MiB.
2026-10-06T21:21:57Z INFO [4313/4500] 79d50ab4-0b6b-4608-80ac-6de642a03576: cophenetic index 624; 1.1 s; peak memory 825 MiB.
2026-10-06T21:21:59Z INFO [4314/4500] 79d51f33-319c-4e81-977d-754f462b31f5: cophenetic index 99138; 2.1 s; peak memory 825 MiB.
2026-10-06T21:22:00Z INFO [4315/4500] 79d58924-b82b-4588-adaf-ddda91426cd7: cophenetic index 994; 1.0 s; peak memory 825 MiB.
2026-10-06T21:22:07Z INFO [4316/4500] 79d62479-2cfc-40bd-b165-ef3842ee3c5a: cophenetic index 20638; 7.0 s; peak memory 825 MiB.
2026-10-06T21:22:08Z WARNING 79d6c03f-a5ad-43d3-a8c3-a13e7b361f24: failed while reading the NWB file (KeyError: 'Unable to synchronously open object (component not found)')
2026-10-06T21:22:08Z WARNING [4317/4500] 79d6c03f-a5ad-43d3-a8c3-a13e7b361f24: leaving unrecorded for a later run to retry.
2026-10-06T21:22:09Z INFO [4318/4500] 79d71feb-087f-4213-867c-51a8c3ce42e4: cophenetic index 431; 0.9 s; peak memory 825 MiB.
2026-10-06T21:22:11Z INFO [4319/4500] 79d7220e-2fd3-4f6f-9392-5a32275d5011: cophenetic index 2724; 1.7 s; peak memory 825 MiB.
2026-10-06T21:22:21Z INFO [4320/4500] 79d765a9-b710-4d1f-92cd-93299ecf3a37: cophenetic index 47115; 10.2 s; peak memory 825 MiB.
2026-10-06T21:22:26Z INFO [4321/4500] 79d88612-b8a3-4a59-b213-b784245d2344: cophenetic index 49200; 5.1 s; peak memory 825 MiB.
2026-10-06T21:22:28Z INFO [4322/4500] 79d89bcf-a40f-449b-8b4a-4bd47cffb74e: cophenetic index 3004; 1.4 s; peak memory 825 MiB.
2026-10-06T21:22:31Z INFO [4323/4500] 79d9c51a-33ee-4edc-b255-a7f6e5d88020: cophenetic index 4015; 3.1 s; peak memory 825 MiB.
2026-10-06T21:22:32Z INFO [4324/4500] 79dab4ef-dc7d-495a-9db2-d5df82681b50: cophenetic index 490; 0.8 s; peak memory 825 MiB.
2026-10-06T21:22:33Z INFO [4325/4500] 79dabe88-5c99-407e-b968-5635b9458961: cophenetic index 624; 1.1 s; peak memory 825 MiB.
2026-10-06T21:22:33Z INFO [4326/4500] 79dac517-b3dd-4863-addd-d1112a42cedc: cophenetic index 635; 0.9 s; peak memory 825 MiB.
2026-10-06T21:22:45Z INFO [4327/4500] 79dbc7f7-64dc-4991-9ae7-ad5421a800a8: cophenetic index 33309; 11.5 s; peak memory 825 MiB.
2026-10-06T21:22:48Z INFO [4328/4500] 79dc5263-602a-4f4c-a6d0-915f8bc836db: cophenetic index 33998; 2.6 s; peak memory 825 MiB.
2026-10-06T21:22:55Z INFO [4329/4500] 79dd3b87-c778-4a5b-82bf-264fe2f56cf6: cophenetic index 14389; 7.2 s; peak memory 825 MiB.
2026-10-06T21:22:56Z INFO [4330/4500] 79ddd755-d366-4891-9ab2-50acf180076b: cophenetic index 2625; 1.2 s; peak memory 825 MiB.
2026-10-06T21:22:58Z INFO [4331/4500] 79de233b-f666-44fa-85f0-35fcbba7bbff: cophenetic index 793; 1.9 s; peak memory 825 MiB.
2026-10-06T21:23:03Z INFO [4332/4500] 79de6e8b-1166-4cef-a007-d36d47e23296: cophenetic index 35667; 5.3 s; peak memory 825 MiB.
2026-10-06T21:23:04Z INFO [4333/4500] 79df8681-3f46-4a57-a681-23ebbe3e9343: cophenetic index 624; 1.2 s; peak memory 825 MiB.
2026-10-06T21:23:06Z INFO [4334/4500] 79e00050-5a42-4470-acfd-4f461d803ae1: cophenetic index 2625; 1.4 s; peak memory 825 MiB.
2026-10-06T21:23:18Z INFO [4335/4500] 79e0023d-e10f-4393-ada2-c9866511ead7: cophenetic index 49783; 12.2 s; peak memory 825 MiB.
2026-10-06T21:23:19Z INFO [4336/4500] 79e0214c-76ac-41b9-8d6f-25624d04a944: cophenetic index 490; 0.7 s; peak memory 825 MiB.
2026-10-06T21:23:30Z INFO [4337/4500] 79e03428-7dfe-4488-8518-f08ec7caab06: cophenetic index 46939; 11.0 s; peak memory 825 MiB.
2026-10-06T21:23:31Z INFO [4338/4500] 79e0b30d-a2bb-4618-8fc6-641402971e78: cophenetic index 624; 1.2 s; peak memory 825 MiB.
2026-10-06T21:23:32Z INFO [4339/4500] 79e0c4c4-1741-4ac9-ad3f-d48719668686: cophenetic index 624; 1.2 s; peak memory 825 MiB.
2026-10-06T21:23:38Z INFO [4340/4500] 79e0e784-05ab-446d-9212-8e8c5a720884: cophenetic index 10643; 5.8 s; peak memory 825 MiB.
2026-10-06T21:23:39Z INFO [4341/4500] 79e1093b-2237-47ea-aba4-e642dae7a3d7: cophenetic index 477; 1.5 s; peak memory 825 MiB.
2026-10-06T21:23:46Z INFO [4342/4500] 79e14f05-339e-405c-8d76-f19ff4bb50ba: cophenetic index 45744; 6.4 s; peak memory 825 MiB.
2026-10-06T21:23:48Z INFO [4343/4500] 79e16cb7-d853-4ae3-987c-735b04be168f: cophenetic index 2469; 2.7 s; peak memory 825 MiB.
2026-10-06T21:23:49Z INFO [4344/4500] 79e1eddb-be07-4e64-af9c-cb3e91209a64: cophenetic index 441; 1.0 s; peak memory 825 MiB.
2026-10-06T21:23:56Z INFO [4345/4500] 79e23a6f-f606-49c6-be9d-b484bb96d806: cophenetic index 57553; 7.1 s; peak memory 825 MiB.
2026-10-06T21:23:58Z INFO [4346/4500] 79e24f1c-4d01-487a-83d1-f91a00989268: cophenetic index 2570; 1.8 s; peak memory 825 MiB.
2026-10-06T21:24:00Z INFO [4347/4500] 79e27a47-26fa-4f88-bb9e-dcd8e0c6b57d: cophenetic index 2974; 1.4 s; peak memory 825 MiB.
2026-10-06T21:24:02Z INFO [4348/4500] 79e2d459-be7c-4ba6-8b18-9f96909803ec: cophenetic index 959; 2.3 s; peak memory 825 MiB.
2026-10-06T21:24:03Z INFO [4349/4500] 79e2e210-1cf8-4b68-b7b3-c67b0a1adc5e: cophenetic index 401; 0.8 s; peak memory 825 MiB.
2026-10-06T21:24:04Z INFO [4350/4500] 79e33369-0f17-4edb-9734-eb5fdc84264a: cophenetic index 729; 0.9 s; peak memory 825 MiB.
2026-10-06T21:24:04Z INFO [4350/4500] 79e33369-0f17-4edb-9734-eb5fdc84264a: checkpointed 105444 records.
2026-10-06T21:24:05Z INFO [4351/4500] 79e3bc5c-3ed9-4f04-b2ec-e84631480e68: cophenetic index 3004; 1.4 s; peak memory 825 MiB.
2026-10-06T21:24:06Z INFO [4352/4500] 79e4a33c-faf7-4bb1-9efd-0cc41c4222f2: cophenetic index 646; 1.1 s; peak memory 825 MiB.
2026-10-06T21:24:07Z INFO [4353/4500] 79e50a15-3270-43a1-89c9-ae60398b3ea8: cophenetic index 543; 1.1 s; peak memory 825 MiB.
2026-10-06T21:24:09Z INFO [4354/4500] 79e51f5d-c383-40fe-b4c0-12d0548fea28: cophenetic index 3057; 1.5 s; peak memory 825 MiB.
2026-10-06T21:24:10Z INFO [4355/4500] 79e52c92-ad4d-43e5-8323-d99f7b592530: cophenetic index 3004; 1.6 s; peak memory 825 MiB.
2026-10-06T21:24:12Z INFO [4356/4500] 79e53302-dc00-40a7-b1cc-45bbb2ecbfec: cophenetic index 3004; 1.4 s; peak memory 825 MiB.
2026-10-06T21:24:19Z INFO [4357/4500] 79e58b42-e457-48fb-8c68-7a1482ab8705: cophenetic index 172199; 6.7 s; peak memory 825 MiB.
2026-10-06T21:24:20Z INFO [4358/4500] 79e62a23-a110-48fa-84a7-86d2d1981d67: cophenetic index 3004; 1.3 s; peak memory 825 MiB.
2026-10-06T21:24:21Z INFO [4359/4500] 79e63a55-37c1-4d03-a940-d11e80b4331d: cophenetic index 413; 1.0 s; peak memory 825 MiB.
2026-10-06T21:24:22Z INFO [4360/4500] 79e68de6-a400-45bf-b741-8432042e26db: cophenetic index 554; 1.3 s; peak memory 825 MiB.
2026-10-06T21:24:24Z INFO [4361/4500] 79e7ed3b-22fe-4742-a304-a082bf4aed42: cophenetic index 949; 1.8 s; peak memory 825 MiB.
2026-10-06T21:24:36Z INFO [4362/4500] 79e80a9a-19d1-48d3-a7a3-2d75e7f1580d: cophenetic index 47144; 11.8 s; peak memory 825 MiB.
2026-10-06T21:24:38Z INFO [4363/4500] 79e83450-612f-4c5b-a34f-482a2e629d79: cophenetic index 2625; 1.8 s; peak memory 825 MiB.
2026-10-06T21:24:39Z INFO [4364/4500] 79e83872-eb8e-459d-b362-8a2a794c2da7: cophenetic index 2570; 1.5 s; peak memory 825 MiB.
2026-10-06T21:24:42Z INFO [4365/4500] 79e83e93-f490-4295-8ffc-25fc5a0f07c4: cophenetic index 99150; 2.6 s; peak memory 825 MiB.
2026-10-06T21:24:43Z INFO [4366/4500] 79e8dc26-69df-48df-ab2f-e0a613ff8de3: cophenetic index 401; 0.7 s; peak memory 825 MiB.
2026-10-06T21:24:43Z INFO [4367/4500] 79e91df0-c03c-42f6-9b30-570a72d19ca2: cophenetic index 490; 0.9 s; peak memory 825 MiB.
2026-10-06T21:24:45Z INFO [4368/4500] 79e95a98-2bdc-48ff-9e8a-e841223299ca: cophenetic index 2974; 1.3 s; peak memory 825 MiB.
2026-10-06T21:24:46Z INFO [4369/4500] 79e9b127-3ca9-4107-9e78-85cecb6b7791: cophenetic index 624; 1.1 s; peak memory 825 MiB.
2026-10-06T21:24:51Z INFO [4370/4500] 79ea6fa6-5835-42ab-8787-4907a5bd3f91: cophenetic index 45410; 5.3 s; peak memory 825 MiB.
2026-10-06T21:24:52Z INFO [4371/4500] 79ea9d23-774a-42cc-aa5d-17f2ce8a7ac4: cophenetic index 490; 0.8 s; peak memory 825 MiB.
2026-10-06T21:24:56Z INFO [4372/4500] 79eabba9-f443-4d57-97f3-dd20c4c0d418: cophenetic index 8258; 3.7 s; peak memory 825 MiB.
2026-10-06T21:24:57Z INFO [4373/4500] 79ead750-2584-4d38-8a18-033b879816e0: cophenetic index 33962; 1.7 s; peak memory 825 MiB.
2026-10-06T21:24:59Z INFO [4374/4500] 79ecd3ad-6c20-417a-9ab5-d4101232144c: cophenetic index 2625; 1.5 s; peak memory 825 MiB.
2026-10-06T21:25:00Z INFO [4375/4500] 79ef960e-dc94-4c98-b46b-63935fc7a40b: cophenetic index 624; 1.2 s; peak memory 825 MiB.
2026-10-06T21:25:01Z INFO [4376/4500] 79f05e75-467d-4418-a1d4-0fdffb3001d6: cophenetic index 2779; 1.2 s; peak memory 825 MiB.
2026-10-06T21:25:13Z INFO [4377/4500] 79f11704-10a2-4f72-8e0f-ea21b09dcab3: cophenetic index 21484; 12.0 s; peak memory 825 MiB.
2026-10-06T21:25:15Z INFO [4378/4500] 79f266a2-cfd1-4b7a-ad42-3660d7270ce3: cophenetic index 949; 1.7 s; peak memory 825 MiB.
2026-10-06T21:25:21Z INFO [4379/4500] 79f29fbf-4d6e-437a-8fb2-459b2b662cb5: cophenetic index 52001; 6.0 s; peak memory 825 MiB.
2026-10-06T21:25:23Z INFO [4380/4500] 79f2c24f-d75a-422f-b986-41e170fe7440: cophenetic index 2625; 1.7 s; peak memory 825 MiB.
2026-10-06T21:25:23Z INFO [4381/4500] 79f33353-8def-4e12-953d-06a3ec3afcd4: cophenetic index 651; 0.9 s; peak memory 825 MiB.
2026-10-06T21:25:26Z INFO [4382/4500] 79f33fd8-9898-4c1f-ad92-4303e75da952: cophenetic index 1194; 2.4 s; peak memory 825 MiB.
2026-10-06T21:25:29Z INFO [4383/4500] 79f48e48-02c5-4d16-b958-ea8e97bb917f: cophenetic index 6490; 2.9 s; peak memory 825 MiB.
2026-10-06T21:25:31Z INFO [4384/4500] 79f4fcce-8a15-4c6b-82c2-528a103ccbeb: cophenetic index 2053; 1.9 s; peak memory 825 MiB.
2026-10-06T21:25:38Z INFO [4385/4500] 79f52808-cf35-463c-896b-befbfb5d6456: cophenetic index 17447; 7.1 s; peak memory 825 MiB.
2026-10-06T21:25:40Z INFO [4386/4500] 79f54dad-cd91-4a7b-a049-c590b265d7ac: cophenetic index 515; 2.1 s; peak memory 825 MiB.
2026-10-06T21:25:42Z INFO [4387/4500] 79f5c29c-7a3c-49d7-a20e-1d1d10b36250: cophenetic index 2625; 1.7 s; peak memory 825 MiB.
2026-10-06T21:25:45Z INFO [4388/4500] 79f5ebcc-43b9-439b-befa-2654e7e8343e: cophenetic index 99810; 3.3 s; peak memory 825 MiB.
2026-10-06T21:25:46Z INFO [4389/4500] 79f614c2-4f52-4775-b648-da10378c3fc6: cophenetic index 624; 1.1 s; peak memory 825 MiB.
2026-10-06T21:25:47Z INFO [4390/4500] 79f6be62-cd77-4ec3-bd3d-0fd3525780d9: cophenetic index 624; 1.1 s; peak memory 825 MiB.
2026-10-06T21:25:49Z INFO [4391/4500] 79f84a1c-3478-466a-9212-2dac7b995d12: cophenetic index 2701; 1.7 s; peak memory 825 MiB.
2026-10-06T21:25:52Z INFO [4392/4500] 79f88df5-8b29-47f2-9fa3-0af353838825: cophenetic index 2391; 2.9 s; peak memory 825 MiB.
2026-10-06T21:25:53Z INFO [4393/4500] 79fabb99-49af-4eb9-9e7e-ec26eb90de1b: cophenetic index 3004; 1.3 s; peak memory 825 MiB.
2026-10-06T21:25:54Z INFO [4394/4500] 79fb7b56-291b-455a-a358-d0aec53d5003: cophenetic index 2920; 1.1 s; peak memory 825 MiB.
2026-10-06T21:25:56Z INFO [4395/4500] 79fba69c-705c-4954-b325-01267764f3df: cophenetic index 1949; 1.6 s; peak memory 825 MiB.
2026-10-06T21:25:57Z INFO [4396/4500] 79fbc282-f24e-46de-ab32-0ef1d78c7bd3: cophenetic index 624; 1.1 s; peak memory 825 MiB.
2026-10-06T21:25:59Z INFO [4397/4500] 79fc5cc1-c7af-4f80-97a5-b5dd88af4a8a: cophenetic index 2625; 1.9 s; peak memory 825 MiB.
2026-10-06T21:26:01Z INFO [4398/4500] 79fc6ee9-3985-4bba-9057-1484e1d007bc: cophenetic index 3393; 2.2 s; peak memory 825 MiB.
2026-10-06T21:26:03Z INFO [4399/4500] 79fdb603-2776-45ee-b19b-82963c40852f: cophenetic index 949; 1.9 s; peak memory 825 MiB.
2026-10-06T21:26:05Z INFO [4400/4500] 79fdb7bd-e53e-4d78-85fb-8b0eb3b57557: cophenetic index 1563; 1.8 s; peak memory 825 MiB.
2026-10-06T21:26:05Z INFO [4400/4500] 79fdb7bd-e53e-4d78-85fb-8b0eb3b57557: checkpointed 105494 records.
2026-10-06T21:26:06Z INFO [4401/4500] 79fdfef9-12f1-4350-9798-8e1d0afcaa5e: cophenetic index 2923; 1.2 s; peak memory 825 MiB.
2026-10-06T21:26:07Z INFO [4402/4500] 79fff259-eddc-413d-9b3a-7261e193d516: cophenetic index 512; 1.1 s; peak memory 825 MiB.
2026-10-06T21:26:14Z INFO [4403/4500] 7a00db10-110c-4885-9475-71aef30bdebd: cophenetic index 12100; 7.1 s; peak memory 825 MiB.
2026-10-06T21:26:16Z INFO [4404/4500] 7a014b22-345c-45d4-aaa8-8f2ff4941ba0: cophenetic index 2570; 1.8 s; peak memory 825 MiB.
2026-10-06T21:26:17Z INFO [4405/4500] 7a018eac-d5ec-4773-bb99-5daec2be1fb8: cophenetic index 413; 1.3 s; peak memory 825 MiB.
2026-10-06T21:26:19Z INFO [4406/4500] 7a01ba61-1e67-465b-89ba-abd539d91a8d: cophenetic index 2105; 1.9 s; peak memory 825 MiB.
2026-10-06T21:26:21Z INFO [4407/4500] 7a02ba94-6c73-471e-bf0e-0226cbdc1f20: cophenetic index 788; 1.3 s; peak memory 825 MiB.
2026-10-06T21:26:22Z INFO [4408/4500] 7a02cf0c-0699-4858-9a92-ef95b3eca80d: cophenetic index 2053; 1.8 s; peak memory 825 MiB.
2026-10-06T21:26:24Z INFO [4409/4500] 7a0344f6-2d9b-42eb-bf25-11348cae49eb: cophenetic index 624; 1.2 s; peak memory 825 MiB.
2026-10-06T21:26:26Z INFO [4410/4500] 7a03a5ff-67ed-4eee-a962-cdac7c8c7a9f: cophenetic index 2625; 1.9 s; peak memory 825 MiB.
2026-10-06T21:26:27Z INFO [4411/4500] 7a03dae3-ffe5-4146-a584-ef10e262cf81: cophenetic index 624; 1.0 s; peak memory 825 MiB.
2026-10-06T21:26:28Z INFO [4412/4500] 7a053adc-f5c5-4ac4-889a-7bf624e06a0c: cophenetic index 3004; 1.4 s; peak memory 825 MiB.
2026-10-06T21:26:30Z INFO [4413/4500] 7a054e17-7a80-4f54-ae1d-5339813dbb74: cophenetic index 99120; 1.9 s; peak memory 825 MiB.
2026-10-06T21:26:31Z INFO [4414/4500] 7a05707f-1781-4a62-a208-a1947afb723a: cophenetic index 490; 0.8 s; peak memory 825 MiB.
2026-10-06T21:26:32Z INFO [4415/4500] 7a05a19c-80d3-4873-a717-20a5c7984e25: cophenetic index 624; 1.4 s; peak memory 825 MiB.
2026-10-06T21:26:34Z INFO [4416/4500] 7a06bc22-7515-47ed-a5fc-52d1b4c383eb: cophenetic index 33962; 1.9 s; peak memory 825 MiB.
2026-10-06T21:26:35Z INFO [4417/4500] 7a073091-edf2-4613-a532-b11c3b782625: cophenetic index 665; 1.1 s; peak memory 825 MiB.
2026-10-06T21:26:42Z INFO [4418/4500] 7a075091-a447-4cf8-9808-63ffef486ccc: cophenetic index 99120; 6.3 s; peak memory 825 MiB.
2026-10-06T21:26:43Z INFO [4419/4500] 7a090768-835d-48f2-8556-8d7cd0406001: cophenetic index 2920; 1.0 s; peak memory 825 MiB.
2026-10-06T21:26:46Z INFO [4420/4500] 7a092aee-5c5f-4544-a44e-1ee248872e31: cophenetic index 10073; 3.3 s; peak memory 825 MiB.
2026-10-06T21:26:49Z INFO [4421/4500] 7a095aa5-b171-4c9f-a307-71f8ebf63652: cophenetic index 5473; 3.3 s; peak memory 825 MiB.
2026-10-06T21:26:50Z INFO [4422/4500] 7a095aff-938a-48e5-82ce-ce88c97228ca: cophenetic index 624; 1.1 s; peak memory 825 MiB.
2026-10-06T21:26:51Z INFO [4423/4500] 7a09acec-2047-4a42-bf6d-8edccdfb414a: cophenetic index 739; 0.8 s; peak memory 825 MiB.
2026-10-06T21:26:52Z INFO [4424/4500] 7a0aae58-e3c1-435f-bb55-84d2a43748e1: cophenetic index 649; 1.2 s; peak memory 825 MiB.
2026-10-06T21:26:54Z INFO [4425/4500] 7a0b3f8f-638a-46d5-904b-4410712426e4: cophenetic index 2701; 1.6 s; peak memory 825 MiB.
2026-10-06T21:26:55Z INFO [4426/4500] 7a0b6627-9762-4b5e-ba31-ef6b96da258b: cophenetic index 2625; 1.5 s; peak memory 825 MiB.
2026-10-06T21:26:57Z INFO [4427/4500] 7a0b8ca4-aa3d-4f87-89e7-b7b3a9c4924e: cophenetic index 690; 1.1 s; peak memory 825 MiB.
2026-10-06T21:26:58Z INFO [4428/4500] 7a0b93b4-5820-4c25-8525-415fb411f6f3: cophenetic index 624; 1.2 s; peak memory 825 MiB.
2026-10-06T21:26:59Z INFO [4429/4500] 7a0c10b6-e8e7-4bcc-990b-1a48c3b86595: cophenetic index 2551; 1.2 s; peak memory 825 MiB.
2026-10-06T21:27:06Z INFO [4430/4500] 7a0c1f98-5353-4e6f-a8e8-6a8eb56b2ac9: cophenetic index 9548; 6.7 s; peak memory 825 MiB.
2026-10-06T21:27:07Z INFO [4431/4500] 7a0d1f6c-1fd5-4596-b4fc-fbf6e2609e88: cophenetic index 1751; 1.7 s; peak memory 825 MiB.
2026-10-06T21:27:12Z INFO [4432/4500] 7a0d50d3-8e1c-4fe9-962d-c46252699548: cophenetic index 25658; 4.8 s; peak memory 825 MiB.
2026-10-06T21:27:14Z INFO [4433/4500] 7a0dd505-b3c2-48b5-9be7-0639c11fea39: cophenetic index 2105; 1.9 s; peak memory 825 MiB.
2026-10-06T21:27:15Z INFO [4434/4500] 7a0f564e-aa5c-4aa5-b3ae-655f78616394: cophenetic index 2920; 1.0 s; peak memory 825 MiB.
2026-10-06T21:27:20Z INFO [4435/4500] 7a0fc422-a04b-4319-8ed2-220e21b43d94: cophenetic index 4797; 5.1 s; peak memory 825 MiB.
2026-10-06T21:27:23Z INFO [4436/4500] 7a0ff7c4-4bf8-48af-b667-947b09f64d77: cophenetic index 2469; 2.9 s; peak memory 825 MiB.
2026-10-06T21:27:24Z INFO [4437/4500] 7a12f507-ee03-44e8-b675-6f20a738e95f: cophenetic index 490; 0.7 s; peak memory 825 MiB.
2026-10-06T21:27:25Z INFO [4438/4500] 7a13b02d-52ac-44cf-9516-2391eb4d8eac: cophenetic index 3004; 1.3 s; peak memory 825 MiB.
2026-10-06T21:27:27Z INFO [4439/4500] 7a13effa-a2c8-45dc-bcbb-42c8788597db: cophenetic index 1558; 1.5 s; peak memory 825 MiB.
2026-10-06T21:27:28Z INFO [4440/4500] 7a14d296-797a-4703-a0ec-093e2a994394: cophenetic index 624; 1.1 s; peak memory 825 MiB.
2026-10-06T21:27:31Z INFO [4441/4500] 7a15170a-bdb4-4342-b4b8-3614b3b9183c: cophenetic index 16602; 3.0 s; peak memory 825 MiB.
2026-10-06T21:27:32Z INFO [4442/4500] 7a15b77d-b5b0-4725-8a8e-429f000a4532: cophenetic index 624; 1.2 s; peak memory 825 MiB.
2026-10-06T21:27:33Z INFO [4443/4500] 7a15c1c5-9840-4c15-8360-0bafde894435: cophenetic index 3087; 1.3 s; peak memory 825 MiB.
2026-10-06T21:27:35Z INFO [4444/4500] 7a15cf60-b94f-4f82-b039-52575f0df446: cophenetic index 33986; 1.7 s; peak memory 825 MiB.
2026-10-06T21:27:36Z INFO [4445/4500] 7a1669d6-809d-4120-ba95-72f76b2f261c: cophenetic index 624; 1.2 s; peak memory 825 MiB.
2026-10-06T21:27:38Z INFO [4446/4500] 7a17ba12-f68f-4f54-ac2c-b19a4210d2b8: cophenetic index 573; 1.7 s; peak memory 825 MiB.
2026-10-06T21:27:38Z INFO [4447/4500] 7a17c622-1956-42a5-906f-ae696a2ec145: cophenetic index 490; 0.8 s; peak memory 825 MiB.
2026-10-06T21:27:40Z INFO [4448/4500] 7a17d436-3137-4d32-a25c-0974db7f7689: cophenetic index 466; 1.4 s; peak memory 825 MiB.
2026-10-06T21:27:48Z INFO [4449/4500] 7a18404d-212a-4af5-b839-ff50fef4df55: cophenetic index 7554; 8.4 s; peak memory 825 MiB.
2026-10-06T21:27:49Z INFO [4450/4500] 7a1866c1-96c3-41a8-82a1-90e13ad019f2: cophenetic index 761; 0.8 s; peak memory 825 MiB.
2026-10-06T21:27:49Z INFO [4450/4500] 7a1866c1-96c3-41a8-82a1-90e13ad019f2: checkpointed 105544 records.
2026-10-06T21:27:50Z INFO [4451/4500] 7a1894af-b08f-4456-b213-d78024794440: cophenetic index 1583; 1.3 s; peak memory 825 MiB.
2026-10-06T21:27:51Z INFO [4452/4500] 7a18d441-1976-4d0b-9a0f-4f67f0943716: cophenetic index 627; 1.0 s; peak memory 825 MiB.
2026-10-06T21:27:53Z INFO [4453/4500] 7a18d5d2-a5e9-4476-837d-7e34a89d12c0: cophenetic index 2625; 1.6 s; peak memory 825 MiB.
2026-10-06T21:27:55Z INFO [4454/4500] 7a18e4ef-d92c-49de-b607-45f199dee2a2: cophenetic index 33962; 1.5 s; peak memory 825 MiB.
2026-10-06T21:27:58Z INFO [4455/4500] 7a1a79f2-30fd-4f72-9840-4a04fdacda4e: cophenetic index 3398; 3.5 s; peak memory 825 MiB.
2026-10-06T21:28:03Z INFO [4456/4500] 7a1ac517-c269-4adc-9b9b-70da97980644: cophenetic index 6412; 4.8 s; peak memory 825 MiB.
2026-10-06T21:28:05Z INFO [4457/4500] 7a1b03d1-b48d-48bf-ba99-887b6500c56e: cophenetic index 972; 2.0 s; peak memory 825 MiB.
2026-10-06T21:28:06Z INFO [4458/4500] 7a1b24c6-78fa-481f-be12-9d38846835a1: cophenetic index 624; 1.1 s; peak memory 825 MiB.
2026-10-06T21:28:07Z INFO [4459/4500] 7a1c3ecd-1cb3-4143-9eb4-6d103258e971: cophenetic index 624; 1.2 s; peak memory 825 MiB.
2026-10-06T21:28:18Z INFO [4460/4500] 7a1cff3d-e422-4249-933c-18fcfc5c2927: cophenetic index 5451; 11.3 s; peak memory 825 MiB.
2026-10-06T21:28:21Z INFO [4461/4500] 7a1d195e-43d2-4c2e-9254-5035f22cb248: cophenetic index 3575; 2.4 s; peak memory 825 MiB.
2026-10-06T21:28:31Z INFO [4462/4500] 7a1da046-92d0-477e-8a2e-61aae84e03d3: cophenetic index 195172714; 10.0 s; peak memory 825 MiB.
2026-10-06T21:28:32Z INFO [4463/4500] 7a1e4eb4-0fee-40ac-bbfd-20a8685d5e35: cophenetic index 722; 1.3 s; peak memory 825 MiB.
2026-10-06T21:28:43Z INFO [4464/4500] 7a1e7cb4-1f2a-4e0f-baa2-7f02338d05e0: cophenetic index 176854; 11.1 s; peak memory 825 MiB.
2026-10-06T21:28:45Z INFO [4465/4500] 7a1f4a46-9528-4889-8177-24e523156238: cophenetic index 1380; 1.6 s; peak memory 825 MiB.
2026-10-06T21:28:46Z INFO [4466/4500] 7a1f81d2-a503-450a-b06e-ff019d65cc39: cophenetic index 490; 0.8 s; peak memory 825 MiB.
2026-10-06T21:28:47Z INFO [4467/4500] 7a200182-c40d-4887-96b6-7ea720c5e2bf: cophenetic index 624; 1.1 s; peak memory 825 MiB.
2026-10-06T21:28:48Z INFO [4468/4500] 7a20627b-f3a2-4a54-8e30-753183e63974: cophenetic index 2105; 1.8 s; peak memory 825 MiB.
2026-10-06T21:28:50Z INFO [4469/4500] 7a20dce9-9eb0-46d9-89fc-0efd96661df7: cophenetic index 2923; 1.4 s; peak memory 825 MiB.
2026-10-06T21:28:52Z INFO [4470/4500] 7a211a29-554d-4842-acf0-d060ec5a5d45: cophenetic index 959; 2.4 s; peak memory 825 MiB.
2026-10-06T21:28:53Z INFO [4471/4500] 7a214d2c-8891-41fa-9f3b-fb95595ed690: cophenetic index 681; 1.0 s; peak memory 825 MiB.
2026-10-06T21:28:54Z INFO [4472/4500] 7a23ab99-8e34-4480-bb9a-a99a6ee8cfd6: cophenetic index 543; 0.8 s; peak memory 825 MiB.
2026-10-06T21:28:55Z INFO [4473/4500] 7a241bb0-3e4e-43c6-a113-0312d6b0bed7: cophenetic index 431; 1.0 s; peak memory 825 MiB.
2026-10-06T21:28:56Z INFO [4474/4500] 7a246232-471e-48b8-8851-10ef5a923c74: cophenetic index 649; 1.1 s; peak memory 825 MiB.
2026-10-06T21:28:58Z INFO [4475/4500] 7a24afb1-98ef-40e1-ae24-61c7142c0669: cophenetic index 2779; 1.5 s; peak memory 825 MiB.
2026-10-06T21:28:59Z INFO [4476/4500] 7a251a37-8701-40c7-a6e0-81a30ffc9f46: cophenetic index 431; 1.1 s; peak memory 825 MiB.
2026-10-06T21:29:11Z INFO [4477/4500] 7a25744f-2c88-4344-bc71-bb15b90fc8a1: cophenetic index 24071; 12.4 s; peak memory 825 MiB.
2026-10-06T21:29:13Z INFO [4478/4500] 7a26cc45-28d9-4215-b777-d76657932f1b: cophenetic index 624; 1.2 s; peak memory 825 MiB.
2026-10-06T21:29:14Z INFO [4479/4500] 7a26d4d6-2dd0-4f4d-9a07-f8dfa8545cf3: cophenetic index 1087; 1.5 s; peak memory 825 MiB.
2026-10-06T21:29:15Z INFO [4480/4500] 7a273aa0-a3bf-4668-9ef0-94dde2b0dbfa: cophenetic index 641; 0.8 s; peak memory 825 MiB.
2026-10-06T21:29:31Z INFO [4481/4500] 7a277084-b216-41d4-acd7-0b6fe52662a7: cophenetic index 115540; 16.2 s; peak memory 825 MiB.
2026-10-06T21:29:32Z INFO [4482/4500] 7a279b75-c82e-4d03-beb2-598c30158cab: cophenetic index 23960; 1.2 s; peak memory 825 MiB.
2026-10-06T21:29:34Z INFO [4483/4500] 7a281c08-ec81-4c14-a4d4-123828a3bce7: cophenetic index 2625; 1.5 s; peak memory 825 MiB.
2026-10-06T21:29:35Z INFO [4484/4500] 7a28a299-2949-4f15-ba8a-d656e893321b: cophenetic index 1087; 1.5 s; peak memory 825 MiB.
2026-10-06T21:29:37Z INFO [4485/4500] 7a28a8f4-3d97-45ba-996b-6cf2170f1f3d: cophenetic index 2625; 1.7 s; peak memory 825 MiB.
2026-10-06T21:29:40Z INFO [4486/4500] 7a2aaae4-8d18-485b-96d3-d6c8e7cbb01a: cophenetic index 2469; 3.1 s; peak memory 825 MiB.
2026-10-06T21:29:42Z INFO [4487/4500] 7a2af009-c17d-47a4-bd35-3332a30202cc: cophenetic index 99150; 2.0 s; peak memory 825 MiB.
2026-10-06T21:29:43Z INFO [4488/4500] 7a2b7a26-18d4-4d8c-ae15-e5deebf5e8fa: cophenetic index 624; 1.2 s; peak memory 825 MiB.
2026-10-06T21:29:45Z INFO [4489/4500] 7a2b87ee-bd44-469d-b9e3-a4b2b625dccb: cophenetic index 441; 1.3 s; peak memory 825 MiB.
2026-10-06T21:29:54Z INFO [4490/4500] 7a2c19b5-72cf-40be-bea6-a5e0eff28ff5: cophenetic index 47115; 9.9 s; peak memory 825 MiB.
2026-10-06T21:29:55Z INFO [4491/4500] 7a2c70cd-b1c8-4216-add2-99dcf2b443d9: cophenetic index 646; 1.0 s; peak memory 825 MiB.
2026-10-06T21:29:57Z INFO [4492/4500] 7a2d621a-7532-4874-ab9d-2f64fbeda31c: cophenetic index 581; 1.2 s; peak memory 825 MiB.
2026-10-06T21:29:58Z INFO [4493/4500] 7a2d745e-51a2-4a51-9679-497efd3be723: cophenetic index 624; 1.0 s; peak memory 825 MiB.
2026-10-06T21:29:59Z INFO [4494/4500] 7a2d815c-a8b4-4f24-ae69-01f9574df0c8: cophenetic index 2625; 1.6 s; peak memory 825 MiB.
2026-10-06T21:30:01Z INFO [4495/4500] 7a2ecc28-732d-44b7-bdf9-23bc69601268: cophenetic index 1006; 1.4 s; peak memory 825 MiB.
2026-10-06T21:30:08Z INFO [4496/4500] 7a2f4181-2871-46d5-8292-cfbcab6afa16: cophenetic index 12100; 7.5 s; peak memory 825 MiB.
2026-10-06T21:30:18Z INFO [4497/4500] 7a2f56bb-a58c-4e84-ac1a-fa8e3da3f6f7: cophenetic index 264839; 10.2 s; peak memory 825 MiB.
2026-10-06T21:30:26Z INFO [4498/4500] 7a2faa94-c1e3-446f-a821-3b318b8c43fe: cophenetic index 87573; 7.7 s; peak memory 825 MiB.
2026-10-06T21:30:27Z INFO [4499/4500] 7a303480-b1fc-4c6c-90b9-e8582049937c: cophenetic index 2923; 1.3 s; peak memory 825 MiB.
2026-10-06T21:30:29Z INFO [4500/4500] 7a30ce94-eb09-4c36-8eec-9037433f1b51: cophenetic index 2654; 1.9 s; peak memory 825 MiB.
2026-10-06T21:30:29Z INFO [4500/4500] 7a30ce94-eb09-4c36-8eec-9037433f1b51: checkpointed 105594 records.
2026-10-06T21:30:30Z INFO Wrote 105594 records to /tmp/derivatives/valid_nwb_file_to_cophenetic_index.jsonl (4471 new, 29 failed) in 244.4 min (peak memory 825 MiB).
