2026-10-02T16:23:17Z INFO Logging to /tmp/logs/update_2026-10-02T16-23-17Z.log.
2026-10-02T16:23:17Z INFO Update valid-nwb-file-to-cophenetic-index (base directory /tmp).
2026-10-02T16:23:17Z INFO Processing 1876 items (64314 already recorded).
2026-10-02T16:23:19Z WARNING 024ef50f-ac6f-49ea-806b-93ef4b5e8644: failed while reading the NWB file (KeyError: 'Unable to synchronously open object (component not found)')
2026-10-02T16:23:19Z WARNING [1/1876] 024ef50f-ac6f-49ea-806b-93ef4b5e8644: leaving unrecorded for a later run to retry.
2026-10-02T16:23:20Z WARNING 09073220-fbea-45d2-9a39-2cc61fcdc2a1: failed while reading the NWB file (KeyError: 'Unable to synchronously open object (component not found)')
2026-10-02T16:23:20Z WARNING [2/1876] 09073220-fbea-45d2-9a39-2cc61fcdc2a1: leaving unrecorded for a later run to retry.
2026-10-02T16:23:21Z WARNING 0dec427d-4db4-44c3-988a-c37959ceaff3: failed while reading the NWB file (KeyError: 'Unable to synchronously open object (component not found)')
2026-10-02T16:23:21Z WARNING [3/1876] 0dec427d-4db4-44c3-988a-c37959ceaff3: leaving unrecorded for a later run to retry.
2026-10-02T16:23:22Z WARNING 0f7396ad-67ec-468a-b6a6-5599cb507f54: failed while reading the NWB file (KeyError: 'Unable to synchronously open object (component not found)')
2026-10-02T16:23:22Z WARNING [4/1876] 0f7396ad-67ec-468a-b6a6-5599cb507f54: leaving unrecorded for a later run to retry.
2026-10-02T16:23:24Z WARNING 1066b3ba-83d9-4cb3-bfe3-ecf8539e2334: failed while reading the NWB file (KeyError: 'Unable to synchronously open object (component not found)')
2026-10-02T16:23:24Z WARNING [5/1876] 1066b3ba-83d9-4cb3-bfe3-ecf8539e2334: leaving unrecorded for a later run to retry.
2026-10-02T16:23:25Z WARNING 17a546c4-6425-4c56-a43e-9f9f272d299c: failed while reading the NWB file (KeyError: 'Unable to synchronously open object (component not found)')
2026-10-02T16:23:25Z WARNING [6/1876] 17a546c4-6425-4c56-a43e-9f9f272d299c: leaving unrecorded for a later run to retry.
2026-10-02T16:23:26Z WARNING 19998990-d06f-40db-8d07-c5121b317b6a: failed while reading the NWB file (KeyError: 'Unable to synchronously open object (component not found)')
2026-10-02T16:23:26Z WARNING [7/1876] 19998990-d06f-40db-8d07-c5121b317b6a: leaving unrecorded for a later run to retry.
2026-10-02T16:23:27Z WARNING 1a18ed31-9155-4512-919f-b6875d14b9f3: failed while reading the NWB file (KeyError: 'Unable to synchronously open object (component not found)')
2026-10-02T16:23:27Z WARNING [8/1876] 1a18ed31-9155-4512-919f-b6875d14b9f3: leaving unrecorded for a later run to retry.
2026-10-02T16:23:28Z WARNING 1c2fff6f-f3a7-43fb-b7e2-a33218d41614: failed while reading the NWB file (KeyError: 'Unable to synchronously open object (component not found)')
2026-10-02T16:23:28Z WARNING [9/1876] 1c2fff6f-f3a7-43fb-b7e2-a33218d41614: leaving unrecorded for a later run to retry.
2026-10-02T16:23:30Z WARNING 20b5d243-5a61-4246-a5d5-ac9d9068183d: failed while reading the NWB file (KeyError: 'Unable to synchronously open object (component not found)')
2026-10-02T16:23:30Z WARNING [10/1876] 20b5d243-5a61-4246-a5d5-ac9d9068183d: leaving unrecorded for a later run to retry.
2026-10-02T16:23:31Z WARNING 20e4b649-b593-4ee3-bd02-f0645aad7021: failed while reading the NWB file (KeyError: 'Unable to synchronously open object (component not found)')
2026-10-02T16:23:31Z WARNING [11/1876] 20e4b649-b593-4ee3-bd02-f0645aad7021: leaving unrecorded for a later run to retry.
2026-10-02T16:23:31Z INFO [12/1876] 241a0b6c-5f86-4289-8851-20fd4ffc276f: cophenetic index 631; 0.5 s; peak memory 99 MiB.
2026-10-02T16:23:32Z INFO [13/1876] 241acd6b-5628-47d4-9381-bad97acac3f9: cophenetic index 3004; 0.8 s; peak memory 99 MiB.
2026-10-02T16:23:33Z INFO [14/1876] 241b8cc1-0830-467d-89b1-23615b8cd279: cophenetic index 3087; 0.8 s; peak memory 99 MiB.
2026-10-02T16:23:35Z INFO [15/1876] 241bcd77-45fe-41f3-a725-fcb3208c2cbe: cophenetic index 5473; 2.2 s; peak memory 100 MiB.
2026-10-02T16:23:36Z INFO [16/1876] 241bebbf-1213-4a8b-b837-d56794e8886e: cophenetic index 3004; 0.6 s; peak memory 100 MiB.
2026-10-02T16:23:36Z INFO [17/1876] 241c3d06-bb11-4666-9362-c9f615b60599: cophenetic index 624; 0.9 s; peak memory 100 MiB.
2026-10-02T16:23:38Z INFO [18/1876] 241d07b1-1074-480a-9bcc-9f87b693d412: cophenetic index 895; 1.8 s; peak memory 100 MiB.
2026-10-02T16:23:39Z INFO [19/1876] 241d6d5a-2204-44de-b442-4b13f5513e4c: cophenetic index 2114; 1.0 s; peak memory 100 MiB.
2026-10-02T16:23:43Z INFO [20/1876] 241d6da2-da10-4258-8cf6-cf7f9dabff48: cophenetic index 30866; 4.1 s; peak memory 105 MiB.
2026-10-02T16:23:44Z INFO [21/1876] 241d84e8-9c75-496f-9ffc-7fd30d94532f: cophenetic index 2625; 1.1 s; peak memory 105 MiB.
2026-10-02T16:23:45Z INFO [22/1876] 241d8ea9-ad61-48cc-b6c0-519bd306224f: cophenetic index 3004; 0.9 s; peak memory 105 MiB.
2026-10-02T16:23:46Z INFO [23/1876] 241e078a-ff11-4701-bd6f-d727f370a80e: cophenetic index 624; 0.9 s; peak memory 105 MiB.
2026-10-02T16:23:47Z INFO [24/1876] 241e13d9-1199-4675-a25b-5764740d6c8e: cophenetic index 624; 0.8 s; peak memory 105 MiB.
2026-10-02T16:23:48Z INFO [25/1876] 241e8a33-f5a1-448c-b15d-b22683e15e63: cophenetic index 427; 0.9 s; peak memory 105 MiB.
2026-10-02T16:23:54Z INFO [26/1876] 241f1281-5a95-4d6d-8dfc-bb5ae0b0ba30: cophenetic index 87573; 5.7 s; peak memory 107 MiB.
2026-10-02T16:23:55Z INFO [27/1876] 241f1f49-42c1-4425-a172-b09ea6638a83: cophenetic index 4015; 1.5 s; peak memory 107 MiB.
2026-10-02T16:23:57Z INFO [28/1876] 241f5b26-8a8a-4fc0-8752-998346d2ed66: cophenetic index 2573; 1.5 s; peak memory 107 MiB.
2026-10-02T16:23:57Z INFO [29/1876] 241f7543-5ff2-4c46-8770-ae4e0622d686: cophenetic index 30304; 0.9 s; peak memory 107 MiB.
2026-10-02T16:23:58Z WARNING 2420003b-b350-4a69-b1aa-b27f68179823: failed while reading the NWB file (KeyError: 'Unable to synchronously open object (component not found)')
2026-10-02T16:23:58Z WARNING [30/1876] 2420003b-b350-4a69-b1aa-b27f68179823: leaving unrecorded for a later run to retry.
2026-10-02T16:24:02Z INFO [31/1876] 24201add-8988-4508-aa90-c747d545c161: cophenetic index 8488; 3.9 s; peak memory 107 MiB.
2026-10-02T16:24:03Z INFO [32/1876] 24208bb3-801e-4116-972b-ef9b785f2439: cophenetic index 3057; 0.8 s; peak memory 107 MiB.
2026-10-02T16:24:04Z INFO [33/1876] 24218b07-afd8-4d5b-9f17-063d9ef4f922: cophenetic index 2625; 1.0 s; peak memory 107 MiB.
2026-10-02T16:24:05Z INFO [34/1876] 2421af46-05c5-4dc5-8176-a05d07da56c9: cophenetic index 1751; 1.1 s; peak memory 108 MiB.
2026-10-02T16:24:07Z INFO [35/1876] 24229ef8-0674-422f-8cfe-6b36c0e360dd: cophenetic index 5473; 2.5 s; peak memory 108 MiB.
2026-10-02T16:24:09Z INFO [36/1876] 2422d83a-3374-4bdd-85bc-66a959b6d3dd: cophenetic index 688; 1.9 s; peak memory 108 MiB.
2026-10-02T16:24:10Z INFO [37/1876] 2423639d-5ff0-4b42-accf-52437975fcb2: cophenetic index 649; 0.8 s; peak memory 108 MiB.
2026-10-02T16:24:11Z INFO [38/1876] 2423af33-afd5-4d4f-8405-e02e791a551b: cophenetic index 695; 1.0 s; peak memory 108 MiB.
2026-10-02T16:24:16Z INFO [39/1876] 242480c2-7010-424b-88d2-a80f22aae51f: cophenetic index 33285; 4.5 s; peak memory 108 MiB.
2026-10-02T16:24:16Z INFO [40/1876] 2425a315-4508-4fc2-86fe-539e49919abd: cophenetic index 624; 0.6 s; peak memory 108 MiB.
2026-10-02T16:24:17Z INFO [41/1876] 24263030-6a42-4b93-b6d9-2a5d355e046e: cophenetic index 624; 0.9 s; peak memory 108 MiB.
2026-10-02T16:24:18Z INFO [42/1876] 24265617-c12c-433b-8bde-4efc718e33e2: cophenetic index 33986; 1.1 s; peak memory 108 MiB.
2026-10-02T16:24:24Z INFO [43/1876] 24285fbc-68e6-4316-9d8b-a13a0919baa0: cophenetic index 87573; 6.0 s; peak memory 108 MiB.
2026-10-02T16:24:29Z INFO [44/1876] 2428c09a-3c15-41c2-aab0-11c4f483e08a: cophenetic index 72473; 4.6 s; peak memory 112 MiB.
2026-10-02T16:24:30Z INFO [45/1876] 2428ebd8-4461-4a50-8474-680bf7300c93: cophenetic index 2920; 0.8 s; peak memory 112 MiB.
2026-10-02T16:24:30Z INFO [46/1876] 242941f9-bd86-4d12-a390-a77b46ec0890: cophenetic index 629; 0.6 s; peak memory 112 MiB.
2026-10-02T16:24:31Z INFO [47/1876] 242a0182-9a34-4da2-a722-3f7684e6501d: cophenetic index 733; 0.5 s; peak memory 112 MiB.
2026-10-02T16:24:31Z INFO [48/1876] 242a127c-0390-41c7-852b-ed22956c5e8a: cophenetic index 624; 0.8 s; peak memory 112 MiB.
2026-10-02T16:24:32Z INFO [49/1876] 242a7b06-3b17-49d8-bd89-ae8b97f7e5c9: cophenetic index 3087; 1.0 s; peak memory 112 MiB.
2026-10-02T16:24:34Z INFO [50/1876] 242a9dcf-b23c-47b2-8e5d-585ad7b9cfbf: cophenetic index 458; 1.2 s; peak memory 112 MiB.
2026-10-02T16:24:34Z INFO [50/1876] 242a9dcf-b23c-47b2-8e5d-585ad7b9cfbf: checkpointed 64352 records.
2026-10-02T16:24:34Z INFO [51/1876] 242ac3d4-080d-4ac8-b26c-d2e711731c7d: cophenetic index 579; 0.5 s; peak memory 112 MiB.
2026-10-02T16:24:35Z INFO [52/1876] 242ad32d-9570-4b9d-89a0-c8596b7c94fe: cophenetic index 2782; 0.6 s; peak memory 112 MiB.
2026-10-02T16:24:36Z INFO [53/1876] 242c7520-ea89-48ed-8349-539ca635813e: cophenetic index 2625; 1.2 s; peak memory 112 MiB.
2026-10-02T16:24:37Z INFO [54/1876] 242c77d0-bbfd-4ca7-ad91-5134090cd1bd: cophenetic index 1002; 0.7 s; peak memory 112 MiB.
2026-10-02T16:24:42Z INFO [55/1876] 242ca802-bcfd-4d82-89d6-6e5429a7b566: cophenetic index 87401; 4.9 s; peak memory 112 MiB.
2026-10-02T16:24:42Z INFO [56/1876] 242cbc51-4a34-4f32-a13c-305db25acc6d: cophenetic index 651; 0.6 s; peak memory 112 MiB.
2026-10-02T16:24:44Z INFO [57/1876] 242d4296-95f1-4d6d-b513-c28755219ede: cophenetic index 901; 1.5 s; peak memory 112 MiB.
2026-10-02T16:24:49Z INFO [58/1876] 242ddf1a-4e3c-4498-8e10-1a32df3975de: cophenetic index 9298; 5.2 s; peak memory 112 MiB.
2026-10-02T16:24:50Z INFO [59/1876] 242e1104-ff10-46fc-99d8-de19825c7fb8: cophenetic index 688; 1.5 s; peak memory 112 MiB.
2026-10-02T16:24:51Z INFO [60/1876] 242ebea9-3ebc-4dfe-ad74-13d143873ba4: cophenetic index 624; 0.9 s; peak memory 112 MiB.
2026-10-02T16:24:53Z INFO [61/1876] 242f0ebc-65cf-4385-9c2c-101f8ee79e5c: cophenetic index 2625; 1.3 s; peak memory 112 MiB.
2026-10-02T16:24:59Z INFO [62/1876] 242f46a1-d2e1-4a4a-883e-38b28fbf7f3b: cophenetic index 124971; 6.6 s; peak memory 112 MiB.
2026-10-02T16:25:00Z INFO [63/1876] 242f680c-54dc-4316-a396-9eb44f006cff: cophenetic index 3004; 0.9 s; peak memory 112 MiB.
2026-10-02T16:25:01Z INFO [64/1876] 24314553-402d-4d5e-a77a-0385a3183631: cophenetic index 439; 1.2 s; peak memory 112 MiB.
2026-10-02T16:25:02Z INFO [65/1876] 243192b2-a5a1-489c-942f-d4e8ad841abb: cophenetic index 26986; 1.0 s; peak memory 112 MiB.
2026-10-02T16:25:04Z INFO [66/1876] 2432a904-25f9-4ef0-8dae-98c0cb950b8b: cophenetic index 2570; 1.3 s; peak memory 112 MiB.
2026-10-02T16:25:05Z INFO [67/1876] 2432e335-a06e-4556-aaef-3ad051a25b4c: cophenetic index 2625; 1.3 s; peak memory 112 MiB.
2026-10-02T16:25:06Z INFO [68/1876] 24331a3a-fd33-4826-be95-feb9d134582c: cophenetic index 3087; 0.8 s; peak memory 112 MiB.
2026-10-02T16:25:07Z INFO [69/1876] 24334a5c-48d7-4737-b06a-c18b95df67d7: cophenetic index 2570; 1.1 s; peak memory 112 MiB.
2026-10-02T16:25:08Z INFO [70/1876] 2433807f-79f4-49de-969e-c085f9f51b4e: cophenetic index 448; 0.8 s; peak memory 112 MiB.
2026-10-02T16:25:09Z INFO [71/1876] 2433c3eb-c461-4695-b88f-2f0ecbc90241: cophenetic index 605; 1.1 s; peak memory 112 MiB.
2026-10-02T16:25:10Z INFO [72/1876] 2433de0c-2b02-4f3c-8785-bba0d2bb02db: cophenetic index 624; 0.8 s; peak memory 112 MiB.
2026-10-02T16:25:11Z INFO [73/1876] 243478d9-347c-4e73-ab56-631a74d17c16: cophenetic index 2496; 1.0 s; peak memory 112 MiB.
2026-10-02T16:25:11Z INFO [74/1876] 2434cdd5-df86-4c4f-bd62-fa932c11c624: cophenetic index 490; 0.6 s; peak memory 112 MiB.
2026-10-02T16:25:12Z INFO [75/1876] 24351d75-d8e0-4403-b92c-534c335ff02e: cophenetic index 1087; 1.1 s; peak memory 112 MiB.
2026-10-02T16:25:14Z INFO [76/1876] 24363cbe-ef6c-4035-97d0-e4f8ffe8be46: cophenetic index 2625; 1.1 s; peak memory 112 MiB.
2026-10-02T16:25:14Z INFO [77/1876] 2437151b-5a63-4c9b-9127-91f1ddcc68e4: cophenetic index 649; 0.7 s; peak memory 112 MiB.
2026-10-02T16:25:23Z INFO [78/1876] 24376a5c-badb-477d-a8c2-edab6e68be72: cophenetic index 253066; 9.1 s; peak memory 123 MiB.
2026-10-02T16:25:25Z INFO [79/1876] 2438034c-544e-487f-843c-1c08cc9f49e9: cophenetic index 33968; 1.4 s; peak memory 123 MiB.
2026-10-02T16:25:26Z INFO [80/1876] 243957a0-5781-4ecf-b65e-cb17083dacfc: cophenetic index 2625; 1.0 s; peak memory 123 MiB.
2026-10-02T16:25:26Z INFO [81/1876] 2439a9eb-0aef-4cc9-86f8-b6bb4fcb0c08: cophenetic index 624; 0.7 s; peak memory 123 MiB.
2026-10-02T16:25:27Z INFO [82/1876] 243a0efc-8603-400b-ac43-ff1209275808: cophenetic index 624; 0.9 s; peak memory 123 MiB.
2026-10-02T16:25:28Z INFO [83/1876] 243a2d10-9bc5-4f26-bf35-ed5a906e45bf: cophenetic index 99120; 1.0 s; peak memory 123 MiB.
2026-10-02T16:25:30Z INFO [84/1876] 243a3419-a0e5-436b-87b0-dff1b5cdac79: cophenetic index 2625; 1.3 s; peak memory 123 MiB.
2026-10-02T16:25:31Z INFO [85/1876] 243c4627-9b0e-4d13-b2ab-82218cdccd28: cophenetic index 2625; 1.0 s; peak memory 123 MiB.
2026-10-02T16:25:32Z INFO [86/1876] 243cc244-a8b6-492d-a8bf-1f58a6768402: cophenetic index 972; 1.4 s; peak memory 123 MiB.
2026-10-02T16:25:33Z INFO [87/1876] 243d04f2-a0b0-4909-b872-09b629b46ded: cophenetic index 651; 0.7 s; peak memory 123 MiB.
2026-10-02T16:25:34Z INFO [88/1876] 243d933e-2f6a-4b7a-b22f-eb947d2aa859: cophenetic index 33998; 1.1 s; peak memory 123 MiB.
2026-10-02T16:25:35Z INFO [89/1876] 243d9699-83b9-403b-85a3-bdceb1ec3108: cophenetic index 99138; 1.4 s; peak memory 123 MiB.
2026-10-02T16:25:37Z INFO [90/1876] 243e1a5a-395d-4dfe-a867-e1443eb8f622: cophenetic index 2654; 1.8 s; peak memory 123 MiB.
2026-10-02T16:25:38Z INFO [91/1876] 243e2e26-01f1-45be-bf34-8654ca5d9d5b: cophenetic index 3004; 1.0 s; peak memory 123 MiB.
2026-10-02T16:25:39Z INFO [92/1876] 243ed7b8-3329-4563-a45a-8338325e1ee8: cophenetic index 649; 0.8 s; peak memory 123 MiB.
2026-10-02T16:25:45Z INFO [93/1876] 243f0f89-1553-492b-b9d3-a9c01a81ad47: cophenetic index 6715; 5.8 s; peak memory 123 MiB.
2026-10-02T16:25:45Z INFO [94/1876] 243f5fb7-4dfd-4251-ac01-eaac8d033e75: cophenetic index 624; 0.8 s; peak memory 123 MiB.
2026-10-02T16:25:47Z INFO [95/1876] 243f9169-5f0f-4779-a838-77cc36a754a2: cophenetic index 2625; 1.2 s; peak memory 123 MiB.
2026-10-02T16:25:47Z INFO [96/1876] 244004c6-af4a-4345-9433-4c586c1d7fe0: cophenetic index 624; 0.8 s; peak memory 123 MiB.
2026-10-02T16:25:50Z INFO [97/1876] 2440c326-c3f0-4284-b6ad-a8a1faeecb75: cophenetic index 13983; 3.1 s; peak memory 123 MiB.
2026-10-02T16:25:51Z INFO [98/1876] 24412750-8bad-4a0e-8cf7-351354fb1faf: cophenetic index 446; 0.5 s; peak memory 123 MiB.
2026-10-02T16:25:52Z INFO [99/1876] 244131fc-19fe-4eec-8491-d5b68b86e803: cophenetic index 624; 0.7 s; peak memory 123 MiB.
2026-10-02T16:25:58Z INFO [100/1876] 24428b36-3f95-47b3-b249-63e49fba3c26: cophenetic index 162284; 6.4 s; peak memory 123 MiB.
2026-10-02T16:25:58Z INFO [100/1876] 24428b36-3f95-47b3-b249-63e49fba3c26: checkpointed 64402 records.
2026-10-02T16:25:59Z INFO [101/1876] 24439212-e8f1-4f78-bc0e-18dca1026889: cophenetic index 33818; 1.1 s; peak memory 123 MiB.
2026-10-02T16:26:01Z INFO [102/1876] 2443fad0-4149-4540-bccd-b2833b937c0e: cophenetic index 1380; 1.3 s; peak memory 123 MiB.
2026-10-02T16:26:01Z INFO [103/1876] 24445945-4b70-41d2-8e1e-31c59f3925b1: cophenetic index 490; 0.6 s; peak memory 123 MiB.
2026-10-02T16:26:02Z INFO [104/1876] 2444e048-9adc-4bc1-9fd8-80d806c30806: cophenetic index 624; 0.7 s; peak memory 123 MiB.
2026-10-02T16:26:03Z INFO [105/1876] 2444f63b-d804-46b8-98fb-ed5ff8d94e6f: cophenetic index 988; 1.1 s; peak memory 123 MiB.
2026-10-02T16:26:08Z INFO [106/1876] 244594a9-5e17-4031-a4d6-1aba7b9daf58: cophenetic index 87573; 4.8 s; peak memory 123 MiB.
2026-10-02T16:26:09Z INFO [107/1876] 2445a40c-7db2-4f0a-aaef-075051e7ed56: cophenetic index 624; 0.8 s; peak memory 123 MiB.
2026-10-02T16:26:10Z INFO [108/1876] 2447f504-4968-4ebd-afa1-aed506c83542: cophenetic index 466; 1.0 s; peak memory 123 MiB.
2026-10-02T16:26:10Z INFO [109/1876] 24493b51-de3c-47b2-84cf-0b2c0a62d75c: cophenetic index 3087; 1.0 s; peak memory 123 MiB.
2026-10-02T16:26:11Z INFO [110/1876] 244a7a8f-ea06-4d5e-b4c4-09e6ec853f90: cophenetic index 2974; 0.9 s; peak memory 123 MiB.
2026-10-02T16:26:12Z INFO [111/1876] 244b2bac-e404-4025-a8f5-59dd05868d0c: cophenetic index 1470; 0.9 s; peak memory 123 MiB.
2026-10-02T16:26:13Z INFO [112/1876] 244ca3d3-b94d-4622-be35-b534ffd820d1: cophenetic index 624; 0.8 s; peak memory 123 MiB.
2026-10-02T16:26:14Z INFO [113/1876] 244cc833-3a43-4124-a654-a5bfa533909e: cophenetic index 624; 0.8 s; peak memory 123 MiB.
2026-10-02T16:26:15Z INFO [114/1876] 244cdbe6-1368-4065-a06a-ef41b5c414cd: cophenetic index 3004; 1.3 s; peak memory 123 MiB.
2026-10-02T16:26:16Z INFO [115/1876] 244d5fce-1f6f-45d3-a3ee-d55b70e54caa: cophenetic index 624; 0.6 s; peak memory 123 MiB.
2026-10-02T16:26:16Z INFO [116/1876] 244d8fcd-1e5a-481f-b1ea-5c7a91511b5c: cophenetic index 446; 0.4 s; peak memory 123 MiB.
2026-10-02T16:26:18Z INFO [117/1876] 244df883-0b23-4944-855d-3aeb6b4ae37f: cophenetic index 33968; 1.2 s; peak memory 123 MiB.
2026-10-02T16:26:19Z INFO [118/1876] 244e4b94-02ad-42d5-bef1-5a6b8a4197c9: cophenetic index 23259; 1.2 s; peak memory 123 MiB.
2026-10-02T16:26:20Z INFO [119/1876] 244eb1ad-9aae-4063-8535-13fd2dae52ba: cophenetic index 624; 0.8 s; peak memory 123 MiB.
2026-10-02T16:26:20Z INFO [120/1876] 244ee123-2179-46f2-a35b-e0ce7d67013b: cophenetic index 401; 0.6 s; peak memory 123 MiB.
2026-10-02T16:26:21Z INFO [121/1876] 244ef345-cf27-4f50-99ef-4d4d436515d8: cophenetic index 624; 0.8 s; peak memory 123 MiB.
2026-10-02T16:26:25Z INFO [122/1876] 244f1daa-7eb8-4b78-9f8a-32fedee8b6f9: cophenetic index 6715; 4.4 s; peak memory 123 MiB.
2026-10-02T16:26:26Z INFO [123/1876] 244f53ea-0d35-4c9e-bcc8-0bea59deb3ed: cophenetic index 3087; 0.8 s; peak memory 123 MiB.
2026-10-02T16:26:27Z INFO [124/1876] 244fc305-7e69-436c-94a3-0d9ce3334953: cophenetic index 3004; 0.7 s; peak memory 123 MiB.
2026-10-02T16:26:28Z INFO [125/1876] 2450fdd7-8081-4782-ae4e-e221eda77aaa: cophenetic index 497; 0.7 s; peak memory 123 MiB.
2026-10-02T16:26:29Z INFO [126/1876] 245147f0-4230-47af-9fa5-72a1b18acb34: cophenetic index 2625; 1.0 s; peak memory 124 MiB.
2026-10-02T16:26:29Z INFO [127/1876] 24515f9b-e0d1-42fc-a15e-cd7068e6fc44: cophenetic index 2625; 0.8 s; peak memory 124 MiB.
2026-10-02T16:26:30Z INFO [128/1876] 24520976-e5b9-4bfe-a230-dfed677cc1ab: cophenetic index 1144; 1.0 s; peak memory 124 MiB.
2026-10-02T16:26:31Z INFO [129/1876] 2452a015-b354-4df2-bc8b-1a9002430c07: cophenetic index 657; 0.4 s; peak memory 124 MiB.
2026-10-02T16:26:31Z INFO [130/1876] 245350bc-4cb4-4f4a-96d8-8f4102dfc333: cophenetic index 624; 0.6 s; peak memory 124 MiB.
2026-10-02T16:26:32Z INFO [131/1876] 24545b2b-9f53-4ca7-a30f-28a8efb3bf0e: cophenetic index 560; 0.5 s; peak memory 124 MiB.
2026-10-02T16:26:33Z INFO [132/1876] 24545f4c-a9e2-4421-ab92-9d3a67e8ab66: cophenetic index 13320; 0.8 s; peak memory 124 MiB.
2026-10-02T16:26:34Z INFO [133/1876] 24555f7c-2370-4076-b04e-91dfebf88aa4: cophenetic index 38460; 1.0 s; peak memory 124 MiB.
2026-10-02T16:26:35Z INFO [134/1876] 2455cb66-20cd-440b-842c-aed34a83a69c: cophenetic index 6100; 0.9 s; peak memory 124 MiB.
2026-10-02T16:26:37Z INFO [135/1876] 24598e95-c001-4ae9-badf-0d3873660198: cophenetic index 3045; 2.0 s; peak memory 124 MiB.
2026-10-02T16:26:38Z INFO [136/1876] 2459e41d-f61a-4fe6-b798-182a296a19e5: cophenetic index 2625; 1.0 s; peak memory 124 MiB.
2026-10-02T16:26:39Z INFO [137/1876] 245c89ce-c514-43a2-bc90-d04337bf1260: cophenetic index 99150; 1.5 s; peak memory 124 MiB.
2026-10-02T16:26:40Z INFO [138/1876] 246076f6-396a-4f2c-9b0b-1364c509568e: cophenetic index 560; 0.5 s; peak memory 124 MiB.
2026-10-02T16:26:40Z INFO [139/1876] 2461bc6d-986f-47fc-9d49-93a6a52b737a: cophenetic index 729; 0.6 s; peak memory 124 MiB.
2026-10-02T16:26:41Z INFO [140/1876] 246327f4-969e-4c38-96b6-4027bf030960: cophenetic index 1265; 0.5 s; peak memory 124 MiB.
2026-10-02T16:26:41Z INFO [141/1876] 24638e40-6cd2-4444-bcd0-2070ff9068ce: cophenetic index 624; 0.5 s; peak memory 124 MiB.
2026-10-02T16:26:42Z INFO [142/1876] 24641fa3-ee66-424d-9ccb-ec31cb5a063b: cophenetic index 3087; 1.0 s; peak memory 124 MiB.
2026-10-02T16:26:43Z INFO [143/1876] 2464a5b2-023e-476c-8a37-547f777b8bd1: cophenetic index 649; 0.6 s; peak memory 124 MiB.
2026-10-02T16:26:43Z INFO [144/1876] 2464aa5c-509b-45b8-9d14-173f47f5b531: cophenetic index 762; 0.5 s; peak memory 124 MiB.
2026-10-02T16:26:44Z INFO [145/1876] 24652a06-4c9b-45b2-95e3-8a6f95b0afb6: cophenetic index 754; 0.9 s; peak memory 124 MiB.
2026-10-02T16:26:45Z INFO [146/1876] 24657a0f-2455-4b3c-b6ec-9b8dc7b8c6c1: cophenetic index 2625; 1.1 s; peak memory 124 MiB.
2026-10-02T16:26:49Z INFO [147/1876] 24668de6-a470-428f-a6fa-dcc007740487: cophenetic index 10387; 3.6 s; peak memory 124 MiB.
2026-10-02T16:26:50Z INFO [148/1876] 24682118-23b2-4504-964c-5dca1fd56f33: cophenetic index 2570; 0.8 s; peak memory 124 MiB.
2026-10-02T16:26:54Z INFO [149/1876] 246835be-19f0-4d3d-a00f-430b70ac5765: cophenetic index 12727; 4.3 s; peak memory 124 MiB.
2026-10-02T16:26:55Z INFO [150/1876] 246837a5-f768-4511-b888-3bdbf592ed55: cophenetic index 431; 0.6 s; peak memory 124 MiB.
2026-10-02T16:26:55Z INFO [150/1876] 246837a5-f768-4511-b888-3bdbf592ed55: checkpointed 64452 records.
2026-10-02T16:26:57Z INFO [151/1876] 2468c938-1eb4-48d6-860b-a239aaed343b: cophenetic index 5473; 2.3 s; peak memory 124 MiB.
2026-10-02T16:26:58Z INFO [152/1876] 24696f11-66da-4c34-8679-27814a565c9f: cophenetic index 937; 0.8 s; peak memory 124 MiB.
2026-10-02T16:26:58Z INFO [153/1876] 246996a2-b651-45da-9a74-100a09e1add4: cophenetic index 624; 0.6 s; peak memory 124 MiB.
2026-10-02T16:26:59Z INFO [154/1876] 246a3522-02cc-455e-a3d8-a8a0d2c07451: cophenetic index 624; 0.4 s; peak memory 124 MiB.
2026-10-02T16:26:59Z INFO [155/1876] 246aa7f6-be7a-479a-96ad-ac48385f80d7: cophenetic index 2923; 0.6 s; peak memory 124 MiB.
2026-10-02T16:27:01Z INFO [156/1876] 246d04f7-f895-4550-bc6f-04b32fe8e723: cophenetic index 2625; 1.2 s; peak memory 124 MiB.
2026-10-02T16:27:01Z INFO [157/1876] 246d08af-e553-4654-9d73-7d8c6faa5bc1: cophenetic index 3004; 0.7 s; peak memory 124 MiB.
2026-10-02T16:27:02Z INFO [158/1876] 246d3eb9-570f-4fe9-8ce0-5fd04e070e94: cophenetic index 579; 0.5 s; peak memory 124 MiB.
2026-10-02T16:27:02Z INFO [159/1876] 246e1110-bebb-4047-9793-74934cd13fe4: cophenetic index 1584; 0.8 s; peak memory 124 MiB.
2026-10-02T16:27:03Z INFO [160/1876] 246e4d3e-e484-4a27-8f57-06f1906e7716: cophenetic index 624; 0.6 s; peak memory 124 MiB.
2026-10-02T16:27:04Z INFO [161/1876] 246e865d-c423-4daf-9d11-b7bc92846b5f: cophenetic index 33986; 0.9 s; peak memory 124 MiB.
2026-10-02T16:27:04Z INFO [162/1876] 246f6c0b-3571-4776-a71c-99072143677f: cophenetic index 490; 0.5 s; peak memory 124 MiB.
2026-10-02T16:27:05Z INFO [163/1876] 24706487-8d6b-402d-b818-0718d98da84b: cophenetic index 3087; 0.8 s; peak memory 124 MiB.
2026-10-02T16:27:09Z INFO [164/1876] 24712a7a-afec-4b07-b44c-2cc07717006a: cophenetic index 5466; 3.6 s; peak memory 124 MiB.
2026-10-02T16:27:10Z INFO [165/1876] 2471bdf4-dcab-404c-bde2-34b213b8e785: cophenetic index 2391; 1.6 s; peak memory 124 MiB.
2026-10-02T16:27:11Z INFO [166/1876] 2471e822-e793-4221-ae43-7ce28aa0f331: cophenetic index 3087; 1.0 s; peak memory 124 MiB.
2026-10-02T16:27:14Z INFO [167/1876] 24724790-2de9-4768-8b8e-c97c076ac599: cophenetic index 14905; 2.6 s; peak memory 124 MiB.
2026-10-02T16:27:15Z INFO [168/1876] 2473a270-1b71-49e3-9103-3d0b7cf1c594: cophenetic index 624; 0.6 s; peak memory 124 MiB.
2026-10-02T16:27:15Z INFO [169/1876] 247433b6-7663-4657-8e6a-10b36e3415e2: cophenetic index 2625; 0.8 s; peak memory 124 MiB.
2026-10-02T16:27:17Z INFO [170/1876] 247542ad-8332-40a0-a0c8-0fb8f36fce44: cophenetic index 910; 1.3 s; peak memory 124 MiB.
2026-10-02T16:27:20Z INFO [171/1876] 2475686e-5f53-401f-973a-4b454b0774a8: cophenetic index 9181; 3.4 s; peak memory 124 MiB.
2026-10-02T16:27:21Z INFO [172/1876] 24768c14-5eef-455d-aafb-98aa57a719f8: cophenetic index 624; 0.4 s; peak memory 124 MiB.
2026-10-02T16:27:22Z INFO [173/1876] 2476aaf4-f76f-4b05-9263-f8b7640c036a: cophenetic index 613; 1.3 s; peak memory 124 MiB.
2026-10-02T16:27:24Z INFO [174/1876] 2476c25f-79df-428e-b86c-970a26864561: cophenetic index 5473; 2.2 s; peak memory 124 MiB.
2026-10-02T16:27:28Z INFO [175/1876] 2476d1fc-d2cc-483a-bf6c-38f8cdf53b2c: cophenetic index 70809; 4.2 s; peak memory 124 MiB.
2026-10-02T16:27:29Z INFO [176/1876] 2477b47b-5d21-4370-a432-3801353c3efa: cophenetic index 3004; 0.8 s; peak memory 124 MiB.
2026-10-02T16:27:30Z INFO [177/1876] 2478c3d4-d33e-423d-a3c8-88eeb5251fdb: cophenetic index 624; 0.6 s; peak memory 124 MiB.
2026-10-02T16:27:31Z INFO [178/1876] 2479757b-3156-4a39-8616-de7919a30d43: cophenetic index 33998; 1.1 s; peak memory 124 MiB.
2026-10-02T16:27:32Z INFO [179/1876] 2479d1eb-be57-422e-be49-aecb13ba2ad7: cophenetic index 788; 0.8 s; peak memory 124 MiB.
2026-10-02T16:27:33Z INFO [180/1876] 247a868b-aced-4ee3-8b66-b54c0b4dbb89: cophenetic index 4677; 1.8 s; peak memory 124 MiB.
2026-10-02T16:27:38Z INFO [181/1876] 247b88bf-18ac-49be-9ad4-cc272090140d: cophenetic index 14699; 4.3 s; peak memory 124 MiB.
2026-10-02T16:27:38Z INFO [182/1876] 247ba227-adab-479d-86f7-6ef0f5eec481: cophenetic index 624; 0.4 s; peak memory 124 MiB.
2026-10-02T16:27:39Z INFO [183/1876] 247bce95-3284-4f01-a26d-8079e085f8f8: cophenetic index 605; 0.7 s; peak memory 124 MiB.
2026-10-02T16:27:39Z INFO [184/1876] 247c70a5-b4c0-4c67-ad0e-490610c961aa: cophenetic index 739; 0.4 s; peak memory 124 MiB.
2026-10-02T16:27:40Z INFO [185/1876] 247d14f3-3ec8-4a3a-916b-1667ed9bf05f: cophenetic index 401; 0.5 s; peak memory 124 MiB.
2026-10-02T16:27:40Z INFO [186/1876] 247f26bc-cdbe-41e5-8ac0-56e385509e69: cophenetic index 2625; 0.8 s; peak memory 124 MiB.
2026-10-02T16:27:42Z INFO [187/1876] 247f5233-8c1e-47bd-a1a5-69b6c2298828: cophenetic index 325333; 1.4 s; peak memory 124 MiB.
2026-10-02T16:27:42Z INFO [188/1876] 24803bd2-52c2-40a1-9575-993ed9deea17: cophenetic index 624; 0.6 s; peak memory 124 MiB.
2026-10-02T16:27:43Z INFO [189/1876] 24809641-6280-41c0-82f7-13823587bba4: cophenetic index 34170; 0.9 s; peak memory 124 MiB.
2026-10-02T16:27:45Z INFO [190/1876] 2480f592-0fc2-476f-a5af-b3dcba26fe1e: cophenetic index 2402; 1.7 s; peak memory 124 MiB.
2026-10-02T16:27:46Z INFO [191/1876] 248116e0-da48-49e1-b02e-1f206b019e62: cophenetic index 1025; 0.7 s; peak memory 124 MiB.
2026-10-02T16:27:46Z INFO [192/1876] 24812c97-995a-4459-85b8-4e07bca87d0c: cophenetic index 627; 0.4 s; peak memory 124 MiB.
2026-10-02T16:27:47Z INFO [193/1876] 2481899c-186a-4a0c-a02e-d780af149595: cophenetic index 3087; 0.7 s; peak memory 124 MiB.
2026-10-02T16:27:48Z INFO [194/1876] 2481e495-133d-4705-91e3-c83497edf46d: cophenetic index 33986; 0.9 s; peak memory 124 MiB.
2026-10-02T16:27:52Z INFO [195/1876] 24824fee-9321-4fa7-b1a0-396fc7015aa4: cophenetic index 12973; 3.9 s; peak memory 124 MiB.
2026-10-02T16:27:52Z INFO [196/1876] 2482c85d-bd7a-42e8-8236-7075684b9d25: cophenetic index 624; 0.6 s; peak memory 124 MiB.
2026-10-02T16:27:53Z INFO [197/1876] 2483038f-d4da-4817-9d49-be51ea642e4e: cophenetic index 2625; 1.1 s; peak memory 124 MiB.
2026-10-02T16:27:54Z INFO [198/1876] 2484561b-d51a-4333-97d2-faed45a1f2ad: cophenetic index 33968; 1.0 s; peak memory 124 MiB.
2026-10-02T16:27:55Z INFO [199/1876] 2484aa75-6fd5-4441-bc43-27e3f57c92b7: cophenetic index 3087; 0.8 s; peak memory 124 MiB.
2026-10-02T16:27:55Z INFO [200/1876] 24854228-0a30-4f5f-90c8-2058740d9b6e: cophenetic index 624; 0.5 s; peak memory 124 MiB.
2026-10-02T16:27:56Z INFO [200/1876] 24854228-0a30-4f5f-90c8-2058740d9b6e: checkpointed 64502 records.
2026-10-02T16:28:00Z INFO [201/1876] 24854b52-f8ff-4711-9f40-7c8bb6a3bc41: cophenetic index 7888; 4.2 s; peak memory 124 MiB.
2026-10-02T16:28:02Z INFO [202/1876] 2486c812-89d3-43b5-a3a7-2c1a7eb79a4d: cophenetic index 5473; 2.2 s; peak memory 124 MiB.
2026-10-02T16:28:03Z INFO [203/1876] 24879559-ee84-49e3-8799-b5735acfe2bd: cophenetic index 2625; 1.0 s; peak memory 124 MiB.
2026-10-02T16:28:04Z INFO [204/1876] 2489857c-d057-4ce5-9acd-e28b16d6d5d9: cophenetic index 3004; 0.9 s; peak memory 124 MiB.
2026-10-02T16:28:04Z INFO [205/1876] 248a00c8-614e-4e8b-b115-55ad41139379: cophenetic index 624; 0.7 s; peak memory 124 MiB.
2026-10-02T16:28:09Z INFO [206/1876] 248c1166-f305-45bf-9169-3cbb3c5e6eba: cophenetic index 33579; 4.7 s; peak memory 124 MiB.
2026-10-02T16:28:10Z INFO [207/1876] 248c31ce-37ac-41f8-871a-6178bed09e2e: cophenetic index 624; 0.6 s; peak memory 124 MiB.
2026-10-02T16:28:10Z INFO [208/1876] 248cd6d2-8784-47ca-a6fb-d81713eeb0a1: cophenetic index 2974; 0.7 s; peak memory 124 MiB.
2026-10-02T16:28:11Z INFO [209/1876] 248d69f3-1d44-4b30-81d1-45a6cd73908c: cophenetic index 23364; 0.7 s; peak memory 124 MiB.
2026-10-02T16:28:15Z INFO [210/1876] 248eafb5-063d-4396-9835-0561df9d5c97: cophenetic index 87573; 3.6 s; peak memory 124 MiB.
2026-10-02T16:28:15Z INFO [211/1876] 248f16b0-c8ab-4ae3-81cf-132eca3faafe: cophenetic index 624; 0.5 s; peak memory 124 MiB.
2026-10-02T16:28:16Z INFO [212/1876] 248faa1e-0687-4d07-88c2-446119ffe687: cophenetic index 33986; 0.9 s; peak memory 124 MiB.
2026-10-02T16:28:17Z INFO [213/1876] 248fbc59-b4b1-46a7-b08e-cdc723c7b089: cophenetic index 624; 0.5 s; peak memory 124 MiB.
2026-10-02T16:28:17Z INFO [214/1876] 249085d3-1d53-435d-bb73-36012c7e90dd: cophenetic index 624; 0.5 s; peak memory 124 MiB.
2026-10-02T16:28:18Z INFO [215/1876] 2490a9bf-3632-4fbf-a77d-8583bd5195c5: cophenetic index 2844; 0.8 s; peak memory 124 MiB.
2026-10-02T16:28:19Z INFO [216/1876] 2490e735-81ee-4d10-b1b9-b154f862e87a: cophenetic index 624; 0.6 s; peak memory 124 MiB.
2026-10-02T16:28:19Z INFO [217/1876] 2491f1d2-f05a-4cac-8801-ccb55c3d7bd0: cophenetic index 573; 0.9 s; peak memory 124 MiB.
2026-10-02T16:28:20Z INFO [218/1876] 2492828c-8505-4a6e-b996-113e5ece89a5: cophenetic index 3004; 0.9 s; peak memory 124 MiB.
2026-10-02T16:28:21Z INFO [219/1876] 2493abae-d771-4439-86f2-eccd9f01d8ff: cophenetic index 690; 0.5 s; peak memory 124 MiB.
2026-10-02T16:28:21Z INFO [220/1876] 2493bf2e-90e4-41d0-b47d-ba0ef9de8cf8: cophenetic index 624; 0.5 s; peak memory 124 MiB.
2026-10-02T16:28:22Z INFO [221/1876] 2493fef8-8e16-459d-815a-8440605efbf9: cophenetic index 433; 0.4 s; peak memory 124 MiB.
2026-10-02T16:28:22Z INFO [222/1876] 2494d626-bc5e-4ed3-95f0-edfc7b528c57: cophenetic index 490; 0.7 s; peak memory 124 MiB.
2026-10-02T16:28:23Z INFO [223/1876] 2495512c-0746-4be7-be1c-baf9aca7f384: cophenetic index 725; 0.6 s; peak memory 124 MiB.
2026-10-02T16:28:23Z INFO [224/1876] 249554c8-a340-4e46-860c-bed7eab3deab: cophenetic index 579; 0.5 s; peak memory 124 MiB.
2026-10-02T16:28:24Z INFO [225/1876] 24984bb4-5643-45f7-8851-ea969e07ea30: cophenetic index 1739; 0.8 s; peak memory 124 MiB.
2026-10-02T16:28:25Z INFO [226/1876] 2498e487-f825-48d8-9cf4-fce9def05303: cophenetic index 1949; 1.0 s; peak memory 124 MiB.
2026-10-02T16:28:26Z INFO [227/1876] 24999746-90d5-4c5c-ab52-b8b520c7b5e8: cophenetic index 672; 0.5 s; peak memory 124 MiB.
2026-10-02T16:28:26Z INFO [228/1876] 2499d490-e1ff-4ded-a66a-d14a999e05e2: cophenetic index 624; 0.5 s; peak memory 124 MiB.
2026-10-02T16:28:27Z INFO [229/1876] 249a2135-04d1-4f48-a3ba-dbb7a98d7e2a: cophenetic index 1929; 0.9 s; peak memory 124 MiB.
2026-10-02T16:28:28Z INFO [230/1876] 249aa2f5-9ae4-48d7-a8b4-86c3b69106e5: cophenetic index 949; 1.0 s; peak memory 124 MiB.
2026-10-02T16:28:30Z INFO [231/1876] 249b39cd-cb66-4cd0-a06d-519d8a677f1b: cophenetic index 7765; 2.0 s; peak memory 124 MiB.
2026-10-02T16:28:31Z INFO [232/1876] 249b6e99-d461-4577-9922-a70cf187e0d4: cophenetic index 3004; 0.9 s; peak memory 124 MiB.
2026-10-02T16:28:31Z INFO [233/1876] 249bfe62-6e72-4aea-a030-367da3e33724: cophenetic index 2782; 0.5 s; peak memory 124 MiB.
2026-10-02T16:28:32Z INFO [234/1876] 249c8efb-13b7-4ed1-beb1-911a9c92767e: cophenetic index 33962; 0.9 s; peak memory 124 MiB.
2026-10-02T16:28:38Z INFO [235/1876] 249eb4e0-ce4b-4592-85a8-032bacb62f49: cophenetic index 206913; 5.3 s; peak memory 124 MiB.
2026-10-02T16:28:40Z INFO [236/1876] 249ee126-2f86-4bc9-9310-209689dfc4e9: cophenetic index 2236; 2.1 s; peak memory 124 MiB.
2026-10-02T16:28:40Z INFO [237/1876] 249f127f-3869-4403-a234-90cef13c659f: cophenetic index 431; 0.6 s; peak memory 124 MiB.
2026-10-02T16:28:45Z INFO [238/1876] 249f34f6-de7a-44ce-950e-ba3cbc25769a: cophenetic index 87573; 4.6 s; peak memory 124 MiB.
2026-10-02T16:28:46Z INFO [239/1876] 24a0fe58-3d5d-410a-8052-cb97d142806e: cophenetic index 624; 0.5 s; peak memory 124 MiB.
2026-10-02T16:28:46Z INFO [240/1876] 24a1ad06-c731-4bb1-aefb-a7d7a57f32d9: cophenetic index 2570; 0.8 s; peak memory 124 MiB.
2026-10-02T16:28:47Z INFO [241/1876] 24a29f46-4805-49fa-9d51-c2c16f4d8754: cophenetic index 490; 0.5 s; peak memory 124 MiB.
2026-10-02T16:28:50Z INFO [242/1876] 24a34f13-3fe1-4711-9f79-ac6ba63e234f: cophenetic index 6591; 3.0 s; peak memory 124 MiB.
2026-10-02T16:28:54Z INFO [243/1876] 24a448bd-ae9a-4154-8946-003648badab8: cophenetic index 9548; 4.0 s; peak memory 124 MiB.
2026-10-02T16:28:57Z INFO [244/1876] 24a52a36-b4a6-4de0-9148-eedba3cce491: cophenetic index 9298; 3.2 s; peak memory 124 MiB.
2026-10-02T16:28:58Z INFO [245/1876] 24a592f8-77c8-44b7-8b3f-1ca34ac71e39: cophenetic index 33986; 1.0 s; peak memory 124 MiB.
2026-10-02T16:28:59Z INFO [246/1876] 24a59697-fd94-4d83-b228-11837fbb79ed: cophenetic index 767; 0.5 s; peak memory 124 MiB.
2026-10-02T16:28:59Z INFO [247/1876] 24a5e563-93de-4e9b-a864-27424de330eb: cophenetic index 649; 0.8 s; peak memory 124 MiB.
2026-10-02T16:29:04Z INFO [248/1876] 24a65db1-167b-4ca3-854a-acc4a76d2e22: cophenetic index 87573; 4.4 s; peak memory 124 MiB.
2026-10-02T16:29:05Z INFO [249/1876] 24a6b949-33a9-4656-8811-685dfb9b2dfe: cophenetic index 3972; 1.0 s; peak memory 124 MiB.
2026-10-02T16:29:05Z INFO [250/1876] 24a6c0e6-fedd-4c7d-a0eb-8bbd9f2c4166: cophenetic index 624; 0.7 s; peak memory 124 MiB.
2026-10-02T16:29:05Z INFO [250/1876] 24a6c0e6-fedd-4c7d-a0eb-8bbd9f2c4166: checkpointed 64552 records.
2026-10-02T16:29:06Z INFO [251/1876] 24a80d3b-bf44-4e85-bfd1-3fa0ba8cffa8: cophenetic index 490; 0.6 s; peak memory 124 MiB.
2026-10-02T16:29:08Z INFO [252/1876] 24a87fa4-a0da-47cb-9c0c-dd0b2addb919: cophenetic index 4596; 2.2 s; peak memory 124 MiB.
2026-10-02T16:29:15Z INFO [253/1876] 24a8b057-8a8a-4eb5-854f-1cb549202933: cophenetic index 48665; 6.7 s; peak memory 124 MiB.
2026-10-02T16:29:16Z INFO [254/1876] 24a92512-119d-42b2-8915-f78b8cb67eba: cophenetic index 624; 0.6 s; peak memory 124 MiB.
2026-10-02T16:29:17Z INFO [255/1876] 24aa386d-e047-4c67-bd38-30e382644840: cophenetic index 2524; 1.2 s; peak memory 124 MiB.
2026-10-02T16:29:18Z INFO [256/1876] 24aaae22-b7f1-4033-8f05-b6a230ba7453: cophenetic index 4015; 1.7 s; peak memory 124 MiB.
2026-10-02T16:29:19Z INFO [257/1876] 24aafd80-62c5-4e9e-b3f7-d6962d07c238: cophenetic index 581; 0.6 s; peak memory 124 MiB.
2026-10-02T16:29:20Z INFO [258/1876] 24ad07c6-2a49-4c76-902f-5ed0b0946420: cophenetic index 791; 0.9 s; peak memory 124 MiB.
2026-10-02T16:29:21Z INFO [259/1876] 24ad32fa-dd2f-4da4-99f3-a34b1be1796c: cophenetic index 2570; 0.9 s; peak memory 124 MiB.
2026-10-02T16:29:22Z INFO [260/1876] 24ae5722-a088-41b6-b746-0e76bb787f52: cophenetic index 581; 0.7 s; peak memory 124 MiB.
2026-10-02T16:29:23Z INFO [261/1876] 24af45fc-01fe-4b49-ae8e-f915c3e02827: cophenetic index 33968; 1.1 s; peak memory 124 MiB.
2026-10-02T16:29:28Z INFO [262/1876] 24b10f12-7276-4468-9851-7d8717645c50: cophenetic index 14296; 5.3 s; peak memory 124 MiB.
2026-10-02T16:29:32Z INFO [263/1876] 24b1c3a9-2b2b-4f39-a76c-13edc9463a1e: cophenetic index 61717; 4.6 s; peak memory 124 MiB.
2026-10-02T16:29:33Z INFO [264/1876] 24b26828-1efa-4cb9-b09c-9b66bf877dca: cophenetic index 624; 0.7 s; peak memory 124 MiB.
2026-10-02T16:29:34Z INFO [265/1876] 24b27f47-e169-48ca-8e3e-f7ab5a10871b: cophenetic index 649; 0.8 s; peak memory 124 MiB.
2026-10-02T16:29:35Z INFO [266/1876] 24b280ea-38b6-40c8-bd21-4178f077bfe2: cophenetic index 624; 0.6 s; peak memory 124 MiB.
2026-10-02T16:29:35Z INFO [267/1876] 24b2ad43-4d4d-47a0-aaff-04ffdaf4e145: cophenetic index 23436; 0.8 s; peak memory 124 MiB.
2026-10-02T16:29:37Z INFO [268/1876] 24b2e287-7192-463e-952b-efcb7ef1befe: cophenetic index 761; 1.3 s; peak memory 124 MiB.
2026-10-02T16:29:37Z INFO [269/1876] 24b2ee72-5dd8-4934-8118-b8e82b9e8b1a: cophenetic index 490; 0.4 s; peak memory 124 MiB.
2026-10-02T16:29:41Z INFO [270/1876] 24b345d9-5178-4cef-baa9-84e6e35a0fab: cophenetic index 115048; 4.1 s; peak memory 124 MiB.
2026-10-02T16:29:47Z INFO [271/1876] 24b38da3-c1b8-4254-865f-192c269d3cac: cophenetic index 1758773; 6.1 s; peak memory 124 MiB.
2026-10-02T16:29:49Z INFO [272/1876] 24b4817c-e965-422c-8368-19be32db8788: cophenetic index 895; 1.5 s; peak memory 124 MiB.
2026-10-02T16:30:08Z INFO [273/1876] 24b4f361-1138-477d-b6b5-94fd2ec6ea7f: cophenetic index 3360961; 19.6 s; peak memory 144 MiB.
2026-10-02T16:30:16Z INFO [274/1876] 24b51ec1-281c-4a41-8dcf-f8b7f85d76dd: cophenetic index 48665; 7.8 s; peak memory 144 MiB.
2026-10-02T16:30:17Z INFO [275/1876] 24b58848-27cd-4d4e-92b9-1804602df8ac: cophenetic index 949; 1.0 s; peak memory 144 MiB.
2026-10-02T16:30:18Z INFO [276/1876] 24b5cb77-7515-48b3-8815-40f024787106: cophenetic index 23379; 0.8 s; peak memory 144 MiB.
2026-10-02T16:30:25Z INFO [277/1876] 24b703b5-530e-4ee1-9c3e-bef5bdc81fc0: cophenetic index 179919; 7.1 s; peak memory 144 MiB.
2026-10-02T16:30:26Z INFO [278/1876] 24b7ef72-4b36-47d8-a860-14c584901256: cophenetic index 624; 0.8 s; peak memory 144 MiB.
2026-10-02T16:30:28Z INFO [279/1876] 24b828c3-1dc6-491b-a201-ddb3f90fcad0: cophenetic index 29384; 2.4 s; peak memory 144 MiB.
2026-10-02T16:30:30Z INFO [280/1876] 24b8cd7f-f4fd-45ba-90af-ef4ba009e1ea: cophenetic index 949; 1.4 s; peak memory 144 MiB.
2026-10-02T16:30:30Z INFO [281/1876] 24b970be-8b4f-4383-ba72-408e461b9c10: cophenetic index 624; 0.7 s; peak memory 144 MiB.
2026-10-02T16:30:32Z INFO [282/1876] 24b9edb1-27a2-46e4-8210-40da316bc007: cophenetic index 895; 1.2 s; peak memory 144 MiB.
2026-10-02T16:30:32Z INFO [283/1876] 24bad2c2-ee4c-4996-bbad-2ec2bf662b0e: cophenetic index 651; 0.5 s; peak memory 144 MiB.
2026-10-02T16:30:33Z INFO [284/1876] 24bb6aa8-d04e-4954-93cc-97e0d60b3438: cophenetic index 624; 0.9 s; peak memory 144 MiB.
2026-10-02T16:30:34Z INFO [285/1876] 24bbbd32-6af7-4488-99df-243822d9b4d8: cophenetic index 791; 1.1 s; peak memory 144 MiB.
2026-10-02T16:30:37Z INFO [286/1876] 24bd6187-bad3-4677-81fd-cfd525c4bb1c: cophenetic index 44453; 3.3 s; peak memory 144 MiB.
2026-10-02T16:30:38Z INFO [287/1876] 24bd7a5b-0537-42e6-a1d4-92e0ff9cec7a: cophenetic index 3087; 0.8 s; peak memory 144 MiB.
2026-10-02T16:30:39Z INFO [288/1876] 24bda8ce-e324-4395-88d7-f27c32be1e58: cophenetic index 624; 0.8 s; peak memory 144 MiB.
2026-10-02T16:30:43Z INFO [289/1876] 24bdaede-5986-4583-8641-86c25f8f57fc: cophenetic index 9181; 4.5 s; peak memory 144 MiB.
2026-10-02T16:30:44Z INFO [290/1876] 24bddffc-fb2f-438e-b2ba-c9a2fe566b0e: cophenetic index 23966; 0.8 s; peak memory 144 MiB.
2026-10-02T16:30:45Z INFO [291/1876] 24be3e69-66d0-473d-ad1b-42800a4195f4: cophenetic index 441; 1.0 s; peak memory 144 MiB.
2026-10-02T16:30:47Z INFO [292/1876] 24be9773-6a0b-4d5a-b2fe-612fc8648ee3: cophenetic index 2682; 1.8 s; peak memory 144 MiB.
2026-10-02T16:30:48Z INFO [293/1876] 24bee6bb-6abd-4053-8c14-fcd72d08700a: cophenetic index 624; 0.9 s; peak memory 144 MiB.
2026-10-02T16:30:48Z INFO [294/1876] 24c084be-ea4a-4610-9e99-7408b1ec33fe: cophenetic index 446; 0.4 s; peak memory 144 MiB.
2026-10-02T16:30:49Z INFO [295/1876] 24c10471-c6c1-4710-9e9d-fc1f9c3e1fbf: cophenetic index 3004; 0.7 s; peak memory 144 MiB.
2026-10-02T16:30:50Z INFO [296/1876] 24c1b9c3-60b2-488d-ab70-a283fcef05b7: cophenetic index 624; 0.8 s; peak memory 144 MiB.
2026-10-02T16:30:51Z INFO [297/1876] 24c2b712-626f-4564-b1db-d53928e0e482: cophenetic index 26986; 1.0 s; peak memory 144 MiB.
2026-10-02T16:30:52Z INFO [298/1876] 24c3fe62-27e4-4160-a93e-57e45b19573b: cophenetic index 3004; 0.8 s; peak memory 144 MiB.
2026-10-02T16:30:52Z INFO [299/1876] 24c434e7-4c8d-455d-9bab-08a1a223e5c3: cophenetic index 729; 0.5 s; peak memory 144 MiB.
2026-10-02T16:30:53Z INFO [300/1876] 24c45f12-e40c-4529-b836-09653b372265: cophenetic index 446; 0.6 s; peak memory 144 MiB.
2026-10-02T16:30:53Z INFO [300/1876] 24c45f12-e40c-4529-b836-09653b372265: checkpointed 64602 records.
2026-10-02T16:30:54Z INFO [301/1876] 24c463d1-bb70-45f4-8483-871f87f725f4: cophenetic index 1087; 1.2 s; peak memory 144 MiB.
2026-10-02T16:30:55Z INFO [302/1876] 24c46e6c-2b39-4264-88ea-c6816cd147e8: cophenetic index 2625; 0.7 s; peak memory 144 MiB.
2026-10-02T16:30:56Z INFO [303/1876] 24c504d4-335c-40de-8b2b-78c163cb0d68: cophenetic index 3087; 0.9 s; peak memory 144 MiB.
2026-10-02T16:30:56Z INFO [304/1876] 24c52803-3622-480a-b69b-f2d5c9e89cdb: cophenetic index 581; 0.8 s; peak memory 144 MiB.
2026-10-02T16:30:57Z INFO [305/1876] 24c55cf4-9dff-422f-a629-d13c0842b869: cophenetic index 649; 0.8 s; peak memory 144 MiB.
2026-10-02T16:30:59Z INFO [306/1876] 24c5905c-20e9-471d-9e56-2321ce9f0646: cophenetic index 99150; 1.7 s; peak memory 144 MiB.
2026-10-02T16:31:00Z INFO [307/1876] 24c5a47f-645c-4ec7-8d91-53da5997b931: cophenetic index 33998; 1.1 s; peak memory 144 MiB.
2026-10-02T16:31:01Z INFO [308/1876] 24c5c341-386a-4878-a132-04009d5c9cb7: cophenetic index 605; 0.9 s; peak memory 144 MiB.
2026-10-02T16:31:02Z INFO [309/1876] 24c60859-fa6f-4b66-ac1e-e95f586ee12c: cophenetic index 3087; 0.9 s; peak memory 144 MiB.
2026-10-02T16:31:03Z INFO [310/1876] 24c66f3f-89bd-4fa1-aa6c-0341f1cbca73: cophenetic index 2625; 1.2 s; peak memory 144 MiB.
2026-10-02T16:31:07Z INFO [311/1876] 24c6fab8-7f67-4a64-b975-6de3a6197639: cophenetic index 14455; 3.8 s; peak memory 144 MiB.
2026-10-02T16:31:07Z INFO [312/1876] 24c740f0-2910-47f8-878e-8aa37a529f00: cophenetic index 649; 1.0 s; peak memory 144 MiB.
2026-10-02T16:31:13Z INFO [313/1876] 24c741ea-d62e-415f-a969-da85264fd6a0: cophenetic index 111892; 5.7 s; peak memory 144 MiB.
2026-10-02T16:31:14Z INFO [314/1876] 24c74446-eae3-4691-9f94-4b09f635378d: cophenetic index 3057; 0.9 s; peak memory 144 MiB.
2026-10-02T16:31:15Z INFO [315/1876] 24c753da-5905-4224-b99f-34205c61efff: cophenetic index 649; 0.8 s; peak memory 144 MiB.
2026-10-02T16:31:15Z INFO [316/1876] 24ca8f6c-f124-455f-8f81-ecfbfe887750: cophenetic index 646; 0.7 s; peak memory 144 MiB.
2026-10-02T16:31:16Z INFO [317/1876] 24cb36fb-0de5-48df-91f3-89e181ad3a28: cophenetic index 624; 1.0 s; peak memory 144 MiB.
2026-10-02T16:31:17Z INFO [318/1876] 24cb435f-14d1-43b7-adad-a5a46b401031: cophenetic index 624; 0.8 s; peak memory 144 MiB.
2026-10-02T16:31:19Z INFO [319/1876] 24cc4891-5fd6-485b-ba81-83a6a270cc79: cophenetic index 4013; 1.4 s; peak memory 144 MiB.
2026-10-02T16:31:21Z INFO [320/1876] 24cc5179-2b2d-4b5b-8668-0e3c5751fac6: cophenetic index 2402; 1.8 s; peak memory 144 MiB.
2026-10-02T16:31:23Z INFO [321/1876] 24ccfa8f-67f9-4537-84b7-e5a8be6b1cda: cophenetic index 5473; 2.2 s; peak memory 144 MiB.
2026-10-02T16:31:25Z INFO [322/1876] 24cd13df-26c1-42ad-ac9b-e7faec014d4c: cophenetic index 2609; 1.8 s; peak memory 144 MiB.
2026-10-02T16:31:29Z INFO [323/1876] 24cd5441-6770-4b70-9460-0317ae441efd: cophenetic index 5466; 4.3 s; peak memory 144 MiB.
2026-10-02T16:31:31Z INFO [324/1876] 24cdc1ce-1b51-4a03-abdd-b61bcd6d37f9: cophenetic index 39141; 2.4 s; peak memory 144 MiB.
2026-10-02T16:31:33Z INFO [325/1876] 24ce0a86-6ee4-4480-910a-86e2406a5a38: cophenetic index 895; 1.8 s; peak memory 144 MiB.
2026-10-02T16:31:34Z INFO [326/1876] 24ced82e-8470-4f42-a8b2-53e399009fe2: cophenetic index 624; 0.8 s; peak memory 144 MiB.
2026-10-02T16:31:35Z INFO [327/1876] 24cedca9-d97f-4686-aeb2-539a980dd3d2: cophenetic index 2625; 0.9 s; peak memory 144 MiB.
2026-10-02T16:31:55Z INFO [328/1876] 24cf2a1e-86e2-4bde-92c6-c0fc8809fc7e: cophenetic index 5265882; 20.1 s; peak memory 162 MiB.
2026-10-02T16:31:56Z INFO [329/1876] 24cfabf3-a6bb-4ee0-8168-b2483cbfec74: cophenetic index 1025; 1.0 s; peak memory 162 MiB.
2026-10-02T16:31:56Z INFO [330/1876] 24cfd316-ddfd-4f85-a2bb-938da3281e6f: cophenetic index 431; 0.6 s; peak memory 162 MiB.
2026-10-02T16:31:57Z INFO [331/1876] 24cfdaa5-683c-4ad9-9dd5-3a9c4ddf6b23: cophenetic index 624; 0.8 s; peak memory 162 MiB.
2026-10-02T16:31:58Z INFO [332/1876] 24d10584-5619-4688-bfd6-73addda44912: cophenetic index 3004; 0.9 s; peak memory 162 MiB.
2026-10-02T16:31:59Z INFO [333/1876] 24d109b2-e7f4-425d-b6af-75725afd513a: cophenetic index 626; 0.9 s; peak memory 162 MiB.
2026-10-02T16:32:00Z INFO [334/1876] 24d142ce-7121-42fa-bece-eb2ae21a939f: cophenetic index 605; 0.9 s; peak memory 162 MiB.
2026-10-02T16:32:04Z INFO [335/1876] 24d2472b-685f-4e5e-a13a-a1947e8842f5: cophenetic index 86608; 3.9 s; peak memory 162 MiB.
2026-10-02T16:32:11Z INFO [336/1876] 24d2b361-2bdb-41c5-b906-17e69c127f20: cophenetic index 83170; 7.0 s; peak memory 162 MiB.
2026-10-02T16:32:12Z INFO [337/1876] 24d32797-9e86-4672-b1e0-8f989334fbee: cophenetic index 2625; 0.7 s; peak memory 162 MiB.
2026-10-02T16:32:12Z INFO [338/1876] 24d3ccf9-d5bb-4521-a7f5-97819ac46a64: cophenetic index 3215; 0.7 s; peak memory 162 MiB.
2026-10-02T16:32:13Z INFO [339/1876] 24d3fbdf-6da4-4026-b63d-0e9a029e1ac2: cophenetic index 3004; 0.8 s; peak memory 162 MiB.
2026-10-02T16:32:17Z INFO [340/1876] 24d47f1a-a69f-47b0-83ec-6fe9071326ac: cophenetic index 9548; 3.9 s; peak memory 162 MiB.
2026-10-02T16:32:19Z INFO [341/1876] 24d4ed1e-cfe3-46af-888f-7792fe15b81b: cophenetic index 3429; 1.9 s; peak memory 162 MiB.
2026-10-02T16:32:19Z INFO [342/1876] 24d51d79-b657-4cf8-9f00-1ec551608a10: cophenetic index 593; 0.8 s; peak memory 162 MiB.
2026-10-02T16:32:20Z INFO [343/1876] 24d63721-c441-46f6-9e49-ad819ff88c87: cophenetic index 624; 0.7 s; peak memory 162 MiB.
2026-10-02T16:32:21Z INFO [344/1876] 24d64f79-2f5c-4612-895a-2d968608c1b6: cophenetic index 431; 0.6 s; peak memory 162 MiB.
2026-10-02T16:32:22Z INFO [345/1876] 24d6b391-9c0e-421b-8190-aef257fe173b: cophenetic index 3004; 0.8 s; peak memory 162 MiB.
2026-10-02T16:32:22Z INFO [346/1876] 24d72777-5ab9-4423-9d06-cfbf771e1498: cophenetic index 490; 0.4 s; peak memory 162 MiB.
2026-10-02T16:32:23Z INFO [347/1876] 24d86463-496e-422b-8ffa-439a2480e1f3: cophenetic index 624; 0.7 s; peak memory 162 MiB.
2026-10-02T16:32:23Z INFO [348/1876] 24d8cff2-0df5-4b23-898e-519f30ad6a70: cophenetic index 3087; 0.8 s; peak memory 162 MiB.
2026-10-02T16:32:25Z INFO [349/1876] 24d98aa7-fc3a-45be-bcd8-07e9eed9fe83: cophenetic index 37616; 1.3 s; peak memory 162 MiB.
2026-10-02T16:32:26Z INFO [350/1876] 24d9e72e-af5b-4d50-b2c5-5c990140b693: cophenetic index 581; 0.9 s; peak memory 162 MiB.
2026-10-02T16:32:26Z INFO [350/1876] 24d9e72e-af5b-4d50-b2c5-5c990140b693: checkpointed 64652 records.
2026-10-02T16:32:27Z INFO [351/1876] 24da1db4-13c0-4147-8242-3ebd05d63a29: cophenetic index 1739; 1.1 s; peak memory 162 MiB.
2026-10-02T16:32:28Z INFO [352/1876] 24da598b-9716-417b-99fc-b197eeb2952b: cophenetic index 3087; 0.8 s; peak memory 162 MiB.
2026-10-02T16:32:28Z INFO [353/1876] 24da68bd-40fe-4716-a5c7-e707e8fae5a0: cophenetic index 2625; 0.8 s; peak memory 162 MiB.
2026-10-02T16:32:29Z INFO [354/1876] 24daa636-ad4e-4cf9-8704-8f4c024cc8a6: cophenetic index 761; 0.5 s; peak memory 162 MiB.
2026-10-02T16:32:30Z INFO [355/1876] 24dbc55e-216c-492d-baf4-59b700a30a2d: cophenetic index 1949; 0.9 s; peak memory 162 MiB.
2026-10-02T16:32:31Z INFO [356/1876] 24dc3c9e-c8dd-40af-9864-16a580398687: cophenetic index 624; 0.8 s; peak memory 162 MiB.
2026-10-02T16:32:31Z INFO [357/1876] 24dcefcd-8e43-4280-b04d-af12e4ba306a: cophenetic index 3004; 0.8 s; peak memory 162 MiB.
2026-10-02T16:32:33Z INFO [358/1876] 24de7e04-70fd-412c-8c94-2de764a31ce2: cophenetic index 2682; 1.8 s; peak memory 162 MiB.
2026-10-02T16:32:34Z INFO [359/1876] 24df33c1-0722-4be5-ba35-27f6b86cce19: cophenetic index 766; 0.8 s; peak memory 162 MiB.
2026-10-02T16:32:35Z INFO [360/1876] 24df40bc-5a5e-4a5b-8c4c-95f01f9e74ef: cophenetic index 624; 0.7 s; peak memory 162 MiB.
2026-10-02T16:32:37Z INFO [361/1876] 24df4bb4-73d5-4ca8-93e0-ebcf795915c3: cophenetic index 2682; 2.3 s; peak memory 162 MiB.
2026-10-02T16:32:38Z INFO [362/1876] 24df934d-fcb9-4b1a-a839-1a989bdb788d: cophenetic index 2767; 0.9 s; peak memory 162 MiB.
2026-10-02T16:32:46Z INFO [363/1876] 24dfa847-c982-4668-82e6-4f5b47ce53ad: cophenetic index 20749; 7.8 s; peak memory 162 MiB.
2026-10-02T16:32:46Z INFO [364/1876] 24dfb42d-cedc-402a-bd7f-f44f43115f2d: cophenetic index 646; 0.6 s; peak memory 162 MiB.
2026-10-02T16:32:47Z INFO [365/1876] 24e0fd1d-6df8-43b8-bc8c-ca950d05c73c: cophenetic index 490; 0.4 s; peak memory 162 MiB.
2026-10-02T16:32:49Z INFO [366/1876] 24e10b80-4322-4357-937d-0c9cd1ebc757: cophenetic index 5473; 2.2 s; peak memory 162 MiB.
2026-10-02T16:32:50Z INFO [367/1876] 24e12d2f-587b-4004-a004-9534bc4f1d9b: cophenetic index 23364; 0.7 s; peak memory 162 MiB.
2026-10-02T16:32:51Z INFO [368/1876] 24e2b2b4-918f-48a8-b331-844bba43c872: cophenetic index 2105; 1.1 s; peak memory 162 MiB.
2026-10-02T16:32:51Z INFO [369/1876] 24e2e221-ad9a-48ae-a24f-6767a373b3fd: cophenetic index 751; 0.4 s; peak memory 162 MiB.
2026-10-02T16:32:52Z INFO [370/1876] 24e3570c-c553-420c-983d-0a0b8d10a834: cophenetic index 2132; 1.1 s; peak memory 162 MiB.
2026-10-02T16:32:53Z INFO [371/1876] 24e378b0-1e40-4136-a861-2d2696c7e8c1: cophenetic index 33998; 1.3 s; peak memory 162 MiB.
2026-10-02T16:32:55Z INFO [372/1876] 24e4ead9-6a0b-410b-96c9-37d00442f115: cophenetic index 624; 1.0 s; peak memory 162 MiB.
2026-10-02T16:32:55Z INFO [373/1876] 24e51c45-0d13-4b29-b1ce-1b06ba121e77: cophenetic index 624; 0.8 s; peak memory 162 MiB.
2026-10-02T16:32:56Z INFO [374/1876] 24e5555a-12ab-4cd0-83b1-d03407de3063: cophenetic index 937; 1.1 s; peak memory 162 MiB.
2026-10-02T16:32:57Z INFO [375/1876] 24e5be5d-afe7-4151-9a1a-e7ae24ada033: cophenetic index 23510; 0.9 s; peak memory 162 MiB.
2026-10-02T16:32:58Z INFO [376/1876] 24e5efcb-a153-41c1-a90a-a3f4192d0871: cophenetic index 3087; 0.7 s; peak memory 162 MiB.
2026-10-02T16:32:59Z INFO [377/1876] 24e641e5-45bd-4e2b-863c-5f4eeafd9bc0: cophenetic index 2625; 0.8 s; peak memory 162 MiB.
2026-10-02T16:33:00Z INFO [378/1876] 24e8096c-18c2-44da-8257-684f4df6c1ed: cophenetic index 624; 0.8 s; peak memory 162 MiB.
2026-10-02T16:33:01Z INFO [379/1876] 24e8233c-46b6-4db6-bbed-61996c28c890: cophenetic index 33998; 1.5 s; peak memory 162 MiB.
2026-10-02T16:33:02Z INFO [380/1876] 24e82e82-67f1-4617-9bab-215250f80fd2: cophenetic index 627; 0.6 s; peak memory 162 MiB.
2026-10-02T16:33:03Z INFO [381/1876] 24e94aaf-b2e9-4bbb-bd29-64ce2638ef4d: cophenetic index 754; 0.9 s; peak memory 162 MiB.
2026-10-02T16:33:04Z INFO [382/1876] 24eafe26-49ab-49bd-909e-60d1c1c56d42: cophenetic index 431; 0.9 s; peak memory 162 MiB.
2026-10-02T16:33:04Z INFO [383/1876] 24eb28b1-23ac-4c75-a2f8-75d0b5edc791: cophenetic index 937; 0.9 s; peak memory 162 MiB.
2026-10-02T16:33:06Z INFO [384/1876] 24ecdcc0-80d8-4d35-a9dd-4662e6f8c773: cophenetic index 2682; 1.4 s; peak memory 162 MiB.
2026-10-02T16:33:07Z INFO [385/1876] 24ed1219-2771-4ace-a30d-de17ea4ef663: cophenetic index 33998; 1.1 s; peak memory 162 MiB.
2026-10-02T16:33:08Z INFO [386/1876] 24ed1d50-1a87-4b5c-bfa3-1320202bdf9b: cophenetic index 33986; 1.0 s; peak memory 162 MiB.
2026-10-02T16:33:08Z INFO [387/1876] 24ed6191-8c09-41d0-9a42-e548c8994797: cophenetic index 739; 0.5 s; peak memory 162 MiB.
2026-10-02T16:33:09Z INFO [388/1876] 24ee3c86-1f12-43cc-9445-8e83f5b5ad8d: cophenetic index 490; 0.5 s; peak memory 162 MiB.
2026-10-02T16:33:10Z INFO [389/1876] 24ef981d-bfe9-492d-85a5-6fd4d383c400: cophenetic index 554; 0.8 s; peak memory 162 MiB.
2026-10-02T16:33:11Z INFO [390/1876] 24f0fe08-4570-4a4d-9f4a-fab97eb8052a: cophenetic index 581; 0.8 s; peak memory 162 MiB.
2026-10-02T16:33:12Z INFO [391/1876] 24f10bce-1ddc-43d4-ae9b-84195e27ec23: cophenetic index 6111; 1.5 s; peak memory 162 MiB.
2026-10-02T16:33:13Z INFO [392/1876] 24f11e1d-6db3-40f5-9723-86f757450f6f: cophenetic index 3192; 0.8 s; peak memory 162 MiB.
2026-10-02T16:33:15Z INFO [393/1876] 24f18712-d810-41ef-86de-7f7b79998d45: cophenetic index 2402; 2.1 s; peak memory 162 MiB.
2026-10-02T16:33:16Z INFO [394/1876] 24f23399-1614-447d-9094-3dd85ae0419e: cophenetic index 2974; 0.6 s; peak memory 162 MiB.
2026-10-02T16:33:17Z INFO [395/1876] 24f248c6-c229-48a7-8368-067f4f75b19d: cophenetic index 1514; 1.8 s; peak memory 162 MiB.
2026-10-02T16:33:25Z INFO [396/1876] 24f2718c-4902-465c-9539-f4199c064c89: cophenetic index 97487; 7.6 s; peak memory 162 MiB.
2026-10-02T16:34:41Z INFO [397/1876] 24f32616-d078-4f7c-930d-2a7634037bda: cophenetic index 702132872; 75.6 s; peak memory 580 MiB.
2026-10-02T16:34:42Z INFO [398/1876] 24f34fd3-7481-4f1b-9b0c-8f322e647bd6: cophenetic index 33998; 1.2 s; peak memory 580 MiB.
2026-10-02T16:34:42Z INFO [399/1876] 24f36eed-c736-4a58-b483-560df55f30c9: cophenetic index 490; 0.5 s; peak memory 580 MiB.
2026-10-02T16:34:43Z INFO [400/1876] 24f388eb-c593-4445-9674-5baa854f3681: cophenetic index 624; 0.8 s; peak memory 580 MiB.
2026-10-02T16:34:43Z INFO [400/1876] 24f388eb-c593-4445-9674-5baa854f3681: checkpointed 64702 records.
2026-10-02T16:34:44Z INFO [401/1876] 24f40564-5ef9-41b2-b40f-339f358c8697: cophenetic index 1087; 1.2 s; peak memory 580 MiB.
2026-10-02T16:34:45Z INFO [402/1876] 24f4826b-3978-4472-ac46-c69eda785c46: cophenetic index 3004; 0.7 s; peak memory 580 MiB.
2026-10-02T16:34:50Z INFO [403/1876] 24f53269-51b7-41a3-8ba9-66e4b4a5c4a6: cophenetic index 87573; 4.7 s; peak memory 580 MiB.
2026-10-02T16:34:51Z INFO [404/1876] 24f5a27f-79bf-4100-bdc2-99a1af5e4b5e: cophenetic index 3004; 0.8 s; peak memory 580 MiB.
2026-10-02T16:34:58Z INFO [405/1876] 24f5bdd4-312f-4500-8103-8c67a00defab: cophenetic index 195172714; 7.4 s; peak memory 582 MiB.
2026-10-02T16:34:59Z INFO [406/1876] 24f6778f-cea2-443f-bcfa-21df1849ed68: cophenetic index 23800; 1.3 s; peak memory 582 MiB.
2026-10-02T16:35:02Z INFO [407/1876] 24f67bc7-ba0c-4b33-b944-725d3ea6cedb: cophenetic index 7765; 2.6 s; peak memory 582 MiB.
2026-10-02T16:35:03Z INFO [408/1876] 24f72e24-c4ae-4dfb-afe1-4b9d4ebafc87: cophenetic index 494; 0.7 s; peak memory 582 MiB.
2026-10-02T16:35:03Z INFO [409/1876] 24f787d7-1c49-4a1b-b0cc-cdab5b28e010: cophenetic index 729; 0.4 s; peak memory 582 MiB.
2026-10-02T16:35:04Z INFO [410/1876] 24f8392e-ef87-433c-9c9d-0029a2460306: cophenetic index 2625; 1.0 s; peak memory 582 MiB.
2026-10-02T16:35:05Z INFO [411/1876] 24f85fed-a1b1-4a63-8fe1-b8afdae88385: cophenetic index 2601; 1.6 s; peak memory 582 MiB.
2026-10-02T16:35:07Z INFO [412/1876] 24f8be91-2193-4851-8ced-4f43b20789e0: cophenetic index 33968; 1.1 s; peak memory 582 MiB.
2026-10-02T16:35:07Z INFO [413/1876] 24f8f7d1-999f-43ae-960f-cea7868d7aa7: cophenetic index 469; 0.6 s; peak memory 582 MiB.
2026-10-02T16:35:07Z INFO [414/1876] 24f96476-79ad-4c08-a8b8-ba64f6b05afe: cophenetic index 745; 0.3 s; peak memory 582 MiB.
2026-10-02T16:35:14Z INFO [415/1876] 24fa0df4-f778-43d7-abde-5f039c1aa6cc: cophenetic index 124003; 6.4 s; peak memory 582 MiB.
2026-10-02T16:35:15Z INFO [416/1876] 24fa1a80-d0bf-4900-bed9-c70b068d44bd: cophenetic index 624; 0.8 s; peak memory 582 MiB.
2026-10-02T16:35:16Z INFO [417/1876] 24fa3408-7fdf-406c-af87-ae5cac95627c: cophenetic index 624; 0.9 s; peak memory 582 MiB.
2026-10-02T16:35:17Z INFO [418/1876] 24faa372-e42b-4b55-aa92-84f8590d4297: cophenetic index 33962; 1.1 s; peak memory 582 MiB.
2026-10-02T16:35:19Z INFO [419/1876] 24fb3693-3d62-40ee-bb13-c2a230679adb: cophenetic index 5473; 2.2 s; peak memory 582 MiB.
2026-10-02T16:35:21Z INFO [420/1876] 24fbc240-1ab4-43a1-b997-9ad9b5579b02: cophenetic index 2469; 2.3 s; peak memory 582 MiB.
2026-10-02T16:35:23Z INFO [421/1876] 24fc8b49-23c4-4e4c-97d9-316239f7cd8f: cophenetic index 99150; 1.8 s; peak memory 582 MiB.
2026-10-02T16:35:26Z INFO [422/1876] 24fc8f48-c353-4419-842b-940d3d8f7472: cophenetic index 1733; 3.0 s; peak memory 582 MiB.
2026-10-02T16:35:27Z INFO [423/1876] 24fcc682-77b0-48f5-9b55-1601931959c1: cophenetic index 33998; 1.2 s; peak memory 582 MiB.
2026-10-02T16:35:28Z INFO [424/1876] 24fceac7-a764-434d-886f-57810ae7764b: cophenetic index 3004; 0.8 s; peak memory 582 MiB.
2026-10-02T16:35:31Z INFO [425/1876] 24fd13f0-d2e3-4d23-a613-004a39a5e612: cophenetic index 3045; 2.7 s; peak memory 582 MiB.
2026-10-02T16:35:47Z INFO [426/1876] 24fd3bda-6714-46ff-bb1a-8897b585c6a6: cophenetic index 1554094; 16.1 s; peak memory 582 MiB.
2026-10-02T16:35:47Z INFO [427/1876] 24fd480b-040a-4280-9324-46297a357a4a: cophenetic index 579; 0.5 s; peak memory 582 MiB.
2026-10-02T16:35:48Z INFO [428/1876] 24fd4d80-5bed-4547-b4c2-a5372681755c: cophenetic index 624; 0.8 s; peak memory 582 MiB.
2026-10-02T16:35:52Z INFO [429/1876] 24fdb10a-14f6-4629-8420-6d0cae3b8531: cophenetic index 9548; 3.8 s; peak memory 582 MiB.
2026-10-02T16:35:52Z INFO [430/1876] 24fdf08f-c25a-4923-a75a-963beb687677: cophenetic index 490; 0.5 s; peak memory 582 MiB.
2026-10-02T16:35:53Z INFO [431/1876] 24fe5485-cd19-46be-a119-d88f84f6801b: cophenetic index 560; 0.6 s; peak memory 582 MiB.
2026-10-02T16:35:54Z INFO [432/1876] 24fef8ec-1f87-4f35-a1e3-3c5fbeeccdf8: cophenetic index 3057; 0.8 s; peak memory 582 MiB.
2026-10-02T16:35:55Z INFO [433/1876] 24ff2d4c-c08f-4ee9-a20b-94b54ce9e20b: cophenetic index 2570; 1.2 s; peak memory 582 MiB.
2026-10-02T16:35:56Z INFO [434/1876] 24ff775a-fa0b-46d9-9e53-b0c39a0e8e6b: cophenetic index 3004; 1.0 s; peak memory 582 MiB.
2026-10-02T16:36:05Z INFO [435/1876] 24ff9c57-2453-4153-83e7-306616c2f8e7: cophenetic index 153556; 8.7 s; peak memory 582 MiB.
2026-10-02T16:36:06Z INFO [436/1876] 25006aee-9db0-4ec6-ac0e-9f9a820da8f6: cophenetic index 2625; 1.0 s; peak memory 582 MiB.
2026-10-02T16:36:07Z INFO [437/1876] 2501ce8d-cf10-4ac2-9537-e17606965dd9: cophenetic index 33986; 1.0 s; peak memory 582 MiB.
2026-10-02T16:36:08Z INFO [438/1876] 250205a9-3bcb-4088-b5c9-f955d544c192: cophenetic index 1087; 1.2 s; peak memory 582 MiB.
2026-10-02T16:36:09Z INFO [439/1876] 25024366-0d15-41a6-99e9-2295040adf5d: cophenetic index 710; 1.6 s; peak memory 582 MiB.
2026-10-02T16:36:10Z INFO [440/1876] 25025e9e-439d-4216-ba76-825dbbc45dbc: cophenetic index 1736; 0.6 s; peak memory 582 MiB.
2026-10-02T16:36:11Z INFO [441/1876] 2502c4c2-5b39-4f0b-9d00-19f57073e068: cophenetic index 3004; 0.8 s; peak memory 582 MiB.
2026-10-02T16:36:11Z INFO [442/1876] 2502e081-2174-4b55-9bb8-0f255e1d814c: cophenetic index 624; 0.7 s; peak memory 582 MiB.
2026-10-02T16:36:15Z INFO [443/1876] 25035d79-dc3d-492c-a740-2566da01bf72: cophenetic index 57132; 4.0 s; peak memory 582 MiB.
2026-10-02T16:36:16Z INFO [444/1876] 25037855-a6bd-4fe6-8acf-0012097b6b89: cophenetic index 5440; 0.8 s; peak memory 582 MiB.
2026-10-02T16:36:17Z INFO [445/1876] 2503dc97-fdef-424d-8dc3-165d396171a8: cophenetic index 3004; 0.7 s; peak memory 582 MiB.
2026-10-02T16:36:18Z INFO [446/1876] 2503dcfe-ecd0-48b5-a211-e104e8325760: cophenetic index 624; 0.7 s; peak memory 582 MiB.
2026-10-02T16:36:19Z INFO [447/1876] 25044bfb-18b9-46a4-bec4-37bc1f838a09: cophenetic index 2974; 0.8 s; peak memory 582 MiB.
2026-10-02T16:36:29Z INFO [448/1876] 2505130e-c9f4-456b-813d-bf6ec8564bec: cophenetic index 354126; 10.1 s; peak memory 582 MiB.
2026-10-02T16:36:30Z INFO [449/1876] 25055f12-ac3a-4609-a63b-45b3153de3b5: cophenetic index 33986; 1.1 s; peak memory 582 MiB.
2026-10-02T16:36:35Z INFO [450/1876] 25065ea8-8a12-46b4-8b4c-57d7a9ee2c74: cophenetic index 12100; 4.9 s; peak memory 582 MiB.
2026-10-02T16:36:35Z INFO [450/1876] 25065ea8-8a12-46b4-8b4c-57d7a9ee2c74: checkpointed 64752 records.
2026-10-02T16:36:36Z INFO [451/1876] 2506c530-d5d7-4c19-8340-5d377670778c: cophenetic index 624; 0.9 s; peak memory 582 MiB.
2026-10-02T16:36:38Z INFO [452/1876] 25085990-85f5-4717-ba5d-5b3cd36225c2: cophenetic index 2402; 2.2 s; peak memory 582 MiB.
2026-10-02T16:36:39Z INFO [453/1876] 25091e5a-9aae-4580-92ff-9caeaca7728e: cophenetic index 809; 1.6 s; peak memory 582 MiB.
2026-10-02T16:36:40Z INFO [454/1876] 2509d8fd-3794-4686-9ad0-ba10dca5b899: cophenetic index 624; 0.7 s; peak memory 582 MiB.
2026-10-02T16:36:41Z INFO [455/1876] 250a164e-ce27-4984-8fc9-84036adb7939: cophenetic index 2625; 1.2 s; peak memory 582 MiB.
2026-10-02T16:36:42Z INFO [456/1876] 250a2f12-6ddd-4c6c-adcc-edc107536f84: cophenetic index 624; 0.7 s; peak memory 582 MiB.
2026-10-02T16:36:43Z INFO [457/1876] 250bfd85-ba57-4f45-a286-23dc8a9daf78: cophenetic index 3087; 0.9 s; peak memory 582 MiB.
2026-10-02T16:36:44Z INFO [458/1876] 250c1867-145a-468b-86f0-ba5396032da3: cophenetic index 2625; 1.0 s; peak memory 582 MiB.
2026-10-02T16:36:45Z INFO [459/1876] 250c2b46-c9fc-4a9b-8751-98abf1c16e0b: cophenetic index 624; 0.8 s; peak memory 582 MiB.
2026-10-02T16:36:46Z INFO [460/1876] 250c54a3-fedc-40ae-a1d1-9a13742dd4c0: cophenetic index 3045; 1.0 s; peak memory 582 MiB.
2026-10-02T16:36:46Z INFO [461/1876] 250c8a38-c76e-4066-b155-0e7f96e3a05b: cophenetic index 2974; 0.7 s; peak memory 582 MiB.
2026-10-02T16:36:53Z INFO [462/1876] 250c98a8-7f8c-48a1-aa53-507e1e2a9127: cophenetic index 33902; 7.1 s; peak memory 582 MiB.
2026-10-02T16:36:55Z INFO [463/1876] 250ca0c2-827c-46e7-9e1a-d456dcaae4e2: cophenetic index 3004; 1.0 s; peak memory 582 MiB.
2026-10-02T16:36:55Z INFO [464/1876] 250cbacd-1ac6-4c09-ab9d-4b4ac83bab63: cophenetic index 539; 0.7 s; peak memory 582 MiB.
2026-10-02T16:36:56Z INFO [465/1876] 250cc30e-1b50-401c-96a5-dc9b0245be58: cophenetic index 497; 0.6 s; peak memory 582 MiB.
2026-10-02T16:36:57Z INFO [466/1876] 250e41fb-5694-4a80-999a-4b05df58fb8a: cophenetic index 3004; 0.8 s; peak memory 582 MiB.
2026-10-02T16:36:58Z INFO [467/1876] 250e46ba-2050-400e-8240-81766be9a54d: cophenetic index 624; 0.9 s; peak memory 582 MiB.
2026-10-02T16:36:59Z INFO [468/1876] 25101174-355e-4c52-b070-be3133b66ed2: cophenetic index 33818; 1.2 s; peak memory 582 MiB.
2026-10-02T16:37:00Z INFO [469/1876] 251024e1-b7d3-4865-ae4a-bde60ccdf3e2: cophenetic index 605; 0.9 s; peak memory 582 MiB.
2026-10-02T16:37:01Z INFO [470/1876] 251072e4-1919-4536-b214-bc77b1778aae: cophenetic index 23864; 1.0 s; peak memory 582 MiB.
2026-10-02T16:37:01Z INFO [471/1876] 25111b7b-e13b-4ecb-b073-8fc6dac27f18: cophenetic index 729; 0.6 s; peak memory 582 MiB.
2026-10-02T16:37:02Z INFO [472/1876] 25118583-985d-4177-980f-43a574c3f471: cophenetic index 466; 0.8 s; peak memory 582 MiB.
2026-10-02T16:37:08Z INFO [473/1876] 251269c9-45fd-4c2a-a488-cbe94fe2cf86: cophenetic index 156699; 6.0 s; peak memory 582 MiB.
2026-10-02T16:37:08Z INFO [474/1876] 2512c616-098d-4631-a6c2-c70147d85145: cophenetic index 735; 0.4 s; peak memory 582 MiB.
2026-10-02T16:37:09Z INFO [475/1876] 2512fe41-c5c0-40a2-b18d-3457cb0d6efc: cophenetic index 431; 0.6 s; peak memory 582 MiB.
2026-10-02T16:37:09Z INFO [476/1876] 25140c0c-6fa4-4f81-8fd2-7f7ed4da9908: cophenetic index 690; 0.4 s; peak memory 582 MiB.
2026-10-02T16:37:10Z INFO [477/1876] 251493d8-5a82-4344-a4a8-1575d005e86d: cophenetic index 624; 0.8 s; peak memory 582 MiB.
2026-10-02T16:37:11Z INFO [478/1876] 2514a86c-9c9b-473e-a61f-aa2f1792a00c: cophenetic index 2724; 1.1 s; peak memory 582 MiB.
2026-10-02T16:37:13Z INFO [479/1876] 2514bd12-6240-4d2f-9e74-cd5ec7fa30e1: cophenetic index 34658; 1.7 s; peak memory 582 MiB.
2026-10-02T16:37:14Z INFO [480/1876] 2514bf40-85fb-45b6-a964-611e0058e180: cophenetic index 991; 1.5 s; peak memory 582 MiB.
2026-10-02T16:37:15Z INFO [481/1876] 25164896-fc65-408d-a54a-814b98498013: cophenetic index 490; 0.5 s; peak memory 582 MiB.
2026-10-02T16:37:16Z INFO [482/1876] 25172e1f-97b9-438d-b315-3baf8aac46cd: cophenetic index 2625; 0.9 s; peak memory 582 MiB.
2026-10-02T16:37:17Z INFO [483/1876] 2517f293-3daf-47ef-8b47-aeb4ef465828: cophenetic index 634; 0.7 s; peak memory 582 MiB.
2026-10-02T16:37:17Z INFO [484/1876] 2517f693-b3ad-4a72-943e-c2abf0026a45: cophenetic index 624; 0.7 s; peak memory 582 MiB.
2026-10-02T16:37:18Z INFO [485/1876] 25187360-9919-4cac-8423-ac267f56d0b1: cophenetic index 729; 0.5 s; peak memory 582 MiB.
2026-10-02T16:37:21Z INFO [486/1876] 2518f9ad-2487-463e-b431-2a8a83a5deef: cophenetic index 6412; 2.8 s; peak memory 582 MiB.
2026-10-02T16:37:21Z INFO [487/1876] 2519361c-8b94-4855-8aa1-7022d75b91cd: cophenetic index 624; 0.8 s; peak memory 582 MiB.
2026-10-02T16:37:22Z INFO [488/1876] 2519dbcb-906c-432c-86a0-34765d944633: cophenetic index 3004; 0.8 s; peak memory 582 MiB.
2026-10-02T16:37:23Z INFO [489/1876] 2519f273-f6a3-4cf3-b704-0ecf2c43aff8: cophenetic index 431; 0.7 s; peak memory 582 MiB.
2026-10-02T16:37:24Z INFO [490/1876] 251a0e98-f6a8-43b6-a98c-4cb528c7501f: cophenetic index 624; 0.9 s; peak memory 582 MiB.
2026-10-02T16:37:25Z INFO [491/1876] 251a6cc8-c2f3-4139-8324-b30790cda8ba: cophenetic index 494; 0.7 s; peak memory 582 MiB.
2026-10-02T16:37:26Z INFO [492/1876] 251ae991-5dbc-4961-a42b-bebbc3a19e8c: cophenetic index 624; 1.0 s; peak memory 582 MiB.
2026-10-02T16:37:27Z INFO [493/1876] 251bdd74-8049-441e-a1cf-e75640f3c0eb: cophenetic index 1087; 1.1 s; peak memory 582 MiB.
2026-10-02T16:37:30Z INFO [494/1876] 251c704e-8ad2-45ed-b1a5-6f926b595452: cophenetic index 56729; 3.0 s; peak memory 582 MiB.
2026-10-02T16:37:30Z INFO [495/1876] 251d01d7-2005-4804-9963-33f60274ab59: cophenetic index 751; 0.6 s; peak memory 582 MiB.
2026-10-02T16:37:32Z INFO [496/1876] 251d36e0-68d3-4be1-9293-1558b640784d: cophenetic index 2625; 1.3 s; peak memory 582 MiB.
2026-10-02T16:37:32Z INFO [497/1876] 251db417-96a8-484c-a430-9044774e60d3: cophenetic index 624; 0.7 s; peak memory 582 MiB.
2026-10-02T16:37:33Z INFO [498/1876] 251de4db-3649-48be-b0f5-2d688b43e6c8: cophenetic index 3087; 0.9 s; peak memory 582 MiB.
2026-10-02T16:37:37Z INFO [499/1876] 251e3e34-18c8-417a-9497-047e041d2ddb: cophenetic index 6800; 4.2 s; peak memory 582 MiB.
2026-10-02T16:37:38Z INFO [500/1876] 251e4c89-81b9-4042-b0ad-77d8ee30e629: cophenetic index 2625; 0.9 s; peak memory 582 MiB.
2026-10-02T16:37:38Z INFO [500/1876] 251e4c89-81b9-4042-b0ad-77d8ee30e629: checkpointed 64802 records.
2026-10-02T16:37:39Z INFO [501/1876] 251f119b-14f5-438f-994a-5bef119e5122: cophenetic index 431; 0.5 s; peak memory 582 MiB.
2026-10-02T16:37:40Z INFO [502/1876] 251f7b2e-9179-433e-8c71-079a4ab87c97: cophenetic index 1739; 1.2 s; peak memory 582 MiB.
2026-10-02T16:37:41Z INFO [503/1876] 251fcfa0-386d-43eb-95cc-33a9700d7f45: cophenetic index 907; 0.7 s; peak memory 582 MiB.
2026-10-02T16:37:50Z INFO [504/1876] 252032a9-4393-4130-bbcb-c0144a25083e: cophenetic index 481266; 9.1 s; peak memory 582 MiB.
2026-10-02T16:37:51Z INFO [505/1876] 25205d70-c8a2-4431-8a98-e7dac2e6b99a: cophenetic index 624; 0.8 s; peak memory 582 MiB.
2026-10-02T16:37:51Z INFO [506/1876] 2520649a-6305-4379-b26c-233f28e05105: cophenetic index 1380; 0.9 s; peak memory 582 MiB.
2026-10-02T16:37:52Z INFO [507/1876] 25206dc3-c42b-4327-8e95-a4a0fa265358: cophenetic index 3087; 0.8 s; peak memory 582 MiB.
2026-10-02T16:37:53Z INFO [508/1876] 252083f8-7878-4cdc-8bb0-66b64ff4c374: cophenetic index 446; 0.5 s; peak memory 582 MiB.
2026-10-02T16:37:54Z INFO [509/1876] 2520ecf1-09f2-4843-8fa6-4f1af7c0ca10: cophenetic index 33986; 1.0 s; peak memory 582 MiB.
2026-10-02T16:37:54Z INFO [510/1876] 2521fe46-e451-4313-ac51-7da14190b982: cophenetic index 490; 0.4 s; peak memory 582 MiB.
2026-10-02T16:37:55Z INFO [511/1876] 25223283-c726-4b94-bb2a-21f5ab9aedba: cophenetic index 624; 0.7 s; peak memory 582 MiB.
2026-10-02T16:38:04Z INFO [512/1876] 252275a9-0fbb-4c85-9a5c-3c4c47c7c394: cophenetic index 344767; 8.9 s; peak memory 582 MiB.
2026-10-02T16:38:05Z INFO [513/1876] 2523313a-6282-4dd1-ad8d-0b5977bf3b25: cophenetic index 581; 1.0 s; peak memory 582 MiB.
2026-10-02T16:38:06Z INFO [514/1876] 2523ec21-7698-4136-adb1-350da972a48c: cophenetic index 2625; 0.8 s; peak memory 582 MiB.
2026-10-02T16:38:10Z INFO [515/1876] 25242d9b-951c-4c19-82ab-78e24a731407: cophenetic index 150376; 4.0 s; peak memory 582 MiB.
2026-10-02T16:38:11Z INFO [516/1876] 252448ec-1df2-4c38-a304-2820933fb30a: cophenetic index 30304; 1.0 s; peak memory 582 MiB.
2026-10-02T16:38:15Z INFO [517/1876] 2525261a-5de4-4408-bd17-f3c93b0f09c7: cophenetic index 127405; 4.6 s; peak memory 582 MiB.
2026-10-02T16:38:23Z INFO [518/1876] 252530e5-ee50-4b8a-a70e-033ed6aba2d4: cophenetic index 24562433; 8.2 s; peak memory 582 MiB.
2026-10-02T16:38:24Z INFO [519/1876] 25255897-9f6a-464a-ae98-16df9a081e50: cophenetic index 624; 0.7 s; peak memory 582 MiB.
2026-10-02T16:38:25Z INFO [520/1876] 2525a919-4d7e-4de5-9126-1f4801f6c808: cophenetic index 486; 0.9 s; peak memory 582 MiB.
2026-10-02T16:38:25Z INFO [521/1876] 2526dc41-06f0-4e66-8099-3c8be99d5b1d: cophenetic index 490; 0.5 s; peak memory 582 MiB.
2026-10-02T16:38:27Z INFO [522/1876] 25279643-aaa9-4a1d-afa1-84a2ed599d1f: cophenetic index 30304; 1.0 s; peak memory 582 MiB.
2026-10-02T16:38:27Z INFO [523/1876] 25280305-f981-4d92-ab90-bbfc746859b3: cophenetic index 2496; 0.7 s; peak memory 582 MiB.
2026-10-02T16:38:28Z INFO [524/1876] 252839de-1305-406d-b6f2-cc5df22ae2df: cophenetic index 3004; 0.6 s; peak memory 582 MiB.
2026-10-02T16:38:33Z INFO [525/1876] 25291aaf-52de-410e-bb6c-40c571eb2d2e: cophenetic index 33579; 5.2 s; peak memory 582 MiB.
2026-10-02T16:38:34Z INFO [526/1876] 25294e22-8996-4f5c-bd9c-7d460aad7c89: cophenetic index 33968; 1.2 s; peak memory 582 MiB.
2026-10-02T16:38:36Z INFO [527/1876] 25296bbf-1c23-4def-932b-1bd1faa54c0a: cophenetic index 2524; 1.7 s; peak memory 582 MiB.
2026-10-02T16:38:37Z INFO [528/1876] 252a1abe-1a2c-4131-9bb4-2ac1621a7603: cophenetic index 612; 1.2 s; peak memory 582 MiB.
2026-10-02T16:38:38Z INFO [529/1876] 252acb44-b0bd-4839-a6de-4a7a687639dd: cophenetic index 3004; 0.8 s; peak memory 582 MiB.
2026-10-02T16:38:39Z INFO [530/1876] 252be741-ab5d-4f91-92fe-712d2cc90caa: cophenetic index 2974; 0.7 s; peak memory 582 MiB.
2026-10-02T16:38:41Z INFO [531/1876] 252c98e7-8408-47b0-89c2-2ab9396449e8: cophenetic index 2391; 1.9 s; peak memory 582 MiB.
2026-10-02T16:38:45Z INFO [532/1876] 252ddea2-004f-4846-812b-69fef4cf7ade: cophenetic index 41913; 4.1 s; peak memory 582 MiB.
2026-10-02T16:38:45Z INFO [533/1876] 252de2ee-272e-41e2-b9f2-5c8da2b4afc3: cophenetic index 624; 0.7 s; peak memory 582 MiB.
2026-10-02T16:38:53Z INFO [534/1876] 252f5948-2189-441a-9c42-f881cd383d8c: cophenetic index 47115; 7.5 s; peak memory 582 MiB.
2026-10-02T16:38:54Z INFO [535/1876] 252ffaa6-a930-4346-9403-9f50d4a922d2: cophenetic index 624; 0.8 s; peak memory 582 MiB.
2026-10-02T16:38:55Z INFO [536/1876] 25300e28-b481-4d70-9225-36b84d93a227: cophenetic index 624; 0.8 s; peak memory 582 MiB.
2026-10-02T16:38:56Z INFO [537/1876] 2530c99b-a218-4e0f-8ebf-b5e0f61e50f6: cophenetic index 33968; 1.1 s; peak memory 582 MiB.
2026-10-02T16:38:57Z INFO [538/1876] 25313063-de64-4b06-a9a0-72917a5e074f: cophenetic index 1475; 1.8 s; peak memory 582 MiB.
2026-10-02T16:39:01Z INFO [539/1876] 2531b717-654f-47cc-8426-6d0e1b77b8db: cophenetic index 34343; 3.4 s; peak memory 582 MiB.
2026-10-02T16:39:02Z INFO [540/1876] 2531bd32-d78f-48c3-aff8-f15d1d9f17c2: cophenetic index 2551; 1.2 s; peak memory 582 MiB.
2026-10-02T16:39:02Z INFO [541/1876] 25325df2-ce83-4cbe-982c-28e4d0857bcf: cophenetic index 401; 0.4 s; peak memory 582 MiB.
2026-10-02T16:39:04Z INFO [542/1876] 2532aabc-83dc-4438-90e9-c0445b2b8ae3: cophenetic index 2625; 1.2 s; peak memory 582 MiB.
2026-10-02T16:39:04Z INFO [543/1876] 25332af4-3198-493c-b520-7941e5ce5668: cophenetic index 490; 0.5 s; peak memory 582 MiB.
2026-10-02T16:39:05Z INFO [544/1876] 25336ea2-a71b-405c-aab1-f5ae983a9eed: cophenetic index 554; 1.1 s; peak memory 582 MiB.
2026-10-02T16:39:06Z INFO [545/1876] 2533c3af-034a-4fe2-a131-338855b4610e: cophenetic index 439; 0.9 s; peak memory 582 MiB.
2026-10-02T16:39:07Z INFO [546/1876] 2535cfe5-0890-4660-ad52-8e6cf169686f: cophenetic index 3087; 0.8 s; peak memory 582 MiB.
2026-10-02T16:39:08Z INFO [547/1876] 2535d949-cbf9-430c-8c75-0252f5082fa1: cophenetic index 761; 0.6 s; peak memory 582 MiB.
2026-10-02T16:39:11Z INFO [548/1876] 2535eb4d-d47d-4706-bf8e-f65caa4aaf81: cophenetic index 20638; 3.4 s; peak memory 582 MiB.
2026-10-02T16:39:18Z INFO [549/1876] 253657d4-58b0-49b1-805e-5604d4032eee: cophenetic index 205960; 7.5 s; peak memory 582 MiB.
2026-10-02T16:39:20Z INFO [550/1876] 253686f2-c626-4bf9-9b9b-ec736d98c94b: cophenetic index 33818; 1.3 s; peak memory 582 MiB.
2026-10-02T16:39:20Z INFO [550/1876] 253686f2-c626-4bf9-9b9b-ec736d98c94b: checkpointed 64852 records.
2026-10-02T16:39:21Z INFO [551/1876] 2536dd5c-1b7d-4ac3-86cf-445bdbf6445b: cophenetic index 624; 0.8 s; peak memory 582 MiB.
2026-10-02T16:39:21Z INFO [552/1876] 25370ec6-1904-46f6-8f63-3d0d8df9a659: cophenetic index 496; 0.7 s; peak memory 582 MiB.
2026-10-02T16:39:23Z INFO [553/1876] 25387641-e710-4172-8ac7-86c4102bca37: cophenetic index 2402; 1.9 s; peak memory 582 MiB.
2026-10-02T16:39:24Z INFO [554/1876] 25397246-a7c0-48a8-9b01-77ade50f9961: cophenetic index 690; 0.6 s; peak memory 582 MiB.
2026-10-02T16:39:25Z INFO [555/1876] 2539c107-4f11-496f-b6f7-d954737137ff: cophenetic index 3045; 1.2 s; peak memory 582 MiB.
2026-10-02T16:39:27Z INFO [556/1876] 2539c964-d6cc-448c-892c-dd70e381de2a: cophenetic index 1733; 1.9 s; peak memory 582 MiB.
2026-10-02T16:39:28Z INFO [557/1876] 2539cadd-53b8-4481-ba6d-dbea59361a82: cophenetic index 3087; 0.6 s; peak memory 582 MiB.
2026-10-02T16:39:28Z INFO [558/1876] 2539f05f-d349-43c9-83ea-2f2eb9978c12: cophenetic index 3004; 0.8 s; peak memory 582 MiB.
2026-10-02T16:39:33Z INFO [559/1876] 253af908-a49a-469f-82dc-5bcf9515e093: cophenetic index 12727; 5.0 s; peak memory 582 MiB.
2026-10-02T16:39:34Z INFO [560/1876] 253b2feb-f9b7-4eae-b257-dd87c9da9ed5: cophenetic index 952; 0.6 s; peak memory 582 MiB.
2026-10-02T16:39:35Z INFO [561/1876] 253b6f0c-0876-470f-a1a1-253132f57055: cophenetic index 624; 0.9 s; peak memory 582 MiB.
2026-10-02T16:39:36Z INFO [562/1876] 253c8fa2-655b-42ec-a365-dc9e4995469a: cophenetic index 2625; 1.4 s; peak memory 582 MiB.
2026-10-02T16:39:37Z INFO [563/1876] 253cd2b8-d8d3-41d8-80af-21d72bbb9775: cophenetic index 3004; 0.9 s; peak memory 582 MiB.
2026-10-02T16:39:38Z INFO [564/1876] 253d5e02-d414-4ca2-b39f-9f158508018f: cophenetic index 433; 0.5 s; peak memory 582 MiB.
2026-10-02T16:39:39Z INFO [565/1876] 253dd247-6216-4a06-bd31-f8aff54cbd04: cophenetic index 2625; 1.1 s; peak memory 582 MiB.
2026-10-02T16:39:39Z INFO [566/1876] 253de891-9489-491f-b5a3-5988a5d25da5: cophenetic index 624; 0.7 s; peak memory 582 MiB.
2026-10-02T16:39:40Z INFO [567/1876] 253dfcff-9a8b-4625-886f-e1ef93d53d3f: cophenetic index 2625; 1.0 s; peak memory 582 MiB.
2026-10-02T16:39:41Z INFO [568/1876] 253ed8b6-6304-4f51-8aa8-538d212d0fbe: cophenetic index 23794; 0.6 s; peak memory 582 MiB.
2026-10-02T16:39:42Z INFO [569/1876] 25406642-31c6-4e13-8253-8c1587ccfe59: cophenetic index 624; 0.8 s; peak memory 582 MiB.
2026-10-02T16:39:43Z INFO [570/1876] 25408b18-3867-4e1b-81a2-623797590698: cophenetic index 1025; 1.2 s; peak memory 582 MiB.
2026-10-02T16:39:44Z INFO [571/1876] 25409951-63b1-4623-8bdc-1542fbe2f958: cophenetic index 624; 0.9 s; peak memory 582 MiB.
2026-10-02T16:39:45Z INFO [572/1876] 2540ace9-d645-4adc-bdd4-1d357ad738f5: cophenetic index 2625; 1.0 s; peak memory 582 MiB.
2026-10-02T16:39:46Z INFO [573/1876] 2541742d-1043-4fc2-b74c-28c94d045f84: cophenetic index 624; 0.9 s; peak memory 582 MiB.
2026-10-02T16:39:46Z INFO [574/1876] 2541a2d0-bbb5-413c-b046-8f8b51110616: cophenetic index 446; 0.4 s; peak memory 582 MiB.
2026-10-02T16:39:47Z INFO [575/1876] 2541e2f2-bbc1-4211-b951-34ca3f48eef3: cophenetic index 624; 0.9 s; peak memory 582 MiB.
2026-10-02T16:39:48Z INFO [576/1876] 254337f7-0a16-4daa-8225-a8309d745747: cophenetic index 624; 0.8 s; peak memory 582 MiB.
2026-10-02T16:39:48Z INFO [577/1876] 25435e16-d7f6-4f2a-8578-ab0c78d013dd: cophenetic index 490; 0.3 s; peak memory 582 MiB.
2026-10-02T16:39:49Z INFO [578/1876] 2543abec-f0f9-42fe-b261-2f6c13d86be7: cophenetic index 3087; 0.7 s; peak memory 582 MiB.
2026-10-02T16:39:50Z INFO [579/1876] 254410c7-d598-4014-a00b-e6af5031c676: cophenetic index 2625; 1.0 s; peak memory 582 MiB.
2026-10-02T16:39:50Z INFO [580/1876] 254575cb-911f-4995-a49a-fef0e982a3c5: cophenetic index 751; 0.5 s; peak memory 582 MiB.
2026-10-02T16:40:02Z INFO [581/1876] 2545a4a1-4edf-4dc2-9947-52aef78ed829: cophenetic index 42708; 11.6 s; peak memory 582 MiB.
2026-10-02T16:40:03Z INFO [582/1876] 2545c837-5f1c-4ea2-9451-bec2a69b4d18: cophenetic index 2974; 0.7 s; peak memory 582 MiB.
2026-10-02T16:40:08Z INFO [583/1876] 2545e2d7-6fb2-4ece-ae64-57de27dd345b: cophenetic index 148167; 5.4 s; peak memory 582 MiB.
2026-10-02T16:40:10Z INFO [584/1876] 254643cc-1a11-4a7a-ba46-a446d1d2584e: cophenetic index 3575; 1.4 s; peak memory 582 MiB.
2026-10-02T16:40:16Z INFO [585/1876] 25471c0a-93c3-425e-90a5-2dc1098a7a37: cophenetic index 143194; 6.5 s; peak memory 582 MiB.
2026-10-02T16:40:17Z INFO [586/1876] 25495c8e-2268-4738-a062-d326417e650c: cophenetic index 2625; 1.0 s; peak memory 582 MiB.
2026-10-02T16:40:18Z INFO [587/1876] 254962e9-ebfa-4a21-8a38-1cd70c4a92c6: cophenetic index 2625; 1.1 s; peak memory 582 MiB.
2026-10-02T16:40:19Z INFO [588/1876] 2549704f-eb8b-4903-8f0e-efe6c8ee8d13: cophenetic index 2551; 0.8 s; peak memory 582 MiB.
2026-10-02T16:40:20Z INFO [589/1876] 254ae16f-cced-47d3-96a4-4610e2451d8e: cophenetic index 829; 1.0 s; peak memory 582 MiB.
2026-10-02T16:40:21Z INFO [590/1876] 254b60b7-a755-4641-8aa4-634801a8820c: cophenetic index 725; 0.8 s; peak memory 582 MiB.
2026-10-02T16:40:22Z INFO [591/1876] 254be5db-2093-4d7d-adc7-d945c66cedcc: cophenetic index 624; 0.9 s; peak memory 582 MiB.
2026-10-02T16:40:23Z INFO [592/1876] 254dffa6-74dd-4816-9bec-cf5460c7f906: cophenetic index 2625; 1.0 s; peak memory 582 MiB.
2026-10-02T16:40:24Z INFO [593/1876] 254e9963-f255-4a02-86d1-f35a9e9be021: cophenetic index 754; 1.0 s; peak memory 582 MiB.
2026-10-02T16:40:24Z INFO [594/1876] 254ea0e3-cee8-4254-ac69-a660a8ad5ac2: cophenetic index 3004; 0.8 s; peak memory 582 MiB.
2026-10-02T16:40:28Z INFO [595/1876] 254ef370-ba10-448d-ac7f-ffcace1466db: cophenetic index 27355; 3.0 s; peak memory 582 MiB.
2026-10-02T16:40:28Z INFO [596/1876] 254f34cf-d827-413d-83dc-33bde8a9cd8c: cophenetic index 624; 0.8 s; peak memory 582 MiB.
2026-10-02T16:40:36Z INFO [597/1876] 254f3ad1-414a-4ba9-a383-45ecebed327f: cophenetic index 144396; 7.3 s; peak memory 582 MiB.
2026-10-02T16:40:36Z INFO [598/1876] 254f7329-b58e-43e2-bb1f-e3089ad70028: cophenetic index 2625; 0.9 s; peak memory 582 MiB.
2026-10-02T16:40:39Z INFO [599/1876] 254f8b3e-0566-4b4d-abc6-6e7370589b9e: cophenetic index 16568; 2.9 s; peak memory 582 MiB.
2026-10-02T16:40:40Z INFO [600/1876] 255026ff-0d1c-4fce-833c-00d78db146e6: cophenetic index 2570; 0.8 s; peak memory 582 MiB.
2026-10-02T16:40:40Z INFO [600/1876] 255026ff-0d1c-4fce-833c-00d78db146e6: checkpointed 64902 records.
2026-10-02T16:40:41Z INFO [601/1876] 255147a9-75be-4f1f-bcd6-6e5d793e4781: cophenetic index 3004; 0.8 s; peak memory 582 MiB.
2026-10-02T16:40:42Z INFO [602/1876] 25517ed5-6389-40d2-b726-82eaf496f213: cophenetic index 431; 0.9 s; peak memory 582 MiB.
2026-10-02T16:40:42Z INFO [603/1876] 255188af-a599-4aff-9ddc-21ddc1c3d1a6: cophenetic index 490; 0.3 s; peak memory 582 MiB.
2026-10-02T16:40:43Z INFO [604/1876] 25520678-8c57-4a43-938f-b5128debcafb: cophenetic index 937; 0.8 s; peak memory 582 MiB.
2026-10-02T16:40:44Z INFO [605/1876] 25522488-1030-41b5-9f82-78e162b0156b: cophenetic index 624; 0.9 s; peak memory 582 MiB.
2026-10-02T16:40:45Z INFO [606/1876] 255272a8-ecc3-4bfc-8b1f-d8e938a976e0: cophenetic index 490; 0.6 s; peak memory 582 MiB.
2026-10-02T16:40:45Z INFO [607/1876] 2553fffc-a352-412d-bf3c-5ad4d5de561a: cophenetic index 624; 0.8 s; peak memory 582 MiB.
2026-10-02T16:40:46Z INFO [608/1876] 255483db-e7af-4a10-a994-02e36cb5548e: cophenetic index 3087; 0.8 s; peak memory 582 MiB.
2026-10-02T16:40:47Z INFO [609/1876] 2554fa4d-fa08-48ff-89f7-c441eefc751b: cophenetic index 593; 0.7 s; peak memory 582 MiB.
2026-10-02T16:40:48Z INFO [610/1876] 25552553-cddc-481f-ab72-2b0e54d87207: cophenetic index 2625; 1.4 s; peak memory 582 MiB.
2026-10-02T16:40:49Z INFO [611/1876] 2555376a-e90a-4d6d-bbe7-3dff01076836: cophenetic index 739; 0.5 s; peak memory 582 MiB.
2026-10-02T16:40:51Z INFO [612/1876] 2556bde7-1088-41fe-93dd-cbfcaa41368e: cophenetic index 2391; 1.8 s; peak memory 582 MiB.
2026-10-02T16:40:52Z INFO [613/1876] 25575ae0-b3e9-4bb7-89ac-e764732c085e: cophenetic index 2625; 1.2 s; peak memory 582 MiB.
2026-10-02T16:40:53Z INFO [614/1876] 2559197a-83c3-4e1b-b445-eab7955d4b97: cophenetic index 624; 0.8 s; peak memory 582 MiB.
2026-10-02T16:40:53Z INFO [615/1876] 25596353-0baa-45f5-bb3e-afea71ebcd01: cophenetic index 624; 0.8 s; peak memory 582 MiB.
2026-10-02T16:40:54Z INFO [616/1876] 255a1e7f-176c-411a-ab98-fa576ae98ca9: cophenetic index 1739; 0.8 s; peak memory 582 MiB.
2026-10-02T16:40:55Z INFO [617/1876] 255b8a26-197d-4363-bb61-19675dc27632: cophenetic index 729; 0.4 s; peak memory 582 MiB.
2026-10-02T16:40:56Z INFO [618/1876] 255c364e-5373-45ef-8dcc-3215852f7ab4: cophenetic index 2625; 1.0 s; peak memory 582 MiB.
2026-10-02T16:40:56Z INFO [619/1876] 255c3763-d84b-4d5e-80d2-c54e20526798: cophenetic index 722; 0.9 s; peak memory 582 MiB.
2026-10-02T16:40:58Z INFO [620/1876] 255daa79-7ecb-4f95-a936-9a6806b3f741: cophenetic index 4586; 1.2 s; peak memory 582 MiB.
2026-10-02T16:41:01Z INFO [621/1876] 255e581d-6737-4b01-a58d-61bedcf204e6: cophenetic index 12973; 3.8 s; peak memory 582 MiB.
2026-10-02T16:41:02Z INFO [622/1876] 255e6ee5-ea54-4cde-8c20-72645f4ed075: cophenetic index 2625; 0.9 s; peak memory 582 MiB.
2026-10-02T16:41:03Z INFO [623/1876] 255f4894-f144-4108-bcbb-87d88442c76f: cophenetic index 3004; 0.7 s; peak memory 582 MiB.
2026-10-02T16:41:04Z INFO [624/1876] 25604d36-714c-40db-a802-b208adf2a2d2: cophenetic index 624; 0.8 s; peak memory 582 MiB.
2026-10-02T16:41:05Z INFO [625/1876] 2560e27c-ad6b-4306-bbd9-cf23f5d963bc: cophenetic index 751; 1.4 s; peak memory 582 MiB.
2026-10-02T16:41:06Z INFO [626/1876] 25614ced-6712-48ce-9735-a663c7b15825: cophenetic index 624; 0.7 s; peak memory 582 MiB.
2026-10-02T16:41:07Z INFO [627/1876] 25621d21-22ed-47df-ad0c-f1bdfbbc290a: cophenetic index 624; 0.7 s; peak memory 582 MiB.
2026-10-02T16:41:10Z INFO [628/1876] 25622743-b98a-4456-88c4-c569566bd938: cophenetic index 9548; 2.9 s; peak memory 582 MiB.
2026-10-02T16:41:11Z INFO [629/1876] 25630554-b7e1-4159-83d8-062adf63e0f4: cophenetic index 624; 0.8 s; peak memory 582 MiB.
2026-10-02T16:41:12Z INFO [630/1876] 25634125-e02e-4ab6-98e3-a1c2d2966360: cophenetic index 761; 1.4 s; peak memory 582 MiB.
2026-10-02T16:41:14Z INFO [631/1876] 256358ec-ebab-41b6-8736-b3acd184a013: cophenetic index 4617; 1.8 s; peak memory 582 MiB.
2026-10-02T16:41:15Z INFO [632/1876] 2564a46c-e23b-4119-bf5c-7ed85d173af8: cophenetic index 33998; 1.7 s; peak memory 582 MiB.
2026-10-02T16:41:16Z INFO [633/1876] 2564c929-9834-4e2e-9cd1-aa65a58c23d5: cophenetic index 401; 0.5 s; peak memory 582 MiB.
2026-10-02T16:41:18Z INFO [634/1876] 2565b451-cea1-4f55-a570-b388f45198cf: cophenetic index 325333; 1.6 s; peak memory 582 MiB.
2026-10-02T16:41:38Z INFO [635/1876] 256661be-c6bd-4f05-b010-8dae342bd3a9: cophenetic index 290893; 20.9 s; peak memory 582 MiB.
2026-10-02T16:41:40Z INFO [636/1876] 25675176-9c10-4fa6-aa0c-0d05035dc3f0: cophenetic index 2682; 1.5 s; peak memory 582 MiB.
2026-10-02T16:41:41Z INFO [637/1876] 2567b566-1925-468c-8bb2-71adf6a5de41: cophenetic index 2570; 0.9 s; peak memory 582 MiB.
2026-10-02T16:41:42Z INFO [638/1876] 2567dff3-9e0a-41b6-8a9b-6a4ebded2631: cophenetic index 2625; 0.9 s; peak memory 582 MiB.
2026-10-02T16:41:47Z INFO [639/1876] 2567fa48-0b91-4641-8df6-22b160fecfc0: cophenetic index 87573; 4.7 s; peak memory 582 MiB.
2026-10-02T16:41:47Z INFO [640/1876] 25690f85-a921-4d64-8bfa-62dc1862c01b: cophenetic index 2974; 0.9 s; peak memory 582 MiB.
2026-10-02T16:41:48Z INFO [641/1876] 25695ce2-6c49-4c87-970c-449d3583caa4: cophenetic index 624; 0.7 s; peak memory 582 MiB.
2026-10-02T16:41:50Z INFO [642/1876] 256a00f5-bd56-4b5e-aeef-a9f4cfdb8cb6: cophenetic index 33998; 1.8 s; peak memory 582 MiB.
2026-10-02T16:41:51Z INFO [643/1876] 256ca5d5-9c2d-45ee-986c-471f4f7f1965: cophenetic index 3004; 0.8 s; peak memory 582 MiB.
2026-10-02T16:41:51Z INFO [644/1876] 256ce708-3b1d-499a-ae4a-3f7d51db289f: cophenetic index 624; 0.7 s; peak memory 582 MiB.
2026-10-02T16:41:52Z INFO [645/1876] 256dd79c-f595-49d6-a6ea-ddc8de0f6b5d: cophenetic index 624; 0.8 s; peak memory 582 MiB.
2026-10-02T16:41:53Z INFO [646/1876] 256e4f57-d694-4ea0-bae6-27cc7202dc99: cophenetic index 2625; 0.8 s; peak memory 582 MiB.
2026-10-02T16:41:58Z INFO [647/1876] 256e8b53-ed16-49ee-909d-4b8b477ee877: cophenetic index 13178; 4.6 s; peak memory 582 MiB.
2026-10-02T16:41:58Z INFO [648/1876] 256f5ada-2668-4c8f-9846-0d0e36f3070f: cophenetic index 635; 0.5 s; peak memory 582 MiB.
2026-10-02T16:42:04Z INFO [649/1876] 256f9459-202f-4d92-9de2-867bb60690cb: cophenetic index 169267; 5.7 s; peak memory 582 MiB.
2026-10-02T16:42:11Z INFO [650/1876] 256fc3af-16f0-4860-9bf1-eefc74ac43f5: cophenetic index 156093; 7.1 s; peak memory 582 MiB.
2026-10-02T16:42:11Z INFO [650/1876] 256fc3af-16f0-4860-9bf1-eefc74ac43f5: checkpointed 64952 records.
2026-10-02T16:42:18Z INFO [651/1876] 2570ebcf-425a-4593-ae71-e580aadbea77: cophenetic index 33377; 6.6 s; peak memory 582 MiB.
2026-10-02T16:42:18Z INFO [652/1876] 25726d4f-9f33-4518-8306-1f211b984054: cophenetic index 649; 0.9 s; peak memory 582 MiB.
2026-10-02T16:42:19Z INFO [653/1876] 25729e80-675a-4a2e-beb2-8ef844e21809: cophenetic index 1949; 0.8 s; peak memory 582 MiB.
2026-10-02T16:42:20Z INFO [654/1876] 257394c3-5f9c-4b16-bc6e-20a1e0af09b0: cophenetic index 624; 0.8 s; peak memory 582 MiB.
2026-10-02T16:42:28Z INFO [655/1876] 25747750-62de-4385-afc1-c86c2dd9318a: cophenetic index 49912; 7.4 s; peak memory 582 MiB.
2026-10-02T16:42:28Z INFO [656/1876] 2575668a-e101-4b79-b484-83598a08a860: cophenetic index 624; 0.8 s; peak memory 582 MiB.
2026-10-02T16:42:29Z INFO [657/1876] 25782508-c2dc-4084-94b3-1b7eeaa967d5: cophenetic index 624; 0.8 s; peak memory 582 MiB.
2026-10-02T16:42:30Z INFO [658/1876] 25791431-30a2-40bd-9f20-e409840c329d: cophenetic index 33962; 1.1 s; peak memory 582 MiB.
2026-10-02T16:42:36Z INFO [659/1876] 25793550-cf11-41f2-a553-d3925abea7b8: cophenetic index 33285; 5.4 s; peak memory 582 MiB.
2026-10-02T16:42:36Z INFO [660/1876] 257a58b1-55b9-42f5-b06b-2dbe113bd537: cophenetic index 2625; 0.8 s; peak memory 582 MiB.
2026-10-02T16:42:39Z INFO [661/1876] 257b36a9-d8de-4196-ac02-645c4eb94801: cophenetic index 5473; 2.2 s; peak memory 582 MiB.
2026-10-02T16:42:39Z INFO [662/1876] 257bd0e1-5994-482d-a5a8-7589d81f0efb: cophenetic index 2724; 0.8 s; peak memory 582 MiB.
2026-10-02T16:42:41Z INFO [663/1876] 257d554b-4027-4be2-a349-066ada3d32a6: cophenetic index 2005; 1.2 s; peak memory 582 MiB.
2026-10-02T16:42:41Z INFO [664/1876] 257d6e5d-3135-47f2-9f9e-34fddd0a383a: cophenetic index 624; 0.7 s; peak memory 582 MiB.
2026-10-02T16:42:42Z INFO [665/1876] 257dce32-fd4e-4a9c-bc93-f442def04396: cophenetic index 624; 0.8 s; peak memory 582 MiB.
2026-10-02T16:42:43Z INFO [666/1876] 257e47c1-3e7e-46b0-a11c-9861271aacd2: cophenetic index 497; 0.9 s; peak memory 582 MiB.
2026-10-02T16:42:44Z INFO [667/1876] 257eb343-ce1e-4e6a-b737-91bc44eb02f4: cophenetic index 624; 0.7 s; peak memory 582 MiB.
2026-10-02T16:42:44Z INFO [668/1876] 257ffeef-0d2d-4456-8247-e75dba264145: cophenetic index 490; 0.5 s; peak memory 582 MiB.
2026-10-02T16:42:46Z INFO [669/1876] 25805ff1-a1ea-414d-bd68-8a23d8b9ca90: cophenetic index 34138; 1.7 s; peak memory 582 MiB.
2026-10-02T16:42:47Z INFO [670/1876] 25808165-8634-44fa-a267-83eb95a3e85d: cophenetic index 624; 0.9 s; peak memory 582 MiB.
2026-10-02T16:42:48Z INFO [671/1876] 25809532-b116-4efa-acba-f105c7ee6b1a: cophenetic index 99114; 1.3 s; peak memory 582 MiB.
2026-10-02T16:42:50Z INFO [672/1876] 25810525-d9ee-4de4-9523-ebb30d82fad2: cophenetic index 4677; 2.2 s; peak memory 582 MiB.
2026-10-02T16:42:51Z INFO [673/1876] 25813752-1e5e-4d55-8ad0-80fa0803c6b4: cophenetic index 624; 0.8 s; peak memory 582 MiB.
2026-10-02T16:42:53Z INFO [674/1876] 25817d36-604d-4e38-b67a-95dba564b7cb: cophenetic index 326483; 1.6 s; peak memory 582 MiB.
2026-10-02T16:42:59Z INFO [675/1876] 25818be9-700b-4eb0-8457-33297618df65: cophenetic index 144696; 6.6 s; peak memory 582 MiB.
2026-10-02T16:43:00Z INFO [676/1876] 2581b458-f1a2-4ea8-9e83-b9dfa07947d2: cophenetic index 3087; 1.0 s; peak memory 582 MiB.
2026-10-02T16:43:01Z INFO [677/1876] 2581d0e0-85bb-4995-b03a-d51af329f8b5: cophenetic index 572; 0.7 s; peak memory 582 MiB.
2026-10-02T16:43:02Z INFO [678/1876] 258272e4-0894-4d64-bf30-cb2aa8e72dbb: cophenetic index 762; 0.5 s; peak memory 582 MiB.
2026-10-02T16:43:02Z INFO [679/1876] 2582c9ea-ba9a-49a4-8253-ae6b8474c2cd: cophenetic index 624; 0.7 s; peak memory 582 MiB.
2026-10-02T16:43:03Z INFO [680/1876] 2582cd85-ac49-4ace-83ef-938239dc572b: cophenetic index 3004; 0.8 s; peak memory 582 MiB.
2026-10-02T16:43:12Z INFO [681/1876] 2583c850-bbcd-40ff-9862-fc050ffda447: cophenetic index 393390; 8.9 s; peak memory 582 MiB.
2026-10-02T16:43:13Z INFO [682/1876] 2583f4b0-ea22-48f3-9ff3-bef55745257a: cophenetic index 2056; 1.3 s; peak memory 582 MiB.
2026-10-02T16:43:14Z INFO [683/1876] 2584e40f-b13a-4c46-b60e-749cb84814fa: cophenetic index 624; 0.8 s; peak memory 582 MiB.
2026-10-02T16:43:15Z INFO [684/1876] 25850b40-9f93-4dbc-9bba-ca94a644824b: cophenetic index 579; 0.5 s; peak memory 582 MiB.
2026-10-02T16:43:18Z INFO [685/1876] 2585c00e-c608-4134-b174-e5964319b75a: cophenetic index 9298; 3.5 s; peak memory 582 MiB.
2026-10-02T16:43:19Z INFO [686/1876] 25862b7b-81ca-4ca8-9920-e95c88b1ca4c: cophenetic index 2974; 0.9 s; peak memory 582 MiB.
2026-10-02T16:43:21Z INFO [687/1876] 2586e7a1-a380-42cf-b491-2118b49ffc21: cophenetic index 2236; 2.5 s; peak memory 582 MiB.
2026-10-02T16:43:22Z INFO [688/1876] 25877486-7435-4638-8525-43f21389f0da: cophenetic index 624; 0.8 s; peak memory 582 MiB.
2026-10-02T16:43:23Z INFO [689/1876] 25878bb1-3827-46ed-b003-f7ab34c9c6ec: cophenetic index 3087; 0.7 s; peak memory 582 MiB.
2026-10-02T16:43:24Z INFO [690/1876] 2587c56f-9a32-40bb-bc0d-97f79f83611f: cophenetic index 2625; 1.1 s; peak memory 582 MiB.
2026-10-02T16:43:32Z INFO [691/1876] 2587cae2-6ab2-40f1-9e9d-c37a357b945a: cophenetic index 323806; 8.2 s; peak memory 582 MiB.
2026-10-02T16:43:33Z INFO [692/1876] 2587ec15-ecec-4196-8617-c0bf657b32f8: cophenetic index 2625; 1.0 s; peak memory 582 MiB.
2026-10-02T16:43:34Z INFO [693/1876] 25883346-1804-4269-8eed-e74fa92811fa: cophenetic index 2625; 0.9 s; peak memory 582 MiB.
2026-10-02T16:43:35Z INFO [694/1876] 25884964-78e9-4bd9-bac8-34e0d0262ba8: cophenetic index 3192; 0.8 s; peak memory 582 MiB.
2026-10-02T16:43:36Z INFO [695/1876] 25886d9b-fd42-4f0b-a394-f524acb74b5a: cophenetic index 3004; 0.9 s; peak memory 582 MiB.
2026-10-02T16:43:40Z INFO [696/1876] 25888034-2d27-4297-99fe-a36698385972: cophenetic index 31185; 4.1 s; peak memory 582 MiB.
2026-10-02T16:43:42Z INFO [697/1876] 25888bbf-3d18-4bf1-9807-2c2f67928beb: cophenetic index 2236; 2.5 s; peak memory 582 MiB.
2026-10-02T16:43:43Z INFO [698/1876] 2588aebb-81b0-4cc0-b0ee-08668652b17a: cophenetic index 554; 0.8 s; peak memory 582 MiB.
2026-10-02T16:43:44Z INFO [699/1876] 25892847-4e16-4992-b3fd-225ac8de3423: cophenetic index 624; 0.8 s; peak memory 582 MiB.
2026-10-02T16:43:49Z INFO [700/1876] 2589b7cd-f6fe-4d17-b410-8bb9c92e8053: cophenetic index 5466; 4.4 s; peak memory 582 MiB.
2026-10-02T16:43:49Z INFO [700/1876] 2589b7cd-f6fe-4d17-b410-8bb9c92e8053: checkpointed 65002 records.
2026-10-02T16:43:50Z INFO [701/1876] 258a3113-d6ab-4686-8896-48dc3ce724d1: cophenetic index 895; 1.7 s; peak memory 582 MiB.
2026-10-02T16:43:51Z INFO [702/1876] 258a6217-a024-441e-b467-828f26445655: cophenetic index 2625; 0.9 s; peak memory 582 MiB.
2026-10-02T16:43:52Z INFO [703/1876] 258a72d3-6e79-4e22-b342-8ca382612562: cophenetic index 23510; 0.9 s; peak memory 582 MiB.
2026-10-02T16:43:53Z INFO [704/1876] 258bbb37-a606-4b77-88e7-b29ada3a42f3: cophenetic index 624; 0.9 s; peak memory 582 MiB.
2026-10-02T16:43:54Z INFO [705/1876] 258be913-cea6-4168-8e1c-b0d983d402f5: cophenetic index 624; 0.8 s; peak memory 582 MiB.
2026-10-02T16:43:55Z INFO [706/1876] 258c162a-e41f-4472-8157-6f6f21aa6b9b: cophenetic index 33968; 1.1 s; peak memory 582 MiB.
2026-10-02T16:43:55Z INFO [707/1876] 258d3c02-e721-4401-8453-01add36ed8d1: cophenetic index 3215; 0.6 s; peak memory 582 MiB.
2026-10-02T16:43:57Z INFO [708/1876] 258dd141-5317-4a62-896b-46e2a6069fb3: cophenetic index 2625; 1.0 s; peak memory 582 MiB.
2026-10-02T16:43:58Z INFO [709/1876] 258e1157-2c78-4ac3-9e8c-e017476832ec: cophenetic index 3045; 1.4 s; peak memory 582 MiB.
2026-10-02T16:43:59Z INFO [710/1876] 258f14a4-3f12-4d6d-9ab4-35bc2c79587e: cophenetic index 1751; 1.2 s; peak memory 582 MiB.
2026-10-02T16:44:00Z INFO [711/1876] 25927e76-aa6d-41cc-b2af-d61fe397d061: cophenetic index 722; 1.0 s; peak memory 582 MiB.
2026-10-02T16:44:01Z INFO [712/1876] 25929771-cf60-4d84-b61f-9e94a1a4e393: cophenetic index 624; 0.7 s; peak memory 582 MiB.
2026-10-02T16:44:02Z INFO [713/1876] 25934a2b-e29c-4ee3-a0ed-2629a2c6eb8a: cophenetic index 2923; 0.9 s; peak memory 582 MiB.
2026-10-02T16:44:02Z INFO [714/1876] 25941dfb-8958-4d9c-9406-cc8aa883adbe: cophenetic index 579; 0.5 s; peak memory 582 MiB.
2026-10-02T16:44:03Z INFO [715/1876] 259482ea-838c-492a-9bf6-9cf8c20936b5: cophenetic index 433; 0.4 s; peak memory 582 MiB.
2026-10-02T16:44:05Z INFO [716/1876] 259684a6-e044-4bce-b54d-126e8ed0a332: cophenetic index 2402; 1.9 s; peak memory 582 MiB.
2026-10-02T16:44:05Z INFO [717/1876] 25976be7-42a9-48ce-bd0e-e9da40a978ef: cophenetic index 624; 0.7 s; peak memory 582 MiB.
2026-10-02T16:44:07Z INFO [718/1876] 25989fa3-5d85-4c53-b700-3fc0c1c8d326: cophenetic index 2682; 1.9 s; peak memory 582 MiB.
2026-10-02T16:44:08Z INFO [719/1876] 25999597-5eb8-4171-a997-0bd53419df74: cophenetic index 2625; 1.2 s; peak memory 582 MiB.
2026-10-02T16:44:09Z INFO [720/1876] 259b65d2-fb22-41e1-af2c-00bb48b019d5: cophenetic index 401; 0.4 s; peak memory 582 MiB.
2026-10-02T16:44:09Z INFO [721/1876] 259bd273-702f-4821-9db7-c7e0c7b4fbc6: cophenetic index 733; 0.4 s; peak memory 582 MiB.
2026-10-02T16:44:16Z INFO [722/1876] 259cb2b3-0b58-4a0f-9d3d-e97ffe139163: cophenetic index 159137; 6.7 s; peak memory 582 MiB.
2026-10-02T16:44:19Z INFO [723/1876] 259cd674-8e34-4cdc-b182-a408fbffece6: cophenetic index 4797; 3.0 s; peak memory 582 MiB.
2026-10-02T16:44:19Z INFO [724/1876] 259d7d38-1553-47a2-8a5c-e5830f6c5566: cophenetic index 627; 0.6 s; peak memory 582 MiB.
2026-10-02T16:44:22Z INFO [725/1876] 259f3dee-43e9-4294-a0b4-eb784037db74: cophenetic index 3644; 2.4 s; peak memory 582 MiB.
2026-10-02T16:44:23Z INFO [726/1876] 25a03eb9-3b7b-4d29-b9aa-de9aa70e2997: cophenetic index 33968; 1.2 s; peak memory 582 MiB.
2026-10-02T16:44:25Z INFO [727/1876] 25a0be0e-7d56-4e55-be5c-567daf9ce9b2: cophenetic index 5473; 2.3 s; peak memory 582 MiB.
2026-10-02T16:44:26Z INFO [728/1876] 25a0cc47-6482-4a6f-bda2-9e7c7b82d097: cophenetic index 2974; 0.9 s; peak memory 582 MiB.
2026-10-02T16:44:27Z INFO [729/1876] 25a1229e-48e3-4864-8c06-54aa9fdafcc7: cophenetic index 2625; 1.2 s; peak memory 582 MiB.
2026-10-02T16:44:28Z INFO [730/1876] 25a1be49-9128-47eb-a6e0-e0e8cf9bfd23: cophenetic index 22905; 0.7 s; peak memory 582 MiB.
2026-10-02T16:44:31Z INFO [731/1876] 25a1da35-ad5a-4a72-88ee-75839424dace: cophenetic index 1733; 2.9 s; peak memory 582 MiB.
2026-10-02T16:44:33Z INFO [732/1876] 25a1e3dd-4619-458f-baea-623d826cae9a: cophenetic index 2402; 2.1 s; peak memory 582 MiB.
2026-10-02T16:44:34Z INFO [733/1876] 25a27935-0cbc-4dc8-abb1-add6ebf6c095: cophenetic index 33986; 1.3 s; peak memory 582 MiB.
2026-10-02T16:44:35Z INFO [734/1876] 25a3c0e8-abac-48f2-b764-e4f2c6c274f4: cophenetic index 379; 0.4 s; peak memory 582 MiB.
2026-10-02T16:44:35Z INFO [735/1876] 25a4c412-64bb-4243-baf9-505824acb0ff: cophenetic index 579; 0.5 s; peak memory 582 MiB.
2026-10-02T16:44:36Z INFO [736/1876] 25a5aa57-810a-4551-810d-6791654a14fb: cophenetic index 624; 0.7 s; peak memory 582 MiB.
2026-10-02T16:44:36Z INFO [737/1876] 25a5bdb2-0641-4afe-b79b-c704b6363b13: cophenetic index 431; 0.5 s; peak memory 582 MiB.
2026-10-02T16:44:45Z INFO [738/1876] 25a6bccb-6a81-4c5e-aa8f-8efee43b0dd4: cophenetic index 49783; 8.7 s; peak memory 582 MiB.
2026-10-02T16:44:46Z INFO [739/1876] 25a771f5-fa17-457f-9c03-f8c00b784a28: cophenetic index 2625; 0.9 s; peak memory 582 MiB.
2026-10-02T16:44:52Z INFO [740/1876] 25a7dad7-a418-45bd-b7aa-68b3822ef8b0: cophenetic index 6715; 6.1 s; peak memory 582 MiB.
2026-10-02T16:44:53Z INFO [741/1876] 25a8461a-7698-41e7-918d-eecba48d9305: cophenetic index 1087; 1.1 s; peak memory 582 MiB.
2026-10-02T16:44:55Z INFO [742/1876] 25a8ae0b-d99c-433f-b7be-c2977d2b3689: cophenetic index 2402; 1.9 s; peak memory 582 MiB.
2026-10-02T16:44:56Z INFO [743/1876] 25a94cc8-46ef-4f1d-a430-ac89492426e9: cophenetic index 431; 0.7 s; peak memory 582 MiB.
2026-10-02T16:44:57Z INFO [744/1876] 25a973ce-4515-43ed-a801-a6f6f38ed03e: cophenetic index 624; 0.8 s; peak memory 582 MiB.
2026-10-02T16:44:58Z INFO [745/1876] 25a9b776-cde8-4ab1-9d6c-463b683c35c8: cophenetic index 1130; 1.4 s; peak memory 582 MiB.
2026-10-02T16:44:59Z INFO [746/1876] 25aa22de-ef3f-4c74-98de-1718eab97c37: cophenetic index 3004; 0.7 s; peak memory 582 MiB.
2026-10-02T16:45:00Z INFO [747/1876] 25abc5e2-e25e-4b3e-916c-b64cf21f6458: cophenetic index 33998; 1.6 s; peak memory 582 MiB.
2026-10-02T16:45:05Z INFO [748/1876] 25abf05c-b269-4256-8332-5c0d9a94841f: cophenetic index 110446; 4.6 s; peak memory 582 MiB.
2026-10-02T16:45:06Z INFO [749/1876] 25ac18a4-3dbe-4d78-b6e7-2e9b5982deca: cophenetic index 431; 0.8 s; peak memory 582 MiB.
2026-10-02T16:45:07Z INFO [750/1876] 25ac85ad-0287-4e4d-bd39-ae8004c69ea7: cophenetic index 2496; 1.2 s; peak memory 582 MiB.
2026-10-02T16:45:07Z INFO [750/1876] 25ac85ad-0287-4e4d-bd39-ae8004c69ea7: checkpointed 65052 records.
2026-10-02T16:45:08Z INFO [751/1876] 25acbdc1-74a8-462f-b33b-e2550c701e59: cophenetic index 1130; 1.4 s; peak memory 582 MiB.
2026-10-02T16:45:09Z INFO [752/1876] 25acdf4d-540b-4f23-94d2-a7b11a23973e: cophenetic index 624; 0.7 s; peak memory 582 MiB.
2026-10-02T16:45:10Z INFO [753/1876] 25ad47a3-8e5b-4b15-8136-0dd416dfe495: cophenetic index 2570; 1.4 s; peak memory 582 MiB.
2026-10-02T16:45:12Z INFO [754/1876] 25ad50ec-adbe-4115-9007-0160fe08d6ec: cophenetic index 1970; 1.9 s; peak memory 582 MiB.
2026-10-02T16:45:14Z INFO [755/1876] 25adad7c-d771-4824-8197-15cbe9d2d952: cophenetic index 6490; 2.0 s; peak memory 582 MiB.
2026-10-02T16:45:15Z INFO [756/1876] 25ae98bb-fb51-4f60-93fa-43a8767a4207: cophenetic index 3004; 0.9 s; peak memory 582 MiB.
2026-10-02T16:45:16Z INFO [757/1876] 25aee35d-279a-4869-be2a-a89a90115be8: cophenetic index 3004; 0.8 s; peak memory 582 MiB.
2026-10-02T16:45:17Z INFO [758/1876] 25aee3a3-b192-4557-a39c-080b2011ca9d: cophenetic index 1380; 1.1 s; peak memory 582 MiB.
2026-10-02T16:45:17Z INFO [759/1876] 25aff559-8a7f-401a-9e9e-896f7003667b: cophenetic index 739; 0.4 s; peak memory 582 MiB.
2026-10-02T16:45:21Z INFO [760/1876] 25b098d8-643c-412f-9d61-5aae219974cd: cophenetic index 6218; 3.2 s; peak memory 582 MiB.
2026-10-02T16:45:22Z INFO [761/1876] 25b0e004-0793-4cad-90b3-7138e9960bac: cophenetic index 797; 1.1 s; peak memory 582 MiB.
2026-10-02T16:45:22Z INFO [762/1876] 25b17087-35de-4b66-9db0-4d0750dcda11: cophenetic index 3004; 0.6 s; peak memory 582 MiB.
2026-10-02T16:45:23Z INFO [763/1876] 25b22942-9759-45e3-8d6d-604894dd507c: cophenetic index 646; 0.6 s; peak memory 582 MiB.
2026-10-02T16:45:24Z INFO [764/1876] 25b27097-4d75-4f9a-8da4-456dfa14fc17: cophenetic index 624; 0.8 s; peak memory 582 MiB.
2026-10-02T16:45:25Z INFO [765/1876] 25b299f5-5a59-4f3a-bbdd-ecfe38faf36c: cophenetic index 33962; 1.2 s; peak memory 582 MiB.
2026-10-02T16:45:26Z INFO [766/1876] 25b2cd11-21fc-4cb3-a591-e678a7e10dfc: cophenetic index 2570; 0.9 s; peak memory 582 MiB.
2026-10-02T16:45:27Z INFO [767/1876] 25b2d13e-7b0f-408b-94c8-b6a99d7bfa6c: cophenetic index 3087; 1.1 s; peak memory 582 MiB.
2026-10-02T16:45:31Z INFO [768/1876] 25b3eab8-09a5-4808-b3a7-a83bc720b968: cophenetic index 41756; 4.2 s; peak memory 582 MiB.
2026-10-02T16:45:32Z INFO [769/1876] 25b42ed3-b206-4ce2-a2e3-c4b106b753b9: cophenetic index 2625; 1.0 s; peak memory 582 MiB.
2026-10-02T16:45:35Z INFO [770/1876] 25b484ad-0681-4369-9d80-1c071e62cf10: cophenetic index 1458; 2.4 s; peak memory 582 MiB.
2026-10-02T16:45:36Z INFO [771/1876] 25b54d73-0812-4ff6-a20d-0b5fc02c2e1d: cophenetic index 2570; 1.4 s; peak memory 582 MiB.
2026-10-02T16:45:36Z INFO [772/1876] 25b59f2f-124d-4677-855e-2a29f9a80eeb: cophenetic index 651; 0.5 s; peak memory 582 MiB.
2026-10-02T16:45:37Z INFO [773/1876] 25b716da-ad94-4088-9d39-4b1d03774423: cophenetic index 762; 0.5 s; peak memory 582 MiB.
2026-10-02T16:45:38Z INFO [774/1876] 25b717f9-6187-46e0-b3e0-91edf312ed75: cophenetic index 624; 0.7 s; peak memory 582 MiB.
2026-10-02T16:45:39Z INFO [775/1876] 25b77234-4163-4707-be99-b19d1ae78979: cophenetic index 3004; 0.9 s; peak memory 582 MiB.
2026-10-02T16:45:45Z INFO [776/1876] 25b7948a-b40b-49dd-a726-b6afea0fe48a: cophenetic index 37020; 6.0 s; peak memory 582 MiB.
2026-10-02T16:45:45Z INFO [777/1876] 25b7c178-f69c-4b24-a78d-57bb44b10af8: cophenetic index 915; 0.5 s; peak memory 582 MiB.
2026-10-02T16:45:46Z INFO [778/1876] 25b8490d-8d2b-481d-b243-b6de8ca36e2a: cophenetic index 2724; 0.9 s; peak memory 582 MiB.
2026-10-02T16:45:47Z INFO [779/1876] 25b84eae-0331-4ed2-9738-d4b47ea1e00a: cophenetic index 619; 1.1 s; peak memory 582 MiB.
2026-10-02T16:45:49Z INFO [780/1876] 25b90891-1788-418b-bd24-11b2f1b9da3c: cophenetic index 33998; 1.5 s; peak memory 582 MiB.
2026-10-02T16:45:49Z INFO [781/1876] 25b92422-679a-4bfa-b0db-d0b6ecb7afef: cophenetic index 3087; 0.8 s; peak memory 582 MiB.
2026-10-02T16:45:50Z INFO [782/1876] 25b994fa-788a-4884-847e-fe933cfc9256: cophenetic index 33958; 0.7 s; peak memory 582 MiB.
2026-10-02T16:45:52Z INFO [783/1876] 25ba07e9-b8cc-41e2-84a3-9506fa19d67e: cophenetic index 2609; 2.2 s; peak memory 582 MiB.
2026-10-02T16:45:53Z INFO [784/1876] 25ba4d53-ac2d-4506-941b-89082fe683d5: cophenetic index 3087; 0.8 s; peak memory 582 MiB.
2026-10-02T16:45:54Z INFO [785/1876] 25bafe1a-bea5-4a7f-bd30-4436eef4c527: cophenetic index 3004; 0.8 s; peak memory 582 MiB.
2026-10-02T16:45:55Z INFO [786/1876] 25bd10f9-19f7-4c19-9795-d12984027c35: cophenetic index 2625; 1.3 s; peak memory 582 MiB.
2026-10-02T16:45:56Z INFO [787/1876] 25bd69f9-f479-4f88-a6e7-5afe81fcdcc3: cophenetic index 3004; 0.8 s; peak memory 582 MiB.
2026-10-02T16:45:57Z INFO [788/1876] 25bde758-2503-4753-bd69-1cd83ed06d8e: cophenetic index 2625; 0.8 s; peak memory 582 MiB.
2026-10-02T16:45:58Z INFO [789/1876] 25bdfc7e-05a9-48d3-abb5-a2ea29d00d25: cophenetic index 4073; 1.4 s; peak memory 582 MiB.
2026-10-02T16:45:59Z INFO [790/1876] 25be854b-f2f1-4201-8a92-9edcf9c9e4b5: cophenetic index 3004; 0.8 s; peak memory 582 MiB.
2026-10-02T16:45:59Z INFO [791/1876] 25bf06df-fdf1-4ba8-aea9-509b2b6ea1e4: cophenetic index 751; 0.5 s; peak memory 582 MiB.
2026-10-02T16:46:00Z INFO [792/1876] 25bf1403-a096-49b6-8415-4555a2618fb2: cophenetic index 651; 0.5 s; peak memory 582 MiB.
2026-10-02T16:46:01Z INFO [793/1876] 25bf1544-b969-480e-be0e-7fad1cb195b9: cophenetic index 2570; 1.0 s; peak memory 582 MiB.
2026-10-02T16:46:02Z INFO [794/1876] 25bf6974-9a41-4658-92cb-57641b87e309: cophenetic index 3087; 0.8 s; peak memory 582 MiB.
2026-10-02T16:46:03Z INFO [795/1876] 25bfb1fa-b2a3-4b32-8c98-40f53d26f80a: cophenetic index 3004; 0.7 s; peak memory 582 MiB.
2026-10-02T16:46:03Z INFO [796/1876] 25c0f4a6-ecbd-49e3-b737-f2e2c7abd240: cophenetic index 624; 0.8 s; peak memory 582 MiB.
2026-10-02T16:46:05Z INFO [797/1876] 25c322c2-93b5-4432-aecf-5a8abc651e2e: cophenetic index 26986; 1.2 s; peak memory 582 MiB.
2026-10-02T16:46:05Z INFO [798/1876] 25c3388d-51cc-41f5-8660-ccd809d2ce3c: cophenetic index 2974; 0.8 s; peak memory 582 MiB.
2026-10-02T16:46:12Z INFO [799/1876] 25c3d5ca-d020-4e69-a706-606cc259ffb6: cophenetic index 48665; 6.8 s; peak memory 582 MiB.
2026-10-02T16:46:13Z INFO [800/1876] 25c3f428-5685-4ac0-85ed-90c4b6b7d474: cophenetic index 4586; 1.0 s; peak memory 582 MiB.
2026-10-02T16:46:13Z INFO [800/1876] 25c3f428-5685-4ac0-85ed-90c4b6b7d474: checkpointed 65102 records.
2026-10-02T16:46:14Z INFO [801/1876] 25c478c2-fd89-44fe-933d-a1efec75490c: cophenetic index 624; 0.8 s; peak memory 582 MiB.
2026-10-02T16:46:16Z INFO [802/1876] 25c4a825-321a-408f-aafd-c17d8243ec5e: cophenetic index 5473; 2.0 s; peak memory 582 MiB.
2026-10-02T16:46:17Z INFO [803/1876] 25c5acbe-b6ba-4cca-a8fa-4d45387e5a3c: cophenetic index 624; 0.6 s; peak memory 582 MiB.
2026-10-02T16:46:17Z INFO [804/1876] 25c5fec1-49ae-4bff-9af1-0bf68978bdef: cophenetic index 379; 0.5 s; peak memory 582 MiB.
2026-10-02T16:46:18Z INFO [805/1876] 25c61c30-397b-49db-8d13-d5af96a68639: cophenetic index 3004; 0.7 s; peak memory 582 MiB.
2026-10-02T16:46:29Z INFO [806/1876] 25c6238a-a6a0-47da-975e-99b08f6d857e: cophenetic index 338444; 11.5 s; peak memory 582 MiB.
2026-10-02T16:46:30Z INFO [807/1876] 25c6e7a7-64cb-497a-bb54-86f25d2fde7c: cophenetic index 2625; 0.9 s; peak memory 582 MiB.
2026-10-02T16:46:36Z INFO [808/1876] 25c75e18-3c02-493d-8bb9-c9550f3f5e6c: cophenetic index 5466; 5.5 s; peak memory 582 MiB.
2026-10-02T16:46:37Z INFO [809/1876] 25c764aa-9795-4ee9-ab3a-cdfa9fc42794: cophenetic index 6435; 1.0 s; peak memory 582 MiB.
2026-10-02T16:46:38Z INFO [810/1876] 25c77e13-0e1c-40f3-93ee-96c56d681bfc: cophenetic index 2625; 1.0 s; peak memory 582 MiB.
2026-10-02T16:46:39Z INFO [811/1876] 25c79163-53dd-48b5-80db-a3f99d63a53c: cophenetic index 33998; 0.9 s; peak memory 582 MiB.
2026-10-02T16:46:39Z INFO [812/1876] 25c7d2b6-e1ca-42b3-9a6a-3eb1fb596c35: cophenetic index 2625; 0.8 s; peak memory 582 MiB.
2026-10-02T16:46:41Z INFO [813/1876] 25c7ec9b-090d-4a44-a39e-98cee4be76d3: cophenetic index 33986; 1.1 s; peak memory 582 MiB.
2026-10-02T16:46:41Z INFO [814/1876] 25c87b10-822b-4a32-a22d-72cec68946b9: cophenetic index 490; 0.4 s; peak memory 582 MiB.
2026-10-02T16:46:42Z INFO [815/1876] 25c89321-e70d-41d3-b157-527113122210: cophenetic index 1380; 1.2 s; peak memory 582 MiB.
2026-10-02T16:46:44Z INFO [816/1876] 25c8de6c-9f34-402d-8e88-f328d10bcde0: cophenetic index 3437; 1.9 s; peak memory 582 MiB.
2026-10-02T16:46:45Z INFO [817/1876] 25c9954e-fe98-48e5-9fb1-1046a85cd003: cophenetic index 2974; 0.9 s; peak memory 582 MiB.
2026-10-02T16:46:51Z INFO [818/1876] 25c9bc46-7751-44ac-a6be-a466c92f3962: cophenetic index 12100; 5.9 s; peak memory 582 MiB.
2026-10-02T16:46:52Z INFO [819/1876] 25caf1a0-eaf1-4c25-be22-73fb08506eb2: cophenetic index 624; 1.0 s; peak memory 582 MiB.
2026-10-02T16:46:53Z INFO [820/1876] 25caf592-d50b-4bf1-b9f3-a56dde6b01b9: cophenetic index 33986; 1.2 s; peak memory 582 MiB.
2026-10-02T16:46:54Z INFO [821/1876] 25caf600-3b7d-45c2-a12b-d3f195e22f47: cophenetic index 624; 0.7 s; peak memory 582 MiB.
2026-10-02T16:46:54Z INFO [822/1876] 25cb9132-bd17-4ac0-8214-7c5c554f57b5: cophenetic index 3004; 0.7 s; peak memory 582 MiB.
2026-10-02T16:46:56Z INFO [823/1876] 25cba5f3-1cb6-48df-96c8-a34705e1956d: cophenetic index 23224; 1.1 s; peak memory 582 MiB.
2026-10-02T16:46:56Z INFO [824/1876] 25cbb77e-f9cf-4694-82dc-a28c6bd30f66: cophenetic index 2724; 0.8 s; peak memory 582 MiB.
2026-10-02T16:46:57Z INFO [825/1876] 25cc11fe-1aa8-4504-8a73-cfd219e52550: cophenetic index 646; 0.6 s; peak memory 582 MiB.
2026-10-02T16:46:57Z INFO [826/1876] 25cd275b-1366-4ad0-800d-2dbfcb49734a: cophenetic index 751; 0.3 s; peak memory 582 MiB.
2026-10-02T16:46:59Z INFO [827/1876] 25cd6981-d6a5-49e5-a8eb-f479e4c26932: cophenetic index 1021; 1.2 s; peak memory 582 MiB.
2026-10-02T16:46:59Z INFO [828/1876] 25ce1ddc-6990-45cf-bc01-f2435207cd52: cophenetic index 1558; 0.8 s; peak memory 582 MiB.
2026-10-02T16:47:00Z INFO [829/1876] 25ce24a8-f5b5-46a8-99d8-38b78d8cf88b: cophenetic index 490; 0.4 s; peak memory 582 MiB.
2026-10-02T16:47:03Z INFO [830/1876] 25ce441a-c567-4fb9-a7a7-6d9e30e4748f: cophenetic index 6412; 3.0 s; peak memory 582 MiB.
2026-10-02T16:47:04Z INFO [831/1876] 25cf30f0-700e-4965-8a30-945f62176674: cophenetic index 3004; 0.7 s; peak memory 582 MiB.
2026-10-02T16:47:13Z INFO [832/1876] 25cf7514-dc25-44c9-885d-3c28b02890af: cophenetic index 20749; 9.3 s; peak memory 582 MiB.
2026-10-02T16:47:14Z INFO [833/1876] 25d02572-79f3-4d0a-bd37-712a0db0fd8b: cophenetic index 2625; 0.9 s; peak memory 582 MiB.
2026-10-02T16:47:18Z INFO [834/1876] 25d06697-509f-43d1-98f9-d39cbc07f93b: cophenetic index 67901; 4.2 s; peak memory 582 MiB.
2026-10-02T16:47:19Z INFO [835/1876] 25d0e598-40e4-4542-a775-b3f50a25146a: cophenetic index 3192; 1.0 s; peak memory 582 MiB.
2026-10-02T16:47:20Z INFO [836/1876] 25d1176a-55d1-4764-bd59-369372cc9f44: cophenetic index 850; 1.2 s; peak memory 582 MiB.
2026-10-02T16:47:24Z INFO [837/1876] 25d2dd05-b4d0-4f16-8d78-f3b7f628f764: cophenetic index 9548; 3.9 s; peak memory 582 MiB.
2026-10-02T16:47:25Z INFO [838/1876] 25d37b0e-432a-4725-8fd8-dcf6ce975cc8: cophenetic index 624; 0.7 s; peak memory 582 MiB.
2026-10-02T16:47:26Z INFO [839/1876] 25d4e692-526b-4403-8199-1b7f26a17c26: cophenetic index 624; 0.9 s; peak memory 582 MiB.
2026-10-02T16:47:26Z INFO [840/1876] 25d64d90-0281-453a-ace2-a3007db65299: cophenetic index 649; 0.7 s; peak memory 582 MiB.
2026-10-02T16:47:29Z INFO [841/1876] 25d6690f-011e-4835-9e87-c557bf69213e: cophenetic index 5473; 2.5 s; peak memory 582 MiB.
2026-10-02T16:47:30Z INFO [842/1876] 25d6c473-3e0b-4424-b13a-35a10d328c0a: cophenetic index 3575; 1.3 s; peak memory 582 MiB.
2026-10-02T16:47:31Z INFO [843/1876] 25d6db11-f46c-4bf0-a3c5-bc66fbd28a8a: cophenetic index 3087; 0.7 s; peak memory 582 MiB.
2026-10-02T16:47:31Z INFO [844/1876] 25d6f028-0f13-4aa9-a681-21ee163e903a: cophenetic index 627; 0.6 s; peak memory 582 MiB.
2026-10-02T16:47:32Z INFO [845/1876] 25d76353-d26d-49b0-98be-11b15ef2c633: cophenetic index 490; 0.4 s; peak memory 582 MiB.
2026-10-02T16:47:33Z INFO [846/1876] 25d7c552-61fd-4582-8d73-354e20729939: cophenetic index 4586; 1.0 s; peak memory 582 MiB.
2026-10-02T16:47:33Z INFO [847/1876] 25d884cb-8646-44bd-889f-c71c89ceea4d: cophenetic index 446; 0.4 s; peak memory 582 MiB.
2026-10-02T16:47:34Z INFO [848/1876] 25d9069c-d81e-4b6d-85fa-6ee8a5fc1504: cophenetic index 624; 0.7 s; peak memory 582 MiB.
2026-10-02T16:47:40Z INFO [849/1876] 25da410b-a0ce-49af-8355-adb76a2e8e5d: cophenetic index 6715; 5.6 s; peak memory 582 MiB.
2026-10-02T16:47:40Z INFO [850/1876] 25daf4a6-80b5-49ad-8dc0-8885eefce888: cophenetic index 3004; 0.8 s; peak memory 582 MiB.
2026-10-02T16:47:40Z INFO [850/1876] 25daf4a6-80b5-49ad-8dc0-8885eefce888: checkpointed 65152 records.
2026-10-02T16:47:41Z INFO [851/1876] 25db818a-34cd-46ac-82f9-ea46b340d46b: cophenetic index 725; 0.8 s; peak memory 582 MiB.
2026-10-02T16:47:42Z INFO [852/1876] 25db9fcd-b161-4740-b095-23dc554f846d: cophenetic index 431; 0.6 s; peak memory 582 MiB.
2026-10-02T16:47:43Z INFO [853/1876] 25dc4640-44a0-4aac-a861-b161fdbef2c2: cophenetic index 33998; 1.3 s; peak memory 582 MiB.
2026-10-02T16:47:44Z INFO [854/1876] 25dc8707-0b91-4f58-84dc-c14002eb6223: cophenetic index 490; 0.5 s; peak memory 582 MiB.
2026-10-02T16:47:45Z INFO [855/1876] 25dc9016-0a66-45ef-b3fc-7bea87970592: cophenetic index 797; 1.8 s; peak memory 582 MiB.
2026-10-02T16:47:48Z INFO [856/1876] 25dce494-ada5-4308-a09d-f68de2cc6da9: cophenetic index 1847; 2.2 s; peak memory 582 MiB.
2026-10-02T16:47:49Z INFO [857/1876] 25ddd0b2-e804-45bd-9426-8d179017f556: cophenetic index 2625; 1.3 s; peak memory 582 MiB.
2026-10-02T16:47:50Z INFO [858/1876] 25df10ce-f677-48f9-8d64-a7d2c67b32a0: cophenetic index 627; 0.7 s; peak memory 582 MiB.
2026-10-02T16:47:50Z INFO [859/1876] 25df3431-5053-495d-95f4-c912b3b9befd: cophenetic index 624; 0.8 s; peak memory 582 MiB.
2026-10-02T16:47:51Z INFO [860/1876] 25df45a8-310f-4309-858a-f0df4b5c5af2: cophenetic index 3004; 0.8 s; peak memory 582 MiB.
2026-10-02T16:47:52Z INFO [861/1876] 25df63d7-ad62-46c2-bc5b-f80bd837a63c: cophenetic index 797; 1.2 s; peak memory 582 MiB.
2026-10-02T16:47:53Z INFO [862/1876] 25e07a07-1a23-47b2-8cb2-a242d4e51e59: cophenetic index 560; 0.8 s; peak memory 582 MiB.
2026-10-02T16:48:01Z INFO [863/1876] 25e0defe-b39f-4a1d-a87e-7a7157514684: cophenetic index 46939; 8.1 s; peak memory 582 MiB.
2026-10-02T16:48:06Z INFO [864/1876] 25e10bdd-8bb6-4aac-9f16-c10268fd1711: cophenetic index 87401; 5.0 s; peak memory 582 MiB.
2026-10-02T16:48:16Z INFO [865/1876] 25e113cc-8c52-4d53-ab6b-a98c31b7619f: cophenetic index 82399; 9.5 s; peak memory 582 MiB.
2026-10-02T16:48:17Z INFO [866/1876] 25e2125b-9304-4c78-8d47-d0114e063b46: cophenetic index 30304; 1.2 s; peak memory 582 MiB.
2026-10-02T16:48:18Z INFO [867/1876] 25e25703-b009-454e-aade-966a4289159e: cophenetic index 624; 0.9 s; peak memory 582 MiB.
2026-10-02T16:48:22Z INFO [868/1876] 25e2aa24-55f2-4280-ac67-b5801720468d: cophenetic index 109016; 4.1 s; peak memory 582 MiB.
2026-10-02T16:48:23Z INFO [869/1876] 25e2dc41-d7ca-45b4-9fcb-446efc459999: cophenetic index 2570; 1.1 s; peak memory 582 MiB.
2026-10-02T16:48:25Z INFO [870/1876] 25e3258c-81d4-4ec5-964b-04c68cc3b19b: cophenetic index 37723; 1.7 s; peak memory 582 MiB.
2026-10-02T16:48:34Z INFO [871/1876] 25e34b43-e240-4e6b-a8ce-ece85a3d6362: cophenetic index 48024; 9.0 s; peak memory 582 MiB.
2026-10-02T16:48:36Z INFO [872/1876] 25e4cec5-9c12-44b7-9a03-be8146d29866: cophenetic index 41788; 2.0 s; peak memory 582 MiB.
2026-10-02T16:48:37Z INFO [873/1876] 25e572db-f887-401f-b42d-d169a1fbc215: cophenetic index 1130; 1.3 s; peak memory 582 MiB.
2026-10-02T16:48:38Z INFO [874/1876] 25e59521-e6e6-4066-99b8-aed8cd1669df: cophenetic index 958; 0.9 s; peak memory 582 MiB.
2026-10-02T16:48:40Z INFO [875/1876] 25e5d1ee-7b51-4e5c-9e0a-94c5ce009738: cophenetic index 33998; 1.7 s; peak memory 582 MiB.
2026-10-02T16:48:41Z INFO [876/1876] 25e5d92b-8cf5-4818-9d06-9b00f36316b7: cophenetic index 33998; 1.7 s; peak memory 582 MiB.
2026-10-02T16:48:42Z INFO [877/1876] 25e64d4b-f5f0-4106-9006-6d0410d86bbd: cophenetic index 2974; 0.7 s; peak memory 582 MiB.
2026-10-02T16:48:43Z INFO [878/1876] 25e67f71-1720-4795-8381-b758b9378a20: cophenetic index 624; 0.7 s; peak memory 582 MiB.
2026-10-02T16:48:44Z INFO [879/1876] 25e7266b-a34d-4641-b9b3-0f35e9e7b0db: cophenetic index 1602; 1.0 s; peak memory 582 MiB.
2026-10-02T16:48:45Z INFO [880/1876] 25e7bded-baf7-48bf-81be-8bf9b3bb3fd1: cophenetic index 1739; 0.7 s; peak memory 582 MiB.
2026-10-02T16:48:45Z INFO [881/1876] 25e7c7c2-9b9c-4ad1-806e-ea27acb03c00: cophenetic index 624; 0.8 s; peak memory 582 MiB.
2026-10-02T16:48:46Z INFO [882/1876] 25e83484-9a50-4edd-83ae-3eee365c5288: cophenetic index 624; 0.8 s; peak memory 582 MiB.
2026-10-02T16:48:47Z INFO [883/1876] 25e9c38b-78d1-4df9-8f28-b4c6f3c2c816: cophenetic index 3004; 0.8 s; peak memory 582 MiB.
2026-10-02T16:48:48Z INFO [884/1876] 25ea03b6-d6f2-43ad-b11d-7709293f4ae7: cophenetic index 3087; 1.0 s; peak memory 582 MiB.
2026-10-02T16:48:50Z INFO [885/1876] 25ea2dec-7472-4687-a3ba-91d3166cb345: cophenetic index 4015; 2.2 s; peak memory 582 MiB.
2026-10-02T16:48:51Z INFO [886/1876] 25eaa2b1-c24f-4663-9399-80ddf39c237b: cophenetic index 490; 0.6 s; peak memory 582 MiB.
2026-10-02T16:48:51Z INFO [887/1876] 25eb9ab6-34c5-49ec-8ee7-a30ecf690524: cophenetic index 3135; 0.6 s; peak memory 582 MiB.
2026-10-02T16:48:52Z INFO [888/1876] 25ebc9c0-89b2-4f2a-b0df-c3fb9c94e949: cophenetic index 1739; 1.1 s; peak memory 582 MiB.
2026-10-02T16:48:55Z INFO [889/1876] 25ec874c-8776-4ac5-8f8a-4921a6d45c4f: cophenetic index 2469; 2.4 s; peak memory 582 MiB.
2026-10-02T16:48:56Z INFO [890/1876] 25ed94de-37dd-44a3-91d4-9104d0ffcbeb: cophenetic index 448; 0.8 s; peak memory 582 MiB.
2026-10-02T16:48:57Z INFO [891/1876] 25ee17f6-d9cd-4a6c-a0ca-5de55929815d: cophenetic index 1002; 0.9 s; peak memory 582 MiB.
2026-10-02T16:48:57Z INFO [892/1876] 25ee5ec4-76b3-4ab2-99f9-e75ed27f8eca: cophenetic index 581; 0.8 s; peak memory 582 MiB.
2026-10-02T16:48:58Z INFO [893/1876] 25ee603a-6aa6-4dec-8844-04231dcb968d: cophenetic index 490; 0.6 s; peak memory 582 MiB.
2026-10-02T16:49:01Z INFO [894/1876] 25ee90bf-6c00-492d-81fc-1714e581fcb0: cophenetic index 6636; 2.6 s; peak memory 582 MiB.
2026-10-02T16:49:05Z INFO [895/1876] 25eefd49-eb39-4fe5-8df3-ac8baa575b5f: cophenetic index 5466; 4.5 s; peak memory 582 MiB.
2026-10-02T16:49:06Z INFO [896/1876] 25ef6431-a740-4a44-8c5e-00427864bed9: cophenetic index 579; 0.6 s; peak memory 582 MiB.
2026-10-02T16:49:08Z INFO [897/1876] 25efd663-2aec-47a6-ae3e-1dc253eda2fe: cophenetic index 2469; 2.6 s; peak memory 582 MiB.
2026-10-02T16:49:10Z INFO [898/1876] 25efdd88-774a-404d-bacf-0ce02ba20125: cophenetic index 10773; 2.2 s; peak memory 582 MiB.
2026-10-02T16:49:11Z INFO [899/1876] 25f0458b-d7a5-4181-bd08-bbe745cfe4ef: cophenetic index 1781; 0.9 s; peak memory 582 MiB.
2026-10-02T16:49:12Z INFO [900/1876] 25f05136-7577-4d7f-90be-64ff490af45a: cophenetic index 3004; 0.6 s; peak memory 582 MiB.
2026-10-02T16:49:12Z INFO [900/1876] 25f05136-7577-4d7f-90be-64ff490af45a: checkpointed 65202 records.
2026-10-02T16:49:13Z INFO [901/1876] 25f05425-757a-4622-9c12-30bc5fcc9ed3: cophenetic index 23864; 0.9 s; peak memory 582 MiB.
2026-10-02T16:49:14Z INFO [902/1876] 25f094cd-47f8-43a0-8c6e-9feb403c5fff: cophenetic index 1006; 1.3 s; peak memory 582 MiB.
2026-10-02T16:49:17Z INFO [903/1876] 25f17b31-4ae8-4eb9-8455-bc48fde1364f: cophenetic index 3243; 2.4 s; peak memory 582 MiB.
2026-10-02T16:49:17Z INFO [904/1876] 25f1c686-fe52-4b23-81c6-6226aa23267f: cophenetic index 624; 0.8 s; peak memory 582 MiB.
2026-10-02T16:49:18Z INFO [905/1876] 25f27347-4de2-4bfc-a3c5-e39c8af65fa6: cophenetic index 33998; 1.2 s; peak memory 582 MiB.
2026-10-02T16:49:20Z INFO [906/1876] 25f35d26-cde8-4454-a66e-0f4fddf9db6e: cophenetic index 4617; 1.6 s; peak memory 582 MiB.
2026-10-02T16:49:22Z INFO [907/1876] 25f383ac-2ebe-4feb-91e2-700c3f7f402f: cophenetic index 6636; 2.1 s; peak memory 582 MiB.
2026-10-02T16:49:25Z INFO [908/1876] 25f38bc9-cc48-4a6f-9a7c-9b86810ffc95: cophenetic index 61183; 3.2 s; peak memory 582 MiB.
2026-10-02T16:49:26Z INFO [909/1876] 25f3f4f0-683a-4b60-afee-4d30c970e195: cophenetic index 3004; 1.0 s; peak memory 582 MiB.
2026-10-02T16:49:27Z INFO [910/1876] 25f45fdf-311b-410c-8a6c-47207579b9e9: cophenetic index 649; 0.9 s; peak memory 582 MiB.
2026-10-02T16:49:28Z INFO [911/1876] 25f4775f-8de2-426d-bb2c-34d72579c5ec: cophenetic index 624; 0.7 s; peak memory 582 MiB.
2026-10-02T16:49:29Z INFO [912/1876] 25f56705-567e-49b3-b4a4-ebec988a5981: cophenetic index 624; 0.7 s; peak memory 582 MiB.
2026-10-02T16:49:29Z INFO [913/1876] 25f5c248-a02b-4f77-bfd1-0895e505ad1a: cophenetic index 490; 0.5 s; peak memory 582 MiB.
2026-10-02T16:49:30Z INFO [914/1876] 25f5c817-2255-4025-8f54-60f647af51a2: cophenetic index 624; 0.8 s; peak memory 582 MiB.
2026-10-02T16:49:31Z INFO [915/1876] 25f67218-09fb-4827-862e-88d24d8c746c: cophenetic index 624; 0.8 s; peak memory 582 MiB.
2026-10-02T16:49:32Z INFO [916/1876] 25f69341-a419-4c98-9725-194f7489ac9a: cophenetic index 2625; 0.9 s; peak memory 582 MiB.
2026-10-02T16:49:32Z INFO [917/1876] 25f6b796-7c17-46e7-95b3-70d1acb9e89a: cophenetic index 624; 0.6 s; peak memory 582 MiB.
2026-10-02T16:49:33Z INFO [918/1876] 25f772e2-0823-485c-aa36-60531481eaeb: cophenetic index 729; 0.3 s; peak memory 582 MiB.
2026-10-02T16:49:38Z INFO [919/1876] 25f7bb12-f99a-47ad-ad51-159960012d0e: cophenetic index 58351; 4.9 s; peak memory 582 MiB.
2026-10-02T16:49:39Z INFO [920/1876] 25f8197c-4050-4739-b3c1-cfaed1492202: cophenetic index 33968; 1.2 s; peak memory 582 MiB.
2026-10-02T16:49:55Z INFO [921/1876] 25f84e97-f297-4e76-980b-2ec2a932ba62: cophenetic index 38375; 16.0 s; peak memory 582 MiB.
2026-10-02T16:49:56Z INFO [922/1876] 25f8a72b-bd33-4a7e-be31-f5deec864d75: cophenetic index 26986; 1.1 s; peak memory 582 MiB.
2026-10-02T16:49:57Z INFO [923/1876] 25f90d87-1eb6-4246-ad18-47c3748e104b: cophenetic index 2625; 1.1 s; peak memory 582 MiB.
2026-10-02T16:49:58Z INFO [924/1876] 25fa0b1f-7d14-4fb6-9c3c-1f4605a813b0: cophenetic index 2625; 1.1 s; peak memory 582 MiB.
2026-10-02T16:50:00Z INFO [925/1876] 25fa1910-c228-4562-8cf9-2c831f9657cf: cophenetic index 33968; 1.4 s; peak memory 582 MiB.
2026-10-02T16:50:00Z INFO [926/1876] 25fa3b11-1622-489e-9e2e-9a4f3f839ce4: cophenetic index 624; 0.7 s; peak memory 582 MiB.
2026-10-02T16:50:01Z INFO [927/1876] 25fb1f26-eb83-4929-97fd-abffe8e0cc50: cophenetic index 739; 0.5 s; peak memory 582 MiB.
2026-10-02T16:50:06Z INFO [928/1876] 25fb79bd-6f9e-457f-8c66-25b9a4974f2c: cophenetic index 192971; 5.6 s; peak memory 582 MiB.
2026-10-02T16:50:07Z INFO [929/1876] 25fc083e-a98e-4f10-94c4-ed2b02289305: cophenetic index 3004; 1.0 s; peak memory 582 MiB.
2026-10-02T16:50:11Z INFO [930/1876] 25fcde6d-288a-4fdc-ac4d-53f6ae76ddc1: cophenetic index 42192; 3.3 s; peak memory 582 MiB.
2026-10-02T16:50:12Z INFO [931/1876] 25fd0c10-500e-4200-964e-8011b2c0eac9: cophenetic index 23425; 0.8 s; peak memory 582 MiB.
2026-10-02T16:50:19Z INFO [932/1876] 25fe6e19-a2eb-45d6-9e04-e2166d02d203: cophenetic index 214400; 7.9 s; peak memory 582 MiB.
2026-10-02T16:50:20Z INFO [933/1876] 25ff557c-9aa2-48c6-9bbf-9a965b3a591c: cophenetic index 624; 0.8 s; peak memory 582 MiB.
2026-10-02T16:50:21Z INFO [934/1876] 25ff5a7a-3032-4366-b426-7721147ffab8: cophenetic index 2570; 0.8 s; peak memory 582 MiB.
2026-10-02T16:50:22Z INFO [935/1876] 25ffc83c-e87b-4b32-90ce-a37d5a955c46: cophenetic index 1271; 0.8 s; peak memory 582 MiB.
2026-10-02T16:50:23Z INFO [936/1876] 26002b1e-8aa6-42f1-b11b-9abac45a8480: cophenetic index 627; 0.7 s; peak memory 582 MiB.
2026-10-02T16:50:25Z INFO [937/1876] 26007c5e-78ab-49e1-b925-09c6dd73fd83: cophenetic index 4617; 2.0 s; peak memory 582 MiB.
2026-10-02T16:50:25Z INFO [938/1876] 2601c7a7-40cf-459d-8312-5b64f2d006c1: cophenetic index 624; 0.8 s; peak memory 582 MiB.
2026-10-02T16:50:26Z INFO [939/1876] 260216e7-1cd1-40fe-9288-7cc1589f66dd: cophenetic index 624; 0.8 s; peak memory 582 MiB.
2026-10-02T16:50:28Z INFO [940/1876] 26027b75-31c8-47df-a95c-fab17a3ba273: cophenetic index 2069; 2.2 s; peak memory 582 MiB.
2026-10-02T16:50:29Z INFO [941/1876] 260336dc-2458-4f4d-821a-6f4b968126af: cophenetic index 2701; 0.9 s; peak memory 582 MiB.
2026-10-02T16:50:30Z INFO [942/1876] 2603761f-a204-451f-b06a-d737df0de812: cophenetic index 23690; 1.0 s; peak memory 582 MiB.
2026-10-02T16:50:31Z INFO [943/1876] 26039198-1126-4e89-a7cf-9e8f71659755: cophenetic index 33968; 1.0 s; peak memory 582 MiB.
2026-10-02T16:50:32Z INFO [944/1876] 26049a2a-70bb-40ad-a539-047729be04dc: cophenetic index 907; 0.6 s; peak memory 582 MiB.
2026-10-02T16:50:32Z INFO [945/1876] 2604c70f-4dc0-4ed6-88eb-70493e57395c: cophenetic index 490; 0.6 s; peak memory 582 MiB.
2026-10-02T16:50:33Z INFO [946/1876] 26051cd1-85c1-4ef4-a3fb-b9e2831174f2: cophenetic index 2974; 0.7 s; peak memory 582 MiB.
2026-10-02T16:50:34Z INFO [947/1876] 26056c88-e0e7-4e73-beef-b778e20205de: cophenetic index 3087; 0.8 s; peak memory 582 MiB.
2026-10-02T16:51:30Z INFO [948/1876] 2605d601-54f7-4dfd-b92f-bcb110bb09ac: cophenetic index 26116916; 55.8 s; peak memory 582 MiB.
2026-10-02T16:51:30Z INFO [949/1876] 26064365-4ca8-41c9-8eae-499c7975a176: cophenetic index 624; 0.7 s; peak memory 582 MiB.
2026-10-02T16:51:31Z INFO [950/1876] 2606a9fb-4590-467e-958a-4370c08ea88e: cophenetic index 624; 0.8 s; peak memory 582 MiB.
2026-10-02T16:51:31Z INFO [950/1876] 2606a9fb-4590-467e-958a-4370c08ea88e: checkpointed 65252 records.
2026-10-02T16:51:32Z INFO [951/1876] 26076298-9d29-4d13-b60c-5cb2ccbbe3ab: cophenetic index 3087; 0.8 s; peak memory 582 MiB.
2026-10-02T16:51:44Z INFO [952/1876] 26082105-fd5b-4a6e-b5fa-66b1c982acae: cophenetic index 14507294; 12.1 s; peak memory 582 MiB.
2026-10-02T16:51:45Z INFO [953/1876] 2608bf9d-3406-49fe-b4c0-f4bea944b180: cophenetic index 624; 0.9 s; peak memory 582 MiB.
2026-10-02T16:51:46Z INFO [954/1876] 2608eeb5-9cd2-44d3-8ccd-164b6705ef22: cophenetic index 2724; 0.8 s; peak memory 582 MiB.
2026-10-02T16:51:57Z INFO [955/1876] 260938b3-b27e-4d0f-90bd-81afbb0c0f2b: cophenetic index 51243; 10.8 s; peak memory 582 MiB.
2026-10-02T16:51:58Z INFO [956/1876] 2609d693-3866-403e-98a3-abe16f73d0c7: cophenetic index 3004; 0.8 s; peak memory 582 MiB.
2026-10-02T16:52:03Z INFO [957/1876] 260a1a1d-0719-4759-9509-ca4cf7f409bb: cophenetic index 85011; 5.7 s; peak memory 582 MiB.
2026-10-02T16:52:11Z INFO [958/1876] 260ac2f2-2b05-4ce8-abca-09cd67390acd: cophenetic index 115624; 7.8 s; peak memory 582 MiB.
2026-10-02T16:52:12Z INFO [959/1876] 260afd5b-fb72-4b24-a99b-e6972641001b: cophenetic index 665; 0.9 s; peak memory 582 MiB.
2026-10-02T16:52:17Z INFO [960/1876] 260b6dc8-3560-4e59-9298-85be50f37960: cophenetic index 9548; 5.1 s; peak memory 582 MiB.
2026-10-02T16:52:18Z INFO [961/1876] 260cc648-9a61-4393-a8e3-c8b0f9a5bf45: cophenetic index 3004; 0.9 s; peak memory 582 MiB.
2026-10-02T16:52:19Z INFO [962/1876] 260da597-e35d-430a-a5aa-faeadbfb14e7: cophenetic index 624; 0.8 s; peak memory 582 MiB.
2026-10-02T16:52:19Z INFO [963/1876] 260e9031-e5ea-4411-a3fa-b4b032eda162: cophenetic index 3004; 0.6 s; peak memory 582 MiB.
2026-10-02T16:52:20Z INFO [964/1876] 260f3c39-1d0c-45bc-8436-57e5fc93992f: cophenetic index 2974; 0.9 s; peak memory 582 MiB.
2026-10-02T16:52:21Z INFO [965/1876] 2610367f-54a8-4042-8b81-bb4c629fc8ea: cophenetic index 2724; 1.2 s; peak memory 582 MiB.
2026-10-02T16:52:24Z INFO [966/1876] 26107bea-a4a5-413c-9646-d281bda19ae1: cophenetic index 2402; 2.1 s; peak memory 582 MiB.
2026-10-02T16:52:25Z INFO [967/1876] 261109b5-c626-48ce-9820-7dd46a76cb7e: cophenetic index 1380; 1.5 s; peak memory 582 MiB.
2026-10-02T16:52:26Z INFO [968/1876] 26113dc5-f0a9-417b-a9af-9bae1f269788: cophenetic index 2974; 0.9 s; peak memory 582 MiB.
2026-10-02T16:52:27Z INFO [969/1876] 26116641-d316-4e43-9d9f-8053e1e7c923: cophenetic index 687; 1.1 s; peak memory 582 MiB.
2026-10-02T16:52:28Z INFO [970/1876] 26118104-34ef-4cb4-9757-2dc6d7a9f4a0: cophenetic index 3087; 0.8 s; peak memory 582 MiB.
2026-10-02T16:52:29Z INFO [971/1876] 2611a969-fca5-4613-bb8b-67de975ce5ae: cophenetic index 1424; 1.2 s; peak memory 582 MiB.
2026-10-02T16:52:30Z INFO [972/1876] 261220bc-501f-44a1-8d6d-d73518b2cae8: cophenetic index 2844; 0.8 s; peak memory 582 MiB.
2026-10-02T16:52:33Z INFO [973/1876] 261264d5-ae3f-4a83-8628-cc5a2ea8cbfc: cophenetic index 1733; 2.6 s; peak memory 582 MiB.
2026-10-02T16:52:34Z INFO [974/1876] 26132cf0-00fe-4229-8a1d-5fa688432e8e: cophenetic index 569; 1.0 s; peak memory 582 MiB.
2026-10-02T16:52:34Z INFO [975/1876] 26142be5-ea47-49b5-9cf1-bd9d0357c9d3: cophenetic index 431; 0.6 s; peak memory 582 MiB.
2026-10-02T16:52:35Z INFO [976/1876] 26144388-85ac-4ea3-88f2-d2e919b9e6c6: cophenetic index 624; 0.8 s; peak memory 582 MiB.
2026-10-02T16:52:36Z INFO [977/1876] 26144a25-8924-4a83-9e7f-619719dd7b1a: cophenetic index 339221; 1.4 s; peak memory 582 MiB.
2026-10-02T16:52:37Z INFO [978/1876] 26159dc9-adeb-43ee-83a7-ad313184e359: cophenetic index 2496; 0.9 s; peak memory 582 MiB.
2026-10-02T16:52:38Z INFO [979/1876] 26176d81-3e46-4eca-9bf3-f1b6830396a0: cophenetic index 2625; 1.2 s; peak memory 582 MiB.
2026-10-02T16:52:40Z INFO [980/1876] 26181ed7-4efe-451c-8696-ed4f5da378de: cophenetic index 33998; 1.6 s; peak memory 582 MiB.
2026-10-02T16:52:41Z INFO [981/1876] 26185612-5d62-468b-9dc0-72f1c0fc3ac9: cophenetic index 624; 0.7 s; peak memory 582 MiB.
2026-10-02T16:52:41Z INFO [982/1876] 2619224c-8794-48d6-9ca3-5bcb560ec251: cophenetic index 23206; 0.7 s; peak memory 582 MiB.
2026-10-02T16:52:43Z INFO [983/1876] 2619813a-4423-4492-a794-fe6432527c8c: cophenetic index 3527; 2.0 s; peak memory 582 MiB.
2026-10-02T16:52:44Z INFO [984/1876] 2619b791-d944-40da-a08f-7d0e6b5fb635: cophenetic index 649; 0.9 s; peak memory 582 MiB.
2026-10-02T16:52:49Z INFO [985/1876] 261a98e9-609d-481a-9a6d-b633c6597e12: cophenetic index 87573; 4.8 s; peak memory 582 MiB.
2026-10-02T16:52:50Z INFO [986/1876] 261abf76-1be0-49c4-ae60-da62700b1a59: cophenetic index 624; 0.7 s; peak memory 582 MiB.
2026-10-02T16:52:51Z INFO [987/1876] 261b1f65-0151-483a-b2ed-7bd544689b3e: cophenetic index 624; 0.8 s; peak memory 582 MiB.
2026-10-02T16:52:54Z INFO [988/1876] 261b4360-4e09-4888-9f99-de67aa505738: cophenetic index 9181; 3.2 s; peak memory 582 MiB.
2026-10-02T16:52:55Z INFO [989/1876] 261ba73c-e6d8-4bc2-9735-62dd91b23c27: cophenetic index 3004; 0.7 s; peak memory 582 MiB.
2026-10-02T16:52:56Z INFO [990/1876] 261be473-f29d-4340-a752-8ae8909ebae5: cophenetic index 972; 1.2 s; peak memory 582 MiB.
2026-10-02T16:52:56Z INFO [991/1876] 261c9f47-cab6-4e82-8b28-2abc3af8ffc6: cophenetic index 490; 0.5 s; peak memory 582 MiB.
2026-10-02T16:53:02Z INFO [992/1876] 261d4800-e043-4c50-a8d1-7fa434789357: cophenetic index 277222; 6.2 s; peak memory 582 MiB.
2026-10-02T16:53:03Z INFO [993/1876] 261e4c17-e46e-4c86-b16d-b88c5a535072: cophenetic index 592; 0.6 s; peak memory 582 MiB.
2026-10-02T16:53:04Z INFO [994/1876] 261e8dbf-d8a9-4ada-8a67-df7cf28eed33: cophenetic index 624; 1.0 s; peak memory 582 MiB.
2026-10-02T16:53:05Z INFO [995/1876] 261ecdec-192d-428e-af4f-b9b80e4822d8: cophenetic index 624; 0.9 s; peak memory 582 MiB.
2026-10-02T16:53:12Z INFO [996/1876] 261f196e-6997-4156-8ea2-8e10c888446c: cophenetic index 184381; 6.6 s; peak memory 582 MiB.
2026-10-02T16:53:14Z INFO [997/1876] 261f6c43-23fb-47a3-a056-3a5865baf67a: cophenetic index 34658; 2.2 s; peak memory 582 MiB.
2026-10-02T16:53:17Z INFO [998/1876] 2620533d-b388-4324-a2fe-ca97b2ca4ddd: cophenetic index 3767; 2.8 s; peak memory 582 MiB.
2026-10-02T16:53:19Z INFO [999/1876] 2620887c-153e-4198-a3cd-eb409e5654d2: cophenetic index 33998; 2.5 s; peak memory 582 MiB.
2026-10-02T16:53:24Z INFO [1000/1876] 2620a904-4c8a-4f26-ad49-bd7c5f683f0f: cophenetic index 51756; 4.5 s; peak memory 582 MiB.
2026-10-02T16:53:24Z INFO [1000/1876] 2620a904-4c8a-4f26-ad49-bd7c5f683f0f: checkpointed 65302 records.
2026-10-02T16:53:25Z INFO [1001/1876] 26217408-60df-45bd-abd0-f8193ff8c24d: cophenetic index 2573; 1.6 s; peak memory 582 MiB.
2026-10-02T16:53:26Z INFO [1002/1876] 26223f4e-379d-4457-afe3-c84a92fdce80: cophenetic index 766; 1.1 s; peak memory 582 MiB.
2026-10-02T16:53:30Z INFO [1003/1876] 26226d32-e4a1-4c21-bf8f-53dcae9cfb54: cophenetic index 87573; 3.6 s; peak memory 582 MiB.
2026-10-02T16:53:31Z INFO [1004/1876] 2622d8a6-4be2-4303-b682-e4a2e38125d8: cophenetic index 3004; 0.8 s; peak memory 582 MiB.
2026-10-02T16:53:31Z INFO [1005/1876] 262490e8-b656-415a-9a0b-4eafdc0410a8: cophenetic index 646; 0.7 s; peak memory 582 MiB.
2026-10-02T16:53:32Z INFO [1006/1876] 26249220-40ca-49f9-83cb-34a5974497e5: cophenetic index 624; 0.8 s; peak memory 582 MiB.
2026-10-02T16:53:39Z INFO [1007/1876] 2624bca2-8d05-4244-ad1f-f52b6685f010: cophenetic index 13016; 7.0 s; peak memory 582 MiB.
2026-10-02T16:53:41Z INFO [1008/1876] 2624fcae-3ee8-4e7e-bcb0-117e5c6d37e5: cophenetic index 33998; 2.2 s; peak memory 582 MiB.
2026-10-02T16:53:42Z INFO [1009/1876] 2625670f-bada-4269-b35d-f4e0dcf2100b: cophenetic index 624; 0.8 s; peak memory 582 MiB.
2026-10-02T16:53:43Z INFO [1010/1876] 2625f186-7edf-498f-87c9-b88caca6d355: cophenetic index 1949; 0.9 s; peak memory 582 MiB.
2026-10-02T16:53:46Z INFO [1011/1876] 262657f2-2336-4d47-846f-2186b2d4a886: cophenetic index 60926; 3.3 s; peak memory 582 MiB.
2026-10-02T16:53:47Z INFO [1012/1876] 26289f74-9ed4-4ab6-bcd5-3c87f58b74b0: cophenetic index 624; 0.8 s; peak memory 582 MiB.
2026-10-02T16:53:49Z INFO [1013/1876] 2628b9c3-633e-4a35-a01f-18674a94bdaa: cophenetic index 910; 2.2 s; peak memory 582 MiB.
2026-10-02T16:53:50Z INFO [1014/1876] 2628d27c-cd9b-4610-aace-af41916f4a60: cophenetic index 3004; 0.8 s; peak memory 582 MiB.
2026-10-02T16:53:54Z INFO [1015/1876] 2628ecc4-5e99-482e-917b-1c0630993e17: cophenetic index 172809; 3.8 s; peak memory 582 MiB.
2026-10-02T16:53:55Z INFO [1016/1876] 26295d9e-098b-4192-a44f-a02c62e3cf17: cophenetic index 2932; 0.9 s; peak memory 582 MiB.
2026-10-02T16:53:56Z INFO [1017/1876] 262972c9-26be-4d14-9828-f05b55362c2e: cophenetic index 777; 1.5 s; peak memory 582 MiB.
2026-10-02T16:53:57Z INFO [1018/1876] 2629b64a-9171-49d3-8e80-ed69c8d0522d: cophenetic index 3057; 1.0 s; peak memory 582 MiB.
2026-10-02T16:53:58Z INFO [1019/1876] 262a4117-3214-4d40-a556-2e3810edfdcb: cophenetic index 2625; 1.1 s; peak memory 582 MiB.
2026-10-02T16:54:02Z INFO [1020/1876] 262a6b60-8ff4-413b-a55a-65ed26e76f1c: cophenetic index 84746; 3.7 s; peak memory 582 MiB.
2026-10-02T16:54:03Z INFO [1021/1876] 262a8d3b-f06b-4376-ad0b-eb40866a27ba: cophenetic index 2625; 1.2 s; peak memory 582 MiB.
2026-10-02T16:54:04Z INFO [1022/1876] 262ad89c-3221-4d47-a3c2-16e56bbfa2e6: cophenetic index 624; 0.7 s; peak memory 582 MiB.
2026-10-02T16:59:40Z INFO [1023/1876] 262af786-6b6b-45f3-9feb-96e9919af7e2: cophenetic index 1041398942; 335.6 s; peak memory 1137 MiB.
2026-10-02T16:59:41Z INFO [1024/1876] 262b8b57-3010-4a1e-a333-5942102a4d4b: cophenetic index 2625; 1.3 s; peak memory 1137 MiB.
2026-10-02T16:59:42Z INFO [1025/1876] 262c516d-76f6-4e1e-955e-ddcde77c9722: cophenetic index 624; 0.8 s; peak memory 1137 MiB.
2026-10-02T16:59:42Z INFO [1026/1876] 262c6bdf-744d-40a9-a457-ecc24b8fb57a: cophenetic index 433; 0.4 s; peak memory 1137 MiB.
2026-10-02T16:59:43Z INFO [1027/1876] 262da599-055f-467e-bbc6-a7597c56f7ad: cophenetic index 3057; 0.9 s; peak memory 1137 MiB.
2026-10-02T16:59:44Z INFO [1028/1876] 262e3b5e-88d8-41f1-8c3d-823ce1701eda: cophenetic index 797; 1.4 s; peak memory 1137 MiB.
2026-10-02T16:59:46Z INFO [1029/1876] 262e518e-66f2-4d49-85f4-dfb3d11358a9: cophenetic index 2654; 1.4 s; peak memory 1137 MiB.
2026-10-02T16:59:47Z INFO [1030/1876] 262ec6cf-b72c-4298-8455-a9b4576abc4f: cophenetic index 624; 0.7 s; peak memory 1137 MiB.
2026-10-02T16:59:48Z INFO [1031/1876] 262ede7b-cb30-4775-8f55-01420141c116: cophenetic index 23224; 1.1 s; peak memory 1137 MiB.
2026-10-02T16:59:49Z INFO [1032/1876] 262f83a3-cbbc-4ad3-a5b4-17617e0ed927: cophenetic index 2625; 1.0 s; peak memory 1137 MiB.
2026-10-02T16:59:49Z INFO [1033/1876] 26302064-b270-47c6-9e2f-8612fe9a3e6f: cophenetic index 1781; 0.7 s; peak memory 1137 MiB.
2026-10-02T16:59:50Z INFO [1034/1876] 26305ba2-da77-41cb-911a-2b8a30bfbdfc: cophenetic index 649; 0.9 s; peak memory 1137 MiB.
2026-10-02T16:59:51Z INFO [1035/1876] 2631872d-7c28-4060-b8a9-a8ed33dd8b4d: cophenetic index 624; 0.8 s; peak memory 1137 MiB.
2026-10-02T16:59:55Z INFO [1036/1876] 263199cf-ef32-464f-9f64-b48ed5e51637: cophenetic index 41792; 3.9 s; peak memory 1137 MiB.
2026-10-02T16:59:57Z INFO [1037/1876] 2631a542-f865-48a5-b39e-beb7dc14ea5b: cophenetic index 2391; 2.2 s; peak memory 1137 MiB.
2026-10-02T16:59:58Z INFO [1038/1876] 2631c660-7e5b-4bbd-8c6a-97941cb60c6c: cophenetic index 490; 0.6 s; peak memory 1137 MiB.
2026-10-02T16:59:59Z INFO [1039/1876] 26329a0d-abf5-4725-890e-14e43743b26a: cophenetic index 5382; 1.2 s; peak memory 1137 MiB.
2026-10-02T16:59:59Z INFO [1040/1876] 26330167-5223-4797-b1a2-f97922ed1031: cophenetic index 690; 0.6 s; peak memory 1137 MiB.
2026-10-02T17:00:07Z INFO [1041/1876] 263387de-a8d0-4f94-b459-a1f3374195c9: cophenetic index 290942; 7.3 s; peak memory 1137 MiB.
2026-10-02T17:00:08Z INFO [1042/1876] 2633bd6a-b95d-43f8-bab7-2014aad8609d: cophenetic index 638; 1.2 s; peak memory 1137 MiB.
2026-10-02T17:00:09Z INFO [1043/1876] 26347cc6-44bc-43af-b87b-d76f8bdc47e5: cophenetic index 560; 0.6 s; peak memory 1137 MiB.
2026-10-02T17:00:11Z INFO [1044/1876] 26348fb4-0236-45b5-baa8-be1625595c00: cophenetic index 67881; 2.8 s; peak memory 1137 MiB.
2026-10-02T17:00:12Z INFO [1045/1876] 26350910-afc7-4771-bc1b-a7ce35323686: cophenetic index 762; 0.5 s; peak memory 1137 MiB.
2026-10-02T17:00:12Z INFO [1046/1876] 2636b045-b896-4965-a67b-be7488f0b392: cophenetic index 739; 0.5 s; peak memory 1137 MiB.
2026-10-02T17:00:13Z INFO [1047/1876] 2636e166-4d04-4e10-b4f8-5a5ec157e1c2: cophenetic index 624; 1.0 s; peak memory 1137 MiB.
2026-10-02T17:00:14Z INFO [1048/1876] 2637093a-8231-431d-94f0-78fc7f3dc416: cophenetic index 624; 0.9 s; peak memory 1137 MiB.
2026-10-02T17:00:17Z INFO [1049/1876] 263796c8-68e5-4118-9017-526877806448: cophenetic index 4797; 2.8 s; peak memory 1137 MiB.
2026-10-02T17:00:18Z INFO [1050/1876] 2637e2cf-d6a1-4357-b347-45ac2e2be242: cophenetic index 579; 0.4 s; peak memory 1137 MiB.
2026-10-02T17:00:18Z INFO [1050/1876] 2637e2cf-d6a1-4357-b347-45ac2e2be242: checkpointed 65352 records.
2026-10-02T17:00:19Z INFO [1051/1876] 263867fd-5164-488f-ab63-b271d2537f31: cophenetic index 412; 0.8 s; peak memory 1137 MiB.
2026-10-02T17:00:19Z INFO [1052/1876] 2638bcb4-cdc3-403c-99ac-d80827b5fd36: cophenetic index 2625; 0.6 s; peak memory 1137 MiB.
2026-10-02T17:00:25Z INFO [1053/1876] 26394168-411c-4d5a-bb87-b2528e65ec29: cophenetic index 33579; 5.7 s; peak memory 1137 MiB.
2026-10-02T17:00:25Z INFO [1054/1876] 26398402-5ca0-4b6d-8a17-eaf1d115fcb2: cophenetic index 433; 0.4 s; peak memory 1137 MiB.
2026-10-02T17:00:27Z INFO [1055/1876] 2639a65a-43cf-4aa9-a49b-e953e9cbd274: cophenetic index 33998; 1.7 s; peak memory 1137 MiB.
2026-10-02T17:00:33Z INFO [1056/1876] 263a58ba-4d2a-47be-b94b-042b647691f4: cophenetic index 13663; 5.8 s; peak memory 1137 MiB.
2026-10-02T17:00:34Z INFO [1057/1876] 263a7aba-6672-48a7-be55-ce97c50c98d1: cophenetic index 624; 0.8 s; peak memory 1137 MiB.
2026-10-02T17:00:40Z INFO [1058/1876] 263ab16f-4a8b-428b-b557-e03daaaffca5: cophenetic index 7554; 6.5 s; peak memory 1137 MiB.
2026-10-02T17:00:41Z INFO [1059/1876] 263ac3e8-de5a-4996-bd0a-7fae5065a701: cophenetic index 624; 0.7 s; peak memory 1137 MiB.
2026-10-02T17:00:42Z INFO [1060/1876] 263bbccf-edca-4607-a787-dc85e6c58594: cophenetic index 24032; 0.8 s; peak memory 1137 MiB.
2026-10-02T17:00:43Z INFO [1061/1876] 263bf562-a416-4a24-9231-b33f7a029c72: cophenetic index 26986; 1.2 s; peak memory 1137 MiB.
2026-10-02T17:00:46Z INFO [1062/1876] 263c01db-fd37-4a7b-9668-a3e66876b64d: cophenetic index 6412; 3.3 s; peak memory 1137 MiB.
2026-10-02T17:00:47Z INFO [1063/1876] 263c0f6f-48f2-4ffa-9ff3-526179edf325: cophenetic index 605; 0.8 s; peak memory 1137 MiB.
2026-10-02T17:00:47Z INFO [1064/1876] 263c6543-4021-4d24-951d-d6cfd71ffde1: cophenetic index 590; 0.6 s; peak memory 1137 MiB.
2026-10-02T17:00:48Z INFO [1065/1876] 263cc93f-e890-404f-bbb1-82ae5fc5db5f: cophenetic index 3004; 0.9 s; peak memory 1137 MiB.
2026-10-02T17:00:49Z INFO [1066/1876] 263dd990-db14-48b7-87b1-d95cbf39c19f: cophenetic index 3004; 1.0 s; peak memory 1137 MiB.
2026-10-02T17:00:50Z INFO [1067/1876] 263e5e2b-73fc-411e-8f6a-ffcf4ca68646: cophenetic index 3004; 0.8 s; peak memory 1137 MiB.
2026-10-02T17:00:52Z INFO [1068/1876] 263f09ae-50b0-4cc1-bc9a-f6ad2aa82f24: cophenetic index 5473; 2.2 s; peak memory 1137 MiB.
2026-10-02T17:00:53Z INFO [1069/1876] 263fc4ee-0671-40d9-87f0-9ebddaed28f3: cophenetic index 649; 0.9 s; peak memory 1137 MiB.
2026-10-02T17:00:54Z INFO [1070/1876] 263ff395-b256-48de-b30f-39caaa690359: cophenetic index 2974; 0.9 s; peak memory 1137 MiB.
2026-10-02T17:00:55Z INFO [1071/1876] 264074e6-d0f0-4472-a95a-ca73c4d0396e: cophenetic index 490; 0.5 s; peak memory 1137 MiB.
2026-10-02T17:00:56Z INFO [1072/1876] 2640b4f1-6611-4282-9983-8a27ad2bbdc3: cophenetic index 624; 0.8 s; peak memory 1137 MiB.
2026-10-02T17:00:56Z INFO [1073/1876] 264187eb-877d-43be-809e-d8452cdda197: cophenetic index 3087; 0.9 s; peak memory 1137 MiB.
2026-10-02T17:00:57Z INFO [1074/1876] 26429e2f-abd2-47b3-8070-43281e4d59e7: cophenetic index 6673; 0.8 s; peak memory 1137 MiB.
2026-10-02T17:00:58Z INFO [1075/1876] 26460dff-7839-4cf2-8d2a-616cbb890c03: cophenetic index 1002; 0.8 s; peak memory 1137 MiB.
2026-10-02T17:00:59Z INFO [1076/1876] 26468e82-8998-4db1-8fa1-d2ea5f125daa: cophenetic index 751; 0.9 s; peak memory 1137 MiB.
2026-10-02T17:01:07Z INFO [1077/1876] 2646b019-7395-4912-ae50-63cceef78daa: cophenetic index 268146; 8.4 s; peak memory 1137 MiB.
2026-10-02T17:01:08Z INFO [1078/1876] 2646cbb8-0228-44f9-8d19-9dbd8b21512c: cophenetic index 2625; 0.9 s; peak memory 1137 MiB.
2026-10-02T17:01:09Z INFO [1079/1876] 26475615-3e93-4ca9-9559-2ad46a416b49: cophenetic index 651; 0.6 s; peak memory 1137 MiB.
2026-10-02T17:01:09Z INFO [1080/1876] 2647a143-b15b-4209-99d4-6f527aafeed0: cophenetic index 579; 0.4 s; peak memory 1137 MiB.
2026-10-02T17:01:10Z INFO [1081/1876] 2648f969-f951-4eb9-95dd-79881e712144: cophenetic index 624; 0.8 s; peak memory 1137 MiB.
2026-10-02T17:01:18Z INFO [1082/1876] 26495aad-a58d-46e8-ab64-4d3d1012878e: cophenetic index 598633; 8.2 s; peak memory 1137 MiB.
2026-10-02T17:01:19Z INFO [1083/1876] 26497497-d762-4437-9740-284bf8098815: cophenetic index 3004; 0.9 s; peak memory 1137 MiB.
2026-10-02T17:01:20Z INFO [1084/1876] 264b774a-4c55-41a9-8ed4-cb2d793c6562: cophenetic index 791; 1.2 s; peak memory 1137 MiB.
2026-10-02T17:01:21Z INFO [1085/1876] 264ca39e-e403-45b2-bc55-e3eeedadee66: cophenetic index 624; 0.9 s; peak memory 1137 MiB.
2026-10-02T17:01:23Z INFO [1086/1876] 264e7acc-6407-41cf-9826-b535f970fad6: cophenetic index 33998; 1.2 s; peak memory 1137 MiB.
2026-10-02T17:01:24Z INFO [1087/1876] 264ea263-ebd0-4eff-81a5-844a7f4f9bde: cophenetic index 1661; 1.0 s; peak memory 1137 MiB.
2026-10-02T17:01:24Z INFO [1088/1876] 264eaf54-e6e4-44bd-bfe7-a3bf79b23bab: cophenetic index 1002; 0.6 s; peak memory 1137 MiB.
2026-10-02T17:01:25Z INFO [1089/1876] 264f44c8-15a9-49e5-9397-c703feeda4ed: cophenetic index 2625; 1.1 s; peak memory 1137 MiB.
2026-10-02T17:01:26Z INFO [1090/1876] 264fb67c-1fe9-4553-94e0-db5f2833f66d: cophenetic index 636; 1.0 s; peak memory 1137 MiB.
2026-10-02T17:01:27Z INFO [1091/1876] 2650a698-2428-4b23-801e-3bac32c31b68: cophenetic index 624; 0.8 s; peak memory 1137 MiB.
2026-10-02T17:01:28Z INFO [1092/1876] 26516a17-6098-4523-a427-533dd0cb2f1e: cophenetic index 490; 0.5 s; peak memory 1137 MiB.
2026-10-02T17:01:28Z INFO [1093/1876] 2651dd54-3ac4-4493-9861-f4467e72061f: cophenetic index 497; 0.6 s; peak memory 1137 MiB.
2026-10-02T17:01:29Z INFO [1094/1876] 2651f830-cd83-412d-b45b-b7ebfd708050: cophenetic index 3004; 0.8 s; peak memory 1137 MiB.
2026-10-02T17:01:30Z INFO [1095/1876] 26520f56-ae6d-4fff-9353-859af607772c: cophenetic index 2625; 1.0 s; peak memory 1137 MiB.
2026-10-02T17:01:31Z INFO [1096/1876] 26538828-2082-4d16-831f-09a826e9504e: cophenetic index 624; 0.7 s; peak memory 1137 MiB.
2026-10-02T17:01:32Z INFO [1097/1876] 2653a22f-ea82-46be-a1f8-0cdeef7d6655: cophenetic index 613; 1.4 s; peak memory 1137 MiB.
2026-10-02T17:01:33Z INFO [1098/1876] 26546c92-b1bc-4b2c-97ed-7e1963da095b: cophenetic index 560; 0.8 s; peak memory 1137 MiB.
2026-10-02T17:01:34Z INFO [1099/1876] 26549838-f57e-4daf-9c28-29b919c6a20c: cophenetic index 1949; 0.7 s; peak memory 1137 MiB.
2026-10-02T17:01:34Z INFO [1100/1876] 2654a2b0-a898-4324-9aeb-91390f431e97: cophenetic index 3004; 0.8 s; peak memory 1137 MiB.
2026-10-02T17:01:35Z INFO [1100/1876] 2654a2b0-a898-4324-9aeb-91390f431e97: checkpointed 65402 records.
2026-10-02T17:01:35Z INFO [1101/1876] 2654a702-b924-4c21-8027-c26c88e94d7b: cophenetic index 560; 0.7 s; peak memory 1137 MiB.
2026-10-02T17:01:37Z INFO [1102/1876] 26555218-df60-4ee0-950f-d93a48e40fa4: cophenetic index 554; 1.4 s; peak memory 1137 MiB.
2026-10-02T17:01:38Z INFO [1103/1876] 26555d55-8088-4776-99fd-1d02d9bcdcf0: cophenetic index 33986; 1.1 s; peak memory 1137 MiB.
2026-10-02T17:01:39Z INFO [1104/1876] 2655883b-7dc4-4124-8981-be9fcb55062f: cophenetic index 3004; 1.0 s; peak memory 1137 MiB.
2026-10-02T17:01:40Z INFO [1105/1876] 26558f9a-d871-4a7a-8c70-5d43f1d20c95: cophenetic index 2782; 0.8 s; peak memory 1137 MiB.
2026-10-02T17:01:40Z INFO [1106/1876] 2656ef9f-5e48-426a-a53f-2b5704e582f0: cophenetic index 624; 0.9 s; peak memory 1137 MiB.
2026-10-02T17:01:41Z INFO [1107/1876] 2656f86f-0833-4518-a224-b9ff6bbfef4a: cophenetic index 30304; 1.0 s; peak memory 1137 MiB.
2026-10-02T17:01:42Z INFO [1108/1876] 265709ad-ce6f-4a3e-aced-75c5fe160196: cophenetic index 624; 0.7 s; peak memory 1137 MiB.
2026-10-02T17:01:43Z INFO [1109/1876] 26578c03-4052-486d-ac06-02fb2deb9815: cophenetic index 624; 0.8 s; peak memory 1137 MiB.
2026-10-02T17:01:44Z INFO [1110/1876] 2657a4fe-ba4d-42b8-bd93-d6e8f56ade42: cophenetic index 725; 0.9 s; peak memory 1137 MiB.
2026-10-02T17:01:45Z INFO [1111/1876] 2657d4d9-638c-4e62-938d-108336a62522: cophenetic index 624; 0.9 s; peak memory 1137 MiB.
2026-10-02T17:01:54Z INFO [1112/1876] 26590e1b-856a-49db-90be-dfdca769b745: cophenetic index 188059; 9.3 s; peak memory 1137 MiB.
2026-10-02T17:01:55Z INFO [1113/1876] 265942c5-2a8c-46cd-b530-cbf8545bb6dd: cophenetic index 3004; 0.9 s; peak memory 1137 MiB.
2026-10-02T17:01:57Z INFO [1114/1876] 26597e29-a82b-4bfd-9b04-ae83d2377650: cophenetic index 33998; 1.5 s; peak memory 1137 MiB.
2026-10-02T17:01:58Z INFO [1115/1876] 265aea1a-9d65-4bef-8749-c43eafd9de6d: cophenetic index 791; 1.2 s; peak memory 1137 MiB.
2026-10-02T17:01:59Z INFO [1116/1876] 265b6813-6a45-4f5c-8b13-ea128f734d92: cophenetic index 2625; 1.3 s; peak memory 1137 MiB.
2026-10-02T17:02:00Z INFO [1117/1876] 265d3215-a699-49a7-9a0f-4fadfefc560b: cophenetic index 446; 0.5 s; peak memory 1137 MiB.
2026-10-02T17:02:02Z INFO [1118/1876] 265e6c72-281a-47a6-84d5-5f9a8f2e013e: cophenetic index 33998; 2.2 s; peak memory 1137 MiB.
2026-10-02T17:02:03Z INFO [1119/1876] 265e7285-4798-41f5-bcf6-e8d84623a309: cophenetic index 3215; 1.0 s; peak memory 1137 MiB.
2026-10-02T17:02:04Z INFO [1120/1876] 265ebfe5-31c3-4f01-a70a-ef9bbd06c9e4: cophenetic index 490; 0.7 s; peak memory 1137 MiB.
2026-10-02T17:02:14Z INFO [1121/1876] 2660eca1-1fa5-4a9f-8b99-c9d7f1f3d7c1: cophenetic index 49686; 10.3 s; peak memory 1137 MiB.
2026-10-02T17:02:15Z INFO [1122/1876] 2660ecde-8c67-4589-970c-d719129c38df: cophenetic index 3004; 1.0 s; peak memory 1137 MiB.
2026-10-02T17:02:22Z INFO [1123/1876] 2660ecfc-a2e0-413d-929b-dc6534d65bb2: cophenetic index 622591; 7.1 s; peak memory 1137 MiB.
2026-10-02T17:02:22Z INFO [1124/1876] 266136a6-2b5e-404f-8279-8ce31f17ccff: cophenetic index 729; 0.5 s; peak memory 1137 MiB.
2026-10-02T17:03:14Z INFO [1125/1876] 266176af-1338-434a-b04f-e52d8bd02d94: cophenetic index 28008806; 52.0 s; peak memory 1137 MiB.
2026-10-02T17:03:19Z INFO [1126/1876] 2661eaba-9537-49da-9b69-5de841eba466: cophenetic index 9548; 4.1 s; peak memory 1137 MiB.
2026-10-02T17:03:19Z INFO [1127/1876] 2662515b-3a7f-484a-8836-64af3cea937f: cophenetic index 690; 0.6 s; peak memory 1137 MiB.
2026-10-02T17:03:20Z INFO [1128/1876] 2662d7f3-76a1-42d1-98b5-d327e7c3283f: cophenetic index 490; 0.6 s; peak memory 1137 MiB.
2026-10-02T17:03:21Z INFO [1129/1876] 26636a09-f9dc-4193-af03-cb098cc7451e: cophenetic index 2923; 1.0 s; peak memory 1137 MiB.
2026-10-02T17:03:26Z INFO [1130/1876] 26666a5a-92e7-4006-a785-4a0b8c93caef: cophenetic index 11318; 4.9 s; peak memory 1137 MiB.
2026-10-02T17:03:27Z INFO [1131/1876] 26668177-924d-4dc2-9af7-d03f053818bb: cophenetic index 613; 1.3 s; peak memory 1137 MiB.
2026-10-02T17:03:28Z INFO [1132/1876] 2666d1c2-eaba-4d99-9cf5-730423b9e0d5: cophenetic index 33986; 1.1 s; peak memory 1137 MiB.
2026-10-02T17:03:30Z INFO [1133/1876] 266775e3-1d0e-401c-8c3a-f49e74b293a9: cophenetic index 33998; 1.8 s; peak memory 1137 MiB.
2026-10-02T17:03:35Z INFO [1134/1876] 266874b3-29bd-4c9a-b6a8-373ce716167b: cophenetic index 9548; 4.8 s; peak memory 1137 MiB.
2026-10-02T17:03:36Z INFO [1135/1876] 2668a5cb-eb49-4f60-bb3d-f1c06eab8381: cophenetic index 33968; 1.0 s; peak memory 1137 MiB.
2026-10-02T17:03:36Z INFO [1136/1876] 2669a8cf-3e20-469c-b4df-bb8398545d06: cophenetic index 2496; 0.6 s; peak memory 1137 MiB.
2026-10-02T17:03:37Z INFO [1137/1876] 2669caf1-9be6-4e9b-ab70-d31c1ec0e261: cophenetic index 3004; 0.9 s; peak memory 1137 MiB.
2026-10-02T17:03:41Z INFO [1138/1876] 2669e98a-9e93-43e5-b289-7ccdc239b0a4: cophenetic index 18216; 4.0 s; peak memory 1137 MiB.
2026-10-02T17:03:42Z INFO [1139/1876] 266a289a-f263-49d8-807a-3a7f50e5c633: cophenetic index 23358; 0.7 s; peak memory 1137 MiB.
2026-10-02T17:03:42Z INFO [1140/1876] 266a5b0d-fd97-4c66-87dc-56b71d13c599: cophenetic index 490; 0.5 s; peak memory 1137 MiB.
2026-10-02T17:03:43Z INFO [1141/1876] 266c7463-4af0-400f-bf60-cc74c2186210: cophenetic index 2974; 1.0 s; peak memory 1137 MiB.
2026-10-02T17:03:44Z INFO [1142/1876] 266c980d-96ca-41cb-a150-869a708e411d: cophenetic index 33968; 1.1 s; peak memory 1137 MiB.
2026-10-02T17:03:45Z INFO [1143/1876] 266cd3a8-d3b5-4cb7-8d4f-1fa75280fc8b: cophenetic index 3192; 1.0 s; peak memory 1137 MiB.
2026-10-02T17:03:47Z INFO [1144/1876] 266d093e-7c79-4217-9bbd-e9ec8568672f: cophenetic index 6641; 1.8 s; peak memory 1137 MiB.
2026-10-02T17:03:48Z INFO [1145/1876] 266d34d7-38fb-4990-87fa-eb2b37c6aad7: cophenetic index 433; 0.5 s; peak memory 1137 MiB.
2026-10-02T17:03:48Z INFO [1146/1876] 266e0118-c839-4502-908d-b23f07b89f40: cophenetic index 624; 0.7 s; peak memory 1137 MiB.
2026-10-02T17:03:49Z INFO [1147/1876] 266eddf6-f519-4aaf-8abf-031090532c81: cophenetic index 2625; 0.9 s; peak memory 1137 MiB.
2026-10-02T17:03:50Z INFO [1148/1876] 266f6efc-1f33-4c5e-8a94-46d412b0194e: cophenetic index 624; 0.9 s; peak memory 1137 MiB.
2026-10-02T17:03:51Z INFO [1149/1876] 26715337-0e07-4b7d-ae0c-14c2fb193d38: cophenetic index 2625; 1.0 s; peak memory 1137 MiB.
2026-10-02T17:03:52Z INFO [1150/1876] 2671778d-1a80-4e4e-96ec-5bb6784bb520: cophenetic index 651; 0.5 s; peak memory 1137 MiB.
2026-10-02T17:03:52Z INFO [1150/1876] 2671778d-1a80-4e4e-96ec-5bb6784bb520: checkpointed 65452 records.
2026-10-02T17:03:53Z INFO [1151/1876] 2671fc06-c69a-4a61-aedd-4ce20d70e1df: cophenetic index 624; 0.8 s; peak memory 1137 MiB.
2026-10-02T17:03:55Z INFO [1152/1876] 2672fb4f-ace8-40d3-b7a6-9a4c2e6c5c65: cophenetic index 34658; 1.9 s; peak memory 1137 MiB.
2026-10-02T17:03:56Z INFO [1153/1876] 267366ee-e279-4848-81ff-168788772a1e: cophenetic index 714; 1.3 s; peak memory 1137 MiB.
2026-10-02T17:03:57Z INFO [1154/1876] 2673a832-25a2-485d-8644-2e8ca11388df: cophenetic index 466; 0.8 s; peak memory 1137 MiB.
2026-10-02T17:03:57Z INFO [1155/1876] 267420a5-afbf-40cd-94ec-08a4e2151bc8: cophenetic index 624; 0.8 s; peak memory 1137 MiB.
2026-10-02T17:03:58Z INFO [1156/1876] 26752c8d-0541-4bff-89d1-d562b9576b4f: cophenetic index 630; 0.6 s; peak memory 1137 MiB.
2026-10-02T17:03:59Z INFO [1157/1876] 26757960-083d-47a3-96c8-7b23a42ac74f: cophenetic index 3004; 0.9 s; peak memory 1137 MiB.
2026-10-02T17:04:00Z INFO [1158/1876] 26760966-5d3a-4bc3-a75c-0fab736db2c4: cophenetic index 24032; 0.8 s; peak memory 1137 MiB.
2026-10-02T17:04:01Z INFO [1159/1876] 26777d68-d26c-40a5-b07d-3a8a752ede75: cophenetic index 624; 0.9 s; peak memory 1137 MiB.
2026-10-02T17:04:06Z INFO [1160/1876] 2677a2cb-51ad-4018-a5b9-d077cecd059d: cophenetic index 579; 5.5 s; peak memory 1137 MiB.
2026-10-02T17:04:12Z INFO [1161/1876] 2678cfe3-10f1-4c7b-8e45-86896657c0d9: cophenetic index 121913; 5.6 s; peak memory 1137 MiB.
2026-10-02T17:04:14Z INFO [1162/1876] 2679ef10-e668-42b2-a6ef-02d1a045e46b: cophenetic index 2682; 1.9 s; peak memory 1137 MiB.
2026-10-02T17:04:15Z INFO [1163/1876] 267a22e2-d6de-41bd-aa02-869ce736ee60: cophenetic index 884; 1.4 s; peak memory 1137 MiB.
2026-10-02T17:04:16Z INFO [1164/1876] 267ab4e9-d8c6-4dd5-9fe8-89a04e5762e4: cophenetic index 490; 0.7 s; peak memory 1137 MiB.
2026-10-02T17:04:25Z INFO [1165/1876] 267b4b2e-e9f1-441c-b3a6-b8097ffe33c2: cophenetic index 1124479; 9.2 s; peak memory 1137 MiB.
2026-10-02T17:04:34Z INFO [1166/1876] 267dd2b2-8fda-4ddf-be45-6da3061acb3a: cophenetic index 286931; 9.5 s; peak memory 1137 MiB.
2026-10-02T17:04:36Z INFO [1167/1876] 26805507-9228-436d-a3c8-6ca6b0cc25cc: cophenetic index 1384; 1.3 s; peak memory 1137 MiB.
2026-10-02T17:04:37Z INFO [1168/1876] 2680bd8d-7b60-4f18-92a8-076d59b9ee2c: cophenetic index 3087; 1.0 s; peak memory 1137 MiB.
2026-10-02T17:04:37Z INFO [1169/1876] 2680f524-6002-4ad6-8961-4280a7968414: cophenetic index 624; 0.7 s; peak memory 1137 MiB.
2026-10-02T17:04:38Z INFO [1170/1876] 2681dc4b-a7a1-4f83-839d-75a823cca4da: cophenetic index 508; 0.8 s; peak memory 1137 MiB.
2026-10-02T17:04:40Z INFO [1171/1876] 26833236-76be-468a-bbec-e9bbda34786d: cophenetic index 6636; 1.7 s; peak memory 1137 MiB.
2026-10-02T17:04:42Z INFO [1172/1876] 26834446-4501-41d5-baf6-dde1183683c5: cophenetic index 4677; 2.5 s; peak memory 1137 MiB.
2026-10-02T17:04:43Z INFO [1173/1876] 268358e9-d857-40f0-82ba-834156b8c768: cophenetic index 494; 0.7 s; peak memory 1137 MiB.
2026-10-02T17:04:44Z INFO [1174/1876] 26843001-b70d-415d-a9b5-54c28fc6825b: cophenetic index 539; 0.8 s; peak memory 1137 MiB.
2026-10-02T17:04:45Z INFO [1175/1876] 2686376e-51eb-471b-8dfe-d015d12d8a55: cophenetic index 1904; 1.2 s; peak memory 1137 MiB.
2026-10-02T17:04:46Z INFO [1176/1876] 268692fb-692c-499e-8dec-6733625eeebb: cophenetic index 3087; 0.8 s; peak memory 1137 MiB.
2026-10-02T17:04:47Z INFO [1177/1876] 26871a64-4e58-490a-a029-f880a899d02c: cophenetic index 2625; 0.9 s; peak memory 1137 MiB.
2026-10-02T17:04:47Z INFO [1178/1876] 26880a53-c730-4e17-8359-9389557101fb: cophenetic index 646; 0.7 s; peak memory 1137 MiB.
2026-10-02T17:04:48Z INFO [1179/1876] 268900a0-d6e1-442d-993f-0ff1b6ebdc57: cophenetic index 624; 0.7 s; peak memory 1137 MiB.
2026-10-02T17:04:49Z INFO [1180/1876] 268a9330-549e-43d9-a0be-c8429c7f08aa: cophenetic index 911; 1.2 s; peak memory 1137 MiB.
2026-10-02T17:04:50Z INFO [1181/1876] 268b2188-6f17-405f-8b6d-444288b5f4e0: cophenetic index 624; 0.8 s; peak memory 1137 MiB.
2026-10-02T17:04:51Z INFO [1182/1876] 268b52f9-176e-4207-97e4-b1159b896a7c: cophenetic index 452; 1.0 s; peak memory 1137 MiB.
2026-10-02T17:04:52Z INFO [1183/1876] 268c3002-589d-4230-b4ed-0567592303e4: cophenetic index 624; 0.9 s; peak memory 1137 MiB.
2026-10-02T17:04:53Z INFO [1184/1876] 268c615d-c81c-435a-a89e-83d1824acc34: cophenetic index 164; 0.6 s; peak memory 1137 MiB.
2026-10-02T17:04:53Z INFO [1185/1876] 268c74e5-5b46-4540-bed6-dc9b9da817c3: cophenetic index 490; 0.6 s; peak memory 1137 MiB.
2026-10-02T17:04:54Z INFO [1186/1876] 268cff39-31b1-4ec0-ae5a-cc151b08b83f: cophenetic index 23378; 0.9 s; peak memory 1137 MiB.
2026-10-02T17:04:55Z INFO [1187/1876] 268d5597-a718-466a-bb80-2128604fccfb: cophenetic index 1949; 0.9 s; peak memory 1137 MiB.
2026-10-02T17:04:56Z INFO [1188/1876] 268df1a0-b5e7-4a72-a0e5-0d53ec8466c4: cophenetic index 624; 0.7 s; peak memory 1137 MiB.
2026-10-02T17:04:56Z INFO [1189/1876] 268e53ae-8c1d-4a82-bf5a-4750f7b57fce: cophenetic index 624; 0.7 s; peak memory 1137 MiB.
2026-10-02T17:04:57Z INFO [1190/1876] 268ea38e-9c23-4bb6-8b22-ac184dcafe99: cophenetic index 624; 0.7 s; peak memory 1137 MiB.
2026-10-02T17:04:58Z INFO [1191/1876] 268eceef-3093-4043-8cdf-a29cddc97654: cophenetic index 385; 0.7 s; peak memory 1137 MiB.
2026-10-02T17:04:59Z INFO [1192/1876] 268f8651-4f9b-427f-ba27-c881ccd67c84: cophenetic index 624; 0.8 s; peak memory 1137 MiB.
2026-10-02T17:04:59Z INFO [1193/1876] 269032fe-f8e2-47ff-aa7f-15c8843ed3d1: cophenetic index 729; 0.6 s; peak memory 1137 MiB.
2026-10-02T17:05:00Z INFO [1194/1876] 2690a231-7a25-4f2c-b811-854b0e842875: cophenetic index 3004; 0.8 s; peak memory 1137 MiB.
2026-10-02T17:05:01Z INFO [1195/1876] 26911e5c-ada8-4298-adaa-3409916c8fdc: cophenetic index 624; 0.8 s; peak memory 1137 MiB.
2026-10-02T17:05:03Z INFO [1196/1876] 26921aa9-8db9-4a16-b392-e373e6dda785: cophenetic index 33998; 1.8 s; peak memory 1137 MiB.
2026-10-02T17:05:04Z INFO [1197/1876] 2692e65f-4d66-433f-9834-1e1bf4bdc476: cophenetic index 649; 1.1 s; peak memory 1137 MiB.
2026-10-02T17:05:05Z INFO [1198/1876] 269302ca-7f08-4beb-a827-1908c4d778ad: cophenetic index 3004; 1.1 s; peak memory 1137 MiB.
2026-10-02T17:05:06Z INFO [1199/1876] 26938d04-55b6-44d1-b856-8dfefd9b6308: cophenetic index 624; 0.7 s; peak memory 1137 MiB.
2026-10-02T17:05:07Z INFO [1200/1876] 2693b6ed-4d8b-4a90-9a46-5f7af7c012ef: cophenetic index 33998; 1.0 s; peak memory 1137 MiB.
2026-10-02T17:05:07Z INFO [1200/1876] 2693b6ed-4d8b-4a90-9a46-5f7af7c012ef: checkpointed 65502 records.
2026-10-02T17:05:07Z INFO [1201/1876] 2693ce61-705a-47c2-8388-bfaf069022e4: cophenetic index 624; 0.7 s; peak memory 1137 MiB.
2026-10-02T17:05:08Z INFO [1202/1876] 2693dee4-41c0-43af-bb4d-8dcd2e4e7324: cophenetic index 624; 0.8 s; peak memory 1137 MiB.
2026-10-02T17:05:09Z INFO [1203/1876] 2693e747-282f-4829-9b07-a9e79041bd15: cophenetic index 624; 0.6 s; peak memory 1137 MiB.
2026-10-02T17:05:10Z INFO [1204/1876] 26955431-ad66-4eb7-bf22-4b0e6f8520db: cophenetic index 624; 1.0 s; peak memory 1137 MiB.
2026-10-02T17:05:11Z INFO [1205/1876] 2695ad17-e58d-4c38-81b3-7049c8cf07df: cophenetic index 2625; 1.2 s; peak memory 1137 MiB.
2026-10-02T17:05:13Z INFO [1206/1876] 2695ad60-31a2-41b7-9189-378b47018147: cophenetic index 2570; 1.6 s; peak memory 1137 MiB.
2026-10-02T17:05:13Z INFO [1207/1876] 26964d75-c438-4391-ae0c-d83571213555: cophenetic index 624; 0.9 s; peak memory 1137 MiB.
2026-10-02T17:05:14Z INFO [1208/1876] 26965b51-5ca3-4701-98aa-55098630ae11: cophenetic index 605; 1.0 s; peak memory 1137 MiB.
2026-10-02T17:05:15Z INFO [1209/1876] 26968ddc-7ef0-4047-b329-6a6cb9e7fb23: cophenetic index 649; 0.9 s; peak memory 1137 MiB.
2026-10-02T17:05:16Z INFO [1210/1876] 26969bca-997d-42d7-8d21-f4657ff3b474: cophenetic index 3004; 0.8 s; peak memory 1137 MiB.
2026-10-02T17:05:17Z INFO [1211/1876] 2696c46b-b83a-4c5d-a430-2291126b4713: cophenetic index 33962; 1.2 s; peak memory 1137 MiB.
2026-10-02T17:05:20Z INFO [1212/1876] 2697ebe2-269b-4bce-a94f-8b6ddca8e0a6: cophenetic index 5473; 2.4 s; peak memory 1137 MiB.
2026-10-02T17:05:21Z INFO [1213/1876] 269831c4-e3da-494a-97f9-2ff8ca024488: cophenetic index 2974; 1.0 s; peak memory 1137 MiB.
2026-10-02T17:05:22Z INFO [1214/1876] 269874a3-ff0c-42a1-bc13-a6ce31805c67: cophenetic index 624; 0.8 s; peak memory 1137 MiB.
2026-10-02T17:05:22Z INFO [1215/1876] 2698d65f-cd46-483e-b865-50c05d8a417e: cophenetic index 624; 0.8 s; peak memory 1137 MiB.
2026-10-02T17:05:23Z INFO [1216/1876] 2698def4-9af8-44bc-81f2-31d4f2346b05: cophenetic index 433; 0.5 s; peak memory 1137 MiB.
2026-10-02T17:05:24Z INFO [1217/1876] 269969da-2301-4f91-8c5b-2414cbf9a75e: cophenetic index 624; 0.9 s; peak memory 1137 MiB.
2026-10-02T17:05:24Z INFO [1218/1876] 269a8b1d-66c8-4112-a2bc-d77d8b25426e: cophenetic index 624; 0.7 s; peak memory 1137 MiB.
2026-10-02T17:05:25Z INFO [1219/1876] 269c3014-2ca5-4206-b24d-134c5c5bdc9a: cophenetic index 3087; 0.9 s; peak memory 1137 MiB.
2026-10-02T17:05:26Z INFO [1220/1876] 269c53d4-9ffc-4941-aaeb-c3f9efd78f3d: cophenetic index 624; 0.8 s; peak memory 1137 MiB.
2026-10-02T17:05:27Z INFO [1221/1876] 269d5c19-c5a1-47a9-98b3-a415505530b0: cophenetic index 1470; 0.9 s; peak memory 1137 MiB.
2026-10-02T17:05:28Z INFO [1222/1876] 269dddf8-eee4-4da1-a9b7-1945c7272912: cophenetic index 33968; 1.2 s; peak memory 1137 MiB.
2026-10-02T17:05:29Z INFO [1223/1876] 269dfa1a-efc5-41eb-b8b9-390a308592e6: cophenetic index 624; 1.0 s; peak memory 1137 MiB.
2026-10-02T17:05:37Z INFO [1224/1876] 269e5623-478b-43d9-ab0f-06c79d2e716d: cophenetic index 315897; 7.9 s; peak memory 1137 MiB.
2026-10-02T17:05:38Z INFO [1225/1876] 269e8087-ff46-451a-bd88-2a2250949bca: cophenetic index 751; 0.5 s; peak memory 1137 MiB.
2026-10-02T17:05:39Z INFO [1226/1876] 26a0e73a-870e-4842-8d56-6c788abf690a: cophenetic index 23358; 0.8 s; peak memory 1137 MiB.
2026-10-02T17:05:39Z INFO [1227/1876] 26a151a3-06f4-40f7-b194-67e5446ef2e1: cophenetic index 23788; 0.9 s; peak memory 1137 MiB.
2026-10-02T17:05:41Z INFO [1228/1876] 26a16696-7a7f-4db4-8cbf-05a222eeeea1: cophenetic index 2625; 1.1 s; peak memory 1137 MiB.
2026-10-02T17:05:41Z INFO [1229/1876] 26a29e67-4bd8-49b0-b4a3-8f2b5e99eb9b: cophenetic index 624; 0.7 s; peak memory 1137 MiB.
2026-10-02T17:05:42Z INFO [1230/1876] 26a2e358-99c4-4354-83ad-4c5b468968d9: cophenetic index 624; 0.8 s; peak memory 1137 MiB.
2026-10-02T17:05:43Z INFO [1231/1876] 26a36541-031d-459a-8f3b-16da45095eec: cophenetic index 33998; 1.4 s; peak memory 1137 MiB.
2026-10-02T17:05:44Z INFO [1232/1876] 26a3a7a4-7ae2-41e2-88d8-aa92e8c37af4: cophenetic index 431; 0.8 s; peak memory 1137 MiB.
2026-10-02T17:05:45Z INFO [1233/1876] 26a3cc2b-1e7e-4602-9f9c-6073cb705ae5: cophenetic index 624; 0.8 s; peak memory 1137 MiB.
2026-10-02T17:05:46Z INFO [1234/1876] 26a40720-0b5c-4407-90c1-7220c688ca6b: cophenetic index 3004; 0.9 s; peak memory 1137 MiB.
2026-10-02T17:05:47Z INFO [1235/1876] 26a40d36-39be-4c20-b970-d9c4e3e12dc9: cophenetic index 624; 0.7 s; peak memory 1137 MiB.
2026-10-02T17:05:48Z INFO [1236/1876] 26a4c26b-db71-44d9-8d80-08cd66a68911: cophenetic index 2654; 1.5 s; peak memory 1137 MiB.
2026-10-02T17:05:49Z INFO [1237/1876] 26a527b7-c169-4d4a-aee0-e0bfa45b97d9: cophenetic index 624; 0.8 s; peak memory 1137 MiB.
2026-10-02T17:05:51Z INFO [1238/1876] 26a5c97e-57e4-4b26-9b67-32d6a36764f6: cophenetic index 2521; 1.6 s; peak memory 1137 MiB.
2026-10-02T17:05:58Z INFO [1239/1876] 26a60f00-1061-4263-b15e-921cc8ebddd3: cophenetic index 185967; 6.9 s; peak memory 1137 MiB.
2026-10-02T17:06:00Z INFO [1240/1876] 26a6318d-ecad-4543-b1ab-c23b08741807: cophenetic index 2402; 2.7 s; peak memory 1137 MiB.
2026-10-02T17:06:01Z INFO [1241/1876] 26a6c9cb-ccf4-456f-bb66-bd6a312410af: cophenetic index 2974; 1.0 s; peak memory 1137 MiB.
2026-10-02T17:06:02Z INFO [1242/1876] 26a6eb16-c0ec-4bbc-add8-d3ee94069d58: cophenetic index 1380; 1.1 s; peak memory 1137 MiB.
2026-10-02T17:06:03Z INFO [1243/1876] 26a74652-f1e2-4ea6-a8ac-d4df9496f819: cophenetic index 603; 0.9 s; peak memory 1137 MiB.
2026-10-02T17:06:05Z INFO [1244/1876] 26a7aa5a-3b06-4dd7-8f48-b6bfda229651: cophenetic index 2625; 1.2 s; peak memory 1137 MiB.
2026-10-02T17:06:06Z INFO [1245/1876] 26a7c26a-f836-418c-ad66-b5181d044282: cophenetic index 2625; 1.0 s; peak memory 1137 MiB.
2026-10-02T17:06:06Z INFO [1246/1876] 26a8124a-d9e1-4487-9269-56d21f77107f: cophenetic index 624; 0.8 s; peak memory 1137 MiB.
2026-10-02T17:06:07Z INFO [1247/1876] 26a85cce-ecdf-40bd-9260-75efdec8471e: cophenetic index 3004; 0.8 s; peak memory 1137 MiB.
2026-10-02T17:06:09Z INFO [1248/1876] 26a8c812-e28e-47b8-93ef-338234be966c: cophenetic index 5473; 2.0 s; peak memory 1137 MiB.
2026-10-02T17:06:11Z INFO [1249/1876] 26aa0c1d-7f79-4ce7-bdc7-ff22a7aa3b30: cophenetic index 1970; 1.7 s; peak memory 1137 MiB.
2026-10-02T17:06:12Z INFO [1250/1876] 26aa96bd-49c4-4879-99c7-66546c8734f1: cophenetic index 2625; 1.0 s; peak memory 1137 MiB.
2026-10-02T17:06:12Z INFO [1250/1876] 26aa96bd-49c4-4879-99c7-66546c8734f1: checkpointed 65552 records.
2026-10-02T17:06:13Z INFO [1251/1876] 26ab0cb8-8fba-4368-9eb1-42d8cb8b2e5d: cophenetic index 994; 0.9 s; peak memory 1137 MiB.
2026-10-02T17:06:14Z INFO [1252/1876] 26ab9684-f7ff-4533-9041-812641285613: cophenetic index 624; 0.7 s; peak memory 1137 MiB.
2026-10-02T17:06:15Z INFO [1253/1876] 26abbf3f-5a50-43bb-ba03-f3e6e65c2b6d: cophenetic index 624; 0.8 s; peak memory 1137 MiB.
2026-10-02T17:06:15Z INFO [1254/1876] 26ac185b-410b-42ed-857f-bceec68c21a4: cophenetic index 624; 0.6 s; peak memory 1137 MiB.
2026-10-02T17:06:16Z INFO [1255/1876] 26ac4ddf-01ae-4516-86e1-65b0ada3e3c4: cophenetic index 30304; 1.2 s; peak memory 1137 MiB.
2026-10-02T17:06:20Z INFO [1256/1876] 26acb558-eabb-4850-a75e-701b308c7d44: cophenetic index 59156; 3.7 s; peak memory 1137 MiB.
2026-10-02T17:06:21Z INFO [1257/1876] 26ad4dab-96bf-4321-aa54-4800c26443e7: cophenetic index 2625; 1.1 s; peak memory 1137 MiB.
2026-10-02T17:06:33Z INFO [1258/1876] 26ad88af-828e-43d0-b38c-2772971adafd: cophenetic index 23586906; 11.7 s; peak memory 1137 MiB.
2026-10-02T17:06:33Z INFO [1259/1876] 26ad991b-7dac-4314-ad9c-c7cae5f21535: cophenetic index 490; 0.6 s; peak memory 1137 MiB.
2026-10-02T17:06:35Z INFO [1260/1876] 26ae24fe-097c-455a-a9f3-2c08249d6016: cophenetic index 2625; 1.3 s; peak memory 1137 MiB.
2026-10-02T17:06:36Z INFO [1261/1876] 26aeb0cd-9a9c-4a30-bf91-dbdd6b8afb4d: cophenetic index 624; 0.9 s; peak memory 1137 MiB.
2026-10-02T17:06:37Z INFO [1262/1876] 26aecd1d-349a-4603-a9d3-5edefb70837a: cophenetic index 2625; 1.1 s; peak memory 1137 MiB.
2026-10-02T17:06:38Z INFO [1263/1876] 26af1e3d-bc72-4d7b-acc7-b8900c863be8: cophenetic index 895; 1.7 s; peak memory 1137 MiB.
2026-10-02T17:06:39Z INFO [1264/1876] 26af58ba-ae4d-48ed-997c-f7dd6e271f97: cophenetic index 494; 0.7 s; peak memory 1137 MiB.
2026-10-02T17:06:44Z INFO [1265/1876] 26afcdfa-9080-4dd7-b775-bdeb5e2c157c: cophenetic index 195172714; 5.3 s; peak memory 1137 MiB.
2026-10-02T17:06:49Z INFO [1266/1876] 26b08aa6-b35f-4f9c-8459-6744f146e463: cophenetic index 9548; 4.3 s; peak memory 1137 MiB.
2026-10-02T17:06:50Z INFO [1267/1876] 26b14394-3d21-471e-8a20-9995f7809a41: cophenetic index 2625; 1.4 s; peak memory 1137 MiB.
2026-10-02T17:06:51Z INFO [1268/1876] 26b1f1a2-35be-4ab2-b853-979cbf594072: cophenetic index 3004; 1.1 s; peak memory 1137 MiB.
2026-10-02T17:06:55Z INFO [1269/1876] 26b22a98-5f2b-4532-9ac0-dd6b2ef2868b: cophenetic index 60714; 3.9 s; peak memory 1137 MiB.
2026-10-02T17:06:56Z INFO [1270/1876] 26b3e57a-96de-4fa9-8fa5-01dede6d7af0: cophenetic index 624; 0.8 s; peak memory 1137 MiB.
2026-10-02T17:06:57Z INFO [1271/1876] 26b55b92-5786-4315-b589-90737450ee79: cophenetic index 23206; 1.0 s; peak memory 1137 MiB.
2026-10-02T17:07:00Z INFO [1272/1876] 26b5d12e-ab75-41c3-8b5a-c9c78dcfe82a: cophenetic index 30468; 3.6 s; peak memory 1137 MiB.
2026-10-02T17:07:01Z INFO [1273/1876] 26b5d833-38b6-4fab-b12a-23d24242e8d2: cophenetic index 401; 0.5 s; peak memory 1137 MiB.
2026-10-02T17:09:04Z INFO [1274/1876] 26b67247-eebd-43d4-83c2-f54c5f62bd84: cophenetic index 1436; 123.6 s; peak memory 1137 MiB.
2026-10-02T17:09:14Z INFO [1275/1876] 26b740c5-7c28-40ec-9a01-d2006076caea: cophenetic index 53784; 9.4 s; peak memory 1137 MiB.
2026-10-02T17:09:15Z INFO [1276/1876] 26b79b88-53f9-4da0-9c8e-3f38790c14a8: cophenetic index 569; 0.9 s; peak memory 1137 MiB.
2026-10-02T17:09:16Z INFO [1277/1876] 26b88fde-e7be-4b3b-b7d7-e29a35d4dfe6: cophenetic index 3004; 0.9 s; peak memory 1137 MiB.
2026-10-02T17:09:17Z INFO [1278/1876] 26b8afab-db19-4cd1-aa0f-9808893d5ce2: cophenetic index 624; 0.8 s; peak memory 1137 MiB.
2026-10-02T17:09:17Z INFO [1279/1876] 26b8d70e-2798-401e-9360-8d0d10dc7bcf: cophenetic index 2974; 0.8 s; peak memory 1137 MiB.
2026-10-02T17:09:18Z INFO [1280/1876] 26ba0e39-c678-4589-b015-1b1cb5c003bd: cophenetic index 2625; 1.1 s; peak memory 1137 MiB.
2026-10-02T17:09:19Z INFO [1281/1876] 26ba469f-3c9f-4dcf-8951-97acd5b7dc9c: cophenetic index 490; 0.5 s; peak memory 1137 MiB.
2026-10-02T17:09:20Z INFO [1282/1876] 26bac0b6-75ad-4b0b-83ca-c278ef4ddd2f: cophenetic index 624; 0.9 s; peak memory 1137 MiB.
2026-10-02T17:09:21Z INFO [1283/1876] 26bb858f-8d49-41d1-8f3b-24221de94c84: cophenetic index 624; 0.9 s; peak memory 1137 MiB.
2026-10-02T17:09:22Z INFO [1284/1876] 26bb970b-ea9b-4219-9e9d-be3622090bf0: cophenetic index 2625; 1.0 s; peak memory 1137 MiB.
2026-10-02T17:09:23Z INFO [1285/1876] 26bba6b7-be7c-4956-805e-2cc959299f8b: cophenetic index 2625; 1.3 s; peak memory 1137 MiB.
2026-10-02T17:09:24Z INFO [1286/1876] 26bbeeb7-bb76-400f-9901-6f53ab18a164: cophenetic index 2625; 1.1 s; peak memory 1137 MiB.
2026-10-02T17:09:29Z INFO [1287/1876] 26bc362c-cc2c-4c32-8cc3-f7bb057cd73c: cophenetic index 12727; 5.1 s; peak memory 1137 MiB.
2026-10-02T17:09:33Z INFO [1288/1876] 26bcff7e-ed36-429a-b0b6-be4a40a0124b: cophenetic index 88375; 3.6 s; peak memory 1137 MiB.
2026-10-02T17:09:34Z INFO [1289/1876] 26bd4d55-7aa8-4289-835f-30e8fabfdec2: cophenetic index 649; 1.0 s; peak memory 1137 MiB.
2026-10-02T17:09:35Z INFO [1290/1876] 26bd51c6-f07d-4d31-b834-da9e1fd07726: cophenetic index 958; 1.0 s; peak memory 1137 MiB.
2026-10-02T17:09:36Z INFO [1291/1876] 26bd7db0-a472-4c1b-a50a-91e82505281d: cophenetic index 13320; 0.9 s; peak memory 1137 MiB.
2026-10-02T17:09:37Z INFO [1292/1876] 26be6843-5992-47c9-90b7-aa9fb8b96fb9: cophenetic index 2974; 1.0 s; peak memory 1137 MiB.
2026-10-02T17:09:38Z INFO [1293/1876] 26bee78a-ea50-4a92-9447-532480bed89a: cophenetic index 23853; 1.6 s; peak memory 1137 MiB.
2026-10-02T17:09:39Z INFO [1294/1876] 26bf861e-1291-4ee4-9db2-713b054bae81: cophenetic index 835; 1.1 s; peak memory 1137 MiB.
2026-10-02T17:09:40Z INFO [1295/1876] 26c1ff52-78cd-4366-aa69-386789bbcd5b: cophenetic index 3077; 1.0 s; peak memory 1137 MiB.
2026-10-02T17:09:41Z INFO [1296/1876] 26c2e608-8a47-4e2f-b7ef-59655041c120: cophenetic index 624; 0.7 s; peak memory 1137 MiB.
2026-10-02T17:09:42Z INFO [1297/1876] 26c328ac-b1b0-430b-b5ff-fbff50e523e4: cophenetic index 1544; 1.0 s; peak memory 1137 MiB.
2026-10-02T17:09:43Z INFO [1298/1876] 26c449b0-bfc3-495c-9c5a-3bd0a28658f3: cophenetic index 3004; 0.9 s; peak memory 1137 MiB.
2026-10-02T17:09:44Z INFO [1299/1876] 26c46c9d-2442-476c-89cf-5c9b2a337ac3: cophenetic index 3004; 0.9 s; peak memory 1137 MiB.
2026-10-02T17:09:45Z INFO [1300/1876] 26c53ad6-ca18-4989-b91f-57aea1d94bf8: cophenetic index 624; 0.8 s; peak memory 1137 MiB.
2026-10-02T17:09:45Z INFO [1300/1876] 26c53ad6-ca18-4989-b91f-57aea1d94bf8: checkpointed 65602 records.
2026-10-02T17:09:46Z INFO [1301/1876] 26c5b32e-ce4b-4b34-939c-b000527b88bd: cophenetic index 624; 0.9 s; peak memory 1137 MiB.
2026-10-02T17:09:46Z INFO [1302/1876] 26c5dc10-ba6d-4ac9-b2bb-0fd8fd6f7352: cophenetic index 624; 0.6 s; peak memory 1137 MiB.
2026-10-02T17:09:50Z INFO [1303/1876] 26c5dfae-5d03-4835-a1d4-67ed3612ef14: cophenetic index 6791; 3.6 s; peak memory 1137 MiB.
2026-10-02T17:09:51Z INFO [1304/1876] 26c623f5-d398-423a-bc3a-f3c18172ed64: cophenetic index 23960; 0.8 s; peak memory 1137 MiB.
2026-10-02T17:09:55Z INFO [1305/1876] 26c62d47-35d7-43ea-8791-bc5bb5edeeed: cophenetic index 233564; 4.0 s; peak memory 1137 MiB.
2026-10-02T17:09:56Z INFO [1306/1876] 26c6c46d-5ccd-406d-bc02-57ebd43627ab: cophenetic index 624; 0.8 s; peak memory 1137 MiB.
2026-10-02T17:10:01Z INFO [1307/1876] 26c6df2d-13ef-4169-8c6b-47d01ccb7072: cophenetic index 5466; 5.0 s; peak memory 1137 MiB.
2026-10-02T17:10:01Z INFO [1308/1876] 26c73bc0-6f8b-43ee-b385-5603c0a646c7: cophenetic index 3004; 0.8 s; peak memory 1137 MiB.
2026-10-02T17:10:08Z INFO [1309/1876] 26c798a0-a414-4d2f-ab89-bc8e5fccf6a5: cophenetic index 195172714; 6.8 s; peak memory 1137 MiB.
2026-10-02T17:10:09Z INFO [1310/1876] 26c82031-1638-45c9-a6c2-dd81feb11904: cophenetic index 739; 0.7 s; peak memory 1137 MiB.
2026-10-02T17:10:10Z INFO [1311/1876] 26c855f0-a98e-4ba4-b58c-4c0edb17f03f: cophenetic index 2625; 1.0 s; peak memory 1137 MiB.
2026-10-02T17:10:11Z INFO [1312/1876] 26c87678-881c-4c62-a17d-ef86eb84c23d: cophenetic index 33986; 1.0 s; peak memory 1137 MiB.
2026-10-02T17:10:12Z INFO [1313/1876] 26c8b7ca-aa3a-4020-93fb-1789b9fb4a89: cophenetic index 624; 0.8 s; peak memory 1137 MiB.
2026-10-02T17:10:13Z INFO [1314/1876] 26c92dc1-a8e0-437b-b7a3-db5cb616172d: cophenetic index 2625; 1.1 s; peak memory 1137 MiB.
2026-10-02T17:10:14Z INFO [1315/1876] 26c94783-718e-4cc3-a1aa-1d71314a41e8: cophenetic index 1458; 1.6 s; peak memory 1137 MiB.
2026-10-02T17:10:15Z INFO [1316/1876] 26c99b88-09df-4f9b-a170-2ccbea96b7ca: cophenetic index 2625; 1.1 s; peak memory 1137 MiB.
2026-10-02T17:10:16Z INFO [1317/1876] 26ca0d48-2698-4baf-aab7-060469ea54f2: cophenetic index 624; 0.7 s; peak memory 1137 MiB.
2026-10-02T17:10:17Z INFO [1318/1876] 26ca95fd-0110-47bc-bc30-33ce30c7341c: cophenetic index 624; 0.9 s; peak memory 1137 MiB.
2026-10-02T17:10:23Z INFO [1319/1876] 26caf9bf-b40c-448d-90eb-7d23155a87f8: cophenetic index 210709; 5.6 s; peak memory 1137 MiB.
2026-10-02T17:10:23Z INFO [1320/1876] 26cb6090-40ea-4ea3-b19a-2a314642e3b1: cophenetic index 1265; 0.8 s; peak memory 1137 MiB.
2026-10-02T17:10:25Z INFO [1321/1876] 26cb7ffe-4729-4b0a-b243-54ffd6b52de3: cophenetic index 6352; 1.3 s; peak memory 1137 MiB.
2026-10-02T17:10:25Z INFO [1322/1876] 26cbbab1-0831-4175-ba16-c72f64bba92d: cophenetic index 733; 0.5 s; peak memory 1137 MiB.
2026-10-02T17:10:26Z INFO [1323/1876] 26cd9e66-fa86-4672-ac8c-bf2bd6c3089f: cophenetic index 34395; 0.9 s; peak memory 1137 MiB.
2026-10-02T17:10:27Z INFO [1324/1876] 26cda872-182b-4b61-9f75-402360e0fde0: cophenetic index 624; 0.8 s; peak memory 1137 MiB.
2026-10-02T17:10:27Z INFO [1325/1876] 26cdbcea-7185-4cf3-a23d-7e9e0259a2fa: cophenetic index 490; 0.5 s; peak memory 1137 MiB.
2026-10-02T17:10:35Z INFO [1326/1876] 26ce4007-00e8-466c-8bf3-226a93d7fadc: cophenetic index 20749; 7.4 s; peak memory 1137 MiB.
2026-10-02T17:10:36Z INFO [1327/1876] 26cf8d18-0926-4f48-94fd-8ab9141336aa: cophenetic index 624; 0.8 s; peak memory 1137 MiB.
2026-10-02T17:10:40Z INFO [1328/1876] 26d1e5e5-d842-4985-8691-4b9eac29c2d5: cophenetic index 9548; 4.0 s; peak memory 1137 MiB.
2026-10-02T17:10:41Z INFO [1329/1876] 26d20dbb-2e48-470b-9d81-42d4c576d29b: cophenetic index 2299; 1.9 s; peak memory 1137 MiB.
2026-10-02T17:10:42Z INFO [1330/1876] 26d31f8b-5f84-455e-a263-13d501d43b65: cophenetic index 581; 0.9 s; peak memory 1137 MiB.
2026-10-02T17:10:43Z INFO [1331/1876] 26d40cb5-7d6c-4e4a-8422-db469bc884c4: cophenetic index 3087; 0.8 s; peak memory 1137 MiB.
2026-10-02T17:10:44Z INFO [1332/1876] 26d4edf2-1751-4673-8bf7-29fd84005240: cophenetic index 624; 0.9 s; peak memory 1137 MiB.
2026-10-02T17:10:44Z INFO [1333/1876] 26d51f8a-7a1d-446c-a0b7-e4023d682e4c: cophenetic index 739; 0.5 s; peak memory 1137 MiB.
2026-10-02T17:10:46Z INFO [1334/1876] 26d797da-f57a-42af-92c2-9169c5017299: cophenetic index 797; 1.6 s; peak memory 1137 MiB.
2026-10-02T17:10:47Z INFO [1335/1876] 26d7aef8-44cd-4c3c-ae05-dfa2154d54be: cophenetic index 624; 0.8 s; peak memory 1137 MiB.
2026-10-02T17:10:48Z INFO [1336/1876] 26d88789-d72b-49ca-b7d5-a7ef85121c05: cophenetic index 624; 0.9 s; peak memory 1137 MiB.
2026-10-02T17:10:49Z INFO [1337/1876] 26d88bb7-ddd8-46a1-af43-3952732b9576: cophenetic index 624; 0.7 s; peak memory 1137 MiB.
2026-10-02T17:10:49Z INFO [1338/1876] 26d8a622-f2c0-4d6f-b456-57259c333872: cophenetic index 624; 0.8 s; peak memory 1137 MiB.
2026-10-02T17:10:51Z INFO [1339/1876] 26d8b15d-55fb-468b-a26d-6a21c1a8a2e8: cophenetic index 2625; 1.3 s; peak memory 1137 MiB.
2026-10-02T17:10:51Z INFO [1340/1876] 26d8f09c-eee0-431f-94af-80ba44f16e66: cophenetic index 624; 0.7 s; peak memory 1137 MiB.
2026-10-02T17:10:52Z INFO [1341/1876] 26d9013c-4acc-4598-9832-a869bdd813de: cophenetic index 649; 0.9 s; peak memory 1137 MiB.
2026-10-02T17:10:53Z INFO [1342/1876] 26d920a5-0d72-42e0-b759-e6dae647251b: cophenetic index 624; 0.9 s; peak memory 1137 MiB.
2026-10-02T17:10:54Z INFO [1343/1876] 26d942df-cb7f-40c3-a7a3-9f05c43e1562: cophenetic index 2625; 1.0 s; peak memory 1137 MiB.
2026-10-02T17:10:55Z INFO [1344/1876] 26d94be2-1a3d-4210-99fa-b493718e27ce: cophenetic index 466; 1.0 s; peak memory 1137 MiB.
2026-10-02T17:10:59Z INFO [1345/1876] 26d95fe9-7d08-4282-8379-66543ddc6b8f: cophenetic index 37332; 3.4 s; peak memory 1137 MiB.
2026-10-02T17:11:00Z INFO [1346/1876] 26d9a9a2-f7d8-4600-bc24-5d09c2e832f2: cophenetic index 23800; 1.2 s; peak memory 1137 MiB.
2026-10-02T17:11:00Z INFO [1347/1876] 26d9c616-8aa7-4171-aafd-69c2d1a42bdd: cophenetic index 624; 0.8 s; peak memory 1137 MiB.
2026-10-02T17:11:01Z INFO [1348/1876] 26da334d-e010-431b-9ce4-b8570b36ab8e: cophenetic index 3087; 1.0 s; peak memory 1137 MiB.
2026-10-02T17:11:02Z INFO [1349/1876] 26da4fd3-31d7-4d16-aae2-2e57218384b0: cophenetic index 490; 0.4 s; peak memory 1137 MiB.
2026-10-02T17:11:03Z INFO [1350/1876] 26daad0b-1e21-4feb-bd93-48f29979c5e1: cophenetic index 2782; 0.7 s; peak memory 1137 MiB.
2026-10-02T17:11:03Z INFO [1350/1876] 26daad0b-1e21-4feb-bd93-48f29979c5e1: checkpointed 65652 records.
2026-10-02T17:11:04Z INFO [1351/1876] 26dae389-0884-4c51-8c6c-732c66a06c05: cophenetic index 2682; 1.2 s; peak memory 1137 MiB.
2026-10-02T17:11:10Z INFO [1352/1876] 26db040f-e672-4cfa-a181-401305a006e9: cophenetic index 76260; 5.9 s; peak memory 1137 MiB.
2026-10-02T17:11:11Z INFO [1353/1876] 26db837f-b9ed-4da5-88cf-1f32d29e886c: cophenetic index 2932; 1.1 s; peak memory 1137 MiB.
2026-10-02T17:11:11Z INFO [1354/1876] 26dba233-2970-4a98-986c-392eb61f58aa: cophenetic index 490; 0.6 s; peak memory 1137 MiB.
2026-10-02T17:11:12Z INFO [1355/1876] 26dbc885-fb1c-45bf-b4e5-a05df9449ce3: cophenetic index 624; 0.8 s; peak memory 1137 MiB.
2026-10-02T17:11:19Z INFO [1356/1876] 26dc0fa3-471c-410c-ba17-ec4a28b79540: cophenetic index 1051743; 6.6 s; peak memory 1137 MiB.
2026-10-02T17:11:19Z INFO [1357/1876] 26dddf54-2322-4a44-8293-dee3020b6591: cophenetic index 431; 0.7 s; peak memory 1137 MiB.
2026-10-02T17:11:21Z INFO [1358/1876] 26de2bb7-7bbe-4b28-9f80-d63967fb8ce3: cophenetic index 718; 1.1 s; peak memory 1137 MiB.
2026-10-02T17:11:21Z INFO [1359/1876] 26de403a-c6b7-46d1-ac2e-a0557014e02c: cophenetic index 401; 0.6 s; peak memory 1137 MiB.
2026-10-02T17:11:22Z INFO [1360/1876] 26df6928-0909-431d-a705-4e6668fa26fa: cophenetic index 2625; 1.0 s; peak memory 1137 MiB.
2026-10-02T17:11:23Z INFO [1361/1876] 26df8f8f-d6b3-42f1-9afe-440151189459: cophenetic index 624; 0.8 s; peak memory 1137 MiB.
2026-10-02T17:11:24Z INFO [1362/1876] 26e0ce55-6b13-4583-a53b-e7417bad1b74: cophenetic index 33968; 1.1 s; peak memory 1137 MiB.
2026-10-02T17:11:25Z INFO [1363/1876] 26e1a119-d243-4707-b96e-ca86be2dc630: cophenetic index 431; 0.7 s; peak memory 1137 MiB.
2026-10-02T17:11:26Z INFO [1364/1876] 26e1c60a-a121-4348-abe3-172f265d5457: cophenetic index 2625; 1.0 s; peak memory 1137 MiB.
2026-10-02T17:11:27Z INFO [1365/1876] 26e23c46-6003-476f-979f-a8849b14c31b: cophenetic index 33986; 1.0 s; peak memory 1137 MiB.
2026-10-02T17:11:28Z INFO [1366/1876] 26e30b3d-e415-4fcf-887b-b6db3eae9960: cophenetic index 447; 0.8 s; peak memory 1137 MiB.
2026-10-02T17:11:29Z INFO [1367/1876] 26e319a9-503b-4f8c-a107-3f10706bf64f: cophenetic index 2682; 1.5 s; peak memory 1137 MiB.
2026-10-02T17:11:31Z INFO [1368/1876] 26e37441-a7b4-4e98-952b-13c0a8096bc9: cophenetic index 901; 1.7 s; peak memory 1137 MiB.
2026-10-02T17:11:32Z INFO [1369/1876] 26e4e3f5-1eb0-41e7-9dd7-a0fc2aab0ce5: cophenetic index 2625; 1.1 s; peak memory 1137 MiB.
2026-10-02T17:11:32Z INFO [1370/1876] 26e5d8f7-962b-4e50-be18-ed7e6f02a66f: cophenetic index 624; 0.6 s; peak memory 1137 MiB.
2026-10-02T17:11:38Z INFO [1371/1876] 26e73c03-6597-490c-ae3b-ad6725f2914e: cophenetic index 14699; 5.3 s; peak memory 1137 MiB.
2026-10-02T17:11:39Z INFO [1372/1876] 26e7d4a8-5c5d-4ecd-bbb3-005ca80a87f0: cophenetic index 33962; 1.1 s; peak memory 1137 MiB.
2026-10-02T17:11:40Z INFO [1373/1876] 26e8206b-fc9e-42e8-8d85-32b7a1067bc8: cophenetic index 1739; 1.0 s; peak memory 1137 MiB.
2026-10-02T17:11:42Z INFO [1374/1876] 26e82b0b-fd18-4ae6-8afa-9181df1e9599: cophenetic index 5473; 2.3 s; peak memory 1137 MiB.
2026-10-02T17:11:44Z INFO [1375/1876] 26e9a444-2bfc-4192-a758-c887452e1133: cophenetic index 2682; 1.5 s; peak memory 1137 MiB.
2026-10-02T17:11:44Z INFO [1376/1876] 26e9b293-f675-4797-931b-c5c537cf55d9: cophenetic index 649; 0.7 s; peak memory 1137 MiB.
2026-10-02T17:11:45Z INFO [1377/1876] 26e9cd5a-ed4c-4cb6-826c-6e21386b532f: cophenetic index 624; 0.8 s; peak memory 1137 MiB.
2026-10-02T17:11:46Z INFO [1378/1876] 26ea87b6-6d17-4d99-9331-393e3be70698: cophenetic index 624; 0.9 s; peak memory 1137 MiB.
2026-10-02T17:11:48Z INFO [1379/1876] 26ec2c59-0df7-43fd-b788-9a1d7ccdc367: cophenetic index 5473; 2.4 s; peak memory 1137 MiB.
2026-10-02T17:11:49Z INFO [1380/1876] 26ec5880-a2cf-47e8-8421-81b09f508a01: cophenetic index 690; 0.5 s; peak memory 1137 MiB.
2026-10-02T17:11:50Z INFO [1381/1876] 26edc604-d5b0-4f29-9720-9e69ec97e2f4: cophenetic index 2636; 1.3 s; peak memory 1137 MiB.
2026-10-02T17:11:51Z INFO [1382/1876] 26ee3d53-6ca7-4147-94b8-cc6cab783a7c: cophenetic index 2625; 1.3 s; peak memory 1137 MiB.
2026-10-02T17:11:52Z INFO [1383/1876] 26ee46ff-7d98-4c07-9236-39b3a9f0f803: cophenetic index 624; 0.9 s; peak memory 1137 MiB.
2026-10-02T17:11:53Z INFO [1384/1876] 26eeabe8-e472-4d5d-8b43-5eefde1f18b0: cophenetic index 490; 0.5 s; peak memory 1137 MiB.
2026-10-02T17:11:54Z INFO [1385/1876] 26efdacc-cf4a-4b02-972e-3bea339e18ad: cophenetic index 33998; 1.7 s; peak memory 1137 MiB.
2026-10-02T17:11:56Z INFO [1386/1876] 26f04966-f3d2-4aa7-812a-652f73ac11de: cophenetic index 2625; 1.1 s; peak memory 1137 MiB.
2026-10-02T17:12:00Z INFO [1387/1876] 26f051e0-acbf-4b3c-ae6c-d456805490d7: cophenetic index 5466; 4.4 s; peak memory 1137 MiB.
2026-10-02T17:12:01Z INFO [1388/1876] 26f17314-8563-4d75-a705-6a909128b346: cophenetic index 33968; 1.0 s; peak memory 1137 MiB.
2026-10-02T17:12:02Z INFO [1389/1876] 26f47690-9edf-40ce-9d74-29a11435b120: cophenetic index 23364; 0.9 s; peak memory 1137 MiB.
2026-10-02T17:12:06Z INFO [1390/1876] 26f56f27-a60b-4288-9e8e-cdd5d89d26b1: cophenetic index 68029; 4.0 s; peak memory 1137 MiB.
2026-10-02T17:12:07Z INFO [1391/1876] 26f5db2a-c660-40c5-bcb9-d1e9cf5aed90: cophenetic index 661; 0.6 s; peak memory 1137 MiB.
2026-10-02T17:12:07Z INFO [1392/1876] 26f5f27e-49b6-449c-8a28-b299a0ed3698: cophenetic index 579; 0.5 s; peak memory 1137 MiB.
2026-10-02T17:12:08Z INFO [1393/1876] 26f7223e-8a69-4bb4-8e21-2ae8185441eb: cophenetic index 33968; 0.9 s; peak memory 1137 MiB.
2026-10-02T17:12:09Z INFO [1394/1876] 26fa2089-0d43-49fa-b813-58169bf6ad54: cophenetic index 858; 0.9 s; peak memory 1137 MiB.
2026-10-02T17:12:10Z INFO [1395/1876] 26fa5a8c-38b9-40ab-a2f8-1749df923787: cophenetic index 649; 0.7 s; peak memory 1137 MiB.
2026-10-02T17:12:11Z INFO [1396/1876] 26fa97a8-647d-4dd4-b69f-e59917a4e242: cophenetic index 2625; 1.0 s; peak memory 1137 MiB.
2026-10-02T17:12:13Z INFO [1397/1876] 26fb0910-2013-4ec1-add6-326f87bf21fa: cophenetic index 2402; 1.9 s; peak memory 1137 MiB.
2026-10-02T17:12:13Z INFO [1398/1876] 26fb26fc-73fc-43ac-af32-cea68843d1d1: cophenetic index 729; 0.6 s; peak memory 1137 MiB.
2026-10-02T17:12:14Z INFO [1399/1876] 26fb2d17-1472-4e00-a74c-437f47530060: cophenetic index 3004; 0.8 s; peak memory 1137 MiB.
2026-10-02T17:12:15Z INFO [1400/1876] 26fc19e1-9149-454b-87b0-4ed28e8dcdae: cophenetic index 2570; 1.0 s; peak memory 1137 MiB.
2026-10-02T17:12:15Z INFO [1400/1876] 26fc19e1-9149-454b-87b0-4ed28e8dcdae: checkpointed 65702 records.
2026-10-02T17:12:17Z INFO [1401/1876] 26fcbd29-72e2-4931-92ac-71eb524adbb0: cophenetic index 33986; 1.8 s; peak memory 1137 MiB.
2026-10-02T17:12:18Z INFO [1402/1876] 26fd3e13-069c-4b94-9489-3e9d71c7c545: cophenetic index 649; 0.9 s; peak memory 1137 MiB.
2026-10-02T17:12:18Z INFO [1403/1876] 26fdab26-a4d9-4953-befa-06f437e8af32: cophenetic index 490; 0.7 s; peak memory 1137 MiB.
2026-10-02T17:12:19Z INFO [1404/1876] 26fe708e-67a3-4ffe-bf96-35908adcbe4a: cophenetic index 33962; 1.1 s; peak memory 1137 MiB.
2026-10-02T17:12:21Z INFO [1405/1876] 26feae33-5bcd-4b38-b12c-c1ffa0ea5909: cophenetic index 590; 1.0 s; peak memory 1137 MiB.
2026-10-02T17:12:21Z INFO [1406/1876] 26ff7531-2611-4f87-95b9-4378be3175d4: cophenetic index 23400; 0.8 s; peak memory 1137 MiB.
2026-10-02T17:12:22Z INFO [1407/1876] 26ffeeec-a5ea-40df-a923-8a3b42e5d527: cophenetic index 624; 0.9 s; peak memory 1137 MiB.
2026-10-02T17:12:23Z INFO [1408/1876] 270063b5-790e-4959-9710-b33efcf52a74: cophenetic index 3004; 0.9 s; peak memory 1137 MiB.
2026-10-02T17:12:24Z INFO [1409/1876] 27006726-d08d-416f-b46b-b4c329a12d7f: cophenetic index 33998; 1.3 s; peak memory 1137 MiB.
2026-10-02T17:12:25Z INFO [1410/1876] 2700fca8-7819-4326-ac29-bdb6a583feb2: cophenetic index 1228; 0.6 s; peak memory 1137 MiB.
2026-10-02T17:12:25Z INFO [1411/1876] 2701ca20-c1a6-4d84-a2ab-558738114c72: cophenetic index 446; 0.5 s; peak memory 1137 MiB.
2026-10-02T17:12:30Z INFO [1412/1876] 27031961-259a-4a85-be6e-1bdffbf30869: cophenetic index 9181; 4.3 s; peak memory 1137 MiB.
2026-10-02T17:12:30Z INFO [1413/1876] 2703379f-d64e-4748-b1a2-a9bddb27b350: cophenetic index 490; 0.6 s; peak memory 1137 MiB.
2026-10-02T17:12:32Z INFO [1414/1876] 2703494c-d326-4bb0-b102-0a29b309e820: cophenetic index 2625; 1.2 s; peak memory 1137 MiB.
2026-10-02T17:12:37Z INFO [1415/1876] 27035d6c-7a7c-4a2e-b58f-d073c675bc39: cophenetic index 87573; 5.2 s; peak memory 1137 MiB.
2026-10-02T17:12:38Z INFO [1416/1876] 2703c306-fa0f-4762-9dd4-85e1039ac72f: cophenetic index 624; 0.8 s; peak memory 1137 MiB.
2026-10-02T17:12:39Z INFO [1417/1876] 27048ccf-5094-4727-946a-284401e3f612: cophenetic index 2570; 1.0 s; peak memory 1137 MiB.
2026-10-02T17:12:39Z INFO [1418/1876] 2704ae26-c4bd-4b82-a9f6-a55f5e7051fb: cophenetic index 755; 0.5 s; peak memory 1137 MiB.
2026-10-02T17:12:41Z INFO [1419/1876] 2704d6ce-8544-4eb4-abc0-630caa5bd456: cophenetic index 2402; 2.2 s; peak memory 1137 MiB.
2026-10-02T17:12:42Z INFO [1420/1876] 270522d7-c9a6-4d8a-8bff-8f463557f396: cophenetic index 3087; 1.0 s; peak memory 1137 MiB.
2026-10-02T17:12:43Z INFO [1421/1876] 2705a848-4470-4753-80ea-4c2fbe8bfccb: cophenetic index 3087; 0.9 s; peak memory 1137 MiB.
2026-10-02T17:12:44Z INFO [1422/1876] 2706633f-b9ad-4b37-baf7-974f1005a362: cophenetic index 3004; 0.9 s; peak memory 1137 MiB.
2026-10-02T17:12:45Z INFO [1423/1876] 2707682b-030c-4bc6-8d18-2dade36fedcc: cophenetic index 3004; 1.0 s; peak memory 1137 MiB.
2026-10-02T17:12:53Z INFO [1424/1876] 2707e14a-c231-4c60-a2a6-34ea961b8b82: cophenetic index 48355; 7.5 s; peak memory 1137 MiB.
2026-10-02T17:12:54Z INFO [1425/1876] 2707f8ab-c6ea-43f6-8459-bfb65b7cb62b: cophenetic index 2570; 1.2 s; peak memory 1137 MiB.
2026-10-02T17:12:55Z INFO [1426/1876] 27086032-fe06-4ae7-97cc-8580948ae02d: cophenetic index 649; 0.9 s; peak memory 1137 MiB.
2026-10-02T17:12:55Z INFO [1427/1876] 2708af10-e04f-4216-a6ac-b485e4730919: cophenetic index 624; 0.8 s; peak memory 1137 MiB.
2026-10-02T17:12:56Z INFO [1428/1876] 270913b7-cbec-418e-a228-63238f9283a1: cophenetic index 431; 0.9 s; peak memory 1137 MiB.
2026-10-02T17:12:57Z INFO [1429/1876] 270a0f17-6c62-46a9-adf8-4b55ddef23a3: cophenetic index 543; 1.1 s; peak memory 1137 MiB.
2026-10-02T17:12:58Z INFO [1430/1876] 270af5d4-4172-4c30-b7cb-39d916bd0803: cophenetic index 739; 0.7 s; peak memory 1137 MiB.
2026-10-02T17:13:00Z INFO [1431/1876] 270b336f-e311-4db8-8ae0-52cd7539a019: cophenetic index 1751; 1.6 s; peak memory 1137 MiB.
2026-10-02T17:13:00Z INFO [1432/1876] 270c0310-e3f6-4f18-93f6-e907741c5014: cophenetic index 1265; 0.6 s; peak memory 1137 MiB.
2026-10-02T17:13:01Z INFO [1433/1876] 270c1142-f611-4c7a-84bc-a9258af7ef6e: cophenetic index 624; 0.8 s; peak memory 1137 MiB.
2026-10-02T17:13:04Z INFO [1434/1876] 270c1b73-aba2-42d8-871e-6993b0213935: cophenetic index 14142; 3.0 s; peak memory 1137 MiB.
2026-10-02T17:13:05Z INFO [1435/1876] 270d43f3-934e-41be-b48b-c60740b47402: cophenetic index 624; 0.9 s; peak memory 1137 MiB.
2026-10-02T17:13:05Z INFO [1436/1876] 270d4f24-bacf-4ed0-a931-65fb83d5ac98: cophenetic index 490; 0.5 s; peak memory 1137 MiB.
2026-10-02T17:13:06Z INFO [1437/1876] 270d746f-d6e5-4c4a-991d-8c8830ca57b0: cophenetic index 431; 0.7 s; peak memory 1137 MiB.
2026-10-02T17:13:07Z INFO [1438/1876] 270ee8ee-31ab-43ab-8ba6-17854bbb18a5: cophenetic index 624; 0.8 s; peak memory 1137 MiB.
2026-10-02T17:13:08Z INFO [1439/1876] 270f13f9-2b8a-4b12-8198-a069ae7a8c81: cophenetic index 692; 1.1 s; peak memory 1137 MiB.
2026-10-02T17:13:09Z INFO [1440/1876] 27101a9d-2f9d-49fa-9525-dd439ea2b9be: cophenetic index 2625; 1.2 s; peak memory 1137 MiB.
2026-10-02T17:13:14Z INFO [1441/1876] 27103eaf-0a42-419b-9941-7b206f9c9b17: cophenetic index 87573; 5.1 s; peak memory 1137 MiB.
2026-10-02T17:13:15Z INFO [1442/1876] 27109272-3588-4d33-8fe1-360fea96a697: cophenetic index 431; 0.8 s; peak memory 1137 MiB.
2026-10-02T17:13:16Z INFO [1443/1876] 2710dc92-d4fb-464a-b7a9-231edc98c712: cophenetic index 624; 0.7 s; peak memory 1137 MiB.
2026-10-02T17:13:16Z INFO [1444/1876] 27110614-88c4-44b3-ab21-22adcf435549: cophenetic index 431; 0.8 s; peak memory 1137 MiB.
2026-10-02T17:13:17Z INFO [1445/1876] 271155f7-3195-4456-8a10-121d8b21036e: cophenetic index 624; 0.8 s; peak memory 1137 MiB.
2026-10-02T17:13:18Z INFO [1446/1876] 2711faf1-de7c-43fc-97ac-92c366dbd228: cophenetic index 579; 0.5 s; peak memory 1137 MiB.
2026-10-02T17:13:19Z INFO [1447/1876] 27120a4f-478d-4d70-8339-732d21ad3384: cophenetic index 554; 0.9 s; peak memory 1137 MiB.
2026-10-02T17:13:20Z INFO [1448/1876] 2712adfc-66af-4dc5-9b7a-88be0fc40dbb: cophenetic index 1130; 1.5 s; peak memory 1137 MiB.
2026-10-02T17:13:21Z INFO [1449/1876] 2712b96a-5dff-41ac-979e-8da597edb0a9: cophenetic index 624; 0.7 s; peak memory 1137 MiB.
2026-10-02T17:13:22Z INFO [1450/1876] 2713076c-468f-446d-9cbf-5a25e333fded: cophenetic index 624; 0.6 s; peak memory 1137 MiB.
2026-10-02T17:13:22Z INFO [1450/1876] 2713076c-468f-446d-9cbf-5a25e333fded: checkpointed 65752 records.
2026-10-02T17:13:22Z INFO [1451/1876] 27134f89-8ad4-4cbe-9710-801e194bca91: cophenetic index 624; 0.8 s; peak memory 1137 MiB.
2026-10-02T17:13:23Z INFO [1452/1876] 2714563d-b769-41be-a8e3-fecb73cfa05a: cophenetic index 624; 0.8 s; peak memory 1137 MiB.
2026-10-02T17:13:31Z INFO [1453/1876] 271492b0-a59b-451f-a61d-fd04d1dd0609: cophenetic index 48421; 7.6 s; peak memory 1137 MiB.
2026-10-02T17:13:32Z INFO [1454/1876] 2714cf81-c2c0-4822-bda4-ba27906c0055: cophenetic index 3004; 0.9 s; peak memory 1137 MiB.
2026-10-02T17:13:36Z INFO [1455/1876] 27151aec-4098-4c51-bea7-f7466a7bbc4d: cophenetic index 9181; 4.5 s; peak memory 1137 MiB.
2026-10-02T17:13:37Z INFO [1456/1876] 27155057-6ec9-421c-bbde-d6213a64d054: cophenetic index 605; 0.8 s; peak memory 1137 MiB.
2026-10-02T17:13:38Z INFO [1457/1876] 27157fc3-99aa-4cba-98df-eb6e0ceff677: cophenetic index 2570; 1.2 s; peak memory 1137 MiB.
2026-10-02T17:13:39Z INFO [1458/1876] 2715d21f-d0c6-47ab-b73b-ffde1e008364: cophenetic index 605; 1.1 s; peak memory 1137 MiB.
2026-10-02T17:13:40Z INFO [1459/1876] 27167dc1-0fc9-40f9-87a5-cbc07d9abd85: cophenetic index 2625; 1.1 s; peak memory 1137 MiB.
2026-10-02T17:13:41Z INFO [1460/1876] 2717816d-5c1d-437a-893c-3c2655152e91: cophenetic index 3004; 0.9 s; peak memory 1137 MiB.
2026-10-02T17:13:42Z INFO [1461/1876] 27178a29-af43-4507-afad-7b725ec1b576: cophenetic index 1578; 1.0 s; peak memory 1137 MiB.
2026-10-02T17:13:47Z INFO [1462/1876] 2717d2fe-01d2-412a-aad3-e22eced49c37: cophenetic index 5466; 4.8 s; peak memory 1137 MiB.
2026-10-02T17:13:50Z INFO [1463/1876] 2717d510-2161-401f-93f6-e0fe51b187a7: cophenetic index 34045; 3.1 s; peak memory 1137 MiB.
2026-10-02T17:13:53Z INFO [1464/1876] 27187213-e0d0-4b86-b8b8-5bcdc1c37253: cophenetic index 23468; 2.6 s; peak memory 1137 MiB.
2026-10-02T17:13:53Z INFO [1465/1876] 2718f505-b93d-4203-a235-1ece733b119f: cophenetic index 624; 0.8 s; peak memory 1137 MiB.
2026-10-02T17:13:54Z INFO [1466/1876] 2719e31f-5f07-4f71-a15c-220c986e6ee3: cophenetic index 624; 0.9 s; peak memory 1137 MiB.
2026-10-02T17:13:55Z INFO [1467/1876] 2719f71a-78a9-4128-81e9-217644fef5e0: cophenetic index 690; 0.6 s; peak memory 1137 MiB.
2026-10-02T17:14:03Z INFO [1468/1876] 271a4089-fdd5-463a-802b-747e578d882d: cophenetic index 137320; 7.7 s; peak memory 1137 MiB.
2026-10-02T17:14:04Z INFO [1469/1876] 271a5c3f-8ee4-473e-9d07-7f8a00402895: cophenetic index 3087; 1.1 s; peak memory 1137 MiB.
2026-10-02T17:14:04Z INFO [1470/1876] 271a6232-b710-49fd-b27c-a97e5c755065: cophenetic index 729; 0.7 s; peak memory 1137 MiB.
2026-10-02T17:14:06Z INFO [1471/1876] 271baedb-f98d-4b8c-bbfb-7bb499942bd7: cophenetic index 1130; 1.7 s; peak memory 1137 MiB.
2026-10-02T17:14:08Z INFO [1472/1876] 271c2215-b89c-4a05-8cf1-3756acfa6b09: cophenetic index 612; 1.4 s; peak memory 1137 MiB.
2026-10-02T17:14:08Z INFO [1473/1876] 271c33f5-43fe-423d-acba-ffaca6971405: cophenetic index 401; 0.5 s; peak memory 1137 MiB.
2026-10-02T17:14:09Z INFO [1474/1876] 271cc432-ccdd-459e-91ef-3bf99c35cb88: cophenetic index 513; 1.4 s; peak memory 1137 MiB.
2026-10-02T17:14:10Z INFO [1475/1876] 271d07a2-4b41-49fc-ad44-4a3844e4c338: cophenetic index 624; 0.8 s; peak memory 1137 MiB.
2026-10-02T17:14:12Z INFO [1476/1876] 271d257e-b93e-4861-9164-4f26e69a4118: cophenetic index 33998; 1.5 s; peak memory 1137 MiB.
2026-10-02T17:14:18Z INFO [1477/1876] 271d6286-8f2d-4c37-a86c-4797e75bc513: cophenetic index 156784; 6.7 s; peak memory 1137 MiB.
2026-10-02T17:14:19Z INFO [1478/1876] 271da58c-a69d-45ba-aba9-4e2958e82edd: cophenetic index 2923; 0.8 s; peak memory 1137 MiB.
2026-10-02T17:14:20Z INFO [1479/1876] 271e342e-dca9-46cb-94b3-43619607f046: cophenetic index 3004; 0.9 s; peak memory 1137 MiB.
2026-10-02T17:14:21Z INFO [1480/1876] 271ea284-7ac0-4fbb-82a8-a064cbd39400: cophenetic index 3077; 0.7 s; peak memory 1137 MiB.
2026-10-02T17:14:21Z INFO [1481/1876] 271f68bb-b505-45f2-9a4b-20c8e264388d: cophenetic index 624; 0.7 s; peak memory 1137 MiB.
2026-10-02T17:14:23Z INFO [1482/1876] 271fdb66-3625-4a75-8617-604a00d96538: cophenetic index 2236; 2.0 s; peak memory 1137 MiB.
2026-10-02T17:14:24Z INFO [1483/1876] 272017fa-4b31-4f2c-9ce2-50e842313abf: cophenetic index 624; 0.7 s; peak memory 1137 MiB.
2026-10-02T17:14:25Z INFO [1484/1876] 27203d37-7307-479e-b45d-3da2ca5eb6b0: cophenetic index 33962; 1.0 s; peak memory 1137 MiB.
2026-10-02T17:14:28Z INFO [1485/1876] 272042c9-03af-490c-ba98-b64e179c2f44: cophenetic index 5473; 2.6 s; peak memory 1137 MiB.
2026-10-02T17:14:29Z INFO [1486/1876] 272093c4-917b-44c8-86cd-bcb46b01639c: cophenetic index 624; 0.9 s; peak memory 1137 MiB.
2026-10-02T17:14:30Z INFO [1487/1876] 2720bccb-b6cc-420e-9b97-5ed0bb70d0f4: cophenetic index 107822; 1.3 s; peak memory 1137 MiB.
2026-10-02T17:14:41Z INFO [1488/1876] 27217e4c-2ecc-45a8-8551-feeccce84451: cophenetic index 686944; 11.5 s; peak memory 1137 MiB.
2026-10-02T17:14:42Z INFO [1489/1876] 272201d5-16c4-4afb-ac47-cb29424e71ab: cophenetic index 431; 0.7 s; peak memory 1137 MiB.
2026-10-02T17:14:43Z INFO [1490/1876] 2722a18a-2da2-4eb8-87bc-2aa531329ddc: cophenetic index 624; 0.9 s; peak memory 1137 MiB.
2026-10-02T17:14:44Z INFO [1491/1876] 2723d621-3dbc-4ae2-ad20-cdf6393c8698: cophenetic index 2625; 0.9 s; peak memory 1137 MiB.
2026-10-02T17:14:51Z INFO [1492/1876] 27245806-669a-456e-bb89-4a9621022506: cophenetic index 121198; 7.4 s; peak memory 1137 MiB.
2026-10-02T17:14:52Z INFO [1493/1876] 27246f5d-4c69-4265-8a03-82d0630251bb: cophenetic index 651; 0.5 s; peak memory 1137 MiB.
2026-10-02T17:14:53Z INFO [1494/1876] 27261be8-77ca-4715-9c2a-3d3dde62c003: cophenetic index 2923; 0.8 s; peak memory 1137 MiB.
2026-10-02T17:14:53Z INFO [1495/1876] 27268702-63a3-47af-b311-ceb9f3a822e0: cophenetic index 902; 0.8 s; peak memory 1137 MiB.
2026-10-02T17:14:58Z INFO [1496/1876] 2726b761-d359-417b-a723-47e31ef8ea93: cophenetic index 6800; 4.2 s; peak memory 1137 MiB.
2026-10-02T17:14:58Z INFO [1497/1876] 2727ca51-0e84-4509-b3a4-1d14a20bf83e: cophenetic index 624; 0.8 s; peak memory 1137 MiB.
2026-10-02T17:15:01Z INFO [1498/1876] 2728be06-9b0e-422f-a16b-14fb435a0019: cophenetic index 2236; 2.4 s; peak memory 1137 MiB.
2026-10-02T17:15:02Z INFO [1499/1876] 2728c1c1-5c60-42ee-9853-4b403cc9d3a5: cophenetic index 649; 1.0 s; peak memory 1137 MiB.
2026-10-02T17:15:03Z INFO [1500/1876] 2728f70b-f9e4-4c86-bc64-6b938fd125a8: cophenetic index 33986; 1.2 s; peak memory 1137 MiB.
2026-10-02T17:15:03Z INFO [1500/1876] 2728f70b-f9e4-4c86-bc64-6b938fd125a8: checkpointed 65802 records.
2026-10-02T17:15:04Z INFO [1501/1876] 27296fcb-5e14-48b0-bf4e-1709d6b31b4d: cophenetic index 23364; 0.8 s; peak memory 1137 MiB.
2026-10-02T17:15:09Z INFO [1502/1876] 2729875e-d01f-4e05-b1be-158cad37902f: cophenetic index 5466; 4.8 s; peak memory 1137 MiB.
2026-10-02T17:15:11Z INFO [1503/1876] 272b156b-bd03-411e-bfc8-5d5d3025fffc: cophenetic index 5473; 2.2 s; peak memory 1137 MiB.
2026-10-02T17:15:11Z INFO [1504/1876] 272b6528-2f9c-47f6-afa6-651fa854de38: cophenetic index 490; 0.5 s; peak memory 1137 MiB.
2026-10-02T17:15:13Z INFO [1505/1876] 272bb071-7339-4f32-9f2c-9f3ee19e3e29: cophenetic index 4646; 1.9 s; peak memory 1137 MiB.
2026-10-02T17:15:20Z INFO [1506/1876] 272c0f09-4ec3-4779-b1bd-f1b707b9d134: cophenetic index 51780; 6.6 s; peak memory 1137 MiB.
2026-10-02T17:15:21Z INFO [1507/1876] 272c95af-c198-4967-9606-2751cb40bb49: cophenetic index 624; 0.9 s; peak memory 1137 MiB.
2026-10-02T17:15:22Z INFO [1508/1876] 272ccc05-92c4-49ba-986b-3d1f77d0151a: cophenetic index 2570; 0.9 s; peak memory 1137 MiB.
2026-10-02T17:15:24Z INFO [1509/1876] 272ce567-befb-40d4-9e0f-7adc52e145c3: cophenetic index 2469; 2.5 s; peak memory 1137 MiB.
2026-10-02T17:15:26Z INFO [1510/1876] 272cebf2-cb01-4be8-a7a2-f85c37edde5c: cophenetic index 2402; 1.7 s; peak memory 1137 MiB.
2026-10-02T17:15:27Z INFO [1511/1876] 272d49c5-323b-45d5-ac11-285114909c4c: cophenetic index 23272; 0.9 s; peak memory 1137 MiB.
2026-10-02T17:15:29Z INFO [1512/1876] 272dcb87-9e70-493a-b2c3-4d4db8189957: cophenetic index 2402; 2.1 s; peak memory 1137 MiB.
2026-10-02T17:15:30Z INFO [1513/1876] 272ea356-f278-49e5-97f5-8bac947f38da: cophenetic index 624; 1.0 s; peak memory 1137 MiB.
2026-10-02T17:15:31Z INFO [1514/1876] 272ee21d-131e-4a63-850f-132af90dbf05: cophenetic index 1578; 1.0 s; peak memory 1137 MiB.
2026-10-02T17:15:36Z INFO [1515/1876] 272eec3d-e8a2-43b3-b31e-7dab1d8ba51e: cophenetic index 86313; 4.9 s; peak memory 1137 MiB.
2026-10-02T17:15:37Z INFO [1516/1876] 272f0d49-4981-4fe2-8935-768bb46884b6: cophenetic index 2625; 1.1 s; peak memory 1137 MiB.
2026-10-02T17:15:46Z INFO [1517/1876] 272f3cd0-bf18-4e17-8fe7-32cdad261dfe: cophenetic index 741781; 9.2 s; peak memory 1137 MiB.
2026-10-02T17:15:47Z INFO [1518/1876] 273312d0-4abf-428c-a456-f02ff748739a: cophenetic index 2625; 1.0 s; peak memory 1137 MiB.
2026-10-02T17:15:48Z INFO [1519/1876] 27335381-9109-4f00-8dfb-279bb078c2ee: cophenetic index 624; 0.8 s; peak memory 1137 MiB.
2026-10-02T17:15:49Z INFO [1520/1876] 2734ac25-dec9-436f-8eed-144edcf8c04c: cophenetic index 2625; 1.2 s; peak memory 1137 MiB.
2026-10-02T17:16:10Z INFO [1521/1876] 2734ee3b-2b3b-428b-a03c-6e12cc20794e: cophenetic index 58288; 21.0 s; peak memory 1137 MiB.
2026-10-02T17:16:11Z INFO [1522/1876] 27359f2c-269c-42e1-ab5c-da9cab74f61d: cophenetic index 1751; 0.9 s; peak memory 1137 MiB.
2026-10-02T17:16:12Z INFO [1523/1876] 2735a86c-61cf-45fe-afdc-8ddd4f51d488: cophenetic index 490; 0.8 s; peak memory 1137 MiB.
2026-10-02T17:17:37Z INFO [1524/1876] 273683e0-cd6b-4549-9cd8-d56d965ea754: cophenetic index 36030552; 85.7 s; peak memory 1137 MiB.
2026-10-02T17:17:38Z INFO [1525/1876] 2736d5a9-52c3-45be-b1f4-6cb0e2eadabe: cophenetic index 624; 0.7 s; peak memory 1137 MiB.
2026-10-02T17:17:40Z INFO [1526/1876] 27370186-1ff8-4e68-b8ad-f369586a4e5d: cophenetic index 2391; 1.7 s; peak memory 1137 MiB.
2026-10-02T17:17:49Z INFO [1527/1876] 27380997-9b9c-4331-8725-90b4615d3a65: cophenetic index 98959; 9.4 s; peak memory 1137 MiB.
2026-10-02T17:17:50Z INFO [1528/1876] 2738ae11-039f-4f0c-b2f8-3ba780b5c154: cophenetic index 490; 0.6 s; peak memory 1137 MiB.
2026-10-02T17:17:51Z INFO [1529/1876] 2738fcf7-2da4-406f-bf4f-efd140d47365: cophenetic index 620; 1.4 s; peak memory 1137 MiB.
2026-10-02T17:17:52Z INFO [1530/1876] 273993de-fa0d-4752-96c7-6b5e8b01aed4: cophenetic index 554; 1.0 s; peak memory 1137 MiB.
2026-10-02T17:17:57Z INFO [1531/1876] 273a7751-b72b-4551-910c-f676c741e40d: cophenetic index 5567; 4.5 s; peak memory 1137 MiB.
2026-10-02T17:18:04Z INFO [1532/1876] 273b097e-4a9b-4d2c-90ef-7d5cfb6838c3: cophenetic index 90801; 7.4 s; peak memory 1137 MiB.
2026-10-02T17:18:05Z INFO [1533/1876] 273b58b9-76d3-4c43-9a9c-2fde570bde21: cophenetic index 3004; 1.0 s; peak memory 1137 MiB.
2026-10-02T17:18:05Z INFO [1534/1876] 273c5a23-2ce2-4bf0-aab7-1c59e682cc52: cophenetic index 401; 0.6 s; peak memory 1137 MiB.
2026-10-02T17:18:06Z INFO [1535/1876] 273ceba9-e94c-49c1-bfb3-a08288be9d72: cophenetic index 164; 0.6 s; peak memory 1137 MiB.
2026-10-02T17:18:09Z INFO [1536/1876] 273d0572-db71-4633-89df-2284994881b4: cophenetic index 2609; 2.5 s; peak memory 1137 MiB.
2026-10-02T17:18:09Z INFO [1537/1876] 273dfd54-583e-4b4c-b0e1-747261f87b8c: cophenetic index 2570; 0.9 s; peak memory 1137 MiB.
2026-10-02T17:18:11Z INFO [1538/1876] 273e3c82-8cff-453e-a1e2-3e71704e11d6: cophenetic index 1614; 1.4 s; peak memory 1137 MiB.
2026-10-02T17:18:11Z INFO [1539/1876] 273e4b10-707f-410d-9eb5-095ec1d0b058: cophenetic index 733; 0.6 s; peak memory 1137 MiB.
2026-10-02T17:18:12Z INFO [1540/1876] 273e6571-4c2e-4ad8-890d-47fe35d9a693: cophenetic index 624; 0.8 s; peak memory 1137 MiB.
2026-10-02T17:18:13Z INFO [1541/1876] 273e85f9-954c-4eeb-bbb9-b019c86d36a8: cophenetic index 431; 0.9 s; peak memory 1137 MiB.
2026-10-02T17:18:14Z INFO [1542/1876] 273e890d-fae8-472f-80d9-e4950d60804b: cophenetic index 3004; 1.0 s; peak memory 1137 MiB.
2026-10-02T17:18:28Z INFO [1543/1876] 273e913d-ed64-4df4-987e-3d9d4394de60: cophenetic index 42708; 13.6 s; peak memory 1137 MiB.
2026-10-02T17:18:29Z INFO [1544/1876] 273edb1c-399e-414c-a11d-06cca1954eaa: cophenetic index 4950; 1.6 s; peak memory 1137 MiB.
2026-10-02T17:18:31Z INFO [1545/1876] 273f54f1-9d4d-49a9-a399-4ea5612ab782: cophenetic index 684; 1.3 s; peak memory 1137 MiB.
2026-10-02T17:18:31Z INFO [1546/1876] 273f9bfd-3d75-4487-8b0e-e450186019b5: cophenetic index 543; 0.7 s; peak memory 1137 MiB.
2026-10-02T17:18:36Z INFO [1547/1876] 2741fca2-430f-4b2d-9559-fbf01800b2b4: cophenetic index 48399; 4.4 s; peak memory 1137 MiB.
2026-10-02T17:18:37Z INFO [1548/1876] 2742fb2e-e660-4576-9d51-1fd5bf4d3218: cophenetic index 649; 0.9 s; peak memory 1137 MiB.
2026-10-02T17:18:37Z INFO [1549/1876] 2743f57e-738a-40de-ab45-ca5f5a85802e: cophenetic index 2625; 0.9 s; peak memory 1137 MiB.
2026-10-02T17:18:38Z INFO [1550/1876] 2744625a-5dd5-40ea-a1d3-760e977f9a41: cophenetic index 624; 0.8 s; peak memory 1137 MiB.
2026-10-02T17:18:38Z INFO [1550/1876] 2744625a-5dd5-40ea-a1d3-760e977f9a41: checkpointed 65852 records.
2026-10-02T17:18:39Z INFO [1551/1876] 274467bc-f064-48ea-9658-85eb2e865031: cophenetic index 446; 0.7 s; peak memory 1137 MiB.
2026-10-02T17:18:40Z INFO [1552/1876] 2744f758-1416-424a-a9e8-b7f5cf69e201: cophenetic index 605; 1.1 s; peak memory 1137 MiB.
2026-10-02T17:18:41Z INFO [1553/1876] 27463c0c-52f3-4d40-989b-7f1d850121c5: cophenetic index 624; 0.9 s; peak memory 1137 MiB.
2026-10-02T17:18:42Z INFO [1554/1876] 27467967-cba5-4754-bb54-1a75740e2cff: cophenetic index 2625; 1.0 s; peak memory 1137 MiB.
2026-10-02T17:18:43Z INFO [1555/1876] 27468882-3013-4e82-9f4a-ce0adb0e7f95: cophenetic index 624; 0.8 s; peak memory 1137 MiB.
2026-10-02T17:18:44Z INFO [1556/1876] 27472988-3112-4c1c-b29a-5a1bd2809695: cophenetic index 2625; 1.0 s; peak memory 1137 MiB.
2026-10-02T17:18:51Z INFO [1557/1876] 27476baf-0ffc-479f-a5e3-896d445c224c: cophenetic index 432046; 6.9 s; peak memory 1137 MiB.
2026-10-02T17:18:52Z INFO [1558/1876] 274777d3-7a32-4a47-bfef-a29a5628efb6: cophenetic index 2625; 1.1 s; peak memory 1137 MiB.
2026-10-02T17:18:57Z INFO [1559/1876] 2747f9cb-6a6b-40df-8cb2-9bbdb1633d9e: cophenetic index 87573; 5.0 s; peak memory 1137 MiB.
2026-10-02T17:18:58Z INFO [1560/1876] 27485da7-670d-4d06-b0db-1410809c3ba9: cophenetic index 581; 1.3 s; peak memory 1137 MiB.
2026-10-02T17:18:59Z INFO [1561/1876] 2748874a-6083-4709-b88d-3e6884045917: cophenetic index 1265; 0.7 s; peak memory 1137 MiB.
2026-10-02T17:19:00Z INFO [1562/1876] 2748ad2c-721d-457c-a17e-3cc73f8049ea: cophenetic index 3004; 0.9 s; peak memory 1137 MiB.
2026-10-02T17:19:01Z INFO [1563/1876] 2748f40a-5cd9-486d-aca0-1eeef514e61e: cophenetic index 3004; 0.9 s; peak memory 1137 MiB.
2026-10-02T17:19:02Z INFO [1564/1876] 27493543-2ef8-48d8-ba72-7705b10525df: cophenetic index 2625; 1.0 s; peak memory 1137 MiB.
2026-10-02T17:19:03Z INFO [1565/1876] 2749a0a4-0b48-4af1-8f0d-9bbc78e7b263: cophenetic index 6100; 1.2 s; peak memory 1137 MiB.
2026-10-02T17:19:07Z INFO [1566/1876] 2749eca2-8270-4ca2-9d4f-64b90d7f5373: cophenetic index 6715; 4.5 s; peak memory 1137 MiB.
2026-10-02T17:19:11Z INFO [1567/1876] 274a2392-d81f-46c0-933f-4730986bead3: cophenetic index 55520; 4.0 s; peak memory 1137 MiB.
2026-10-02T17:19:12Z INFO [1568/1876] 274a557d-4962-4cdf-99e4-c4a4cc1368d4: cophenetic index 624; 0.9 s; peak memory 1137 MiB.
2026-10-02T17:19:13Z INFO [1569/1876] 274b4569-5721-45e3-af17-45b17a8a5a9a: cophenetic index 937; 1.1 s; peak memory 1137 MiB.
2026-10-02T17:19:14Z INFO [1570/1876] 274bc987-30e5-4e81-8324-cc607c33a6b4: cophenetic index 651; 0.6 s; peak memory 1137 MiB.
2026-10-02T17:19:15Z INFO [1571/1876] 274bcc9d-4e5e-4830-b22a-9bc5d7cc7146: cophenetic index 3004; 1.1 s; peak memory 1137 MiB.
2026-10-02T17:19:16Z INFO [1572/1876] 274c8802-ee49-4766-bfb4-cd0f9e8e6889: cophenetic index 624; 0.7 s; peak memory 1137 MiB.
2026-10-02T17:19:20Z INFO [1573/1876] 274d6eba-b527-4fb3-a1bc-3b73d64ee008: cophenetic index 44438; 4.2 s; peak memory 1137 MiB.
2026-10-02T17:19:21Z INFO [1574/1876] 274dcd55-c986-4427-a62b-376ef07b15f5: cophenetic index 2625; 1.1 s; peak memory 1137 MiB.
2026-10-02T17:19:23Z INFO [1575/1876] 274e6717-bc40-4d1f-886b-0ec8a404332c: cophenetic index 972; 1.5 s; peak memory 1137 MiB.
2026-10-02T17:19:24Z INFO [1576/1876] 274efb37-3071-41a1-a82c-ebf9c255734e: cophenetic index 1614; 1.0 s; peak memory 1137 MiB.
2026-10-02T17:19:25Z INFO [1577/1876] 274f610c-d8b2-4b5a-81c5-dda7a85ff80c: cophenetic index 2570; 1.3 s; peak memory 1137 MiB.
2026-10-02T17:19:26Z INFO [1578/1876] 274f65e0-3da8-4fc4-8df4-d351a0de4f66: cophenetic index 431; 1.1 s; peak memory 1137 MiB.
2026-10-02T17:19:31Z INFO [1579/1876] 274f82e9-99ae-4953-97a9-73a3e1d1454a: cophenetic index 87573; 4.8 s; peak memory 1137 MiB.
2026-10-02T17:19:32Z INFO [1580/1876] 2750094c-cc02-4525-a80f-22dda794f6c8: cophenetic index 2625; 1.0 s; peak memory 1137 MiB.
2026-10-02T17:19:33Z INFO [1581/1876] 27501cd4-c781-49f8-81b3-a3640b24a32b: cophenetic index 23370; 1.0 s; peak memory 1137 MiB.
2026-10-02T17:19:33Z INFO [1582/1876] 27501d4d-4664-4986-b9c7-5fdfbb7eb2a2: cophenetic index 762; 0.5 s; peak memory 1137 MiB.
2026-10-02T17:19:34Z INFO [1583/1876] 275071f9-fbd0-4348-8dd4-b9d37f83af6f: cophenetic index 624; 0.9 s; peak memory 1137 MiB.
2026-10-02T17:19:35Z INFO [1584/1876] 2751dc4b-1f62-4527-b3cd-ba612a072204: cophenetic index 649; 0.9 s; peak memory 1137 MiB.
2026-10-02T17:19:35Z INFO [1585/1876] 2752436c-8533-417d-af26-cc990d085605: cophenetic index 490; 0.5 s; peak memory 1137 MiB.
2026-10-02T17:19:37Z INFO [1586/1876] 2752fed3-d42d-43f9-a4e9-03588ba5c60b: cophenetic index 33998; 1.5 s; peak memory 1137 MiB.
2026-10-02T17:19:38Z INFO [1587/1876] 2753b871-b49a-4acc-9ab2-7bbbc44ccb84: cophenetic index 624; 0.8 s; peak memory 1137 MiB.
2026-10-02T17:19:39Z INFO [1588/1876] 27546a53-542b-46d2-ada6-e60c21e6da4d: cophenetic index 766; 1.0 s; peak memory 1137 MiB.
2026-10-02T17:19:39Z INFO [1589/1876] 2754e658-4c8b-454b-bdaa-5ad70a134f28: cophenetic index 433; 0.6 s; peak memory 1137 MiB.
2026-10-02T17:19:40Z INFO [1590/1876] 275546b3-e8dc-4159-84dd-b7a61e54f112: cophenetic index 624; 0.7 s; peak memory 1137 MiB.
2026-10-02T17:19:41Z INFO [1591/1876] 275562c5-a0f5-488b-a16b-2b8d9b7254bc: cophenetic index 624; 0.7 s; peak memory 1137 MiB.
2026-10-02T17:19:42Z INFO [1592/1876] 2755f8eb-f7fa-40d6-a000-f1bd0ab75faa: cophenetic index 2625; 1.1 s; peak memory 1137 MiB.
2026-10-02T17:19:43Z INFO [1593/1876] 2755f946-5ad6-4561-8c22-b7d2979a19ff: cophenetic index 33962; 1.2 s; peak memory 1137 MiB.
2026-10-02T17:19:44Z INFO [1594/1876] 275663db-9504-464e-be81-8fce5ae46dde: cophenetic index 624; 0.8 s; peak memory 1137 MiB.
2026-10-02T17:19:45Z INFO [1595/1876] 27567c63-5d3d-438a-bf07-ec743fb40a64: cophenetic index 624; 1.0 s; peak memory 1137 MiB.
2026-10-02T17:19:56Z INFO [1596/1876] 2756e03a-4227-4fbc-86be-7faade24da6d: cophenetic index 14507294; 11.0 s; peak memory 1137 MiB.
2026-10-02T17:19:57Z INFO [1597/1876] 275714e4-fd2f-40bd-83f4-6a95a7a0b33a: cophenetic index 2974; 0.9 s; peak memory 1137 MiB.
2026-10-02T17:20:00Z INFO [1598/1876] 27576cfb-4ac8-487c-ab6f-fcb9983bef3e: cophenetic index 55262; 3.6 s; peak memory 1137 MiB.
2026-10-02T17:20:01Z INFO [1599/1876] 2757e10a-5f57-488e-b966-2c18f3672f4c: cophenetic index 624; 0.9 s; peak memory 1137 MiB.
2026-10-02T17:20:02Z INFO [1600/1876] 2757ed13-3f40-4ace-94b6-1b52f1a24232: cophenetic index 884; 1.2 s; peak memory 1137 MiB.
2026-10-02T17:20:02Z INFO [1600/1876] 2757ed13-3f40-4ace-94b6-1b52f1a24232: checkpointed 65902 records.
2026-10-02T17:20:08Z INFO [1601/1876] 27588408-b597-4135-975b-9d428db00239: cophenetic index 105425; 6.1 s; peak memory 1137 MiB.
2026-10-02T17:20:09Z INFO [1602/1876] 2758b777-2340-4ffd-8a69-099202282053: cophenetic index 581; 0.9 s; peak memory 1137 MiB.
2026-10-02T17:20:10Z INFO [1603/1876] 27595c99-b452-4445-a829-4621c297d598: cophenetic index 624; 0.8 s; peak memory 1137 MiB.
2026-10-02T17:20:11Z INFO [1604/1876] 275a77f5-3ad5-4c6f-9f97-37baa711113d: cophenetic index 624; 0.6 s; peak memory 1137 MiB.
2026-10-02T17:20:20Z INFO [1605/1876] 275af013-3c6e-4a38-b0c3-680294671ea2: cophenetic index 51243; 8.9 s; peak memory 1137 MiB.
2026-10-02T17:20:21Z INFO [1606/1876] 275b01e7-1391-4d2a-bfde-2dbcf3e9886c: cophenetic index 581; 0.7 s; peak memory 1137 MiB.
2026-10-02T17:20:22Z INFO [1607/1876] 275b6bf0-db11-4dc4-9869-26c5c0ed6ab5: cophenetic index 605; 1.0 s; peak memory 1137 MiB.
2026-10-02T17:20:22Z INFO [1608/1876] 275c4012-cdd1-416e-a64c-e6aaa343d10c: cophenetic index 431; 0.7 s; peak memory 1137 MiB.
2026-10-02T17:20:23Z INFO [1609/1876] 275c5911-e627-4de9-9de7-25ce817a64a6: cophenetic index 624; 0.8 s; peak memory 1137 MiB.
2026-10-02T17:20:25Z INFO [1610/1876] 275c9156-a652-4a01-866c-12d3b58cbcce: cophenetic index 5473; 2.1 s; peak memory 1137 MiB.
2026-10-02T17:20:26Z INFO [1611/1876] 275ca6d0-9fff-488b-9583-6e3339367967: cophenetic index 3004; 1.0 s; peak memory 1137 MiB.
2026-10-02T17:20:27Z INFO [1612/1876] 275cf69d-9729-4d9d-b513-c63a0aee0777: cophenetic index 624; 0.8 s; peak memory 1137 MiB.
2026-10-02T17:20:30Z INFO [1613/1876] 275e0aae-5c90-4637-afff-3944f319762c: cophenetic index 4849; 2.8 s; peak memory 1137 MiB.
2026-10-02T17:20:30Z INFO [1614/1876] 275e6272-a573-4729-bec3-c7b419856a3e: cophenetic index 490; 0.6 s; peak memory 1137 MiB.
2026-10-02T17:20:31Z INFO [1615/1876] 275ea8cb-093c-471c-8e8c-2192e8ea71c2: cophenetic index 624; 0.8 s; peak memory 1137 MiB.
2026-10-02T17:20:32Z INFO [1616/1876] 275eba8a-071d-4407-b061-f3ec371995d3: cophenetic index 624; 0.8 s; peak memory 1137 MiB.
2026-10-02T17:20:36Z INFO [1617/1876] 275f521d-4863-4e7a-a523-291ecf8f0457: cophenetic index 41172; 4.1 s; peak memory 1137 MiB.
2026-10-02T17:20:36Z INFO [1618/1876] 275fe2f2-6d0c-4c86-aa42-75a724d5e03f: cophenetic index 761; 0.6 s; peak memory 1137 MiB.
2026-10-02T17:20:39Z INFO [1619/1876] 27603a55-a5a8-44e5-8b72-f59e3fce66aa: cophenetic index 2069; 2.3 s; peak memory 1137 MiB.
2026-10-02T17:20:44Z INFO [1620/1876] 27604021-7b0b-4cca-9c61-de3fb473bae3: cophenetic index 33285; 4.8 s; peak memory 1137 MiB.
2026-10-02T17:20:44Z INFO [1621/1876] 2760958a-92e6-43ae-8626-68ac4814744c: cophenetic index 490; 0.5 s; peak memory 1137 MiB.
2026-10-02T17:20:45Z INFO [1622/1876] 2760b3f8-e89f-46af-8243-f584bb27ae3a: cophenetic index 3004; 0.9 s; peak memory 1137 MiB.
2026-10-02T17:20:47Z INFO [1623/1876] 27614a45-83aa-4066-9118-e2d80db4d73c: cophenetic index 2682; 1.6 s; peak memory 1137 MiB.
2026-10-02T17:20:48Z INFO [1624/1876] 2761b29b-b53b-4d61-a24f-b4012183b7d6: cophenetic index 3004; 0.9 s; peak memory 1137 MiB.
2026-10-02T17:20:48Z INFO [1625/1876] 27624ce6-4759-4c64-98f6-f6c6f57761fa: cophenetic index 624; 0.8 s; peak memory 1137 MiB.
2026-10-02T17:20:49Z INFO [1626/1876] 27628af1-11b9-4169-84c6-a4d93cb7360a: cophenetic index 3004; 0.9 s; peak memory 1137 MiB.
2026-10-02T17:20:52Z INFO [1627/1876] 2763c8e4-fbe5-4f8d-8d7f-d7af782c8771: cophenetic index 331274; 2.4 s; peak memory 1137 MiB.
2026-10-02T17:20:52Z INFO [1628/1876] 2764c177-58df-42b3-8781-964551765d8f: cophenetic index 560; 0.7 s; peak memory 1137 MiB.
2026-10-02T17:20:53Z INFO [1629/1876] 2765600b-9d6d-41bc-aec1-548d676d6ba8: cophenetic index 2424; 1.2 s; peak memory 1137 MiB.
2026-10-02T17:20:54Z INFO [1630/1876] 2765f2eb-6209-4cc9-a7a3-eec683d22ce1: cophenetic index 2625; 0.9 s; peak memory 1137 MiB.
2026-10-02T17:20:55Z INFO [1631/1876] 2766523f-629b-43b6-8f43-fb0e337cd5aa: cophenetic index 937; 0.9 s; peak memory 1137 MiB.
2026-10-02T17:20:56Z INFO [1632/1876] 27666537-eef7-4e7e-bd5c-d05803ea9fc3: cophenetic index 1851; 0.7 s; peak memory 1137 MiB.
2026-10-02T17:21:00Z INFO [1633/1876] 27683831-47f0-46e6-8a48-df2a2807d43a: cophenetic index 20638; 4.1 s; peak memory 1137 MiB.
2026-10-02T17:21:02Z INFO [1634/1876] 276870bd-f057-4d5b-8fe4-b107419e4776: cophenetic index 326483; 2.1 s; peak memory 1137 MiB.
2026-10-02T17:21:03Z INFO [1635/1876] 2768c2b5-7307-42d4-a140-a4a456e63133: cophenetic index 527; 0.6 s; peak memory 1137 MiB.
2026-10-02T17:21:03Z INFO [1636/1876] 276928c8-d033-42aa-be25-4aa5834d3502: cophenetic index 624; 0.7 s; peak memory 1137 MiB.
2026-10-02T17:21:04Z INFO [1637/1876] 276975ce-9995-4625-bd86-71c770fbeb3c: cophenetic index 624; 0.8 s; peak memory 1137 MiB.
2026-10-02T17:21:05Z INFO [1638/1876] 276a57e2-dee9-41c3-8075-e942f37f2823: cophenetic index 560; 0.6 s; peak memory 1137 MiB.
2026-10-02T17:21:06Z INFO [1639/1876] 276a731a-043c-4caf-8154-9f69a40ddd04: cophenetic index 879; 1.2 s; peak memory 1137 MiB.
2026-10-02T17:21:08Z INFO [1640/1876] 276ada99-9d02-46e3-866f-78368e4dd402: cophenetic index 1475; 1.7 s; peak memory 1137 MiB.
2026-10-02T17:21:15Z INFO [1641/1876] 276b6e0d-2a77-4111-89b2-2e05e6af959c: cophenetic index 85585; 7.1 s; peak memory 1137 MiB.
2026-10-02T17:21:16Z INFO [1642/1876] 276b9858-0105-42ab-afa6-13693f2003a0: cophenetic index 624; 0.8 s; peak memory 1137 MiB.
2026-10-02T17:21:16Z INFO [1643/1876] 276bac96-d6a7-4214-b8be-25aa8d0a0f27: cophenetic index 3004; 0.7 s; peak memory 1137 MiB.
2026-10-02T17:21:23Z INFO [1644/1876] 276c98c7-2ff8-44a4-b9f5-221d50fd97eb: cophenetic index 154035; 7.2 s; peak memory 1137 MiB.
2026-10-02T17:21:24Z INFO [1645/1876] 276d1f2e-74f0-43b9-88be-97af8c381e87: cophenetic index 624; 0.8 s; peak memory 1137 MiB.
2026-10-02T17:21:25Z INFO [1646/1876] 276d54d5-fc5e-4583-a665-379517baba4d: cophenetic index 3004; 0.9 s; peak memory 1137 MiB.
2026-10-02T17:21:27Z INFO [1647/1876] 276d94dd-6608-4195-b5e4-d5e8477265c8: cophenetic index 2625; 1.4 s; peak memory 1137 MiB.
2026-10-02T17:21:30Z INFO [1648/1876] 276dc59f-8b5c-4038-a54d-78b67f68fd3a: cophenetic index 55256; 3.8 s; peak memory 1137 MiB.
2026-10-02T17:21:31Z INFO [1649/1876] 276df5ec-13e4-4b66-ad0b-c6ef6a9596f8: cophenetic index 490; 0.5 s; peak memory 1137 MiB.
2026-10-02T17:21:32Z INFO [1650/1876] 276e757b-5b27-45d1-9103-1d976cc3801d: cophenetic index 99150; 1.4 s; peak memory 1137 MiB.
2026-10-02T17:21:32Z INFO [1650/1876] 276e757b-5b27-45d1-9103-1d976cc3801d: checkpointed 65952 records.
2026-10-02T17:21:34Z INFO [1651/1876] 276eff21-f1be-4f44-946e-8a2816e19414: cophenetic index 797; 1.6 s; peak memory 1137 MiB.
2026-10-02T17:21:35Z INFO [1652/1876] 276f0bfb-3909-4d01-9aa0-c5bd1fe05dec: cophenetic index 624; 0.9 s; peak memory 1137 MiB.
2026-10-02T17:21:36Z INFO [1653/1876] 276f3ad2-4342-4815-b8af-95b96155bb85: cophenetic index 624; 0.8 s; peak memory 1137 MiB.
2026-10-02T17:21:36Z INFO [1654/1876] 276fa5e8-6b3b-4798-918e-4fd4eebac252: cophenetic index 624; 0.6 s; peak memory 1137 MiB.
2026-10-02T17:21:37Z INFO [1655/1876] 27715edd-ee35-453c-b32e-452846d007ae: cophenetic index 797; 1.3 s; peak memory 1137 MiB.
2026-10-02T17:21:38Z INFO [1656/1876] 27717980-b73f-473b-abc4-73536345259d: cophenetic index 624; 0.7 s; peak memory 1137 MiB.
2026-10-02T17:21:39Z INFO [1657/1876] 2771a63d-172f-4606-8e0c-cc0795c21dfd: cophenetic index 624; 0.7 s; peak memory 1137 MiB.
2026-10-02T17:21:40Z INFO [1658/1876] 2771beaa-a08e-419c-9ddb-20b8add88068: cophenetic index 624; 0.8 s; peak memory 1137 MiB.
2026-10-02T17:21:41Z INFO [1659/1876] 27725078-6ef9-4769-80b8-66244ba7e0e4: cophenetic index 3087; 0.9 s; peak memory 1137 MiB.
2026-10-02T17:21:41Z INFO [1660/1876] 2772dfd0-ccab-4aee-9040-0e4c41674e8c: cophenetic index 624; 0.7 s; peak memory 1137 MiB.
2026-10-02T17:21:42Z INFO [1661/1876] 27731211-698f-4c29-9b70-31423ce2317e: cophenetic index 624; 0.8 s; peak memory 1137 MiB.
2026-10-02T17:21:43Z INFO [1662/1876] 2773b6c7-b38c-4843-ba27-d81b0eddb087: cophenetic index 413; 0.8 s; peak memory 1137 MiB.
2026-10-02T17:21:44Z INFO [1663/1876] 27741e82-f912-4d0a-a167-d95749792b19: cophenetic index 624; 0.8 s; peak memory 1137 MiB.
2026-10-02T17:21:44Z INFO [1664/1876] 27744974-920c-46fb-8326-e9c05f0fc8b3: cophenetic index 490; 0.6 s; peak memory 1137 MiB.
2026-10-02T17:21:45Z INFO [1665/1876] 2774fc46-7439-4dfe-9e55-0aa13f33e715: cophenetic index 446; 0.5 s; peak memory 1137 MiB.
2026-10-02T17:21:46Z INFO [1666/1876] 2776508b-89ca-4e15-b3ec-9b9058986b99: cophenetic index 30304; 0.9 s; peak memory 1137 MiB.
2026-10-02T17:21:46Z INFO [1667/1876] 27775686-d4c2-486a-8d78-f094492e3167: cophenetic index 624; 0.8 s; peak memory 1137 MiB.
2026-10-02T17:21:47Z INFO [1668/1876] 2777fbb3-e608-4483-b3ec-1ab8ca1ef900: cophenetic index 2923; 0.8 s; peak memory 1137 MiB.
2026-10-02T17:21:52Z INFO [1669/1876] 27780321-56b1-4808-ac65-968dcdf78f22: cophenetic index 182868; 5.2 s; peak memory 1137 MiB.
2026-10-02T17:21:53Z INFO [1670/1876] 2778b29e-a7c5-4ee7-bc3a-6c4bba45e9fb: cophenetic index 624; 0.8 s; peak memory 1137 MiB.
2026-10-02T17:21:59Z INFO [1671/1876] 2778b7c4-8717-4cda-a364-82c8a6a9ded0: cophenetic index 58937; 5.6 s; peak memory 1137 MiB.
2026-10-02T17:22:02Z INFO [1672/1876] 2778d2de-24b9-4e55-b25c-df93f6e5ffce: cophenetic index 3045; 2.9 s; peak memory 1137 MiB.
2026-10-02T17:22:02Z INFO [1673/1876] 2779970d-f814-45c8-89e8-fbc6f9daf40b: cophenetic index 624; 0.7 s; peak memory 1137 MiB.
2026-10-02T17:22:03Z INFO [1674/1876] 2779b127-1382-4a15-b4ed-31e4a68d0af8: cophenetic index 486; 0.8 s; peak memory 1137 MiB.
2026-10-02T17:22:04Z INFO [1675/1876] 277a2dbd-be8a-4b49-b0ef-e054a7d961cc: cophenetic index 490; 0.5 s; peak memory 1137 MiB.
2026-10-02T17:22:05Z INFO [1676/1876] 277a56f4-8e13-4d0a-aa66-430d02685694: cophenetic index 949; 1.4 s; peak memory 1137 MiB.
2026-10-02T17:22:06Z INFO [1677/1876] 277a7151-aa77-4d21-9a95-632c0bdbdc19: cophenetic index 791; 1.3 s; peak memory 1137 MiB.
2026-10-02T17:22:10Z INFO [1678/1876] 277ae2fe-730a-4a9c-95c6-6687cd633fff: cophenetic index 63728; 3.9 s; peak memory 1137 MiB.
2026-10-02T17:22:11Z INFO [1679/1876] 277affc4-2401-4746-81dd-30c3ffad63c8: cophenetic index 3004; 0.9 s; peak memory 1137 MiB.
2026-10-02T17:22:12Z INFO [1680/1876] 277b3acc-3fd7-49c7-bcc9-dc22fad0aacb: cophenetic index 624; 0.7 s; peak memory 1137 MiB.
2026-10-02T17:22:14Z INFO [1681/1876] 277b3ba9-c7ae-4b75-bffe-d6bc2cf65ff6: cophenetic index 688; 1.9 s; peak memory 1137 MiB.
2026-10-02T17:22:15Z INFO [1682/1876] 277bc936-dbec-4051-8d0a-8aa8425dfc41: cophenetic index 624; 0.9 s; peak memory 1137 MiB.
2026-10-02T17:22:17Z INFO [1683/1876] 277bf207-2536-4f47-9cf3-434d879ac467: cophenetic index 1179; 1.9 s; peak memory 1137 MiB.
2026-10-02T17:22:18Z INFO [1684/1876] 277cc526-568b-4d56-8e2e-da65da5fd6b6: cophenetic index 2570; 1.5 s; peak memory 1137 MiB.
2026-10-02T17:22:19Z INFO [1685/1876] 277ddcd9-5280-4465-8b5b-d7900ee38487: cophenetic index 624; 0.9 s; peak memory 1137 MiB.
2026-10-02T17:22:26Z INFO [1686/1876] 277deb65-36e7-468e-954f-2b8575232842: cophenetic index 143974; 7.4 s; peak memory 1137 MiB.
2026-10-02T17:22:27Z INFO [1687/1876] 277e16f2-1231-4f22-8761-3e2e57cb6011: cophenetic index 624; 0.9 s; peak memory 1137 MiB.
2026-10-02T17:22:28Z INFO [1688/1876] 277e1c13-8e44-4c60-8287-d6f82f30cf39: cophenetic index 448; 0.7 s; peak memory 1137 MiB.
2026-10-02T17:22:30Z INFO [1689/1876] 277e97d6-3152-4b14-996d-2b310d8827bb: cophenetic index 2088; 1.6 s; peak memory 1137 MiB.
2026-10-02T17:22:31Z INFO [1690/1876] 277edee6-3beb-4f90-aa9b-aa50b6165e0d: cophenetic index 33968; 1.2 s; peak memory 1137 MiB.
2026-10-02T17:22:32Z INFO [1691/1876] 277f52ad-67e1-43d8-82e9-c0a568905f30: cophenetic index 1380; 1.4 s; peak memory 1137 MiB.
2026-10-02T17:22:33Z INFO [1692/1876] 277f76ff-832d-452d-8a03-513417702949: cophenetic index 1192; 0.6 s; peak memory 1137 MiB.
2026-10-02T17:22:34Z INFO [1693/1876] 277fac3b-30fb-4612-ae6b-4a42ab628fb6: cophenetic index 624; 0.7 s; peak memory 1137 MiB.
2026-10-02T17:22:35Z INFO [1694/1876] 277fc9dd-7b56-4f9e-972e-e22c034f3152: cophenetic index 2105; 1.7 s; peak memory 1137 MiB.
2026-10-02T17:22:36Z INFO [1695/1876] 277fcc02-6ebd-4001-9654-a736474ee4a6: cophenetic index 605; 0.8 s; peak memory 1137 MiB.
2026-10-02T17:22:42Z INFO [1696/1876] 278025c3-00bd-445e-83c3-2e99f09eecac: cophenetic index 48665; 6.0 s; peak memory 1137 MiB.
2026-10-02T17:22:43Z INFO [1697/1876] 278089f2-260c-433e-9b47-9f37cf00f878: cophenetic index 605; 1.2 s; peak memory 1137 MiB.
2026-10-02T17:22:44Z INFO [1698/1876] 278200de-ef28-4781-abdd-fdc0ebb5a41b: cophenetic index 3057; 1.0 s; peak memory 1137 MiB.
2026-10-02T17:22:51Z INFO [1699/1876] 27822ea1-6ecc-45d4-87e9-ffa1485746aa: cophenetic index 34380; 6.5 s; peak memory 1137 MiB.
2026-10-02T17:22:52Z INFO [1700/1876] 27849ac3-40cf-4fd5-9bbf-5c1d44878700: cophenetic index 99150; 1.1 s; peak memory 1137 MiB.
2026-10-02T17:22:52Z INFO [1700/1876] 27849ac3-40cf-4fd5-9bbf-5c1d44878700: checkpointed 66002 records.
2026-10-02T17:22:58Z INFO [1701/1876] 2784ea4d-e024-4a82-b7c4-117d9d70fb0c: cophenetic index 193977; 5.5 s; peak memory 1137 MiB.
2026-10-02T17:22:58Z INFO [1702/1876] 27850b52-4439-491d-b13a-cf311401a9d5: cophenetic index 624; 0.9 s; peak memory 1137 MiB.
2026-10-02T17:22:59Z INFO [1703/1876] 2785a6a7-a9dc-4b3d-bb3b-4d429a2196d6: cophenetic index 624; 0.8 s; peak memory 1137 MiB.
2026-10-02T17:23:00Z INFO [1704/1876] 27870c65-b7c3-4da8-8bf9-0c5946ee8ffc: cophenetic index 649; 0.9 s; peak memory 1137 MiB.
2026-10-02T17:23:01Z INFO [1705/1876] 27872e69-7497-49a6-b782-151c540037cc: cophenetic index 2005; 1.4 s; peak memory 1137 MiB.
2026-10-02T17:23:07Z INFO [1706/1876] 2788748c-b2da-4d09-b25c-0a2fd0a4f32e: cophenetic index 62854; 5.5 s; peak memory 1137 MiB.
2026-10-02T17:23:08Z INFO [1707/1876] 27896f5c-7a72-4926-9c07-af899735cd3b: cophenetic index 624; 0.8 s; peak memory 1137 MiB.
2026-10-02T17:23:14Z INFO [1708/1876] 278ae5bb-e4b7-4763-a615-a29ef48c9244: cophenetic index 13016; 6.4 s; peak memory 1137 MiB.
2026-10-02T17:23:15Z INFO [1709/1876] 278b68e2-2c0a-48f1-9cfd-a911e890a8d0: cophenetic index 624; 0.9 s; peak memory 1137 MiB.
2026-10-02T17:23:16Z INFO [1710/1876] 278bfa42-647d-438d-8988-5ee8ccce9473: cophenetic index 624; 0.8 s; peak memory 1137 MiB.
2026-10-02T17:23:18Z INFO [1711/1876] 278c9319-6e65-43db-a4b4-589d416c9df9: cophenetic index 34658; 1.8 s; peak memory 1137 MiB.
2026-10-02T17:23:20Z INFO [1712/1876] 278c9c31-5ac9-48cd-88b4-d840896ca701: cophenetic index 2391; 2.2 s; peak memory 1137 MiB.
2026-10-02T17:23:28Z INFO [1713/1876] 278ccd7a-a447-4b1e-987a-17b77ce46db3: cophenetic index 195284; 7.9 s; peak memory 1137 MiB.
2026-10-02T17:23:29Z INFO [1714/1876] 278d1d2b-6ea8-4ae1-989e-b80087d89a2b: cophenetic index 2625; 1.4 s; peak memory 1137 MiB.
2026-10-02T17:23:31Z INFO [1715/1876] 278d81ed-872f-40b1-9584-c82cf201904f: cophenetic index 2402; 2.2 s; peak memory 1137 MiB.
2026-10-02T17:23:32Z INFO [1716/1876] 278d8731-e305-4dca-90d9-1b0a97db9a92: cophenetic index 33998; 1.0 s; peak memory 1137 MiB.
2026-10-02T17:23:34Z INFO [1717/1876] 278d8846-5fcf-4ac0-89c8-378dcff6d578: cophenetic index 718; 1.4 s; peak memory 1137 MiB.
2026-10-02T17:23:34Z INFO [1718/1876] 278da514-6d55-4b21-8e0d-e49186961907: cophenetic index 690; 0.6 s; peak memory 1137 MiB.
2026-10-02T17:23:35Z INFO [1719/1876] 278e07c5-79ad-4d54-846d-02d191d36066: cophenetic index 624; 0.7 s; peak memory 1137 MiB.
2026-10-02T17:23:37Z INFO [1720/1876] 278e18dc-468d-4f75-8c9a-58c55ddb4a1d: cophenetic index 4301; 2.2 s; peak memory 1137 MiB.
2026-10-02T17:23:41Z INFO [1721/1876] 278e48d3-66e4-4ffd-a386-4a3cff862f27: cophenetic index 41649; 3.9 s; peak memory 1137 MiB.
2026-10-02T17:23:42Z INFO [1722/1876] 278e6f26-d5bd-47a6-a110-10596e2eee3e: cophenetic index 624; 0.6 s; peak memory 1137 MiB.
2026-10-02T17:23:42Z INFO [1723/1876] 278ff131-0b0f-42fd-8e35-6e1cc09c180d: cophenetic index 479; 0.8 s; peak memory 1137 MiB.
2026-10-02T17:23:43Z INFO [1724/1876] 27901f86-84a5-4d04-8696-52f1244c491f: cophenetic index 624; 0.9 s; peak memory 1137 MiB.
2026-10-02T17:23:44Z INFO [1725/1876] 2790591c-67b4-46f1-bb57-4c415a9b668f: cophenetic index 3004; 1.0 s; peak memory 1137 MiB.
2026-10-02T17:23:45Z INFO [1726/1876] 2791b4ab-3545-445b-b8f6-35075051a0b1: cophenetic index 646; 0.6 s; peak memory 1137 MiB.
2026-10-02T17:23:46Z INFO [1727/1876] 2792bacd-214d-4da6-84c7-5ffcfc4d1088: cophenetic index 624; 0.7 s; peak memory 1137 MiB.
2026-10-02T17:23:50Z INFO [1728/1876] 2792bb24-b7ef-4929-a219-088d4239fa50: cophenetic index 9548; 4.2 s; peak memory 1137 MiB.
2026-10-02T17:23:51Z INFO [1729/1876] 279397c9-61af-463d-ab3a-1e3884ec5175: cophenetic index 3004; 1.1 s; peak memory 1137 MiB.
2026-10-02T17:23:52Z INFO [1730/1876] 2793a6e1-44e9-401f-a8d8-290921f03e1b: cophenetic index 1781; 0.8 s; peak memory 1137 MiB.
2026-10-02T17:23:53Z INFO [1731/1876] 2793b2b5-1cdb-474f-ad8d-8f3508af43dd: cophenetic index 2625; 1.0 s; peak memory 1137 MiB.
2026-10-02T17:23:54Z INFO [1732/1876] 27942b2f-78a3-4322-909f-3fad53140c89: cophenetic index 1006; 1.0 s; peak memory 1137 MiB.
2026-10-02T17:23:55Z INFO [1733/1876] 2794c96b-bcbf-494e-b8db-734f28b2fcff: cophenetic index 930; 1.3 s; peak memory 1137 MiB.
2026-10-02T17:23:56Z INFO [1734/1876] 2794fe28-684a-48e9-82a8-402e53a1147f: cophenetic index 3004; 0.9 s; peak memory 1137 MiB.
2026-10-02T17:24:01Z INFO [1735/1876] 27953a0f-4ce0-485d-9953-8e2eb42a343c: cophenetic index 87573; 4.8 s; peak memory 1137 MiB.
2026-10-02T17:24:01Z INFO [1736/1876] 279704c6-7677-43a9-804f-e188ff34d530: cophenetic index 490; 0.5 s; peak memory 1137 MiB.
2026-10-02T17:24:03Z INFO [1737/1876] 27971dcc-0477-4934-84b3-9133a6e25289: cophenetic index 837; 1.4 s; peak memory 1137 MiB.
2026-10-02T17:24:06Z INFO [1738/1876] 279759d7-f902-4a53-b7d0-11267ee81c01: cophenetic index 37338; 3.9 s; peak memory 1137 MiB.
2026-10-02T17:24:08Z INFO [1739/1876] 2797c532-0a5d-4b13-b5d3-8b230ea1226a: cophenetic index 40176; 1.4 s; peak memory 1137 MiB.
2026-10-02T17:24:09Z INFO [1740/1876] 27987635-3eea-4bf0-be12-af427926bc1f: cophenetic index 624; 0.9 s; peak memory 1137 MiB.
2026-10-02T17:24:18Z INFO [1741/1876] 2798cfe3-1933-40ac-850f-a91735bfda01: cophenetic index 751276; 9.4 s; peak memory 1137 MiB.
2026-10-02T17:24:19Z INFO [1742/1876] 27992834-14c5-49bf-9801-04420caca8f7: cophenetic index 3087; 0.9 s; peak memory 1137 MiB.
2026-10-02T17:24:20Z INFO [1743/1876] 279943cd-b437-4c76-9891-e1d06820e1d0: cophenetic index 762; 0.6 s; peak memory 1137 MiB.
2026-10-02T17:24:20Z INFO [1744/1876] 2799f556-b282-4f64-9151-bdfe739f326b: cophenetic index 624; 0.8 s; peak memory 1137 MiB.
2026-10-02T17:24:24Z INFO [1745/1876] 279a01b6-4810-43ee-b6f9-e155732c064b: cophenetic index 9181; 4.1 s; peak memory 1137 MiB.
2026-10-02T17:24:26Z INFO [1746/1876] 279a55a4-446c-4ebb-a28f-64ec7a403b0c: cophenetic index 3004; 1.1 s; peak memory 1137 MiB.
2026-10-02T17:24:31Z INFO [1747/1876] 279afdfb-21cc-494c-9e9f-ee4e60fe98df: cophenetic index 5466; 5.4 s; peak memory 1137 MiB.
2026-10-02T17:24:32Z INFO [1748/1876] 279b1762-dc71-4437-9bc2-e67f98e0c5bc: cophenetic index 2625; 1.0 s; peak memory 1137 MiB.
2026-10-02T17:24:33Z INFO [1749/1876] 279b3dd6-28b9-4656-8567-2dbe0b6f4b6b: cophenetic index 624; 0.7 s; peak memory 1137 MiB.
2026-10-02T17:24:34Z INFO [1750/1876] 279c3385-c841-4d10-a538-d6cf6b467cc0: cophenetic index 624; 0.9 s; peak memory 1137 MiB.
2026-10-02T17:24:34Z INFO [1750/1876] 279c3385-c841-4d10-a538-d6cf6b467cc0: checkpointed 66052 records.
2026-10-02T17:24:41Z INFO [1751/1876] 279d6dfc-b96a-45dc-9f27-a82caea4197a: cophenetic index 329635; 7.7 s; peak memory 1137 MiB.
2026-10-02T17:24:42Z INFO [1752/1876] 279de470-d71c-48d7-bb45-a198e39a6f0a: cophenetic index 624; 0.7 s; peak memory 1137 MiB.
2026-10-02T17:24:43Z INFO [1753/1876] 279e06f3-54b7-4585-a277-13bce11a0cf3: cophenetic index 624; 0.7 s; peak memory 1137 MiB.
2026-10-02T17:24:53Z INFO [1754/1876] 279fd047-73e6-4861-b664-6a3b3de4a93d: cophenetic index 412302; 10.1 s; peak memory 1137 MiB.
2026-10-02T17:24:54Z INFO [1755/1876] 279ff3eb-1ece-4b82-84c7-191e190deb56: cophenetic index 624; 0.8 s; peak memory 1137 MiB.
2026-10-02T17:24:59Z INFO [1756/1876] 27a02b6a-9493-4bb5-8e41-c6dd6bc47ed6: cophenetic index 15817; 5.5 s; peak memory 1137 MiB.
2026-10-02T17:25:01Z INFO [1757/1876] 27a0680b-17ab-41b2-b53f-58a0ddd0e53b: cophenetic index 2402; 2.0 s; peak memory 1137 MiB.
2026-10-02T17:25:02Z INFO [1758/1876] 27a152d6-c2cc-4e2a-bccd-d8a7c1e98aea: cophenetic index 3004; 1.1 s; peak memory 1137 MiB.
2026-10-02T17:25:03Z INFO [1759/1876] 27a1aef8-b746-4270-9460-04c19d8d3454: cophenetic index 22905; 1.2 s; peak memory 1137 MiB.
2026-10-02T17:25:04Z INFO [1760/1876] 27a1ff16-7c22-43b4-bfab-1d337b548229: cophenetic index 490; 0.6 s; peak memory 1137 MiB.
2026-10-02T17:25:05Z INFO [1761/1876] 27a242f3-4832-478a-a1c6-582d50d9ff08: cophenetic index 624; 0.7 s; peak memory 1137 MiB.
2026-10-02T17:25:06Z INFO [1762/1876] 27a392ca-631c-4c65-b85c-1eb770a13dfc: cophenetic index 41788; 1.4 s; peak memory 1137 MiB.
2026-10-02T17:25:07Z INFO [1763/1876] 27a3e40f-0ee8-465f-9890-ef318c3bd0dd: cophenetic index 624; 0.8 s; peak memory 1137 MiB.
2026-10-02T17:25:08Z INFO [1764/1876] 27a53683-c4fb-446f-9ba4-52496b1bbe16: cophenetic index 6100; 1.2 s; peak memory 1137 MiB.
2026-10-02T17:25:09Z INFO [1765/1876] 27a5e194-3a97-46ca-ada8-b37f6fbeb89c: cophenetic index 2625; 0.9 s; peak memory 1137 MiB.
2026-10-02T17:25:10Z INFO [1766/1876] 27a6a875-de16-4511-9a50-c1643d58857d: cophenetic index 624; 0.8 s; peak memory 1137 MiB.
2026-10-02T17:25:12Z INFO [1767/1876] 27a74e32-1931-472d-895f-53cf0d1d6d80: cophenetic index 33998; 1.6 s; peak memory 1137 MiB.
2026-10-02T17:25:13Z INFO [1768/1876] 27a7a687-e34f-46f6-bf56-ef8a9ef2069d: cophenetic index 2570; 1.1 s; peak memory 1137 MiB.
2026-10-02T17:25:15Z INFO [1769/1876] 27a89893-3018-4cea-a5bb-7ecdda6d7a64: cophenetic index 7866; 2.2 s; peak memory 1137 MiB.
2026-10-02T17:25:16Z INFO [1770/1876] 27a8f9af-c6fa-4cb0-af23-339fbc6a9134: cophenetic index 431; 0.8 s; peak memory 1137 MiB.
2026-10-02T17:25:16Z INFO [1771/1876] 27aa1611-b7a7-402a-bdad-0680e94e194c: cophenetic index 23370; 0.7 s; peak memory 1137 MiB.
2026-10-02T17:25:17Z INFO [1772/1876] 27aa3cb0-e695-450b-be8c-c79bd501ca47: cophenetic index 624; 1.0 s; peak memory 1137 MiB.
2026-10-02T17:25:19Z INFO [1773/1876] 27aae3ff-caca-455c-b914-a18c2ba0d219: cophenetic index 2402; 2.0 s; peak memory 1137 MiB.
2026-10-02T17:25:20Z INFO [1774/1876] 27abc424-6600-469a-8093-c22ab4d3013c: cophenetic index 554; 1.1 s; peak memory 1137 MiB.
2026-10-02T17:25:21Z INFO [1775/1876] 27abf7a7-d763-4a3f-acfe-1993cdbed12b: cophenetic index 624; 0.9 s; peak memory 1137 MiB.
2026-10-02T17:25:25Z INFO [1776/1876] 27ac887c-05c8-46b7-bc0a-f6c1e8f796af: cophenetic index 9548; 4.1 s; peak memory 1137 MiB.
2026-10-02T17:25:26Z INFO [1777/1876] 27ac9ee4-f2fe-4079-b4f4-f7209a314e35: cophenetic index 624; 0.7 s; peak memory 1137 MiB.
2026-10-02T17:25:27Z INFO [1778/1876] 27adb13d-b157-4567-bc08-52a9bf16a2cd: cophenetic index 624; 0.8 s; peak memory 1137 MiB.
2026-10-02T17:25:28Z INFO [1779/1876] 27adea4d-f998-4f4b-b08c-ec86d58ac9e6: cophenetic index 2625; 1.0 s; peak memory 1137 MiB.
2026-10-02T17:25:29Z INFO [1780/1876] 27aeba56-b3ab-40ca-a8ed-8d36c496420a: cophenetic index 624; 0.8 s; peak memory 1137 MiB.
2026-10-02T17:25:35Z INFO [1781/1876] 27b09724-0abe-4f69-a27d-29262ce5e67f: cophenetic index 47115; 6.4 s; peak memory 1137 MiB.
2026-10-02T17:25:36Z INFO [1782/1876] 27b188a2-0f36-47c0-bb9e-db09ef9660f1: cophenetic index 624; 0.8 s; peak memory 1137 MiB.
2026-10-02T17:25:37Z INFO [1783/1876] 27b2403d-6c8b-40ac-a55a-64952f927218: cophenetic index 624; 0.8 s; peak memory 1137 MiB.
2026-10-02T17:25:37Z INFO [1784/1876] 27b2fec1-68d4-4f46-ab02-9a981c198344: cophenetic index 635; 0.6 s; peak memory 1137 MiB.
2026-10-02T17:25:39Z INFO [1785/1876] 27b389d3-0966-46b1-9a5b-9d1dbbd16e9a: cophenetic index 2402; 1.9 s; peak memory 1137 MiB.
2026-10-02T17:25:40Z INFO [1786/1876] 27b424dd-a842-4502-bc16-86810c2601bb: cophenetic index 651; 0.4 s; peak memory 1137 MiB.
2026-10-02T17:25:41Z INFO [1787/1876] 27b47707-2d52-4179-aad7-af91d3bb0b52: cophenetic index 30304; 1.2 s; peak memory 1137 MiB.
2026-10-02T17:25:42Z INFO [1788/1876] 27b4fbb9-d68e-46fc-9626-7b2455879cb3: cophenetic index 1751; 1.3 s; peak memory 1137 MiB.
2026-10-02T17:25:43Z INFO [1789/1876] 27b550ba-4620-473f-a229-e5940e1ed13e: cophenetic index 1087; 1.0 s; peak memory 1137 MiB.
2026-10-02T17:25:44Z INFO [1790/1876] 27b5bf1d-7bbc-4424-8cf6-130447f17d65: cophenetic index 33998; 1.3 s; peak memory 1137 MiB.
2026-10-02T17:25:45Z INFO [1791/1876] 27b5f5ed-b44e-4066-8cbe-199aa820fb83: cophenetic index 873; 0.8 s; peak memory 1137 MiB.
2026-10-02T17:25:46Z INFO [1792/1876] 27b6bba3-8806-4f48-a517-d376c6d61292: cophenetic index 2625; 1.1 s; peak memory 1137 MiB.
2026-10-02T17:25:47Z INFO [1793/1876] 27b6d100-c065-4cd9-b675-1e16bdb0f474: cophenetic index 624; 0.8 s; peak memory 1137 MiB.
2026-10-02T17:25:48Z INFO [1794/1876] 27b7860e-0a94-4359-867a-8a66ad65b4c0: cophenetic index 543; 0.5 s; peak memory 1137 MiB.
2026-10-02T17:25:49Z INFO [1795/1876] 27b8d2c8-943e-4e52-b693-1335574a3989: cophenetic index 33986; 1.0 s; peak memory 1137 MiB.
2026-10-02T17:25:50Z INFO [1796/1876] 27b92729-1247-4f67-9a8b-28c89b422047: cophenetic index 797; 1.2 s; peak memory 1137 MiB.
2026-10-02T17:25:51Z INFO [1797/1876] 27b938c9-ced2-43e4-b418-4ccaf2c412f7: cophenetic index 2625; 1.2 s; peak memory 1137 MiB.
2026-10-02T17:25:52Z INFO [1798/1876] 27b98bf9-bff5-48c0-beef-af0d23d19e57: cophenetic index 636; 1.0 s; peak memory 1137 MiB.
2026-10-02T17:25:53Z INFO [1799/1876] 27ba7d60-75dc-4693-8146-c0d47c6decd9: cophenetic index 593; 1.1 s; peak memory 1137 MiB.
2026-10-02T17:25:54Z INFO [1800/1876] 27bb2be6-05ca-4adc-8694-60106f3e79ae: cophenetic index 627; 0.6 s; peak memory 1137 MiB.
2026-10-02T17:25:54Z INFO [1800/1876] 27bb2be6-05ca-4adc-8694-60106f3e79ae: checkpointed 66102 records.
2026-10-02T17:25:56Z INFO [1801/1876] 27bb50c0-4562-4585-84f4-081c5e629c13: cophenetic index 4617; 2.1 s; peak memory 1137 MiB.
2026-10-02T17:25:57Z INFO [1802/1876] 27bc2763-1b50-4401-b88c-c9003938e019: cophenetic index 554; 1.0 s; peak memory 1137 MiB.
2026-10-02T17:25:58Z INFO [1803/1876] 27bdf7ac-7239-43c3-a8d6-89b285344b93: cophenetic index 624; 0.8 s; peak memory 1137 MiB.
2026-10-02T17:26:02Z INFO [1804/1876] 27be2e48-35dc-403e-ad5a-3ec05e337dad: cophenetic index 9548; 3.8 s; peak memory 1137 MiB.
2026-10-02T17:26:04Z INFO [1805/1876] 27c19111-0dc7-499e-a256-775b3ce878a5: cophenetic index 2402; 1.9 s; peak memory 1137 MiB.
2026-10-02T17:26:12Z INFO [1806/1876] 27c23595-63d8-4078-ab0f-e54d74a87e53: cophenetic index 23005; 8.6 s; peak memory 1137 MiB.
2026-10-02T17:26:13Z INFO [1807/1876] 27c24104-db23-4046-8bea-8085bf36b575: cophenetic index 937; 1.0 s; peak memory 1137 MiB.
2026-10-02T17:26:14Z INFO [1808/1876] 27c27567-8115-498e-90b0-2e2b0459d5d3: cophenetic index 624; 0.8 s; peak memory 1137 MiB.
2026-10-02T17:26:15Z INFO [1809/1876] 27c3b0b2-2f38-4d26-a42e-b1737655d0a5: cophenetic index 2974; 1.0 s; peak memory 1137 MiB.
2026-10-02T17:26:16Z INFO [1810/1876] 27c420bb-dd19-4fa4-8d2f-0277906e4da4: cophenetic index 560; 0.8 s; peak memory 1137 MiB.
2026-10-02T17:26:16Z INFO [1811/1876] 27c459d2-48e5-4ddc-a5c8-d32c39b9a4f3: cophenetic index 649; 0.7 s; peak memory 1137 MiB.
2026-10-02T17:26:17Z INFO [1812/1876] 27c47174-67f7-4669-8306-c001ae04ded9: cophenetic index 627; 0.6 s; peak memory 1137 MiB.
2026-10-02T17:26:18Z INFO [1813/1876] 27c56e3e-9ea7-4049-bc65-d0d4e2ba982c: cophenetic index 33998; 1.5 s; peak memory 1137 MiB.
2026-10-02T17:26:19Z INFO [1814/1876] 27c5f524-f562-4ee8-bb74-230cbdeff61f: cophenetic index 33968; 1.0 s; peak memory 1137 MiB.
2026-10-02T17:26:20Z INFO [1815/1876] 27c627c0-9a77-4fc1-932e-d68a6d695d4b: cophenetic index 624; 0.8 s; peak memory 1137 MiB.
2026-10-02T17:26:21Z INFO [1816/1876] 27c71f30-3972-40f6-aa6f-72fe81564ade: cophenetic index 2625; 1.1 s; peak memory 1137 MiB.
2026-10-02T17:26:23Z INFO [1817/1876] 27c76fbc-f6a7-43fc-9736-34d9395bb56b: cophenetic index 2609; 1.9 s; peak memory 1137 MiB.
2026-10-02T17:26:25Z INFO [1818/1876] 27c7b331-84c4-478e-8ffa-c01c43a5b037: cophenetic index 6636; 1.8 s; peak memory 1137 MiB.
2026-10-02T17:26:26Z INFO [1819/1876] 27c7cf9d-173e-419f-be0d-612aa92d298c: cophenetic index 624; 0.9 s; peak memory 1137 MiB.
2026-10-02T17:26:28Z INFO [1820/1876] 27c82e49-d539-4afc-99d7-56f5c5b7adfa: cophenetic index 2391; 2.2 s; peak memory 1137 MiB.
2026-10-02T17:26:29Z INFO [1821/1876] 27c83705-5b37-4fec-8ce8-94dfb4be11a0: cophenetic index 3077; 0.8 s; peak memory 1137 MiB.
2026-10-02T17:26:30Z INFO [1822/1876] 27c870f0-6734-4b6d-8349-d61d8f1c0ef1: cophenetic index 3087; 0.9 s; peak memory 1137 MiB.
2026-10-02T17:26:38Z INFO [1823/1876] 27caeed0-ba71-4cbb-9682-99a6c9cff345: cophenetic index 522672; 8.1 s; peak memory 1137 MiB.
2026-10-02T17:26:47Z INFO [1824/1876] 27cb3641-80fd-4708-b279-260ab7049a94: cophenetic index 24071; 8.9 s; peak memory 1137 MiB.
2026-10-02T17:26:49Z INFO [1825/1876] 27cbb4a8-1bce-4296-b29f-2da167ea3050: cophenetic index 2402; 2.0 s; peak memory 1137 MiB.
2026-10-02T17:26:50Z INFO [1826/1876] 27cc1895-31fa-4c5c-8070-1684730e1d37: cophenetic index 624; 0.8 s; peak memory 1137 MiB.
2026-10-02T17:26:51Z INFO [1827/1876] 27cd687b-8afd-4e48-bc66-3a950fbbb0c1: cophenetic index 33962; 1.2 s; peak memory 1137 MiB.
2026-10-02T17:26:51Z INFO [1828/1876] 27cdaedb-cc0c-4bce-99aa-c131d266a44b: cophenetic index 506; 0.8 s; peak memory 1137 MiB.
2026-10-02T17:26:52Z INFO [1829/1876] 27ce263c-027b-4711-ab93-30cbfff93e05: cophenetic index 624; 0.7 s; peak memory 1137 MiB.
2026-10-02T17:26:53Z INFO [1830/1876] 27cef310-34da-440a-ad01-bcc4153e59de: cophenetic index 431; 0.7 s; peak memory 1137 MiB.
2026-10-02T17:26:54Z INFO [1831/1876] 27cf4787-d6a3-4748-81a3-20e747f594e2: cophenetic index 431; 0.7 s; peak memory 1137 MiB.
2026-10-02T17:26:54Z INFO [1832/1876] 27d0481b-3ab1-474f-8564-403ba94b5090: cophenetic index 497; 0.7 s; peak memory 1137 MiB.
2026-10-02T17:26:55Z INFO [1833/1876] 27d0767e-4f03-45d3-8969-39d8ba8e023a: cophenetic index 3004; 1.0 s; peak memory 1137 MiB.
2026-10-02T17:26:56Z INFO [1834/1876] 27d0c521-c311-47d2-ae8b-0e3001d748f2: cophenetic index 624; 0.8 s; peak memory 1137 MiB.
2026-10-02T17:26:57Z INFO [1835/1876] 27d1c99b-c48b-40ca-b31a-f2ad2f70abf6: cophenetic index 729; 0.5 s; peak memory 1137 MiB.
2026-10-02T17:26:57Z INFO [1836/1876] 27d20d96-d567-46d7-befe-2cac48161d04: cophenetic index 624; 0.9 s; peak memory 1137 MiB.
2026-10-02T17:26:58Z INFO [1837/1876] 27d3c489-9a44-469b-aba7-8aa3e3546e1c: cophenetic index 2625; 1.0 s; peak memory 1137 MiB.
2026-10-02T17:26:59Z INFO [1838/1876] 27d3c9ea-d357-48fd-85bc-de4952cdb8a0: cophenetic index 560; 0.8 s; peak memory 1137 MiB.
2026-10-02T17:27:00Z INFO [1839/1876] 27d4409e-58d8-4ee4-98bc-978a66ea4f23: cophenetic index 624; 0.8 s; peak memory 1137 MiB.
2026-10-02T17:27:06Z INFO [1840/1876] 27d46b2c-0bf2-4474-bf40-ca05d15b488f: cophenetic index 115569; 5.8 s; peak memory 1137 MiB.
2026-10-02T17:27:06Z INFO [1841/1876] 27d4cb30-779e-4cf1-a7de-4eb8723e13de: cophenetic index 624; 0.7 s; peak memory 1137 MiB.
2026-10-02T17:27:08Z INFO [1842/1876] 27d5c406-1140-4709-9949-7807f4de540c: cophenetic index 761; 1.6 s; peak memory 1137 MiB.
2026-10-02T17:27:13Z INFO [1843/1876] 27d5d5a8-c303-4a71-9bba-3c8a831b2bc3: cophenetic index 36536; 5.2 s; peak memory 1137 MiB.
2026-10-02T17:27:14Z INFO [1844/1876] 27d5e98c-8cbb-4859-ae75-9cacc3b6e307: cophenetic index 2625; 0.7 s; peak memory 1137 MiB.
2026-10-02T17:27:15Z INFO [1845/1876] 27d6d303-d174-4957-a411-388d0bb201b2: cophenetic index 921; 1.1 s; peak memory 1137 MiB.
2026-10-02T17:27:16Z INFO [1846/1876] 27d739f2-ea5b-4992-8de8-6b2d4c5f3ede: cophenetic index 490; 0.6 s; peak memory 1137 MiB.
2026-10-02T17:27:16Z INFO [1847/1876] 27d76582-6e8d-4ab8-9c91-4f1b58d346bd: cophenetic index 3004; 0.8 s; peak memory 1137 MiB.
2026-10-02T17:27:17Z INFO [1848/1876] 27d7dfe5-d1e3-450c-b86a-7709d27c1be2: cophenetic index 624; 0.7 s; peak memory 1137 MiB.
2026-10-02T17:27:18Z INFO [1849/1876] 27d82acd-b76d-4f25-a9dd-1289be542431: cophenetic index 164; 0.5 s; peak memory 1137 MiB.
2026-10-02T17:27:19Z INFO [1850/1876] 27d83c6d-462f-446d-9740-5940d410e787: cophenetic index 850; 1.2 s; peak memory 1137 MiB.
2026-10-02T17:27:19Z INFO [1850/1876] 27d83c6d-462f-446d-9740-5940d410e787: checkpointed 66152 records.
2026-10-02T17:27:19Z INFO [1851/1876] 27d845b2-55ed-40df-aab1-7a430957a509: cophenetic index 490; 0.5 s; peak memory 1137 MiB.
2026-10-02T17:27:20Z INFO [1852/1876] 27d90244-72e8-4940-92de-e6df46f65266: cophenetic index 23194; 1.0 s; peak memory 1137 MiB.
2026-10-02T17:27:27Z INFO [1853/1876] 27d90704-b817-481d-b4d3-63b608808618: cophenetic index 221294; 6.6 s; peak memory 1137 MiB.
2026-10-02T17:27:31Z INFO [1854/1876] 27d96e78-ed4a-4e7b-bf4f-157907f12e6d: cophenetic index 70189; 4.2 s; peak memory 1137 MiB.
2026-10-02T17:27:32Z INFO [1855/1876] 27dae353-63b0-4ac4-9041-dfc58835e96f: cophenetic index 6435; 1.0 s; peak memory 1137 MiB.
2026-10-02T17:27:33Z INFO [1856/1876] 27daeccd-14c0-434e-ad9e-3d3d021dbba9: cophenetic index 690; 0.7 s; peak memory 1137 MiB.
2026-10-02T17:27:34Z INFO [1857/1876] 27db767f-85f2-4f72-82f7-e8e30a14d6af: cophenetic index 777; 1.5 s; peak memory 1137 MiB.
2026-10-02T17:27:35Z INFO [1858/1876] 27dbacba-28f7-46f0-a1da-3de6374e8435: cophenetic index 690; 0.6 s; peak memory 1137 MiB.
2026-10-02T17:27:42Z INFO [1859/1876] 27dca6f4-413d-40f0-bc3f-61177bd04ea9: cophenetic index 195172714; 6.6 s; peak memory 1137 MiB.
2026-10-02T17:27:42Z INFO [1860/1876] 27dd1a68-5a69-49a7-aab6-c9ca7271cdfc: cophenetic index 624; 0.9 s; peak memory 1137 MiB.
2026-10-02T17:27:44Z INFO [1861/1876] 27dd320e-823b-4825-a106-c3fc3e76c915: cophenetic index 33998; 1.5 s; peak memory 1137 MiB.
2026-10-02T17:27:50Z INFO [1862/1876] 27dd9ef6-2c21-4c1b-bc04-9d119affc7f3: cophenetic index 7554; 6.5 s; peak memory 1137 MiB.
2026-10-02T17:27:51Z INFO [1863/1876] 27ddeb5f-1aa4-4eb5-96cd-c2da5d798d82: cophenetic index 729; 0.5 s; peak memory 1137 MiB.
2026-10-02T17:27:52Z INFO [1864/1876] 27de224f-b73c-431f-8e40-7ec81c7140a7: cophenetic index 3004; 1.0 s; peak memory 1137 MiB.
2026-10-02T17:27:53Z INFO [1865/1876] 27ded58f-6c7f-44fe-b363-8b0cc0fa68ee: cophenetic index 2625; 0.9 s; peak memory 1137 MiB.
2026-10-02T17:27:55Z INFO [1866/1876] 27e0208e-6d65-41ef-a331-02727ad2bda3: cophenetic index 102768; 1.8 s; peak memory 1137 MiB.
2026-10-02T17:27:56Z WARNING 3b2672c0-01e2-4e2a-a6fd-09535b8afd67: failed while reading the NWB file (KeyError: 'Unable to synchronously open object (component not found)')
2026-10-02T17:27:56Z WARNING [1867/1876] 3b2672c0-01e2-4e2a-a6fd-09535b8afd67: leaving unrecorded for a later run to retry.
2026-10-02T17:27:57Z WARNING 59beae01-8c63-4353-a90b-e97078f0ecde: failed while reading the NWB file (KeyError: 'Unable to synchronously open object (component not found)')
2026-10-02T17:27:57Z WARNING [1868/1876] 59beae01-8c63-4353-a90b-e97078f0ecde: leaving unrecorded for a later run to retry.
2026-10-02T17:27:58Z WARNING 735c7449-7e23-44fa-8990-d5c55f725aa2: failed while reading the NWB file (KeyError: 'Unable to synchronously open object (component not found)')
2026-10-02T17:27:58Z WARNING [1869/1876] 735c7449-7e23-44fa-8990-d5c55f725aa2: leaving unrecorded for a later run to retry.
2026-10-02T17:27:59Z WARNING 75dc9b6e-40d1-4c10-8d75-71e6d60a1109: failed while reading the NWB file (KeyError: 'Unable to synchronously open object (component not found)')
2026-10-02T17:27:59Z WARNING [1870/1876] 75dc9b6e-40d1-4c10-8d75-71e6d60a1109: leaving unrecorded for a later run to retry.
2026-10-02T17:28:00Z WARNING 8f0183a2-f90f-4b15-8fac-1ca3a404a100: failed while reading the NWB file (KeyError: 'Unable to synchronously open object (component not found)')
2026-10-02T17:28:00Z WARNING [1871/1876] 8f0183a2-f90f-4b15-8fac-1ca3a404a100: leaving unrecorded for a later run to retry.
2026-10-02T17:28:01Z WARNING 91d0f104-6918-47ae-8959-2116c86ee157: failed while reading the NWB file (KeyError: 'Unable to synchronously open object (component not found)')
2026-10-02T17:28:01Z WARNING [1872/1876] 91d0f104-6918-47ae-8959-2116c86ee157: leaving unrecorded for a later run to retry.
2026-10-02T17:28:02Z WARNING 969e4747-5a03-4948-bad1-05be9db18f9a: failed while reading the NWB file (KeyError: 'Unable to synchronously open object (component not found)')
2026-10-02T17:28:02Z WARNING [1873/1876] 969e4747-5a03-4948-bad1-05be9db18f9a: leaving unrecorded for a later run to retry.
2026-10-02T17:28:03Z WARNING 9f0feaa9-adb3-4487-afb9-d4f49f1acdc6: failed while reading the NWB file (KeyError: 'Unable to synchronously open object (component not found)')
2026-10-02T17:28:03Z WARNING [1874/1876] 9f0feaa9-adb3-4487-afb9-d4f49f1acdc6: leaving unrecorded for a later run to retry.
2026-10-02T17:28:04Z WARNING ad5b0970-92ee-45ed-9ade-ec72ab7c0c43: failed while reading the NWB file (KeyError: 'Unable to synchronously open object (component not found)')
2026-10-02T17:28:04Z WARNING [1875/1876] ad5b0970-92ee-45ed-9ade-ec72ab7c0c43: leaving unrecorded for a later run to retry.
2026-10-02T17:28:05Z WARNING d73cb2c7-2e04-4c75-ba50-9b634dc8e8fb: failed while reading the NWB file (KeyError: 'Unable to synchronously open object (component not found)')
2026-10-02T17:28:05Z WARNING [1876/1876] d73cb2c7-2e04-4c75-ba50-9b634dc8e8fb: leaving unrecorded for a later run to retry.
2026-10-02T17:28:05Z INFO Wrote 66168 records to /tmp/derivatives/valid_nwb_file_to_cophenetic_index.jsonl (1854 new, 22 failed) in 64.8 min (peak memory 1137 MiB).
