2026-10-04T10:06:17Z INFO Logging to /tmp/logs/update_2026-10-04T10-06-17Z.log.
2026-10-04T10:06:17Z INFO Update valid-nwb-file-to-cophenetic-index (base directory /tmp).
2026-10-04T10:06:17Z INFO Processing 1919 items (75342 already recorded).
2026-10-04T10:06:18Z WARNING 024ef50f-ac6f-49ea-806b-93ef4b5e8644: failed while reading the NWB file (KeyError: 'Unable to synchronously open object (component not found)')
2026-10-04T10:06:18Z WARNING [1/1919] 024ef50f-ac6f-49ea-806b-93ef4b5e8644: leaving unrecorded for a later run to retry.
2026-10-04T10:06:19Z WARNING 09073220-fbea-45d2-9a39-2cc61fcdc2a1: failed while reading the NWB file (KeyError: 'Unable to synchronously open object (component not found)')
2026-10-04T10:06:19Z WARNING [2/1919] 09073220-fbea-45d2-9a39-2cc61fcdc2a1: leaving unrecorded for a later run to retry.
2026-10-04T10:06:20Z WARNING 0dec427d-4db4-44c3-988a-c37959ceaff3: failed while reading the NWB file (KeyError: 'Unable to synchronously open object (component not found)')
2026-10-04T10:06:20Z WARNING [3/1919] 0dec427d-4db4-44c3-988a-c37959ceaff3: leaving unrecorded for a later run to retry.
2026-10-04T10:06:21Z WARNING 0f7396ad-67ec-468a-b6a6-5599cb507f54: failed while reading the NWB file (KeyError: 'Unable to synchronously open object (component not found)')
2026-10-04T10:06:21Z WARNING [4/1919] 0f7396ad-67ec-468a-b6a6-5599cb507f54: leaving unrecorded for a later run to retry.
2026-10-04T10:06:21Z WARNING 1066b3ba-83d9-4cb3-bfe3-ecf8539e2334: failed while reading the NWB file (KeyError: 'Unable to synchronously open object (component not found)')
2026-10-04T10:06:21Z WARNING [5/1919] 1066b3ba-83d9-4cb3-bfe3-ecf8539e2334: leaving unrecorded for a later run to retry.
2026-10-04T10:06:22Z WARNING 17a546c4-6425-4c56-a43e-9f9f272d299c: failed while reading the NWB file (KeyError: 'Unable to synchronously open object (component not found)')
2026-10-04T10:06:22Z WARNING [6/1919] 17a546c4-6425-4c56-a43e-9f9f272d299c: leaving unrecorded for a later run to retry.
2026-10-04T10:06:23Z WARNING 19998990-d06f-40db-8d07-c5121b317b6a: failed while reading the NWB file (KeyError: 'Unable to synchronously open object (component not found)')
2026-10-04T10:06:23Z WARNING [7/1919] 19998990-d06f-40db-8d07-c5121b317b6a: leaving unrecorded for a later run to retry.
2026-10-04T10:06:24Z WARNING 1a18ed31-9155-4512-919f-b6875d14b9f3: failed while reading the NWB file (KeyError: 'Unable to synchronously open object (component not found)')
2026-10-04T10:06:24Z WARNING [8/1919] 1a18ed31-9155-4512-919f-b6875d14b9f3: leaving unrecorded for a later run to retry.
2026-10-04T10:06:25Z WARNING 1c2fff6f-f3a7-43fb-b7e2-a33218d41614: failed while reading the NWB file (KeyError: 'Unable to synchronously open object (component not found)')
2026-10-04T10:06:25Z WARNING [9/1919] 1c2fff6f-f3a7-43fb-b7e2-a33218d41614: leaving unrecorded for a later run to retry.
2026-10-04T10:06:26Z WARNING 20b5d243-5a61-4246-a5d5-ac9d9068183d: failed while reading the NWB file (KeyError: 'Unable to synchronously open object (component not found)')
2026-10-04T10:06:26Z WARNING [10/1919] 20b5d243-5a61-4246-a5d5-ac9d9068183d: leaving unrecorded for a later run to retry.
2026-10-04T10:06:26Z WARNING 20e4b649-b593-4ee3-bd02-f0645aad7021: failed while reading the NWB file (KeyError: 'Unable to synchronously open object (component not found)')
2026-10-04T10:06:26Z WARNING [11/1919] 20e4b649-b593-4ee3-bd02-f0645aad7021: leaving unrecorded for a later run to retry.
2026-10-04T10:06:27Z WARNING 2420003b-b350-4a69-b1aa-b27f68179823: failed while reading the NWB file (KeyError: 'Unable to synchronously open object (component not found)')
2026-10-04T10:06:27Z WARNING [12/1919] 2420003b-b350-4a69-b1aa-b27f68179823: leaving unrecorded for a later run to retry.
2026-10-04T10:06:28Z WARNING 2a76c0ae-11ba-4712-bfc9-5a1534c26aeb: failed while reading the NWB file (KeyError: 'Unable to synchronously open object (component not found)')
2026-10-04T10:06:28Z WARNING [13/1919] 2a76c0ae-11ba-4712-bfc9-5a1534c26aeb: leaving unrecorded for a later run to retry.
2026-10-04T10:06:29Z WARNING 319d22c8-6c6e-41bb-9bf9-9c6773d2b2ad: failed while reading the NWB file (KeyError: 'Unable to synchronously open object (component not found)')
2026-10-04T10:06:29Z WARNING [14/1919] 319d22c8-6c6e-41bb-9bf9-9c6773d2b2ad: leaving unrecorded for a later run to retry.
2026-10-04T10:06:30Z WARNING 324ccb4d-b81e-4dbb-a29d-ef474eef0d50: failed while reading the NWB file (KeyError: 'Unable to synchronously open object (component not found)')
2026-10-04T10:06:30Z WARNING [15/1919] 324ccb4d-b81e-4dbb-a29d-ef474eef0d50: leaving unrecorded for a later run to retry.
2026-10-04T10:06:30Z INFO [16/1919] 3af3fda5-01e7-4c9e-90df-e27ec63ecfd4: cophenetic index 605; 0.7 s; peak memory 104 MiB.
2026-10-04T10:06:31Z INFO [17/1919] 3af48fbd-d9f9-47a4-9b3c-341ba4dac980: cophenetic index 2625; 0.9 s; peak memory 108 MiB.
2026-10-04T10:06:32Z INFO [18/1919] 3af494c6-69cc-41de-aca5-b6458c07ee38: cophenetic index 624; 0.8 s; peak memory 108 MiB.
2026-10-04T10:06:33Z INFO [19/1919] 3af56ad3-32e7-4b23-89f4-5bb9328eff47: cophenetic index 539; 0.6 s; peak memory 108 MiB.
2026-10-04T10:06:34Z INFO [20/1919] 3af5a3c7-8352-4944-8b4e-c0e8adacd46a: cophenetic index 26986; 0.9 s; peak memory 108 MiB.
2026-10-04T10:06:34Z INFO [21/1919] 3af5b185-36a7-4381-b017-4a3ae8b3b0c4: cophenetic index 1380; 0.8 s; peak memory 108 MiB.
2026-10-04T10:06:35Z INFO [22/1919] 3af64d0a-db67-4ac6-97ae-f5a45f731a1d: cophenetic index 23788; 0.6 s; peak memory 108 MiB.
2026-10-04T10:06:37Z INFO [23/1919] 3af6a4a5-e576-4fc4-9f0b-86f121c510b9: cophenetic index 5473; 1.9 s; peak memory 108 MiB.
2026-10-04T10:06:37Z INFO [24/1919] 3af8a9c1-3c0f-4a69-82b4-64dacae2ea4e: cophenetic index 581; 0.5 s; peak memory 108 MiB.
2026-10-04T10:06:38Z INFO [25/1919] 3af9c91f-b978-470b-8df4-5bf662bd2621: cophenetic index 527; 0.5 s; peak memory 108 MiB.
2026-10-04T10:06:39Z INFO [26/1919] 3afa2144-9107-4686-8712-17378be335f6: cophenetic index 2625; 0.7 s; peak memory 108 MiB.
2026-10-04T10:06:39Z INFO [27/1919] 3afaecae-78eb-407c-a47d-618f07cf27c7: cophenetic index 624; 0.6 s; peak memory 108 MiB.
2026-10-04T10:06:40Z INFO [28/1919] 3afb1c81-2950-4177-a43d-82df5560f132: cophenetic index 624; 0.7 s; peak memory 108 MiB.
2026-10-04T10:06:41Z INFO [29/1919] 3afc2064-bdcf-4b7b-943d-15c91c16c84f: cophenetic index 624; 0.7 s; peak memory 108 MiB.
2026-10-04T10:06:41Z INFO [30/1919] 3afc56ff-7e6f-4332-a532-b34ad589c223: cophenetic index 624; 0.7 s; peak memory 108 MiB.
2026-10-04T10:06:42Z INFO [31/1919] 3afc583f-e60c-48d3-a548-6c6578fe0d59: cophenetic index 649; 0.6 s; peak memory 108 MiB.
2026-10-04T10:06:43Z INFO [32/1919] 3afcac23-0aed-49b6-9cfa-b5bb5899d321: cophenetic index 690; 0.5 s; peak memory 108 MiB.
2026-10-04T10:06:43Z INFO [33/1919] 3afccf17-37e6-492d-a3ed-994537e42bd3: cophenetic index 497; 0.6 s; peak memory 108 MiB.
2026-10-04T10:06:47Z INFO [34/1919] 3afcf84a-d925-43f8-9e23-b04d4ebe2669: cophenetic index 66130; 3.5 s; peak memory 109 MiB.
2026-10-04T10:06:52Z INFO [35/1919] 3afe10c3-f578-47bc-8a70-0171b3179150: cophenetic index 76024; 5.2 s; peak memory 112 MiB.
2026-10-04T10:06:53Z INFO [36/1919] 3afee14d-a939-4fb4-bab9-ae009325032b: cophenetic index 1751; 0.9 s; peak memory 112 MiB.
2026-10-04T10:06:54Z INFO [37/1919] 3aff6aac-e1de-49c5-b7ee-c3e27379d0f6: cophenetic index 2570; 1.0 s; peak memory 112 MiB.
2026-10-04T10:06:55Z INFO [38/1919] 3aff940f-8b50-4405-a88e-a37a4ee8d85a: cophenetic index 2015; 1.1 s; peak memory 112 MiB.
2026-10-04T10:06:56Z INFO [39/1919] 3aff9645-ba82-4448-be31-fc88819bdd47: cophenetic index 1781; 0.7 s; peak memory 112 MiB.
2026-10-04T10:06:56Z INFO [40/1919] 3affcebc-0418-436d-9ee8-6a9f09f8d083: cophenetic index 433; 0.5 s; peak memory 112 MiB.
2026-10-04T10:06:57Z INFO [41/1919] 3b0028f0-916e-4e75-b0e7-ebdc8ecd4092: cophenetic index 605; 0.8 s; peak memory 112 MiB.
2026-10-04T10:06:57Z INFO [42/1919] 3b00d8c5-b459-411c-9272-ada9d195b39b: cophenetic index 624; 0.6 s; peak memory 112 MiB.
2026-10-04T10:07:05Z INFO [43/1919] 3b012b37-7dfc-4e07-a67b-8086bbb1c238: cophenetic index 109744; 8.1 s; peak memory 117 MiB.
2026-10-04T10:07:07Z INFO [44/1919] 3b0299af-cf53-4e9f-a7a1-863d2e8d30c6: cophenetic index 2469; 1.6 s; peak memory 117 MiB.
2026-10-04T10:07:11Z INFO [45/1919] 3b02c560-c673-4e79-a6e0-b12dc4735c4e: cophenetic index 87573; 4.0 s; peak memory 117 MiB.
2026-10-04T10:07:12Z INFO [46/1919] 3b031f93-ed99-4a2c-8f5f-38fc313a2f91: cophenetic index 1544; 0.7 s; peak memory 117 MiB.
2026-10-04T10:07:13Z INFO [47/1919] 3b03964e-9259-4ef2-a427-2ce6ff3a32ec: cophenetic index 1380; 1.0 s; peak memory 117 MiB.
2026-10-04T10:07:13Z INFO [48/1919] 3b044b61-9386-44a2-ae56-73b8c3f512a1: cophenetic index 624; 0.6 s; peak memory 117 MiB.
2026-10-04T10:07:14Z INFO [49/1919] 3b0718d2-3e09-4f68-89f8-b217a3d96ce2: cophenetic index 3087; 0.7 s; peak memory 117 MiB.
2026-10-04T10:07:15Z INFO [50/1919] 3b079965-96fa-4073-a753-601da5ac4523: cophenetic index 725; 0.6 s; peak memory 117 MiB.
2026-10-04T10:07:15Z INFO [50/1919] 3b079965-96fa-4073-a753-601da5ac4523: checkpointed 75377 records.
2026-10-04T10:07:16Z INFO [51/1919] 3b079fcb-6716-4b2d-90c6-0017cc0f41a0: cophenetic index 2625; 0.8 s; peak memory 117 MiB.
2026-10-04T10:07:17Z INFO [52/1919] 3b07e4d2-bd41-4708-93a9-b3b3af4c5a08: cophenetic index 1458; 1.4 s; peak memory 117 MiB.
2026-10-04T10:07:18Z INFO [53/1919] 3b08a616-9d67-4137-8700-08195092b78b: cophenetic index 3087; 0.7 s; peak memory 117 MiB.
2026-10-04T10:07:18Z INFO [54/1919] 3b093fe6-7604-4b41-82fe-69ded581af98: cophenetic index 3004; 0.7 s; peak memory 117 MiB.
2026-10-04T10:07:20Z INFO [55/1919] 3b0a1a91-0403-44b0-9983-fba2e5c94d13: cophenetic index 1255; 1.6 s; peak memory 117 MiB.
2026-10-04T10:07:21Z INFO [56/1919] 3b0ac333-6cfd-449a-a18f-351e2975d330: cophenetic index 554; 0.8 s; peak memory 117 MiB.
2026-10-04T10:07:25Z INFO [57/1919] 3b0b5ae1-b60e-4802-9ed5-6e82a511d93f: cophenetic index 122858; 4.5 s; peak memory 117 MiB.
2026-10-04T10:07:26Z INFO [58/1919] 3b0ba6f8-a2fb-4787-b7c1-157517767f8e: cophenetic index 33968; 0.8 s; peak memory 117 MiB.
2026-10-04T10:07:27Z INFO [59/1919] 3b0bc98c-3ea8-4c39-abce-8d9ea1cea689: cophenetic index 624; 0.6 s; peak memory 117 MiB.
2026-10-04T10:07:29Z INFO [60/1919] 3b0cca14-4067-47c5-85ed-58d78a956aba: cophenetic index 1970; 1.7 s; peak memory 117 MiB.
2026-10-04T10:07:35Z INFO [61/1919] 3b0ccd35-61c5-4bf0-a144-277570ed7b21: cophenetic index 198839; 6.9 s; peak memory 119 MiB.
2026-10-04T10:07:36Z INFO [62/1919] 3b0cec85-e901-4ff0-967d-7408a1816734: cophenetic index 3087; 0.8 s; peak memory 119 MiB.
2026-10-04T10:07:37Z INFO [63/1919] 3b0cff93-b9d4-492f-8e45-c3df75832665: cophenetic index 2920; 0.6 s; peak memory 119 MiB.
2026-10-04T10:07:38Z INFO [64/1919] 3b0d0fe7-f20b-43ad-9480-41c848d82ca7: cophenetic index 3004; 0.7 s; peak memory 119 MiB.
2026-10-04T10:07:38Z INFO [65/1919] 3b0d2c14-d545-4f8d-9d70-7fc7ec2cd4a3: cophenetic index 1265; 0.6 s; peak memory 119 MiB.
2026-10-04T10:07:47Z INFO [66/1919] 3b0e3009-c318-4147-9f48-47aa1c4ffca9: cophenetic index 524635; 8.6 s; peak memory 129 MiB.
2026-10-04T10:07:48Z INFO [67/1919] 3b0f3884-09b9-45dd-a8e1-9e47c9357391: cophenetic index 2701; 1.0 s; peak memory 129 MiB.
2026-10-04T10:07:49Z INFO [68/1919] 3b0f993d-e82f-4e41-ac34-60d2f5eb5c0f: cophenetic index 2469; 1.6 s; peak memory 129 MiB.
2026-10-04T10:07:50Z INFO [69/1919] 3b0fbf3d-0992-4db8-99d5-539c3f394a5f: cophenetic index 624; 0.6 s; peak memory 129 MiB.
2026-10-04T10:07:53Z INFO [70/1919] 3b1055b9-bbe3-40dc-90b4-fa3ad7fd4c10: cophenetic index 20638; 3.3 s; peak memory 129 MiB.
2026-10-04T10:07:54Z INFO [71/1919] 3b111710-34e9-4799-9f43-4144b2667d66: cophenetic index 3004; 0.7 s; peak memory 129 MiB.
2026-10-04T10:07:54Z INFO [72/1919] 3b11e3fb-17c0-4787-a911-30a212547618: cophenetic index 494; 0.5 s; peak memory 129 MiB.
2026-10-04T10:07:56Z INFO [73/1919] 3b1206a1-fd42-42c9-8c01-f675792eb662: cophenetic index 809; 1.3 s; peak memory 129 MiB.
2026-10-04T10:07:56Z INFO [74/1919] 3b1223b9-f621-414f-bedb-afc382e5fbe5: cophenetic index 581; 0.5 s; peak memory 129 MiB.
2026-10-04T10:07:57Z INFO [75/1919] 3b1264be-2f3d-479f-a4e0-6d85b903fd3b: cophenetic index 2625; 0.8 s; peak memory 129 MiB.
2026-10-04T10:07:59Z INFO [76/1919] 3b1281a2-2211-459a-81f1-311f3ca9cab8: cophenetic index 2402; 1.8 s; peak memory 129 MiB.
2026-10-04T10:08:00Z INFO [77/1919] 3b14b555-0218-4990-8a5e-5039d7221638: cophenetic index 33998; 1.1 s; peak memory 129 MiB.
2026-10-04T10:08:01Z INFO [78/1919] 3b1595c2-649c-4997-896e-70722d36bdc4: cophenetic index 99120; 1.1 s; peak memory 129 MiB.
2026-10-04T10:08:02Z INFO [79/1919] 3b15ad00-966f-4456-b75a-70752c2e53f3: cophenetic index 1949; 0.6 s; peak memory 129 MiB.
2026-10-04T10:08:03Z INFO [80/1919] 3b15ef3f-5554-4f98-8bd7-9d0ccd0a676a: cophenetic index 33968; 0.9 s; peak memory 129 MiB.
2026-10-04T10:08:03Z INFO [81/1919] 3b1685c1-eb06-4050-91e0-0ad294701cb8: cophenetic index 490; 0.6 s; peak memory 129 MiB.
2026-10-04T10:08:09Z INFO [82/1919] 3b16bcd1-409b-4989-bc28-8a871ce07351: cophenetic index 459386; 5.9 s; peak memory 129 MiB.
2026-10-04T10:08:13Z INFO [83/1919] 3b171843-559d-466b-9478-c41076a25032: cophenetic index 5466; 3.9 s; peak memory 129 MiB.
2026-10-04T10:08:13Z INFO [84/1919] 3b1790de-10ad-49ba-bff0-ba8bbbc8fdc9: cophenetic index 490; 0.4 s; peak memory 129 MiB.
2026-10-04T10:08:14Z INFO [85/1919] 3b17a672-d6a0-4682-8c9e-648e26f8e30a: cophenetic index 3004; 0.8 s; peak memory 129 MiB.
2026-10-04T10:08:15Z INFO [86/1919] 3b17af53-0a9c-4649-8d97-0be1bf70d064: cophenetic index 624; 0.6 s; peak memory 129 MiB.
2026-10-04T10:08:15Z INFO [87/1919] 3b17eea7-2e9d-4c14-9d8e-c6aa85987f7b: cophenetic index 3077; 0.5 s; peak memory 129 MiB.
2026-10-04T10:08:16Z INFO [88/1919] 3b1a3295-b0fe-426c-a761-cb4f6b52b053: cophenetic index 3004; 0.7 s; peak memory 129 MiB.
2026-10-04T10:08:17Z INFO [89/1919] 3b1abf83-7fe3-4a2f-a600-73abbd9b7004: cophenetic index 2625; 0.8 s; peak memory 129 MiB.
2026-10-04T10:08:17Z INFO [90/1919] 3b1ad80e-dadb-4539-8ec4-dfc2cdddf26f: cophenetic index 649; 0.6 s; peak memory 129 MiB.
2026-10-04T10:08:18Z INFO [91/1919] 3b1b0b1b-3966-436a-890d-8cfd2e7175eb: cophenetic index 2625; 0.8 s; peak memory 129 MiB.
2026-10-04T10:08:23Z INFO [92/1919] 3b1b5350-ae09-4bd7-8d7e-d26d7b57256a: cophenetic index 14699; 4.8 s; peak memory 129 MiB.
2026-10-04T10:08:23Z INFO [93/1919] 3b1bacf1-3ed0-4ccf-a97d-cbb14bc3e2b1: cophenetic index 624; 0.6 s; peak memory 129 MiB.
2026-10-04T10:08:24Z INFO [94/1919] 3b1c3c14-8878-4995-a9ac-68042c101a0e: cophenetic index 3087; 0.8 s; peak memory 129 MiB.
2026-10-04T10:08:25Z INFO [95/1919] 3b1c3ebe-12ec-4aba-a07d-48b997169002: cophenetic index 2625; 0.6 s; peak memory 129 MiB.
2026-10-04T10:08:26Z INFO [96/1919] 3b1c7c39-8417-4f3b-bcd0-e2890397dd82: cophenetic index 431; 0.7 s; peak memory 129 MiB.
2026-10-04T10:08:29Z INFO [97/1919] 3b1c9373-9240-4ce5-a6cf-c8276b9c0407: cophenetic index 20984; 3.1 s; peak memory 129 MiB.
2026-10-04T10:08:29Z INFO [98/1919] 3b1d8fc8-5104-429d-94eb-06cc7da28c64: cophenetic index 641; 0.4 s; peak memory 129 MiB.
2026-10-04T10:08:30Z INFO [99/1919] 3b1ebfe6-dc89-4b00-8f7b-122ab34c9c0e: cophenetic index 624; 0.6 s; peak memory 129 MiB.
2026-10-04T10:08:31Z INFO [100/1919] 3b1f031c-cb09-4a08-882a-4ad1e5f014c6: cophenetic index 33968; 1.1 s; peak memory 129 MiB.
2026-10-04T10:08:31Z INFO [100/1919] 3b1f031c-cb09-4a08-882a-4ad1e5f014c6: checkpointed 75427 records.
2026-10-04T10:08:31Z INFO [101/1919] 3b1f8419-0843-4ae5-9aed-cbb3ed224ee3: cophenetic index 624; 0.6 s; peak memory 129 MiB.
2026-10-04T10:08:32Z INFO [102/1919] 3b1fa6f4-7f7c-402c-aed8-62e29f0a1e45: cophenetic index 490; 0.4 s; peak memory 129 MiB.
2026-10-04T10:08:33Z INFO [103/1919] 3b20026b-f65e-417b-baab-291a3a9cfdaa: cophenetic index 959; 1.5 s; peak memory 129 MiB.
2026-10-04T10:08:34Z INFO [104/1919] 3b20071f-b14e-40a2-9f45-14a773b892af: cophenetic index 3087; 0.6 s; peak memory 129 MiB.
2026-10-04T10:08:36Z INFO [105/1919] 3b211095-8b36-4ff4-b2c7-bcf55d25d529: cophenetic index 15476; 2.4 s; peak memory 129 MiB.
2026-10-04T10:08:37Z INFO [106/1919] 3b2146d4-8936-4f02-bb62-fa913154cb1d: cophenetic index 624; 0.7 s; peak memory 129 MiB.
2026-10-04T10:08:38Z INFO [107/1919] 3b220213-d356-433b-b3b8-6853af5258f7: cophenetic index 23272; 0.7 s; peak memory 130 MiB.
2026-10-04T10:08:38Z INFO [108/1919] 3b231912-40ec-4a60-885a-9ceac5d44cf4: cophenetic index 907; 0.6 s; peak memory 130 MiB.
2026-10-04T10:09:29Z INFO [109/1919] 3b2332a8-80f9-43a2-83ac-9f81577972eb: cophenetic index 275232; 50.2 s; peak memory 1405 MiB.
2026-10-04T10:09:29Z INFO [110/1919] 3b23b1d9-9472-4896-a4b2-4cab83a0a5b7: cophenetic index 2625; 0.7 s; peak memory 1405 MiB.
2026-10-04T10:09:30Z INFO [111/1919] 3b23d6ba-78d2-4860-9646-68595cb9f286: cophenetic index 33986; 1.0 s; peak memory 1405 MiB.
2026-10-04T10:09:31Z INFO [112/1919] 3b244656-67ce-4ced-8db9-97b06c5c575e: cophenetic index 2625; 0.8 s; peak memory 1405 MiB.
2026-10-04T10:09:32Z INFO [113/1919] 3b248063-0b01-4a1f-afc7-2cd42944a7f0: cophenetic index 624; 0.7 s; peak memory 1405 MiB.
2026-10-04T10:09:33Z INFO [114/1919] 3b24cd2a-1a2b-4abf-a964-768979902404: cophenetic index 972; 1.0 s; peak memory 1405 MiB.
2026-10-04T10:09:34Z WARNING 3b2672c0-01e2-4e2a-a6fd-09535b8afd67: failed while reading the NWB file (KeyError: 'Unable to synchronously open object (component not found)')
2026-10-04T10:09:34Z WARNING [115/1919] 3b2672c0-01e2-4e2a-a6fd-09535b8afd67: leaving unrecorded for a later run to retry.
2026-10-04T10:09:34Z INFO [116/1919] 3b26d618-79df-48a0-a6f5-a8ec0e1ae41c: cophenetic index 2625; 0.6 s; peak memory 1405 MiB.
2026-10-04T10:09:35Z INFO [117/1919] 3b270301-707a-4e60-a43b-bdb8f973a5ca: cophenetic index 624; 0.7 s; peak memory 1405 MiB.
2026-10-04T10:09:36Z INFO [118/1919] 3b271fc2-55d2-4341-b325-6d5b0aa35dce: cophenetic index 23393; 0.7 s; peak memory 1405 MiB.
2026-10-04T10:09:36Z INFO [119/1919] 3b275804-4fc1-4565-aade-10109cd62d68: cophenetic index 624; 0.6 s; peak memory 1405 MiB.
2026-10-04T10:09:39Z INFO [120/1919] 3b276f25-8a88-4323-a58c-94241ab6cce2: cophenetic index 50144; 3.3 s; peak memory 1405 MiB.
2026-10-04T10:09:40Z INFO [121/1919] 3b28ea78-d0f2-4e27-8385-0d1df278a33b: cophenetic index 723; 0.5 s; peak memory 1405 MiB.
2026-10-04T10:09:40Z INFO [122/1919] 3b290eab-6962-4526-80b4-b9b12edc6692: cophenetic index 543; 0.5 s; peak memory 1405 MiB.
2026-10-04T10:09:41Z INFO [123/1919] 3b29c838-b6c0-4d97-8c36-3414b33e5d67: cophenetic index 624; 0.6 s; peak memory 1405 MiB.
2026-10-04T10:09:43Z INFO [124/1919] 3b2b55e2-030b-4ed4-9bce-01967d6cd372: cophenetic index 662; 1.5 s; peak memory 1405 MiB.
2026-10-04T10:09:43Z INFO [125/1919] 3b2c8657-c482-405c-875a-cfd6a4b54111: cophenetic index 793; 0.9 s; peak memory 1405 MiB.
2026-10-04T10:09:45Z INFO [126/1919] 3b2d8c47-0009-4ed8-bf28-53f160898596: cophenetic index 688; 1.3 s; peak memory 1405 MiB.
2026-10-04T10:09:45Z INFO [127/1919] 3b2faa11-8ebe-4251-acaf-b05f92649aa8: cophenetic index 3004; 0.6 s; peak memory 1405 MiB.
2026-10-04T10:09:46Z INFO [128/1919] 3b2fe164-78ae-46c8-ab11-6f7805158086: cophenetic index 3087; 0.8 s; peak memory 1405 MiB.
2026-10-04T10:09:47Z INFO [129/1919] 3b309809-dbc8-440f-865e-2d338b2300b6: cophenetic index 649; 0.6 s; peak memory 1405 MiB.
2026-10-04T10:09:47Z INFO [130/1919] 3b30cb30-6f8b-4c57-9446-20d24385e4cb: cophenetic index 431; 0.7 s; peak memory 1405 MiB.
2026-10-04T10:09:48Z INFO [131/1919] 3b311023-db35-4b9f-a136-4b95ad086a18: cophenetic index 624; 0.6 s; peak memory 1405 MiB.
2026-10-04T10:09:49Z INFO [132/1919] 3b311f22-53b5-4387-aeb2-2a92da96bd73: cophenetic index 3004; 0.8 s; peak memory 1405 MiB.
2026-10-04T10:09:52Z INFO [133/1919] 3b31a5f9-320b-4cf2-9464-9c0be966c239: cophenetic index 41443; 2.7 s; peak memory 1405 MiB.
2026-10-04T10:09:55Z INFO [134/1919] 3b3201f9-b939-4d2b-a5e5-87e2ae9246ce: cophenetic index 5466; 3.7 s; peak memory 1405 MiB.
2026-10-04T10:09:57Z INFO [135/1919] 3b334aad-e436-41be-b908-2dbbd7eee676: cophenetic index 2391; 1.5 s; peak memory 1405 MiB.
2026-10-04T10:09:57Z INFO [136/1919] 3b336106-2cf0-4787-ae9f-1e933236a65a: cophenetic index 624; 0.5 s; peak memory 1405 MiB.
2026-10-04T10:09:58Z INFO [137/1919] 3b336f9b-6b04-447b-bc65-2a238e3047c7: cophenetic index 624; 0.6 s; peak memory 1405 MiB.
2026-10-04T10:09:59Z INFO [138/1919] 3b3397df-997c-4c7d-af3a-ad49a913f078: cophenetic index 624; 0.7 s; peak memory 1405 MiB.
2026-10-04T10:10:00Z INFO [139/1919] 3b33c8ad-ac25-4c02-b15a-a9e71fea1c1a: cophenetic index 2570; 0.9 s; peak memory 1405 MiB.
2026-10-04T10:10:00Z INFO [140/1919] 3b34ecd0-b3f8-42ac-83ea-cdbdf39091c7: cophenetic index 624; 0.8 s; peak memory 1405 MiB.
2026-10-04T10:10:01Z INFO [141/1919] 3b35142d-834f-4cbe-a1ac-4eee3a2658a8: cophenetic index 624; 0.5 s; peak memory 1405 MiB.
2026-10-04T10:10:02Z INFO [142/1919] 3b35b9d6-66d8-4533-82d4-37122ebd164b: cophenetic index 99138; 1.0 s; peak memory 1405 MiB.
2026-10-04T10:10:04Z INFO [143/1919] 3b36c7e2-866c-4ef2-84c5-39b4415ebc3a: cophenetic index 5473; 1.8 s; peak memory 1405 MiB.
2026-10-04T10:10:07Z INFO [144/1919] 3b36e729-3a16-444d-8c38-5efdd39d9ab6: cophenetic index 69731; 3.1 s; peak memory 1405 MiB.
2026-10-04T10:10:08Z INFO [145/1919] 3b370125-5ac2-4bd2-ba22-16ad771e1d7b: cophenetic index 1378; 1.1 s; peak memory 1405 MiB.
2026-10-04T10:10:09Z INFO [146/1919] 3b375f6b-5019-4547-8a18-c1c4fd16d3f3: cophenetic index 2625; 0.9 s; peak memory 1405 MiB.
2026-10-04T10:10:11Z INFO [147/1919] 3b377e55-4ca1-4a1d-84d0-c1605b9f9c3c: cophenetic index 6338; 2.3 s; peak memory 1405 MiB.
2026-10-04T10:10:12Z INFO [148/1919] 3b380084-a88d-4b23-b6db-81f4d363c847: cophenetic index 3004; 0.7 s; peak memory 1405 MiB.
2026-10-04T10:10:14Z INFO [149/1919] 3b38c6d5-6c37-4ca2-9f54-a8c15c50c973: cophenetic index 5473; 2.1 s; peak memory 1405 MiB.
2026-10-04T10:10:15Z INFO [150/1919] 3b38ed44-630f-43c9-9118-eac56df2a4f5: cophenetic index 439; 0.7 s; peak memory 1405 MiB.
2026-10-04T10:10:15Z INFO [150/1919] 3b38ed44-630f-43c9-9118-eac56df2a4f5: checkpointed 75476 records.
2026-10-04T10:10:15Z INFO [151/1919] 3b39a9cb-fd45-4ec1-a5a4-b9de6abba73b: cophenetic index 624; 0.6 s; peak memory 1405 MiB.
2026-10-04T10:10:16Z INFO [152/1919] 3b3a9e2c-73f3-48c7-be17-e5d78eb9a0bf: cophenetic index 1602; 0.7 s; peak memory 1405 MiB.
2026-10-04T10:10:17Z INFO [153/1919] 3b3c30b0-02b3-439c-ba6b-d2bbbc3d6e37: cophenetic index 3004; 0.7 s; peak memory 1405 MiB.
2026-10-04T10:10:18Z INFO [154/1919] 3b3d2440-f883-4f17-a997-4d2f6db73772: cophenetic index 624; 0.7 s; peak memory 1405 MiB.
2026-10-04T10:10:18Z INFO [155/1919] 3b3d8dd4-fd25-4377-9ef7-6fd1c20b8844: cophenetic index 3087; 0.6 s; peak memory 1405 MiB.
2026-10-04T10:10:19Z INFO [156/1919] 3b3e7530-382e-4a63-bece-b3f75d13e6a4: cophenetic index 2625; 0.9 s; peak memory 1405 MiB.
2026-10-04T10:10:20Z INFO [157/1919] 3b3e818b-bf4e-4b46-9a7d-1fcf3372e5fd: cophenetic index 722; 0.9 s; peak memory 1405 MiB.
2026-10-04T10:10:21Z INFO [158/1919] 3b3fbea7-8c16-414a-8429-74c8fb464619: cophenetic index 605; 1.1 s; peak memory 1405 MiB.
2026-10-04T10:10:22Z INFO [159/1919] 3b41469a-7880-40b5-abe1-013895d32280: cophenetic index 3004; 0.7 s; peak memory 1405 MiB.
2026-10-04T10:10:22Z INFO [160/1919] 3b4155c7-f8f4-45e7-89f9-2cf91b1f8a22: cophenetic index 3004; 0.7 s; peak memory 1405 MiB.
2026-10-04T10:10:23Z INFO [161/1919] 3b4187b6-5db6-4ca8-934c-1969b6e80f35: cophenetic index 490; 0.5 s; peak memory 1405 MiB.
2026-10-04T10:10:24Z INFO [162/1919] 3b41a5e6-d9c2-47c1-b33d-21e90b4f07cc: cophenetic index 23206; 0.8 s; peak memory 1405 MiB.
2026-10-04T10:10:24Z INFO [163/1919] 3b420fa7-3028-4642-b037-911fe3e4f5a3: cophenetic index 431; 0.7 s; peak memory 1405 MiB.
2026-10-04T10:10:25Z INFO [164/1919] 3b421ef6-fcec-42cc-bd30-ddb0fb4f73b9: cophenetic index 490; 0.4 s; peak memory 1405 MiB.
2026-10-04T10:10:25Z INFO [165/1919] 3b422fbc-49fb-4d7e-bc80-a262006be578: cophenetic index 624; 0.6 s; peak memory 1405 MiB.
2026-10-04T10:10:29Z INFO [166/1919] 3b4373d5-de39-492a-888f-96c22312c8c8: cophenetic index 80639; 3.8 s; peak memory 1405 MiB.
2026-10-04T10:10:30Z INFO [167/1919] 3b43e628-75e4-443d-a041-c4f5527810da: cophenetic index 649; 0.6 s; peak memory 1405 MiB.
2026-10-04T10:10:31Z INFO [168/1919] 3b4570fd-4f50-4035-bd04-365a51c101e6: cophenetic index 431; 0.8 s; peak memory 1405 MiB.
2026-10-04T10:10:31Z INFO [169/1919] 3b457c86-398d-4930-b165-57897a8ab695: cophenetic index 2625; 0.8 s; peak memory 1405 MiB.
2026-10-04T10:10:32Z INFO [170/1919] 3b465022-2518-4dbf-8706-a53f67641b57: cophenetic index 624; 0.7 s; peak memory 1405 MiB.
2026-10-04T10:10:33Z INFO [171/1919] 3b465c55-fa0a-4084-b781-8de915b6aa39: cophenetic index 452; 0.6 s; peak memory 1405 MiB.
2026-10-04T10:10:33Z INFO [172/1919] 3b47004f-30f8-4e4b-afe6-6c6f8856d900: cophenetic index 560; 0.5 s; peak memory 1405 MiB.
2026-10-04T10:10:34Z INFO [173/1919] 3b475c6c-2f52-429f-8846-08e008710e3c: cophenetic index 2682; 1.3 s; peak memory 1405 MiB.
2026-10-04T10:10:35Z INFO [174/1919] 3b47842a-8c8c-48ad-b636-52a5cd29c5aa: cophenetic index 649; 0.6 s; peak memory 1405 MiB.
2026-10-04T10:10:36Z INFO [175/1919] 3b48f23b-34b9-4b1c-8ae4-32c53c385258: cophenetic index 431; 0.6 s; peak memory 1405 MiB.
2026-10-04T10:10:36Z INFO [176/1919] 3b48fd2d-0240-4e2b-8351-355388f6ab47: cophenetic index 23272; 0.8 s; peak memory 1405 MiB.
2026-10-04T10:10:37Z INFO [177/1919] 3b4955de-aef3-4e07-a7ca-11d0cba1a063: cophenetic index 729; 0.4 s; peak memory 1405 MiB.
2026-10-04T10:10:38Z INFO [178/1919] 3b497d10-4346-4bab-b269-aa44801e9079: cophenetic index 624; 0.6 s; peak memory 1405 MiB.
2026-10-04T10:10:39Z INFO [179/1919] 3b49b043-3281-48c3-a7b1-2da86268c776: cophenetic index 12996; 1.2 s; peak memory 1405 MiB.
2026-10-04T10:10:39Z INFO [180/1919] 3b4a432d-ac33-4640-8d7d-a7ffee8f3f90: cophenetic index 413; 0.4 s; peak memory 1405 MiB.
2026-10-04T10:10:40Z INFO [181/1919] 3b4a6fc5-3e95-45fd-b139-8cadaed2d754: cophenetic index 631; 0.4 s; peak memory 1405 MiB.
2026-10-04T10:10:41Z INFO [182/1919] 3b4b8d5a-825c-4d6f-a272-298efa9d0596: cophenetic index 2524; 1.4 s; peak memory 1405 MiB.
2026-10-04T10:10:42Z INFO [183/1919] 3b4bb986-814f-4472-a333-215613101a46: cophenetic index 624; 0.6 s; peak memory 1405 MiB.
2026-10-04T10:10:42Z INFO [184/1919] 3b4d12fc-08b7-46a3-841c-378743554bee: cophenetic index 624; 0.6 s; peak memory 1405 MiB.
2026-10-04T10:10:43Z INFO [185/1919] 3b4d47bc-4623-478b-b974-2b470ce59fe4: cophenetic index 624; 0.6 s; peak memory 1405 MiB.
2026-10-04T10:10:48Z INFO [186/1919] 3b4dda77-385b-43e8-ae9f-6eb56215c85c: cophenetic index 47115; 5.3 s; peak memory 1405 MiB.
2026-10-04T10:10:49Z INFO [187/1919] 3b4e8c06-ef62-461b-949a-1576bcff07cd: cophenetic index 722; 0.7 s; peak memory 1405 MiB.
2026-10-04T10:10:49Z INFO [188/1919] 3b4eab3a-5f1a-4ac7-abc9-59f3b607c602: cophenetic index 431; 0.4 s; peak memory 1405 MiB.
2026-10-04T10:10:50Z INFO [189/1919] 3b4eabc1-0e6b-4ba2-a563-bb1896b23095: cophenetic index 579; 0.4 s; peak memory 1405 MiB.
2026-10-04T10:10:51Z INFO [190/1919] 3b4eb778-c7ce-4c84-8328-1f5aebe014d5: cophenetic index 2625; 0.9 s; peak memory 1405 MiB.
2026-10-04T10:10:51Z INFO [191/1919] 3b4f8306-7b78-40e7-b22e-1bc6ef74b24b: cophenetic index 690; 0.4 s; peak memory 1405 MiB.
2026-10-04T10:10:52Z INFO [192/1919] 3b4f8681-0485-432d-bd81-3b77d4d4fcfa: cophenetic index 3087; 0.7 s; peak memory 1405 MiB.
2026-10-04T10:10:52Z INFO [193/1919] 3b4fd8c0-92d7-4ae8-9d7f-e6d216a4a641: cophenetic index 2625; 0.7 s; peak memory 1405 MiB.
2026-10-04T10:10:53Z INFO [194/1919] 3b5005c6-0c16-4a2a-88a1-18ad3e04cb5a: cophenetic index 624; 0.7 s; peak memory 1405 MiB.
2026-10-04T10:11:00Z INFO [195/1919] 3b5015cc-0415-4325-80e4-eb7f9e64aa74: cophenetic index 783058; 7.0 s; peak memory 1405 MiB.
2026-10-04T10:11:01Z INFO [196/1919] 3b50790a-2172-498d-87c8-ee41349b520a: cophenetic index 624; 0.6 s; peak memory 1405 MiB.
2026-10-04T10:11:02Z INFO [197/1919] 3b509434-2d90-4f2f-947f-aeff3b557c66: cophenetic index 2625; 0.8 s; peak memory 1405 MiB.
2026-10-04T10:11:02Z INFO [198/1919] 3b514972-528e-42b2-9f71-35ad160afbb8: cophenetic index 441; 0.7 s; peak memory 1405 MiB.
2026-10-04T10:11:05Z INFO [199/1919] 3b51e2bb-d071-435c-9f62-1d45bcc687a9: cophenetic index 14234; 2.7 s; peak memory 1405 MiB.
2026-10-04T10:11:06Z INFO [200/1919] 3b51ed79-14b8-470c-a206-886ea3db5ec7: cophenetic index 33986; 0.9 s; peak memory 1405 MiB.
2026-10-04T10:11:06Z INFO [200/1919] 3b51ed79-14b8-470c-a206-886ea3db5ec7: checkpointed 75526 records.
2026-10-04T10:11:07Z INFO [201/1919] 3b521ffc-f135-4181-b2cb-63c68bef1c01: cophenetic index 1380; 0.8 s; peak memory 1405 MiB.
2026-10-04T10:11:07Z INFO [202/1919] 3b52b5f6-2e04-4c14-b657-bf5dbec682f7: cophenetic index 1042; 0.7 s; peak memory 1405 MiB.
2026-10-04T10:11:08Z INFO [203/1919] 3b52bd89-ff2f-4bd4-a3fd-ac8cdf021981: cophenetic index 2974; 0.6 s; peak memory 1405 MiB.
2026-10-04T10:11:09Z INFO [204/1919] 3b53b021-db48-4e62-a1b8-9f8cd819d185: cophenetic index 4301; 1.4 s; peak memory 1405 MiB.
2026-10-04T10:11:10Z INFO [205/1919] 3b53d840-8e3d-4472-8b0b-7fb1a027a128: cophenetic index 621; 0.9 s; peak memory 1405 MiB.
2026-10-04T10:11:11Z INFO [206/1919] 3b54f4b2-2e13-4a1b-899f-1e04e2800ffc: cophenetic index 624; 0.6 s; peak memory 1405 MiB.
2026-10-04T10:11:12Z INFO [207/1919] 3b559992-f739-4b99-beb2-938eb8b8073e: cophenetic index 3004; 0.8 s; peak memory 1405 MiB.
2026-10-04T10:11:13Z INFO [208/1919] 3b565fe2-9d78-4fdd-bfdb-54d63fc326c2: cophenetic index 2625; 0.9 s; peak memory 1405 MiB.
2026-10-04T10:11:13Z INFO [209/1919] 3b56e228-bad1-4aee-92c8-1b4c0f7970fe: cophenetic index 2625; 0.8 s; peak memory 1405 MiB.
2026-10-04T10:11:14Z INFO [210/1919] 3b575ba4-0831-4cc3-91b1-bb9c00c2ddec: cophenetic index 33986; 0.8 s; peak memory 1405 MiB.
2026-10-04T10:11:16Z INFO [211/1919] 3b57b4fd-ad8e-4e74-9a4a-ad436e4d7e88: cophenetic index 959; 1.3 s; peak memory 1405 MiB.
2026-10-04T10:11:30Z INFO [212/1919] 3b57d40e-d567-4f8f-b06f-d60123865075: cophenetic index 281556; 14.2 s; peak memory 1405 MiB.
2026-10-04T10:11:31Z INFO [213/1919] 3b5817e4-8ca1-4963-b311-14eda206a273: cophenetic index 895; 1.4 s; peak memory 1405 MiB.
2026-10-04T10:11:32Z INFO [214/1919] 3b58fac8-c7b7-4c57-a42d-63af8381a325: cophenetic index 490; 0.4 s; peak memory 1405 MiB.
2026-10-04T10:11:32Z INFO [215/1919] 3b591d4f-4f24-4516-a2ec-3bbca683df76: cophenetic index 634; 0.7 s; peak memory 1405 MiB.
2026-10-04T10:11:33Z INFO [216/1919] 3b59ac7d-fdcf-4250-9c15-d9a5298e0a52: cophenetic index 33968; 0.9 s; peak memory 1405 MiB.
2026-10-04T10:11:34Z INFO [217/1919] 3b59fcae-cf44-4089-b7f8-7ac3966072d3: cophenetic index 99150; 1.0 s; peak memory 1405 MiB.
2026-10-04T10:11:51Z INFO [218/1919] 3b5a3bf4-408d-4033-825a-bcb713654bbd: cophenetic index 43036034; 16.8 s; peak memory 1405 MiB.
2026-10-04T10:11:52Z INFO [219/1919] 3b5b49f0-1e4a-4607-9b55-37953d6fd84e: cophenetic index 613; 0.9 s; peak memory 1405 MiB.
2026-10-04T10:11:52Z INFO [220/1919] 3b5bc7cd-1079-48f2-be63-66f3d9129068: cophenetic index 2974; 0.6 s; peak memory 1405 MiB.
2026-10-04T10:11:53Z INFO [221/1919] 3b5bcf2b-3f00-4352-b38a-2fb1b1a9285a: cophenetic index 469; 0.5 s; peak memory 1405 MiB.
2026-10-04T10:11:53Z INFO [222/1919] 3b5c78f2-0d2b-4264-8041-3e2bdf0a7769: cophenetic index 624; 0.6 s; peak memory 1405 MiB.
2026-10-04T10:11:54Z INFO [223/1919] 3b5ce19b-98b5-41da-9a14-5320b835871d: cophenetic index 23866; 0.7 s; peak memory 1405 MiB.
2026-10-04T10:11:55Z INFO [224/1919] 3b5d031d-3b7c-41e8-a12e-1e38b6f3a69e: cophenetic index 560; 0.5 s; peak memory 1405 MiB.
2026-10-04T10:11:56Z INFO [225/1919] 3b5d1acb-5b6c-4ceb-a179-d7b2c0fc07ff: cophenetic index 33998; 1.1 s; peak memory 1405 MiB.
2026-10-04T10:11:57Z INFO [226/1919] 3b5e20f0-98b7-46ca-8992-ad4a67b390e2: cophenetic index 3087; 0.9 s; peak memory 1405 MiB.
2026-10-04T10:11:57Z INFO [227/1919] 3b5ee9fd-5955-4a88-9b84-bbfd5c836afe: cophenetic index 624; 0.6 s; peak memory 1405 MiB.
2026-10-04T10:11:58Z INFO [228/1919] 3b5f4baf-3e2d-4752-9ae3-bc8ffd7f1894: cophenetic index 33962; 0.9 s; peak memory 1405 MiB.
2026-10-04T10:11:59Z INFO [229/1919] 3b5fbc1f-9851-4ab0-8fc7-e384968b9040: cophenetic index 3057; 0.6 s; peak memory 1405 MiB.
2026-10-04T10:12:00Z INFO [230/1919] 3b605c66-35e5-4c12-bac3-b4b032c4ae8d: cophenetic index 3004; 0.8 s; peak memory 1405 MiB.
2026-10-04T10:12:01Z INFO [231/1919] 3b60a3d9-0616-4b97-848b-7d922494a157: cophenetic index 33998; 1.0 s; peak memory 1405 MiB.
2026-10-04T10:12:01Z INFO [232/1919] 3b60d1ad-16a2-432c-967a-d6aff5ca0ec3: cophenetic index 2625; 0.8 s; peak memory 1405 MiB.
2026-10-04T10:12:02Z INFO [233/1919] 3b60d362-2cca-4d3f-8020-0b29fecf416b: cophenetic index 624; 0.7 s; peak memory 1405 MiB.
2026-10-04T10:12:03Z INFO [234/1919] 3b615422-48b6-4a2c-8855-5c5362801780: cophenetic index 624; 0.6 s; peak memory 1405 MiB.
2026-10-04T10:12:03Z INFO [235/1919] 3b61853f-f88c-4f3e-a106-80f108fd557a: cophenetic index 624; 0.6 s; peak memory 1405 MiB.
2026-10-04T10:12:04Z INFO [236/1919] 3b624fd2-4373-49cd-9e2e-f06065fb97c9: cophenetic index 33962; 0.9 s; peak memory 1405 MiB.
2026-10-04T10:12:05Z INFO [237/1919] 3b62a536-d868-4861-8d6c-8d8158751a6f: cophenetic index 2974; 0.6 s; peak memory 1405 MiB.
2026-10-04T10:12:05Z INFO [238/1919] 3b63522f-3ad4-4ab0-b83a-73b77c5dcdde: cophenetic index 490; 0.3 s; peak memory 1405 MiB.
2026-10-04T10:12:06Z INFO [239/1919] 3b6374e5-a25f-4a2b-9027-ca4fd7b6ef49: cophenetic index 649; 0.7 s; peak memory 1405 MiB.
2026-10-04T10:12:07Z INFO [240/1919] 3b63a2e0-a574-4435-9166-5e56f31e344d: cophenetic index 3087; 0.8 s; peak memory 1405 MiB.
2026-10-04T10:12:09Z INFO [241/1919] 3b64176f-336b-4302-b964-bad2adba57da: cophenetic index 26587; 1.9 s; peak memory 1405 MiB.
2026-10-04T10:12:10Z INFO [242/1919] 3b647da4-f1b1-43f1-a1ff-367984d319f9: cophenetic index 38460; 1.1 s; peak memory 1405 MiB.
2026-10-04T10:12:11Z INFO [243/1919] 3b64b27f-7e31-4df5-846a-69582c106c25: cophenetic index 2625; 0.8 s; peak memory 1405 MiB.
2026-10-04T10:12:11Z INFO [244/1919] 3b656a05-bd5b-42f9-821b-e141260c7295: cophenetic index 624; 0.6 s; peak memory 1405 MiB.
2026-10-04T10:12:14Z INFO [245/1919] 3b658856-79ac-49ca-b4d6-112caaafe1f1: cophenetic index 1733; 2.4 s; peak memory 1405 MiB.
2026-10-04T10:12:14Z INFO [246/1919] 3b663394-7344-487a-a0e5-7f9ede862e0b: cophenetic index 624; 0.6 s; peak memory 1405 MiB.
2026-10-04T10:12:15Z INFO [247/1919] 3b665787-25f1-438d-a01c-38be8beb88d3: cophenetic index 2496; 0.9 s; peak memory 1405 MiB.
2026-10-04T10:12:16Z INFO [248/1919] 3b687069-bf09-499a-9857-19334b890444: cophenetic index 1002; 0.7 s; peak memory 1405 MiB.
2026-10-04T10:12:16Z INFO [249/1919] 3b6933fc-e25e-4e21-ba35-a3af3aefc664: cophenetic index 1739; 0.7 s; peak memory 1405 MiB.
2026-10-04T10:12:17Z INFO [250/1919] 3b695e88-5139-445f-aa4f-838f8628d47a: cophenetic index 2625; 0.8 s; peak memory 1405 MiB.
2026-10-04T10:12:17Z INFO [250/1919] 3b695e88-5139-445f-aa4f-838f8628d47a: checkpointed 75576 records.
2026-10-04T10:12:18Z INFO [251/1919] 3b696d5b-9b05-4d0f-ae3c-f55cc09b3a3e: cophenetic index 624; 0.8 s; peak memory 1405 MiB.
2026-10-04T10:12:19Z INFO [252/1919] 3b6beea2-c5cb-4242-b108-7667d45ac36a: cophenetic index 630; 0.6 s; peak memory 1405 MiB.
2026-10-04T10:12:19Z INFO [253/1919] 3b6c1d9d-286c-4a1b-a4ab-96f5d26f86b6: cophenetic index 23206; 0.7 s; peak memory 1405 MiB.
2026-10-04T10:12:20Z INFO [254/1919] 3b6cae92-e509-415d-b816-d8ddbb60c54f: cophenetic index 624; 0.6 s; peak memory 1405 MiB.
2026-10-04T10:12:21Z INFO [255/1919] 3b6d2315-d0d1-4acc-b7ec-4539ac05c0f7: cophenetic index 959; 1.4 s; peak memory 1405 MiB.
2026-10-04T10:12:26Z INFO [256/1919] 3b6dc57d-782d-467c-ba86-ea740b0ec275: cophenetic index 14832; 4.3 s; peak memory 1405 MiB.
2026-10-04T10:12:28Z INFO [257/1919] 3b6e4dd7-4de3-4eae-b0ac-10fe6e6111ea: cophenetic index 2241; 1.8 s; peak memory 1405 MiB.
2026-10-04T10:12:30Z INFO [258/1919] 3b6eab21-ffdd-4ee8-965e-5f6327decccf: cophenetic index 1733; 2.0 s; peak memory 1405 MiB.
2026-10-04T10:12:30Z INFO [259/1919] 3b6f9a48-6e4f-4a09-bf19-a62f666594d7: cophenetic index 624; 0.6 s; peak memory 1405 MiB.
2026-10-04T10:12:31Z INFO [260/1919] 3b6fc955-62cb-4567-bddc-2accbfc4f17b: cophenetic index 605; 0.7 s; peak memory 1405 MiB.
2026-10-04T10:12:32Z INFO [261/1919] 3b7024a1-e78c-42b9-9c15-91dddd5ca3d6: cophenetic index 1087; 0.8 s; peak memory 1405 MiB.
2026-10-04T10:12:32Z INFO [262/1919] 3b703132-846f-45e9-bf0b-42a4f240a835: cophenetic index 605; 0.8 s; peak memory 1405 MiB.
2026-10-04T10:12:34Z INFO [263/1919] 3b70b9b2-12c6-43ef-bd1b-d97bf1984c93: cophenetic index 2105; 1.1 s; peak memory 1405 MiB.
2026-10-04T10:12:35Z INFO [264/1919] 3b70f4e4-fe68-4368-bdbf-2202a8bbc7c2: cophenetic index 1563; 1.1 s; peak memory 1405 MiB.
2026-10-04T10:12:35Z INFO [265/1919] 3b711e32-1e85-4893-be62-93c86e25ac81: cophenetic index 2776; 0.7 s; peak memory 1405 MiB.
2026-10-04T10:12:37Z INFO [266/1919] 3b71c07f-b237-4675-80dd-70cd857c5283: cophenetic index 1889; 1.9 s; peak memory 1405 MiB.
2026-10-04T10:12:38Z INFO [267/1919] 3b7216f4-3bee-40e0-bd15-6ca83993e138: cophenetic index 710; 1.0 s; peak memory 1405 MiB.
2026-10-04T10:12:39Z INFO [268/1919] 3b7242fe-b037-4852-bde3-28e39d37e826: cophenetic index 497; 0.6 s; peak memory 1405 MiB.
2026-10-04T10:12:40Z INFO [269/1919] 3b7253a1-3552-4261-95f2-d7c841480e89: cophenetic index 3087; 0.8 s; peak memory 1405 MiB.
2026-10-04T10:12:40Z INFO [270/1919] 3b7280d0-821e-4d87-9095-a19f56910ac0: cophenetic index 497; 0.6 s; peak memory 1405 MiB.
2026-10-04T10:12:41Z INFO [271/1919] 3b72e107-5cec-49cc-a6ac-a42a03e4b63c: cophenetic index 23853; 1.1 s; peak memory 1405 MiB.
2026-10-04T10:12:42Z INFO [272/1919] 3b739084-7313-4e4a-bfff-feb025470f7a: cophenetic index 1006; 0.8 s; peak memory 1405 MiB.
2026-10-04T10:12:43Z INFO [273/1919] 3b740046-b6a2-4f7e-b3a2-27c2238c8c0c: cophenetic index 3057; 0.6 s; peak memory 1405 MiB.
2026-10-04T10:12:43Z INFO [274/1919] 3b754727-a168-4795-9cbc-b1d07a5b1617: cophenetic index 497; 0.6 s; peak memory 1405 MiB.
2026-10-04T10:12:44Z INFO [275/1919] 3b766037-a6bf-4d60-92be-25b91ca3b714: cophenetic index 2814; 0.6 s; peak memory 1405 MiB.
2026-10-04T10:12:45Z INFO [276/1919] 3b76c451-1764-415d-beb7-831284b0b1eb: cophenetic index 33998; 1.0 s; peak memory 1405 MiB.
2026-10-04T10:12:46Z INFO [277/1919] 3b778c2f-69df-4167-9f40-97af1fff46ef: cophenetic index 624; 0.7 s; peak memory 1405 MiB.
2026-10-04T10:12:53Z INFO [278/1919] 3b7993e7-081d-4bbd-9ce2-96fb856772b5: cophenetic index 656775; 7.2 s; peak memory 1405 MiB.
2026-10-04T10:12:55Z INFO [279/1919] 3b7a0594-44f8-42ce-bf38-4968cc8af3f3: cophenetic index 2402; 1.5 s; peak memory 1405 MiB.
2026-10-04T10:12:56Z INFO [280/1919] 3b7ac9c3-1ce1-4e14-bae4-883d40d7ec26: cophenetic index 6641; 1.4 s; peak memory 1405 MiB.
2026-10-04T10:12:57Z INFO [281/1919] 3b7b1f79-a525-4cb2-9100-28761d6804f7: cophenetic index 2625; 0.8 s; peak memory 1405 MiB.
2026-10-04T10:12:57Z INFO [282/1919] 3b7b3d06-aef6-41c8-8b38-bba5dad3019a: cophenetic index 624; 0.6 s; peak memory 1405 MiB.
2026-10-04T10:12:58Z INFO [283/1919] 3b7b5fda-39ed-4167-90fd-95372ae0c994: cophenetic index 2974; 0.6 s; peak memory 1405 MiB.
2026-10-04T10:12:58Z INFO [284/1919] 3b7bd276-8da4-44aa-99c1-a1ef9e4854a2: cophenetic index 624; 0.5 s; peak memory 1405 MiB.
2026-10-04T10:12:59Z INFO [285/1919] 3b7bd2be-1a35-4dbc-9bc1-e85c82fba43d: cophenetic index 649; 0.6 s; peak memory 1405 MiB.
2026-10-04T10:13:02Z INFO [286/1919] 3b7be587-7ef3-45e8-a741-4dbf64201977: cophenetic index 58774; 3.4 s; peak memory 1405 MiB.
2026-10-04T10:13:03Z INFO [287/1919] 3b7beae4-c322-4ff8-9d70-eb1ad65ba6fe: cophenetic index 431; 0.6 s; peak memory 1405 MiB.
2026-10-04T10:13:04Z INFO [288/1919] 3b7c344b-0295-43c5-9d9d-9360f5f84747: cophenetic index 624; 0.6 s; peak memory 1405 MiB.
2026-10-04T10:13:04Z INFO [289/1919] 3b7d7337-08d4-4225-8e85-2f01531c3390: cophenetic index 164; 0.4 s; peak memory 1405 MiB.
2026-10-04T10:13:05Z INFO [290/1919] 3b7d80b8-ce41-4ca8-8094-9ebdd1669ad8: cophenetic index 431; 0.7 s; peak memory 1405 MiB.
2026-10-04T10:13:07Z INFO [291/1919] 3b7e7513-63f4-46ed-9dc5-8ecffa61cf2a: cophenetic index 5473; 1.9 s; peak memory 1405 MiB.
2026-10-04T10:13:07Z INFO [292/1919] 3b7f80ee-4bb8-426f-bd80-8485914c5d32: cophenetic index 2724; 0.7 s; peak memory 1405 MiB.
2026-10-04T10:13:08Z INFO [293/1919] 3b810fc3-8092-4bb6-8e41-d38b6cd40df3: cophenetic index 624; 0.5 s; peak memory 1405 MiB.
2026-10-04T10:13:10Z INFO [294/1919] 3b811a3a-8037-427f-9528-d2fcb9e7f66f: cophenetic index 5473; 1.8 s; peak memory 1405 MiB.
2026-10-04T10:13:10Z INFO [295/1919] 3b8127d9-4c48-4264-bdf3-1475bc8f82a2: cophenetic index 624; 0.7 s; peak memory 1405 MiB.
2026-10-04T10:13:11Z INFO [296/1919] 3b8176c8-b2c5-4b93-ac2a-dcd143eaa70d: cophenetic index 624; 0.6 s; peak memory 1405 MiB.
2026-10-04T10:13:12Z INFO [297/1919] 3b81b3b7-83df-4029-985c-29372b01d632: cophenetic index 624; 0.7 s; peak memory 1405 MiB.
2026-10-04T10:13:12Z INFO [298/1919] 3b81c730-9441-4f11-a205-86b733804396: cophenetic index 490; 0.4 s; peak memory 1405 MiB.
2026-10-04T10:13:13Z INFO [299/1919] 3b81db6e-1f1c-4824-9d9f-3c4003902c82: cophenetic index 431; 0.6 s; peak memory 1405 MiB.
2026-10-04T10:13:13Z INFO [300/1919] 3b829416-1cd5-4eed-8d66-73477f62f4ae: cophenetic index 624; 0.5 s; peak memory 1405 MiB.
2026-10-04T10:13:13Z INFO [300/1919] 3b829416-1cd5-4eed-8d66-73477f62f4ae: checkpointed 75626 records.
2026-10-04T10:13:14Z INFO [301/1919] 3b82f4a6-214f-4e66-933e-de6737f4b0f2: cophenetic index 2625; 0.9 s; peak memory 1405 MiB.
2026-10-04T10:13:15Z INFO [302/1919] 3b841939-ff7e-4543-94fd-0da4c6159460: cophenetic index 624; 0.6 s; peak memory 1405 MiB.
2026-10-04T10:13:20Z INFO [303/1919] 3b85a865-2bc0-4062-bb52-5ab5f2fa80f5: cophenetic index 3790353; 5.4 s; peak memory 1405 MiB.
2026-10-04T10:13:21Z INFO [304/1919] 3b861711-defa-4d49-b3b5-a191fd1f180f: cophenetic index 99150; 1.4 s; peak memory 1405 MiB.
2026-10-04T10:13:22Z INFO [305/1919] 3b86c28a-fcff-42eb-bbb3-edf65bc2fb19: cophenetic index 2625; 0.6 s; peak memory 1405 MiB.
2026-10-04T10:13:23Z INFO [306/1919] 3b8726aa-75ff-4c20-a5d3-b44a2c48fa0a: cophenetic index 2625; 0.7 s; peak memory 1405 MiB.
2026-10-04T10:13:24Z INFO [307/1919] 3b880bde-dbed-4466-8f47-3654725c57d8: cophenetic index 2625; 0.8 s; peak memory 1405 MiB.
2026-10-04T10:13:24Z INFO [308/1919] 3b88175f-1ad5-4c0e-920e-5db8b1124b80: cophenetic index 3087; 0.7 s; peak memory 1405 MiB.
2026-10-04T10:13:30Z INFO [309/1919] 3b884607-fb79-486e-b14a-2d6854d37496: cophenetic index 47115; 5.2 s; peak memory 1405 MiB.
2026-10-04T10:13:30Z INFO [310/1919] 3b8886ac-562e-41f4-b273-2750b34322e3: cophenetic index 490; 0.6 s; peak memory 1405 MiB.
2026-10-04T10:13:31Z INFO [311/1919] 3b88c50a-1cfa-47a8-b784-6a81a4267906: cophenetic index 624; 0.6 s; peak memory 1405 MiB.
2026-10-04T10:13:32Z INFO [312/1919] 3b88fbd4-f4de-474a-b09c-9e1aa84fea01: cophenetic index 2524; 1.3 s; peak memory 1405 MiB.
2026-10-04T10:13:53Z INFO [313/1919] 3b894e82-70db-4e2f-af8b-a3d09a050708: cophenetic index 107622896; 21.4 s; peak memory 1405 MiB.
2026-10-04T10:13:54Z INFO [314/1919] 3b895c6a-c3eb-4788-8df5-67543189a642: cophenetic index 2974; 0.7 s; peak memory 1405 MiB.
2026-10-04T10:13:55Z INFO [315/1919] 3b89d6e4-59d6-4d24-955d-7dc8f40c3a8a: cophenetic index 1010; 0.6 s; peak memory 1405 MiB.
2026-10-04T10:13:56Z INFO [316/1919] 3b8bb993-a54e-43b7-85e5-fbe54e7bf366: cophenetic index 33962; 0.9 s; peak memory 1405 MiB.
2026-10-04T10:13:56Z INFO [317/1919] 3b8cef18-0508-4cce-a677-540b08545984: cophenetic index 624; 0.6 s; peak memory 1405 MiB.
2026-10-04T10:14:00Z INFO [318/1919] 3b8d4530-1136-434c-baac-09d41643e5ac: cophenetic index 84686; 3.7 s; peak memory 1405 MiB.
2026-10-04T10:14:01Z INFO [319/1919] 3b8d5d9d-aed0-475a-8f15-937af05c8bd3: cophenetic index 33986; 0.7 s; peak memory 1405 MiB.
2026-10-04T10:14:05Z INFO [320/1919] 3b8eb562-c622-40b5-9f91-74c4a4b5033d: cophenetic index 104685; 4.0 s; peak memory 1405 MiB.
2026-10-04T10:14:07Z INFO [321/1919] 3b8ecfef-484b-49d7-90c0-631676544764: cophenetic index 3735; 1.9 s; peak memory 1405 MiB.
2026-10-04T10:14:07Z INFO [322/1919] 3b8ee649-d9a5-47ca-8d50-3bbe419c34cd: cophenetic index 624; 0.6 s; peak memory 1405 MiB.
2026-10-04T10:14:08Z INFO [323/1919] 3b8f37cc-f1a5-4ccf-bf27-b541e7a12e44: cophenetic index 431; 0.9 s; peak memory 1405 MiB.
2026-10-04T10:14:09Z INFO [324/1919] 3b8f8a75-8ff5-4056-9b54-547774e2b018: cophenetic index 3972; 0.9 s; peak memory 1405 MiB.
2026-10-04T10:14:11Z INFO [325/1919] 3b8fc315-0645-4764-857d-b9f1b1af9af4: cophenetic index 2469; 1.7 s; peak memory 1405 MiB.
2026-10-04T10:14:11Z INFO [326/1919] 3b8fed66-6c82-4952-9c51-a48d6ab32eb4: cophenetic index 34204; 0.8 s; peak memory 1405 MiB.
2026-10-04T10:14:12Z INFO [327/1919] 3b90132d-a9fd-415f-9a44-891417d52450: cophenetic index 431; 0.8 s; peak memory 1405 MiB.
2026-10-04T10:14:15Z INFO [328/1919] 3b904398-3a01-4f3c-88e0-0f6e7aa7c401: cophenetic index 42921; 2.8 s; peak memory 1405 MiB.
2026-10-04T10:14:16Z INFO [329/1919] 3b904beb-f340-4f08-8795-c7307b18c2a5: cophenetic index 627; 0.5 s; peak memory 1405 MiB.
2026-10-04T10:14:16Z INFO [330/1919] 3b91067d-28f6-42c0-97a5-cd33945f625f: cophenetic index 3087; 0.8 s; peak memory 1405 MiB.
2026-10-04T10:14:17Z INFO [331/1919] 3b91464f-7506-452a-b3fc-f2fd00bcaf52: cophenetic index 33818; 1.0 s; peak memory 1405 MiB.
2026-10-04T10:14:18Z INFO [332/1919] 3b9365ca-8d5c-4026-8b98-76c74387a498: cophenetic index 490; 0.3 s; peak memory 1405 MiB.
2026-10-04T10:14:18Z INFO [333/1919] 3b93a4a1-75cb-4b15-99eb-50b57c94cb5c: cophenetic index 624; 0.6 s; peak memory 1405 MiB.
2026-10-04T10:14:19Z INFO [334/1919] 3b948487-4c1e-415a-a1fd-06dc2e24d48e: cophenetic index 3004; 0.7 s; peak memory 1405 MiB.
2026-10-04T10:14:20Z INFO [335/1919] 3b95077d-44bc-4a85-9b17-99dffddec3fb: cophenetic index 649; 0.6 s; peak memory 1405 MiB.
2026-10-04T10:14:23Z INFO [336/1919] 3b95080c-ec66-4970-9bfa-31eb01a8b447: cophenetic index 9298; 3.0 s; peak memory 1405 MiB.
2026-10-04T10:14:24Z INFO [337/1919] 3b951700-8219-4af8-92a0-a0426ac1a75f: cophenetic index 2570; 0.8 s; peak memory 1405 MiB.
2026-10-04T10:14:25Z INFO [338/1919] 3b95967b-659e-4397-a9a9-7ff483718114: cophenetic index 6636; 1.4 s; peak memory 1405 MiB.
2026-10-04T10:14:26Z INFO [339/1919] 3b96143e-275f-4822-8b52-47c0c34e7df0: cophenetic index 1378; 1.1 s; peak memory 1405 MiB.
2026-10-04T10:14:27Z INFO [340/1919] 3b9621db-206d-41c0-90b7-c7d774315d38: cophenetic index 1523; 0.7 s; peak memory 1405 MiB.
2026-10-04T10:14:27Z INFO [341/1919] 3b9754cd-ec8c-40bf-b645-935a3909e281: cophenetic index 3004; 0.7 s; peak memory 1405 MiB.
2026-10-04T10:14:28Z INFO [342/1919] 3b9758fd-2881-4221-8e6b-697c5594f7be: cophenetic index 2570; 0.6 s; peak memory 1405 MiB.
2026-10-04T10:14:29Z INFO [343/1919] 3b9778f0-d4b9-4abf-8927-43148c1a3d68: cophenetic index 624; 0.7 s; peak memory 1405 MiB.
2026-10-04T10:14:30Z INFO [344/1919] 3b97a8f3-9c22-4399-9492-c092b5e2e31e: cophenetic index 766; 0.8 s; peak memory 1405 MiB.
2026-10-04T10:14:30Z INFO [345/1919] 3b97efb1-7ab8-433e-a98b-ca2c229c1405: cophenetic index 33968; 0.7 s; peak memory 1405 MiB.
2026-10-04T10:14:33Z INFO [346/1919] 3b984346-cd37-4a3e-a9a2-98b5d166968e: cophenetic index 9181; 3.1 s; peak memory 1405 MiB.
2026-10-04T10:14:34Z INFO [347/1919] 3b985e57-5a91-4704-82b3-16ad2b84cf3f: cophenetic index 3087; 0.6 s; peak memory 1405 MiB.
2026-10-04T10:14:35Z INFO [348/1919] 3b986f3e-81a3-4b52-abe1-eacd297e062b: cophenetic index 1949; 0.8 s; peak memory 1405 MiB.
2026-10-04T10:14:35Z INFO [349/1919] 3b98b15b-a6c1-4ccd-880d-034f29dd1f85: cophenetic index 2974; 0.7 s; peak memory 1405 MiB.
2026-10-04T10:14:36Z INFO [350/1919] 3b996034-4929-4d6f-809b-3740949fbe4c: cophenetic index 2625; 0.8 s; peak memory 1405 MiB.
2026-10-04T10:14:36Z INFO [350/1919] 3b996034-4929-4d6f-809b-3740949fbe4c: checkpointed 75676 records.
2026-10-04T10:14:37Z INFO [351/1919] 3b9973c3-497b-4726-8518-4dd168759c27: cophenetic index 624; 0.6 s; peak memory 1405 MiB.
2026-10-04T10:14:37Z INFO [352/1919] 3b9976c6-a94a-4cc8-a96b-8d730d6ef1cd: cophenetic index 413; 0.4 s; peak memory 1405 MiB.
2026-10-04T10:14:38Z INFO [353/1919] 3b99ff8a-b7bb-4e04-9e18-9debe66ba7b0: cophenetic index 745; 0.5 s; peak memory 1405 MiB.
2026-10-04T10:14:39Z INFO [354/1919] 3b9b602b-ba70-4a8b-97d0-2d2ce9c21b9e: cophenetic index 624; 0.6 s; peak memory 1405 MiB.
2026-10-04T10:14:39Z INFO [355/1919] 3b9baf21-51da-456e-a1aa-21ba8df864c4: cophenetic index 2625; 0.9 s; peak memory 1405 MiB.
2026-10-04T10:14:40Z INFO [356/1919] 3b9cb5fd-0e6d-4cd3-92ff-0b6811253821: cophenetic index 579; 0.4 s; peak memory 1405 MiB.
2026-10-04T10:14:41Z INFO [357/1919] 3b9cb932-948d-4932-80b9-0eee1b1d9c00: cophenetic index 949; 0.8 s; peak memory 1405 MiB.
2026-10-04T10:14:42Z INFO [358/1919] 3b9d699b-60f3-435c-8fd4-0c6ed7c2a874: cophenetic index 33998; 1.3 s; peak memory 1405 MiB.
2026-10-04T10:14:46Z INFO [359/1919] 3b9e554f-7df1-41dd-8f07-d95ff52af811: cophenetic index 87573; 3.8 s; peak memory 1405 MiB.
2026-10-04T10:14:46Z INFO [360/1919] 3b9e6177-9661-47d9-b150-734d33f5facc: cophenetic index 33986; 0.8 s; peak memory 1405 MiB.
2026-10-04T10:14:52Z INFO [361/1919] 3b9e681d-115c-4e2d-9a66-dd1c6b0cc859: cophenetic index 47144; 5.7 s; peak memory 1405 MiB.
2026-10-04T10:14:54Z INFO [362/1919] 3b9ee466-0586-4fe5-9f30-516304ff79b0: cophenetic index 5473; 1.9 s; peak memory 1405 MiB.
2026-10-04T10:14:55Z INFO [363/1919] 3b9f031f-3c97-47b1-994e-0f1d6da8c669: cophenetic index 605; 0.9 s; peak memory 1405 MiB.
2026-10-04T10:14:57Z INFO [364/1919] 3b9f157c-b14f-40e8-9b3a-30f82c90d571: cophenetic index 332273; 2.3 s; peak memory 1405 MiB.
2026-10-04T10:14:59Z INFO [365/1919] 3b9f4fd9-9875-4ef8-8c9d-5894561841b1: cophenetic index 2391; 1.7 s; peak memory 1405 MiB.
2026-10-04T10:15:00Z INFO [366/1919] 3ba01b21-ebc8-46ea-b7f7-41c1d2ab493d: cophenetic index 2625; 0.9 s; peak memory 1405 MiB.
2026-10-04T10:15:01Z INFO [367/1919] 3ba044a0-c6b9-4ad4-8456-81de1acc2013: cophenetic index 41788; 1.1 s; peak memory 1405 MiB.
2026-10-04T10:15:02Z INFO [368/1919] 3ba0c5ec-d9aa-4011-9780-71fe2d5f3fa3: cophenetic index 3004; 0.8 s; peak memory 1405 MiB.
2026-10-04T10:15:02Z INFO [369/1919] 3ba0f577-9bd9-43eb-98f5-79010d073e3f: cophenetic index 1949; 0.7 s; peak memory 1405 MiB.
2026-10-04T10:15:03Z INFO [370/1919] 3ba2c168-af36-465f-b38c-b854432192a4: cophenetic index 2974; 0.7 s; peak memory 1405 MiB.
2026-10-04T10:15:04Z INFO [371/1919] 3ba3235e-f782-4285-b9f5-3c027246290b: cophenetic index 972; 0.9 s; peak memory 1405 MiB.
2026-10-04T10:15:08Z INFO [372/1919] 3ba37333-7b76-45de-836f-efd35278a155: cophenetic index 77999; 3.6 s; peak memory 1405 MiB.
2026-10-04T10:15:09Z INFO [373/1919] 3ba38dfa-2870-494a-a7f7-8ce00c2f1ae1: cophenetic index 33962; 1.0 s; peak memory 1405 MiB.
2026-10-04T10:15:09Z INFO [374/1919] 3ba38e35-abdd-49d8-b1d0-775244f88737: cophenetic index 624; 0.5 s; peak memory 1405 MiB.
2026-10-04T10:15:10Z INFO [375/1919] 3ba3bbbb-1de9-4f46-9bae-a0dbbd799c20: cophenetic index 3004; 0.8 s; peak memory 1405 MiB.
2026-10-04T10:15:11Z INFO [376/1919] 3ba3fd16-ad1f-4b43-93f9-a4cd848ac605: cophenetic index 1087; 0.8 s; peak memory 1405 MiB.
2026-10-04T10:15:11Z INFO [377/1919] 3ba43d61-c013-4070-a9e4-eb7db8144812: cophenetic index 490; 0.4 s; peak memory 1405 MiB.
2026-10-04T10:15:12Z INFO [378/1919] 3ba46817-4114-46f5-a025-dd36b6c6863c: cophenetic index 2974; 0.5 s; peak memory 1405 MiB.
2026-10-04T10:15:17Z INFO [379/1919] 3ba55341-1553-4178-9c80-f4c16c2bb8ff: cophenetic index 14057; 4.9 s; peak memory 1405 MiB.
2026-10-04T10:15:27Z INFO [380/1919] 3ba63aad-6b5f-4eb4-96bb-45144b28165e: cophenetic index 642033; 10.2 s; peak memory 1405 MiB.
2026-10-04T10:15:29Z INFO [381/1919] 3ba76000-ffa2-4670-a5b8-4a0b4321ddf2: cophenetic index 5473; 1.9 s; peak memory 1405 MiB.
2026-10-04T10:15:29Z INFO [382/1919] 3ba8a823-8f53-48eb-a2a8-919d62f4e3d6: cophenetic index 729; 0.5 s; peak memory 1405 MiB.
2026-10-04T10:15:30Z INFO [383/1919] 3ba8ab54-bb1f-4eeb-bde5-29f11d93620b: cophenetic index 33986; 0.9 s; peak memory 1405 MiB.
2026-10-04T10:15:31Z INFO [384/1919] 3ba8e0bf-63af-405c-8cc3-28792b87a028: cophenetic index 33968; 0.9 s; peak memory 1405 MiB.
2026-10-04T10:15:32Z INFO [385/1919] 3baa2b36-9704-4bb1-97fb-c93180303e52: cophenetic index 33998; 1.4 s; peak memory 1405 MiB.
2026-10-04T10:15:33Z INFO [386/1919] 3baa5f75-220f-462b-9c64-716cc404c42f: cophenetic index 2625; 1.0 s; peak memory 1405 MiB.
2026-10-04T10:15:34Z INFO [387/1919] 3baab10f-7a2a-4f2d-9eb7-239b5026c9f8: cophenetic index 560; 0.4 s; peak memory 1405 MiB.
2026-10-04T10:15:35Z INFO [388/1919] 3baaddaf-5961-409c-bb8f-9f69041671f5: cophenetic index 1025; 0.6 s; peak memory 1405 MiB.
2026-10-04T10:15:35Z INFO [389/1919] 3bab0dd0-de4f-4020-ad00-f5f6a02df871: cophenetic index 943; 1.0 s; peak memory 1405 MiB.
2026-10-04T10:15:36Z INFO [390/1919] 3bab489c-d146-4a69-b1a3-94087ca9f9f3: cophenetic index 494; 0.5 s; peak memory 1405 MiB.
2026-10-04T10:15:36Z INFO [391/1919] 3bac235e-a593-4c69-bb56-ec6cef30ac4d: cophenetic index 624; 0.6 s; peak memory 1405 MiB.
2026-10-04T10:15:37Z INFO [392/1919] 3bac4d8e-a09b-4924-b49b-a49fdbb27867: cophenetic index 3087; 0.7 s; peak memory 1405 MiB.
2026-10-04T10:15:40Z INFO [393/1919] 3bac7387-94de-470f-9f42-c33923b0a7ac: cophenetic index 3204; 3.1 s; peak memory 1405 MiB.
2026-10-04T10:15:41Z INFO [394/1919] 3bacd7cf-11ed-4090-874c-7b4c92ba5d79: cophenetic index 2701; 0.7 s; peak memory 1405 MiB.
2026-10-04T10:15:42Z INFO [395/1919] 3bade986-a71b-4581-8092-b56f1c9f4ffc: cophenetic index 431; 0.8 s; peak memory 1405 MiB.
2026-10-04T10:15:43Z INFO [396/1919] 3baf58d3-6bd8-4d51-b301-5ebbbc4d4628: cophenetic index 33968; 1.0 s; peak memory 1405 MiB.
2026-10-04T10:15:44Z INFO [397/1919] 3baff867-3860-4d95-bef6-fbe1ffe1b530: cophenetic index 431; 0.8 s; peak memory 1405 MiB.
2026-10-04T10:15:44Z INFO [398/1919] 3bb0c570-b3b7-4214-aba0-edb1375ffbce: cophenetic index 624; 0.8 s; peak memory 1405 MiB.
2026-10-04T10:15:45Z INFO [399/1919] 3bb12a9c-7aa3-4698-aa90-a3038eac5f8f: cophenetic index 3087; 0.6 s; peak memory 1405 MiB.
2026-10-04T10:15:46Z INFO [400/1919] 3bb15e06-fc29-4adb-8781-18cb7477e92d: cophenetic index 431; 1.0 s; peak memory 1405 MiB.
2026-10-04T10:15:46Z INFO [400/1919] 3bb15e06-fc29-4adb-8781-18cb7477e92d: checkpointed 75726 records.
2026-10-04T10:15:47Z INFO [401/1919] 3bb1e04f-bca3-4585-a410-a8f0c7efe0e6: cophenetic index 33998; 1.2 s; peak memory 1405 MiB.
2026-10-04T10:15:48Z INFO [402/1919] 3bb1ee6f-570e-46c4-a13e-d15464729a19: cophenetic index 6100; 0.8 s; peak memory 1405 MiB.
2026-10-04T10:15:50Z INFO [403/1919] 3bb41a6e-171d-4470-86da-156e72697849: cophenetic index 5473; 1.9 s; peak memory 1405 MiB.
2026-10-04T10:15:51Z INFO [404/1919] 3bb41b3b-28f2-45c0-8efb-b082e59f3874: cophenetic index 1228; 0.6 s; peak memory 1405 MiB.
2026-10-04T10:15:51Z INFO [405/1919] 3bb4d5f4-89c2-417b-90de-c9f72e75d711: cophenetic index 739; 0.4 s; peak memory 1405 MiB.
2026-10-04T10:15:52Z INFO [406/1919] 3bb4e9b7-d0b4-492e-a25b-f185cdcb4def: cophenetic index 3004; 0.7 s; peak memory 1405 MiB.
2026-10-04T10:15:55Z INFO [407/1919] 3bb61669-c817-4ce6-be81-e3ecfb829151: cophenetic index 43613; 3.2 s; peak memory 1405 MiB.
2026-10-04T10:15:56Z INFO [408/1919] 3bb62049-ddc0-48bd-a634-bf16742d18c3: cophenetic index 2625; 0.8 s; peak memory 1405 MiB.
2026-10-04T10:15:56Z INFO [409/1919] 3bb679c5-ab50-4ea0-bf79-389b00cd506c: cophenetic index 624; 0.6 s; peak memory 1405 MiB.
2026-10-04T10:15:57Z INFO [410/1919] 3bb6c078-8d69-4bfe-a52a-7c47094a460a: cophenetic index 653; 1.1 s; peak memory 1405 MiB.
2026-10-04T10:15:58Z INFO [411/1919] 3bb7ffa1-8753-45cb-9619-ee987db37a75: cophenetic index 3087; 0.9 s; peak memory 1405 MiB.
2026-10-04T10:15:59Z INFO [412/1919] 3bb8c0a3-0b70-41c7-be05-6e60c57faf36: cophenetic index 33998; 0.9 s; peak memory 1405 MiB.
2026-10-04T10:16:00Z INFO [413/1919] 3bb93f41-b990-4e2e-9c0a-cfb3a3a18096: cophenetic index 3004; 0.7 s; peak memory 1405 MiB.
2026-10-04T10:16:01Z INFO [414/1919] 3bbaa169-a005-48b3-9f4e-fee305f4c59a: cophenetic index 3004; 0.8 s; peak memory 1405 MiB.
2026-10-04T10:16:01Z INFO [415/1919] 3bbad840-9b41-4c59-8590-362fff0dfcb2: cophenetic index 624; 0.6 s; peak memory 1405 MiB.
2026-10-04T10:16:03Z INFO [416/1919] 3bbb2f7c-50dd-4819-97d2-da65e71eeee6: cophenetic index 2402; 1.9 s; peak memory 1405 MiB.
2026-10-04T10:16:04Z INFO [417/1919] 3bbb7f62-160d-47a6-8f47-100abc6b71e7: cophenetic index 2625; 0.8 s; peak memory 1405 MiB.
2026-10-04T10:16:05Z INFO [418/1919] 3bbc1b0e-0dfd-415d-bed5-0ffd963b49be: cophenetic index 33968; 0.9 s; peak memory 1405 MiB.
2026-10-04T10:16:06Z INFO [419/1919] 3bbc2d12-66e4-491d-be1d-16af106d3ad7: cophenetic index 33998; 1.5 s; peak memory 1405 MiB.
2026-10-04T10:16:07Z INFO [420/1919] 3bbda189-6699-47f5-9561-2d6edb1eee81: cophenetic index 649; 0.8 s; peak memory 1405 MiB.
2026-10-04T10:16:08Z INFO [421/1919] 3bbe0526-426d-44d7-a62f-d2d2bcded68c: cophenetic index 624; 0.7 s; peak memory 1405 MiB.
2026-10-04T10:16:09Z INFO [422/1919] 3bbf3787-36f1-4df7-a547-319abd4b32f8: cophenetic index 3004; 0.7 s; peak memory 1405 MiB.
2026-10-04T10:16:09Z INFO [423/1919] 3bc15274-0c37-4c1d-8d4a-06ba7630599b: cophenetic index 446; 0.5 s; peak memory 1405 MiB.
2026-10-04T10:16:09Z INFO [424/1919] 3bc197ee-b334-48cc-938d-1dcf81aeec63: cophenetic index 508; 0.5 s; peak memory 1405 MiB.
2026-10-04T10:16:10Z INFO [425/1919] 3bc22753-acbb-4349-bab1-bd7e5283d844: cophenetic index 624; 0.7 s; peak memory 1405 MiB.
2026-10-04T10:16:11Z INFO [426/1919] 3bc24022-c1ea-4606-831e-114418bdf6b8: cophenetic index 2625; 0.8 s; peak memory 1405 MiB.
2026-10-04T10:16:12Z INFO [427/1919] 3bc26b4d-680c-4944-b3b5-4fbcdd86d721: cophenetic index 2625; 0.8 s; peak memory 1405 MiB.
2026-10-04T10:16:12Z INFO [428/1919] 3bc29bb9-3fe4-49fd-b4b3-272827c8a3c9: cophenetic index 627; 0.4 s; peak memory 1405 MiB.
2026-10-04T10:16:16Z INFO [429/1919] 3bc33952-596c-428b-b5fa-a5d26fae2abe: cophenetic index 87643; 4.2 s; peak memory 1405 MiB.
2026-10-04T10:16:17Z INFO [430/1919] 3bc3bfa7-a723-43d0-84c8-576b165cf4d4: cophenetic index 3087; 0.7 s; peak memory 1405 MiB.
2026-10-04T10:16:19Z INFO [431/1919] 3bc52dcb-ff3f-4083-9e27-36cc15c872b2: cophenetic index 2402; 1.5 s; peak memory 1405 MiB.
2026-10-04T10:16:19Z INFO [432/1919] 3bc53df7-be38-4fc6-a7ff-520bf5c3bfae: cophenetic index 624; 0.6 s; peak memory 1405 MiB.
2026-10-04T10:16:20Z INFO [433/1919] 3bc80941-3578-4d45-a6b5-f737a43a2070: cophenetic index 3087; 0.8 s; peak memory 1405 MiB.
2026-10-04T10:16:21Z INFO [434/1919] 3bc8d0fe-da7a-4932-ae65-b8f87c5542b1: cophenetic index 26986; 0.8 s; peak memory 1405 MiB.
2026-10-04T10:16:21Z INFO [435/1919] 3bca6f7e-5f03-43e5-8714-470029fb9a3d: cophenetic index 560; 0.4 s; peak memory 1405 MiB.
2026-10-04T10:16:22Z INFO [436/1919] 3bcb9a16-5ef0-46bd-a81b-1bfa734c3fed: cophenetic index 745; 0.4 s; peak memory 1405 MiB.
2026-10-04T10:16:22Z INFO [437/1919] 3bcbd62c-1552-451e-bab1-481cae9677e7: cophenetic index 3004; 0.7 s; peak memory 1405 MiB.
2026-10-04T10:16:23Z INFO [438/1919] 3bcdbe60-33fb-4f82-9d8b-158816a0e72c: cophenetic index 718; 0.8 s; peak memory 1405 MiB.
2026-10-04T10:16:23Z INFO [439/1919] 3bcdf5b6-365d-4f86-ac72-1da648201458: cophenetic index 490; 0.4 s; peak memory 1405 MiB.
2026-10-04T10:16:28Z INFO [440/1919] 3bcf6727-92c3-4987-925a-99bf757f10e1: cophenetic index 119018; 4.8 s; peak memory 1405 MiB.
2026-10-04T10:16:29Z INFO [441/1919] 3bcf8112-3509-41c4-bc12-f8ccf0f18cdf: cophenetic index 2625; 0.9 s; peak memory 1405 MiB.
2026-10-04T10:16:30Z INFO [442/1919] 3bd07847-462d-4b09-b1c5-62c914369068: cophenetic index 3004; 0.6 s; peak memory 1405 MiB.
2026-10-04T10:16:36Z INFO [443/1919] 3bd1179c-a3a5-4c17-8ba3-b5185d67e68f: cophenetic index 48665; 6.3 s; peak memory 1405 MiB.
2026-10-04T10:16:38Z INFO [444/1919] 3bd18618-0157-4f1b-a2e1-94cef6e20453: cophenetic index 662; 1.5 s; peak memory 1405 MiB.
2026-10-04T10:16:38Z INFO [445/1919] 3bd29589-d3b1-4b0a-8f6d-d6ae76d7e2bd: cophenetic index 624; 0.6 s; peak memory 1405 MiB.
2026-10-04T10:16:39Z INFO [446/1919] 3bd2e521-c939-4547-9625-492ed059c3d4: cophenetic index 624; 0.7 s; peak memory 1405 MiB.
2026-10-04T10:16:40Z INFO [447/1919] 3bd30d37-a4d3-4202-8f8e-92fdd958502b: cophenetic index 649; 0.6 s; peak memory 1405 MiB.
2026-10-04T10:16:40Z INFO [448/1919] 3bd4ddaa-d703-4477-99c2-20a6c1d32331: cophenetic index 554; 0.7 s; peak memory 1405 MiB.
2026-10-04T10:16:42Z INFO [449/1919] 3bd57593-24e0-4d4c-8ee3-eb68fc6bcec4: cophenetic index 1970; 1.7 s; peak memory 1405 MiB.
2026-10-04T10:16:54Z INFO [450/1919] 3bd60cf2-e982-448c-8c15-54311165ed5e: cophenetic index 42708; 11.9 s; peak memory 1405 MiB.
2026-10-04T10:16:54Z INFO [450/1919] 3bd60cf2-e982-448c-8c15-54311165ed5e: checkpointed 75776 records.
2026-10-04T10:16:55Z INFO [451/1919] 3bd647a6-e424-48bf-8d92-dd2d35954002: cophenetic index 99150; 1.0 s; peak memory 1405 MiB.
2026-10-04T10:16:56Z INFO [452/1919] 3bd6a08a-40bb-4f86-bca3-c73128de32a8: cophenetic index 624; 0.7 s; peak memory 1405 MiB.
2026-10-04T10:16:56Z INFO [453/1919] 3bd6b77e-d7fa-4f47-95e2-b22c69bf1e95: cophenetic index 431; 0.6 s; peak memory 1405 MiB.
2026-10-04T10:16:57Z INFO [454/1919] 3bd7757f-91be-4ac0-8198-c5794de5be96: cophenetic index 2974; 0.7 s; peak memory 1405 MiB.
2026-10-04T10:16:58Z INFO [455/1919] 3bd79284-1445-4127-bc54-0dffdffeefb0: cophenetic index 33962; 0.9 s; peak memory 1405 MiB.
2026-10-04T10:16:59Z INFO [456/1919] 3bd7b038-ec2e-4f92-97c7-57bbd1945f22: cophenetic index 624; 0.7 s; peak memory 1405 MiB.
2026-10-04T10:17:00Z INFO [457/1919] 3bd7c317-7e0d-4808-b618-50baa8dcf0e7: cophenetic index 2402; 1.6 s; peak memory 1405 MiB.
2026-10-04T10:17:01Z INFO [458/1919] 3bd84308-3bd9-49c7-a51c-bf5c03d2cc0b: cophenetic index 2974; 0.7 s; peak memory 1405 MiB.
2026-10-04T10:17:02Z INFO [459/1919] 3bdaea73-635b-4680-94ad-3b5f1348c2be: cophenetic index 2625; 1.0 s; peak memory 1405 MiB.
2026-10-04T10:17:03Z INFO [460/1919] 3bdb5ed5-6d57-4873-81fe-b0798e95e775: cophenetic index 581; 0.6 s; peak memory 1405 MiB.
2026-10-04T10:17:03Z INFO [461/1919] 3bdc67a3-b19b-47e7-991d-793fb022dfe5: cophenetic index 1949; 0.7 s; peak memory 1405 MiB.
2026-10-04T10:17:04Z INFO [462/1919] 3bdccfc6-6ab0-41d2-8e82-22319f63f4fc: cophenetic index 3004; 0.8 s; peak memory 1405 MiB.
2026-10-04T10:17:05Z INFO [463/1919] 3bdd1549-6dde-4bab-a74d-551b987aa421: cophenetic index 624; 0.7 s; peak memory 1405 MiB.
2026-10-04T10:17:09Z INFO [464/1919] 3bdd7b0a-2fc5-44dc-8328-40291af81a6d: cophenetic index 94234; 4.6 s; peak memory 1405 MiB.
2026-10-04T10:17:10Z INFO [465/1919] 3bdeb0ea-75a8-423e-afb1-8c946a28417f: cophenetic index 2840; 0.5 s; peak memory 1405 MiB.
2026-10-04T10:17:10Z INFO [466/1919] 3bded149-18eb-4733-a7f2-b925f28dbec0: cophenetic index 3087; 0.6 s; peak memory 1405 MiB.
2026-10-04T10:17:11Z INFO [467/1919] 3bdf409a-55f5-45f4-8925-dbefe02231e0: cophenetic index 949; 1.0 s; peak memory 1405 MiB.
2026-10-04T10:17:12Z INFO [468/1919] 3bdfa1c4-96c9-45d7-a5fb-73dc45382f13: cophenetic index 3057; 0.8 s; peak memory 1405 MiB.
2026-10-04T10:17:14Z INFO [469/1919] 3be1468f-4ed7-4468-8a57-6590d57343d9: cophenetic index 2402; 1.4 s; peak memory 1405 MiB.
2026-10-04T10:17:14Z INFO [470/1919] 3be172db-42b8-4669-9355-dfc5575a4946: cophenetic index 1087; 0.8 s; peak memory 1405 MiB.
2026-10-04T10:17:15Z INFO [471/1919] 3be1b135-8c6f-42a7-a106-cea800f7ae67: cophenetic index 634; 0.7 s; peak memory 1405 MiB.
2026-10-04T10:17:16Z INFO [472/1919] 3be2c99c-5421-49d4-9bbd-a81c00c675da: cophenetic index 2625; 0.8 s; peak memory 1405 MiB.
2026-10-04T10:17:17Z INFO [473/1919] 3be2d6bf-e270-4792-ae43-7c0d17780b09: cophenetic index 3317; 1.2 s; peak memory 1405 MiB.
2026-10-04T10:17:18Z INFO [474/1919] 3be324f1-28d0-4de1-ba05-e417342341cf: cophenetic index 3087; 0.7 s; peak memory 1405 MiB.
2026-10-04T10:17:19Z INFO [475/1919] 3be36e6b-8adf-4163-896c-6b4006d606d9: cophenetic index 2625; 0.8 s; peak memory 1405 MiB.
2026-10-04T10:17:21Z INFO [476/1919] 3be40f80-3653-4f07-b4cf-0000bb6b4209: cophenetic index 5473; 2.0 s; peak memory 1405 MiB.
2026-10-04T10:17:21Z INFO [477/1919] 3be46ae6-e9d0-498d-ac1f-eb49114cac35: cophenetic index 624; 0.8 s; peak memory 1405 MiB.
2026-10-04T10:17:22Z INFO [478/1919] 3be5106a-30b8-4b93-9bdc-8a5c14d40d82: cophenetic index 1558; 0.6 s; peak memory 1405 MiB.
2026-10-04T10:17:23Z INFO [479/1919] 3be515d6-d2d1-49aa-ae2a-1b9585c19732: cophenetic index 37616; 0.8 s; peak memory 1405 MiB.
2026-10-04T10:17:25Z INFO [480/1919] 3be51eb9-9680-4ac5-8eb7-305139056aa1: cophenetic index 5473; 1.9 s; peak memory 1405 MiB.
2026-10-04T10:17:25Z INFO [481/1919] 3be56602-4086-4b4a-a458-8d8271f0ac09: cophenetic index 490; 0.3 s; peak memory 1405 MiB.
2026-10-04T10:17:29Z INFO [482/1919] 3be567c2-d916-4cbd-9919-09f63efefe2f: cophenetic index 15946; 4.4 s; peak memory 1405 MiB.
2026-10-04T10:17:30Z INFO [483/1919] 3be5ea09-734f-4ad3-8e54-c5f5601d6aea: cophenetic index 766; 0.7 s; peak memory 1405 MiB.
2026-10-04T10:17:32Z INFO [484/1919] 3be62b54-d45c-4121-a31c-c9ebaac8829d: cophenetic index 1507; 1.5 s; peak memory 1405 MiB.
2026-10-04T10:17:33Z INFO [485/1919] 3be672d7-42d1-41dc-9ef5-5aa47f36c306: cophenetic index 2391; 1.5 s; peak memory 1405 MiB.
2026-10-04T10:17:35Z INFO [486/1919] 3be8012b-cebb-482a-8b8b-580748ab4a8c: cophenetic index 16980; 1.9 s; peak memory 1405 MiB.
2026-10-04T10:17:40Z INFO [487/1919] 3be90cde-0e4e-405c-9ada-42031b6fdbb9: cophenetic index 147140; 5.0 s; peak memory 1405 MiB.
2026-10-04T10:17:41Z INFO [488/1919] 3be9358d-9086-4bdb-9000-1310138ada63: cophenetic index 624; 0.5 s; peak memory 1405 MiB.
2026-10-04T10:17:41Z INFO [489/1919] 3be975b2-f586-4075-8a4f-897ef7e969b8: cophenetic index 624; 0.6 s; peak memory 1405 MiB.
2026-10-04T10:17:42Z INFO [490/1919] 3bea3bf4-15f6-494c-a018-586ecaed3ea5: cophenetic index 2625; 0.8 s; peak memory 1405 MiB.
2026-10-04T10:17:43Z INFO [491/1919] 3beae598-f3ab-4d02-b850-5f897dc531be: cophenetic index 624; 0.6 s; peak memory 1405 MiB.
2026-10-04T10:17:43Z INFO [492/1919] 3bebae7d-0714-4b40-bcfa-810cc96fa762: cophenetic index 649; 0.6 s; peak memory 1405 MiB.
2026-10-04T10:17:44Z INFO [493/1919] 3bebf1fa-15c5-45c6-aea6-85618fda84e0: cophenetic index 23370; 0.8 s; peak memory 1405 MiB.
2026-10-04T10:17:45Z INFO [494/1919] 3bec704c-ceea-4d04-8c82-b81668e9b6ff: cophenetic index 624; 0.7 s; peak memory 1405 MiB.
2026-10-04T10:17:45Z INFO [495/1919] 3becb47e-4c9b-4443-b77c-caf56d0ddb5b: cophenetic index 3004; 0.7 s; peak memory 1405 MiB.
2026-10-04T10:17:47Z INFO [496/1919] 3bed5045-233e-4502-bfba-f5ecf3917477: cophenetic index 5473; 1.9 s; peak memory 1405 MiB.
2026-10-04T10:17:48Z INFO [497/1919] 3bed5e5a-acfc-423d-ba90-30c8b9e2be2f: cophenetic index 624; 0.7 s; peak memory 1405 MiB.
2026-10-04T10:17:49Z INFO [498/1919] 3bed772d-0476-455b-8af8-c0e5b19625a9: cophenetic index 1470; 0.6 s; peak memory 1405 MiB.
2026-10-04T10:17:49Z INFO [499/1919] 3bed9e31-574e-45ff-a6eb-67cabccbf12c: cophenetic index 1228; 0.5 s; peak memory 1405 MiB.
2026-10-04T10:17:50Z INFO [500/1919] 3bedf5a2-eb40-4fbf-be80-f71da68dfd73: cophenetic index 624; 0.7 s; peak memory 1405 MiB.
2026-10-04T10:17:50Z INFO [500/1919] 3bedf5a2-eb40-4fbf-be80-f71da68dfd73: checkpointed 75826 records.
2026-10-04T10:17:51Z INFO [501/1919] 3bee2521-d803-4b23-a96c-c1ec43e6fb4a: cophenetic index 624; 0.7 s; peak memory 1405 MiB.
2026-10-04T10:17:51Z INFO [502/1919] 3bef2535-71d2-4cee-b90d-53ab452cccb9: cophenetic index 624; 0.8 s; peak memory 1405 MiB.
2026-10-04T10:17:52Z INFO [503/1919] 3bef86ac-cc32-4f25-8d3f-724e06d7cfa5: cophenetic index 3087; 0.7 s; peak memory 1405 MiB.
2026-10-04T10:17:53Z INFO [504/1919] 3bf101f6-be80-4340-8a12-ac36d7668390: cophenetic index 649; 0.7 s; peak memory 1405 MiB.
2026-10-04T10:17:57Z INFO [505/1919] 3bf1d184-32a7-4b87-a709-9d0661514890: cophenetic index 107072; 4.6 s; peak memory 1405 MiB.
2026-10-04T10:17:58Z INFO [506/1919] 3bf23ff3-f795-4a19-8b9f-ad1b4f5dc7f0: cophenetic index 692; 0.6 s; peak memory 1405 MiB.
2026-10-04T10:17:59Z INFO [507/1919] 3bf27d5d-54c3-4323-ba90-762c7c0b9bbc: cophenetic index 2625; 1.1 s; peak memory 1405 MiB.
2026-10-04T10:18:00Z INFO [508/1919] 3bf2bfe0-cd94-4e22-ad48-f7e2feef1da7: cophenetic index 3087; 0.8 s; peak memory 1405 MiB.
2026-10-04T10:18:01Z INFO [509/1919] 3bf2efe7-a36c-4cc2-af87-df106e627028: cophenetic index 624; 0.8 s; peak memory 1405 MiB.
2026-10-04T10:18:02Z INFO [510/1919] 3bf4d394-ae94-4780-bb2d-500f4d5bed9c: cophenetic index 2402; 1.7 s; peak memory 1405 MiB.
2026-10-04T10:18:03Z INFO [511/1919] 3bf507b0-fabf-40c0-b6b6-caff96c1924b: cophenetic index 2570; 1.0 s; peak memory 1405 MiB.
2026-10-04T10:18:05Z INFO [512/1919] 3bf53def-7a7e-48e0-a495-c0104f83bbbe: cophenetic index 2236; 1.9 s; peak memory 1405 MiB.
2026-10-04T10:18:06Z INFO [513/1919] 3bf59078-d69e-4cbf-ae93-95e5983aaed5: cophenetic index 624; 0.6 s; peak memory 1405 MiB.
2026-10-04T10:18:07Z INFO [514/1919] 3bf59e5d-7ffe-4600-9bb0-6f3ce637ca12: cophenetic index 3087; 0.9 s; peak memory 1405 MiB.
2026-10-04T10:18:07Z INFO [515/1919] 3bf5ad60-d8f3-4074-baaf-6d5a3f834a3d: cophenetic index 649; 0.6 s; peak memory 1405 MiB.
2026-10-04T10:18:09Z INFO [516/1919] 3bf65178-0c97-4cfa-91d4-fa29cda0b517: cophenetic index 2402; 1.6 s; peak memory 1405 MiB.
2026-10-04T10:18:10Z INFO [517/1919] 3bf692e9-3c43-47e3-8e8f-e5a03b7cf716: cophenetic index 23358; 0.7 s; peak memory 1405 MiB.
2026-10-04T10:18:10Z INFO [518/1919] 3bf75d35-8fb2-429e-99db-a55cb599830e: cophenetic index 490; 0.4 s; peak memory 1405 MiB.
2026-10-04T10:18:11Z INFO [519/1919] 3bf80307-3791-4f63-9994-e07bf56dc77d: cophenetic index 33998; 0.9 s; peak memory 1405 MiB.
2026-10-04T10:18:12Z INFO [520/1919] 3bf94b7a-82b4-4f85-abe8-cc6fd4886546: cophenetic index 2609; 1.2 s; peak memory 1405 MiB.
2026-10-04T10:18:20Z INFO [521/1919] 3bf95fc9-9bf8-456e-ba05-32c76f15fcaf: cophenetic index 634433; 7.9 s; peak memory 1405 MiB.
2026-10-04T10:18:24Z INFO [522/1919] 3bf991db-a577-4ffc-b760-c3f06a287c8b: cophenetic index 6715; 3.8 s; peak memory 1405 MiB.
2026-10-04T10:18:24Z INFO [523/1919] 3bfa378e-bced-47c7-8588-ec5fd3950769: cophenetic index 431; 0.6 s; peak memory 1405 MiB.
2026-10-04T10:18:26Z INFO [524/1919] 3bfa61af-2297-4966-9578-a50ab6ba0dd9: cophenetic index 5473; 1.9 s; peak memory 1405 MiB.
2026-10-04T10:18:27Z INFO [525/1919] 3bfa8d39-1786-4ce1-842a-920c2f3aa850: cophenetic index 3004; 0.8 s; peak memory 1405 MiB.
2026-10-04T10:18:29Z INFO [526/1919] 3bfb7ad6-70a6-4931-b1eb-3f6967096765: cophenetic index 1970; 1.6 s; peak memory 1405 MiB.
2026-10-04T10:18:36Z INFO [527/1919] 3bfd5b0d-6df3-4ef8-81fe-9b9082d1529e: cophenetic index 294032; 7.0 s; peak memory 1405 MiB.
2026-10-04T10:18:37Z INFO [528/1919] 3bfe112a-a5bb-45a2-9cfc-7cdd41789a97: cophenetic index 2636; 1.3 s; peak memory 1405 MiB.
2026-10-04T10:18:38Z INFO [529/1919] 3bfe6476-9d0b-4105-a4b0-2d850d8939c3: cophenetic index 633; 0.5 s; peak memory 1405 MiB.
2026-10-04T10:18:38Z INFO [530/1919] 3bff7b0c-08b6-48ef-a0ba-99cfc57cd6e4: cophenetic index 486; 0.8 s; peak memory 1405 MiB.
2026-10-04T10:18:39Z INFO [531/1919] 3bffbf58-1a73-467f-8d10-2651e657306e: cophenetic index 385; 0.7 s; peak memory 1405 MiB.
2026-10-04T10:18:44Z INFO [532/1919] 3c002489-5f45-45a1-a3c4-20b0f5e405a0: cophenetic index 5952663; 4.8 s; peak memory 1405 MiB.
2026-10-04T10:18:45Z INFO [533/1919] 3c00c222-f174-41df-a75e-63789232e4cc: cophenetic index 3057; 0.7 s; peak memory 1405 MiB.
2026-10-04T10:18:46Z INFO [534/1919] 3c00c9cf-0e9b-4046-9170-963fd8ae1b54: cophenetic index 1563; 1.2 s; peak memory 1405 MiB.
2026-10-04T10:18:46Z INFO [535/1919] 3c012abc-b414-4f5a-8613-0c5599cf7466: cophenetic index 624; 0.7 s; peak memory 1405 MiB.
2026-10-04T10:18:47Z INFO [536/1919] 3c01afa8-33a2-465a-8d11-3bfe0d0d17e4: cophenetic index 624; 0.6 s; peak memory 1405 MiB.
2026-10-04T10:18:47Z INFO [537/1919] 3c01dc2d-c28f-441c-aa34-704a5a4edb61: cophenetic index 490; 0.4 s; peak memory 1405 MiB.
2026-10-04T10:18:48Z INFO [538/1919] 3c032115-edad-4ff4-be37-38a2aaefe5ea: cophenetic index 2570; 1.0 s; peak memory 1405 MiB.
2026-10-04T10:18:49Z INFO [539/1919] 3c05d716-c50d-4314-90fa-c4279ba25ec5: cophenetic index 1470; 0.6 s; peak memory 1405 MiB.
2026-10-04T10:18:50Z INFO [540/1919] 3c06ebf1-a6a6-407e-bce7-96d3ad460290: cophenetic index 33986; 1.0 s; peak memory 1405 MiB.
2026-10-04T10:18:51Z INFO [541/1919] 3c07797c-f5a4-42c4-a224-4e7d43544a1c: cophenetic index 2551; 0.7 s; peak memory 1405 MiB.
2026-10-04T10:18:51Z INFO [542/1919] 3c07fb88-2675-4cc4-9f62-e246f7f88a1c: cophenetic index 433; 0.4 s; peak memory 1405 MiB.
2026-10-04T10:18:52Z INFO [543/1919] 3c080778-35cd-4cc6-be68-8296885b505f: cophenetic index 579; 0.4 s; peak memory 1405 MiB.
2026-10-04T10:18:52Z INFO [544/1919] 3c08f666-ff56-427c-befa-f1da27dd17f3: cophenetic index 581; 0.5 s; peak memory 1405 MiB.
2026-10-04T10:18:53Z INFO [545/1919] 3c095623-b2ac-4f64-89bd-b8b6f40bbae5: cophenetic index 3004; 0.7 s; peak memory 1405 MiB.
2026-10-04T10:18:57Z INFO [546/1919] 3c0a0986-5934-4210-bd71-299a05903d6b: cophenetic index 14788; 4.6 s; peak memory 1405 MiB.
2026-10-04T10:18:58Z INFO [547/1919] 3c0a2e09-5b31-49da-9f76-83b30a99e3ae: cophenetic index 3004; 0.8 s; peak memory 1405 MiB.
2026-10-04T10:18:59Z INFO [548/1919] 3c0b15f6-afc0-410e-a75b-d362599bc245: cophenetic index 2625; 0.8 s; peak memory 1405 MiB.
2026-10-04T10:19:00Z INFO [549/1919] 3c0b7b7c-2c11-4caf-a7a1-c61c011c1951: cophenetic index 2923; 0.6 s; peak memory 1405 MiB.
2026-10-04T10:19:01Z INFO [550/1919] 3c0ba448-84a3-496e-91f2-54bdce48c427: cophenetic index 33986; 1.0 s; peak memory 1405 MiB.
2026-10-04T10:19:01Z INFO [550/1919] 3c0ba448-84a3-496e-91f2-54bdce48c427: checkpointed 75876 records.
2026-10-04T10:19:01Z INFO [551/1919] 3c0ba94f-ad62-4370-bdb2-126a20472cfb: cophenetic index 1848; 0.5 s; peak memory 1405 MiB.
2026-10-04T10:19:02Z INFO [552/1919] 3c0c2cb9-5fc1-4c5a-b500-b8b472bebe55: cophenetic index 1087; 1.0 s; peak memory 1405 MiB.
2026-10-04T10:19:05Z INFO [553/1919] 3c0c70ab-e11c-4e1b-8e3a-2fcbd6c2719c: cophenetic index 47710; 2.6 s; peak memory 1405 MiB.
2026-10-04T10:19:11Z INFO [554/1919] 3c0cc2cf-75c8-4fce-990d-e1034e8bd12f: cophenetic index 47144; 6.5 s; peak memory 1405 MiB.
2026-10-04T10:19:12Z INFO [555/1919] 3c0d00ab-5a29-4117-8fc7-84ad4a0e8299: cophenetic index 3087; 0.8 s; peak memory 1405 MiB.
2026-10-04T10:19:13Z INFO [556/1919] 3c0d3eb3-b245-447a-8efa-a3d4bcc8cdc6: cophenetic index 2625; 0.8 s; peak memory 1405 MiB.
2026-10-04T10:19:14Z INFO [557/1919] 3c0da625-8158-4ce8-b67e-e59fcbbbe2bf: cophenetic index 496; 0.7 s; peak memory 1405 MiB.
2026-10-04T10:19:14Z INFO [558/1919] 3c0daae6-f895-43fc-a14a-8d8817de4ef2: cophenetic index 649; 0.7 s; peak memory 1405 MiB.
2026-10-04T10:19:15Z INFO [559/1919] 3c0e1323-e2f7-4cdd-9c18-3ab387109006: cophenetic index 23966; 0.7 s; peak memory 1405 MiB.
2026-10-04T10:19:16Z INFO [560/1919] 3c0e6abf-bfa5-453c-86c4-0e94e11712bf: cophenetic index 1228; 0.6 s; peak memory 1405 MiB.
2026-10-04T10:19:16Z INFO [561/1919] 3c0eae57-8271-4f98-a219-dd8b8b7bcc64: cophenetic index 1949; 0.8 s; peak memory 1405 MiB.
2026-10-04T10:19:17Z INFO [562/1919] 3c0f5f91-58e4-468e-bb9c-733c72928558: cophenetic index 1993; 0.6 s; peak memory 1405 MiB.
2026-10-04T10:19:18Z INFO [563/1919] 3c107e33-6b93-4521-a7ab-7cd83b94f78e: cophenetic index 624; 0.5 s; peak memory 1405 MiB.
2026-10-04T10:19:18Z INFO [564/1919] 3c10c854-c8ed-4ba9-8a63-0136891ddc28: cophenetic index 33968; 0.9 s; peak memory 1405 MiB.
2026-10-04T10:19:19Z INFO [565/1919] 3c1170d3-abf5-4f10-b22a-e9bda5be8f4f: cophenetic index 1781; 0.7 s; peak memory 1405 MiB.
2026-10-04T10:19:20Z INFO [566/1919] 3c11b478-50fd-47b5-ab0e-28dede26d5f6: cophenetic index 624; 0.6 s; peak memory 1405 MiB.
2026-10-04T10:19:22Z INFO [567/1919] 3c12b3ef-909e-49e8-a0ec-c53c78ee4994: cophenetic index 4921; 2.2 s; peak memory 1405 MiB.
2026-10-04T10:19:23Z INFO [568/1919] 3c135b66-c9b9-4e72-b719-baed480526d5: cophenetic index 649; 0.7 s; peak memory 1405 MiB.
2026-10-04T10:19:26Z INFO [569/1919] 3c135c7f-b2b7-4a33-aa9d-4ffc237f3b34: cophenetic index 42257; 3.6 s; peak memory 1405 MiB.
2026-10-04T10:19:27Z INFO [570/1919] 3c151ad4-d30b-426e-a3a7-e32edfbc9bfd: cophenetic index 42002; 1.2 s; peak memory 1405 MiB.
2026-10-04T10:19:30Z INFO [571/1919] 3c15307d-75fd-48c6-9d13-3b6c1d8a15b5: cophenetic index 40516; 3.0 s; peak memory 1405 MiB.
2026-10-04T10:19:31Z INFO [572/1919] 3c159988-efe9-4b67-8127-135fca6464a2: cophenetic index 490; 0.5 s; peak memory 1405 MiB.
2026-10-04T10:19:31Z INFO [573/1919] 3c159a2d-cef7-4a91-b934-284c72726c99: cophenetic index 739; 0.4 s; peak memory 1405 MiB.
2026-10-04T10:19:32Z INFO [574/1919] 3c162c87-41f8-42b5-9d4b-e45cf5b0bf10: cophenetic index 624; 0.5 s; peak memory 1405 MiB.
2026-10-04T10:19:33Z INFO [575/1919] 3c164fc4-b6bc-421c-baa3-d120f5b1082b: cophenetic index 626; 0.9 s; peak memory 1405 MiB.
2026-10-04T10:19:33Z INFO [576/1919] 3c171234-4055-4e89-b93b-76623331a519: cophenetic index 3004; 0.7 s; peak memory 1405 MiB.
2026-10-04T10:19:34Z INFO [577/1919] 3c172a84-6ce8-4e89-892b-1857f2164007: cophenetic index 624; 0.5 s; peak memory 1405 MiB.
2026-10-04T10:19:35Z INFO [578/1919] 3c1787b5-d14e-4c3f-b971-ee092e6f1eb2: cophenetic index 431; 0.8 s; peak memory 1405 MiB.
2026-10-04T10:19:48Z INFO [579/1919] 3c17b9a5-7092-4a71-914a-8c8b0ac03a9e: cophenetic index 15210497; 13.6 s; peak memory 1405 MiB.
2026-10-04T10:19:50Z INFO [580/1919] 3c190f07-92a5-4141-b553-52f21d4c0e03: cophenetic index 42542; 1.2 s; peak memory 1405 MiB.
2026-10-04T10:19:51Z INFO [581/1919] 3c1967e7-9fc7-4ea2-b78f-c8e45645fa2a: cophenetic index 34138; 1.5 s; peak memory 1405 MiB.
2026-10-04T10:19:52Z INFO [582/1919] 3c19b490-c281-4a2e-8682-2a75015ac9c3: cophenetic index 2625; 1.1 s; peak memory 1405 MiB.
2026-10-04T10:19:56Z INFO [583/1919] 3c19ebdd-8da5-4bd3-a627-e706a1278164: cophenetic index 136056; 4.1 s; peak memory 1405 MiB.
2026-10-04T10:19:58Z INFO [584/1919] 3c19f8ef-0d31-4551-a39d-bea08d9a17b0: cophenetic index 895; 1.4 s; peak memory 1405 MiB.
2026-10-04T10:19:59Z INFO [585/1919] 3c1a5ede-50ed-4226-9606-0b2e2d3f01e2: cophenetic index 1087; 1.1 s; peak memory 1405 MiB.
2026-10-04T10:20:00Z INFO [586/1919] 3c1a5fcb-f242-4971-a373-381534755dd2: cophenetic index 2570; 1.0 s; peak memory 1405 MiB.
2026-10-04T10:20:00Z INFO [587/1919] 3c1ac1cf-3563-4703-8598-6d1b839cd823: cophenetic index 624; 0.6 s; peak memory 1405 MiB.
2026-10-04T10:20:01Z INFO [588/1919] 3c1addd7-2291-47ce-8001-4e6897b8a5d5: cophenetic index 23364; 0.6 s; peak memory 1405 MiB.
2026-10-04T10:20:05Z INFO [589/1919] 3c1af873-7d44-40b1-9a4b-044a4724b7fa: cophenetic index 13178; 3.7 s; peak memory 1405 MiB.
2026-10-04T10:20:05Z INFO [590/1919] 3c1b0b64-78e9-43f9-91ad-9afd0a0fc483: cophenetic index 624; 0.7 s; peak memory 1405 MiB.
2026-10-04T10:20:06Z INFO [591/1919] 3c1b6679-b0c5-47b3-ad68-693aaea56b02: cophenetic index 3087; 0.6 s; peak memory 1405 MiB.
2026-10-04T10:20:08Z INFO [592/1919] 3c1b8b37-dea0-4a19-bb4a-5cc7e2385647: cophenetic index 2402; 1.5 s; peak memory 1405 MiB.
2026-10-04T10:20:09Z INFO [593/1919] 3c1bf7c8-ad26-435f-9b8c-77ddab09133c: cophenetic index 2609; 1.4 s; peak memory 1405 MiB.
2026-10-04T10:20:10Z INFO [594/1919] 3c1c2d6e-3a60-4f47-891f-db018111ebb7: cophenetic index 624; 0.7 s; peak memory 1405 MiB.
2026-10-04T10:20:10Z INFO [595/1919] 3c1c8faf-df78-4606-bf14-c40a411acb75: cophenetic index 3004; 0.8 s; peak memory 1405 MiB.
2026-10-04T10:20:19Z INFO [596/1919] 3c1d256e-e5a0-45f2-9cdc-1f5c44579021: cophenetic index 468868; 8.7 s; peak memory 1405 MiB.
2026-10-04T10:20:20Z INFO [597/1919] 3c1d267e-6032-4f78-b870-ac8a2dd2ca15: cophenetic index 3004; 0.7 s; peak memory 1405 MiB.
2026-10-04T10:20:20Z INFO [598/1919] 3c1d3e98-622c-44fe-a409-61f32c393fb5: cophenetic index 490; 0.3 s; peak memory 1405 MiB.
2026-10-04T10:20:21Z INFO [599/1919] 3c1dbf85-bfbf-45d5-a6f3-0f26933a545d: cophenetic index 3004; 0.8 s; peak memory 1405 MiB.
2026-10-04T10:20:22Z INFO [600/1919] 3c1dc1b7-a8ee-4e69-90f2-5de368b2c1e9: cophenetic index 3004; 0.6 s; peak memory 1405 MiB.
2026-10-04T10:20:22Z INFO [600/1919] 3c1dc1b7-a8ee-4e69-90f2-5de368b2c1e9: checkpointed 75926 records.
2026-10-04T10:20:22Z INFO [601/1919] 3c1de184-d787-401e-9d91-48032650f5d8: cophenetic index 624; 0.6 s; peak memory 1405 MiB.
2026-10-04T10:20:23Z INFO [602/1919] 3c1e119e-b00b-42e1-a208-735171227549: cophenetic index 33998; 0.7 s; peak memory 1405 MiB.
2026-10-04T10:20:27Z INFO [603/1919] 3c1ea2c5-8e96-4798-b30d-2a5a70adcdc2: cophenetic index 87573; 4.2 s; peak memory 1405 MiB.
2026-10-04T10:20:28Z INFO [604/1919] 3c2067f1-6ce3-42e4-b1ae-a7c3902b8235: cophenetic index 1614; 0.7 s; peak memory 1405 MiB.
2026-10-04T10:20:29Z INFO [605/1919] 3c20c6d8-f3f7-480c-a23e-c5418e6b12a8: cophenetic index 539; 0.6 s; peak memory 1405 MiB.
2026-10-04T10:20:30Z INFO [606/1919] 3c20c740-f151-4a84-b8e6-e7993355d5ec: cophenetic index 1970; 1.6 s; peak memory 1405 MiB.
2026-10-04T10:20:31Z INFO [607/1919] 3c20fa01-6f63-4551-a602-1e13640e7929: cophenetic index 624; 0.6 s; peak memory 1405 MiB.
2026-10-04T10:20:32Z INFO [608/1919] 3c2130d8-8b82-458b-8d35-abb224552a14: cophenetic index 3087; 0.7 s; peak memory 1405 MiB.
2026-10-04T10:20:33Z INFO [609/1919] 3c221eb3-84a3-40f0-a377-69212ec9c581: cophenetic index 809; 1.3 s; peak memory 1405 MiB.
2026-10-04T10:20:34Z INFO [610/1919] 3c223f51-5939-47f6-86f8-69ea32ae45cd: cophenetic index 2570; 1.0 s; peak memory 1405 MiB.
2026-10-04T10:20:35Z INFO [611/1919] 3c229c05-8b33-454f-a6c3-912c3ef04cc9: cophenetic index 949; 1.1 s; peak memory 1405 MiB.
2026-10-04T10:20:35Z INFO [612/1919] 3c237608-a670-480b-ac6a-cb0890e3973a: cophenetic index 490; 0.4 s; peak memory 1405 MiB.
2026-10-04T10:20:36Z INFO [613/1919] 3c23873e-5e8f-4277-8e21-efdea6925aa2: cophenetic index 627; 0.7 s; peak memory 1405 MiB.
2026-10-04T10:20:37Z INFO [614/1919] 3c243528-0153-4391-b4b6-a5ca158eda10: cophenetic index 809; 1.0 s; peak memory 1405 MiB.
2026-10-04T10:20:37Z INFO [615/1919] 3c2498da-f7e5-4e09-b0ec-f8c44ad5cd4b: cophenetic index 490; 0.4 s; peak memory 1405 MiB.
2026-10-04T10:20:41Z INFO [616/1919] 3c24b3b1-c66c-4bfa-b7c5-eeeab54af013: cophenetic index 59586; 3.2 s; peak memory 1405 MiB.
2026-10-04T10:20:41Z INFO [617/1919] 3c251346-db78-4482-95dc-8b938b00a1ae: cophenetic index 624; 0.6 s; peak memory 1405 MiB.
2026-10-04T10:20:47Z INFO [618/1919] 3c25360a-e5f5-4849-9f82-b6d162c88afb: cophenetic index 23005; 5.5 s; peak memory 1405 MiB.
2026-10-04T10:20:48Z INFO [619/1919] 3c2545c0-95c6-4584-8907-e94da33775da: cophenetic index 99138; 1.1 s; peak memory 1405 MiB.
2026-10-04T10:20:48Z INFO [620/1919] 3c25ba95-abf6-4589-ad55-b3944d035114: cophenetic index 626; 0.6 s; peak memory 1405 MiB.
2026-10-04T10:20:49Z INFO [621/1919] 3c26b2c4-4ae1-4a20-ab70-81329c44d97f: cophenetic index 3004; 0.8 s; peak memory 1405 MiB.
2026-10-04T10:20:50Z INFO [622/1919] 3c282627-e448-46e0-b706-d8820eebd010: cophenetic index 3057; 0.8 s; peak memory 1405 MiB.
2026-10-04T10:20:50Z INFO [623/1919] 3c28705a-a3a7-430c-88b6-c11517b9be15: cophenetic index 497; 0.6 s; peak memory 1405 MiB.
2026-10-04T10:20:54Z INFO [624/1919] 3c28c6b0-c960-4445-9427-8f3e7e713609: cophenetic index 6218; 3.2 s; peak memory 1405 MiB.
2026-10-04T10:20:55Z INFO [625/1919] 3c28dd8e-0440-47a5-acaf-9da2731348c8: cophenetic index 1614; 1.0 s; peak memory 1405 MiB.
2026-10-04T10:20:59Z INFO [626/1919] 3c28f479-1e51-4154-9a66-28ec3fba8f3e: cophenetic index 174748; 4.2 s; peak memory 1405 MiB.
2026-10-04T10:20:59Z INFO [627/1919] 3c29cc5d-dffa-4442-b7eb-9d109c2361e6: cophenetic index 624; 0.6 s; peak memory 1405 MiB.
2026-10-04T10:21:00Z INFO [628/1919] 3c2ac844-6a4d-4ac3-920f-3f169bace674: cophenetic index 766; 0.8 s; peak memory 1405 MiB.
2026-10-04T10:21:01Z INFO [629/1919] 3c2ae0e2-2a04-4066-ac64-14ed7c1c3e1b: cophenetic index 624; 0.7 s; peak memory 1405 MiB.
2026-10-04T10:21:02Z INFO [630/1919] 3c2b5b68-0b70-4239-946f-9d3132fa8f40: cophenetic index 2570; 0.9 s; peak memory 1405 MiB.
2026-10-04T10:21:02Z INFO [631/1919] 3c2c1b6d-5a36-4364-a2e0-8a22dccdb73a: cophenetic index 2776; 0.6 s; peak memory 1405 MiB.
2026-10-04T10:21:03Z INFO [632/1919] 3c2c7521-f889-48e0-89b1-9bea9280ee8c: cophenetic index 994; 0.5 s; peak memory 1405 MiB.
2026-10-04T10:21:04Z INFO [633/1919] 3c2cd4e9-6609-483e-818e-f790773e4859: cophenetic index 2625; 0.8 s; peak memory 1405 MiB.
2026-10-04T10:21:05Z INFO [634/1919] 3c2db911-61ea-4fb0-88ea-27a4af3d098d: cophenetic index 3844; 1.7 s; peak memory 1405 MiB.
2026-10-04T10:21:06Z INFO [635/1919] 3c2dc5b7-6f87-45f2-9cb0-7aac344c1a8b: cophenetic index 624; 0.8 s; peak memory 1405 MiB.
2026-10-04T10:21:09Z INFO [636/1919] 3c2e4136-376f-497e-87bb-ab6b374b3ffc: cophenetic index 51184; 3.3 s; peak memory 1405 MiB.
2026-10-04T10:21:10Z INFO [637/1919] 3c2e97ee-be70-4030-8fa3-4a0c97590cda: cophenetic index 1979; 1.0 s; peak memory 1405 MiB.
2026-10-04T10:21:11Z INFO [638/1919] 3c2f22d3-5c7d-4e6d-bed0-0abb3b89833a: cophenetic index 791; 0.9 s; peak memory 1405 MiB.
2026-10-04T10:21:14Z INFO [639/1919] 3c2fb448-c789-4622-9261-7e95037ec76f: cophenetic index 66742; 2.8 s; peak memory 1405 MiB.
2026-10-04T10:21:15Z INFO [640/1919] 3c2ffb95-ee6c-4ca2-bfd1-ac2fd770cc05: cophenetic index 2974; 0.7 s; peak memory 1405 MiB.
2026-10-04T10:21:15Z INFO [641/1919] 3c3035d7-93fd-4c2a-95cd-bdc690e62355: cophenetic index 490; 0.5 s; peak memory 1405 MiB.
2026-10-04T10:21:16Z INFO [642/1919] 3c3157bc-0f99-4c85-b1d4-64ee99b79a2a: cophenetic index 3215; 0.4 s; peak memory 1405 MiB.
2026-10-04T10:21:17Z INFO [643/1919] 3c31aceb-a73c-4f95-b9d6-1bbd0640c8b0: cophenetic index 99114; 1.1 s; peak memory 1405 MiB.
2026-10-04T10:21:20Z INFO [644/1919] 3c31f4f6-1347-4792-9b89-403a9f7ff718: cophenetic index 20638; 3.2 s; peak memory 1405 MiB.
2026-10-04T10:21:21Z INFO [645/1919] 3c323553-053c-4ad6-bf43-6073bedc68e9: cophenetic index 624; 0.7 s; peak memory 1405 MiB.
2026-10-04T10:21:21Z INFO [646/1919] 3c326df3-641d-45a1-9702-04a7c8174503: cophenetic index 649; 0.6 s; peak memory 1405 MiB.
2026-10-04T10:21:22Z INFO [647/1919] 3c336dbb-77cb-4f27-b080-3e34c9ef36f0: cophenetic index 33968; 0.7 s; peak memory 1405 MiB.
2026-10-04T10:21:23Z INFO [648/1919] 3c33a4ec-0c1d-4787-9cfd-0ab13190db00: cophenetic index 624; 0.5 s; peak memory 1405 MiB.
2026-10-04T10:21:24Z INFO [649/1919] 3c343ce5-1022-4698-8a8e-0ced75641170: cophenetic index 2625; 1.1 s; peak memory 1405 MiB.
2026-10-04T10:21:24Z INFO [650/1919] 3c347ccb-cb7a-4a24-a4e7-acb949f8a84b: cophenetic index 33968; 0.8 s; peak memory 1405 MiB.
2026-10-04T10:21:25Z INFO [650/1919] 3c347ccb-cb7a-4a24-a4e7-acb949f8a84b: checkpointed 75976 records.
2026-10-04T10:21:26Z INFO [651/1919] 3c34e2b8-3d2f-40fb-918b-aeb395b29ac7: cophenetic index 2625; 0.9 s; peak memory 1405 MiB.
2026-10-04T10:21:26Z INFO [652/1919] 3c351f73-7ff7-4543-9c8f-d37e8f5b994e: cophenetic index 624; 0.6 s; peak memory 1405 MiB.
2026-10-04T10:21:27Z INFO [653/1919] 3c364ef9-8cba-4920-a412-1ecbb434e33d: cophenetic index 662; 1.2 s; peak memory 1405 MiB.
2026-10-04T10:21:28Z INFO [654/1919] 3c36e015-a3e9-4a54-8984-8e2288c3728e: cophenetic index 624; 0.6 s; peak memory 1405 MiB.
2026-10-04T10:21:29Z INFO [655/1919] 3c372c03-20be-4976-a15f-3ab9322b72e8: cophenetic index 624; 0.5 s; peak memory 1405 MiB.
2026-10-04T10:21:30Z INFO [656/1919] 3c37c060-ca60-45ef-9ce3-1950bc701fdb: cophenetic index 2496; 0.9 s; peak memory 1405 MiB.
2026-10-04T10:21:30Z INFO [657/1919] 3c37ed35-0a33-4179-b3a6-2a1b3aacc2fa: cophenetic index 3004; 0.7 s; peak memory 1405 MiB.
2026-10-04T10:21:31Z INFO [658/1919] 3c3933ba-c0be-4d90-882a-562238685ab4: cophenetic index 741; 0.5 s; peak memory 1405 MiB.
2026-10-04T10:21:31Z INFO [659/1919] 3c39b6b7-d761-47e6-a0d8-99ea97245424: cophenetic index 490; 0.4 s; peak memory 1405 MiB.
2026-10-04T10:21:32Z INFO [660/1919] 3c39c7d9-e5bb-4fa0-8047-defa3e67404b: cophenetic index 3004; 0.7 s; peak memory 1405 MiB.
2026-10-04T10:21:32Z INFO [661/1919] 3c39dea3-a17f-463e-8f92-adf506cf58aa: cophenetic index 729; 0.5 s; peak memory 1405 MiB.
2026-10-04T10:21:33Z INFO [662/1919] 3c3a062d-eba2-4bae-99b9-f399ccbb6640: cophenetic index 579; 0.4 s; peak memory 1405 MiB.
2026-10-04T10:21:33Z INFO [663/1919] 3c3a5245-98f8-42b6-a82f-e2848ba753dd: cophenetic index 649; 0.8 s; peak memory 1405 MiB.
2026-10-04T10:21:36Z INFO [664/1919] 3c3a78ca-6527-480b-967e-a8fee287afc0: cophenetic index 10832; 2.3 s; peak memory 1405 MiB.
2026-10-04T10:21:36Z INFO [665/1919] 3c3ab0f9-833a-4991-9b35-c5957ce7d178: cophenetic index 431; 0.6 s; peak memory 1405 MiB.
2026-10-04T10:21:37Z INFO [666/1919] 3c3d2ec5-8ee5-4219-ae90-33efc195f8b7: cophenetic index 739; 0.5 s; peak memory 1405 MiB.
2026-10-04T10:21:40Z INFO [667/1919] 3c3ed927-9145-470d-b171-35f1a873b67e: cophenetic index 5466; 3.6 s; peak memory 1405 MiB.
2026-10-04T10:21:41Z INFO [668/1919] 3c3edc1a-6909-459d-bf5f-fb97324b0fb9: cophenetic index 2625; 0.9 s; peak memory 1405 MiB.
2026-10-04T10:21:42Z INFO [669/1919] 3c3f1599-a7cc-4257-8a59-0e8894f3fe79: cophenetic index 624; 0.6 s; peak memory 1405 MiB.
2026-10-04T10:21:43Z INFO [670/1919] 3c3f3fe0-8531-4673-8e2d-d41da2e5bcdb: cophenetic index 2625; 1.0 s; peak memory 1405 MiB.
2026-10-04T10:21:44Z INFO [671/1919] 3c3feedf-b2e2-413c-9337-df8b6e7e26f4: cophenetic index 2625; 0.8 s; peak memory 1405 MiB.
2026-10-04T10:21:45Z INFO [672/1919] 3c409ebe-e24a-4d33-9e4e-10a9334d449b: cophenetic index 5473; 1.9 s; peak memory 1405 MiB.
2026-10-04T10:21:46Z INFO [673/1919] 3c417b6d-1763-461a-9fad-92dcb4c3b896: cophenetic index 26986; 0.7 s; peak memory 1405 MiB.
2026-10-04T10:21:47Z INFO [674/1919] 3c42055a-d30a-4310-b664-13d42386bac6: cophenetic index 605; 0.7 s; peak memory 1405 MiB.
2026-10-04T10:21:48Z INFO [675/1919] 3c435bfa-235e-4736-8ae4-6a7906cc94b8: cophenetic index 2391; 1.5 s; peak memory 1405 MiB.
2026-10-04T10:21:49Z INFO [676/1919] 3c449be7-c481-4a88-94b4-80b5e6f0e801: cophenetic index 579; 0.5 s; peak memory 1405 MiB.
2026-10-04T10:21:50Z INFO [677/1919] 3c44aece-4038-4d55-aafb-cd3e5123570b: cophenetic index 624; 0.6 s; peak memory 1405 MiB.
2026-10-04T10:21:50Z INFO [678/1919] 3c4549e0-9c51-4ec5-a33c-edcb2eaea3de: cophenetic index 624; 0.7 s; peak memory 1405 MiB.
2026-10-04T10:21:51Z INFO [679/1919] 3c455908-7a21-4302-8011-adcd87e0b87a: cophenetic index 99138; 1.1 s; peak memory 1405 MiB.
2026-10-04T10:21:53Z INFO [680/1919] 3c456fb2-8d4e-4f99-b82f-fb73c83d061b: cophenetic index 21229; 2.0 s; peak memory 1405 MiB.
2026-10-04T10:21:55Z INFO [681/1919] 3c45b613-08dd-4c0a-825e-613ed38e3b75: cophenetic index 99150; 1.4 s; peak memory 1405 MiB.
2026-10-04T10:21:55Z INFO [682/1919] 3c473c4f-770b-4cc8-bcdd-a6a9ee1a5648: cophenetic index 624; 0.7 s; peak memory 1405 MiB.
2026-10-04T10:21:56Z INFO [683/1919] 3c4771be-20fa-47c7-b298-fd20ff9355d0: cophenetic index 624; 0.7 s; peak memory 1405 MiB.
2026-10-04T10:21:56Z INFO [684/1919] 3c48361e-e400-430d-8267-84428652ddc1: cophenetic index 490; 0.4 s; peak memory 1405 MiB.
2026-10-04T10:21:57Z INFO [685/1919] 3c49b95f-3214-464b-996f-1095c0519740: cophenetic index 2570; 0.8 s; peak memory 1405 MiB.
2026-10-04T10:22:00Z INFO [686/1919] 3c4ae524-4f29-4f0e-96ab-24a77194a98d: cophenetic index 6218; 3.0 s; peak memory 1405 MiB.
2026-10-04T10:22:01Z INFO [687/1919] 3c4aeb27-b11e-41a2-a7bb-98d946f3aa44: cophenetic index 2551; 0.8 s; peak memory 1405 MiB.
2026-10-04T10:22:02Z INFO [688/1919] 3c4bc077-9cac-45cb-aba0-167533a8f2b7: cophenetic index 624; 0.7 s; peak memory 1405 MiB.
2026-10-04T10:22:02Z INFO [689/1919] 3c4cf0d5-bfcd-4565-abd9-75d4a40c914f: cophenetic index 431; 0.5 s; peak memory 1405 MiB.
2026-10-04T10:22:04Z INFO [690/1919] 3c4dd309-c5ea-4da3-8d5c-28e8f2aa9d61: cophenetic index 2402; 1.6 s; peak memory 1405 MiB.
2026-10-04T10:22:04Z INFO [691/1919] 3c4e2152-649b-4ce4-b992-62a09df3c982: cophenetic index 3192; 0.6 s; peak memory 1405 MiB.
2026-10-04T10:22:05Z INFO [692/1919] 3c4e2da2-88d5-4eb8-abba-ce63c6c63066: cophenetic index 649; 0.7 s; peak memory 1405 MiB.
2026-10-04T10:22:06Z INFO [693/1919] 3c4eb7e1-2fc7-4a99-9707-20d67d278a61: cophenetic index 581; 1.0 s; peak memory 1405 MiB.
2026-10-04T10:22:07Z INFO [694/1919] 3c4ee6e4-c0c5-4fc7-a1c6-c6e8e43bce1b: cophenetic index 1087; 1.1 s; peak memory 1405 MiB.
2026-10-04T10:22:08Z INFO [695/1919] 3c4f3d27-b442-44b2-8a23-2081d063b358: cophenetic index 3087; 0.8 s; peak memory 1405 MiB.
2026-10-04T10:22:09Z INFO [696/1919] 3c4fec10-7a5d-4cdc-881f-3298457e0d63: cophenetic index 624; 0.6 s; peak memory 1405 MiB.
2026-10-04T10:22:09Z INFO [697/1919] 3c5016fd-5275-4b0e-8f17-da8cb6aa7555: cophenetic index 1470; 0.6 s; peak memory 1405 MiB.
2026-10-04T10:22:10Z INFO [698/1919] 3c503696-dade-4fb5-833c-1f5758322127: cophenetic index 2625; 0.9 s; peak memory 1405 MiB.
2026-10-04T10:22:12Z INFO [699/1919] 3c50b029-db9d-406c-b01e-dbced248dad0: cophenetic index 5473; 1.9 s; peak memory 1405 MiB.
2026-10-04T10:22:13Z INFO [700/1919] 3c50fe86-d7a2-4bd9-93ee-8a3727b1d96f: cophenetic index 624; 0.6 s; peak memory 1405 MiB.
2026-10-04T10:22:13Z INFO [700/1919] 3c50fe86-d7a2-4bd9-93ee-8a3727b1d96f: checkpointed 76026 records.
2026-10-04T10:22:13Z INFO [701/1919] 3c51722a-3e4b-4ee0-bfa5-0a287af990ab: cophenetic index 579; 0.4 s; peak memory 1405 MiB.
2026-10-04T10:22:14Z INFO [702/1919] 3c51f492-0b9b-4db6-8782-280967191e18: cophenetic index 2974; 0.9 s; peak memory 1405 MiB.
2026-10-04T10:22:15Z INFO [703/1919] 3c5246f1-9709-4ce4-835e-f94515b4b4bb: cophenetic index 1949; 0.7 s; peak memory 1405 MiB.
2026-10-04T10:22:16Z INFO [704/1919] 3c529d2e-5f80-445d-9409-6d5eb68b07b7: cophenetic index 624; 0.8 s; peak memory 1405 MiB.
2026-10-04T10:22:16Z INFO [705/1919] 3c5380be-2b16-44e6-a839-fc453313c1a0: cophenetic index 433; 0.5 s; peak memory 1405 MiB.
2026-10-04T10:22:18Z INFO [706/1919] 3c53f70e-1789-41d7-8c01-15188995e301: cophenetic index 6412; 2.3 s; peak memory 1405 MiB.
2026-10-04T10:22:19Z INFO [707/1919] 3c545d00-178b-4eaa-b84b-69f4a2230db0: cophenetic index 766; 0.6 s; peak memory 1405 MiB.
2026-10-04T10:22:20Z INFO [708/1919] 3c571f09-674a-41a5-8fc7-3673d728d2a9: cophenetic index 624; 0.7 s; peak memory 1405 MiB.
2026-10-04T10:22:20Z INFO [709/1919] 3c57678f-564d-4856-a56b-d3c53561d06a: cophenetic index 3057; 0.7 s; peak memory 1405 MiB.
2026-10-04T10:22:21Z INFO [710/1919] 3c57ac3f-b30e-4e5b-859a-09e25b16d1b8: cophenetic index 3087; 0.7 s; peak memory 1405 MiB.
2026-10-04T10:22:27Z INFO [711/1919] 3c57ce19-f241-49f5-a8a6-c2dda6e64fd6: cophenetic index 34862; 5.5 s; peak memory 1405 MiB.
2026-10-04T10:22:30Z INFO [712/1919] 3c57ee64-c587-4587-b11c-c255236e1e19: cophenetic index 74354; 3.3 s; peak memory 1405 MiB.
2026-10-04T10:22:37Z INFO [713/1919] 3c57f49c-1e6b-407b-baff-07ccaad8e554: cophenetic index 255360; 7.1 s; peak memory 1405 MiB.
2026-10-04T10:22:38Z INFO [714/1919] 3c587d4e-f378-45b5-8c42-1afa5e5485ab: cophenetic index 3087; 0.7 s; peak memory 1405 MiB.
2026-10-04T10:22:38Z INFO [715/1919] 3c58887a-301d-4f85-83cb-4ceb0a19a4b8: cophenetic index 1248; 0.6 s; peak memory 1405 MiB.
2026-10-04T10:22:39Z INFO [716/1919] 3c5a730f-41f5-40d9-91d8-ba99adf8837b: cophenetic index 1851; 0.7 s; peak memory 1405 MiB.
2026-10-04T10:22:40Z INFO [717/1919] 3c5a8f82-8084-4b0d-a0fa-cbdc0f4ce8ce: cophenetic index 2625; 0.8 s; peak memory 1405 MiB.
2026-10-04T10:22:41Z INFO [718/1919] 3c5acfb5-8979-4110-92b7-25e35c1ed6da: cophenetic index 33968; 0.7 s; peak memory 1405 MiB.
2026-10-04T10:22:41Z INFO [719/1919] 3c5aeee9-431d-4d2c-9156-8540e9567c82: cophenetic index 2776; 0.7 s; peak memory 1405 MiB.
2026-10-04T10:22:45Z INFO [720/1919] 3c5bce48-2427-4920-b107-1d0ff6cccc98: cophenetic index 55184; 3.9 s; peak memory 1405 MiB.
2026-10-04T10:22:46Z INFO [721/1919] 3c5d280a-6926-4fc5-97d2-24a787503eaa: cophenetic index 2974; 0.8 s; peak memory 1405 MiB.
2026-10-04T10:22:50Z INFO [722/1919] 3c5e9cb4-c7e8-4ee8-8c14-3e8cae35979a: cophenetic index 87573; 4.0 s; peak memory 1405 MiB.
2026-10-04T10:22:51Z INFO [723/1919] 3c5ee405-3aa3-4586-9d97-0aac4e03c271: cophenetic index 2682; 1.3 s; peak memory 1405 MiB.
2026-10-04T10:22:52Z INFO [724/1919] 3c5f0e8d-9f81-4748-aac5-b4fd5d0eb9cb: cophenetic index 3087; 0.8 s; peak memory 1405 MiB.
2026-10-04T10:22:53Z INFO [725/1919] 3c5fd317-b06f-4f2f-b02d-9925232179bf: cophenetic index 3004; 0.7 s; peak memory 1405 MiB.
2026-10-04T10:22:53Z INFO [726/1919] 3c5ffe62-722e-4f13-8118-d1f3850c4a2f: cophenetic index 649; 0.7 s; peak memory 1405 MiB.
2026-10-04T10:22:54Z INFO [727/1919] 3c6041aa-72f0-4ca7-9896-e01c016a30c5: cophenetic index 624; 0.5 s; peak memory 1405 MiB.
2026-10-04T10:22:55Z INFO [728/1919] 3c607761-32a7-42e1-b3a4-1f9d9b0989c0: cophenetic index 2551; 0.8 s; peak memory 1405 MiB.
2026-10-04T10:22:55Z INFO [729/1919] 3c60c73d-ae6e-4811-9234-35e36a69af2e: cophenetic index 624; 0.6 s; peak memory 1405 MiB.
2026-10-04T10:23:48Z INFO [730/1919] 3c626b0e-6db5-42a2-9213-7c89d6883f81: cophenetic index 1091060; 52.5 s; peak memory 1405 MiB.
2026-10-04T10:23:51Z INFO [731/1919] 3c627317-5ba4-400b-a184-147130a2c48a: cophenetic index 87573; 2.9 s; peak memory 1405 MiB.
2026-10-04T10:23:51Z INFO [732/1919] 3c62c84e-d27e-44cf-86f2-e01cba210eda: cophenetic index 624; 0.6 s; peak memory 1405 MiB.
2026-10-04T10:23:53Z INFO [733/1919] 3c63c708-427a-4dab-9589-2928940e356c: cophenetic index 688; 1.1 s; peak memory 1405 MiB.
2026-10-04T10:23:53Z INFO [734/1919] 3c659196-ca3f-45ce-a015-aaa2dcdb88a8: cophenetic index 3004; 0.8 s; peak memory 1405 MiB.
2026-10-04T10:23:54Z INFO [735/1919] 3c66d099-eae7-4c73-a7fe-b97d37daf258: cophenetic index 6435; 0.7 s; peak memory 1405 MiB.
2026-10-04T10:23:58Z INFO [736/1919] 3c675607-75f7-48c2-bd50-347b95c4182b: cophenetic index 64719; 3.5 s; peak memory 1405 MiB.
2026-10-04T10:23:59Z INFO [737/1919] 3c67f2dc-19ca-4372-8c39-f804b0b0a8ab: cophenetic index 2682; 1.6 s; peak memory 1405 MiB.
2026-10-04T10:24:00Z INFO [738/1919] 3c68852a-9e39-4a16-9744-97835e966925: cophenetic index 930; 1.0 s; peak memory 1405 MiB.
2026-10-04T10:24:01Z INFO [739/1919] 3c698627-42ff-470e-9fe6-08e37a251d72: cophenetic index 651; 0.4 s; peak memory 1405 MiB.
2026-10-04T10:24:02Z INFO [740/1919] 3c69d4bf-7339-415d-86d2-9af70f2d52ad: cophenetic index 107822; 1.3 s; peak memory 1405 MiB.
2026-10-04T10:24:03Z INFO [741/1919] 3c6a0f88-a547-4432-8c89-cd3236d98cbe: cophenetic index 3087; 0.7 s; peak memory 1405 MiB.
2026-10-04T10:24:04Z INFO [742/1919] 3c6b8266-4161-48d1-9750-52c36770a781: cophenetic index 30304; 0.9 s; peak memory 1405 MiB.
2026-10-04T10:24:04Z INFO [743/1919] 3c6bbbd8-46a8-41de-b012-33f8dcb08286: cophenetic index 3087; 0.6 s; peak memory 1405 MiB.
2026-10-04T10:24:05Z INFO [744/1919] 3c6bc4a4-68cb-4cc9-acfd-94517036c26e: cophenetic index 809; 1.1 s; peak memory 1405 MiB.
2026-10-04T10:24:06Z INFO [745/1919] 3c6bcdb7-6da1-4d4d-ab16-4b4f35fa84e0: cophenetic index 1025; 0.5 s; peak memory 1405 MiB.
2026-10-04T10:24:06Z INFO [746/1919] 3c6d881e-b667-48f3-8c9e-50203ac06e90: cophenetic index 1739; 0.7 s; peak memory 1405 MiB.
2026-10-04T10:24:07Z INFO [747/1919] 3c6e0528-2347-41d0-a53e-b7d2281de59e: cophenetic index 879; 0.9 s; peak memory 1405 MiB.
2026-10-04T10:24:08Z INFO [748/1919] 3c6e8a6f-d5df-416c-b361-8caa0a23275f: cophenetic index 766; 0.9 s; peak memory 1405 MiB.
2026-10-04T10:24:10Z INFO [749/1919] 3c7009c5-0c3f-458a-9ffd-6e75a07e1ca8: cophenetic index 9030; 1.6 s; peak memory 1405 MiB.
2026-10-04T10:24:10Z INFO [750/1919] 3c700af3-0167-42dc-8229-6a3f2f964bfa: cophenetic index 661; 0.5 s; peak memory 1405 MiB.
2026-10-04T10:24:10Z INFO [750/1919] 3c700af3-0167-42dc-8229-6a3f2f964bfa: checkpointed 76076 records.
2026-10-04T10:24:11Z INFO [751/1919] 3c70ea24-06d4-4a6f-a50b-6f029dc4e36b: cophenetic index 624; 0.5 s; peak memory 1405 MiB.
2026-10-04T10:24:12Z INFO [752/1919] 3c70f765-612d-46e3-8e58-219e7dbf5856: cophenetic index 662; 1.4 s; peak memory 1405 MiB.
2026-10-04T10:24:13Z INFO [753/1919] 3c7118fc-2512-4d17-b1a3-57d64f98fdb1: cophenetic index 431; 0.7 s; peak memory 1405 MiB.
2026-10-04T10:24:14Z INFO [754/1919] 3c7131cd-b4e8-41d9-9070-300c53763718: cophenetic index 739; 0.5 s; peak memory 1405 MiB.
2026-10-04T10:24:16Z INFO [755/1919] 3c713728-c2c3-46f3-a7c8-b957397265af: cophenetic index 9548; 2.8 s; peak memory 1405 MiB.
2026-10-04T10:24:18Z INFO [756/1919] 3c7172c8-f532-443b-bb2f-051484099c44: cophenetic index 4073; 1.2 s; peak memory 1405 MiB.
2026-10-04T10:24:18Z INFO [757/1919] 3c71e924-3284-4388-a508-5c40a20c140f: cophenetic index 3087; 0.5 s; peak memory 1405 MiB.
2026-10-04T10:24:39Z INFO [758/1919] 3c724502-fa7f-4376-9ad3-e92bf43b56d7: cophenetic index 49071392; 20.6 s; peak memory 1405 MiB.
2026-10-04T10:24:39Z INFO [759/1919] 3c7307c4-2c0f-4265-96e3-b565e06546c5: cophenetic index 649; 0.7 s; peak memory 1405 MiB.
2026-10-04T10:24:40Z INFO [760/1919] 3c73b364-ca8e-407a-998a-55f1e85e948e: cophenetic index 2923; 0.5 s; peak memory 1405 MiB.
2026-10-04T10:24:41Z INFO [761/1919] 3c748f77-2136-480a-9e96-d55b57c50dfd: cophenetic index 624; 0.7 s; peak memory 1405 MiB.
2026-10-04T10:24:50Z INFO [762/1919] 3c749b96-2ca5-4aeb-8c52-267f5fb23baf: cophenetic index 42755; 9.2 s; peak memory 1405 MiB.
2026-10-04T10:24:51Z INFO [763/1919] 3c74a822-9c26-4066-b716-b779ebceca8e: cophenetic index 2570; 0.9 s; peak memory 1405 MiB.
2026-10-04T10:24:52Z INFO [764/1919] 3c74caff-9262-4382-a10b-9e75b126518d: cophenetic index 33986; 1.1 s; peak memory 1405 MiB.
2026-10-04T10:24:52Z INFO [765/1919] 3c74cdda-7072-4f82-b95e-6d97e7c0fca5: cophenetic index 624; 0.6 s; peak memory 1405 MiB.
2026-10-04T10:24:55Z INFO [766/1919] 3c762672-5f5c-4dff-93d4-a918386f6aa9: cophenetic index 2685; 2.2 s; peak memory 1405 MiB.
2026-10-04T10:24:55Z INFO [767/1919] 3c767816-678c-4344-a4c9-c32a104084e9: cophenetic index 490; 0.4 s; peak memory 1405 MiB.
2026-10-04T10:24:56Z INFO [768/1919] 3c76cc62-182e-4c5d-8e37-b749d48a201d: cophenetic index 560; 0.5 s; peak memory 1405 MiB.
2026-10-04T10:24:56Z INFO [769/1919] 3c7701b3-10ec-4677-be94-a28bae1aa94d: cophenetic index 2625; 0.8 s; peak memory 1405 MiB.
2026-10-04T10:24:57Z INFO [770/1919] 3c772a1d-30d1-40f3-89ef-fe36c9c9e2e2: cophenetic index 624; 0.6 s; peak memory 1405 MiB.
2026-10-04T10:24:58Z INFO [771/1919] 3c777061-be23-4da6-8def-a8c097fcb354: cophenetic index 33998; 1.2 s; peak memory 1405 MiB.
2026-10-04T10:24:59Z INFO [772/1919] 3c77a379-f16f-4b27-838a-264abf47cc45: cophenetic index 33968; 0.8 s; peak memory 1405 MiB.
2026-10-04T10:25:00Z INFO [773/1919] 3c78d453-2de4-425a-ae60-bb1aacc4fb8b: cophenetic index 2724; 0.8 s; peak memory 1405 MiB.
2026-10-04T10:25:00Z INFO [774/1919] 3c78fe0c-9fb9-4347-9c22-6146581ef744: cophenetic index 3004; 0.6 s; peak memory 1405 MiB.
2026-10-04T10:25:01Z INFO [775/1919] 3c794018-6983-427f-ae56-c689085f9c62: cophenetic index 3004; 0.8 s; peak memory 1405 MiB.
2026-10-04T10:25:03Z INFO [776/1919] 3c7a7658-919a-46b9-98f0-f6667a12a4aa: cophenetic index 2402; 1.6 s; peak memory 1405 MiB.
2026-10-04T10:25:03Z INFO [777/1919] 3c7ae0fb-fcb2-4b32-9f28-68ae361d8f54: cophenetic index 579; 0.4 s; peak memory 1405 MiB.
2026-10-04T10:25:04Z INFO [778/1919] 3c7b8c78-1a84-4e0e-b27a-cb17c6e165a4: cophenetic index 2551; 0.9 s; peak memory 1405 MiB.
2026-10-04T10:25:04Z INFO [779/1919] 3c7c41fe-7538-4ad6-838d-bd8dc1d11fe2: cophenetic index 490; 0.4 s; peak memory 1405 MiB.
2026-10-04T10:25:05Z INFO [780/1919] 3c7cd0c2-d292-4c32-8197-da44f5dc69ed: cophenetic index 626; 0.7 s; peak memory 1405 MiB.
2026-10-04T10:25:06Z INFO [781/1919] 3c7d25f1-a833-4761-ae90-728f3df97219: cophenetic index 624; 0.6 s; peak memory 1405 MiB.
2026-10-04T10:25:06Z INFO [782/1919] 3c7d453e-ff66-4edb-b671-fe2d07d75e15: cophenetic index 624; 0.6 s; peak memory 1405 MiB.
2026-10-04T10:25:07Z INFO [783/1919] 3c7d5fcf-fb2a-4a6a-bc3d-c323903c494e: cophenetic index 3087; 0.7 s; peak memory 1405 MiB.
2026-10-04T10:25:11Z INFO [784/1919] 3c8141d8-5589-484e-a382-6c565745c18a: cophenetic index 77326; 3.8 s; peak memory 1405 MiB.
2026-10-04T10:25:12Z INFO [785/1919] 3c8153c0-4910-4407-a404-364181a02ebf: cophenetic index 2625; 0.8 s; peak memory 1405 MiB.
2026-10-04T10:25:15Z INFO [786/1919] 3c82a29c-27c7-4ca8-a4b1-ff8083b74cc8: cophenetic index 87573; 3.3 s; peak memory 1405 MiB.
2026-10-04T10:25:17Z INFO [787/1919] 3c83a530-8a6c-45b8-90f2-3147ce6ee1ce: cophenetic index 2391; 1.7 s; peak memory 1405 MiB.
2026-10-04T10:25:17Z INFO [788/1919] 3c84b25b-0737-4a75-81d6-89c2b9f3bb0e: cophenetic index 490; 0.3 s; peak memory 1405 MiB.
2026-10-04T10:25:17Z INFO [789/1919] 3c85211f-90c3-465a-8d18-4eb261da4ed8: cophenetic index 446; 0.4 s; peak memory 1405 MiB.
2026-10-04T10:25:18Z INFO [790/1919] 3c855715-a171-4afe-98bd-a0ac85390266: cophenetic index 23358; 0.7 s; peak memory 1405 MiB.
2026-10-04T10:25:19Z INFO [791/1919] 3c859628-9465-414b-bfbb-3e0f95d002af: cophenetic index 624; 0.5 s; peak memory 1405 MiB.
2026-10-04T10:25:22Z INFO [792/1919] 3c85a696-defc-41ac-a573-8efcbdca50e3: cophenetic index 87573; 3.6 s; peak memory 1405 MiB.
2026-10-04T10:25:24Z INFO [793/1919] 3c85d2e9-4d90-41bd-8612-8ddca7e910eb: cophenetic index 1721; 1.5 s; peak memory 1405 MiB.
2026-10-04T10:25:24Z INFO [794/1919] 3c866661-ce84-48de-9913-b07085b1e29b: cophenetic index 624; 0.7 s; peak memory 1405 MiB.
2026-10-04T10:25:28Z INFO [795/1919] 3c86ce95-35ec-43f9-b607-fd1efff360f8: cophenetic index 14296; 3.5 s; peak memory 1405 MiB.
2026-10-04T10:25:29Z INFO [796/1919] 3c86d59b-802f-471a-8a06-5fdfd19f6544: cophenetic index 3004; 0.8 s; peak memory 1405 MiB.
2026-10-04T10:25:29Z INFO [797/1919] 3c870a41-b6b9-4a09-9124-97d1048f973f: cophenetic index 490; 0.3 s; peak memory 1405 MiB.
2026-10-04T10:25:33Z INFO [798/1919] 3c87b851-4011-4cfa-a670-38f72fbb5fe9: cophenetic index 12100; 4.2 s; peak memory 1405 MiB.
2026-10-04T10:25:34Z INFO [799/1919] 3c87c23e-bbd5-4141-907d-33d2859e721c: cophenetic index 2625; 0.8 s; peak memory 1405 MiB.
2026-10-04T10:25:35Z INFO [800/1919] 3c87c29f-a907-456c-ac2c-17ea6c3a8dc6: cophenetic index 624; 0.5 s; peak memory 1405 MiB.
2026-10-04T10:25:35Z INFO [800/1919] 3c87c29f-a907-456c-ac2c-17ea6c3a8dc6: checkpointed 76126 records.
2026-10-04T10:25:35Z INFO [801/1919] 3c88140b-2ac4-4b6e-bc3b-df3a287edc64: cophenetic index 624; 0.5 s; peak memory 1405 MiB.
2026-10-04T10:25:43Z INFO [802/1919] 3c886963-8ef1-45b1-87cb-0305e17e6e6b: cophenetic index 49996; 8.0 s; peak memory 1405 MiB.
2026-10-04T10:25:44Z INFO [803/1919] 3c89d596-fe20-4aa8-af99-f590b38bec9b: cophenetic index 751; 0.4 s; peak memory 1405 MiB.
2026-10-04T10:25:44Z INFO [804/1919] 3c8a22a8-16d3-4bd8-bb40-02a9dc48badc: cophenetic index 605; 0.7 s; peak memory 1405 MiB.
2026-10-04T10:25:45Z INFO [805/1919] 3c8a3f7b-97b6-401e-b9a9-9a44013098bf: cophenetic index 791; 0.8 s; peak memory 1405 MiB.
2026-10-04T10:25:48Z INFO [806/1919] 3c8be292-6c50-4124-b877-0ac539f6541d: cophenetic index 44862; 3.2 s; peak memory 1405 MiB.
2026-10-04T10:25:49Z INFO [807/1919] 3c8be7a3-9f39-4fa5-8737-711d3a62b135: cophenetic index 494; 0.5 s; peak memory 1405 MiB.
2026-10-04T10:25:49Z INFO [808/1919] 3c8c368c-2ad7-4ad9-b686-0d639211f38c: cophenetic index 624; 0.6 s; peak memory 1405 MiB.
2026-10-04T10:25:50Z INFO [809/1919] 3c8ce03d-b3b2-48a4-9157-d2e2cf614af4: cophenetic index 33962; 0.9 s; peak memory 1405 MiB.
2026-10-04T10:25:51Z INFO [810/1919] 3c8d0a37-ca63-4b5b-a209-0f5e80411bbf: cophenetic index 624; 0.7 s; peak memory 1405 MiB.
2026-10-04T10:25:52Z INFO [811/1919] 3c8d4f04-b6eb-44f1-8729-2a3d58ab4224: cophenetic index 11798; 1.0 s; peak memory 1405 MiB.
2026-10-04T10:25:53Z INFO [812/1919] 3c8d75a7-551e-47ce-ae84-34e07529a94e: cophenetic index 33968; 0.8 s; peak memory 1405 MiB.
2026-10-04T10:25:53Z INFO [813/1919] 3c8dcfed-b34a-4f38-9831-ab25be6f8755: cophenetic index 624; 0.5 s; peak memory 1405 MiB.
2026-10-04T10:25:54Z INFO [814/1919] 3c8e522c-37b6-4e64-b79d-32a932f5a5d4: cophenetic index 624; 0.6 s; peak memory 1405 MiB.
2026-10-04T10:25:55Z INFO [815/1919] 3c8ec189-e76d-4219-a620-c61e930322f5: cophenetic index 624; 0.7 s; peak memory 1405 MiB.
2026-10-04T10:25:56Z INFO [816/1919] 3c8ed390-5fff-4eda-8179-e1fd33706d41: cophenetic index 777; 1.1 s; peak memory 1405 MiB.
2026-10-04T10:25:59Z INFO [817/1919] 3c8f6aff-519e-403d-b4ac-02a2c0fd2703: cophenetic index 9548; 3.7 s; peak memory 1405 MiB.
2026-10-04T10:26:00Z INFO [818/1919] 3c8f9aff-ab7d-414d-a7ca-abeda52a4d62: cophenetic index 3004; 0.7 s; peak memory 1405 MiB.
2026-10-04T10:26:02Z INFO [819/1919] 3c8fc748-da70-4a53-a792-ca5467cd48d6: cophenetic index 2609; 1.5 s; peak memory 1405 MiB.
2026-10-04T10:26:02Z INFO [820/1919] 3c902cb3-a51d-4cfd-9616-56455d338094: cophenetic index 624; 0.6 s; peak memory 1405 MiB.
2026-10-04T10:26:04Z INFO [821/1919] 3c90e3f4-11a1-48a9-b56f-d479864379ec: cophenetic index 2521; 1.4 s; peak memory 1405 MiB.
2026-10-04T10:26:05Z INFO [822/1919] 3c912e9c-7fdd-4bbb-a073-227c1378de26: cophenetic index 2625; 1.3 s; peak memory 1405 MiB.
2026-10-04T10:26:08Z INFO [823/1919] 3c91818a-7a75-4e98-9f0a-6bd4eb5c256d: cophenetic index 9548; 3.4 s; peak memory 1405 MiB.
2026-10-04T10:26:09Z INFO [824/1919] 3c924987-09d4-4c00-86c3-4b629761a3a3: cophenetic index 624; 0.6 s; peak memory 1405 MiB.
2026-10-04T10:26:10Z INFO [825/1919] 3c92c5b5-a0ca-488e-8770-cbff6e2b5d1b: cophenetic index 2625; 0.6 s; peak memory 1405 MiB.
2026-10-04T10:26:10Z INFO [826/1919] 3c9334f2-ec92-4461-9b21-c7caaf5e19fb: cophenetic index 624; 0.6 s; peak memory 1405 MiB.
2026-10-04T10:26:11Z INFO [827/1919] 3c93e19b-bf4e-4905-a81b-faeb04e6089e: cophenetic index 755; 0.4 s; peak memory 1405 MiB.
2026-10-04T10:26:11Z INFO [828/1919] 3c948e82-bffb-4d30-bcd5-df24cc9f3f84: cophenetic index 413; 0.7 s; peak memory 1405 MiB.
2026-10-04T10:26:12Z INFO [829/1919] 3c95ee03-4b9f-4fea-981c-cf9073f1b8df: cophenetic index 624; 0.6 s; peak memory 1405 MiB.
2026-10-04T10:26:12Z INFO [830/1919] 3c961021-1c59-468d-bbe0-6e848b238d1e: cophenetic index 433; 0.6 s; peak memory 1405 MiB.
2026-10-04T10:26:13Z INFO [831/1919] 3c9621a4-bb9d-4dd0-80ff-38f054f0365b: cophenetic index 624; 0.8 s; peak memory 1405 MiB.
2026-10-04T10:26:14Z INFO [832/1919] 3c962847-486f-4a4a-b6aa-d0de988a2030: cophenetic index 2844; 0.8 s; peak memory 1405 MiB.
2026-10-04T10:26:23Z INFO [833/1919] 3c971245-0bd5-4499-a917-3453c8538f4a: cophenetic index 427260; 8.5 s; peak memory 1405 MiB.
2026-10-04T10:26:23Z INFO [834/1919] 3c9aefe3-c86c-4d15-a195-de75836eed76: cophenetic index 624; 0.7 s; peak memory 1405 MiB.
2026-10-04T10:26:27Z INFO [835/1919] 3c9b7676-e926-4b7d-b9dc-70182a96e973: cophenetic index 9548; 3.4 s; peak memory 1405 MiB.
2026-10-04T10:26:27Z INFO [836/1919] 3c9b9469-05eb-4ab8-9838-5c68cc43cf90: cophenetic index 624; 0.7 s; peak memory 1405 MiB.
2026-10-04T10:26:28Z INFO [837/1919] 3c9cc5c9-5d0e-49db-99cf-95b0987c9886: cophenetic index 624; 0.6 s; peak memory 1405 MiB.
2026-10-04T10:26:29Z INFO [838/1919] 3c9d28d0-b33b-4e5d-80bb-aea51823e4ad: cophenetic index 33968; 0.9 s; peak memory 1405 MiB.
2026-10-04T10:26:30Z INFO [839/1919] 3c9e51a0-858a-4ecd-89c6-a5b75904413c: cophenetic index 23379; 0.7 s; peak memory 1405 MiB.
2026-10-04T10:26:30Z INFO [840/1919] 3c9e6da6-c1da-4fda-8d93-090ea24091ad: cophenetic index 952; 0.7 s; peak memory 1405 MiB.
2026-10-04T10:26:31Z INFO [841/1919] 3c9f1757-b92e-4eb0-9bf6-fd9e799c4ba4: cophenetic index 624; 0.7 s; peak memory 1405 MiB.
2026-10-04T10:26:32Z INFO [842/1919] 3c9f8fa5-772f-407f-965b-4baf8b529767: cophenetic index 624; 0.6 s; peak memory 1405 MiB.
2026-10-04T10:26:38Z INFO [843/1919] 3c9fdeeb-b1a9-4e8b-bed1-de66cacd2825: cophenetic index 572593; 6.2 s; peak memory 1405 MiB.
2026-10-04T10:26:38Z INFO [844/1919] 3c9fe07c-51a1-49fd-a915-2289842e1c34: cophenetic index 624; 0.6 s; peak memory 1405 MiB.
2026-10-04T10:26:39Z INFO [845/1919] 3ca0f654-1f2c-450b-b306-9c51ea85e183: cophenetic index 99138; 1.0 s; peak memory 1405 MiB.
2026-10-04T10:26:40Z INFO [846/1919] 3ca22601-f995-47f1-adcd-0873e06328c8: cophenetic index 33998; 1.0 s; peak memory 1405 MiB.
2026-10-04T10:26:41Z INFO [847/1919] 3ca24a96-e0b8-4b2c-9350-4560f4ea1b25: cophenetic index 569; 0.8 s; peak memory 1405 MiB.
2026-10-04T10:26:42Z INFO [848/1919] 3ca27734-18ad-47ef-ad1f-3fb127a55676: cophenetic index 3087; 0.6 s; peak memory 1405 MiB.
2026-10-04T10:26:43Z INFO [849/1919] 3ca2edb8-1045-4f91-80b9-67e8ebbd28e8: cophenetic index 33818; 0.8 s; peak memory 1405 MiB.
2026-10-04T10:26:43Z INFO [850/1919] 3ca433e1-341b-4356-9a42-95298c964eb8: cophenetic index 3192; 0.6 s; peak memory 1405 MiB.
2026-10-04T10:26:43Z INFO [850/1919] 3ca433e1-341b-4356-9a42-95298c964eb8: checkpointed 76176 records.
2026-10-04T10:26:44Z INFO [851/1919] 3ca43bc0-2aab-4d96-aa8e-98f6f65c0e75: cophenetic index 2923; 0.6 s; peak memory 1405 MiB.
2026-10-04T10:26:44Z INFO [852/1919] 3ca4673c-0460-4864-992d-808bba676156: cophenetic index 431; 0.5 s; peak memory 1405 MiB.
2026-10-04T10:26:50Z INFO [853/1919] 3ca66059-647e-4957-977b-f29055d26bc0: cophenetic index 34862; 5.3 s; peak memory 1405 MiB.
2026-10-04T10:26:51Z INFO [854/1919] 3ca6aa15-8117-444e-85de-715ef32347a3: cophenetic index 2974; 0.8 s; peak memory 1405 MiB.
2026-10-04T10:26:51Z INFO [855/1919] 3ca6c9f6-61cf-417b-b1b4-bc4b1a034bca: cophenetic index 624; 0.6 s; peak memory 1405 MiB.
2026-10-04T10:26:52Z INFO [856/1919] 3ca6fd9a-c40a-4f63-a9fd-8592e8d51f91: cophenetic index 33998; 1.0 s; peak memory 1405 MiB.
2026-10-04T10:26:53Z INFO [857/1919] 3ca747cc-2ece-48cc-b9b5-7f56f5a1d7cf: cophenetic index 3004; 0.8 s; peak memory 1405 MiB.
2026-10-04T10:26:54Z INFO [858/1919] 3ca778d9-f6f6-4011-b2dc-bd17bc9bc755: cophenetic index 33962; 0.9 s; peak memory 1405 MiB.
2026-10-04T10:26:54Z INFO [859/1919] 3ca7f126-22a1-4d8a-ad29-87d8e904aca6: cophenetic index 937; 0.7 s; peak memory 1405 MiB.
2026-10-04T10:27:03Z INFO [860/1919] 3ca856c6-329c-41b3-b563-1aec1dd634b1: cophenetic index 3328794; 8.1 s; peak memory 1405 MiB.
2026-10-04T10:27:03Z INFO [861/1919] 3ca8c514-4d2c-4083-88b9-e5c3649f341f: cophenetic index 401; 0.5 s; peak memory 1405 MiB.
2026-10-04T10:27:28Z INFO [862/1919] 3ca9413e-64c3-48a5-ba74-89afc06d123f: cophenetic index 9256442; 25.3 s; peak memory 1405 MiB.
2026-10-04T10:27:33Z INFO [863/1919] 3ca9e94a-6cb1-49dc-b33d-47577bdc6e1a: cophenetic index 143547; 5.0 s; peak memory 1405 MiB.
2026-10-04T10:27:34Z INFO [864/1919] 3caa65e6-fa82-413f-bf6c-2e6740316d8f: cophenetic index 3004; 0.8 s; peak memory 1405 MiB.
2026-10-04T10:27:35Z INFO [865/1919] 3caa67b3-7567-47bf-ad72-1509f86e528b: cophenetic index 1949; 0.7 s; peak memory 1405 MiB.
2026-10-04T10:27:36Z INFO [866/1919] 3cabc1d9-e3dd-4e54-a35b-938926488e02: cophenetic index 1087; 0.9 s; peak memory 1405 MiB.
2026-10-04T10:27:37Z INFO [867/1919] 3cabe9ec-33b9-46f3-aea3-61f280b9c4b2: cophenetic index 1514; 1.6 s; peak memory 1405 MiB.
2026-10-04T10:27:38Z INFO [868/1919] 3cac6532-b8fe-4401-ac37-dc39ecc73a27: cophenetic index 624; 0.6 s; peak memory 1405 MiB.
2026-10-04T10:27:39Z INFO [869/1919] 3cac9a86-e6ea-4acb-b3bf-5779ad179e9e: cophenetic index 326483; 1.3 s; peak memory 1405 MiB.
2026-10-04T10:27:40Z INFO [870/1919] 3cad3ddd-395c-447b-b87f-bb75756082a2: cophenetic index 3087; 0.7 s; peak memory 1405 MiB.
2026-10-04T10:27:41Z INFO [871/1919] 3cadba3a-a4f1-4c9f-a051-38ca0c8b6476: cophenetic index 3004; 0.7 s; peak memory 1405 MiB.
2026-10-04T10:27:41Z INFO [872/1919] 3cadc499-609c-4caf-aef6-0a481a3dc34a: cophenetic index 624; 0.5 s; peak memory 1405 MiB.
2026-10-04T10:27:42Z INFO [873/1919] 3cae0440-7970-4c52-a1c2-1b80f7d87ee6: cophenetic index 33986; 0.7 s; peak memory 1405 MiB.
2026-10-04T10:27:43Z INFO [874/1919] 3cae0630-8296-47fa-83fc-731cf6bb4a71: cophenetic index 3004; 0.7 s; peak memory 1405 MiB.
2026-10-04T10:27:47Z INFO [875/1919] 3caf1287-c86a-4822-a233-33f3cb8525b8: cophenetic index 12100; 4.2 s; peak memory 1405 MiB.
2026-10-04T10:27:47Z INFO [876/1919] 3cafe8b5-9d7a-4088-8c77-91cae4532692: cophenetic index 624; 0.6 s; peak memory 1405 MiB.
2026-10-04T10:27:50Z INFO [877/1919] 3cb161da-1c4f-4a05-b0d0-14f05389bd2c: cophenetic index 27209; 2.5 s; peak memory 1405 MiB.
2026-10-04T10:27:51Z INFO [878/1919] 3cb16c4d-48e4-4eeb-bee1-32e3c585abc0: cophenetic index 2625; 0.7 s; peak memory 1405 MiB.
2026-10-04T10:27:52Z INFO [879/1919] 3cb28c86-652d-4fab-b1f5-e886a8154480: cophenetic index 33962; 0.9 s; peak memory 1405 MiB.
2026-10-04T10:27:52Z INFO [880/1919] 3cb32e21-769b-4938-95cf-4b5c5532bb53: cophenetic index 2724; 0.7 s; peak memory 1405 MiB.
2026-10-04T10:27:53Z INFO [881/1919] 3cb4a906-91a0-47d7-8ec7-9873f96342db: cophenetic index 3004; 0.6 s; peak memory 1405 MiB.
2026-10-04T10:27:53Z INFO [882/1919] 3cb52e87-af6d-4540-ac76-c683eeb2db00: cophenetic index 624; 0.5 s; peak memory 1405 MiB.
2026-10-04T10:27:54Z INFO [883/1919] 3cb64760-d3b6-4359-b4fe-edcad92814fd: cophenetic index 431; 0.6 s; peak memory 1405 MiB.
2026-10-04T10:27:55Z INFO [884/1919] 3cb64bf6-db9d-4a6d-a778-3a20fffc53ae: cophenetic index 2625; 1.0 s; peak memory 1405 MiB.
2026-10-04T10:27:56Z INFO [885/1919] 3cb766b0-5701-4789-a801-d31914f1ef8e: cophenetic index 99138; 0.9 s; peak memory 1405 MiB.
2026-10-04T10:27:57Z INFO [886/1919] 3cb7e0e4-bc4d-4326-baa1-86d5f1dc8c90: cophenetic index 6435; 0.8 s; peak memory 1405 MiB.
2026-10-04T10:27:58Z INFO [887/1919] 3cb8464f-ecdf-4c65-beaf-3b05421f512e: cophenetic index 33962; 0.9 s; peak memory 1405 MiB.
2026-10-04T10:27:58Z INFO [888/1919] 3cb879f9-66df-4b27-8348-5b44d87f2434: cophenetic index 624; 0.6 s; peak memory 1405 MiB.
2026-10-04T10:27:59Z INFO [889/1919] 3cb8f700-e0ac-4f3b-9462-a4181be67fd5: cophenetic index 3004; 0.8 s; peak memory 1405 MiB.
2026-10-04T10:28:21Z INFO [890/1919] 3cb97a76-a8cb-4287-9b25-77f6c9c9ecb6: cophenetic index 28022458; 22.0 s; peak memory 1405 MiB.
2026-10-04T10:28:22Z INFO [891/1919] 3cba042b-62e5-49c4-8b42-912b35859f49: cophenetic index 2402; 1.6 s; peak memory 1405 MiB.
2026-10-04T10:28:23Z INFO [892/1919] 3cba3906-55e0-4edc-8883-1e6bb8a73565: cophenetic index 33998; 1.0 s; peak memory 1405 MiB.
2026-10-04T10:28:25Z INFO [893/1919] 3cba6bd2-8eae-43b6-8783-b7d35956cceb: cophenetic index 2469; 1.6 s; peak memory 1405 MiB.
2026-10-04T10:28:26Z INFO [894/1919] 3cbbec98-b042-4142-9381-42667eb84721: cophenetic index 624; 0.6 s; peak memory 1405 MiB.
2026-10-04T10:28:28Z INFO [895/1919] 3cbcddf1-93bc-4d63-a00f-022e6c055cc7: cophenetic index 3045; 2.4 s; peak memory 1405 MiB.
2026-10-04T10:28:29Z INFO [896/1919] 3cbd49d7-ee42-4e6e-b238-fc1b5640eb54: cophenetic index 624; 0.6 s; peak memory 1405 MiB.
2026-10-04T10:28:35Z INFO [897/1919] 3cbd6149-748d-41ff-9520-fe9b9187e656: cophenetic index 216240; 6.1 s; peak memory 1405 MiB.
2026-10-04T10:28:37Z INFO [898/1919] 3cbe6086-0e07-48f2-8bb3-29397fdbb925: cophenetic index 29229; 2.6 s; peak memory 1405 MiB.
2026-10-04T10:28:38Z INFO [899/1919] 3cc04885-91b9-4ed5-a0d3-86e17a27d3cf: cophenetic index 624; 0.6 s; peak memory 1405 MiB.
2026-10-04T10:28:38Z INFO [900/1919] 3cc0cb97-4abc-4207-940f-e6ac30a9be82: cophenetic index 560; 0.5 s; peak memory 1405 MiB.
2026-10-04T10:28:39Z INFO [900/1919] 3cc0cb97-4abc-4207-940f-e6ac30a9be82: checkpointed 76226 records.
2026-10-04T10:28:39Z INFO [901/1919] 3cc15290-7a29-4336-bb20-a8abc3b7c935: cophenetic index 3087; 0.8 s; peak memory 1405 MiB.
2026-10-04T10:28:42Z INFO [902/1919] 3cc1a6cb-cd4b-4c55-871d-8cb800057433: cophenetic index 28035; 2.2 s; peak memory 1405 MiB.
2026-10-04T10:28:42Z INFO [903/1919] 3cc30870-6874-4b8e-bfcb-f3c49d40008b: cophenetic index 2625; 0.9 s; peak memory 1405 MiB.
2026-10-04T10:28:43Z INFO [904/1919] 3cc443fc-9cb6-4af8-98b6-d24c5a5ef64d: cophenetic index 624; 0.6 s; peak memory 1405 MiB.
2026-10-04T10:28:44Z INFO [905/1919] 3cc46a22-7d19-485b-a838-a7375136e4da: cophenetic index 573; 0.9 s; peak memory 1405 MiB.
2026-10-04T10:28:45Z INFO [906/1919] 3cc4b70f-e480-4d9f-ab1c-a1f2729f0554: cophenetic index 624; 0.6 s; peak memory 1405 MiB.
2026-10-04T10:28:46Z INFO [907/1919] 3cc6b902-319f-4608-8e76-9f1810e53325: cophenetic index 99138; 1.2 s; peak memory 1405 MiB.
2026-10-04T10:28:46Z INFO [908/1919] 3cc72bfc-8865-4d96-911e-e95bd04b4b33: cophenetic index 23206; 0.7 s; peak memory 1405 MiB.
2026-10-04T10:28:47Z INFO [909/1919] 3cc76243-5776-4c46-b6d2-0371776d58b4: cophenetic index 490; 0.3 s; peak memory 1405 MiB.
2026-10-04T10:28:49Z INFO [910/1919] 3cc76b68-ef02-41ac-8023-554d67f5c212: cophenetic index 910; 1.7 s; peak memory 1405 MiB.
2026-10-04T10:28:50Z INFO [911/1919] 3cc76bb6-102b-4da0-b663-fd1074df7b93: cophenetic index 5473; 1.9 s; peak memory 1405 MiB.
2026-10-04T10:28:51Z INFO [912/1919] 3cc79a81-8c57-4043-b3f0-7addeb88e5fe: cophenetic index 649; 0.7 s; peak memory 1405 MiB.
2026-10-04T10:28:52Z INFO [913/1919] 3cc7b7ef-b770-4331-b5d3-273c4363f375: cophenetic index 2974; 0.7 s; peak memory 1405 MiB.
2026-10-04T10:28:52Z INFO [914/1919] 3cc7d9bf-5993-43bd-bb51-0058c50e1ec8: cophenetic index 490; 0.3 s; peak memory 1405 MiB.
2026-10-04T10:28:53Z INFO [915/1919] 3cc81b13-77f7-473c-8725-b60692ae026e: cophenetic index 23960; 0.6 s; peak memory 1405 MiB.
2026-10-04T10:28:53Z INFO [916/1919] 3cc82c6f-6914-48e9-be52-07307db311f2: cophenetic index 490; 0.5 s; peak memory 1405 MiB.
2026-10-04T10:28:55Z INFO [917/1919] 3cc98c89-1d52-4671-8c7c-ed47dd1848f7: cophenetic index 41788; 1.2 s; peak memory 1405 MiB.
2026-10-04T10:28:58Z INFO [918/1919] 3ccc2b73-6d6e-497c-8a6a-122fa69dedd3: cophenetic index 33285; 3.6 s; peak memory 1405 MiB.
2026-10-04T10:29:02Z INFO [919/1919] 3ccc4ce9-d242-4496-bf98-eadfb98c0b01: cophenetic index 87573; 3.9 s; peak memory 1405 MiB.
2026-10-04T10:29:05Z INFO [920/1919] 3ccc9ebb-bdb5-4d6c-9b15-bf11b90d38b1: cophenetic index 2162; 2.9 s; peak memory 1405 MiB.
2026-10-04T10:29:06Z INFO [921/1919] 3ccc9f49-ce48-44f1-8e53-41b73e9bf078: cophenetic index 2653; 1.1 s; peak memory 1405 MiB.
2026-10-04T10:29:07Z INFO [922/1919] 3ccd0068-8ed9-4e53-8f9e-8c7e559f1746: cophenetic index 605; 0.8 s; peak memory 1405 MiB.
2026-10-04T10:29:07Z INFO [923/1919] 3ccd15f1-4f34-4747-b43f-c61ac47b879e: cophenetic index 3004; 0.7 s; peak memory 1405 MiB.
2026-10-04T10:29:08Z INFO [924/1919] 3cce418a-f8fb-4018-b150-3d69d51a0b7e: cophenetic index 624; 0.6 s; peak memory 1405 MiB.
2026-10-04T10:29:09Z INFO [925/1919] 3cced9e5-cbcb-479c-af9a-14126d3054b7: cophenetic index 646; 0.6 s; peak memory 1405 MiB.
2026-10-04T10:29:10Z INFO [926/1919] 3ccf7093-88bf-460b-997c-7e086a51b94c: cophenetic index 33986; 1.1 s; peak memory 1405 MiB.
2026-10-04T10:29:10Z INFO [927/1919] 3ccfa468-e478-46f3-9e40-f8ede400c0bf: cophenetic index 3087; 0.7 s; peak memory 1405 MiB.
2026-10-04T10:29:11Z INFO [928/1919] 3ccfad2a-ab6b-4a00-9731-8225fcff96fd: cophenetic index 1271; 0.8 s; peak memory 1405 MiB.
2026-10-04T10:29:13Z INFO [929/1919] 3ccffa04-5a4b-4508-acb3-a2dd647874fa: cophenetic index 2402; 1.5 s; peak memory 1405 MiB.
2026-10-04T10:29:13Z INFO [930/1919] 3cd2c01d-ecf3-4231-9639-da88f6642852: cophenetic index 23866; 0.7 s; peak memory 1405 MiB.
2026-10-04T10:29:14Z INFO [931/1919] 3cd4e013-5ccb-4628-9312-85c686654474: cophenetic index 624; 0.5 s; peak memory 1405 MiB.
2026-10-04T10:29:16Z INFO [932/1919] 3cd50129-05d7-4aa4-83d4-2827c1c0a34d: cophenetic index 34658; 1.7 s; peak memory 1405 MiB.
2026-10-04T10:29:18Z INFO [933/1919] 3cd5116e-bb98-46c1-9c6e-c597d1020150: cophenetic index 8770; 2.6 s; peak memory 1405 MiB.
2026-10-04T10:29:19Z INFO [934/1919] 3cd51268-07ec-4dfb-b2cd-13c54386641d: cophenetic index 3004; 0.7 s; peak memory 1405 MiB.
2026-10-04T10:29:19Z INFO [935/1919] 3cd579a3-1dcf-4071-b221-66f906cb78f6: cophenetic index 490; 0.4 s; peak memory 1405 MiB.
2026-10-04T10:29:20Z INFO [936/1919] 3cd6b318-14cc-45e9-86d7-5f07de88bc51: cophenetic index 624; 0.7 s; peak memory 1405 MiB.
2026-10-04T10:29:27Z INFO [937/1919] 3cd841cd-6ded-4a02-bda7-9fddb88d2bb6: cophenetic index 378126; 7.5 s; peak memory 1405 MiB.
2026-10-04T10:29:29Z INFO [938/1919] 3cd8f104-1476-4023-a631-7eda24f8e70d: cophenetic index 761; 1.1 s; peak memory 1405 MiB.
2026-10-04T10:29:32Z INFO [939/1919] 3cd92492-ac70-4fc0-95b5-1ee98b8120ec: cophenetic index 87573; 3.8 s; peak memory 1405 MiB.
2026-10-04T10:29:33Z INFO [940/1919] 3cd959ff-b4b3-424c-a8f1-524c13510c3c: cophenetic index 2625; 0.7 s; peak memory 1405 MiB.
2026-10-04T10:29:34Z INFO [941/1919] 3cd9d4df-c2a9-4684-86f6-db2c32ffccc6: cophenetic index 33998; 1.3 s; peak memory 1405 MiB.
2026-10-04T10:29:35Z INFO [942/1919] 3cda6a26-c00b-4662-9dbc-43dfd858ee6b: cophenetic index 3004; 0.8 s; peak memory 1405 MiB.
2026-10-04T10:29:41Z INFO [943/1919] 3cda7912-45b0-4633-8124-fa8bfde907b1: cophenetic index 324117; 5.5 s; peak memory 1405 MiB.
2026-10-04T10:29:48Z INFO [944/1919] 3cdac30a-97f9-4234-bfe6-afab4377dc2c: cophenetic index 150108; 7.0 s; peak memory 1405 MiB.
2026-10-04T10:29:48Z INFO [945/1919] 3cdadc11-7220-4831-8dfd-f074cbd8f9fb: cophenetic index 729; 0.5 s; peak memory 1405 MiB.
2026-10-04T10:29:49Z INFO [946/1919] 3cdb474b-a425-453c-9b34-465ba13dc347: cophenetic index 766; 0.8 s; peak memory 1405 MiB.
2026-10-04T10:30:05Z INFO [947/1919] 3cdbaea5-879b-4e1a-a274-e4d538331365: cophenetic index 41757941; 16.0 s; peak memory 1405 MiB.
2026-10-04T10:30:05Z INFO [948/1919] 3cdc14c8-8a48-4c72-8046-545bec8a592d: cophenetic index 490; 0.5 s; peak memory 1405 MiB.
2026-10-04T10:30:06Z INFO [949/1919] 3cdc4a63-5b23-47a7-80cc-5ce49e478fbb: cophenetic index 560; 0.6 s; peak memory 1405 MiB.
2026-10-04T10:30:11Z INFO [950/1919] 3cdc4efa-c800-4a85-9e4a-672b3f5fcbed: cophenetic index 14788; 4.8 s; peak memory 1405 MiB.
2026-10-04T10:30:11Z INFO [950/1919] 3cdc4efa-c800-4a85-9e4a-672b3f5fcbed: checkpointed 76276 records.
2026-10-04T10:30:11Z INFO [951/1919] 3cdc72f3-2eef-4605-ab44-384ccbd370f3: cophenetic index 490; 0.5 s; peak memory 1405 MiB.
2026-10-04T10:30:18Z INFO [952/1919] 3cdd02a7-7bd9-44f2-9ed4-92d7effb737c: cophenetic index 210487; 6.9 s; peak memory 1405 MiB.
2026-10-04T10:30:19Z INFO [953/1919] 3cdd6153-2a95-489c-8db9-838fb9d24ba7: cophenetic index 3004; 0.8 s; peak memory 1405 MiB.
2026-10-04T10:30:20Z INFO [954/1919] 3cdd7b5a-37e4-416e-87c8-73fc9c83f560: cophenetic index 613; 1.2 s; peak memory 1405 MiB.
2026-10-04T10:30:21Z INFO [955/1919] 3cdd8c1e-9b78-46f6-b229-5ae4628d33d9: cophenetic index 1087; 0.9 s; peak memory 1405 MiB.
2026-10-04T10:30:22Z INFO [956/1919] 3cddf2fa-f998-4906-9260-d72880bef277: cophenetic index 766; 1.1 s; peak memory 1405 MiB.
2026-10-04T10:30:24Z INFO [957/1919] 3cde0684-a04b-46a9-9568-a0082d4f04b0: cophenetic index 3721; 1.7 s; peak memory 1405 MiB.
2026-10-04T10:30:25Z INFO [958/1919] 3cdea0b5-b38e-466a-8226-b871f95be74f: cophenetic index 2724; 1.0 s; peak memory 1405 MiB.
2026-10-04T10:30:25Z INFO [959/1919] 3cdeceed-3352-4bf1-a0ab-94909fb3cce1: cophenetic index 739; 0.4 s; peak memory 1405 MiB.
2026-10-04T10:30:26Z INFO [960/1919] 3cdeda6f-d724-4ee6-a7a7-9668c4c83fc9: cophenetic index 624; 0.7 s; peak memory 1405 MiB.
2026-10-04T10:30:27Z INFO [961/1919] 3cdf3657-8ca2-457a-a2da-17a1ee872ef0: cophenetic index 624; 0.6 s; peak memory 1405 MiB.
2026-10-04T10:30:28Z INFO [962/1919] 3cdf7f86-4c3a-47c1-89c8-5f6e5b76ceb7: cophenetic index 4491; 1.8 s; peak memory 1405 MiB.
2026-10-04T10:30:30Z INFO [963/1919] 3cdfb147-8809-4309-8fb1-df15f3d2e442: cophenetic index 3429; 1.5 s; peak memory 1405 MiB.
2026-10-04T10:30:31Z INFO [964/1919] 3ce01b75-d8b0-44ac-be50-e31f8e1735b3: cophenetic index 605; 0.8 s; peak memory 1405 MiB.
2026-10-04T10:30:31Z INFO [965/1919] 3ce02783-6ba2-4775-9c21-a54b719b87bc: cophenetic index 624; 0.6 s; peak memory 1405 MiB.
2026-10-04T10:30:32Z INFO [966/1919] 3ce13126-39da-4682-a1de-8dd4460acb9b: cophenetic index 624; 0.7 s; peak memory 1405 MiB.
2026-10-04T10:30:33Z INFO [967/1919] 3ce16f1c-ea47-491e-9583-86e9043366c9: cophenetic index 624; 0.7 s; peak memory 1405 MiB.
2026-10-04T10:30:37Z INFO [968/1919] 3ce1ce0c-ae34-4d6e-a2b2-ca6eb7295a63: cophenetic index 6715; 3.9 s; peak memory 1405 MiB.
2026-10-04T10:30:41Z INFO [969/1919] 3ce25b6c-ee51-4ca8-81a1-adbd532b7f1f: cophenetic index 56337; 4.2 s; peak memory 1405 MiB.
2026-10-04T10:30:41Z INFO [970/1919] 3ce28da5-e089-49c5-a4c5-54b9e4cabec0: cophenetic index 624; 0.5 s; peak memory 1405 MiB.
2026-10-04T10:30:42Z INFO [971/1919] 3ce3387d-d6c3-45a1-9866-b9ec0d19fdfa: cophenetic index 624; 0.6 s; peak memory 1405 MiB.
2026-10-04T10:30:42Z INFO [972/1919] 3ce34dd0-fa57-487a-9f96-69461f012ad2: cophenetic index 490; 0.4 s; peak memory 1405 MiB.
2026-10-04T10:30:43Z INFO [973/1919] 3ce3ffd9-51c4-4f3a-85c6-2f4a47a93428: cophenetic index 624; 0.6 s; peak memory 1405 MiB.
2026-10-04T10:30:44Z INFO [974/1919] 3ce459c7-0c46-47d1-ad9c-64a86eb87d70: cophenetic index 490; 0.6 s; peak memory 1405 MiB.
2026-10-04T10:30:44Z INFO [975/1919] 3ce54a53-5545-4baa-81db-bb1eb7c5768c: cophenetic index 624; 0.6 s; peak memory 1405 MiB.
2026-10-04T10:30:45Z INFO [976/1919] 3ce83ca5-be9e-48d1-9112-7f90c835399a: cophenetic index 23510; 0.8 s; peak memory 1405 MiB.
2026-10-04T10:30:49Z INFO [977/1919] 3ce846a0-b051-4433-8a3d-90668959336a: cophenetic index 143100; 3.9 s; peak memory 1405 MiB.
2026-10-04T10:30:50Z INFO [978/1919] 3cea9385-345e-4c4f-a727-cfa8973e0846: cophenetic index 937; 0.8 s; peak memory 1405 MiB.
2026-10-04T10:30:51Z INFO [979/1919] 3ceae1e6-047c-425d-bc98-b0fec1939324: cophenetic index 23853; 1.1 s; peak memory 1405 MiB.
2026-10-04T10:30:52Z INFO [980/1919] 3ceafba5-6bdb-4ef8-a729-217e4d8d1814: cophenetic index 949; 1.0 s; peak memory 1405 MiB.
2026-10-04T10:30:53Z INFO [981/1919] 3ceb7112-7789-4821-babf-9085d2352da9: cophenetic index 937; 0.9 s; peak memory 1405 MiB.
2026-10-04T10:30:59Z INFO [982/1919] 3ceb822e-ddf2-494d-a392-5786dc7e5513: cophenetic index 48665; 6.8 s; peak memory 1405 MiB.
2026-10-04T10:31:00Z INFO [983/1919] 3cec266c-d618-45c4-af90-9a82de2cc1bc: cophenetic index 3004; 0.6 s; peak memory 1405 MiB.
2026-10-04T10:31:01Z INFO [984/1919] 3ceca974-8a1d-4427-95fb-41c3117a29f9: cophenetic index 99138; 1.1 s; peak memory 1405 MiB.
2026-10-04T10:31:02Z INFO [985/1919] 3cecf618-4a92-47e3-9284-f8cb1c2475cd: cophenetic index 624; 0.6 s; peak memory 1405 MiB.
2026-10-04T10:31:02Z INFO [986/1919] 3cecfc2c-fd45-4005-b13d-6613c466476e: cophenetic index 605; 0.7 s; peak memory 1405 MiB.
2026-10-04T10:31:03Z INFO [987/1919] 3cedafef-4260-4e46-881a-642c80fba230: cophenetic index 3004; 0.6 s; peak memory 1405 MiB.
2026-10-04T10:31:04Z INFO [988/1919] 3cee939b-1dc7-48bc-b368-149b423092ba: cophenetic index 3004; 0.8 s; peak memory 1405 MiB.
2026-10-04T10:31:04Z INFO [989/1919] 3ceed02d-008c-4dd5-abb6-4ffdb005a94a: cophenetic index 624; 0.5 s; peak memory 1405 MiB.
2026-10-04T10:31:06Z INFO [990/1919] 3cef3723-dbb3-4eff-a8bd-f0428c47c120: cophenetic index 2469; 1.6 s; peak memory 1405 MiB.
2026-10-04T10:31:07Z INFO [991/1919] 3cef65b4-9fe0-47ad-847b-85d59fd0aa42: cophenetic index 1025; 0.7 s; peak memory 1405 MiB.
2026-10-04T10:31:07Z INFO [992/1919] 3cefc88c-f55f-4e75-84aa-89106b93fc94: cophenetic index 3087; 0.7 s; peak memory 1405 MiB.
2026-10-04T10:31:08Z INFO [993/1919] 3cf00018-9ec6-4b88-90f8-aa0376e59710: cophenetic index 649; 0.6 s; peak memory 1405 MiB.
2026-10-04T10:31:08Z INFO [994/1919] 3cf00f97-efbd-47b1-8ff4-77d71bc23266: cophenetic index 624; 0.5 s; peak memory 1405 MiB.
2026-10-04T10:31:10Z INFO [995/1919] 3cf03764-6314-4580-b225-c322c6a76578: cophenetic index 6636; 1.8 s; peak memory 1405 MiB.
2026-10-04T10:31:11Z INFO [996/1919] 3cf0ea9b-bbb9-4556-8f62-ebc382d80e3a: cophenetic index 1470; 0.8 s; peak memory 1405 MiB.
2026-10-04T10:31:12Z INFO [997/1919] 3cf15853-fae0-4c27-9cbc-a052235f97b8: cophenetic index 2551; 1.1 s; peak memory 1405 MiB.
2026-10-04T10:31:17Z INFO [998/1919] 3cf175a6-2575-43ff-80cc-025115e57c20: cophenetic index 92573; 4.8 s; peak memory 1405 MiB.
2026-10-04T10:31:18Z INFO [999/1919] 3cf284ae-c582-414c-b7fb-a9683771957a: cophenetic index 2625; 0.8 s; peak memory 1405 MiB.
2026-10-04T10:31:19Z INFO [1000/1919] 3cf370d7-2d4d-427e-9bbc-b85a0f853930: cophenetic index 30304; 0.9 s; peak memory 1405 MiB.
2026-10-04T10:31:19Z INFO [1000/1919] 3cf370d7-2d4d-427e-9bbc-b85a0f853930: checkpointed 76326 records.
2026-10-04T10:31:20Z INFO [1001/1919] 3cf3f504-ab55-4148-8a53-86c5454cd611: cophenetic index 33998; 0.9 s; peak memory 1405 MiB.
2026-10-04T10:31:20Z INFO [1002/1919] 3cf43061-a0eb-4a53-8e89-13d39b946e65: cophenetic index 3004; 0.8 s; peak memory 1405 MiB.
2026-10-04T10:31:22Z INFO [1003/1919] 3cf453c8-e92d-432f-bdc2-129b4981a114: cophenetic index 662; 1.5 s; peak memory 1405 MiB.
2026-10-04T10:31:23Z INFO [1004/1919] 3cf48d06-a6e6-492e-8142-19d259b3466d: cophenetic index 821; 1.0 s; peak memory 1405 MiB.
2026-10-04T10:31:23Z INFO [1005/1919] 3cf4aa94-d215-4465-ae46-4036fef08436: cophenetic index 448; 0.6 s; peak memory 1405 MiB.
2026-10-04T10:31:24Z INFO [1006/1919] 3cf4c0ae-ec88-49c4-880c-c2648cdc818c: cophenetic index 3087; 0.6 s; peak memory 1405 MiB.
2026-10-04T10:31:25Z INFO [1007/1919] 3cf4ca12-0e69-4377-a3df-f20cf3181a50: cophenetic index 624; 0.6 s; peak memory 1405 MiB.
2026-10-04T10:31:25Z INFO [1008/1919] 3cf5c781-2ccc-4cce-b609-d2e9c57164d7: cophenetic index 624; 0.6 s; peak memory 1405 MiB.
2026-10-04T10:31:26Z INFO [1009/1919] 3cf5c981-d47b-4741-8a47-e5f988192753: cophenetic index 3087; 0.7 s; peak memory 1405 MiB.
2026-10-04T10:31:26Z INFO [1010/1919] 3cf5ce7b-0a19-436f-9f46-9541f9b3abec: cophenetic index 651; 0.4 s; peak memory 1405 MiB.
2026-10-04T10:31:34Z INFO [1011/1919] 3cf74b7d-92c2-4cce-ac49-e6218e0da2e0: cophenetic index 21815; 7.6 s; peak memory 1405 MiB.
2026-10-04T10:31:35Z INFO [1012/1919] 3cf7fc12-c953-423f-8a27-8a51fe582e5d: cophenetic index 624; 0.6 s; peak memory 1405 MiB.
2026-10-04T10:31:36Z INFO [1013/1919] 3cf8de80-211f-4767-a9f7-13e82dc3afdd: cophenetic index 2625; 1.1 s; peak memory 1405 MiB.
2026-10-04T10:31:36Z INFO [1014/1919] 3cf9bdf6-7f0d-449d-a8b7-ae2132ee5fcd: cophenetic index 2920; 0.6 s; peak memory 1405 MiB.
2026-10-04T10:31:37Z INFO [1015/1919] 3cfa8a77-1901-4c04-80fa-829fe68a0c37: cophenetic index 624; 0.7 s; peak memory 1405 MiB.
2026-10-04T10:31:38Z INFO [1016/1919] 3cfaa0bc-3067-480d-bf66-87fcd45226c1: cophenetic index 2625; 0.9 s; peak memory 1405 MiB.
2026-10-04T10:31:39Z INFO [1017/1919] 3cfb1a4c-4d01-4dd9-9180-6582cd257b3d: cophenetic index 1380; 0.9 s; peak memory 1405 MiB.
2026-10-04T10:31:39Z INFO [1018/1919] 3cfbf3bd-0d4a-410a-abb8-538f6e09ef98: cophenetic index 431; 0.7 s; peak memory 1405 MiB.
2026-10-04T10:31:42Z INFO [1019/1919] 3cfc79c4-2d33-4ac0-b356-bddc9529c462: cophenetic index 13266; 2.0 s; peak memory 1405 MiB.
2026-10-04T10:31:42Z INFO [1020/1919] 3cfd3113-8bb2-4bd9-8b85-0765a5c44800: cophenetic index 624; 0.5 s; peak memory 1405 MiB.
2026-10-04T10:31:43Z INFO [1021/1919] 3cfd4081-5a34-4419-bc80-14c6b077fb3a: cophenetic index 1993; 0.7 s; peak memory 1405 MiB.
2026-10-04T10:31:44Z INFO [1022/1919] 3cfdaa3c-5bff-4879-97b7-04de0ea4762d: cophenetic index 1380; 1.1 s; peak memory 1405 MiB.
2026-10-04T10:31:44Z INFO [1023/1919] 3cfdb1d8-3751-4484-88ca-75a4e33e8623: cophenetic index 624; 0.6 s; peak memory 1405 MiB.
2026-10-04T10:31:45Z INFO [1024/1919] 3cfe225b-f59a-41f3-9174-f1c5616cab56: cophenetic index 590; 0.7 s; peak memory 1405 MiB.
2026-10-04T10:31:46Z INFO [1025/1919] 3cffedda-ad27-4e41-b2a7-e2b301e46f92: cophenetic index 33968; 0.9 s; peak memory 1405 MiB.
2026-10-04T10:31:47Z INFO [1026/1919] 3d0015fc-9e68-40d4-b47e-38d4e884d709: cophenetic index 605; 0.8 s; peak memory 1405 MiB.
2026-10-04T10:31:47Z INFO [1027/1919] 3d00cb13-50f1-41e7-9499-d1e3e2e9c236: cophenetic index 490; 0.4 s; peak memory 1405 MiB.
2026-10-04T10:31:48Z INFO [1028/1919] 3d01a3f6-0cea-4a01-8ccb-856ded51af5d: cophenetic index 729; 0.4 s; peak memory 1405 MiB.
2026-10-04T10:31:48Z INFO [1029/1919] 3d02a1d7-6a54-4f31-a722-7d19ab6140cc: cophenetic index 624; 0.6 s; peak memory 1405 MiB.
2026-10-04T10:31:49Z INFO [1030/1919] 3d02a1fd-4288-4c89-a5d1-ebd52adab03f: cophenetic index 579; 0.4 s; peak memory 1405 MiB.
2026-10-04T10:31:49Z INFO [1031/1919] 3d031091-cf1f-4cf5-ad7a-ead634232659: cophenetic index 498; 0.5 s; peak memory 1405 MiB.
2026-10-04T10:31:50Z INFO [1032/1919] 3d03c0d8-21fa-4764-bb95-bc33ff90e001: cophenetic index 3004; 0.7 s; peak memory 1405 MiB.
2026-10-04T10:31:53Z INFO [1033/1919] 3d040460-d76a-46c4-ac0a-830194d48ac1: cophenetic index 9548; 3.3 s; peak memory 1405 MiB.
2026-10-04T10:31:54Z INFO [1034/1919] 3d04320b-70bd-4ecc-b0fc-4527d6c08105: cophenetic index 739; 0.4 s; peak memory 1405 MiB.
2026-10-04T10:31:54Z INFO [1035/1919] 3d0490e5-c7d7-4761-ba01-4840084fd9e3: cophenetic index 649; 0.6 s; peak memory 1405 MiB.
2026-10-04T10:31:55Z INFO [1036/1919] 3d04c0e9-8222-478b-bf37-dbabe418f998: cophenetic index 490; 0.4 s; peak memory 1405 MiB.
2026-10-04T10:31:56Z INFO [1037/1919] 3d04cab2-a08b-478e-86bc-686c6841442b: cophenetic index 33998; 1.0 s; peak memory 1405 MiB.
2026-10-04T10:31:56Z INFO [1038/1919] 3d066815-e131-4226-97aa-80b79dded38f: cophenetic index 2974; 0.7 s; peak memory 1405 MiB.
2026-10-04T10:31:57Z INFO [1039/1919] 3d071dbe-861f-4967-8814-ddc662d42f52: cophenetic index 490; 0.4 s; peak memory 1405 MiB.
2026-10-04T10:32:01Z INFO [1040/1919] 3d0743a8-84a7-4e23-a1fb-dfb8cc48d842: cophenetic index 102035; 4.3 s; peak memory 1405 MiB.
2026-10-04T10:32:08Z INFO [1041/1919] 3d07543d-906e-4d4d-b7d0-9fc195f0dc91: cophenetic index 216731; 6.8 s; peak memory 1405 MiB.
2026-10-04T10:32:09Z INFO [1042/1919] 3d0784fe-36e2-4218-b457-1201a4068038: cophenetic index 949; 1.0 s; peak memory 1405 MiB.
2026-10-04T10:32:10Z INFO [1043/1919] 3d08cbf1-ca67-4ccc-823e-8b8396374fdb: cophenetic index 107822; 1.4 s; peak memory 1405 MiB.
2026-10-04T10:32:11Z INFO [1044/1919] 3d08dc16-5879-4c78-a535-5899aed86ec9: cophenetic index 3004; 0.8 s; peak memory 1405 MiB.
2026-10-04T10:32:12Z INFO [1045/1919] 3d099b0b-2967-4dc4-a9f5-9a4f6c2f4f30: cophenetic index 3004; 0.6 s; peak memory 1405 MiB.
2026-10-04T10:32:12Z INFO [1046/1919] 3d0a6067-d07d-4204-93df-480c5245a0aa: cophenetic index 767; 0.4 s; peak memory 1405 MiB.
2026-10-04T10:32:13Z INFO [1047/1919] 3d0a74c9-8898-427a-853f-740bb0139ed6: cophenetic index 2625; 0.8 s; peak memory 1405 MiB.
2026-10-04T10:32:15Z INFO [1048/1919] 3d0b44f4-542a-45fb-82f2-e231e81dbefa: cophenetic index 5473; 2.0 s; peak memory 1405 MiB.
2026-10-04T10:32:19Z INFO [1049/1919] 3d0b52bc-f82f-44f0-ad11-b8ef91f9029d: cophenetic index 14137; 3.8 s; peak memory 1405 MiB.
2026-10-04T10:32:20Z INFO [1050/1919] 3d0b906c-3b66-4748-a3d8-cd362d00d14b: cophenetic index 33968; 0.9 s; peak memory 1405 MiB.
2026-10-04T10:32:20Z INFO [1050/1919] 3d0b906c-3b66-4748-a3d8-cd362d00d14b: checkpointed 76376 records.
2026-10-04T10:32:20Z INFO [1051/1919] 3d0c6c95-ea1c-4d72-b903-58d9a961ac36: cophenetic index 3004; 0.7 s; peak memory 1405 MiB.
2026-10-04T10:32:21Z INFO [1052/1919] 3d0ccb88-3833-4efb-91d4-09b812444a73: cophenetic index 3004; 0.7 s; peak memory 1405 MiB.
2026-10-04T10:32:23Z INFO [1053/1919] 3d0d91c0-75fe-495b-9c11-9f4e5ff4f070: cophenetic index 2682; 1.6 s; peak memory 1405 MiB.
2026-10-04T10:32:23Z INFO [1054/1919] 3d0daabd-bf68-45f9-9c05-ab773783c5d3: cophenetic index 3004; 0.7 s; peak memory 1405 MiB.
2026-10-04T10:32:24Z INFO [1055/1919] 3d0ec221-a42f-44bc-b360-b62f066eed5b: cophenetic index 517; 0.5 s; peak memory 1405 MiB.
2026-10-04T10:32:27Z INFO [1056/1919] 3d101020-3a2d-47ce-b1af-4850d3aabc0c: cophenetic index 20638; 3.1 s; peak memory 1405 MiB.
2026-10-04T10:32:30Z INFO [1057/1919] 3d107a75-0b5d-4baf-b2ac-0e3a6bfb32af: cophenetic index 41085; 3.4 s; peak memory 1405 MiB.
2026-10-04T10:32:31Z INFO [1058/1919] 3d119383-66e9-4f0a-9d56-c54d15714e4d: cophenetic index 1006; 0.9 s; peak memory 1405 MiB.
2026-10-04T10:32:32Z INFO [1059/1919] 3d11b3f3-56ef-41a9-815b-d39d819094f5: cophenetic index 99114; 1.0 s; peak memory 1405 MiB.
2026-10-04T10:32:33Z INFO [1060/1919] 3d1237bc-7fe4-4e2c-be75-586b95fe9ec7: cophenetic index 2923; 0.6 s; peak memory 1405 MiB.
2026-10-04T10:32:34Z INFO [1061/1919] 3d124b1a-8631-43e4-86ad-49caf2461bfa: cophenetic index 994; 0.7 s; peak memory 1405 MiB.
2026-10-04T10:32:34Z INFO [1062/1919] 3d12a67d-6833-4cd3-89e9-3f20a1452353: cophenetic index 624; 0.7 s; peak memory 1405 MiB.
2026-10-04T10:32:35Z INFO [1063/1919] 3d12b70c-9237-4d1b-b985-4daadf205be9: cophenetic index 624; 0.7 s; peak memory 1405 MiB.
2026-10-04T10:32:36Z INFO [1064/1919] 3d13584b-bdb8-41b4-9ac7-158baef465d7: cophenetic index 33998; 1.4 s; peak memory 1405 MiB.
2026-10-04T10:32:37Z INFO [1065/1919] 3d139753-0079-461f-b559-f1ac420aa982: cophenetic index 1087; 0.9 s; peak memory 1405 MiB.
2026-10-04T10:32:38Z INFO [1066/1919] 3d1420eb-2acd-4db1-a8e3-9b34f751339d: cophenetic index 2920; 0.5 s; peak memory 1405 MiB.
2026-10-04T10:32:38Z INFO [1067/1919] 3d154a4d-9208-4420-ab45-795a62dc1851: cophenetic index 731; 0.4 s; peak memory 1405 MiB.
2026-10-04T10:32:39Z INFO [1068/1919] 3d15d089-6481-4ad0-ac20-6b203626be9c: cophenetic index 624; 0.7 s; peak memory 1405 MiB.
2026-10-04T10:32:40Z INFO [1069/1919] 3d179ef2-192e-439f-8f0e-0e6385d46564: cophenetic index 7886; 1.7 s; peak memory 1405 MiB.
2026-10-04T10:32:41Z INFO [1070/1919] 3d17df19-26f3-49c8-9867-cdff89a20fc1: cophenetic index 1228; 0.6 s; peak memory 1405 MiB.
2026-10-04T10:32:43Z INFO [1071/1919] 3d17e1f9-0884-4d96-824b-03cacca8380c: cophenetic index 2402; 1.5 s; peak memory 1405 MiB.
2026-10-04T10:32:43Z INFO [1072/1919] 3d17ed8d-2367-449e-b356-6d6aab3d0d77: cophenetic index 624; 0.5 s; peak memory 1405 MiB.
2026-10-04T10:32:44Z INFO [1073/1919] 3d17fa68-da41-4249-9672-edc2f184f478: cophenetic index 661; 0.4 s; peak memory 1405 MiB.
2026-10-04T10:32:44Z INFO [1074/1919] 3d183b7b-5275-42f5-8635-c77058ea2806: cophenetic index 2974; 0.6 s; peak memory 1405 MiB.
2026-10-04T10:33:02Z INFO [1075/1919] 3d18fc38-ff0a-4b23-83aa-474ee82dbaf4: cophenetic index 2232284; 17.5 s; peak memory 1405 MiB.
2026-10-04T10:33:03Z INFO [1076/1919] 3d193f83-86b8-44bd-b7b9-270da14b7b24: cophenetic index 761; 1.1 s; peak memory 1405 MiB.
2026-10-04T10:33:03Z INFO [1077/1919] 3d19dac6-45a8-4b90-a0a4-4fe4c6fc5db1: cophenetic index 624; 0.7 s; peak memory 1405 MiB.
2026-10-04T10:33:04Z INFO [1078/1919] 3d1a544a-e658-4017-95ad-99ef56e889d1: cophenetic index 624; 0.6 s; peak memory 1405 MiB.
2026-10-04T10:33:05Z INFO [1079/1919] 3d1a69dc-adb4-47da-8c76-592bb92ed15f: cophenetic index 624; 0.7 s; peak memory 1405 MiB.
2026-10-04T10:33:06Z INFO [1080/1919] 3d1af90a-fc9b-43e5-952d-8e6f777a171f: cophenetic index 3004; 0.8 s; peak memory 1405 MiB.
2026-10-04T10:33:06Z INFO [1081/1919] 3d1aff15-5b3a-4ee5-b7fe-5084f0649233: cophenetic index 635; 0.5 s; peak memory 1405 MiB.
2026-10-04T10:33:07Z INFO [1082/1919] 3d1b366e-656c-4703-845e-6bd253d5c87a: cophenetic index 624; 0.7 s; peak memory 1405 MiB.
2026-10-04T10:33:08Z INFO [1083/1919] 3d1bac64-d1ef-4dcc-9cff-c857f7052b8a: cophenetic index 2682; 1.7 s; peak memory 1405 MiB.
2026-10-04T10:33:09Z INFO [1084/1919] 3d1c057d-65db-4db5-9599-69f23938239f: cophenetic index 2776; 0.5 s; peak memory 1405 MiB.
2026-10-04T10:33:10Z INFO [1085/1919] 3d1c1602-b249-4a73-ab06-2d54d3185b65: cophenetic index 624; 0.7 s; peak memory 1405 MiB.
2026-10-04T10:33:10Z INFO [1086/1919] 3d1c1ad4-8529-4d63-9de1-4c335d329e75: cophenetic index 3087; 0.7 s; peak memory 1405 MiB.
2026-10-04T10:33:11Z INFO [1087/1919] 3d1c1cd8-082d-4e4e-b46c-83ecb457eaab: cophenetic index 624; 0.5 s; peak memory 1405 MiB.
2026-10-04T10:33:17Z INFO [1088/1919] 3d1c85a8-584b-4dbc-adc6-1496be7ae44e: cophenetic index 195173008; 6.2 s; peak memory 1405 MiB.
2026-10-04T10:33:29Z INFO [1089/1919] 3d1cd7db-79fc-4879-969a-ac55d665bf70: cophenetic index 234846; 11.7 s; peak memory 1405 MiB.
2026-10-04T10:33:29Z INFO [1090/1919] 3d1d109c-a685-4dd4-a74a-c4b15d5b424e: cophenetic index 2625; 0.7 s; peak memory 1405 MiB.
2026-10-04T10:33:30Z INFO [1091/1919] 3d1e0165-7cd2-4cae-9c8c-5ccbd83faed7: cophenetic index 3057; 0.8 s; peak memory 1405 MiB.
2026-10-04T10:33:31Z INFO [1092/1919] 3d1e0e5c-7c59-42d0-bf30-b3bd0567bdc9: cophenetic index 3004; 0.6 s; peak memory 1405 MiB.
2026-10-04T10:33:31Z INFO [1093/1919] 3d1e5549-3c05-4a54-9c5a-6fcff6b3ec07: cophenetic index 579; 0.5 s; peak memory 1405 MiB.
2026-10-04T10:33:32Z INFO [1094/1919] 3d1e6c58-faf8-42d0-809a-2a93a04fc8c4: cophenetic index 649; 0.7 s; peak memory 1405 MiB.
2026-10-04T10:33:33Z INFO [1095/1919] 3d1ec59e-2078-4c5e-af8b-a56be70f38ec: cophenetic index 3004; 0.7 s; peak memory 1405 MiB.
2026-10-04T10:33:35Z INFO [1096/1919] 3d1eebad-69ab-4adc-bc97-ea69464e2bc3: cophenetic index 5473; 1.8 s; peak memory 1405 MiB.
2026-10-04T10:33:35Z INFO [1097/1919] 3d1eec0d-d9c2-4e8a-af6f-09012e716b89: cophenetic index 379; 0.5 s; peak memory 1405 MiB.
2026-10-04T10:33:37Z INFO [1098/1919] 3d1f5cb4-8ee0-4f54-91e5-bc7c52de8023: cophenetic index 2402; 1.6 s; peak memory 1405 MiB.
2026-10-04T10:33:38Z INFO [1099/1919] 3d1f67b5-8706-4df7-86de-def2b468050f: cophenetic index 2625; 1.0 s; peak memory 1405 MiB.
2026-10-04T10:33:38Z INFO [1100/1919] 3d1fd8bc-a087-4d55-9ddf-084c44da36a9: cophenetic index 624; 0.6 s; peak memory 1405 MiB.
2026-10-04T10:33:38Z INFO [1100/1919] 3d1fd8bc-a087-4d55-9ddf-084c44da36a9: checkpointed 76426 records.
2026-10-04T10:33:39Z INFO [1101/1919] 3d208aba-0e92-4e57-8884-6844e30147e4: cophenetic index 793; 1.0 s; peak memory 1405 MiB.
2026-10-04T10:33:42Z INFO [1102/1919] 3d209f8e-c91b-4901-8868-3286e93cca0d: cophenetic index 3045; 2.1 s; peak memory 1405 MiB.
2026-10-04T10:33:42Z INFO [1103/1919] 3d20abb3-c629-4f23-acbc-5a4e3120d87d: cophenetic index 725; 0.7 s; peak memory 1405 MiB.
2026-10-04T10:33:43Z INFO [1104/1919] 3d20f3dc-b5bc-4a15-844e-e473344a8cd0: cophenetic index 624; 0.6 s; peak memory 1405 MiB.
2026-10-04T10:33:44Z INFO [1105/1919] 3d2152cd-d4b6-4ca5-acbf-1358204313f8: cophenetic index 2625; 0.8 s; peak memory 1405 MiB.
2026-10-04T10:33:45Z INFO [1106/1919] 3d215676-930d-467d-9ce4-7e67df3990c4: cophenetic index 2570; 0.9 s; peak memory 1405 MiB.
2026-10-04T10:33:45Z INFO [1107/1919] 3d2373b5-2a07-4740-a0c0-36cc78209d48: cophenetic index 3087; 0.6 s; peak memory 1405 MiB.
2026-10-04T10:33:46Z INFO [1108/1919] 3d2462d8-cc28-4dc3-82f1-69dc8bbfcc02: cophenetic index 490; 0.5 s; peak memory 1405 MiB.
2026-10-04T10:33:47Z INFO [1109/1919] 3d247eff-e4d8-4a55-8552-8e6ffb40c416: cophenetic index 2625; 1.1 s; peak memory 1405 MiB.
2026-10-04T10:33:48Z INFO [1110/1919] 3d25453e-64a1-40fd-9e5d-1327d46d4fc5: cophenetic index 4301; 1.1 s; peak memory 1405 MiB.
2026-10-04T10:33:48Z INFO [1111/1919] 3d262e33-bf6a-4da7-8745-6bc570dd72e6: cophenetic index 579; 0.4 s; peak memory 1405 MiB.
2026-10-04T10:33:50Z INFO [1112/1919] 3d2644c3-4b82-46c8-95f8-9cbe5d79ab7a: cophenetic index 3600; 1.7 s; peak memory 1405 MiB.
2026-10-04T10:33:51Z INFO [1113/1919] 3d265b4f-1da9-450b-bd61-e0ba26128b1d: cophenetic index 1009; 1.0 s; peak memory 1405 MiB.
2026-10-04T10:33:52Z INFO [1114/1919] 3d2782c9-3ae8-4736-9a29-629c942019ef: cophenetic index 4023; 1.2 s; peak memory 1405 MiB.
2026-10-04T10:33:53Z INFO [1115/1919] 3d27d39d-003a-405a-b07a-b5640b02e1ab: cophenetic index 3004; 0.7 s; peak memory 1405 MiB.
2026-10-04T10:33:54Z INFO [1116/1919] 3d288a7f-1670-4792-875e-419c171b6b2f: cophenetic index 3004; 0.8 s; peak memory 1405 MiB.
2026-10-04T10:33:54Z INFO [1117/1919] 3d28e2cf-767f-45f1-bbce-95d3c718bc95: cophenetic index 1002; 0.7 s; peak memory 1405 MiB.
2026-10-04T10:33:55Z INFO [1118/1919] 3d2976da-464a-480d-803a-13a790d00495: cophenetic index 624; 0.6 s; peak memory 1405 MiB.
2026-10-04T10:33:57Z INFO [1119/1919] 3d29d845-3f4c-4543-9bf3-83be0e4a4e97: cophenetic index 15852; 2.1 s; peak memory 1405 MiB.
2026-10-04T10:33:58Z INFO [1120/1919] 3d2a0e8e-f180-4a67-8d9f-32793dd243da: cophenetic index 431; 0.7 s; peak memory 1405 MiB.
2026-10-04T10:33:58Z INFO [1121/1919] 3d2a3049-bc29-4f61-b2c7-def7ee6ea771: cophenetic index 490; 0.4 s; peak memory 1405 MiB.
2026-10-04T10:34:02Z INFO [1122/1919] 3d2a9dfa-0ac2-47cb-83b0-8e3ab7b6cda9: cophenetic index 13178; 4.0 s; peak memory 1405 MiB.
2026-10-04T10:34:03Z INFO [1123/1919] 3d2afadb-1d6e-49ea-a812-7475cc5bf42a: cophenetic index 579; 0.5 s; peak memory 1405 MiB.
2026-10-04T10:34:04Z INFO [1124/1919] 3d2b2350-0e12-4be4-a7a8-d233ac01ea10: cophenetic index 2609; 1.4 s; peak memory 1405 MiB.
2026-10-04T10:34:06Z INFO [1125/1919] 3d2bafbe-3339-474f-ac36-28ca64e50b0f: cophenetic index 34658; 1.8 s; peak memory 1405 MiB.
2026-10-04T10:34:07Z INFO [1126/1919] 3d2d0f40-0479-42f8-9560-b0f1787a53a6: cophenetic index 3087; 0.8 s; peak memory 1405 MiB.
2026-10-04T10:34:07Z INFO [1127/1919] 3d2dc405-ee63-442b-a65c-97e3ac2161d7: cophenetic index 624; 0.7 s; peak memory 1405 MiB.
2026-10-04T10:34:08Z INFO [1128/1919] 3d2dcab6-345c-4923-9acf-2eea7888589d: cophenetic index 3004; 0.6 s; peak memory 1405 MiB.
2026-10-04T10:34:08Z INFO [1129/1919] 3d2dde38-0f24-480d-b081-d1a8bdda180d: cophenetic index 490; 0.4 s; peak memory 1405 MiB.
2026-10-04T10:34:09Z INFO [1130/1919] 3d2e70a7-40e2-4ef8-9a16-482a15c33ae7: cophenetic index 3004; 0.8 s; peak memory 1405 MiB.
2026-10-04T10:34:10Z INFO [1131/1919] 3d2ea040-690c-4875-895a-d1286f73b1f5: cophenetic index 624; 0.8 s; peak memory 1405 MiB.
2026-10-04T10:34:11Z INFO [1132/1919] 3d2f2a15-98a1-495a-b7bc-93c1387dcb4e: cophenetic index 2625; 0.8 s; peak memory 1405 MiB.
2026-10-04T10:34:11Z INFO [1133/1919] 3d2f35bf-e2c9-4df7-b968-6d2895068a00: cophenetic index 624; 0.6 s; peak memory 1405 MiB.
2026-10-04T10:34:12Z INFO [1134/1919] 3d2f5a32-d488-48c9-8ecd-fcafb17ac61d: cophenetic index 729; 0.4 s; peak memory 1405 MiB.
2026-10-04T10:34:47Z INFO [1135/1919] 3d2f6102-ee72-42d8-97e5-b4d48d1a2ef1: cophenetic index 5879857; 35.6 s; peak memory 1405 MiB.
2026-10-04T10:34:48Z INFO [1136/1919] 3d2f975c-886e-4a8a-86fe-d9fc60e66cc5: cophenetic index 431; 0.7 s; peak memory 1405 MiB.
2026-10-04T10:34:49Z INFO [1137/1919] 3d30951d-ff89-4dc1-9779-b45d5c906142: cophenetic index 624; 0.6 s; peak memory 1405 MiB.
2026-10-04T10:34:53Z INFO [1138/1919] 3d30fc4f-56a4-42a5-8214-24e30446ce94: cophenetic index 125164; 4.5 s; peak memory 1405 MiB.
2026-10-04T10:34:54Z INFO [1139/1919] 3d318882-a4cc-483a-97b0-e31e3540d884: cophenetic index 1021; 1.1 s; peak memory 1405 MiB.
2026-10-04T10:34:56Z INFO [1140/1919] 3d31ca30-3c09-4409-b23e-678e258ca6e3: cophenetic index 1299; 1.6 s; peak memory 1405 MiB.
2026-10-04T10:34:59Z INFO [1141/1919] 3d325479-2bc2-40f5-83e4-6c3de66d55bc: cophenetic index 43609; 2.8 s; peak memory 1405 MiB.
2026-10-04T10:35:00Z INFO [1142/1919] 3d334ad7-a31d-4aaf-8282-25c41c683866: cophenetic index 2469; 1.7 s; peak memory 1405 MiB.
2026-10-04T10:35:04Z INFO [1143/1919] 3d3376d7-1083-4b39-9c11-36c46e4db05e: cophenetic index 6715; 4.1 s; peak memory 1405 MiB.
2026-10-04T10:35:05Z INFO [1144/1919] 3d33e8ec-fe65-44fb-9c45-59298fd90e02: cophenetic index 624; 0.7 s; peak memory 1405 MiB.
2026-10-04T10:35:06Z INFO [1145/1919] 3d341159-dab4-45fd-99d0-9c8728f0ab49: cophenetic index 2779; 0.6 s; peak memory 1405 MiB.
2026-10-04T10:35:06Z INFO [1146/1919] 3d34a319-6055-460b-b21e-ea636e5d3b74: cophenetic index 581; 0.8 s; peak memory 1405 MiB.
2026-10-04T10:35:09Z INFO [1147/1919] 3d352c39-1497-4100-ba30-52b914a3e3b0: cophenetic index 9548; 2.9 s; peak memory 1405 MiB.
2026-10-04T10:35:10Z INFO [1148/1919] 3d353a83-676b-4e76-8db4-cfbbfae424ae: cophenetic index 2701; 0.9 s; peak memory 1405 MiB.
2026-10-04T10:35:11Z INFO [1149/1919] 3d35b59f-39ea-4f25-9cfc-6128b1d95a6a: cophenetic index 624; 0.5 s; peak memory 1405 MiB.
2026-10-04T10:35:11Z INFO [1150/1919] 3d3607cf-814c-4106-9995-2fdf0347dfd9: cophenetic index 490; 0.4 s; peak memory 1405 MiB.
2026-10-04T10:35:11Z INFO [1150/1919] 3d3607cf-814c-4106-9995-2fdf0347dfd9: checkpointed 76476 records.
2026-10-04T10:35:12Z INFO [1151/1919] 3d37a25b-b436-4756-85bb-2595d25c413b: cophenetic index 3004; 0.6 s; peak memory 1405 MiB.
2026-10-04T10:35:12Z INFO [1152/1919] 3d37e851-d5c2-4a12-8e72-5c24ba3abbaa: cophenetic index 401; 0.4 s; peak memory 1405 MiB.
2026-10-04T10:35:13Z INFO [1153/1919] 3d385fab-127e-4c06-a3a2-6841d71874be: cophenetic index 433; 0.4 s; peak memory 1405 MiB.
2026-10-04T10:35:19Z INFO [1154/1919] 3d387f00-01a6-44fb-8e2a-dafbe6352ca2: cophenetic index 280233; 6.0 s; peak memory 1405 MiB.
2026-10-04T10:35:20Z INFO [1155/1919] 3d38afb6-a510-437f-a408-cfb8a879b4ed: cophenetic index 26986; 0.9 s; peak memory 1405 MiB.
2026-10-04T10:35:21Z INFO [1156/1919] 3d391e89-b2e5-4a1a-a61b-259eba30eacf: cophenetic index 791; 0.8 s; peak memory 1405 MiB.
2026-10-04T10:35:21Z INFO [1157/1919] 3d392b7a-1fc3-49f2-80e5-8709c5e1178b: cophenetic index 431; 0.8 s; peak memory 1405 MiB.
2026-10-04T10:35:28Z INFO [1158/1919] 3d3b0471-61ef-46c8-b633-917a6add58e5: cophenetic index 48643; 6.2 s; peak memory 1405 MiB.
2026-10-04T10:35:28Z INFO [1159/1919] 3d3b46cf-6c01-4c0d-af25-5a74712bd6cc: cophenetic index 624; 0.5 s; peak memory 1405 MiB.
2026-10-04T10:35:29Z INFO [1160/1919] 3d3ceb74-dbce-40ac-a97c-3fed2de71968: cophenetic index 1087; 0.8 s; peak memory 1405 MiB.
2026-10-04T10:35:29Z INFO [1161/1919] 3d3dd51a-1dac-49c5-b477-c5def0e503ac: cophenetic index 624; 0.6 s; peak memory 1405 MiB.
2026-10-04T10:35:30Z INFO [1162/1919] 3d3e543e-511d-4c36-9124-7368aaba261a: cophenetic index 2625; 1.0 s; peak memory 1405 MiB.
2026-10-04T10:35:31Z INFO [1163/1919] 3d3f4ce7-0e7e-45a7-bf0a-bf9b32fcaf27: cophenetic index 2625; 0.9 s; peak memory 1405 MiB.
2026-10-04T10:35:32Z INFO [1164/1919] 3d3fcbb8-df58-4054-82a6-4fe5196a1268: cophenetic index 3087; 0.7 s; peak memory 1405 MiB.
2026-10-04T10:35:33Z INFO [1165/1919] 3d3ffd27-c575-4848-87b9-d847d36af937: cophenetic index 3004; 0.7 s; peak memory 1405 MiB.
2026-10-04T10:35:33Z INFO [1166/1919] 3d402486-ea19-43a2-b7a7-6eba407d5b7c: cophenetic index 624; 0.7 s; peak memory 1405 MiB.
2026-10-04T10:35:34Z INFO [1167/1919] 3d407b15-1737-4dc2-a424-51b6878b43a2: cophenetic index 624; 0.6 s; peak memory 1405 MiB.
2026-10-04T10:35:34Z INFO [1168/1919] 3d414252-9689-4496-ab85-31753e89bddb: cophenetic index 490; 0.3 s; peak memory 1405 MiB.
2026-10-04T10:35:35Z INFO [1169/1919] 3d41a8e8-28c4-4a80-b685-a7580fa46596: cophenetic index 33962; 0.8 s; peak memory 1405 MiB.
2026-10-04T10:35:36Z INFO [1170/1919] 3d41e296-cbe6-4f1e-a111-8f2902f19622: cophenetic index 3087; 0.7 s; peak memory 1405 MiB.
2026-10-04T10:35:37Z INFO [1171/1919] 3d42f4a4-99d2-464b-9eef-665299b0f7b6: cophenetic index 2625; 0.9 s; peak memory 1405 MiB.
2026-10-04T10:35:37Z INFO [1172/1919] 3d430edc-c8b1-4bf0-98b2-1f429e2afc86: cophenetic index 624; 0.7 s; peak memory 1405 MiB.
2026-10-04T10:35:38Z INFO [1173/1919] 3d43d97f-9d01-47f4-a254-251a85346e01: cophenetic index 605; 0.6 s; peak memory 1405 MiB.
2026-10-04T10:35:45Z INFO [1174/1919] 3d445e29-5afb-4bf6-ad16-6e7167e770c6: cophenetic index 647407; 7.0 s; peak memory 1405 MiB.
2026-10-04T10:35:46Z INFO [1175/1919] 3d446a6d-451c-42e3-8d00-3941f37cfc1e: cophenetic index 3004; 0.7 s; peak memory 1405 MiB.
2026-10-04T10:35:47Z INFO [1176/1919] 3d449375-a6e5-4f45-9121-043675336883: cophenetic index 2625; 1.0 s; peak memory 1405 MiB.
2026-10-04T10:35:47Z INFO [1177/1919] 3d44e029-34eb-48c6-9fa8-fc1bbf6472e0: cophenetic index 624; 0.6 s; peak memory 1405 MiB.
2026-10-04T10:35:48Z INFO [1178/1919] 3d451b68-e124-4253-a5ca-1d62daa868b5: cophenetic index 3004; 0.9 s; peak memory 1405 MiB.
2026-10-04T10:35:49Z INFO [1179/1919] 3d45b11d-05b9-42bd-a557-234a9d1e2f06: cophenetic index 751; 0.5 s; peak memory 1405 MiB.
2026-10-04T10:35:49Z INFO [1180/1919] 3d46a63e-1d9f-4867-b701-8b37b62fab27: cophenetic index 605; 0.7 s; peak memory 1405 MiB.
2026-10-04T10:35:50Z INFO [1181/1919] 3d46fe7b-ef6b-4b93-86ba-cafa0ef58edf: cophenetic index 3004; 0.8 s; peak memory 1405 MiB.
2026-10-04T10:35:52Z INFO [1182/1919] 3d488456-1f21-4a37-b341-71d46427a181: cophenetic index 6636; 1.6 s; peak memory 1405 MiB.
2026-10-04T10:35:53Z INFO [1183/1919] 3d48b7dd-6322-498b-add2-497342eac523: cophenetic index 2469; 1.7 s; peak memory 1405 MiB.
2026-10-04T10:35:54Z INFO [1184/1919] 3d490a42-2641-44a9-9420-3ca6d0a3cb6f: cophenetic index 2974; 0.7 s; peak memory 1405 MiB.
2026-10-04T10:35:55Z INFO [1185/1919] 3d4a1b76-79e8-4e88-a78a-48d65db74eb0: cophenetic index 624; 0.5 s; peak memory 1405 MiB.
2026-10-04T10:35:56Z INFO [1186/1919] 3d4b3a64-0a8b-4ac6-809e-b36fbbedffad: cophenetic index 949; 1.0 s; peak memory 1405 MiB.
2026-10-04T10:35:56Z INFO [1187/1919] 3d4b6081-8d3e-49fd-aae5-eb4c3e92c32e: cophenetic index 490; 0.4 s; peak memory 1405 MiB.
2026-10-04T10:36:01Z INFO [1188/1919] 3d4bac48-dbbd-4f79-b0f3-ac1b7b14d7a6: cophenetic index 131703; 4.8 s; peak memory 1405 MiB.
2026-10-04T10:36:07Z INFO [1189/1919] 3d4c7ea2-536e-4e3a-a485-8bf38972b6c7: cophenetic index 48355; 6.4 s; peak memory 1405 MiB.
2026-10-04T10:36:08Z INFO [1190/1919] 3d4cd907-66f0-4f09-8134-6019649529a2: cophenetic index 624; 0.5 s; peak memory 1405 MiB.
2026-10-04T10:36:09Z INFO [1191/1919] 3d4ce580-9249-4ab1-8ede-dbb05fe7c062: cophenetic index 560; 0.5 s; peak memory 1405 MiB.
2026-10-04T10:36:09Z INFO [1192/1919] 3d4ceaca-f3f9-4708-8448-5e848432444d: cophenetic index 624; 0.6 s; peak memory 1405 MiB.
2026-10-04T10:36:10Z INFO [1193/1919] 3d4d2f47-4b06-4957-92de-5fdff40464b8: cophenetic index 33968; 1.0 s; peak memory 1405 MiB.
2026-10-04T10:36:11Z INFO [1194/1919] 3d4d9bf1-04c0-410a-9a1c-a454c13393b1: cophenetic index 99150; 1.3 s; peak memory 1405 MiB.
2026-10-04T10:36:14Z INFO [1195/1919] 3d4dded9-46b2-4299-8c2b-38f155cfeff7: cophenetic index 38970; 2.8 s; peak memory 1405 MiB.
2026-10-04T10:36:19Z INFO [1196/1919] 3d4de49a-320e-4e5e-8cda-d6606dac9f4a: cophenetic index 74990; 4.6 s; peak memory 1405 MiB.
2026-10-04T10:36:20Z INFO [1197/1919] 3d4ee96b-b190-4649-a9bb-29c983f93cf2: cophenetic index 33968; 0.8 s; peak memory 1405 MiB.
2026-10-04T10:36:20Z INFO [1198/1919] 3d4f0e5c-3663-458c-8275-78471b11502c: cophenetic index 3087; 0.7 s; peak memory 1405 MiB.
2026-10-04T10:36:21Z INFO [1199/1919] 3d4f84f8-8169-4183-83f5-13760e0977d3: cophenetic index 2570; 0.7 s; peak memory 1405 MiB.
2026-10-04T10:36:22Z INFO [1200/1919] 3d4fcab5-4a4e-47a7-9cec-ffa65f66d207: cophenetic index 624; 0.7 s; peak memory 1405 MiB.
2026-10-04T10:36:22Z INFO [1200/1919] 3d4fcab5-4a4e-47a7-9cec-ffa65f66d207: checkpointed 76526 records.
2026-10-04T10:36:23Z INFO [1201/1919] 3d4fff25-c2ab-4285-9561-333a620225ca: cophenetic index 33986; 0.9 s; peak memory 1405 MiB.
2026-10-04T10:36:23Z INFO [1202/1919] 3d5048b8-7ea1-4ffb-b294-683d7141fbf7: cophenetic index 2625; 0.8 s; peak memory 1405 MiB.
2026-10-04T10:36:24Z INFO [1203/1919] 3d50bb7d-e615-49fc-81ff-c990d6c6963e: cophenetic index 490; 0.4 s; peak memory 1405 MiB.
2026-10-04T10:36:24Z INFO [1204/1919] 3d514ae0-68d7-49e9-8c89-25a6f4f3578d: cophenetic index 3004; 0.7 s; peak memory 1405 MiB.
2026-10-04T10:36:25Z INFO [1205/1919] 3d51d5b2-8a46-482e-8d6c-3d020ca230e6: cophenetic index 3004; 0.8 s; peak memory 1405 MiB.
2026-10-04T10:36:26Z INFO [1206/1919] 3d51f678-0e41-4754-9dbb-900375d809bc: cophenetic index 3004; 0.8 s; peak memory 1405 MiB.
2026-10-04T10:36:27Z INFO [1207/1919] 3d523380-6d81-4f19-92ac-b839277a8749: cophenetic index 486; 0.7 s; peak memory 1405 MiB.
2026-10-04T10:36:28Z INFO [1208/1919] 3d5264c7-77bd-4c6c-8d99-0bfbf63ee3d1: cophenetic index 1006; 0.8 s; peak memory 1405 MiB.
2026-10-04T10:36:29Z INFO [1209/1919] 3d546587-8860-49a1-94eb-533c869544af: cophenetic index 2625; 1.0 s; peak memory 1405 MiB.
2026-10-04T10:36:29Z INFO [1210/1919] 3d54bf68-cb78-49fb-8786-bad7c894c405: cophenetic index 2701; 0.7 s; peak memory 1405 MiB.
2026-10-04T10:36:30Z INFO [1211/1919] 3d5504bf-aff0-43aa-8630-45e20f433a1c: cophenetic index 624; 0.5 s; peak memory 1405 MiB.
2026-10-04T10:36:30Z INFO [1212/1919] 3d554b3a-a54f-4caa-8671-77d1bc92749d: cophenetic index 2920; 0.5 s; peak memory 1405 MiB.
2026-10-04T10:36:31Z INFO [1213/1919] 3d561526-d2dc-40f7-8143-2ee7a8f20eaf: cophenetic index 560; 0.6 s; peak memory 1405 MiB.
2026-10-04T10:36:31Z INFO [1214/1919] 3d581393-e5f0-4cb7-9582-113a13c1a92e: cophenetic index 624; 0.6 s; peak memory 1405 MiB.
2026-10-04T10:36:32Z INFO [1215/1919] 3d582720-8163-4f2d-afef-429c0a9574d7: cophenetic index 624; 0.6 s; peak memory 1405 MiB.
2026-10-04T10:36:33Z INFO [1216/1919] 3d59fe1d-097c-48f8-93c0-27be92a9be0a: cophenetic index 554; 0.6 s; peak memory 1405 MiB.
2026-10-04T10:36:33Z INFO [1217/1919] 3d5a63f9-2065-4992-90e0-fa426e00d1da: cophenetic index 490; 0.4 s; peak memory 1405 MiB.
2026-10-04T10:36:34Z INFO [1218/1919] 3d5b4224-077d-42aa-8704-83e1292bab39: cophenetic index 2974; 0.7 s; peak memory 1405 MiB.
2026-10-04T10:36:34Z INFO [1219/1919] 3d5c1077-3ca3-4ba2-87d2-77b366dfcb73: cophenetic index 579; 0.4 s; peak memory 1405 MiB.
2026-10-04T10:36:35Z INFO [1220/1919] 3d5c3408-940f-4114-92c3-e00d0aafc6af: cophenetic index 3004; 0.7 s; peak memory 1405 MiB.
2026-10-04T10:36:38Z INFO [1221/1919] 3d5cd8f0-2bbf-4f9f-a227-39e9002d483b: cophenetic index 42376; 3.3 s; peak memory 1405 MiB.
2026-10-04T10:36:40Z INFO [1222/1919] 3d5d262c-d724-482f-a01b-01fa3484d202: cophenetic index 5473; 2.0 s; peak memory 1405 MiB.
2026-10-04T10:36:41Z INFO [1223/1919] 3d5e2ff8-021d-4636-ab99-5a21155b685c: cophenetic index 3087; 0.7 s; peak memory 1405 MiB.
2026-10-04T10:36:41Z INFO [1224/1919] 3d5e818c-bdea-4e01-b72b-417dce0abac0: cophenetic index 494; 0.5 s; peak memory 1405 MiB.
2026-10-04T10:37:50Z INFO [1225/1919] 3d5e9b88-649c-41df-bbec-36fd5cd48b9f: cophenetic index 1118198; 68.8 s; peak memory 1405 MiB.
2026-10-04T10:37:51Z INFO [1226/1919] 3d5ec2a0-cb00-4385-8e25-579f3fa3f8c0: cophenetic index 624; 0.5 s; peak memory 1405 MiB.
2026-10-04T10:37:51Z INFO [1227/1919] 3d5f377a-c258-4f38-9404-0bed040a1df8: cophenetic index 33998; 0.9 s; peak memory 1405 MiB.
2026-10-04T10:37:52Z INFO [1228/1919] 3d5f9d3e-c544-432e-89ef-736fb93cf055: cophenetic index 490; 0.4 s; peak memory 1405 MiB.
2026-10-04T10:37:53Z INFO [1229/1919] 3d601955-dc86-4e0a-92e6-a7303aa372f5: cophenetic index 2570; 0.8 s; peak memory 1405 MiB.
2026-10-04T10:37:59Z INFO [1230/1919] 3d605005-fb30-4eae-a972-d2e130927072: cophenetic index 214163; 6.6 s; peak memory 1405 MiB.
2026-10-04T10:38:00Z INFO [1231/1919] 3d62d707-351e-4546-8d1a-fbf65a62d6db: cophenetic index 2625; 0.9 s; peak memory 1405 MiB.
2026-10-04T10:38:01Z INFO [1232/1919] 3d6314f1-4f69-47aa-8bcf-3e04208ae95a: cophenetic index 3004; 0.8 s; peak memory 1405 MiB.
2026-10-04T10:38:02Z INFO [1233/1919] 3d631fef-c5c8-4094-8234-53173dce92f3: cophenetic index 2625; 0.9 s; peak memory 1405 MiB.
2026-10-04T10:38:04Z INFO [1234/1919] 3d636be8-4ab9-4a6d-bbfb-b6e0b9c013d8: cophenetic index 28336; 2.5 s; peak memory 1405 MiB.
2026-10-04T10:38:05Z INFO [1235/1919] 3d6424fa-c4e4-4efe-a8dc-98b1cd682187: cophenetic index 515; 1.2 s; peak memory 1405 MiB.
2026-10-04T10:38:06Z INFO [1236/1919] 3d653511-883d-4c55-8778-bf059efa8e81: cophenetic index 490; 0.4 s; peak memory 1405 MiB.
2026-10-04T10:38:06Z INFO [1237/1919] 3d66065c-43d0-4ccd-9abd-c4b1711c248d: cophenetic index 624; 0.6 s; peak memory 1405 MiB.
2026-10-04T10:38:07Z INFO [1238/1919] 3d66663a-b10a-45b7-8ce6-3b3bbbfc7940: cophenetic index 624; 0.6 s; peak memory 1405 MiB.
2026-10-04T10:38:08Z INFO [1239/1919] 3d672bdc-7247-49a4-bafc-d32c9b096115: cophenetic index 99120; 1.2 s; peak memory 1405 MiB.
2026-10-04T10:38:09Z INFO [1240/1919] 3d675d21-140d-4f07-8dcd-4c747c9d9d4d: cophenetic index 581; 0.8 s; peak memory 1405 MiB.
2026-10-04T10:38:10Z INFO [1241/1919] 3d67b677-eff4-445c-b4fb-5d022c365034: cophenetic index 2625; 0.8 s; peak memory 1405 MiB.
2026-10-04T10:38:11Z INFO [1242/1919] 3d67c177-22de-4e19-8232-e7380e01b49f: cophenetic index 624; 0.8 s; peak memory 1405 MiB.
2026-10-04T10:38:14Z INFO [1243/1919] 3d686dc3-ac45-4f10-8b0f-1115c6cc35cf: cophenetic index 33285; 3.3 s; peak memory 1405 MiB.
2026-10-04T10:38:15Z INFO [1244/1919] 3d686f17-34cd-441c-bcfe-c7f472de5411: cophenetic index 2114; 0.9 s; peak memory 1405 MiB.
2026-10-04T10:38:16Z INFO [1245/1919] 3d69d55f-783a-4630-9776-0db19f7c3174: cophenetic index 3057; 0.7 s; peak memory 1405 MiB.
2026-10-04T10:38:17Z INFO [1246/1919] 3d6a5fab-7005-41b3-9620-c13e4b498f17: cophenetic index 581; 1.0 s; peak memory 1405 MiB.
2026-10-04T10:38:18Z INFO [1247/1919] 3d6ab418-4f1e-423f-9c93-21d84a378e05: cophenetic index 99138; 1.3 s; peak memory 1405 MiB.
2026-10-04T10:38:18Z INFO [1248/1919] 3d6b2831-d325-4e41-a32d-de305d5113c3: cophenetic index 490; 0.5 s; peak memory 1405 MiB.
2026-10-04T10:38:20Z INFO [1249/1919] 3d6bdecb-d1df-437c-8f60-bd4cdc6747d7: cophenetic index 5473; 1.9 s; peak memory 1405 MiB.
2026-10-04T10:38:21Z INFO [1250/1919] 3d6e6f22-4873-4f5b-bb02-8ee24aeeb560: cophenetic index 3004; 0.8 s; peak memory 1405 MiB.
2026-10-04T10:38:21Z INFO [1250/1919] 3d6e6f22-4873-4f5b-bb02-8ee24aeeb560: checkpointed 76576 records.
2026-10-04T10:38:22Z INFO [1251/1919] 3d6eee96-ae31-40f2-9f0e-0238126d4f03: cophenetic index 791; 0.8 s; peak memory 1405 MiB.
2026-10-04T10:38:23Z INFO [1252/1919] 3d6f1a4e-4878-44c1-add9-a6a5567db373: cophenetic index 3004; 0.9 s; peak memory 1405 MiB.
2026-10-04T10:38:24Z INFO [1253/1919] 3d6f9204-821e-4318-8118-59353a774b13: cophenetic index 3004; 0.8 s; peak memory 1405 MiB.
2026-10-04T10:38:24Z INFO [1254/1919] 3d6ff87f-505f-4857-a2c1-e860341d897d: cophenetic index 624; 0.6 s; peak memory 1405 MiB.
2026-10-04T10:38:26Z INFO [1255/1919] 3d70d971-8fa9-4cd3-8457-3dacae8b0320: cophenetic index 107822; 1.3 s; peak memory 1405 MiB.
2026-10-04T10:38:29Z INFO [1256/1919] 3d717d38-c83f-4dd6-b9aa-2a382f1470d0: cophenetic index 106277; 3.9 s; peak memory 1405 MiB.
2026-10-04T10:38:43Z INFO [1257/1919] 3d71e8ec-93ea-41fa-ac2c-4f8d7f825249: cophenetic index 87148; 13.6 s; peak memory 1405 MiB.
2026-10-04T10:38:44Z INFO [1258/1919] 3d726a8c-60a4-45a0-bf3b-cab412244109: cophenetic index 490; 0.6 s; peak memory 1405 MiB.
2026-10-04T10:38:44Z INFO [1259/1919] 3d72bdc1-f122-4357-992f-b6fad337cc9e: cophenetic index 624; 0.6 s; peak memory 1405 MiB.
2026-10-04T10:38:46Z INFO [1260/1919] 3d72d221-e8b0-474f-8e45-bcfce56de2de: cophenetic index 4558; 1.7 s; peak memory 1405 MiB.
2026-10-04T10:38:47Z INFO [1261/1919] 3d73486b-579f-4efd-a9fe-0ae7ac1fdd5e: cophenetic index 809; 1.3 s; peak memory 1405 MiB.
2026-10-04T10:38:48Z INFO [1262/1919] 3d738645-5c3d-4578-bf1e-e92bdb6a28f3: cophenetic index 641; 0.4 s; peak memory 1405 MiB.
2026-10-04T10:38:52Z INFO [1263/1919] 3d7462aa-dbed-4f89-85a0-b6c1d703295c: cophenetic index 79270; 4.5 s; peak memory 1405 MiB.
2026-10-04T10:38:53Z INFO [1264/1919] 3d74d0b9-1460-4586-9762-29a85c44f9f2: cophenetic index 33968; 0.8 s; peak memory 1405 MiB.
2026-10-04T10:38:54Z INFO [1265/1919] 3d753673-9c78-4c42-9b5c-d98f73b2744f: cophenetic index 2570; 0.9 s; peak memory 1405 MiB.
2026-10-04T10:38:54Z INFO [1266/1919] 3d76b513-eb4b-4dbc-979c-8def86af7558: cophenetic index 624; 0.6 s; peak memory 1405 MiB.
2026-10-04T10:38:55Z INFO [1267/1919] 3d76d8f1-2a79-48ef-a3a9-2129047121dd: cophenetic index 624; 0.6 s; peak memory 1405 MiB.
2026-10-04T10:38:56Z INFO [1268/1919] 3d76e250-562e-4390-9598-928ef5b0c5fd: cophenetic index 646; 0.6 s; peak memory 1405 MiB.
2026-10-04T10:38:57Z INFO [1269/1919] 3d770189-c116-43f0-ac13-d60b918a9382: cophenetic index 2923; 0.9 s; peak memory 1405 MiB.
2026-10-04T10:38:57Z INFO [1270/1919] 3d770639-6791-4db6-87c2-2950a9b30bd8: cophenetic index 527; 0.5 s; peak memory 1405 MiB.
2026-10-04T10:38:58Z INFO [1271/1919] 3d7775d0-fd04-4d2a-9576-307d4dd43531: cophenetic index 3004; 0.6 s; peak memory 1405 MiB.
2026-10-04T10:38:58Z INFO [1272/1919] 3d7aab5f-7ba1-4771-a079-4db4a7020cfe: cophenetic index 2974; 0.6 s; peak memory 1405 MiB.
2026-10-04T10:38:59Z INFO [1273/1919] 3d7b8e43-ee05-4be5-8e29-38a52216b2cd: cophenetic index 926; 0.4 s; peak memory 1405 MiB.
2026-10-04T10:38:59Z INFO [1274/1919] 3d7bdfb4-acba-4cf6-aecc-90293685e658: cophenetic index 23358; 0.6 s; peak memory 1405 MiB.
2026-10-04T10:39:01Z INFO [1275/1919] 3d7c4f35-c33f-4ce2-98a4-681592bdb41e: cophenetic index 928; 1.3 s; peak memory 1405 MiB.
2026-10-04T10:39:03Z INFO [1276/1919] 3d7dabaf-a30d-42d5-83cb-bf6143bcc91d: cophenetic index 251498; 1.7 s; peak memory 1405 MiB.
2026-10-04T10:39:04Z INFO [1277/1919] 3d7dd5f1-ed42-4fb3-948d-b12b69ae2bfb: cophenetic index 2682; 1.8 s; peak memory 1405 MiB.
2026-10-04T10:39:05Z INFO [1278/1919] 3d7e30e5-ed1c-444f-90ff-34602f7097b9: cophenetic index 624; 0.6 s; peak memory 1405 MiB.
2026-10-04T10:39:14Z INFO [1279/1919] 3d7e43c6-3f43-405f-8905-0aaae4c097b4: cophenetic index 642563; 9.5 s; peak memory 1405 MiB.
2026-10-04T10:39:18Z INFO [1280/1919] 3d7e8ffd-7dac-417d-8641-a47651bc5ace: cophenetic index 6800; 3.3 s; peak memory 1405 MiB.
2026-10-04T10:39:19Z INFO [1281/1919] 3d7eaaef-bc0a-499b-ba00-450613b79e87: cophenetic index 33968; 0.8 s; peak memory 1405 MiB.
2026-10-04T10:39:20Z INFO [1282/1919] 3d804247-d048-4751-b0b6-61604895fac5: cophenetic index 42542; 1.0 s; peak memory 1405 MiB.
2026-10-04T10:39:25Z INFO [1283/1919] 3d807751-7056-464b-918c-207b09ca58ea: cophenetic index 472399; 5.1 s; peak memory 1405 MiB.
2026-10-04T10:39:26Z INFO [1284/1919] 3d80b520-5f6b-4b90-ac1a-3e54a43a6825: cophenetic index 797; 1.4 s; peak memory 1405 MiB.
2026-10-04T10:39:29Z INFO [1285/1919] 3d80c4d3-d136-4a61-a8f1-93a485484bc6: cophenetic index 40596; 2.7 s; peak memory 1405 MiB.
2026-10-04T10:39:30Z INFO [1286/1919] 3d82da97-0a26-488a-9cf7-5630ba4909bd: cophenetic index 3087; 0.7 s; peak memory 1405 MiB.
2026-10-04T10:39:33Z INFO [1287/1919] 3d842962-6de1-43e1-8ff6-01f266a1030a: cophenetic index 14677; 3.8 s; peak memory 1405 MiB.
2026-10-04T10:39:34Z INFO [1288/1919] 3d84be50-eae5-4d46-bab0-fd6f767aaeed: cophenetic index 725; 0.6 s; peak memory 1405 MiB.
2026-10-04T10:39:35Z INFO [1289/1919] 3d84c6b0-47b3-4796-a109-0213537dbe1b: cophenetic index 3004; 0.7 s; peak memory 1405 MiB.
2026-10-04T10:39:36Z INFO [1290/1919] 3d859d6a-1f5f-4354-a4f6-f7e85502026f: cophenetic index 718; 0.9 s; peak memory 1405 MiB.
2026-10-04T10:39:36Z INFO [1291/1919] 3d860371-7331-4080-a5e0-d6ce068207cc: cophenetic index 624; 0.6 s; peak memory 1405 MiB.
2026-10-04T10:39:37Z INFO [1292/1919] 3d862389-7656-40d5-b715-acd253db0ca5: cophenetic index 624; 0.7 s; peak memory 1405 MiB.
2026-10-04T10:39:41Z INFO [1293/1919] 3d87af76-2e90-4ce0-8d3e-bdc70cec5b11: cophenetic index 5466; 3.7 s; peak memory 1405 MiB.
2026-10-04T10:39:41Z INFO [1294/1919] 3d88a110-a94e-4af2-a6bc-ded427b16ccd: cophenetic index 624; 0.6 s; peak memory 1405 MiB.
2026-10-04T10:39:42Z INFO [1295/1919] 3d88f7eb-d1d8-41f5-b6dd-179429c50975: cophenetic index 624; 0.6 s; peak memory 1405 MiB.
2026-10-04T10:39:42Z INFO [1296/1919] 3d891e19-6ab5-4e89-afff-7b7e6b03eeab: cophenetic index 3004; 0.7 s; peak memory 1405 MiB.
2026-10-04T10:39:43Z INFO [1297/1919] 3d8955b2-c545-4ac9-86fb-352887e2b2be: cophenetic index 2625; 0.8 s; peak memory 1405 MiB.
2026-10-04T10:39:47Z INFO [1298/1919] 3d8986a8-dae8-4044-9094-516e91c0109b: cophenetic index 33285; 3.5 s; peak memory 1405 MiB.
2026-10-04T10:39:47Z INFO [1299/1919] 3d89a924-4ac2-46a8-b372-e1cb3851e423: cophenetic index 490; 0.4 s; peak memory 1405 MiB.
2026-10-04T10:39:48Z INFO [1300/1919] 3d8aebe2-60b3-4de5-b459-83471c37b9ad: cophenetic index 40176; 1.0 s; peak memory 1405 MiB.
2026-10-04T10:39:48Z INFO [1300/1919] 3d8aebe2-60b3-4de5-b459-83471c37b9ad: checkpointed 76626 records.
2026-10-04T10:39:49Z INFO [1301/1919] 3d8b6ba7-6a97-48ba-9cb2-fafd0b07806f: cophenetic index 33986; 0.7 s; peak memory 1405 MiB.
2026-10-04T10:39:50Z INFO [1302/1919] 3d8bbdf9-08da-4a62-be78-63f5452c364b: cophenetic index 490; 0.4 s; peak memory 1405 MiB.
2026-10-04T10:39:50Z INFO [1303/1919] 3d8bd148-5598-4858-b374-a63e0a759291: cophenetic index 3004; 0.7 s; peak memory 1405 MiB.
2026-10-04T10:39:51Z INFO [1304/1919] 3d8c09c2-701c-4473-acf4-17b463ecfa62: cophenetic index 624; 0.8 s; peak memory 1405 MiB.
2026-10-04T10:39:55Z INFO [1305/1919] 3d8c91a5-703c-4d84-88c5-cb08a0f1838c: cophenetic index 20638; 3.6 s; peak memory 1405 MiB.
2026-10-04T10:39:56Z INFO [1306/1919] 3d8d07b8-81c2-4f59-9884-29138339cc01: cophenetic index 2402; 1.5 s; peak memory 1405 MiB.
2026-10-04T10:39:57Z INFO [1307/1919] 3d8d1d87-620d-4647-b3d5-920ad2d510e0: cophenetic index 649; 0.8 s; peak memory 1405 MiB.
2026-10-04T10:39:57Z INFO [1308/1919] 3d8d3bc3-e096-46aa-8ed1-21fd87c05e62: cophenetic index 646; 0.5 s; peak memory 1405 MiB.
2026-10-04T10:39:58Z INFO [1309/1919] 3d8dd4f4-ff3a-4f09-859c-5d0fcecc70f7: cophenetic index 490; 0.3 s; peak memory 1405 MiB.
2026-10-04T10:39:58Z INFO [1310/1919] 3d8e1b22-8764-448c-bc28-22d27c9434f0: cophenetic index 741; 0.5 s; peak memory 1405 MiB.
2026-10-04T10:39:59Z INFO [1311/1919] 3d8e1d31-06de-451e-8183-14e46993e474: cophenetic index 2570; 0.7 s; peak memory 1405 MiB.
2026-10-04T10:39:59Z INFO [1312/1919] 3d8f9bd2-33f7-4149-a428-1957e2475d02: cophenetic index 624; 0.5 s; peak memory 1405 MiB.
2026-10-04T10:40:00Z INFO [1313/1919] 3d901c8a-df6a-4fd5-b6ed-8921bcce9e6d: cophenetic index 1602; 0.7 s; peak memory 1405 MiB.
2026-10-04T10:40:01Z INFO [1314/1919] 3d903aee-9332-4293-95e0-e2c320673574: cophenetic index 325333; 1.3 s; peak memory 1405 MiB.
2026-10-04T10:40:02Z INFO [1315/1919] 3d90d29a-0b5d-4f37-999f-67142b210c28: cophenetic index 3087; 0.7 s; peak memory 1405 MiB.
2026-10-04T10:40:04Z INFO [1316/1919] 3d90df6f-48f8-44ef-a5e3-5117195e1af2: cophenetic index 6490; 1.5 s; peak memory 1405 MiB.
2026-10-04T10:40:04Z INFO [1317/1919] 3d90f07c-da88-4244-a9db-a1a777358ead: cophenetic index 3004; 0.6 s; peak memory 1405 MiB.
2026-10-04T10:40:05Z INFO [1318/1919] 3d91d61f-a26d-4313-949d-b9e578f60f4d: cophenetic index 624; 0.6 s; peak memory 1405 MiB.
2026-10-04T10:40:06Z INFO [1319/1919] 3d92cd39-6b01-471b-9aae-3db6e6dea804: cophenetic index 624; 0.7 s; peak memory 1405 MiB.
2026-10-04T10:40:06Z INFO [1320/1919] 3d93ec0c-40c1-44e2-b8c1-cfbcb432e78f: cophenetic index 3057; 0.7 s; peak memory 1405 MiB.
2026-10-04T10:40:07Z INFO [1321/1919] 3d959b3b-f148-482c-9abb-68f7ea4b6299: cophenetic index 477; 0.3 s; peak memory 1405 MiB.
2026-10-04T10:40:07Z INFO [1322/1919] 3d96051f-f309-47fa-a603-bc067f4f41b2: cophenetic index 33968; 0.7 s; peak memory 1405 MiB.
2026-10-04T10:40:08Z INFO [1323/1919] 3d96332c-257f-48ab-9221-a3a408db5509: cophenetic index 560; 0.5 s; peak memory 1405 MiB.
2026-10-04T10:40:08Z INFO [1324/1919] 3d96380b-2216-4c12-b045-b3fb3c9a4b32: cophenetic index 3087; 0.7 s; peak memory 1405 MiB.
2026-10-04T10:40:09Z INFO [1325/1919] 3d96c021-046f-4088-94c7-51eed04b0d87: cophenetic index 624; 0.6 s; peak memory 1405 MiB.
2026-10-04T10:40:10Z INFO [1326/1919] 3d97c766-3db7-498a-aa67-79f486f4d41a: cophenetic index 645; 0.6 s; peak memory 1405 MiB.
2026-10-04T10:40:10Z INFO [1327/1919] 3d987811-4b23-41af-a996-d8e1556560f6: cophenetic index 431; 0.5 s; peak memory 1405 MiB.
2026-10-04T10:40:11Z INFO [1328/1919] 3d989dcb-f5e1-4cf5-8b8f-51eb90175a1d: cophenetic index 33968; 1.0 s; peak memory 1405 MiB.
2026-10-04T10:40:12Z INFO [1329/1919] 3d99e9f3-aaf8-404e-aab3-8a3eb016a5c4: cophenetic index 3004; 0.8 s; peak memory 1405 MiB.
2026-10-04T10:40:12Z INFO [1330/1919] 3d9b0a83-d4e9-46aa-aad9-24234a8dcfa0: cophenetic index 624; 0.5 s; peak memory 1405 MiB.
2026-10-04T10:40:13Z INFO [1331/1919] 3d9b5699-bc2d-4615-a3d5-5de0e8a64e69: cophenetic index 739; 0.5 s; peak memory 1405 MiB.
2026-10-04T10:40:17Z INFO [1332/1919] 3d9b9c88-ee05-44fd-948b-f49750aaa667: cophenetic index 20638; 3.7 s; peak memory 1405 MiB.
2026-10-04T10:40:17Z INFO [1333/1919] 3d9c41c2-b1a6-4c97-a1ec-0bc9539743e3: cophenetic index 490; 0.5 s; peak memory 1405 MiB.
2026-10-04T10:40:19Z INFO [1334/1919] 3d9d6b87-3426-428c-9f84-9b5a87478815: cophenetic index 910; 2.0 s; peak memory 1405 MiB.
2026-10-04T10:40:20Z INFO [1335/1919] 3d9e047d-0fce-4674-8532-96402e42c46f: cophenetic index 1087; 1.0 s; peak memory 1405 MiB.
2026-10-04T10:40:21Z INFO [1336/1919] 3d9e11fd-afe6-4ec6-a1df-2a83ccdb595c: cophenetic index 3004; 0.7 s; peak memory 1405 MiB.
2026-10-04T10:40:31Z INFO [1337/1919] 3d9eba63-75fd-47fd-ad94-250801ac4cab: cophenetic index 13528181; 10.6 s; peak memory 1405 MiB.
2026-10-04T10:40:32Z INFO [1338/1919] 3d9ec76e-c5fe-4a13-9c2a-768891cc3bf9: cophenetic index 725; 0.7 s; peak memory 1405 MiB.
2026-10-04T10:40:33Z INFO [1339/1919] 3d9fb82c-bea6-4d13-8816-23c8358b77df: cophenetic index 2625; 0.9 s; peak memory 1405 MiB.
2026-10-04T10:40:41Z INFO [1340/1919] 3d9fd4bc-c5ca-4653-b7d5-af63e389dad5: cophenetic index 208176; 8.2 s; peak memory 1405 MiB.
2026-10-04T10:40:42Z INFO [1341/1919] 3da13f5a-2e20-437a-9e6e-add89868813d: cophenetic index 2625; 0.5 s; peak memory 1405 MiB.
2026-10-04T10:40:43Z INFO [1342/1919] 3da1d728-7c3d-4222-9237-17fc68f47ebe: cophenetic index 766; 0.9 s; peak memory 1405 MiB.
2026-10-04T10:40:43Z INFO [1343/1919] 3da227c0-7170-4cd0-ac0b-3e936fb4c7a4: cophenetic index 624; 0.7 s; peak memory 1405 MiB.
2026-10-04T10:40:44Z INFO [1344/1919] 3da24acf-55f5-4af4-9619-ccf64b2e85f3: cophenetic index 2444; 0.5 s; peak memory 1405 MiB.
2026-10-04T10:40:45Z INFO [1345/1919] 3da26930-a7c7-46b5-95cb-78dd1fc26187: cophenetic index 33968; 0.8 s; peak memory 1405 MiB.
2026-10-04T10:40:46Z INFO [1346/1919] 3da32bca-020a-44d6-b59d-cda08f4ee96c: cophenetic index 1165; 1.6 s; peak memory 1405 MiB.
2026-10-04T10:40:48Z INFO [1347/1919] 3da38ce2-51b6-4ee1-b9f8-389b8f18449a: cophenetic index 4609; 1.3 s; peak memory 1405 MiB.
2026-10-04T10:40:48Z INFO [1348/1919] 3da452ea-e87f-4a25-ba1d-527fc0882950: cophenetic index 581; 0.6 s; peak memory 1405 MiB.
2026-10-04T10:40:54Z INFO [1349/1919] 3da4e9cc-48c0-4fae-8ee3-572edd9c928e: cophenetic index 179794; 6.3 s; peak memory 1405 MiB.
2026-10-04T10:40:55Z INFO [1350/1919] 3da53cec-6011-4d2f-9e73-3e61a3f3e4d1: cophenetic index 3004; 0.7 s; peak memory 1405 MiB.
2026-10-04T10:40:55Z INFO [1350/1919] 3da53cec-6011-4d2f-9e73-3e61a3f3e4d1: checkpointed 76676 records.
2026-10-04T10:40:56Z INFO [1351/1919] 3da5955e-8346-4a18-a985-4bfb8a0110b4: cophenetic index 3004; 0.7 s; peak memory 1405 MiB.
2026-10-04T10:40:57Z INFO [1352/1919] 3da6f2ac-ea83-4852-929d-f8c3ba2443d9: cophenetic index 2974; 0.7 s; peak memory 1405 MiB.
2026-10-04T10:40:57Z INFO [1353/1919] 3da70996-7234-470e-8388-3b596e5112fb: cophenetic index 3004; 0.7 s; peak memory 1405 MiB.
2026-10-04T10:40:58Z INFO [1354/1919] 3da729ca-01ea-4808-8661-d37623afab6f: cophenetic index 4069; 0.7 s; peak memory 1405 MiB.
2026-10-04T10:40:59Z INFO [1355/1919] 3da738ce-8f2a-4f27-8413-ed810f02ae81: cophenetic index 649; 0.7 s; peak memory 1405 MiB.
2026-10-04T10:40:59Z INFO [1356/1919] 3da74127-918b-442b-9166-c571e949d79e: cophenetic index 624; 0.7 s; peak memory 1405 MiB.
2026-10-04T10:41:00Z INFO [1357/1919] 3da8bb06-2f4a-4dc2-b42e-b61bdf2c733d: cophenetic index 624; 0.7 s; peak memory 1405 MiB.
2026-10-04T10:41:02Z INFO [1358/1919] 3daa9b5e-3ec2-4ca8-8329-4fc850186693: cophenetic index 45134; 2.5 s; peak memory 1405 MiB.
2026-10-04T10:41:03Z INFO [1359/1919] 3daabe22-37f6-4109-95d4-d6888512354d: cophenetic index 766; 1.0 s; peak memory 1405 MiB.
2026-10-04T10:41:04Z INFO [1360/1919] 3daadcae-6a13-477c-bffb-46b600951ab4: cophenetic index 624; 0.7 s; peak memory 1405 MiB.
2026-10-04T10:41:05Z INFO [1361/1919] 3dab236c-b5f9-4097-b89e-cd494f48426b: cophenetic index 99114; 1.1 s; peak memory 1405 MiB.
2026-10-04T10:41:17Z INFO [1362/1919] 3dad3f2f-5808-4cf4-9057-5bd1705fd05d: cophenetic index 10615506; 11.8 s; peak memory 1405 MiB.
2026-10-04T10:41:18Z INFO [1363/1919] 3dadb32f-291e-466a-be60-51fff645de63: cophenetic index 624; 0.7 s; peak memory 1405 MiB.
2026-10-04T10:41:18Z INFO [1364/1919] 3dadc8f8-71ef-4487-b76d-8383583da034: cophenetic index 3087; 0.7 s; peak memory 1405 MiB.
2026-10-04T10:41:19Z INFO [1365/1919] 3dae4164-9e04-4343-9816-0d4a88f46132: cophenetic index 624; 0.6 s; peak memory 1405 MiB.
2026-10-04T10:41:20Z INFO [1366/1919] 3daea243-d13f-4a0f-91a9-0fe66fe53662: cophenetic index 624; 0.6 s; peak memory 1405 MiB.
2026-10-04T10:41:20Z INFO [1367/1919] 3daf69d0-db50-4b8d-8767-21cf4987a920: cophenetic index 624; 0.7 s; peak memory 1405 MiB.
2026-10-04T10:41:22Z INFO [1368/1919] 3dafb48e-8996-4546-b3d7-013a874a044d: cophenetic index 10031; 1.6 s; peak memory 1405 MiB.
2026-10-04T10:41:23Z INFO [1369/1919] 3dafde6b-e846-483e-8638-df3dd6d8024a: cophenetic index 624; 0.6 s; peak memory 1405 MiB.
2026-10-04T10:41:23Z INFO [1370/1919] 3dafe5f4-704d-441b-90f5-8e1e3df03d5c: cophenetic index 624; 0.6 s; peak memory 1405 MiB.
2026-10-04T10:41:24Z INFO [1371/1919] 3db0c6f0-a6d6-405b-98d4-add750609a63: cophenetic index 624; 0.6 s; peak memory 1405 MiB.
2026-10-04T10:41:25Z INFO [1372/1919] 3db105c6-05b2-4302-966b-dade5b431d6f: cophenetic index 2974; 0.8 s; peak memory 1405 MiB.
2026-10-04T10:41:25Z INFO [1373/1919] 3db10eac-efe0-4475-abff-e61655590218: cophenetic index 539; 0.7 s; peak memory 1405 MiB.
2026-10-04T10:41:26Z INFO [1374/1919] 3db13df8-46ae-4beb-9903-898433782a51: cophenetic index 579; 0.5 s; peak memory 1405 MiB.
2026-10-04T10:41:26Z INFO [1375/1919] 3db1451f-ee1a-4b1c-ab3a-3f6a79a79f9f: cophenetic index 2625; 0.6 s; peak memory 1405 MiB.
2026-10-04T10:41:27Z INFO [1376/1919] 3db1c451-f5c3-4502-a12b-6896b2a3e05c: cophenetic index 3087; 0.7 s; peak memory 1405 MiB.
2026-10-04T10:41:28Z INFO [1377/1919] 3db1ecfd-ef96-4d05-bf9e-4a87c3cb29f2: cophenetic index 99150; 1.3 s; peak memory 1405 MiB.
2026-10-04T10:41:29Z INFO [1378/1919] 3db2220e-95bf-473b-b80e-d66b2a8e57f7: cophenetic index 3057; 0.7 s; peak memory 1405 MiB.
2026-10-04T10:41:30Z INFO [1379/1919] 3db23708-671b-40d9-bd42-f0bb92cb2c4b: cophenetic index 634; 0.6 s; peak memory 1405 MiB.
2026-10-04T10:41:30Z INFO [1380/1919] 3db25db0-aed6-42c4-a2f7-c554a646c958: cophenetic index 624; 0.6 s; peak memory 1405 MiB.
2026-10-04T10:41:31Z INFO [1381/1919] 3db3394e-7aaf-4c1c-8ee4-84c83145e250: cophenetic index 2625; 1.1 s; peak memory 1405 MiB.
2026-10-04T10:41:32Z INFO [1382/1919] 3db38561-156c-4c84-9f96-03f62d685e69: cophenetic index 3004; 0.6 s; peak memory 1405 MiB.
2026-10-04T10:41:32Z INFO [1383/1919] 3db608bf-ed78-45b4-8bae-a29a4c993f4a: cophenetic index 413; 0.6 s; peak memory 1405 MiB.
2026-10-04T10:41:33Z INFO [1384/1919] 3db62732-94d5-4c74-b219-b4d73485f56c: cophenetic index 1087; 0.8 s; peak memory 1405 MiB.
2026-10-04T10:41:34Z INFO [1385/1919] 3db68b7a-6ae4-4389-afdc-0e411c8f4c1d: cophenetic index 33968; 0.9 s; peak memory 1405 MiB.
2026-10-04T10:41:35Z INFO [1386/1919] 3db71d43-1110-4641-bf6e-bda38a69099f: cophenetic index 3004; 0.6 s; peak memory 1405 MiB.
2026-10-04T10:41:36Z INFO [1387/1919] 3db72de9-2504-43c7-aa16-93f36ae8704c: cophenetic index 972; 1.0 s; peak memory 1405 MiB.
2026-10-04T10:41:39Z INFO [1388/1919] 3db7afb2-54bc-454f-bf0c-bc05872bc9dd: cophenetic index 197518; 3.7 s; peak memory 1405 MiB.
2026-10-04T10:41:41Z INFO [1389/1919] 3db84200-756f-4729-ac33-a93484acba4b: cophenetic index 99114; 1.2 s; peak memory 1405 MiB.
2026-10-04T10:41:42Z INFO [1390/1919] 3db89c7a-7084-41fa-b098-8def679c627b: cophenetic index 2570; 1.0 s; peak memory 1405 MiB.
2026-10-04T10:41:50Z INFO [1391/1919] 3db8ad01-386b-4d99-9614-c449ad2aa650: cophenetic index 1087333; 8.0 s; peak memory 1405 MiB.
2026-10-04T10:41:50Z INFO [1392/1919] 3db8ea70-f4b1-4d97-8617-2b90070c1d14: cophenetic index 1006; 0.8 s; peak memory 1405 MiB.
2026-10-04T10:41:51Z INFO [1393/1919] 3db98532-32d4-412b-8bf5-5be01c896872: cophenetic index 3087; 0.7 s; peak memory 1405 MiB.
2026-10-04T10:41:52Z INFO [1394/1919] 3db9f663-9180-4e93-9c21-a1b343fedc9b: cophenetic index 23510; 0.8 s; peak memory 1405 MiB.
2026-10-04T10:41:52Z INFO [1395/1919] 3dba252b-bcbc-4d0b-b0bd-750cb9689d17: cophenetic index 624; 0.6 s; peak memory 1405 MiB.
2026-10-04T10:41:53Z INFO [1396/1919] 3dba4f96-51de-4ff7-b884-588702d77473: cophenetic index 446; 0.4 s; peak memory 1405 MiB.
2026-10-04T10:41:54Z INFO [1397/1919] 3dbaa1aa-748b-434b-ae22-fa5bb3dce330: cophenetic index 2625; 0.9 s; peak memory 1405 MiB.
2026-10-04T10:41:56Z INFO [1398/1919] 3dbc6369-b269-4c73-94fa-64ae34864abb: cophenetic index 5473; 2.1 s; peak memory 1405 MiB.
2026-10-04T10:41:58Z INFO [1399/1919] 3dbcfffb-3492-40fa-a422-fe3206af076b: cophenetic index 3644; 1.7 s; peak memory 1405 MiB.
2026-10-04T10:41:58Z INFO [1400/1919] 3dbd1649-3c8d-4a35-bc2f-5b8b41969bcf: cophenetic index 3004; 0.8 s; peak memory 1405 MiB.
2026-10-04T10:41:59Z INFO [1400/1919] 3dbd1649-3c8d-4a35-bc2f-5b8b41969bcf: checkpointed 76726 records.
2026-10-04T10:42:00Z INFO [1401/1919] 3dbd74b8-9c1d-4804-b548-bd4ce5bdf200: cophenetic index 554; 1.0 s; peak memory 1405 MiB.
2026-10-04T10:42:00Z INFO [1402/1919] 3dbe7c4d-cc5c-496d-a959-6e7200c3aa8f: cophenetic index 3087; 0.7 s; peak memory 1405 MiB.
2026-10-04T10:42:01Z INFO [1403/1919] 3dbf1d3d-9917-4d28-a139-c9b4dbe25f8e: cophenetic index 624; 0.7 s; peak memory 1405 MiB.
2026-10-04T10:42:04Z INFO [1404/1919] 3dbf7a9b-8094-4d13-8000-6aa9a69b7437: cophenetic index 9298; 3.4 s; peak memory 1405 MiB.
2026-10-04T10:42:05Z INFO [1405/1919] 3dbf807b-7260-449c-b8a8-878226a76a71: cophenetic index 690; 0.5 s; peak memory 1405 MiB.
2026-10-04T10:42:05Z INFO [1406/1919] 3dbfd83c-c8cf-4730-a551-c45a0e38f880: cophenetic index 1558; 0.7 s; peak memory 1405 MiB.
2026-10-04T10:42:06Z INFO [1407/1919] 3dc060fb-dddf-47c9-bb7b-baea996f4e95: cophenetic index 1006; 0.7 s; peak memory 1405 MiB.
2026-10-04T10:42:07Z INFO [1408/1919] 3dc16a26-de6d-49df-ab0e-519175c4a81e: cophenetic index 624; 0.6 s; peak memory 1405 MiB.
2026-10-04T10:42:07Z INFO [1409/1919] 3dc1fe0a-a378-409b-aba6-95897f0a4997: cophenetic index 1025; 0.6 s; peak memory 1405 MiB.
2026-10-04T10:42:08Z INFO [1410/1919] 3dc21d6e-e087-4b18-93ea-7f061d4db593: cophenetic index 605; 0.7 s; peak memory 1405 MiB.
2026-10-04T10:42:09Z INFO [1411/1919] 3dc22ff0-65d2-4088-a4cb-8651112f4580: cophenetic index 1848; 0.6 s; peak memory 1405 MiB.
2026-10-04T10:42:09Z INFO [1412/1919] 3dc29fc7-aafd-458b-8ffb-c81fcf8827fc: cophenetic index 2625; 0.8 s; peak memory 1405 MiB.
2026-10-04T10:42:10Z INFO [1413/1919] 3dc2dacc-52bc-4eb7-b74f-392837c7036c: cophenetic index 554; 0.8 s; peak memory 1405 MiB.
2026-10-04T10:42:15Z INFO [1414/1919] 3dc344f1-6ddb-431b-b947-7990ab613fe0: cophenetic index 12573; 4.6 s; peak memory 1405 MiB.
2026-10-04T10:42:21Z INFO [1415/1919] 3dc354af-6b83-4b4a-b91e-dae50e00dca0: cophenetic index 195146; 6.5 s; peak memory 1405 MiB.
2026-10-04T10:42:22Z INFO [1416/1919] 3dc44ec7-4dd4-4c11-a841-45096fb19d3f: cophenetic index 2625; 0.6 s; peak memory 1405 MiB.
2026-10-04T10:42:23Z INFO [1417/1919] 3dc4929b-026e-46cd-9bdc-e8ed186ad1ea: cophenetic index 2682; 1.3 s; peak memory 1405 MiB.
2026-10-04T10:42:24Z INFO [1418/1919] 3dc589af-d5f0-4eb2-89f7-3a2b5a5a623d: cophenetic index 2625; 0.9 s; peak memory 1405 MiB.
2026-10-04T10:42:25Z INFO [1419/1919] 3dc5addf-e0e4-456b-8305-9992b4b197ef: cophenetic index 2625; 0.9 s; peak memory 1405 MiB.
2026-10-04T10:42:26Z INFO [1420/1919] 3dc5d2df-1bc0-4ef7-98fa-6dfc034ca186: cophenetic index 33998; 1.3 s; peak memory 1405 MiB.
2026-10-04T10:42:27Z INFO [1421/1919] 3dc63f0b-cbfe-4b67-82f5-26e9d9152c6f: cophenetic index 624; 0.6 s; peak memory 1405 MiB.
2026-10-04T10:42:28Z INFO [1422/1919] 3dc6ad9c-4e9b-4037-bb86-cd6a821891aa: cophenetic index 624; 0.7 s; peak memory 1405 MiB.
2026-10-04T10:42:28Z INFO [1423/1919] 3dc817e0-9b86-45f6-858d-0c66db586686: cophenetic index 3087; 0.6 s; peak memory 1405 MiB.
2026-10-04T10:42:30Z INFO [1424/1919] 3dc842fc-0241-4dc1-9d6a-7c63ee005fbb: cophenetic index 5473; 1.8 s; peak memory 1405 MiB.
2026-10-04T10:42:31Z INFO [1425/1919] 3dc861f0-0784-46b8-9906-f3b4cd55bf84: cophenetic index 624; 0.6 s; peak memory 1405 MiB.
2026-10-04T10:42:31Z INFO [1426/1919] 3dc8b760-50a9-4357-9408-0fa70cff7dbb: cophenetic index 6703; 0.8 s; peak memory 1405 MiB.
2026-10-04T10:42:32Z INFO [1427/1919] 3dc90878-f8a6-4b72-b3ad-f8202616af0c: cophenetic index 2570; 0.8 s; peak memory 1405 MiB.
2026-10-04T10:42:35Z INFO [1428/1919] 3dc90e5f-b810-43b5-8ba2-765d5401332a: cophenetic index 9181; 2.9 s; peak memory 1405 MiB.
2026-10-04T10:42:36Z INFO [1429/1919] 3dc92fdf-21f4-4930-a086-06cd8abe3862: cophenetic index 649; 0.7 s; peak memory 1405 MiB.
2026-10-04T10:42:36Z INFO [1430/1919] 3dc95275-8af3-4310-8ef0-9e4ab7fde44b: cophenetic index 560; 0.5 s; peak memory 1405 MiB.
2026-10-04T10:42:37Z INFO [1431/1919] 3dc99ea0-3176-4179-8b05-0e5336d4b9cd: cophenetic index 3087; 0.6 s; peak memory 1405 MiB.
2026-10-04T10:42:39Z INFO [1432/1919] 3dca6386-794b-49cb-b96d-35dc068d66a6: cophenetic index 2822; 2.3 s; peak memory 1405 MiB.
2026-10-04T10:42:40Z INFO [1433/1919] 3dcb5386-21f6-4383-ac5a-5b4391e0d0fc: cophenetic index 3004; 0.7 s; peak memory 1405 MiB.
2026-10-04T10:42:41Z INFO [1434/1919] 3dcba052-7ed7-4d34-8f99-0f15103ef28b: cophenetic index 33998; 1.4 s; peak memory 1405 MiB.
2026-10-04T10:42:42Z INFO [1435/1919] 3dcbe673-e558-416e-808e-f4cf36dce2ab: cophenetic index 3087; 0.7 s; peak memory 1405 MiB.
2026-10-04T10:42:43Z INFO [1436/1919] 3dcd078a-98a6-4457-8ec8-88c04b848e99: cophenetic index 3087; 0.8 s; peak memory 1405 MiB.
2026-10-04T10:42:44Z INFO [1437/1919] 3dcdbac3-bc62-42a6-b1ce-5ec08a4e74df: cophenetic index 23510; 0.7 s; peak memory 1405 MiB.
2026-10-04T10:42:45Z INFO [1438/1919] 3dce9d07-b250-454f-b8cd-85ee5cb46f8b: cophenetic index 14277; 1.8 s; peak memory 1405 MiB.
2026-10-04T10:42:46Z INFO [1439/1919] 3dcf6506-b0dd-4433-be65-e832498bafe0: cophenetic index 994; 0.6 s; peak memory 1405 MiB.
2026-10-04T10:42:47Z INFO [1440/1919] 3dcf703f-0a5d-4dcc-ad69-1be03d0fb425: cophenetic index 1228; 0.6 s; peak memory 1405 MiB.
2026-10-04T10:42:48Z INFO [1441/1919] 3dcf9a48-9248-4e8c-b21e-894c44d7946b: cophenetic index 457; 1.5 s; peak memory 1405 MiB.
2026-10-04T10:42:49Z INFO [1442/1919] 3dcfa5d3-b6cc-4049-b317-9d7771939b9c: cophenetic index 431; 0.6 s; peak memory 1405 MiB.
2026-10-04T10:42:49Z INFO [1443/1919] 3dd020b1-0e39-444a-813e-e075d6c498ee: cophenetic index 605; 0.8 s; peak memory 1405 MiB.
2026-10-04T10:42:55Z INFO [1444/1919] 3dd0c9ef-660b-45f3-a5ca-91c1d05cb32c: cophenetic index 144082; 5.7 s; peak memory 1405 MiB.
2026-10-04T10:42:56Z INFO [1445/1919] 3dd0dd4a-fce6-4f48-a8d7-6680857db164: cophenetic index 494; 0.4 s; peak memory 1405 MiB.
2026-10-04T10:42:57Z INFO [1446/1919] 3dd127d6-0b77-4154-a183-bb4b8f0aff15: cophenetic index 2625; 1.0 s; peak memory 1405 MiB.
2026-10-04T10:42:57Z INFO [1447/1919] 3dd1b993-563b-4e12-b5fd-4c3d0565511b: cophenetic index 33968; 0.9 s; peak memory 1405 MiB.
2026-10-04T10:43:01Z INFO [1448/1919] 3dd20f7e-7277-4529-b339-53ac66cea64f: cophenetic index 13178; 3.7 s; peak memory 1405 MiB.
2026-10-04T10:43:02Z INFO [1449/1919] 3dd236a8-11f3-427f-b216-b2da86d6fd4d: cophenetic index 911; 1.0 s; peak memory 1405 MiB.
2026-10-04T10:43:03Z INFO [1450/1919] 3dd236cc-e806-4bbf-935c-2feffbcb21e6: cophenetic index 3087; 0.8 s; peak memory 1405 MiB.
2026-10-04T10:43:03Z INFO [1450/1919] 3dd236cc-e806-4bbf-935c-2feffbcb21e6: checkpointed 76776 records.
2026-10-04T10:43:04Z INFO [1451/1919] 3dd3c46e-75e7-4c84-ac90-81429c1a0d9d: cophenetic index 895; 1.3 s; peak memory 1405 MiB.
2026-10-04T10:43:05Z INFO [1452/1919] 3dd43b89-db20-4c0a-b1fb-8724e9d0601e: cophenetic index 624; 0.7 s; peak memory 1405 MiB.
2026-10-04T10:43:06Z INFO [1453/1919] 3dd475e1-f8d5-497d-8fe3-d569be0cf7d7: cophenetic index 624; 0.7 s; peak memory 1405 MiB.
2026-10-04T10:43:06Z INFO [1454/1919] 3dd505a9-006a-4c9b-aaa7-8694a88967cd: cophenetic index 490; 0.4 s; peak memory 1405 MiB.
2026-10-04T10:43:07Z INFO [1455/1919] 3dd50f21-2e95-41ea-b7d6-dc961ab3983f: cophenetic index 1006; 0.8 s; peak memory 1405 MiB.
2026-10-04T10:43:14Z INFO [1456/1919] 3dd58fa6-0326-4372-8e8b-c07b8eeb7c22: cophenetic index 154521; 6.8 s; peak memory 1405 MiB.
2026-10-04T10:43:14Z INFO [1457/1919] 3dd66d6b-3978-42b1-bc26-24341238adb5: cophenetic index 2974; 0.7 s; peak memory 1405 MiB.
2026-10-04T10:43:19Z INFO [1458/1919] 3dd783ff-e18d-41f0-bbf5-b3bfd5edaf02: cophenetic index 124691; 4.4 s; peak memory 1405 MiB.
2026-10-04T10:43:19Z INFO [1459/1919] 3dd7c947-eb09-4ded-9073-a59ef5d908c6: cophenetic index 572; 0.7 s; peak memory 1405 MiB.
2026-10-04T10:43:20Z INFO [1460/1919] 3dd816fd-9209-42b3-88d9-e9802ef72ff3: cophenetic index 624; 0.7 s; peak memory 1405 MiB.
2026-10-04T10:43:22Z INFO [1461/1919] 3dd86643-8ee3-4d19-889e-c258102e0b10: cophenetic index 2699; 1.4 s; peak memory 1405 MiB.
2026-10-04T10:43:22Z INFO [1462/1919] 3dd8a2a0-067d-40b5-becc-cbfbb0ef1119: cophenetic index 431; 0.5 s; peak memory 1405 MiB.
2026-10-04T10:43:23Z INFO [1463/1919] 3dd95987-4e55-409e-925f-ec495c18e231: cophenetic index 777; 0.7 s; peak memory 1405 MiB.
2026-10-04T10:43:23Z INFO [1464/1919] 3dd9a2e6-0334-4f0d-a7da-72aecbfaf488: cophenetic index 3004; 0.8 s; peak memory 1405 MiB.
2026-10-04T10:43:24Z INFO [1465/1919] 3ddb1ded-65b6-48a3-bad5-54370a985928: cophenetic index 33968; 0.9 s; peak memory 1405 MiB.
2026-10-04T10:43:25Z INFO [1466/1919] 3ddb471d-f71c-4c52-806a-7ef456a6b44c: cophenetic index 624; 0.6 s; peak memory 1405 MiB.
2026-10-04T10:43:27Z INFO [1467/1919] 3ddbb40d-284e-4e6f-a650-e4593326771c: cophenetic index 17643; 2.0 s; peak memory 1405 MiB.
2026-10-04T10:43:31Z INFO [1468/1919] 3ddbbd06-3057-40b1-9ded-9d3ecbba636c: cophenetic index 33579; 3.7 s; peak memory 1405 MiB.
2026-10-04T10:43:32Z INFO [1469/1919] 3ddc0b96-6bc9-43d0-9aef-bfa070221cb4: cophenetic index 2570; 0.8 s; peak memory 1405 MiB.
2026-10-04T10:43:35Z INFO [1470/1919] 3ddc3c61-4c26-4135-8de0-9695a0df023f: cophenetic index 53478; 3.5 s; peak memory 1405 MiB.
2026-10-04T10:43:36Z INFO [1471/1919] 3ddc6153-446a-4c68-88f7-a5142d4e2e73: cophenetic index 2974; 0.8 s; peak memory 1405 MiB.
2026-10-04T10:43:42Z INFO [1472/1919] 3ddc7902-054c-4f6d-8303-3373de21d124: cophenetic index 49773; 6.3 s; peak memory 1405 MiB.
2026-10-04T10:43:43Z INFO [1473/1919] 3ddd1522-9d72-40dc-a8c9-258ece6f6dec: cophenetic index 605; 0.7 s; peak memory 1405 MiB.
2026-10-04T10:43:44Z INFO [1474/1919] 3dddcbb6-99c7-4286-be15-74321af3d21d: cophenetic index 34123; 0.8 s; peak memory 1405 MiB.
2026-10-04T10:43:44Z INFO [1475/1919] 3dddd8eb-0a07-4958-bf7d-a32ab98e18aa: cophenetic index 722; 0.6 s; peak memory 1405 MiB.
2026-10-04T10:43:45Z INFO [1476/1919] 3dde4702-a0f5-4a5e-a908-d5ed52baed34: cophenetic index 560; 0.5 s; peak memory 1405 MiB.
2026-10-04T10:43:45Z INFO [1477/1919] 3dde7bb2-9215-403d-a8ca-9104888072ae: cophenetic index 413; 0.7 s; peak memory 1405 MiB.
2026-10-04T10:43:46Z INFO [1478/1919] 3ddedfc8-2999-4ab5-8944-382e94680f32: cophenetic index 1058; 0.6 s; peak memory 1405 MiB.
2026-10-04T10:43:47Z INFO [1479/1919] 3ddfc33a-ab72-4ddb-8701-ccfd35ef742c: cophenetic index 33998; 1.0 s; peak memory 1405 MiB.
2026-10-04T10:43:48Z INFO [1480/1919] 3ddfd359-589d-49a8-9a4f-31145e1cc1a3: cophenetic index 3004; 0.7 s; peak memory 1405 MiB.
2026-10-04T10:43:49Z INFO [1481/1919] 3de19d0e-1d9c-4d34-8b3e-42d18d210d23: cophenetic index 33986; 0.9 s; peak memory 1405 MiB.
2026-10-04T10:43:50Z INFO [1482/1919] 3de356e8-ed14-4a82-8623-565985f11bc2: cophenetic index 638; 1.1 s; peak memory 1405 MiB.
2026-10-04T10:43:50Z INFO [1483/1919] 3de49fcb-2fba-4ae7-9870-c13cceeb1394: cophenetic index 490; 0.3 s; peak memory 1405 MiB.
2026-10-04T10:43:56Z INFO [1484/1919] 3de60c22-77dc-45dd-98a1-fb266effa0e2: cophenetic index 48665; 5.9 s; peak memory 1405 MiB.
2026-10-04T10:43:58Z INFO [1485/1919] 3de7014f-de51-400d-aca9-9841fbc05dbb: cophenetic index 4797; 2.4 s; peak memory 1405 MiB.
2026-10-04T10:43:59Z INFO [1486/1919] 3de90aae-176e-47b2-b5be-e840ad9a02e6: cophenetic index 2932; 0.7 s; peak memory 1405 MiB.
2026-10-04T10:44:00Z INFO [1487/1919] 3de92147-c01b-422f-8a56-8fcb4003c06f: cophenetic index 624; 0.6 s; peak memory 1405 MiB.
2026-10-04T10:44:00Z INFO [1488/1919] 3de97799-3185-4d6d-8614-61f4ae1c40a9: cophenetic index 624; 0.5 s; peak memory 1405 MiB.
2026-10-04T10:44:01Z INFO [1489/1919] 3de9dd0e-f284-487d-b57b-43a0d6c9d3dc: cophenetic index 3087; 0.8 s; peak memory 1405 MiB.
2026-10-04T10:44:02Z INFO [1490/1919] 3de9e8c4-8c0f-47d4-964d-4589ba0a56b7: cophenetic index 2923; 0.6 s; peak memory 1405 MiB.
2026-10-04T10:44:02Z INFO [1491/1919] 3de9f0ba-7b0c-4023-a980-a8d9cb9d796b: cophenetic index 446; 0.4 s; peak memory 1405 MiB.
2026-10-04T10:44:03Z INFO [1492/1919] 3dea60fc-db73-42a1-acd3-746f30c33fb8: cophenetic index 498; 0.6 s; peak memory 1405 MiB.
2026-10-04T10:44:03Z INFO [1493/1919] 3deb9e26-5dfd-4f31-a1c0-60df3854ee12: cophenetic index 3004; 0.7 s; peak memory 1405 MiB.
2026-10-04T10:44:04Z INFO [1494/1919] 3debc8e3-7a18-46f5-aa42-67690a9b2594: cophenetic index 624; 0.6 s; peak memory 1405 MiB.
2026-10-04T10:44:06Z INFO [1495/1919] 3debf5da-502b-4b29-a1d8-4fcd6b77438a: cophenetic index 5473; 1.9 s; peak memory 1405 MiB.
2026-10-04T10:44:07Z WARNING 3dec1e5e-7a4c-4aaa-95eb-7a953aa18d59: failed while reading the NWB file (KeyError: 'Unable to synchronously open object (component not found)')
2026-10-04T10:44:07Z WARNING [1496/1919] 3dec1e5e-7a4c-4aaa-95eb-7a953aa18d59: leaving unrecorded for a later run to retry.
2026-10-04T10:44:07Z INFO [1497/1919] 3ded477f-812e-40b7-ae58-4d5b828775d7: cophenetic index 3004; 0.7 s; peak memory 1405 MiB.
2026-10-04T10:44:09Z INFO [1498/1919] 3dee5964-e391-4308-a896-62613b6bc88f: cophenetic index 2402; 1.7 s; peak memory 1405 MiB.
2026-10-04T10:44:11Z INFO [1499/1919] 3df0b899-83ce-4531-8285-70903c333495: cophenetic index 33998; 1.6 s; peak memory 1405 MiB.
2026-10-04T10:44:11Z INFO [1500/1919] 3df0c1a2-c654-4c23-8041-22e6c73b2041: cophenetic index 2625; 0.8 s; peak memory 1405 MiB.
2026-10-04T10:44:11Z INFO [1500/1919] 3df0c1a2-c654-4c23-8041-22e6c73b2041: checkpointed 76825 records.
2026-10-04T10:44:15Z INFO [1501/1919] 3df1100b-8874-4189-88d3-988548ca4845: cophenetic index 87573; 3.5 s; peak memory 1405 MiB.
2026-10-04T10:44:16Z INFO [1502/1919] 3df11c5b-54e4-4149-aa57-e93c233399f7: cophenetic index 624; 0.5 s; peak memory 1405 MiB.
2026-10-04T10:44:16Z INFO [1503/1919] 3df182f0-d589-48f4-9f20-852bf4a14a62: cophenetic index 624; 0.5 s; peak memory 1405 MiB.
2026-10-04T10:44:17Z INFO [1504/1919] 3df192d7-c4dc-4ab6-8276-73ae30f093a3: cophenetic index 2923; 0.6 s; peak memory 1405 MiB.
2026-10-04T10:44:17Z INFO [1505/1919] 3df1b717-1aac-43b1-b690-5ff51f8ef391: cophenetic index 797; 0.4 s; peak memory 1405 MiB.
2026-10-04T10:44:18Z INFO [1506/1919] 3df1f40f-e85e-4279-a553-003e77d6e2cf: cophenetic index 33986; 0.9 s; peak memory 1405 MiB.
2026-10-04T10:44:27Z INFO [1507/1919] 3df2bcf0-8ab4-4fac-9834-ae4569e85224: cophenetic index 468508; 8.6 s; peak memory 1405 MiB.
2026-10-04T10:44:30Z INFO [1508/1919] 3df3f514-4b87-4765-b40d-98fc9c6d7673: cophenetic index 87573; 3.0 s; peak memory 1405 MiB.
2026-10-04T10:44:31Z INFO [1509/1919] 3df46705-d58a-49e9-8c1a-7d8fe59e5ce8: cophenetic index 893; 1.1 s; peak memory 1405 MiB.
2026-10-04T10:44:31Z INFO [1510/1919] 3df4736d-2606-41af-9078-8e8e5a4ca454: cophenetic index 3087; 0.7 s; peak memory 1405 MiB.
2026-10-04T10:44:32Z INFO [1511/1919] 3df541ff-f7f5-42cb-bae3-a75a93223ca5: cophenetic index 2570; 0.8 s; peak memory 1405 MiB.
2026-10-04T10:44:33Z INFO [1512/1919] 3df5a04c-dee7-4ac9-94a8-685005a15e20: cophenetic index 3004; 0.6 s; peak memory 1405 MiB.
2026-10-04T10:44:34Z INFO [1513/1919] 3df5bfd5-0c2c-4050-afaf-9ba7bd8ea878: cophenetic index 1310; 1.0 s; peak memory 1405 MiB.
2026-10-04T10:44:35Z INFO [1514/1919] 3df6cf93-42d7-4ddf-a1fe-7357a0e34711: cophenetic index 581; 0.7 s; peak memory 1405 MiB.
2026-10-04T10:44:35Z INFO [1515/1919] 3df70bc3-b09b-4328-bfdc-369a5f03041f: cophenetic index 432; 0.6 s; peak memory 1405 MiB.
2026-10-04T10:44:36Z INFO [1516/1919] 3df7a877-05a9-4494-bdf9-17fc83df5e59: cophenetic index 33968; 0.8 s; peak memory 1405 MiB.
2026-10-04T10:44:40Z INFO [1517/1919] 3df95a3a-8a99-4681-aa0b-73b74a5e3432: cophenetic index 128278; 4.4 s; peak memory 1405 MiB.
2026-10-04T10:44:41Z INFO [1518/1919] 3df989a9-3842-453a-8426-20a10d91d942: cophenetic index 624; 0.7 s; peak memory 1405 MiB.
2026-10-04T10:44:42Z INFO [1519/1919] 3dfacdf1-98f9-4a3c-bda6-7473079a543b: cophenetic index 624; 0.6 s; peak memory 1405 MiB.
2026-10-04T10:44:42Z INFO [1520/1919] 3dfaf95d-4bcb-44f4-bf93-dd2e6a18ceb1: cophenetic index 624; 0.6 s; peak memory 1405 MiB.
2026-10-04T10:44:47Z INFO [1521/1919] 3dfc3272-8b6a-41ef-aca2-4f5f49d52201: cophenetic index 164249; 5.3 s; peak memory 1405 MiB.
2026-10-04T10:44:57Z INFO [1522/1919] 3dfc47f9-2178-42a3-b73b-5da54762c838: cophenetic index 30713; 9.6 s; peak memory 1405 MiB.
2026-10-04T10:44:58Z INFO [1523/1919] 3dfcc53e-67d7-4863-b00d-75ea21db043e: cophenetic index 624; 0.6 s; peak memory 1405 MiB.
2026-10-04T10:44:59Z INFO [1524/1919] 3e004aca-171f-4e50-9876-fab4f549d745: cophenetic index 99120; 0.9 s; peak memory 1405 MiB.
2026-10-04T10:44:59Z INFO [1525/1919] 3e01abf5-ac30-423a-8b5c-465d183d5af0: cophenetic index 1087; 0.8 s; peak memory 1405 MiB.
2026-10-04T10:45:00Z INFO [1526/1919] 3e01e4cd-d07d-41d4-bf9b-cc240b76d02e: cophenetic index 581; 0.5 s; peak memory 1405 MiB.
2026-10-04T10:45:00Z INFO [1527/1919] 3e02616a-6384-4e36-a957-6c7a1416edf8: cophenetic index 624; 0.6 s; peak memory 1405 MiB.
2026-10-04T10:45:01Z INFO [1528/1919] 3e02861d-f51c-45a5-be3d-b7646088c930: cophenetic index 23510; 0.8 s; peak memory 1405 MiB.
2026-10-04T10:45:02Z INFO [1529/1919] 3e02b479-17d2-4104-9a16-e36f10c1ccf2: cophenetic index 490; 0.5 s; peak memory 1405 MiB.
2026-10-04T10:45:03Z INFO [1530/1919] 3e030676-5a87-4c22-8a5e-e8b43f17fdb7: cophenetic index 911; 0.9 s; peak memory 1405 MiB.
2026-10-04T10:45:14Z INFO [1531/1919] 3e030ebf-3f28-4a7c-87e4-e32fe58e66c7: cophenetic index 173274; 11.8 s; peak memory 1405 MiB.
2026-10-04T10:45:15Z INFO [1532/1919] 3e033976-3579-4a6c-b638-f4e4f46cec1b: cophenetic index 624; 0.6 s; peak memory 1405 MiB.
2026-10-04T10:45:16Z INFO [1533/1919] 3e044813-685c-4231-ad16-ba4b3fcee108: cophenetic index 3004; 0.7 s; peak memory 1405 MiB.
2026-10-04T10:45:17Z INFO [1534/1919] 3e047fda-b2fa-4a34-b4c9-969e38a9341e: cophenetic index 2974; 0.7 s; peak memory 1405 MiB.
2026-10-04T10:45:17Z INFO [1535/1919] 3e051770-f7a8-4c5e-a9e6-7f1e6ba72a02: cophenetic index 3004; 0.7 s; peak memory 1405 MiB.
2026-10-04T10:45:19Z INFO [1536/1919] 3e0773d5-ea84-48a5-8bcb-faaab4640844: cophenetic index 2391; 1.7 s; peak memory 1405 MiB.
2026-10-04T10:45:19Z INFO [1537/1919] 3e07a218-8726-4e5a-8090-b8c1dcc28438: cophenetic index 446; 0.4 s; peak memory 1405 MiB.
2026-10-04T10:45:20Z INFO [1538/1919] 3e07b4b9-f440-4400-a513-a5d6ac358f8e: cophenetic index 624; 0.5 s; peak memory 1405 MiB.
2026-10-04T10:45:20Z INFO [1539/1919] 3e07f0b6-2139-4287-8e31-3aa0251c3177: cophenetic index 2625; 0.6 s; peak memory 1405 MiB.
2026-10-04T10:45:21Z INFO [1540/1919] 3e080834-18da-4b12-99d1-6b424924879f: cophenetic index 2625; 0.8 s; peak memory 1405 MiB.
2026-10-04T10:45:23Z INFO [1541/1919] 3e0835f8-d423-49f5-a857-4d8f52c72432: cophenetic index 2391; 1.7 s; peak memory 1405 MiB.
2026-10-04T10:45:24Z INFO [1542/1919] 3e0981f7-173d-47f0-94db-ef6a12faabad: cophenetic index 497; 0.7 s; peak memory 1405 MiB.
2026-10-04T10:45:25Z INFO [1543/1919] 3e09dfe0-cdbf-4f92-bc14-48c985bff82d: cophenetic index 2402; 1.5 s; peak memory 1405 MiB.
2026-10-04T10:45:26Z INFO [1544/1919] 3e0ac1ee-98fc-4de9-9825-a87dd6af67ed: cophenetic index 33998; 1.1 s; peak memory 1405 MiB.
2026-10-04T10:45:28Z INFO [1545/1919] 3e0b4208-3820-4b4f-9f03-c9333d89baa1: cophenetic index 4306; 2.1 s; peak memory 1405 MiB.
2026-10-04T10:45:34Z INFO [1546/1919] 3e0b8760-86ce-41ae-84d6-1b750df0da81: cophenetic index 166109; 5.2 s; peak memory 1405 MiB.
2026-10-04T10:45:34Z INFO [1547/1919] 3e0c78c0-b19a-4e80-b098-5dde7e441cd9: cophenetic index 649; 0.7 s; peak memory 1405 MiB.
2026-10-04T10:45:35Z INFO [1548/1919] 3e0cac55-3602-4b66-811f-e0743228c435: cophenetic index 431; 0.4 s; peak memory 1405 MiB.
2026-10-04T10:45:35Z INFO [1549/1919] 3e0e0fa4-0fe2-44ee-9446-4ed89844f344: cophenetic index 624; 0.6 s; peak memory 1405 MiB.
2026-10-04T10:45:36Z INFO [1550/1919] 3e0f407d-3aac-42a8-a617-476178a950c5: cophenetic index 2923; 0.7 s; peak memory 1405 MiB.
2026-10-04T10:45:36Z INFO [1550/1919] 3e0f407d-3aac-42a8-a617-476178a950c5: checkpointed 76875 records.
2026-10-04T10:45:37Z INFO [1551/1919] 3e0f6dbf-084a-488a-8d8d-7c2a2d644837: cophenetic index 624; 0.5 s; peak memory 1405 MiB.
2026-10-04T10:45:37Z INFO [1552/1919] 3e0fc76a-f085-40cf-babc-164c2bb02218: cophenetic index 1949; 0.8 s; peak memory 1405 MiB.
2026-10-04T10:45:38Z INFO [1553/1919] 3e0fe0e8-0cd7-45c3-9800-d6dfe74e3e76: cophenetic index 1228; 0.5 s; peak memory 1405 MiB.
2026-10-04T10:45:39Z INFO [1554/1919] 3e0fe285-53ac-4283-a514-be69eee0bd85: cophenetic index 33998; 1.1 s; peak memory 1405 MiB.
2026-10-04T10:45:40Z INFO [1555/1919] 3e105d44-c851-4934-963a-ff5cd18d95d6: cophenetic index 624; 0.6 s; peak memory 1405 MiB.
2026-10-04T10:45:41Z INFO [1556/1919] 3e10ccdc-fd73-40b7-8a72-ab066a14692c: cophenetic index 2625; 1.0 s; peak memory 1405 MiB.
2026-10-04T10:45:41Z INFO [1557/1919] 3e10e496-047c-46b2-a509-21506c5f4e0d: cophenetic index 624; 0.6 s; peak memory 1405 MiB.
2026-10-04T10:45:42Z INFO [1558/1919] 3e115338-4360-4f40-841c-2b22f147d436: cophenetic index 579; 0.4 s; peak memory 1405 MiB.
2026-10-04T10:45:42Z INFO [1559/1919] 3e117a6f-79f3-4d27-931f-e0184999a7a8: cophenetic index 937; 0.7 s; peak memory 1405 MiB.
2026-10-04T10:45:43Z INFO [1560/1919] 3e11ab4e-7fd9-4680-a6dc-1617e66b6cc5: cophenetic index 624; 0.5 s; peak memory 1405 MiB.
2026-10-04T10:45:44Z INFO [1561/1919] 3e11f0fe-202d-40b6-8e19-0923f240226e: cophenetic index 649; 0.7 s; peak memory 1405 MiB.
2026-10-04T10:45:44Z INFO [1562/1919] 3e123d07-4f79-46d9-9791-a2874900ccb5: cophenetic index 637; 0.4 s; peak memory 1405 MiB.
2026-10-04T10:45:45Z INFO [1563/1919] 3e13289d-f28a-4e8b-8905-6838bc4a771f: cophenetic index 3045; 1.0 s; peak memory 1405 MiB.
2026-10-04T10:45:45Z INFO [1564/1919] 3e1353c1-129f-4b96-9c40-9f89f57648c9: cophenetic index 579; 0.4 s; peak memory 1405 MiB.
2026-10-04T10:45:46Z INFO [1565/1919] 3e136e27-51b9-4fcd-a882-4dfddd35783b: cophenetic index 2625; 1.0 s; peak memory 1405 MiB.
2026-10-04T10:45:47Z INFO [1566/1919] 3e13b6c1-0257-43fb-8ba2-d07339632042: cophenetic index 496; 0.6 s; peak memory 1405 MiB.
2026-10-04T10:45:48Z INFO [1567/1919] 3e140e62-e646-44c0-b527-b2d289a63308: cophenetic index 972; 1.1 s; peak memory 1405 MiB.
2026-10-04T10:45:49Z INFO [1568/1919] 3e141024-5b20-4c42-be81-10ddbfed311b: cophenetic index 2724; 1.0 s; peak memory 1405 MiB.
2026-10-04T10:45:50Z INFO [1569/1919] 3e144f01-35a9-4e6e-ab8d-16a8432a29b2: cophenetic index 649; 0.6 s; peak memory 1405 MiB.
2026-10-04T10:45:50Z INFO [1570/1919] 3e145813-ff3d-4d97-b175-e544c5fa8e6b: cophenetic index 579; 0.5 s; peak memory 1405 MiB.
2026-10-04T10:45:51Z INFO [1571/1919] 3e156652-2e0a-4ff3-8ade-3d54e2a4d34f: cophenetic index 51895; 0.5 s; peak memory 1405 MiB.
2026-10-04T10:46:05Z INFO [1572/1919] 3e1657a6-21bb-4cd1-95cc-f3b27fc30387: cophenetic index 58288; 14.0 s; peak memory 1405 MiB.
2026-10-04T10:46:07Z INFO [1573/1919] 3e17efb2-9619-41ac-8af3-5d316312aed3: cophenetic index 30360; 2.5 s; peak memory 1405 MiB.
2026-10-04T10:46:08Z INFO [1574/1919] 3e18ab6e-c9cd-4e80-b1ee-39c37765709c: cophenetic index 401; 0.5 s; peak memory 1405 MiB.
2026-10-04T10:46:08Z INFO [1575/1919] 3e18b2e1-aeb7-4f35-8e84-a3ecd8d2ed70: cophenetic index 949; 0.7 s; peak memory 1405 MiB.
2026-10-04T10:46:11Z INFO [1576/1919] 3e19b073-584a-4ef2-92c2-0d011b6e30d0: cophenetic index 22943; 2.5 s; peak memory 1405 MiB.
2026-10-04T10:46:13Z INFO [1577/1919] 3e1a207e-2312-487c-88e8-4c456991bca7: cophenetic index 5473; 2.1 s; peak memory 1405 MiB.
2026-10-04T10:46:14Z INFO [1578/1919] 3e1a255e-f41e-4902-bb71-055ae9f8be46: cophenetic index 2570; 0.7 s; peak memory 1405 MiB.
2026-10-04T10:46:14Z INFO [1579/1919] 3e1a8810-31fc-47d8-bb71-51d20d8bc63e: cophenetic index 2625; 0.7 s; peak memory 1405 MiB.
2026-10-04T10:46:22Z INFO [1580/1919] 3e1aaacc-0730-45fb-8a3e-4114c70117e7: cophenetic index 71259; 7.2 s; peak memory 1405 MiB.
2026-10-04T10:46:22Z INFO [1581/1919] 3e1af031-5355-4b80-a05f-ca3a52b2ce13: cophenetic index 490; 0.5 s; peak memory 1405 MiB.
2026-10-04T10:46:23Z INFO [1582/1919] 3e1b9ce6-1f51-436b-8055-a75c42538df1: cophenetic index 624; 0.7 s; peak memory 1405 MiB.
2026-10-04T10:46:24Z INFO [1583/1919] 3e1bf3bc-6e0b-48c1-8fe0-7b0f391237da: cophenetic index 539; 0.7 s; peak memory 1405 MiB.
2026-10-04T10:46:24Z INFO [1584/1919] 3e1bf9d8-4614-426c-afd2-6b25d6472842: cophenetic index 624; 0.6 s; peak memory 1405 MiB.
2026-10-04T10:46:25Z INFO [1585/1919] 3e1d4402-37c5-497e-85a6-43a83f40b7d8: cophenetic index 3004; 0.8 s; peak memory 1405 MiB.
2026-10-04T10:46:25Z INFO [1586/1919] 3e1d99b3-e63e-492a-951d-1363e75ccd84: cophenetic index 385; 0.6 s; peak memory 1405 MiB.
2026-10-04T10:46:26Z INFO [1587/1919] 3e1dc127-1030-4146-90b8-a9d1bc9caaec: cophenetic index 579; 0.4 s; peak memory 1405 MiB.
2026-10-04T10:46:28Z INFO [1588/1919] 3e1e325d-7ee3-4b3c-af06-57660955c4c6: cophenetic index 5473; 2.0 s; peak memory 1405 MiB.
2026-10-04T10:46:29Z INFO [1589/1919] 3e1e790e-a63c-4785-9eee-c824cfd33115: cophenetic index 605; 0.8 s; peak memory 1405 MiB.
2026-10-04T10:46:30Z INFO [1590/1919] 3e1f0df6-be41-4f73-835f-94cb4528881c: cophenetic index 2570; 1.0 s; peak memory 1405 MiB.
2026-10-04T10:46:30Z INFO [1591/1919] 3e1f67ad-7583-4d30-a2d4-65663626f530: cophenetic index 624; 0.6 s; peak memory 1405 MiB.
2026-10-04T10:46:31Z INFO [1592/1919] 3e21e8ec-8f70-4fdf-950a-66c1bc5cf896: cophenetic index 624; 0.6 s; peak memory 1405 MiB.
2026-10-04T10:46:35Z INFO [1593/1919] 3e222f33-a701-46e7-8b06-bd91d13958bf: cophenetic index 66919; 4.5 s; peak memory 1405 MiB.
2026-10-04T10:46:37Z INFO [1594/1919] 3e22986e-d7b1-443f-8ae6-d871f8a39035: cophenetic index 2402; 1.5 s; peak memory 1405 MiB.
2026-10-04T10:46:37Z INFO [1595/1919] 3e23af2b-66d8-4cae-8bdc-29e55abebc17: cophenetic index 567; 0.5 s; peak memory 1405 MiB.
2026-10-04T10:46:38Z INFO [1596/1919] 3e244c0a-9887-4ecc-be20-326c2d01b9a0: cophenetic index 3004; 0.7 s; peak memory 1405 MiB.
2026-10-04T10:46:39Z INFO [1597/1919] 3e2517ba-9219-4a54-baed-4db156b5515a: cophenetic index 2625; 0.9 s; peak memory 1405 MiB.
2026-10-04T10:46:41Z INFO [1598/1919] 3e258cb3-05fc-4287-8681-159bceeb8a46: cophenetic index 5588; 2.4 s; peak memory 1405 MiB.
2026-10-04T10:46:42Z INFO [1599/1919] 3e262fe5-1bc6-4a13-9864-6b20c598396a: cophenetic index 680; 1.0 s; peak memory 1405 MiB.
2026-10-04T10:46:43Z INFO [1600/1919] 3e266c44-54f6-4e32-b94c-a1c341cc3f0a: cophenetic index 624; 0.5 s; peak memory 1405 MiB.
2026-10-04T10:46:43Z INFO [1600/1919] 3e266c44-54f6-4e32-b94c-a1c341cc3f0a: checkpointed 76925 records.
2026-10-04T10:46:45Z INFO [1601/1919] 3e278af3-bb6d-42bf-8969-993d40c59aeb: cophenetic index 4646; 1.5 s; peak memory 1405 MiB.
2026-10-04T10:46:45Z INFO [1602/1919] 3e28039e-edc3-47db-a420-ba5879f06162: cophenetic index 490; 0.4 s; peak memory 1405 MiB.
2026-10-04T10:46:46Z INFO [1603/1919] 3e280d20-95c5-4c9d-81ce-521934785793: cophenetic index 3192; 0.6 s; peak memory 1405 MiB.
2026-10-04T10:46:46Z INFO [1604/1919] 3e2961f9-de12-469e-ad1c-6c7525800a08: cophenetic index 561; 0.4 s; peak memory 1405 MiB.
2026-10-04T10:46:47Z INFO [1605/1919] 3e29c320-a3de-424c-925c-21dd1660e305: cophenetic index 431; 0.5 s; peak memory 1405 MiB.
2026-10-04T10:46:47Z INFO [1606/1919] 3e2cc46b-c428-4c66-93ad-efc3ed4f9953: cophenetic index 3215; 0.5 s; peak memory 1405 MiB.
2026-10-04T10:46:48Z INFO [1607/1919] 3e2d0028-07ba-4c77-9236-585e1affb17e: cophenetic index 2573; 1.3 s; peak memory 1405 MiB.
2026-10-04T10:46:49Z INFO [1608/1919] 3e2d2d88-b381-43a8-9d95-e5448df4b160: cophenetic index 2502; 0.7 s; peak memory 1405 MiB.
2026-10-04T10:46:50Z INFO [1609/1919] 3e2d47b0-0994-4c40-bd5d-bafebc5292c5: cophenetic index 624; 0.6 s; peak memory 1405 MiB.
2026-10-04T10:46:51Z INFO [1610/1919] 3e2d7b85-6f2d-42a7-bc93-a5f4aca6f1fe: cophenetic index 3485; 1.4 s; peak memory 1405 MiB.
2026-10-04T10:46:52Z INFO [1611/1919] 3e2e503d-437c-4cae-8476-f42959656e42: cophenetic index 624; 0.5 s; peak memory 1405 MiB.
2026-10-04T10:46:52Z INFO [1612/1919] 3e2e5a33-b879-4b78-8cdd-b6fd22f51e0c: cophenetic index 433; 0.4 s; peak memory 1405 MiB.
2026-10-04T10:46:53Z INFO [1613/1919] 3e2f9590-4b32-4bfa-9824-bf700e566b09: cophenetic index 624; 0.7 s; peak memory 1405 MiB.
2026-10-04T10:46:53Z INFO [1614/1919] 3e318e2a-18dd-477a-97ba-af096253af13: cophenetic index 624; 0.6 s; peak memory 1405 MiB.
2026-10-04T10:46:54Z INFO [1615/1919] 3e31a9bc-db33-4a45-8917-624c5b2c6853: cophenetic index 624; 0.5 s; peak memory 1405 MiB.
2026-10-04T10:46:54Z INFO [1616/1919] 3e31c409-ce96-4416-8cc9-b4f349adb983: cophenetic index 579; 0.4 s; peak memory 1405 MiB.
2026-10-04T10:46:55Z INFO [1617/1919] 3e325316-9273-4ecd-a6ed-95cfa7f1e4d7: cophenetic index 624; 0.6 s; peak memory 1405 MiB.
2026-10-04T10:46:55Z INFO [1618/1919] 3e33c425-c24e-49b5-b66f-7d3a2dc50857: cophenetic index 649; 0.7 s; peak memory 1405 MiB.
2026-10-04T10:46:57Z INFO [1619/1919] 3e33d2b9-6bfb-4057-a023-fcfa3e7e84fe: cophenetic index 99150; 1.3 s; peak memory 1405 MiB.
2026-10-04T10:46:58Z INFO [1620/1919] 3e342c59-8bd8-4597-9dbf-15e3a82c8f38: cophenetic index 1751; 1.1 s; peak memory 1405 MiB.
2026-10-04T10:46:58Z INFO [1621/1919] 3e34c14f-65d2-432c-8136-3b2812e88fa0: cophenetic index 651; 0.4 s; peak memory 1405 MiB.
2026-10-04T10:47:05Z INFO [1622/1919] 3e34d0da-efca-4236-88de-025540f69800: cophenetic index 412876; 7.3 s; peak memory 1405 MiB.
2026-10-04T10:47:06Z INFO [1623/1919] 3e351378-f122-4d83-a43a-acc3a1195d42: cophenetic index 2570; 0.8 s; peak memory 1405 MiB.
2026-10-04T10:47:07Z INFO [1624/1919] 3e35b3e6-3dc3-4ffc-8ce1-d4303c591540: cophenetic index 2625; 1.0 s; peak memory 1405 MiB.
2026-10-04T10:47:08Z INFO [1625/1919] 3e35e40c-1a91-43de-bf0d-cedfed382519: cophenetic index 2625; 1.1 s; peak memory 1405 MiB.
2026-10-04T10:47:09Z INFO [1626/1919] 3e3628c3-cea1-417b-a483-f34a89cbf7bf: cophenetic index 624; 0.5 s; peak memory 1405 MiB.
2026-10-04T10:47:13Z INFO [1627/1919] 3e363ea9-75c2-4064-962d-7a5b5661d3d1: cophenetic index 50520; 4.5 s; peak memory 1405 MiB.
2026-10-04T10:47:14Z INFO [1628/1919] 3e383ca1-4971-4977-aae9-4a14fddfb874: cophenetic index 33998; 0.9 s; peak memory 1405 MiB.
2026-10-04T10:47:16Z INFO [1629/1919] 3e385d6b-449e-439b-8a15-9a54ee2664b4: cophenetic index 4015; 1.7 s; peak memory 1405 MiB.
2026-10-04T10:47:17Z INFO [1630/1919] 3e38bd66-e540-44ce-b39e-52cd09d754a1: cophenetic index 649; 0.6 s; peak memory 1405 MiB.
2026-10-04T10:47:17Z INFO [1631/1919] 3e39cafb-f849-442e-a2af-6ca333bd01fd: cophenetic index 624; 0.6 s; peak memory 1405 MiB.
2026-10-04T10:47:19Z INFO [1632/1919] 3e3a56af-89cc-4941-94b5-ae35d3b78500: cophenetic index 2402; 1.6 s; peak memory 1405 MiB.
2026-10-04T10:47:24Z INFO [1633/1919] 3e3ae82b-5804-42fb-8135-61544f6afa3a: cophenetic index 18691; 5.0 s; peak memory 1405 MiB.
2026-10-04T10:47:25Z INFO [1634/1919] 3e3be963-3fae-4c9c-bc72-0c2e9770b096: cophenetic index 937; 0.9 s; peak memory 1405 MiB.
2026-10-04T10:47:26Z INFO [1635/1919] 3e3c79d5-7693-40f8-92c8-1b204db66f37: cophenetic index 2682; 1.3 s; peak memory 1405 MiB.
2026-10-04T10:47:27Z INFO [1636/1919] 3e3cd070-7e4a-442f-b158-c1b7b27b397d: cophenetic index 37616; 1.1 s; peak memory 1405 MiB.
2026-10-04T10:47:33Z INFO [1637/1919] 3e3cee61-45bf-407f-a58b-3433bd9ac0ca: cophenetic index 23005; 6.4 s; peak memory 1405 MiB.
2026-10-04T10:47:34Z INFO [1638/1919] 3e3e6aec-b18a-4f3a-81e9-0aa3afcd6112: cophenetic index 2625; 0.9 s; peak memory 1405 MiB.
2026-10-04T10:47:38Z INFO [1639/1919] 3e3eef8a-f7c2-4b36-a69e-c939bc59e692: cophenetic index 9548; 3.4 s; peak memory 1405 MiB.
2026-10-04T10:47:38Z INFO [1640/1919] 3e3ef22c-f106-4888-ab41-24416cbe37bd: cophenetic index 624; 0.6 s; peak memory 1405 MiB.
2026-10-04T10:47:42Z INFO [1641/1919] 3e3f6148-eb9b-499d-ae8e-b6c1af4e99e8: cophenetic index 5053; 3.2 s; peak memory 1405 MiB.
2026-10-04T10:47:42Z INFO [1642/1919] 3e4073ee-e73f-48c0-8612-fb58f89849fe: cophenetic index 3004; 0.7 s; peak memory 1405 MiB.
2026-10-04T10:47:45Z INFO [1643/1919] 3e40c0dd-aba6-4442-bd40-145b8cf761af: cophenetic index 2303; 2.9 s; peak memory 1405 MiB.
2026-10-04T10:47:51Z INFO [1644/1919] 3e40e0fa-c256-4295-9097-bea8c4837616: cophenetic index 22925441; 6.0 s; peak memory 1405 MiB.
2026-10-04T10:47:56Z INFO [1645/1919] 3e4162fe-b1d4-4683-92e1-d9c98be6048b: cophenetic index 158750; 4.7 s; peak memory 1405 MiB.
2026-10-04T10:47:56Z INFO [1646/1919] 3e4212b1-5617-4b26-8338-378d57c0f118: cophenetic index 624; 0.6 s; peak memory 1405 MiB.
2026-10-04T10:47:57Z INFO [1647/1919] 3e4236b1-e818-49df-844e-031c5b2ba52a: cophenetic index 33968; 0.8 s; peak memory 1405 MiB.
2026-10-04T10:47:58Z INFO [1648/1919] 3e425f89-fcd7-4ced-a633-b5585a203d6b: cophenetic index 624; 0.5 s; peak memory 1405 MiB.
2026-10-04T10:47:58Z INFO [1649/1919] 3e4289f8-9228-4c22-9af0-d231964dfe73: cophenetic index 554; 0.7 s; peak memory 1405 MiB.
2026-10-04T10:47:59Z INFO [1650/1919] 3e42a033-67db-4c75-8068-5dac6aaaee35: cophenetic index 33998; 1.0 s; peak memory 1405 MiB.
2026-10-04T10:48:00Z INFO [1650/1919] 3e42a033-67db-4c75-8068-5dac6aaaee35: checkpointed 76975 records.
2026-10-04T10:48:00Z INFO [1651/1919] 3e42c60e-b40b-4d05-8a97-c38f812f174c: cophenetic index 33962; 0.8 s; peak memory 1405 MiB.
2026-10-04T10:48:01Z INFO [1652/1919] 3e43fd7e-af8e-4b85-bf23-00a57aa72853: cophenetic index 2625; 0.8 s; peak memory 1405 MiB.
2026-10-04T10:48:02Z INFO [1653/1919] 3e44f6bf-7b0b-4a41-ad1e-8b9794df2e38: cophenetic index 3004; 0.7 s; peak memory 1405 MiB.
2026-10-04T10:48:03Z INFO [1654/1919] 3e450b1a-6ad5-41ad-8eb5-8ddc25829b4d: cophenetic index 626; 0.9 s; peak memory 1405 MiB.
2026-10-04T10:48:07Z INFO [1655/1919] 3e45bd10-4f76-4120-a9b0-4ae6f929fc74: cophenetic index 113112; 4.4 s; peak memory 1405 MiB.
2026-10-04T10:48:08Z INFO [1656/1919] 3e45e169-54c7-4895-9f4d-430ccf4d425d: cophenetic index 490; 0.4 s; peak memory 1405 MiB.
2026-10-04T10:48:12Z INFO [1657/1919] 3e46f4ee-3ce6-412d-b8c0-83f186463e86: cophenetic index 159465; 4.5 s; peak memory 1405 MiB.
2026-10-04T10:48:13Z INFO [1658/1919] 3e486584-09e3-45ab-95ba-d733b0f4a29e: cophenetic index 2053; 0.9 s; peak memory 1405 MiB.
2026-10-04T10:48:19Z INFO [1659/1919] 3e48ada3-882b-4457-84ae-bb04adab9927: cophenetic index 645574; 6.3 s; peak memory 1405 MiB.
2026-10-04T10:48:20Z INFO [1660/1919] 3e48e2f8-005f-4475-814c-f849ee9a2f53: cophenetic index 624; 0.6 s; peak memory 1405 MiB.
2026-10-04T10:48:20Z INFO [1661/1919] 3e49783f-2438-476a-a44e-ecaa653f04c9: cophenetic index 624; 0.5 s; peak memory 1405 MiB.
2026-10-04T10:48:23Z INFO [1662/1919] 3e4a6fde-943f-4b08-af44-4ebdbc0ee8c3: cophenetic index 48893; 3.0 s; peak memory 1405 MiB.
2026-10-04T10:48:24Z INFO [1663/1919] 3e4a74cd-323a-438e-9407-bd1f21827fb8: cophenetic index 3004; 0.7 s; peak memory 1405 MiB.
2026-10-04T10:48:26Z INFO [1664/1919] 3e4a7ec1-980f-4cf7-a3e9-d8aa6f821b04: cophenetic index 2402; 1.5 s; peak memory 1405 MiB.
2026-10-04T10:48:26Z INFO [1665/1919] 3e4a8552-0954-4521-bd36-af012f494a62: cophenetic index 3004; 0.7 s; peak memory 1405 MiB.
2026-10-04T10:48:27Z INFO [1666/1919] 3e4ae3ba-2902-40e0-9351-a454ab590058: cophenetic index 937; 0.9 s; peak memory 1405 MiB.
2026-10-04T10:48:28Z INFO [1667/1919] 3e4af666-fe63-4925-a0e5-3596e994fd5f: cophenetic index 3087; 0.7 s; peak memory 1405 MiB.
2026-10-04T10:48:28Z INFO [1668/1919] 3e4b37f8-4d0c-48ff-8a86-63ab744c64a5: cophenetic index 497; 0.6 s; peak memory 1405 MiB.
2026-10-04T10:48:29Z INFO [1669/1919] 3e4b392e-d33b-4d4f-beb6-e4989261d027: cophenetic index 3004; 0.8 s; peak memory 1405 MiB.
2026-10-04T10:48:30Z INFO [1670/1919] 3e4c0299-0aa3-4b0a-ae98-9676a46b754f: cophenetic index 2974; 0.8 s; peak memory 1405 MiB.
2026-10-04T10:48:31Z INFO [1671/1919] 3e4c7be5-c568-430c-ac4c-34a264d63371: cophenetic index 3004; 0.7 s; peak memory 1405 MiB.
2026-10-04T10:48:32Z INFO [1672/1919] 3e4e8af3-0684-4441-9683-8ef331929883: cophenetic index 5419; 1.8 s; peak memory 1405 MiB.
2026-10-04T10:48:33Z INFO [1673/1919] 3e4ea3a9-a484-419c-b8dd-bfef75e9eb90: cophenetic index 2625; 0.9 s; peak memory 1405 MiB.
2026-10-04T10:48:34Z INFO [1674/1919] 3e50e1f0-d4a4-4279-adc5-6c6c0218fd68: cophenetic index 3087; 0.6 s; peak memory 1405 MiB.
2026-10-04T10:48:34Z INFO [1675/1919] 3e531763-d389-4881-a2b0-9014b637650c: cophenetic index 490; 0.4 s; peak memory 1405 MiB.
2026-10-04T10:48:39Z INFO [1676/1919] 3e5332ed-a345-463b-84b5-82cb6ad05efd: cophenetic index 13019; 4.5 s; peak memory 1405 MiB.
2026-10-04T10:48:40Z INFO [1677/1919] 3e546afd-9ffe-4140-acee-7e39131173b7: cophenetic index 3580; 1.6 s; peak memory 1405 MiB.
2026-10-04T10:48:41Z INFO [1678/1919] 3e54cc1a-aaca-46d8-af23-bdcbe8134b56: cophenetic index 605; 0.7 s; peak memory 1405 MiB.
2026-10-04T10:48:42Z INFO [1679/1919] 3e54d85e-c7dc-4578-a2a5-dade7a83e18d: cophenetic index 949; 0.8 s; peak memory 1405 MiB.
2026-10-04T10:48:43Z INFO [1680/1919] 3e553503-02c7-4cf1-99b8-cf0a1420efbe: cophenetic index 2625; 0.9 s; peak memory 1405 MiB.
2026-10-04T10:48:43Z INFO [1681/1919] 3e562bce-7f57-42db-9124-744bd7f48f46: cophenetic index 3004; 0.6 s; peak memory 1405 MiB.
2026-10-04T10:48:44Z INFO [1682/1919] 3e56ac57-faad-47eb-90f8-5e743d80d27f: cophenetic index 2625; 1.0 s; peak memory 1405 MiB.
2026-10-04T10:48:48Z INFO [1683/1919] 3e56b8db-94df-4f6c-a8af-70f2695c5a87: cophenetic index 106607; 3.6 s; peak memory 1405 MiB.
2026-10-04T10:48:49Z INFO [1684/1919] 3e56db62-6ffc-499d-8791-36bce218b608: cophenetic index 3004; 0.7 s; peak memory 1405 MiB.
2026-10-04T10:48:49Z INFO [1685/1919] 3e56e1e0-6b6e-499d-92c4-0a8725e0bf84: cophenetic index 3087; 0.7 s; peak memory 1405 MiB.
2026-10-04T10:48:51Z INFO [1686/1919] 3e57aee0-b66a-408b-aa8d-88fe230c7653: cophenetic index 815; 1.1 s; peak memory 1405 MiB.
2026-10-04T10:48:51Z INFO [1687/1919] 3e57b94b-6b12-4c5b-b794-428d86ef6f7f: cophenetic index 624; 0.5 s; peak memory 1405 MiB.
2026-10-04T10:48:51Z INFO [1688/1919] 3e581597-319d-4935-b197-043694916165: cophenetic index 627; 0.5 s; peak memory 1405 MiB.
2026-10-04T10:48:52Z INFO [1689/1919] 3e58552c-2335-4d3e-95f2-f452a26cffa4: cophenetic index 627; 0.4 s; peak memory 1405 MiB.
2026-10-04T10:48:53Z INFO [1690/1919] 3e58586a-73c9-4cd4-b146-6da737ec7aba: cophenetic index 1781; 0.7 s; peak memory 1405 MiB.
2026-10-04T10:48:53Z INFO [1691/1919] 3e5952c3-71a9-4762-8e4a-9771b6b0b20a: cophenetic index 490; 0.4 s; peak memory 1405 MiB.
2026-10-04T10:48:54Z INFO [1692/1919] 3e599e65-f329-4032-b8fa-cb0b13977391: cophenetic index 2625; 0.8 s; peak memory 1405 MiB.
2026-10-04T10:49:15Z INFO [1693/1919] 3e5ae6d1-fb05-4f5f-ae8a-d784df99d7b4: cophenetic index 755877; 21.6 s; peak memory 1405 MiB.
2026-10-04T10:49:16Z INFO [1694/1919] 3e5b12e3-066b-4ce2-a4a0-b22be7828152: cophenetic index 649; 0.6 s; peak memory 1405 MiB.
2026-10-04T10:49:17Z INFO [1695/1919] 3e5b7b21-a983-43fc-a8e6-0a41c6e09b76: cophenetic index 33968; 0.9 s; peak memory 1405 MiB.
2026-10-04T10:49:19Z INFO [1696/1919] 3e5b84bf-c83c-4417-8cc2-6364ba99ccf0: cophenetic index 5473; 1.8 s; peak memory 1405 MiB.
2026-10-04T10:49:19Z INFO [1697/1919] 3e5bc6e1-511d-4452-b577-4c588d6a8c56: cophenetic index 3004; 0.7 s; peak memory 1405 MiB.
2026-10-04T10:49:21Z INFO [1698/1919] 3e5d3311-a282-4a29-9f01-09659e1ee47e: cophenetic index 809; 1.2 s; peak memory 1405 MiB.
2026-10-04T10:49:22Z INFO [1699/1919] 3e5d4f33-32c5-4249-a04e-3e8b54976cea: cophenetic index 33998; 1.0 s; peak memory 1405 MiB.
2026-10-04T10:49:22Z INFO [1700/1919] 3e5d9392-f7c9-463c-a0ab-69fae9eac70c: cophenetic index 433; 0.4 s; peak memory 1405 MiB.
2026-10-04T10:49:22Z INFO [1700/1919] 3e5d9392-f7c9-463c-a0ab-69fae9eac70c: checkpointed 77025 records.
2026-10-04T10:49:23Z INFO [1701/1919] 3e5def33-5dea-419c-bb72-b85df3ce7e08: cophenetic index 624; 0.6 s; peak memory 1405 MiB.
2026-10-04T10:49:26Z INFO [1702/1919] 3e5f81dd-ac82-42d6-9bd4-a1212c8c2454: cophenetic index 87573; 2.9 s; peak memory 1405 MiB.
2026-10-04T10:49:26Z INFO [1703/1919] 3e60273f-7466-4c35-bec4-48250372fbc2: cophenetic index 3004; 0.6 s; peak memory 1405 MiB.
2026-10-04T10:49:32Z INFO [1704/1919] 3e60a02c-c0c1-48ce-81f4-34bd82285d16: cophenetic index 326296; 5.4 s; peak memory 1405 MiB.
2026-10-04T10:49:32Z INFO [1705/1919] 3e626907-afd3-4a7e-ba15-6ba5ba023ab1: cophenetic index 2625; 0.8 s; peak memory 1405 MiB.
2026-10-04T10:49:33Z INFO [1706/1919] 3e64b2b2-a70e-499b-80f8-03411c048dc4: cophenetic index 2625; 0.9 s; peak memory 1405 MiB.
2026-10-04T10:49:34Z INFO [1707/1919] 3e64bfd9-9c01-4edd-8c24-8fa00347f5ae: cophenetic index 33968; 0.7 s; peak memory 1405 MiB.
2026-10-04T10:49:35Z INFO [1708/1919] 3e65f7ee-0fa1-4c50-b003-344900c747da: cophenetic index 754; 0.6 s; peak memory 1405 MiB.
2026-10-04T10:49:35Z INFO [1709/1919] 3e665088-881c-4862-a911-db0c0ae79e5d: cophenetic index 1228; 0.5 s; peak memory 1405 MiB.
2026-10-04T10:49:44Z INFO [1710/1919] 3e66dba7-0ead-46cd-ab17-63b413b91814: cophenetic index 385267; 9.2 s; peak memory 1405 MiB.
2026-10-04T10:49:45Z INFO [1711/1919] 3e66fbc8-8287-4da7-a180-7d85eb10ef99: cophenetic index 3087; 0.6 s; peak memory 1405 MiB.
2026-10-04T10:49:46Z INFO [1712/1919] 3e677c19-e683-495e-81c5-525efbca5a1f: cophenetic index 2625; 0.7 s; peak memory 1405 MiB.
2026-10-04T10:49:47Z INFO [1713/1919] 3e679893-f6f2-4493-8b9e-8f1a130c0dec: cophenetic index 949; 1.1 s; peak memory 1405 MiB.
2026-10-04T10:49:48Z INFO [1714/1919] 3e681382-28cd-4a55-951e-6a01973a2fb5: cophenetic index 33998; 1.6 s; peak memory 1405 MiB.
2026-10-04T10:49:49Z INFO [1715/1919] 3e68254f-2054-49ab-9646-9068274f64b6: cophenetic index 33986; 0.8 s; peak memory 1405 MiB.
2026-10-04T10:49:50Z INFO [1716/1919] 3e6b3b86-f261-4820-99d0-9dac5458a35e: cophenetic index 766; 0.8 s; peak memory 1405 MiB.
2026-10-04T10:49:51Z INFO [1717/1919] 3e6c2764-fa82-46fb-98a6-7486fe4418d5: cophenetic index 641; 0.4 s; peak memory 1405 MiB.
2026-10-04T10:49:52Z INFO [1718/1919] 3e6c8863-381e-4cfb-913c-c9d090a836bb: cophenetic index 102768; 1.3 s; peak memory 1405 MiB.
2026-10-04T10:49:53Z INFO [1719/1919] 3e6cf5b5-c5af-48da-bc2e-9ec1e2131513: cophenetic index 949; 0.9 s; peak memory 1405 MiB.
2026-10-04T10:49:53Z INFO [1720/1919] 3e6d65de-aed2-4aef-90ac-4ee0cf5ab6d8: cophenetic index 1949; 0.7 s; peak memory 1405 MiB.
2026-10-04T10:49:54Z INFO [1721/1919] 3e6dc48b-ca25-43d3-9134-9ca7907aab72: cophenetic index 33986; 0.7 s; peak memory 1405 MiB.
2026-10-04T10:49:55Z INFO [1722/1919] 3e6dc611-87ee-4f1b-8f12-26527ab4ec6a: cophenetic index 560; 0.5 s; peak memory 1405 MiB.
2026-10-04T10:49:55Z INFO [1723/1919] 3e6dda88-5e51-4bf2-90bd-d88b19566b2b: cophenetic index 749; 0.4 s; peak memory 1405 MiB.
2026-10-04T10:49:56Z INFO [1724/1919] 3e6e504c-f270-4538-8707-54d3e3c0bfca: cophenetic index 2625; 0.7 s; peak memory 1405 MiB.
2026-10-04T10:49:59Z INFO [1725/1919] 3e6ebf47-2f52-46d8-9a30-60d1127492ae: cophenetic index 20638; 3.5 s; peak memory 1405 MiB.
2026-10-04T10:50:00Z INFO [1726/1919] 3e6ed4cb-74ac-48ce-815a-727d3d1cf6aa: cophenetic index 624; 0.7 s; peak memory 1405 MiB.
2026-10-04T10:50:01Z INFO [1727/1919] 3e6ef2f0-fbc9-4c51-a678-43199e95a881: cophenetic index 581; 0.7 s; peak memory 1405 MiB.
2026-10-04T10:50:01Z INFO [1728/1919] 3e71055a-af67-4af3-ad61-f75243b6a88f: cophenetic index 1739; 0.7 s; peak memory 1405 MiB.
2026-10-04T10:50:02Z INFO [1729/1919] 3e714a6f-d897-4127-876f-4402f61ad476: cophenetic index 2625; 0.9 s; peak memory 1405 MiB.
2026-10-04T10:50:03Z INFO [1730/1919] 3e71949b-cb97-44b6-8de1-5a97713f7db3: cophenetic index 649; 0.7 s; peak memory 1405 MiB.
2026-10-04T10:50:36Z INFO [1731/1919] 3e7459a2-5db0-43d1-a5a9-4bb4a2d3caed: cophenetic index 275232; 33.4 s; peak memory 1405 MiB.
2026-10-04T10:50:37Z INFO [1732/1919] 3e74d9b0-6b7d-4041-adf0-60b02be9bbb2: cophenetic index 2625; 0.9 s; peak memory 1405 MiB.
2026-10-04T10:50:38Z INFO [1733/1919] 3e74f093-9e5a-4941-8aa2-265586e3c1eb: cophenetic index 33968; 0.7 s; peak memory 1405 MiB.
2026-10-04T10:50:39Z INFO [1734/1919] 3e76e851-e90b-401d-8c27-bc9aa3956de9: cophenetic index 2625; 0.9 s; peak memory 1405 MiB.
2026-10-04T10:50:40Z INFO [1735/1919] 3e77759c-9516-490d-ad6b-76f552ee1fd7: cophenetic index 33968; 0.9 s; peak memory 1405 MiB.
2026-10-04T10:50:40Z INFO [1736/1919] 3e777c54-6da0-4dda-9c62-bce6adb5bc9d: cophenetic index 624; 0.8 s; peak memory 1405 MiB.
2026-10-04T10:50:41Z INFO [1737/1919] 3e77f9af-ee6e-477e-97ef-03e83a259d4f: cophenetic index 2625; 0.7 s; peak memory 1405 MiB.
2026-10-04T10:50:42Z INFO [1738/1919] 3e784913-568c-445a-a2d6-cfb591d63703: cophenetic index 374; 0.4 s; peak memory 1405 MiB.
2026-10-04T10:50:42Z INFO [1739/1919] 3e789c9d-ac5a-4bed-8d46-db7732b6042a: cophenetic index 624; 0.5 s; peak memory 1405 MiB.
2026-10-04T10:50:47Z INFO [1740/1919] 3e78b10f-710e-4420-acee-8e4bcff63e4f: cophenetic index 47115; 5.2 s; peak memory 1405 MiB.
2026-10-04T10:50:51Z INFO [1741/1919] 3e78d0af-6bb9-4dbd-8698-bc254adf819f: cophenetic index 5466; 3.8 s; peak memory 1405 MiB.
2026-10-04T10:50:52Z INFO [1742/1919] 3e7a17d2-0859-4f85-81c9-7e51ede8bdf4: cophenetic index 624; 0.6 s; peak memory 1405 MiB.
2026-10-04T10:50:53Z INFO [1743/1919] 3e7a2156-baa0-4e28-ad57-dbf3e442ea2a: cophenetic index 3004; 0.8 s; peak memory 1405 MiB.
2026-10-04T10:50:53Z INFO [1744/1919] 3e7a826f-7fc4-4c79-8fbb-d753bf51fde3: cophenetic index 624; 0.6 s; peak memory 1405 MiB.
2026-10-04T10:51:01Z INFO [1745/1919] 3e7af3cf-c7f1-4bd5-867c-e4f5145d178d: cophenetic index 540666; 7.8 s; peak memory 1405 MiB.
2026-10-04T10:51:02Z INFO [1746/1919] 3e7b7e96-8817-4210-a679-d65292a07934: cophenetic index 766; 0.9 s; peak memory 1405 MiB.
2026-10-04T10:51:03Z INFO [1747/1919] 3e7bdc90-4f80-4fa1-a4e5-7f2a5814b159: cophenetic index 3004; 0.8 s; peak memory 1405 MiB.
2026-10-04T10:51:03Z INFO [1748/1919] 3e7c9f4f-f7c2-44ba-9139-a714da8467cf: cophenetic index 447; 0.6 s; peak memory 1405 MiB.
2026-10-04T10:51:05Z INFO [1749/1919] 3e7e0af9-4c66-42ed-9979-4ff9ee3b889c: cophenetic index 33998; 1.3 s; peak memory 1405 MiB.
2026-10-04T10:51:06Z INFO [1750/1919] 3e7e84e4-81d8-4515-8675-c181879cd9f0: cophenetic index 2469; 1.5 s; peak memory 1405 MiB.
2026-10-04T10:51:06Z INFO [1750/1919] 3e7e84e4-81d8-4515-8675-c181879cd9f0: checkpointed 77075 records.
2026-10-04T10:51:07Z INFO [1751/1919] 3e7e9a74-7244-45db-bda8-779cce76ace7: cophenetic index 766; 0.7 s; peak memory 1405 MiB.
2026-10-04T10:51:10Z INFO [1752/1919] 3e7ee7e8-271a-4516-a248-89747367e7f5: cophenetic index 32642; 3.1 s; peak memory 1405 MiB.
2026-10-04T10:51:11Z INFO [1753/1919] 3e7f3367-a4df-4484-a4b2-869608019c76: cophenetic index 3004; 0.7 s; peak memory 1405 MiB.
2026-10-04T10:51:11Z INFO [1754/1919] 3e7f3572-5dba-4596-99e3-cccd62e2edac: cophenetic index 494; 0.6 s; peak memory 1405 MiB.
2026-10-04T10:51:12Z INFO [1755/1919] 3e7fa25e-edb0-4718-944c-0168bbe849ab: cophenetic index 624; 0.7 s; peak memory 1405 MiB.
2026-10-04T10:51:13Z INFO [1756/1919] 3e7fb9a5-d388-48b8-8245-c441a09ac7a7: cophenetic index 3004; 0.7 s; peak memory 1405 MiB.
2026-10-04T10:51:13Z INFO [1757/1919] 3e7fea47-53b3-4618-bbf2-8b124a1cb4a4: cophenetic index 3004; 0.8 s; peak memory 1405 MiB.
2026-10-04T10:51:14Z INFO [1758/1919] 3e80d74f-d151-478c-99f6-ee4fa8fa50ee: cophenetic index 2625; 0.7 s; peak memory 1405 MiB.
2026-10-04T10:51:15Z INFO [1759/1919] 3e8263bb-f24c-42a9-b49b-9c2e55d5712c: cophenetic index 3004; 0.7 s; peak memory 1405 MiB.
2026-10-04T10:51:15Z INFO [1760/1919] 3e82ce5c-2f42-49bd-b1b2-7940699405e9: cophenetic index 2724; 0.7 s; peak memory 1405 MiB.
2026-10-04T10:51:16Z INFO [1761/1919] 3e836f43-36b5-4525-9e5e-4c6287e5e098: cophenetic index 624; 0.5 s; peak memory 1405 MiB.
2026-10-04T10:51:17Z INFO [1762/1919] 3e8384e6-0898-454d-8bb1-651be9eff993: cophenetic index 624; 0.6 s; peak memory 1405 MiB.
2026-10-04T10:51:18Z INFO [1763/1919] 3e83e6e5-67a0-4411-9879-09927ecb4253: cophenetic index 2056; 1.1 s; peak memory 1405 MiB.
2026-10-04T10:51:18Z INFO [1764/1919] 3e845922-e08d-4753-8e40-be2a74dd994f: cophenetic index 624; 0.5 s; peak memory 1405 MiB.
2026-10-04T10:51:19Z INFO [1765/1919] 3e84a7de-06c2-406a-976e-ee3b29aa69a0: cophenetic index 490; 0.4 s; peak memory 1405 MiB.
2026-10-04T10:51:19Z INFO [1766/1919] 3e851d09-2582-4029-9618-bc4138984f23: cophenetic index 3004; 0.7 s; peak memory 1405 MiB.
2026-10-04T10:51:20Z INFO [1767/1919] 3e856b53-19b1-4da0-9d8b-d29525b21316: cophenetic index 3087; 0.7 s; peak memory 1405 MiB.
2026-10-04T10:51:20Z INFO [1768/1919] 3e85b6f6-8208-45cb-bbb8-0f8d32b19971: cophenetic index 624; 0.6 s; peak memory 1405 MiB.
2026-10-04T10:51:21Z INFO [1769/1919] 3e877550-cd55-4197-8632-8b2b7bb887a5: cophenetic index 33998; 0.9 s; peak memory 1405 MiB.
2026-10-04T10:51:22Z INFO [1770/1919] 3e87e0d4-027f-4e8f-86cc-fb36e7cb3692: cophenetic index 3004; 0.6 s; peak memory 1405 MiB.
2026-10-04T10:51:25Z INFO [1771/1919] 3e889112-3ce2-4483-b59e-0ea16bfa77ff: cophenetic index 9548; 3.2 s; peak memory 1405 MiB.
2026-10-04T10:51:26Z INFO [1772/1919] 3e88accb-991b-44d6-aead-f699ea31be28: cophenetic index 766; 0.9 s; peak memory 1405 MiB.
2026-10-04T10:51:26Z INFO [1773/1919] 3e88d607-95cd-43a4-be7d-a72ce836ab0c: cophenetic index 741; 0.4 s; peak memory 1405 MiB.
2026-10-04T10:51:27Z INFO [1774/1919] 3e8a1308-c509-4a27-9fb3-dc142c648ba5: cophenetic index 651; 0.4 s; peak memory 1405 MiB.
2026-10-04T10:51:28Z INFO [1775/1919] 3e8a1e17-ba7a-4ac4-bd14-4212a23fb9a0: cophenetic index 624; 0.6 s; peak memory 1405 MiB.
2026-10-04T10:51:28Z INFO [1776/1919] 3e8aaf21-5412-4d50-85f3-bf773bb1ddee: cophenetic index 2625; 0.8 s; peak memory 1405 MiB.
2026-10-04T10:51:29Z INFO [1777/1919] 3e8b0df6-ffe4-4a91-9ffa-16a502d95001: cophenetic index 30304; 0.8 s; peak memory 1405 MiB.
2026-10-04T10:51:30Z INFO [1778/1919] 3e8b13e9-80ab-4d99-ac14-e6aae1c2adf0: cophenetic index 649; 0.6 s; peak memory 1405 MiB.
2026-10-04T10:51:30Z INFO [1779/1919] 3e8b7e68-23b9-4a4f-bc92-c5a4095f409f: cophenetic index 624; 0.5 s; peak memory 1405 MiB.
2026-10-04T10:51:31Z INFO [1780/1919] 3e8c0042-3f6a-47ed-8f64-21ab34b81c93: cophenetic index 624; 0.5 s; peak memory 1405 MiB.
2026-10-04T10:51:31Z INFO [1781/1919] 3e8cd581-c8fe-4389-86b1-abf2f163369c: cophenetic index 761; 0.4 s; peak memory 1405 MiB.
2026-10-04T10:51:34Z INFO [1782/1919] 3e8cf3f7-81c0-4c66-b1ee-caf085e67996: cophenetic index 30639; 2.6 s; peak memory 1405 MiB.
2026-10-04T10:51:38Z INFO [1783/1919] 3e8d14a8-d092-4243-9b5d-427d52073949: cophenetic index 111445; 4.1 s; peak memory 1405 MiB.
2026-10-04T10:51:41Z INFO [1784/1919] 3e8d3d26-d8e2-4614-b618-eeaf8b992dad: cophenetic index 5466; 3.6 s; peak memory 1405 MiB.
2026-10-04T10:51:42Z INFO [1785/1919] 3e8d5cc4-08ba-42b9-b442-44be0607e722: cophenetic index 3057; 0.6 s; peak memory 1405 MiB.
2026-10-04T10:51:43Z INFO [1786/1919] 3e8e2d07-bac1-42bb-af2a-dd12d8bbe2d3: cophenetic index 605; 0.7 s; peak memory 1405 MiB.
2026-10-04T10:51:50Z INFO [1787/1919] 3e8eb418-7373-4896-95d5-814d7764d364: cophenetic index 979837; 7.3 s; peak memory 1405 MiB.
2026-10-04T10:51:51Z INFO [1788/1919] 3e8f197b-b684-4af0-9d69-88529b6ce95e: cophenetic index 99120; 1.1 s; peak memory 1405 MiB.
2026-10-04T10:51:52Z INFO [1789/1919] 3e8fc6fa-8829-411f-be5c-7c654487ed47: cophenetic index 1949; 0.7 s; peak memory 1405 MiB.
2026-10-04T10:51:53Z INFO [1790/1919] 3e9096e7-ac47-4d83-89e1-e5730ace9478: cophenetic index 3004; 0.7 s; peak memory 1405 MiB.
2026-10-04T10:51:53Z INFO [1791/1919] 3e909a5a-cf6d-4259-9fdb-34b2d18cedcf: cophenetic index 3004; 0.6 s; peak memory 1405 MiB.
2026-10-04T10:51:54Z INFO [1792/1919] 3e91c9c9-ead6-4e1b-adc2-e99537b59136: cophenetic index 624; 0.6 s; peak memory 1405 MiB.
2026-10-04T10:51:55Z INFO [1793/1919] 3e92b031-c118-4c45-a775-67d07d41dd26: cophenetic index 2570; 1.0 s; peak memory 1405 MiB.
2026-10-04T10:51:55Z INFO [1794/1919] 3e932ee3-f6ca-4345-827b-b71fa93c0fa1: cophenetic index 3004; 0.7 s; peak memory 1405 MiB.
2026-10-04T10:51:56Z INFO [1795/1919] 3e9348db-c55b-41a9-8d6b-88e03eacc776: cophenetic index 490; 0.4 s; peak memory 1405 MiB.
2026-10-04T10:51:57Z INFO [1796/1919] 3e93dcd7-4ef1-4a66-a55f-ca9dceadd04f: cophenetic index 3004; 0.8 s; peak memory 1405 MiB.
2026-10-04T10:51:58Z INFO [1797/1919] 3e93e16c-f0b9-4c9a-a0bc-b765c9ceed76: cophenetic index 2625; 1.0 s; peak memory 1405 MiB.
2026-10-04T10:51:58Z INFO [1798/1919] 3e93f409-1cd9-4b9e-9e27-f70c8faea131: cophenetic index 164; 0.3 s; peak memory 1405 MiB.
2026-10-04T10:51:58Z INFO [1799/1919] 3e95b595-353e-41a2-a81a-5733f3eff0a9: cophenetic index 624; 0.5 s; peak memory 1405 MiB.
2026-10-04T10:51:59Z INFO [1800/1919] 3e970526-e9a5-4318-bfcf-e33224c94dd0: cophenetic index 624; 0.7 s; peak memory 1405 MiB.
2026-10-04T10:51:59Z INFO [1800/1919] 3e970526-e9a5-4318-bfcf-e33224c94dd0: checkpointed 77125 records.
2026-10-04T10:52:03Z INFO [1801/1919] 3e974302-1868-4fc4-aecd-12f796718e7a: cophenetic index 87781; 3.9 s; peak memory 1405 MiB.
2026-10-04T10:52:04Z INFO [1802/1919] 3e97ed9c-64a7-4333-a564-e0e1b9351e4d: cophenetic index 33958; 0.9 s; peak memory 1405 MiB.
2026-10-04T10:52:05Z INFO [1803/1919] 3e97f2a6-8d84-46c5-bf11-49adbadc4fa9: cophenetic index 2920; 0.6 s; peak memory 1405 MiB.
2026-10-04T10:52:07Z INFO [1804/1919] 3e97f90d-6a59-4495-a495-3644513a40d4: cophenetic index 32072; 2.5 s; peak memory 1405 MiB.
2026-10-04T10:52:08Z INFO [1805/1919] 3e984ed4-4947-412f-9fa7-539487edd6b1: cophenetic index 624; 0.6 s; peak memory 1405 MiB.
2026-10-04T10:52:09Z INFO [1806/1919] 3e9904cf-50cc-4fca-b93b-04edda91d21a: cophenetic index 2625; 0.9 s; peak memory 1405 MiB.
2026-10-04T10:52:09Z INFO [1807/1919] 3e9940ef-5ea2-4360-a686-bb8471b2e878: cophenetic index 624; 0.7 s; peak memory 1405 MiB.
2026-10-04T10:52:10Z INFO [1808/1919] 3e9953c7-414a-4bda-9f5a-7e50e05e287a: cophenetic index 624; 0.6 s; peak memory 1405 MiB.
2026-10-04T10:52:12Z INFO [1809/1919] 3e9965b6-c8cb-46ad-8dcc-52209fb08aeb: cophenetic index 5473; 2.0 s; peak memory 1405 MiB.
2026-10-04T10:52:13Z INFO [1810/1919] 3e9a0e05-3003-440c-b787-6f91b3876b08: cophenetic index 3004; 0.7 s; peak memory 1405 MiB.
2026-10-04T10:52:13Z INFO [1811/1919] 3e9a62e6-1d8b-4c53-aa31-00e2001594a1: cophenetic index 751; 0.4 s; peak memory 1405 MiB.
2026-10-04T10:52:16Z INFO [1812/1919] 3e9af483-8aa8-4e0d-beb1-98ca05aa92fd: cophenetic index 87573; 3.1 s; peak memory 1405 MiB.
2026-10-04T10:52:21Z INFO [1813/1919] 3e9c0ade-d3a2-4579-be04-9c71c690fbee: cophenetic index 157903; 4.9 s; peak memory 1405 MiB.
2026-10-04T10:52:21Z INFO [1814/1919] 3e9cb2b9-2922-4eea-b3c5-34d267100c3f: cophenetic index 2119; 0.5 s; peak memory 1405 MiB.
2026-10-04T10:52:22Z INFO [1815/1919] 3e9d19f6-dcc6-41b8-8c40-6e1c83730bf9: cophenetic index 99120; 1.0 s; peak memory 1405 MiB.
2026-10-04T10:52:26Z INFO [1816/1919] 3e9db21b-6346-44df-b4b3-13504ca2c3a0: cophenetic index 87844; 3.4 s; peak memory 1405 MiB.
2026-10-04T10:52:26Z INFO [1817/1919] 3e9ebbf7-bf87-44e9-8ce4-893d8a2f3ca7: cophenetic index 413; 0.6 s; peak memory 1405 MiB.
2026-10-04T10:52:27Z INFO [1818/1919] 3e9ef173-e24d-45b3-ac72-38e9d8ffc17c: cophenetic index 1544; 0.6 s; peak memory 1405 MiB.
2026-10-04T10:52:28Z INFO [1819/1919] 3e9f6249-8fee-4c7d-8ade-c4f8f10cb589: cophenetic index 2625; 0.7 s; peak memory 1405 MiB.
2026-10-04T10:52:28Z INFO [1820/1919] 3e9ff216-2637-4f1b-8d48-0368e4bf0016: cophenetic index 649; 0.6 s; peak memory 1405 MiB.
2026-10-04T10:52:29Z INFO [1821/1919] 3ea01e31-a1f6-4999-bca6-1442909167da: cophenetic index 2625; 0.8 s; peak memory 1405 MiB.
2026-10-04T10:52:30Z INFO [1822/1919] 3ea0211e-0d20-4f0c-b9a6-84ae3391e7fb: cophenetic index 494; 0.5 s; peak memory 1405 MiB.
2026-10-04T10:52:31Z INFO [1823/1919] 3ea04ab4-f823-4f01-aa66-332243d98da9: cophenetic index 33986; 0.9 s; peak memory 1405 MiB.
2026-10-04T10:52:31Z INFO [1824/1919] 3ea05884-d287-4d80-aad0-d10aa2e6f39b: cophenetic index 624; 0.5 s; peak memory 1405 MiB.
2026-10-04T10:52:32Z INFO [1825/1919] 3ea061fa-bca8-4d05-9c70-1dc81980af8e: cophenetic index 2625; 0.8 s; peak memory 1405 MiB.
2026-10-04T10:52:34Z INFO [1826/1919] 3ea090ce-ae2e-4e67-8f14-d95a50129975: cophenetic index 2685; 2.0 s; peak memory 1405 MiB.
2026-10-04T10:52:34Z INFO [1827/1919] 3ea09afb-ff56-4662-844f-355b9c83be67: cophenetic index 624; 0.5 s; peak memory 1405 MiB.
2026-10-04T10:52:35Z INFO [1828/1919] 3ea0a270-b261-4542-a3c6-0c4ad9695734: cophenetic index 441; 0.6 s; peak memory 1405 MiB.
2026-10-04T10:52:37Z INFO [1829/1919] 3ea12af5-5b21-48f9-8920-228592cce6f1: cophenetic index 2791; 2.2 s; peak memory 1405 MiB.
2026-10-04T10:52:38Z INFO [1830/1919] 3ea1a348-e7c5-45fc-96fa-212221d83ec6: cophenetic index 605; 0.8 s; peak memory 1405 MiB.
2026-10-04T10:52:39Z INFO [1831/1919] 3ea299a4-5dfb-4586-8432-4e09b415c25c: cophenetic index 3004; 0.7 s; peak memory 1405 MiB.
2026-10-04T10:52:39Z INFO [1832/1919] 3ea3127c-58b6-4c11-bc78-796d1736da43: cophenetic index 649; 0.6 s; peak memory 1405 MiB.
2026-10-04T10:52:40Z INFO [1833/1919] 3ea514bc-7c78-487b-95bb-0a3818452a78: cophenetic index 729; 0.4 s; peak memory 1405 MiB.
2026-10-04T10:52:40Z INFO [1834/1919] 3ea54d58-a291-4420-83b3-b689469621c9: cophenetic index 590; 0.6 s; peak memory 1405 MiB.
2026-10-04T10:52:42Z INFO [1835/1919] 3ea5b9d7-402a-4f15-b9d9-27fa81d8350e: cophenetic index 2402; 1.5 s; peak memory 1405 MiB.
2026-10-04T10:52:43Z INFO [1836/1919] 3ea625bc-73f1-4d16-a3f4-b367dd187134: cophenetic index 26986; 0.9 s; peak memory 1405 MiB.
2026-10-04T10:52:43Z INFO [1837/1919] 3ea62cbd-4d28-4799-b86b-2329a0ece0aa: cophenetic index 581; 0.5 s; peak memory 1405 MiB.
2026-10-04T10:52:44Z INFO [1838/1919] 3ea62f47-278a-402c-91a4-830d2647d1df: cophenetic index 2625; 1.2 s; peak memory 1405 MiB.
2026-10-04T10:52:45Z INFO [1839/1919] 3ea63182-21a3-4417-9535-8de5600aeada: cophenetic index 33962; 0.8 s; peak memory 1405 MiB.
2026-10-04T10:52:51Z INFO [1840/1919] 3ea7bfd0-95e2-47a1-9efe-a7fed6c51d94: cophenetic index 309807; 5.8 s; peak memory 1405 MiB.
2026-10-04T10:52:52Z INFO [1841/1919] 3ea8030c-ffcb-46d3-ae19-089b9bd43b61: cophenetic index 3004; 0.7 s; peak memory 1405 MiB.
2026-10-04T10:52:53Z INFO [1842/1919] 3ea81edc-882e-4ad9-ae20-a2523be29df7: cophenetic index 777; 1.0 s; peak memory 1405 MiB.
2026-10-04T10:52:54Z INFO [1843/1919] 3ea882c9-61b4-4bd8-8d4e-66cf7ddeacc3: cophenetic index 99150; 1.2 s; peak memory 1405 MiB.
2026-10-04T10:52:55Z INFO [1844/1919] 3ea887a7-2246-44a0-a5d2-dc25e244639b: cophenetic index 325988; 1.4 s; peak memory 1405 MiB.
2026-10-04T10:52:56Z INFO [1845/1919] 3ea9673b-8cdc-4637-9a6b-18787db3cb3b: cophenetic index 624; 0.5 s; peak memory 1405 MiB.
2026-10-04T10:52:57Z INFO [1846/1919] 3ea99805-5485-43bb-9232-182392d0e7d7: cophenetic index 2625; 0.8 s; peak memory 1405 MiB.
2026-10-04T10:52:57Z INFO [1847/1919] 3ea9e5c0-7ee9-4863-ae90-53202f2ca6da: cophenetic index 624; 0.6 s; peak memory 1405 MiB.
2026-10-04T10:52:58Z INFO [1848/1919] 3eaa0549-3abb-4563-969e-75aa3fa9f863: cophenetic index 690; 0.5 s; peak memory 1405 MiB.
2026-10-04T10:52:59Z INFO [1849/1919] 3eaa15c9-b931-4b9c-ae52-ce72706af2f8: cophenetic index 2625; 0.9 s; peak memory 1405 MiB.
2026-10-04T10:53:00Z INFO [1850/1919] 3eaaf23e-75ad-45f9-9fbe-0a39be320e55: cophenetic index 3296; 1.3 s; peak memory 1405 MiB.
2026-10-04T10:53:00Z INFO [1850/1919] 3eaaf23e-75ad-45f9-9fbe-0a39be320e55: checkpointed 77175 records.
2026-10-04T10:53:01Z INFO [1851/1919] 3eac086a-21cf-461e-a131-6c2c5d24eb18: cophenetic index 649; 0.6 s; peak memory 1405 MiB.
2026-10-04T10:53:02Z INFO [1852/1919] 3eac14f8-ab44-47d4-8267-fe2c91fecc09: cophenetic index 3087; 0.7 s; peak memory 1405 MiB.
2026-10-04T10:53:02Z INFO [1853/1919] 3eac82eb-d887-40de-8da1-2c6dac40d8d8: cophenetic index 431; 0.5 s; peak memory 1405 MiB.
2026-10-04T10:53:03Z INFO [1854/1919] 3eaddd2d-43df-419a-954a-d52a558d4a0c: cophenetic index 2625; 0.9 s; peak memory 1405 MiB.
2026-10-04T10:53:04Z INFO [1855/1919] 3eae0975-cc16-4273-ac83-a2550b7824a9: cophenetic index 581; 0.6 s; peak memory 1405 MiB.
2026-10-04T10:53:05Z INFO [1856/1919] 3eaea0a0-edc0-4d06-9546-66741a7ca6e3: cophenetic index 2105; 1.0 s; peak memory 1405 MiB.
2026-10-04T10:53:11Z INFO [1857/1919] 3eaf2c0c-8f1d-4c0c-9a64-bd772b057830: cophenetic index 418770; 6.2 s; peak memory 1405 MiB.
2026-10-04T10:53:11Z INFO [1858/1919] 3eafeb02-5810-4681-ba80-5165037886a8: cophenetic index 385; 0.5 s; peak memory 1405 MiB.
2026-10-04T10:53:13Z INFO [1859/1919] 3eb075ce-75c7-4f32-94f4-6747ff07724f: cophenetic index 688; 1.2 s; peak memory 1405 MiB.
2026-10-04T10:53:14Z INFO [1860/1919] 3eb22ed8-b61f-42be-b69d-6b91c2e4a940: cophenetic index 2391; 1.6 s; peak memory 1405 MiB.
2026-10-04T10:55:05Z INFO [1861/1919] 3eb2879d-9c2f-4c86-a252-534554293ae2: cophenetic index 29465841; 111.1 s; peak memory 1405 MiB.
2026-10-04T10:55:06Z INFO [1862/1919] 3eb2c7cc-47f5-49a6-9f2b-19a2767bd8c8: cophenetic index 651; 0.7 s; peak memory 1405 MiB.
2026-10-04T10:55:07Z INFO [1863/1919] 3eb4d054-20fd-4f69-a51d-97e1cc0d9f1a: cophenetic index 23960; 0.7 s; peak memory 1405 MiB.
2026-10-04T10:55:08Z INFO [1864/1919] 3eb60195-9830-4996-a2ac-b0aba634bbbd: cophenetic index 41788; 1.3 s; peak memory 1405 MiB.
2026-10-04T10:55:08Z INFO [1865/1919] 3eb6293a-07f3-4db4-b0af-4ef0c61b1997: cophenetic index 719; 0.4 s; peak memory 1405 MiB.
2026-10-04T10:55:12Z INFO [1866/1919] 3eb6bb35-1f7a-4c1b-8653-3e3cf2d21910: cophenetic index 9548; 3.4 s; peak memory 1405 MiB.
2026-10-04T10:55:13Z INFO [1867/1919] 3eb7904a-3368-4180-8bba-9d5ef05ec593: cophenetic index 895; 1.3 s; peak memory 1405 MiB.
2026-10-04T10:55:16Z INFO [1868/1919] 3eb80f89-e82d-4b46-9431-ad8aa8f04503: cophenetic index 55663; 3.1 s; peak memory 1405 MiB.
2026-10-04T10:55:25Z INFO [1869/1919] 3eb8ca74-c07c-44fe-b34a-32bd75abd967: cophenetic index 480976; 9.1 s; peak memory 1405 MiB.
2026-10-04T10:55:26Z INFO [1870/1919] 3eb95cf9-4a5a-43c7-a4c3-73c4036579e1: cophenetic index 624; 0.7 s; peak memory 1405 MiB.
2026-10-04T10:55:27Z INFO [1871/1919] 3eba357e-224e-4898-ac48-327442d1730c: cophenetic index 3087; 0.8 s; peak memory 1405 MiB.
2026-10-04T10:55:28Z INFO [1872/1919] 3eba70a2-7524-408a-af0c-0b14e8ada20e: cophenetic index 457; 1.4 s; peak memory 1405 MiB.
2026-10-04T10:55:30Z INFO [1873/1919] 3eba886e-f48f-4959-9009-f87529d63f0e: cophenetic index 2391; 1.6 s; peak memory 1405 MiB.
2026-10-04T10:55:31Z INFO [1874/1919] 3ebad475-b37b-4bb0-a0aa-262dd284daa3: cophenetic index 431; 0.8 s; peak memory 1405 MiB.
2026-10-04T10:55:31Z INFO [1875/1919] 3ebc07d9-0d3a-43d6-8cfd-301d5fd5d945: cophenetic index 579; 0.4 s; peak memory 1405 MiB.
2026-10-04T10:55:32Z INFO [1876/1919] 3ebc9a5c-9e07-4666-9b94-20dbb0442410: cophenetic index 1380; 0.9 s; peak memory 1405 MiB.
2026-10-04T10:55:33Z INFO [1877/1919] 3ebcee95-3c86-44e0-ab67-ad9d5c9dafa0: cophenetic index 33986; 1.0 s; peak memory 1405 MiB.
2026-10-04T10:55:33Z INFO [1878/1919] 3ebd239c-8c93-4839-a15a-47c9f8fd2033: cophenetic index 624; 0.6 s; peak memory 1405 MiB.
2026-10-04T10:55:34Z INFO [1879/1919] 3ebd7123-cbf7-4978-ab85-58a5c12e0d38: cophenetic index 2974; 0.9 s; peak memory 1405 MiB.
2026-10-04T10:55:37Z INFO [1880/1919] 3ebd849b-3d2d-49cd-b005-44d287e24f0b: cophenetic index 20229; 2.2 s; peak memory 1405 MiB.
2026-10-04T10:55:37Z INFO [1881/1919] 3ebd8d1f-8ae0-49a3-a8dd-084730ec5b0e: cophenetic index 1087; 0.8 s; peak memory 1405 MiB.
2026-10-04T10:55:38Z INFO [1882/1919] 3ebe15ac-8d63-4380-9fae-5ac22ae5fa1c: cophenetic index 653; 1.0 s; peak memory 1405 MiB.
2026-10-04T10:55:39Z INFO [1883/1919] 3ebf45da-c6e9-4006-9a42-ebb5d58b7479: cophenetic index 494; 0.6 s; peak memory 1405 MiB.
2026-10-04T10:55:40Z INFO [1884/1919] 3ebfba44-3ca1-48fc-9326-010d9007e129: cophenetic index 33962; 0.9 s; peak memory 1405 MiB.
2026-10-04T10:55:41Z INFO [1885/1919] 3ec07d2c-2506-43a5-b2ef-3108b2c124c4: cophenetic index 649; 0.8 s; peak memory 1405 MiB.
2026-10-04T10:55:41Z INFO [1886/1919] 3ec0948b-73ea-4df7-b88e-8ae0f72c9ee1: cophenetic index 3004; 0.7 s; peak memory 1405 MiB.
2026-10-04T10:55:42Z INFO [1887/1919] 3ec0dfb3-db24-4ccb-a5dd-d5f11f540201: cophenetic index 2625; 0.9 s; peak memory 1405 MiB.
2026-10-04T10:55:43Z INFO [1888/1919] 3ec0f0fc-0ef9-4ec9-99d1-4475b7d9a91e: cophenetic index 2570; 0.8 s; peak memory 1405 MiB.
2026-10-04T10:55:45Z INFO [1889/1919] 3ec14728-6bcb-4468-bea0-c400a36800f3: cophenetic index 5473; 1.7 s; peak memory 1405 MiB.
2026-10-04T10:55:46Z INFO [1890/1919] 3ec1b1e5-5891-4662-8641-3d2774be834a: cophenetic index 2402; 1.5 s; peak memory 1405 MiB.
2026-10-04T10:55:47Z INFO [1891/1919] 3ec209a4-43c5-4c92-b3fc-7bd91db92a0f: cophenetic index 735; 0.5 s; peak memory 1405 MiB.
2026-10-04T10:55:48Z INFO [1892/1919] 3ec2d773-c1e5-4cdb-826d-fc471acdcc6b: cophenetic index 2105; 0.9 s; peak memory 1405 MiB.
2026-10-04T10:55:54Z INFO [1893/1919] 3ec458cb-9f33-4a84-9e3e-2a170e4a5b7e: cophenetic index 46693; 5.9 s; peak memory 1405 MiB.
2026-10-04T10:55:54Z INFO [1894/1919] 3ec458d1-5795-4642-8544-41b9a6355580: cophenetic index 1087; 0.9 s; peak memory 1405 MiB.
2026-10-04T10:55:55Z INFO [1895/1919] 3ec4dc9c-7236-4afb-8609-7f055083bae9: cophenetic index 554; 0.9 s; peak memory 1405 MiB.
2026-10-04T10:55:56Z INFO [1896/1919] 3ec54ddc-32b1-49c0-ba03-1055acb14cab: cophenetic index 624; 0.6 s; peak memory 1405 MiB.
2026-10-04T10:55:57Z INFO [1897/1919] 3ec6d954-3ea5-4cd7-81e1-1d1825d1cf1f: cophenetic index 23794; 0.9 s; peak memory 1405 MiB.
2026-10-04T10:55:58Z INFO [1898/1919] 3ec82e4b-9839-49c8-907c-464b469b289f: cophenetic index 3004; 0.7 s; peak memory 1405 MiB.
2026-10-04T10:56:01Z INFO [1899/1919] 3ec87cd4-557d-439f-96e1-af10d74e4216: cophenetic index 48629; 3.3 s; peak memory 1405 MiB.
2026-10-04T10:56:05Z INFO [1900/1919] 3ec95871-d2c0-4303-a016-48df463841cc: cophenetic index 155866; 4.0 s; peak memory 1405 MiB.
2026-10-04T10:56:05Z INFO [1900/1919] 3ec95871-d2c0-4303-a016-48df463841cc: checkpointed 77225 records.
2026-10-04T10:56:06Z INFO [1901/1919] 3eca490c-2463-4c89-8ac8-65a574278747: cophenetic index 3087; 0.8 s; peak memory 1405 MiB.
2026-10-04T10:56:09Z INFO [1902/1919] 3eca7396-937b-420e-863a-3275ccd77e2a: cophenetic index 82191; 3.3 s; peak memory 1405 MiB.
2026-10-04T10:56:10Z INFO [1903/1919] 3eca8e1e-18f6-4738-9ee3-96c02337eefe: cophenetic index 517; 0.6 s; peak memory 1405 MiB.
2026-10-04T10:56:12Z INFO [1904/1919] 3eca9c85-24cd-4346-9671-c764380f0873: cophenetic index 4015; 1.8 s; peak memory 1405 MiB.
2026-10-04T10:56:12Z INFO [1905/1919] 3ecaf277-17a6-4a29-a3ab-5172a0eeeadb: cophenetic index 401; 0.4 s; peak memory 1405 MiB.
2026-10-04T10:56:13Z INFO [1906/1919] 3ecb1953-a79f-4166-b5fc-51a151dbf0ec: cophenetic index 2682; 1.3 s; peak memory 1405 MiB.
2026-10-04T10:56:22Z INFO [1907/1919] 3ecc0777-188d-456f-9937-8d29ffbcf7d7: cophenetic index 49996; 8.4 s; peak memory 1405 MiB.
2026-10-04T10:56:23Z INFO [1908/1919] 3ecc96fb-0ceb-4975-988a-f5af568deec9: cophenetic index 385; 0.6 s; peak memory 1405 MiB.
2026-10-04T10:56:23Z INFO [1909/1919] 3ecca1b3-0ecd-4faa-a502-3faa714c7a0b: cophenetic index 3087; 0.8 s; peak memory 1405 MiB.
2026-10-04T10:56:24Z INFO [1910/1919] 3ecd2af7-0e51-4c6d-adcd-c26f4135bcc1: cophenetic index 624; 0.6 s; peak memory 1405 MiB.
2026-10-04T10:56:25Z WARNING 59beae01-8c63-4353-a90b-e97078f0ecde: failed while reading the NWB file (KeyError: 'Unable to synchronously open object (component not found)')
2026-10-04T10:56:25Z WARNING [1911/1919] 59beae01-8c63-4353-a90b-e97078f0ecde: leaving unrecorded for a later run to retry.
2026-10-04T10:56:25Z WARNING 735c7449-7e23-44fa-8990-d5c55f725aa2: failed while reading the NWB file (KeyError: 'Unable to synchronously open object (component not found)')
2026-10-04T10:56:25Z WARNING [1912/1919] 735c7449-7e23-44fa-8990-d5c55f725aa2: leaving unrecorded for a later run to retry.
2026-10-04T10:56:26Z WARNING 75dc9b6e-40d1-4c10-8d75-71e6d60a1109: failed while reading the NWB file (KeyError: 'Unable to synchronously open object (component not found)')
2026-10-04T10:56:26Z WARNING [1913/1919] 75dc9b6e-40d1-4c10-8d75-71e6d60a1109: leaving unrecorded for a later run to retry.
2026-10-04T10:56:27Z WARNING 8f0183a2-f90f-4b15-8fac-1ca3a404a100: failed while reading the NWB file (KeyError: 'Unable to synchronously open object (component not found)')
2026-10-04T10:56:27Z WARNING [1914/1919] 8f0183a2-f90f-4b15-8fac-1ca3a404a100: leaving unrecorded for a later run to retry.
2026-10-04T10:56:28Z WARNING 91d0f104-6918-47ae-8959-2116c86ee157: failed while reading the NWB file (KeyError: 'Unable to synchronously open object (component not found)')
2026-10-04T10:56:28Z WARNING [1915/1919] 91d0f104-6918-47ae-8959-2116c86ee157: leaving unrecorded for a later run to retry.
2026-10-04T10:56:29Z WARNING 969e4747-5a03-4948-bad1-05be9db18f9a: failed while reading the NWB file (KeyError: 'Unable to synchronously open object (component not found)')
2026-10-04T10:56:29Z WARNING [1916/1919] 969e4747-5a03-4948-bad1-05be9db18f9a: leaving unrecorded for a later run to retry.
2026-10-04T10:56:30Z WARNING 9f0feaa9-adb3-4487-afb9-d4f49f1acdc6: failed while reading the NWB file (KeyError: 'Unable to synchronously open object (component not found)')
2026-10-04T10:56:30Z WARNING [1917/1919] 9f0feaa9-adb3-4487-afb9-d4f49f1acdc6: leaving unrecorded for a later run to retry.
2026-10-04T10:56:30Z WARNING ad5b0970-92ee-45ed-9ade-ec72ab7c0c43: failed while reading the NWB file (KeyError: 'Unable to synchronously open object (component not found)')
2026-10-04T10:56:30Z WARNING [1918/1919] ad5b0970-92ee-45ed-9ade-ec72ab7c0c43: leaving unrecorded for a later run to retry.
2026-10-04T10:56:31Z WARNING d73cb2c7-2e04-4c75-ba50-9b634dc8e8fb: failed while reading the NWB file (KeyError: 'Unable to synchronously open object (component not found)')
2026-10-04T10:56:31Z WARNING [1919/1919] d73cb2c7-2e04-4c75-ba50-9b634dc8e8fb: leaving unrecorded for a later run to retry.
2026-10-04T10:56:31Z INFO Wrote 77235 records to /tmp/derivatives/valid_nwb_file_to_cophenetic_index.jsonl (1893 new, 26 failed) in 50.2 min (peak memory 1405 MiB).
