2026-10-05T22:55:57Z INFO Logging to /tmp/logs/update_2026-10-05T22-55-57Z.log.
2026-10-05T22:55:57Z INFO Update valid-nwb-file-to-cophenetic-index (base directory /tmp).
2026-10-05T22:55:57Z INFO Processing 3678 items (93819 already recorded).
2026-10-05T22:55:58Z WARNING 024ef50f-ac6f-49ea-806b-93ef4b5e8644: failed while reading the NWB file (KeyError: 'Unable to synchronously open object (component not found)')
2026-10-05T22:55:58Z WARNING [1/3678] 024ef50f-ac6f-49ea-806b-93ef4b5e8644: leaving unrecorded for a later run to retry.
2026-10-05T22:55:59Z WARNING 09073220-fbea-45d2-9a39-2cc61fcdc2a1: failed while reading the NWB file (KeyError: 'Unable to synchronously open object (component not found)')
2026-10-05T22:55:59Z WARNING [2/3678] 09073220-fbea-45d2-9a39-2cc61fcdc2a1: leaving unrecorded for a later run to retry.
2026-10-05T22:56:00Z WARNING 0dec427d-4db4-44c3-988a-c37959ceaff3: failed while reading the NWB file (KeyError: 'Unable to synchronously open object (component not found)')
2026-10-05T22:56:00Z WARNING [3/3678] 0dec427d-4db4-44c3-988a-c37959ceaff3: leaving unrecorded for a later run to retry.
2026-10-05T22:56:01Z WARNING 0f7396ad-67ec-468a-b6a6-5599cb507f54: failed while reading the NWB file (KeyError: 'Unable to synchronously open object (component not found)')
2026-10-05T22:56:01Z WARNING [4/3678] 0f7396ad-67ec-468a-b6a6-5599cb507f54: leaving unrecorded for a later run to retry.
2026-10-05T22:56:02Z WARNING 1066b3ba-83d9-4cb3-bfe3-ecf8539e2334: failed while reading the NWB file (KeyError: 'Unable to synchronously open object (component not found)')
2026-10-05T22:56:02Z WARNING [5/3678] 1066b3ba-83d9-4cb3-bfe3-ecf8539e2334: leaving unrecorded for a later run to retry.
2026-10-05T22:56:03Z WARNING 17a546c4-6425-4c56-a43e-9f9f272d299c: failed while reading the NWB file (KeyError: 'Unable to synchronously open object (component not found)')
2026-10-05T22:56:03Z WARNING [6/3678] 17a546c4-6425-4c56-a43e-9f9f272d299c: leaving unrecorded for a later run to retry.
2026-10-05T22:56:04Z WARNING 19998990-d06f-40db-8d07-c5121b317b6a: failed while reading the NWB file (KeyError: 'Unable to synchronously open object (component not found)')
2026-10-05T22:56:04Z WARNING [7/3678] 19998990-d06f-40db-8d07-c5121b317b6a: leaving unrecorded for a later run to retry.
2026-10-05T22:56:05Z WARNING 1a18ed31-9155-4512-919f-b6875d14b9f3: failed while reading the NWB file (KeyError: 'Unable to synchronously open object (component not found)')
2026-10-05T22:56:05Z WARNING [8/3678] 1a18ed31-9155-4512-919f-b6875d14b9f3: leaving unrecorded for a later run to retry.
2026-10-05T22:56:06Z WARNING 1c2fff6f-f3a7-43fb-b7e2-a33218d41614: failed while reading the NWB file (KeyError: 'Unable to synchronously open object (component not found)')
2026-10-05T22:56:06Z WARNING [9/3678] 1c2fff6f-f3a7-43fb-b7e2-a33218d41614: leaving unrecorded for a later run to retry.
2026-10-05T22:56:07Z WARNING 20b5d243-5a61-4246-a5d5-ac9d9068183d: failed while reading the NWB file (KeyError: 'Unable to synchronously open object (component not found)')
2026-10-05T22:56:07Z WARNING [10/3678] 20b5d243-5a61-4246-a5d5-ac9d9068183d: leaving unrecorded for a later run to retry.
2026-10-05T22:56:08Z WARNING 20e4b649-b593-4ee3-bd02-f0645aad7021: failed while reading the NWB file (KeyError: 'Unable to synchronously open object (component not found)')
2026-10-05T22:56:08Z WARNING [11/3678] 20e4b649-b593-4ee3-bd02-f0645aad7021: leaving unrecorded for a later run to retry.
2026-10-05T22:56:09Z WARNING 2420003b-b350-4a69-b1aa-b27f68179823: failed while reading the NWB file (KeyError: 'Unable to synchronously open object (component not found)')
2026-10-05T22:56:09Z WARNING [12/3678] 2420003b-b350-4a69-b1aa-b27f68179823: leaving unrecorded for a later run to retry.
2026-10-05T22:56:10Z WARNING 2a76c0ae-11ba-4712-bfc9-5a1534c26aeb: failed while reading the NWB file (KeyError: 'Unable to synchronously open object (component not found)')
2026-10-05T22:56:10Z WARNING [13/3678] 2a76c0ae-11ba-4712-bfc9-5a1534c26aeb: leaving unrecorded for a later run to retry.
2026-10-05T22:56:11Z WARNING 319d22c8-6c6e-41bb-9bf9-9c6773d2b2ad: failed while reading the NWB file (KeyError: 'Unable to synchronously open object (component not found)')
2026-10-05T22:56:11Z WARNING [14/3678] 319d22c8-6c6e-41bb-9bf9-9c6773d2b2ad: leaving unrecorded for a later run to retry.
2026-10-05T22:56:12Z WARNING 324ccb4d-b81e-4dbb-a29d-ef474eef0d50: failed while reading the NWB file (KeyError: 'Unable to synchronously open object (component not found)')
2026-10-05T22:56:12Z WARNING [15/3678] 324ccb4d-b81e-4dbb-a29d-ef474eef0d50: leaving unrecorded for a later run to retry.
2026-10-05T22:56:13Z WARNING 3b2672c0-01e2-4e2a-a6fd-09535b8afd67: failed while reading the NWB file (KeyError: 'Unable to synchronously open object (component not found)')
2026-10-05T22:56:13Z WARNING [16/3678] 3b2672c0-01e2-4e2a-a6fd-09535b8afd67: leaving unrecorded for a later run to retry.
2026-10-05T22:56:14Z WARNING 3dec1e5e-7a4c-4aaa-95eb-7a953aa18d59: failed while reading the NWB file (KeyError: 'Unable to synchronously open object (component not found)')
2026-10-05T22:56:14Z WARNING [17/3678] 3dec1e5e-7a4c-4aaa-95eb-7a953aa18d59: leaving unrecorded for a later run to retry.
2026-10-05T22:56:15Z WARNING 40d7f442-8923-4dd5-87cb-af432218c083: failed while reading the NWB file (KeyError: 'Unable to synchronously open object (component not found)')
2026-10-05T22:56:15Z WARNING [18/3678] 40d7f442-8923-4dd5-87cb-af432218c083: leaving unrecorded for a later run to retry.
2026-10-05T22:56:16Z WARNING 4255c687-2c9c-4ffc-83b6-08157b521931: failed while reading the NWB file (KeyError: 'Unable to synchronously open object (component not found)')
2026-10-05T22:56:16Z WARNING [19/3678] 4255c687-2c9c-4ffc-83b6-08157b521931: leaving unrecorded for a later run to retry.
2026-10-05T22:56:17Z WARNING 43addd0b-0674-4137-8eaa-9df790dee1ce: failed while reading the NWB file (KeyError: 'Unable to synchronously open object (component not found)')
2026-10-05T22:56:17Z WARNING [20/3678] 43addd0b-0674-4137-8eaa-9df790dee1ce: leaving unrecorded for a later run to retry.
2026-10-05T22:56:18Z WARNING 59beae01-8c63-4353-a90b-e97078f0ecde: failed while reading the NWB file (KeyError: 'Unable to synchronously open object (component not found)')
2026-10-05T22:56:18Z WARNING [21/3678] 59beae01-8c63-4353-a90b-e97078f0ecde: leaving unrecorded for a later run to retry.
2026-10-05T22:56:22Z INFO [22/3678] 61863931-0e93-4c3f-8d2c-de9330159524: cophenetic index 338800; 4.1 s; peak memory 130 MiB.
2026-10-05T22:56:26Z INFO [23/3678] 61873452-4bbf-48c3-b065-e7bf5c01743b: cophenetic index 40144; 4.1 s; peak memory 130 MiB.
2026-10-05T22:56:30Z INFO [24/3678] 6187972f-0c5d-41eb-85c9-504cebb5b5c7: cophenetic index 15702; 4.4 s; peak memory 130 MiB.
2026-10-05T22:56:31Z INFO [25/3678] 6188582b-f558-4a19-a1f4-2222c722bde5: cophenetic index 650; 0.9 s; peak memory 130 MiB.
2026-10-05T22:56:32Z INFO [26/3678] 618925aa-bd9b-4bd0-8c65-82858e43f438: cophenetic index 624; 0.8 s; peak memory 130 MiB.
2026-10-05T22:56:37Z INFO [27/3678] 618bac14-f229-4b10-aa1f-ee42b54c55e5: cophenetic index 117693; 4.9 s; peak memory 130 MiB.
2026-10-05T22:56:39Z INFO [28/3678] 618c2d15-648a-4480-92a4-172c41a66e0f: cophenetic index 2609; 2.4 s; peak memory 130 MiB.
2026-10-05T22:56:40Z INFO [29/3678] 618c6ec7-a44e-4028-bc2d-be277ba51e1c: cophenetic index 3004; 0.9 s; peak memory 130 MiB.
2026-10-05T22:56:41Z INFO [30/3678] 618ca364-2d50-4c26-a73a-d66a6150828d: cophenetic index 624; 0.7 s; peak memory 130 MiB.
2026-10-05T22:56:41Z INFO [31/3678] 618e67ef-2cd5-4522-8313-cb7e36f79521: cophenetic index 490; 0.5 s; peak memory 130 MiB.
2026-10-05T22:56:44Z INFO [32/3678] 618e8f9c-d33d-4805-bf0c-36df91f99093: cophenetic index 41788; 2.3 s; peak memory 130 MiB.
2026-10-05T22:56:45Z INFO [33/3678] 61902f57-54d7-4a20-bcf7-cbcda7a7eea0: cophenetic index 2625; 1.0 s; peak memory 130 MiB.
2026-10-05T22:56:45Z INFO [34/3678] 6190b591-8a58-4d62-9bb3-475e8987b483: cophenetic index 494; 0.6 s; peak memory 130 MiB.
2026-10-05T22:56:46Z INFO [35/3678] 6190ceca-a043-4817-8a60-e58fece3c11a: cophenetic index 490; 0.5 s; peak memory 130 MiB.
2026-10-05T22:56:46Z INFO [36/3678] 61910c94-5082-4eac-8854-8d7e9d1a68c2: cophenetic index 413; 0.7 s; peak memory 130 MiB.
2026-10-05T22:56:47Z INFO [37/3678] 61912f49-1e9b-47af-9e07-31d7b3177ca4: cophenetic index 624; 0.7 s; peak memory 130 MiB.
2026-10-05T22:56:48Z INFO [38/3678] 61917471-4095-4c69-bbf6-6f227aa85a71: cophenetic index 624; 0.6 s; peak memory 130 MiB.
2026-10-05T22:56:49Z INFO [39/3678] 6191c3c0-a184-4443-8134-1099094ab6b2: cophenetic index 2625; 1.0 s; peak memory 130 MiB.
2026-10-05T22:56:49Z INFO [40/3678] 61921253-c994-48b6-8235-a7d21b00831b: cophenetic index 624; 0.8 s; peak memory 130 MiB.
2026-10-05T22:56:50Z INFO [41/3678] 619245a4-d5a9-4158-b503-27b0c43e8c55: cophenetic index 581; 0.8 s; peak memory 130 MiB.
2026-10-05T22:56:51Z INFO [42/3678] 6192daf4-9e6f-4d88-b055-b674665c40a8: cophenetic index 624; 0.6 s; peak memory 130 MiB.
2026-10-05T22:56:52Z INFO [43/3678] 6193315d-c026-4f69-a15d-5a43e28fb019: cophenetic index 1006; 0.8 s; peak memory 130 MiB.
2026-10-05T22:56:53Z INFO [44/3678] 61936f2d-e652-4ed6-8ca5-3f98057210c0: cophenetic index 649; 0.9 s; peak memory 130 MiB.
2026-10-05T22:56:53Z INFO [45/3678] 61940f65-511c-44c5-b2c1-43445d950d5e: cophenetic index 593; 0.8 s; peak memory 130 MiB.
2026-10-05T22:56:54Z INFO [46/3678] 619474ed-3076-4853-9d91-231435d4f6fe: cophenetic index 624; 0.6 s; peak memory 130 MiB.
2026-10-05T22:56:58Z INFO [47/3678] 6194f818-c9d1-4f18-ac61-fb4f2e9c3dd2: cophenetic index 5466; 4.3 s; peak memory 130 MiB.
2026-10-05T22:57:00Z INFO [48/3678] 6195cce3-a9b5-4275-81bf-4412a3a0dc1a: cophenetic index 809; 1.5 s; peak memory 130 MiB.
2026-10-05T22:57:01Z INFO [49/3678] 6195e5d7-1d2b-485e-9be4-2225461d7ffe: cophenetic index 2625; 1.0 s; peak memory 130 MiB.
2026-10-05T22:57:02Z INFO [50/3678] 619621b2-b7f8-4670-960a-8f7de3023585: cophenetic index 3087; 0.8 s; peak memory 130 MiB.
2026-10-05T22:57:02Z INFO [50/3678] 619621b2-b7f8-4670-960a-8f7de3023585: checkpointed 93848 records.
2026-10-05T22:57:03Z INFO [51/3678] 619790a1-c18f-4b02-b804-8c8002c48138: cophenetic index 2625; 1.1 s; peak memory 130 MiB.
2026-10-05T22:57:04Z INFO [52/3678] 6198403e-9c7a-4fcd-b780-89f5febc6f1e: cophenetic index 624; 0.7 s; peak memory 130 MiB.
2026-10-05T22:57:05Z INFO [53/3678] 61987e81-5246-4ff4-96e0-5a86f794e19d: cophenetic index 3004; 1.0 s; peak memory 130 MiB.
2026-10-05T22:57:06Z INFO [54/3678] 6198c609-0d49-464f-bf35-e0ab710be790: cophenetic index 1733; 2.0 s; peak memory 130 MiB.
2026-10-05T22:57:07Z INFO [55/3678] 6199019c-8cec-446a-beca-3e2cdb45103b: cophenetic index 431; 0.6 s; peak memory 130 MiB.
2026-10-05T22:57:08Z INFO [56/3678] 619a43aa-0861-4114-a6f6-7c3a07439fa4: cophenetic index 624; 0.7 s; peak memory 130 MiB.
2026-10-05T22:57:09Z INFO [57/3678] 619a55ce-254f-46b2-985f-588fbe4e6a71: cophenetic index 3004; 0.9 s; peak memory 130 MiB.
2026-10-05T22:57:09Z INFO [58/3678] 619cad95-07bb-4d35-8e72-65d868716bc9: cophenetic index 3215; 0.7 s; peak memory 130 MiB.
2026-10-05T22:57:10Z INFO [59/3678] 619cbe80-f8e3-449a-b353-7304a00c174e: cophenetic index 3004; 0.8 s; peak memory 130 MiB.
2026-10-05T22:57:11Z INFO [60/3678] 619d4410-3b18-428d-a6bf-c434b38ee953: cophenetic index 624; 0.5 s; peak memory 130 MiB.
2026-10-05T22:57:11Z INFO [61/3678] 619e0792-005e-40a8-abde-2457e42d680b: cophenetic index 26986; 0.8 s; peak memory 130 MiB.
2026-10-05T22:57:12Z INFO [62/3678] 619e2ec8-5de7-447b-9c4e-aa98c05971c6: cophenetic index 624; 0.6 s; peak memory 130 MiB.
2026-10-05T22:57:14Z INFO [63/3678] 619eb28b-5079-412f-a301-65821f0a694b: cophenetic index 2682; 1.7 s; peak memory 130 MiB.
2026-10-05T22:57:15Z INFO [64/3678] 619f5d9b-190d-481e-bb5b-6f66184c128a: cophenetic index 1237; 1.1 s; peak memory 130 MiB.
2026-10-05T22:57:15Z INFO [65/3678] 619f5ea5-9390-4815-a7ee-684a1b545ebb: cophenetic index 624; 0.6 s; peak memory 130 MiB.
2026-10-05T22:57:17Z INFO [66/3678] 61a026e0-c207-472d-b035-46938554b875: cophenetic index 2625; 1.1 s; peak memory 130 MiB.
2026-10-05T22:57:17Z INFO [67/3678] 61a0da9d-35f7-49e0-800e-cdcba8a517e2: cophenetic index 907; 0.6 s; peak memory 130 MiB.
2026-10-05T22:57:19Z INFO [68/3678] 61a1df34-4f96-4bc2-aaf5-396b56679d5e: cophenetic index 2682; 1.7 s; peak memory 130 MiB.
2026-10-05T22:57:23Z INFO [69/3678] 61a39611-7058-4626-a7a4-63930e785e82: cophenetic index 6591; 4.1 s; peak memory 130 MiB.
2026-10-05T22:57:24Z INFO [70/3678] 61a4dac2-5f9c-4253-aef9-18f9b520361e: cophenetic index 3087; 0.9 s; peak memory 130 MiB.
2026-10-05T22:57:25Z INFO [71/3678] 61a5007c-d524-479f-8f4c-7c52fc099af2: cophenetic index 497; 0.7 s; peak memory 130 MiB.
2026-10-05T22:57:26Z INFO [72/3678] 61a68f93-9b9c-408b-bff9-f774f5c23044: cophenetic index 2570; 1.1 s; peak memory 130 MiB.
2026-10-05T22:57:26Z INFO [73/3678] 61a6cb60-b627-4c0b-bea1-3c691f235a3f: cophenetic index 624; 0.7 s; peak memory 130 MiB.
2026-10-05T22:57:35Z INFO [74/3678] 61a6dd3f-3c78-4ba3-9603-8dfa7c19eef1: cophenetic index 18691; 8.6 s; peak memory 130 MiB.
2026-10-05T22:57:36Z INFO [75/3678] 61a6f9ed-9ce6-4406-80ae-e19818a81239: cophenetic index 1751; 1.3 s; peak memory 130 MiB.
2026-10-05T22:57:37Z INFO [76/3678] 61a7d00f-da99-4406-b8b8-692830d368d3: cophenetic index 624; 0.7 s; peak memory 130 MiB.
2026-10-05T22:57:38Z INFO [77/3678] 61a87328-57fc-4ba5-915d-95c79344d15b: cophenetic index 99138; 0.9 s; peak memory 130 MiB.
2026-10-05T22:57:39Z INFO [78/3678] 61a8e26a-1cd8-48f6-a7be-42f365248fa3: cophenetic index 590; 0.8 s; peak memory 130 MiB.
2026-10-05T22:57:40Z INFO [79/3678] 61a9117e-44bf-43dc-aee1-f2f29b02fb74: cophenetic index 1130; 1.2 s; peak memory 130 MiB.
2026-10-05T22:57:41Z INFO [80/3678] 61a956b3-6c77-4eb2-b60f-f0b5058a55cb: cophenetic index 33968; 0.8 s; peak memory 130 MiB.
2026-10-05T22:57:42Z INFO [81/3678] 61aa664e-f83e-472a-84e4-806ba3b3af49: cophenetic index 1715; 1.1 s; peak memory 130 MiB.
2026-10-05T22:57:43Z INFO [82/3678] 61ac3831-d352-4ebb-a178-fee6260ae460: cophenetic index 33962; 1.1 s; peak memory 130 MiB.
2026-10-05T22:57:49Z INFO [83/3678] 61ad8e00-ee0b-46fa-a534-901aa7b01dc8: cophenetic index 193691; 5.7 s; peak memory 131 MiB.
2026-10-05T22:57:50Z INFO [84/3678] 61adc893-f069-4a64-903d-0ccdee0361ad: cophenetic index 2625; 1.3 s; peak memory 131 MiB.
2026-10-05T22:57:51Z INFO [85/3678] 61ae0f1f-9882-4251-8249-f4c319ac40a5: cophenetic index 2625; 0.9 s; peak memory 131 MiB.
2026-10-05T22:57:52Z INFO [86/3678] 61ae1e43-60bb-423b-8ce0-268fd29fb047: cophenetic index 1378; 1.3 s; peak memory 131 MiB.
2026-10-05T22:57:53Z INFO [87/3678] 61af0512-5454-49ae-b3e7-8511a9ca0cea: cophenetic index 624; 0.8 s; peak memory 131 MiB.
2026-10-05T22:57:54Z INFO [88/3678] 61af5a5e-6e7e-4845-a565-d04b43d0aba9: cophenetic index 624; 0.8 s; peak memory 131 MiB.
2026-10-05T22:58:08Z INFO [89/3678] 61af65f4-6df4-4b04-8121-c1b51d20036b: cophenetic index 58288; 13.9 s; peak memory 135 MiB.
2026-10-05T22:58:08Z INFO [90/3678] 61b0ce3a-7409-47cf-b3ef-e51301234d30: cophenetic index 3087; 0.9 s; peak memory 135 MiB.
2026-10-05T22:58:10Z INFO [91/3678] 61b0f851-07c4-4307-95bb-c96cef81c5a8: cophenetic index 2625; 1.2 s; peak memory 135 MiB.
2026-10-05T22:58:11Z INFO [92/3678] 61b1478b-71ee-4e78-a602-63c59a91da14: cophenetic index 33998; 1.4 s; peak memory 135 MiB.
2026-10-05T22:58:12Z INFO [93/3678] 61b1ad6b-f27f-49a6-994d-f49e4c28d779: cophenetic index 624; 0.6 s; peak memory 135 MiB.
2026-10-05T22:58:12Z INFO [94/3678] 61b2236f-4629-4323-8f77-de56a9afd4cf: cophenetic index 590; 0.7 s; peak memory 135 MiB.
2026-10-05T22:58:15Z INFO [95/3678] 61b25beb-3367-4076-b0ec-795ba9809d38: cophenetic index 6412; 2.2 s; peak memory 135 MiB.
2026-10-05T22:58:15Z INFO [96/3678] 61b26140-c79d-4af2-8d6b-5f32581944b5: cophenetic index 729; 0.6 s; peak memory 135 MiB.
2026-10-05T22:58:16Z INFO [97/3678] 61b60b33-cdec-4e00-b4e6-3865ceceeda8: cophenetic index 490; 0.5 s; peak memory 135 MiB.
2026-10-05T22:58:17Z INFO [98/3678] 61b6c1e3-8476-4a18-84bc-0331b0da8e0f: cophenetic index 3004; 0.9 s; peak memory 135 MiB.
2026-10-05T22:58:17Z INFO [99/3678] 61b76f3e-e7f6-40c0-9c03-d536c952f01a: cophenetic index 3087; 0.7 s; peak memory 135 MiB.
2026-10-05T22:58:18Z INFO [100/3678] 61b8df42-daee-4db3-b531-4f31bdf6c3e6: cophenetic index 624; 0.7 s; peak memory 135 MiB.
2026-10-05T22:58:18Z INFO [100/3678] 61b8df42-daee-4db3-b531-4f31bdf6c3e6: checkpointed 93898 records.
2026-10-05T22:58:20Z INFO [101/3678] 61b97a26-2c35-4dc1-9661-5169d91cc54c: cophenetic index 5473; 1.9 s; peak memory 135 MiB.
2026-10-05T22:58:24Z INFO [102/3678] 61b9dfe7-38e6-4ec0-86ef-a4700a836666: cophenetic index 127396; 4.3 s; peak memory 135 MiB.
2026-10-05T22:58:25Z INFO [103/3678] 61baa085-f7ad-4b7b-94fc-7091eec0b1b7: cophenetic index 665; 0.8 s; peak memory 135 MiB.
2026-10-05T22:58:26Z INFO [104/3678] 61bb41fc-06f2-4f0d-aa44-7979be07faaa: cophenetic index 30304; 1.0 s; peak memory 135 MiB.
2026-10-05T22:58:27Z INFO [105/3678] 61bb79c6-4fbc-40ea-88cb-ead8540acfd3: cophenetic index 3215; 0.6 s; peak memory 135 MiB.
2026-10-05T22:58:28Z INFO [106/3678] 61bc09d8-f885-42c8-ae7c-c2c0e5593179: cophenetic index 2701; 1.1 s; peak memory 135 MiB.
2026-10-05T22:58:29Z INFO [107/3678] 61bd3961-a46f-4897-84d9-f2add1500819: cophenetic index 33998; 1.3 s; peak memory 135 MiB.
2026-10-05T22:58:30Z INFO [108/3678] 61bd9c7a-d6bc-4f50-80b4-3a2d88f3032a: cophenetic index 624; 0.9 s; peak memory 135 MiB.
2026-10-05T22:58:32Z INFO [109/3678] 61be8336-08d5-4c2a-a365-6862ba678243: cophenetic index 2402; 2.1 s; peak memory 135 MiB.
2026-10-05T22:58:33Z INFO [110/3678] 61be8c40-fb15-4fa7-967c-1f822f192099: cophenetic index 3087; 1.2 s; peak memory 135 MiB.
2026-10-05T22:58:39Z INFO [111/3678] 61becbe5-fa15-424f-af1c-09857671415f: cophenetic index 33333; 5.3 s; peak memory 135 MiB.
2026-10-05T22:58:44Z INFO [112/3678] 61bf0ed6-e829-457f-bd44-6110001bd759: cophenetic index 68671; 5.1 s; peak memory 135 MiB.
2026-10-05T22:58:46Z INFO [113/3678] 61bf1e32-c4ce-4403-8a4f-ff52549bcdb6: cophenetic index 2402; 1.9 s; peak memory 135 MiB.
2026-10-05T22:58:53Z INFO [114/3678] 61bf32f1-6dc7-4f2d-a937-dedc186088df: cophenetic index 195172714; 7.1 s; peak memory 213 MiB.
2026-10-05T22:58:53Z INFO [115/3678] 61bfe2e4-0bf1-490b-9a11-d378adfe680d: cophenetic index 561; 0.5 s; peak memory 213 MiB.
2026-10-05T22:58:54Z INFO [116/3678] 61c029b9-5ca1-49da-a11d-a6fa0685c554: cophenetic index 518; 0.7 s; peak memory 213 MiB.
2026-10-05T22:58:55Z INFO [117/3678] 61c18799-3fac-4be8-98a1-8baf492b2d21: cophenetic index 624; 0.7 s; peak memory 213 MiB.
2026-10-05T22:58:56Z INFO [118/3678] 61c28748-39ab-4021-8acc-bba2799a66dc: cophenetic index 3004; 0.8 s; peak memory 213 MiB.
2026-10-05T22:58:56Z INFO [119/3678] 61c33392-2c5f-4c2f-9d23-a458f5fcb686: cophenetic index 389; 0.6 s; peak memory 213 MiB.
2026-10-05T22:58:57Z INFO [120/3678] 61c34bc4-4e18-4ad3-bcbc-e8d67c07d4bf: cophenetic index 624; 0.7 s; peak memory 213 MiB.
2026-10-05T22:58:59Z INFO [121/3678] 61c3ee8c-5e4d-4bd4-9e79-ad557777b4f4: cophenetic index 6490; 1.8 s; peak memory 213 MiB.
2026-10-05T22:59:00Z INFO [122/3678] 61c40f93-fe13-4010-8683-268704fdf7f2: cophenetic index 512; 0.9 s; peak memory 213 MiB.
2026-10-05T22:59:00Z INFO [123/3678] 61c4c1f3-a1e2-4982-ba89-5b781e55c8d7: cophenetic index 624; 0.6 s; peak memory 213 MiB.
2026-10-05T22:59:01Z INFO [124/3678] 61c5d3c1-c0a6-4a58-a6c7-d8e85621401b: cophenetic index 3057; 0.9 s; peak memory 213 MiB.
2026-10-05T22:59:06Z INFO [125/3678] 61c636cb-0bc6-4a23-84b3-f5ece2f8def5: cophenetic index 13016; 5.3 s; peak memory 213 MiB.
2026-10-05T22:59:07Z INFO [126/3678] 61c6939a-b2b9-4a23-9ad6-cecd8abb6cc1: cophenetic index 3087; 0.9 s; peak memory 213 MiB.
2026-10-05T22:59:08Z INFO [127/3678] 61c6c587-a45a-4a97-899f-6bf513f0fa71: cophenetic index 494; 0.6 s; peak memory 213 MiB.
2026-10-05T22:59:09Z INFO [128/3678] 61c6ee4c-5095-4402-a8de-8efaa727cf65: cophenetic index 624; 0.8 s; peak memory 213 MiB.
2026-10-05T22:59:09Z INFO [129/3678] 61c749f1-540c-4ec9-833d-a109ff6b4aa8: cophenetic index 624; 0.7 s; peak memory 213 MiB.
2026-10-05T22:59:10Z INFO [130/3678] 61c92bdd-200a-4798-977e-365e91295563: cophenetic index 33968; 1.1 s; peak memory 213 MiB.
2026-10-05T22:59:12Z INFO [131/3678] 61ca9c22-5eac-44de-b4d6-036389ba7750: cophenetic index 33998; 1.7 s; peak memory 213 MiB.
2026-10-05T22:59:14Z INFO [132/3678] 61cb655e-bc1d-4425-9148-cdd5c95f4f3b: cophenetic index 6079; 1.6 s; peak memory 213 MiB.
2026-10-05T22:59:14Z INFO [133/3678] 61cb74b3-1647-45ef-8623-f1a7e1d1f2a1: cophenetic index 23954; 0.7 s; peak memory 213 MiB.
2026-10-05T22:59:15Z INFO [134/3678] 61cb8c87-6d00-4ebe-b8f9-a3ff847f0dc1: cophenetic index 3087; 0.8 s; peak memory 213 MiB.
2026-10-05T22:59:16Z INFO [135/3678] 61ccb55b-f7ba-43e3-b5b0-2e2ca5465eea: cophenetic index 624; 0.6 s; peak memory 213 MiB.
2026-10-05T22:59:17Z INFO [136/3678] 61ccbdf5-1cc1-4f95-aba7-3fda503f3462: cophenetic index 1006; 0.8 s; peak memory 213 MiB.
2026-10-05T22:59:17Z INFO [137/3678] 61cd459d-f9df-46e7-b090-810c7e3bbb88: cophenetic index 624; 0.6 s; peak memory 213 MiB.
2026-10-05T22:59:25Z INFO [138/3678] 61cd4a21-4bcd-4dd1-9106-e0021742cc46: cophenetic index 48355; 8.2 s; peak memory 213 MiB.
2026-10-05T22:59:26Z INFO [139/3678] 61cd61b6-117f-467c-9771-9a8bfad11afe: cophenetic index 2974; 1.0 s; peak memory 213 MiB.
2026-10-05T22:59:38Z INFO [140/3678] 61ce17ed-c482-4969-8b12-ef1fd7ab5ab2: cophenetic index 30005; 11.4 s; peak memory 213 MiB.
2026-10-05T22:59:39Z INFO [141/3678] 61cef264-be15-4aed-ad00-ee9f4b7a8ae2: cophenetic index 2625; 1.1 s; peak memory 213 MiB.
2026-10-05T22:59:40Z INFO [142/3678] 61cfa74b-d784-4251-8b74-21224b9ceae7: cophenetic index 539; 0.6 s; peak memory 213 MiB.
2026-10-05T22:59:41Z INFO [143/3678] 61d03241-d94b-4d6e-940a-9a7be3457bf1: cophenetic index 1558; 0.9 s; peak memory 213 MiB.
2026-10-05T22:59:42Z INFO [144/3678] 61d2258a-8d46-4a05-bac1-e65f73a29a38: cophenetic index 1087; 0.9 s; peak memory 213 MiB.
2026-10-05T22:59:42Z INFO [145/3678] 61d308d0-e1c1-4138-bc1a-1857f89bb9b3: cophenetic index 490; 0.6 s; peak memory 213 MiB.
2026-10-05T22:59:44Z INFO [146/3678] 61d423b4-1f43-421b-8677-2935f5a5636b: cophenetic index 1194; 2.0 s; peak memory 213 MiB.
2026-10-05T22:59:45Z INFO [147/3678] 61d48d71-3d69-4c32-9669-8a311834b51a: cophenetic index 1949; 0.8 s; peak memory 213 MiB.
2026-10-05T22:59:46Z INFO [148/3678] 61d4b98b-8fca-48f7-baa3-cc9e1750fc7d: cophenetic index 3087; 0.7 s; peak memory 213 MiB.
2026-10-05T22:59:46Z INFO [149/3678] 61d4d802-b8b7-4a72-9f47-fba5182f3cf0: cophenetic index 1851; 0.8 s; peak memory 213 MiB.
2026-10-05T22:59:47Z INFO [150/3678] 61d502ce-cdf7-4e0c-9630-a95032436b2b: cophenetic index 2570; 0.9 s; peak memory 213 MiB.
2026-10-05T22:59:47Z INFO [150/3678] 61d502ce-cdf7-4e0c-9630-a95032436b2b: checkpointed 93948 records.
2026-10-05T22:59:48Z INFO [151/3678] 61d51aed-d336-4fb4-a34d-491564714c7d: cophenetic index 3057; 0.8 s; peak memory 213 MiB.
2026-10-05T22:59:57Z INFO [152/3678] 61d5428e-6638-41cb-abb5-a3337dc0f0da: cophenetic index 207657; 8.9 s; peak memory 216 MiB.
2026-10-05T22:59:58Z INFO [153/3678] 61d63e2c-9679-445a-b841-a90afe0f225c: cophenetic index 2570; 0.8 s; peak memory 216 MiB.
2026-10-05T22:59:59Z INFO [154/3678] 61d7a5dd-c254-4cdd-b87a-8c1182be6451: cophenetic index 33968; 1.2 s; peak memory 216 MiB.
2026-10-05T23:00:10Z INFO [155/3678] 61d8b680-eed9-4a99-a545-ff90fc9c6687: cophenetic index 42755; 10.6 s; peak memory 218 MiB.
2026-10-05T23:00:15Z INFO [156/3678] 61d9cf5d-79e0-46ea-9095-bae80d91a685: cophenetic index 49578; 5.4 s; peak memory 218 MiB.
2026-10-05T23:00:16Z INFO [157/3678] 61da32cb-4589-4377-baae-c415d36c683c: cophenetic index 797; 1.3 s; peak memory 218 MiB.
2026-10-05T23:00:18Z INFO [158/3678] 61da70a6-3726-4b9a-b9a7-2f24ecb325b8: cophenetic index 1237; 1.2 s; peak memory 218 MiB.
2026-10-05T23:00:18Z INFO [159/3678] 61dae4fb-b7ae-4134-ba54-e21dd2439c69: cophenetic index 2570; 0.8 s; peak memory 218 MiB.
2026-10-05T23:00:20Z INFO [160/3678] 61dc1fff-182f-4d04-bbb7-b563857a2681: cophenetic index 1130; 1.4 s; peak memory 218 MiB.
2026-10-05T23:00:21Z INFO [161/3678] 61dc355b-1f5d-4294-9ef1-0d08aaee1fd8: cophenetic index 624; 0.7 s; peak memory 218 MiB.
2026-10-05T23:00:29Z INFO [162/3678] 61dd7501-0c61-4568-a37e-90b587a48ad5: cophenetic index 48355; 8.6 s; peak memory 218 MiB.
2026-10-05T23:00:30Z INFO [163/3678] 61de9090-20d9-4ab5-b63b-3359ed9650d5: cophenetic index 581; 0.6 s; peak memory 218 MiB.
2026-10-05T23:00:30Z INFO [164/3678] 61df771c-7519-4566-a346-75ace9d8587f: cophenetic index 624; 0.6 s; peak memory 218 MiB.
2026-10-05T23:00:31Z INFO [165/3678] 61e11435-1206-4025-a2db-55faf12db28e: cophenetic index 624; 0.7 s; peak memory 218 MiB.
2026-10-05T23:00:32Z INFO [166/3678] 61e12f5a-7e09-40c0-bc49-b3189863d63d: cophenetic index 624; 0.7 s; peak memory 218 MiB.
2026-10-05T23:00:32Z INFO [167/3678] 61e19e8d-6683-44da-9bbb-0db110e2acc3: cophenetic index 690; 0.5 s; peak memory 218 MiB.
2026-10-05T23:00:33Z INFO [168/3678] 61e23bda-a479-4e17-8969-287537c75980: cophenetic index 33968; 0.8 s; peak memory 218 MiB.
2026-10-05T23:00:34Z INFO [169/3678] 61e2b845-65b8-4a6f-a0a0-11f0c48c1c1c: cophenetic index 624; 0.8 s; peak memory 218 MiB.
2026-10-05T23:00:35Z INFO [170/3678] 61e31a4d-9fe8-4042-b9c6-39baa76dcca9: cophenetic index 624; 0.8 s; peak memory 218 MiB.
2026-10-05T23:00:38Z INFO [171/3678] 61e490fd-d5a3-44be-9247-7695e94274d8: cophenetic index 87781; 3.6 s; peak memory 218 MiB.
2026-10-05T23:00:42Z INFO [172/3678] 61e4b010-72f1-4e97-a55f-264aeb5e5c94: cophenetic index 87573; 3.5 s; peak memory 218 MiB.
2026-10-05T23:00:43Z INFO [173/3678] 61e56516-0a2d-4571-b0dd-7be1321a0cff: cophenetic index 2570; 1.2 s; peak memory 218 MiB.
2026-10-05T23:00:44Z INFO [174/3678] 61e60ef5-2294-457b-9f8f-ce6d4eb28b1f: cophenetic index 3004; 0.8 s; peak memory 218 MiB.
2026-10-05T23:00:44Z INFO [175/3678] 61e67d34-b62b-4685-9293-fe1a875a9297: cophenetic index 490; 0.5 s; peak memory 218 MiB.
2026-10-05T23:00:45Z INFO [176/3678] 61e6bc44-5f41-4b78-ba53-bfd0eaa92b2b: cophenetic index 624; 0.8 s; peak memory 218 MiB.
2026-10-05T23:00:50Z INFO [177/3678] 61e73dab-a9b0-48ae-ae31-27f033723588: cophenetic index 142399; 4.8 s; peak memory 218 MiB.
2026-10-05T23:01:30Z INFO [178/3678] 61e7447b-5307-4e8c-b245-10d0e56008e5: cophenetic index 6624207; 40.8 s; peak memory 283 MiB.
2026-10-05T23:01:31Z INFO [179/3678] 61e79f1f-41e7-4e11-a2f3-325b39da28bd: cophenetic index 739; 0.6 s; peak memory 283 MiB.
2026-10-05T23:01:32Z INFO [180/3678] 61e8231e-59b2-4e8c-a50d-8f58200a294b: cophenetic index 624; 0.6 s; peak memory 283 MiB.
2026-10-05T23:01:32Z INFO [181/3678] 61e8a562-dd8e-499c-a703-940a12bfa287: cophenetic index 490; 0.6 s; peak memory 283 MiB.
2026-10-05T23:01:33Z INFO [182/3678] 61e91d3e-0012-4755-8c5d-aaff1f542d4a: cophenetic index 581; 0.8 s; peak memory 283 MiB.
2026-10-05T23:01:39Z INFO [183/3678] 61e97e1f-0f18-4583-9ef9-581423d4e095: cophenetic index 130586; 6.0 s; peak memory 283 MiB.
2026-10-05T23:01:40Z INFO [184/3678] 61e9e750-a629-4c4b-b350-51ccb27a05de: cophenetic index 850; 1.2 s; peak memory 283 MiB.
2026-10-05T23:04:39Z INFO [185/3678] 61e9fd59-0042-4109-a8db-50e2b4b9f612: cophenetic index 405945734; 178.6 s; peak memory 756 MiB.
2026-10-05T23:04:40Z INFO [186/3678] 61ea0120-8cea-4939-871e-1b824ae917ec: cophenetic index 23206; 1.1 s; peak memory 756 MiB.
2026-10-05T23:04:41Z INFO [187/3678] 61ea4768-1299-483e-b9ed-f24a8cec050b: cophenetic index 41788; 1.5 s; peak memory 756 MiB.
2026-10-05T23:04:43Z INFO [188/3678] 61eb4393-3c1c-42c0-812f-d98af540f0b6: cophenetic index 33998; 1.7 s; peak memory 756 MiB.
2026-10-05T23:04:44Z INFO [189/3678] 61eb4574-9d7f-4033-986f-8631d8a6621c: cophenetic index 624; 0.8 s; peak memory 756 MiB.
2026-10-05T23:04:45Z INFO [190/3678] 61ec627e-75de-4980-9bbd-7f0ef01abb6b: cophenetic index 490; 0.6 s; peak memory 756 MiB.
2026-10-05T23:04:45Z INFO [191/3678] 61ee3886-cc05-40f2-a9e2-19058a466d4a: cophenetic index 624; 0.7 s; peak memory 756 MiB.
2026-10-05T23:04:46Z INFO [192/3678] 61ee49f9-31b3-4fd4-a243-0b50371a4afe: cophenetic index 2625; 0.9 s; peak memory 756 MiB.
2026-10-05T23:04:47Z INFO [193/3678] 61eed0ad-2091-459b-b2c1-4199c95d819b: cophenetic index 624; 0.9 s; peak memory 756 MiB.
2026-10-05T23:04:48Z INFO [194/3678] 61efb36a-f84a-4e5a-a8ad-2d22bdb7491b: cophenetic index 2625; 0.8 s; peak memory 756 MiB.
2026-10-05T23:04:49Z INFO [195/3678] 61efe845-92a0-4d78-9860-fde4fc60e9bc: cophenetic index 624; 0.8 s; peak memory 756 MiB.
2026-10-05T23:04:49Z INFO [196/3678] 61f18b2b-36d6-4d9e-bf1d-b07798183f85: cophenetic index 624; 0.7 s; peak memory 756 MiB.
2026-10-05T23:04:50Z INFO [197/3678] 61f1932b-ab94-4230-947f-8be6079345fb: cophenetic index 624; 0.6 s; peak memory 756 MiB.
2026-10-05T23:04:51Z INFO [198/3678] 61f1fd6c-9be0-4e71-a049-abb5c7abbe52: cophenetic index 624; 0.7 s; peak memory 756 MiB.
2026-10-05T23:04:52Z INFO [199/3678] 61f239f4-c7a7-42a0-809c-1faf918de237: cophenetic index 930; 1.1 s; peak memory 756 MiB.
2026-10-05T23:04:53Z INFO [200/3678] 61f33a52-e232-45fd-9e3d-8c82712d0893: cophenetic index 649; 0.8 s; peak memory 756 MiB.
2026-10-05T23:04:53Z INFO [200/3678] 61f33a52-e232-45fd-9e3d-8c82712d0893: checkpointed 93998 records.
2026-10-05T23:04:53Z INFO [201/3678] 61f3f120-23dc-42de-b14d-60827d56bb71: cophenetic index 624; 0.7 s; peak memory 756 MiB.
2026-10-05T23:04:54Z INFO [202/3678] 61f3f519-61bf-4e02-aded-422880c62162: cophenetic index 624; 0.6 s; peak memory 756 MiB.
2026-10-05T23:04:55Z INFO [203/3678] 61f453f6-b1f5-4618-b5ca-73df7b93e657: cophenetic index 413; 0.7 s; peak memory 756 MiB.
2026-10-05T23:04:56Z INFO [204/3678] 61f4a39a-b29b-4b11-bdd8-5a1a413f4948: cophenetic index 34658; 1.4 s; peak memory 756 MiB.
2026-10-05T23:04:57Z INFO [205/3678] 61f51c0c-1460-4d9b-a3d1-8df3c02008e2: cophenetic index 624; 0.7 s; peak memory 756 MiB.
2026-10-05T23:04:59Z INFO [206/3678] 61f6979a-bd8a-4612-8a41-ad683612608d: cophenetic index 2236; 2.4 s; peak memory 756 MiB.
2026-10-05T23:05:00Z INFO [207/3678] 61f6b884-41aa-42ef-b981-63008288c2e1: cophenetic index 2570; 1.0 s; peak memory 756 MiB.
2026-10-05T23:05:09Z INFO [208/3678] 61f82c38-9ee2-4f6c-8001-9dff0a922d4d: cophenetic index 48262; 8.4 s; peak memory 756 MiB.
2026-10-05T23:05:09Z INFO [209/3678] 61f8a721-1831-4bab-b19b-431c8612fc56: cophenetic index 624; 0.6 s; peak memory 756 MiB.
2026-10-05T23:05:10Z INFO [210/3678] 61f93cee-0eb6-4c7b-bc52-5ef2f8223030: cophenetic index 624; 0.7 s; peak memory 756 MiB.
2026-10-05T23:05:10Z INFO [211/3678] 61f97de2-8e85-4540-be61-a9cdee1f2d18: cophenetic index 490; 0.5 s; peak memory 756 MiB.
2026-10-05T23:05:16Z INFO [212/3678] 61f9d547-9565-420c-8791-4fa703031588: cophenetic index 195172714; 5.4 s; peak memory 756 MiB.
2026-10-05T23:05:17Z INFO [213/3678] 61fa05ca-baf9-4a87-96df-5c67b2b50ab8: cophenetic index 99150; 1.4 s; peak memory 756 MiB.
2026-10-05T23:05:19Z INFO [214/3678] 61fa5c57-e589-4049-9ed3-59c3ce3d3a78: cophenetic index 1733; 2.0 s; peak memory 756 MiB.
2026-10-05T23:05:20Z INFO [215/3678] 61fb1b1e-fe41-40ad-abc5-38a4c27e9ef9: cophenetic index 624; 0.6 s; peak memory 756 MiB.
2026-10-05T23:05:23Z INFO [216/3678] 61fbcc5f-8250-454b-824b-b58e2dd4a658: cophenetic index 5473; 2.7 s; peak memory 756 MiB.
2026-10-05T23:05:23Z INFO [217/3678] 61fde375-2194-4847-905a-e123aebce04f: cophenetic index 624; 0.6 s; peak memory 756 MiB.
2026-10-05T23:05:24Z INFO [218/3678] 61fe14e9-0003-4e00-bfcd-ea60c75b79bf: cophenetic index 739; 0.7 s; peak memory 756 MiB.
2026-10-05T23:05:25Z INFO [219/3678] 61fe35ee-01a9-4cad-be23-6862d11b1046: cophenetic index 2402; 1.6 s; peak memory 756 MiB.
2026-10-05T23:05:26Z INFO [220/3678] 62004a7e-814e-4b06-b2c5-5bbcebac6da4: cophenetic index 1087; 1.1 s; peak memory 756 MiB.
2026-10-05T23:05:27Z INFO [221/3678] 6200df25-5dd6-474f-a182-c16163e6d98c: cophenetic index 624; 0.7 s; peak memory 756 MiB.
2026-10-05T23:05:30Z INFO [222/3678] 6200f0e6-f32c-4d46-91fa-5a67b8ac4497: cophenetic index 27663; 2.4 s; peak memory 756 MiB.
2026-10-05T23:05:36Z INFO [223/3678] 6201d8b4-0dc9-41a0-9983-51621c79e713: cophenetic index 14699; 6.3 s; peak memory 756 MiB.
2026-10-05T23:05:36Z INFO [224/3678] 62026d27-806d-4723-8c3c-951893d6439f: cophenetic index 624; 0.6 s; peak memory 756 MiB.
2026-10-05T23:05:37Z INFO [225/3678] 6202e145-867f-4d8c-86b3-4993b1c94e48: cophenetic index 490; 0.4 s; peak memory 756 MiB.
2026-10-05T23:05:38Z INFO [226/3678] 620307eb-587a-40b6-bc92-d801cd58f212: cophenetic index 3004; 0.8 s; peak memory 756 MiB.
2026-10-05T23:05:41Z INFO [227/3678] 62038f88-0514-4235-96d8-57bb0a7d7d41: cophenetic index 9548; 3.6 s; peak memory 756 MiB.
2026-10-05T23:05:42Z INFO [228/3678] 6203a1a8-f14b-4db2-98ea-a4d29080859f: cophenetic index 33986; 0.9 s; peak memory 756 MiB.
2026-10-05T23:05:43Z INFO [229/3678] 62061916-8204-429a-8043-9d440ca15789: cophenetic index 624; 0.7 s; peak memory 756 MiB.
2026-10-05T23:05:55Z INFO [230/3678] 62065c22-d21e-45f6-a5db-1d21762d9766: cophenetic index 6656396; 12.6 s; peak memory 756 MiB.
2026-10-05T23:05:56Z INFO [231/3678] 62068c28-54ac-4fb5-a5e8-ee37ce4cdcd3: cophenetic index 2625; 1.0 s; peak memory 756 MiB.
2026-10-05T23:05:57Z INFO [232/3678] 6207c696-fe1b-4776-8186-cfbf5d033223: cophenetic index 624; 0.7 s; peak memory 756 MiB.
2026-10-05T23:05:58Z INFO [233/3678] 62080bf4-4fa6-4780-bb5c-9ab513e727b9: cophenetic index 649; 0.9 s; peak memory 756 MiB.
2026-10-05T23:05:59Z INFO [234/3678] 62084142-bb35-440c-ab19-23ba8f373ca7: cophenetic index 23224; 1.0 s; peak memory 756 MiB.
2026-10-05T23:06:00Z INFO [235/3678] 620862fb-483e-43f3-a08e-13fcf618cc11: cophenetic index 624; 0.6 s; peak memory 756 MiB.
2026-10-05T23:06:01Z INFO [236/3678] 62098c99-6303-414e-baea-a73d2d3e2492: cophenetic index 33998; 1.1 s; peak memory 756 MiB.
2026-10-05T23:06:06Z INFO [237/3678] 6209901f-2f3f-4eb6-8664-0b0672b867f7: cophenetic index 14371; 5.2 s; peak memory 756 MiB.
2026-10-05T23:06:07Z INFO [238/3678] 620ad41d-a0c9-4e0a-a0fc-c334887e36b9: cophenetic index 2402; 1.6 s; peak memory 756 MiB.
2026-10-05T23:06:08Z INFO [239/3678] 620b3886-b980-4235-88a1-68bc23fa5547: cophenetic index 23510; 1.0 s; peak memory 756 MiB.
2026-10-05T23:06:10Z INFO [240/3678] 620b3fcc-81eb-4848-8e29-9613aa0624f0: cophenetic index 2625; 1.2 s; peak memory 756 MiB.
2026-10-05T23:06:12Z INFO [241/3678] 620bfa6e-43a1-4c1a-8431-7d98e782b115: cophenetic index 14360; 2.6 s; peak memory 756 MiB.
2026-10-05T23:06:14Z INFO [242/3678] 620c73d3-aae6-44ff-90ad-0b53dc5d5d5f: cophenetic index 33968; 1.3 s; peak memory 756 MiB.
2026-10-05T23:06:15Z INFO [243/3678] 620cd999-2937-4a45-870d-2ae4771b4a01: cophenetic index 2524; 1.5 s; peak memory 756 MiB.
2026-10-05T23:06:22Z INFO [244/3678] 620cf164-2755-43f5-8805-9a6d591685df: cophenetic index 383175; 7.1 s; peak memory 756 MiB.
2026-10-05T23:06:23Z INFO [245/3678] 620d18a1-869e-4295-aafe-d3be375088d9: cophenetic index 624; 0.6 s; peak memory 756 MiB.
2026-10-05T23:06:24Z INFO [246/3678] 620d2019-73a3-47e7-89b8-d36fbe5e89a0: cophenetic index 809; 1.7 s; peak memory 756 MiB.
2026-10-05T23:06:26Z INFO [247/3678] 620d2ed5-0d86-4fd6-999a-a8bb096408dc: cophenetic index 2241; 2.0 s; peak memory 756 MiB.
2026-10-05T23:06:27Z INFO [248/3678] 620d3b9a-8cd7-4769-8994-9f7b0193ed17: cophenetic index 646; 0.7 s; peak memory 756 MiB.
2026-10-05T23:06:28Z INFO [249/3678] 620e0472-f739-44bd-bcf6-a30008245731: cophenetic index 36406; 0.9 s; peak memory 756 MiB.
2026-10-05T23:06:29Z INFO [250/3678] 620f635c-bb49-4757-9997-691ffe0b280f: cophenetic index 649; 0.7 s; peak memory 756 MiB.
2026-10-05T23:06:29Z INFO [250/3678] 620f635c-bb49-4757-9997-691ffe0b280f: checkpointed 94048 records.
2026-10-05T23:06:30Z INFO [251/3678] 62102291-5730-42cd-8612-0d1fffa2560a: cophenetic index 99114; 1.4 s; peak memory 756 MiB.
2026-10-05T23:06:31Z INFO [252/3678] 6210f436-0088-4668-bfd2-899eaf7c37f7: cophenetic index 3004; 0.8 s; peak memory 756 MiB.
2026-10-05T23:06:35Z INFO [253/3678] 62115053-b3cf-42ab-8323-6a07a6a47d20: cophenetic index 78212; 4.2 s; peak memory 756 MiB.
2026-10-05T23:06:36Z INFO [254/3678] 62115969-3033-4b87-aa6b-51b4cf793044: cophenetic index 624; 0.8 s; peak memory 756 MiB.
2026-10-05T23:06:37Z INFO [255/3678] 6211709b-0187-4d92-9f42-535e0fb8fb52: cophenetic index 1114; 1.2 s; peak memory 756 MiB.
2026-10-05T23:06:38Z INFO [256/3678] 621377d3-bef6-427d-a152-3971fa238f67: cophenetic index 651; 0.6 s; peak memory 756 MiB.
2026-10-05T23:06:39Z INFO [257/3678] 621383d5-9c49-4cb5-b35f-62040b7b7943: cophenetic index 2974; 0.8 s; peak memory 756 MiB.
2026-10-05T23:06:41Z INFO [258/3678] 6213a812-cbb7-411e-b285-a3719d5525e8: cophenetic index 2402; 2.2 s; peak memory 756 MiB.
2026-10-05T23:06:42Z INFO [259/3678] 6216d918-9f05-4f8f-8335-7fa78ecd80a7: cophenetic index 624; 0.8 s; peak memory 756 MiB.
2026-10-05T23:06:42Z INFO [260/3678] 6217ba88-af66-4760-8826-ea7fd88af4c2: cophenetic index 2923; 0.8 s; peak memory 756 MiB.
2026-10-05T23:06:43Z INFO [261/3678] 621903e3-6ee0-47d6-b303-eb17cecb4ae9: cophenetic index 490; 0.4 s; peak memory 756 MiB.
2026-10-05T23:06:44Z INFO [262/3678] 62198835-95d8-4f90-ad74-162f2cc0ebe1: cophenetic index 624; 0.8 s; peak memory 756 MiB.
2026-10-05T23:06:48Z INFO [263/3678] 621a6f73-2db4-49f8-b1c3-c4a84e1e0d70: cophenetic index 146580; 4.7 s; peak memory 756 MiB.
2026-10-05T23:06:49Z INFO [264/3678] 621a8b9f-6ec0-414b-bf76-8d0f45527871: cophenetic index 3087; 0.6 s; peak memory 756 MiB.
2026-10-05T23:06:51Z INFO [265/3678] 621bcdc3-7308-4793-a072-db7d180e4402: cophenetic index 3890; 2.1 s; peak memory 756 MiB.
2026-10-05T23:06:52Z INFO [266/3678] 621c528d-0ee5-4d04-80ba-b752761bac86: cophenetic index 33998; 1.2 s; peak memory 756 MiB.
2026-10-05T23:06:55Z INFO [267/3678] 621cd51b-393b-4956-8d18-4c44de6efdda: cophenetic index 5473; 2.3 s; peak memory 756 MiB.
2026-10-05T23:06:55Z INFO [268/3678] 621d71cf-e239-40b7-8d2b-98ab74b5744f: cophenetic index 630; 0.7 s; peak memory 756 MiB.
2026-10-05T23:06:56Z INFO [269/3678] 621dcdcf-8da2-4972-a0bc-08ad2ae26741: cophenetic index 3215; 0.7 s; peak memory 756 MiB.
2026-10-05T23:06:57Z INFO [270/3678] 621df393-f739-4645-be80-7586a5bfe3ec: cophenetic index 431; 0.7 s; peak memory 756 MiB.
2026-10-05T23:06:58Z INFO [271/3678] 621ed9f0-8e25-464c-bcea-0f96fe678df6: cophenetic index 1949; 1.0 s; peak memory 756 MiB.
2026-10-05T23:06:58Z INFO [272/3678] 621ee849-7c9d-46a7-b50d-fdc009640c2c: cophenetic index 2625; 0.8 s; peak memory 756 MiB.
2026-10-05T23:06:59Z INFO [273/3678] 621f5c37-d7bc-4cb6-8bd7-a712f33aae49: cophenetic index 2132; 1.1 s; peak memory 756 MiB.
2026-10-05T23:07:00Z INFO [274/3678] 621fab42-4fe3-4bf9-b9fc-252f229d9d6c: cophenetic index 431; 0.8 s; peak memory 756 MiB.
2026-10-05T23:07:05Z INFO [275/3678] 621fd43b-659d-45fc-a13d-c3b4eccf93c7: cophenetic index 87573; 4.6 s; peak memory 756 MiB.
2026-10-05T23:07:13Z INFO [276/3678] 62200c54-ff6a-4037-82e9-f69fa7dd08bc: cophenetic index 20966753; 8.2 s; peak memory 756 MiB.
2026-10-05T23:07:14Z INFO [277/3678] 6220707d-89e8-467e-abd1-b6362f6faf9d: cophenetic index 624; 0.9 s; peak memory 756 MiB.
2026-10-05T23:07:15Z INFO [278/3678] 62244319-a10b-4431-a836-52c514895a59: cophenetic index 949; 1.3 s; peak memory 756 MiB.
2026-10-05T23:07:16Z INFO [279/3678] 622446a3-773f-404e-8a56-e1fdc86a0021: cophenetic index 624; 0.7 s; peak memory 756 MiB.
2026-10-05T23:07:17Z INFO [280/3678] 62246d87-cfe6-4faa-9bae-7eff8eb65d84: cophenetic index 718; 1.3 s; peak memory 756 MiB.
2026-10-05T23:07:18Z INFO [281/3678] 622510dd-e139-4e49-b04f-f30b8e6e781a: cophenetic index 2932; 0.7 s; peak memory 756 MiB.
2026-10-05T23:07:18Z INFO [282/3678] 62254207-50a6-464c-8bcd-678a3b03449c: cophenetic index 164; 0.6 s; peak memory 756 MiB.
2026-10-05T23:07:20Z INFO [283/3678] 62263de8-0ec8-488a-8053-4987003cc7dd: cophenetic index 2570; 1.2 s; peak memory 756 MiB.
2026-10-05T23:07:21Z INFO [284/3678] 62265e9e-24d5-41c8-b543-4c64776ff8bb: cophenetic index 41788; 1.8 s; peak memory 756 MiB.
2026-10-05T23:07:25Z INFO [285/3678] 62269582-0edc-4cee-be41-21b75c0f17b9: cophenetic index 55396; 3.5 s; peak memory 756 MiB.
2026-10-05T23:07:26Z INFO [286/3678] 6226a76c-54bb-4ffd-acc0-d2e3c908b0d9: cophenetic index 624; 0.7 s; peak memory 756 MiB.
2026-10-05T23:07:31Z INFO [287/3678] 6227169c-5e99-4a14-a58e-d540302c0669: cophenetic index 12152; 4.9 s; peak memory 756 MiB.
2026-10-05T23:07:34Z INFO [288/3678] 62277823-f86d-4a92-a5d1-53731181b8aa: cophenetic index 9548; 3.8 s; peak memory 756 MiB.
2026-10-05T23:07:38Z INFO [289/3678] 62297120-831b-4074-a0bc-24474451847d: cophenetic index 9298; 3.5 s; peak memory 756 MiB.
2026-10-05T23:07:39Z INFO [290/3678] 6229810a-9a35-46e0-a37c-1840bab9bf7f: cophenetic index 3087; 1.0 s; peak memory 756 MiB.
2026-10-05T23:07:39Z INFO [291/3678] 6229e3f0-4f94-41ba-b4bd-c9f10489db1a: cophenetic index 490; 0.5 s; peak memory 756 MiB.
2026-10-05T23:07:40Z INFO [292/3678] 622a146f-c518-4f3a-beea-368f653e813c: cophenetic index 2625; 1.1 s; peak memory 756 MiB.
2026-10-05T23:07:41Z INFO [293/3678] 622acfa0-6285-4886-b650-61c9839134e0: cophenetic index 624; 0.8 s; peak memory 756 MiB.
2026-10-05T23:07:43Z INFO [294/3678] 622adfc1-07c9-442f-b2ba-c4a1800f8a9a: cophenetic index 33968; 1.3 s; peak memory 756 MiB.
2026-10-05T23:07:46Z INFO [295/3678] 622b0936-7c09-45df-bb46-f795b6b6b925: cophenetic index 9548; 3.8 s; peak memory 756 MiB.
2026-10-05T23:07:52Z INFO [296/3678] 622b0e03-a3c4-43b7-b9af-4ea35a07ce9c: cophenetic index 12809849; 5.4 s; peak memory 756 MiB.
2026-10-05T23:07:53Z INFO [297/3678] 622b8042-ab1d-47b3-98c2-e0161b135a67: cophenetic index 2570; 1.1 s; peak memory 756 MiB.
2026-10-05T23:07:54Z INFO [298/3678] 622cae8f-51c9-430d-a5ae-30250cfa74d5: cophenetic index 624; 0.7 s; peak memory 756 MiB.
2026-10-05T23:07:54Z INFO [299/3678] 622cbc09-d3fc-4b2c-af8b-3523206ba13c: cophenetic index 433; 0.6 s; peak memory 756 MiB.
2026-10-05T23:07:55Z INFO [300/3678] 622d5719-2ee8-44c5-8125-a31a0f2c4922: cophenetic index 624; 0.8 s; peak memory 756 MiB.
2026-10-05T23:07:55Z INFO [300/3678] 622d5719-2ee8-44c5-8125-a31a0f2c4922: checkpointed 94098 records.
2026-10-05T23:07:57Z INFO [301/3678] 622e1710-f634-4700-9b94-33df2fb64627: cophenetic index 2524; 1.7 s; peak memory 756 MiB.
2026-10-05T23:08:06Z INFO [302/3678] 622e96ba-abef-4d6e-a72e-3da6aee5b4cd: cophenetic index 1124479; 8.9 s; peak memory 756 MiB.
2026-10-05T23:08:07Z INFO [303/3678] 622ea6b9-7027-4f9b-9f5c-74b2d50693b0: cophenetic index 2056; 1.4 s; peak memory 756 MiB.
2026-10-05T23:08:08Z INFO [304/3678] 622fa149-8a7f-46b8-8b6c-594902950179: cophenetic index 624; 0.6 s; peak memory 756 MiB.
2026-10-05T23:08:09Z INFO [305/3678] 62312682-f9ec-43e2-9294-263ca24ca923: cophenetic index 30304; 1.0 s; peak memory 756 MiB.
2026-10-05T23:08:09Z INFO [306/3678] 62312b4d-4e3d-4b35-a289-1ec9ec348dd0: cophenetic index 624; 0.7 s; peak memory 756 MiB.
2026-10-05T23:08:11Z INFO [307/3678] 6231839b-a827-48cb-966e-0961fa470f5e: cophenetic index 2402; 2.0 s; peak memory 756 MiB.
2026-10-05T23:08:12Z INFO [308/3678] 6231bbfa-e36a-45ba-943f-dd60e9518c85: cophenetic index 624; 0.8 s; peak memory 756 MiB.
2026-10-05T23:08:13Z INFO [309/3678] 6231fc43-eca1-46dd-90bd-6f32391c5268: cophenetic index 725; 0.7 s; peak memory 756 MiB.
2026-10-05T23:08:16Z INFO [310/3678] 623240a9-ebe5-404c-91c7-61c26e5bc241: cophenetic index 50095; 2.8 s; peak memory 756 MiB.
2026-10-05T23:08:16Z INFO [311/3678] 62324e10-61a5-4be1-a057-0dd41400cab1: cophenetic index 761; 0.6 s; peak memory 756 MiB.
2026-10-05T23:08:17Z INFO [312/3678] 6234a8cf-e478-4a05-b716-b84a269f8aca: cophenetic index 6490; 1.3 s; peak memory 756 MiB.
2026-10-05T23:08:18Z INFO [313/3678] 623560c0-80fc-4232-b846-26b627329d81: cophenetic index 401; 0.6 s; peak memory 756 MiB.
2026-10-05T23:08:19Z INFO [314/3678] 6235e898-f78b-404f-8f42-16a59a894a5c: cophenetic index 431; 0.6 s; peak memory 756 MiB.
2026-10-05T23:08:19Z INFO [315/3678] 6236a336-3af8-4d33-84a4-578f5784c677: cophenetic index 490; 0.7 s; peak memory 756 MiB.
2026-10-05T23:08:20Z INFO [316/3678] 62379d85-92ea-4da5-93eb-3f511b41bc9a: cophenetic index 624; 0.9 s; peak memory 756 MiB.
2026-10-05T23:08:21Z INFO [317/3678] 6237ff20-c7de-44a7-9b54-2f65e3778f2d: cophenetic index 3087; 0.9 s; peak memory 756 MiB.
2026-10-05T23:08:22Z INFO [318/3678] 62381c8d-9f4a-4027-9c6d-3922a9b1517e: cophenetic index 624; 0.8 s; peak memory 756 MiB.
2026-10-05T23:08:26Z INFO [319/3678] 6238a1f8-139e-49b6-9ee8-33be5e5fcad4: cophenetic index 149959; 4.1 s; peak memory 756 MiB.
2026-10-05T23:08:27Z INFO [320/3678] 6238a24b-d66f-4898-87fe-fabc36c488e3: cophenetic index 2625; 1.4 s; peak memory 756 MiB.
2026-10-05T23:08:28Z INFO [321/3678] 623989cb-282e-431f-9d82-131cc324d939: cophenetic index 624; 0.8 s; peak memory 756 MiB.
2026-10-05T23:08:29Z INFO [322/3678] 623ad23d-318c-468f-8a6a-d430885ad8b2: cophenetic index 2625; 1.0 s; peak memory 756 MiB.
2026-10-05T23:08:30Z INFO [323/3678] 623b0115-9c6a-47a1-bf82-6e762566acb6: cophenetic index 164; 0.6 s; peak memory 756 MiB.
2026-10-05T23:08:31Z INFO [324/3678] 623b057e-cfce-44fb-ab49-dde56ff3b18f: cophenetic index 590; 0.9 s; peak memory 756 MiB.
2026-10-05T23:08:33Z INFO [325/3678] 623c6412-5eed-40ab-9d9b-25efebe1901f: cophenetic index 107822; 1.7 s; peak memory 756 MiB.
2026-10-05T23:08:33Z INFO [326/3678] 623cc5aa-cbb2-47fb-af30-e0165c1075eb: cophenetic index 490; 0.6 s; peak memory 756 MiB.
2026-10-05T23:08:34Z INFO [327/3678] 623e2edc-7acc-4704-a515-3aa028106dc5: cophenetic index 624; 0.6 s; peak memory 756 MiB.
2026-10-05T23:08:34Z INFO [328/3678] 623e3348-0678-4b76-afe7-228264b486ff: cophenetic index 641; 0.5 s; peak memory 756 MiB.
2026-10-05T23:08:42Z INFO [329/3678] 623ee055-faf4-4a4f-9224-8d62df264eca: cophenetic index 299459; 7.5 s; peak memory 756 MiB.
2026-10-05T23:08:43Z INFO [330/3678] 623f26de-694f-45b0-9290-9a32c0fbe5f5: cophenetic index 2814; 1.0 s; peak memory 756 MiB.
2026-10-05T23:08:44Z INFO [331/3678] 62402313-198b-4ee3-b3f7-098543e41395: cophenetic index 4015; 1.6 s; peak memory 756 MiB.
2026-10-05T23:08:45Z INFO [332/3678] 6241063c-9d27-4386-a838-a08123b4743d: cophenetic index 1949; 1.0 s; peak memory 756 MiB.
2026-10-05T23:08:46Z INFO [333/3678] 6242774c-c822-4969-9147-3bfe0d46ef40: cophenetic index 3057; 0.9 s; peak memory 756 MiB.
2026-10-05T23:08:47Z INFO [334/3678] 6242e888-d562-487f-9ee9-e189baaa2645: cophenetic index 1470; 0.7 s; peak memory 756 MiB.
2026-10-05T23:08:49Z INFO [335/3678] 62430bb0-b776-4775-8dc1-b75b9f40ae84: cophenetic index 2069; 1.9 s; peak memory 756 MiB.
2026-10-05T23:08:56Z INFO [336/3678] 62438a6f-565a-4f28-83be-5256c7c68882: cophenetic index 165513; 6.8 s; peak memory 756 MiB.
2026-10-05T23:08:56Z INFO [337/3678] 6243d184-7ee1-4a71-b034-eec7ba2978d8: cophenetic index 3004; 0.8 s; peak memory 756 MiB.
2026-10-05T23:08:57Z INFO [338/3678] 6244b092-e68e-4052-8f6b-b5efac419c6c: cophenetic index 725; 0.7 s; peak memory 756 MiB.
2026-10-05T23:08:59Z INFO [339/3678] 6245efe1-1812-45f1-bad7-4c3dfc0ab6ae: cophenetic index 2625; 1.4 s; peak memory 756 MiB.
2026-10-05T23:08:59Z INFO [340/3678] 62460465-4d67-434b-9903-ac743ec6ba30: cophenetic index 2625; 0.8 s; peak memory 756 MiB.
2026-10-05T23:09:01Z INFO [341/3678] 6247396d-249b-419f-87d8-f880aa872da7: cophenetic index 33986; 1.3 s; peak memory 756 MiB.
2026-10-05T23:09:01Z INFO [342/3678] 62480bda-112b-45e0-b127-51deda30a965: cophenetic index 624; 0.8 s; peak memory 756 MiB.
2026-10-05T23:09:05Z INFO [343/3678] 6248115f-4293-44e3-b0fb-d3c35ed44c89: cophenetic index 87573; 3.7 s; peak memory 756 MiB.
2026-10-05T23:09:06Z INFO [344/3678] 62481c66-5a57-4a2d-96c9-d4548dae78d8: cophenetic index 3004; 1.0 s; peak memory 756 MiB.
2026-10-05T23:09:07Z INFO [345/3678] 62489a50-2896-40ee-990e-ebac66c428c6: cophenetic index 952; 0.9 s; peak memory 756 MiB.
2026-10-05T23:09:08Z INFO [346/3678] 624af4a0-1a81-4f6a-98ea-c25c88933602: cophenetic index 624; 0.7 s; peak memory 756 MiB.
2026-10-05T23:09:09Z INFO [347/3678] 624b5698-f08b-4b13-a6fb-5b92c8243d7c: cophenetic index 624; 0.8 s; peak memory 756 MiB.
2026-10-05T23:09:09Z INFO [348/3678] 624b72a0-5e9e-4c65-b3fe-0aaec8a594cf: cophenetic index 2974; 0.7 s; peak memory 756 MiB.
2026-10-05T23:09:11Z INFO [349/3678] 624b8a18-7fa7-46fc-9571-bffa64fc5f70: cophenetic index 3045; 1.2 s; peak memory 756 MiB.
2026-10-05T23:09:11Z INFO [350/3678] 624cf7ba-c100-4b0f-b5f4-0d1bc15f7b46: cophenetic index 627; 0.6 s; peak memory 756 MiB.
2026-10-05T23:09:11Z INFO [350/3678] 624cf7ba-c100-4b0f-b5f4-0d1bc15f7b46: checkpointed 94148 records.
2026-10-05T23:09:13Z INFO [351/3678] 624dae2a-2d17-49b6-a301-652f117d9e5d: cophenetic index 949; 1.3 s; peak memory 756 MiB.
2026-10-05T23:09:14Z INFO [352/3678] 624ed9c3-5172-492a-9e17-4fe5c8897f08: cophenetic index 3154; 1.2 s; peak memory 756 MiB.
2026-10-05T23:09:20Z INFO [353/3678] 624f45de-b924-4ba5-a748-08232e3c1fec: cophenetic index 104266; 6.1 s; peak memory 756 MiB.
2026-10-05T23:09:22Z INFO [354/3678] 624f8d1d-62b4-40f3-873b-ceea080c4294: cophenetic index 2402; 2.0 s; peak memory 756 MiB.
2026-10-05T23:09:23Z INFO [355/3678] 624fb085-b25e-4250-960d-120f19d08fdf: cophenetic index 33977; 0.8 s; peak memory 756 MiB.
2026-10-05T23:09:23Z INFO [356/3678] 62500e9f-db58-4273-af56-d5a006597cd3: cophenetic index 581; 0.7 s; peak memory 756 MiB.
2026-10-05T23:09:24Z INFO [357/3678] 62501d12-00ce-4295-b817-7bf5d3c5ec1b: cophenetic index 624; 0.7 s; peak memory 756 MiB.
2026-10-05T23:09:25Z INFO [358/3678] 62503a45-8efe-47cd-9809-625c11128d49: cophenetic index 3215; 0.6 s; peak memory 756 MiB.
2026-10-05T23:09:25Z INFO [359/3678] 625089e5-3d7f-4988-bc94-d86b556181a8: cophenetic index 2814; 0.8 s; peak memory 756 MiB.
2026-10-05T23:09:26Z INFO [360/3678] 62512280-971a-408a-bc98-1d7a21945e99: cophenetic index 624; 0.7 s; peak memory 756 MiB.
2026-10-05T23:09:27Z INFO [361/3678] 62527da1-e9c5-455d-b40f-a279f38f7b3f: cophenetic index 3087; 0.7 s; peak memory 756 MiB.
2026-10-05T23:09:28Z INFO [362/3678] 6253cf6e-1879-46b8-bf41-18eb3f831eea: cophenetic index 3004; 0.7 s; peak memory 756 MiB.
2026-10-05T23:09:28Z INFO [363/3678] 6254af16-d990-4a66-b6f4-9d96aa1aaa41: cophenetic index 624; 0.6 s; peak memory 756 MiB.
2026-10-05T23:09:29Z INFO [364/3678] 62562eee-875e-4232-8361-fb7f123fb64c: cophenetic index 690; 0.6 s; peak memory 756 MiB.
2026-10-05T23:09:30Z INFO [365/3678] 62563777-5a12-4ba3-93c3-05b786a3f248: cophenetic index 33986; 1.0 s; peak memory 756 MiB.
2026-10-05T23:09:31Z INFO [366/3678] 62563d9c-94b8-4847-92cc-8d67c305dc7c: cophenetic index 2776; 0.8 s; peak memory 756 MiB.
2026-10-05T23:09:34Z INFO [367/3678] 625643e8-0681-404b-8bc0-820198438740: cophenetic index 83693; 3.6 s; peak memory 756 MiB.
2026-10-05T23:09:38Z INFO [368/3678] 62564447-450f-45bd-b576-5cdce36936e9: cophenetic index 44196; 3.6 s; peak memory 756 MiB.
2026-10-05T23:09:39Z INFO [369/3678] 6256bf00-affa-4fdc-a349-494ca12cce00: cophenetic index 554; 0.8 s; peak memory 756 MiB.
2026-10-05T23:09:43Z INFO [370/3678] 6256ceb6-2616-4a2c-90c8-673a6ee1b062: cophenetic index 87573; 4.3 s; peak memory 756 MiB.
2026-10-05T23:09:44Z INFO [371/3678] 62570c34-92c7-44ec-b478-e37d3fc42e15: cophenetic index 99120; 1.3 s; peak memory 756 MiB.
2026-10-05T23:09:45Z INFO [372/3678] 62574ce3-ceff-4434-aa4c-c0cd4648a5f1: cophenetic index 605; 1.0 s; peak memory 756 MiB.
2026-10-05T23:09:46Z INFO [373/3678] 6257be82-aada-4bf4-b67a-b27175f4dc79: cophenetic index 466; 0.7 s; peak memory 756 MiB.
2026-10-05T23:09:47Z INFO [374/3678] 6257d726-50c5-47a6-bb4e-d04cd5f9d591: cophenetic index 624; 0.8 s; peak memory 756 MiB.
2026-10-05T23:09:48Z INFO [375/3678] 62588afa-0a8f-453d-9fc8-de97692b0523: cophenetic index 2625; 1.2 s; peak memory 756 MiB.
2026-10-05T23:09:48Z INFO [376/3678] 625a3e9d-4c91-416f-9d9d-5808266d1027: cophenetic index 3215; 0.5 s; peak memory 756 MiB.
2026-10-05T23:09:50Z INFO [377/3678] 625b2e7c-e07d-4b86-b0e3-a7aa4481e922: cophenetic index 2609; 1.4 s; peak memory 756 MiB.
2026-10-05T23:09:50Z INFO [378/3678] 625c5358-7358-42a8-aea1-cdaee6ce48c6: cophenetic index 624; 0.7 s; peak memory 756 MiB.
2026-10-05T23:09:51Z INFO [379/3678] 625c9fa4-869e-467d-948d-0e36c7d5814d: cophenetic index 3004; 0.8 s; peak memory 756 MiB.
2026-10-05T23:09:52Z INFO [380/3678] 625dfc07-3dde-4b63-bd4f-2c0f8d8a7c4c: cophenetic index 725; 0.8 s; peak memory 756 MiB.
2026-10-05T23:09:53Z INFO [381/3678] 625e1431-7200-4211-9320-3ad19e2d4e07: cophenetic index 413; 0.6 s; peak memory 756 MiB.
2026-10-05T23:09:53Z INFO [382/3678] 6260e458-190c-4c9c-bc25-d6ac644c1b71: cophenetic index 490; 0.5 s; peak memory 756 MiB.
2026-10-05T23:09:54Z INFO [383/3678] 62613b6d-3a07-487c-afb4-376bc4d1f9ba: cophenetic index 490; 0.4 s; peak memory 756 MiB.
2026-10-05T23:09:54Z INFO [384/3678] 6261d168-6642-49b1-a92a-445aae919f38: cophenetic index 624; 0.7 s; peak memory 756 MiB.
2026-10-05T23:09:55Z INFO [385/3678] 6261dd17-7603-461b-8e7c-8c73fcaf21d0: cophenetic index 624; 0.8 s; peak memory 756 MiB.
2026-10-05T23:09:56Z INFO [386/3678] 62632f2f-0aa7-468c-8b93-89d61427ca36: cophenetic index 3004; 0.9 s; peak memory 756 MiB.
2026-10-05T23:09:57Z INFO [387/3678] 6263362c-b5a7-431d-8f66-1fedfba4abb3: cophenetic index 624; 0.6 s; peak memory 756 MiB.
2026-10-05T23:09:57Z INFO [388/3678] 6263e129-5e8a-4110-8087-1b0cad6d9777: cophenetic index 624; 0.9 s; peak memory 756 MiB.
2026-10-05T23:10:03Z INFO [389/3678] 62649c37-0200-4e16-b470-0498b25a408b: cophenetic index 7554; 5.7 s; peak memory 756 MiB.
2026-10-05T23:10:04Z INFO [390/3678] 6264a00b-4113-4650-a95a-8270fd0b82e5: cophenetic index 624; 0.8 s; peak memory 756 MiB.
2026-10-05T23:10:05Z INFO [391/3678] 6264cc42-946f-4739-9480-11ed809db9c7: cophenetic index 581; 0.6 s; peak memory 756 MiB.
2026-10-05T23:10:05Z INFO [392/3678] 62655c80-07e3-42f9-a038-36544d8577c6: cophenetic index 624; 0.9 s; peak memory 756 MiB.
2026-10-05T23:10:07Z INFO [393/3678] 6265c46e-2edb-47b0-ab88-d92853d303e7: cophenetic index 2682; 1.1 s; peak memory 756 MiB.
2026-10-05T23:10:07Z INFO [394/3678] 6266098d-83a8-4d4f-8cd5-986dfc7cedfa: cophenetic index 3087; 0.8 s; peak memory 756 MiB.
2026-10-05T23:10:09Z INFO [395/3678] 6266b25a-f47d-4d16-a362-67cfbaa578aa: cophenetic index 3972; 1.1 s; peak memory 756 MiB.
2026-10-05T23:10:09Z INFO [396/3678] 6268215c-5b67-4e75-ae21-9d84629cf019: cophenetic index 657; 0.7 s; peak memory 756 MiB.
2026-10-05T23:10:10Z INFO [397/3678] 6268c2be-7d06-4746-b1f4-97acb9f1a4f7: cophenetic index 490; 0.5 s; peak memory 756 MiB.
2026-10-05T23:10:11Z INFO [398/3678] 6268ca00-c9cb-4aa9-8dc6-d8a19321ef10: cophenetic index 3004; 0.9 s; peak memory 756 MiB.
2026-10-05T23:10:12Z INFO [399/3678] 6268de06-7890-4057-9b60-07d517ec63d1: cophenetic index 3004; 0.8 s; peak memory 756 MiB.
2026-10-05T23:10:12Z INFO [400/3678] 626918b4-c349-4514-8142-efc11ee4996e: cophenetic index 624; 0.7 s; peak memory 756 MiB.
2026-10-05T23:10:12Z INFO [400/3678] 626918b4-c349-4514-8142-efc11ee4996e: checkpointed 94198 records.
2026-10-05T23:10:13Z INFO [401/3678] 626a1979-59e3-450c-a6cf-d44e2cb7b9d3: cophenetic index 569; 0.7 s; peak memory 756 MiB.
2026-10-05T23:10:14Z INFO [402/3678] 626ac373-714d-4c34-93e7-5c2faa4136a3: cophenetic index 722; 0.8 s; peak memory 756 MiB.
2026-10-05T23:10:21Z INFO [403/3678] 626b4167-7779-4df0-9ef2-da7b896b6262: cophenetic index 556739; 7.5 s; peak memory 756 MiB.
2026-10-05T23:10:27Z INFO [404/3678] 626b75ba-abb2-4f9f-8034-113063594c6e: cophenetic index 106098; 5.2 s; peak memory 756 MiB.
2026-10-05T23:10:27Z INFO [405/3678] 626b8016-f17a-40ae-9d0c-29b9fdfdf379: cophenetic index 490; 0.5 s; peak memory 756 MiB.
2026-10-05T23:10:28Z INFO [406/3678] 626c181b-958d-4caa-9007-d450949a8b3f: cophenetic index 624; 0.7 s; peak memory 756 MiB.
2026-10-05T23:10:28Z INFO [407/3678] 626c2438-aea1-4bdf-9c7a-a3819f61678f: cophenetic index 3057; 0.7 s; peak memory 756 MiB.
2026-10-05T23:10:29Z INFO [408/3678] 626ca453-9820-4f58-8c05-cc6f1044c028: cophenetic index 665; 0.5 s; peak memory 756 MiB.
2026-10-05T23:10:30Z INFO [409/3678] 626d3855-1f15-404a-aaca-239fa0747287: cophenetic index 624; 0.7 s; peak memory 756 MiB.
2026-10-05T23:10:30Z INFO [410/3678] 626ddd9d-e6ac-4d4f-9162-3d9278f2b6ea: cophenetic index 2923; 0.8 s; peak memory 756 MiB.
2026-10-05T23:10:31Z INFO [411/3678] 626ef593-1e6b-46dd-bd6a-bc81e8e8d186: cophenetic index 413; 0.6 s; peak memory 756 MiB.
2026-10-05T23:10:32Z INFO [412/3678] 626fc8cd-f16e-4ef6-83e3-fe47e2b1e846: cophenetic index 3087; 0.8 s; peak memory 756 MiB.
2026-10-05T23:10:33Z INFO [413/3678] 626fc9a7-c1f4-45bd-bcdd-9ef7826f75c2: cophenetic index 2974; 0.8 s; peak memory 756 MiB.
2026-10-05T23:10:33Z INFO [414/3678] 626fd07c-2ea1-450a-9fa2-fde722adab7c: cophenetic index 490; 0.5 s; peak memory 756 MiB.
2026-10-05T23:10:43Z INFO [415/3678] 627026ee-a51a-4e5c-ae2c-81506d39ee8c: cophenetic index 456834; 9.5 s; peak memory 756 MiB.
2026-10-05T23:10:43Z INFO [416/3678] 62705856-27bf-4452-84e5-e9e0295f724c: cophenetic index 624; 0.7 s; peak memory 756 MiB.
2026-10-05T23:10:44Z INFO [417/3678] 6271816c-100b-4cca-87e9-d476c0a61a37: cophenetic index 624; 0.7 s; peak memory 756 MiB.
2026-10-05T23:10:44Z INFO [418/3678] 627186df-e94a-4168-935f-5dd6b3969135: cophenetic index 761; 0.4 s; peak memory 756 MiB.
2026-10-05T23:10:48Z INFO [419/3678] 6271b0b7-96d6-4892-b6fa-97caafb27c3a: cophenetic index 83325; 3.9 s; peak memory 756 MiB.
2026-10-05T23:10:49Z INFO [420/3678] 6271c9b0-83a2-425c-b428-ae5ccba3ee58: cophenetic index 23379; 0.7 s; peak memory 756 MiB.
2026-10-05T23:10:50Z INFO [421/3678] 6272765d-c663-451d-9f5d-c00af84459f0: cophenetic index 385; 0.7 s; peak memory 756 MiB.
2026-10-05T23:10:51Z INFO [422/3678] 6273520e-af0e-431d-b61f-4985e2d9c4c9: cophenetic index 99114; 1.4 s; peak memory 756 MiB.
2026-10-05T23:10:52Z INFO [423/3678] 62740d3c-fbd5-46f7-a437-89109466a950: cophenetic index 751; 0.5 s; peak memory 756 MiB.
2026-10-05T23:10:52Z INFO [424/3678] 6274475d-66d2-4dd9-a9f8-fb74c4632569: cophenetic index 624; 0.7 s; peak memory 756 MiB.
2026-10-05T23:10:53Z INFO [425/3678] 627465d1-9fe7-4cb0-a64c-e161186283d0: cophenetic index 624; 0.7 s; peak memory 756 MiB.
2026-10-05T23:10:54Z INFO [426/3678] 62746b02-bf54-4fef-ae5d-e741750e6d7b: cophenetic index 24106; 1.0 s; peak memory 756 MiB.
2026-10-05T23:10:55Z INFO [427/3678] 62758e83-4537-4405-9673-5a1652c5b3e4: cophenetic index 952; 0.6 s; peak memory 756 MiB.
2026-10-05T23:10:56Z INFO [428/3678] 6275dff6-9660-45b2-8154-6b001546c12d: cophenetic index 33968; 1.1 s; peak memory 756 MiB.
2026-10-05T23:10:57Z INFO [429/3678] 62763d94-6808-447e-9d9f-adc56134daac: cophenetic index 2570; 1.1 s; peak memory 756 MiB.
2026-10-05T23:10:57Z INFO [430/3678] 6276e1ad-cc93-4ab4-95ff-a5bb907681e6: cophenetic index 624; 0.7 s; peak memory 756 MiB.
2026-10-05T23:10:58Z INFO [431/3678] 6276f292-f01e-4fc1-b214-cac4e3350382: cophenetic index 651; 0.5 s; peak memory 756 MiB.
2026-10-05T23:10:59Z INFO [432/3678] 62770e94-4182-4496-a647-49df4516f57e: cophenetic index 2625; 0.9 s; peak memory 756 MiB.
2026-10-05T23:10:59Z INFO [433/3678] 62774143-9c2d-41f1-899a-6c4310dbdd85: cophenetic index 3215; 0.6 s; peak memory 756 MiB.
2026-10-05T23:11:01Z INFO [434/3678] 62779077-883d-4ffb-8ce9-da0dca7a2c0d: cophenetic index 33998; 1.5 s; peak memory 756 MiB.
2026-10-05T23:11:01Z INFO [435/3678] 62795ca8-a892-4e93-91b6-4467445ff7b0: cophenetic index 651; 0.4 s; peak memory 756 MiB.
2026-10-05T23:11:02Z INFO [436/3678] 6279bd3d-72ec-4d2f-b1c2-b04266f6e311: cophenetic index 2625; 0.7 s; peak memory 756 MiB.
2026-10-05T23:11:04Z INFO [437/3678] 627a04be-9688-4fcc-bc20-4b50026603b8: cophenetic index 34658; 2.2 s; peak memory 756 MiB.
2026-10-05T23:11:05Z INFO [438/3678] 627a2248-ea79-4a44-a951-c11a4ea7ee96: cophenetic index 2974; 0.7 s; peak memory 756 MiB.
2026-10-05T23:11:05Z INFO [439/3678] 627b3398-de7d-405f-ab44-658d8b63e13d: cophenetic index 442; 0.5 s; peak memory 756 MiB.
2026-10-05T23:11:06Z INFO [440/3678] 627c870b-d335-4197-894e-5cfcd08fc476: cophenetic index 2502; 0.8 s; peak memory 756 MiB.
2026-10-05T23:11:08Z INFO [441/3678] 627d98b8-b969-4e33-b5d2-ef822ea43c5b: cophenetic index 5473; 2.1 s; peak memory 756 MiB.
2026-10-05T23:11:09Z INFO [442/3678] 627e4564-fcb0-4726-90ae-b21daa014c54: cophenetic index 624; 0.8 s; peak memory 756 MiB.
2026-10-05T23:11:10Z INFO [443/3678] 627ea346-68a0-484d-82a9-a0fa873a35bd: cophenetic index 33998; 1.2 s; peak memory 756 MiB.
2026-10-05T23:11:17Z INFO [444/3678] 627ecf6d-a32d-4b8d-a346-34f7a4436aea: cophenetic index 335890; 6.7 s; peak memory 756 MiB.
2026-10-05T23:11:18Z INFO [445/3678] 627ed593-5c56-442b-916c-47014edb00a0: cophenetic index 624; 0.7 s; peak memory 756 MiB.
2026-10-05T23:11:19Z INFO [446/3678] 627ed9a1-b6a5-4881-9a86-97349d04f0f6: cophenetic index 3004; 0.8 s; peak memory 756 MiB.
2026-10-05T23:11:19Z INFO [447/3678] 627ede65-f9c6-4e02-a4de-546c989e9665: cophenetic index 729; 0.5 s; peak memory 756 MiB.
2026-10-05T23:11:20Z INFO [448/3678] 627f1324-d552-4c44-85d7-d72264c39412: cophenetic index 626; 1.1 s; peak memory 756 MiB.
2026-10-05T23:11:21Z INFO [449/3678] 627f77eb-9472-47a5-b743-a9a63419a1e3: cophenetic index 605; 0.8 s; peak memory 756 MiB.
2026-10-05T23:11:23Z INFO [450/3678] 62800591-701d-43c3-81e3-877180215750: cophenetic index 99150; 1.8 s; peak memory 756 MiB.
2026-10-05T23:11:23Z INFO [450/3678] 62800591-701d-43c3-81e3-877180215750: checkpointed 94248 records.
2026-10-05T23:11:24Z INFO [451/3678] 62825a08-a72b-48c6-8808-02fd1625b2d8: cophenetic index 624; 0.9 s; peak memory 756 MiB.
2026-10-05T23:11:25Z INFO [452/3678] 6283685f-231d-450c-84d6-af27f5fa37fa: cophenetic index 2625; 0.8 s; peak memory 756 MiB.
2026-10-05T23:11:25Z INFO [453/3678] 628388a8-865b-487a-9841-cbc331b8108d: cophenetic index 624; 0.8 s; peak memory 756 MiB.
2026-10-05T23:11:26Z INFO [454/3678] 6284ab5d-cc15-4032-952e-ac5714d2bcdf: cophenetic index 563; 1.0 s; peak memory 756 MiB.
2026-10-05T23:11:27Z INFO [455/3678] 6284e00d-7262-404b-983d-998eff5f5aed: cophenetic index 1006; 1.0 s; peak memory 756 MiB.
2026-10-05T23:11:36Z INFO [456/3678] 62850a39-abae-4dd4-9729-889b33a729f7: cophenetic index 27332; 9.0 s; peak memory 756 MiB.
2026-10-05T23:11:37Z INFO [457/3678] 62854854-5238-444c-b22c-e20d7f576e79: cophenetic index 3004; 0.8 s; peak memory 756 MiB.
2026-10-05T23:11:38Z INFO [458/3678] 6285caba-9ca7-4703-a43e-8221782826b3: cophenetic index 33962; 1.2 s; peak memory 756 MiB.
2026-10-05T23:11:46Z INFO [459/3678] 62860bb1-d00b-4b25-8ea6-5724168102ef: cophenetic index 271114; 8.2 s; peak memory 756 MiB.
2026-10-05T23:11:47Z INFO [460/3678] 62861b12-e772-4ce0-aa82-28bb7478f597: cophenetic index 1265; 0.7 s; peak memory 756 MiB.
2026-10-05T23:11:48Z INFO [461/3678] 6286ac5d-69e1-4347-80d3-959a7d5283d6: cophenetic index 2625; 1.0 s; peak memory 756 MiB.
2026-10-05T23:11:49Z INFO [462/3678] 62872d15-80fb-411a-81c8-537915de3b3c: cophenetic index 1544; 1.2 s; peak memory 756 MiB.
2026-10-05T23:11:50Z INFO [463/3678] 6287f1e9-d50d-4661-990a-3c8442fe4fde: cophenetic index 3004; 0.9 s; peak memory 756 MiB.
2026-10-05T23:11:51Z INFO [464/3678] 62884f48-dfd5-426d-8496-d039a178b99d: cophenetic index 431; 0.8 s; peak memory 756 MiB.
2026-10-05T23:11:52Z INFO [465/3678] 62890b02-66d9-4429-965f-c109dfcab67b: cophenetic index 33962; 1.1 s; peak memory 756 MiB.
2026-10-05T23:11:53Z INFO [466/3678] 628997cd-3682-488b-b90f-d296c780296d: cophenetic index 692; 0.7 s; peak memory 756 MiB.
2026-10-05T23:11:53Z INFO [467/3678] 6289a4c8-6aed-4c7f-8ed1-8c98a6bc7a6d: cophenetic index 50175; 0.7 s; peak memory 756 MiB.
2026-10-05T23:11:54Z INFO [468/3678] 628a0b77-bc2b-4715-b99c-9969d25ce2e9: cophenetic index 490; 0.5 s; peak memory 756 MiB.
2026-10-05T23:11:55Z INFO [469/3678] 628a3a01-3f5e-47c1-bc2f-72c9d8514809: cophenetic index 605; 1.0 s; peak memory 756 MiB.
2026-10-05T23:11:56Z INFO [470/3678] 628a5f8d-0e6c-4828-91fb-1da90db8a0e2: cophenetic index 2496; 0.9 s; peak memory 756 MiB.
2026-10-05T23:11:57Z INFO [471/3678] 628a7c32-c508-48e3-a958-e3a2eaccc00a: cophenetic index 624; 0.7 s; peak memory 756 MiB.
2026-10-05T23:11:58Z INFO [472/3678] 628afc41-ed04-4b0b-ab8b-873a5fceb44c: cophenetic index 1006; 1.0 s; peak memory 756 MiB.
2026-10-05T23:12:02Z INFO [473/3678] 628b8f9f-4e64-4ca0-969a-20212af1588d: cophenetic index 9548; 4.4 s; peak memory 756 MiB.
2026-10-05T23:12:03Z INFO [474/3678] 628ba7d7-f685-4db5-890b-ef84ba9780fa: cophenetic index 624; 0.7 s; peak memory 756 MiB.
2026-10-05T23:12:04Z INFO [475/3678] 628c8698-0bc1-4bb6-bf62-6fef43386e27: cophenetic index 2625; 1.0 s; peak memory 756 MiB.
2026-10-05T23:12:08Z INFO [476/3678] 628c9f24-dd29-4973-b72b-13ac565aeec8: cophenetic index 47470; 4.4 s; peak memory 756 MiB.
2026-10-05T23:12:09Z INFO [477/3678] 628d90fd-f266-44a8-bc79-bf181a25188b: cophenetic index 1851; 0.7 s; peak memory 756 MiB.
2026-10-05T23:12:11Z INFO [478/3678] 628ea4ad-620a-47f6-91a0-095e888ca076: cophenetic index 2402; 1.9 s; peak memory 756 MiB.
2026-10-05T23:12:12Z INFO [479/3678] 628ef079-ad6c-4dbf-aced-3cbdf8b24a6b: cophenetic index 1025; 1.4 s; peak memory 756 MiB.
2026-10-05T23:12:12Z INFO [480/3678] 628fb250-1773-4364-bd38-011566563b34: cophenetic index 690; 0.6 s; peak memory 756 MiB.
2026-10-05T23:12:20Z INFO [481/3678] 628fc7ec-f8a5-4af1-819c-f33c4de9c500: cophenetic index 630694; 7.7 s; peak memory 756 MiB.
2026-10-05T23:12:21Z INFO [482/3678] 62901739-e54c-483c-97e6-319ab8fb5410: cophenetic index 26986; 1.0 s; peak memory 756 MiB.
2026-10-05T23:12:22Z INFO [483/3678] 62901f60-6f67-4573-a129-46b906b7b512: cophenetic index 2570; 0.8 s; peak memory 756 MiB.
2026-10-05T23:12:23Z INFO [484/3678] 629067f9-1f95-4f0b-a7c4-62a441218497: cophenetic index 441; 0.8 s; peak memory 756 MiB.
2026-10-05T23:12:24Z INFO [485/3678] 6290e918-087b-4ff7-ae02-f01d375b9897: cophenetic index 23358; 0.8 s; peak memory 756 MiB.
2026-10-05T23:12:24Z INFO [486/3678] 62911d1a-4093-4ec3-b44f-0123c281d1b9: cophenetic index 2844; 0.7 s; peak memory 756 MiB.
2026-10-05T23:12:26Z INFO [487/3678] 6291984b-84ef-457d-9505-1ff399ae27e1: cophenetic index 2053; 1.3 s; peak memory 756 MiB.
2026-10-05T23:12:26Z INFO [488/3678] 6291d483-4b33-4525-9871-b8ca414fde54: cophenetic index 431; 0.7 s; peak memory 756 MiB.
2026-10-05T23:12:27Z INFO [489/3678] 6292fc03-c359-422c-9a1a-fe5e7f0eabb5: cophenetic index 13320; 1.0 s; peak memory 756 MiB.
2026-10-05T23:12:28Z INFO [490/3678] 629340da-bf65-4e56-ae8a-0e4dae7d8bf2: cophenetic index 3004; 1.0 s; peak memory 756 MiB.
2026-10-05T23:12:33Z INFO [491/3678] 629439b7-0aeb-42b8-93d8-21acb391f462: cophenetic index 3208178; 5.1 s; peak memory 756 MiB.
2026-10-05T23:12:41Z INFO [492/3678] 629449a7-1faf-4b22-8d48-72174cecae60: cophenetic index 48665; 7.1 s; peak memory 756 MiB.
2026-10-05T23:12:41Z INFO [493/3678] 6294bbcb-61f4-4505-91d7-005d266c9822: cophenetic index 23436; 0.9 s; peak memory 756 MiB.
2026-10-05T23:12:47Z INFO [494/3678] 6294f20e-6b79-4819-bc45-d21a734c2f59: cophenetic index 108064; 5.9 s; peak memory 756 MiB.
2026-10-05T23:12:48Z INFO [495/3678] 62963704-2bf3-4fe7-8980-035f802df985: cophenetic index 2974; 0.8 s; peak memory 756 MiB.
2026-10-05T23:12:49Z INFO [496/3678] 62977c8f-7219-4b01-8a80-aa40f867e441: cophenetic index 2997; 0.6 s; peak memory 756 MiB.
2026-10-05T23:12:51Z INFO [497/3678] 629831d0-c094-4d14-b954-5301142a78aa: cophenetic index 1970; 1.8 s; peak memory 756 MiB.
2026-10-05T23:12:52Z INFO [498/3678] 6298aec5-e337-447c-8402-60e6b863f2b1: cophenetic index 2625; 1.0 s; peak memory 756 MiB.
2026-10-05T23:12:52Z INFO [499/3678] 6298dcd2-5f1a-46c4-bddd-b414ba6ea23e: cophenetic index 490; 0.5 s; peak memory 756 MiB.
2026-10-05T23:12:59Z INFO [500/3678] 6298f802-55b1-4468-b016-841695722017: cophenetic index 192591; 7.0 s; peak memory 756 MiB.
2026-10-05T23:12:59Z INFO [500/3678] 6298f802-55b1-4468-b016-841695722017: checkpointed 94298 records.
2026-10-05T23:13:04Z INFO [501/3678] 6299584e-2903-4f94-817c-a16fd775b23e: cophenetic index 62515; 4.5 s; peak memory 756 MiB.
2026-10-05T23:13:04Z INFO [502/3678] 6299a174-37e5-4e14-b168-3acf60fc7c6e: cophenetic index 490; 0.5 s; peak memory 756 MiB.
2026-10-05T23:13:05Z INFO [503/3678] 629a2fae-b3be-4a91-af8e-c42864e9e489: cophenetic index 809; 1.1 s; peak memory 756 MiB.
2026-10-05T23:13:12Z INFO [504/3678] 629a6e82-d069-4524-8e0f-ec1885c72bb9: cophenetic index 38784; 6.4 s; peak memory 756 MiB.
2026-10-05T23:13:13Z INFO [505/3678] 629b2011-4508-45ab-8f7b-13fa28e6c00e: cophenetic index 33986; 1.2 s; peak memory 756 MiB.
2026-10-05T23:13:14Z INFO [506/3678] 629b3a72-9312-4676-904d-59179f528f05: cophenetic index 33998; 1.4 s; peak memory 756 MiB.
2026-10-05T23:13:15Z INFO [507/3678] 629b7b46-7638-43ea-b04c-1e1b31c9fb9a: cophenetic index 30304; 1.1 s; peak memory 756 MiB.
2026-10-05T23:13:17Z INFO [508/3678] 629bdcd9-ffdd-4415-a42a-d1a8250b6b5c: cophenetic index 1929; 1.7 s; peak memory 756 MiB.
2026-10-05T23:13:18Z INFO [509/3678] 629c4b1a-7aac-4569-8173-15a25e906517: cophenetic index 33962; 1.1 s; peak memory 756 MiB.
2026-10-05T23:13:19Z INFO [510/3678] 629d19d6-3cc5-4a48-a4fd-5280ccc443bf: cophenetic index 23364; 1.0 s; peak memory 756 MiB.
2026-10-05T23:13:20Z INFO [511/3678] 629d1b31-60ee-4c3e-94ec-ecd64e307f0e: cophenetic index 23711; 0.9 s; peak memory 756 MiB.
2026-10-05T23:13:22Z INFO [512/3678] 629d32f2-21f3-4362-9572-11bc9a653459: cophenetic index 15474; 2.7 s; peak memory 756 MiB.
2026-10-05T23:13:29Z INFO [513/3678] 629da8a7-674b-4946-9104-99675a38b43e: cophenetic index 195172714; 6.3 s; peak memory 756 MiB.
2026-10-05T23:13:30Z INFO [514/3678] 629ddb50-6360-4efc-83ff-b47a06ccd3b9: cophenetic index 34251; 1.0 s; peak memory 756 MiB.
2026-10-05T23:13:31Z INFO [515/3678] 629e6401-6336-49cc-8998-8ffdb94835e7: cophenetic index 431; 0.7 s; peak memory 756 MiB.
2026-10-05T23:13:33Z INFO [516/3678] 629e93f4-d939-49b9-8425-f14ddfcd9b08: cophenetic index 5473; 2.4 s; peak memory 756 MiB.
2026-10-05T23:13:34Z INFO [517/3678] 629efa23-1e1c-4431-8c8f-43a0ab30eae0: cophenetic index 4617; 1.4 s; peak memory 756 MiB.
2026-10-05T23:13:39Z INFO [518/3678] 629fa505-2958-4705-a166-44fa925071f3: cophenetic index 9548; 4.5 s; peak memory 756 MiB.
2026-10-05T23:13:40Z INFO [519/3678] 629fbf9f-e8a1-4b1c-aaa6-07ea263a7497: cophenetic index 2625; 1.1 s; peak memory 756 MiB.
2026-10-05T23:13:41Z INFO [520/3678] 62a00870-366d-4ed0-b755-c8ef9300ba1e: cophenetic index 33962; 1.0 s; peak memory 756 MiB.
2026-10-05T23:13:42Z INFO [521/3678] 62a0b72f-7956-4f02-b606-d2d7d1d63eb1: cophenetic index 2625; 0.8 s; peak memory 756 MiB.
2026-10-05T23:13:43Z INFO [522/3678] 62a15fd7-1646-4050-b5ea-88dd78c04afb: cophenetic index 791; 1.1 s; peak memory 756 MiB.
2026-10-05T23:13:43Z INFO [523/3678] 62a2b9e5-c17e-458e-9cb5-bd737decd022: cophenetic index 490; 0.5 s; peak memory 756 MiB.
2026-10-05T23:13:44Z INFO [524/3678] 62a2d6d3-3990-4e06-ac1f-d7f62a4f9f04: cophenetic index 3087; 0.8 s; peak memory 756 MiB.
2026-10-05T23:13:45Z INFO [525/3678] 62a32858-299a-4f0a-aa9f-2c5177490a99: cophenetic index 784; 1.0 s; peak memory 756 MiB.
2026-10-05T23:13:46Z INFO [526/3678] 62a38825-a3bb-4ae3-a20b-4d491e71582d: cophenetic index 33998; 1.0 s; peak memory 756 MiB.
2026-10-05T23:13:47Z INFO [527/3678] 62a3b921-ba26-4fc8-81d4-690e3e027658: cophenetic index 2974; 0.9 s; peak memory 756 MiB.
2026-10-05T23:13:48Z INFO [528/3678] 62a3f883-aafe-410c-a81e-61c2904de4fd: cophenetic index 624; 0.8 s; peak memory 756 MiB.
2026-10-05T23:13:49Z INFO [529/3678] 62a45c2f-ca32-4abc-b0b9-763787884167: cophenetic index 624; 0.8 s; peak memory 756 MiB.
2026-10-05T23:13:50Z INFO [530/3678] 62a62db1-071e-4300-92f9-1be4df9492f7: cophenetic index 2625; 1.0 s; peak memory 756 MiB.
2026-10-05T23:13:53Z INFO [531/3678] 62a6a54d-48f2-4b17-b3bb-330c0f3eaabb: cophenetic index 9548; 3.8 s; peak memory 756 MiB.
2026-10-05T23:13:54Z INFO [532/3678] 62a6c3d9-34f6-42f9-bc2f-40ab2a34639e: cophenetic index 1228; 0.6 s; peak memory 756 MiB.
2026-10-05T23:13:55Z INFO [533/3678] 62a6ed71-f790-456e-b794-ba6310fbdd07: cophenetic index 2625; 1.0 s; peak memory 756 MiB.
2026-10-05T23:13:56Z INFO [534/3678] 62a9955a-b34d-468f-beae-3c066a8eb69d: cophenetic index 624; 1.0 s; peak memory 756 MiB.
2026-10-05T23:13:57Z INFO [535/3678] 62aa32ad-e2b5-4209-a74d-b010bd6033e6: cophenetic index 431; 1.0 s; peak memory 756 MiB.
2026-10-05T23:13:58Z INFO [536/3678] 62aa462a-5362-4057-b3c7-c5dd0ab84969: cophenetic index 33968; 1.4 s; peak memory 756 MiB.
2026-10-05T23:14:01Z INFO [537/3678] 62aa7a54-8bea-46a1-b1c9-9698ca4cb24a: cophenetic index 15412; 2.2 s; peak memory 756 MiB.
2026-10-05T23:14:02Z INFO [538/3678] 62aae2e9-ba02-4f48-a470-b6dbb7322363: cophenetic index 2625; 1.2 s; peak memory 756 MiB.
2026-10-05T23:14:03Z INFO [539/3678] 62aae75b-e537-4cba-a261-a5083d85ccc9: cophenetic index 624; 0.7 s; peak memory 756 MiB.
2026-10-05T23:14:03Z INFO [540/3678] 62aafba2-e7bf-4a67-af21-c524ea6c5d9f: cophenetic index 2625; 1.0 s; peak memory 756 MiB.
2026-10-05T23:14:04Z INFO [541/3678] 62ab0120-641b-4217-8520-c85b1079fdbc: cophenetic index 3087; 0.7 s; peak memory 756 MiB.
2026-10-05T23:14:05Z INFO [542/3678] 62ab5424-09c7-4463-8969-b4f5d2abd8bd: cophenetic index 413; 0.8 s; peak memory 756 MiB.
2026-10-05T23:14:07Z INFO [543/3678] 62abb565-d7cc-489c-9e35-d5d4fe3e76b1: cophenetic index 33998; 1.8 s; peak memory 756 MiB.
2026-10-05T23:14:07Z INFO [544/3678] 62abb818-14cb-418c-a3d9-f423ee072704: cophenetic index 490; 0.5 s; peak memory 756 MiB.
2026-10-05T23:14:08Z INFO [545/3678] 62abc4f3-19cd-45fb-a645-86acbcd13bcb: cophenetic index 1087; 1.1 s; peak memory 756 MiB.
2026-10-05T23:14:09Z INFO [546/3678] 62ac145c-acde-4bff-80c6-c356f5451ae1: cophenetic index 2570; 0.8 s; peak memory 756 MiB.
2026-10-05T23:14:10Z INFO [547/3678] 62ad7752-1793-4483-a993-8e5cf69e90d8: cophenetic index 624; 0.7 s; peak memory 756 MiB.
2026-10-05T23:14:12Z INFO [548/3678] 62ae136e-b13a-4673-b226-4677d008897e: cophenetic index 959; 2.3 s; peak memory 756 MiB.
2026-10-05T23:14:16Z INFO [549/3678] 62aebc57-c7c4-4871-bd5c-84e53909060d: cophenetic index 14137; 4.1 s; peak memory 756 MiB.
2026-10-05T23:14:17Z INFO [550/3678] 62af5086-90ae-4e55-90cc-e2e21348873d: cophenetic index 624; 0.8 s; peak memory 756 MiB.
2026-10-05T23:14:17Z INFO [550/3678] 62af5086-90ae-4e55-90cc-e2e21348873d: checkpointed 94348 records.
2026-10-05T23:14:18Z INFO [551/3678] 62af6647-71cd-4c96-b512-12fd999c70ef: cophenetic index 23224; 1.1 s; peak memory 756 MiB.
2026-10-05T23:14:19Z INFO [552/3678] 62b0a1aa-59c7-45b4-ac9c-a46fbc48deb1: cophenetic index 490; 0.5 s; peak memory 756 MiB.
2026-10-05T23:14:20Z INFO [553/3678] 62b0a3ce-7734-4062-98a0-e907cf2a0f6f: cophenetic index 624; 0.8 s; peak memory 756 MiB.
2026-10-05T23:14:21Z INFO [554/3678] 62b0bb7c-66b5-48f8-b5d3-8c89e22422d3: cophenetic index 33962; 1.1 s; peak memory 756 MiB.
2026-10-05T23:14:21Z INFO [555/3678] 62b1f541-e42e-40b5-be7c-cd5d6037fbdd: cophenetic index 624; 0.7 s; peak memory 756 MiB.
2026-10-05T23:14:22Z INFO [556/3678] 62b2339a-af48-4e98-b8e3-f6386534022c: cophenetic index 649; 0.9 s; peak memory 756 MiB.
2026-10-05T23:14:23Z INFO [557/3678] 62b26862-6e64-4981-bfd8-5a6617f1f88f: cophenetic index 624; 0.8 s; peak memory 756 MiB.
2026-10-05T23:14:25Z INFO [558/3678] 62b2b26a-7363-4e42-8205-de67591a8fb3: cophenetic index 2402; 1.6 s; peak memory 756 MiB.
2026-10-05T23:14:25Z INFO [559/3678] 62b2ded3-06a5-4276-ade6-7efb007d3d65: cophenetic index 560; 0.6 s; peak memory 756 MiB.
2026-10-05T23:14:26Z INFO [560/3678] 62b30ffa-ec42-4449-b964-55c40e9ef28a: cophenetic index 624; 0.8 s; peak memory 756 MiB.
2026-10-05T23:14:31Z INFO [561/3678] 62b39a15-07c4-4786-9ff3-ad18a46ec66d: cophenetic index 9592; 4.4 s; peak memory 756 MiB.
2026-10-05T23:14:31Z INFO [562/3678] 62b39c53-b606-4a40-9c1b-acf888fbca54: cophenetic index 23794; 0.8 s; peak memory 756 MiB.
2026-10-05T23:14:40Z INFO [563/3678] 62b3c895-b8c0-478b-8638-0ecc47afc680: cophenetic index 254379; 8.9 s; peak memory 756 MiB.
2026-10-05T23:14:41Z INFO [564/3678] 62b5daf7-e200-45a7-8480-539413460ec4: cophenetic index 1602; 0.6 s; peak memory 756 MiB.
2026-10-05T23:14:42Z INFO [565/3678] 62b6d4f0-733b-447c-b86b-c5f23b3a9d1a: cophenetic index 624; 0.8 s; peak memory 756 MiB.
2026-10-05T23:14:43Z INFO [566/3678] 62baf000-e84a-4a2e-b9f3-7ef85897c4ef: cophenetic index 2625; 1.1 s; peak memory 756 MiB.
2026-10-05T23:14:43Z INFO [567/3678] 62baf4d9-ef38-4f22-aee4-d776d6f6a78e: cophenetic index 3087; 0.7 s; peak memory 756 MiB.
2026-10-05T23:14:44Z INFO [568/3678] 62bbb89c-c50a-47d2-86ea-967927f218bd: cophenetic index 490; 0.4 s; peak memory 756 MiB.
2026-10-05T23:14:44Z INFO [569/3678] 62bbde60-fd94-4bbf-803b-74e6b86a016d: cophenetic index 490; 0.5 s; peak memory 756 MiB.
2026-10-05T23:14:45Z INFO [570/3678] 62bc1a5c-2d03-4f21-8baf-82a1d44277e4: cophenetic index 447; 0.6 s; peak memory 756 MiB.
2026-10-05T23:14:46Z INFO [571/3678] 62bc48de-7556-4c80-9290-812861a27e5b: cophenetic index 624; 0.8 s; peak memory 756 MiB.
2026-10-05T23:14:47Z INFO [572/3678] 62be5ff5-bfc6-4ad4-b430-45961310d54d: cophenetic index 3004; 0.8 s; peak memory 756 MiB.
2026-10-05T23:14:53Z INFO [573/3678] 62be6d0f-983b-450d-9284-27cba21b877d: cophenetic index 55108; 6.1 s; peak memory 756 MiB.
2026-10-05T23:14:54Z INFO [574/3678] 62bf1641-9867-436e-8629-b06b37698c15: cophenetic index 3087; 0.8 s; peak memory 756 MiB.
2026-10-05T23:14:54Z INFO [575/3678] 62bf4633-b04f-4056-bc63-8540815748c3: cophenetic index 433; 0.4 s; peak memory 756 MiB.
2026-10-05T23:14:55Z INFO [576/3678] 62bfc333-e4b0-4229-9874-8840c81641ac: cophenetic index 624; 0.8 s; peak memory 756 MiB.
2026-10-05T23:14:56Z INFO [577/3678] 62c03e5f-4313-4e74-a125-14dbef08a62c: cophenetic index 653; 0.9 s; peak memory 756 MiB.
2026-10-05T23:14:57Z INFO [578/3678] 62c0aedb-dae9-49dc-acff-9007b9006e42: cophenetic index 2625; 1.0 s; peak memory 756 MiB.
2026-10-05T23:14:57Z INFO [579/3678] 62c1f137-addb-4237-b2dd-c5ef3b8c7e68: cophenetic index 490; 0.5 s; peak memory 756 MiB.
2026-10-05T23:15:02Z INFO [580/3678] 62c22a2e-3e71-4d9a-b164-f88572e45df5: cophenetic index 14371; 5.2 s; peak memory 756 MiB.
2026-10-05T23:15:03Z INFO [581/3678] 62c2aad3-b798-42da-ac84-f5edb371f3c3: cophenetic index 490; 0.5 s; peak memory 756 MiB.
2026-10-05T23:15:04Z INFO [582/3678] 62c3a12e-4dab-4879-a282-30c74e2db6ec: cophenetic index 2402; 1.5 s; peak memory 756 MiB.
2026-10-05T23:15:05Z INFO [583/3678] 62c3dfe7-f86b-41e2-a459-f1ec3ef98eca: cophenetic index 759; 0.6 s; peak memory 756 MiB.
2026-10-05T23:15:06Z INFO [584/3678] 62c3eeaa-2c35-4844-b418-e2b3eecbff5f: cophenetic index 649; 0.7 s; peak memory 756 MiB.
2026-10-05T23:15:06Z INFO [585/3678] 62c4d78f-18c4-4e25-9a6e-a1736fd8c752: cophenetic index 624; 0.7 s; peak memory 756 MiB.
2026-10-05T23:15:07Z INFO [586/3678] 62c599e6-6650-492c-b595-5db2aa2d0af4: cophenetic index 3135; 0.7 s; peak memory 756 MiB.
2026-10-05T23:15:08Z INFO [587/3678] 62c60148-38b3-4ab1-b81f-6df569950a92: cophenetic index 3004; 0.8 s; peak memory 756 MiB.
2026-10-05T23:15:09Z INFO [588/3678] 62c65b20-ccb1-4df4-9a80-cac16965e5fd: cophenetic index 649; 0.9 s; peak memory 756 MiB.
2026-10-05T23:15:11Z INFO [589/3678] 62c705a4-45d5-48ab-8fa5-c7a6eb960f38: cophenetic index 33998; 1.9 s; peak memory 756 MiB.
2026-10-05T23:15:11Z INFO [590/3678] 62c88ce2-e578-49a8-ba19-c7e79d58ef26: cophenetic index 431; 0.5 s; peak memory 756 MiB.
2026-10-05T23:15:12Z INFO [591/3678] 62c948ff-7840-4b04-ac5f-1bcd589916db: cophenetic index 729; 0.6 s; peak memory 756 MiB.
2026-10-05T23:15:12Z INFO [592/3678] 62c97fd4-6df1-4f36-89e9-6a33242f532c: cophenetic index 431; 0.7 s; peak memory 756 MiB.
2026-10-05T23:15:13Z INFO [593/3678] 62c986ee-f544-44b6-86b6-4490f6e48fdb: cophenetic index 3004; 0.8 s; peak memory 756 MiB.
2026-10-05T23:15:19Z INFO [594/3678] 62cac4f4-4406-4968-b390-237e8b9b2dc5: cophenetic index 173079; 6.0 s; peak memory 756 MiB.
2026-10-05T23:15:24Z INFO [595/3678] 62caec41-89f5-4197-84bb-759932031380: cophenetic index 12152; 4.5 s; peak memory 756 MiB.
2026-10-05T23:15:28Z INFO [596/3678] 62cb0639-f1ae-4b87-b42f-b495d76f5c66: cophenetic index 12973; 3.9 s; peak memory 756 MiB.
2026-10-05T23:15:28Z INFO [597/3678] 62cb13d1-56c2-45db-8458-232fcd0e695d: cophenetic index 33818; 0.9 s; peak memory 756 MiB.
2026-10-05T23:15:30Z INFO [598/3678] 62cb7be8-9377-43de-831d-2c2e86919992: cophenetic index 2625; 1.4 s; peak memory 756 MiB.
2026-10-05T23:15:31Z INFO [599/3678] 62cc29ba-5e02-42f0-99d1-9705585f3b15: cophenetic index 3004; 0.8 s; peak memory 756 MiB.
2026-10-05T23:15:31Z INFO [600/3678] 62cc38da-03f0-41b6-ae59-8d1986a54f73: cophenetic index 624; 0.6 s; peak memory 756 MiB.
2026-10-05T23:15:31Z INFO [600/3678] 62cc38da-03f0-41b6-ae59-8d1986a54f73: checkpointed 94398 records.
2026-10-05T23:15:32Z INFO [601/3678] 62cc5f83-4544-470f-8016-aae51af4df6a: cophenetic index 624; 0.7 s; peak memory 756 MiB.
2026-10-05T23:15:33Z INFO [602/3678] 62cca76e-ff59-4303-9604-9d2d4e3b9418: cophenetic index 624; 0.8 s; peak memory 756 MiB.
2026-10-05T23:15:34Z INFO [603/3678] 62cd20fe-c9f7-4014-8ffb-cd271f32a32f: cophenetic index 624; 0.7 s; peak memory 756 MiB.
2026-10-05T23:15:34Z INFO [604/3678] 62cd29f3-4249-421a-bd72-ff4814000e15: cophenetic index 2625; 0.9 s; peak memory 756 MiB.
2026-10-05T23:15:36Z INFO [605/3678] 62ce42d9-0d40-4c0d-b437-cfc51ae62bcb: cophenetic index 33968; 1.3 s; peak memory 756 MiB.
2026-10-05T23:15:37Z INFO [606/3678] 62ced1ea-c408-4623-9162-e2546182ef0a: cophenetic index 3057; 0.9 s; peak memory 756 MiB.
2026-10-05T23:15:37Z INFO [607/3678] 62ceebe8-44fa-4cfc-9038-31c157c218a7: cophenetic index 624; 0.6 s; peak memory 756 MiB.
2026-10-05T23:15:38Z INFO [608/3678] 62cef0ab-a0dd-4a84-9d16-6b694f4f6669: cophenetic index 490; 0.5 s; peak memory 756 MiB.
2026-10-05T23:15:39Z INFO [609/3678] 62cfe006-0668-46b6-9547-27ebd1cb480f: cophenetic index 649; 0.7 s; peak memory 756 MiB.
2026-10-05T23:15:39Z INFO [610/3678] 62d07621-5e96-4be3-8f0a-de2edd3913e0: cophenetic index 452; 0.9 s; peak memory 756 MiB.
2026-10-05T23:15:52Z INFO [611/3678] 62d2d12d-0aea-4bf6-bf86-fe13e040e1f5: cophenetic index 42755; 12.6 s; peak memory 756 MiB.
2026-10-05T23:15:53Z INFO [612/3678] 62d34258-0410-4dab-b83c-f7f5b664a856: cophenetic index 2625; 1.0 s; peak memory 756 MiB.
2026-10-05T23:15:55Z INFO [613/3678] 62d37220-d42c-479a-9eb4-c57275d1eab2: cophenetic index 33998; 1.5 s; peak memory 756 MiB.
2026-10-05T23:15:55Z INFO [614/3678] 62d4e6af-5a5c-457c-b7af-823043a8ec48: cophenetic index 649; 0.9 s; peak memory 756 MiB.
2026-10-05T23:15:56Z INFO [615/3678] 62d52e56-6d1e-4ee2-a445-9a6ac46001be: cophenetic index 624; 0.8 s; peak memory 756 MiB.
2026-10-05T23:16:10Z INFO [616/3678] 62d59b22-608d-4266-9952-9ee2d158c7f8: cophenetic index 28825906; 14.0 s; peak memory 756 MiB.
2026-10-05T23:16:11Z INFO [617/3678] 62d5fa3a-99bb-4373-89af-b0773a160a89: cophenetic index 33986; 1.0 s; peak memory 756 MiB.
2026-10-05T23:16:12Z INFO [618/3678] 62d6d34d-3f3f-43a2-933d-e2056e367d88: cophenetic index 723; 0.7 s; peak memory 756 MiB.
2026-10-05T23:16:13Z INFO [619/3678] 62d74353-5d37-4745-bb4d-5c6bdc20d95f: cophenetic index 3087; 0.8 s; peak memory 756 MiB.
2026-10-05T23:16:14Z INFO [620/3678] 62d77b21-8f27-4ec4-912a-4bfbe1c41ab3: cophenetic index 624; 0.9 s; peak memory 756 MiB.
2026-10-05T23:16:15Z INFO [621/3678] 62d7d298-e94c-4822-9dc6-c4bfb5a455de: cophenetic index 2570; 1.0 s; peak memory 756 MiB.
2026-10-05T23:16:16Z INFO [622/3678] 62d934dc-9617-4054-bb2d-91060613dff7: cophenetic index 99138; 1.0 s; peak memory 756 MiB.
2026-10-05T23:16:16Z INFO [623/3678] 62d96d49-dd96-456b-9eec-de8891b82a57: cophenetic index 624; 0.7 s; peak memory 756 MiB.
2026-10-05T23:16:19Z INFO [624/3678] 62da80d4-681e-49aa-b269-57179445687f: cophenetic index 2524; 2.0 s; peak memory 756 MiB.
2026-10-05T23:16:19Z INFO [625/3678] 62dab4cd-5ea0-46e2-a948-771bd876e8e2: cophenetic index 3004; 0.9 s; peak memory 756 MiB.
2026-10-05T23:16:25Z INFO [626/3678] 62dab4e4-d63e-431b-8a77-60d73b55bde1: cophenetic index 78949; 5.8 s; peak memory 756 MiB.
2026-10-05T23:16:27Z INFO [627/3678] 62dabc3e-9ea6-4206-b63e-9df5b6f799d5: cophenetic index 23259; 1.4 s; peak memory 756 MiB.
2026-10-05T23:16:28Z INFO [628/3678] 62daec72-2e68-4f8c-8260-3c05aaeddcb1: cophenetic index 30304; 1.1 s; peak memory 756 MiB.
2026-10-05T23:16:30Z INFO [629/3678] 62db8a94-db49-470c-a59c-43c8ffad9bf2: cophenetic index 2469; 1.8 s; peak memory 756 MiB.
2026-10-05T23:16:30Z INFO [630/3678] 62de0be2-dcbd-4cdc-a00d-411763395ef4: cophenetic index 33958; 0.8 s; peak memory 756 MiB.
2026-10-05T23:16:31Z INFO [631/3678] 62de76b7-ae0c-4e6b-94eb-0d1ac478df57: cophenetic index 2625; 1.1 s; peak memory 756 MiB.
2026-10-05T23:16:32Z INFO [632/3678] 62dea948-2243-4dcd-989d-bda76f3de0a7: cophenetic index 3004; 1.0 s; peak memory 756 MiB.
2026-10-05T23:16:33Z INFO [633/3678] 62decce0-cd1d-4fa2-b830-99bea5e15567: cophenetic index 624; 0.8 s; peak memory 756 MiB.
2026-10-05T23:16:35Z INFO [634/3678] 62df47fe-5b6a-4bb1-8664-7daa7f545a02: cophenetic index 457; 1.7 s; peak memory 756 MiB.
2026-10-05T23:16:36Z INFO [635/3678] 62df9dcc-bba4-47bf-8b98-9a9e1ea755a2: cophenetic index 3004; 0.9 s; peak memory 756 MiB.
2026-10-05T23:16:37Z INFO [636/3678] 62e03298-0d58-496c-9929-5d75e4e23670: cophenetic index 13320; 1.0 s; peak memory 756 MiB.
2026-10-05T23:16:38Z INFO [637/3678] 62e1279f-f378-4d4d-9877-d500df69b855: cophenetic index 2625; 0.9 s; peak memory 756 MiB.
2026-10-05T23:16:42Z INFO [638/3678] 62e1d0fa-2b6f-4fb6-9bac-cbef68f0e12f: cophenetic index 9548; 4.2 s; peak memory 756 MiB.
2026-10-05T23:16:43Z INFO [639/3678] 62e269f9-f357-4840-a2e1-76f33dd6933b: cophenetic index 2625; 1.1 s; peak memory 756 MiB.
2026-10-05T23:16:47Z INFO [640/3678] 62e2bc74-1804-4227-a546-2b4752dabcef: cophenetic index 40023; 4.0 s; peak memory 756 MiB.
2026-10-05T23:16:47Z INFO [641/3678] 62e2ceb6-8a59-49f3-9336-6069ab46e82b: cophenetic index 629; 0.4 s; peak memory 756 MiB.
2026-10-05T23:16:48Z INFO [642/3678] 62e31daa-e696-45e5-a9be-9cc5ca7b6f8b: cophenetic index 624; 1.0 s; peak memory 756 MiB.
2026-10-05T23:16:49Z INFO [643/3678] 62e332fd-34b3-40f6-8592-d68e6c2ed254: cophenetic index 590; 0.9 s; peak memory 756 MiB.
2026-10-05T23:16:50Z INFO [644/3678] 62e396dc-1015-474f-988c-468de8685475: cophenetic index 3087; 1.0 s; peak memory 756 MiB.
2026-10-05T23:16:51Z INFO [645/3678] 62e4c51d-b749-40e0-8885-0cc3277eec67: cophenetic index 99120; 1.2 s; peak memory 756 MiB.
2026-10-05T23:16:52Z INFO [646/3678] 62e4dfff-a3c2-4b64-b53e-eb3f967bbf0e: cophenetic index 431; 0.9 s; peak memory 756 MiB.
2026-10-05T23:16:53Z INFO [647/3678] 62e4f213-308f-4978-89bf-8860412d50cd: cophenetic index 624; 0.7 s; peak memory 756 MiB.
2026-10-05T23:16:54Z INFO [648/3678] 62e58de6-084f-44ae-b87c-53399bc83e15: cophenetic index 3087; 0.9 s; peak memory 756 MiB.
2026-10-05T23:16:56Z INFO [649/3678] 62e5f8ed-4c5b-476e-91fb-0e2b6042cfa2: cophenetic index 2402; 1.9 s; peak memory 756 MiB.
2026-10-05T23:16:57Z INFO [650/3678] 62e61e24-b2c3-4d7b-acf0-bf9eba61b64c: cophenetic index 1087; 1.2 s; peak memory 756 MiB.
2026-10-05T23:16:57Z INFO [650/3678] 62e61e24-b2c3-4d7b-acf0-bf9eba61b64c: checkpointed 94448 records.
2026-10-05T23:17:05Z INFO [651/3678] 62e67341-aa3c-4252-a039-a3ab200b8085: cophenetic index 308994; 7.9 s; peak memory 756 MiB.
2026-10-05T23:17:06Z INFO [652/3678] 62e69634-53c1-4deb-b825-a84e1b6fb65c: cophenetic index 1087; 1.1 s; peak memory 756 MiB.
2026-10-05T23:17:07Z INFO [653/3678] 62e699ec-c90d-4ff6-a7da-3ab741eb948a: cophenetic index 907; 0.7 s; peak memory 756 MiB.
2026-10-05T23:17:07Z INFO [654/3678] 62e69d9c-f860-46a9-abd4-36aa34bdebf2: cophenetic index 490; 0.5 s; peak memory 756 MiB.
2026-10-05T23:17:08Z INFO [655/3678] 62e6ef55-9ff1-420f-bb08-5e2092a0e8d2: cophenetic index 649; 0.9 s; peak memory 756 MiB.
2026-10-05T23:17:09Z INFO [656/3678] 62e7d8cf-3740-4366-bf72-a7521c9a0333: cophenetic index 3087; 0.8 s; peak memory 756 MiB.
2026-10-05T23:17:10Z INFO [657/3678] 62e7f091-b4d1-4a51-8ed0-32588235d8d9: cophenetic index 2625; 0.7 s; peak memory 756 MiB.
2026-10-05T23:17:11Z INFO [658/3678] 62e839aa-33ba-4a73-a558-f86af9bf54aa: cophenetic index 2974; 0.8 s; peak memory 756 MiB.
2026-10-05T23:17:11Z INFO [659/3678] 62e89d42-3cda-4db6-8cd5-a25d950cb0a6: cophenetic index 649; 0.7 s; peak memory 756 MiB.
2026-10-05T23:17:12Z INFO [660/3678] 62e96e2e-dbc4-4f92-86b1-4cebd57f3e75: cophenetic index 624; 0.6 s; peak memory 756 MiB.
2026-10-05T23:17:13Z INFO [661/3678] 62e98ff9-d1ba-43d0-9fb9-d81f0bff90ec: cophenetic index 624; 0.7 s; peak memory 756 MiB.
2026-10-05T23:17:18Z INFO [662/3678] 62e9a316-b5d9-44f8-b4e6-bcb002576ece: cophenetic index 166722; 5.7 s; peak memory 756 MiB.
2026-10-05T23:17:19Z INFO [663/3678] 62eab320-a08c-4082-90c3-5bb76aececaa: cophenetic index 624; 0.8 s; peak memory 756 MiB.
2026-10-05T23:17:20Z INFO [664/3678] 62eb0f92-5414-4d0d-ba19-7c65b63f1c0a: cophenetic index 3004; 0.8 s; peak memory 756 MiB.
2026-10-05T23:17:21Z INFO [665/3678] 62ec0491-4d02-4542-817a-1e3f3c8be3ef: cophenetic index 581; 0.8 s; peak memory 756 MiB.
2026-10-05T23:17:22Z INFO [666/3678] 62ec57ab-18f2-4f8b-8d23-312c697615ab: cophenetic index 33962; 1.1 s; peak memory 756 MiB.
2026-10-05T23:17:23Z INFO [667/3678] 62ed6cca-434f-48bf-86ee-0bd9b8accdd0: cophenetic index 1087; 1.2 s; peak memory 756 MiB.
2026-10-05T23:17:24Z INFO [668/3678] 62edc224-0a90-4ea5-a521-0ecf79370ade: cophenetic index 624; 0.8 s; peak memory 756 MiB.
2026-10-05T23:17:25Z INFO [669/3678] 62edd109-3794-4f3d-8e1e-779fa86bb64f: cophenetic index 581; 0.8 s; peak memory 756 MiB.
2026-10-05T23:17:25Z INFO [670/3678] 62eec640-bf04-4800-b40e-0509bf9a1803: cophenetic index 490; 0.6 s; peak memory 756 MiB.
2026-10-05T23:17:28Z INFO [671/3678] 62efa0b9-7896-4cfb-b534-c915d7f2f32f: cophenetic index 2682; 2.5 s; peak memory 756 MiB.
2026-10-05T23:17:28Z INFO [672/3678] 62efae71-e18d-412e-8fad-19bb07ea89ac: cophenetic index 3004; 0.7 s; peak memory 756 MiB.
2026-10-05T23:17:30Z INFO [673/3678] 62f0a6a7-a7ff-41bd-9053-5c2b2b487814: cophenetic index 33998; 1.5 s; peak memory 756 MiB.
2026-10-05T23:17:30Z INFO [674/3678] 62f0cbf6-2dc5-4cdb-bf14-ef209277b1e3: cophenetic index 579; 0.5 s; peak memory 756 MiB.
2026-10-05T23:17:31Z INFO [675/3678] 62f0e9d6-0f9f-4a74-85c3-4dc5f550f812: cophenetic index 624; 0.8 s; peak memory 756 MiB.
2026-10-05T23:17:32Z INFO [676/3678] 62f1539b-f88a-4e55-b7c7-eb0568e0ba49: cophenetic index 624; 0.8 s; peak memory 756 MiB.
2026-10-05T23:17:33Z INFO [677/3678] 62f32a6d-ad02-49a6-9a99-804e322bc1b6: cophenetic index 3004; 0.7 s; peak memory 756 MiB.
2026-10-05T23:17:33Z INFO [678/3678] 62f41c76-4f3e-4760-ae2b-d6507a13346d: cophenetic index 3087; 0.7 s; peak memory 756 MiB.
2026-10-05T23:17:39Z INFO [679/3678] 62f43316-3b81-4f7c-96f0-9faf8f308fa4: cophenetic index 48262; 5.7 s; peak memory 756 MiB.
2026-10-05T23:17:40Z INFO [680/3678] 62f4f312-cd59-487d-9c31-c7f2aa662bb0: cophenetic index 3057; 0.8 s; peak memory 756 MiB.
2026-10-05T23:17:41Z INFO [681/3678] 62f50376-6d9e-46cf-afbf-b2bcc4d049d6: cophenetic index 2625; 1.3 s; peak memory 756 MiB.
2026-10-05T23:17:42Z INFO [682/3678] 62f50dd1-1abe-45f5-8c4c-f2ab3966db4f: cophenetic index 3004; 0.8 s; peak memory 756 MiB.
2026-10-05T23:17:43Z INFO [683/3678] 62f68ec1-b48b-48a0-a094-c7b7e18d38f3: cophenetic index 690; 0.6 s; peak memory 756 MiB.
2026-10-05T23:17:43Z INFO [684/3678] 62f86178-d3ee-41d5-8986-dc316303796d: cophenetic index 490; 0.4 s; peak memory 756 MiB.
2026-10-05T23:17:44Z INFO [685/3678] 62f89426-c4db-4812-b626-7b49cc1695cd: cophenetic index 1739; 0.9 s; peak memory 756 MiB.
2026-10-05T23:17:55Z INFO [686/3678] 62f90bfc-e258-4f4e-98bf-d4d11f50a861: cophenetic index 591528; 10.6 s; peak memory 756 MiB.
2026-10-05T23:17:57Z INFO [687/3678] 62fa2dd4-ec80-419b-ae3b-d73c49d2f875: cophenetic index 1970; 2.1 s; peak memory 756 MiB.
2026-10-05T23:17:57Z INFO [688/3678] 62fc05ef-79d7-4824-b77e-a014e0863df4: cophenetic index 624; 0.8 s; peak memory 756 MiB.
2026-10-05T23:17:59Z INFO [689/3678] 62fc5a35-fbc7-468f-9418-581383f43308: cophenetic index 2625; 1.1 s; peak memory 756 MiB.
2026-10-05T23:18:01Z INFO [690/3678] 62fc61df-79e6-44bb-9060-8fc55cfdf6c1: cophenetic index 2236; 2.4 s; peak memory 756 MiB.
2026-10-05T23:18:02Z INFO [691/3678] 62fc7a46-ddc8-4933-92c2-e99bb948181c: cophenetic index 624; 0.7 s; peak memory 756 MiB.
2026-10-05T23:18:03Z INFO [692/3678] 62fc7e98-7732-4569-83f7-755d484400e3: cophenetic index 624; 1.0 s; peak memory 756 MiB.
2026-10-05T23:18:08Z INFO [693/3678] 62fd22c9-56eb-479a-bb34-7d2fab2fa01e: cophenetic index 129636; 5.5 s; peak memory 756 MiB.
2026-10-05T23:18:10Z INFO [694/3678] 62fe23d0-5c02-439d-a974-fdcf696127c6: cophenetic index 1733; 1.9 s; peak memory 756 MiB.
2026-10-05T23:18:11Z INFO [695/3678] 62ff2341-276f-4d9d-b459-ec185a525c79: cophenetic index 1087; 1.0 s; peak memory 756 MiB.
2026-10-05T23:18:12Z INFO [696/3678] 62ffeb0e-5ef8-4ce9-b3b9-cda41e76a9d8: cophenetic index 560; 0.5 s; peak memory 756 MiB.
2026-10-05T23:18:20Z INFO [697/3678] 630015c2-d5f4-410c-baf5-d497f1fb14e1: cophenetic index 453427; 7.8 s; peak memory 756 MiB.
2026-10-05T23:18:20Z INFO [698/3678] 63001da6-befb-46fd-b307-965988a81441: cophenetic index 627; 0.5 s; peak memory 756 MiB.
2026-10-05T23:18:21Z INFO [699/3678] 630042c2-eb94-446a-8b64-d146c88bbed8: cophenetic index 33986; 1.4 s; peak memory 756 MiB.
2026-10-05T23:18:23Z INFO [700/3678] 63026b02-c169-4cf1-9564-684a687fa5ef: cophenetic index 2391; 2.0 s; peak memory 756 MiB.
2026-10-05T23:18:24Z INFO [700/3678] 63026b02-c169-4cf1-9564-684a687fa5ef: checkpointed 94498 records.
2026-10-05T23:18:24Z INFO [701/3678] 63038e06-8232-4acf-b3df-8b7db8d0a126: cophenetic index 33986; 0.8 s; peak memory 756 MiB.
2026-10-05T23:18:25Z INFO [702/3678] 6303a1fb-2644-4ea8-be68-96fd5432027b: cophenetic index 3004; 0.8 s; peak memory 756 MiB.
2026-10-05T23:18:26Z INFO [703/3678] 6303a48f-7ed5-432d-a6bc-52c0900d295b: cophenetic index 3087; 1.0 s; peak memory 756 MiB.
2026-10-05T23:18:27Z INFO [704/3678] 630415ac-f8a2-42ff-ac14-7eb61daf1684: cophenetic index 6435; 0.8 s; peak memory 756 MiB.
2026-10-05T23:18:27Z INFO [705/3678] 63049d97-6a51-4377-ae62-59de8ccfc75a: cophenetic index 637; 0.5 s; peak memory 756 MiB.
2026-10-05T23:18:35Z INFO [706/3678] 6304ab7c-946f-4841-a5c7-4c064d1dafc8: cophenetic index 49773; 7.1 s; peak memory 756 MiB.
2026-10-05T23:18:36Z INFO [707/3678] 6305db95-c805-435e-a063-b1f9c7385552: cophenetic index 26986; 1.1 s; peak memory 756 MiB.
2026-10-05T23:18:36Z INFO [708/3678] 6305f04d-1a1c-46d1-8ec4-edba6c393a69: cophenetic index 797; 0.4 s; peak memory 756 MiB.
2026-10-05T23:18:37Z INFO [709/3678] 63063cde-1d2e-44cd-9d3f-1f3f92b2e23e: cophenetic index 512; 0.8 s; peak memory 756 MiB.
2026-10-05T23:18:38Z INFO [710/3678] 6308235d-3207-4578-adc3-ebbaa93fadae: cophenetic index 3087; 0.8 s; peak memory 756 MiB.
2026-10-05T23:18:38Z INFO [711/3678] 63087404-a878-4140-9787-f772b111f3d8: cophenetic index 2570; 0.9 s; peak memory 756 MiB.
2026-10-05T23:18:39Z INFO [712/3678] 6309e8fe-0609-47a0-a9d9-1719dce6c51a: cophenetic index 3004; 0.7 s; peak memory 756 MiB.
2026-10-05T23:18:41Z INFO [713/3678] 630a2b7f-b1b5-4093-a6df-1af40a7c07b7: cophenetic index 2402; 1.9 s; peak memory 756 MiB.
2026-10-05T23:18:42Z INFO [714/3678] 630a39cc-f1f1-4b22-8e26-282f78653f92: cophenetic index 624; 0.7 s; peak memory 756 MiB.
2026-10-05T23:18:43Z INFO [715/3678] 630a5f4b-8cdf-43d2-9db3-26bb7be226c3: cophenetic index 539; 0.8 s; peak memory 756 MiB.
2026-10-05T23:18:51Z INFO [716/3678] 630c6ef9-121a-4c61-a685-de48cd2cb975: cophenetic index 231073; 8.0 s; peak memory 756 MiB.
2026-10-05T23:18:51Z INFO [717/3678] 630d12d3-d1db-4747-9047-8c8d5cfd0ee9: cophenetic index 729; 0.5 s; peak memory 756 MiB.
2026-10-05T23:18:57Z INFO [718/3678] 630d5922-1e97-4fc3-817d-f5692381e615: cophenetic index 14478; 6.2 s; peak memory 756 MiB.
2026-10-05T23:18:58Z INFO [719/3678] 630d7aca-74bf-4758-a823-39efb0e7a852: cophenetic index 624; 0.8 s; peak memory 756 MiB.
2026-10-05T23:18:59Z INFO [720/3678] 630e3c85-1d66-4ede-877f-0cdc4e2ee19c: cophenetic index 401; 0.5 s; peak memory 756 MiB.
2026-10-05T23:19:04Z INFO [721/3678] 630e3f1e-3a77-4f0a-8739-a5f893b7ac23: cophenetic index 38534; 5.0 s; peak memory 756 MiB.
2026-10-05T23:19:04Z INFO [722/3678] 630f5d1f-02a1-48db-9de6-68a2df86fc13: cophenetic index 624; 0.7 s; peak memory 756 MiB.
2026-10-05T23:19:05Z INFO [723/3678] 63107b17-2e9e-4acb-b1e3-235b4bf7f516: cophenetic index 1751; 1.1 s; peak memory 756 MiB.
2026-10-05T23:19:07Z INFO [724/3678] 63109529-6c48-470a-8643-7bdb85815519: cophenetic index 2523; 1.1 s; peak memory 756 MiB.
2026-10-05T23:19:08Z INFO [725/3678] 6310dc00-c5f5-4a4c-b073-063cf6504ab2: cophenetic index 605; 1.0 s; peak memory 756 MiB.
2026-10-05T23:19:09Z INFO [726/3678] 6310f53e-4ada-4038-93df-e8f46767ef52: cophenetic index 613; 1.3 s; peak memory 756 MiB.
2026-10-05T23:19:11Z INFO [727/3678] 631132e2-c1fc-433f-b7cf-f7fb65c4d000: cophenetic index 5473; 2.0 s; peak memory 756 MiB.
2026-10-05T23:19:13Z INFO [728/3678] 63122b40-e167-4fa5-91dc-c882d6be0802: cophenetic index 2469; 1.9 s; peak memory 756 MiB.
2026-10-05T23:19:13Z INFO [729/3678] 631231cb-1890-46fb-85b2-7dcf24e99bbf: cophenetic index 624; 0.8 s; peak memory 756 MiB.
2026-10-05T23:19:14Z INFO [730/3678] 63123804-aebc-44a8-9fae-d11e2518ec49: cophenetic index 2625; 0.9 s; peak memory 756 MiB.
2026-10-05T23:19:15Z INFO [731/3678] 6312814f-39dd-4b57-993f-88bfc4a4ea5d: cophenetic index 33968; 1.2 s; peak memory 756 MiB.
2026-10-05T23:19:17Z INFO [732/3678] 6313aee7-e912-4cf6-a959-1e09daa02867: cophenetic index 2402; 1.7 s; peak memory 756 MiB.
2026-10-05T23:19:18Z INFO [733/3678] 6313b21c-e2e6-4744-990d-5ac7769b4122: cophenetic index 401; 0.4 s; peak memory 756 MiB.
2026-10-05T23:19:18Z INFO [734/3678] 63151442-71fc-4bf9-ba4f-b2e88ef20883: cophenetic index 624; 0.7 s; peak memory 756 MiB.
2026-10-05T23:19:19Z INFO [735/3678] 63155723-aacd-4cc8-9492-1eccb629f93e: cophenetic index 624; 0.5 s; peak memory 756 MiB.
2026-10-05T23:19:20Z INFO [736/3678] 6316211a-aebb-4119-a077-7fa4368fc3b9: cophenetic index 624; 0.8 s; peak memory 756 MiB.
2026-10-05T23:19:20Z INFO [737/3678] 63165492-f6cb-497c-825f-97565d0e9309: cophenetic index 569; 0.8 s; peak memory 756 MiB.
2026-10-05T23:19:21Z INFO [738/3678] 6317ab96-da9d-4795-b90b-f10116ef212d: cophenetic index 729; 0.6 s; peak memory 756 MiB.
2026-10-05T23:19:22Z INFO [739/3678] 6317ccb9-74fe-4310-974c-d4b2b9fd5621: cophenetic index 3004; 1.0 s; peak memory 756 MiB.
2026-10-05T23:19:24Z INFO [740/3678] 6317e956-369e-4633-b4a1-fe254e68742d: cophenetic index 5473; 2.3 s; peak memory 756 MiB.
2026-10-05T23:19:25Z INFO [741/3678] 6317f4fe-0b25-47f4-8c87-02f78296b296: cophenetic index 23864; 1.0 s; peak memory 756 MiB.
2026-10-05T23:19:26Z INFO [742/3678] 63185af4-2dbc-40cb-84c3-a515765f1f04: cophenetic index 624; 0.7 s; peak memory 756 MiB.
2026-10-05T23:19:34Z INFO [743/3678] 6318e492-f84a-48b5-9149-4fab1048e31b: cophenetic index 49847; 8.2 s; peak memory 756 MiB.
2026-10-05T23:19:35Z INFO [744/3678] 63199ff9-aa32-4bc3-ba89-4717e0387212: cophenetic index 624; 0.8 s; peak memory 756 MiB.
2026-10-05T23:19:35Z INFO [745/3678] 631a4344-ee5f-45ef-922c-0a2e77f7cd14: cophenetic index 624; 0.6 s; peak memory 756 MiB.
2026-10-05T23:19:36Z INFO [746/3678] 631ae537-e72a-4202-b746-5e5528112830: cophenetic index 2804; 0.6 s; peak memory 756 MiB.
2026-10-05T23:19:37Z INFO [747/3678] 631b2373-397e-4cf7-bf7d-8077799e59e7: cophenetic index 624; 0.7 s; peak memory 756 MiB.
2026-10-05T23:19:37Z INFO [748/3678] 631c27e1-6875-4ea8-835f-0dd225eec365: cophenetic index 624; 0.8 s; peak memory 756 MiB.
2026-10-05T23:19:39Z INFO [749/3678] 631c9970-5259-44f1-9271-b69944c50e54: cophenetic index 99120; 1.2 s; peak memory 756 MiB.
2026-10-05T23:19:39Z INFO [750/3678] 631cb862-9882-4b8a-bf83-4a594a1cf2ad: cophenetic index 624; 0.7 s; peak memory 756 MiB.
2026-10-05T23:19:40Z INFO [750/3678] 631cb862-9882-4b8a-bf83-4a594a1cf2ad: checkpointed 94548 records.
2026-10-05T23:19:40Z INFO [751/3678] 631d3063-ac8d-41a4-a73e-f9f83f484b57: cophenetic index 3087; 0.8 s; peak memory 756 MiB.
2026-10-05T23:19:41Z INFO [752/3678] 631d7e95-c8d1-4866-9221-9100b035111c: cophenetic index 448; 0.7 s; peak memory 756 MiB.
2026-10-05T23:19:42Z INFO [753/3678] 631e4e6a-e137-4824-9b7d-8767b2e722d2: cophenetic index 2844; 0.8 s; peak memory 756 MiB.
2026-10-05T23:19:46Z INFO [754/3678] 631e7384-aac6-4d3d-aec3-55b7f57866ef: cophenetic index 18122; 3.9 s; peak memory 756 MiB.
2026-10-05T23:19:46Z INFO [755/3678] 631fbdd2-93d7-4c52-9af7-1ac08c778c84: cophenetic index 490; 0.7 s; peak memory 756 MiB.
2026-10-05T23:19:47Z INFO [756/3678] 631fe9c6-2b3e-41b6-8771-b684188cfa2e: cophenetic index 911; 0.9 s; peak memory 756 MiB.
2026-10-05T23:19:49Z INFO [757/3678] 632011f3-2a7b-4f60-825a-dd863896772f: cophenetic index 99150; 1.3 s; peak memory 756 MiB.
2026-10-05T23:19:49Z INFO [758/3678] 63206a4c-0c5d-443f-9f9d-6ab679bb922d: cophenetic index 23370; 0.7 s; peak memory 756 MiB.
2026-10-05T23:19:50Z INFO [759/3678] 6320f8ba-f498-49ca-a34a-9b95e86fa38b: cophenetic index 441; 0.8 s; peak memory 756 MiB.
2026-10-05T23:19:51Z INFO [760/3678] 6321840e-f248-40c8-83a6-a6f1e0db2a8b: cophenetic index 490; 0.6 s; peak memory 756 MiB.
2026-10-05T23:19:53Z INFO [761/3678] 6321a61e-2789-4778-91d2-2f08073adf28: cophenetic index 1970; 2.2 s; peak memory 756 MiB.
2026-10-05T23:19:54Z INFO [762/3678] 6321f1d2-9810-46d0-b191-936b41ce254c: cophenetic index 3004; 1.1 s; peak memory 756 MiB.
2026-10-05T23:19:55Z INFO [763/3678] 63221ce8-9945-4a39-bb25-70782ebdb9a7: cophenetic index 7596; 1.1 s; peak memory 756 MiB.
2026-10-05T23:19:57Z INFO [764/3678] 632273d8-3b74-45a7-923d-5aa6f30df4e1: cophenetic index 33998; 1.5 s; peak memory 756 MiB.
2026-10-05T23:20:04Z INFO [765/3678] 63241a24-c4a3-4553-8bd7-ab3dcd82c738: cophenetic index 46693; 7.4 s; peak memory 756 MiB.
2026-10-05T23:20:05Z INFO [766/3678] 6324339c-f038-4354-bf37-b81b036614b1: cophenetic index 490; 0.5 s; peak memory 756 MiB.
2026-10-05T23:20:07Z INFO [767/3678] 632463ce-fe9b-4a64-9737-1e6b1c39b359: cophenetic index 5473; 2.3 s; peak memory 756 MiB.
2026-10-05T23:20:08Z INFO [768/3678] 63247689-ae5f-4edd-9123-9755e96d001e: cophenetic index 2920; 0.7 s; peak memory 756 MiB.
2026-10-05T23:20:08Z INFO [769/3678] 6324b714-7a15-474b-ab99-d92eea390f85: cophenetic index 448; 0.7 s; peak memory 756 MiB.
2026-10-05T23:20:09Z INFO [770/3678] 63255c79-030d-4dd6-81fb-1933caa0f7d3: cophenetic index 2929; 0.6 s; peak memory 756 MiB.
2026-10-05T23:20:10Z INFO [771/3678] 6325a503-1950-44dd-a044-cf828db67bd2: cophenetic index 624; 0.7 s; peak memory 756 MiB.
2026-10-05T23:20:15Z INFO [772/3678] 6325f301-d453-455a-877a-b5340e3e9a02: cophenetic index 54032; 5.1 s; peak memory 756 MiB.
2026-10-05T23:20:16Z INFO [773/3678] 63269a52-85ad-4f3c-b13b-16766e3f65c1: cophenetic index 1423; 1.2 s; peak memory 756 MiB.
2026-10-05T23:20:17Z INFO [774/3678] 6326d6c9-70ba-483e-95b8-a26635e94d6f: cophenetic index 649; 0.7 s; peak memory 756 MiB.
2026-10-05T23:20:17Z INFO [775/3678] 63282104-62a6-4103-aa21-ca6420dc7a38: cophenetic index 624; 0.7 s; peak memory 756 MiB.
2026-10-05T23:20:19Z INFO [776/3678] 6329b435-8ee3-4d18-b022-969d216432e8: cophenetic index 2609; 2.1 s; peak memory 756 MiB.
2026-10-05T23:20:20Z INFO [777/3678] 6329d479-4f2a-469a-8fbc-ea7351687fac: cophenetic index 23954; 1.0 s; peak memory 756 MiB.
2026-10-05T23:20:21Z INFO [778/3678] 632b5250-42f7-4b28-9a73-ce288153c24d: cophenetic index 1228; 0.6 s; peak memory 756 MiB.
2026-10-05T23:20:28Z INFO [779/3678] 632bd0c0-488b-4d9f-9379-dcf3500c1b11: cophenetic index 195172714; 7.0 s; peak memory 756 MiB.
2026-10-05T23:20:30Z INFO [780/3678] 632c56b5-4762-4919-b871-618d325bb975: cophenetic index 3510; 2.4 s; peak memory 756 MiB.
2026-10-05T23:20:35Z INFO [781/3678] 632cd99f-6006-495a-9e1c-36a174043636: cophenetic index 87573; 4.9 s; peak memory 756 MiB.
2026-10-05T23:20:36Z INFO [782/3678] 632cfe5d-d9b1-42dd-82e9-9345f0039f0d: cophenetic index 624; 0.6 s; peak memory 756 MiB.
2026-10-05T23:20:43Z INFO [783/3678] 632ec968-0769-4cb6-92ae-7246fe5cebc5: cophenetic index 20749; 7.2 s; peak memory 756 MiB.
2026-10-05T23:20:44Z INFO [784/3678] 632fb769-13f3-4def-a3de-21ee686cb23e: cophenetic index 624; 0.8 s; peak memory 756 MiB.
2026-10-05T23:20:52Z INFO [785/3678] 63300e3d-010a-4f0f-95bb-5afc84fecf1a: cophenetic index 34862; 7.7 s; peak memory 756 MiB.
2026-10-05T23:20:52Z INFO [786/3678] 63316bd3-2912-4c7b-9168-e59f993c01c2: cophenetic index 624; 0.6 s; peak memory 756 MiB.
2026-10-05T23:20:53Z INFO [787/3678] 6331b9f9-a1a7-4b4e-a7ed-d1ba0d55e168: cophenetic index 581; 0.7 s; peak memory 756 MiB.
2026-10-05T23:20:54Z INFO [788/3678] 63324ed0-d942-43e8-bacc-05eb05b04d26: cophenetic index 33968; 1.3 s; peak memory 756 MiB.
2026-10-05T23:20:55Z INFO [789/3678] 6333aa37-cc87-45ad-95ec-b5a4c9407879: cophenetic index 3004; 0.9 s; peak memory 756 MiB.
2026-10-05T23:20:57Z INFO [790/3678] 6333b87e-f1a2-4fd2-9abf-cd5070afc44a: cophenetic index 2402; 2.0 s; peak memory 756 MiB.
2026-10-05T23:20:59Z INFO [791/3678] 6334ae3e-365b-4ead-bb1b-6f5abf16e46c: cophenetic index 645; 1.6 s; peak memory 756 MiB.
2026-10-05T23:21:00Z INFO [792/3678] 63363939-6e23-4e7b-bdf5-7fb3695251ae: cophenetic index 972; 1.0 s; peak memory 756 MiB.
2026-10-05T23:21:01Z INFO [793/3678] 63369eaf-d742-425d-a333-306cda250eda: cophenetic index 624; 0.7 s; peak memory 756 MiB.
2026-10-05T23:21:01Z INFO [794/3678] 6336b989-6694-45ee-a022-b1978f846ce2: cophenetic index 624; 0.6 s; peak memory 756 MiB.
2026-10-05T23:21:02Z INFO [795/3678] 63373e06-a669-4b47-926b-4cd4f5ac546c: cophenetic index 3004; 1.0 s; peak memory 756 MiB.
2026-10-05T23:21:03Z INFO [796/3678] 6337b8ea-5959-42d5-846d-e48d4b44d324: cophenetic index 2920; 0.7 s; peak memory 756 MiB.
2026-10-05T23:21:04Z INFO [797/3678] 633889c0-f420-4bb7-9006-0081e281196b: cophenetic index 624; 0.8 s; peak memory 756 MiB.
2026-10-05T23:21:05Z INFO [798/3678] 633af64d-9368-468f-aeb2-7885e60de938: cophenetic index 829; 1.2 s; peak memory 756 MiB.
2026-10-05T23:21:10Z INFO [799/3678] 633bcdcf-8582-40d5-9699-3356431311cc: cophenetic index 6715; 5.0 s; peak memory 756 MiB.
2026-10-05T23:21:10Z INFO [800/3678] 633d2662-182d-488d-acde-b248693347f6: cophenetic index 797; 0.5 s; peak memory 756 MiB.
2026-10-05T23:21:11Z INFO [800/3678] 633d2662-182d-488d-acde-b248693347f6: checkpointed 94598 records.
2026-10-05T23:21:11Z INFO [801/3678] 633d4484-52f4-4ad8-88b4-0769651b5bf1: cophenetic index 624; 0.7 s; peak memory 756 MiB.
2026-10-05T23:21:12Z INFO [802/3678] 633daf5b-5637-47eb-8857-62a6c824a36f: cophenetic index 2923; 0.7 s; peak memory 756 MiB.
2026-10-05T23:21:12Z INFO [803/3678] 633de663-1048-449f-9a69-0d073e121b96: cophenetic index 641; 0.5 s; peak memory 756 MiB.
2026-10-05T23:21:16Z INFO [804/3678] 633dee78-4fdd-4e78-8cba-49321b35c5b2: cophenetic index 87573; 3.1 s; peak memory 756 MiB.
2026-10-05T23:21:16Z INFO [805/3678] 633e0965-a8c9-4195-8890-1421f753c287: cophenetic index 624; 0.7 s; peak memory 756 MiB.
2026-10-05T23:21:17Z INFO [806/3678] 633f48f1-5410-4b0c-9f91-02a77dc6b9b8: cophenetic index 539; 0.8 s; peak memory 756 MiB.
2026-10-05T23:21:18Z INFO [807/3678] 633fa485-bbfc-40f6-96fa-243d6f1aba0f: cophenetic index 33977; 1.1 s; peak memory 756 MiB.
2026-10-05T23:21:19Z INFO [808/3678] 634018c6-2616-44be-af04-4c9f51bbb006: cophenetic index 2625; 0.8 s; peak memory 756 MiB.
2026-10-05T23:21:20Z INFO [809/3678] 6340caa1-f4bf-4222-8d78-2eb2884fd49f: cophenetic index 431; 0.9 s; peak memory 756 MiB.
2026-10-05T23:21:21Z INFO [810/3678] 6340f6d5-b894-4e5a-8331-05f97442c5e0: cophenetic index 2570; 1.0 s; peak memory 756 MiB.
2026-10-05T23:21:22Z INFO [811/3678] 6341f9f8-eee2-4c73-be4d-cbaeafc24091: cophenetic index 624; 0.8 s; peak memory 756 MiB.
2026-10-05T23:21:22Z INFO [812/3678] 634239cb-eda5-4fc4-91f8-b53ee627173b: cophenetic index 3004; 0.7 s; peak memory 756 MiB.
2026-10-05T23:21:23Z INFO [813/3678] 63438bdf-ddb4-43c3-a22d-c2eee310f5a5: cophenetic index 3004; 1.0 s; peak memory 756 MiB.
2026-10-05T23:21:24Z INFO [814/3678] 63439d22-2a66-42e8-95cb-b3f1e2c3f1b0: cophenetic index 624; 0.9 s; peak memory 756 MiB.
2026-10-05T23:21:25Z INFO [815/3678] 634407b4-0646-48df-a5b4-40bcd278e89b: cophenetic index 2570; 0.9 s; peak memory 756 MiB.
2026-10-05T23:21:26Z INFO [816/3678] 63444f4c-16af-46f3-a2f9-59897ecaff2d: cophenetic index 739; 0.5 s; peak memory 756 MiB.
2026-10-05T23:21:26Z INFO [817/3678] 6344c72e-cde0-4f1c-814f-2c256de09519: cophenetic index 649; 0.6 s; peak memory 756 MiB.
2026-10-05T23:21:27Z INFO [818/3678] 6344fc62-786d-4725-ac02-fb80da239e12: cophenetic index 590; 0.8 s; peak memory 756 MiB.
2026-10-05T23:21:28Z INFO [819/3678] 6345627f-d7f0-4950-b8de-9fab2107ed19: cophenetic index 650; 1.2 s; peak memory 756 MiB.
2026-10-05T23:21:31Z INFO [820/3678] 63456816-fa3d-42b3-a680-5cff4d246d1b: cophenetic index 10773; 2.5 s; peak memory 756 MiB.
2026-10-05T23:21:31Z INFO [821/3678] 63471d5b-23d3-4773-af87-64333cdaa1da: cophenetic index 624; 0.7 s; peak memory 756 MiB.
2026-10-05T23:21:32Z INFO [822/3678] 6347350c-cb60-424c-a367-ad6fa2ca455a: cophenetic index 490; 0.7 s; peak memory 756 MiB.
2026-10-05T23:21:33Z INFO [823/3678] 634776be-8cf1-4d02-b955-34088fda7761: cophenetic index 3004; 0.8 s; peak memory 756 MiB.
2026-10-05T23:22:16Z INFO [824/3678] 6347c527-6f56-4683-8b37-54f449505788: cophenetic index 6971556; 43.2 s; peak memory 756 MiB.
2026-10-05T23:22:17Z INFO [825/3678] 6348b805-1d8a-4e1d-8268-552bcc32bad2: cophenetic index 2974; 0.8 s; peak memory 756 MiB.
2026-10-05T23:22:19Z INFO [826/3678] 6349546c-315f-4369-8fbd-1e4cb029e45f: cophenetic index 2469; 1.6 s; peak memory 756 MiB.
2026-10-05T23:22:19Z INFO [827/3678] 634afc75-e98e-4d54-b753-32cf2673b1d3: cophenetic index 624; 0.8 s; peak memory 756 MiB.
2026-10-05T23:22:20Z INFO [828/3678] 634b5154-7ab0-42b5-a71f-33bd2bb7bdb6: cophenetic index 3004; 0.9 s; peak memory 756 MiB.
2026-10-05T23:22:21Z INFO [829/3678] 634d76e7-bfe5-4b1d-95ff-1c270a07e143: cophenetic index 2625; 1.1 s; peak memory 756 MiB.
2026-10-05T23:22:22Z INFO [830/3678] 634dc8d2-aabb-47a6-b8d5-0a04fe0a942d: cophenetic index 624; 0.7 s; peak memory 756 MiB.
2026-10-05T23:22:23Z INFO [831/3678] 634e016f-8ad3-4fd0-9f5b-197cc4e8201d: cophenetic index 1904; 0.8 s; peak memory 756 MiB.
2026-10-05T23:22:23Z INFO [832/3678] 634e88a8-7de1-43ed-9df0-a469062ac761: cophenetic index 624; 0.6 s; peak memory 756 MiB.
2026-10-05T23:22:24Z INFO [833/3678] 634f5c68-8db7-4485-9d54-72468531c93e: cophenetic index 624; 0.8 s; peak memory 756 MiB.
2026-10-05T23:22:25Z INFO [834/3678] 634f8960-749c-4813-a7f0-1c5a52c4dbf2: cophenetic index 33998; 1.2 s; peak memory 756 MiB.
2026-10-05T23:22:33Z INFO [835/3678] 634fa1c6-d7aa-48f1-b058-4fd8755c263c: cophenetic index 131081; 7.8 s; peak memory 756 MiB.
2026-10-05T23:22:34Z INFO [836/3678] 634fa2cc-c99d-4752-970d-3ecf9bece8e8: cophenetic index 1006; 0.9 s; peak memory 756 MiB.
2026-10-05T23:22:35Z INFO [837/3678] 634febf2-14c8-4895-b881-8a01d23cd0ff: cophenetic index 3004; 1.0 s; peak memory 756 MiB.
2026-10-05T23:22:36Z INFO [838/3678] 63508c7a-6e91-4d62-b60f-e8f560755015: cophenetic index 641; 0.5 s; peak memory 756 MiB.
2026-10-05T23:22:37Z INFO [839/3678] 63513cd1-74c0-4b08-9c13-70cb81947297: cophenetic index 1006; 0.9 s; peak memory 756 MiB.
2026-10-05T23:22:37Z INFO [840/3678] 63521d62-a6e8-4f5d-91f8-3c0e8527d7a4: cophenetic index 579; 0.4 s; peak memory 756 MiB.
2026-10-05T23:22:39Z INFO [841/3678] 63534832-2f18-44cc-9c6f-f959af5e268d: cophenetic index 33998; 1.7 s; peak memory 756 MiB.
2026-10-05T23:22:39Z INFO [842/3678] 63541e22-5276-4704-9c03-d000317a31ca: cophenetic index 624; 0.8 s; peak memory 756 MiB.
2026-10-05T23:22:40Z INFO [843/3678] 63543ca7-baf8-4ae6-aa73-a34c978aba85: cophenetic index 624; 0.8 s; peak memory 756 MiB.
2026-10-05T23:22:41Z INFO [844/3678] 6354708e-3d7b-4de0-9300-46cc17d2cfae: cophenetic index 413; 0.9 s; peak memory 756 MiB.
2026-10-05T23:22:42Z INFO [845/3678] 635473c4-84ef-452f-bf33-70616f0295d3: cophenetic index 3192; 0.9 s; peak memory 756 MiB.
2026-10-05T23:22:43Z INFO [846/3678] 6354b846-1e53-43cd-af4e-24387fd2a40b: cophenetic index 2625; 0.7 s; peak memory 756 MiB.
2026-10-05T23:22:43Z INFO [847/3678] 635534ca-425a-41ca-8766-c8b9fc67c93e: cophenetic index 624; 0.6 s; peak memory 756 MiB.
2026-10-05T23:22:44Z INFO [848/3678] 6355ac17-1571-42d0-8fcf-a699350d9fef: cophenetic index 3087; 0.9 s; peak memory 756 MiB.
2026-10-05T23:22:45Z INFO [849/3678] 6355f596-8ad3-4448-948b-61e93ca49f2c: cophenetic index 624; 0.8 s; peak memory 756 MiB.
2026-10-05T23:22:49Z INFO [850/3678] 63560d90-34e3-42a6-8f60-199d6d72ff16: cophenetic index 9548; 3.5 s; peak memory 756 MiB.
2026-10-05T23:22:49Z INFO [850/3678] 63560d90-34e3-42a6-8f60-199d6d72ff16: checkpointed 94648 records.
2026-10-05T23:22:49Z INFO [851/3678] 6356fa65-4b81-4aa1-b131-fa1370305a75: cophenetic index 2570; 0.8 s; peak memory 756 MiB.
2026-10-05T23:22:50Z INFO [852/3678] 63575e6d-0c79-4697-9db7-2fd60ae57b60: cophenetic index 624; 0.8 s; peak memory 756 MiB.
2026-10-05T23:22:51Z INFO [853/3678] 6358084c-8013-4cba-930d-e2c00159841c: cophenetic index 33986; 0.9 s; peak memory 756 MiB.
2026-10-05T23:22:53Z INFO [854/3678] 6359306d-19e7-4c86-acbd-be2779e7b465: cophenetic index 1733; 1.6 s; peak memory 756 MiB.
2026-10-05T23:22:54Z INFO [855/3678] 635934e5-c3f8-4549-8c49-dcf09bdbdb61: cophenetic index 2625; 0.8 s; peak memory 756 MiB.
2026-10-05T23:22:55Z INFO [856/3678] 635947dc-4592-4cd0-90df-abb60edc6619: cophenetic index 99138; 1.2 s; peak memory 756 MiB.
2026-10-05T23:22:56Z INFO [857/3678] 63595158-c5b1-4b51-a3fc-9b29691b6c31: cophenetic index 3004; 0.8 s; peak memory 756 MiB.
2026-10-05T23:22:56Z INFO [858/3678] 6359e311-a3a7-4ca9-a3c0-f9a122d5d31e: cophenetic index 490; 0.5 s; peak memory 756 MiB.
2026-10-05T23:22:57Z INFO [859/3678] 635a4ee9-dac9-4311-9a85-2d20d7457305: cophenetic index 624; 0.7 s; peak memory 756 MiB.
2026-10-05T23:23:00Z INFO [860/3678] 635ab311-71d7-44ea-ad0f-688cd818b4d8: cophenetic index 218198; 3.5 s; peak memory 756 MiB.
2026-10-05T23:23:59Z INFO [861/3678] 635b494b-68d8-494c-a5da-fd498c0e63a3: cophenetic index 375548162; 58.7 s; peak memory 756 MiB.
2026-10-05T23:24:04Z INFO [862/3678] 635c3b1a-c1f3-4ebe-a94e-5615492772ea: cophenetic index 123470; 5.3 s; peak memory 756 MiB.
2026-10-05T23:24:05Z INFO [863/3678] 635cfc9a-ecee-48bf-b5dc-65b870912b37: cophenetic index 3087; 1.0 s; peak memory 756 MiB.
2026-10-05T23:24:06Z INFO [864/3678] 635d0e10-d7b5-4a9d-9f47-bcf89d10a03e: cophenetic index 2625; 1.1 s; peak memory 756 MiB.
2026-10-05T23:24:07Z INFO [865/3678] 635f08c8-4c40-4521-8852-6a302cbd9f22: cophenetic index 624; 0.9 s; peak memory 756 MiB.
2026-10-05T23:24:08Z INFO [866/3678] 63616def-c1d0-422e-bbb0-d63b5b8d3227: cophenetic index 624; 0.8 s; peak memory 756 MiB.
2026-10-05T23:24:09Z INFO [867/3678] 636299d6-ac62-4c8d-8ff3-b298747f3f65: cophenetic index 3192; 0.7 s; peak memory 756 MiB.
2026-10-05T23:24:13Z INFO [868/3678] 63633860-a14b-40d9-892f-83af012bce34: cophenetic index 60365; 4.5 s; peak memory 756 MiB.
2026-10-05T23:24:14Z INFO [869/3678] 6363bae9-11ea-4767-8529-74b09132e2db: cophenetic index 23272; 0.8 s; peak memory 756 MiB.
2026-10-05T23:24:17Z INFO [870/3678] 63657e32-ad33-4625-b664-31699b5bf664: cophenetic index 2027; 3.2 s; peak memory 756 MiB.
2026-10-05T23:24:25Z INFO [871/3678] 6365a215-0047-499a-b02f-7bbbe608e7b6: cophenetic index 251632; 7.7 s; peak memory 756 MiB.
2026-10-05T23:24:26Z INFO [872/3678] 6365b855-bdc4-441f-9684-45ff9ea976e8: cophenetic index 41788; 0.9 s; peak memory 756 MiB.
2026-10-05T23:24:26Z INFO [873/3678] 63660bf7-eb64-4055-bb8a-d9afca2ec4f8: cophenetic index 431; 0.6 s; peak memory 756 MiB.
2026-10-05T23:24:27Z INFO [874/3678] 63667d71-4f74-43f7-bf3e-7c9333ab470f: cophenetic index 994; 0.6 s; peak memory 756 MiB.
2026-10-05T23:24:28Z INFO [875/3678] 636729b2-35a8-4b05-9141-fd786637d43c: cophenetic index 433; 0.6 s; peak memory 756 MiB.
2026-10-05T23:24:28Z INFO [876/3678] 63673f09-07fc-4317-a831-0039ab6b671a: cophenetic index 401; 0.5 s; peak memory 756 MiB.
2026-10-05T23:24:29Z INFO [877/3678] 6367b9c1-495d-41cb-846c-e0a007667fc3: cophenetic index 624; 0.7 s; peak memory 756 MiB.
2026-10-05T23:24:29Z INFO [878/3678] 6368ceb3-0b75-4fbf-aa14-1d8d8e24dc3e: cophenetic index 3004; 0.7 s; peak memory 756 MiB.
2026-10-05T23:24:31Z INFO [879/3678] 636932af-c136-48d1-8707-ac80522c34c6: cophenetic index 809; 1.4 s; peak memory 756 MiB.
2026-10-05T23:24:32Z INFO [880/3678] 63699d9d-91a8-4d43-8241-5002ce673ed1: cophenetic index 624; 0.7 s; peak memory 756 MiB.
2026-10-05T23:24:32Z INFO [881/3678] 6369c511-c0fc-4846-bbc3-76ce4dc8ed38: cophenetic index 560; 0.5 s; peak memory 756 MiB.
2026-10-05T23:24:33Z INFO [882/3678] 636b401c-7fcf-44c0-a24f-0b3f9b231686: cophenetic index 1025; 1.1 s; peak memory 756 MiB.
2026-10-05T23:24:50Z INFO [883/3678] 636b8671-9556-42fd-afff-4bd01ea53019: cophenetic index 2722334; 16.8 s; peak memory 756 MiB.
2026-10-05T23:24:51Z INFO [884/3678] 636c0570-e2a2-41fb-b12d-5c542241de7f: cophenetic index 624; 0.8 s; peak memory 756 MiB.
2026-10-05T23:24:52Z INFO [885/3678] 636d3753-531a-4d98-8561-3f4b5d5f2b0e: cophenetic index 788; 1.0 s; peak memory 756 MiB.
2026-10-05T23:24:57Z INFO [886/3678] 636e50da-a450-4cde-9e09-0a5946dca790: cophenetic index 88362; 5.1 s; peak memory 756 MiB.
2026-10-05T23:24:59Z INFO [887/3678] 636fb1c5-5198-459d-a9e9-70ca9ab0859b: cophenetic index 1889; 1.8 s; peak memory 756 MiB.
2026-10-05T23:24:59Z INFO [888/3678] 637021b4-74f6-4aaf-8a13-789833cbebed: cophenetic index 624; 0.6 s; peak memory 756 MiB.
2026-10-05T23:25:04Z INFO [889/3678] 637053b6-d74a-464c-9310-4601da4a827b: cophenetic index 117290; 4.8 s; peak memory 756 MiB.
2026-10-05T23:25:05Z INFO [890/3678] 637091ef-73f0-486b-b9d4-11bf2a5b0e3f: cophenetic index 1751; 1.1 s; peak memory 756 MiB.
2026-10-05T23:25:08Z INFO [891/3678] 6370f2e6-faf9-411f-948b-13995e6a7902: cophenetic index 13178; 3.5 s; peak memory 756 MiB.
2026-10-05T23:25:09Z INFO [892/3678] 63710047-3172-438e-8f3f-9e104cee17e5: cophenetic index 3004; 0.8 s; peak memory 756 MiB.
2026-10-05T23:25:10Z INFO [893/3678] 6372a517-3d2d-4904-90de-f1fa43586687: cophenetic index 636; 1.0 s; peak memory 756 MiB.
2026-10-05T23:25:11Z INFO [894/3678] 63733b52-21d8-438d-9d1b-8a111bf05c3f: cophenetic index 33998; 1.1 s; peak memory 756 MiB.
2026-10-05T23:25:12Z INFO [895/3678] 63739b82-1601-4d8f-bca1-20ff6db17777: cophenetic index 448; 0.7 s; peak memory 756 MiB.
2026-10-05T23:25:12Z INFO [896/3678] 63749a6c-9ce2-4980-8b73-c0b9f65f25b0: cophenetic index 494; 0.5 s; peak memory 756 MiB.
2026-10-05T23:25:13Z INFO [897/3678] 6375645a-1b7c-4c23-af16-10d4f1f4488c: cophenetic index 646; 0.6 s; peak memory 756 MiB.
2026-10-05T23:25:14Z INFO [898/3678] 63756640-4b18-4c0f-8bb6-df4523cb9928: cophenetic index 2974; 0.9 s; peak memory 756 MiB.
2026-10-05T23:25:15Z INFO [899/3678] 6376ef94-bf05-4fad-8908-f634bbb50e5a: cophenetic index 624; 0.8 s; peak memory 756 MiB.
2026-10-05T23:25:15Z INFO [900/3678] 6376f976-0baf-439a-8408-0965866f1908: cophenetic index 624; 0.7 s; peak memory 756 MiB.
2026-10-05T23:25:16Z INFO [900/3678] 6376f976-0baf-439a-8408-0965866f1908: checkpointed 94698 records.
2026-10-05T23:25:16Z INFO [901/3678] 63771776-c043-409d-a1da-3664003b6fdf: cophenetic index 624; 0.6 s; peak memory 756 MiB.
2026-10-05T23:25:19Z INFO [902/3678] 6378824f-62a5-470d-a1b2-9f37c8ea3cec: cophenetic index 23622; 2.6 s; peak memory 756 MiB.
2026-10-05T23:25:20Z INFO [903/3678] 6379df19-24b2-4ff5-9862-6c47d65ed109: cophenetic index 4586; 0.8 s; peak memory 756 MiB.
2026-10-05T23:25:20Z INFO [904/3678] 637a7607-2572-428d-bb2a-fddee8acb812: cophenetic index 2625; 0.9 s; peak memory 756 MiB.
2026-10-05T23:25:21Z INFO [905/3678] 637ae0ca-0755-4478-afbe-0fb64928b7b7: cophenetic index 3004; 0.6 s; peak memory 756 MiB.
2026-10-05T23:25:22Z INFO [906/3678] 637b1601-ad37-4604-922c-b477154a61df: cophenetic index 690; 0.6 s; peak memory 756 MiB.
2026-10-05T23:25:22Z INFO [907/3678] 637b670a-2ef9-4184-95c1-4497b483cfab: cophenetic index 649; 0.6 s; peak memory 756 MiB.
2026-10-05T23:25:23Z INFO [908/3678] 637bfc18-10bf-4de9-86a1-341338e3e620: cophenetic index 766; 0.8 s; peak memory 756 MiB.
2026-10-05T23:25:24Z INFO [909/3678] 637d3bcf-a0aa-4d8c-ac6c-5ef880df3d85: cophenetic index 725; 0.8 s; peak memory 756 MiB.
2026-10-05T23:25:28Z INFO [910/3678] 637e4a93-a0bc-4a7d-85f8-0f2614c681b6: cophenetic index 81580; 3.7 s; peak memory 756 MiB.
2026-10-05T23:25:30Z INFO [911/3678] 637ecf42-5349-4dec-b0b7-cda1c4b03fd7: cophenetic index 2402; 1.9 s; peak memory 756 MiB.
2026-10-05T23:25:31Z INFO [912/3678] 637f3934-13a6-470f-b943-93196bc47554: cophenetic index 620; 1.0 s; peak memory 756 MiB.
2026-10-05T23:25:32Z INFO [913/3678] 637f4125-6960-4f6e-84e3-8cd96411ab13: cophenetic index 2625; 1.0 s; peak memory 756 MiB.
2026-10-05T23:25:32Z INFO [914/3678] 637fd8dc-3f8d-4875-b424-18334522ed44: cophenetic index 952; 0.5 s; peak memory 756 MiB.
2026-10-05T23:25:33Z INFO [915/3678] 637fdff8-d8b5-43cb-917a-31fe3aed8bf0: cophenetic index 3087; 0.7 s; peak memory 756 MiB.
2026-10-05T23:25:34Z INFO [916/3678] 63801b29-3abe-473e-ba67-834c8093b144: cophenetic index 23200; 0.7 s; peak memory 756 MiB.
2026-10-05T23:25:34Z INFO [917/3678] 63802a6e-76ce-4b67-9f86-b61ba1955ec9: cophenetic index 2625; 0.9 s; peak memory 756 MiB.
2026-10-05T23:25:35Z INFO [918/3678] 63803b8a-a8b2-4ce4-9342-bd059575af49: cophenetic index 431; 0.6 s; peak memory 756 MiB.
2026-10-05T23:25:42Z INFO [919/3678] 6380dc7d-4c95-4eca-853b-aeeba0e1157a: cophenetic index 209911; 7.0 s; peak memory 756 MiB.
2026-10-05T23:25:43Z INFO [920/3678] 63816f92-4fbf-4ee4-9e4d-1cb076022caa: cophenetic index 23502; 0.7 s; peak memory 756 MiB.
2026-10-05T23:25:44Z INFO [921/3678] 6382b9c0-9e16-42d4-9b67-b282e75f1706: cophenetic index 624; 0.8 s; peak memory 756 MiB.
2026-10-05T23:25:45Z INFO [922/3678] 638449e9-52fa-4ab5-84bd-f2cb6041a0bf: cophenetic index 33986; 0.9 s; peak memory 756 MiB.
2026-10-05T23:25:45Z INFO [923/3678] 63845074-5d70-406d-bea5-ac75be73b968: cophenetic index 624; 0.7 s; peak memory 756 MiB.
2026-10-05T23:25:46Z INFO [924/3678] 63853e1f-605c-4ab7-83c3-e29d9f4a4da4: cophenetic index 164; 0.5 s; peak memory 756 MiB.
2026-10-05T23:25:46Z INFO [925/3678] 6386f3bb-e918-41ea-aa59-064fe63e897c: cophenetic index 624; 0.7 s; peak memory 756 MiB.
2026-10-05T23:25:48Z INFO [926/3678] 6386fc7a-3067-4ed9-b5f6-c32a404df524: cophenetic index 6490; 1.8 s; peak memory 756 MiB.
2026-10-05T23:25:49Z INFO [927/3678] 63870a2d-119a-4115-89c5-fe3c733a1b35: cophenetic index 949; 0.8 s; peak memory 756 MiB.
2026-10-05T23:25:50Z INFO [928/3678] 638712a9-8fcb-4f11-bd7a-c41fb9d174ae: cophenetic index 781; 1.0 s; peak memory 756 MiB.
2026-10-05T23:25:51Z INFO [929/3678] 6388b986-3d41-43b7-ae36-792d9a800336: cophenetic index 624; 0.8 s; peak memory 756 MiB.
2026-10-05T23:25:52Z INFO [930/3678] 63891e0a-8cff-4c40-bc33-f1ff6c639bfa: cophenetic index 3004; 0.8 s; peak memory 756 MiB.
2026-10-05T23:25:52Z INFO [931/3678] 6389993f-fdc0-4a55-b78f-568815ebeeea: cophenetic index 624; 0.7 s; peak memory 756 MiB.
2026-10-05T23:25:53Z INFO [932/3678] 6389dc0c-d03c-481b-8922-72a4a4e8b6fe: cophenetic index 33986; 0.9 s; peak memory 756 MiB.
2026-10-05T23:25:54Z INFO [933/3678] 638a8568-f778-4d0b-9ab0-6ddeda72bfca: cophenetic index 490; 0.4 s; peak memory 756 MiB.
2026-10-05T23:25:54Z INFO [934/3678] 638b0c97-7413-4388-81da-34c13b76d757: cophenetic index 624; 0.7 s; peak memory 756 MiB.
2026-10-05T23:25:56Z INFO [935/3678] 638b1aea-c560-4f1c-a067-07d78a2877b4: cophenetic index 33998; 1.2 s; peak memory 756 MiB.
2026-10-05T23:25:57Z INFO [936/3678] 638bc518-e679-4821-aff6-c154fa458da3: cophenetic index 2625; 1.0 s; peak memory 756 MiB.
2026-10-05T23:25:57Z INFO [937/3678] 638cd44d-b167-4709-a5cd-dc4010e1140e: cophenetic index 2974; 0.8 s; peak memory 756 MiB.
2026-10-05T23:25:59Z INFO [938/3678] 638d25aa-8dba-4e5f-9396-01d722547fbd: cophenetic index 326483; 1.8 s; peak memory 756 MiB.
2026-10-05T23:26:00Z INFO [939/3678] 638dc10c-52d3-4f69-bc9c-586668262b0b: cophenetic index 385; 0.8 s; peak memory 756 MiB.
2026-10-05T23:26:04Z INFO [940/3678] 638e0fa3-d80b-457b-bc7d-2d08bcedab1d: cophenetic index 43286; 4.3 s; peak memory 756 MiB.
2026-10-05T23:26:06Z INFO [941/3678] 638f52dc-0c8d-4427-8a73-49bf3341d572: cophenetic index 4301; 1.3 s; peak memory 756 MiB.
2026-10-05T23:26:06Z INFO [942/3678] 638f8fcd-9d14-4e6b-b42d-1f95fdea3e0c: cophenetic index 431; 0.7 s; peak memory 756 MiB.
2026-10-05T23:26:07Z INFO [943/3678] 638fdce0-0627-4dab-84f9-03e300890ba8: cophenetic index 413; 0.9 s; peak memory 756 MiB.
2026-10-05T23:26:12Z INFO [944/3678] 63901155-14ca-40ac-b963-b4b437044bcc: cophenetic index 5466; 4.6 s; peak memory 756 MiB.
2026-10-05T23:26:13Z INFO [945/3678] 63902fc4-43e1-45e4-8568-19a66ab281f4: cophenetic index 1733; 1.5 s; peak memory 756 MiB.
2026-10-05T23:26:15Z INFO [946/3678] 63903eec-251e-492c-92b9-1bb53552baf6: cophenetic index 2402; 2.0 s; peak memory 756 MiB.
2026-10-05T23:26:16Z INFO [947/3678] 63904531-4c59-4431-9e41-80cd6de7e460: cophenetic index 33998; 0.8 s; peak memory 756 MiB.
2026-10-05T23:26:17Z INFO [948/3678] 63909757-0de8-40c9-a917-ada87c41df63: cophenetic index 2625; 1.1 s; peak memory 756 MiB.
2026-10-05T23:26:19Z INFO [949/3678] 6390fb74-9f8f-4780-a511-e027cb1bbcde: cophenetic index 33998; 1.5 s; peak memory 756 MiB.
2026-10-05T23:26:19Z INFO [950/3678] 6391d4d6-82c1-4429-8ba4-c8a6a50a4311: cophenetic index 2625; 0.7 s; peak memory 756 MiB.
2026-10-05T23:26:20Z INFO [950/3678] 6391d4d6-82c1-4429-8ba4-c8a6a50a4311: checkpointed 94748 records.
2026-10-05T23:26:20Z INFO [951/3678] 6391fa69-697d-413f-8432-cff5146c97e7: cophenetic index 624; 0.7 s; peak memory 756 MiB.
2026-10-05T23:26:25Z INFO [952/3678] 63926cf1-4bc1-4482-8ef5-5a644c71cd99: cophenetic index 33579; 5.1 s; peak memory 756 MiB.
2026-10-05T23:26:26Z INFO [953/3678] 6393567b-7107-476f-aae4-53e353effc1d: cophenetic index 3087; 1.0 s; peak memory 756 MiB.
2026-10-05T23:26:31Z INFO [954/3678] 63937b59-f5a6-4eb5-82b2-92cfc7065a7e: cophenetic index 50075; 5.0 s; peak memory 756 MiB.
2026-10-05T23:26:37Z INFO [955/3678] 6394385f-3d49-4da3-97d8-b30cf138d740: cophenetic index 47115; 5.3 s; peak memory 756 MiB.
2026-10-05T23:26:38Z INFO [956/3678] 6395104d-cf24-459c-b6ca-f2bbd181a0ca: cophenetic index 2053; 1.1 s; peak memory 756 MiB.
2026-10-05T23:26:39Z INFO [957/3678] 63955115-1011-4fdd-b0f3-4866ea067acb: cophenetic index 2625; 0.9 s; peak memory 756 MiB.
2026-10-05T23:26:39Z INFO [958/3678] 63957185-34ff-47dc-8f35-795414fca48c: cophenetic index 649; 0.7 s; peak memory 756 MiB.
2026-10-05T23:26:40Z INFO [959/3678] 63970f17-b946-4e0e-863c-bcee3e805fb8: cophenetic index 624; 0.7 s; peak memory 756 MiB.
2026-10-05T23:26:41Z INFO [960/3678] 63971803-2d8a-4316-92c4-6aa40a83a873: cophenetic index 539; 0.6 s; peak memory 756 MiB.
2026-10-05T23:26:41Z INFO [961/3678] 6399601e-a38e-4fb7-a580-a140414aeefa: cophenetic index 624; 0.8 s; peak memory 756 MiB.
2026-10-05T23:26:42Z INFO [962/3678] 639ad1a6-04d2-4110-9511-2af79726b252: cophenetic index 605; 0.8 s; peak memory 756 MiB.
2026-10-05T23:26:43Z INFO [963/3678] 639b74e8-7554-46fb-9c77-5869fb7fa688: cophenetic index 3004; 0.9 s; peak memory 756 MiB.
2026-10-05T23:26:44Z INFO [964/3678] 639d60dd-b9e6-471f-82c3-d974c29b91a7: cophenetic index 624; 0.8 s; peak memory 756 MiB.
2026-10-05T23:26:44Z INFO [965/3678] 639d735c-7366-4883-9dfe-ad72a0a95dd6: cophenetic index 2920; 0.6 s; peak memory 756 MiB.
2026-10-05T23:26:45Z INFO [966/3678] 639dbd24-4c06-4d9a-9aa7-707c65a723ec: cophenetic index 624; 0.7 s; peak memory 756 MiB.
2026-10-05T23:26:46Z INFO [967/3678] 639dcc01-400b-46f0-922d-d8502bf96279: cophenetic index 1781; 0.6 s; peak memory 756 MiB.
2026-10-05T23:26:47Z INFO [968/3678] 639e834f-5577-4085-b9b5-dc1bbe8e52cc: cophenetic index 4609; 1.3 s; peak memory 756 MiB.
2026-10-05T23:26:48Z INFO [969/3678] 639eaa35-4bb2-4a2a-b635-79b02fd267ce: cophenetic index 590; 0.8 s; peak memory 756 MiB.
2026-10-05T23:26:50Z INFO [970/3678] 639f32e3-3cea-4f05-985b-c8d7470225d6: cophenetic index 33998; 1.8 s; peak memory 756 MiB.
2026-10-05T23:26:50Z INFO [971/3678] 639fcc50-b904-4376-befc-736baf462910: cophenetic index 33968; 0.8 s; peak memory 756 MiB.
2026-10-05T23:26:51Z INFO [972/3678] 639ff6cd-3ba9-448f-904f-6565d628534a: cophenetic index 490; 0.5 s; peak memory 756 MiB.
2026-10-05T23:26:56Z INFO [973/3678] 63a08250-6592-41d4-9be5-cb9726683080: cophenetic index 100510; 4.9 s; peak memory 756 MiB.
2026-10-05T23:26:56Z INFO [974/3678] 63a097a5-e1ec-4d99-af37-4b2ffc786d57: cophenetic index 3087; 0.6 s; peak memory 756 MiB.
2026-10-05T23:26:59Z INFO [975/3678] 63a1e9c9-842e-471c-9dc1-a492b09d67ff: cophenetic index 8488; 2.3 s; peak memory 756 MiB.
2026-10-05T23:26:59Z INFO [976/3678] 63a22c1c-1631-47a6-b845-4cf1a58b755b: cophenetic index 490; 0.6 s; peak memory 756 MiB.
2026-10-05T23:27:01Z INFO [977/3678] 63a2bebb-69eb-4251-ae5a-2fc3dc40830a: cophenetic index 2469; 1.7 s; peak memory 756 MiB.
2026-10-05T23:27:02Z INFO [978/3678] 63a2fbe9-985f-4619-afaa-4b2d52bebddf: cophenetic index 624; 0.7 s; peak memory 756 MiB.
2026-10-05T23:27:02Z INFO [979/3678] 63a307af-c451-43eb-b866-578823b34743: cophenetic index 579; 0.4 s; peak memory 756 MiB.
2026-10-05T23:27:09Z INFO [980/3678] 63a33481-daa7-43f0-982e-998ce50ca674: cophenetic index 92761; 7.0 s; peak memory 756 MiB.
2026-10-05T23:27:14Z INFO [981/3678] 63a439f7-2d29-4fd0-9e09-69cc89de7d68: cophenetic index 117479; 4.8 s; peak memory 756 MiB.
2026-10-05T23:27:15Z INFO [982/3678] 63a45b37-33a2-40cb-b359-3c9a9a8e7ddc: cophenetic index 99114; 1.2 s; peak memory 756 MiB.
2026-10-05T23:27:16Z INFO [983/3678] 63a52b90-f37d-402c-9c30-8f7e6411e706: cophenetic index 3087; 0.9 s; peak memory 756 MiB.
2026-10-05T23:27:22Z INFO [984/3678] 63a5b5db-e36a-4aeb-8c27-6896e9cb3c62: cophenetic index 544648; 6.3 s; peak memory 756 MiB.
2026-10-05T23:27:27Z INFO [985/3678] 63a635d3-8602-4e3a-b05f-253fbf481141: cophenetic index 31069973; 5.1 s; peak memory 756 MiB.
2026-10-05T23:27:30Z INFO [986/3678] 63a638cf-b942-4408-93db-51516534072d: cophenetic index 5473; 2.8 s; peak memory 756 MiB.
2026-10-05T23:27:31Z INFO [987/3678] 63a64e84-2a2f-4d36-9909-20132c8216ea: cophenetic index 1006; 0.9 s; peak memory 756 MiB.
2026-10-05T23:27:32Z INFO [988/3678] 63a736a9-c50d-47e5-8f6d-02bccd57e419: cophenetic index 490; 0.5 s; peak memory 756 MiB.
2026-10-05T23:27:36Z INFO [989/3678] 63a749c1-6504-4f50-afbc-fd461ecd3380: cophenetic index 87573; 4.7 s; peak memory 756 MiB.
2026-10-05T23:27:38Z INFO [990/3678] 63a7835c-b45e-4688-a697-4ae2c7a84421: cophenetic index 99810; 2.1 s; peak memory 756 MiB.
2026-10-05T23:27:39Z INFO [991/3678] 63a7f347-a24f-4ad6-a7bb-b34ebb71af4f: cophenetic index 605; 1.0 s; peak memory 756 MiB.
2026-10-05T23:27:40Z INFO [992/3678] 63a8245c-9a2b-438a-a705-bad52d36a3dc: cophenetic index 2625; 0.9 s; peak memory 756 MiB.
2026-10-05T23:27:41Z INFO [993/3678] 63a83b24-86d6-4420-a91c-86fb614657a5: cophenetic index 624; 0.6 s; peak memory 756 MiB.
2026-10-05T23:27:42Z INFO [994/3678] 63a8e7c6-da06-4b21-8edd-96e9699b4cb7: cophenetic index 33998; 1.0 s; peak memory 756 MiB.
2026-10-05T23:27:43Z INFO [995/3678] 63a936f6-191d-4be7-9b90-432cf342079c: cophenetic index 3004; 0.9 s; peak memory 756 MiB.
2026-10-05T23:27:44Z INFO [996/3678] 63a96252-d0b2-496a-8ac7-81d5402e0db9: cophenetic index 2625; 1.0 s; peak memory 756 MiB.
2026-10-05T23:27:45Z INFO [997/3678] 63a9e1f1-ffd5-4162-add0-2f71c1430f90: cophenetic index 2625; 1.1 s; peak memory 756 MiB.
2026-10-05T23:27:46Z INFO [998/3678] 63aab5bd-5c9c-4978-bb5a-e2b736b5d950: cophenetic index 3057; 0.7 s; peak memory 756 MiB.
2026-10-05T23:27:46Z INFO [999/3678] 63abbc1e-8e35-4957-9a89-9bed0accc536: cophenetic index 1584; 0.8 s; peak memory 756 MiB.
2026-10-05T23:27:47Z INFO [1000/3678] 63ac8059-2a0f-4adf-b3ba-fa30ee1c44ca: cophenetic index 624; 0.6 s; peak memory 756 MiB.
2026-10-05T23:27:47Z INFO [1000/3678] 63ac8059-2a0f-4adf-b3ba-fa30ee1c44ca: checkpointed 94798 records.
2026-10-05T23:27:48Z INFO [1001/3678] 63acb847-2962-4b93-8407-ac68c7401390: cophenetic index 911; 1.0 s; peak memory 756 MiB.
2026-10-05T23:27:55Z INFO [1002/3678] 63acbe1f-6690-48bf-9a27-3a7c1782d540: cophenetic index 246830; 6.8 s; peak memory 756 MiB.
2026-10-05T23:27:56Z INFO [1003/3678] 63adc305-162b-477d-a1ce-097c95a722c3: cophenetic index 624; 0.8 s; peak memory 756 MiB.
2026-10-05T23:27:56Z INFO [1004/3678] 63aea2b7-bc68-450f-8087-dadd85a7b9fe: cophenetic index 624; 0.7 s; peak memory 756 MiB.
2026-10-05T23:27:57Z INFO [1005/3678] 63aeee04-2c00-44e9-a9f1-789b056b259c: cophenetic index 624; 0.8 s; peak memory 756 MiB.
2026-10-05T23:27:58Z INFO [1006/3678] 63aef58c-6533-4263-bcf9-814c7bed3bb8: cophenetic index 560; 0.8 s; peak memory 756 MiB.
2026-10-05T23:28:03Z INFO [1007/3678] 63af09be-eae9-46e1-b1c3-a86e140ff73a: cophenetic index 160144; 4.6 s; peak memory 756 MiB.
2026-10-05T23:28:04Z INFO [1008/3678] 63afe95e-6f19-45a2-b2e7-86054b700fa0: cophenetic index 972; 1.1 s; peak memory 756 MiB.
2026-10-05T23:28:05Z INFO [1009/3678] 63affdd0-9d9c-4cb9-bc23-d5f032cc7d0f: cophenetic index 624; 0.7 s; peak memory 756 MiB.
2026-10-05T23:28:05Z INFO [1010/3678] 63b3adf9-737b-4860-9afd-cea5863283a8: cophenetic index 452; 0.7 s; peak memory 756 MiB.
2026-10-05T23:28:06Z INFO [1011/3678] 63b4954f-a43e-4aaa-bfb9-9551460f2fff: cophenetic index 3004; 1.1 s; peak memory 756 MiB.
2026-10-05T23:28:10Z INFO [1012/3678] 63b53505-8a26-4bc5-bc62-667d155d68f2: cophenetic index 9298; 3.3 s; peak memory 756 MiB.
2026-10-05T23:28:10Z INFO [1013/3678] 63b5c250-9c47-4ff6-bd2d-44bd4b9ef46d: cophenetic index 3087; 0.9 s; peak memory 756 MiB.
2026-10-05T23:28:11Z INFO [1014/3678] 63b69ba0-7192-4f31-b392-51414a2d7a8c: cophenetic index 3215; 0.8 s; peak memory 756 MiB.
2026-10-05T23:28:12Z INFO [1015/3678] 63b6eba2-e2ef-4fa7-a71d-5a42dd487308: cophenetic index 1848; 0.6 s; peak memory 756 MiB.
2026-10-05T23:28:12Z INFO [1016/3678] 63b70e10-2d51-44ca-b10e-1004d7b648fe: cophenetic index 745; 0.5 s; peak memory 756 MiB.
2026-10-05T23:28:17Z INFO [1017/3678] 63b75141-06a6-42fe-aa77-2499de933e33: cophenetic index 14478; 4.9 s; peak memory 756 MiB.
2026-10-05T23:28:18Z INFO [1018/3678] 63b7c7c5-990b-4ec3-ac8c-506818c2e971: cophenetic index 539; 0.9 s; peak memory 756 MiB.
2026-10-05T23:28:23Z INFO [1019/3678] 63b7fb67-f6f9-4f50-aa65-105fb843ffee: cophenetic index 163729; 5.3 s; peak memory 756 MiB.
2026-10-05T23:28:24Z INFO [1020/3678] 63b97cf5-d7df-45ed-b58a-77d6fecd3779: cophenetic index 3087; 0.9 s; peak memory 756 MiB.
2026-10-05T23:28:31Z INFO [1021/3678] 63b9b53a-d6c1-4baf-bdc6-21b8e5fb6f13: cophenetic index 48665; 7.0 s; peak memory 756 MiB.
2026-10-05T23:28:33Z INFO [1022/3678] 63ba0ff0-e96c-4387-97ad-c1ada0f04b60: cophenetic index 2286; 1.2 s; peak memory 756 MiB.
2026-10-05T23:28:36Z INFO [1023/3678] 63ba7461-7f3f-4ee0-b613-ed8ad816bc0b: cophenetic index 144828; 3.6 s; peak memory 756 MiB.
2026-10-05T23:28:37Z INFO [1024/3678] 63ba81f2-ad67-4bb1-bc2e-fd4941150036: cophenetic index 3004; 0.8 s; peak memory 756 MiB.
2026-10-05T23:28:40Z INFO [1025/3678] 63bb0af4-6985-4c1e-b9d2-05063b3bdd30: cophenetic index 4797; 3.2 s; peak memory 756 MiB.
2026-10-05T23:28:41Z INFO [1026/3678] 63bbd290-4575-4a35-9e8c-abaf13d08b69: cophenetic index 624; 0.8 s; peak memory 756 MiB.
2026-10-05T23:28:42Z INFO [1027/3678] 63bcd5a4-15ef-4de6-a576-619b86c81ab4: cophenetic index 624; 0.7 s; peak memory 756 MiB.
2026-10-05T23:28:47Z INFO [1028/3678] 63bd2650-8b68-4fc5-9dcb-a579614f74d3: cophenetic index 14723066; 5.4 s; peak memory 756 MiB.
2026-10-05T23:28:51Z INFO [1029/3678] 63bd8eea-1fff-4980-b1e2-3dc365f1d085: cophenetic index 90779; 3.5 s; peak memory 756 MiB.
2026-10-05T23:28:59Z INFO [1030/3678] 63be97ff-2f6a-48f9-9aaf-1615c9c39320: cophenetic index 429879; 8.6 s; peak memory 756 MiB.
2026-10-05T23:29:00Z INFO [1031/3678] 63bf00ba-6dac-4d5b-ae59-b0237426b7f8: cophenetic index 651; 0.6 s; peak memory 756 MiB.
2026-10-05T23:29:00Z INFO [1032/3678] 63bf1883-6d6a-45c6-8731-7edc9a342e65: cophenetic index 164; 0.6 s; peak memory 756 MiB.
2026-10-05T23:29:01Z INFO [1033/3678] 63bf919a-3124-42a3-bbdc-f3f4e7d25cc1: cophenetic index 624; 0.6 s; peak memory 756 MiB.
2026-10-05T23:29:03Z INFO [1034/3678] 63c035b4-eddb-4ce2-b330-7bc8fa2edade: cophenetic index 895; 1.5 s; peak memory 756 MiB.
2026-10-05T23:29:04Z INFO [1035/3678] 63c148c1-394c-4e17-9d8a-9f9e7fb14aea: cophenetic index 3087; 1.2 s; peak memory 756 MiB.
2026-10-05T23:29:05Z INFO [1036/3678] 63c1a767-cb10-40b6-86a0-df63901f1341: cophenetic index 33998; 1.1 s; peak memory 756 MiB.
2026-10-05T23:29:14Z INFO [1037/3678] 63c1acd6-6b27-4982-b87f-06e12461398c: cophenetic index 49686; 9.5 s; peak memory 756 MiB.
2026-10-05T23:29:15Z INFO [1038/3678] 63c1eab1-46cf-4a0f-9027-253d67994fcc: cophenetic index 624; 0.8 s; peak memory 756 MiB.
2026-10-05T23:29:20Z INFO [1039/3678] 63c1fbf6-36f0-416b-8fad-367ac8d9c200: cophenetic index 6715; 4.9 s; peak memory 756 MiB.
2026-10-05T23:29:22Z INFO [1040/3678] 63c28720-d55e-43cf-b592-37780e05aaee: cophenetic index 34658; 1.8 s; peak memory 756 MiB.
2026-10-05T23:29:23Z INFO [1041/3678] 63c2b9e5-56f3-446a-a951-55155dd29ae7: cophenetic index 33962; 1.2 s; peak memory 756 MiB.
2026-10-05T23:29:28Z INFO [1042/3678] 63c32b6d-d1a6-4055-9211-8266e361aa03: cophenetic index 63222; 4.7 s; peak memory 756 MiB.
2026-10-05T23:29:33Z INFO [1043/3678] 63c36432-78b2-4dbb-89d7-de5d848e440e: cophenetic index 14677; 4.9 s; peak memory 756 MiB.
2026-10-05T23:29:34Z INFO [1044/3678] 63c38def-6d5b-4576-85f1-8c3213af7714: cophenetic index 33986; 1.2 s; peak memory 756 MiB.
2026-10-05T23:29:35Z INFO [1045/3678] 63c40347-5841-4ae2-be19-ca4dc9ca5265: cophenetic index 490; 0.7 s; peak memory 756 MiB.
2026-10-05T23:29:35Z INFO [1046/3678] 63c46a43-7547-44be-9cc9-e82db5fe6ae1: cophenetic index 33986; 0.9 s; peak memory 756 MiB.
2026-10-05T23:29:36Z INFO [1047/3678] 63c4ae51-9e8f-425a-8a0b-ce10b996a2a9: cophenetic index 2496; 0.9 s; peak memory 756 MiB.
2026-10-05T23:29:37Z INFO [1048/3678] 63c4bcc9-9674-42c5-86df-b9f47f3748bb: cophenetic index 2701; 0.9 s; peak memory 756 MiB.
2026-10-05T23:29:38Z INFO [1049/3678] 63c66507-39c4-4ad5-9db2-048e12194074: cophenetic index 33998; 1.2 s; peak memory 756 MiB.
2026-10-05T23:29:39Z INFO [1050/3678] 63c7316d-cc5c-4b15-a1c6-f0bd40db84c9: cophenetic index 2625; 1.0 s; peak memory 756 MiB.
2026-10-05T23:29:39Z INFO [1050/3678] 63c7316d-cc5c-4b15-a1c6-f0bd40db84c9: checkpointed 94848 records.
2026-10-05T23:29:50Z INFO [1051/3678] 63c91409-b19b-4693-99f8-6105281ec244: cophenetic index 304686; 10.4 s; peak memory 756 MiB.
2026-10-05T23:29:51Z INFO [1052/3678] 63c92467-a5d1-45eb-aab6-939269446d92: cophenetic index 385; 0.7 s; peak memory 756 MiB.
2026-10-05T23:29:53Z INFO [1053/3678] 63c92864-e48f-44f8-8d29-4868d9312e61: cophenetic index 2521; 2.1 s; peak memory 756 MiB.
2026-10-05T23:29:55Z INFO [1054/3678] 63ca3c18-4d29-4cea-af0e-c42a11a5e6cc: cophenetic index 50277; 2.7 s; peak memory 756 MiB.
2026-10-05T23:29:56Z INFO [1055/3678] 63ca5e5a-2b91-4b3a-8ee3-a5f501023599: cophenetic index 490; 0.4 s; peak memory 756 MiB.
2026-10-05T23:29:57Z INFO [1056/3678] 63cb4814-edb1-43d8-aac7-05e7449c53a1: cophenetic index 624; 0.7 s; peak memory 756 MiB.
2026-10-05T23:29:58Z INFO [1057/3678] 63cb9b51-57c7-4ff6-9705-a849e959aa4b: cophenetic index 99138; 1.3 s; peak memory 756 MiB.
2026-10-05T23:30:00Z INFO [1058/3678] 63cbbea6-39e9-48e8-96f8-74b2d32ca15e: cophenetic index 5473; 2.5 s; peak memory 756 MiB.
2026-10-05T23:30:01Z INFO [1059/3678] 63cd024f-7057-4a87-8b25-bd00be5d43ae: cophenetic index 1087; 1.0 s; peak memory 756 MiB.
2026-10-05T23:30:02Z INFO [1060/3678] 63cda596-da20-4c04-991c-d07a42bbfac8: cophenetic index 490; 0.5 s; peak memory 756 MiB.
2026-10-05T23:30:03Z INFO [1061/3678] 63cdadae-cbed-4475-9869-21b9415ba295: cophenetic index 959; 1.6 s; peak memory 756 MiB.
2026-10-05T23:30:05Z INFO [1062/3678] 63ce7e74-cf84-442e-bbcf-66ee874f1060: cophenetic index 2625; 1.2 s; peak memory 756 MiB.
2026-10-05T23:30:06Z INFO [1063/3678] 63ce7f78-2d44-451e-80fc-4fa1deda7a26: cophenetic index 1087; 1.0 s; peak memory 756 MiB.
2026-10-05T23:30:07Z INFO [1064/3678] 63cf4f59-ea52-48b5-90af-d414ddbddcfe: cophenetic index 3087; 1.0 s; peak memory 756 MiB.
2026-10-05T23:30:07Z INFO [1065/3678] 63d069cc-f51d-4376-99e5-7ce22b0fab4f: cophenetic index 624; 0.6 s; peak memory 756 MiB.
2026-10-05T23:30:08Z INFO [1066/3678] 63d0a733-a201-44ff-88c1-15c58e947f37: cophenetic index 624; 0.6 s; peak memory 756 MiB.
2026-10-05T23:30:09Z INFO [1067/3678] 63d0c88d-7bcf-4635-8cf8-aa94733f19df: cophenetic index 624; 0.7 s; peak memory 756 MiB.
2026-10-05T23:30:23Z INFO [1068/3678] 63d20e4c-78c4-48bf-b778-d92f579171d6: cophenetic index 241915; 14.7 s; peak memory 756 MiB.
2026-10-05T23:30:25Z INFO [1069/3678] 63d22c23-e107-4644-a5f3-75a96b4c526b: cophenetic index 8129; 1.8 s; peak memory 756 MiB.
2026-10-05T23:30:25Z INFO [1070/3678] 63d24288-87b6-4dfd-b347-6f3959971623: cophenetic index 490; 0.4 s; peak memory 756 MiB.
2026-10-05T23:30:32Z INFO [1071/3678] 63d265f1-9734-421c-8cf8-215b664a2397: cophenetic index 293011; 6.7 s; peak memory 756 MiB.
2026-10-05T23:30:33Z INFO [1072/3678] 63d3d313-19ab-4494-88a5-ce69e2b9bd20: cophenetic index 3087; 0.7 s; peak memory 756 MiB.
2026-10-05T23:30:34Z INFO [1073/3678] 63d43c8f-3519-41bf-b85f-283712b47392: cophenetic index 791; 1.0 s; peak memory 756 MiB.
2026-10-05T23:30:35Z INFO [1074/3678] 63d44654-a93e-4158-9e33-9425decf93bf: cophenetic index 624; 0.8 s; peak memory 756 MiB.
2026-10-05T23:30:41Z INFO [1075/3678] 63d4ce49-754b-438a-bf00-e66e2504183a: cophenetic index 105603; 6.0 s; peak memory 756 MiB.
2026-10-05T23:30:42Z INFO [1076/3678] 63d5924a-0130-4772-907f-105a8f9e999d: cophenetic index 624; 0.9 s; peak memory 756 MiB.
2026-10-05T23:30:42Z INFO [1077/3678] 63d5b247-49f2-498c-999f-27f800c28dee: cophenetic index 2844; 0.7 s; peak memory 756 MiB.
2026-10-05T23:30:43Z INFO [1078/3678] 63d70d8d-dcf5-4aac-babb-51aaea6200e9: cophenetic index 624; 0.8 s; peak memory 756 MiB.
2026-10-05T23:30:44Z INFO [1079/3678] 63d958f3-4233-484c-8851-845b5cdf2b0e: cophenetic index 3004; 0.8 s; peak memory 756 MiB.
2026-10-05T23:30:45Z INFO [1080/3678] 63d963b8-e828-4c26-ad35-3489995467d0: cophenetic index 788; 0.8 s; peak memory 756 MiB.
2026-10-05T23:30:45Z INFO [1081/3678] 63da67b6-d5fb-4812-971e-13e30c2192c7: cophenetic index 729; 0.5 s; peak memory 756 MiB.
2026-10-05T23:30:46Z INFO [1082/3678] 63db17ea-1650-4555-b6d9-cb7600749671: cophenetic index 613; 1.2 s; peak memory 756 MiB.
2026-10-05T23:30:52Z INFO [1083/3678] 63db5d13-8c21-41bd-8805-cbe5bfdaa068: cophenetic index 3583946; 5.3 s; peak memory 756 MiB.
2026-10-05T23:30:53Z INFO [1084/3678] 63db7106-9c83-4c62-b4bf-a511300aef75: cophenetic index 3004; 0.9 s; peak memory 756 MiB.
2026-10-05T23:30:54Z INFO [1085/3678] 63dbde83-520b-45ba-a67d-57fb684a61d5: cophenetic index 99150; 1.2 s; peak memory 756 MiB.
2026-10-05T23:30:58Z INFO [1086/3678] 63dc4b1d-fb3a-4140-8f13-eb8d0385314f: cophenetic index 58796; 4.2 s; peak memory 756 MiB.
2026-10-05T23:30:59Z INFO [1087/3678] 63dc53e1-20b8-4331-bbc6-80699dd437c7: cophenetic index 1544; 0.9 s; peak memory 756 MiB.
2026-10-05T23:31:00Z INFO [1088/3678] 63dc5c82-afa6-4a63-8eb4-3f4c82daf648: cophenetic index 624; 0.7 s; peak memory 756 MiB.
2026-10-05T23:31:00Z INFO [1089/3678] 63dc94d8-0bb4-4460-80a3-0946461c3c5a: cophenetic index 1148; 0.8 s; peak memory 756 MiB.
2026-10-05T23:31:01Z INFO [1090/3678] 63dd3814-68f5-41d2-b0d9-61fd4c3a83ab: cophenetic index 3087; 0.9 s; peak memory 756 MiB.
2026-10-05T23:31:02Z INFO [1091/3678] 63de17ac-0a2b-418b-90f8-9c478462d1f2: cophenetic index 627; 0.5 s; peak memory 756 MiB.
2026-10-05T23:31:03Z INFO [1092/3678] 63de1c6c-a72c-4b9f-8363-550cc86f8c02: cophenetic index 624; 0.9 s; peak memory 756 MiB.
2026-10-05T23:31:04Z INFO [1093/3678] 63dea9d4-7e0f-49f6-aaad-d8837375d267: cophenetic index 797; 1.4 s; peak memory 756 MiB.
2026-10-05T23:31:05Z INFO [1094/3678] 63dec835-cd47-4a7a-910d-41ff90b896b2: cophenetic index 2625; 0.9 s; peak memory 756 MiB.
2026-10-05T23:31:05Z INFO [1095/3678] 63dee178-94e6-41ea-9afd-f84253e97053: cophenetic index 751; 0.5 s; peak memory 756 MiB.
2026-10-05T23:31:09Z INFO [1096/3678] 63df65a0-fe08-4558-adc5-00d3828d7e07: cophenetic index 87781; 3.9 s; peak memory 756 MiB.
2026-10-05T23:31:18Z INFO [1097/3678] 63e02cb9-a2fc-4bf0-bf4c-e3c37bbaa4b7: cophenetic index 242827; 8.3 s; peak memory 756 MiB.
2026-10-05T23:31:18Z INFO [1098/3678] 63e24676-4fc8-49b5-b48c-37be5fccf512: cophenetic index 624; 0.8 s; peak memory 756 MiB.
2026-10-05T23:31:23Z INFO [1099/3678] 63e2e48d-4330-4618-bda6-e84f5067d868: cophenetic index 87573; 4.4 s; peak memory 756 MiB.
2026-10-05T23:31:24Z INFO [1100/3678] 63e2e821-2104-4fcd-9388-42c6bc6f24d6: cophenetic index 2625; 1.2 s; peak memory 756 MiB.
2026-10-05T23:31:24Z INFO [1100/3678] 63e2e821-2104-4fcd-9388-42c6bc6f24d6: checkpointed 94898 records.
2026-10-05T23:31:25Z INFO [1101/3678] 63e4ae54-b0de-4265-924e-977100c9a010: cophenetic index 30304; 0.8 s; peak memory 756 MiB.
2026-10-05T23:31:26Z INFO [1102/3678] 63e51828-cc5c-42be-897a-88efe19a770c: cophenetic index 99150; 1.4 s; peak memory 756 MiB.
2026-10-05T23:31:31Z INFO [1103/3678] 63e6af1c-54c4-430d-bedd-d46b57b618f0: cophenetic index 93312; 4.2 s; peak memory 756 MiB.
2026-10-05T23:31:31Z INFO [1104/3678] 63e7b347-6b99-42b2-9ca0-ae3ea1806d9d: cophenetic index 624; 0.9 s; peak memory 756 MiB.
2026-10-05T23:31:32Z INFO [1105/3678] 63e7f9ce-f02b-49b7-93d5-03df2593ed50: cophenetic index 3087; 0.7 s; peak memory 756 MiB.
2026-10-05T23:31:33Z INFO [1106/3678] 63e85c69-3a82-4ecc-b377-f059b6db785e: cophenetic index 452; 0.8 s; peak memory 756 MiB.
2026-10-05T23:31:34Z INFO [1107/3678] 63e87c12-4e9a-4b3d-95ce-88fbb80ffdb4: cophenetic index 624; 0.8 s; peak memory 756 MiB.
2026-10-05T23:31:34Z INFO [1108/3678] 63e8dbbf-2073-45d3-933a-02c64739a7d6: cophenetic index 624; 0.7 s; peak memory 756 MiB.
2026-10-05T23:31:35Z INFO [1109/3678] 63e8de9b-fc56-42c2-82fb-0c5e72e67e17: cophenetic index 650; 0.9 s; peak memory 756 MiB.
2026-10-05T23:31:36Z INFO [1110/3678] 63e9971d-5f01-4462-bfa8-deed566036f9: cophenetic index 2570; 1.0 s; peak memory 756 MiB.
2026-10-05T23:31:37Z INFO [1111/3678] 63ea6ee9-4abe-4f16-abdc-87e0d99bd869: cophenetic index 1949; 1.0 s; peak memory 756 MiB.
2026-10-05T23:31:40Z INFO [1112/3678] 63ea8637-aeb9-4f41-937c-c4c24d6be088: cophenetic index 4797; 3.3 s; peak memory 756 MiB.
2026-10-05T23:31:41Z INFO [1113/3678] 63eb5019-b478-4cbb-a7f4-fcdaa0cf200a: cophenetic index 624; 0.7 s; peak memory 756 MiB.
2026-10-05T23:31:43Z INFO [1114/3678] 63eb8f49-4969-4f93-a7e2-17acfabdb871: cophenetic index 5473; 2.3 s; peak memory 756 MiB.
2026-10-05T23:31:44Z INFO [1115/3678] 63ec5dae-8cc5-4007-9308-db4c686847ee: cophenetic index 624; 0.7 s; peak memory 756 MiB.
2026-10-05T23:31:48Z INFO [1116/3678] 63edd9fb-6c3e-4ac8-8ecc-c31d3aac619b: cophenetic index 79761; 4.1 s; peak memory 756 MiB.
2026-10-05T23:31:49Z INFO [1117/3678] 63efe479-eb4d-42a7-8f92-fc30ec5bb214: cophenetic index 3004; 1.0 s; peak memory 756 MiB.
2026-10-05T23:31:50Z INFO [1118/3678] 63f02654-4e0d-436d-9bc8-7e52f1bbb877: cophenetic index 624; 0.7 s; peak memory 756 MiB.
2026-10-05T23:31:51Z INFO [1119/3678] 63f0386f-595e-485b-9168-c46396e435e2: cophenetic index 624; 0.7 s; peak memory 756 MiB.
2026-10-05T23:31:51Z INFO [1120/3678] 63f05d81-4169-400c-8bdd-f31932b9f1b5: cophenetic index 624; 0.7 s; peak memory 756 MiB.
2026-10-05T23:31:52Z INFO [1121/3678] 63f067bb-35c0-4652-8885-e41a6688994c: cophenetic index 1271; 0.9 s; peak memory 756 MiB.
2026-10-05T23:31:53Z INFO [1122/3678] 63f0c571-fc1d-440a-ad4e-ef4707ac3ce2: cophenetic index 560; 0.5 s; peak memory 756 MiB.
2026-10-05T23:31:54Z INFO [1123/3678] 63f17ff9-e300-4af0-a383-cfe5d36ea0d6: cophenetic index 1614; 1.3 s; peak memory 756 MiB.
2026-10-05T23:31:55Z INFO [1124/3678] 63f1873c-d40f-4089-a0f9-ad31afc6c785: cophenetic index 624; 0.7 s; peak memory 756 MiB.
2026-10-05T23:31:56Z INFO [1125/3678] 63f285ad-d9f1-4919-bd2d-8894e5b01612: cophenetic index 2625; 0.8 s; peak memory 756 MiB.
2026-10-05T23:32:03Z INFO [1126/3678] 63f2a911-aede-4edc-bd03-0bd97dfc40e2: cophenetic index 380853; 7.5 s; peak memory 756 MiB.
2026-10-05T23:32:04Z INFO [1127/3678] 63f38238-e9e5-4b57-baeb-3bcbe5891f63: cophenetic index 624; 0.8 s; peak memory 756 MiB.
2026-10-05T23:32:08Z INFO [1128/3678] 63f3acfc-9c8e-4760-ab9b-daaa1349cd73: cophenetic index 1818752; 4.5 s; peak memory 756 MiB.
2026-10-05T23:32:09Z INFO [1129/3678] 63f3b074-7938-4603-a232-676daf401301: cophenetic index 23370; 0.8 s; peak memory 756 MiB.
2026-10-05T23:32:15Z INFO [1130/3678] 63f5403f-c508-4e1a-84b2-0063e50d4151: cophenetic index 58189; 5.4 s; peak memory 756 MiB.
2026-10-05T23:32:16Z INFO [1131/3678] 63f65bdd-acc6-4568-9ee1-9103a77a0924: cophenetic index 2402; 1.6 s; peak memory 756 MiB.
2026-10-05T23:32:17Z INFO [1132/3678] 63f6a1da-c360-4ec9-9496-29ecba1866e3: cophenetic index 624; 0.8 s; peak memory 756 MiB.
2026-10-05T23:32:18Z INFO [1133/3678] 63f7629c-cc60-432f-8949-572490db44ff: cophenetic index 3004; 0.8 s; peak memory 756 MiB.
2026-10-05T23:32:19Z INFO [1134/3678] 63f79eac-7529-4c07-b012-fb0ad300d55f: cophenetic index 2386; 1.3 s; peak memory 756 MiB.
2026-10-05T23:32:21Z INFO [1135/3678] 63f84489-7676-485f-9641-4c9787413aa1: cophenetic index 1739; 1.3 s; peak memory 756 MiB.
2026-10-05T23:32:22Z INFO [1136/3678] 63f948c4-b80f-4d05-b24b-74d8bdfe8cc7: cophenetic index 2625; 0.9 s; peak memory 756 MiB.
2026-10-05T23:32:22Z INFO [1137/3678] 63f959d5-b574-435f-a4cc-216b0b9dfdc6: cophenetic index 1006; 0.9 s; peak memory 756 MiB.
2026-10-05T23:32:24Z INFO [1138/3678] 63f9f83c-a3e7-46c8-afb9-2025a65e8f90: cophenetic index 2570; 1.4 s; peak memory 756 MiB.
2026-10-05T23:32:25Z INFO [1139/3678] 63fc2dcd-bb89-43f9-a916-4c010186d618: cophenetic index 33968; 1.3 s; peak memory 756 MiB.
2026-10-05T23:32:34Z INFO [1140/3678] 63fc53a3-162a-4af7-a3a6-6fab5c171cf4: cophenetic index 49783; 8.6 s; peak memory 756 MiB.
2026-10-05T23:32:35Z INFO [1141/3678] 63fd22e4-d8f8-4566-b94b-0489d2b5aaa9: cophenetic index 1288; 1.3 s; peak memory 756 MiB.
2026-10-05T23:32:36Z INFO [1142/3678] 63fd3bce-72ff-41ab-926b-c4eca228ea34: cophenetic index 99120; 1.2 s; peak memory 756 MiB.
2026-10-05T23:32:37Z INFO [1143/3678] 63fd7f40-ddd5-4bbd-8758-43d5431dd7ed: cophenetic index 33998; 1.3 s; peak memory 756 MiB.
2026-10-05T23:32:45Z INFO [1144/3678] 63fdba9e-c206-4a4a-b7fc-7379dc60b8a5: cophenetic index 48665; 7.3 s; peak memory 756 MiB.
2026-10-05T23:32:46Z INFO [1145/3678] 63fdfd0c-5f8f-4beb-a183-a93a4d5c0088: cophenetic index 3004; 0.9 s; peak memory 756 MiB.
2026-10-05T23:32:46Z INFO [1146/3678] 63feda6f-8bde-4c66-b4b5-d4c597e12bc7: cophenetic index 466; 0.8 s; peak memory 756 MiB.
2026-10-05T23:32:47Z INFO [1147/3678] 63ff1416-3c27-42db-a43e-c5387aa742b3: cophenetic index 624; 0.6 s; peak memory 756 MiB.
2026-10-05T23:32:47Z INFO [1148/3678] 63ff8c8c-b077-4a9d-ac90-0a02f871f4f4: cophenetic index 643; 0.6 s; peak memory 756 MiB.
2026-10-05T23:32:48Z INFO [1149/3678] 63ffc4cf-3a9c-4277-a9ac-9f9fce985c9c: cophenetic index 579; 0.5 s; peak memory 756 MiB.
2026-10-05T23:32:49Z INFO [1150/3678] 63fff159-0c10-4e23-a11e-73c0b075cab7: cophenetic index 23960; 1.0 s; peak memory 756 MiB.
2026-10-05T23:32:49Z INFO [1150/3678] 63fff159-0c10-4e23-a11e-73c0b075cab7: checkpointed 94948 records.
2026-10-05T23:32:50Z INFO [1151/3678] 6402f0d3-5cad-418f-b9a7-4c23ab56302e: cophenetic index 33998; 1.3 s; peak memory 756 MiB.
2026-10-05T23:32:51Z INFO [1152/3678] 6403558b-da61-4d94-9ae0-d6710c4e34e3: cophenetic index 649; 0.8 s; peak memory 756 MiB.
2026-10-05T23:32:52Z INFO [1153/3678] 64048cc4-dbeb-4fe4-a98b-f198642eff32: cophenetic index 2625; 1.3 s; peak memory 756 MiB.
2026-10-05T23:32:54Z INFO [1154/3678] 6404ee8d-b821-4b6f-8676-5642cc7da523: cophenetic index 811; 1.3 s; peak memory 756 MiB.
2026-10-05T23:32:55Z INFO [1155/3678] 64050823-96dc-46f0-9202-8f398ae1aef4: cophenetic index 624; 0.7 s; peak memory 756 MiB.
2026-10-05T23:32:55Z INFO [1156/3678] 640569af-0229-4809-9786-85c1b9c1fcbd: cophenetic index 624; 0.7 s; peak memory 756 MiB.
2026-10-05T23:32:56Z INFO [1157/3678] 6405a94e-48ed-4550-8a03-c39a0cea65d8: cophenetic index 624; 0.8 s; peak memory 756 MiB.
2026-10-05T23:33:00Z INFO [1158/3678] 640660d9-88e0-4cb8-9dfd-a92d123c2daa: cophenetic index 9548; 3.9 s; peak memory 756 MiB.
2026-10-05T23:33:00Z INFO [1159/3678] 6406ce61-33db-4bc8-a9b9-81158d746907: cophenetic index 469; 0.5 s; peak memory 756 MiB.
2026-10-05T23:33:01Z INFO [1160/3678] 64073223-a29a-447c-971d-34c58f5e690b: cophenetic index 3004; 0.8 s; peak memory 756 MiB.
2026-10-05T23:33:02Z INFO [1161/3678] 64074793-ce8d-4870-84aa-a72bd3218b48: cophenetic index 624; 0.7 s; peak memory 756 MiB.
2026-10-05T23:33:04Z INFO [1162/3678] 640781ee-fb81-4ad1-abd8-60b4b9723509: cophenetic index 33998; 1.7 s; peak memory 756 MiB.
2026-10-05T23:33:05Z INFO [1163/3678] 6407c5ca-a134-4a07-94d2-1ae67f78edc9: cophenetic index 2625; 1.2 s; peak memory 756 MiB.
2026-10-05T23:33:06Z INFO [1164/3678] 6407e8d4-8936-4f6f-a8c8-150fb1acf988: cophenetic index 33968; 0.8 s; peak memory 756 MiB.
2026-10-05T23:33:19Z INFO [1165/3678] 64080cea-d21d-40fe-bd62-88e58eb8cca9: cophenetic index 334124; 13.1 s; peak memory 756 MiB.
2026-10-05T23:33:20Z INFO [1166/3678] 64082e62-a5a6-4104-9d85-1ffd6adf75d3: cophenetic index 3004; 0.9 s; peak memory 756 MiB.
2026-10-05T23:33:24Z INFO [1167/3678] 6408a8c9-aadc-4aa6-a772-f4efae31ca93: cophenetic index 22496; 4.0 s; peak memory 756 MiB.
2026-10-05T23:33:24Z INFO [1168/3678] 6408b335-f496-4ea0-8405-29775612444b: cophenetic index 624; 0.8 s; peak memory 756 MiB.
2026-10-05T23:33:25Z INFO [1169/3678] 6408ba99-cfd3-40f9-b14a-94e7ef431d27: cophenetic index 624; 0.9 s; peak memory 756 MiB.
2026-10-05T23:33:26Z INFO [1170/3678] 6409ff57-694c-41e9-bbfc-c25bdd54277b: cophenetic index 3192; 0.6 s; peak memory 756 MiB.
2026-10-05T23:33:27Z INFO [1171/3678] 640a720a-ea74-41f5-ba0c-fe3ea933d732: cophenetic index 33986; 1.2 s; peak memory 756 MiB.
2026-10-05T23:33:28Z INFO [1172/3678] 640a7901-c82b-47ee-9b49-3cc0aea127b3: cophenetic index 624; 0.7 s; peak memory 756 MiB.
2026-10-05T23:33:29Z INFO [1173/3678] 640abc1d-4901-44f1-bc41-5ff0b0215dbf: cophenetic index 624; 0.7 s; peak memory 756 MiB.
2026-10-05T23:33:29Z INFO [1174/3678] 640acb41-aa91-49e3-b12d-8235d3895806: cophenetic index 431; 0.8 s; peak memory 756 MiB.
2026-10-05T23:33:31Z INFO [1175/3678] 640ae1a5-a4eb-4cbf-a7e7-842e9ba3fd55: cophenetic index 2573; 1.6 s; peak memory 756 MiB.
2026-10-05T23:33:32Z INFO [1176/3678] 640bc5a9-b960-4201-8436-498d83e5a8bd: cophenetic index 624; 0.6 s; peak memory 756 MiB.
2026-10-05T23:33:32Z INFO [1177/3678] 640c3872-7035-4cec-8b92-722a2e833b43: cophenetic index 490; 0.4 s; peak memory 756 MiB.
2026-10-05T23:33:33Z INFO [1178/3678] 640d769c-8f86-4d60-964b-e9f5f8259d65: cophenetic index 624; 0.8 s; peak memory 756 MiB.
2026-10-05T23:33:34Z INFO [1179/3678] 640d85fb-c8ed-4090-9448-a8eee446f360: cophenetic index 2923; 0.9 s; peak memory 756 MiB.
2026-10-05T23:33:35Z INFO [1180/3678] 640d88ce-572a-420c-a30a-765cc474a19a: cophenetic index 33986; 0.9 s; peak memory 756 MiB.
2026-10-05T23:33:35Z INFO [1181/3678] 640dab29-26e9-4013-85b8-409e573fbaf4: cophenetic index 33968; 0.7 s; peak memory 756 MiB.
2026-10-05T23:33:36Z INFO [1182/3678] 640ded9e-c759-408f-a7ab-a62b730e03cf: cophenetic index 3004; 0.8 s; peak memory 756 MiB.
2026-10-05T23:33:38Z INFO [1183/3678] 640e2ec8-2271-4f55-98e7-147220c9cb33: cophenetic index 34658; 1.6 s; peak memory 756 MiB.
2026-10-05T23:33:39Z INFO [1184/3678] 640f498b-a654-4ade-8c73-7e9e21d6f8b8: cophenetic index 2974; 0.9 s; peak memory 756 MiB.
2026-10-05T23:33:39Z INFO [1185/3678] 640f6b84-2d6f-41f3-94c2-2c6d195a08c7: cophenetic index 624; 0.6 s; peak memory 756 MiB.
2026-10-05T23:33:40Z INFO [1186/3678] 640f9866-3702-4dd5-b968-554950c2f4b2: cophenetic index 624; 0.7 s; peak memory 756 MiB.
2026-10-05T23:33:41Z INFO [1187/3678] 640fc595-f6c2-4e45-bc43-cd9c6ad4a274: cophenetic index 490; 0.6 s; peak memory 756 MiB.
2026-10-05T23:33:41Z INFO [1188/3678] 64108834-8d28-4678-80df-85f764b87c63: cophenetic index 431; 0.7 s; peak memory 756 MiB.
2026-10-05T23:33:42Z INFO [1189/3678] 64110909-3cd6-4804-9abd-34b2befcdd40: cophenetic index 729; 0.4 s; peak memory 756 MiB.
2026-10-05T23:33:42Z INFO [1190/3678] 64117fc5-6a0f-4f08-8e13-183da142c660: cophenetic index 624; 0.7 s; peak memory 756 MiB.
2026-10-05T23:33:43Z INFO [1191/3678] 6411e3c4-4347-4720-8736-2a0b816a5544: cophenetic index 2776; 0.9 s; peak memory 756 MiB.
2026-10-05T23:33:44Z INFO [1192/3678] 641260d1-beec-4cbb-baf3-63dba2f6bc41: cophenetic index 624; 0.7 s; peak memory 756 MiB.
2026-10-05T23:33:45Z INFO [1193/3678] 64129ae3-e69d-46b3-858b-aa2661320658: cophenetic index 624; 0.9 s; peak memory 756 MiB.
2026-10-05T23:33:46Z INFO [1194/3678] 64136f9b-0b9a-49db-ae72-a9e4096555c4: cophenetic index 3087; 0.8 s; peak memory 756 MiB.
2026-10-05T23:34:18Z INFO [1195/3678] 6413cc30-4c6a-4615-b5a8-9a0c4171f76b: cophenetic index 8548602; 32.3 s; peak memory 756 MiB.
2026-10-05T23:34:19Z INFO [1196/3678] 64149434-0dda-4a10-921a-7423e886eb25: cophenetic index 490; 0.6 s; peak memory 756 MiB.
2026-10-05T23:34:25Z INFO [1197/3678] 6415c5c8-951d-4211-a32e-df3b46bfc3a1: cophenetic index 265992; 6.8 s; peak memory 756 MiB.
2026-10-05T23:34:27Z INFO [1198/3678] 6415f15b-2006-4046-bb14-19a875a67e2c: cophenetic index 1766; 1.6 s; peak memory 756 MiB.
2026-10-05T23:34:28Z INFO [1199/3678] 641852b9-cc75-4c77-ab88-cccfd17d3110: cophenetic index 2625; 0.8 s; peak memory 756 MiB.
2026-10-05T23:34:29Z INFO [1200/3678] 6419e39f-36a4-4f6d-8af4-69f598d693bd: cophenetic index 3004; 0.9 s; peak memory 756 MiB.
2026-10-05T23:34:29Z INFO [1200/3678] 6419e39f-36a4-4f6d-8af4-69f598d693bd: checkpointed 94998 records.
2026-10-05T23:34:29Z INFO [1201/3678] 641b4a1b-e387-4516-aee8-28ce0f51ed87: cophenetic index 494; 0.6 s; peak memory 756 MiB.
2026-10-05T23:34:34Z INFO [1202/3678] 641b9d32-19d2-485a-81fb-b83deb677860: cophenetic index 14389; 4.9 s; peak memory 756 MiB.
2026-10-05T23:34:35Z INFO [1203/3678] 641ba83c-b30e-4566-86ce-f8fe1c9a43da: cophenetic index 624; 0.6 s; peak memory 756 MiB.
2026-10-05T23:34:36Z INFO [1204/3678] 641c08e7-f1b8-490d-a749-01f30b65a71a: cophenetic index 2701; 1.3 s; peak memory 756 MiB.
2026-10-05T23:34:43Z INFO [1205/3678] 641d0348-0d75-420d-a6d1-acbf3d5438d5: cophenetic index 46939; 7.0 s; peak memory 756 MiB.
2026-10-05T23:34:44Z INFO [1206/3678] 641d4a0c-e417-4ed2-95a7-5dcfe4df9bf2: cophenetic index 3004; 0.6 s; peak memory 756 MiB.
2026-10-05T23:34:45Z INFO [1207/3678] 641e0b08-3c53-4979-9716-dcca6e16a20b: cophenetic index 624; 0.7 s; peak memory 756 MiB.
2026-10-05T23:34:46Z INFO [1208/3678] 641f128e-aac5-4b1a-879c-ab9520bfdcd5: cophenetic index 33998; 1.5 s; peak memory 756 MiB.
2026-10-05T23:34:47Z INFO [1209/3678] 641f2948-e1b4-4e2b-8301-03c686de0168: cophenetic index 624; 0.7 s; peak memory 756 MiB.
2026-10-05T23:34:48Z INFO [1210/3678] 641f4a81-9d9a-4cdc-b7e4-4635d1ed0eea: cophenetic index 3004; 0.8 s; peak memory 756 MiB.
2026-10-05T23:34:49Z INFO [1211/3678] 641f6bde-fd78-4740-b235-1cbb81512692: cophenetic index 33986; 0.9 s; peak memory 756 MiB.
2026-10-05T23:34:49Z INFO [1212/3678] 641fe82b-b773-44a2-b09f-d508dde635c6: cophenetic index 413; 0.7 s; peak memory 756 MiB.
2026-10-05T23:34:50Z INFO [1213/3678] 64217900-775a-4c1e-9b4f-7e51ab081d19: cophenetic index 2974; 0.9 s; peak memory 756 MiB.
2026-10-05T23:34:52Z INFO [1214/3678] 64232218-8756-4dc9-9fbc-5eb32c0128c1: cophenetic index 33998; 1.4 s; peak memory 756 MiB.
2026-10-05T23:34:53Z INFO [1215/3678] 6423a329-62fb-4c57-94b5-62f51aa73baf: cophenetic index 1058; 0.9 s; peak memory 756 MiB.
2026-10-05T23:34:53Z INFO [1216/3678] 64241b54-6111-4811-898d-5d006a86a523: cophenetic index 3004; 0.8 s; peak memory 756 MiB.
2026-10-05T23:34:54Z INFO [1217/3678] 642449ee-95a3-495e-a757-f81e15f1007a: cophenetic index 401; 0.5 s; peak memory 756 MiB.
2026-10-05T23:34:54Z INFO [1218/3678] 6424500a-3ed1-4431-a550-c83001aa573e: cophenetic index 624; 0.6 s; peak memory 756 MiB.
2026-10-05T23:34:56Z INFO [1219/3678] 64246ccd-fe3f-4a06-9c5d-01ed6f9b9765: cophenetic index 23259; 1.4 s; peak memory 756 MiB.
2026-10-05T23:34:57Z INFO [1220/3678] 6424d6ef-1d92-40c2-ad00-1801b07e3c4e: cophenetic index 793; 1.3 s; peak memory 756 MiB.
2026-10-05T23:34:58Z INFO [1221/3678] 6424f578-4701-43d5-b067-98bbeb53ebb4: cophenetic index 1380; 0.9 s; peak memory 756 MiB.
2026-10-05T23:35:00Z INFO [1222/3678] 64252455-aa80-407d-b1fd-abdbc7f9c695: cophenetic index 34658; 1.9 s; peak memory 756 MiB.
2026-10-05T23:35:01Z INFO [1223/3678] 64274abd-f366-471d-90e9-524623c9d261: cophenetic index 624; 0.7 s; peak memory 756 MiB.
2026-10-05T23:35:02Z INFO [1224/3678] 6427a8d0-5099-41c1-b5ee-844d6a48c9d7: cophenetic index 2625; 1.1 s; peak memory 756 MiB.
2026-10-05T23:35:03Z INFO [1225/3678] 6427b1c2-7a71-4a69-8d8e-0d61a9efdd9e: cophenetic index 2625; 1.2 s; peak memory 756 MiB.
2026-10-05T23:35:04Z INFO [1226/3678] 6428445c-ce94-4565-adc2-aae34f3dd21f: cophenetic index 624; 0.8 s; peak memory 756 MiB.
2026-10-05T23:35:05Z INFO [1227/3678] 6428827d-58e6-49a2-9fb2-b0f6bf350f57: cophenetic index 3004; 0.8 s; peak memory 756 MiB.
2026-10-05T23:35:09Z INFO [1228/3678] 6428c767-7c10-4d0d-9bab-40c883c6da57: cophenetic index 68983; 4.5 s; peak memory 756 MiB.
2026-10-05T23:35:10Z INFO [1229/3678] 6428e85a-f0b2-49a9-a3cc-fc4525310dae: cophenetic index 431; 0.8 s; peak memory 756 MiB.
2026-10-05T23:35:11Z INFO [1230/3678] 642b6118-2c62-4d52-8345-3b1e634803e8: cophenetic index 554; 1.0 s; peak memory 756 MiB.
2026-10-05T23:35:11Z INFO [1231/3678] 642eb261-d08a-4cda-b002-eb07c202da87: cophenetic index 1949; 0.5 s; peak memory 756 MiB.
2026-10-05T23:35:12Z INFO [1232/3678] 642efb05-76f3-4fe3-b9cd-82c500f8929f: cophenetic index 432; 0.7 s; peak memory 756 MiB.
2026-10-05T23:35:14Z INFO [1233/3678] 642f4ab8-d2d5-4372-93c1-ff1e2ef84413: cophenetic index 1715; 1.5 s; peak memory 756 MiB.
2026-10-05T23:35:18Z INFO [1234/3678] 642f54e5-c5a0-4ebb-8c54-0f5ddc9bccf9: cophenetic index 38206; 4.2 s; peak memory 756 MiB.
2026-10-05T23:35:19Z INFO [1235/3678] 642fab01-084e-435f-8c2a-867d1dc81741: cophenetic index 33968; 0.7 s; peak memory 756 MiB.
2026-10-05T23:35:20Z INFO [1236/3678] 64307e4a-96a4-453c-b988-fe45c272428c: cophenetic index 809; 1.7 s; peak memory 756 MiB.
2026-10-05T23:35:21Z INFO [1237/3678] 643083c7-eeb1-421b-882c-a7ea5b51aadf: cophenetic index 3004; 0.8 s; peak memory 756 MiB.
2026-10-05T23:35:25Z INFO [1238/3678] 6431256f-91d6-4aff-bc9d-84808e248dde: cophenetic index 39700; 3.7 s; peak memory 756 MiB.
2026-10-05T23:35:26Z INFO [1239/3678] 64316afd-8a5d-4872-9dc9-c98ba1b0ceb2: cophenetic index 33998; 1.7 s; peak memory 756 MiB.
2026-10-05T23:35:27Z INFO [1240/3678] 64330ccd-17a5-45c9-b9a1-1a006c8a484b: cophenetic index 3004; 0.7 s; peak memory 756 MiB.
2026-10-05T23:35:28Z INFO [1241/3678] 6433c443-2cde-4442-bee6-bb7ecbc1413b: cophenetic index 3087; 0.9 s; peak memory 756 MiB.
2026-10-05T23:35:29Z INFO [1242/3678] 6433ff6a-fad1-4803-812a-7fbc221fac55: cophenetic index 624; 0.8 s; peak memory 756 MiB.
2026-10-05T23:35:34Z INFO [1243/3678] 6434261c-4ab6-4dfd-aaa5-9d969b3fb3dd: cophenetic index 14699; 5.5 s; peak memory 756 MiB.
2026-10-05T23:35:35Z INFO [1244/3678] 6434e320-2025-4804-a8f6-e0a5ff79805e: cophenetic index 624; 0.7 s; peak memory 756 MiB.
2026-10-05T23:35:37Z INFO [1245/3678] 6435262a-a629-461a-af8d-35b3922f2052: cophenetic index 5473; 1.8 s; peak memory 756 MiB.
2026-10-05T23:35:38Z INFO [1246/3678] 64356626-8dac-48c1-808c-518b509199e0: cophenetic index 3004; 0.8 s; peak memory 756 MiB.
2026-10-05T23:35:38Z INFO [1247/3678] 643575da-3864-45ae-ac20-1844efe9e12b: cophenetic index 2502; 0.8 s; peak memory 756 MiB.
2026-10-05T23:35:39Z INFO [1248/3678] 643596fe-7b4a-4495-bef9-fefcf3da8a36: cophenetic index 1087; 1.0 s; peak memory 756 MiB.
2026-10-05T23:35:40Z INFO [1249/3678] 6437a1af-48e4-40df-9f05-1951924748f5: cophenetic index 581; 0.8 s; peak memory 756 MiB.
2026-10-05T23:35:41Z INFO [1250/3678] 6437e2c8-d270-40a9-ab43-9e308c452aba: cophenetic index 3004; 0.8 s; peak memory 756 MiB.
2026-10-05T23:35:41Z INFO [1250/3678] 6437e2c8-d270-40a9-ab43-9e308c452aba: checkpointed 95048 records.
2026-10-05T23:35:42Z INFO [1251/3678] 6437f5e2-ab2b-47a4-9b5d-043f7727b70c: cophenetic index 1544; 0.8 s; peak memory 756 MiB.
2026-10-05T23:35:43Z INFO [1252/3678] 64389356-ed28-4b5c-bec7-d4215eaaa743: cophenetic index 702; 1.4 s; peak memory 756 MiB.
2026-10-05T23:35:45Z INFO [1253/3678] 64391200-512d-4728-9da9-c69be3f35a43: cophenetic index 2682; 2.1 s; peak memory 756 MiB.
2026-10-05T23:35:46Z INFO [1254/3678] 6439a54d-384d-4d21-af08-2a7902e20fd7: cophenetic index 1949; 1.1 s; peak memory 756 MiB.
2026-10-05T23:35:48Z INFO [1255/3678] 643abc37-fd02-41a6-8ea4-60328b4480dc: cophenetic index 23224; 1.2 s; peak memory 756 MiB.
2026-10-05T23:35:48Z INFO [1256/3678] 643ba236-4f7f-470a-82df-4bd0db2b0f31: cophenetic index 624; 0.7 s; peak memory 756 MiB.
2026-10-05T23:35:49Z INFO [1257/3678] 643bb4c8-cc5b-4bc8-9128-37f93957cda4: cophenetic index 676; 0.5 s; peak memory 756 MiB.
2026-10-05T23:35:49Z INFO [1258/3678] 643bd091-793f-4ed7-9724-2486f0835625: cophenetic index 624; 0.7 s; peak memory 756 MiB.
2026-10-05T23:35:51Z INFO [1259/3678] 643c147a-9764-4d05-878c-a495fc13a136: cophenetic index 34658; 1.8 s; peak memory 756 MiB.
2026-10-05T23:35:52Z INFO [1260/3678] 643c25bf-867e-4437-8a0f-c8c971c08ccb: cophenetic index 649; 0.7 s; peak memory 756 MiB.
2026-10-05T23:35:53Z INFO [1261/3678] 643c7929-88a0-4ff6-8999-8c1719db62cd: cophenetic index 2005; 1.3 s; peak memory 756 MiB.
2026-10-05T23:35:55Z INFO [1262/3678] 643caf8d-898b-4b07-ba59-41496c20b792: cophenetic index 653; 1.5 s; peak memory 756 MiB.
2026-10-05T23:35:56Z INFO [1263/3678] 643d7c3b-3d28-4edc-ad06-f8a99dfe304e: cophenetic index 649; 0.8 s; peak memory 756 MiB.
2026-10-05T23:35:57Z INFO [1264/3678] 643e32a4-43fd-42be-8dd1-497b14f37f7b: cophenetic index 2570; 0.9 s; peak memory 756 MiB.
2026-10-05T23:35:58Z INFO [1265/3678] 643e3bdd-eb53-4f9f-83c3-9bff83f606c0: cophenetic index 1087; 1.0 s; peak memory 756 MiB.
2026-10-05T23:35:58Z INFO [1266/3678] 643faea4-032b-479b-a738-80d100166d69: cophenetic index 624; 0.9 s; peak memory 756 MiB.
2026-10-05T23:35:59Z INFO [1267/3678] 643fde9d-6685-4712-ab13-4f6ea8d36d62: cophenetic index 624; 0.7 s; peak memory 756 MiB.
2026-10-05T23:36:01Z INFO [1268/3678] 6440410e-3c29-4709-b3ef-f8fe0d5b270d: cophenetic index 138881; 1.3 s; peak memory 756 MiB.
2026-10-05T23:36:02Z INFO [1269/3678] 6440c085-f193-427e-908d-2ec15263b933: cophenetic index 581; 1.1 s; peak memory 756 MiB.
2026-10-05T23:36:02Z INFO [1270/3678] 64418abd-3125-4bde-b14a-1bfa17192a33: cophenetic index 2625; 0.9 s; peak memory 756 MiB.
2026-10-05T23:36:03Z INFO [1271/3678] 6441e296-8419-468b-b726-2c6557d3a30d: cophenetic index 446; 0.4 s; peak memory 756 MiB.
2026-10-05T23:36:12Z INFO [1272/3678] 644210b7-2273-4199-9237-385f868867dc: cophenetic index 480873; 9.5 s; peak memory 756 MiB.
2026-10-05T23:36:15Z INFO [1273/3678] 644229ec-0d49-4caa-a09b-8298ef0a259b: cophenetic index 2402; 2.4 s; peak memory 756 MiB.
2026-10-05T23:36:16Z INFO [1274/3678] 64437c8f-bfea-49a8-8a90-2960fe056c11: cophenetic index 36406; 1.0 s; peak memory 756 MiB.
2026-10-05T23:36:17Z INFO [1275/3678] 6443816e-2391-4cef-9b91-eeb1188c2b0f: cophenetic index 23510; 0.9 s; peak memory 756 MiB.
2026-10-05T23:36:17Z INFO [1276/3678] 64457b4b-e534-407f-972a-2cad9828eac3: cophenetic index 624; 0.7 s; peak memory 756 MiB.
2026-10-05T23:36:18Z INFO [1277/3678] 6445e11d-99ea-473d-b9bf-eb9950d92d71: cophenetic index 33962; 1.0 s; peak memory 756 MiB.
2026-10-05T23:36:20Z INFO [1278/3678] 6446784c-3246-475d-9b4d-a4444ea326b4: cophenetic index 6100; 1.2 s; peak memory 756 MiB.
2026-10-05T23:36:26Z INFO [1279/3678] 64473e0b-77c3-485b-b720-ec193f7e04ff: cophenetic index 47144; 5.9 s; peak memory 756 MiB.
2026-10-05T23:36:27Z INFO [1280/3678] 6447a5b0-b15c-45e9-bfcf-42fd9fd67c2d: cophenetic index 2105; 1.3 s; peak memory 756 MiB.
2026-10-05T23:36:34Z INFO [1281/3678] 64482c7f-6fda-4293-b46d-d8497f18fa8b: cophenetic index 229393; 7.1 s; peak memory 756 MiB.
2026-10-05T23:36:35Z INFO [1282/3678] 644854cb-41fe-4ed0-b896-55ead389b3aa: cophenetic index 33968; 1.2 s; peak memory 756 MiB.
2026-10-05T23:36:36Z INFO [1283/3678] 64489b3e-d0ad-4af4-a02e-df6e81f0de14: cophenetic index 3087; 0.9 s; peak memory 756 MiB.
2026-10-05T23:36:37Z INFO [1284/3678] 6448ea7b-ef10-4782-aef8-33ae4262a097: cophenetic index 439; 0.8 s; peak memory 756 MiB.
2026-10-05T23:36:37Z INFO [1285/3678] 6449ac52-d6e2-4fc1-9708-908b047ee6a3: cophenetic index 762; 0.4 s; peak memory 756 MiB.
2026-10-05T23:36:38Z INFO [1286/3678] 644a4c17-99f1-4d8d-b7f2-2abcd6c0adab: cophenetic index 624; 0.6 s; peak memory 756 MiB.
2026-10-05T23:36:39Z INFO [1287/3678] 644b9e27-771f-4366-8f5d-f8cf50d915f0: cophenetic index 33986; 0.9 s; peak memory 756 MiB.
2026-10-05T23:36:42Z INFO [1288/3678] 644ba49d-13e8-4f9c-840c-b88bf7a99dc0: cophenetic index 36383; 3.0 s; peak memory 756 MiB.
2026-10-05T23:36:43Z INFO [1289/3678] 644bfea8-3dd3-47a7-b708-39d71f688d02: cophenetic index 26986; 0.7 s; peak memory 756 MiB.
2026-10-05T23:36:43Z INFO [1290/3678] 644c7e86-fc3e-46d8-b9e9-b465989f6658: cophenetic index 2625; 0.9 s; peak memory 756 MiB.
2026-10-05T23:36:44Z INFO [1291/3678] 644ccd7d-716d-4a6d-b140-723f7c3cfef8: cophenetic index 624; 0.7 s; peak memory 756 MiB.
2026-10-05T23:36:46Z INFO [1292/3678] 644ce46f-216d-421d-bf5b-834fc08ff76c: cophenetic index 2391; 1.9 s; peak memory 756 MiB.
2026-10-05T23:36:53Z INFO [1293/3678] 644da812-9350-46d7-82fa-0fdea47d338c: cophenetic index 267986; 7.5 s; peak memory 756 MiB.
2026-10-05T23:36:54Z INFO [1294/3678] 644e4405-11ca-4703-b4db-6a7a4df8df20: cophenetic index 739; 0.5 s; peak memory 756 MiB.
2026-10-05T23:36:59Z INFO [1295/3678] 644e913f-6fdd-4b7b-abea-a189bf1ae90d: cophenetic index 90160; 5.3 s; peak memory 756 MiB.
2026-10-05T23:37:00Z INFO [1296/3678] 644f5920-949e-40fe-b796-7f620d17a6c4: cophenetic index 494; 0.6 s; peak memory 756 MiB.
2026-10-05T23:37:00Z INFO [1297/3678] 644ff90b-81f4-4027-9a6d-413e5e3ce03a: cophenetic index 2701; 0.6 s; peak memory 756 MiB.
2026-10-05T23:37:01Z INFO [1298/3678] 64511ae7-1a91-4860-86ad-e21755edf5ee: cophenetic index 630; 0.7 s; peak memory 756 MiB.
2026-10-05T23:37:02Z INFO [1299/3678] 64513b68-658c-4430-9db1-da6205b4399b: cophenetic index 3004; 0.9 s; peak memory 756 MiB.
2026-10-05T23:37:03Z INFO [1300/3678] 645150e3-07a7-4f5e-8f81-eec1f0d5d138: cophenetic index 458; 1.0 s; peak memory 756 MiB.
2026-10-05T23:37:03Z INFO [1300/3678] 645150e3-07a7-4f5e-8f81-eec1f0d5d138: checkpointed 95098 records.
2026-10-05T23:37:04Z INFO [1301/3678] 64529c11-87f8-4bf9-8a11-8080d4d008d2: cophenetic index 1228; 0.4 s; peak memory 756 MiB.
2026-10-05T23:37:04Z INFO [1302/3678] 6453202f-b02e-4a2e-8740-c0a3ce050195: cophenetic index 581; 0.7 s; peak memory 756 MiB.
2026-10-05T23:37:05Z INFO [1303/3678] 6453e37c-9285-4b24-9356-ef65c7a44e09: cophenetic index 579; 0.3 s; peak memory 756 MiB.
2026-10-05T23:37:06Z INFO [1304/3678] 6453f35f-0efd-4955-a44c-fd9704345017: cophenetic index 2570; 1.1 s; peak memory 756 MiB.
2026-10-05T23:37:06Z INFO [1305/3678] 6456faa0-ac9a-4f7f-bc6c-310012c22c76: cophenetic index 490; 0.3 s; peak memory 756 MiB.
2026-10-05T23:37:07Z INFO [1306/3678] 6457310e-785a-457c-9950-f5f0897b1234: cophenetic index 624; 0.6 s; peak memory 756 MiB.
2026-10-05T23:37:07Z INFO [1307/3678] 6457e449-1c7f-4d95-8760-43339ab54328: cophenetic index 731; 0.4 s; peak memory 756 MiB.
2026-10-05T23:37:08Z INFO [1308/3678] 6458af20-2504-4a92-9ae5-110cbfc91406: cophenetic index 431; 0.8 s; peak memory 756 MiB.
2026-10-05T23:37:08Z INFO [1309/3678] 6459a9e8-4819-4892-affe-cd27fea2ea2e: cophenetic index 448; 0.5 s; peak memory 756 MiB.
2026-10-05T23:37:09Z INFO [1310/3678] 6459c720-f355-46de-8494-8a3c449787ae: cophenetic index 2974; 0.7 s; peak memory 756 MiB.
2026-10-05T23:37:10Z INFO [1311/3678] 6459cec9-d9b1-4fd9-a207-d7a57287ebc3: cophenetic index 627; 0.5 s; peak memory 756 MiB.
2026-10-05T23:37:11Z INFO [1312/3678] 645a0808-00ca-4755-98ec-1feb0c22cc9b: cophenetic index 2524; 1.5 s; peak memory 756 MiB.
2026-10-05T23:37:14Z INFO [1313/3678] 645a2442-2871-4614-98b8-b84cdb110a2f: cophenetic index 30612; 2.9 s; peak memory 756 MiB.
2026-10-05T23:37:15Z INFO [1314/3678] 645a8d87-5fe6-4f6c-9498-0c210f2537d6: cophenetic index 448; 0.8 s; peak memory 756 MiB.
2026-10-05T23:37:19Z INFO [1315/3678] 645aa1d0-335c-4cc1-88af-2c68bd23baa9: cophenetic index 163477; 4.5 s; peak memory 756 MiB.
2026-10-05T23:37:24Z INFO [1316/3678] 645ae2f1-3530-40ac-a521-5f481917647e: cophenetic index 65657; 4.1 s; peak memory 756 MiB.
2026-10-05T23:37:24Z INFO [1317/3678] 645b274d-9bb2-4ba8-be3c-07d7f2da850a: cophenetic index 2974; 0.8 s; peak memory 756 MiB.
2026-10-05T23:37:29Z INFO [1318/3678] 645b61ce-9ca0-4f06-a695-8aab825a0ba5: cophenetic index 35166; 4.6 s; peak memory 756 MiB.
2026-10-05T23:37:30Z INFO [1319/3678] 645b6634-ac02-4920-97eb-4a2ba314d2c0: cophenetic index 624; 0.6 s; peak memory 756 MiB.
2026-10-05T23:37:30Z INFO [1320/3678] 645c932f-34fb-423c-8a63-8b5a31cbd60d: cophenetic index 3004; 0.7 s; peak memory 756 MiB.
2026-10-05T23:37:31Z INFO [1321/3678] 645d1b1b-d17c-463b-a603-02cf7d913974: cophenetic index 23364; 0.7 s; peak memory 756 MiB.
2026-10-05T23:37:32Z INFO [1322/3678] 645da0d3-5479-4bae-831f-71a217a47880: cophenetic index 431; 0.8 s; peak memory 756 MiB.
2026-10-05T23:37:34Z INFO [1323/3678] 645dd120-2d8b-418b-90dc-bccb7f5b7203: cophenetic index 2402; 2.1 s; peak memory 756 MiB.
2026-10-05T23:37:34Z INFO [1324/3678] 645dd3e0-444a-416c-b875-85ac190179a8: cophenetic index 447; 0.7 s; peak memory 756 MiB.
2026-10-05T23:37:35Z INFO [1325/3678] 645de013-ce68-4851-838b-48c97cbc58ca: cophenetic index 3004; 0.7 s; peak memory 756 MiB.
2026-10-05T23:37:36Z INFO [1326/3678] 645e5011-adcc-49ad-9f83-1b4832cffeb1: cophenetic index 26986; 1.0 s; peak memory 756 MiB.
2026-10-05T23:37:37Z INFO [1327/3678] 645e6d5d-b96e-4e7b-a5db-25030d3e4b4c: cophenetic index 3087; 0.7 s; peak memory 756 MiB.
2026-10-05T23:37:39Z INFO [1328/3678] 645eb2da-37b0-40f0-bbc3-ea0dc7036ecd: cophenetic index 2391; 1.8 s; peak memory 756 MiB.
2026-10-05T23:37:39Z INFO [1329/3678] 645ef676-6d70-4176-960d-c5f1261eb11c: cophenetic index 443; 0.4 s; peak memory 756 MiB.
2026-10-05T23:37:40Z INFO [1330/3678] 645f5269-549d-4be6-ad7f-91705067bb77: cophenetic index 624; 0.6 s; peak memory 756 MiB.
2026-10-05T23:37:41Z INFO [1331/3678] 645fbbd4-c421-4543-9368-844d1d3a99cf: cophenetic index 34138; 1.4 s; peak memory 756 MiB.
2026-10-05T23:37:42Z INFO [1332/3678] 6460696b-9e2a-470c-987e-565882edba0b: cophenetic index 33962; 0.9 s; peak memory 756 MiB.
2026-10-05T23:37:45Z INFO [1333/3678] 64617e07-7482-445a-a20b-59d08ff1ca52: cophenetic index 1612; 2.7 s; peak memory 756 MiB.
2026-10-05T23:37:45Z INFO [1334/3678] 6461d12e-236b-44cb-912f-85178bf50974: cophenetic index 3087; 0.8 s; peak memory 756 MiB.
2026-10-05T23:37:46Z INFO [1335/3678] 6463eaa4-e31d-46ae-8f68-fe269d4794cc: cophenetic index 554; 1.0 s; peak memory 756 MiB.
2026-10-05T23:37:47Z INFO [1336/3678] 64643b13-05cd-4df0-84d5-9497de36a6e8: cophenetic index 3004; 0.7 s; peak memory 756 MiB.
2026-10-05T23:37:48Z INFO [1337/3678] 646668bd-bacd-4dbc-bbfc-418fcb7ac6d3: cophenetic index 517; 0.6 s; peak memory 756 MiB.
2026-10-05T23:37:48Z INFO [1338/3678] 646678f0-9edb-4849-9f08-b71362db23b7: cophenetic index 729; 0.4 s; peak memory 756 MiB.
2026-10-05T23:37:49Z INFO [1339/3678] 6466d136-def5-49dc-a244-1c8c9fd56827: cophenetic index 624; 0.8 s; peak memory 756 MiB.
2026-10-05T23:37:50Z INFO [1340/3678] 6467967e-00da-4464-a9da-0f3b934a8737: cophenetic index 624; 0.7 s; peak memory 756 MiB.
2026-10-05T23:37:51Z INFO [1341/3678] 64680208-dc36-470b-8324-6cdf38abedb6: cophenetic index 33962; 1.1 s; peak memory 756 MiB.
2026-10-05T23:38:03Z INFO [1342/3678] 64682df2-d84a-446c-9896-1d1770f20823: cophenetic index 71239; 12.5 s; peak memory 756 MiB.
2026-10-05T23:38:04Z INFO [1343/3678] 64682e44-5245-4399-b6b9-18570007dc92: cophenetic index 624; 0.6 s; peak memory 756 MiB.
2026-10-05T23:38:10Z INFO [1344/3678] 646837d2-d41d-4a37-a15d-d8afbfbd30ef: cophenetic index 195172714; 6.2 s; peak memory 756 MiB.
2026-10-05T23:38:11Z INFO [1345/3678] 646970a0-0488-4405-a44a-149e926a2cc3: cophenetic index 1228; 0.5 s; peak memory 756 MiB.
2026-10-05T23:38:13Z INFO [1346/3678] 6469a4ea-ea1b-4b8b-bae0-a10d5f99ae23: cophenetic index 2682; 2.0 s; peak memory 756 MiB.
2026-10-05T23:38:13Z INFO [1347/3678] 646b7f7e-67f3-46b6-bc30-770db6053c1d: cophenetic index 722; 0.8 s; peak memory 756 MiB.
2026-10-05T23:38:15Z INFO [1348/3678] 646c8eba-74c8-4c26-8ae0-a2a659d84580: cophenetic index 6490; 1.6 s; peak memory 756 MiB.
2026-10-05T23:38:16Z INFO [1349/3678] 646d0fb8-6096-459b-a77c-3e4dc4781d0c: cophenetic index 952; 0.6 s; peak memory 756 MiB.
2026-10-05T23:38:16Z INFO [1350/3678] 646db5b5-1710-4a7f-8671-63fcf5b9d914: cophenetic index 624; 0.6 s; peak memory 756 MiB.
2026-10-05T23:38:16Z INFO [1350/3678] 646db5b5-1710-4a7f-8671-63fcf5b9d914: checkpointed 95148 records.
2026-10-05T23:38:17Z INFO [1351/3678] 646e40ec-ccd2-4486-b486-feac879b99ab: cophenetic index 605; 0.8 s; peak memory 756 MiB.
2026-10-05T23:38:18Z INFO [1352/3678] 646e6d68-7737-4f1c-a394-8f610d0e03dd: cophenetic index 624; 0.7 s; peak memory 756 MiB.
2026-10-05T23:38:19Z INFO [1353/3678] 646ea985-3ce1-4185-adc8-01fac08f053a: cophenetic index 2625; 0.9 s; peak memory 756 MiB.
2026-10-05T23:38:21Z INFO [1354/3678] 646fa1c4-716c-4cfe-9dd5-535a8cda0ba9: cophenetic index 8258; 2.0 s; peak memory 756 MiB.
2026-10-05T23:38:22Z INFO [1355/3678] 64717190-b2eb-4056-b204-262b5959733d: cophenetic index 494; 0.8 s; peak memory 756 MiB.
2026-10-05T23:38:23Z INFO [1356/3678] 64718d45-3d69-4607-914b-30b730566f63: cophenetic index 33986; 0.9 s; peak memory 756 MiB.
2026-10-05T23:38:24Z INFO [1357/3678] 64719201-e947-4b19-914a-6bbc1a14e753: cophenetic index 33998; 1.7 s; peak memory 756 MiB.
2026-10-05T23:38:25Z INFO [1358/3678] 6471fc2f-8eea-48c2-9da7-b214f002f1f6: cophenetic index 2625; 1.0 s; peak memory 756 MiB.
2026-10-05T23:38:27Z INFO [1359/3678] 647230e0-85c8-49fb-81d1-aef3998cd320: cophenetic index 33986; 1.3 s; peak memory 756 MiB.
2026-10-05T23:38:34Z INFO [1360/3678] 64724ec8-a43c-4345-bcf6-7497a8503929: cophenetic index 34862; 7.3 s; peak memory 756 MiB.
2026-10-05T23:38:35Z INFO [1361/3678] 6473d309-bd01-4ada-8226-eb8fb7f28c69: cophenetic index 2625; 0.8 s; peak memory 756 MiB.
2026-10-05T23:38:36Z INFO [1362/3678] 64744706-8ed2-4263-809f-c0c35f9bdda4: cophenetic index 2402; 1.6 s; peak memory 756 MiB.
2026-10-05T23:38:37Z INFO [1363/3678] 64744929-338a-4b86-bfa9-0744deeed53a: cophenetic index 624; 0.6 s; peak memory 756 MiB.
2026-10-05T23:38:38Z INFO [1364/3678] 64744ed8-9d0d-4218-8713-8794a1324d30: cophenetic index 624; 0.6 s; peak memory 756 MiB.
2026-10-05T23:38:38Z INFO [1365/3678] 64746a88-1306-4d9c-8a46-0292d7241670: cophenetic index 33968; 0.9 s; peak memory 756 MiB.
2026-10-05T23:39:10Z INFO [1366/3678] 64756f86-454f-48c9-95a8-1d53e0efbd98: cophenetic index 8548602; 31.4 s; peak memory 756 MiB.
2026-10-05T23:39:11Z INFO [1367/3678] 64758770-9e6d-44bb-9f84-5dac9594c089: cophenetic index 791; 1.1 s; peak memory 756 MiB.
2026-10-05T23:39:12Z INFO [1368/3678] 6475a7bf-0f72-4f4d-83db-0c4babbd8d9b: cophenetic index 687; 0.8 s; peak memory 756 MiB.
2026-10-05T23:39:13Z INFO [1369/3678] 6475dd53-3ccf-43c1-8bbc-aae0b6e21a00: cophenetic index 2609; 1.8 s; peak memory 756 MiB.
2026-10-05T23:39:14Z INFO [1370/3678] 6475f99f-ffca-4ca1-870d-2ef4ad03833f: cophenetic index 23250; 0.8 s; peak memory 756 MiB.
2026-10-05T23:39:16Z INFO [1371/3678] 6476408b-2842-4602-8ffa-6ba75c55c248: cophenetic index 33998; 1.7 s; peak memory 756 MiB.
2026-10-05T23:39:17Z INFO [1372/3678] 647800d7-e25e-448b-81eb-1265833a15ca: cophenetic index 99150; 1.6 s; peak memory 756 MiB.
2026-10-05T23:39:18Z INFO [1373/3678] 6478840c-f27a-4e3a-b9a4-722a9f808dbc: cophenetic index 581; 0.7 s; peak memory 756 MiB.
2026-10-05T23:39:19Z INFO [1374/3678] 6478fe7a-e0bf-4383-83df-de1a609f6916: cophenetic index 605; 1.0 s; peak memory 756 MiB.
2026-10-05T23:39:21Z INFO [1375/3678] 647b22b7-e1ed-4634-aa75-b7f6a85c95f0: cophenetic index 6111; 1.5 s; peak memory 756 MiB.
2026-10-05T23:39:22Z INFO [1376/3678] 647b396f-d792-456d-8ee8-baae7afe6ebf: cophenetic index 949; 1.3 s; peak memory 756 MiB.
2026-10-05T23:39:23Z INFO [1377/3678] 647b585b-058d-49c4-ae24-6d7135bd942a: cophenetic index 432; 0.7 s; peak memory 756 MiB.
2026-10-05T23:39:23Z INFO [1378/3678] 647bb15b-01ab-4e5b-b5ea-17740cac3bde: cophenetic index 624; 0.7 s; peak memory 756 MiB.
2026-10-05T23:39:24Z INFO [1379/3678] 647c8c78-52f5-4118-9ca4-260be131f2e1: cophenetic index 3004; 0.6 s; peak memory 756 MiB.
2026-10-05T23:39:25Z INFO [1380/3678] 647c9eee-5979-4028-9c05-c0c61d7d2beb: cophenetic index 4015; 1.4 s; peak memory 756 MiB.
2026-10-05T23:39:27Z INFO [1381/3678] 647e7f61-1e19-47ed-8e64-74fcaf4bb9e0: cophenetic index 33998; 1.5 s; peak memory 756 MiB.
2026-10-05T23:39:28Z INFO [1382/3678] 647ed95e-3fcf-4d1c-8f36-48fca277494a: cophenetic index 494; 0.8 s; peak memory 756 MiB.
2026-10-05T23:39:28Z INFO [1383/3678] 647f003c-718d-4d51-8371-64250db7b3b3: cophenetic index 23809; 0.7 s; peak memory 756 MiB.
2026-10-05T23:39:33Z INFO [1384/3678] 64805fa7-d282-4447-923d-1b5556ed94df: cophenetic index 9548; 4.1 s; peak memory 756 MiB.
2026-10-05T23:39:33Z INFO [1385/3678] 64808b58-e6a8-4422-bd38-b70300909845: cophenetic index 791; 0.9 s; peak memory 756 MiB.
2026-10-05T23:39:36Z INFO [1386/3678] 6480b8dd-0f3d-4174-9f26-4219bda81052: cophenetic index 34658; 2.1 s; peak memory 756 MiB.
2026-10-05T23:39:38Z INFO [1387/3678] 648139ff-a1dd-430f-a333-b74916e38d3a: cophenetic index 2402; 2.2 s; peak memory 756 MiB.
2026-10-05T23:39:39Z INFO [1388/3678] 6481c921-f38d-4d1d-b143-4bac1aaa8cd3: cophenetic index 2974; 0.9 s; peak memory 756 MiB.
2026-10-05T23:39:39Z INFO [1389/3678] 64828a8f-dcce-4738-89dd-45283c7e7f23: cophenetic index 3087; 0.6 s; peak memory 756 MiB.
2026-10-05T23:39:40Z INFO [1390/3678] 6482bb27-fc10-4678-8553-c49f63baa07a: cophenetic index 2724; 0.9 s; peak memory 756 MiB.
2026-10-05T23:39:41Z INFO [1391/3678] 6482bed8-3494-4a1b-b3bf-f39190ad9222: cophenetic index 3972; 1.0 s; peak memory 756 MiB.
2026-10-05T23:39:45Z INFO [1392/3678] 6483b2fe-eb9a-4b70-9f9c-9189bc24bf99: cophenetic index 87573; 3.8 s; peak memory 756 MiB.
2026-10-05T23:39:46Z INFO [1393/3678] 64842758-c7e2-461e-a507-f46503947c75: cophenetic index 624; 0.8 s; peak memory 756 MiB.
2026-10-05T23:39:47Z INFO [1394/3678] 6485cde5-5350-4c29-9b90-c52d0f3489ab: cophenetic index 2625; 1.0 s; peak memory 756 MiB.
2026-10-05T23:39:49Z INFO [1395/3678] 6486af1b-aed2-45ba-bfc4-0471eaf30bb2: cophenetic index 2682; 2.0 s; peak memory 756 MiB.
2026-10-05T23:39:50Z INFO [1396/3678] 6486fa42-dafc-4c0f-8439-4ba907606cca: cophenetic index 624; 0.7 s; peak memory 756 MiB.
2026-10-05T23:39:50Z INFO [1397/3678] 64890281-709e-4638-b50d-b59069a4aa81: cophenetic index 624; 0.8 s; peak memory 756 MiB.
2026-10-05T23:39:51Z INFO [1398/3678] 64896f66-7dce-407a-821a-8e4c39d42df5: cophenetic index 23866; 0.8 s; peak memory 756 MiB.
2026-10-05T23:39:52Z INFO [1399/3678] 6489ab74-a52d-4fa2-ac0f-a484acfb743d: cophenetic index 3087; 0.8 s; peak memory 756 MiB.
2026-10-05T23:40:08Z INFO [1400/3678] 648a0ba4-dbe6-4b8f-ae79-edbe82ca447b: cophenetic index 315762; 16.2 s; peak memory 756 MiB.
2026-10-05T23:40:08Z INFO [1400/3678] 648a0ba4-dbe6-4b8f-ae79-edbe82ca447b: checkpointed 95198 records.
2026-10-05T23:40:10Z INFO [1401/3678] 648a227a-cd87-4137-97b2-178d9d463d9b: cophenetic index 2609; 1.4 s; peak memory 756 MiB.
2026-10-05T23:40:10Z INFO [1402/3678] 648cc69c-cb74-49d9-b58e-f50a1497770e: cophenetic index 624; 0.7 s; peak memory 756 MiB.
2026-10-05T23:40:11Z INFO [1403/3678] 648d034b-482b-4bb3-9cb7-bbb77d1cc0cc: cophenetic index 624; 0.6 s; peak memory 756 MiB.
2026-10-05T23:40:34Z INFO [1404/3678] 648dc379-5fa3-4a48-8888-65d2a4d93699: cophenetic index 38044721; 22.9 s; peak memory 756 MiB.
2026-10-05T23:40:35Z INFO [1405/3678] 648e4af8-2a85-4fc4-94ab-b3e18d8e5bcd: cophenetic index 33968; 1.0 s; peak memory 756 MiB.
2026-10-05T23:40:36Z INFO [1406/3678] 648ee921-8b9e-4c6e-b178-63ec031f6f2a: cophenetic index 325333; 1.6 s; peak memory 756 MiB.
2026-10-05T23:40:37Z INFO [1407/3678] 648f190e-79db-4459-9c09-378981086d61: cophenetic index 2974; 0.7 s; peak memory 756 MiB.
2026-10-05T23:40:38Z INFO [1408/3678] 649001c5-3d48-49d2-b3a5-60984cbbc1f8: cophenetic index 605; 0.9 s; peak memory 756 MiB.
2026-10-05T23:40:40Z INFO [1409/3678] 6491108d-1ed8-42a6-82e5-810b1a891834: cophenetic index 959; 1.8 s; peak memory 756 MiB.
2026-10-05T23:40:41Z INFO [1410/3678] 6491b857-097c-4ef3-95fa-c3d1ffb9fba1: cophenetic index 539; 0.8 s; peak memory 756 MiB.
2026-10-05T23:40:46Z INFO [1411/3678] 64922d7e-f573-4fac-9db9-f15ab17481c2: cophenetic index 15946; 5.6 s; peak memory 756 MiB.
2026-10-05T23:40:48Z INFO [1412/3678] 649255fe-d15e-4795-8ffb-97d19f3b0602: cophenetic index 2609; 1.9 s; peak memory 756 MiB.
2026-10-05T23:40:49Z INFO [1413/3678] 649257b2-2079-49dc-8b85-f385441a69fe: cophenetic index 624; 0.8 s; peak memory 756 MiB.
2026-10-05T23:40:49Z INFO [1414/3678] 6492b5a1-c103-4dff-831c-a867861ad956: cophenetic index 1265; 0.7 s; peak memory 756 MiB.
2026-10-05T23:40:50Z INFO [1415/3678] 6492dc49-a0f9-482f-ba51-185407891483: cophenetic index 624; 0.6 s; peak memory 756 MiB.
2026-10-05T23:40:51Z INFO [1416/3678] 649399fa-72f2-402d-afa6-1bb27e24bdad: cophenetic index 26986; 1.0 s; peak memory 756 MiB.
2026-10-05T23:40:52Z INFO [1417/3678] 64948d07-e27b-4739-9edf-1382ca111761: cophenetic index 624; 0.9 s; peak memory 756 MiB.
2026-10-05T23:40:53Z INFO [1418/3678] 64965a34-2f14-49c5-b008-252bafdccbd4: cophenetic index 605; 0.9 s; peak memory 756 MiB.
2026-10-05T23:40:59Z INFO [1419/3678] 6496fdb3-ed6f-4fb3-ab63-6cec9327f2c1: cophenetic index 48355; 6.2 s; peak memory 756 MiB.
2026-10-05T23:41:00Z INFO [1420/3678] 64978c7c-c038-446a-a9e5-683955ca7c4b: cophenetic index 1946; 0.8 s; peak memory 756 MiB.
2026-10-05T23:41:01Z INFO [1421/3678] 649bee7a-e519-4b53-a9b6-21e91981d761: cophenetic index 3004; 0.6 s; peak memory 756 MiB.
2026-10-05T23:41:01Z INFO [1422/3678] 649bf385-7fe0-4055-9392-d0dc9730b7b3: cophenetic index 33968; 0.8 s; peak memory 756 MiB.
2026-10-05T23:41:02Z INFO [1423/3678] 649c30b7-dd7e-4585-876f-6cff53094d8e: cophenetic index 766; 1.1 s; peak memory 756 MiB.
2026-10-05T23:41:03Z INFO [1424/3678] 649c916d-aa41-42c2-a7d3-cd54385076aa: cophenetic index 590; 0.8 s; peak memory 756 MiB.
2026-10-05T23:41:04Z INFO [1425/3678] 649cbd24-b23e-4a37-8380-5b1871188376: cophenetic index 33968; 1.0 s; peak memory 756 MiB.
2026-10-05T23:41:05Z INFO [1426/3678] 649e02ea-6d85-4718-9bf1-064ed226bdc4: cophenetic index 605; 0.8 s; peak memory 756 MiB.
2026-10-05T23:41:06Z INFO [1427/3678] 649e2202-c670-4712-b6bc-f91717d84f30: cophenetic index 99150; 1.4 s; peak memory 756 MiB.
2026-10-05T23:41:08Z INFO [1428/3678] 649f4cf4-0a38-4128-afd9-ef7ac3c18e1f: cophenetic index 1087; 1.1 s; peak memory 756 MiB.
2026-10-05T23:41:09Z INFO [1429/3678] 649f50b7-75d4-4ab1-af6e-52cffdb5ee9a: cophenetic index 2682; 1.8 s; peak memory 756 MiB.
2026-10-05T23:41:15Z INFO [1430/3678] 64a10c9e-3c9c-4bd6-9e30-777969e4ab76: cophenetic index 121913; 5.9 s; peak memory 756 MiB.
2026-10-05T23:41:16Z INFO [1431/3678] 64a17c17-44c0-42b3-97ee-b3b49482ed66: cophenetic index 2625; 1.1 s; peak memory 756 MiB.
2026-10-05T23:41:19Z INFO [1432/3678] 64a1e066-0e85-4d26-9407-e794f5bcde4f: cophenetic index 48386; 2.7 s; peak memory 756 MiB.
2026-10-05T23:41:20Z INFO [1433/3678] 64a26bec-1df6-42e8-9a36-d6520c8ff232: cophenetic index 30304; 1.0 s; peak memory 756 MiB.
2026-10-05T23:41:21Z INFO [1434/3678] 64a2b8c1-1212-4c27-861a-a598a851a9a5: cophenetic index 624; 0.7 s; peak memory 756 MiB.
2026-10-05T23:41:22Z INFO [1435/3678] 64a2ce4b-9b86-48f4-8286-6149fd0c9e90: cophenetic index 624; 0.8 s; peak memory 756 MiB.
2026-10-05T23:41:22Z INFO [1436/3678] 64a32097-fad5-4634-a97c-809a68fee460: cophenetic index 624; 0.6 s; peak memory 756 MiB.
2026-10-05T23:41:26Z INFO [1437/3678] 64a33e54-f5f7-4a8c-95f7-08f8eb58eef3: cophenetic index 214505; 4.2 s; peak memory 756 MiB.
2026-10-05T23:41:27Z INFO [1438/3678] 64a3f20d-a8b3-4e3d-8fcd-3dbe44de8199: cophenetic index 651; 0.6 s; peak memory 756 MiB.
2026-10-05T23:41:32Z INFO [1439/3678] 64a44f35-b7c7-488e-9804-9afcd0ce2aa0: cophenetic index 7554; 5.3 s; peak memory 756 MiB.
2026-10-05T23:41:33Z INFO [1440/3678] 64a46458-8228-4f17-900c-5ba4b051f5d3: cophenetic index 3004; 0.6 s; peak memory 756 MiB.
2026-10-05T23:41:34Z INFO [1441/3678] 64a49a60-01a8-4e8e-ac70-850ceb0ac885: cophenetic index 624; 0.9 s; peak memory 756 MiB.
2026-10-05T23:41:35Z INFO [1442/3678] 64a529e9-da4c-445a-836e-7ef388480952: cophenetic index 624; 0.9 s; peak memory 756 MiB.
2026-10-05T23:41:36Z INFO [1443/3678] 64a57380-0f5c-4414-b292-98b735167cf3: cophenetic index 2625; 1.0 s; peak memory 756 MiB.
2026-10-05T23:41:38Z INFO [1444/3678] 64a57ed6-7d39-4881-8e76-a6e63dd905d9: cophenetic index 2469; 2.0 s; peak memory 756 MiB.
2026-10-05T23:41:39Z INFO [1445/3678] 64a66408-23c9-4724-aca1-e7d73ab820ed: cophenetic index 33962; 0.9 s; peak memory 756 MiB.
2026-10-05T23:41:40Z INFO [1446/3678] 64a6a418-94d4-4abe-a7af-de7e1382f3a4: cophenetic index 2609; 1.4 s; peak memory 756 MiB.
2026-10-05T23:41:41Z INFO [1447/3678] 64a7a0dc-1dd3-4a28-9f4c-d6b5d9076c56: cophenetic index 2776; 0.7 s; peak memory 756 MiB.
2026-10-05T23:41:41Z INFO [1448/3678] 64a7bd97-d202-47c3-bb38-947573725a50: cophenetic index 3215; 0.7 s; peak memory 756 MiB.
2026-10-05T23:41:42Z INFO [1449/3678] 64a7f17d-1aaf-41a6-99b3-dae0b98fd415: cophenetic index 2625; 0.8 s; peak memory 756 MiB.
2026-10-05T23:41:43Z INFO [1450/3678] 64a8a100-0ff2-4121-aa25-3de3a54f8d97: cophenetic index 431; 0.9 s; peak memory 756 MiB.
2026-10-05T23:41:43Z INFO [1450/3678] 64a8a100-0ff2-4121-aa25-3de3a54f8d97: checkpointed 95248 records.
2026-10-05T23:41:50Z INFO [1451/3678] 64a90e30-020c-4fda-af33-741d125f0a96: cophenetic index 199742; 6.9 s; peak memory 756 MiB.
2026-10-05T23:41:51Z INFO [1452/3678] 64a92552-2f18-4b2a-b72c-4ec16e839834: cophenetic index 3004; 0.8 s; peak memory 756 MiB.
2026-10-05T23:41:52Z INFO [1453/3678] 64a9645c-b402-4b4a-899f-de216b5c3d1b: cophenetic index 2625; 0.7 s; peak memory 756 MiB.
2026-10-05T23:41:53Z INFO [1454/3678] 64a98bea-0b77-4846-9049-e2e26f2a9a89: cophenetic index 2469; 1.6 s; peak memory 756 MiB.
2026-10-05T23:41:54Z INFO [1455/3678] 64a9c0b7-f07c-4c80-acfc-36b1934ba200: cophenetic index 2625; 0.8 s; peak memory 756 MiB.
2026-10-05T23:41:55Z INFO [1456/3678] 64aa2dcf-0747-4ad3-94c9-44f9a553c428: cophenetic index 2056; 1.1 s; peak memory 756 MiB.
2026-10-05T23:41:56Z INFO [1457/3678] 64aa42b5-6fe2-4f77-b2dd-9bec7d02e51c: cophenetic index 490; 0.5 s; peak memory 756 MiB.
2026-10-05T23:42:01Z INFO [1458/3678] 64abd486-9b58-469d-b1da-cba8e3aba2e7: cophenetic index 121491; 5.4 s; peak memory 756 MiB.
2026-10-05T23:42:02Z INFO [1459/3678] 64abf74a-9fb8-4c9c-84c1-017e7385db43: cophenetic index 624; 0.8 s; peak memory 756 MiB.
2026-10-05T23:42:02Z INFO [1460/3678] 64acdbb8-4b4c-4c9f-a0e8-5df14df8637c: cophenetic index 624; 0.7 s; peak memory 756 MiB.
2026-10-05T23:42:03Z INFO [1461/3678] 64ad1200-e19f-4c07-a600-7d20d075a149: cophenetic index 2974; 0.8 s; peak memory 756 MiB.
2026-10-05T23:42:05Z INFO [1462/3678] 64ad4708-810e-4904-a570-7f2c25383a4b: cophenetic index 4677; 2.0 s; peak memory 756 MiB.
2026-10-05T23:42:07Z INFO [1463/3678] 64ad9e3f-8be5-4f9e-9332-c58509870829: cophenetic index 33998; 1.6 s; peak memory 756 MiB.
2026-10-05T23:42:08Z INFO [1464/3678] 64ade2ba-15c6-4388-b165-8038c301f64c: cophenetic index 33998; 1.1 s; peak memory 756 MiB.
2026-10-05T23:42:08Z INFO [1465/3678] 64ae1a28-7ac4-4e17-9651-3659762bb34b: cophenetic index 490; 0.5 s; peak memory 756 MiB.
2026-10-05T23:42:10Z INFO [1466/3678] 64ae3cd6-40e4-430f-8e9b-d16d668bf73d: cophenetic index 6490; 1.7 s; peak memory 756 MiB.
2026-10-05T23:42:11Z INFO [1467/3678] 64ae646f-f502-4482-9db3-062214df07c5: cophenetic index 626; 0.9 s; peak memory 756 MiB.
2026-10-05T23:42:11Z INFO [1468/3678] 64af1b1d-f050-4a5b-934a-602b89e8d50c: cophenetic index 762; 0.4 s; peak memory 756 MiB.
2026-10-05T23:42:12Z INFO [1469/3678] 64afd921-7bfe-4e95-8088-3cff00537d5f: cophenetic index 1228; 0.6 s; peak memory 756 MiB.
2026-10-05T23:42:13Z INFO [1470/3678] 64b04443-2fa3-4a55-943b-0481b9c4214a: cophenetic index 99150; 1.2 s; peak memory 756 MiB.
2026-10-05T23:42:16Z INFO [1471/3678] 64b0a15e-3d03-4557-ae67-41b8860c423c: cophenetic index 28682; 2.5 s; peak memory 756 MiB.
2026-10-05T23:42:20Z INFO [1472/3678] 64b0bbc6-8a45-41d8-814e-1de81920bfb8: cophenetic index 78060; 4.4 s; peak memory 756 MiB.
2026-10-05T23:42:21Z INFO [1473/3678] 64b0fd1f-52bb-4ff4-88c4-02b2d099e378: cophenetic index 1042; 1.0 s; peak memory 756 MiB.
2026-10-05T23:42:22Z INFO [1474/3678] 64b128bb-7ea9-418d-9665-e18edd3bd56a: cophenetic index 624; 0.6 s; peak memory 756 MiB.
2026-10-05T23:42:22Z INFO [1475/3678] 64b14fe5-b5e4-4a6a-9e87-910e879b068b: cophenetic index 490; 0.5 s; peak memory 756 MiB.
2026-10-05T23:42:23Z INFO [1476/3678] 64b1b44e-abd9-4faf-a1d1-8abefa8ea79d: cophenetic index 797; 1.4 s; peak memory 756 MiB.
2026-10-05T23:42:25Z INFO [1477/3678] 64b255fa-11da-4c62-85e9-ba669d01ef24: cophenetic index 911; 1.1 s; peak memory 756 MiB.
2026-10-05T23:42:25Z INFO [1478/3678] 64b2e080-717a-4d74-be9b-295009a5aaf9: cophenetic index 2625; 0.9 s; peak memory 756 MiB.
2026-10-05T23:42:26Z INFO [1479/3678] 64b3296f-932f-4bd4-9537-43f9973db7d3: cophenetic index 624; 0.8 s; peak memory 756 MiB.
2026-10-05T23:42:27Z INFO [1480/3678] 64b3514b-a3b7-46f9-9737-371f52295f66: cophenetic index 413; 0.6 s; peak memory 756 MiB.
2026-10-05T23:42:28Z INFO [1481/3678] 64b3657e-a6fa-42ae-b7db-b50aabe6a16a: cophenetic index 624; 0.7 s; peak memory 756 MiB.
2026-10-05T23:42:32Z INFO [1482/3678] 64b5d011-6c8b-4bb6-bbc9-4fe7c9e16113: cophenetic index 195173008; 4.8 s; peak memory 756 MiB.
2026-10-05T23:42:33Z INFO [1483/3678] 64b63c14-8316-493d-b750-5c5be887776a: cophenetic index 3004; 0.6 s; peak memory 756 MiB.
2026-10-05T23:42:33Z INFO [1484/3678] 64b6793c-f1e0-4502-ba62-b190250cfda9: cophenetic index 490; 0.4 s; peak memory 756 MiB.
2026-10-05T23:42:34Z INFO [1485/3678] 64b761c9-4eb3-4004-859f-35273156efb1: cophenetic index 624; 0.8 s; peak memory 756 MiB.
2026-10-05T23:42:35Z INFO [1486/3678] 64b8ef2f-3d9a-4e2a-a3d3-5585b5f04689: cophenetic index 1380; 1.2 s; peak memory 756 MiB.
2026-10-05T23:42:36Z INFO [1487/3678] 64b9d799-32de-4f30-ae16-e2384113babb: cophenetic index 625; 0.8 s; peak memory 756 MiB.
2026-10-05T23:42:37Z INFO [1488/3678] 64ba6d55-81a1-4bb3-a98b-25551838bf99: cophenetic index 1479; 1.4 s; peak memory 756 MiB.
2026-10-05T23:42:38Z INFO [1489/3678] 64bab918-3fa9-49a1-b0a8-9b82dbcd938c: cophenetic index 2625; 0.9 s; peak memory 756 MiB.
2026-10-05T23:42:39Z INFO [1490/3678] 64bacdfe-a4e1-48d3-9a4e-b0760a8f76de: cophenetic index 3004; 0.7 s; peak memory 756 MiB.
2026-10-05T23:42:39Z INFO [1491/3678] 64bb197f-c761-4787-8254-ee3817610aec: cophenetic index 490; 0.4 s; peak memory 756 MiB.
2026-10-05T23:42:40Z INFO [1492/3678] 64bb5f1d-65b5-46a4-a19f-c2156e687448: cophenetic index 624; 0.7 s; peak memory 756 MiB.
2026-10-05T23:42:41Z INFO [1493/3678] 64bbcd5b-c0af-4820-9cc2-355f595dacfa: cophenetic index 729; 0.5 s; peak memory 756 MiB.
2026-10-05T23:42:41Z INFO [1494/3678] 64bce672-c205-47ba-a762-27036c4f8201: cophenetic index 490; 0.4 s; peak memory 756 MiB.
2026-10-05T23:42:47Z INFO [1495/3678] 64bd15a0-2b84-4467-8919-090dc2fa22a7: cophenetic index 14389; 5.9 s; peak memory 756 MiB.
2026-10-05T23:42:48Z INFO [1496/3678] 64bd1f78-2c07-48b6-badc-edd2429500a6: cophenetic index 2570; 1.3 s; peak memory 756 MiB.
2026-10-05T23:42:49Z INFO [1497/3678] 64be2941-f99e-485c-9eb4-a247203b3116: cophenetic index 624; 0.8 s; peak memory 756 MiB.
2026-10-05T23:42:50Z INFO [1498/3678] 64bed3b0-caee-41b9-9ac0-c3f2bb665a09: cophenetic index 624; 0.8 s; peak memory 756 MiB.
2026-10-05T23:42:51Z INFO [1499/3678] 64bf370e-2d64-4596-872e-22cc610273df: cophenetic index 2570; 0.9 s; peak memory 756 MiB.
2026-10-05T23:42:52Z INFO [1500/3678] 64bf8268-a5b5-4e40-bf82-0cceb0134d5d: cophenetic index 605; 1.0 s; peak memory 756 MiB.
2026-10-05T23:42:52Z INFO [1500/3678] 64bf8268-a5b5-4e40-bf82-0cceb0134d5d: checkpointed 95298 records.
2026-10-05T23:42:57Z INFO [1501/3678] 64c04268-e60c-4781-9948-05d2a860c241: cophenetic index 139388; 5.4 s; peak memory 756 MiB.
2026-10-05T23:42:58Z INFO [1502/3678] 64c066ec-84da-41fd-b0dd-60de12ffb2b5: cophenetic index 624; 0.6 s; peak memory 756 MiB.
2026-10-05T23:42:58Z INFO [1503/3678] 64c08588-2e0f-4a91-920d-f5a9f9dc8ce0: cophenetic index 490; 0.4 s; peak memory 756 MiB.
2026-10-05T23:42:59Z INFO [1504/3678] 64c09ff1-5d1b-40e2-8e82-867bf45a978e: cophenetic index 3087; 0.7 s; peak memory 756 MiB.
2026-10-05T23:43:00Z INFO [1505/3678] 64c1b02a-9d83-4876-9628-d113c7bda228: cophenetic index 624; 0.8 s; peak memory 756 MiB.
2026-10-05T23:43:01Z INFO [1506/3678] 64c26334-453b-4c7c-83d8-6048d6d1d346: cophenetic index 26986; 0.9 s; peak memory 756 MiB.
2026-10-05T23:43:01Z INFO [1507/3678] 64c2b0a9-f364-4fc3-b03a-4cdb98de048b: cophenetic index 3004; 0.7 s; peak memory 756 MiB.
2026-10-05T23:43:08Z INFO [1508/3678] 64c3c245-e227-4a53-a58c-556c787f3376: cophenetic index 42369; 6.9 s; peak memory 756 MiB.
2026-10-05T23:43:09Z INFO [1509/3678] 64c4be35-7787-4515-a2dc-93725ffb88ab: cophenetic index 766; 1.0 s; peak memory 756 MiB.
2026-10-05T23:43:10Z INFO [1510/3678] 64c5c9d0-69d2-4b95-97c2-7f06c404d205: cophenetic index 560; 0.8 s; peak memory 756 MiB.
2026-10-05T23:43:11Z INFO [1511/3678] 64c6dc37-d6ad-45d4-afa8-78cd87cde73d: cophenetic index 41788; 1.3 s; peak memory 756 MiB.
2026-10-05T23:43:12Z INFO [1512/3678] 64c6ea24-daf7-4444-a50c-479bd9754914: cophenetic index 2625; 0.8 s; peak memory 756 MiB.
2026-10-05T23:43:13Z INFO [1513/3678] 64c71c70-2640-43fb-bda4-9aa89a5090a8: cophenetic index 624; 0.7 s; peak memory 756 MiB.
2026-10-05T23:43:15Z INFO [1514/3678] 64c799eb-aa7e-4091-b347-5e9b89788a2f: cophenetic index 34658; 1.8 s; peak memory 756 MiB.
2026-10-05T23:43:15Z INFO [1515/3678] 64c7dcb6-cef1-47b2-8365-334e1b5ce2d0: cophenetic index 431; 0.4 s; peak memory 756 MiB.
2026-10-05T23:43:16Z INFO [1516/3678] 64c8ac6f-edf2-4ed0-bdeb-3bf36cf88311: cophenetic index 624; 0.6 s; peak memory 756 MiB.
2026-10-05T23:43:25Z INFO [1517/3678] 64c969d9-2de3-4bb6-b7df-397c8df353bc: cophenetic index 328355; 9.2 s; peak memory 756 MiB.
2026-10-05T23:43:27Z INFO [1518/3678] 64c9f69e-674c-4abf-8fe9-6b5d1b7b199a: cophenetic index 2391; 1.8 s; peak memory 756 MiB.
2026-10-05T23:43:28Z INFO [1519/3678] 64ca4207-620d-41ab-a540-547f88a08c3a: cophenetic index 624; 0.8 s; peak memory 756 MiB.
2026-10-05T23:43:28Z INFO [1520/3678] 64cb2f2b-9fa0-42c8-b039-4493796b1432: cophenetic index 1602; 0.8 s; peak memory 756 MiB.
2026-10-05T23:43:29Z INFO [1521/3678] 64cb644a-4f0f-414d-880a-b758dd8b4187: cophenetic index 2844; 0.9 s; peak memory 756 MiB.
2026-10-05T23:43:30Z INFO [1522/3678] 64cbe68d-36f7-40c8-a339-a2090230a914: cophenetic index 624; 0.7 s; peak memory 756 MiB.
2026-10-05T23:43:40Z INFO [1523/3678] 64ce324d-d6b9-4812-8a2d-1443b4e01210: cophenetic index 985183; 9.6 s; peak memory 756 MiB.
2026-10-05T23:43:43Z INFO [1524/3678] 64ce50a8-8257-4148-b4ac-7e0bb4ca9eef: cophenetic index 9548; 3.2 s; peak memory 756 MiB.
2026-10-05T23:43:44Z INFO [1525/3678] 64ce5f47-f264-49e6-87d7-06128deef6c2: cophenetic index 2625; 1.0 s; peak memory 756 MiB.
2026-10-05T23:43:44Z INFO [1526/3678] 64ceb47f-1607-44f4-8c32-7d2609b34511: cophenetic index 2625; 0.5 s; peak memory 756 MiB.
2026-10-05T23:43:45Z INFO [1527/3678] 64cf3672-ea59-49ad-9f0a-9acffaccdc54: cophenetic index 624; 0.6 s; peak memory 756 MiB.
2026-10-05T23:43:46Z INFO [1528/3678] 64cf53a1-a455-403f-8058-9a985cca94c1: cophenetic index 3087; 0.8 s; peak memory 756 MiB.
2026-10-05T23:43:47Z INFO [1529/3678] 64cf87a7-6d1a-41ac-8ca7-d6843d994ae4: cophenetic index 34658; 1.5 s; peak memory 756 MiB.
2026-10-05T23:43:48Z INFO [1530/3678] 64d06bd7-c017-41ec-ba7d-fe30ee7067fb: cophenetic index 3004; 0.6 s; peak memory 756 MiB.
2026-10-05T23:43:50Z INFO [1531/3678] 64d0e8d3-21bc-418e-b065-f7c3030baa49: cophenetic index 5473; 2.0 s; peak memory 756 MiB.
2026-10-05T23:43:51Z INFO [1532/3678] 64d14008-b2ac-4486-bc8e-6af3b9063b0c: cophenetic index 1087; 1.0 s; peak memory 756 MiB.
2026-10-05T23:43:51Z INFO [1533/3678] 64d14a6b-45ed-40b9-b772-f297e6a96188: cophenetic index 762; 0.5 s; peak memory 756 MiB.
2026-10-05T23:43:52Z INFO [1534/3678] 64d16b37-7c09-4488-b71f-990618c11ef2: cophenetic index 651; 0.4 s; peak memory 756 MiB.
2026-10-05T23:43:52Z INFO [1535/3678] 64d17ed9-54dd-4a37-9cb5-38140af4cbdc: cophenetic index 624; 0.5 s; peak memory 756 MiB.
2026-10-05T23:43:55Z INFO [1536/3678] 64d2337b-af7d-442b-a259-dc275caad990: cophenetic index 910; 2.4 s; peak memory 756 MiB.
2026-10-05T23:45:09Z INFO [1537/3678] 64d259dc-bf50-4881-bf0c-0294c1d92618: cophenetic index 1565683907; 74.1 s; peak memory 780 MiB.
2026-10-05T23:45:17Z INFO [1538/3678] 64d26841-08a1-4dfb-a845-e14eea9da7c5: cophenetic index 286102; 7.8 s; peak memory 780 MiB.
2026-10-05T23:45:17Z INFO [1539/3678] 64d4390d-e5f2-44cb-ab36-8703f4fc68d6: cophenetic index 624; 0.7 s; peak memory 780 MiB.
2026-10-05T23:45:18Z INFO [1540/3678] 64d44c6f-b53c-4288-88d7-bd9ca08e906a: cophenetic index 554; 0.8 s; peak memory 780 MiB.
2026-10-05T23:45:19Z INFO [1541/3678] 64d45d32-c99f-447b-af6e-f5ba80112436: cophenetic index 624; 0.7 s; peak memory 780 MiB.
2026-10-05T23:45:19Z INFO [1542/3678] 64d4a205-d851-4946-8c66-47d77b328a06: cophenetic index 729; 0.3 s; peak memory 780 MiB.
2026-10-05T23:45:20Z INFO [1543/3678] 64d57657-b55a-4ab6-8cd7-d961fea82b47: cophenetic index 624; 0.7 s; peak memory 780 MiB.
2026-10-05T23:45:21Z INFO [1544/3678] 64d66b8c-370a-4ed4-be42-3db3e10ec5b2: cophenetic index 3004; 0.8 s; peak memory 780 MiB.
2026-10-05T23:45:21Z INFO [1545/3678] 64d6de32-4b60-430b-a2e3-6e2eb37227d6: cophenetic index 164; 0.4 s; peak memory 780 MiB.
2026-10-05T23:45:22Z INFO [1546/3678] 64d6ffb5-ca87-4477-8826-b21e0843f694: cophenetic index 36406; 0.8 s; peak memory 780 MiB.
2026-10-05T23:45:27Z INFO [1547/3678] 64d99943-63da-4952-87ed-d088f6c7a5e0: cophenetic index 6715; 5.5 s; peak memory 780 MiB.
2026-10-05T23:45:28Z INFO [1548/3678] 64d9af4e-1343-479c-945c-dfd084d22667: cophenetic index 3004; 0.7 s; peak memory 780 MiB.
2026-10-05T23:45:29Z INFO [1549/3678] 64da35ed-cf70-4b06-907a-52b905ff91a6: cophenetic index 2609; 1.4 s; peak memory 780 MiB.
2026-10-05T23:45:30Z INFO [1550/3678] 64da4a80-e879-4e60-a178-4ff633ee561a: cophenetic index 624; 0.8 s; peak memory 780 MiB.
2026-10-05T23:45:30Z INFO [1550/3678] 64da4a80-e879-4e60-a178-4ff633ee561a: checkpointed 95348 records.
2026-10-05T23:45:31Z INFO [1551/3678] 64dbb29e-7589-417f-b1a6-480f4e81f44e: cophenetic index 624; 0.7 s; peak memory 780 MiB.
2026-10-05T23:45:31Z INFO [1552/3678] 64dc848a-59dc-4c0c-93ff-ebf0bb86524c: cophenetic index 490; 0.4 s; peak memory 780 MiB.
2026-10-05T23:45:32Z INFO [1553/3678] 64dd050b-705d-48d1-aa32-831f19cf2c3e: cophenetic index 41788; 1.0 s; peak memory 780 MiB.
2026-10-05T23:45:33Z INFO [1554/3678] 64dd644e-1741-4ee5-91c1-6fae79b5e5f8: cophenetic index 624; 0.7 s; peak memory 780 MiB.
2026-10-05T23:45:34Z INFO [1555/3678] 64de4510-7400-4fb9-83bb-e99243064f4d: cophenetic index 1006; 0.7 s; peak memory 780 MiB.
2026-10-05T23:45:40Z INFO [1556/3678] 64de4b38-b9fe-4ada-8891-894d61ce4109: cophenetic index 140674; 5.8 s; peak memory 780 MiB.
2026-10-05T23:45:40Z INFO [1557/3678] 64dea5e7-df09-42f1-84bc-aecc51fc6cb4: cophenetic index 624; 0.8 s; peak memory 780 MiB.
2026-10-05T23:45:41Z INFO [1558/3678] 64ded2ae-72f3-40da-9226-736e052a751c: cophenetic index 33968; 1.1 s; peak memory 780 MiB.
2026-10-05T23:45:43Z INFO [1559/3678] 64df9a0a-0dd4-4df4-84a2-52a18e224a1e: cophenetic index 33998; 1.3 s; peak memory 780 MiB.
2026-10-05T23:45:44Z INFO [1560/3678] 64dfe0bb-9d0d-49ad-a7b2-5e09f0a67a54: cophenetic index 3004; 0.8 s; peak memory 780 MiB.
2026-10-05T23:45:44Z INFO [1561/3678] 64e13ee0-16b6-43db-b8f4-ffdbaff9702d: cophenetic index 624; 0.8 s; peak memory 780 MiB.
2026-10-05T23:45:45Z INFO [1562/3678] 64e194c6-29c9-41b8-bc61-f0fb252e9990: cophenetic index 2570; 0.7 s; peak memory 780 MiB.
2026-10-05T23:45:46Z INFO [1563/3678] 64e1caba-27de-4751-b9e2-146aef052cf3: cophenetic index 624; 0.8 s; peak memory 780 MiB.
2026-10-05T23:45:47Z INFO [1564/3678] 64e1f1a9-c75a-4d79-b7a8-adad0e0c85ab: cophenetic index 3087; 0.8 s; peak memory 780 MiB.
2026-10-05T23:45:48Z INFO [1565/3678] 64e21c1a-527f-41cd-ac9d-19629acf4f8d: cophenetic index 605; 1.0 s; peak memory 780 MiB.
2026-10-05T23:45:48Z INFO [1566/3678] 64e26b8d-c6ba-4785-9431-a5423a8115c0: cophenetic index 624; 0.8 s; peak memory 780 MiB.
2026-10-05T23:45:49Z INFO [1567/3678] 64e2d404-dcec-4259-9871-c2a2e46ff92b: cophenetic index 1470; 0.6 s; peak memory 780 MiB.
2026-10-05T23:45:51Z INFO [1568/3678] 64e2f592-679f-44cf-a562-ae931c28e3a6: cophenetic index 1514; 1.8 s; peak memory 780 MiB.
2026-10-05T23:45:52Z INFO [1569/3678] 64e36898-5aef-4df7-bf28-8eb3b10ed16a: cophenetic index 497; 0.7 s; peak memory 780 MiB.
2026-10-05T23:45:53Z INFO [1570/3678] 64e38c03-0480-4f05-8baf-000491f3e6a2: cophenetic index 2402; 1.7 s; peak memory 780 MiB.
2026-10-05T23:45:54Z INFO [1571/3678] 64e47f3e-15c6-495b-bf77-fc38f99122cb: cophenetic index 3215; 0.6 s; peak memory 780 MiB.
2026-10-05T23:45:55Z INFO [1572/3678] 64e4963a-704d-430e-afdf-3cbd6ea57d7f: cophenetic index 3004; 0.6 s; peak memory 780 MiB.
2026-10-05T23:45:55Z INFO [1573/3678] 64e4e302-ed40-414f-8dce-22857b705d9d: cophenetic index 687; 0.5 s; peak memory 780 MiB.
2026-10-05T23:45:59Z INFO [1574/3678] 64e52348-55b1-4070-962f-2435c0b8523a: cophenetic index 22896722; 4.0 s; peak memory 780 MiB.
2026-10-05T23:46:00Z INFO [1575/3678] 64e6a153-4bb6-4bdc-9d09-0ab1d83ece98: cophenetic index 624; 0.7 s; peak memory 780 MiB.
2026-10-05T23:46:01Z INFO [1576/3678] 64e76fc1-ee40-434e-84fe-2593d6928387: cophenetic index 624; 0.8 s; peak memory 780 MiB.
2026-10-05T23:46:01Z INFO [1577/3678] 64e88e01-ce86-48bd-99a5-f554e5055ee0: cophenetic index 490; 0.5 s; peak memory 780 MiB.
2026-10-05T23:46:02Z INFO [1578/3678] 64ea407e-e43a-45ce-bb4b-e6e6f44ab620: cophenetic index 3087; 0.8 s; peak memory 780 MiB.
2026-10-05T23:46:03Z INFO [1579/3678] 64eac474-0163-443d-a285-9bf621beb3f4: cophenetic index 695; 0.8 s; peak memory 780 MiB.
2026-10-05T23:46:03Z INFO [1580/3678] 64eb646f-a88e-435e-bedf-1787c93caf28: cophenetic index 36406; 0.8 s; peak memory 780 MiB.
2026-10-05T23:46:07Z INFO [1581/3678] 64ed0950-b051-43df-91ef-3a02ceb22835: cophenetic index 40986; 3.9 s; peak memory 780 MiB.
2026-10-05T23:46:08Z INFO [1582/3678] 64ed9306-aa36-4465-b531-35d471762f6b: cophenetic index 535; 0.8 s; peak memory 780 MiB.
2026-10-05T23:46:09Z INFO [1583/3678] 64edb2cf-4fef-451d-990c-6b8978b10586: cophenetic index 624; 0.8 s; peak memory 780 MiB.
2026-10-05T23:46:15Z INFO [1584/3678] 64edc1ce-1f28-4488-90dc-746c3311f3aa: cophenetic index 6715; 5.5 s; peak memory 780 MiB.
2026-10-05T23:46:16Z INFO [1585/3678] 64edc57c-3f84-48b9-a992-cd52cc520751: cophenetic index 33968; 1.2 s; peak memory 780 MiB.
2026-10-05T23:46:16Z INFO [1586/3678] 64eeb0bf-f90a-41c1-ad95-850b655566f9: cophenetic index 3004; 0.8 s; peak memory 780 MiB.
2026-10-05T23:46:17Z INFO [1587/3678] 64eecbcd-b51c-4ed4-88bb-2c8838a543fd: cophenetic index 490; 0.6 s; peak memory 780 MiB.
2026-10-05T23:46:21Z INFO [1588/3678] 64efd8bc-7904-4828-9c61-61249ce21ff6: cophenetic index 9548; 3.5 s; peak memory 780 MiB.
2026-10-05T23:46:22Z INFO [1589/3678] 64efda05-43df-4c55-801b-34e2cda36f56: cophenetic index 10601; 1.6 s; peak memory 780 MiB.
2026-10-05T23:46:26Z INFO [1590/3678] 64f09410-0566-4102-bfe6-34b0fefdedaf: cophenetic index 9548; 3.8 s; peak memory 780 MiB.
2026-10-05T23:46:28Z INFO [1591/3678] 64f0de1b-88dc-4436-9213-2a7c79d4a160: cophenetic index 5473; 1.8 s; peak memory 780 MiB.
2026-10-05T23:46:28Z INFO [1592/3678] 64f1439a-c7a9-4b08-936b-e691e6c86de7: cophenetic index 624; 0.7 s; peak memory 780 MiB.
2026-10-05T23:46:29Z INFO [1593/3678] 64f2566f-c0af-4cde-b708-6cffadf8191d: cophenetic index 624; 0.7 s; peak memory 780 MiB.
2026-10-05T23:46:30Z INFO [1594/3678] 64f2e157-167d-4924-81dc-6b38090068c5: cophenetic index 99120; 1.3 s; peak memory 780 MiB.
2026-10-05T23:46:32Z INFO [1595/3678] 64f2eb1f-d57f-4fcc-aa6e-b35496ab4301: cophenetic index 99120; 1.3 s; peak memory 780 MiB.
2026-10-05T23:46:36Z INFO [1596/3678] 64f30dc5-5b7e-436f-8921-29dac9148e98: cophenetic index 71724; 3.7 s; peak memory 780 MiB.
2026-10-05T23:46:36Z INFO [1597/3678] 64f38f26-5cd5-4c37-b414-e8233f16f2bf: cophenetic index 3087; 1.0 s; peak memory 780 MiB.
2026-10-05T23:46:37Z INFO [1598/3678] 64f3acdf-0033-48b8-ae6c-911f00ea39ee: cophenetic index 23425; 0.7 s; peak memory 780 MiB.
2026-10-05T23:46:38Z INFO [1599/3678] 64f5d39e-0729-413c-afba-9d135374590f: cophenetic index 972; 1.0 s; peak memory 780 MiB.
2026-10-05T23:46:39Z INFO [1600/3678] 64f786e6-a9f2-4630-8ead-c37130749676: cophenetic index 624; 0.8 s; peak memory 780 MiB.
2026-10-05T23:46:39Z INFO [1600/3678] 64f786e6-a9f2-4630-8ead-c37130749676: checkpointed 95398 records.
2026-10-05T23:46:40Z INFO [1601/3678] 64f793d8-1b84-43a0-854a-5cf348c5fc24: cophenetic index 624; 0.7 s; peak memory 780 MiB.
2026-10-05T23:46:41Z INFO [1602/3678] 64f8ede5-5cd3-4b41-b48d-bf3c1712e83a: cophenetic index 3004; 0.8 s; peak memory 780 MiB.
2026-10-05T23:46:42Z INFO [1603/3678] 64f9131f-b8a5-4a3c-8b23-adcf8caea6f9: cophenetic index 2114; 1.4 s; peak memory 780 MiB.
2026-10-05T23:46:44Z INFO [1604/3678] 64f9a07c-8436-4164-9c6c-8ef04283dbd1: cophenetic index 34658; 1.9 s; peak memory 780 MiB.
2026-10-05T23:46:45Z INFO [1605/3678] 64fa1d6d-121b-47fa-b50e-b3195b6ef7de: cophenetic index 2625; 1.1 s; peak memory 780 MiB.
2026-10-05T23:46:49Z INFO [1606/3678] 64fb89fb-dbbe-4870-a1c6-950771a578aa: cophenetic index 15817; 4.4 s; peak memory 780 MiB.
2026-10-05T23:46:57Z INFO [1607/3678] 64fc060a-d057-4c46-85de-a8810e8fa7ac: cophenetic index 272404; 7.1 s; peak memory 780 MiB.
2026-10-05T23:46:58Z INFO [1608/3678] 64fc12c7-506d-43a0-9e96-570d99850466: cophenetic index 107822; 1.6 s; peak memory 780 MiB.
2026-10-05T23:46:59Z INFO [1609/3678] 64fd21cc-c040-4de8-9b3e-dedd3630d554: cophenetic index 1172; 1.1 s; peak memory 780 MiB.
2026-10-05T23:47:00Z INFO [1610/3678] 64fdbcb9-3f05-4093-b700-80eee17743cd: cophenetic index 791; 1.0 s; peak memory 780 MiB.
2026-10-05T23:47:05Z INFO [1611/3678] 64feb911-326f-4c90-b080-0043dc0be855: cophenetic index 146478; 4.7 s; peak memory 780 MiB.
2026-10-05T23:47:05Z INFO [1612/3678] 64fee5a7-4c33-4ea3-beb9-fa596101ee19: cophenetic index 759; 0.5 s; peak memory 780 MiB.
2026-10-05T23:47:06Z INFO [1613/3678] 64ff928f-9cfc-41b3-a1df-f3e6f7105c17: cophenetic index 2625; 1.0 s; peak memory 780 MiB.
2026-10-05T23:47:07Z INFO [1614/3678] 65000215-b393-4cc0-bc28-551dd9737d1e: cophenetic index 441; 0.7 s; peak memory 780 MiB.
2026-10-05T23:47:08Z INFO [1615/3678] 6500d6ab-29f0-4417-b9da-552af3026b1e: cophenetic index 624; 0.8 s; peak memory 780 MiB.
2026-10-05T23:47:09Z INFO [1616/3678] 65013a9b-3ca1-4546-911b-52e86852835d: cophenetic index 3004; 0.9 s; peak memory 780 MiB.
2026-10-05T23:47:10Z INFO [1617/3678] 6501c75b-5278-4646-82e5-3ac4c0ca1e9f: cophenetic index 2601; 1.7 s; peak memory 780 MiB.
2026-10-05T23:47:42Z INFO [1618/3678] 6502e9a6-85f0-4201-a5f2-cc7b218db268: cophenetic index 88015982; 31.6 s; peak memory 780 MiB.
2026-10-05T23:47:43Z INFO [1619/3678] 6503a1b9-e98a-4589-92da-f861e461b186: cophenetic index 1087; 1.0 s; peak memory 780 MiB.
2026-10-05T23:47:44Z INFO [1620/3678] 65042642-8257-495c-a025-795853b102ed: cophenetic index 605; 0.9 s; peak memory 780 MiB.
2026-10-05T23:47:53Z INFO [1621/3678] 6504a44d-72d2-4013-9aa5-d8e59a29bfc9: cophenetic index 48355; 9.5 s; peak memory 780 MiB.
2026-10-05T23:47:54Z INFO [1622/3678] 6504fbdc-4c7c-426f-b9f1-6345ee59daf8: cophenetic index 624; 0.8 s; peak memory 780 MiB.
2026-10-05T23:47:55Z INFO [1623/3678] 65057421-854d-4b53-9ec4-61019d8903b3: cophenetic index 624; 0.6 s; peak memory 780 MiB.
2026-10-05T23:47:56Z INFO [1624/3678] 650610d6-7375-496f-9f01-97b2bdbbc38e: cophenetic index 573; 1.4 s; peak memory 780 MiB.
2026-10-05T23:47:57Z INFO [1625/3678] 65066b10-6443-45c9-be5e-9b92b88de388: cophenetic index 2625; 1.1 s; peak memory 780 MiB.
2026-10-05T23:47:58Z INFO [1626/3678] 6506c870-e537-444f-9f5e-cce0e90f1ee3: cophenetic index 2974; 0.8 s; peak memory 780 MiB.
2026-10-05T23:47:59Z INFO [1627/3678] 65076074-c642-433c-b335-5ba55e4a825d: cophenetic index 3192; 0.8 s; peak memory 780 MiB.
2026-10-05T23:47:59Z INFO [1628/3678] 650796a1-ef0e-42f7-af08-1da93d1510b2: cophenetic index 490; 0.4 s; peak memory 780 MiB.
2026-10-05T23:48:05Z INFO [1629/3678] 65083347-118c-430d-8280-38e5ee7b67fb: cophenetic index 34862; 6.2 s; peak memory 780 MiB.
2026-10-05T23:48:06Z INFO [1630/3678] 6508b6c4-7b33-4e50-bafd-10575c61d34b: cophenetic index 626; 0.7 s; peak memory 780 MiB.
2026-10-05T23:48:07Z INFO [1631/3678] 6508eb26-26de-4689-9404-949a8945876e: cophenetic index 624; 0.6 s; peak memory 780 MiB.
2026-10-05T23:48:07Z INFO [1632/3678] 65094e6d-8c4e-4e37-a0ae-f1b76ffac8c6: cophenetic index 624; 0.5 s; peak memory 780 MiB.
2026-10-05T23:49:22Z INFO [1633/3678] 6509ca0a-fd1b-490a-9134-6dbf8351c4fa: cophenetic index 79830932; 75.1 s; peak memory 780 MiB.
2026-10-05T23:49:23Z INFO [1634/3678] 650a0185-1209-4058-ac2a-39285d8d9c4c: cophenetic index 2625; 1.0 s; peak memory 780 MiB.
2026-10-05T23:49:24Z INFO [1635/3678] 650a2c25-0016-4520-94e4-4f7aa4f14be0: cophenetic index 850; 0.8 s; peak memory 780 MiB.
2026-10-05T23:49:25Z INFO [1636/3678] 650b6a13-3dc9-495e-aeb7-9af754f12fb2: cophenetic index 490; 0.5 s; peak memory 780 MiB.
2026-10-05T23:49:25Z INFO [1637/3678] 650b73ee-9f01-4043-9f06-b30550a47a8b: cophenetic index 649; 0.7 s; peak memory 780 MiB.
2026-10-05T23:49:26Z INFO [1638/3678] 650ba153-715b-4b13-88f2-6601bda6948d: cophenetic index 490; 0.4 s; peak memory 780 MiB.
2026-10-05T23:49:53Z INFO [1639/3678] 650bae84-6bd5-4283-9d8d-81af2ab0d966: cophenetic index 8212676; 27.8 s; peak memory 780 MiB.
2026-10-05T23:49:54Z INFO [1640/3678] 650bf8b0-b37e-4384-8ccf-0f358beb985f: cophenetic index 490; 0.6 s; peak memory 780 MiB.
2026-10-05T23:49:55Z INFO [1641/3678] 650c20d5-a88d-4ee7-b434-60eba27dc6ed: cophenetic index 512; 0.6 s; peak memory 780 MiB.
2026-10-05T23:49:56Z INFO [1642/3678] 650c5ad0-2aa5-428d-9e9d-85ecf68760ef: cophenetic index 431; 0.9 s; peak memory 780 MiB.
2026-10-05T23:49:59Z INFO [1643/3678] 650d4ccf-2a78-44e1-8c6e-8658f4aeadfb: cophenetic index 81406; 3.9 s; peak memory 780 MiB.
2026-10-05T23:50:00Z INFO [1644/3678] 650d7236-0cf9-4f24-8840-7eaa2c8f8beb: cophenetic index 3004; 0.6 s; peak memory 780 MiB.
2026-10-05T23:50:03Z INFO [1645/3678] 650ddb71-d8b5-4e9e-9fcc-8f57ac3fba65: cophenetic index 16072; 2.6 s; peak memory 780 MiB.
2026-10-05T23:50:04Z INFO [1646/3678] 650e1469-1a5e-4df2-86d1-9a01a7662f15: cophenetic index 2625; 1.0 s; peak memory 780 MiB.
2026-10-05T23:50:04Z INFO [1647/3678] 650e4cc9-4e5c-4af2-a733-2b3fe987d876: cophenetic index 605; 0.8 s; peak memory 780 MiB.
2026-10-05T23:50:05Z INFO [1648/3678] 6510bd79-73f2-4a12-8964-3667478fb1eb: cophenetic index 624; 0.8 s; peak memory 780 MiB.
2026-10-05T23:50:06Z INFO [1649/3678] 6510e8a9-2e60-4d99-8f2d-f803d6f8cac0: cophenetic index 624; 0.8 s; peak memory 780 MiB.
2026-10-05T23:50:07Z INFO [1650/3678] 65112b9c-5581-4471-a588-68b187159875: cophenetic index 649; 0.7 s; peak memory 780 MiB.
2026-10-05T23:50:07Z INFO [1650/3678] 65112b9c-5581-4471-a588-68b187159875: checkpointed 95448 records.
2026-10-05T23:50:08Z INFO [1651/3678] 65119998-6574-49ad-accb-83d4a4c08286: cophenetic index 2625; 0.8 s; peak memory 780 MiB.
2026-10-05T23:50:13Z INFO [1652/3678] 6511fe49-ab53-4a31-95e5-4ee6e0079386: cophenetic index 16035; 5.3 s; peak memory 780 MiB.
2026-10-05T23:50:14Z INFO [1653/3678] 65121c6a-a7f7-4810-9194-f3ae8c546bbd: cophenetic index 33998; 1.2 s; peak memory 780 MiB.
2026-10-05T23:50:24Z INFO [1654/3678] 65130b75-4940-4211-9607-ee857e5f1c69: cophenetic index 51243; 10.3 s; peak memory 780 MiB.
2026-10-05T23:50:28Z INFO [1655/3678] 6513e5fd-cedf-4fbf-a989-751ab30fcb67: cophenetic index 9181; 3.5 s; peak memory 780 MiB.
2026-10-05T23:50:29Z INFO [1656/3678] 6513e6d6-1dd6-4846-96b4-35660e1beef1: cophenetic index 515; 1.1 s; peak memory 780 MiB.
2026-10-05T23:50:30Z INFO [1657/3678] 65152746-0bc6-4069-bae7-d40f381378f3: cophenetic index 2974; 0.8 s; peak memory 780 MiB.
2026-10-05T23:50:31Z INFO [1658/3678] 65153009-98d8-4b2d-b84c-67ac10702f5b: cophenetic index 2625; 0.7 s; peak memory 780 MiB.
2026-10-05T23:50:31Z INFO [1659/3678] 6515aaa1-8e1f-4d0e-870e-b639ec8e1c2c: cophenetic index 2974; 0.8 s; peak memory 780 MiB.
2026-10-05T23:50:32Z INFO [1660/3678] 6516004a-d7ed-4be3-b54e-2a8b2909a58e: cophenetic index 1087; 1.1 s; peak memory 780 MiB.
2026-10-05T23:50:33Z INFO [1661/3678] 6516fd01-6bc4-4819-912e-92978eed147f: cophenetic index 646; 0.6 s; peak memory 780 MiB.
2026-10-05T23:50:34Z INFO [1662/3678] 65170e15-8fa0-4b31-8f7d-e2b7640cb9f6: cophenetic index 26986; 0.8 s; peak memory 780 MiB.
2026-10-05T23:50:36Z INFO [1663/3678] 6518c3ad-7db4-4a20-bdc8-a1bd3ba83501: cophenetic index 6490; 1.9 s; peak memory 780 MiB.
2026-10-05T23:50:37Z INFO [1664/3678] 65191a49-b0c4-4e35-b41f-a0f8e4dcbd35: cophenetic index 2625; 1.0 s; peak memory 780 MiB.
2026-10-05T23:50:47Z INFO [1665/3678] 651a1c50-7e46-4922-a025-863d4e3f369d: cophenetic index 926355; 10.6 s; peak memory 780 MiB.
2026-10-05T23:50:48Z INFO [1666/3678] 651ab8fb-ac6d-4e9b-8089-9283da663ca5: cophenetic index 3004; 0.8 s; peak memory 780 MiB.
2026-10-05T23:50:49Z INFO [1667/3678] 651b4e9d-7729-43cb-91d6-8cd8e3df8e44: cophenetic index 624; 0.7 s; peak memory 780 MiB.
2026-10-05T23:50:50Z INFO [1668/3678] 651bec30-44e3-440e-9515-411e56ed9890: cophenetic index 624; 0.7 s; peak memory 780 MiB.
2026-10-05T23:50:51Z INFO [1669/3678] 651cb2c4-de54-4e40-9541-04faf4082765: cophenetic index 2570; 1.0 s; peak memory 780 MiB.
2026-10-05T23:50:51Z INFO [1670/3678] 651d8af8-880a-4974-b89f-2e4da74647a7: cophenetic index 624; 0.6 s; peak memory 780 MiB.
2026-10-05T23:50:52Z INFO [1671/3678] 651e1bc0-16ed-4ee1-b24f-27311db9f63c: cophenetic index 3192; 1.0 s; peak memory 780 MiB.
2026-10-05T23:50:57Z INFO [1672/3678] 651e252d-7340-4d65-9046-cb142ff227e7: cophenetic index 33285; 5.0 s; peak memory 780 MiB.
2026-10-05T23:50:58Z INFO [1673/3678] 651e3f5d-c84c-4343-891e-8dc872346177: cophenetic index 624; 0.7 s; peak memory 780 MiB.
2026-10-05T23:50:59Z INFO [1674/3678] 651ed7c5-753c-497e-a852-66b3e298bdf4: cophenetic index 466; 0.6 s; peak memory 780 MiB.
2026-10-05T23:51:02Z INFO [1675/3678] 651ef7f7-156c-4623-b2b3-bc47324b4283: cophenetic index 29568; 3.3 s; peak memory 780 MiB.
2026-10-05T23:51:06Z INFO [1676/3678] 651f1555-291e-4029-b4b6-7b7423c3302f: cophenetic index 64009; 4.4 s; peak memory 780 MiB.
2026-10-05T23:51:08Z INFO [1677/3678] 651f2eda-af11-4e13-8d5f-da61df4f4547: cophenetic index 3317; 1.2 s; peak memory 780 MiB.
2026-10-05T23:51:08Z INFO [1678/3678] 651fe511-1c5f-4185-969d-f98512029c09: cophenetic index 624; 0.8 s; peak memory 780 MiB.
2026-10-05T23:51:12Z INFO [1679/3678] 651fec90-430c-4783-86ef-c8af245c33ce: cophenetic index 54172; 4.0 s; peak memory 780 MiB.
2026-10-05T23:51:13Z INFO [1680/3678] 6520480d-9f42-4493-9e6e-db057251c9a8: cophenetic index 2625; 0.8 s; peak memory 780 MiB.
2026-10-05T23:51:14Z INFO [1681/3678] 6520ba74-b435-4513-aad2-961c0ff89ea9: cophenetic index 431; 0.9 s; peak memory 780 MiB.
2026-10-05T23:51:15Z INFO [1682/3678] 6520ddff-610e-4f8e-b23b-6b2a90536faf: cophenetic index 624; 0.8 s; peak memory 780 MiB.
2026-10-05T23:51:16Z INFO [1683/3678] 65214c20-0414-4a80-b32f-dd0e538e69bc: cophenetic index 626; 1.0 s; peak memory 780 MiB.
2026-10-05T23:51:17Z INFO [1684/3678] 65225960-612a-4814-832c-7c9b4d7a9257: cophenetic index 2748; 1.2 s; peak memory 780 MiB.
2026-10-05T23:51:18Z INFO [1685/3678] 652262fe-8a9d-490c-a1f4-a64b459e3326: cophenetic index 3004; 0.6 s; peak memory 780 MiB.
2026-10-05T23:51:19Z INFO [1686/3678] 65228af4-9874-4ddb-9388-b13aed6ecf62: cophenetic index 33998; 1.0 s; peak memory 780 MiB.
2026-10-05T23:51:19Z INFO [1687/3678] 6522b267-3bae-45e0-89a2-64a0768e4b08: cophenetic index 624; 0.7 s; peak memory 780 MiB.
2026-10-05T23:51:22Z INFO [1688/3678] 652383b8-8fe0-4717-8b09-3b09a29e72ba: cophenetic index 2822; 2.8 s; peak memory 780 MiB.
2026-10-05T23:51:23Z INFO [1689/3678] 65238f35-ea10-4d28-9401-d62097075d46: cophenetic index 490; 0.4 s; peak memory 780 MiB.
2026-10-05T23:51:23Z INFO [1690/3678] 6523d173-9c00-448b-82c3-e0fd5c6990e5: cophenetic index 651; 0.4 s; peak memory 780 MiB.
2026-10-05T23:51:24Z INFO [1691/3678] 65252f1b-8b6d-47ae-9655-23780c831390: cophenetic index 23194; 0.6 s; peak memory 780 MiB.
2026-10-05T23:51:30Z INFO [1692/3678] 652741f5-9f7f-4bc9-8a11-dd8d4381c0f0: cophenetic index 173674; 6.6 s; peak memory 780 MiB.
2026-10-05T23:51:31Z INFO [1693/3678] 65289027-6ca5-4810-8fac-8112d1a758e2: cophenetic index 1006; 0.8 s; peak memory 780 MiB.
2026-10-05T23:51:32Z INFO [1694/3678] 6528aec3-6d0c-4378-a65f-81c5276d9044: cophenetic index 3004; 0.6 s; peak memory 780 MiB.
2026-10-05T23:51:33Z INFO [1695/3678] 6528e59f-1827-471a-96c1-1fccfa22b67a: cophenetic index 2402; 1.7 s; peak memory 780 MiB.
2026-10-05T23:51:40Z INFO [1696/3678] 65290f22-649a-4ebe-8ef7-0fcbea17faed: cophenetic index 16344121; 6.7 s; peak memory 780 MiB.
2026-10-05T23:51:40Z INFO [1697/3678] 652a3691-b012-4307-9595-d4ad246fc914: cophenetic index 401; 0.4 s; peak memory 780 MiB.
2026-10-05T23:51:41Z INFO [1698/3678] 652aa7de-9cbd-40d3-a380-e9cf5dfb87ed: cophenetic index 605; 1.1 s; peak memory 780 MiB.
2026-10-05T23:51:42Z INFO [1699/3678] 652b594d-9688-4deb-9847-f8447e2b4650: cophenetic index 624; 0.8 s; peak memory 780 MiB.
2026-10-05T23:51:43Z INFO [1700/3678] 652c8985-db9b-4856-942c-a5d5cbe955fe: cophenetic index 431; 0.8 s; peak memory 780 MiB.
2026-10-05T23:51:43Z INFO [1700/3678] 652c8985-db9b-4856-942c-a5d5cbe955fe: checkpointed 95498 records.
2026-10-05T23:51:44Z INFO [1701/3678] 652c9eee-b331-47cc-8595-af6c50b5c855: cophenetic index 490; 0.4 s; peak memory 780 MiB.
2026-10-05T23:51:44Z INFO [1702/3678] 652d2767-09dd-496e-b530-55aabcfcae3c: cophenetic index 649; 0.8 s; peak memory 780 MiB.
2026-10-05T23:51:46Z INFO [1703/3678] 652da246-c94a-4abb-b194-4a52778a78f9: cophenetic index 2609; 1.7 s; peak memory 780 MiB.
2026-10-05T23:51:47Z INFO [1704/3678] 652ebd6c-5c23-412e-a1f3-cec5f6db697d: cophenetic index 543; 1.2 s; peak memory 780 MiB.
2026-10-05T23:51:48Z INFO [1705/3678] 652f5dae-a306-4419-a238-5cc14e17e59c: cophenetic index 431; 0.9 s; peak memory 780 MiB.
2026-10-05T23:51:50Z INFO [1706/3678] 652f8761-18e1-40fb-a466-fe49b18e8d65: cophenetic index 34658; 1.9 s; peak memory 780 MiB.
2026-10-05T23:51:51Z INFO [1707/3678] 652fa570-cf3a-4e97-b82b-243c50bbc230: cophenetic index 624; 0.8 s; peak memory 780 MiB.
2026-10-05T23:51:52Z INFO [1708/3678] 652fc8c0-041d-4fb7-b44d-241cd3520771: cophenetic index 3004; 0.7 s; peak memory 780 MiB.
2026-10-05T23:51:52Z INFO [1709/3678] 65311187-468a-40a6-bc0c-b389a7a9e616: cophenetic index 624; 0.8 s; peak memory 780 MiB.
2026-10-05T23:51:54Z INFO [1710/3678] 6531cd42-1439-4171-b948-7d56cce01828: cophenetic index 2625; 1.3 s; peak memory 780 MiB.
2026-10-05T23:51:54Z INFO [1711/3678] 65323e5f-1a2b-4829-8925-e8696b41ec6a: cophenetic index 2974; 0.5 s; peak memory 780 MiB.
2026-10-05T23:51:57Z INFO [1712/3678] 6532e678-fe93-465e-9f4b-88aeef74e494: cophenetic index 15104; 3.1 s; peak memory 780 MiB.
2026-10-05T23:52:02Z INFO [1713/3678] 6532fa69-5bdc-492b-ade0-c43b31118fc6: cophenetic index 3038; 4.5 s; peak memory 780 MiB.
2026-10-05T23:52:02Z INFO [1714/3678] 65331d8e-80ef-430c-b1e0-d7336a9f5a81: cophenetic index 624; 0.7 s; peak memory 780 MiB.
2026-10-05T23:52:05Z INFO [1715/3678] 65340ae5-b35b-49f7-bc7d-4350b8a9ffd9: cophenetic index 14967; 2.6 s; peak memory 780 MiB.
2026-10-05T23:52:06Z INFO [1716/3678] 653525b5-ac8f-4ec8-a1c0-f65e003bbb1b: cophenetic index 1006; 0.9 s; peak memory 780 MiB.
2026-10-05T23:52:07Z INFO [1717/3678] 65363065-f0c5-4e3d-8cc9-40ad702059d9: cophenetic index 33968; 1.2 s; peak memory 780 MiB.
2026-10-05T23:52:08Z INFO [1718/3678] 65379c7a-8788-4da3-816e-c28cc2563978: cophenetic index 3087; 0.7 s; peak memory 780 MiB.
2026-10-05T23:52:13Z INFO [1719/3678] 65379e1c-9653-430a-a432-f84f0cb57ea4: cophenetic index 11507; 5.0 s; peak memory 780 MiB.
2026-10-05T23:52:15Z INFO [1720/3678] 653847e1-7910-43e7-9751-d052c0c99db7: cophenetic index 2391; 1.9 s; peak memory 780 MiB.
2026-10-05T23:52:15Z INFO [1721/3678] 6538e249-d0c6-4762-b392-04710e5e5e53: cophenetic index 624; 0.6 s; peak memory 780 MiB.
2026-10-05T23:52:16Z INFO [1722/3678] 6538fc78-c1b6-4111-9303-66205d0ca83a: cophenetic index 624; 0.9 s; peak memory 780 MiB.
2026-10-05T23:52:19Z INFO [1723/3678] 65395b29-525d-4435-ac48-42c68d632a63: cophenetic index 87573; 2.8 s; peak memory 780 MiB.
2026-10-05T23:52:20Z INFO [1724/3678] 65397236-8474-426f-a31f-29f9b786a9a1: cophenetic index 401; 0.4 s; peak memory 780 MiB.
2026-10-05T23:52:20Z INFO [1725/3678] 653a2d91-56be-4ff6-afd2-9d0e2be93887: cophenetic index 3087; 0.9 s; peak memory 780 MiB.
2026-10-05T23:52:21Z INFO [1726/3678] 653a8fed-86ee-47c5-93f3-8d4583d2af68: cophenetic index 3004; 0.7 s; peak memory 780 MiB.
2026-10-05T23:52:30Z INFO [1727/3678] 653aa546-38a3-497f-918a-a9f6e148f6af: cophenetic index 696106; 9.3 s; peak memory 780 MiB.
2026-10-05T23:52:31Z INFO [1728/3678] 653af4a9-60cf-4b06-882a-e907a332dea0: cophenetic index 624; 0.8 s; peak memory 780 MiB.
2026-10-05T23:52:32Z INFO [1729/3678] 653b3c0b-17ea-4c4d-8e35-0cdc71715423: cophenetic index 3004; 0.7 s; peak memory 780 MiB.
2026-10-05T23:52:33Z INFO [1730/3678] 653b6b68-c91b-49cd-8d2c-4f38d9038f84: cophenetic index 605; 0.8 s; peak memory 780 MiB.
2026-10-05T23:52:34Z INFO [1731/3678] 653bb801-dd7b-41d6-9432-f3e5c429a791: cophenetic index 2625; 1.1 s; peak memory 780 MiB.
2026-10-05T23:52:36Z INFO [1732/3678] 653c25c8-f69c-4ea2-8227-8af26829d080: cophenetic index 809; 1.8 s; peak memory 780 MiB.
2026-10-05T23:52:36Z INFO [1733/3678] 653cb7e9-f4e3-47e2-8997-2531daae6d75: cophenetic index 1736; 0.5 s; peak memory 780 MiB.
2026-10-05T23:52:44Z INFO [1734/3678] 653cf085-454f-47bf-ad06-0b74f2e3ed97: cophenetic index 310878; 8.0 s; peak memory 780 MiB.
2026-10-05T23:52:46Z INFO [1735/3678] 653d704a-b94e-4cf3-9091-15d9e6f6e022: cophenetic index 2469; 1.9 s; peak memory 780 MiB.
2026-10-05T23:52:48Z INFO [1736/3678] 653e08e9-b5fe-4eb1-9dba-da8fe012c988: cophenetic index 33998; 1.6 s; peak memory 780 MiB.
2026-10-05T23:52:48Z INFO [1737/3678] 65400fba-1056-4a90-8154-43789fb3a557: cophenetic index 2625; 0.8 s; peak memory 780 MiB.
2026-10-05T23:52:49Z INFO [1738/3678] 65405923-e0f8-4b26-a60a-25331d9a3df0: cophenetic index 624; 0.8 s; peak memory 780 MiB.
2026-10-05T23:52:55Z INFO [1739/3678] 6540a3e2-a441-4026-b6ed-02c91eb7d609: cophenetic index 83146; 5.3 s; peak memory 780 MiB.
2026-10-05T23:52:55Z INFO [1740/3678] 6541286e-c934-4b79-9c8b-d3195fb34901: cophenetic index 624; 0.7 s; peak memory 780 MiB.
2026-10-05T23:52:56Z INFO [1741/3678] 65413c19-2ddf-4397-a704-9eb628ce82bf: cophenetic index 739; 0.3 s; peak memory 780 MiB.
2026-10-05T23:52:58Z INFO [1742/3678] 6541b6b8-ef70-4199-bdde-afdb1ef0a969: cophenetic index 33998; 1.9 s; peak memory 780 MiB.
2026-10-05T23:52:59Z INFO [1743/3678] 654225bf-3b66-4701-97cb-0bcc89e7bdd6: cophenetic index 930; 1.2 s; peak memory 780 MiB.
2026-10-05T23:53:00Z INFO [1744/3678] 6542b07e-0ab5-4b60-a00b-d677c72a83c9: cophenetic index 33998; 1.3 s; peak memory 780 MiB.
2026-10-05T23:53:01Z INFO [1745/3678] 6543e8e9-71ec-4ebe-a43e-f2bb06927562: cophenetic index 1781; 0.6 s; peak memory 780 MiB.
2026-10-05T23:53:01Z INFO [1746/3678] 6545342a-fbe8-4da6-9e02-47d0f01466d8: cophenetic index 624; 0.8 s; peak memory 780 MiB.
2026-10-05T23:53:02Z INFO [1747/3678] 6545460e-b6d0-4274-bdea-09416d51a3df: cophenetic index 494; 0.6 s; peak memory 780 MiB.
2026-10-05T23:53:03Z INFO [1748/3678] 6546e39b-afc6-4ae5-a81b-22f70c813309: cophenetic index 791; 0.9 s; peak memory 780 MiB.
2026-10-05T23:53:04Z INFO [1749/3678] 65470277-cd1d-448d-8145-1f78bc6d55ba: cophenetic index 23794; 0.8 s; peak memory 780 MiB.
2026-10-05T23:53:04Z INFO [1750/3678] 65472684-0179-4004-b49a-7614f0f765e8: cophenetic index 490; 0.6 s; peak memory 780 MiB.
2026-10-05T23:53:04Z INFO [1750/3678] 65472684-0179-4004-b49a-7614f0f765e8: checkpointed 95548 records.
2026-10-05T23:53:05Z INFO [1751/3678] 65473215-7fbf-4004-a2ac-49c8654fbf18: cophenetic index 649; 1.0 s; peak memory 780 MiB.
2026-10-05T23:53:07Z INFO [1752/3678] 6547b967-45d7-4656-b4cb-818500ad70c6: cophenetic index 4301; 1.7 s; peak memory 780 MiB.
2026-10-05T23:53:08Z INFO [1753/3678] 6548cdcb-b0d3-4e27-9c99-85832ca72ea7: cophenetic index 624; 0.7 s; peak memory 780 MiB.
2026-10-05T23:53:09Z INFO [1754/3678] 6548cf46-f6f2-403c-9e46-b0e0160c0b58: cophenetic index 624; 0.8 s; peak memory 780 MiB.
2026-10-05T23:53:09Z INFO [1755/3678] 65496dd5-71a0-4b33-83a2-63cec41a8ed4: cophenetic index 624; 0.9 s; peak memory 780 MiB.
2026-10-05T23:53:14Z INFO [1756/3678] 654979d3-95a0-48b1-8cdf-788a205705dc: cophenetic index 195172714; 4.4 s; peak memory 781 MiB.
2026-10-05T23:53:14Z INFO [1757/3678] 654a014f-ebdc-4eb0-807c-9e88c3231f96: cophenetic index 761; 0.4 s; peak memory 781 MiB.
2026-10-05T23:53:15Z INFO [1758/3678] 654a401d-bec5-4660-8d57-5671a73337b9: cophenetic index 2625; 0.8 s; peak memory 781 MiB.
2026-10-05T23:53:16Z INFO [1759/3678] 654c2d02-473c-401d-b845-2dc66f6d8d91: cophenetic index 624; 0.8 s; peak memory 781 MiB.
2026-10-05T23:53:17Z INFO [1760/3678] 654c582c-f81b-4372-be33-fa3c044d5d74: cophenetic index 624; 0.7 s; peak memory 781 MiB.
2026-10-05T23:53:17Z INFO [1761/3678] 654ccee1-9d62-4c89-8fc9-7f38fd187492: cophenetic index 635; 0.4 s; peak memory 781 MiB.
2026-10-05T23:53:21Z INFO [1762/3678] 654d64cb-1dfe-466c-92d6-7604fba6b79f: cophenetic index 14699; 4.5 s; peak memory 781 MiB.
2026-10-05T23:53:22Z INFO [1763/3678] 654d9fb9-a175-4a85-b664-01bee8be5f09: cophenetic index 605; 0.9 s; peak memory 781 MiB.
2026-10-05T23:53:23Z INFO [1764/3678] 654dd1dd-64fa-4472-bfab-4cf873c9506d: cophenetic index 33962; 1.0 s; peak memory 781 MiB.
2026-10-05T23:53:24Z INFO [1765/3678] 654de9de-3f92-4879-8e3d-a6705f2b587b: cophenetic index 2625; 1.0 s; peak memory 781 MiB.
2026-10-05T23:53:25Z INFO [1766/3678] 654ded4d-132b-4960-b2a7-e864436a63a3: cophenetic index 1228; 0.6 s; peak memory 781 MiB.
2026-10-05T23:53:26Z INFO [1767/3678] 654e2084-cc85-41ff-a84a-a603daf6feb2: cophenetic index 2625; 1.1 s; peak memory 781 MiB.
2026-10-05T23:53:37Z INFO [1768/3678] 654e8da1-034a-4d5b-8857-07d77e0f68ff: cophenetic index 118416; 10.7 s; peak memory 781 MiB.
2026-10-05T23:53:37Z INFO [1769/3678] 654f1cca-028b-4fe5-b39e-49d28276e021: cophenetic index 624; 0.6 s; peak memory 781 MiB.
2026-10-05T23:53:38Z INFO [1770/3678] 654f1ff2-207f-4d46-adac-aaf8233baae6: cophenetic index 490; 0.5 s; peak memory 781 MiB.
2026-10-05T23:53:39Z INFO [1771/3678] 654f90e0-dcd7-439f-83c6-ce73d6eb1f4c: cophenetic index 23206; 0.7 s; peak memory 781 MiB.
2026-10-05T23:53:39Z INFO [1772/3678] 6550197b-8790-4033-a5d7-ed98fa674826: cophenetic index 579; 0.4 s; peak memory 781 MiB.
2026-10-05T23:53:40Z INFO [1773/3678] 65502f47-f1d4-49f9-83a1-20b76d5fb4d1: cophenetic index 791; 1.0 s; peak memory 781 MiB.
2026-10-05T23:53:42Z INFO [1774/3678] 65523d59-f071-4a08-be33-5a7b85d1908b: cophenetic index 33998; 1.8 s; peak memory 781 MiB.
2026-10-05T23:53:44Z INFO [1775/3678] 655290aa-dc4c-43bc-8a72-17764c3aeb28: cophenetic index 4015; 2.1 s; peak memory 781 MiB.
2026-10-05T23:53:49Z INFO [1776/3678] 6552ce70-cc63-439e-8b6a-e209b39cd7a4: cophenetic index 49847; 5.5 s; peak memory 781 MiB.
2026-10-05T23:53:50Z INFO [1777/3678] 6552d906-bd05-4f27-9a01-8c292da23860: cophenetic index 2625; 0.7 s; peak memory 781 MiB.
2026-10-05T23:53:51Z INFO [1778/3678] 655413a1-31d1-41d4-97df-fc6769043bf3: cophenetic index 937; 0.7 s; peak memory 781 MiB.
2026-10-05T23:53:58Z INFO [1779/3678] 655413fd-e938-49c9-83ac-9d96f1132644: cophenetic index 1072439; 7.6 s; peak memory 781 MiB.
2026-10-05T23:53:59Z INFO [1780/3678] 65548954-13f6-430d-9bab-22d8e999896a: cophenetic index 579; 0.4 s; peak memory 781 MiB.
2026-10-05T23:54:00Z INFO [1781/3678] 6555bf90-3eaf-48bb-afc7-0c5035aa0881: cophenetic index 3004; 0.8 s; peak memory 781 MiB.
2026-10-05T23:54:00Z INFO [1782/3678] 6555cb94-070b-4b69-bdcf-80f33d4b4ee3: cophenetic index 3004; 0.8 s; peak memory 781 MiB.
2026-10-05T23:54:04Z INFO [1783/3678] 6556572c-a0d6-475f-9d68-cdad44b8297f: cophenetic index 12973; 4.1 s; peak memory 781 MiB.
2026-10-05T23:54:05Z INFO [1784/3678] 6556c00d-69ca-4c9d-9df1-a4706732a4f6: cophenetic index 2625; 1.0 s; peak memory 781 MiB.
2026-10-05T23:54:15Z INFO [1785/3678] 6556d13b-3148-45c6-bcbf-c5119438b0bf: cophenetic index 316772; 9.1 s; peak memory 781 MiB.
2026-10-05T23:54:15Z INFO [1786/3678] 65598d06-bd43-4621-ab6c-62b32def1d6d: cophenetic index 690; 0.7 s; peak memory 781 MiB.
2026-10-05T23:54:16Z INFO [1787/3678] 655a83e4-78be-4de3-a1d5-dbaa93503f08: cophenetic index 3087; 0.7 s; peak memory 781 MiB.
2026-10-05T23:54:18Z INFO [1788/3678] 655a8d7f-cf07-4b5e-ac65-e5e62fdb0c10: cophenetic index 1194; 2.3 s; peak memory 781 MiB.
2026-10-05T23:54:19Z INFO [1789/3678] 655af25e-85dd-4183-b93a-d316eff606a5: cophenetic index 605; 0.7 s; peak memory 781 MiB.
2026-10-05T23:54:19Z INFO [1790/3678] 655b6a84-96a8-4405-9039-f2bb7a873247: cophenetic index 641; 0.4 s; peak memory 781 MiB.
2026-10-05T23:54:20Z INFO [1791/3678] 655be490-79b6-4198-a7ba-ce6f7b8aba67: cophenetic index 624; 0.7 s; peak memory 781 MiB.
2026-10-05T23:54:22Z INFO [1792/3678] 655d1ed1-e161-4779-b323-19576f14ff79: cophenetic index 2469; 1.6 s; peak memory 781 MiB.
2026-10-05T23:54:23Z INFO [1793/3678] 655d4914-39eb-4c3a-9032-9c9a42e1d00e: cophenetic index 99120; 1.1 s; peak memory 781 MiB.
2026-10-05T23:55:13Z INFO [1794/3678] 655d51ca-1030-4dee-9b6b-c359dd9cb889: cophenetic index 38718734; 50.2 s; peak memory 781 MiB.
2026-10-05T23:55:24Z INFO [1795/3678] 655d7417-b40c-4b72-9009-bcc9ae94032a: cophenetic index 14507294; 10.8 s; peak memory 781 MiB.
2026-10-05T23:55:24Z INFO [1796/3678] 655eb3e1-504d-4c6e-b001-d8160bf4a8af: cophenetic index 164; 0.3 s; peak memory 781 MiB.
2026-10-05T23:55:25Z INFO [1797/3678] 655eb60a-ab80-4a35-9f5e-b3d627d71704: cophenetic index 490; 0.5 s; peak memory 781 MiB.
2026-10-05T23:55:25Z INFO [1798/3678] 655ef8bf-9535-44e6-82ec-b4c816d1e10d: cophenetic index 1192; 0.6 s; peak memory 781 MiB.
2026-10-05T23:55:26Z INFO [1799/3678] 655faead-9d85-4b1d-9e69-b8e354855f85: cophenetic index 490; 0.5 s; peak memory 781 MiB.
2026-10-05T23:55:26Z INFO [1800/3678] 65631c06-58f2-43b6-8e89-d6c07ba2e6e5: cophenetic index 624; 0.6 s; peak memory 781 MiB.
2026-10-05T23:55:26Z INFO [1800/3678] 65631c06-58f2-43b6-8e89-d6c07ba2e6e5: checkpointed 95598 records.
2026-10-05T23:55:35Z INFO [1801/3678] 65637b27-68a4-409a-85c9-74290d4c4237: cophenetic index 43520906; 8.6 s; peak memory 781 MiB.
2026-10-05T23:55:36Z INFO [1802/3678] 6564347d-c1b4-4b57-b8c3-8b37c4571f32: cophenetic index 2625; 0.9 s; peak memory 781 MiB.
2026-10-05T23:55:37Z INFO [1803/3678] 65653c97-a5d5-47df-a26a-e4c91abb5ff1: cophenetic index 2625; 1.2 s; peak memory 781 MiB.
2026-10-05T23:55:38Z INFO [1804/3678] 6566a4fb-65bd-4407-a53c-780cc3a9904f: cophenetic index 490; 0.4 s; peak memory 781 MiB.
2026-10-05T23:55:43Z INFO [1805/3678] 6567be46-39dd-49c8-80c3-4271295e9281: cophenetic index 96603; 5.2 s; peak memory 781 MiB.
2026-10-05T23:55:44Z INFO [1806/3678] 656a0d89-d3b9-4aad-8c35-90ea7b04ae18: cophenetic index 937; 1.1 s; peak memory 781 MiB.
2026-10-05T23:55:44Z INFO [1807/3678] 656a1a1e-4e86-475d-b335-37c1af8bb0f3: cophenetic index 624; 0.5 s; peak memory 781 MiB.
2026-10-05T23:55:45Z INFO [1808/3678] 656a7f01-8470-496d-a986-d8f5364a6007: cophenetic index 2496; 1.0 s; peak memory 781 MiB.
2026-10-05T23:55:47Z INFO [1809/3678] 656abdae-53bd-40ef-be3c-8822489da2c5: cophenetic index 2402; 1.7 s; peak memory 781 MiB.
2026-10-05T23:55:48Z INFO [1810/3678] 656b076b-c52b-40ae-9251-29ae8ee36d5d: cophenetic index 3192; 0.7 s; peak memory 781 MiB.
2026-10-05T23:55:50Z INFO [1811/3678] 656b4ea5-1109-4485-bd08-0abc45615867: cophenetic index 2402; 2.0 s; peak memory 781 MiB.
2026-10-05T23:55:50Z INFO [1812/3678] 656bc990-7847-4978-a326-7062228eed50: cophenetic index 401; 0.4 s; peak memory 781 MiB.
2026-10-05T23:55:51Z INFO [1813/3678] 656be9df-92e4-4573-8190-cea32d6bde1d: cophenetic index 2570; 0.8 s; peak memory 781 MiB.
2026-10-05T23:55:53Z INFO [1814/3678] 656d096d-777a-48fc-a371-9ee6eccf502d: cophenetic index 325333; 1.5 s; peak memory 781 MiB.
2026-10-05T23:55:53Z INFO [1815/3678] 656e1686-ea84-4f89-b02a-cab91119bd72: cophenetic index 488; 0.6 s; peak memory 781 MiB.
2026-10-05T23:55:55Z INFO [1816/3678] 656e67bb-8fa4-493a-a125-08a630e92b1b: cophenetic index 6118; 1.7 s; peak memory 781 MiB.
2026-10-05T23:55:56Z INFO [1817/3678] 656f5f78-bff7-4248-9b5b-be2f6a3a85e3: cophenetic index 3087; 0.8 s; peak memory 781 MiB.
2026-10-05T23:55:56Z INFO [1818/3678] 656f828f-c56a-40d4-916b-d7b463c7e090: cophenetic index 164; 0.3 s; peak memory 781 MiB.
2026-10-05T23:56:01Z INFO [1819/3678] 656fc8a1-177e-45d1-8dc6-f949200bf676: cophenetic index 87573; 4.9 s; peak memory 781 MiB.
2026-10-05T23:56:02Z INFO [1820/3678] 656fd87a-ca7f-4cbf-acbd-c37f02b4c2e3: cophenetic index 624; 0.7 s; peak memory 781 MiB.
2026-10-05T23:56:06Z INFO [1821/3678] 6570ffe4-8bf8-45c0-a714-fb8015f65f60: cophenetic index 12727; 4.2 s; peak memory 781 MiB.
2026-10-05T23:56:06Z INFO [1822/3678] 6571ad94-4e2e-4506-90f1-1cd5dd4eee4e: cophenetic index 3057; 0.7 s; peak memory 781 MiB.
2026-10-05T23:56:09Z INFO [1823/3678] 65722b24-87f4-48e9-be72-912cedb1c59a: cophenetic index 6412; 2.7 s; peak memory 781 MiB.
2026-10-05T23:56:10Z INFO [1824/3678] 657324ce-b178-4690-a9e1-fe9233b353cc: cophenetic index 1087; 1.2 s; peak memory 781 MiB.
2026-10-05T23:56:14Z INFO [1825/3678] 657329dc-489f-4c08-ab18-6dc1812e5a91: cophenetic index 154525; 4.0 s; peak memory 781 MiB.
2026-10-05T23:56:16Z INFO [1826/3678] 6573a16f-4323-4bf9-8e74-a33bdc577752: cophenetic index 34138; 1.4 s; peak memory 781 MiB.
2026-10-05T23:56:17Z INFO [1827/3678] 6573a936-4ce0-4f6b-ba1d-fdc0e93cd690: cophenetic index 33986; 0.8 s; peak memory 781 MiB.
2026-10-05T23:56:17Z INFO [1828/3678] 6574275e-8b38-499b-8f15-21178973be99: cophenetic index 624; 0.8 s; peak memory 781 MiB.
2026-10-05T23:56:18Z INFO [1829/3678] 65743317-3cc6-4a36-a8fd-d2a139921e0b: cophenetic index 624; 0.8 s; peak memory 781 MiB.
2026-10-05T23:56:19Z INFO [1830/3678] 6574b7e4-23dd-447a-9b44-143451cfe33e: cophenetic index 624; 0.8 s; peak memory 781 MiB.
2026-10-05T23:56:20Z INFO [1831/3678] 6575985c-7b1b-4eaf-92f0-24b36eb50ba0: cophenetic index 624; 1.1 s; peak memory 781 MiB.
2026-10-05T23:56:26Z INFO [1832/3678] 6575d418-a8db-4ce5-bc4f-04c1ebb946dd: cophenetic index 213489; 5.7 s; peak memory 781 MiB.
2026-10-05T23:56:27Z INFO [1833/3678] 65773f6a-6ebe-413c-9e56-4a5b1446cbd0: cophenetic index 2625; 0.9 s; peak memory 781 MiB.
2026-10-05T23:56:27Z INFO [1834/3678] 6577ded2-0202-4eb0-b37f-47827b1873cf: cophenetic index 624; 0.6 s; peak memory 781 MiB.
2026-10-05T23:56:28Z INFO [1835/3678] 6578ac2b-7a71-4d4d-a0f7-dc9c1caff2c9: cophenetic index 649; 0.8 s; peak memory 781 MiB.
2026-10-05T23:56:29Z INFO [1836/3678] 6578bb4d-2975-4e43-8560-2948ff3ad299: cophenetic index 649; 0.8 s; peak memory 781 MiB.
2026-10-05T23:56:30Z INFO [1837/3678] 6579b460-d173-464a-b10e-3ebc8368f3e4: cophenetic index 624; 0.7 s; peak memory 781 MiB.
2026-10-05T23:56:30Z INFO [1838/3678] 657a4e22-83fb-4694-aba2-6e0a7af2843d: cophenetic index 431; 0.4 s; peak memory 781 MiB.
2026-10-05T23:56:31Z INFO [1839/3678] 657aa3e4-4f95-48ab-b0c3-bdea20206048: cophenetic index 23788; 0.5 s; peak memory 781 MiB.
2026-10-05T23:56:40Z INFO [1840/3678] 657b073b-df33-4ec4-a3fe-abee9d639ecd: cophenetic index 340425; 8.9 s; peak memory 781 MiB.
2026-10-05T23:56:41Z INFO [1841/3678] 657bc3db-1437-405c-a9c2-9e199e1123e9: cophenetic index 2625; 1.1 s; peak memory 781 MiB.
2026-10-05T23:56:42Z INFO [1842/3678] 657bc8e9-8013-4679-ae89-d4613602fb4e: cophenetic index 427; 0.9 s; peak memory 781 MiB.
2026-10-05T23:56:42Z INFO [1843/3678] 657cba50-61aa-4425-a43a-f65c4c2f9102: cophenetic index 23370; 0.8 s; peak memory 781 MiB.
2026-10-05T23:56:43Z INFO [1844/3678] 657de212-2ad5-4dbb-a405-083b70ee511a: cophenetic index 3087; 0.8 s; peak memory 781 MiB.
2026-10-05T23:56:52Z INFO [1845/3678] 657de593-1619-46f1-ab24-a733344561e8: cophenetic index 48475; 8.7 s; peak memory 781 MiB.
2026-10-05T23:56:53Z INFO [1846/3678] 657e541d-1d88-4e9d-b6ae-94de1541fbb2: cophenetic index 1733; 1.6 s; peak memory 781 MiB.
2026-10-05T23:56:54Z INFO [1847/3678] 657f4241-6e0f-4169-979a-e348a96be93f: cophenetic index 1087; 1.0 s; peak memory 781 MiB.
2026-10-05T23:56:55Z INFO [1848/3678] 658096f3-6170-4f13-aa36-7ba4793d8563: cophenetic index 624; 0.8 s; peak memory 781 MiB.
2026-10-05T23:56:59Z INFO [1849/3678] 6580ce91-9a93-43a5-ae8c-7121002f153f: cophenetic index 9181; 4.1 s; peak memory 781 MiB.
2026-10-05T23:57:01Z INFO [1850/3678] 65812db3-47ff-4792-96f2-4e3c2f55d91e: cophenetic index 2524; 1.3 s; peak memory 781 MiB.
2026-10-05T23:57:01Z INFO [1850/3678] 65812db3-47ff-4792-96f2-4e3c2f55d91e: checkpointed 95648 records.
2026-10-05T23:57:02Z INFO [1851/3678] 658199d5-1df2-4b87-99ce-4e69ea209acb: cophenetic index 624; 0.9 s; peak memory 781 MiB.
2026-10-05T23:57:02Z INFO [1852/3678] 65820110-5c13-4b2f-a8ac-c2fc7d9f4f1f: cophenetic index 2625; 0.7 s; peak memory 781 MiB.
2026-10-05T23:57:03Z INFO [1853/3678] 65831ce1-6fb4-43cf-b745-a5224c72200d: cophenetic index 2625; 0.7 s; peak memory 781 MiB.
2026-10-05T23:57:04Z INFO [1854/3678] 658417dc-505d-40ed-970a-b0780d720fc8: cophenetic index 3004; 1.0 s; peak memory 781 MiB.
2026-10-05T23:57:12Z INFO [1855/3678] 6585a7a7-c7a6-42bd-a992-f0073cb712f9: cophenetic index 251753; 7.8 s; peak memory 781 MiB.
2026-10-05T23:57:13Z INFO [1856/3678] 6586e9e1-f35f-4437-8472-d6b639534cad: cophenetic index 2570; 0.9 s; peak memory 781 MiB.
2026-10-05T23:57:13Z INFO [1857/3678] 6586ef2a-ef01-40ea-a5ac-43e9ce8c117c: cophenetic index 3087; 0.7 s; peak memory 781 MiB.
2026-10-05T23:57:14Z INFO [1858/3678] 6587465d-96e7-4f07-924a-50ec44af2f39: cophenetic index 624; 0.8 s; peak memory 781 MiB.
2026-10-05T23:57:15Z INFO [1859/3678] 6587d772-c4a9-450e-95ed-303e29323f5c: cophenetic index 2625; 0.9 s; peak memory 781 MiB.
2026-10-05T23:57:19Z INFO [1860/3678] 6587e1d0-b307-4479-aace-10236aad685e: cophenetic index 116431; 3.8 s; peak memory 781 MiB.
2026-10-05T23:57:20Z INFO [1861/3678] 6588d453-7872-4f32-8661-28bb5bb5caac: cophenetic index 33962; 1.0 s; peak memory 781 MiB.
2026-10-05T23:57:20Z INFO [1862/3678] 6589731d-c6c0-439b-bf57-520af85b454d: cophenetic index 624; 0.6 s; peak memory 781 MiB.
2026-10-05T23:57:22Z INFO [1863/3678] 65898a0a-126c-469e-8530-8313623d9e13: cophenetic index 1255; 1.9 s; peak memory 781 MiB.
2026-10-05T23:57:23Z INFO [1864/3678] 658b0c7d-0da0-4c78-b737-a7842e17f7d5: cophenetic index 646; 0.6 s; peak memory 781 MiB.
2026-10-05T23:57:25Z INFO [1865/3678] 658b5e22-b67b-4dd7-a969-57b74a168d86: cophenetic index 2299; 1.6 s; peak memory 781 MiB.
2026-10-05T23:57:26Z INFO [1866/3678] 658b8aff-643b-4353-98a3-09437d4143b1: cophenetic index 33986; 1.1 s; peak memory 781 MiB.
2026-10-05T23:57:27Z INFO [1867/3678] 658bf298-a785-4080-8cc9-e81ec3b605b2: cophenetic index 33998; 1.1 s; peak memory 781 MiB.
2026-10-05T23:57:27Z INFO [1868/3678] 658bff2a-cd48-4f90-b8ac-d9d4499e0348: cophenetic index 641; 0.5 s; peak memory 781 MiB.
2026-10-05T23:57:28Z INFO [1869/3678] 658c12c7-c205-4b2d-a749-b57aafc6a30b: cophenetic index 907; 0.6 s; peak memory 781 MiB.
2026-10-05T23:57:29Z INFO [1870/3678] 658c1594-396d-4151-9038-9481c2f4920b: cophenetic index 624; 0.7 s; peak memory 781 MiB.
2026-10-05T23:57:33Z INFO [1871/3678] 658c58ef-34e5-4e1c-af59-c0af9209960a: cophenetic index 87401; 3.9 s; peak memory 781 MiB.
2026-10-05T23:58:39Z INFO [1872/3678] 658c6858-4fee-4211-9037-90e23cd43044: cophenetic index 693348584; 66.1 s; peak memory 781 MiB.
2026-10-05T23:58:43Z INFO [1873/3678] 658da14e-4af1-4d39-99a3-26df1cfb1089: cophenetic index 9548; 4.0 s; peak memory 781 MiB.
2026-10-05T23:58:43Z INFO [1874/3678] 658daf13-0ca7-4d5c-9150-cd7b9a727de1: cophenetic index 624; 0.7 s; peak memory 781 MiB.
2026-10-05T23:58:49Z INFO [1875/3678] 658f7ab4-209e-4a95-937e-697b9d883a25: cophenetic index 271372; 5.3 s; peak memory 781 MiB.
2026-10-05T23:58:49Z INFO [1876/3678] 658fa1d7-a211-4979-b306-6de316350f96: cophenetic index 490; 0.4 s; peak memory 781 MiB.
2026-10-05T23:58:50Z INFO [1877/3678] 658fa591-c42d-4c72-9028-fff000e5486f: cophenetic index 3057; 0.6 s; peak memory 781 MiB.
2026-10-05T23:58:50Z INFO [1878/3678] 65901c2a-7c26-48c6-8ee1-3bd73e9bb9b7: cophenetic index 624; 0.7 s; peak memory 781 MiB.
2026-10-05T23:58:51Z INFO [1879/3678] 65907df2-aa84-4aa1-a93c-dbad00e07334: cophenetic index 33986; 0.9 s; peak memory 781 MiB.
2026-10-05T23:58:54Z INFO [1880/3678] 6591bf38-dadc-4df2-967c-7a2b3786ad09: cophenetic index 6412; 3.0 s; peak memory 781 MiB.
2026-10-05T23:58:55Z INFO [1881/3678] 6591f2c8-fec2-465c-890f-5dfafa78b421: cophenetic index 1087; 1.0 s; peak memory 781 MiB.
2026-10-05T23:59:01Z INFO [1882/3678] 65922168-c9d8-4f21-9f8e-470675548a96: cophenetic index 343123; 5.9 s; peak memory 781 MiB.
2026-10-05T23:59:02Z INFO [1883/3678] 65937d9c-c8db-489f-bdd8-f49259e393a2: cophenetic index 490; 0.6 s; peak memory 781 MiB.
2026-10-05T23:59:03Z INFO [1884/3678] 6593e529-d2d6-4896-a52f-5b1942e01e6c: cophenetic index 441; 0.9 s; peak memory 781 MiB.
2026-10-05T23:59:10Z INFO [1885/3678] 6593eeaa-e50c-499b-acb1-b9031aa2f67a: cophenetic index 219747; 7.7 s; peak memory 781 MiB.
2026-10-05T23:59:11Z INFO [1886/3678] 65944b2c-e50a-4c4e-a640-179dd974e7d0: cophenetic index 431; 0.8 s; peak memory 781 MiB.
2026-10-05T23:59:12Z INFO [1887/3678] 6594759b-a817-4d3c-aea5-3c0f98bd204a: cophenetic index 994; 0.6 s; peak memory 781 MiB.
2026-10-05T23:59:12Z INFO [1888/3678] 6595109a-bb0a-4688-88af-d8a4e2344c46: cophenetic index 624; 0.7 s; peak memory 781 MiB.
2026-10-05T23:59:21Z INFO [1889/3678] 6595246f-9284-4817-9c7c-cf4609ef6136: cophenetic index 842575; 8.1 s; peak memory 781 MiB.
2026-10-05T23:59:21Z INFO [1890/3678] 65964cb2-02a3-4318-b4fe-64d40f60c452: cophenetic index 3057; 0.8 s; peak memory 781 MiB.
2026-10-05T23:59:27Z INFO [1891/3678] 65965012-0eff-48fc-bff2-1959b449fba9: cophenetic index 103415; 5.5 s; peak memory 781 MiB.
2026-10-05T23:59:28Z INFO [1892/3678] 6597e2ec-6dde-402b-b0f6-b1849c57a2a0: cophenetic index 1087; 1.0 s; peak memory 781 MiB.
2026-10-05T23:59:29Z INFO [1893/3678] 6597fe04-9a72-45b7-9890-0b8ff4e593db: cophenetic index 326077; 1.3 s; peak memory 781 MiB.
2026-10-05T23:59:33Z INFO [1894/3678] 659812d3-16fd-435d-a135-068bfed62194: cophenetic index 9548; 3.8 s; peak memory 781 MiB.
2026-10-05T23:59:34Z INFO [1895/3678] 65986f82-8d74-4e0b-bad9-d3e26a797e42: cophenetic index 3004; 0.9 s; peak memory 781 MiB.
2026-10-05T23:59:35Z INFO [1896/3678] 6598c540-92a7-41f1-b67d-9ba2f6db99d6: cophenetic index 2625; 0.9 s; peak memory 781 MiB.
2026-10-05T23:59:35Z INFO [1897/3678] 659b0682-82e7-4d8e-bc62-1e42c780fb4e: cophenetic index 433; 0.5 s; peak memory 781 MiB.
2026-10-05T23:59:36Z INFO [1898/3678] 659b3663-7da6-4700-ba90-6518b981ad1a: cophenetic index 2570; 0.8 s; peak memory 781 MiB.
2026-10-05T23:59:37Z INFO [1899/3678] 659b9404-fb26-4647-9668-dff1b8b8ecfd: cophenetic index 624; 0.6 s; peak memory 781 MiB.
2026-10-05T23:59:37Z INFO [1900/3678] 659bb2cd-67e3-434d-8132-3561db353e8d: cophenetic index 649; 0.7 s; peak memory 781 MiB.
2026-10-05T23:59:37Z INFO [1900/3678] 659bb2cd-67e3-434d-8132-3561db353e8d: checkpointed 95698 records.
2026-10-05T23:59:38Z INFO [1901/3678] 659bfe9d-e5dd-401b-9613-618e7f2653dd: cophenetic index 33968; 0.7 s; peak memory 781 MiB.
2026-10-05T23:59:39Z INFO [1902/3678] 659c09d9-278e-4a7f-a372-755396415210: cophenetic index 3215; 0.8 s; peak memory 781 MiB.
2026-10-05T23:59:40Z INFO [1903/3678] 659d2a8c-1747-4a4f-b783-bc217cf5f6da: cophenetic index 466; 0.7 s; peak memory 781 MiB.
2026-10-05T23:59:40Z INFO [1904/3678] 659e4939-7f3d-4f4d-9485-3d6b024bc7c2: cophenetic index 624; 0.6 s; peak memory 781 MiB.
2026-10-05T23:59:41Z INFO [1905/3678] 659f6034-0f89-4507-b8b9-a200456f8871: cophenetic index 624; 0.8 s; peak memory 781 MiB.
2026-10-05T23:59:42Z INFO [1906/3678] 65a01d3d-b56b-4cf7-9cc2-ec9607cbf31d: cophenetic index 766; 0.8 s; peak memory 781 MiB.
2026-10-05T23:59:43Z INFO [1907/3678] 65a04f74-4dd0-475e-9e25-3aa13b1dbe7b: cophenetic index 624; 0.7 s; peak memory 781 MiB.
2026-10-05T23:59:43Z INFO [1908/3678] 65a062c2-d948-448f-99d1-8519fb68e69b: cophenetic index 624; 0.7 s; peak memory 781 MiB.
2026-10-05T23:59:44Z INFO [1909/3678] 65a09b87-bb79-4b33-aaf4-84f07034d6cc: cophenetic index 649; 0.7 s; peak memory 781 MiB.
2026-10-05T23:59:45Z INFO [1910/3678] 65a358a6-71bc-4b87-a9d2-c869a66a9839: cophenetic index 1456; 0.6 s; peak memory 781 MiB.
2026-10-05T23:59:59Z INFO [1911/3678] 65a3c4f2-c944-44cb-b5ac-42dbed7655ae: cophenetic index 320091; 14.3 s; peak memory 781 MiB.
2026-10-06T00:00:00Z INFO [1912/3678] 65a46024-3cbe-4162-bd07-f75671c89ddd: cophenetic index 624; 0.8 s; peak memory 781 MiB.
2026-10-06T00:00:02Z INFO [1913/3678] 65a4b51b-36d4-4040-a619-807bc728639b: cophenetic index 2391; 1.8 s; peak memory 781 MiB.
2026-10-06T00:00:02Z INFO [1914/3678] 65a50799-eefe-451c-b6db-0402564d5cd9: cophenetic index 624; 0.7 s; peak memory 781 MiB.
2026-10-06T00:00:07Z INFO [1915/3678] 65a52685-f9d5-40a2-a5b5-dcd6261228e8: cophenetic index 14699; 4.5 s; peak memory 781 MiB.
2026-10-06T00:00:08Z INFO [1916/3678] 65a53a72-69f1-48b5-b792-8ec234ef2695: cophenetic index 688; 1.7 s; peak memory 781 MiB.
2026-10-06T00:00:10Z INFO [1917/3678] 65a692bf-5949-434a-b5fe-33a4b9b0bb38: cophenetic index 5473; 1.8 s; peak memory 781 MiB.
2026-10-06T00:00:12Z INFO [1918/3678] 65a69607-555b-4dfa-9f31-c63267ccc6f7: cophenetic index 15426; 1.4 s; peak memory 781 MiB.
2026-10-06T00:00:20Z INFO [1919/3678] 65a6f82a-74f8-4d43-8f4d-b2cfc684cf5e: cophenetic index 241582; 8.1 s; peak memory 781 MiB.
2026-10-06T00:00:21Z INFO [1920/3678] 65a7d97f-7f64-410d-9e6f-bc451324857d: cophenetic index 23272; 0.8 s; peak memory 781 MiB.
2026-10-06T00:00:21Z INFO [1921/3678] 65a8186b-e507-4d0a-8714-7cddbaab2064: cophenetic index 579; 0.6 s; peak memory 781 MiB.
2026-10-06T00:00:22Z INFO [1922/3678] 65a84b16-45b1-44b3-bc6d-c4f892fd69e7: cophenetic index 630; 0.8 s; peak memory 781 MiB.
2026-10-06T00:00:23Z INFO [1923/3678] 65aa2918-d512-4df7-a026-4661ad442b3f: cophenetic index 624; 0.8 s; peak memory 781 MiB.
2026-10-06T00:00:24Z INFO [1924/3678] 65aa9017-045a-4fce-bedd-2399ca439d00: cophenetic index 624; 0.7 s; peak memory 781 MiB.
2026-10-06T00:00:25Z INFO [1925/3678] 65abbeca-5f4e-4a70-b20d-42e609c85b1a: cophenetic index 33998; 1.5 s; peak memory 781 MiB.
2026-10-06T00:00:26Z INFO [1926/3678] 65abc018-29ee-4fc9-a6e0-865e84615238: cophenetic index 447; 0.5 s; peak memory 781 MiB.
2026-10-06T00:00:28Z INFO [1927/3678] 65ac0b43-8d01-40df-bc5b-02f959dd08d0: cophenetic index 3045; 2.3 s; peak memory 781 MiB.
2026-10-06T00:00:29Z INFO [1928/3678] 65ac5a86-34e8-4ed2-89f1-f34a17ded7af: cophenetic index 33962; 1.2 s; peak memory 781 MiB.
2026-10-06T00:00:29Z INFO [1929/3678] 65acd698-37f3-42f1-985a-a8a7864a2838: cophenetic index 479; 0.5 s; peak memory 781 MiB.
2026-10-06T00:00:30Z INFO [1930/3678] 65ace9ad-7290-464d-b739-11a55134f5fd: cophenetic index 3087; 0.9 s; peak memory 781 MiB.
2026-10-06T00:00:31Z INFO [1931/3678] 65ad4689-0ecc-4b51-9cb8-82d5e142f890: cophenetic index 624; 0.6 s; peak memory 781 MiB.
2026-10-06T00:00:32Z INFO [1932/3678] 65ad5e05-50f6-4226-b47b-0ee649cb725c: cophenetic index 809; 1.4 s; peak memory 781 MiB.
2026-10-06T00:00:36Z INFO [1933/3678] 65adbc53-d8d1-4f90-908e-03fc7a05e063: cophenetic index 163768; 3.8 s; peak memory 781 MiB.
2026-10-06T00:00:41Z INFO [1934/3678] 65ae15a8-b889-444f-b31c-2dcfee98120a: cophenetic index 34862; 4.8 s; peak memory 781 MiB.
2026-10-06T00:00:42Z INFO [1935/3678] 65ae5cd6-da36-4981-9000-6b50aec317a6: cophenetic index 624; 0.9 s; peak memory 781 MiB.
2026-10-06T00:00:43Z INFO [1936/3678] 65ae8b78-9019-4f94-8cbe-51abd7d40c55: cophenetic index 605; 1.0 s; peak memory 781 MiB.
2026-10-06T00:00:45Z INFO [1937/3678] 65aeb286-1fb2-41a1-a834-7f378447f98e: cophenetic index 5473; 1.7 s; peak memory 781 MiB.
2026-10-06T00:00:46Z INFO [1938/3678] 65aeb7b4-9deb-426d-850f-2f4e810aaeac: cophenetic index 33968; 1.2 s; peak memory 781 MiB.
2026-10-06T00:00:53Z INFO [1939/3678] 65b144ca-e424-46a1-a98b-d5609ad2f2ca: cophenetic index 582897; 6.7 s; peak memory 781 MiB.
2026-10-06T00:01:01Z INFO [1940/3678] 65b1ba92-37b7-4132-8330-06043607bd4c: cophenetic index 23077; 8.7 s; peak memory 781 MiB.
2026-10-06T00:01:08Z INFO [1941/3678] 65b20906-79d0-4ca0-937c-43672ea08631: cophenetic index 29936; 6.7 s; peak memory 781 MiB.
2026-10-06T00:01:09Z INFO [1942/3678] 65b45628-b16b-4c57-ae3c-7ea92e9ebcc0: cophenetic index 2570; 0.6 s; peak memory 781 MiB.
2026-10-06T00:01:15Z INFO [1943/3678] 65b4af06-4e86-4641-b08d-a4dc046bef29: cophenetic index 312431; 6.1 s; peak memory 781 MiB.
2026-10-06T00:01:16Z INFO [1944/3678] 65b4c3c3-1a72-460c-9ff4-4b2b3e80684d: cophenetic index 2570; 1.1 s; peak memory 781 MiB.
2026-10-06T00:01:17Z INFO [1945/3678] 65b53c22-8ee8-4149-8a8e-9409bec93d0d: cophenetic index 569; 0.7 s; peak memory 781 MiB.
2026-10-06T00:01:17Z INFO [1946/3678] 65b5e4df-b493-44c5-b625-27af8155a549: cophenetic index 3004; 0.6 s; peak memory 781 MiB.
2026-10-06T00:01:20Z INFO [1947/3678] 65b6268a-b719-4bf7-b0ed-45e4ec31130e: cophenetic index 20984; 2.7 s; peak memory 781 MiB.
2026-10-06T00:01:20Z INFO [1948/3678] 65b62a9c-1b21-41f1-ae64-198c4078a31b: cophenetic index 643; 0.5 s; peak memory 781 MiB.
2026-10-06T00:01:26Z INFO [1949/3678] 65b6913e-e239-4523-9dbc-4367470f1986: cophenetic index 66420; 5.4 s; peak memory 781 MiB.
2026-10-06T00:01:27Z INFO [1950/3678] 65b77c84-f663-41d6-8ec8-f3a191d40961: cophenetic index 901; 1.4 s; peak memory 781 MiB.
2026-10-06T00:01:27Z INFO [1950/3678] 65b77c84-f663-41d6-8ec8-f3a191d40961: checkpointed 95748 records.
2026-10-06T00:01:28Z INFO [1951/3678] 65b878de-4d7b-4675-b0bd-e53277f134a8: cophenetic index 466; 0.7 s; peak memory 781 MiB.
2026-10-06T00:01:29Z INFO [1952/3678] 65b95457-efa1-4614-acba-dcecded62700: cophenetic index 624; 0.7 s; peak memory 781 MiB.
2026-10-06T00:01:29Z INFO [1953/3678] 65bad335-97cf-403c-b47c-ac33a3f54468: cophenetic index 1949; 0.5 s; peak memory 781 MiB.
2026-10-06T00:01:30Z INFO [1954/3678] 65baebfb-8b69-4f3d-91ce-32ea76736775: cophenetic index 2053; 1.2 s; peak memory 781 MiB.
2026-10-06T00:01:31Z INFO [1955/3678] 65bba1fc-1af0-4047-a117-43c971f8753b: cophenetic index 3004; 0.8 s; peak memory 781 MiB.
2026-10-06T00:01:32Z INFO [1956/3678] 65bbd738-83f8-468f-8afd-435bc1119217: cophenetic index 33968; 1.1 s; peak memory 781 MiB.
2026-10-06T00:01:34Z INFO [1957/3678] 65bc5223-a747-44d1-8773-69f6dc6d65d2: cophenetic index 2469; 1.7 s; peak memory 781 MiB.
2026-10-06T00:01:35Z INFO [1958/3678] 65bc8510-0382-4481-8672-ff33b94ff4a5: cophenetic index 624; 0.9 s; peak memory 781 MiB.
2026-10-06T00:01:39Z INFO [1959/3678] 65bcb821-6580-46b9-83f9-e940e9d493d3: cophenetic index 149149; 4.4 s; peak memory 781 MiB.
2026-10-06T00:01:40Z INFO [1960/3678] 65bcbf8f-ab6a-448f-9da3-4b542f907318: cophenetic index 23200; 0.9 s; peak memory 781 MiB.
2026-10-06T00:01:41Z INFO [1961/3678] 65bdc1a6-85e5-4a03-a72f-6e86df43b6e2: cophenetic index 33986; 0.9 s; peak memory 781 MiB.
2026-10-06T00:01:42Z INFO [1962/3678] 65bde3ac-6fa5-46a4-9fda-1f83aca48adc: cophenetic index 624; 0.6 s; peak memory 781 MiB.
2026-10-06T00:01:43Z INFO [1963/3678] 65bf2aae-9b64-4234-b072-4b366a1a79bd: cophenetic index 2625; 0.9 s; peak memory 781 MiB.
2026-10-06T00:01:43Z INFO [1964/3678] 65bfca47-0376-4b42-9aeb-b29910d29508: cophenetic index 3087; 0.6 s; peak memory 781 MiB.
2026-10-06T00:01:44Z INFO [1965/3678] 65c02776-c6d3-44f1-83a5-bdc5cc79d6c9: cophenetic index 2974; 0.8 s; peak memory 781 MiB.
2026-10-06T00:01:44Z INFO [1966/3678] 65c038c4-d363-4920-9feb-fbc75ecd2bbd: cophenetic index 511; 0.4 s; peak memory 781 MiB.
2026-10-06T00:01:45Z INFO [1967/3678] 65c14a6b-5dfc-4a17-b8f0-b40f0118b75c: cophenetic index 725; 0.5 s; peak memory 781 MiB.
2026-10-06T00:01:46Z INFO [1968/3678] 65c24ca9-748e-45b8-b81d-d0e1a06aeeb8: cophenetic index 624; 0.7 s; peak memory 781 MiB.
2026-10-06T00:01:49Z INFO [1969/3678] 65c27e4f-c16c-47b8-a3e4-9390a9a0571c: cophenetic index 105740; 3.3 s; peak memory 781 MiB.
2026-10-06T00:01:49Z INFO [1970/3678] 65c2ab89-a6ee-4341-8920-77e2765a7b57: cophenetic index 624; 0.6 s; peak memory 781 MiB.
2026-10-06T00:01:50Z INFO [1971/3678] 65c2c69e-f511-4768-b734-5379501b1a06: cophenetic index 433; 0.4 s; peak memory 781 MiB.
2026-10-06T00:01:50Z INFO [1972/3678] 65c43caf-514a-4257-952e-4457c8be5a61: cophenetic index 490; 0.3 s; peak memory 781 MiB.
2026-10-06T00:01:54Z INFO [1973/3678] 65c4a325-1989-42fe-a2ea-cc01395e4b86: cophenetic index 5466; 3.9 s; peak memory 781 MiB.
2026-10-06T00:01:59Z INFO [1974/3678] 65c52671-e850-431b-a3ef-ec7439f7bcc9: cophenetic index 14455; 5.3 s; peak memory 781 MiB.
2026-10-06T00:02:02Z INFO [1975/3678] 65c5f70e-798e-43f4-b1d4-e9a032ac5f7c: cophenetic index 3617; 2.8 s; peak memory 781 MiB.
2026-10-06T00:02:03Z INFO [1976/3678] 65c6bfcf-c2fb-4b46-a87d-28510238a209: cophenetic index 613; 1.0 s; peak memory 781 MiB.
2026-10-06T00:02:04Z INFO [1977/3678] 65c7926a-af79-4ecd-9078-4bdf78dfd849: cophenetic index 3004; 0.6 s; peak memory 781 MiB.
2026-10-06T00:02:05Z INFO [1978/3678] 65c8ed7d-db51-4e31-85bd-d740e3058aad: cophenetic index 809; 1.0 s; peak memory 781 MiB.
2026-10-06T00:02:06Z INFO [1979/3678] 65ca8bb2-53f7-4a94-a8e5-5980e68d47c5: cophenetic index 624; 0.8 s; peak memory 781 MiB.
2026-10-06T00:02:06Z INFO [1980/3678] 65cb6417-6d3a-4431-b6a0-751263bc40d1: cophenetic index 624; 0.7 s; peak memory 781 MiB.
2026-10-06T00:02:07Z INFO [1981/3678] 65ccc0b7-a142-428b-91f2-0a1fcd3bc664: cophenetic index 33986; 1.0 s; peak memory 781 MiB.
2026-10-06T00:02:08Z INFO [1982/3678] 65ccf9ee-2442-43ce-9cee-61a273febb75: cophenetic index 624; 0.6 s; peak memory 781 MiB.
2026-10-06T00:02:09Z INFO [1983/3678] 65cd2c38-3270-4f21-8b05-6af14d2b6ad2: cophenetic index 2625; 0.9 s; peak memory 781 MiB.
2026-10-06T00:02:11Z INFO [1984/3678] 65cf5be8-9dfe-45b6-bda4-74539770b2ae: cophenetic index 5473; 1.9 s; peak memory 781 MiB.
2026-10-06T00:02:12Z INFO [1985/3678] 65cffb48-28b8-4944-ac6e-a64613202836: cophenetic index 624; 0.8 s; peak memory 781 MiB.
2026-10-06T00:02:12Z INFO [1986/3678] 65cffcb8-f358-4372-a9ca-e44f77dac7ba: cophenetic index 1904; 0.8 s; peak memory 781 MiB.
2026-10-06T00:02:13Z INFO [1987/3678] 65d052d2-5a42-4abd-a62a-d1e4bb9f27a9: cophenetic index 33968; 0.8 s; peak memory 781 MiB.
2026-10-06T00:02:17Z INFO [1988/3678] 65d08e2a-38d4-477e-bf49-e3cb7cdcfc24: cophenetic index 20638; 3.7 s; peak memory 781 MiB.
2026-10-06T00:02:18Z INFO [1989/3678] 65d0bd73-b0c1-40a2-a2d6-0f07183a6f9a: cophenetic index 624; 0.7 s; peak memory 781 MiB.
2026-10-06T00:02:18Z INFO [1990/3678] 65d2307a-f0d4-4268-96f0-c6a92fd279b9: cophenetic index 651; 0.4 s; peak memory 781 MiB.
2026-10-06T00:02:19Z INFO [1991/3678] 65d24714-b94d-4680-9548-0e9b7ed4b597: cophenetic index 3087; 0.9 s; peak memory 781 MiB.
2026-10-06T00:02:19Z INFO [1992/3678] 65d27b83-8967-4f8e-b1d0-c0743cfea44a: cophenetic index 490; 0.4 s; peak memory 781 MiB.
2026-10-06T00:02:20Z INFO [1993/3678] 65d2a73f-595b-4a91-8922-75d01d19c1c9: cophenetic index 624; 0.7 s; peak memory 781 MiB.
2026-10-06T00:02:21Z INFO [1994/3678] 65d312e0-79db-4838-8aff-ac0a2799b0ba: cophenetic index 651; 0.5 s; peak memory 781 MiB.
2026-10-06T00:02:21Z INFO [1995/3678] 65d44a16-cd46-4121-9cdf-ca517a0c8e79: cophenetic index 624; 0.7 s; peak memory 781 MiB.
2026-10-06T00:02:29Z INFO [1996/3678] 65d49bad-9801-411d-a957-f0f412b0f661: cophenetic index 259227; 7.3 s; peak memory 781 MiB.
2026-10-06T00:02:29Z INFO [1997/3678] 65d4e8e8-ba83-4d2b-97cc-b86f4e05ded7: cophenetic index 543; 0.7 s; peak memory 781 MiB.
2026-10-06T00:02:33Z INFO [1998/3678] 65d54014-efe3-46e5-882e-20b177c298a9: cophenetic index 2320; 3.4 s; peak memory 781 MiB.
2026-10-06T00:02:41Z INFO [1999/3678] 65d54b9e-4dc1-4b85-bf23-89b090179e82: cophenetic index 204086; 7.9 s; peak memory 781 MiB.
2026-10-06T00:02:41Z INFO [2000/3678] 65d5defd-2407-471b-8f23-6f9e5f8d4988: cophenetic index 624; 0.7 s; peak memory 781 MiB.
2026-10-06T00:02:41Z INFO [2000/3678] 65d5defd-2407-471b-8f23-6f9e5f8d4988: checkpointed 95798 records.
2026-10-06T00:02:42Z INFO [2001/3678] 65d64dce-8200-4a1e-b39a-0923a7f299a1: cophenetic index 33962; 0.9 s; peak memory 781 MiB.
2026-10-06T00:02:43Z INFO [2002/3678] 65d65404-45dc-43a5-a7bb-cab87da902e1: cophenetic index 2625; 1.0 s; peak memory 781 MiB.
2026-10-06T00:02:52Z INFO [2003/3678] 65d677e8-bf53-4600-8fce-a3a8be49e9e2: cophenetic index 263045; 8.3 s; peak memory 781 MiB.
2026-10-06T00:02:52Z INFO [2004/3678] 65d72ba2-8424-43c6-855e-77933250e898: cophenetic index 678; 0.3 s; peak memory 781 MiB.
2026-10-06T00:02:52Z INFO [2005/3678] 65d82f32-ddc6-4798-99af-34694433a540: cophenetic index 446; 0.3 s; peak memory 781 MiB.
2026-10-06T00:02:53Z INFO [2006/3678] 65d90a36-e8bf-481c-9eee-d7ad83d2089e: cophenetic index 766; 0.8 s; peak memory 781 MiB.
2026-10-06T00:02:54Z INFO [2007/3678] 65d91bc4-b73b-449a-853b-032734711a02: cophenetic index 624; 0.7 s; peak memory 781 MiB.
2026-10-06T00:02:55Z INFO [2008/3678] 65d939cb-7b65-4e04-ac2e-2752abeed637: cophenetic index 725; 0.8 s; peak memory 781 MiB.
2026-10-06T00:02:56Z INFO [2009/3678] 65d96cdf-bf86-468c-bb21-cca90123edca: cophenetic index 1130; 1.1 s; peak memory 781 MiB.
2026-10-06T00:02:56Z INFO [2010/3678] 65d9eb34-2f6f-444f-9755-9b8e76df46ca: cophenetic index 30304; 0.8 s; peak memory 781 MiB.
2026-10-06T00:02:57Z INFO [2011/3678] 65da473d-76bb-4ae8-b08e-ec4a3ce21bb5: cophenetic index 2625; 0.8 s; peak memory 781 MiB.
2026-10-06T00:02:58Z INFO [2012/3678] 65da5bb1-73af-4380-98ee-7e3472aa4b57: cophenetic index 1751; 0.8 s; peak memory 781 MiB.
2026-10-06T00:02:59Z INFO [2013/3678] 65db4d43-d9dc-4487-87b9-e89141993aa5: cophenetic index 710; 1.1 s; peak memory 781 MiB.
2026-10-06T00:03:00Z INFO [2014/3678] 65dc9c60-a91c-4e66-976b-3bcf654c9036: cophenetic index 624; 0.6 s; peak memory 781 MiB.
2026-10-06T00:03:00Z INFO [2015/3678] 65dcdf30-c6c7-4f13-840e-d4cfcaa2ecc2: cophenetic index 690; 0.4 s; peak memory 781 MiB.
2026-10-06T00:03:01Z INFO [2016/3678] 65dcfc65-45d0-44c8-a671-93129dac367a: cophenetic index 3087; 0.7 s; peak memory 781 MiB.
2026-10-06T00:03:03Z INFO [2017/3678] 65dd55ac-0861-4846-bce1-faccec99e196: cophenetic index 5473; 2.5 s; peak memory 781 MiB.
2026-10-06T00:03:04Z INFO [2018/3678] 65ddb5c4-7a90-4f3d-8829-e796539d83df: cophenetic index 3057; 0.6 s; peak memory 781 MiB.
2026-10-06T00:03:11Z INFO [2019/3678] 65de6e48-3adb-4aff-80dc-2b223a85573b: cophenetic index 24071; 6.8 s; peak memory 781 MiB.
2026-10-06T00:03:12Z INFO [2020/3678] 65dec32b-7122-4089-ba9e-522223c601f9: cophenetic index 624; 0.8 s; peak memory 781 MiB.
2026-10-06T00:03:12Z INFO [2021/3678] 65dfa2c6-bd93-49de-845f-59ffb7a35663: cophenetic index 431; 0.7 s; peak memory 781 MiB.
2026-10-06T00:03:13Z INFO [2022/3678] 65e05b33-0c14-4861-be0f-3dfc82084949: cophenetic index 2625; 0.8 s; peak memory 781 MiB.
2026-10-06T00:03:14Z INFO [2023/3678] 65e108f6-c0b8-472f-b0a1-69c885c11f5c: cophenetic index 2625; 0.9 s; peak memory 781 MiB.
2026-10-06T00:03:15Z INFO [2024/3678] 65e1720c-dc4a-4618-863b-296464c98daf: cophenetic index 624; 0.7 s; peak memory 781 MiB.
2026-10-06T00:03:15Z INFO [2025/3678] 65e23ba6-1904-46ad-b75e-b2c6c5ddf28a: cophenetic index 3004; 0.6 s; peak memory 781 MiB.
2026-10-06T00:03:17Z INFO [2026/3678] 65e2a20d-1687-4bbb-929f-3f6ecf563edd: cophenetic index 4448; 1.2 s; peak memory 781 MiB.
2026-10-06T00:03:18Z INFO [2027/3678] 65e2c368-4a60-4f40-b861-46e7993e6457: cophenetic index 12991; 1.0 s; peak memory 781 MiB.
2026-10-06T00:03:19Z INFO [2028/3678] 65e32b6d-e7b9-4a21-b9d9-b780685c0ad0: cophenetic index 33968; 0.8 s; peak memory 781 MiB.
2026-10-06T00:03:19Z INFO [2029/3678] 65e3524d-aeda-4046-a774-93bf0e84e4d4: cophenetic index 3004; 0.7 s; peak memory 781 MiB.
2026-10-06T00:03:20Z INFO [2030/3678] 65e3eccf-fc54-4ecf-b5a6-42c3effd5f58: cophenetic index 2570; 0.8 s; peak memory 781 MiB.
2026-10-06T00:03:21Z INFO [2031/3678] 65e46b63-b67d-4398-9054-d0ea4f3ac3e2: cophenetic index 690; 0.5 s; peak memory 781 MiB.
2026-10-06T00:03:21Z INFO [2032/3678] 65e4f14d-2517-457a-b6d6-8cba8448c5cf: cophenetic index 624; 0.5 s; peak memory 781 MiB.
2026-10-06T00:03:22Z INFO [2033/3678] 65e50e54-3b3b-42a7-b234-b893ea25e464: cophenetic index 2625; 0.8 s; peak memory 781 MiB.
2026-10-06T00:03:23Z INFO [2034/3678] 65e57159-3da2-44ec-adfe-5d49ee4ca874: cophenetic index 624; 0.8 s; peak memory 781 MiB.
2026-10-06T00:03:23Z INFO [2035/3678] 65e5a7c0-2a04-47eb-b000-795e4c6057c4: cophenetic index 490; 0.4 s; peak memory 781 MiB.
2026-10-06T00:03:24Z INFO [2036/3678] 65e5e211-1bd9-4041-aea4-6380616f91c3: cophenetic index 33986; 1.0 s; peak memory 781 MiB.
2026-10-06T00:03:25Z INFO [2037/3678] 65e6095d-d0e3-49ea-892d-bb61732ec36e: cophenetic index 579; 0.3 s; peak memory 781 MiB.
2026-10-06T00:03:25Z INFO [2038/3678] 65e7e178-e622-41ca-a730-80a4a141c65c: cophenetic index 949; 0.9 s; peak memory 781 MiB.
2026-10-06T00:03:33Z INFO [2039/3678] 65e86d25-3d52-405c-a64f-996f0dd9d464: cophenetic index 205755; 7.8 s; peak memory 781 MiB.
2026-10-06T00:03:34Z INFO [2040/3678] 65e8f319-0c72-4558-bc1b-162b5afe99a2: cophenetic index 624; 0.8 s; peak memory 781 MiB.
2026-10-06T00:03:35Z INFO [2041/3678] 65e9b8f2-ccbb-4145-bea3-b468809971f3: cophenetic index 690; 0.5 s; peak memory 781 MiB.
2026-10-06T00:03:36Z INFO [2042/3678] 65eb0a3a-6ed6-441d-9e35-9db77c4b5832: cophenetic index 33986; 1.0 s; peak memory 781 MiB.
2026-10-06T00:03:37Z INFO [2043/3678] 65ecc688-66de-44ac-b72a-08bfdd31dd62: cophenetic index 33986; 1.0 s; peak memory 781 MiB.
2026-10-06T00:03:38Z INFO [2044/3678] 65ecd9fa-7a73-41b1-a78b-8a1eb8d31db8: cophenetic index 33998; 1.7 s; peak memory 781 MiB.
2026-10-06T00:03:39Z INFO [2045/3678] 65edd534-1c69-427a-80e6-5fa81e3f5fd6: cophenetic index 624; 0.6 s; peak memory 781 MiB.
2026-10-06T00:03:40Z INFO [2046/3678] 65ee0ad7-195d-4c36-a232-22c25fa289ca: cophenetic index 33998; 1.4 s; peak memory 781 MiB.
2026-10-06T00:03:41Z INFO [2047/3678] 65ef4b87-295f-413e-ab74-6ae1aab4af25: cophenetic index 1906; 1.0 s; peak memory 781 MiB.
2026-10-06T00:03:44Z INFO [2048/3678] 65f0f1ce-ba20-47a6-9f02-67559c8b4575: cophenetic index 3243; 2.4 s; peak memory 781 MiB.
2026-10-06T00:03:44Z INFO [2049/3678] 65f1e584-1917-40c2-9af6-8d37b1e9d5e8: cophenetic index 490; 0.5 s; peak memory 781 MiB.
2026-10-06T00:03:45Z INFO [2050/3678] 65f22ae6-d68b-4f2f-989e-61e5a4d4a7c4: cophenetic index 23364; 0.8 s; peak memory 781 MiB.
2026-10-06T00:03:45Z INFO [2050/3678] 65f22ae6-d68b-4f2f-989e-61e5a4d4a7c4: checkpointed 95848 records.
2026-10-06T00:03:46Z INFO [2051/3678] 65f3bc6d-ce72-42b5-9b36-1220a31ce5ee: cophenetic index 624; 0.6 s; peak memory 781 MiB.
2026-10-06T00:03:47Z INFO [2052/3678] 65f3d0fd-b5b2-4f5f-aef3-63ad16cf27d3: cophenetic index 2625; 1.0 s; peak memory 781 MiB.
2026-10-06T00:03:48Z INFO [2053/3678] 65f40066-45bc-4089-9f75-67b84e43660a: cophenetic index 2625; 1.0 s; peak memory 781 MiB.
2026-10-06T00:03:48Z INFO [2054/3678] 65f49c87-49b2-4ad9-a84b-5b7e3b960343: cophenetic index 624; 0.8 s; peak memory 781 MiB.
2026-10-06T00:03:49Z INFO [2055/3678] 65f57b27-5a89-40d0-82f6-a9630501bbe3: cophenetic index 590; 0.7 s; peak memory 781 MiB.
2026-10-06T00:03:50Z INFO [2056/3678] 65f5fb18-4c4a-498c-86ef-3cb3a85290ce: cophenetic index 515; 1.1 s; peak memory 781 MiB.
2026-10-06T00:03:51Z INFO [2057/3678] 65f84d6b-f000-4d7a-b9ac-4919af51a277: cophenetic index 3087; 0.5 s; peak memory 781 MiB.
2026-10-06T00:03:51Z INFO [2058/3678] 65f9417a-c954-4d3d-9cf3-6cf29ebc6789: cophenetic index 624; 0.6 s; peak memory 781 MiB.
2026-10-06T00:03:52Z INFO [2059/3678] 65f94b45-a6e0-4378-985b-5159a542070e: cophenetic index 624; 0.8 s; peak memory 781 MiB.
2026-10-06T00:03:53Z INFO [2060/3678] 65fa0ec5-ecad-4d29-bed2-2d71be05f88f: cophenetic index 490; 0.5 s; peak memory 781 MiB.
2026-10-06T00:03:53Z INFO [2061/3678] 65fa22f5-5191-4450-8f8d-0bfb39147b30: cophenetic index 624; 0.6 s; peak memory 781 MiB.
2026-10-06T00:03:54Z INFO [2062/3678] 65fc68ed-bd12-41bd-b728-4a11f767ca71: cophenetic index 1558; 0.7 s; peak memory 781 MiB.
2026-10-06T00:03:55Z INFO [2063/3678] 65fcc429-3e8d-4c74-8834-8fbc2a79b8a1: cophenetic index 554; 0.9 s; peak memory 781 MiB.
2026-10-06T00:03:55Z INFO [2064/3678] 65fcea06-b63f-45d8-a130-f5170921c1b7: cophenetic index 490; 0.5 s; peak memory 781 MiB.
2026-10-06T00:03:56Z INFO [2065/3678] 65fd3f74-7087-4a36-9111-24f1ff0d5b03: cophenetic index 751; 0.5 s; peak memory 781 MiB.
2026-10-06T00:03:56Z INFO [2066/3678] 65fd51b8-2f2f-4cae-b90c-c7185b0fffc0: cophenetic index 624; 0.7 s; peak memory 781 MiB.
2026-10-06T00:03:57Z INFO [2067/3678] 65fd8a59-5485-4403-8fca-863a25b1239d: cophenetic index 33986; 0.9 s; peak memory 781 MiB.
2026-10-06T00:03:58Z INFO [2068/3678] 65fe64a9-f249-4819-9b12-dc9a74ba2f00: cophenetic index 793; 1.1 s; peak memory 781 MiB.
2026-10-06T00:03:59Z INFO [2069/3678] 65ff0575-6bf9-42a6-8b59-7ddaa73adf2f: cophenetic index 624; 0.8 s; peak memory 781 MiB.
2026-10-06T00:04:00Z INFO [2070/3678] 6600729a-19e6-44d9-a7f8-3aef25d9cbe2: cophenetic index 431; 0.7 s; peak memory 781 MiB.
2026-10-06T00:04:04Z INFO [2071/3678] 66007c64-75f9-4b79-9824-d4e3491a92ef: cophenetic index 33132; 4.5 s; peak memory 781 MiB.
2026-10-06T00:04:06Z INFO [2072/3678] 6600946f-40f0-45d1-86b7-51d1bf971df5: cophenetic index 2402; 1.7 s; peak memory 781 MiB.
2026-10-06T00:04:15Z INFO [2073/3678] 66012795-cd99-4539-8d10-5ac5dbf52706: cophenetic index 26911113; 8.6 s; peak memory 781 MiB.
2026-10-06T00:04:15Z INFO [2074/3678] 66012b37-191a-48aa-bb85-f4bab9b6180d: cophenetic index 432; 0.6 s; peak memory 781 MiB.
2026-10-06T00:04:16Z INFO [2075/3678] 66023fb6-2362-4b60-b18c-9ba6a027da04: cophenetic index 99120; 0.9 s; peak memory 781 MiB.
2026-10-06T00:04:17Z INFO [2076/3678] 66028e93-69f1-4ff8-97c6-d507cd80d84e: cophenetic index 624; 0.8 s; peak memory 781 MiB.
2026-10-06T00:04:18Z INFO [2077/3678] 6602bd16-2df0-4b38-b054-d0e76f31b200: cophenetic index 431; 0.9 s; peak memory 781 MiB.
2026-10-06T00:04:19Z INFO [2078/3678] 660452fe-3d39-44a1-a542-a25342b4d99c: cophenetic index 605; 0.7 s; peak memory 781 MiB.
2026-10-06T00:04:19Z INFO [2079/3678] 66046057-02ce-4367-b7c1-db09db7b408d: cophenetic index 433; 0.7 s; peak memory 781 MiB.
2026-10-06T00:04:21Z INFO [2080/3678] 66055702-b557-450a-b07e-81c558f68216: cophenetic index 23423; 1.3 s; peak memory 781 MiB.
2026-10-06T00:04:30Z INFO [2081/3678] 6605b7e3-e0ef-48b0-b348-4545a22788b5: cophenetic index 210875; 9.0 s; peak memory 781 MiB.
2026-10-06T00:04:30Z INFO [2082/3678] 6605ce2d-0953-4aef-a362-4599816e2b66: cophenetic index 431; 0.5 s; peak memory 781 MiB.
2026-10-06T00:04:32Z INFO [2083/3678] 66060f29-3e00-4a16-a2ed-0e0e32b17d56: cophenetic index 1733; 1.4 s; peak memory 781 MiB.
2026-10-06T00:04:32Z INFO [2084/3678] 66062b21-e5df-49c9-a4b7-0eefacf92bbc: cophenetic index 24032; 0.6 s; peak memory 781 MiB.
2026-10-06T00:04:34Z INFO [2085/3678] 66063976-dcc1-4249-8bb2-b6a297fc2d9c: cophenetic index 33998; 1.4 s; peak memory 781 MiB.
2026-10-06T00:04:34Z INFO [2086/3678] 66065804-cb63-4ff3-992b-5b5b0cdf4497: cophenetic index 6598; 0.8 s; peak memory 781 MiB.
2026-10-06T00:04:36Z INFO [2087/3678] 6607f063-1f8e-4c25-9079-5bcbaf27a9bc: cophenetic index 325333; 1.3 s; peak memory 781 MiB.
2026-10-06T00:04:37Z INFO [2088/3678] 66084a55-0d35-4be2-b4f2-9ab9aed5c738: cophenetic index 2625; 0.7 s; peak memory 781 MiB.
2026-10-06T00:04:37Z INFO [2089/3678] 6608fd5b-8102-415b-9416-4f12a13726ff: cophenetic index 555; 0.7 s; peak memory 781 MiB.
2026-10-06T00:04:38Z INFO [2090/3678] 66097314-411a-4575-b49d-8b126cf1e0ac: cophenetic index 37616; 0.9 s; peak memory 781 MiB.
2026-10-06T00:04:39Z INFO [2091/3678] 6609aed8-3bc9-47fb-988b-134bcb65cf7c: cophenetic index 2974; 0.7 s; peak memory 781 MiB.
2026-10-06T00:04:39Z INFO [2092/3678] 660adbdd-c15e-4981-8ac8-8e8fa4b6a2a5: cophenetic index 23358; 0.5 s; peak memory 781 MiB.
2026-10-06T00:04:40Z INFO [2093/3678] 660b4004-0226-4078-bd60-82d5bc70723b: cophenetic index 624; 0.5 s; peak memory 781 MiB.
2026-10-06T00:04:41Z INFO [2094/3678] 660b64ef-d9c3-4a8f-985d-409ea0d5b210: cophenetic index 624; 0.6 s; peak memory 781 MiB.
2026-10-06T00:04:41Z INFO [2095/3678] 660c6475-c1b4-4961-a2f2-2011f8b659f4: cophenetic index 431; 0.5 s; peak memory 781 MiB.
2026-10-06T00:04:42Z INFO [2096/3678] 660deeed-2c8a-4910-9bcd-cd9d87911e3f: cophenetic index 513; 1.3 s; peak memory 781 MiB.
2026-10-06T00:04:43Z INFO [2097/3678] 660eb831-e2ca-4c91-b7da-8a1dbbb15f20: cophenetic index 3087; 0.5 s; peak memory 781 MiB.
2026-10-06T00:04:44Z INFO [2098/3678] 660ebabd-3e0f-498b-a184-2137b45de44d: cophenetic index 1715; 0.8 s; peak memory 781 MiB.
2026-10-06T00:04:45Z INFO [2099/3678] 660f486b-669a-4fda-b466-e7855db9434b: cophenetic index 1733; 1.8 s; peak memory 781 MiB.
2026-10-06T00:04:46Z INFO [2100/3678] 660fd0a8-da82-436f-8350-3dc05149ba26: cophenetic index 99120; 0.9 s; peak memory 781 MiB.
2026-10-06T00:04:46Z INFO [2100/3678] 660fd0a8-da82-436f-8350-3dc05149ba26: checkpointed 95898 records.
2026-10-06T00:04:47Z INFO [2101/3678] 66101446-db4f-40b1-9557-64879cb3ea22: cophenetic index 605; 0.7 s; peak memory 781 MiB.
2026-10-06T00:04:48Z INFO [2102/3678] 6610bc0f-563c-43e1-8e24-78dfab61d0ee: cophenetic index 2391; 1.3 s; peak memory 781 MiB.
2026-10-06T00:04:49Z INFO [2103/3678] 661187f0-96a3-44cd-9d46-ea0ec170834c: cophenetic index 490; 0.4 s; peak memory 781 MiB.
2026-10-06T00:04:50Z INFO [2104/3678] 661198ed-7352-4094-b557-fd5d6d2bf6ef: cophenetic index 3575; 1.2 s; peak memory 781 MiB.
2026-10-06T00:04:51Z INFO [2105/3678] 6611e60f-41c5-48a7-b951-f616bb007cb1: cophenetic index 490; 0.5 s; peak memory 781 MiB.
2026-10-06T00:04:52Z INFO [2106/3678] 6611ef26-4ffb-4c8d-9273-cdefa6254331: cophenetic index 2609; 1.8 s; peak memory 781 MiB.
2026-10-06T00:04:54Z INFO [2107/3678] 66128aea-2637-4c06-86d9-dccfcbd8229d: cophenetic index 2636; 1.4 s; peak memory 781 MiB.
2026-10-06T00:04:58Z INFO [2108/3678] 66138d84-db1c-47da-a1ef-9880f4a517b7: cophenetic index 15946; 4.7 s; peak memory 781 MiB.
2026-10-06T00:04:59Z INFO [2109/3678] 6613a21c-7ce5-48b2-bb6f-242598583e0f: cophenetic index 23502; 0.6 s; peak memory 781 MiB.
2026-10-06T00:05:00Z INFO [2110/3678] 6613ce4d-e9d7-4fc0-aa41-3f15b1bbc42a: cophenetic index 23259; 1.0 s; peak memory 781 MiB.
2026-10-06T00:05:01Z INFO [2111/3678] 6614bac6-be31-44d7-9759-10aa34fc4487: cophenetic index 490; 0.5 s; peak memory 781 MiB.
2026-10-06T00:05:01Z INFO [2112/3678] 66150f9c-39cf-45de-9a63-1633a4ffe13d: cophenetic index 624; 0.8 s; peak memory 781 MiB.
2026-10-06T00:05:02Z INFO [2113/3678] 6615e5bb-8e85-442e-a1d8-cf3333d4575e: cophenetic index 490; 0.4 s; peak memory 781 MiB.
2026-10-06T00:05:03Z INFO [2114/3678] 66169a7b-4aa1-4c7c-999b-13cdfed3bd44: cophenetic index 33986; 1.0 s; peak memory 781 MiB.
2026-10-06T00:05:04Z INFO [2115/3678] 66176d32-a77d-4dae-8baf-6f86c2aafe6e: cophenetic index 99409; 0.9 s; peak memory 781 MiB.
2026-10-06T00:05:07Z INFO [2116/3678] 6617b3dd-a424-43e9-a0aa-0a1bf9dd966b: cophenetic index 9548; 3.0 s; peak memory 781 MiB.
2026-10-06T00:05:08Z INFO [2117/3678] 6617bccd-f052-4c47-a328-6c07ef04e6e2: cophenetic index 2402; 1.4 s; peak memory 781 MiB.
2026-10-06T00:05:09Z INFO [2118/3678] 6617c9f8-b286-4f32-87bf-6950c4911da6: cophenetic index 690; 0.6 s; peak memory 781 MiB.
2026-10-06T00:05:09Z INFO [2119/3678] 6618ba0f-9ef0-4e83-97a4-53566eb8f583: cophenetic index 490; 0.4 s; peak memory 781 MiB.
2026-10-06T00:05:10Z INFO [2120/3678] 6619562f-77bc-4081-bf5a-178525a5128d: cophenetic index 1614; 1.1 s; peak memory 781 MiB.
2026-10-06T00:05:11Z INFO [2121/3678] 661a3908-2ce7-4c8f-9c44-3c9b6fbd94c4: cophenetic index 761; 1.1 s; peak memory 781 MiB.
2026-10-06T00:05:13Z INFO [2122/3678] 661b767c-be92-44bc-92cc-3b599bc17d28: cophenetic index 5473; 2.0 s; peak memory 781 MiB.
2026-10-06T00:05:14Z INFO [2123/3678] 661b93e7-fb20-40ca-b2b4-925e11bd0067: cophenetic index 2625; 0.8 s; peak memory 781 MiB.
2026-10-06T00:05:15Z INFO [2124/3678] 661b9cde-08cc-4315-b814-2b6b450a99a3: cophenetic index 624; 0.7 s; peak memory 781 MiB.
2026-10-06T00:05:20Z INFO [2125/3678] 661c22af-bb94-419d-be63-18a8cb4c5843: cophenetic index 33377; 5.2 s; peak memory 781 MiB.
2026-10-06T00:05:23Z INFO [2126/3678] 661c9c75-de50-466d-a05d-dbab4b042fa0: cophenetic index 3045; 3.1 s; peak memory 781 MiB.
2026-10-06T00:05:24Z INFO [2127/3678] 661d0c8f-c38a-488c-bb87-5bf2cdf2410e: cophenetic index 2625; 0.8 s; peak memory 781 MiB.
2026-10-06T00:05:25Z INFO [2128/3678] 6620c363-ab84-4e0d-8abb-06dce2ea7f72: cophenetic index 490; 0.5 s; peak memory 781 MiB.
2026-10-06T00:05:30Z INFO [2129/3678] 66219a83-d194-4425-b89f-7cbff0b582e6: cophenetic index 6715; 5.3 s; peak memory 781 MiB.
2026-10-06T00:05:32Z INFO [2130/3678] 6621a5ad-a26f-4d53-b0b1-3cd5db5c53f5: cophenetic index 5473; 2.3 s; peak memory 781 MiB.
2026-10-06T00:05:40Z INFO [2131/3678] 6621bbd4-057a-4efd-bb74-bc93a297797f: cophenetic index 202543; 8.2 s; peak memory 781 MiB.
2026-10-06T00:05:41Z INFO [2132/3678] 6621ef41-53e4-47ab-8de6-f584381385c7: cophenetic index 624; 0.8 s; peak memory 781 MiB.
2026-10-06T00:05:42Z INFO [2133/3678] 66220aa9-2e83-445a-85a3-9765e305bc5e: cophenetic index 33998; 0.9 s; peak memory 781 MiB.
2026-10-06T00:05:43Z INFO [2134/3678] 66238d51-db6f-41d7-941e-c6148f57df57: cophenetic index 99138; 1.0 s; peak memory 781 MiB.
2026-10-06T00:05:44Z INFO [2135/3678] 6623c6fb-0cb0-4598-8862-015b2f6f43f6: cophenetic index 624; 0.6 s; peak memory 781 MiB.
2026-10-06T00:05:44Z INFO [2136/3678] 662423de-ca92-46c5-ac99-3c17af45a18a: cophenetic index 490; 0.4 s; peak memory 781 MiB.
2026-10-06T00:05:45Z INFO [2137/3678] 6624a844-efa0-412e-85dd-0022c6970754: cophenetic index 2625; 1.1 s; peak memory 781 MiB.
2026-10-06T00:05:46Z INFO [2138/3678] 662516cf-4655-4272-916c-cb0436e5fd2c: cophenetic index 624; 0.7 s; peak memory 781 MiB.
2026-10-06T00:05:52Z INFO [2139/3678] 662539f8-74ce-428f-b454-9d73e8a469b9: cophenetic index 16035; 5.7 s; peak memory 781 MiB.
2026-10-06T00:05:53Z INFO [2140/3678] 6625c549-500c-48e0-80ef-76bfeb0a37c8: cophenetic index 99150; 1.0 s; peak memory 781 MiB.
2026-10-06T00:06:04Z INFO [2141/3678] 6625d590-147a-489c-a0f9-ee0f9a087abc: cophenetic index 27515589; 11.0 s; peak memory 781 MiB.
2026-10-06T00:06:04Z INFO [2142/3678] 6625e0f4-15ee-4e6f-973b-107bd2f0ad1d: cophenetic index 3004; 0.7 s; peak memory 781 MiB.
2026-10-06T00:06:06Z INFO [2143/3678] 66260042-c92d-43bb-8e32-94d48811b495: cophenetic index 4015; 2.0 s; peak memory 781 MiB.
2026-10-06T00:06:07Z INFO [2144/3678] 6626bb09-2a6a-46f7-8103-be3cf299a99d: cophenetic index 661; 0.6 s; peak memory 781 MiB.
2026-10-06T00:06:09Z INFO [2145/3678] 66274750-5bfa-4212-bd97-3edb54662c37: cophenetic index 5473; 2.3 s; peak memory 781 MiB.
2026-10-06T00:06:10Z INFO [2146/3678] 66278798-e1af-404e-ac1a-0870dcd0dbfd: cophenetic index 2570; 1.1 s; peak memory 781 MiB.
2026-10-06T00:06:11Z INFO [2147/3678] 6627bf6c-37de-44f9-bef4-89b493d460fd: cophenetic index 3004; 0.8 s; peak memory 781 MiB.
2026-10-06T00:06:12Z INFO [2148/3678] 6627ceff-b9e2-46df-b4b0-477cd1d4bfaa: cophenetic index 1470; 0.7 s; peak memory 781 MiB.
2026-10-06T00:06:13Z INFO [2149/3678] 662a07c5-8e5c-4cea-a4cb-d9a792ea2ab9: cophenetic index 23975; 0.9 s; peak memory 781 MiB.
2026-10-06T00:06:13Z INFO [2150/3678] 662aeb7f-6616-429c-89b9-1cc4fbfd049f: cophenetic index 624; 0.6 s; peak memory 781 MiB.
2026-10-06T00:06:14Z INFO [2150/3678] 662aeb7f-6616-429c-89b9-1cc4fbfd049f: checkpointed 95948 records.
2026-10-06T00:06:15Z INFO [2151/3678] 662b555e-6c31-4479-a899-6e0e6a31724c: cophenetic index 99150; 1.5 s; peak memory 781 MiB.
2026-10-06T00:06:16Z INFO [2152/3678] 662b5955-be91-4ee2-9716-0976d6dc68bd: cophenetic index 579; 0.5 s; peak memory 781 MiB.
2026-10-06T00:06:19Z INFO [2153/3678] 662c7fe8-7ea9-439e-b88a-23a55a140773: cophenetic index 3824; 3.2 s; peak memory 781 MiB.
2026-10-06T00:07:00Z INFO [2154/3678] 662cac3f-3f46-47e8-b712-93751492d35d: cophenetic index 257316671; 41.8 s; peak memory 781 MiB.
2026-10-06T00:07:01Z INFO [2155/3678] 662d8db0-070d-45c6-a2fc-a2f0d69e155a: cophenetic index 431; 0.9 s; peak memory 781 MiB.
2026-10-06T00:07:03Z INFO [2156/3678] 662d9b9f-c9b7-4d7a-bff7-ac24a1d9b6a3: cophenetic index 33998; 1.7 s; peak memory 781 MiB.
2026-10-06T00:07:04Z INFO [2157/3678] 662dab64-ca49-4d88-9c4c-0956f6ed5b82: cophenetic index 624; 0.8 s; peak memory 781 MiB.
2026-10-06T00:07:05Z INFO [2158/3678] 662e192d-947e-4375-9033-d974080d0157: cophenetic index 624; 0.7 s; peak memory 781 MiB.
2026-10-06T00:07:07Z INFO [2159/3678] 662ec871-3a59-4ba1-ac0c-5232b02b8727: cophenetic index 2391; 2.3 s; peak memory 781 MiB.
2026-10-06T00:07:13Z INFO [2160/3678] 662fc6a6-5e3a-47dd-89ab-c1384beaad7e: cophenetic index 47115; 6.5 s; peak memory 781 MiB.
2026-10-06T00:07:14Z INFO [2161/3678] 66304680-3a61-4d7b-93a9-36ace0e51340: cophenetic index 624; 0.7 s; peak memory 781 MiB.
2026-10-06T00:07:15Z INFO [2162/3678] 6630c373-d053-4dd7-bb6b-a0c11d19750d: cophenetic index 433; 0.6 s; peak memory 781 MiB.
2026-10-06T00:07:16Z INFO [2163/3678] 6630ea5c-f482-494a-9d69-4dc8d861a01f: cophenetic index 6100; 1.1 s; peak memory 781 MiB.
2026-10-06T00:07:16Z INFO [2164/3678] 6630f958-3b60-4b30-8cca-01d9404aaf45: cophenetic index 3004; 0.7 s; peak memory 781 MiB.
2026-10-06T00:07:17Z INFO [2165/3678] 66322043-eb7e-4bd8-a4aa-4ac0b4f49bdc: cophenetic index 23960; 1.0 s; peak memory 781 MiB.
2026-10-06T00:07:18Z INFO [2166/3678] 6632c353-85ef-4335-b495-4b981fdfeab2: cophenetic index 385; 0.8 s; peak memory 781 MiB.
2026-10-06T00:07:19Z INFO [2167/3678] 66334c2a-49fc-46a4-a3b2-9333f980a694: cophenetic index 624; 0.9 s; peak memory 781 MiB.
2026-10-06T00:07:20Z INFO [2168/3678] 6633cdae-69c4-4500-ad18-d99fac901f4f: cophenetic index 33986; 1.2 s; peak memory 781 MiB.
2026-10-06T00:07:21Z INFO [2169/3678] 66344274-7742-4187-904a-6501f6cfe53b: cophenetic index 751; 0.8 s; peak memory 781 MiB.
2026-10-06T00:07:22Z INFO [2170/3678] 6635c539-ba3e-48b3-83c2-a6899d35e16e: cophenetic index 33962; 1.1 s; peak memory 781 MiB.
2026-10-06T00:07:23Z INFO [2171/3678] 663622cb-8ad1-4494-ae89-b79f772b209a: cophenetic index 3004; 0.8 s; peak memory 781 MiB.
2026-10-06T00:07:29Z INFO [2172/3678] 663714c2-b36e-415d-9629-3e94a48565d4: cophenetic index 12100; 6.0 s; peak memory 781 MiB.
2026-10-06T00:07:41Z INFO [2173/3678] 663808f2-b362-4639-b505-8fa51ccbe91d: cophenetic index 480873; 11.7 s; peak memory 781 MiB.
2026-10-06T00:07:42Z INFO [2174/3678] 6638230d-6400-4dcb-99c2-58c4715292f3: cophenetic index 2625; 1.0 s; peak memory 781 MiB.
2026-10-06T00:07:42Z INFO [2175/3678] 66390d10-c1fb-44ed-8cf1-908c2cadfe88: cophenetic index 431; 0.5 s; peak memory 781 MiB.
2026-10-06T00:07:43Z INFO [2176/3678] 66397908-5df7-4e0e-a60d-2f3234beba92: cophenetic index 2570; 1.0 s; peak memory 781 MiB.
2026-10-06T00:07:44Z INFO [2177/3678] 6639b544-f18b-4061-9e09-76363bc545c8: cophenetic index 1087; 1.1 s; peak memory 781 MiB.
2026-10-06T00:07:45Z INFO [2178/3678] 663a97cf-8158-4e01-a7f5-d58c24fa65c0: cophenetic index 6352; 0.8 s; peak memory 781 MiB.
2026-10-06T00:07:46Z INFO [2179/3678] 663b846e-e7da-4f41-907e-cd3646602300: cophenetic index 539; 0.8 s; peak memory 781 MiB.
2026-10-06T00:07:48Z INFO [2180/3678] 663c4b38-e076-4075-b277-e7a7c72a3c1c: cophenetic index 2469; 2.4 s; peak memory 781 MiB.
2026-10-06T00:07:49Z INFO [2181/3678] 663ccb7a-3636-401c-84f1-8a79a4aa6ff6: cophenetic index 651; 0.5 s; peak memory 781 MiB.
2026-10-06T00:07:49Z INFO [2182/3678] 663d0625-c292-49f4-a3c5-516ba44b75ec: cophenetic index 433; 0.5 s; peak memory 781 MiB.
2026-10-06T00:07:50Z INFO [2183/3678] 663d7818-99a2-4c04-90f0-6b2e9899b05c: cophenetic index 3087; 0.7 s; peak memory 781 MiB.
2026-10-06T00:07:51Z INFO [2184/3678] 663de3f6-af1f-4fbc-9529-471174fc0f85: cophenetic index 99150; 1.3 s; peak memory 781 MiB.
2026-10-06T00:07:56Z INFO [2185/3678] 663f2df6-8b83-4d04-9419-7c6d51d24780: cophenetic index 33579; 4.6 s; peak memory 781 MiB.
2026-10-06T00:07:56Z INFO [2186/3678] 663f77e8-f111-4088-bafe-d23bf1564fd0: cophenetic index 952; 0.6 s; peak memory 781 MiB.
2026-10-06T00:07:57Z INFO [2187/3678] 663f8699-24b7-4299-be97-954288840916: cophenetic index 33968; 1.0 s; peak memory 781 MiB.
2026-10-06T00:07:59Z INFO [2188/3678] 663f9cf6-e06a-4686-92a2-e53a701f8d3e: cophenetic index 2402; 1.9 s; peak memory 781 MiB.
2026-10-06T00:08:00Z INFO [2189/3678] 66403274-827b-411f-9a5f-4b4e9e496fec: cophenetic index 3004; 0.6 s; peak memory 781 MiB.
2026-10-06T00:08:05Z INFO [2190/3678] 664035ef-f197-45cf-bab9-7d925550f181: cophenetic index 87573; 4.6 s; peak memory 781 MiB.
2026-10-06T00:08:06Z INFO [2191/3678] 6640f2ad-bd4c-4d4a-a57c-9cd185ee7fc4: cophenetic index 2005; 1.0 s; peak memory 781 MiB.
2026-10-06T00:08:08Z INFO [2192/3678] 66431034-f3dc-4c28-a5d4-ce252c8bf29a: cophenetic index 5473; 2.0 s; peak memory 781 MiB.
2026-10-06T00:08:08Z INFO [2193/3678] 6643b719-407f-4732-87b6-15e20a26343c: cophenetic index 624; 0.8 s; peak memory 781 MiB.
2026-10-06T00:08:11Z INFO [2194/3678] 66443866-0e8f-470a-9f64-60324b8d407e: cophenetic index 2469; 2.2 s; peak memory 781 MiB.
2026-10-06T00:08:16Z INFO [2195/3678] 66443b03-5266-48ba-af4b-f2fe4026acff: cophenetic index 119232; 5.4 s; peak memory 781 MiB.
2026-10-06T00:08:17Z INFO [2196/3678] 664463c6-da32-42d2-bbcd-664d27e9bc58: cophenetic index 2625; 0.9 s; peak memory 781 MiB.
2026-10-06T00:08:18Z INFO [2197/3678] 6644753e-c21c-445b-98d2-84d3e23e67ad: cophenetic index 3004; 0.8 s; peak memory 781 MiB.
2026-10-06T00:08:18Z INFO [2198/3678] 6644886c-6112-418b-a905-b7dc77f3925b: cophenetic index 624; 0.7 s; peak memory 781 MiB.
2026-10-06T00:08:19Z INFO [2199/3678] 6644bfa9-42cd-40f9-86c1-4324d48a534a: cophenetic index 433; 0.5 s; peak memory 781 MiB.
2026-10-06T00:08:21Z INFO [2200/3678] 6644c3fc-953d-4ec0-8307-e03e0b1d2aad: cophenetic index 33998; 1.7 s; peak memory 781 MiB.
2026-10-06T00:08:21Z INFO [2200/3678] 6644c3fc-953d-4ec0-8307-e03e0b1d2aad: checkpointed 95998 records.
2026-10-06T00:08:22Z INFO [2201/3678] 6644fae9-17ec-4ee7-bd6d-74c4417ac57d: cophenetic index 33968; 1.1 s; peak memory 781 MiB.
2026-10-06T00:08:27Z INFO [2202/3678] 6645ea96-c7ee-4a10-880c-3a1b372a9372: cophenetic index 112138; 5.0 s; peak memory 781 MiB.
2026-10-06T00:08:29Z INFO [2203/3678] 6646b117-7722-4cd5-9135-f31efa56d660: cophenetic index 2469; 1.9 s; peak memory 781 MiB.
2026-10-06T00:08:33Z INFO [2204/3678] 6646c7e0-c203-4f7f-8559-9d8f1561c12d: cophenetic index 9548; 4.1 s; peak memory 781 MiB.
2026-10-06T00:08:33Z INFO [2205/3678] 6646e684-c4cd-4468-801d-beed5bde5873: cophenetic index 624; 0.6 s; peak memory 781 MiB.
2026-10-06T00:08:35Z INFO [2206/3678] 6647a34f-7237-46ef-8fa8-83d2c90be606: cophenetic index 1087; 1.4 s; peak memory 781 MiB.
2026-10-06T00:08:36Z INFO [2207/3678] 6647aaa9-f9d8-4485-88c8-554d3043e41e: cophenetic index 2974; 0.9 s; peak memory 781 MiB.
2026-10-06T00:08:40Z INFO [2208/3678] 66480877-8ed7-49cb-892e-d1049d88b5e6: cophenetic index 134496; 4.2 s; peak memory 781 MiB.
2026-10-06T00:08:41Z INFO [2209/3678] 66482900-c8c9-48f1-a8bc-eada97f2124f: cophenetic index 624; 0.7 s; peak memory 781 MiB.
2026-10-06T00:08:42Z INFO [2210/3678] 66489296-cdd5-4777-aab8-d2006f96809c: cophenetic index 766; 1.3 s; peak memory 781 MiB.
2026-10-06T00:08:43Z INFO [2211/3678] 66498b4e-e80f-41f8-adc6-c07f06e6c4ed: cophenetic index 3004; 0.8 s; peak memory 781 MiB.
2026-10-06T00:08:44Z INFO [2212/3678] 664994c2-0e4a-4012-a679-261a67c1b7f0: cophenetic index 3004; 0.9 s; peak memory 781 MiB.
2026-10-06T00:08:59Z INFO [2213/3678] 664acff3-27db-43e9-ba72-bd189725eadf: cophenetic index 38047066; 15.1 s; peak memory 781 MiB.
2026-10-06T00:09:00Z INFO [2214/3678] 664bc616-1b75-43e7-a8b6-15fd5284ad29: cophenetic index 23224; 1.1 s; peak memory 781 MiB.
2026-10-06T00:09:01Z INFO [2215/3678] 664c0bda-c931-4757-9ae3-2a7cb1e01d91: cophenetic index 624; 0.6 s; peak memory 781 MiB.
2026-10-06T00:09:01Z INFO [2216/3678] 664c2f23-46cb-454b-baec-7b1a43bf247a: cophenetic index 624; 0.8 s; peak memory 781 MiB.
2026-10-06T00:09:03Z INFO [2217/3678] 664d2e9a-aeeb-4d1f-9edc-3b65711c93e8: cophenetic index 2402; 1.9 s; peak memory 781 MiB.
2026-10-06T00:09:04Z INFO [2218/3678] 664e3408-856c-43ea-9e75-06e35abb2f34: cophenetic index 433; 0.4 s; peak memory 781 MiB.
2026-10-06T00:09:04Z INFO [2219/3678] 664e6312-60c1-4a8f-878a-d5d397aa1eb0: cophenetic index 624; 0.7 s; peak memory 781 MiB.
2026-10-06T00:09:08Z INFO [2220/3678] 664ee026-1ed0-486c-a42b-bf6340108e47: cophenetic index 1721; 3.2 s; peak memory 781 MiB.
2026-10-06T00:09:09Z INFO [2221/3678] 664f2c6c-9df0-4e23-bc83-91632b2b1e3c: cophenetic index 1087; 1.1 s; peak memory 781 MiB.
2026-10-06T00:09:10Z INFO [2222/3678] 664fe5ff-3b72-4997-9a3a-501efb4c6185: cophenetic index 3087; 0.9 s; peak memory 781 MiB.
2026-10-06T00:09:12Z INFO [2223/3678] 6653d170-bb1f-4ba0-ae3d-d52df3fe2e4f: cophenetic index 34658; 1.8 s; peak memory 781 MiB.
2026-10-06T00:09:12Z INFO [2224/3678] 6653feaf-1fd7-4482-bc23-de001aace061: cophenetic index 431; 0.7 s; peak memory 781 MiB.
2026-10-06T00:09:13Z INFO [2225/3678] 6654ab97-629c-4538-b594-24c8a9df51da: cophenetic index 2625; 0.7 s; peak memory 781 MiB.
2026-10-06T00:10:13Z INFO [2226/3678] 66555b1b-cf6f-4b53-90fc-292fe58faa7d: cophenetic index 35614976; 59.7 s; peak memory 781 MiB.
2026-10-06T00:10:13Z INFO [2227/3678] 6655a5e1-a273-4794-a70e-4af7cace63a9: cophenetic index 624; 0.8 s; peak memory 781 MiB.
2026-10-06T00:10:21Z INFO [2228/3678] 6655a850-02de-4e7e-b4b1-6d18d16b6d6d: cophenetic index 188330; 7.3 s; peak memory 781 MiB.
2026-10-06T00:10:22Z INFO [2229/3678] 66561aab-e453-48e5-a1b4-be391589fbbc: cophenetic index 23794; 0.8 s; peak memory 781 MiB.
2026-10-06T00:10:22Z INFO [2230/3678] 665625a0-6ecf-4992-b8bb-1b3f2ef646ed: cophenetic index 3004; 0.9 s; peak memory 781 MiB.
2026-10-06T00:10:23Z INFO [2231/3678] 66562ffb-e4d8-4263-84f1-a3719e5e9eca: cophenetic index 624; 1.0 s; peak memory 781 MiB.
2026-10-06T00:10:24Z INFO [2232/3678] 6656aa88-3ab9-45e0-aecb-fa024d90db6c: cophenetic index 1228; 0.5 s; peak memory 781 MiB.
2026-10-06T00:10:25Z INFO [2233/3678] 66573ce0-04e9-4ca4-8c5c-8a854d47c0e2: cophenetic index 496; 0.9 s; peak memory 781 MiB.
2026-10-06T00:10:32Z INFO [2234/3678] 6657570f-b1b7-4d39-b906-92858818ec04: cophenetic index 248285; 7.0 s; peak memory 781 MiB.
2026-10-06T00:10:33Z INFO [2235/3678] 66577b7c-2a75-40e6-80a4-b8d123f8d812: cophenetic index 33998; 0.9 s; peak memory 781 MiB.
2026-10-06T00:10:34Z INFO [2236/3678] 66598f21-059a-43ab-9c33-5231e7dad1f1: cophenetic index 909; 0.9 s; peak memory 781 MiB.
2026-10-06T00:10:39Z INFO [2237/3678] 6659ce85-9394-4b81-a4b8-09e5a9424a7a: cophenetic index 69097; 5.6 s; peak memory 781 MiB.
2026-10-06T00:10:42Z INFO [2238/3678] 665bc84d-04b1-4ce3-8c8d-c0dd06195a24: cophenetic index 8488; 3.3 s; peak memory 781 MiB.
2026-10-06T00:10:44Z INFO [2239/3678] 665c2584-4024-4a5a-8d44-638742dd047d: cophenetic index 2402; 1.9 s; peak memory 781 MiB.
2026-10-06T00:10:51Z INFO [2240/3678] 665c5cee-4d04-4d8a-8bf0-9955f0d79f57: cophenetic index 307075; 6.8 s; peak memory 781 MiB.
2026-10-06T00:10:52Z INFO [2241/3678] 665cda37-3a51-4e26-b2cb-7536677c29d5: cophenetic index 490; 0.7 s; peak memory 781 MiB.
2026-10-06T00:10:53Z INFO [2242/3678] 665ceade-9638-4a8e-8d81-ffdbec7dd450: cophenetic index 2625; 0.9 s; peak memory 781 MiB.
2026-10-06T00:10:54Z INFO [2243/3678] 665eddc9-73e5-44f0-9140-c43f931ef4a5: cophenetic index 894; 1.4 s; peak memory 781 MiB.
2026-10-06T00:10:55Z INFO [2244/3678] 665f2134-290c-467a-a154-a099c38f39fc: cophenetic index 3004; 1.0 s; peak memory 781 MiB.
2026-10-06T00:11:02Z INFO [2245/3678] 665f87ac-13fe-4e2c-acb5-c6406b98b19b: cophenetic index 2891448; 6.6 s; peak memory 781 MiB.
2026-10-06T00:11:02Z INFO [2246/3678] 665f8df5-a818-4cd0-8931-f2490af47311: cophenetic index 624; 0.8 s; peak memory 781 MiB.
2026-10-06T00:11:03Z INFO [2247/3678] 666043d4-ffef-4f5b-b44a-85d5189caec6: cophenetic index 3057; 0.9 s; peak memory 781 MiB.
2026-10-06T00:11:04Z INFO [2248/3678] 66607bb1-4016-4c97-bc21-e1ceb587621d: cophenetic index 624; 0.8 s; peak memory 781 MiB.
2026-10-06T00:11:05Z INFO [2249/3678] 66622d7e-4000-4bff-8944-9255d7520dd6: cophenetic index 37616; 1.1 s; peak memory 781 MiB.
2026-10-06T00:11:06Z INFO [2250/3678] 6662aa95-c53c-4eb2-9214-e66296851470: cophenetic index 624; 1.1 s; peak memory 781 MiB.
2026-10-06T00:11:06Z INFO [2250/3678] 6662aa95-c53c-4eb2-9214-e66296851470: checkpointed 96048 records.
2026-10-06T00:11:07Z INFO [2251/3678] 6662cc09-d986-4c23-a513-066ee7265c73: cophenetic index 3004; 1.0 s; peak memory 781 MiB.
2026-10-06T00:11:08Z INFO [2252/3678] 6662ce9d-845b-4ae8-8deb-3c2c439d6dd0: cophenetic index 649; 0.6 s; peak memory 781 MiB.
2026-10-06T00:11:09Z INFO [2253/3678] 66630278-a205-4cd8-86cb-f8b623e454f4: cophenetic index 624; 0.8 s; peak memory 781 MiB.
2026-10-06T00:11:10Z INFO [2254/3678] 66636045-e1c2-4b11-bd43-85628b2dfd79: cophenetic index 2570; 1.1 s; peak memory 781 MiB.
2026-10-06T00:11:11Z INFO [2255/3678] 666368c7-d65a-4a08-8aff-4d8978c95035: cophenetic index 722; 1.0 s; peak memory 781 MiB.
2026-10-06T00:11:12Z INFO [2256/3678] 6663a738-0416-4be3-9617-2d341f1ee2b8: cophenetic index 572; 0.8 s; peak memory 781 MiB.
2026-10-06T00:11:13Z INFO [2257/3678] 6663d28a-d3b9-449c-8586-0044e93ce655: cophenetic index 33986; 1.2 s; peak memory 781 MiB.
2026-10-06T00:11:14Z INFO [2258/3678] 666490d6-8cda-4cd8-9329-cf2de985b755: cophenetic index 624; 0.9 s; peak memory 781 MiB.
2026-10-06T00:11:14Z INFO [2259/3678] 6664aaff-dd53-44ff-83cf-361d5a926d8f: cophenetic index 624; 0.8 s; peak memory 781 MiB.
2026-10-06T00:11:19Z INFO [2260/3678] 6664c040-2a37-4443-94ec-c7b63afd7905: cophenetic index 87573; 4.8 s; peak memory 781 MiB.
2026-10-06T00:11:20Z INFO [2261/3678] 6665f88d-3d73-44e3-8f28-643c5063f5b6: cophenetic index 649; 0.9 s; peak memory 781 MiB.
2026-10-06T00:11:22Z INFO [2262/3678] 66667286-6875-4d1a-b64d-186073ed89cc: cophenetic index 2682; 2.0 s; peak memory 781 MiB.
2026-10-06T00:11:23Z INFO [2263/3678] 6666fd87-daf3-4290-bf77-16079810ff19: cophenetic index 30304; 1.1 s; peak memory 781 MiB.
2026-10-06T00:11:24Z INFO [2264/3678] 666716ae-b9d6-4dd6-a062-a104f65c8343: cophenetic index 762; 0.5 s; peak memory 781 MiB.
2026-10-06T00:11:25Z INFO [2265/3678] 666748b2-69d2-417b-a01e-123ffacf2e15: cophenetic index 649; 0.8 s; peak memory 781 MiB.
2026-10-06T00:11:37Z INFO [2266/3678] 6667a9a6-4480-47af-80cc-438f7caa0b00: cophenetic index 16796656; 12.8 s; peak memory 781 MiB.
2026-10-06T00:11:43Z INFO [2267/3678] 6668be5a-a742-421e-bd59-182d5305235c: cophenetic index 415784; 5.2 s; peak memory 781 MiB.
2026-10-06T00:11:46Z INFO [2268/3678] 6668e091-5f39-4609-a280-5080298b3603: cophenetic index 15380; 3.0 s; peak memory 781 MiB.
2026-10-06T00:11:48Z INFO [2269/3678] 666a5b5a-fcfd-4ed1-aacc-6197875cff6e: cophenetic index 5473; 2.4 s; peak memory 781 MiB.
2026-10-06T00:12:00Z INFO [2270/3678] 666a87a2-6a1f-4daa-a0dc-61b60f91ebfa: cophenetic index 956347; 11.7 s; peak memory 781 MiB.
2026-10-06T00:12:00Z INFO [2271/3678] 666aa692-6e2c-4dcd-b26d-19f13567f9b5: cophenetic index 624; 0.6 s; peak memory 781 MiB.
2026-10-06T00:12:01Z INFO [2272/3678] 666af5a5-b354-46d2-a93d-6632c3ca2c93: cophenetic index 431; 0.4 s; peak memory 781 MiB.
2026-10-06T00:12:02Z INFO [2273/3678] 666cf03b-6284-4dc9-b080-10db84f4da0e: cophenetic index 624; 0.7 s; peak memory 781 MiB.
2026-10-06T00:12:02Z INFO [2274/3678] 666d8352-3c21-46bd-8783-65ae6624dcc7: cophenetic index 560; 0.6 s; peak memory 781 MiB.
2026-10-06T00:12:09Z INFO [2275/3678] 666d89e7-9ddb-4c0b-ad6e-54c78ec3bb53: cophenetic index 226761; 6.6 s; peak memory 781 MiB.
2026-10-06T00:12:09Z INFO [2276/3678] 6670c1eb-5414-41be-8a35-57bfa970c205: cophenetic index 3004; 0.6 s; peak memory 781 MiB.
2026-10-06T00:12:10Z INFO [2277/3678] 6671e33b-0058-43c7-95e5-b188ce4194aa: cophenetic index 13320; 0.9 s; peak memory 781 MiB.
2026-10-06T00:12:12Z INFO [2278/3678] 667257be-7afa-4cc8-8f6a-9c8d0858d8a1: cophenetic index 2625; 1.5 s; peak memory 781 MiB.
2026-10-06T00:12:14Z INFO [2279/3678] 6673080b-20bb-4981-ae36-d12ab18bde6d: cophenetic index 5473; 2.3 s; peak memory 781 MiB.
2026-10-06T00:12:23Z INFO [2280/3678] 6673b5da-d187-43e8-9624-4693d010c888: cophenetic index 40386; 9.3 s; peak memory 781 MiB.
2026-10-06T00:12:25Z INFO [2281/3678] 66740922-a3a8-4da8-95db-51f30eca88dd: cophenetic index 4023; 1.7 s; peak memory 781 MiB.
2026-10-06T00:12:26Z INFO [2282/3678] 6674edcc-968a-4602-ab4c-541e7b92e28d: cophenetic index 624; 0.8 s; peak memory 781 MiB.
2026-10-06T00:12:27Z INFO [2283/3678] 667647cf-7c26-4e01-9171-760f28c03c47: cophenetic index 3004; 0.9 s; peak memory 781 MiB.
2026-10-06T00:12:32Z INFO [2284/3678] 6676a205-d294-4273-9985-ae4bc7a32e61: cophenetic index 86319; 5.0 s; peak memory 781 MiB.
2026-10-06T00:12:32Z INFO [2285/3678] 6676fe6c-86d9-43a7-be3a-645d3afe681a: cophenetic index 624; 0.7 s; peak memory 781 MiB.
2026-10-06T00:12:34Z INFO [2286/3678] 667742f2-3032-44e1-831f-324dc8354906: cophenetic index 33998; 1.3 s; peak memory 781 MiB.
2026-10-06T00:12:36Z INFO [2287/3678] 66783e03-772d-4e45-ab6c-36e8ea1ab704: cophenetic index 2402; 2.4 s; peak memory 781 MiB.
2026-10-06T00:12:37Z INFO [2288/3678] 6679221e-c8dd-4812-9a97-d8fa732c44c4: cophenetic index 33986; 1.1 s; peak memory 781 MiB.
2026-10-06T00:12:39Z INFO [2289/3678] 667a1482-204c-4354-a52b-59f31d4943cd: cophenetic index 2469; 1.9 s; peak memory 781 MiB.
2026-10-06T00:12:40Z INFO [2290/3678] 667a9e16-fc64-4a44-a67d-63aa8c37c2d7: cophenetic index 3087; 0.8 s; peak memory 781 MiB.
2026-10-06T00:12:40Z INFO [2291/3678] 667b6583-ffb4-4147-9882-ed32789eda48: cophenetic index 433; 0.6 s; peak memory 781 MiB.
2026-10-06T00:12:42Z INFO [2292/3678] 667cf522-21dc-41c3-b271-1ec7a0597fba: cophenetic index 101558; 1.7 s; peak memory 781 MiB.
2026-10-06T00:12:44Z INFO [2293/3678] 667d75f1-a4d5-47bb-977a-65328441edeb: cophenetic index 2391; 2.0 s; peak memory 781 MiB.
2026-10-06T00:12:45Z INFO [2294/3678] 667d99a6-ea77-42e5-8728-974934d88e9e: cophenetic index 624; 0.8 s; peak memory 781 MiB.
2026-10-06T00:12:46Z INFO [2295/3678] 667db2be-35fa-4975-ad20-0b0cbe150a17: cophenetic index 23367; 1.0 s; peak memory 781 MiB.
2026-10-06T00:12:47Z INFO [2296/3678] 667e429a-d27f-4ced-b54c-4571b7fe7c09: cophenetic index 590; 0.7 s; peak memory 781 MiB.
2026-10-06T00:12:47Z INFO [2297/3678] 667f53fc-bb3c-4f15-b221-7e7c1956fc63: cophenetic index 2974; 0.9 s; peak memory 781 MiB.
2026-10-06T00:12:48Z INFO [2298/3678] 667f876c-42c7-46c6-acc6-88cd9a81e83f: cophenetic index 543; 0.5 s; peak memory 781 MiB.
2026-10-06T00:12:49Z INFO [2299/3678] 66805348-c0e6-4c66-a802-b5ac661aa6a7: cophenetic index 1436; 0.7 s; peak memory 781 MiB.
2026-10-06T00:12:50Z INFO [2300/3678] 66810911-1261-4179-ad28-216069144326: cophenetic index 2551; 0.9 s; peak memory 781 MiB.
2026-10-06T00:12:50Z INFO [2300/3678] 66810911-1261-4179-ad28-216069144326: checkpointed 96098 records.
2026-10-06T00:12:50Z INFO [2301/3678] 66815b00-9b09-41ae-b679-ef4fef42ec24: cophenetic index 624; 0.7 s; peak memory 781 MiB.
2026-10-06T00:12:51Z INFO [2302/3678] 66819349-50c0-4bf4-b009-f37282d32fe2: cophenetic index 651; 0.6 s; peak memory 781 MiB.
2026-10-06T00:12:52Z INFO [2303/3678] 668340f0-6161-40f6-9686-fd0f17894cf2: cophenetic index 624; 0.8 s; peak memory 781 MiB.
2026-10-06T00:12:53Z INFO [2304/3678] 66835bb7-4981-4b73-9c6c-60d766b452a5: cophenetic index 2625; 1.2 s; peak memory 781 MiB.
2026-10-06T00:12:54Z INFO [2305/3678] 6683613f-5c01-4129-99a5-07fc33aa8448: cophenetic index 690; 0.6 s; peak memory 781 MiB.
2026-10-06T00:12:59Z INFO [2306/3678] 66839bb0-9c5c-4c4f-b90a-49e07602137f: cophenetic index 47127; 5.8 s; peak memory 781 MiB.
2026-10-06T00:13:06Z INFO [2307/3678] 66852280-c50a-42b1-8b78-aeda9f853918: cophenetic index 121893; 7.1 s; peak memory 781 MiB.
2026-10-06T00:13:07Z INFO [2308/3678] 6686e68c-d29c-430b-8dc6-949171baaec4: cophenetic index 432; 0.6 s; peak memory 781 MiB.
2026-10-06T00:13:13Z INFO [2309/3678] 6686f0fe-dff0-4c35-8774-345bf26df148: cophenetic index 85351; 5.5 s; peak memory 781 MiB.
2026-10-06T00:13:14Z INFO [2310/3678] 668768c2-6ee4-4154-9818-64f022d2dae3: cophenetic index 2625; 1.1 s; peak memory 781 MiB.
2026-10-06T00:13:15Z INFO [2311/3678] 66878000-f0b7-42e3-b7fb-23a9f7fea246: cophenetic index 2625; 1.1 s; peak memory 781 MiB.
2026-10-06T00:13:16Z INFO [2312/3678] 6688d924-08a3-4248-a417-be8c784869c1: cophenetic index 123698; 1.7 s; peak memory 781 MiB.
2026-10-06T00:13:18Z INFO [2313/3678] 6689b35b-d24c-4b92-b1b1-d7e9bb33d734: cophenetic index 41788; 1.3 s; peak memory 781 MiB.
2026-10-06T00:13:20Z INFO [2314/3678] 668a33ed-c724-49b2-a0d6-0bc52404daef: cophenetic index 2609; 2.5 s; peak memory 781 MiB.
2026-10-06T00:13:21Z INFO [2315/3678] 668aa86a-6e88-439c-b97a-99ab97e68c37: cophenetic index 624; 0.8 s; peak memory 781 MiB.
2026-10-06T00:13:22Z INFO [2316/3678] 668ad1ed-7507-45e5-a6e6-d527f4ef28e7: cophenetic index 624; 1.0 s; peak memory 781 MiB.
2026-10-06T00:13:23Z INFO [2317/3678] 668c3899-6977-490d-a619-2bba5eac62aa: cophenetic index 466; 0.7 s; peak memory 781 MiB.
2026-10-06T00:13:23Z INFO [2318/3678] 668d5fc5-3a97-4513-ace2-2cbb6b04fad8: cophenetic index 641; 0.6 s; peak memory 781 MiB.
2026-10-06T00:13:24Z INFO [2319/3678] 668dceef-49d5-4510-84d7-7297ceb69daf: cophenetic index 3004; 0.9 s; peak memory 781 MiB.
2026-10-06T00:13:25Z INFO [2320/3678] 668df947-f879-4455-85e7-7921e11b46dd: cophenetic index 3057; 0.8 s; peak memory 781 MiB.
2026-10-06T00:13:28Z INFO [2321/3678] 668f7244-4572-4057-84e4-b300ad01f9b9: cophenetic index 5473; 2.5 s; peak memory 781 MiB.
2026-10-06T00:13:29Z INFO [2322/3678] 668f7c1f-f74f-4731-9a34-d588884cc9f3: cophenetic index 18208; 1.1 s; peak memory 781 MiB.
2026-10-06T00:13:29Z INFO [2323/3678] 669095cd-2175-45ad-8eae-9e902bfd7367: cophenetic index 490; 0.6 s; peak memory 781 MiB.
2026-10-06T00:13:30Z INFO [2324/3678] 6690b84b-69fd-4c69-9be4-ad5f284fef2f: cophenetic index 625; 0.7 s; peak memory 781 MiB.
2026-10-06T00:13:32Z INFO [2325/3678] 66911686-3bf1-480b-b5bf-45f48104b196: cophenetic index 662; 2.3 s; peak memory 781 MiB.
2026-10-06T00:13:33Z INFO [2326/3678] 66915eb7-83b8-412d-b7a8-025ac7e8e811: cophenetic index 579; 0.5 s; peak memory 781 MiB.
2026-10-06T00:13:34Z INFO [2327/3678] 6691f7b3-00e6-4870-a57d-360d7809e858: cophenetic index 3192; 0.8 s; peak memory 781 MiB.
2026-10-06T00:13:34Z INFO [2328/3678] 669201ad-07fa-41c6-95a9-ea73e9641acf: cophenetic index 624; 0.8 s; peak memory 781 MiB.
2026-10-06T00:13:35Z INFO [2329/3678] 66920e99-0bd3-4f9f-a21c-2921590bb72b: cophenetic index 2974; 0.8 s; peak memory 781 MiB.
2026-10-06T00:13:36Z INFO [2330/3678] 66922b54-7539-43bd-9cbb-dfbe8f950c5c: cophenetic index 624; 0.7 s; peak memory 781 MiB.
2026-10-06T00:13:36Z INFO [2331/3678] 66936ae1-7f1c-4f75-b8f7-8ca719fd294d: cophenetic index 649; 0.6 s; peak memory 781 MiB.
2026-10-06T00:13:37Z INFO [2332/3678] 6694bf7c-a709-47ed-b3e8-fd2c25ec0de3: cophenetic index 486; 0.6 s; peak memory 781 MiB.
2026-10-06T00:13:43Z INFO [2333/3678] 6695c9b8-a3e5-4a84-870d-269ee89b9717: cophenetic index 3038; 6.1 s; peak memory 781 MiB.
2026-10-06T00:13:48Z INFO [2334/3678] 6696c245-eb23-44e0-a8f1-c9dac7195b5d: cophenetic index 198366; 4.4 s; peak memory 781 MiB.
2026-10-06T00:13:48Z INFO [2335/3678] 6696e7c9-a3b8-4f22-becf-a791159780a7: cophenetic index 431; 0.6 s; peak memory 781 MiB.
2026-10-06T00:13:49Z INFO [2336/3678] 669705bc-e0ac-40e6-8e60-a9d022582686: cophenetic index 624; 0.6 s; peak memory 781 MiB.
2026-10-06T00:13:50Z INFO [2337/3678] 6698295d-a284-4938-9e91-225ef039ec05: cophenetic index 3004; 1.0 s; peak memory 781 MiB.
2026-10-06T00:13:52Z INFO [2338/3678] 669842b8-e6e2-49f5-885f-b8dcbc7dc1cc: cophenetic index 2391; 2.1 s; peak memory 781 MiB.
2026-10-06T00:13:52Z INFO [2339/3678] 669a17cd-e4bd-493b-883f-e6ea80bd8bd5: cophenetic index 479; 0.6 s; peak memory 781 MiB.
2026-10-06T00:13:53Z INFO [2340/3678] 669ac77b-d61e-48f9-a191-0354b5a5fc9c: cophenetic index 2920; 0.8 s; peak memory 781 MiB.
2026-10-06T00:13:55Z INFO [2341/3678] 669b6c08-3c42-4e52-b96f-a26388d2779e: cophenetic index 2469; 1.9 s; peak memory 781 MiB.
2026-10-06T00:14:01Z INFO [2342/3678] 669b8c95-60bb-4f91-a726-aac4d48bfe4c: cophenetic index 6715; 5.7 s; peak memory 781 MiB.
2026-10-06T00:14:01Z INFO [2343/3678] 669ca2cf-f422-4536-99b5-b3d2a880c973: cophenetic index 624; 0.7 s; peak memory 781 MiB.
2026-10-06T00:14:06Z INFO [2344/3678] 669d150e-92c0-4578-b52a-da4c65dd793d: cophenetic index 56862; 4.1 s; peak memory 781 MiB.
2026-10-06T00:14:07Z INFO [2345/3678] 669d5ab8-8a1d-486c-bb61-d5568bdfd4ff: cophenetic index 6079; 1.5 s; peak memory 781 MiB.
2026-10-06T00:14:08Z INFO [2346/3678] 669da3fe-54c8-4c52-b2c6-a56ae50d14bf: cophenetic index 3057; 0.7 s; peak memory 781 MiB.
2026-10-06T00:14:08Z INFO [2347/3678] 669dcb10-6e9d-4e53-b333-d2162c6dcbd4: cophenetic index 751; 0.6 s; peak memory 781 MiB.
2026-10-06T00:14:09Z INFO [2348/3678] 669f188f-658b-4477-9fbc-0c6d45ce875e: cophenetic index 3087; 0.9 s; peak memory 781 MiB.
2026-10-06T00:14:10Z INFO [2349/3678] 669f758b-8eb9-489d-b440-24fcdf58d410: cophenetic index 624; 0.8 s; peak memory 781 MiB.
2026-10-06T00:14:11Z INFO [2350/3678] 669f935a-9a3b-4b37-8df9-e28926ff3cfe: cophenetic index 901; 1.2 s; peak memory 781 MiB.
2026-10-06T00:14:11Z INFO [2350/3678] 669f935a-9a3b-4b37-8df9-e28926ff3cfe: checkpointed 96148 records.
2026-10-06T00:14:12Z INFO [2351/3678] 669faf5b-9fe3-4f3b-bed0-2c0200c9e8bf: cophenetic index 2625; 0.8 s; peak memory 781 MiB.
2026-10-06T00:14:13Z INFO [2352/3678] 66a030fc-0647-403d-9208-4800ae0c2058: cophenetic index 2625; 1.1 s; peak memory 781 MiB.
2026-10-06T00:14:14Z INFO [2353/3678] 66a1e0b3-e676-4df9-905e-ac2061845125: cophenetic index 624; 0.6 s; peak memory 781 MiB.
2026-10-06T00:14:15Z INFO [2354/3678] 66a1e961-67db-4e20-82b0-874a36135519: cophenetic index 624; 0.8 s; peak memory 781 MiB.
2026-10-06T00:14:16Z INFO [2355/3678] 66a25b30-66fc-40a0-8e6f-ad22334409ed: cophenetic index 940; 1.7 s; peak memory 781 MiB.
2026-10-06T00:14:17Z INFO [2356/3678] 66a28458-0268-4cc9-b21e-7a7e55705abc: cophenetic index 624; 0.7 s; peak memory 781 MiB.
2026-10-06T00:14:18Z INFO [2357/3678] 66a2db52-9fd0-4101-a9fd-78b35ec005f2: cophenetic index 581; 0.6 s; peak memory 781 MiB.
2026-10-06T00:14:20Z INFO [2358/3678] 66a2eff4-9894-4268-9a31-698930a7148f: cophenetic index 822; 2.0 s; peak memory 781 MiB.
2026-10-06T00:14:22Z INFO [2359/3678] 66a2f65e-c7d9-4191-ade8-c875cf66780a: cophenetic index 2027; 2.8 s; peak memory 781 MiB.
2026-10-06T00:14:23Z INFO [2360/3678] 66a384a2-fbad-4bdb-9e6a-1c218955da34: cophenetic index 1265; 0.5 s; peak memory 781 MiB.
2026-10-06T00:14:26Z INFO [2361/3678] 66a3d1a3-0c68-4538-9270-1b3fc062e968: cophenetic index 44900; 2.7 s; peak memory 781 MiB.
2026-10-06T00:14:26Z INFO [2362/3678] 66a562c9-9667-4759-83d8-c10f4118ed9e: cophenetic index 624; 0.7 s; peak memory 781 MiB.
2026-10-06T00:14:27Z INFO [2363/3678] 66a61e10-82a2-4354-8c49-aa2e4f76973b: cophenetic index 3087; 1.0 s; peak memory 781 MiB.
2026-10-06T00:14:28Z INFO [2364/3678] 66a64bce-54dc-4e5a-9082-914b629063c5: cophenetic index 3077; 0.5 s; peak memory 781 MiB.
2026-10-06T00:14:29Z INFO [2365/3678] 66a84eae-ba68-4603-b6dc-6729a3281557: cophenetic index 1318; 1.2 s; peak memory 781 MiB.
2026-10-06T00:14:30Z INFO [2366/3678] 66a91610-6bac-4b80-9da7-4a202e52841b: cophenetic index 2625; 1.2 s; peak memory 781 MiB.
2026-10-06T00:14:31Z INFO [2367/3678] 66a9268f-d73a-41bd-9d8b-5c9de7d17e61: cophenetic index 624; 0.8 s; peak memory 781 MiB.
2026-10-06T00:14:32Z INFO [2368/3678] 66a93ee1-b4a7-4118-a1ff-a46b3c6f8dba: cophenetic index 766; 0.9 s; peak memory 781 MiB.
2026-10-06T00:14:33Z INFO [2369/3678] 66aa3eba-c37a-40bc-913b-c4186edf5bad: cophenetic index 766; 1.2 s; peak memory 781 MiB.
2026-10-06T00:14:34Z INFO [2370/3678] 66aa6e69-320a-4a37-81da-bb65ac9de177: cophenetic index 2625; 0.9 s; peak memory 781 MiB.
2026-10-06T00:14:45Z INFO [2371/3678] 66aa9705-7a41-4955-a758-d5d7a7b7610b: cophenetic index 646254; 11.2 s; peak memory 781 MiB.
2026-10-06T00:14:46Z INFO [2372/3678] 66aa99a7-579c-476f-a469-b527b2d9849e: cophenetic index 1380; 0.9 s; peak memory 781 MiB.
2026-10-06T00:14:47Z INFO [2373/3678] 66ab20d4-0281-4be9-9c7d-4b8bfe89b02c: cophenetic index 33998; 1.5 s; peak memory 781 MiB.
2026-10-06T00:14:48Z INFO [2374/3678] 66ab72d6-c4f0-417b-a339-3a4c91f7a264: cophenetic index 725; 0.9 s; peak memory 781 MiB.
2026-10-06T00:14:52Z INFO [2375/3678] 66abb170-66c2-4e62-9ccb-59fb5b9d19eb: cophenetic index 32625; 3.4 s; peak memory 781 MiB.
2026-10-06T00:14:52Z INFO [2376/3678] 66abe516-1db6-464c-ba7f-eaf30f1c8fef: cophenetic index 624; 0.7 s; peak memory 781 MiB.
2026-10-06T00:14:57Z INFO [2377/3678] 66ac8788-7010-4de7-86a1-79a2abaeb844: cophenetic index 520159; 5.1 s; peak memory 781 MiB.
2026-10-06T00:14:58Z INFO [2378/3678] 66adf674-2a60-4563-af41-c8b972ce9a13: cophenetic index 624; 0.6 s; peak memory 781 MiB.
2026-10-06T00:14:59Z INFO [2379/3678] 66adfb6b-081b-4c2a-aab5-03e5985353da: cophenetic index 527; 0.6 s; peak memory 781 MiB.
2026-10-06T00:14:59Z INFO [2380/3678] 66ae8fe6-5855-4160-bcb4-edd8aa08f99c: cophenetic index 2974; 0.8 s; peak memory 781 MiB.
2026-10-06T00:15:00Z INFO [2381/3678] 66aecc12-0212-46b0-ba72-cfb7ef55a7da: cophenetic index 731; 0.7 s; peak memory 781 MiB.
2026-10-06T00:15:01Z INFO [2382/3678] 66af1a9a-c1bb-4bf4-8d33-f748dacb181d: cophenetic index 2570; 0.8 s; peak memory 781 MiB.
2026-10-06T00:15:02Z INFO [2383/3678] 66af9a15-c3c2-4e96-b821-6c1bbcfe5260: cophenetic index 2625; 0.8 s; peak memory 781 MiB.
2026-10-06T00:15:03Z INFO [2384/3678] 66b04e26-2bc5-4426-94f0-e9a6ca9bd6f8: cophenetic index 431; 0.8 s; peak memory 781 MiB.
2026-10-06T00:15:08Z INFO [2385/3678] 66b1702e-f112-4506-a372-59696d2e25d9: cophenetic index 209603; 5.7 s; peak memory 781 MiB.
2026-10-06T00:15:09Z INFO [2386/3678] 66b178ed-b0db-4071-adab-2d92f523e3d2: cophenetic index 624; 0.9 s; peak memory 781 MiB.
2026-10-06T00:15:10Z INFO [2387/3678] 66b2dc78-7775-4b32-8561-64a1584d3c87: cophenetic index 490; 0.5 s; peak memory 781 MiB.
2026-10-06T00:15:11Z INFO [2388/3678] 66b3c350-6843-40d4-862d-36bf192149c8: cophenetic index 624; 0.8 s; peak memory 781 MiB.
2026-10-06T00:15:11Z INFO [2389/3678] 66b3f206-05bd-4ce3-b81a-350447c47511: cophenetic index 3004; 0.8 s; peak memory 781 MiB.
2026-10-06T00:15:23Z INFO [2390/3678] 66b406ad-f47f-4bd8-ad06-6d796f15b710: cophenetic index 30155; 11.7 s; peak memory 781 MiB.
2026-10-06T00:15:24Z INFO [2391/3678] 66b55f26-ad8b-4ea9-9598-59164774d5a9: cophenetic index 624; 0.7 s; peak memory 781 MiB.
2026-10-06T00:15:25Z INFO [2392/3678] 66b60a7d-5ce7-464c-830e-8b0215b35cc7: cophenetic index 2625; 1.0 s; peak memory 781 MiB.
2026-10-06T00:15:25Z INFO [2393/3678] 66b6f6e1-ad58-4e93-8c5d-7533be32fb41: cophenetic index 624; 0.8 s; peak memory 781 MiB.
2026-10-06T00:15:26Z INFO [2394/3678] 66b806af-5eda-4bdd-ae2c-069549dced73: cophenetic index 1949; 0.8 s; peak memory 781 MiB.
2026-10-06T00:15:27Z INFO [2395/3678] 66b83bc3-d279-4792-8d3a-b031c4b11cbc: cophenetic index 649; 0.8 s; peak memory 781 MiB.
2026-10-06T00:15:28Z INFO [2396/3678] 66b8c98a-75ae-4c99-a818-82bf2700d6c8: cophenetic index 3215; 0.7 s; peak memory 781 MiB.
2026-10-06T00:15:29Z INFO [2397/3678] 66b8dd27-6d1c-4761-9e9a-f549ed82e6b8: cophenetic index 2570; 1.3 s; peak memory 781 MiB.
2026-10-06T00:15:30Z INFO [2398/3678] 66b91a9b-8a70-4407-b60a-c589759ccd5a: cophenetic index 401; 0.5 s; peak memory 781 MiB.
2026-10-06T00:15:31Z INFO [2399/3678] 66b96881-1a12-4983-9860-45fd54cdc317: cophenetic index 7006; 1.0 s; peak memory 781 MiB.
2026-10-06T00:15:32Z INFO [2400/3678] 66baea58-b84b-4157-aab2-d19b809ed7d1: cophenetic index 3087; 1.0 s; peak memory 781 MiB.
2026-10-06T00:15:32Z INFO [2400/3678] 66baea58-b84b-4157-aab2-d19b809ed7d1: checkpointed 96198 records.
2026-10-06T00:15:33Z INFO [2401/3678] 66bb0705-355c-46c7-93b6-5cb214de3171: cophenetic index 3004; 0.8 s; peak memory 781 MiB.
2026-10-06T00:15:33Z INFO [2402/3678] 66bc8a4e-0a5d-45e4-834e-1323b1159536: cophenetic index 624; 0.8 s; peak memory 781 MiB.
2026-10-06T00:15:34Z INFO [2403/3678] 66bcb9ce-a0ce-4b1b-b878-21e4bcf7b990: cophenetic index 624; 0.7 s; peak memory 781 MiB.
2026-10-06T00:15:36Z INFO [2404/3678] 66bcebaa-8682-4900-ae19-2a6764a74a6f: cophenetic index 4015; 2.0 s; peak memory 781 MiB.
2026-10-06T00:15:37Z INFO [2405/3678] 66bdbef5-6e92-442e-aa18-2439561937ef: cophenetic index 624; 0.7 s; peak memory 781 MiB.
2026-10-06T00:15:39Z INFO [2406/3678] 66be39dc-a5a5-486d-9c4e-4cfeca320e98: cophenetic index 29372; 2.7 s; peak memory 781 MiB.
2026-10-06T00:15:40Z INFO [2407/3678] 66be5103-4a4f-431d-8d9d-ec0e203ae1b5: cophenetic index 494; 0.4 s; peak memory 781 MiB.
2026-10-06T00:15:40Z INFO [2408/3678] 66bef199-e1bb-41af-8bf3-63d2c12dd06b: cophenetic index 649; 0.6 s; peak memory 781 MiB.
2026-10-06T00:15:44Z INFO [2409/3678] 66bef3fe-3d10-4fd3-a5cc-5c8fb333e583: cophenetic index 54322; 3.6 s; peak memory 781 MiB.
2026-10-06T00:15:50Z INFO [2410/3678] 66bf9d39-7c61-4c11-82f8-e0f580ed84ca: cophenetic index 12100; 5.6 s; peak memory 781 MiB.
2026-10-06T00:15:55Z INFO [2411/3678] 66c03dde-fdd8-4bfe-b697-eb18bd4e3087: cophenetic index 33579; 5.0 s; peak memory 781 MiB.
2026-10-06T00:15:56Z INFO [2412/3678] 66c0b471-f5e3-4471-ad88-32e5c7748478: cophenetic index 99120; 1.4 s; peak memory 781 MiB.
2026-10-06T00:15:57Z INFO [2413/3678] 66c0cbcc-2033-4744-b0ef-5152a5c22dc4: cophenetic index 23259; 1.3 s; peak memory 781 MiB.
2026-10-06T00:15:59Z INFO [2414/3678] 66c0ce77-e7e2-46ef-b3d7-aec6a526830e: cophenetic index 6636; 1.5 s; peak memory 781 MiB.
2026-10-06T00:16:00Z INFO [2415/3678] 66c12535-f82c-456f-b6d7-039bf253068e: cophenetic index 624; 0.7 s; peak memory 781 MiB.
2026-10-06T00:16:00Z INFO [2416/3678] 66c1ce2e-2a8e-4694-a424-63f22701e2c4: cophenetic index 23272; 0.8 s; peak memory 781 MiB.
2026-10-06T00:16:01Z INFO [2417/3678] 66c29ebd-7892-410b-855e-fb54fd0089ee: cophenetic index 490; 0.5 s; peak memory 781 MiB.
2026-10-06T00:16:01Z INFO [2418/3678] 66c2bec4-0893-4ce2-84ca-971bd9eec3de: cophenetic index 579; 0.5 s; peak memory 781 MiB.
2026-10-06T00:16:02Z INFO [2419/3678] 66c30a6f-7483-4cb0-b355-78578b01e674: cophenetic index 3004; 0.7 s; peak memory 781 MiB.
2026-10-06T00:16:07Z INFO [2420/3678] 66c3934c-fe61-4272-93f7-1f50d0528669: cophenetic index 9298; 4.7 s; peak memory 781 MiB.
2026-10-06T00:16:15Z INFO [2421/3678] 66c3e89d-735f-4213-b1d3-029757b92cc8: cophenetic index 265544; 7.7 s; peak memory 781 MiB.
2026-10-06T00:16:15Z INFO [2422/3678] 66c514bf-bc64-47d4-ba6f-8d7e129d347d: cophenetic index 761; 0.6 s; peak memory 781 MiB.
2026-10-06T00:16:16Z INFO [2423/3678] 66c5e957-bc3e-4fca-ac2c-dcbafb073d55: cophenetic index 490; 0.5 s; peak memory 781 MiB.
2026-10-06T00:16:16Z INFO [2424/3678] 66c5ef4a-233c-4a3c-91d9-a1ea03a001ea: cophenetic index 446; 0.5 s; peak memory 781 MiB.
2026-10-06T00:16:17Z INFO [2425/3678] 66c6b2c0-3d97-450f-b651-821a85e7686a: cophenetic index 531; 0.7 s; peak memory 781 MiB.
2026-10-06T00:16:19Z INFO [2426/3678] 66c6f7d1-2877-4aff-b95b-b54752a7eb6d: cophenetic index 2402; 2.0 s; peak memory 781 MiB.
2026-10-06T00:16:20Z INFO [2427/3678] 66c75514-6e83-4a81-9683-065c954470b4: cophenetic index 766; 1.0 s; peak memory 781 MiB.
2026-10-06T00:16:21Z INFO [2428/3678] 66c7ccf0-64cd-40c0-aea7-eaebd7d505f2: cophenetic index 3004; 0.7 s; peak memory 781 MiB.
2026-10-06T00:16:21Z INFO [2429/3678] 66c7f703-2daf-44b5-af05-120406e190b9: cophenetic index 624; 0.7 s; peak memory 781 MiB.
2026-10-06T00:16:29Z INFO [2430/3678] 66c9c8bf-3b17-4385-93c4-74ea4afe9d80: cophenetic index 319789; 7.6 s; peak memory 781 MiB.
2026-10-06T00:16:31Z INFO [2431/3678] 66ca644d-9f52-463e-926f-3b830fff6906: cophenetic index 1973142; 2.5 s; peak memory 781 MiB.
2026-10-06T00:16:33Z INFO [2432/3678] 66cb69c2-65ba-4889-8359-ebd7eba72e3d: cophenetic index 5473; 1.9 s; peak memory 781 MiB.
2026-10-06T00:16:34Z INFO [2433/3678] 66cbd05a-4e61-44ab-b18f-5e461ce4b647: cophenetic index 490; 0.5 s; peak memory 781 MiB.
2026-10-06T00:16:35Z INFO [2434/3678] 66cbd38b-e09e-4417-ac82-fa30fa22ff42: cophenetic index 3623; 1.5 s; peak memory 781 MiB.
2026-10-06T00:16:36Z INFO [2435/3678] 66cc0dbe-1732-4e6e-8f14-e070fc2c684a: cophenetic index 624; 0.7 s; peak memory 781 MiB.
2026-10-06T00:16:37Z INFO [2436/3678] 66cc5053-3314-41cf-b93a-c49bc0378879: cophenetic index 3045; 1.1 s; peak memory 781 MiB.
2026-10-06T00:16:39Z INFO [2437/3678] 66ccde3f-4146-46c7-91ef-652fbe741af6: cophenetic index 2383; 1.7 s; peak memory 781 MiB.
2026-10-06T00:16:40Z INFO [2438/3678] 66cd052f-e229-4e0d-a242-072a3cf5187f: cophenetic index 624; 0.8 s; peak memory 781 MiB.
2026-10-06T00:16:43Z INFO [2439/3678] 66cd3208-201d-4f9f-80f1-bf767ce51ac7: cophenetic index 9298; 3.1 s; peak memory 781 MiB.
2026-10-06T00:16:43Z INFO [2440/3678] 66cd4c40-5d1d-44cb-8602-688eaad663bb: cophenetic index 651; 0.6 s; peak memory 781 MiB.
2026-10-06T00:16:44Z INFO [2441/3678] 66cd6a8a-417d-45c0-b2ca-2424bb23ca30: cophenetic index 624; 0.8 s; peak memory 781 MiB.
2026-10-06T00:16:45Z INFO [2442/3678] 66ce02ce-7bd9-4384-801e-08c3422a2e2b: cophenetic index 762; 0.5 s; peak memory 781 MiB.
2026-10-06T00:16:46Z INFO [2443/3678] 66ce5962-db41-4d8f-a7df-bcbb7ab51ee9: cophenetic index 2682; 1.7 s; peak memory 781 MiB.
2026-10-06T00:16:49Z INFO [2444/3678] 66ce7ff1-d1f8-45af-a39b-96d7d2cd40df: cophenetic index 2391; 2.3 s; peak memory 781 MiB.
2026-10-06T00:16:50Z INFO [2445/3678] 66ceadb7-5a86-442f-b810-1921cb49af48: cophenetic index 2402; 1.8 s; peak memory 781 MiB.
2026-10-06T00:16:54Z INFO [2446/3678] 66ceb95b-6d38-42b3-9c20-e5298197d3a8: cophenetic index 24799; 3.2 s; peak memory 781 MiB.
2026-10-06T00:16:55Z INFO [2447/3678] 66cf1cdc-31df-402e-bdbc-0ad70f116839: cophenetic index 23364; 1.0 s; peak memory 781 MiB.
2026-10-06T00:16:56Z INFO [2448/3678] 66d118b9-dceb-4513-95fa-60f1e056e48a: cophenetic index 431; 0.8 s; peak memory 781 MiB.
2026-10-06T00:16:56Z INFO [2449/3678] 66d13a1d-ba34-4bed-aa2d-fbacd1d64c93: cophenetic index 33977; 0.7 s; peak memory 781 MiB.
2026-10-06T00:16:57Z INFO [2450/3678] 66d2739c-1624-49bb-a156-df42ea0eb360: cophenetic index 99150; 1.1 s; peak memory 781 MiB.
2026-10-06T00:16:57Z INFO [2450/3678] 66d2739c-1624-49bb-a156-df42ea0eb360: checkpointed 96248 records.
2026-10-06T00:16:58Z INFO [2451/3678] 66d277d9-6c47-4900-9972-3d7f59801a4c: cophenetic index 3087; 0.8 s; peak memory 781 MiB.
2026-10-06T00:17:00Z INFO [2452/3678] 66d49193-f142-47af-b45f-8e02432b7d8c: cophenetic index 930; 1.5 s; peak memory 781 MiB.
2026-10-06T00:17:00Z INFO [2453/3678] 66d4e6bf-e895-443b-887f-b274594fa8ca: cophenetic index 431; 0.8 s; peak memory 781 MiB.
2026-10-06T00:17:01Z INFO [2454/3678] 66d669e3-ac42-4b00-9c6a-a55971186211: cophenetic index 762; 0.5 s; peak memory 781 MiB.
2026-10-06T00:17:02Z INFO [2455/3678] 66d9273b-410a-4df9-8642-c68600cc645a: cophenetic index 687; 0.7 s; peak memory 781 MiB.
2026-10-06T00:17:03Z INFO [2456/3678] 66d95da8-d69b-4d52-b49f-e77de2865f7d: cophenetic index 3004; 0.8 s; peak memory 781 MiB.
2026-10-06T00:17:05Z INFO [2457/3678] 66d9a735-34f0-4b18-a296-81e891afefc6: cophenetic index 19258; 2.1 s; peak memory 781 MiB.
2026-10-06T00:17:07Z INFO [2458/3678] 66d9de2b-6027-476d-8ce9-533acfc7d445: cophenetic index 5473; 2.3 s; peak memory 781 MiB.
2026-10-06T00:17:08Z INFO [2459/3678] 66da5b40-7fbd-4460-be41-11355407ccc4: cophenetic index 624; 0.8 s; peak memory 781 MiB.
2026-10-06T00:17:08Z INFO [2460/3678] 66da624e-4c20-45d7-a89d-2b94151210f0: cophenetic index 624; 0.7 s; peak memory 781 MiB.
2026-10-06T00:17:09Z INFO [2461/3678] 66da93d0-654f-4416-b413-1f752a5d30d3: cophenetic index 3004; 0.9 s; peak memory 781 MiB.
2026-10-06T00:17:16Z INFO [2462/3678] 66dac3a9-3051-435c-99ee-fb388a7b1474: cophenetic index 14478; 6.4 s; peak memory 781 MiB.
2026-10-06T00:17:17Z INFO [2463/3678] 66dae08c-f6ce-400e-bec0-2bdc84c53987: cophenetic index 2923; 0.9 s; peak memory 781 MiB.
2026-10-06T00:17:17Z INFO [2464/3678] 66dbb843-9a1d-475f-908d-2a0e1c1abf8c: cophenetic index 624; 0.8 s; peak memory 781 MiB.
2026-10-06T00:17:18Z INFO [2465/3678] 66dc38dc-3c76-4a05-95dd-fd964338dc5e: cophenetic index 3077; 0.6 s; peak memory 781 MiB.
2026-10-06T00:17:19Z INFO [2466/3678] 66dccccf-737b-462b-9349-97044f815f6e: cophenetic index 3004; 0.8 s; peak memory 781 MiB.
2026-10-06T00:17:20Z INFO [2467/3678] 66dd339c-6187-4d49-aadd-92a2ae0693a6: cophenetic index 3972; 1.1 s; peak memory 781 MiB.
2026-10-06T00:17:24Z INFO [2468/3678] 66dd5ef0-d00b-42c7-bdbf-a4aad05e8fcb: cophenetic index 167536; 3.7 s; peak memory 781 MiB.
2026-10-06T00:17:24Z INFO [2469/3678] 66de41e9-c754-4bdd-b702-73eded42c410: cophenetic index 3004; 0.7 s; peak memory 781 MiB.
2026-10-06T00:17:31Z INFO [2470/3678] 66ded1da-96f2-468b-a7a6-1dd4ff31dc88: cophenetic index 194642; 6.5 s; peak memory 781 MiB.
2026-10-06T00:17:32Z INFO [2471/3678] 66df03ea-4e35-4f81-ac9a-d480329b5d0a: cophenetic index 33986; 1.3 s; peak memory 781 MiB.
2026-10-06T00:17:33Z INFO [2472/3678] 66df0a67-85df-499e-bd4e-15d059754522: cophenetic index 3087; 0.7 s; peak memory 781 MiB.
2026-10-06T00:17:34Z INFO [2473/3678] 66df407d-3e91-445e-8b4f-8fed75446e65: cophenetic index 2625; 0.8 s; peak memory 781 MiB.
2026-10-06T00:17:34Z INFO [2474/3678] 66df812c-8f9d-43f1-9996-0272f8bc6678: cophenetic index 431; 0.7 s; peak memory 781 MiB.
2026-10-06T00:17:35Z INFO [2475/3678] 66dfcefe-91e1-416e-a567-97f5bf9557ea: cophenetic index 3087; 0.7 s; peak memory 781 MiB.
2026-10-06T00:17:36Z INFO [2476/3678] 66e04590-b5e9-4476-9e06-be16801986ec: cophenetic index 784; 1.3 s; peak memory 781 MiB.
2026-10-06T00:17:43Z INFO [2477/3678] 66e09d23-5d78-4322-8762-99d57c4e0f2f: cophenetic index 158682; 6.9 s; peak memory 781 MiB.
2026-10-06T00:17:44Z INFO [2478/3678] 66e1d92b-cbad-4d47-8a6e-427355513c9f: cophenetic index 539; 1.0 s; peak memory 781 MiB.
2026-10-06T00:17:45Z INFO [2479/3678] 66e3c29f-4630-417d-a701-0cfee9353cf5: cophenetic index 653; 1.1 s; peak memory 781 MiB.
2026-10-06T00:17:46Z INFO [2480/3678] 66e48720-30d5-4dd9-a8ca-cd63834d0a70: cophenetic index 3087; 1.0 s; peak memory 781 MiB.
2026-10-06T00:17:47Z INFO [2481/3678] 66e4d08d-88f7-4d67-a4ad-0bd3fe93b66f: cophenetic index 624; 1.0 s; peak memory 781 MiB.
2026-10-06T00:17:48Z INFO [2482/3678] 66e50447-0967-409c-81ec-3e746cf6800e: cophenetic index 624; 0.8 s; peak memory 781 MiB.
2026-10-06T00:17:50Z INFO [2483/3678] 66e55a66-4ab2-49b5-b85f-6b2d83e72d9c: cophenetic index 777; 1.4 s; peak memory 781 MiB.
2026-10-06T00:17:50Z INFO [2484/3678] 66e563e6-1b6e-4b32-8a82-f0d894570112: cophenetic index 624; 0.7 s; peak memory 781 MiB.
2026-10-06T00:17:52Z INFO [2485/3678] 66e5f304-ab36-431c-861d-36f25f6c5c43: cophenetic index 2570; 1.2 s; peak memory 781 MiB.
2026-10-06T00:17:53Z INFO [2486/3678] 66e650b8-7628-4389-8251-916a1e70e176: cophenetic index 2570; 1.2 s; peak memory 781 MiB.
2026-10-06T00:17:54Z INFO [2487/3678] 66e6674e-4099-4575-a7b7-373eef2e0b28: cophenetic index 3004; 0.8 s; peak memory 781 MiB.
2026-10-06T00:17:54Z INFO [2488/3678] 66e68da0-c812-4885-80f7-fe9e1f5e5ed1: cophenetic index 624; 0.8 s; peak memory 781 MiB.
2026-10-06T00:17:55Z INFO [2489/3678] 66e72bff-a728-4af7-b95e-e03eb1cab00e: cophenetic index 3087; 0.9 s; peak memory 781 MiB.
2026-10-06T00:17:56Z INFO [2490/3678] 66e740a6-dc40-433a-a63f-bdc7fd4c9e90: cophenetic index 33986; 0.8 s; peak memory 781 MiB.
2026-10-06T00:17:57Z INFO [2491/3678] 66e8b5c2-7fa7-4f93-a754-44a913051b04: cophenetic index 624; 0.7 s; peak memory 781 MiB.
2026-10-06T00:17:58Z INFO [2492/3678] 66e93f8c-89e4-4088-b06a-01fb1bf857a6: cophenetic index 624; 0.8 s; peak memory 781 MiB.
2026-10-06T00:17:58Z INFO [2493/3678] 66e9bd1d-7484-4245-974e-329b3c605911: cophenetic index 624; 0.7 s; peak memory 781 MiB.
2026-10-06T00:17:59Z INFO [2494/3678] 66e9d17f-ba64-497c-8909-8785db1d7708: cophenetic index 761; 0.6 s; peak memory 781 MiB.
2026-10-06T00:18:00Z INFO [2495/3678] 66ea2b2a-a849-4fee-b397-bb255e5f7ea1: cophenetic index 2625; 0.8 s; peak memory 781 MiB.
2026-10-06T00:18:00Z INFO [2496/3678] 66eb71d7-4e37-4acc-9e81-f89d1ffc9dfe: cophenetic index 759; 0.6 s; peak memory 781 MiB.
2026-10-06T00:18:01Z INFO [2497/3678] 66ecdfc5-dfa7-421b-bc42-695e9b8bb55f: cophenetic index 624; 0.8 s; peak memory 781 MiB.
2026-10-06T00:18:02Z INFO [2498/3678] 66ed47c5-1b02-418f-a321-06f28e2d01f1: cophenetic index 1949; 0.6 s; peak memory 781 MiB.
2026-10-06T00:18:02Z INFO [2499/3678] 66ee3548-12db-4043-b87a-fed7260bb38d: cophenetic index 649; 0.8 s; peak memory 781 MiB.
2026-10-06T00:18:07Z INFO [2500/3678] 66ee693d-00f1-43ff-98a9-831be3fca0a4: cophenetic index 5466; 4.8 s; peak memory 781 MiB.
2026-10-06T00:18:07Z INFO [2500/3678] 66ee693d-00f1-43ff-98a9-831be3fca0a4: checkpointed 96298 records.
2026-10-06T00:18:08Z INFO [2501/3678] 66ee6b15-b82c-4dd4-8d6c-2c4a6c236384: cophenetic index 627; 0.7 s; peak memory 781 MiB.
2026-10-06T00:18:09Z INFO [2502/3678] 66ee9109-ee91-462b-99f3-93ae26843501: cophenetic index 33986; 1.0 s; peak memory 781 MiB.
2026-10-06T00:18:10Z INFO [2503/3678] 66eeb7d7-af25-4b38-aad8-1dbf4529cb19: cophenetic index 2402; 1.4 s; peak memory 781 MiB.
2026-10-06T00:18:11Z INFO [2504/3678] 66ef016e-0028-4a96-90ce-2adef31e9ea6: cophenetic index 560; 0.5 s; peak memory 781 MiB.
2026-10-06T00:18:12Z INFO [2505/3678] 66ef5769-d46d-4a2b-90a2-d11a0594a79e: cophenetic index 649; 0.8 s; peak memory 781 MiB.
2026-10-06T00:18:13Z INFO [2506/3678] 66ef6123-044d-40de-9c59-673eb1639c82: cophenetic index 3087; 1.0 s; peak memory 781 MiB.
2026-10-06T00:18:13Z INFO [2507/3678] 66ef93e3-c2eb-4009-a223-602c20a4f1f5: cophenetic index 490; 0.4 s; peak memory 781 MiB.
2026-10-06T00:18:14Z INFO [2508/3678] 66ef9e15-57af-42f6-8d60-85baa6314174: cophenetic index 3004; 1.0 s; peak memory 781 MiB.
2026-10-06T00:18:16Z INFO [2509/3678] 66f0360f-de29-4ee8-acaa-0883964b669b: cophenetic index 3429; 1.9 s; peak memory 781 MiB.
2026-10-06T00:18:24Z INFO [2510/3678] 66f08b24-ee90-46d4-be16-d052b0df20a3: cophenetic index 137426; 8.3 s; peak memory 781 MiB.
2026-10-06T00:18:25Z INFO [2511/3678] 66f0fdbe-bfe7-4bad-a350-c9603292cad2: cophenetic index 33968; 1.0 s; peak memory 781 MiB.
2026-10-06T00:18:28Z INFO [2512/3678] 66f1a36e-fb4a-4230-bdf6-8a585fc375e5: cophenetic index 2236; 2.4 s; peak memory 781 MiB.
2026-10-06T00:18:28Z INFO [2513/3678] 66f25beb-d050-4748-9526-9c59302456e1: cophenetic index 546; 0.5 s; peak memory 781 MiB.
2026-10-06T00:18:30Z INFO [2514/3678] 66f2bf86-aa35-4949-a49b-5075271e451f: cophenetic index 959; 2.0 s; peak memory 781 MiB.
2026-10-06T00:18:35Z INFO [2515/3678] 66f2c6ce-3324-489e-8c1b-a73fda7e1855: cophenetic index 20345; 4.8 s; peak memory 781 MiB.
2026-10-06T00:18:40Z INFO [2516/3678] 66f2d747-281f-4689-8157-e7f008ec20c0: cophenetic index 157106; 5.3 s; peak memory 781 MiB.
2026-10-06T00:18:44Z INFO [2517/3678] 66f35fbf-b90c-47b2-9154-ad413f911246: cophenetic index 30739; 3.6 s; peak memory 781 MiB.
2026-10-06T00:18:45Z INFO [2518/3678] 66f542ea-f096-4b8e-8be0-b84e90115c1e: cophenetic index 2625; 1.1 s; peak memory 781 MiB.
2026-10-06T00:18:46Z INFO [2519/3678] 66f5d9bd-a8c9-4731-a513-01711e318dac: cophenetic index 2625; 0.9 s; peak memory 781 MiB.
2026-10-06T00:18:47Z INFO [2520/3678] 66f64264-1e19-4923-9202-3a410c45a0de: cophenetic index 99150; 1.2 s; peak memory 781 MiB.
2026-10-06T00:18:49Z INFO [2521/3678] 66f74745-9154-4842-8dc3-e71cb27a72cc: cophenetic index 6636; 1.5 s; peak memory 781 MiB.
2026-10-06T00:18:50Z INFO [2522/3678] 66f79ac9-e331-436b-8374-0f1dea1456c5: cophenetic index 36406; 1.4 s; peak memory 781 MiB.
2026-10-06T00:18:51Z INFO [2523/3678] 66f7b005-10cf-4f64-9a72-a52dda9d11fb: cophenetic index 624; 0.8 s; peak memory 781 MiB.
2026-10-06T00:18:53Z INFO [2524/3678] 66f80df9-b778-40f1-9f00-83a50063a953: cophenetic index 48881; 2.3 s; peak memory 781 MiB.
2026-10-06T00:18:54Z INFO [2525/3678] 66f8ff73-58a0-418a-b7b9-4ddd105538a2: cophenetic index 661; 0.6 s; peak memory 781 MiB.
2026-10-06T00:19:03Z INFO [2526/3678] 66f9c2d6-9e0e-477c-8cab-c8ed73851baa: cophenetic index 24071; 9.3 s; peak memory 781 MiB.
2026-10-06T00:19:04Z INFO [2527/3678] 66fa0a53-fd7d-4897-b897-0c5a51e77b19: cophenetic index 2625; 1.2 s; peak memory 781 MiB.
2026-10-06T00:19:05Z INFO [2528/3678] 66fa0fd1-f4c3-43a3-93a6-667bf7098bd8: cophenetic index 466; 0.9 s; peak memory 781 MiB.
2026-10-06T00:19:10Z INFO [2529/3678] 66fa2d2e-4693-4b5a-bd26-fcb6f1cb35cf: cophenetic index 87527; 4.4 s; peak memory 781 MiB.
2026-10-06T00:19:11Z INFO [2530/3678] 66faa080-07fc-47ec-8a2c-cd24675703c0: cophenetic index 797; 1.4 s; peak memory 781 MiB.
2026-10-06T00:19:13Z INFO [2531/3678] 66fc5ad4-ca23-4532-aa95-d3f518eca680: cophenetic index 33998; 1.7 s; peak memory 781 MiB.
2026-10-06T00:19:21Z INFO [2532/3678] 66fcabf0-c91e-4ac8-9bf6-6afb0fb17c41: cophenetic index 48355; 8.2 s; peak memory 781 MiB.
2026-10-06T00:19:22Z INFO [2533/3678] 66fcc19c-2497-45cd-b172-278dd440c18a: cophenetic index 718; 1.3 s; peak memory 781 MiB.
2026-10-06T00:19:29Z INFO [2534/3678] 66fd2484-ad20-40e9-ae01-a5c42181992c: cophenetic index 144195; 6.4 s; peak memory 781 MiB.
2026-10-06T00:19:30Z INFO [2535/3678] 66fdb086-fc0c-4576-9bb2-acaff5afd0f2: cophenetic index 972; 1.3 s; peak memory 781 MiB.
2026-10-06T00:19:31Z INFO [2536/3678] 66fdf42e-b2e3-453d-8b07-839e91b744bb: cophenetic index 3057; 0.8 s; peak memory 781 MiB.
2026-10-06T00:19:32Z INFO [2537/3678] 66fdfdff-8fae-4bb7-aae6-9334ab6054a2: cophenetic index 2570; 0.9 s; peak memory 781 MiB.
2026-10-06T00:19:32Z INFO [2538/3678] 66fe2566-d241-423e-a717-7b48c056608a: cophenetic index 490; 0.5 s; peak memory 781 MiB.
2026-10-06T00:19:33Z INFO [2539/3678] 66fe59df-e7a2-46ed-bf33-f9bc6a41c6ff: cophenetic index 2625; 0.8 s; peak memory 781 MiB.
2026-10-06T00:19:34Z INFO [2540/3678] 66fe6709-3652-47cb-b9cf-71ceccbc6995: cophenetic index 3004; 0.9 s; peak memory 781 MiB.
2026-10-06T00:19:53Z INFO [2541/3678] 66fe9a81-4349-406e-8d57-32706510ab24: cophenetic index 5265882; 19.1 s; peak memory 781 MiB.
2026-10-06T00:19:54Z INFO [2542/3678] 66ffc0af-327d-44f9-845b-09d1d70678f2: cophenetic index 624; 0.7 s; peak memory 781 MiB.
2026-10-06T00:19:54Z INFO [2543/3678] 67000ced-32ce-447a-8194-19f59a76845e: cophenetic index 1192; 0.6 s; peak memory 781 MiB.
2026-10-06T00:19:55Z INFO [2544/3678] 6700122f-f3f3-435c-b280-bf9233e83cd3: cophenetic index 624; 0.7 s; peak memory 781 MiB.
2026-10-06T00:19:57Z INFO [2545/3678] 67023487-1159-4153-b0ba-0b2aa75d1404: cophenetic index 34658; 2.1 s; peak memory 781 MiB.
2026-10-06T00:19:58Z INFO [2546/3678] 67025477-9c06-4a62-88d9-2ad53ec5faa0: cophenetic index 2625; 0.8 s; peak memory 781 MiB.
2026-10-06T00:19:59Z INFO [2547/3678] 6702989b-b4bc-438b-b795-fbee48155de0: cophenetic index 777; 1.4 s; peak memory 781 MiB.
2026-10-06T00:20:00Z INFO [2548/3678] 6705069f-1f71-4c54-8dd3-7ae46ceececd: cophenetic index 624; 0.8 s; peak memory 781 MiB.
2026-10-06T00:20:01Z INFO [2549/3678] 67066bc6-9b5f-4023-a06f-595f8e8e8f15: cophenetic index 624; 0.7 s; peak memory 781 MiB.
2026-10-06T00:20:02Z INFO [2550/3678] 6706b251-83d8-4962-aff2-e2dc3b92ca36: cophenetic index 624; 0.8 s; peak memory 781 MiB.
2026-10-06T00:20:02Z INFO [2550/3678] 6706b251-83d8-4962-aff2-e2dc3b92ca36: checkpointed 96348 records.
2026-10-06T00:20:03Z INFO [2551/3678] 67073a8f-27df-4487-a469-92f1c36e9cbb: cophenetic index 620; 1.4 s; peak memory 781 MiB.
2026-10-06T00:20:04Z INFO [2552/3678] 6707786f-e7ff-4ba7-8bb1-1f8b9671658a: cophenetic index 3087; 0.7 s; peak memory 781 MiB.
2026-10-06T00:20:05Z INFO [2553/3678] 67081986-4326-4a4e-ac5c-2faf21f31d4a: cophenetic index 2625; 1.0 s; peak memory 781 MiB.
2026-10-06T00:20:11Z INFO [2554/3678] 670838f0-ad2c-402a-ac19-95d47cfb28b5: cophenetic index 235006; 6.7 s; peak memory 781 MiB.
2026-10-06T00:20:12Z INFO [2555/3678] 67083f07-181c-47bd-8e56-398b3a58b315: cophenetic index 624; 0.7 s; peak memory 781 MiB.
2026-10-06T00:20:13Z INFO [2556/3678] 6708adf8-d077-44a2-ab38-c1350323e392: cophenetic index 624; 0.6 s; peak memory 781 MiB.
2026-10-06T00:20:14Z INFO [2557/3678] 6708bae9-9809-4cca-8975-32805bfcc93a: cophenetic index 1733; 1.6 s; peak memory 781 MiB.
2026-10-06T00:20:19Z INFO [2558/3678] 67099ec7-2b14-4588-8992-5d3973fa8d47: cophenetic index 273121; 4.6 s; peak memory 781 MiB.
2026-10-06T00:20:20Z INFO [2559/3678] 6709d5ac-191b-425a-be4a-49ec05b7429c: cophenetic index 431; 0.8 s; peak memory 781 MiB.
2026-10-06T00:20:20Z INFO [2560/3678] 6709dee9-d31b-4597-9bc9-bb35cb7cbd5a: cophenetic index 413; 0.6 s; peak memory 781 MiB.
2026-10-06T00:20:22Z INFO [2561/3678] 670a6a76-d508-4db8-8eeb-745fd0432f70: cophenetic index 2682; 1.3 s; peak memory 781 MiB.
2026-10-06T00:20:30Z INFO [2562/3678] 670a7d78-df26-4a14-8685-3206079ebd1a: cophenetic index 794326; 8.6 s; peak memory 781 MiB.
2026-10-06T00:20:36Z INFO [2563/3678] 670b2b93-f6b1-4fca-a8f9-1aede1394fd7: cophenetic index 12899; 5.8 s; peak memory 781 MiB.
2026-10-06T00:20:38Z INFO [2564/3678] 670b3849-57e3-4835-89e2-535a3a9e9e94: cophenetic index 4015; 2.0 s; peak memory 781 MiB.
2026-10-06T00:20:44Z INFO [2565/3678] 670b70c1-c42e-4bd7-9e23-189c808938b3: cophenetic index 207156; 5.5 s; peak memory 781 MiB.
2026-10-06T00:20:44Z INFO [2566/3678] 670b8d53-4eda-4b7e-b54b-a482e53a2028: cophenetic index 624; 0.7 s; peak memory 781 MiB.
2026-10-06T00:20:45Z INFO [2567/3678] 670c7676-b518-4b7c-a56b-c15d0bf4108a: cophenetic index 433; 0.6 s; peak memory 781 MiB.
2026-10-06T00:20:46Z INFO [2568/3678] 670dadc1-b99c-447d-ab89-699184b63726: cophenetic index 624; 0.6 s; peak memory 781 MiB.
2026-10-06T00:20:46Z INFO [2569/3678] 670ded68-9b33-483d-9dcb-3875e6362eae: cophenetic index 3004; 0.8 s; peak memory 781 MiB.
2026-10-06T00:20:49Z INFO [2570/3678] 670e2ba4-052a-4bfc-9e60-c8d775885095: cophenetic index 42542; 2.4 s; peak memory 781 MiB.
2026-10-06T00:20:50Z INFO [2571/3678] 670eda3d-fcf4-48cc-ba88-205967eb13a4: cophenetic index 33968; 1.0 s; peak memory 781 MiB.
2026-10-06T00:20:50Z INFO [2572/3678] 670f4b76-6de6-481c-9806-bf5315050427: cophenetic index 624; 0.7 s; peak memory 781 MiB.
2026-10-06T00:20:51Z INFO [2573/3678] 670f5766-1b1b-46d3-a278-f7f4f514a368: cophenetic index 3004; 0.8 s; peak memory 781 MiB.
2026-10-06T00:20:52Z INFO [2574/3678] 670f8577-1c0f-450f-91b0-ad5202b2460d: cophenetic index 627; 0.7 s; peak memory 781 MiB.
2026-10-06T00:20:52Z INFO [2575/3678] 670fcfba-ea4e-4563-9847-9b7b6f06d5c4: cophenetic index 413; 0.7 s; peak memory 781 MiB.
2026-10-06T00:20:56Z INFO [2576/3678] 6710a8af-2be6-4ec2-9542-e17d6fd2b11f: cophenetic index 14234; 3.2 s; peak memory 781 MiB.
2026-10-06T00:20:59Z INFO [2577/3678] 6710c3f6-38ce-4096-b086-f673d6fa86e1: cophenetic index 4000; 3.4 s; peak memory 781 MiB.
2026-10-06T00:21:01Z INFO [2578/3678] 67111c3e-07a9-405a-80ea-94288c72d314: cophenetic index 2609; 1.8 s; peak memory 781 MiB.
2026-10-06T00:21:10Z INFO [2579/3678] 6711f2d5-e4e2-4f20-ab47-bf010caf6d57: cophenetic index 271180; 9.0 s; peak memory 781 MiB.
2026-10-06T00:21:11Z INFO [2580/3678] 671419ce-1f2f-4bb5-81b6-681862b11797: cophenetic index 1192; 0.6 s; peak memory 781 MiB.
2026-10-06T00:21:11Z INFO [2581/3678] 6714c5bf-5b9a-4b19-97c5-a702f2a09f11: cophenetic index 579; 0.5 s; peak memory 781 MiB.
2026-10-06T00:21:12Z INFO [2582/3678] 6714c7c7-ea90-4fe3-95c2-d705f09e9f46: cophenetic index 911; 0.9 s; peak memory 781 MiB.
2026-10-06T00:21:13Z INFO [2583/3678] 67155e22-55db-4726-80bc-83986b7532a1: cophenetic index 1949; 0.7 s; peak memory 781 MiB.
2026-10-06T00:21:13Z INFO [2584/3678] 671625d3-228e-4232-94fa-873e589217eb: cophenetic index 624; 0.7 s; peak memory 781 MiB.
2026-10-06T00:21:14Z INFO [2585/3678] 6716b5ce-bc0d-4413-a343-72d3798176c3: cophenetic index 624; 0.6 s; peak memory 781 MiB.
2026-10-06T00:21:15Z INFO [2586/3678] 671763aa-7628-46c5-8daf-64bafee86ca6: cophenetic index 624; 0.8 s; peak memory 781 MiB.
2026-10-06T00:21:16Z INFO [2587/3678] 67176a87-6d19-46d5-9d9f-d56fa9dec789: cophenetic index 1781; 1.0 s; peak memory 781 MiB.
2026-10-06T00:21:17Z INFO [2588/3678] 67183d10-24ed-4515-a845-d397b750ff16: cophenetic index 2625; 1.6 s; peak memory 781 MiB.
2026-10-06T00:21:20Z INFO [2589/3678] 6718b709-5de5-45b6-9368-ce559c8601bf: cophenetic index 4596; 3.2 s; peak memory 781 MiB.
2026-10-06T00:21:21Z INFO [2590/3678] 6718c3a8-6937-4fff-ad14-4b98b0e29768: cophenetic index 605; 0.9 s; peak memory 781 MiB.
2026-10-06T00:21:22Z INFO [2591/3678] 67194daf-3f90-48ba-a781-fbb9185af6cf: cophenetic index 624; 0.7 s; peak memory 781 MiB.
2026-10-06T00:21:23Z INFO [2592/3678] 6719a1c6-a461-419f-b74f-d01668a6ee98: cophenetic index 2496; 1.2 s; peak memory 781 MiB.
2026-10-06T00:21:24Z INFO [2593/3678] 6719c5ea-0741-464d-b441-6b2caceafa62: cophenetic index 722; 0.8 s; peak memory 781 MiB.
2026-10-06T00:21:25Z INFO [2594/3678] 671b020b-19ed-4545-b312-9ec2c609a857: cophenetic index 36406; 1.1 s; peak memory 781 MiB.
2026-10-06T00:21:26Z INFO [2595/3678] 671cbabc-5db7-47db-8353-3d2f1c001e1a: cophenetic index 401; 0.5 s; peak memory 781 MiB.
2026-10-06T00:21:27Z INFO [2596/3678] 671d6bfe-c8c8-4dc6-9848-4c49d5111d81: cophenetic index 624; 0.9 s; peak memory 781 MiB.
2026-10-06T00:21:27Z INFO [2597/3678] 671db898-04a5-4f18-9a72-34183d69901c: cophenetic index 3004; 0.9 s; peak memory 781 MiB.
2026-10-06T00:21:28Z INFO [2598/3678] 671f7766-56ac-4835-b243-9d15bebb8013: cophenetic index 2625; 0.9 s; peak memory 781 MiB.
2026-10-06T00:21:29Z INFO [2599/3678] 6720995d-db03-4a78-b627-c5f7fc9bea01: cophenetic index 490; 0.5 s; peak memory 781 MiB.
2026-10-06T00:21:53Z INFO [2600/3678] 67210d68-0ab3-4526-936d-2af1e3139050: cophenetic index 417696; 24.1 s; peak memory 781 MiB.
2026-10-06T00:21:53Z INFO [2600/3678] 67210d68-0ab3-4526-936d-2af1e3139050: checkpointed 96398 records.
2026-10-06T00:21:54Z INFO [2601/3678] 672150f2-895e-48f4-bb4e-a9d4680f885c: cophenetic index 3004; 1.0 s; peak memory 781 MiB.
2026-10-06T00:21:55Z INFO [2602/3678] 6721b983-5da9-49c5-b780-a9c2eaee22ee: cophenetic index 592; 0.7 s; peak memory 781 MiB.
2026-10-06T00:22:04Z INFO [2603/3678] 6723a92c-8e3c-4715-b15a-dc09f506d3fa: cophenetic index 48355; 8.8 s; peak memory 781 MiB.
2026-10-06T00:22:04Z INFO [2604/3678] 6724b19c-d624-49b6-8c48-8a1694356271: cophenetic index 624; 0.8 s; peak memory 781 MiB.
2026-10-06T00:22:05Z INFO [2605/3678] 6726205e-fa6a-496d-8c76-66717e59fb1c: cophenetic index 23364; 0.9 s; peak memory 781 MiB.
2026-10-06T00:22:06Z INFO [2606/3678] 672634b0-2cd2-4b3e-8ae8-c88b24043469: cophenetic index 690; 0.6 s; peak memory 781 MiB.
2026-10-06T00:22:07Z INFO [2607/3678] 6726f122-2885-40b3-b547-23ffba73423a: cophenetic index 624; 0.8 s; peak memory 781 MiB.
2026-10-06T00:22:12Z INFO [2608/3678] 67271418-6d7f-4fdc-ac03-ed241f5bd028: cophenetic index 3790353; 5.7 s; peak memory 781 MiB.
2026-10-06T00:22:13Z INFO [2609/3678] 672714de-72f6-4a59-9878-e7315be84d89: cophenetic index 431; 0.7 s; peak memory 781 MiB.
2026-10-06T00:22:15Z INFO [2610/3678] 672788d3-81af-486c-87f3-fd1c9e96a912: cophenetic index 895; 1.6 s; peak memory 781 MiB.
2026-10-06T00:22:16Z INFO [2611/3678] 6727a540-e8fa-40c7-a272-2bd3c0c8d7e5: cophenetic index 2625; 1.2 s; peak memory 781 MiB.
2026-10-06T00:22:17Z INFO [2612/3678] 67286873-93c3-4bb4-97b8-b4e2b9cd065c: cophenetic index 972; 1.1 s; peak memory 781 MiB.
2026-10-06T00:22:19Z INFO [2613/3678] 6728ed2c-af62-499c-a76e-08ca06cf4d77: cophenetic index 2402; 1.6 s; peak memory 781 MiB.
2026-10-06T00:22:19Z INFO [2614/3678] 6729f394-c218-462f-ac0c-351a25db1a6a: cophenetic index 624; 0.8 s; peak memory 781 MiB.
2026-10-06T00:22:20Z INFO [2615/3678] 672a29e3-d227-44a0-93a4-f473afd15fe8: cophenetic index 560; 0.6 s; peak memory 781 MiB.
2026-10-06T00:22:21Z INFO [2616/3678] 672acda2-988b-4921-9bad-0ca088c196ac: cophenetic index 23425; 0.7 s; peak memory 781 MiB.
2026-10-06T00:22:21Z INFO [2617/3678] 672ad618-8570-4a20-814f-b6d67fdda32f: cophenetic index 624; 0.7 s; peak memory 781 MiB.
2026-10-06T00:22:22Z INFO [2618/3678] 672c1551-35b7-46e8-81a5-645fc31065e0: cophenetic index 624; 0.6 s; peak memory 781 MiB.
2026-10-06T00:22:23Z INFO [2619/3678] 672d3bb3-3655-4575-9103-492bcf59e86f: cophenetic index 624; 0.9 s; peak memory 781 MiB.
2026-10-06T00:22:24Z INFO [2620/3678] 672d49ed-8199-48db-9500-d52e3b3b10bd: cophenetic index 33968; 1.0 s; peak memory 781 MiB.
2026-10-06T00:22:25Z INFO [2621/3678] 672d84ee-70fa-4c5c-8c29-20c42fb168af: cophenetic index 624; 0.7 s; peak memory 781 MiB.
2026-10-06T00:22:26Z INFO [2622/3678] 672dfc2d-e037-4750-b45b-c3bc1ebb43cc: cophenetic index 427; 1.0 s; peak memory 781 MiB.
2026-10-06T00:22:26Z INFO [2623/3678] 672ea1d4-dd24-4256-a39b-04e0c3677f63: cophenetic index 490; 0.6 s; peak memory 781 MiB.
2026-10-06T00:22:28Z INFO [2624/3678] 672f1cda-1b48-4307-b4c0-dd7d8a10c3df: cophenetic index 33998; 1.6 s; peak memory 781 MiB.
2026-10-06T00:22:29Z INFO [2625/3678] 672f3115-c605-483c-b2c4-1c5a42a6422a: cophenetic index 3004; 0.9 s; peak memory 781 MiB.
2026-10-06T00:22:29Z INFO [2626/3678] 672f67f0-c45a-426a-92f5-39ec3e278183: cophenetic index 624; 0.7 s; peak memory 781 MiB.
2026-10-06T00:22:33Z INFO [2627/3678] 6730e795-65e4-44fd-90cf-d999058628f4: cophenetic index 261989; 3.9 s; peak memory 781 MiB.
2026-10-06T00:22:38Z INFO [2628/3678] 67315f7a-a872-4f70-ac7e-8fafd0d45efa: cophenetic index 87573; 4.6 s; peak memory 781 MiB.
2026-10-06T00:22:39Z INFO [2629/3678] 6732e3dd-fdab-4433-8c03-e9404d6b41b4: cophenetic index 581; 1.2 s; peak memory 781 MiB.
2026-10-06T00:22:40Z INFO [2630/3678] 67331f49-70bd-4402-8da4-43e53c13e574: cophenetic index 431; 0.9 s; peak memory 781 MiB.
2026-10-06T00:22:41Z INFO [2631/3678] 67354cf4-f6b4-4752-9da3-653ef9229f82: cophenetic index 624; 0.8 s; peak memory 781 MiB.
2026-10-06T00:22:42Z INFO [2632/3678] 6735f9a8-0258-4cf8-a1a5-e7da02ac86b2: cophenetic index 33968; 1.1 s; peak memory 781 MiB.
2026-10-06T00:22:43Z INFO [2633/3678] 67371110-8aaa-4c2e-82f5-3e3719b39662: cophenetic index 624; 0.6 s; peak memory 781 MiB.
2026-10-06T00:22:44Z INFO [2634/3678] 6737a337-c311-4a6b-956f-7e9e1be97d56: cophenetic index 3004; 0.9 s; peak memory 781 MiB.
2026-10-06T00:22:44Z INFO [2635/3678] 6737f3a2-7c71-48db-8111-6c9f3106026b: cophenetic index 3004; 0.7 s; peak memory 781 MiB.
2026-10-06T00:22:46Z INFO [2636/3678] 6738f827-fbeb-49eb-aa30-96aad2285b19: cophenetic index 33998; 1.2 s; peak memory 781 MiB.
2026-10-06T00:22:47Z INFO [2637/3678] 67392b1a-f5d7-4043-b45f-964b35f4233f: cophenetic index 1012; 1.1 s; peak memory 781 MiB.
2026-10-06T00:22:47Z INFO [2638/3678] 67396f66-3646-4a7b-85d2-ff2e495de4f3: cophenetic index 560; 0.8 s; peak memory 781 MiB.
2026-10-06T00:22:49Z INFO [2639/3678] 673aa5a0-3c01-42ef-b234-4c9588c1b8d5: cophenetic index 2402; 2.0 s; peak memory 781 MiB.
2026-10-06T00:22:51Z INFO [2640/3678] 673af7c6-739d-4c54-a771-798e0fbf1819: cophenetic index 3004; 1.3 s; peak memory 781 MiB.
2026-10-06T00:22:52Z INFO [2641/3678] 673b6e54-bf77-4ceb-aaa7-4dcb232db805: cophenetic index 2625; 1.0 s; peak memory 781 MiB.
2026-10-06T00:22:52Z INFO [2642/3678] 673ca2b9-be79-4c0e-b11e-42bfe0ddf43a: cophenetic index 624; 0.7 s; peak memory 781 MiB.
2026-10-06T00:22:53Z INFO [2643/3678] 673d46e9-11bf-4ba3-9e2e-b7cbe00fb059: cophenetic index 624; 0.7 s; peak memory 781 MiB.
2026-10-06T00:22:55Z INFO [2644/3678] 673d6890-5104-4def-ba48-2acab48b427c: cophenetic index 718; 1.3 s; peak memory 781 MiB.
2026-10-06T00:22:56Z INFO [2645/3678] 673d971e-a802-4d84-bd85-4d08a7f4b1ab: cophenetic index 2625; 1.3 s; peak memory 781 MiB.
2026-10-06T00:22:57Z INFO [2646/3678] 673dac51-5c12-4ec6-85da-f06eeaf172fd: cophenetic index 431; 1.0 s; peak memory 781 MiB.
2026-10-06T00:22:57Z INFO [2647/3678] 673ddc5d-7dbe-42f3-a565-2c5b15c730c1: cophenetic index 729; 0.6 s; peak memory 781 MiB.
2026-10-06T00:22:58Z INFO [2648/3678] 673e32d4-70b1-4919-b952-274434a14b2f: cophenetic index 23379; 0.8 s; peak memory 781 MiB.
2026-10-06T00:22:59Z INFO [2649/3678] 673e8c81-7a9d-4168-a0c1-13218a1b8601: cophenetic index 2034; 0.9 s; peak memory 781 MiB.
2026-10-06T00:23:00Z INFO [2650/3678] 673e9c4e-a1dc-436c-bc99-735532b3f509: cophenetic index 6598; 0.9 s; peak memory 781 MiB.
2026-10-06T00:23:00Z INFO [2650/3678] 673e9c4e-a1dc-436c-bc99-735532b3f509: checkpointed 96448 records.
2026-10-06T00:23:01Z INFO [2651/3678] 673f2feb-bb6f-402c-9a05-2e40d9205a2a: cophenetic index 1130; 1.2 s; peak memory 781 MiB.
2026-10-06T00:23:02Z INFO [2652/3678] 673fed20-f988-4f7a-b8ea-4423dabc8e3a: cophenetic index 2974; 0.7 s; peak memory 781 MiB.
2026-10-06T00:23:03Z INFO [2653/3678] 67404650-d127-4fe2-b007-7982cbafcb43: cophenetic index 624; 0.7 s; peak memory 781 MiB.
2026-10-06T00:23:03Z INFO [2654/3678] 6740bef9-5aa9-4fd8-b341-17804c2437a6: cophenetic index 624; 0.7 s; peak memory 781 MiB.
2026-10-06T00:23:04Z INFO [2655/3678] 67413f64-1238-47df-ac37-81d915203bf6: cophenetic index 494; 0.6 s; peak memory 781 MiB.
2026-10-06T00:23:05Z INFO [2656/3678] 6741c5dd-b57b-4aa3-98b6-da2d779d33ee: cophenetic index 1855; 1.1 s; peak memory 781 MiB.
2026-10-06T00:23:06Z INFO [2657/3678] 6742758c-ed9f-4f53-88b8-5ddd30d3340a: cophenetic index 797; 0.5 s; peak memory 781 MiB.
2026-10-06T00:23:10Z INFO [2658/3678] 6742b3f7-ec00-4bfe-ba6b-06e47aaa8209: cophenetic index 109347; 4.6 s; peak memory 781 MiB.
2026-10-06T00:23:11Z INFO [2659/3678] 67438511-c2d7-405f-9f1b-cacfcebe9ab2: cophenetic index 624; 0.6 s; peak memory 781 MiB.
2026-10-06T00:23:12Z INFO [2660/3678] 6743e703-a995-4a5c-a6a1-c9de7e79f8ff: cophenetic index 649; 0.9 s; peak memory 781 MiB.
2026-10-06T00:23:13Z INFO [2661/3678] 6743eaae-2087-49ef-ac2a-9cb5e23550eb: cophenetic index 2776; 0.8 s; peak memory 781 MiB.
2026-10-06T00:23:13Z INFO [2662/3678] 6744baf6-1bc3-4542-bf83-668db1095c0c: cophenetic index 729; 0.4 s; peak memory 781 MiB.
2026-10-06T00:23:14Z INFO [2663/3678] 6744fec4-5ec5-4d64-863e-b56b1ee6e4c7: cophenetic index 1006; 1.1 s; peak memory 781 MiB.
2026-10-06T00:23:15Z INFO [2664/3678] 67452578-fadf-46ce-82a7-5e24a1f520b3: cophenetic index 490; 0.4 s; peak memory 781 MiB.
2026-10-06T00:23:15Z INFO [2665/3678] 6745afd7-932e-4f54-8ce8-02324a4fbbe4: cophenetic index 624; 0.8 s; peak memory 781 MiB.
2026-10-06T00:23:16Z INFO [2666/3678] 6746c9d6-2661-45e4-983a-70245a2b0421: cophenetic index 3004; 0.7 s; peak memory 781 MiB.
2026-10-06T00:23:16Z INFO [2667/3678] 6746d275-e7b1-4883-88d7-e503c5904df7: cophenetic index 490; 0.3 s; peak memory 781 MiB.
2026-10-06T00:23:17Z INFO [2668/3678] 6748c55b-ed9b-4898-b14d-edaff6254491: cophenetic index 649; 0.8 s; peak memory 781 MiB.
2026-10-06T00:23:22Z INFO [2669/3678] 674a7bb0-126a-4309-8912-5f12a74f7082: cophenetic index 9181; 4.4 s; peak memory 781 MiB.
2026-10-06T00:23:22Z INFO [2670/3678] 674adfb1-8833-4a31-9d8d-ece9be542bb8: cophenetic index 431; 0.5 s; peak memory 781 MiB.
2026-10-06T00:23:23Z INFO [2671/3678] 674c979f-4961-4d98-9aeb-e880afd9553e: cophenetic index 624; 0.6 s; peak memory 781 MiB.
2026-10-06T00:23:23Z INFO [2672/3678] 674cdd24-23d6-48d5-aa8e-a40ff7a53197: cophenetic index 624; 0.7 s; peak memory 781 MiB.
2026-10-06T00:23:24Z INFO [2673/3678] 674cedb3-61c5-4f89-8a63-6a3c54406284: cophenetic index 3004; 1.0 s; peak memory 781 MiB.
2026-10-06T00:23:27Z INFO [2674/3678] 674dd925-3edc-45c3-86ac-a8d7e4ebf1e6: cophenetic index 688; 2.4 s; peak memory 781 MiB.
2026-10-06T00:23:29Z INFO [2675/3678] 674e7ee2-8c2d-4ffd-bc11-7f88b16f2bc9: cophenetic index 2682; 2.0 s; peak memory 781 MiB.
2026-10-06T00:23:30Z INFO [2676/3678] 674ebf78-21af-4b22-bb85-80dc5dd2e464: cophenetic index 605; 1.0 s; peak memory 781 MiB.
2026-10-06T00:23:31Z INFO [2677/3678] 674f0192-fe85-4405-a80c-248d683cd8f4: cophenetic index 431; 0.8 s; peak memory 781 MiB.
2026-10-06T00:23:31Z INFO [2678/3678] 674f12db-c430-456e-9cd5-04dbabb75eca: cophenetic index 649; 0.9 s; peak memory 781 MiB.
2026-10-06T00:23:32Z INFO [2679/3678] 67500671-24f4-4192-82bb-7241bfea6359: cophenetic index 23436; 1.0 s; peak memory 781 MiB.
2026-10-06T00:23:33Z INFO [2680/3678] 67508fa9-8ea8-432e-9614-3d4c5e9665ed: cophenetic index 690; 0.5 s; peak memory 781 MiB.
2026-10-06T00:23:34Z INFO [2681/3678] 67526455-7a8e-477b-9ce0-46e32e652885: cophenetic index 1781; 0.6 s; peak memory 781 MiB.
2026-10-06T00:23:34Z INFO [2682/3678] 6752be2e-38db-4855-8b36-0fb02c65150e: cophenetic index 952; 0.6 s; peak memory 781 MiB.
2026-10-06T00:23:35Z INFO [2683/3678] 6752eb41-78ee-4c8c-a546-2c3fc9e88614: cophenetic index 2625; 1.1 s; peak memory 781 MiB.
2026-10-06T00:23:36Z INFO [2684/3678] 67536a53-0e1f-4294-aee9-df56e0b77cfc: cophenetic index 624; 1.0 s; peak memory 781 MiB.
2026-10-06T00:23:38Z INFO [2685/3678] 67538b84-fce9-4926-9f29-231ac85aa8b9: cophenetic index 38460; 1.5 s; peak memory 781 MiB.
2026-10-06T00:23:39Z INFO [2686/3678] 6753c6c0-59f0-452b-8e41-d5ef58b4a656: cophenetic index 99138; 1.3 s; peak memory 781 MiB.
2026-10-06T00:23:40Z INFO [2687/3678] 6754281c-cf04-42e4-888f-4ecfe385f038: cophenetic index 3087; 0.9 s; peak memory 781 MiB.
2026-10-06T00:23:41Z INFO [2688/3678] 67547809-d6cf-4fe1-83aa-15b5c474c860: cophenetic index 649; 1.0 s; peak memory 781 MiB.
2026-10-06T00:23:42Z INFO [2689/3678] 67547944-47be-44d8-b99a-87f5c6647144: cophenetic index 3077; 0.6 s; peak memory 781 MiB.
2026-10-06T00:23:43Z INFO [2690/3678] 67547cef-df3e-4b15-a4a5-45866b8a3c5d: cophenetic index 1563; 1.5 s; peak memory 781 MiB.
2026-10-06T00:23:44Z INFO [2691/3678] 6754e792-8926-4a74-8aec-d1673e50b90d: cophenetic index 649; 0.6 s; peak memory 781 MiB.
2026-10-06T00:23:44Z INFO [2692/3678] 6755ab34-0f36-4692-8b1e-829ced733a23: cophenetic index 2625; 0.9 s; peak memory 781 MiB.
2026-10-06T00:23:45Z INFO [2693/3678] 6756914c-dfdf-499f-b195-3b5b4407e6b6: cophenetic index 2625; 0.9 s; peak memory 781 MiB.
2026-10-06T00:23:46Z INFO [2694/3678] 67573478-7074-4b7d-930f-ab728464bc2f: cophenetic index 431; 0.8 s; peak memory 781 MiB.
2026-10-06T00:23:47Z INFO [2695/3678] 675774f5-d68f-46a2-a203-b6d8bbf9ce2b: cophenetic index 624; 0.9 s; peak memory 781 MiB.
2026-10-06T00:23:48Z INFO [2696/3678] 67582966-ebad-45e9-9ab1-e9eb953d4a53: cophenetic index 490; 0.4 s; peak memory 781 MiB.
2026-10-06T00:23:49Z INFO [2697/3678] 67595d53-948b-4bb2-9334-5bf41b4b4c07: cophenetic index 99150; 1.5 s; peak memory 781 MiB.
2026-10-06T00:23:50Z INFO [2698/3678] 675a128d-c436-4855-9c4f-3bad566eb122: cophenetic index 2625; 1.0 s; peak memory 781 MiB.
2026-10-06T00:23:51Z INFO [2699/3678] 675a1e0d-0eb0-4778-89b2-f41916c0f888: cophenetic index 2625; 1.1 s; peak memory 781 MiB.
2026-10-06T00:23:52Z INFO [2700/3678] 675ae9db-073a-457c-bf01-3e29d7ae3e2c: cophenetic index 431; 0.9 s; peak memory 781 MiB.
2026-10-06T00:23:52Z INFO [2700/3678] 675ae9db-073a-457c-bf01-3e29d7ae3e2c: checkpointed 96498 records.
2026-10-06T00:23:53Z INFO [2701/3678] 675c0061-0be4-401a-8c18-4148caf0d4bc: cophenetic index 624; 0.9 s; peak memory 781 MiB.
2026-10-06T00:24:01Z INFO [2702/3678] 675c02ea-8029-476d-af7d-90b5163a6bfc: cophenetic index 231803; 8.0 s; peak memory 781 MiB.
2026-10-06T00:24:03Z INFO [2703/3678] 675c1f8e-2b89-4896-8199-106156096e0a: cophenetic index 2625; 1.6 s; peak memory 781 MiB.
2026-10-06T00:24:04Z INFO [2704/3678] 675d513d-e2f3-4596-ba9a-c198a36f911d: cophenetic index 2625; 1.1 s; peak memory 781 MiB.
2026-10-06T00:24:05Z INFO [2705/3678] 675d8479-6bf5-4856-89e7-e5acdf73cc20: cophenetic index 3004; 1.0 s; peak memory 781 MiB.
2026-10-06T00:24:06Z INFO [2706/3678] 675d8a85-def1-4b8c-ba2e-a091fa09e98c: cophenetic index 781; 0.9 s; peak memory 781 MiB.
2026-10-06T00:24:07Z INFO [2707/3678] 675daa10-0013-40b1-acfd-c61c23ebb453: cophenetic index 33962; 1.2 s; peak memory 781 MiB.
2026-10-06T00:24:18Z INFO [2708/3678] 675ea3fe-8ae3-4eb2-8dc1-47d3f2216894: cophenetic index 3686463; 11.1 s; peak memory 781 MiB.
2026-10-06T00:24:20Z INFO [2709/3678] 675f21f2-d738-409b-a681-793c087fc353: cophenetic index 2915; 2.3 s; peak memory 781 MiB.
2026-10-06T00:24:21Z INFO [2710/3678] 675f3142-9def-46b3-9add-ea6409e72dac: cophenetic index 1558; 1.0 s; peak memory 781 MiB.
2026-10-06T00:24:22Z INFO [2711/3678] 675f5882-016e-4977-aa0f-a6729b51de90: cophenetic index 3004; 0.9 s; peak memory 781 MiB.
2026-10-06T00:24:23Z INFO [2712/3678] 675fdb45-4391-40e2-9b1f-528b6d5c0ec6: cophenetic index 3004; 0.9 s; peak memory 781 MiB.
2026-10-06T00:24:24Z INFO [2713/3678] 675febf2-2b93-4c72-b155-44196351d975: cophenetic index 490; 0.6 s; peak memory 781 MiB.
2026-10-06T00:24:24Z INFO [2714/3678] 675ff69a-508f-41f5-9895-83ae48c9f2c1: cophenetic index 3087; 0.8 s; peak memory 781 MiB.
2026-10-06T00:24:26Z INFO [2715/3678] 67604fb4-4dd3-45f7-af16-b72c1045f0f5: cophenetic index 33998; 1.5 s; peak memory 781 MiB.
2026-10-06T00:24:28Z INFO [2716/3678] 67605b1b-076c-45c1-b5bb-678f3178b913: cophenetic index 99810; 2.4 s; peak memory 781 MiB.
2026-10-06T00:24:29Z INFO [2717/3678] 6760d76e-c9b8-4791-a786-81671ee0d920: cophenetic index 581; 0.7 s; peak memory 781 MiB.
2026-10-06T00:24:30Z INFO [2718/3678] 67611e51-6f53-4f9c-88fe-44347ab80d43: cophenetic index 3004; 0.6 s; peak memory 781 MiB.
2026-10-06T00:24:30Z INFO [2719/3678] 6761b363-153c-433c-ac23-d84497cab96c: cophenetic index 3087; 0.7 s; peak memory 781 MiB.
2026-10-06T00:24:31Z INFO [2720/3678] 6761bfdc-435c-489b-9aa9-6b907b745049: cophenetic index 624; 0.8 s; peak memory 781 MiB.
2026-10-06T00:24:32Z INFO [2721/3678] 67625048-3028-4114-8a15-08537b9a4266: cophenetic index 33818; 1.0 s; peak memory 781 MiB.
2026-10-06T00:24:33Z INFO [2722/3678] 6762bf96-0a32-4722-be43-66f7e49640bc: cophenetic index 579; 0.6 s; peak memory 781 MiB.
2026-10-06T00:24:34Z INFO [2723/3678] 676337eb-37bb-4f1d-9778-aaa2fbf3df17: cophenetic index 99150; 1.3 s; peak memory 781 MiB.
2026-10-06T00:24:35Z INFO [2724/3678] 67634b70-8733-4170-981f-175549528577: cophenetic index 624; 0.9 s; peak memory 781 MiB.
2026-10-06T00:24:36Z INFO [2725/3678] 6763ed40-409b-4c21-a8b3-a7fedf7d264a: cophenetic index 624; 0.7 s; peak memory 781 MiB.
2026-10-06T00:24:37Z INFO [2726/3678] 67645b00-172c-4666-a5d9-f31f07db9890: cophenetic index 1087; 1.2 s; peak memory 781 MiB.
2026-10-06T00:24:38Z INFO [2727/3678] 67649337-51d8-4d4a-a9aa-44c370d6693b: cophenetic index 1228; 0.6 s; peak memory 781 MiB.
2026-10-06T00:24:38Z INFO [2728/3678] 6764d259-276a-4bb0-94d0-2759951fd2f4: cophenetic index 2776; 0.8 s; peak memory 781 MiB.
2026-10-06T00:24:39Z INFO [2729/3678] 6765407e-aa31-4939-b098-68872ac9b637: cophenetic index 581; 0.7 s; peak memory 781 MiB.
2026-10-06T00:24:42Z INFO [2730/3678] 67655000-b48d-408e-8341-36630016cedf: cophenetic index 6309; 3.1 s; peak memory 781 MiB.
2026-10-06T00:24:43Z INFO [2731/3678] 6765cc29-6065-4d88-897e-9d2a39030df1: cophenetic index 649; 0.8 s; peak memory 781 MiB.
2026-10-06T00:24:44Z INFO [2732/3678] 6765df19-f17a-4011-9e59-69441d46a410: cophenetic index 33968; 1.2 s; peak memory 781 MiB.
2026-10-06T00:24:45Z INFO [2733/3678] 6765e834-3ec6-41b2-a46a-e62b3d84e351: cophenetic index 649; 0.7 s; peak memory 781 MiB.
2026-10-06T00:24:46Z INFO [2734/3678] 67666a4a-1c01-47cc-964e-dd9e50020ad7: cophenetic index 33998; 1.4 s; peak memory 781 MiB.
2026-10-06T00:24:48Z INFO [2735/3678] 6766bf5d-fd48-4623-8949-9712a1a17ad5: cophenetic index 33998; 1.4 s; peak memory 781 MiB.
2026-10-06T00:24:48Z INFO [2736/3678] 676840d6-30c9-4af7-bb4e-1330c4af82bb: cophenetic index 494; 0.6 s; peak memory 781 MiB.
2026-10-06T00:24:49Z INFO [2737/3678] 67685072-96a8-4f31-bc0d-bfcf4ad0d0cf: cophenetic index 3004; 0.7 s; peak memory 781 MiB.
2026-10-06T00:24:50Z INFO [2738/3678] 6769b91d-273f-416e-ab8e-b79a59b5e4cb: cophenetic index 2625; 1.1 s; peak memory 781 MiB.
2026-10-06T00:24:51Z INFO [2739/3678] 676a02ba-634a-438d-a346-61277696904d: cophenetic index 581; 0.8 s; peak memory 781 MiB.
2026-10-06T00:24:51Z INFO [2740/3678] 676a251b-5657-4fed-85c7-bd305b6d15fd: cophenetic index 490; 0.5 s; peak memory 781 MiB.
2026-10-06T00:24:52Z INFO [2741/3678] 676a41dd-6103-4c4f-9fc9-52c91589bc21: cophenetic index 718; 1.1 s; peak memory 781 MiB.
2026-10-06T00:24:53Z INFO [2742/3678] 676a7886-1055-4bc1-ae71-8bba70854ab0: cophenetic index 735; 0.5 s; peak memory 781 MiB.
2026-10-06T00:24:54Z INFO [2743/3678] 676b8db5-c48e-46cb-a18e-3a3de7e82de8: cophenetic index 2625; 1.5 s; peak memory 781 MiB.
2026-10-06T00:24:55Z INFO [2744/3678] 676bc384-ec2b-4457-91fd-85940da384c3: cophenetic index 33962; 1.1 s; peak memory 781 MiB.
2026-10-06T00:24:56Z INFO [2745/3678] 676c2518-29a4-4d4f-be42-af5d31ac4ad8: cophenetic index 490; 0.6 s; peak memory 781 MiB.
2026-10-06T00:24:57Z INFO [2746/3678] 676c6688-f9cf-4e5c-abf8-f98dd94d70c5: cophenetic index 3004; 0.9 s; peak memory 781 MiB.
2026-10-06T00:24:58Z INFO [2747/3678] 676df3e3-5bcb-42f5-9af4-d1fabd3724da: cophenetic index 649; 0.8 s; peak memory 781 MiB.
2026-10-06T00:24:59Z INFO [2748/3678] 676e1738-f18b-444a-9cc9-e3bd2713a4a1: cophenetic index 1112; 1.7 s; peak memory 781 MiB.
2026-10-06T00:25:00Z INFO [2749/3678] 676e9ab4-176a-4d0d-829d-4f182550de8b: cophenetic index 490; 0.4 s; peak memory 781 MiB.
2026-10-06T00:25:01Z INFO [2750/3678] 676f1a76-6b60-4342-8723-4f19a88a6dce: cophenetic index 2625; 1.1 s; peak memory 781 MiB.
2026-10-06T00:25:01Z INFO [2750/3678] 676f1a76-6b60-4342-8723-4f19a88a6dce: checkpointed 96548 records.
2026-10-06T00:25:02Z INFO [2751/3678] 676f2e4d-93cb-4a5f-b307-aa9d136780ed: cophenetic index 23866; 0.8 s; peak memory 781 MiB.
2026-10-06T00:25:02Z INFO [2752/3678] 676f6bc3-9c5d-4a6f-a547-a08109b8258e: cophenetic index 579; 0.5 s; peak memory 781 MiB.
2026-10-06T00:25:04Z INFO [2753/3678] 676f7690-ba5f-450e-adc6-b400558f6c19: cophenetic index 2469; 2.1 s; peak memory 781 MiB.
2026-10-06T00:25:07Z INFO [2754/3678] 676fd9f7-c6da-4d18-beef-48b3778ebfaf: cophenetic index 2682; 2.4 s; peak memory 781 MiB.
2026-10-06T00:25:08Z INFO [2755/3678] 67702f5d-2736-4ec9-bde9-13298b592577: cophenetic index 949; 1.5 s; peak memory 781 MiB.
2026-10-06T00:25:09Z INFO [2756/3678] 6770fae4-6966-4864-b2c6-e552e7be18dd: cophenetic index 739; 0.5 s; peak memory 781 MiB.
2026-10-06T00:25:09Z INFO [2757/3678] 677101f1-e9de-4081-85c2-00105df65cc9: cophenetic index 2920; 0.8 s; peak memory 781 MiB.
2026-10-06T00:25:13Z INFO [2758/3678] 67712998-63b5-4ad3-8553-27496d59ebe7: cophenetic index 43920; 3.8 s; peak memory 781 MiB.
2026-10-06T00:25:14Z INFO [2759/3678] 677214db-bed6-4a73-b310-2f16c42e0564: cophenetic index 1167; 1.0 s; peak memory 781 MiB.
2026-10-06T00:25:15Z INFO [2760/3678] 67725711-84d5-480b-970c-6e037f3b65e1: cophenetic index 624; 0.6 s; peak memory 781 MiB.
2026-10-06T00:25:16Z INFO [2761/3678] 6773c5d9-91a4-42ae-8be5-c32dfa3c41cd: cophenetic index 3004; 1.0 s; peak memory 781 MiB.
2026-10-06T00:25:18Z INFO [2762/3678] 6773ce5f-0b2f-4c2d-b8b6-e7a837768b9c: cophenetic index 33998; 2.2 s; peak memory 781 MiB.
2026-10-06T00:25:20Z INFO [2763/3678] 6773d759-7c0b-421c-a771-5a8ccf19af6b: cophenetic index 34658; 2.2 s; peak memory 781 MiB.
2026-10-06T00:25:21Z INFO [2764/3678] 67743240-6c64-4ae5-a55f-ba8de0d69aab: cophenetic index 624; 0.8 s; peak memory 781 MiB.
2026-10-06T00:25:23Z INFO [2765/3678] 67747124-d6a3-4f53-89a0-eb21072561ca: cophenetic index 6636; 2.1 s; peak memory 781 MiB.
2026-10-06T00:25:24Z INFO [2766/3678] 677476fa-b052-4dbd-bf61-0e6b794f77ea: cophenetic index 690; 0.6 s; peak memory 781 MiB.
2026-10-06T00:25:25Z INFO [2767/3678] 6774dc5f-5976-40c1-a415-19e02a378be9: cophenetic index 949; 0.9 s; peak memory 781 MiB.
2026-10-06T00:25:26Z INFO [2768/3678] 6774f07a-d83f-4d04-a2af-dff33a6355ab: cophenetic index 33968; 1.2 s; peak memory 781 MiB.
2026-10-06T00:25:27Z INFO [2769/3678] 67757dbd-2863-405c-bd37-739024582b19: cophenetic index 766; 0.9 s; peak memory 781 MiB.
2026-10-06T00:25:29Z INFO [2770/3678] 67760568-76e9-4311-bf2a-22b936c99ca9: cophenetic index 1733; 2.1 s; peak memory 781 MiB.
2026-10-06T00:25:42Z INFO [2771/3678] 6776db6f-e679-44e8-bf56-b88addbb7ff6: cophenetic index 42708; 13.3 s; peak memory 781 MiB.
2026-10-06T00:26:10Z INFO [2772/3678] 677707c1-9a2a-4ef5-8f26-b2c0dc5aeede: cophenetic index 333975; 27.9 s; peak memory 781 MiB.
2026-10-06T00:26:11Z INFO [2773/3678] 6778a877-f5b9-4392-bb88-9a3ce253b1d9: cophenetic index 624; 0.7 s; peak memory 781 MiB.
2026-10-06T00:26:12Z INFO [2774/3678] 6778c8f2-3953-4eec-a97d-3083f87cd6d0: cophenetic index 662; 1.6 s; peak memory 781 MiB.
2026-10-06T00:26:13Z INFO [2775/3678] 67796abf-5b86-44c8-8db8-0f63e48346e0: cophenetic index 722; 1.0 s; peak memory 781 MiB.
2026-10-06T00:26:14Z INFO [2776/3678] 6779cbc4-081b-47cd-937c-bed374004ede: cophenetic index 1087; 1.0 s; peak memory 781 MiB.
2026-10-06T00:26:19Z INFO [2777/3678] 677a36a0-45ca-4efa-bde8-a3e8a186799e: cophenetic index 157600; 5.1 s; peak memory 781 MiB.
2026-10-06T00:26:20Z INFO [2778/3678] 677a89fd-36a9-4128-9246-0b75f4332f79: cophenetic index 2570; 0.9 s; peak memory 781 MiB.
2026-10-06T00:26:21Z INFO [2779/3678] 677adecc-7363-4329-b817-ccfef4ad33b7: cophenetic index 649; 0.9 s; peak memory 781 MiB.
2026-10-06T00:26:22Z INFO [2780/3678] 677c8e27-ece6-41b5-a55b-ee633b49393e: cophenetic index 630; 0.6 s; peak memory 781 MiB.
2026-10-06T00:26:22Z INFO [2781/3678] 677cf421-f1f3-4005-b5a9-13d444f20240: cophenetic index 624; 0.6 s; peak memory 781 MiB.
2026-10-06T00:26:24Z INFO [2782/3678] 677cfa4b-6a71-4968-b540-13be7f3463f4: cophenetic index 9756; 1.2 s; peak memory 781 MiB.
2026-10-06T00:26:25Z INFO [2783/3678] 677d935c-bfa9-4096-834d-8b2672d142e7: cophenetic index 33968; 1.2 s; peak memory 781 MiB.
2026-10-06T00:26:25Z INFO [2784/3678] 677e9542-077c-4082-ab6f-644a0a06f170: cophenetic index 431; 0.7 s; peak memory 781 MiB.
2026-10-06T00:26:29Z INFO [2785/3678] 677f862c-ef38-43f1-82ec-ee6e1bd8e924: cophenetic index 41010; 4.1 s; peak memory 781 MiB.
2026-10-06T00:26:30Z INFO [2786/3678] 677fcf88-c164-44dc-92c5-21d87f7d819a: cophenetic index 33986; 0.8 s; peak memory 781 MiB.
2026-10-06T00:26:31Z INFO [2787/3678] 67802034-0330-4263-9603-66f5ceec79a5: cophenetic index 2646; 0.7 s; peak memory 781 MiB.
2026-10-06T00:26:32Z INFO [2788/3678] 6780de33-55eb-4e4a-a228-1fbb2b7adfde: cophenetic index 3004; 0.6 s; peak memory 781 MiB.
2026-10-06T00:26:33Z INFO [2789/3678] 678101a7-57d7-41bc-be85-4eea4ba94771: cophenetic index 688; 1.5 s; peak memory 781 MiB.
2026-10-06T00:26:34Z INFO [2790/3678] 6781b998-1867-4d86-8e30-d6acbe028ec9: cophenetic index 3004; 0.6 s; peak memory 781 MiB.
2026-10-06T00:26:35Z INFO [2791/3678] 6781bde8-e885-4272-9085-c2e3b691c152: cophenetic index 2625; 0.9 s; peak memory 781 MiB.
2026-10-06T00:26:36Z INFO [2792/3678] 6781da1c-f0a3-4d30-bf9b-8979f42a4f40: cophenetic index 33998; 0.8 s; peak memory 781 MiB.
2026-10-06T00:26:37Z INFO [2793/3678] 67824206-c04d-45df-af52-f91ec9d0f0a9: cophenetic index 2570; 1.1 s; peak memory 781 MiB.
2026-10-06T00:26:37Z INFO [2794/3678] 6782440c-2cea-4bbc-9878-d54cdee2a970: cophenetic index 624; 0.7 s; peak memory 781 MiB.
2026-10-06T00:26:38Z INFO [2795/3678] 678265cf-407f-479f-838f-417227b9d465: cophenetic index 1042; 0.8 s; peak memory 781 MiB.
2026-10-06T00:26:39Z INFO [2796/3678] 6782756a-152d-4637-a375-6cc3047c2fb9: cophenetic index 3087; 0.7 s; peak memory 781 MiB.
2026-10-06T00:26:46Z INFO [2797/3678] 6782bf53-2de6-4901-b28a-e63caa9f3868: cophenetic index 162005; 7.0 s; peak memory 781 MiB.
2026-10-06T00:26:46Z INFO [2798/3678] 6783427e-b7bc-4692-8aa9-36ca0921e392: cophenetic index 490; 0.6 s; peak memory 781 MiB.
2026-10-06T00:26:53Z INFO [2799/3678] 67862f3e-8d7d-4536-a697-c47e4cf170a4: cophenetic index 147033; 6.6 s; peak memory 781 MiB.
2026-10-06T00:26:54Z INFO [2800/3678] 67874cf9-01be-47cb-b989-7696ae2ee409: cophenetic index 13320; 0.9 s; peak memory 781 MiB.
2026-10-06T00:26:54Z INFO [2800/3678] 67874cf9-01be-47cb-b989-7696ae2ee409: checkpointed 96598 records.
2026-10-06T00:26:55Z INFO [2801/3678] 67877fc0-2631-42ac-9f0f-ea46a5ac6bee: cophenetic index 23864; 1.0 s; peak memory 781 MiB.
2026-10-06T00:26:56Z INFO [2802/3678] 67887065-1432-4d80-85a8-b4aa5a1d6735: cophenetic index 3087; 0.8 s; peak memory 781 MiB.
2026-10-06T00:26:57Z INFO [2803/3678] 6788fba4-00f4-4044-ab8f-b3187e477f89: cophenetic index 2625; 0.9 s; peak memory 781 MiB.
2026-10-06T00:26:57Z INFO [2804/3678] 6789a2fb-6eb1-4796-90a2-cd593207cb19: cophenetic index 624; 0.6 s; peak memory 781 MiB.
2026-10-06T00:26:58Z INFO [2805/3678] 678a8081-9dcf-4ed3-a626-32877ae3dcd2: cophenetic index 3004; 0.8 s; peak memory 781 MiB.
2026-10-06T00:26:59Z INFO [2806/3678] 678aa95b-8d88-49e0-816f-38ba117fcca4: cophenetic index 901; 1.3 s; peak memory 781 MiB.
2026-10-06T00:27:00Z INFO [2807/3678] 678c28e5-6774-4c55-b981-9b65e1809de2: cophenetic index 624; 0.6 s; peak memory 781 MiB.
2026-10-06T00:27:00Z INFO [2808/3678] 678c6cbf-a6e8-458a-bcab-6300059acb86: cophenetic index 624; 0.5 s; peak memory 781 MiB.
2026-10-06T00:27:02Z INFO [2809/3678] 678c915a-12bc-4084-ab19-114df98c8113: cophenetic index 991; 1.6 s; peak memory 781 MiB.
2026-10-06T00:27:03Z INFO [2810/3678] 678cadee-65b2-4b59-94b4-5cefc75fe4e7: cophenetic index 994; 0.6 s; peak memory 781 MiB.
2026-10-06T00:27:09Z INFO [2811/3678] 678d2633-f4a0-422e-a0b9-bfc651703925: cophenetic index 181914; 6.4 s; peak memory 781 MiB.
2026-10-06T00:27:10Z INFO [2812/3678] 678d3ea8-a93d-4b64-bc8c-76b04d7ed99a: cophenetic index 625; 0.5 s; peak memory 781 MiB.
2026-10-06T00:27:17Z INFO [2813/3678] 678d9e14-fd62-45e8-864f-20db5fd90ce3: cophenetic index 677263; 7.4 s; peak memory 781 MiB.
2026-10-06T00:27:18Z INFO [2814/3678] 678de358-2a43-4e92-8524-5e1f9c9e8e58: cophenetic index 624; 0.8 s; peak memory 781 MiB.
2026-10-06T00:27:20Z INFO [2815/3678] 678e58ce-e7bb-44fd-9c49-e7964f90577f: cophenetic index 173263; 2.6 s; peak memory 781 MiB.
2026-10-06T00:27:21Z INFO [2816/3678] 678e94b7-53ce-4198-9a2d-c60d1248d366: cophenetic index 3004; 0.7 s; peak memory 781 MiB.
2026-10-06T00:27:22Z INFO [2817/3678] 678e9725-ce02-4b75-bccf-789c8591e6ac: cophenetic index 34123; 0.7 s; peak memory 781 MiB.
2026-10-06T00:27:22Z INFO [2818/3678] 678eadaf-8534-45ff-9f2d-046bf067921f: cophenetic index 624; 0.6 s; peak memory 781 MiB.
2026-10-06T00:27:23Z INFO [2819/3678] 678f134d-c591-4a6d-adc9-c649984ec678: cophenetic index 624; 0.7 s; peak memory 781 MiB.
2026-10-06T00:27:24Z INFO [2820/3678] 678f1863-87d9-46fb-89b0-24095205a593: cophenetic index 3004; 0.9 s; peak memory 781 MiB.
2026-10-06T00:27:25Z INFO [2821/3678] 678f254d-ca39-453e-a60e-40f196d24f98: cophenetic index 432; 0.5 s; peak memory 781 MiB.
2026-10-06T00:27:26Z INFO [2822/3678] 678f4162-cce0-4490-a99d-57164d129f4f: cophenetic index 33986; 1.2 s; peak memory 781 MiB.
2026-10-06T00:27:30Z INFO [2823/3678] 678f4296-72b2-421e-9cfd-cf6c4cd4ad99: cophenetic index 68352; 4.4 s; peak memory 781 MiB.
2026-10-06T00:27:32Z INFO [2824/3678] 678f5d9f-03e7-4134-a6bc-6b6078ea43b6: cophenetic index 2391; 2.0 s; peak memory 781 MiB.
2026-10-06T00:27:33Z INFO [2825/3678] 678f86b9-d3cf-49f3-9d68-92d1cd2f529c: cophenetic index 2570; 1.2 s; peak memory 781 MiB.
2026-10-06T00:27:34Z INFO [2826/3678] 678fa286-c944-443f-9923-48e230d02a09: cophenetic index 572; 0.9 s; peak memory 781 MiB.
2026-10-06T00:27:35Z INFO [2827/3678] 678ff0a9-3b04-4739-a209-55860d8b2691: cophenetic index 605; 0.7 s; peak memory 781 MiB.
2026-10-06T00:27:59Z INFO [2828/3678] 67908cab-4445-4f3e-8aa4-4c4aa2ae17ec: cophenetic index 30305522; 24.1 s; peak memory 781 MiB.
2026-10-06T00:28:00Z INFO [2829/3678] 6790c628-3ecc-4393-98b0-6b18902c10f4: cophenetic index 3004; 1.1 s; peak memory 781 MiB.
2026-10-06T00:28:01Z INFO [2830/3678] 67911847-e40c-4768-a1ad-c44d271239d3: cophenetic index 2570; 1.3 s; peak memory 781 MiB.
2026-10-06T00:28:02Z INFO [2831/3678] 67912f37-cbd7-4bbf-991a-085466947552: cophenetic index 624; 0.7 s; peak memory 781 MiB.
2026-10-06T00:28:03Z INFO [2832/3678] 6791e29e-e0f1-42d2-a6e9-11c69833f766: cophenetic index 2625; 0.9 s; peak memory 781 MiB.
2026-10-06T00:28:05Z INFO [2833/3678] 6791f51c-3752-4b49-87be-c75d951598d8: cophenetic index 2469; 2.1 s; peak memory 781 MiB.
2026-10-06T00:28:06Z INFO [2834/3678] 6791f788-7a4f-499a-812b-2cc8bbb28615: cophenetic index 431; 0.5 s; peak memory 781 MiB.
2026-10-06T00:28:10Z INFO [2835/3678] 679220a5-aaa9-44b0-bf77-aaa28c67fbb0: cophenetic index 5466; 4.5 s; peak memory 781 MiB.
2026-10-06T00:28:11Z INFO [2836/3678] 67924935-9d49-4593-a03f-6b3e2aa6a7db: cophenetic index 624; 0.9 s; peak memory 781 MiB.
2026-10-06T00:28:12Z INFO [2837/3678] 6793730c-a8ef-45cc-b209-800f46cfda9e: cophenetic index 2625; 1.1 s; peak memory 781 MiB.
2026-10-06T00:28:13Z INFO [2838/3678] 67964106-62aa-45e4-9a49-f202cd3b1c1c: cophenetic index 3215; 0.6 s; peak memory 781 MiB.
2026-10-06T00:28:13Z INFO [2839/3678] 679791c4-69e3-44bf-bf5b-12875889f9e2: cophenetic index 649; 0.8 s; peak memory 781 MiB.
2026-10-06T00:28:14Z INFO [2840/3678] 679794a6-e75c-4f4d-817b-d26931e23e21: cophenetic index 3192; 0.8 s; peak memory 781 MiB.
2026-10-06T00:28:15Z INFO [2841/3678] 6798ceab-e49e-4cbc-8a53-547a1df99f3f: cophenetic index 624; 0.8 s; peak memory 781 MiB.
2026-10-06T00:28:16Z INFO [2842/3678] 67992cda-1c46-4a84-b6a5-232fe345a334: cophenetic index 624; 0.8 s; peak memory 781 MiB.
2026-10-06T00:28:17Z INFO [2843/3678] 67992ddf-9a02-457b-997a-356c4abb631a: cophenetic index 1380; 1.0 s; peak memory 781 MiB.
2026-10-06T00:28:19Z INFO [2844/3678] 679960b0-90ab-48a5-9dc4-6323b743030c: cophenetic index 2682; 2.2 s; peak memory 781 MiB.
2026-10-06T00:28:22Z INFO [2845/3678] 679976cf-8c90-45d8-a099-44bea8da90e4: cophenetic index 2236; 2.6 s; peak memory 781 MiB.
2026-10-06T00:28:22Z INFO [2846/3678] 6799b2d4-3647-4123-bcfc-41d597df0338: cophenetic index 651; 0.7 s; peak memory 781 MiB.
2026-10-06T00:28:24Z INFO [2847/3678] 679a9777-fc28-43cc-b5f3-0d131cdd154e: cophenetic index 895; 1.7 s; peak memory 781 MiB.
2026-10-06T00:28:24Z INFO [2848/3678] 679b8002-dd33-4218-8326-656cda020b85: cophenetic index 413; 0.6 s; peak memory 781 MiB.
2026-10-06T00:28:26Z INFO [2849/3678] 679b8ec0-625a-4afa-aa45-8d6aa1c0ef34: cophenetic index 515; 1.1 s; peak memory 781 MiB.
2026-10-06T00:28:26Z INFO [2850/3678] 679c2351-1fb5-4c9b-bba1-eceec9ef11c6: cophenetic index 3004; 0.9 s; peak memory 781 MiB.
2026-10-06T00:28:27Z INFO [2850/3678] 679c2351-1fb5-4c9b-bba1-eceec9ef11c6: checkpointed 96648 records.
2026-10-06T00:28:28Z INFO [2851/3678] 679c6dfe-32c6-44d9-a1c5-e1a7d934dd51: cophenetic index 850; 1.3 s; peak memory 781 MiB.
2026-10-06T00:28:28Z INFO [2852/3678] 679ddee9-f936-4234-8946-7da53bcd9059: cophenetic index 490; 0.5 s; peak memory 781 MiB.
2026-10-06T00:28:29Z INFO [2853/3678] 679e94a3-f421-4462-8c5e-37c00eb90b48: cophenetic index 608; 0.5 s; peak memory 781 MiB.
2026-10-06T00:28:29Z INFO [2854/3678] 679fa272-740d-473d-8dda-6fc660f5d35d: cophenetic index 579; 0.5 s; peak memory 781 MiB.
2026-10-06T00:28:30Z INFO [2855/3678] 67a06a2c-9d51-4aea-b988-0d9a785c1198: cophenetic index 466; 1.0 s; peak memory 781 MiB.
2026-10-06T00:28:37Z INFO [2856/3678] 67a0fd17-7294-4773-87b6-005cf9977b43: cophenetic index 130557; 6.7 s; peak memory 781 MiB.
2026-10-06T00:28:38Z INFO [2857/3678] 67a131b5-8dd3-42f4-b306-2b4e0a550414: cophenetic index 33968; 1.1 s; peak memory 781 MiB.
2026-10-06T00:28:40Z INFO [2858/3678] 67a19efd-8f99-49ac-b2f3-f855f23812ff: cophenetic index 3429; 1.8 s; peak memory 781 MiB.
2026-10-06T00:28:40Z INFO [2859/3678] 67a2a3cf-b5f2-4c1d-bee9-43b08eebe6ea: cophenetic index 433; 0.5 s; peak memory 781 MiB.
2026-10-06T00:28:47Z INFO [2860/3678] 67a3fa80-f9b7-4669-9ac7-61230750b168: cophenetic index 237242; 6.5 s; peak memory 781 MiB.
2026-10-06T00:28:48Z INFO [2861/3678] 67a4378f-7627-4ccf-b327-0bd248c1055d: cophenetic index 624; 0.7 s; peak memory 781 MiB.
2026-10-06T00:28:48Z INFO [2862/3678] 67a47840-6720-40fa-9fce-76be3ae1c8b5: cophenetic index 624; 0.7 s; peak memory 781 MiB.
2026-10-06T00:28:49Z INFO [2863/3678] 67a48606-c5f4-4953-9cad-fac66c9159c0: cophenetic index 433; 0.5 s; peak memory 781 MiB.
2026-10-06T00:28:50Z INFO [2864/3678] 67a4a4dc-4fbf-4844-a47c-e8b118575d25: cophenetic index 33986; 0.9 s; peak memory 781 MiB.
2026-10-06T00:28:51Z INFO [2865/3678] 67a578ae-885b-49ba-bc7a-6472d38ee8a0: cophenetic index 624; 0.9 s; peak memory 781 MiB.
2026-10-06T00:28:51Z INFO [2866/3678] 67a65b9b-a822-4334-a43b-4a69175e04f5: cophenetic index 3004; 0.7 s; peak memory 781 MiB.
2026-10-06T00:28:52Z INFO [2867/3678] 67a6d5b9-ca58-40e8-b716-a95c3612e69b: cophenetic index 624; 0.7 s; peak memory 781 MiB.
2026-10-06T00:28:53Z INFO [2868/3678] 67a6f009-538b-4cb9-b567-1dcacc8e5901: cophenetic index 1739; 1.0 s; peak memory 781 MiB.
2026-10-06T00:28:54Z INFO [2869/3678] 67a76cef-35a1-4056-ae29-8db379ee6c9a: cophenetic index 649; 0.9 s; peak memory 781 MiB.
2026-10-06T00:28:55Z INFO [2870/3678] 67a8131b-03e5-4d82-8095-53d93ccfe41c: cophenetic index 624; 0.6 s; peak memory 781 MiB.
2026-10-06T00:29:00Z INFO [2871/3678] 67a9a538-d08f-4535-9de8-9a89ea58feb9: cophenetic index 12152; 5.0 s; peak memory 781 MiB.
2026-10-06T00:29:01Z INFO [2872/3678] 67a9d21f-3fd1-42ff-adc7-5a8aa46cb39d: cophenetic index 2625; 1.3 s; peak memory 781 MiB.
2026-10-06T00:29:05Z INFO [2873/3678] 67aac044-e5b0-460c-916a-832d225d269c: cophenetic index 13178; 4.3 s; peak memory 781 MiB.
2026-10-06T00:29:08Z INFO [2874/3678] 67aae245-5ccf-460b-a54b-f1c9b2f9aabb: cophenetic index 4870; 3.2 s; peak memory 781 MiB.
2026-10-06T00:29:09Z INFO [2875/3678] 67ab2d98-fdfa-491f-b5b1-58ca9ed7ac59: cophenetic index 762; 0.6 s; peak memory 781 MiB.
2026-10-06T00:29:15Z INFO [2876/3678] 67ab59aa-3fd5-47d4-9538-ecead9da886a: cophenetic index 140867; 5.6 s; peak memory 781 MiB.
2026-10-06T00:29:15Z INFO [2877/3678] 67ab7a5b-58b2-419b-8f48-d8c833f4c6ec: cophenetic index 624; 0.7 s; peak memory 781 MiB.
2026-10-06T00:29:16Z INFO [2878/3678] 67abd37d-e7fb-400c-a6cc-3c497d59b052: cophenetic index 2625; 0.8 s; peak memory 781 MiB.
2026-10-06T00:29:16Z INFO [2879/3678] 67abe8ca-3b08-4819-8104-ee62b5607bcd: cophenetic index 490; 0.4 s; peak memory 781 MiB.
2026-10-06T00:29:17Z INFO [2880/3678] 67acdfe3-38ce-4718-ac86-a351de47e770: cophenetic index 3215; 0.5 s; peak memory 781 MiB.
2026-10-06T00:29:18Z INFO [2881/3678] 67ad0047-938e-4549-a1f7-cf7379163017: cophenetic index 3087; 0.9 s; peak memory 781 MiB.
2026-10-06T00:29:25Z INFO [2882/3678] 67ad07c1-af70-4ef6-97f4-0eca18327493: cophenetic index 14788; 6.8 s; peak memory 781 MiB.
2026-10-06T00:29:25Z INFO [2883/3678] 67ad4054-1c6b-4868-a684-0408cfea07cc: cophenetic index 624; 0.8 s; peak memory 781 MiB.
2026-10-06T00:29:26Z INFO [2884/3678] 67ad4672-fa46-4772-8142-80fe0e8a8390: cophenetic index 624; 0.6 s; peak memory 781 MiB.
2026-10-06T00:29:27Z INFO [2885/3678] 67adb00c-4e6a-4e7f-ab03-f150ddd32e2c: cophenetic index 3087; 1.0 s; peak memory 781 MiB.
2026-10-06T00:29:28Z INFO [2886/3678] 67ae15bd-80ca-42d6-b264-b9b4aedfeea2: cophenetic index 624; 0.8 s; peak memory 781 MiB.
2026-10-06T00:29:35Z INFO [2887/3678] 67ae661e-af1c-4b9a-abe6-7676784097bc: cophenetic index 186327; 7.3 s; peak memory 781 MiB.
2026-10-06T00:29:36Z INFO [2888/3678] 67ae8110-2654-4419-a464-7a70a914314e: cophenetic index 2920; 0.8 s; peak memory 781 MiB.
2026-10-06T00:29:37Z INFO [2889/3678] 67aed1f5-d02d-40f9-8936-33440648cb0b: cophenetic index 624; 0.7 s; peak memory 781 MiB.
2026-10-06T00:29:38Z INFO [2890/3678] 67af999d-bfd8-4c67-9346-80dea126bd1a: cophenetic index 3087; 0.8 s; peak memory 781 MiB.
2026-10-06T00:29:38Z INFO [2891/3678] 67b10039-6747-4090-a135-4f41e3ba7c18: cophenetic index 452; 0.8 s; peak memory 781 MiB.
2026-10-06T00:29:41Z INFO [2892/3678] 67b18f9e-90ac-4b73-abe3-636e12a5e0c4: cophenetic index 5473; 2.2 s; peak memory 781 MiB.
2026-10-06T00:29:41Z INFO [2893/3678] 67b19f38-6f18-44f5-b024-bfd4dd5daf6f: cophenetic index 3004; 0.8 s; peak memory 781 MiB.
2026-10-06T00:29:43Z INFO [2894/3678] 67b23940-a055-4eb2-91cc-9f7c6916ffb2: cophenetic index 2570; 1.2 s; peak memory 781 MiB.
2026-10-06T00:29:43Z INFO [2895/3678] 67b26d51-ac1e-4fd1-917a-eecdb4ce9035: cophenetic index 624; 0.8 s; peak memory 781 MiB.
2026-10-06T00:29:49Z INFO [2896/3678] 67b2af7d-6bd8-4979-a02d-080f2c8dc67f: cophenetic index 99531; 5.2 s; peak memory 781 MiB.
2026-10-06T00:29:56Z INFO [2897/3678] 67b30276-49e0-444a-8e37-23e29f291dbf: cophenetic index 4189739; 7.2 s; peak memory 781 MiB.
2026-10-06T00:29:57Z INFO [2898/3678] 67b38016-12ce-4e99-940c-d9506a65493e: cophenetic index 624; 0.8 s; peak memory 781 MiB.
2026-10-06T00:29:57Z INFO [2899/3678] 67b46dc7-9656-4f5c-b491-564062883895: cophenetic index 624; 0.7 s; peak memory 781 MiB.
2026-10-06T00:29:58Z INFO [2900/3678] 67b4fbac-2707-4199-8dbf-76e93cf26670: cophenetic index 2625; 1.0 s; peak memory 781 MiB.
2026-10-06T00:29:58Z INFO [2900/3678] 67b4fbac-2707-4199-8dbf-76e93cf26670: checkpointed 96698 records.
2026-10-06T00:30:00Z INFO [2901/3678] 67b518d2-0d3a-430f-a09e-accc09a52c94: cophenetic index 605; 1.3 s; peak memory 781 MiB.
2026-10-06T00:30:01Z INFO [2902/3678] 67b5b680-5246-435a-a92e-1547b950369f: cophenetic index 3004; 1.1 s; peak memory 781 MiB.
2026-10-06T00:30:01Z INFO [2903/3678] 67b6653f-17ed-43ac-ad70-583314fb494a: cophenetic index 651; 0.5 s; peak memory 781 MiB.
2026-10-06T00:30:02Z INFO [2904/3678] 67b69b41-b50c-4aa1-92ec-05341852847a: cophenetic index 2625; 1.0 s; peak memory 781 MiB.
2026-10-06T00:30:03Z INFO [2905/3678] 67b8823c-f2bd-4b65-92ae-5f69fc2e93d3: cophenetic index 649; 0.7 s; peak memory 781 MiB.
2026-10-06T00:30:04Z INFO [2906/3678] 67b975d4-eb7a-41ad-a407-def7bbf5f8df: cophenetic index 3004; 0.9 s; peak memory 781 MiB.
2026-10-06T00:30:05Z INFO [2907/3678] 67b9994d-ca14-4e8a-b1c3-defc39f8f149: cophenetic index 605; 0.7 s; peak memory 781 MiB.
2026-10-06T00:30:05Z INFO [2908/3678] 67bbd311-f22e-45f3-9cb4-e965557cf6e8: cophenetic index 3087; 0.8 s; peak memory 781 MiB.
2026-10-06T00:30:06Z INFO [2909/3678] 67bc586c-7995-471c-9ddd-7c104cb53a50: cophenetic index 766; 0.8 s; peak memory 781 MiB.
2026-10-06T00:30:07Z INFO [2910/3678] 67bcb6e3-fc9e-4a3c-8a49-72ec98445ec4: cophenetic index 649; 0.6 s; peak memory 781 MiB.
2026-10-06T00:30:08Z INFO [2911/3678] 67bcbf8c-ccb1-43eb-ac3f-234b57d7ab32: cophenetic index 33958; 0.9 s; peak memory 781 MiB.
2026-10-06T00:30:09Z INFO [2912/3678] 67bceae1-a8a1-40e4-b61c-ed87fef2eff9: cophenetic index 3004; 0.9 s; peak memory 781 MiB.
2026-10-06T00:30:09Z INFO [2913/3678] 67bd9e6d-aca4-4964-8209-f8b98c269acb: cophenetic index 2625; 0.8 s; peak memory 781 MiB.
2026-10-06T00:30:10Z INFO [2914/3678] 67bdd390-87a8-471e-a681-8a032161d933: cophenetic index 766; 0.9 s; peak memory 781 MiB.
2026-10-06T00:30:14Z INFO [2915/3678] 67be19ce-3dbf-4256-8358-7ade8b2ef325: cophenetic index 9548; 3.4 s; peak memory 781 MiB.
2026-10-06T00:30:14Z INFO [2916/3678] 67bf213a-5e0a-4b75-9ccf-b5be206b4ab8: cophenetic index 2570; 0.9 s; peak memory 781 MiB.
2026-10-06T00:30:19Z INFO [2917/3678] 67bf8ca5-e89c-493b-b754-ccfd38a4bd59: cophenetic index 119241; 4.3 s; peak memory 781 MiB.
2026-10-06T00:30:20Z INFO [2918/3678] 67c068a3-d62f-4a5e-9dce-af539cb29290: cophenetic index 2625; 1.2 s; peak memory 781 MiB.
2026-10-06T00:30:28Z INFO [2919/3678] 67c0b1a8-7373-497c-85ed-cb77df920314: cophenetic index 49783; 7.9 s; peak memory 781 MiB.
2026-10-06T00:30:30Z INFO [2920/3678] 67c156b9-1a32-4d76-ad0f-d2df9b910cea: cophenetic index 2402; 1.9 s; peak memory 781 MiB.
2026-10-06T00:30:31Z INFO [2921/3678] 67c15c9f-1acc-42ca-afb7-4ab11b61903e: cophenetic index 649; 0.9 s; peak memory 781 MiB.
2026-10-06T00:30:32Z INFO [2922/3678] 67c2126f-fcd5-4195-bc09-494830235a4a: cophenetic index 3087; 1.1 s; peak memory 781 MiB.
2026-10-06T00:30:38Z INFO [2923/3678] 67c216fc-3277-40b7-9375-6f1c84d73549: cophenetic index 369660; 6.5 s; peak memory 781 MiB.
2026-10-06T00:30:39Z INFO [2924/3678] 67c25268-d08d-402c-9a81-6d76243be409: cophenetic index 3087; 0.8 s; peak memory 781 MiB.
2026-10-06T00:30:40Z INFO [2925/3678] 67c31445-2d44-4412-aabc-597fa1c1a602: cophenetic index 624; 0.7 s; peak memory 781 MiB.
2026-10-06T00:30:44Z INFO [2926/3678] 67c476c5-c74d-4d7d-87ae-a7a9b400456b: cophenetic index 9298; 4.2 s; peak memory 781 MiB.
2026-10-06T00:30:45Z INFO [2927/3678] 67c4f1c8-2a22-4177-b7e0-4d89f3dc5d7b: cophenetic index 3004; 1.1 s; peak memory 781 MiB.
2026-10-06T00:30:46Z INFO [2928/3678] 67c4f33e-79a6-4cb5-a438-7dddc31527f8: cophenetic index 99138; 1.2 s; peak memory 781 MiB.
2026-10-06T00:31:06Z INFO [2929/3678] 67c5a765-01b6-428f-a17f-4b4b55543742: cophenetic index 123210497; 19.4 s; peak memory 781 MiB.
2026-10-06T00:31:06Z INFO [2930/3678] 67c6fbc3-f23c-4e29-bcd6-5c12fffd6a05: cophenetic index 3004; 0.7 s; peak memory 781 MiB.
2026-10-06T00:31:07Z INFO [2931/3678] 67c740f7-905a-40d2-91a8-2fa3b18e5323: cophenetic index 687; 0.8 s; peak memory 781 MiB.
2026-10-06T00:31:08Z INFO [2932/3678] 67c7d2cc-fffc-414f-9aab-e7754bdf31ea: cophenetic index 1680; 1.4 s; peak memory 781 MiB.
2026-10-06T00:31:10Z INFO [2933/3678] 67c7fc33-881f-4d27-b8b3-d2ad8a003cf1: cophenetic index 1087; 1.3 s; peak memory 781 MiB.
2026-10-06T00:31:12Z INFO [2934/3678] 67c84be5-58c3-46e3-b7b0-394e537d2c17: cophenetic index 2241; 2.2 s; peak memory 781 MiB.
2026-10-06T00:31:13Z INFO [2935/3678] 67ca888f-1db1-4c16-a3cd-c829b3e0a9ee: cophenetic index 560; 0.8 s; peak memory 781 MiB.
2026-10-06T00:31:15Z INFO [2936/3678] 67cbba4b-1b49-46a3-98e6-e50beb3bd377: cophenetic index 325628; 1.8 s; peak memory 781 MiB.
2026-10-06T00:31:15Z INFO [2937/3678] 67cbec63-4f91-4e2b-b3d3-08d2d8bd7533: cophenetic index 624; 0.7 s; peak memory 781 MiB.
2026-10-06T00:31:16Z INFO [2938/3678] 67cc86ef-eacf-45d9-aade-9bce58d9859d: cophenetic index 624; 0.8 s; peak memory 781 MiB.
2026-10-06T00:31:17Z INFO [2939/3678] 67cd1fda-e9fa-4c77-a6e6-17cbf1e121bf: cophenetic index 624; 0.8 s; peak memory 781 MiB.
2026-10-06T00:31:18Z INFO [2940/3678] 67cd37d4-b323-42d2-8a9b-09ed1afa13cb: cophenetic index 2701; 1.0 s; peak memory 781 MiB.
2026-10-06T00:31:26Z INFO [2941/3678] 67ce1a00-4217-47d3-92c2-3bd6588dab9d: cophenetic index 204449; 8.1 s; peak memory 781 MiB.
2026-10-06T00:31:27Z INFO [2942/3678] 67ce6a90-f764-4687-8fbf-5be5d3d1a7a2: cophenetic index 624; 0.8 s; peak memory 781 MiB.
2026-10-06T00:31:28Z INFO [2943/3678] 67cf6faf-134f-42bd-95ba-d9c40bb8cc85: cophenetic index 431; 1.0 s; peak memory 781 MiB.
2026-10-06T00:31:29Z INFO [2944/3678] 67cfb3ff-504a-4cfa-a812-119637690881: cophenetic index 1380; 1.3 s; peak memory 781 MiB.
2026-10-06T00:31:30Z INFO [2945/3678] 67d02865-1d23-421d-85ce-3026cefeb1d0: cophenetic index 2625; 1.0 s; peak memory 781 MiB.
2026-10-06T00:31:31Z INFO [2946/3678] 67d1b1c5-4cbf-40e6-b4e7-29e22f658b04: cophenetic index 2105; 1.2 s; peak memory 781 MiB.
2026-10-06T00:31:32Z INFO [2947/3678] 67d1b33d-3527-462a-8834-d5a37c301e5d: cophenetic index 3087; 0.8 s; peak memory 781 MiB.
2026-10-06T00:31:33Z INFO [2948/3678] 67d39935-a000-4b61-a260-7cb43c2fe46a: cophenetic index 624; 0.7 s; peak memory 781 MiB.
2026-10-06T00:31:34Z INFO [2949/3678] 67d47883-2a77-40b8-b086-a0105dd589b7: cophenetic index 13320; 1.0 s; peak memory 781 MiB.
2026-10-06T00:31:35Z INFO [2950/3678] 67d479d5-63d7-4bea-91f6-b888eca49416: cophenetic index 33998; 1.3 s; peak memory 781 MiB.
2026-10-06T00:31:35Z INFO [2950/3678] 67d479d5-63d7-4bea-91f6-b888eca49416: checkpointed 96748 records.
2026-10-06T00:31:36Z INFO [2951/3678] 67d47c1a-2eff-4548-801c-efeaeab7470b: cophenetic index 431; 0.8 s; peak memory 781 MiB.
2026-10-06T00:31:38Z INFO [2952/3678] 67d53b44-bef6-43a9-afe4-5a30251f59fc: cophenetic index 688; 1.8 s; peak memory 781 MiB.
2026-10-06T00:31:39Z INFO [2953/3678] 67d574f7-7983-45c9-a898-adbea0beec49: cophenetic index 2724; 1.0 s; peak memory 781 MiB.
2026-10-06T00:31:40Z INFO [2954/3678] 67d69746-7402-4b60-82dc-6cf094ff28a4: cophenetic index 649; 0.9 s; peak memory 781 MiB.
2026-10-06T00:31:42Z INFO [2955/3678] 67d6cf9c-6052-4309-86b0-69cd03bdcce7: cophenetic index 33998; 2.0 s; peak memory 781 MiB.
2026-10-06T00:31:43Z INFO [2956/3678] 67d8c2f7-552d-4363-99b4-bd0937d733db: cophenetic index 2005; 1.0 s; peak memory 781 MiB.
2026-10-06T00:31:43Z INFO [2957/3678] 67d934cc-dff1-4cc9-a1b0-de3b97fb063b: cophenetic index 739; 0.6 s; peak memory 781 MiB.
2026-10-06T00:31:44Z INFO [2958/3678] 67d9d937-6c37-4c07-b6a6-bd71c7b57b39: cophenetic index 441; 0.8 s; peak memory 781 MiB.
2026-10-06T00:31:44Z INFO [2959/3678] 67da05d5-a068-40bb-85a9-ecf64532411c: cophenetic index 490; 0.5 s; peak memory 781 MiB.
2026-10-06T00:31:50Z INFO [2960/3678] 67db8d0b-54ce-4b5a-ae56-6c928cb81662: cophenetic index 89218; 5.7 s; peak memory 781 MiB.
2026-10-06T00:31:56Z INFO [2961/3678] 67dc01f3-1cd3-482d-aa9e-c989e130c6b2: cophenetic index 9615849; 5.5 s; peak memory 781 MiB.
2026-10-06T00:31:57Z INFO [2962/3678] 67dc2d6a-e458-4906-ae6a-40f5bd3c9ecd: cophenetic index 2570; 1.1 s; peak memory 781 MiB.
2026-10-06T00:31:58Z INFO [2963/3678] 67dcb6df-c109-4983-8d43-970383a3f081: cophenetic index 2056; 1.3 s; peak memory 781 MiB.
2026-10-06T00:31:59Z INFO [2964/3678] 67dec5ec-603b-47ef-9c09-7219fb1e6bab: cophenetic index 718; 1.1 s; peak memory 781 MiB.
2026-10-06T00:32:00Z INFO [2965/3678] 67deec94-647a-41c5-b872-369c2d753826: cophenetic index 2974; 0.8 s; peak memory 781 MiB.
2026-10-06T00:32:00Z INFO [2966/3678] 67df6b04-1dbe-4f7e-86f9-fee96c79f0bb: cophenetic index 579; 0.6 s; peak memory 781 MiB.
2026-10-06T00:32:01Z INFO [2967/3678] 67e16ee7-1c06-4b2c-8464-8d29c4ae1604: cophenetic index 466; 0.8 s; peak memory 781 MiB.
2026-10-06T00:32:02Z INFO [2968/3678] 67e24c1e-5b16-466c-bb4c-26caf438aacf: cophenetic index 3004; 0.8 s; peak memory 781 MiB.
2026-10-06T00:32:03Z INFO [2969/3678] 67e25c23-607c-4da6-9cd6-865d10303008: cophenetic index 2654; 1.3 s; peak memory 781 MiB.
2026-10-06T00:32:04Z INFO [2970/3678] 67e29621-65c8-462e-95b6-d6d063b7b74a: cophenetic index 624; 0.7 s; peak memory 781 MiB.
2026-10-06T00:32:05Z INFO [2971/3678] 67e2a6da-3097-40ad-a0f9-8e9d4ab6cdfd: cophenetic index 2974; 0.8 s; peak memory 781 MiB.
2026-10-06T00:32:05Z INFO [2972/3678] 67e2fd0e-b694-4f0a-bfb1-15d4e6601245: cophenetic index 2625; 0.7 s; peak memory 781 MiB.
2026-10-06T00:32:10Z INFO [2973/3678] 67e3ce6d-ceac-4e13-830c-db85159f27fc: cophenetic index 9298; 4.2 s; peak memory 781 MiB.
2026-10-06T00:32:10Z INFO [2974/3678] 67e40f3c-5e1d-4dc5-b94a-f3fd257d8ae5: cophenetic index 1228; 0.6 s; peak memory 781 MiB.
2026-10-06T00:32:11Z INFO [2975/3678] 67e56d6b-e78a-4b25-826e-cb42bf65e720: cophenetic index 624; 1.1 s; peak memory 781 MiB.
2026-10-06T00:32:20Z INFO [2976/3678] 67e5dc39-3f4e-478f-8abd-64bc037918f5: cophenetic index 49912; 8.5 s; peak memory 781 MiB.
2026-10-06T00:32:21Z INFO [2977/3678] 67e6014e-f6b1-46fe-adae-7cc39aeea517: cophenetic index 33998; 1.3 s; peak memory 781 MiB.
2026-10-06T00:32:22Z INFO [2978/3678] 67e60771-7c53-40b1-bd43-954e9b705ff7: cophenetic index 431; 0.7 s; peak memory 781 MiB.
2026-10-06T00:32:22Z INFO [2979/3678] 67e73cfa-6539-481d-b1f2-3dff062434c0: cophenetic index 1082; 0.6 s; peak memory 781 MiB.
2026-10-06T00:32:23Z INFO [2980/3678] 67e7683d-6790-4f98-a6b1-d3a5aeaa74c0: cophenetic index 725; 1.0 s; peak memory 781 MiB.
2026-10-06T00:32:24Z INFO [2981/3678] 67e76cb0-d7e6-46e7-8fc3-9757f10d1cb8: cophenetic index 641; 0.8 s; peak memory 781 MiB.
2026-10-06T00:32:25Z INFO [2982/3678] 67e7b305-1a09-422e-bf4e-790bf0f8444f: cophenetic index 3004; 0.8 s; peak memory 781 MiB.
2026-10-06T00:32:26Z INFO [2983/3678] 67e7bd67-2411-49b5-b777-a26ab6689b2c: cophenetic index 3972; 1.2 s; peak memory 781 MiB.
2026-10-06T00:32:27Z INFO [2984/3678] 67e7cc0e-85c3-4452-add6-e4152431fd7b: cophenetic index 34802; 1.0 s; peak memory 781 MiB.
2026-10-06T00:32:31Z INFO [2985/3678] 67e884db-31ef-417c-85b3-ebecc04bb338: cophenetic index 87401; 3.9 s; peak memory 781 MiB.
2026-10-06T00:32:35Z INFO [2986/3678] 67e8c5c9-40f5-444f-bec5-2f2d44e68910: cophenetic index 41599; 4.0 s; peak memory 781 MiB.
2026-10-06T00:32:36Z INFO [2987/3678] 67e8cc88-53e0-45f3-9d49-5cdc1604d5fc: cophenetic index 1949; 0.6 s; peak memory 781 MiB.
2026-10-06T00:32:39Z INFO [2988/3678] 67e9016e-5731-49ed-9301-88907cd84c85: cophenetic index 5473; 3.0 s; peak memory 781 MiB.
2026-10-06T00:32:40Z INFO [2989/3678] 67e9047b-3818-4d58-8080-1fd3484eb04e: cophenetic index 33968; 0.9 s; peak memory 781 MiB.
2026-10-06T00:32:42Z INFO [2990/3678] 67e94ab3-66d8-47c2-827a-cb5131986e8d: cophenetic index 2299; 2.3 s; peak memory 781 MiB.
2026-10-06T00:32:52Z INFO [2991/3678] 67eb5f34-2d98-445c-83ea-58d46f28d39b: cophenetic index 24071; 10.5 s; peak memory 781 MiB.
2026-10-06T00:32:53Z INFO [2992/3678] 67eb8143-ddf6-453d-82a1-0ba0b0bc12c6: cophenetic index 605; 1.0 s; peak memory 781 MiB.
2026-10-06T00:32:55Z INFO [2993/3678] 67ec65dc-6735-4536-a469-365ec4b3a583: cophenetic index 2625; 1.2 s; peak memory 781 MiB.
2026-10-06T00:32:57Z INFO [2994/3678] 67ec8bea-4544-496a-b406-e8c823b2f000: cophenetic index 2469; 1.9 s; peak memory 781 MiB.
2026-10-06T00:33:00Z INFO [2995/3678] 67ecb2f6-dbef-4079-9457-3a87f206b426: cophenetic index 31551; 3.5 s; peak memory 781 MiB.
2026-10-06T00:33:01Z INFO [2996/3678] 67ecc2f6-5c94-420d-b453-e5cc5e17a56e: cophenetic index 1448; 0.7 s; peak memory 781 MiB.
2026-10-06T00:33:02Z INFO [2997/3678] 67ed14ec-a1bc-4aef-bcf1-438f086b9f68: cophenetic index 958; 0.8 s; peak memory 781 MiB.
2026-10-06T00:33:02Z INFO [2998/3678] 67ed26ee-a7a8-45b8-a7c5-258081378cb8: cophenetic index 1949; 0.9 s; peak memory 781 MiB.
2026-10-06T00:33:03Z INFO [2999/3678] 67edcbf5-e27a-4f63-975a-97bed817a9ed: cophenetic index 431; 1.0 s; peak memory 781 MiB.
2026-10-06T00:33:04Z INFO [3000/3678] 67ee3f73-01dd-4b01-8514-a51ef3854cca: cophenetic index 3087; 0.6 s; peak memory 781 MiB.
2026-10-06T00:33:04Z INFO [3000/3678] 67ee3f73-01dd-4b01-8514-a51ef3854cca: checkpointed 96798 records.
2026-10-06T00:33:05Z INFO [3001/3678] 67ee40b6-9e05-4c75-9c6f-eb4521fd496a: cophenetic index 590; 0.8 s; peak memory 781 MiB.
2026-10-06T00:33:05Z INFO [3002/3678] 67ee5bf3-68f5-400d-a45a-40960d448df1: cophenetic index 749; 0.4 s; peak memory 781 MiB.
2026-10-06T00:33:06Z INFO [3003/3678] 67eed19a-9a49-45e2-925f-1b4193244a44: cophenetic index 3087; 0.8 s; peak memory 781 MiB.
2026-10-06T00:33:08Z INFO [3004/3678] 67eeedda-de37-4e52-8c5c-7ed5641c0623: cophenetic index 33998; 1.3 s; peak memory 781 MiB.
2026-10-06T00:33:08Z INFO [3005/3678] 67ef00a1-e6db-431e-b142-145bdbd5d83e: cophenetic index 624; 0.7 s; peak memory 781 MiB.
2026-10-06T00:33:09Z INFO [3006/3678] 67efc4a3-daad-411c-8552-316572fca35b: cophenetic index 486; 0.7 s; peak memory 781 MiB.
2026-10-06T00:33:10Z INFO [3007/3678] 67f0697d-dee8-43cb-8a19-ba9ddad6a65e: cophenetic index 2625; 1.1 s; peak memory 781 MiB.
2026-10-06T00:33:12Z INFO [3008/3678] 67f0b0d9-26ce-4e05-baee-837b03c7e870: cophenetic index 1970; 2.3 s; peak memory 781 MiB.
2026-10-06T00:33:13Z INFO [3009/3678] 67f2046d-ce3a-407d-87b1-cd5c078aaedf: cophenetic index 490; 0.5 s; peak memory 781 MiB.
2026-10-06T00:33:14Z INFO [3010/3678] 67f22a61-a3f1-4638-b363-4ed22913e33d: cophenetic index 624; 0.8 s; peak memory 781 MiB.
2026-10-06T00:33:15Z INFO [3011/3678] 67f26356-8a13-4b76-91e5-da605615e5a4: cophenetic index 16190; 1.5 s; peak memory 781 MiB.
2026-10-06T00:33:16Z INFO [3012/3678] 67f28145-0aa4-48e7-909f-855972ba7e17: cophenetic index 3087; 0.8 s; peak memory 781 MiB.
2026-10-06T00:33:17Z INFO [3013/3678] 67f2e49e-e280-4431-956e-1d3e6e748b4f: cophenetic index 605; 1.0 s; peak memory 781 MiB.
2026-10-06T00:33:18Z INFO [3014/3678] 67f34d95-1b98-4353-9cb8-569c2cc4403e: cophenetic index 646; 0.8 s; peak memory 781 MiB.
2026-10-06T00:33:20Z INFO [3015/3678] 67f46f4e-66d6-414c-913d-0002a94a6201: cophenetic index 3342; 1.9 s; peak memory 781 MiB.
2026-10-06T00:33:21Z INFO [3016/3678] 67f54acd-3dc9-4605-92ec-266eaa8c85eb: cophenetic index 431; 1.2 s; peak memory 781 MiB.
2026-10-06T00:33:21Z INFO [3017/3678] 67f9045f-3fc8-4343-aca3-e7abd599f481: cophenetic index 624; 0.6 s; peak memory 781 MiB.
2026-10-06T00:33:23Z INFO [3018/3678] 67fa9fe7-9a8d-4313-a29d-83635a0c155c: cophenetic index 99150; 1.2 s; peak memory 781 MiB.
2026-10-06T00:33:23Z INFO [3019/3678] 67faa820-d666-4de6-be21-f75a985d703c: cophenetic index 713; 0.5 s; peak memory 781 MiB.
2026-10-06T00:33:24Z INFO [3020/3678] 67fabfa4-4f87-4aa8-a56b-36bc7257e4c4: cophenetic index 2625; 0.9 s; peak memory 781 MiB.
2026-10-06T00:33:28Z INFO [3021/3678] 67fac176-e05d-4547-ae24-da73b11ab95d: cophenetic index 53096; 4.1 s; peak memory 781 MiB.
2026-10-06T00:33:29Z INFO [3022/3678] 67facf12-1d2a-4242-9133-67d0701dac0d: cophenetic index 2974; 0.8 s; peak memory 781 MiB.
2026-10-06T00:33:30Z INFO [3023/3678] 67fb2818-2e04-4940-b0c2-54850ef3d401: cophenetic index 624; 0.8 s; peak memory 781 MiB.
2026-10-06T00:33:31Z INFO [3024/3678] 67fb4808-88b5-47c7-8dc1-a4c6a9389747: cophenetic index 6490; 1.7 s; peak memory 781 MiB.
2026-10-06T00:33:35Z INFO [3025/3678] 67fbd766-7127-4c6f-b54d-8c14ff820c2e: cophenetic index 61049; 3.6 s; peak memory 781 MiB.
2026-10-06T00:33:36Z INFO [3026/3678] 67fbf1fc-02e2-41ea-a05c-840e8ed21688: cophenetic index 2625; 0.9 s; peak memory 781 MiB.
2026-10-06T00:33:36Z INFO [3027/3678] 67fc18dc-f263-463c-b1d0-8de0791f5d6b: cophenetic index 490; 0.5 s; peak memory 781 MiB.
2026-10-06T00:33:37Z INFO [3028/3678] 67fcfa52-16bc-4c23-aba9-9c7d7d93a36b: cophenetic index 2496; 1.0 s; peak memory 781 MiB.
2026-10-06T00:33:38Z INFO [3029/3678] 67fd4d06-d9e0-49ad-a171-9195c2a183d2: cophenetic index 624; 0.8 s; peak memory 781 MiB.
2026-10-06T00:33:40Z INFO [3030/3678] 67fdb6cb-9097-476f-8f73-3240c89f51b0: cophenetic index 3045; 1.4 s; peak memory 781 MiB.
2026-10-06T00:33:40Z INFO [3031/3678] 67fe657f-8809-4574-ae86-694278726c7c: cophenetic index 624; 0.7 s; peak memory 781 MiB.
2026-10-06T00:33:41Z INFO [3032/3678] 67feeaad-480d-41c4-b256-0333f73d6005: cophenetic index 624; 0.6 s; peak memory 781 MiB.
2026-10-06T00:33:42Z INFO [3033/3678] 67ff0c5f-af89-471d-bc73-aa37a6e54569: cophenetic index 605; 0.9 s; peak memory 781 MiB.
2026-10-06T00:33:43Z INFO [3034/3678] 67ff90fa-3d36-4e91-8cc1-6655e72775d8: cophenetic index 3004; 0.8 s; peak memory 781 MiB.
2026-10-06T00:33:43Z INFO [3035/3678] 67fff43f-2d1f-445c-aa0b-480783c0e0bc: cophenetic index 649; 0.9 s; peak memory 781 MiB.
2026-10-06T00:33:44Z INFO [3036/3678] 68002324-b902-418e-a542-b24accb262c6: cophenetic index 627; 0.6 s; peak memory 781 MiB.
2026-10-06T00:33:46Z INFO [3037/3678] 68003c86-59cf-4df0-a46b-2e669f418a1c: cophenetic index 2469; 1.9 s; peak memory 781 MiB.
2026-10-06T00:33:47Z INFO [3038/3678] 6800c839-c240-4d07-917e-85f5cb04676d: cophenetic index 649; 0.6 s; peak memory 781 MiB.
2026-10-06T00:33:47Z INFO [3039/3678] 6800eb4e-56d2-4def-b6da-fc83b1568939: cophenetic index 624; 0.8 s; peak memory 781 MiB.
2026-10-06T00:33:48Z INFO [3040/3678] 6800fcda-f94a-4b41-b687-3317b85b595c: cophenetic index 433; 0.6 s; peak memory 781 MiB.
2026-10-06T00:33:49Z INFO [3041/3678] 6801ef95-de53-47d1-a3cf-e7744e4a13b3: cophenetic index 624; 0.9 s; peak memory 781 MiB.
2026-10-06T00:33:50Z INFO [3042/3678] 68025105-f159-49ed-a6fa-0b73f1d3b492: cophenetic index 3972; 1.2 s; peak memory 781 MiB.
2026-10-06T00:33:51Z INFO [3043/3678] 6802758e-4dbc-4771-a396-44b765fb8449: cophenetic index 2105; 1.1 s; peak memory 781 MiB.
2026-10-06T00:33:52Z INFO [3044/3678] 6802a3bb-ef0f-4dd1-985b-3459930fa83c: cophenetic index 2625; 0.9 s; peak memory 781 MiB.
2026-10-06T00:34:00Z INFO [3045/3678] 68032022-9c62-4105-9ef4-b72daa7404d9: cophenetic index 46939; 7.6 s; peak memory 781 MiB.
2026-10-06T00:34:00Z INFO [3046/3678] 680342de-3ef4-4b0a-97b2-696d6dd0d4e9: cophenetic index 23364; 0.7 s; peak memory 781 MiB.
2026-10-06T00:34:01Z INFO [3047/3678] 68035c49-ad1a-4a4d-a521-4ebf21e60f51: cophenetic index 2625; 0.9 s; peak memory 781 MiB.
2026-10-06T00:34:02Z INFO [3048/3678] 68037385-8d68-480c-944f-f209ffb3abe9: cophenetic index 569; 0.6 s; peak memory 781 MiB.
2026-10-06T00:34:02Z INFO [3049/3678] 6803f94e-b770-4b9a-bc44-3a24c42ad527: cophenetic index 579; 0.6 s; peak memory 781 MiB.
2026-10-06T00:34:09Z INFO [3050/3678] 6804d62a-beef-444e-bf5e-a6ec5325b7bb: cophenetic index 132019; 6.0 s; peak memory 781 MiB.
2026-10-06T00:34:09Z INFO [3050/3678] 6804d62a-beef-444e-bf5e-a6ec5325b7bb: checkpointed 96848 records.
2026-10-06T00:34:10Z INFO [3051/3678] 68050203-391d-417e-aca6-026d2d13d04e: cophenetic index 2105; 1.6 s; peak memory 781 MiB.
2026-10-06T00:34:11Z INFO [3052/3678] 6805f0f6-9a85-4d12-a8db-0bcba0fc261a: cophenetic index 649; 0.7 s; peak memory 781 MiB.
2026-10-06T00:34:12Z INFO [3053/3678] 6806594f-ebb1-4b72-84b1-f1c11d0886d9: cophenetic index 33998; 1.2 s; peak memory 781 MiB.
2026-10-06T00:34:13Z INFO [3054/3678] 680785a7-38fa-40ac-b5cf-4b89dd210a03: cophenetic index 490; 0.7 s; peak memory 781 MiB.
2026-10-06T00:34:13Z INFO [3055/3678] 6808181c-5ca0-42e8-b3bd-74ad8d237513: cophenetic index 641; 0.6 s; peak memory 781 MiB.
2026-10-06T00:34:14Z INFO [3056/3678] 6809e71b-a3f1-4fa1-b7c3-082c0fdd8817: cophenetic index 2570; 1.0 s; peak memory 781 MiB.
2026-10-06T00:34:15Z INFO [3057/3678] 680d2749-01de-4f4d-8973-0dc3df4dd76f: cophenetic index 2625; 0.9 s; peak memory 781 MiB.
2026-10-06T00:34:16Z INFO [3058/3678] 680d6375-741b-45e4-9e0a-69b54e8ddb03: cophenetic index 3087; 0.8 s; peak memory 781 MiB.
2026-10-06T00:34:17Z INFO [3059/3678] 680d669b-2f63-418d-8d33-48ee6bb3545a: cophenetic index 649; 0.8 s; peak memory 781 MiB.
2026-10-06T00:34:18Z INFO [3060/3678] 680da5d2-1034-4ad6-988b-3cf2c32781e6: cophenetic index 99114; 1.3 s; peak memory 781 MiB.
2026-10-06T00:34:19Z INFO [3061/3678] 680de791-c6bf-4079-a247-443d7fec9453: cophenetic index 729; 0.5 s; peak memory 781 MiB.
2026-10-06T00:34:20Z INFO [3062/3678] 680ea79e-8c07-49f6-8a1d-1fe533d173ef: cophenetic index 497; 1.1 s; peak memory 781 MiB.
2026-10-06T00:34:21Z INFO [3063/3678] 680ebd2b-b53b-4898-8f45-ae19531801ef: cophenetic index 33986; 1.6 s; peak memory 781 MiB.
2026-10-06T00:34:23Z INFO [3064/3678] 680fc2af-19e6-4538-9502-eeff2ed9f0d1: cophenetic index 6490; 2.1 s; peak memory 781 MiB.
2026-10-06T00:34:24Z INFO [3065/3678] 681033fc-246a-436f-8e59-1b80f79fff5b: cophenetic index 2502; 0.9 s; peak memory 781 MiB.
2026-10-06T00:34:25Z INFO [3066/3678] 68108637-0943-4ec8-8a70-8369d5e517e6: cophenetic index 624; 0.7 s; peak memory 781 MiB.
2026-10-06T00:34:26Z INFO [3067/3678] 68116143-02b5-4432-b639-2afbee034276: cophenetic index 2570; 0.9 s; peak memory 781 MiB.
2026-10-06T00:34:35Z INFO [3068/3678] 6811ae7b-3945-40d9-9c3b-c623f7734ae3: cophenetic index 240992; 9.0 s; peak memory 781 MiB.
2026-10-06T00:34:36Z INFO [3069/3678] 6811c7c7-e7f9-497b-b5da-bef82d723dd6: cophenetic index 605; 0.8 s; peak memory 781 MiB.
2026-10-06T00:34:44Z INFO [3070/3678] 68124c4f-ed6b-4e58-a071-bb9a621fb9ee: cophenetic index 20308473; 8.5 s; peak memory 781 MiB.
2026-10-06T00:34:46Z INFO [3071/3678] 68125304-35ef-4413-a03d-ce22c482962d: cophenetic index 2625; 1.3 s; peak memory 781 MiB.
2026-10-06T00:34:47Z INFO [3072/3678] 6813b09d-571d-46eb-9877-cfc7f4e68cc8: cophenetic index 626; 1.0 s; peak memory 781 MiB.
2026-10-06T00:34:49Z INFO [3073/3678] 68144da9-5a14-42ee-93bc-706de243dad1: cophenetic index 777; 1.9 s; peak memory 781 MiB.
2026-10-06T00:34:50Z INFO [3074/3678] 6814a6d6-381a-4fa5-8017-1745d6d9a02a: cophenetic index 3004; 0.9 s; peak memory 781 MiB.
2026-10-06T00:34:51Z INFO [3075/3678] 6814be96-8bc6-4590-95a2-c5bbab3ef047: cophenetic index 23200; 1.2 s; peak memory 781 MiB.
2026-10-06T00:34:52Z INFO [3076/3678] 6814e805-79c8-46dd-bd6f-4b49689dc9f4: cophenetic index 613; 1.4 s; peak memory 781 MiB.
2026-10-06T00:34:54Z INFO [3077/3678] 6815b046-0389-4a55-9b55-417817a4bad6: cophenetic index 99150; 1.9 s; peak memory 781 MiB.
2026-10-06T00:34:55Z INFO [3078/3678] 6815c332-69cd-4f6e-aae5-b6b38b9eefb4: cophenetic index 3057; 1.0 s; peak memory 781 MiB.
2026-10-06T00:34:56Z INFO [3079/3678] 68162705-5377-4d7e-a109-a15aa23441c1: cophenetic index 624; 0.9 s; peak memory 781 MiB.
2026-10-06T00:34:57Z INFO [3080/3678] 681655cc-11b1-4ca3-b7c1-1238fbc83d1d: cophenetic index 37616; 1.6 s; peak memory 781 MiB.
2026-10-06T00:34:58Z INFO [3081/3678] 68166d9e-b346-4759-aef5-4e90f37f85c9: cophenetic index 3004; 0.7 s; peak memory 781 MiB.
2026-10-06T00:34:59Z INFO [3082/3678] 68167631-2cd4-432d-96d4-09abf7f6451f: cophenetic index 2625; 1.1 s; peak memory 781 MiB.
2026-10-06T00:35:00Z INFO [3083/3678] 68178c02-88fa-4982-b677-32b96142b3e8: cophenetic index 690; 0.5 s; peak memory 781 MiB.
2026-10-06T00:35:06Z INFO [3084/3678] 68180eab-36a9-4c20-8012-94fc6e45827e: cophenetic index 96939; 5.8 s; peak memory 781 MiB.
2026-10-06T00:35:06Z INFO [3085/3678] 6818b9af-6185-4f83-a70f-e47bee26f888: cophenetic index 729; 0.5 s; peak memory 781 MiB.
2026-10-06T00:35:11Z INFO [3086/3678] 6818d810-67a8-4b35-8767-fc3347a72f39: cophenetic index 78157; 4.8 s; peak memory 781 MiB.
2026-10-06T00:35:12Z INFO [3087/3678] 68196d62-a951-453a-9e30-9da940fc6ef0: cophenetic index 624; 0.8 s; peak memory 781 MiB.
2026-10-06T00:35:13Z INFO [3088/3678] 681991ba-b9ba-4659-a89e-ba585c11eeb2: cophenetic index 1006; 1.1 s; peak memory 781 MiB.
2026-10-06T00:35:18Z INFO [3089/3678] 681adf59-9a5d-42e5-9435-de5d2d6734ff: cophenetic index 87573; 4.8 s; peak memory 781 MiB.
2026-10-06T00:35:19Z INFO [3090/3678] 681aec05-b657-4110-aeb2-a505c7041ef8: cophenetic index 2974; 1.3 s; peak memory 781 MiB.
2026-10-06T00:35:20Z INFO [3091/3678] 681b16b5-eba3-4ae2-94a6-4cf533988af4: cophenetic index 624; 0.7 s; peak memory 781 MiB.
2026-10-06T00:35:21Z INFO [3092/3678] 681b7113-fc88-4589-aadb-dc16b5719077: cophenetic index 2402; 1.7 s; peak memory 781 MiB.
2026-10-06T00:35:22Z INFO [3093/3678] 681bc014-1efa-4ca6-afde-c1ad64196e14: cophenetic index 2625; 1.1 s; peak memory 781 MiB.
2026-10-06T00:35:23Z INFO [3094/3678] 681c0e29-274d-41e4-a850-0afd9a53d925: cophenetic index 3057; 0.9 s; peak memory 781 MiB.
2026-10-06T00:35:24Z INFO [3095/3678] 681c9bb7-77ac-4232-a7f4-ac1e1ac75545: cophenetic index 624; 0.7 s; peak memory 781 MiB.
2026-10-06T00:35:25Z INFO [3096/3678] 681d26ea-8d70-4f71-b897-a527732dea53: cophenetic index 33962; 1.1 s; peak memory 781 MiB.
2026-10-06T00:35:28Z INFO [3097/3678] 681d461d-1e1e-45c9-be2e-2a364614f8fd: cophenetic index 13983; 2.7 s; peak memory 781 MiB.
2026-10-06T00:35:29Z INFO [3098/3678] 681d4651-f1e1-4e48-95b5-7c3561e46553: cophenetic index 624; 0.9 s; peak memory 781 MiB.
2026-10-06T00:35:29Z INFO [3099/3678] 681ec5a5-6d10-4253-89ce-ce54c92b6d5e: cophenetic index 820; 0.6 s; peak memory 781 MiB.
2026-10-06T00:35:30Z INFO [3100/3678] 681f8b28-e84e-45d4-9310-03d8b1e42cf1: cophenetic index 624; 0.7 s; peak memory 781 MiB.
2026-10-06T00:35:30Z INFO [3100/3678] 681f8b28-e84e-45d4-9310-03d8b1e42cf1: checkpointed 96898 records.
2026-10-06T00:35:32Z INFO [3101/3678] 681fb3cb-b5b8-489e-a535-916a5c14a959: cophenetic index 2402; 2.4 s; peak memory 781 MiB.
2026-10-06T00:35:33Z INFO [3102/3678] 68203e5f-9d9c-4d1f-a9ad-90fb0c5c3339: cophenetic index 624; 0.7 s; peak memory 781 MiB.
2026-10-06T00:35:34Z INFO [3103/3678] 68213dda-b3ff-418d-b5f7-75a75762149c: cophenetic index 624; 0.7 s; peak memory 781 MiB.
2026-10-06T00:35:35Z INFO [3104/3678] 68214200-be3d-4063-af26-afe2aa00d928: cophenetic index 3087; 1.0 s; peak memory 781 MiB.
2026-10-06T00:37:11Z INFO [3105/3678] 6821594c-b7b8-4fc4-8c20-5b0406dd0dc8: cophenetic index 1072530; 96.7 s; peak memory 781 MiB.
2026-10-06T00:37:13Z INFO [3106/3678] 682178cc-66d5-4366-b934-94b64731b0e5: cophenetic index 34658; 2.0 s; peak memory 781 MiB.
2026-10-06T00:37:14Z INFO [3107/3678] 6821e33f-70a5-4ec7-a0e2-01697e0bb063: cophenetic index 446; 0.5 s; peak memory 781 MiB.
2026-10-06T00:37:15Z INFO [3108/3678] 6821eb3e-1cb3-4e92-a489-256aee2a8987: cophenetic index 624; 0.8 s; peak memory 781 MiB.
2026-10-06T00:37:16Z INFO [3109/3678] 6822e2e0-ae5d-41e8-83ce-341ced919f4c: cophenetic index 2625; 1.3 s; peak memory 781 MiB.
2026-10-06T00:37:17Z INFO [3110/3678] 68233f89-2b27-4987-ba56-42761ba46883: cophenetic index 624; 0.8 s; peak memory 781 MiB.
2026-10-06T00:37:18Z INFO [3111/3678] 6823884c-393e-4473-88cf-1931a5b72cf6: cophenetic index 431; 0.9 s; peak memory 781 MiB.
2026-10-06T00:37:19Z INFO [3112/3678] 68238fc6-764d-46b9-a1e2-cdb08172cb8b: cophenetic index 3057; 0.9 s; peak memory 781 MiB.
2026-10-06T00:37:20Z INFO [3113/3678] 6823c051-7455-4fa3-b1a8-d7d051b50e5b: cophenetic index 3004; 1.0 s; peak memory 781 MiB.
2026-10-06T00:37:21Z INFO [3114/3678] 6823ed1d-4995-42bf-ba9a-82cba8a80d8b: cophenetic index 33998; 1.8 s; peak memory 781 MiB.
2026-10-06T00:37:25Z INFO [3115/3678] 68249f4a-b486-45bc-8b2b-a01b8c1e97ad: cophenetic index 67502; 4.0 s; peak memory 781 MiB.
2026-10-06T00:37:26Z INFO [3116/3678] 6824ba04-aabb-46ef-91d0-0cf108d5db52: cophenetic index 494; 0.7 s; peak memory 781 MiB.
2026-10-06T00:37:27Z INFO [3117/3678] 6824ea4b-ac03-400e-8e0f-3a2d68b328ee: cophenetic index 3045; 1.4 s; peak memory 781 MiB.
2026-10-06T00:37:29Z INFO [3118/3678] 68251643-39c6-473c-b2ca-cc7192c22d72: cophenetic index 2402; 1.9 s; peak memory 781 MiB.
2026-10-06T00:37:30Z INFO [3119/3678] 68259f49-070d-4fbd-b308-4c29cc7486f4: cophenetic index 624; 0.8 s; peak memory 781 MiB.
2026-10-06T00:37:31Z INFO [3120/3678] 682616d3-ee7b-410c-92ae-87885ddf1344: cophenetic index 762; 0.7 s; peak memory 781 MiB.
2026-10-06T00:37:34Z INFO [3121/3678] 68269995-8216-4078-b7ea-fa3a09a19bd3: cophenetic index 56160; 3.5 s; peak memory 781 MiB.
2026-10-06T00:37:36Z INFO [3122/3678] 6826f1e2-6cf5-4654-9e40-360040014530: cophenetic index 3329; 1.5 s; peak memory 781 MiB.
2026-10-06T00:37:45Z INFO [3123/3678] 6826f2ce-d954-49b2-8cd6-88ddfa7dbbca: cophenetic index 192880; 8.7 s; peak memory 781 MiB.
2026-10-06T00:37:51Z INFO [3124/3678] 68275ef9-9a36-4c37-b3d3-4f2f92282c53: cophenetic index 313761; 6.5 s; peak memory 781 MiB.
2026-10-06T00:37:52Z INFO [3125/3678] 6827c7a7-8646-45d6-baa9-7f3f02935dbd: cophenetic index 2551; 1.2 s; peak memory 781 MiB.
2026-10-06T00:37:53Z INFO [3126/3678] 6827e976-a7ab-450f-bccd-b779c46fd88b: cophenetic index 624; 0.7 s; peak memory 781 MiB.
2026-10-06T00:37:58Z INFO [3127/3678] 68282e57-7801-472c-9f4d-214a8e200700: cophenetic index 27356; 5.3 s; peak memory 781 MiB.
2026-10-06T00:38:01Z INFO [3128/3678] 68283f91-534f-428c-815c-5af82db285a0: cophenetic index 1733; 2.4 s; peak memory 781 MiB.
2026-10-06T00:38:03Z INFO [3129/3678] 6828efb5-83ea-4706-8c7d-051219968afe: cophenetic index 1514; 2.4 s; peak memory 781 MiB.
2026-10-06T00:38:04Z INFO [3130/3678] 6828f6a5-7fbd-437d-b994-a75c73119f3a: cophenetic index 3135; 0.8 s; peak memory 781 MiB.
2026-10-06T00:38:08Z INFO [3131/3678] 682a7218-5b98-402b-8a8f-5b5b8a4d32c9: cophenetic index 5466; 4.5 s; peak memory 781 MiB.
2026-10-06T00:38:09Z INFO [3132/3678] 682a9f90-1dfb-464a-812e-42b8a9c849fc: cophenetic index 624; 0.8 s; peak memory 781 MiB.
2026-10-06T00:38:10Z INFO [3133/3678] 682b0ba9-0580-4463-a6fb-da6bdf4283f2: cophenetic index 23853; 1.4 s; peak memory 781 MiB.
2026-10-06T00:38:11Z INFO [3134/3678] 682dcf2a-1970-42fb-92f3-380530e92582: cophenetic index 539; 1.0 s; peak memory 781 MiB.
2026-10-06T00:38:12Z INFO [3135/3678] 682e944e-0e18-4d36-97f4-95b55385b683: cophenetic index 624; 0.9 s; peak memory 781 MiB.
2026-10-06T00:38:16Z INFO [3136/3678] 682edd53-65a5-470a-a50f-0637e3cf6c3e: cophenetic index 122862; 3.6 s; peak memory 781 MiB.
2026-10-06T00:38:21Z INFO [3137/3678] 682fc94b-31fd-465b-9d7a-bb2276da2554: cophenetic index 146142; 4.9 s; peak memory 781 MiB.
2026-10-06T00:38:22Z INFO [3138/3678] 683021b3-86c1-4ad9-9e80-2049c52e61de: cophenetic index 624; 1.0 s; peak memory 781 MiB.
2026-10-06T00:38:29Z INFO [3139/3678] 6830f3aa-ea0f-4c1b-96e7-131fe73ffcee: cophenetic index 220000; 7.5 s; peak memory 781 MiB.
2026-10-06T00:38:31Z INFO [3140/3678] 68310c18-e6b1-4e0c-ab3d-e35b727eae28: cophenetic index 2402; 1.8 s; peak memory 781 MiB.
2026-10-06T00:38:32Z INFO [3141/3678] 68311a6a-43b8-4bb0-acbf-a1c40352436f: cophenetic index 624; 0.8 s; peak memory 781 MiB.
2026-10-06T00:38:59Z INFO [3142/3678] 6831706c-8dba-4380-b3ad-18bc75e205de: cophenetic index 14784867; 26.7 s; peak memory 781 MiB.
2026-10-06T00:38:59Z INFO [3143/3678] 6831b5b2-c221-4cd0-898d-306c69debcae: cophenetic index 624; 0.8 s; peak memory 781 MiB.
2026-10-06T00:39:00Z INFO [3144/3678] 6831fbfa-f34c-4ded-a9ad-97f14aea4ca2: cophenetic index 624; 0.7 s; peak memory 781 MiB.
2026-10-06T00:39:01Z INFO [3145/3678] 68320b4c-69f9-4952-baae-e151529f8287: cophenetic index 3004; 0.7 s; peak memory 781 MiB.
2026-10-06T00:39:02Z INFO [3146/3678] 68333823-05ed-4b62-9b1c-a1db7f83cf72: cophenetic index 1380; 1.0 s; peak memory 781 MiB.
2026-10-06T00:39:03Z INFO [3147/3678] 68342edf-b6ae-4bbe-9cd5-c09119c1f40e: cophenetic index 325333; 1.2 s; peak memory 781 MiB.
2026-10-06T00:39:04Z INFO [3148/3678] 68346a31-4b7d-44db-8f05-08ce869b3971: cophenetic index 2625; 0.6 s; peak memory 781 MiB.
2026-10-06T00:39:04Z INFO [3149/3678] 6834db1b-e282-4bb4-918d-234f67727158: cophenetic index 624; 0.9 s; peak memory 781 MiB.
2026-10-06T00:39:05Z INFO [3150/3678] 6835a17e-9dd3-43f3-a8d4-8f1214f83598: cophenetic index 3004; 0.7 s; peak memory 781 MiB.
2026-10-06T00:39:05Z INFO [3150/3678] 6835a17e-9dd3-43f3-a8d4-8f1214f83598: checkpointed 96948 records.
2026-10-06T00:39:10Z INFO [3151/3678] 6835d390-e731-477a-bd0a-ba31d69e6beb: cophenetic index 82115; 4.4 s; peak memory 781 MiB.
2026-10-06T00:39:11Z INFO [3152/3678] 6835dce9-97b8-4011-92f7-7d7c289d5945: cophenetic index 1196; 1.1 s; peak memory 781 MiB.
2026-10-06T00:39:12Z INFO [3153/3678] 6835e1b9-e0cb-457b-949e-6d8db0c87bc9: cophenetic index 624; 1.0 s; peak memory 781 MiB.
2026-10-06T00:39:12Z INFO [3154/3678] 6836888c-4bc6-4029-95b5-2b6589109935: cophenetic index 490; 0.4 s; peak memory 781 MiB.
2026-10-06T00:39:15Z INFO [3155/3678] 6836e29b-0b28-40c0-a85a-6e078c367262: cophenetic index 53204; 2.8 s; peak memory 781 MiB.
2026-10-06T00:39:16Z INFO [3156/3678] 683949a7-3404-425b-a80a-45b74f534614: cophenetic index 567; 0.5 s; peak memory 781 MiB.
2026-10-06T00:39:17Z INFO [3157/3678] 683c138a-185d-46d1-9db0-1b13a9b387d0: cophenetic index 3045; 1.4 s; peak memory 781 MiB.
2026-10-06T00:39:18Z INFO [3158/3678] 683c49c1-825d-499a-a15d-9c67d3b37a0c: cophenetic index 3004; 0.8 s; peak memory 781 MiB.
2026-10-06T00:39:19Z INFO [3159/3678] 683c4ad3-f71b-4864-bcfb-10a97b1418f2: cophenetic index 624; 0.8 s; peak memory 781 MiB.
2026-10-06T00:39:19Z INFO [3160/3678] 683c7cd5-ad69-439f-a283-01c8431a51cf: cophenetic index 3004; 0.7 s; peak memory 781 MiB.
2026-10-06T00:39:20Z INFO [3161/3678] 683c8afb-3f59-4ca7-a4dc-546b5b48784c: cophenetic index 3004; 0.9 s; peak memory 781 MiB.
2026-10-06T00:39:21Z INFO [3162/3678] 683d68e2-0ae0-4597-811e-9d02dad41cde: cophenetic index 3087; 1.0 s; peak memory 781 MiB.
2026-10-06T00:39:22Z INFO [3163/3678] 683e4291-9136-4510-b859-f8b52d3891c0: cophenetic index 30304; 1.1 s; peak memory 781 MiB.
2026-10-06T00:39:24Z INFO [3164/3678] 683e8125-f2ea-4359-b16c-e6da9d414ba6: cophenetic index 6636; 1.9 s; peak memory 781 MiB.
2026-10-06T00:39:25Z INFO [3165/3678] 683e97d1-75a7-4ece-8ff5-23569d7cb499: cophenetic index 3057; 0.9 s; peak memory 781 MiB.
2026-10-06T00:39:26Z INFO [3166/3678] 683ef6a0-4a01-4ced-9376-7c3c0b66cb7f: cophenetic index 1493; 0.6 s; peak memory 781 MiB.
2026-10-06T00:39:26Z INFO [3167/3678] 683f2d59-38b6-4eaf-a98d-f21b2110a6ac: cophenetic index 624; 0.7 s; peak memory 781 MiB.
2026-10-06T00:39:27Z INFO [3168/3678] 68402275-0379-4018-912b-4fca44de96ff: cophenetic index 490; 0.5 s; peak memory 781 MiB.
2026-10-06T00:39:28Z INFO [3169/3678] 6841522e-351e-4491-ae03-c379d3e29b26: cophenetic index 2702; 0.8 s; peak memory 781 MiB.
2026-10-06T00:39:29Z INFO [3170/3678] 6841dcbc-9901-4551-aa6d-dee49a220052: cophenetic index 1949; 1.2 s; peak memory 781 MiB.
2026-10-06T00:39:30Z INFO [3171/3678] 6841f0e1-f767-45f6-bcfb-29c2fc357a7f: cophenetic index 1751; 1.2 s; peak memory 781 MiB.
2026-10-06T00:39:50Z INFO [3172/3678] 6841f314-c0e4-4e7e-b62d-787fbbc46b72: cophenetic index 58288; 19.8 s; peak memory 781 MiB.
2026-10-06T00:39:51Z INFO [3173/3678] 684223b1-f446-41d2-be0f-ccd3e88b7d35: cophenetic index 766; 1.0 s; peak memory 781 MiB.
2026-10-06T00:39:52Z INFO [3174/3678] 684398f4-37e9-4619-b080-e627cac015af: cophenetic index 581; 0.7 s; peak memory 781 MiB.
2026-10-06T00:39:52Z INFO [3175/3678] 6843d3d6-261d-43e1-a4c8-987cf72966fd: cophenetic index 431; 0.7 s; peak memory 781 MiB.
2026-10-06T00:39:54Z INFO [3176/3678] 6843f943-012c-4302-95e2-93cbe974c45e: cophenetic index 2625; 1.4 s; peak memory 781 MiB.
2026-10-06T00:39:54Z INFO [3177/3678] 6843fd30-8483-4f5f-ba9f-d2f82d91e470: cophenetic index 2776; 0.8 s; peak memory 781 MiB.
2026-10-06T00:39:55Z INFO [3178/3678] 6844a14a-995e-4ec9-92da-81eb5f21dfe3: cophenetic index 3004; 0.7 s; peak memory 781 MiB.
2026-10-06T00:39:59Z INFO [3179/3678] 68463be9-9a9d-4d59-a688-9b13d1369cdd: cophenetic index 12973; 3.4 s; peak memory 781 MiB.
2026-10-06T00:40:00Z INFO [3180/3678] 68468c32-3be3-47b7-8b3e-ba2d2a4c389c: cophenetic index 1904; 1.1 s; peak memory 781 MiB.
2026-10-06T00:40:01Z INFO [3181/3678] 68469eab-21fe-4bb9-98db-9368735c3ce8: cophenetic index 895; 1.7 s; peak memory 781 MiB.
2026-10-06T00:40:03Z INFO [3182/3678] 6846d407-85bf-45cf-b3d0-14a7bfc03630: cophenetic index 99150; 1.5 s; peak memory 781 MiB.
2026-10-06T00:40:04Z INFO [3183/3678] 6847335d-f6c0-490e-8ed7-df34723a01e3: cophenetic index 895; 1.6 s; peak memory 781 MiB.
2026-10-06T00:40:06Z INFO [3184/3678] 68486a54-9c56-4256-9d07-6a60258b3dec: cophenetic index 1739; 1.2 s; peak memory 781 MiB.
2026-10-06T00:40:06Z INFO [3185/3678] 68494ae0-2fde-4f3d-8761-8f97af7756d0: cophenetic index 2974; 0.9 s; peak memory 781 MiB.
2026-10-06T00:40:11Z INFO [3186/3678] 68499e15-ce8b-4741-b7eb-4e03dfc50bde: cophenetic index 62979; 4.6 s; peak memory 781 MiB.
2026-10-06T00:40:12Z INFO [3187/3678] 6849b3ee-c53c-48f8-94a2-319d37b721a8: cophenetic index 3004; 0.9 s; peak memory 781 MiB.
2026-10-06T00:40:13Z INFO [3188/3678] 684a4aa9-fbea-4b93-bf93-b03d38dc7138: cophenetic index 2625; 1.2 s; peak memory 781 MiB.
2026-10-06T00:40:14Z INFO [3189/3678] 684a8b61-dab3-4477-ba57-602e40e848f4: cophenetic index 729; 0.7 s; peak memory 781 MiB.
2026-10-06T00:40:15Z INFO [3190/3678] 684af05b-931c-401b-9400-cf2345d3156d: cophenetic index 624; 0.9 s; peak memory 781 MiB.
2026-10-06T00:40:19Z INFO [3191/3678] 684b5142-7a6b-444a-aea8-9970dd4e8dbb: cophenetic index 87573; 4.6 s; peak memory 781 MiB.
2026-10-06T00:40:21Z INFO [3192/3678] 684b6f1a-cb7d-455c-a2f6-7b94e6b3ee26: cophenetic index 33962; 1.2 s; peak memory 781 MiB.
2026-10-06T00:40:21Z INFO [3193/3678] 684c4878-6865-4e57-9503-56a8a343e782: cophenetic index 624; 0.8 s; peak memory 781 MiB.
2026-10-06T00:40:23Z INFO [3194/3678] 684c944f-84c5-470b-8db5-39581e3749af: cophenetic index 2402; 1.7 s; peak memory 781 MiB.
2026-10-06T00:40:24Z INFO [3195/3678] 684d7f1d-ed5d-4c18-9706-5bfd348695af: cophenetic index 26986; 1.0 s; peak memory 781 MiB.
2026-10-06T00:40:25Z INFO [3196/3678] 684dda03-940a-4aef-87dc-0fe74bff7569: cophenetic index 3004; 1.0 s; peak memory 781 MiB.
2026-10-06T00:40:30Z INFO [3197/3678] 684e1dc8-914c-4fe6-9d22-b4d6f0ebdc22: cophenetic index 161460; 4.9 s; peak memory 781 MiB.
2026-10-06T00:40:31Z INFO [3198/3678] 684e3d28-e680-4d5d-a3e8-0e7920dbb4c1: cophenetic index 2625; 1.1 s; peak memory 781 MiB.
2026-10-06T00:40:32Z INFO [3199/3678] 684e70c6-aaca-4af8-a0b5-7ca6f7a1765f: cophenetic index 2625; 0.9 s; peak memory 781 MiB.
2026-10-06T00:40:33Z INFO [3200/3678] 684eaed4-ef87-4d68-a7ee-fea1a755d805: cophenetic index 613; 1.2 s; peak memory 781 MiB.
2026-10-06T00:40:33Z INFO [3200/3678] 684eaed4-ef87-4d68-a7ee-fea1a755d805: checkpointed 96998 records.
2026-10-06T00:40:34Z INFO [3201/3678] 684ecfa0-632b-4d8c-9fda-b5a1256ffa52: cophenetic index 2923; 0.8 s; peak memory 781 MiB.
2026-10-06T00:40:35Z INFO [3202/3678] 684faa6d-6334-4c97-86e7-cb6470c22aa5: cophenetic index 624; 0.8 s; peak memory 781 MiB.
2026-10-06T00:40:43Z INFO [3203/3678] 6850782b-5147-44cf-803f-6c44a2792504: cophenetic index 49783; 7.9 s; peak memory 781 MiB.
2026-10-06T00:40:44Z INFO [3204/3678] 6850900f-f624-471f-8f7b-a9ea98494c05: cophenetic index 3004; 1.0 s; peak memory 781 MiB.
2026-10-06T00:40:45Z INFO [3205/3678] 6851dc4f-7ca9-4548-8a09-ec8e7f11b8bb: cophenetic index 624; 0.8 s; peak memory 781 MiB.
2026-10-06T00:40:45Z INFO [3206/3678] 6852ac8b-553c-4075-ab80-373070573664: cophenetic index 624; 0.5 s; peak memory 781 MiB.
2026-10-06T00:40:47Z INFO [3207/3678] 6853df75-b1a2-4aec-a191-f822d3947e1e: cophenetic index 2402; 1.7 s; peak memory 781 MiB.
2026-10-06T00:40:52Z INFO [3208/3678] 68543b1f-82c0-45ea-9d63-584949c570cb: cophenetic index 195172714; 5.2 s; peak memory 781 MiB.
2026-10-06T00:40:53Z INFO [3209/3678] 68544399-2c3f-4453-a850-ad859a6c6faf: cophenetic index 560; 0.8 s; peak memory 781 MiB.
2026-10-06T00:40:54Z INFO [3210/3678] 68545bf9-589f-40ce-98d1-68eddff485ac: cophenetic index 624; 0.8 s; peak memory 781 MiB.
2026-10-06T00:40:54Z INFO [3211/3678] 68549b5c-6afe-4acf-a2ab-ffa539aa3306: cophenetic index 624; 0.7 s; peak memory 781 MiB.
2026-10-06T00:40:55Z INFO [3212/3678] 6854d040-1e54-418c-88d9-63dd9c98059f: cophenetic index 3004; 0.7 s; peak memory 781 MiB.
2026-10-06T00:40:56Z INFO [3213/3678] 6855926d-22bb-43aa-a6ef-c8785f2815f4: cophenetic index 630; 0.6 s; peak memory 781 MiB.
2026-10-06T00:40:58Z INFO [3214/3678] 6855b277-0af9-48fb-9888-f103d6ede703: cophenetic index 2331; 2.1 s; peak memory 781 MiB.
2026-10-06T00:40:58Z INFO [3215/3678] 6855e366-acb4-4a8a-b200-2a4cfdcd223c: cophenetic index 579; 0.5 s; peak memory 781 MiB.
2026-10-06T00:40:59Z INFO [3216/3678] 68562d70-9a63-44cf-ade9-dfc13cc80fa0: cophenetic index 490; 0.6 s; peak memory 781 MiB.
2026-10-06T00:41:00Z INFO [3217/3678] 68565abe-cc28-4be6-8d4a-81df6dfdaae1: cophenetic index 2701; 1.1 s; peak memory 781 MiB.
2026-10-06T00:41:02Z INFO [3218/3678] 6856825a-5c43-4dfe-bfff-c5eb19880762: cophenetic index 2682; 1.8 s; peak memory 781 MiB.
2026-10-06T00:41:07Z INFO [3219/3678] 6857883d-66a0-4671-9fd8-6c699b348c2e: cophenetic index 160380; 4.8 s; peak memory 781 MiB.
2026-10-06T00:41:07Z INFO [3220/3678] 68587ea0-0467-43a0-8a61-51811b9b2a54: cophenetic index 624; 0.8 s; peak memory 781 MiB.
2026-10-06T00:41:08Z INFO [3221/3678] 685976d1-cf77-4686-a574-3ee7e0deff48: cophenetic index 4586; 1.0 s; peak memory 781 MiB.
2026-10-06T00:41:13Z INFO [3222/3678] 68598521-aa0b-4679-bd8e-a50686d08db5: cophenetic index 5466; 4.8 s; peak memory 781 MiB.
2026-10-06T00:41:14Z INFO [3223/3678] 685a0a60-c2b5-4248-9753-134461a28b2f: cophenetic index 641; 0.6 s; peak memory 781 MiB.
2026-10-06T00:41:15Z INFO [3224/3678] 685a0fc3-5638-476a-98d6-2d1c831f15b7: cophenetic index 624; 0.7 s; peak memory 781 MiB.
2026-10-06T00:41:15Z INFO [3225/3678] 685a856d-cd4b-4471-818e-bc763fa4c191: cophenetic index 448; 0.7 s; peak memory 781 MiB.
2026-10-06T00:41:16Z INFO [3226/3678] 685aae08-88a4-483f-bccb-d4d2c7fa6dee: cophenetic index 624; 0.8 s; peak memory 781 MiB.
2026-10-06T00:41:20Z INFO [3227/3678] 685ae7b8-735d-424f-a000-2a642c264be4: cophenetic index 20638; 3.6 s; peak memory 781 MiB.
2026-10-06T00:41:21Z INFO [3228/3678] 685ba171-3e02-4db0-bf7f-b55ab19db92c: cophenetic index 99150; 1.5 s; peak memory 781 MiB.
2026-10-06T00:41:27Z INFO [3229/3678] 685bcdcd-8c63-4450-a69b-eb92d9043ddf: cophenetic index 99762; 6.0 s; peak memory 781 MiB.
2026-10-06T00:41:28Z INFO [3230/3678] 685be4a5-fff2-490c-95b0-469b83445ebf: cophenetic index 431; 0.6 s; peak memory 781 MiB.
2026-10-06T00:41:29Z INFO [3231/3678] 685bfb7c-eece-43c8-bf92-baccf81c44c4: cophenetic index 33998; 1.3 s; peak memory 781 MiB.
2026-10-06T00:41:40Z INFO [3232/3678] 685cb188-7c09-47a0-9e8d-4e56dec2493c: cophenetic index 356938; 10.6 s; peak memory 781 MiB.
2026-10-06T00:41:41Z INFO [3233/3678] 685cc281-1f70-4963-8afa-d5435e63a60a: cophenetic index 2570; 1.0 s; peak memory 781 MiB.
2026-10-06T00:41:42Z INFO [3234/3678] 685d8c16-77e4-46ee-80ce-afdbe80e1e31: cophenetic index 2625; 1.3 s; peak memory 781 MiB.
2026-10-06T00:41:42Z INFO [3235/3678] 685de0c9-4dff-496a-a9d2-e267fe21c75e: cophenetic index 490; 0.6 s; peak memory 781 MiB.
2026-10-06T00:41:43Z INFO [3236/3678] 685dfbf6-92fb-4bd7-ab4c-9c2fdebde5f2: cophenetic index 624; 0.7 s; peak memory 781 MiB.
2026-10-06T00:41:44Z INFO [3237/3678] 685e7c86-39eb-41f6-9b2b-98c2f75dc6e5: cophenetic index 2974; 1.0 s; peak memory 781 MiB.
2026-10-06T00:41:47Z INFO [3238/3678] 685e959b-0078-4fb7-8dbc-5ce2a32861af: cophenetic index 5473; 2.3 s; peak memory 781 MiB.
2026-10-06T00:41:47Z INFO [3239/3678] 685f102b-86cb-4551-b81e-1e43f4ed0dac: cophenetic index 725; 0.9 s; peak memory 781 MiB.
2026-10-06T00:41:49Z INFO [3240/3678] 685f7b7d-1e7e-425c-85f3-6c4b76f28919: cophenetic index 2625; 1.3 s; peak memory 781 MiB.
2026-10-06T00:41:49Z INFO [3241/3678] 6860be00-2965-4035-8b94-110ef1c33d03: cophenetic index 624; 0.7 s; peak memory 781 MiB.
2026-10-06T00:41:50Z INFO [3242/3678] 6860d868-2c0e-4a6b-b530-6fa240b6d335: cophenetic index 624; 0.9 s; peak memory 781 MiB.
2026-10-06T00:41:52Z INFO [3243/3678] 6862555c-0b0e-4167-9a79-391bbdbaccc2: cophenetic index 620; 1.2 s; peak memory 781 MiB.
2026-10-06T00:41:52Z INFO [3244/3678] 6862a25a-5716-4dc2-8dde-a75635353e74: cophenetic index 624; 0.7 s; peak memory 781 MiB.
2026-10-06T00:41:54Z INFO [3245/3678] 686370d1-8406-485a-9752-ff42c655b36c: cophenetic index 99150; 1.9 s; peak memory 781 MiB.
2026-10-06T00:41:55Z INFO [3246/3678] 6863744a-256a-448e-a1a6-46313c09ed6e: cophenetic index 431; 1.0 s; peak memory 781 MiB.
2026-10-06T00:41:56Z INFO [3247/3678] 68648527-ac93-449b-b756-db0af3e0a1a8: cophenetic index 624; 0.8 s; peak memory 781 MiB.
2026-10-06T00:42:00Z INFO [3248/3678] 6864e408-12c2-4693-bf69-3361cf1ee58a: cophenetic index 5466; 4.2 s; peak memory 781 MiB.
2026-10-06T00:42:01Z INFO [3249/3678] 686503bf-a412-44be-be20-4cab5a7e538e: cophenetic index 605; 0.8 s; peak memory 781 MiB.
2026-10-06T00:42:02Z INFO [3250/3678] 6867746a-456d-4b94-861d-d3d852cbcb1b: cophenetic index 2625; 1.0 s; peak memory 781 MiB.
2026-10-06T00:42:02Z INFO [3250/3678] 6867746a-456d-4b94-861d-d3d852cbcb1b: checkpointed 97048 records.
2026-10-06T00:42:03Z INFO [3251/3678] 6867a006-e325-45fd-b55b-69d2c6292706: cophenetic index 624; 0.8 s; peak memory 781 MiB.
2026-10-06T00:42:06Z INFO [3252/3678] 6867dd36-f91a-4aa8-9d97-140530ae1190: cophenetic index 37191; 3.6 s; peak memory 781 MiB.
2026-10-06T00:42:07Z INFO [3253/3678] 68693853-de12-4366-a0ea-8da661dc24aa: cophenetic index 3004; 0.9 s; peak memory 781 MiB.
2026-10-06T00:42:16Z INFO [3254/3678] 6869963b-35a7-4ece-99ea-74b9e13a952d: cophenetic index 21815; 8.2 s; peak memory 781 MiB.
2026-10-06T00:42:16Z INFO [3255/3678] 6869e64e-83fb-435b-8aab-0925ac1288da: cophenetic index 2570; 0.9 s; peak memory 781 MiB.
2026-10-06T00:42:17Z INFO [3256/3678] 686a537e-e2c5-40f0-af03-1c465913fcd8: cophenetic index 581; 0.6 s; peak memory 781 MiB.
2026-10-06T00:42:22Z INFO [3257/3678] 686ac29d-4ffc-48ab-9bd2-765d5438a37a: cophenetic index 29084; 5.3 s; peak memory 781 MiB.
2026-10-06T00:42:23Z INFO [3258/3678] 686afa9d-eac3-40f0-b4cf-98e6628b90de: cophenetic index 966; 0.8 s; peak memory 781 MiB.
2026-10-06T00:42:30Z INFO [3259/3678] 686bc91e-374d-4a8d-8f68-2307af12bdba: cophenetic index 34862; 6.8 s; peak memory 781 MiB.
2026-10-06T00:42:31Z INFO [3260/3678] 686c5d4c-2376-4a4e-ae45-e87b4b293a58: cophenetic index 13320; 0.7 s; peak memory 781 MiB.
2026-10-06T00:42:31Z INFO [3261/3678] 686cac9b-8a0a-4e66-af1d-cecf364804ee: cophenetic index 624; 0.9 s; peak memory 781 MiB.
2026-10-06T00:42:38Z INFO [3262/3678] 686d4086-8f18-4a75-8975-adec739226e5: cophenetic index 244434; 6.9 s; peak memory 781 MiB.
2026-10-06T00:42:40Z INFO [3263/3678] 686d8818-3b02-4255-bc11-72bcee26f7ca: cophenetic index 949; 1.2 s; peak memory 781 MiB.
2026-10-06T00:42:41Z INFO [3264/3678] 686dccda-5b92-4940-8d73-a610536b0149: cophenetic index 33962; 1.1 s; peak memory 781 MiB.
2026-10-06T00:42:42Z INFO [3265/3678] 686eb43e-7bd2-4bde-adcd-0de5a76b7702: cophenetic index 879; 1.6 s; peak memory 781 MiB.
2026-10-06T00:42:43Z INFO [3266/3678] 686f5e3c-4b2c-48c8-9ab4-a3d080c0b022: cophenetic index 3057; 0.9 s; peak memory 781 MiB.
2026-10-06T00:42:44Z INFO [3267/3678] 686fdcbf-316e-4126-bd82-d57bc43f6b02: cophenetic index 2570; 1.1 s; peak memory 781 MiB.
2026-10-06T00:42:45Z INFO [3268/3678] 686fe278-79c9-408c-9c41-eeb63e2cf81e: cophenetic index 33998; 1.0 s; peak memory 781 MiB.
2026-10-06T00:42:46Z INFO [3269/3678] 68706efb-8cdb-48e4-9474-77087567fada: cophenetic index 646; 0.9 s; peak memory 781 MiB.
2026-10-06T00:42:47Z INFO [3270/3678] 6871bae0-9430-4b1f-ac43-d6e16503fd08: cophenetic index 2625; 0.8 s; peak memory 781 MiB.
2026-10-06T00:42:53Z INFO [3271/3678] 68723c7b-e0ea-4e79-ba33-2e984bfb2c7c: cophenetic index 167622; 5.6 s; peak memory 781 MiB.
2026-10-06T00:42:54Z INFO [3272/3678] 6873c224-739e-493c-90b4-43f1153f8972: cophenetic index 624; 1.0 s; peak memory 781 MiB.
2026-10-06T00:42:54Z INFO [3273/3678] 68742170-5470-46cf-b79e-35bfeba515a0: cophenetic index 909; 0.7 s; peak memory 781 MiB.
2026-10-06T00:42:55Z INFO [3274/3678] 687444de-f588-42f5-b788-ecfcdb749318: cophenetic index 1006; 1.2 s; peak memory 781 MiB.
2026-10-06T00:42:57Z INFO [3275/3678] 68748b26-b12d-4f0b-8361-52d1c2c00c46: cophenetic index 2625; 1.3 s; peak memory 781 MiB.
2026-10-06T00:42:58Z INFO [3276/3678] 68764508-61e8-4f57-9d56-26fd06e525b6: cophenetic index 624; 1.0 s; peak memory 781 MiB.
2026-10-06T00:42:59Z INFO [3277/3678] 6876747d-432a-4cd3-bec9-14ae38a1845e: cophenetic index 2625; 0.9 s; peak memory 781 MiB.
2026-10-06T00:42:59Z INFO [3278/3678] 687686a3-472c-47e4-af8e-d8d054ed1169: cophenetic index 2625; 0.9 s; peak memory 781 MiB.
2026-10-06T00:43:03Z INFO [3279/3678] 6878b49b-3e30-4463-b470-9a77550d9e76: cophenetic index 87573; 4.0 s; peak memory 781 MiB.
2026-10-06T00:43:04Z INFO [3280/3678] 6879622f-25a4-45be-ab90-d589d42109fd: cophenetic index 2923; 0.9 s; peak memory 781 MiB.
2026-10-06T00:43:05Z INFO [3281/3678] 6879705f-67c5-4949-be4b-a103c6073f6b: cophenetic index 2920; 0.8 s; peak memory 781 MiB.
2026-10-06T00:43:06Z INFO [3282/3678] 687a10fb-3e8a-451c-9657-a5af75318c9e: cophenetic index 23975; 0.9 s; peak memory 781 MiB.
2026-10-06T00:43:07Z INFO [3283/3678] 687a4f9b-d91e-4fc6-bbb8-fd9a3a909436: cophenetic index 624; 0.7 s; peak memory 781 MiB.
2026-10-06T00:43:10Z INFO [3284/3678] 687a5e0f-47c7-487e-bf18-dc0ab030f84c: cophenetic index 74205; 3.0 s; peak memory 781 MiB.
2026-10-06T00:43:15Z INFO [3285/3678] 687bc1ac-1306-4999-aa18-4e8d1088bd05: cophenetic index 87573; 5.1 s; peak memory 781 MiB.
2026-10-06T00:43:16Z INFO [3286/3678] 687bcdf3-bfe3-46e1-91df-d15050987d4d: cophenetic index 431; 1.3 s; peak memory 781 MiB.
2026-10-06T00:43:24Z INFO [3287/3678] 687bd4d9-5348-4859-a3f7-bdcbe7994e70: cophenetic index 195173008; 7.5 s; peak memory 781 MiB.
2026-10-06T00:43:24Z INFO [3288/3678] 687cd894-e7f5-45b8-9344-86ac1b140d2b: cophenetic index 1470; 0.7 s; peak memory 781 MiB.
2026-10-06T00:43:33Z INFO [3289/3678] 687de5a1-9024-436c-8b95-0f41660d72b6: cophenetic index 373732; 9.1 s; peak memory 781 MiB.
2026-10-06T00:43:34Z INFO [3290/3678] 687f4275-7eef-43dd-a47c-545a4b333694: cophenetic index 3004; 1.1 s; peak memory 781 MiB.
2026-10-06T00:43:35Z INFO [3291/3678] 687f81d8-f464-475c-bc0c-f3014e607ec1: cophenetic index 627; 0.7 s; peak memory 781 MiB.
2026-10-06T00:43:36Z INFO [3292/3678] 687fa1ec-2e87-492a-9571-6b1f01c7a413: cophenetic index 624; 0.7 s; peak memory 781 MiB.
2026-10-06T00:43:37Z INFO [3293/3678] 687fcc3e-c24c-4e2b-83b8-1e012d408ce6: cophenetic index 605; 0.7 s; peak memory 781 MiB.
2026-10-06T00:43:43Z INFO [3294/3678] 68804c39-0dab-49db-91b4-988ca8a7c704: cophenetic index 13016; 6.3 s; peak memory 781 MiB.
2026-10-06T00:43:47Z INFO [3295/3678] 6880c9f3-a266-496e-bea9-c955936f40d0: cophenetic index 195173008; 4.5 s; peak memory 781 MiB.
2026-10-06T00:43:49Z INFO [3296/3678] 68813d08-1d49-4fe7-88fa-c8ba7c7a0f82: cophenetic index 1087; 1.2 s; peak memory 781 MiB.
2026-10-06T00:43:50Z INFO [3297/3678] 688163fb-8e17-44d9-8124-2a1519ef65f1: cophenetic index 33986; 1.2 s; peak memory 781 MiB.
2026-10-06T00:43:51Z INFO [3298/3678] 68819719-290d-42be-a158-024bdbe78653: cophenetic index 23864; 1.0 s; peak memory 781 MiB.
2026-10-06T00:43:52Z INFO [3299/3678] 6881d78d-31a4-4fb0-b1b0-4ee8f4e1228b: cophenetic index 490; 0.7 s; peak memory 781 MiB.
2026-10-06T00:43:52Z INFO [3300/3678] 6881e2df-8bea-42b1-8126-2abd2cae6673: cophenetic index 490; 0.5 s; peak memory 781 MiB.
2026-10-06T00:43:52Z INFO [3300/3678] 6881e2df-8bea-42b1-8126-2abd2cae6673: checkpointed 97098 records.
2026-10-06T00:43:53Z INFO [3301/3678] 688258ac-e1bf-4252-a0ae-f90a26b59669: cophenetic index 3004; 0.8 s; peak memory 781 MiB.
2026-10-06T00:43:54Z INFO [3302/3678] 68825c92-3b27-42d0-abca-d14cecdee46b: cophenetic index 650; 1.2 s; peak memory 781 MiB.
2026-10-06T00:43:56Z INFO [3303/3678] 688360ce-2a5c-45b8-8c32-575d502967a4: cophenetic index 33968; 1.3 s; peak memory 781 MiB.
2026-10-06T00:43:56Z INFO [3304/3678] 6883bef4-cfe0-4444-ac57-03ef8683e281: cophenetic index 624; 0.9 s; peak memory 781 MiB.
2026-10-06T00:43:57Z INFO [3305/3678] 6883d0fa-99cc-4060-abde-5b627214b5dd: cophenetic index 2625; 0.9 s; peak memory 781 MiB.
2026-10-06T00:43:58Z INFO [3306/3678] 6884545c-05a2-4c1d-af21-1a9d1524ebfe: cophenetic index 3004; 0.9 s; peak memory 781 MiB.
2026-10-06T00:43:59Z INFO [3307/3678] 6884651f-1bb0-4f66-bcbd-7d82177c76d6: cophenetic index 624; 0.7 s; peak memory 781 MiB.
2026-10-06T00:44:00Z INFO [3308/3678] 6884e6b8-6375-4289-af2c-6d55f5f31ef6: cophenetic index 23393; 0.9 s; peak memory 781 MiB.
2026-10-06T00:44:01Z INFO [3309/3678] 6886ffb1-1621-4144-881c-028ac5683ff4: cophenetic index 431; 1.0 s; peak memory 781 MiB.
2026-10-06T00:44:02Z INFO [3310/3678] 68872770-c8c5-4256-8601-70f7cf4e0821: cophenetic index 3004; 0.9 s; peak memory 781 MiB.
2026-10-06T00:44:03Z INFO [3311/3678] 68881127-76db-496f-837b-d1fb2b000719: cophenetic index 33998; 1.6 s; peak memory 781 MiB.
2026-10-06T00:44:04Z INFO [3312/3678] 68883e28-7746-45cd-a9b6-c5fe1b5f2a19: cophenetic index 624; 0.7 s; peak memory 781 MiB.
2026-10-06T00:44:05Z INFO [3313/3678] 68895070-bd6b-4d96-8223-43079365e520: cophenetic index 3004; 0.9 s; peak memory 781 MiB.
2026-10-06T00:44:06Z INFO [3314/3678] 688a4c5f-a109-49fc-a31b-585041c7c737: cophenetic index 624; 0.7 s; peak memory 781 MiB.
2026-10-06T00:44:06Z INFO [3315/3678] 688a71d2-a91e-4c99-b03a-e6414c9fa47b: cophenetic index 3087; 0.7 s; peak memory 781 MiB.
2026-10-06T00:44:07Z INFO [3316/3678] 688af00a-3736-4c4f-bbe2-2f144d6d1ca2: cophenetic index 2625; 1.0 s; peak memory 781 MiB.
2026-10-06T00:44:08Z INFO [3317/3678] 688b394b-bcd9-463c-8111-d394039e1ecc: cophenetic index 3287; 0.9 s; peak memory 781 MiB.
2026-10-06T00:44:09Z INFO [3318/3678] 688ba3d3-f39d-4e36-90c2-e83d5a2a6909: cophenetic index 624; 0.8 s; peak memory 781 MiB.
2026-10-06T00:44:14Z INFO [3319/3678] 688bfe45-6361-43a2-b24d-938f3f978e9f: cophenetic index 121806; 4.9 s; peak memory 781 MiB.
2026-10-06T00:44:15Z INFO [3320/3678] 688d20f2-f9b6-4ade-9568-a75d29bbb3b1: cophenetic index 2625; 1.1 s; peak memory 781 MiB.
2026-10-06T00:44:16Z INFO [3321/3678] 688d6732-394d-41d2-b834-fadb25c8fda9: cophenetic index 33968; 1.1 s; peak memory 781 MiB.
2026-10-06T00:44:17Z INFO [3322/3678] 688dac01-afd2-4340-8f92-4a79575cccb3: cophenetic index 2625; 1.0 s; peak memory 781 MiB.
2026-10-06T00:44:18Z INFO [3323/3678] 688e102e-477d-4ddc-86b9-f870f0109989: cophenetic index 624; 0.7 s; peak memory 781 MiB.
2026-10-06T00:44:18Z INFO [3324/3678] 688e4851-480e-4b2d-b0ca-5be827b3348a: cophenetic index 759; 0.4 s; peak memory 781 MiB.
2026-10-06T00:44:20Z INFO [3325/3678] 688e9df2-2792-407e-a91c-b0d3f0908bec: cophenetic index 1499; 1.3 s; peak memory 781 MiB.
2026-10-06T00:44:20Z INFO [3326/3678] 688ec3ca-9caa-458e-9f3f-2807894ddebc: cophenetic index 649; 0.8 s; peak memory 781 MiB.
2026-10-06T00:44:21Z INFO [3327/3678] 688f749f-ac16-448c-8c76-e17b6efc596d: cophenetic index 2974; 0.9 s; peak memory 781 MiB.
2026-10-06T00:44:22Z INFO [3328/3678] 688f9221-e4d1-40b5-a19a-77afdb180f75: cophenetic index 791; 1.1 s; peak memory 781 MiB.
2026-10-06T00:44:24Z INFO [3329/3678] 68903658-b2c5-46e8-a7f1-5cff45c60802: cophenetic index 2391; 2.1 s; peak memory 781 MiB.
2026-10-06T00:44:36Z INFO [3330/3678] 6890d12f-a2cd-4240-9aa5-711764aac033: cophenetic index 455670; 11.5 s; peak memory 781 MiB.
2026-10-06T00:44:37Z INFO [3331/3678] 6890d4b7-ce26-4c1e-bcb7-23d236790f87: cophenetic index 624; 0.7 s; peak memory 781 MiB.
2026-10-06T00:44:37Z INFO [3332/3678] 689154e4-2d17-481d-aa93-3c1962c3bf0c: cophenetic index 624; 0.7 s; peak memory 781 MiB.
2026-10-06T00:44:38Z INFO [3333/3678] 6891a3c6-e366-41dd-8894-e6e21d850b2a: cophenetic index 1614; 1.0 s; peak memory 781 MiB.
2026-10-06T00:44:45Z INFO [3334/3678] 6891b420-d382-432a-ac21-c04b427347df: cophenetic index 145377; 6.4 s; peak memory 781 MiB.
2026-10-06T00:44:46Z INFO [3335/3678] 689284d0-a0a1-4b68-a0fa-1630921df4bb: cophenetic index 3004; 0.9 s; peak memory 781 MiB.
2026-10-06T00:44:46Z INFO [3336/3678] 68938f3a-787a-415d-a90c-e83b36ece543: cophenetic index 1470; 0.6 s; peak memory 781 MiB.
2026-10-06T00:44:48Z INFO [3337/3678] 6893c993-89b0-4604-a7b0-fd96eeebd62d: cophenetic index 1430; 1.5 s; peak memory 781 MiB.
2026-10-06T00:44:48Z INFO [3338/3678] 6893e31f-a5c3-41d3-bc6d-98d17e403e05: cophenetic index 433; 0.6 s; peak memory 781 MiB.
2026-10-06T00:44:51Z INFO [3339/3678] 68946d98-d4e6-4f49-ada9-136686937b21: cophenetic index 13872; 2.5 s; peak memory 781 MiB.
2026-10-06T00:44:51Z INFO [3340/3678] 68950eaa-76d4-4eea-bb30-fa980e463558: cophenetic index 624; 0.6 s; peak memory 781 MiB.
2026-10-06T00:44:52Z INFO [3341/3678] 68959cad-459f-4b92-8002-9fea446ef721: cophenetic index 3087; 1.0 s; peak memory 781 MiB.
2026-10-06T00:44:53Z INFO [3342/3678] 6895dfbe-66e7-4f55-b267-021f39276ba5: cophenetic index 624; 0.8 s; peak memory 781 MiB.
2026-10-06T00:44:54Z INFO [3343/3678] 68962a5c-6bcb-446f-bc1b-4aadf30f290a: cophenetic index 560; 0.8 s; peak memory 781 MiB.
2026-10-06T00:44:55Z INFO [3344/3678] 6897d7c9-258b-41f7-8621-d7ce85bef78c: cophenetic index 497; 0.7 s; peak memory 781 MiB.
2026-10-06T00:44:55Z INFO [3345/3678] 68980cc3-38a3-4e45-935c-3b2200aec86a: cophenetic index 624; 0.8 s; peak memory 781 MiB.
2026-10-06T00:44:56Z INFO [3346/3678] 689858ab-b80a-4cca-a72c-7cbfeb372203: cophenetic index 624; 0.8 s; peak memory 781 MiB.
2026-10-06T00:44:57Z INFO [3347/3678] 6898c7b6-8e9f-4ab8-89de-3dc37c0239f0: cophenetic index 3087; 1.1 s; peak memory 781 MiB.
2026-10-06T00:44:58Z INFO [3348/3678] 6898d7e0-7391-465f-9b65-42fe48bc07ce: cophenetic index 624; 0.8 s; peak memory 781 MiB.
2026-10-06T00:44:59Z INFO [3349/3678] 68992f81-704c-489b-b80a-b293ff09c5cc: cophenetic index 3087; 1.0 s; peak memory 781 MiB.
2026-10-06T00:45:00Z INFO [3350/3678] 6899c01e-aaf0-4d73-981f-8a4bc34ead36: cophenetic index 634; 1.0 s; peak memory 781 MiB.
2026-10-06T00:45:00Z INFO [3350/3678] 6899c01e-aaf0-4d73-981f-8a4bc34ead36: checkpointed 97148 records.
2026-10-06T00:45:01Z INFO [3351/3678] 6899c642-a271-440a-b17c-36e6b2a03aed: cophenetic index 1949; 0.7 s; peak memory 781 MiB.
2026-10-06T00:45:02Z INFO [3352/3678] 6899dfc0-b979-4443-9ec4-2d4c8a459a3a: cophenetic index 2625; 1.0 s; peak memory 781 MiB.
2026-10-06T00:45:03Z INFO [3353/3678] 6899fe44-74e4-4015-99d7-8feef777e6f8: cophenetic index 624; 0.8 s; peak memory 781 MiB.
2026-10-06T00:45:03Z INFO [3354/3678] 689a4f7a-4ce8-45e9-901d-4800b3fcca45: cophenetic index 624; 0.8 s; peak memory 781 MiB.
2026-10-06T00:45:05Z INFO [3355/3678] 689aa1b2-8b5b-4aaa-8225-91816f924775: cophenetic index 3004; 1.1 s; peak memory 781 MiB.
2026-10-06T00:45:06Z INFO [3356/3678] 689ae458-f3a7-4592-9068-323b8fdf91a6: cophenetic index 2402; 1.6 s; peak memory 781 MiB.
2026-10-06T00:45:07Z INFO [3357/3678] 689b0a87-6d9b-4b1b-95ac-2d3e6513bd3b: cophenetic index 23272; 0.8 s; peak memory 781 MiB.
2026-10-06T00:45:08Z INFO [3358/3678] 689bb2e4-337c-4ea6-8b56-f169f22f9969: cophenetic index 2625; 1.0 s; peak memory 781 MiB.
2026-10-06T00:45:09Z INFO [3359/3678] 689bd7c9-f552-440b-a30a-361f31306a6f: cophenetic index 624; 0.9 s; peak memory 781 MiB.
2026-10-06T00:45:10Z INFO [3360/3678] 689bde0a-eeeb-4c68-bec5-46101ef3664b: cophenetic index 33986; 1.1 s; peak memory 781 MiB.
2026-10-06T00:45:11Z INFO [3361/3678] 689d0972-85d2-481b-8b8a-52fb681902c9: cophenetic index 649; 0.9 s; peak memory 781 MiB.
2026-10-06T00:45:14Z INFO [3362/3678] 689d42dd-41e1-4185-b683-0eef1f1124a8: cophenetic index 39407; 3.6 s; peak memory 781 MiB.
2026-10-06T00:45:15Z INFO [3363/3678] 689d6da6-4249-43d9-a163-aeb9c051c637: cophenetic index 2625; 0.8 s; peak memory 781 MiB.
2026-10-06T00:45:16Z INFO [3364/3678] 689dc974-57af-4cc5-8c26-327831ed2b4f: cophenetic index 1192; 0.7 s; peak memory 781 MiB.
2026-10-06T00:45:16Z INFO [3365/3678] 689e7530-af7f-4d26-ba85-ab6cf6d9fa4f: cophenetic index 490; 0.4 s; peak memory 781 MiB.
2026-10-06T00:45:17Z INFO [3366/3678] 689f76cc-676e-40a3-b6b3-a86e3601ef6d: cophenetic index 624; 0.7 s; peak memory 781 MiB.
2026-10-06T00:45:22Z INFO [3367/3678] 689f7d0c-a779-45cb-8d92-d22e1967a156: cophenetic index 58623; 4.6 s; peak memory 781 MiB.
2026-10-06T00:45:22Z INFO [3368/3678] 68a011a1-bd03-4431-aec4-1474a53b197b: cophenetic index 624; 0.7 s; peak memory 781 MiB.
2026-10-06T00:45:26Z INFO [3369/3678] 68a12f5b-5d59-4171-80e0-6d76b51cf384: cophenetic index 52019; 3.4 s; peak memory 781 MiB.
2026-10-06T00:45:26Z INFO [3370/3678] 68a1f216-2729-4070-97a1-cb7e9637de3c: cophenetic index 627; 0.7 s; peak memory 781 MiB.
2026-10-06T00:45:27Z INFO [3371/3678] 68a25feb-3d77-47f1-9358-ae56e6d18583: cophenetic index 3004; 0.9 s; peak memory 781 MiB.
2026-10-06T00:45:32Z INFO [3372/3678] 68a2b4ea-8595-4e4a-b771-9ec3f4744ccd: cophenetic index 53259; 4.5 s; peak memory 781 MiB.
2026-10-06T00:45:33Z INFO [3373/3678] 68a2c3b9-9d40-4ba1-bb6d-90d5a25d43b6: cophenetic index 3087; 1.0 s; peak memory 781 MiB.
2026-10-06T00:45:34Z INFO [3374/3678] 68a36d67-926b-43e8-b51c-00fd6d79ceb7: cophenetic index 33998; 1.5 s; peak memory 781 MiB.
2026-10-06T00:45:35Z INFO [3375/3678] 68a3f3c0-fe42-44a5-9db7-a22a5a848da4: cophenetic index 624; 0.8 s; peak memory 781 MiB.
2026-10-06T00:45:36Z INFO [3376/3678] 68a41603-a114-4b54-bce0-962b6e3c21c5: cophenetic index 624; 0.6 s; peak memory 781 MiB.
2026-10-06T00:45:37Z INFO [3377/3678] 68a44970-b00f-4325-97aa-9c5cac520965: cophenetic index 624; 0.9 s; peak memory 781 MiB.
2026-10-06T00:45:39Z INFO [3378/3678] 68a50e9e-e0fc-423f-9be4-dc6e45c14832: cophenetic index 1733; 2.0 s; peak memory 781 MiB.
2026-10-06T00:45:39Z INFO [3379/3678] 68a56316-4ee9-4493-8ea5-aac1e3b909e3: cophenetic index 23378; 0.9 s; peak memory 781 MiB.
2026-10-06T00:45:40Z INFO [3380/3678] 68a56bd7-e129-4951-ba07-00dd7b0c6b2a: cophenetic index 624; 0.7 s; peak memory 781 MiB.
2026-10-06T00:45:42Z INFO [3381/3678] 68a56fcf-db2d-4bf5-8149-98222c4ab176: cophenetic index 33998; 1.4 s; peak memory 781 MiB.
2026-10-06T00:45:42Z INFO [3382/3678] 68a62a7a-5830-4011-adaf-d7fb42c323b3: cophenetic index 3087; 0.8 s; peak memory 781 MiB.
2026-10-06T00:45:43Z INFO [3383/3678] 68a69036-cf18-49ad-beb1-c48ec4b82c87: cophenetic index 2625; 0.8 s; peak memory 781 MiB.
2026-10-06T00:45:44Z INFO [3384/3678] 68a6beee-6eb5-44e5-a070-222afce3e40e: cophenetic index 1087; 1.1 s; peak memory 781 MiB.
2026-10-06T00:45:45Z INFO [3385/3678] 68a6fa9d-c0cc-40e7-9660-c9c8b355a96d: cophenetic index 624; 0.7 s; peak memory 781 MiB.
2026-10-06T00:45:47Z INFO [3386/3678] 68a7bbb0-2474-4199-b500-472076a63d89: cophenetic index 959; 1.8 s; peak memory 781 MiB.
2026-10-06T00:45:47Z INFO [3387/3678] 68a81539-4ff1-4819-af4f-e99c5c7d74fa: cophenetic index 23364; 0.7 s; peak memory 781 MiB.
2026-10-06T00:45:49Z INFO [3388/3678] 68a81ed9-3d52-4153-a2ea-93c0268e888a: cophenetic index 515; 1.3 s; peak memory 781 MiB.
2026-10-06T00:45:50Z INFO [3389/3678] 68a89834-f50f-4000-9e61-570f83e16198: cophenetic index 624; 0.8 s; peak memory 781 MiB.
2026-10-06T00:45:51Z INFO [3390/3678] 68a95a82-34e0-4c4e-b7d8-f96e326210d5: cophenetic index 2625; 1.0 s; peak memory 781 MiB.
2026-10-06T00:45:53Z INFO [3391/3678] 68a9780c-e473-4d4e-84af-0be01b1f98c4: cophenetic index 2469; 2.2 s; peak memory 781 MiB.
2026-10-06T00:45:55Z INFO [3392/3678] 68a98b36-f5b7-45a7-b52b-678d346eb0c6: cophenetic index 4015; 1.9 s; peak memory 781 MiB.
2026-10-06T00:45:56Z INFO [3393/3678] 68a9fd10-da96-4332-b539-7d6bceff979b: cophenetic index 1087; 1.3 s; peak memory 781 MiB.
2026-10-06T00:45:57Z INFO [3394/3678] 68aa48b6-9ded-41ee-beb8-8908db413772: cophenetic index 431; 0.7 s; peak memory 781 MiB.
2026-10-06T00:45:58Z INFO [3395/3678] 68aa6df5-3b78-43c2-bd64-f8dfc09cda34: cophenetic index 3004; 1.0 s; peak memory 781 MiB.
2026-10-06T00:45:58Z INFO [3396/3678] 68aaa6b1-cc7b-44b8-aab6-110ca3f6a8bf: cophenetic index 494; 0.8 s; peak memory 781 MiB.
2026-10-06T00:45:59Z INFO [3397/3678] 68abb495-a075-4f2a-a289-9c63c66eefef: cophenetic index 2570; 0.8 s; peak memory 781 MiB.
2026-10-06T00:46:00Z INFO [3398/3678] 68abf40d-bbe8-4c7b-b82e-6792d64aa825: cophenetic index 1949; 1.0 s; peak memory 781 MiB.
2026-10-06T00:46:02Z INFO [3399/3678] 68abfc14-6476-4bb5-b290-11f9f7fc0a8d: cophenetic index 1751; 1.3 s; peak memory 781 MiB.
2026-10-06T00:46:02Z INFO [3400/3678] 68aea9c3-62cc-430c-bcb7-42ea92ad81b8: cophenetic index 624; 0.8 s; peak memory 781 MiB.
2026-10-06T00:46:03Z INFO [3400/3678] 68aea9c3-62cc-430c-bcb7-42ea92ad81b8: checkpointed 97198 records.
2026-10-06T00:46:04Z INFO [3401/3678] 68af543d-d4c6-4a35-8bdf-152eb0333aa3: cophenetic index 107822; 1.8 s; peak memory 781 MiB.
2026-10-06T00:46:06Z INFO [3402/3678] 68b034e6-0a97-48ee-91d2-8bb11941eeff: cophenetic index 1408; 1.5 s; peak memory 781 MiB.
2026-10-06T00:46:07Z INFO [3403/3678] 68b04915-7181-44f0-9428-874b292dfccc: cophenetic index 2625; 1.1 s; peak memory 781 MiB.
2026-10-06T00:46:08Z INFO [3404/3678] 68b12c81-f6c7-40a5-8969-cb9dbe5aa61d: cophenetic index 624; 0.7 s; peak memory 781 MiB.
2026-10-06T00:46:08Z INFO [3405/3678] 68b13ec2-023b-42c0-ac25-260db126e0fb: cophenetic index 624; 0.7 s; peak memory 781 MiB.
2026-10-06T00:46:12Z INFO [3406/3678] 68b1ce29-4bec-40cd-afa7-19b5142f1c70: cophenetic index 13178; 3.8 s; peak memory 781 MiB.
2026-10-06T00:46:25Z INFO [3407/3678] 68b38f51-052c-47af-8e11-6992557f3956: cophenetic index 21448066; 12.8 s; peak memory 781 MiB.
2026-10-06T00:46:26Z INFO [3408/3678] 68b42f04-b87d-47a8-94d6-45025f633e85: cophenetic index 2682; 1.3 s; peak memory 781 MiB.
2026-10-06T00:46:27Z INFO [3409/3678] 68b51a64-ac2d-414d-895d-f3a76446d3d3: cophenetic index 3004; 0.9 s; peak memory 781 MiB.
2026-10-06T00:46:29Z INFO [3410/3678] 68b59a68-00ec-480d-9e77-ba622d827ca2: cophenetic index 5473; 1.8 s; peak memory 781 MiB.
2026-10-06T00:46:30Z INFO [3411/3678] 68b59c57-9d56-4926-88ce-f252558cc3bb: cophenetic index 33968; 1.3 s; peak memory 781 MiB.
2026-10-06T00:46:32Z INFO [3412/3678] 68b5da47-67ad-49c3-9cb4-911ae7425049: cophenetic index 829; 1.3 s; peak memory 781 MiB.
2026-10-06T00:46:33Z INFO [3413/3678] 68b66c00-b170-4899-9874-c88c6acbd1e9: cophenetic index 581; 0.9 s; peak memory 781 MiB.
2026-10-06T00:46:33Z INFO [3414/3678] 68b71447-1fb2-4f5d-bced-efefc822ffb9: cophenetic index 624; 0.7 s; peak memory 781 MiB.
2026-10-06T00:46:37Z INFO [3415/3678] 68b7a5d7-3dd5-44fb-876c-302470accc55: cophenetic index 87573; 3.7 s; peak memory 781 MiB.
2026-10-06T00:46:38Z INFO [3416/3678] 68b7ff4b-ed58-43f2-9cca-51739cec19d5: cophenetic index 490; 0.5 s; peak memory 781 MiB.
2026-10-06T00:46:38Z INFO [3417/3678] 68b8a225-22ec-4c1f-a1f0-4c590a960f0d: cophenetic index 446; 0.5 s; peak memory 781 MiB.
2026-10-06T00:46:39Z INFO [3418/3678] 68b8cbda-fa90-4a5e-ae94-cd51640bb02c: cophenetic index 3004; 0.9 s; peak memory 781 MiB.
2026-10-06T00:46:40Z INFO [3419/3678] 68b94300-ccba-449d-bb63-8cc053fcfcde: cophenetic index 23866; 1.0 s; peak memory 781 MiB.
2026-10-06T00:46:41Z INFO [3420/3678] 68b9f6b8-b883-42a2-97dc-5698c721a3cf: cophenetic index 569; 0.9 s; peak memory 781 MiB.
2026-10-06T00:46:42Z INFO [3421/3678] 68ba12b8-01fa-441b-8ac1-a371a3eea236: cophenetic index 3087; 0.8 s; peak memory 781 MiB.
2026-10-06T00:46:43Z INFO [3422/3678] 68ba6718-3d10-4012-aa5e-16bb82aa31a1: cophenetic index 2974; 1.0 s; peak memory 781 MiB.
2026-10-06T00:46:43Z INFO [3423/3678] 68ba8125-da34-443d-812a-31e24b8322de: cophenetic index 3057; 0.8 s; peak memory 781 MiB.
2026-10-06T00:46:44Z INFO [3424/3678] 68baf6c8-b001-4a2f-8f07-20c127719731: cophenetic index 2923; 0.9 s; peak memory 781 MiB.
2026-10-06T00:46:45Z INFO [3425/3678] 68bb0a3e-2d8e-4c5a-8962-50189767297e: cophenetic index 761; 0.6 s; peak memory 781 MiB.
2026-10-06T00:46:46Z INFO [3426/3678] 68bb6e49-f34c-48aa-83d0-061ed339dcdc: cophenetic index 1087; 1.1 s; peak memory 781 MiB.
2026-10-06T00:46:48Z INFO [3427/3678] 68bb92b8-0f73-489b-bddf-d3a366a9bfb8: cophenetic index 33998; 1.4 s; peak memory 781 MiB.
2026-10-06T00:46:57Z INFO [3428/3678] 68bd92bd-037e-4b9f-b41c-6717c9120ff3: cophenetic index 519689; 9.3 s; peak memory 781 MiB.
2026-10-06T00:46:58Z INFO [3429/3678] 68bd941a-12ab-4ae7-a210-900799faff2c: cophenetic index 2625; 1.1 s; peak memory 781 MiB.
2026-10-06T00:47:00Z INFO [3430/3678] 68be0a72-20da-447c-964e-033a2dfb9d39: cophenetic index 5473; 1.8 s; peak memory 781 MiB.
2026-10-06T00:47:07Z INFO [3431/3678] 68be4d09-c9c2-49d1-b3ff-fddb1a775aaf: cophenetic index 776478; 7.7 s; peak memory 781 MiB.
2026-10-06T00:47:08Z INFO [3432/3678] 68bef62c-9746-4fda-a208-91c60fbd6a2b: cophenetic index 490; 0.7 s; peak memory 781 MiB.
2026-10-06T00:47:09Z INFO [3433/3678] 68bf03a7-a04b-4038-9f5c-ce3da2553f0b: cophenetic index 579; 0.5 s; peak memory 781 MiB.
2026-10-06T00:47:09Z INFO [3434/3678] 68c05c05-611d-41eb-84aa-5f24ff32b6a8: cophenetic index 739; 0.5 s; peak memory 781 MiB.
2026-10-06T00:47:10Z INFO [3435/3678] 68c09e44-d63a-4c85-b86a-2332db8c6b2d: cophenetic index 490; 0.4 s; peak memory 781 MiB.
2026-10-06T00:47:13Z INFO [3436/3678] 68c0e137-a579-4281-9a68-e602a2a2d370: cophenetic index 5466; 3.9 s; peak memory 781 MiB.
2026-10-06T00:47:22Z INFO [3437/3678] 68c0fa1a-fe86-4e85-b6ee-c1504983f241: cophenetic index 301339; 8.4 s; peak memory 781 MiB.
2026-10-06T00:47:23Z INFO [3438/3678] 68c17528-b052-4080-a071-f429270fee26: cophenetic index 2923; 0.9 s; peak memory 781 MiB.
2026-10-06T00:47:23Z INFO [3439/3678] 68c1c151-6df6-4d5a-b0f7-717bcacbce9e: cophenetic index 490; 0.5 s; peak memory 781 MiB.
2026-10-06T00:47:28Z INFO [3440/3678] 68c1d953-64a5-42b7-b043-a7c3ed248f43: cophenetic index 207467; 5.2 s; peak memory 781 MiB.
2026-10-06T00:47:29Z INFO [3441/3678] 68c20dfc-0528-461c-a934-3432c1a9ceb4: cophenetic index 1006; 1.0 s; peak memory 781 MiB.
2026-10-06T00:47:30Z INFO [3442/3678] 68c40538-cbc0-4764-b24c-f8eeeb1e4b6d: cophenetic index 624; 0.6 s; peak memory 781 MiB.
2026-10-06T00:47:31Z INFO [3443/3678] 68c4796a-68f2-4825-9136-2dc4aeda133f: cophenetic index 490; 0.6 s; peak memory 781 MiB.
2026-10-06T00:47:32Z INFO [3444/3678] 68c4f34e-e831-4562-b51f-e3d4e527e7a2: cophenetic index 33986; 1.2 s; peak memory 781 MiB.
2026-10-06T00:47:33Z INFO [3445/3678] 68c51198-9857-4746-80cf-1d58adedb1d3: cophenetic index 624; 0.8 s; peak memory 781 MiB.
2026-10-06T00:47:34Z INFO [3446/3678] 68c53c4f-f246-4b61-bdaa-4b1c1c3d62bc: cophenetic index 797; 1.2 s; peak memory 781 MiB.
2026-10-06T00:47:35Z INFO [3447/3678] 68c6122c-80c6-4552-bc30-918d0424a145: cophenetic index 624; 0.8 s; peak memory 781 MiB.
2026-10-06T00:47:36Z INFO [3448/3678] 68c7aac8-6864-47b4-811f-d83eaf6f72a4: cophenetic index 791; 1.2 s; peak memory 781 MiB.
2026-10-06T00:47:42Z INFO [3449/3678] 68c971b5-d087-47fe-bf7f-0287df6aed1f: cophenetic index 33285; 6.2 s; peak memory 781 MiB.
2026-10-06T00:47:42Z INFO [3450/3678] 68cab6c3-1304-40a0-b96d-601b5027fe90: cophenetic index 579; 0.5 s; peak memory 781 MiB.
2026-10-06T00:47:43Z INFO [3450/3678] 68cab6c3-1304-40a0-b96d-601b5027fe90: checkpointed 97248 records.
2026-10-06T00:47:45Z INFO [3451/3678] 68cae8ab-b2f7-4b0a-b927-83e93a2aa257: cophenetic index 910; 2.1 s; peak memory 781 MiB.
2026-10-06T00:47:46Z INFO [3452/3678] 68caf316-1890-43c9-a089-2ecf09f27795: cophenetic index 624; 0.9 s; peak memory 781 MiB.
2026-10-06T00:47:55Z INFO [3453/3678] 68cd362c-c048-47d9-a28d-a6198a07f81c: cophenetic index 279092; 9.7 s; peak memory 781 MiB.
2026-10-06T00:47:56Z INFO [3454/3678] 68cd42a2-34fc-49c0-a99d-98714b7e3270: cophenetic index 624; 0.8 s; peak memory 781 MiB.
2026-10-06T00:47:57Z INFO [3455/3678] 68cd9795-d89a-48b5-a44e-a75e49605b6f: cophenetic index 554; 0.8 s; peak memory 781 MiB.
2026-10-06T00:47:58Z INFO [3456/3678] 68cdb470-1eba-4d49-bdf6-70e36132d0f3: cophenetic index 754; 0.9 s; peak memory 781 MiB.
2026-10-06T00:48:01Z INFO [3457/3678] 68ced1ef-90d1-4100-9c76-d4cbb853e155: cophenetic index 3471; 3.3 s; peak memory 781 MiB.
2026-10-06T00:48:03Z INFO [3458/3678] 68cf56ab-69d4-4474-873c-4c003b0bd02a: cophenetic index 34658; 1.9 s; peak memory 781 MiB.
2026-10-06T00:48:07Z INFO [3459/3678] 68d09b83-0b14-4d08-aeb1-a6ae66b5e927: cophenetic index 45791; 4.3 s; peak memory 781 MiB.
2026-10-06T00:48:08Z INFO [3460/3678] 68d11131-b38e-482f-8741-9d80d96e8701: cophenetic index 762; 0.6 s; peak memory 781 MiB.
2026-10-06T00:48:09Z INFO [3461/3678] 68d16d7d-ebbe-491b-a43a-31bb697d7ea6: cophenetic index 1058; 0.7 s; peak memory 781 MiB.
2026-10-06T00:48:12Z INFO [3462/3678] 68d2ab2b-ffa6-436a-b9cc-4de12ab2656f: cophenetic index 87573; 3.2 s; peak memory 781 MiB.
2026-10-06T00:48:12Z INFO [3463/3678] 68d2e983-6fd7-49b8-a00e-983563ea5557: cophenetic index 649; 0.6 s; peak memory 781 MiB.
2026-10-06T00:48:13Z INFO [3464/3678] 68d3b018-6c17-4147-92f3-cfc007168779: cophenetic index 13320; 0.8 s; peak memory 781 MiB.
2026-10-06T00:48:14Z INFO [3465/3678] 68d3e3aa-2791-489a-89b0-5fc9ecdf20dd: cophenetic index 624; 0.7 s; peak memory 781 MiB.
2026-10-06T00:48:15Z INFO [3466/3678] 68d6da8d-d6b3-4875-a17c-41260b65fe79: cophenetic index 33962; 1.3 s; peak memory 781 MiB.
2026-10-06T00:48:16Z INFO [3467/3678] 68d6e134-d0a6-4137-a937-63354eb19b88: cophenetic index 624; 0.7 s; peak memory 781 MiB.
2026-10-06T00:48:18Z INFO [3468/3678] 68d70145-dc3b-4b62-94c6-8e5ffbf55b76: cophenetic index 33998; 1.8 s; peak memory 781 MiB.
2026-10-06T00:48:19Z INFO [3469/3678] 68d773b7-c2a0-4ae7-bb99-5e0716988f11: cophenetic index 3057; 0.8 s; peak memory 781 MiB.
2026-10-06T00:48:20Z INFO [3470/3678] 68d7771e-37b9-40ae-b1d4-fa89f747922f: cophenetic index 33998; 1.5 s; peak memory 781 MiB.
2026-10-06T00:48:21Z INFO [3471/3678] 68d93232-899c-4ed1-94ba-2bbcdad42864: cophenetic index 624; 0.8 s; peak memory 781 MiB.
2026-10-06T00:48:23Z INFO [3472/3678] 68d97ab2-2dc7-409d-b0b7-b3607c8be2fb: cophenetic index 2682; 1.7 s; peak memory 781 MiB.
2026-10-06T00:48:25Z INFO [3473/3678] 68da0c44-20c9-4479-b467-0ad7d07c30fb: cophenetic index 5473; 2.8 s; peak memory 781 MiB.
2026-10-06T00:48:26Z INFO [3474/3678] 68da6ab2-72c2-4d3e-b6fb-0e9ffe6e3339: cophenetic index 624; 0.7 s; peak memory 781 MiB.
2026-10-06T00:48:27Z INFO [3475/3678] 68db5595-0226-4cb6-99e8-9a7aec85b824: cophenetic index 23866; 0.6 s; peak memory 781 MiB.
2026-10-06T00:48:27Z INFO [3476/3678] 68db6c2a-f82e-4c37-bc47-daca89bf7ec1: cophenetic index 741; 0.6 s; peak memory 781 MiB.
2026-10-06T00:48:28Z INFO [3477/3678] 68dba853-3b76-40e2-a52d-ac59a3b91493: cophenetic index 1949; 1.0 s; peak memory 781 MiB.
2026-10-06T00:48:29Z INFO [3478/3678] 68dd1be2-ee8b-42ed-8242-08cb06e26484: cophenetic index 3004; 0.8 s; peak memory 781 MiB.
2026-10-06T00:48:30Z INFO [3479/3678] 68dd4b98-3023-4fcf-bea5-ff0294ae650e: cophenetic index 2625; 1.1 s; peak memory 781 MiB.
2026-10-06T00:48:31Z INFO [3480/3678] 68dd8d89-1304-4d95-b7da-a9537b2767d5: cophenetic index 2570; 1.1 s; peak memory 781 MiB.
2026-10-06T00:48:32Z INFO [3481/3678] 68de346a-7853-4c08-a9ce-f966439f03ef: cophenetic index 1436; 0.8 s; peak memory 781 MiB.
2026-10-06T00:48:33Z INFO [3482/3678] 68df6fcd-87d5-49e0-865e-24c0215d4010: cophenetic index 579; 0.5 s; peak memory 781 MiB.
2026-10-06T00:48:34Z INFO [3483/3678] 68dfe59f-d69c-451c-8ad2-4803a388126a: cophenetic index 3087; 1.1 s; peak memory 781 MiB.
2026-10-06T00:48:34Z INFO [3484/3678] 68e0c7a2-7110-41d8-8348-e05c053db009: cophenetic index 624; 0.8 s; peak memory 781 MiB.
2026-10-06T00:48:40Z INFO [3485/3678] 68e17922-1932-4cfb-b394-d2ed8e56855e: cophenetic index 12142; 5.5 s; peak memory 781 MiB.
2026-10-06T00:48:41Z INFO [3486/3678] 68e1e6c1-a586-4e57-8193-b1eaa160b34b: cophenetic index 1192; 0.7 s; peak memory 781 MiB.
2026-10-06T00:48:43Z INFO [3487/3678] 68e256a3-b7b0-4c73-aef3-d4d138321f06: cophenetic index 4015; 2.0 s; peak memory 781 MiB.
2026-10-06T00:48:44Z INFO [3488/3678] 68e2e05b-7617-46ed-83be-dafda7f09344: cophenetic index 2625; 1.0 s; peak memory 781 MiB.
2026-10-06T00:48:45Z INFO [3489/3678] 68e35a66-6315-4a96-9f30-abcd458bdadc: cophenetic index 3575; 1.8 s; peak memory 781 MiB.
2026-10-06T00:48:46Z INFO [3490/3678] 68e3fea8-7a1a-4f67-b45c-b3d33f6decba: cophenetic index 649; 0.7 s; peak memory 781 MiB.
2026-10-06T00:48:47Z INFO [3491/3678] 68e57c18-9f9e-44c8-b30f-6890f605486a: cophenetic index 2625; 1.3 s; peak memory 781 MiB.
2026-10-06T00:48:49Z INFO [3492/3678] 68e630c5-10cc-4a33-b2bd-1ba281049e40: cophenetic index 1438; 1.8 s; peak memory 781 MiB.
2026-10-06T00:48:50Z INFO [3493/3678] 68e63da5-b8f4-4172-8679-84294164dbbf: cophenetic index 458; 1.0 s; peak memory 781 MiB.
2026-10-06T00:48:52Z INFO [3494/3678] 68e6756f-49c7-4fd2-a3b5-839133a1e48d: cophenetic index 2391; 1.8 s; peak memory 781 MiB.
2026-10-06T00:48:53Z INFO [3495/3678] 68e69745-1771-4124-afe7-7fc65996adc9: cophenetic index 624; 0.7 s; peak memory 781 MiB.
2026-10-06T00:48:54Z INFO [3496/3678] 68e7932b-4ebf-475e-a925-afd8bbe86086: cophenetic index 33968; 1.2 s; peak memory 781 MiB.
2026-10-06T00:48:56Z INFO [3497/3678] 68e7dcbd-48d6-4637-ab3a-07b3eb5a29a3: cophenetic index 3033; 2.1 s; peak memory 781 MiB.
2026-10-06T00:48:57Z INFO [3498/3678] 68e82488-95d1-46ec-9ab7-5605c5931cd4: cophenetic index 33998; 1.5 s; peak memory 781 MiB.
2026-10-06T00:49:02Z INFO [3499/3678] 68e9be8e-84ec-4a2f-b6dc-43ff9bc64fc8: cophenetic index 70784; 4.6 s; peak memory 781 MiB.
2026-10-06T00:49:03Z INFO [3500/3678] 68eb4a77-73c3-49ff-a3c1-76f9db4e1b0f: cophenetic index 2625; 0.9 s; peak memory 781 MiB.
2026-10-06T00:49:03Z INFO [3500/3678] 68eb4a77-73c3-49ff-a3c1-76f9db4e1b0f: checkpointed 97298 records.
2026-10-06T00:49:04Z INFO [3501/3678] 68ebed2f-3330-487c-93fd-98e220fcf13f: cophenetic index 490; 0.7 s; peak memory 781 MiB.
2026-10-06T00:49:04Z INFO [3502/3678] 68ed454b-d61e-4c72-ac91-97ca126c6de4: cophenetic index 431; 0.5 s; peak memory 781 MiB.
2026-10-06T00:49:06Z INFO [3503/3678] 68ee34cc-62c1-4b6a-9589-323499978e8f: cophenetic index 1970; 2.0 s; peak memory 781 MiB.
2026-10-06T00:49:10Z INFO [3504/3678] 68eeaf54-cd99-433f-b0b7-b986114ef028: cophenetic index 9548; 3.8 s; peak memory 781 MiB.
2026-10-06T00:49:11Z INFO [3505/3678] 68eeee89-239b-43cc-8b28-be7a23bb2c66: cophenetic index 431; 0.8 s; peak memory 781 MiB.
2026-10-06T00:49:12Z INFO [3506/3678] 68ef3dc3-1c66-43b8-9099-e85b5e82c8ec: cophenetic index 3004; 0.9 s; peak memory 781 MiB.
2026-10-06T00:49:13Z INFO [3507/3678] 68efee1c-9be6-44c2-b69c-9c81969fba8a: cophenetic index 3087; 0.8 s; peak memory 781 MiB.
2026-10-06T00:49:14Z INFO [3508/3678] 68f03470-3ca0-4674-940b-ab3402649a73: cophenetic index 2974; 1.0 s; peak memory 781 MiB.
2026-10-06T00:49:14Z INFO [3509/3678] 68f04501-b66d-4651-93d3-9c02d6e1b987: cophenetic index 690; 0.6 s; peak memory 781 MiB.
2026-10-06T00:49:19Z INFO [3510/3678] 68f0c758-3ad5-465d-9007-76f740f43299: cophenetic index 9548; 4.2 s; peak memory 781 MiB.
2026-10-06T00:49:20Z INFO [3511/3678] 68f10568-6dab-44e7-959a-bba68cef1833: cophenetic index 2724; 1.0 s; peak memory 781 MiB.
2026-10-06T00:49:21Z INFO [3512/3678] 68f15465-a5b6-494a-980d-ddb28455ae42: cophenetic index 605; 1.1 s; peak memory 781 MiB.
2026-10-06T00:49:22Z INFO [3513/3678] 68f17e06-7491-485a-9b1d-b42778185266: cophenetic index 624; 0.8 s; peak memory 781 MiB.
2026-10-06T00:49:24Z INFO [3514/3678] 68f286dc-8e0d-4dc1-974b-18559cdba6e8: cophenetic index 2391; 2.1 s; peak memory 781 MiB.
2026-10-06T00:49:25Z INFO [3515/3678] 68f2afdf-0748-4644-a5e7-f13d9b976411: cophenetic index 972; 1.3 s; peak memory 781 MiB.
2026-10-06T00:49:26Z INFO [3516/3678] 68f2ca78-963e-46b3-9e67-a03909e9a1b4: cophenetic index 624; 0.8 s; peak memory 781 MiB.
2026-10-06T00:49:26Z INFO [3517/3678] 68f60613-8c87-4819-af6d-8d657b99a8f0: cophenetic index 624; 0.7 s; peak memory 781 MiB.
2026-10-06T00:49:30Z INFO [3518/3678] 68f6e75e-d883-4497-8e83-5e7518751b43: cophenetic index 9181; 3.9 s; peak memory 781 MiB.
2026-10-06T00:49:31Z INFO [3519/3678] 68f7aabc-25f9-429f-ae75-ac7d930a1723: cophenetic index 431; 0.8 s; peak memory 781 MiB.
2026-10-06T00:49:32Z INFO [3520/3678] 68f94934-f206-45b8-a150-fc83219e929c: cophenetic index 624; 0.7 s; peak memory 781 MiB.
2026-10-06T00:49:40Z INFO [3521/3678] 68f95d62-08b9-4aa3-9724-a9196efa0469: cophenetic index 246111; 8.0 s; peak memory 781 MiB.
2026-10-06T00:49:40Z INFO [3522/3678] 68f9607b-d654-46f8-94d8-e1954a275a20: cophenetic index 1848; 0.7 s; peak memory 781 MiB.
2026-10-06T00:49:41Z INFO [3523/3678] 68f97f61-f5b7-4cde-867e-dc4d592268fa: cophenetic index 36406; 0.9 s; peak memory 781 MiB.
2026-10-06T00:49:42Z INFO [3524/3678] 68f9cb68-fdf7-47e7-9163-5d51285ab8bb: cophenetic index 624; 0.8 s; peak memory 781 MiB.
2026-10-06T00:49:43Z INFO [3525/3678] 68fa6c80-1e22-48bd-97f7-6bfa5a61904f: cophenetic index 579; 0.6 s; peak memory 781 MiB.
2026-10-06T00:49:44Z INFO [3526/3678] 68fa90ac-3d54-4675-8425-6ad3057e413d: cophenetic index 2402; 1.6 s; peak memory 781 MiB.
2026-10-06T00:49:45Z INFO [3527/3678] 68fb7bd0-671c-4f33-87a5-466b97d6ba4a: cophenetic index 624; 0.7 s; peak memory 781 MiB.
2026-10-06T00:49:49Z INFO [3528/3678] 68fc9a27-9e49-472a-90a9-efd75b448d15: cophenetic index 5466; 4.4 s; peak memory 781 MiB.
2026-10-06T00:49:51Z INFO [3529/3678] 68fdc70c-960c-4d9e-a20e-63a293cf8df1: cophenetic index 1087; 1.3 s; peak memory 781 MiB.
2026-10-06T00:49:51Z INFO [3530/3678] 68ff4da4-d483-4783-8bd1-217aece04c9d: cophenetic index 624; 0.8 s; peak memory 781 MiB.
2026-10-06T00:49:52Z INFO [3531/3678] 6900dfd4-6c24-473c-b5cc-770a4bbf2ef8: cophenetic index 1781; 0.5 s; peak memory 781 MiB.
2026-10-06T00:49:53Z INFO [3532/3678] 6900ffd2-549c-415a-b7af-e88c789a8e89: cophenetic index 624; 0.8 s; peak memory 781 MiB.
2026-10-06T00:49:53Z INFO [3533/3678] 6901ae73-2869-410c-8a5b-2486fa6ca966: cophenetic index 762; 0.4 s; peak memory 781 MiB.
2026-10-06T00:49:59Z INFO [3534/3678] 6901b31a-be04-4f5b-9623-b5347c77d304: cophenetic index 208564; 6.1 s; peak memory 781 MiB.
2026-10-06T00:50:01Z INFO [3535/3678] 690283bc-2fdd-4422-9e8f-e21549dcb0a3: cophenetic index 3296; 1.7 s; peak memory 781 MiB.
2026-10-06T00:50:07Z INFO [3536/3678] 6902dffb-a743-410a-ad7d-fd1cb39f4fde: cophenetic index 33285; 6.1 s; peak memory 781 MiB.
2026-10-06T00:50:08Z INFO [3537/3678] 6903450e-1c77-4e67-bef0-45cb817d46b1: cophenetic index 33986; 1.2 s; peak memory 781 MiB.
2026-10-06T00:50:09Z INFO [3538/3678] 6903892a-7781-4bc3-9325-112c04fa9351: cophenetic index 33998; 1.2 s; peak memory 781 MiB.
2026-10-06T00:50:10Z INFO [3539/3678] 6903fbe4-1b11-457c-a4e4-2556ba502068: cophenetic index 1025; 0.9 s; peak memory 781 MiB.
2026-10-06T00:50:11Z INFO [3540/3678] 690449be-9bec-4134-9236-116a89a8dab8: cophenetic index 624; 0.8 s; peak memory 781 MiB.
2026-10-06T00:50:12Z INFO [3541/3678] 69051bc5-361d-4d43-9e09-f57452484a20: cophenetic index 3004; 0.9 s; peak memory 781 MiB.
2026-10-06T00:50:13Z INFO [3542/3678] 690537ef-1b7d-4673-aba5-86f8dfbbee52: cophenetic index 624; 0.7 s; peak memory 781 MiB.
2026-10-06T00:50:15Z INFO [3543/3678] 690562bd-0609-450e-b02c-e69297a52843: cophenetic index 6490; 1.9 s; peak memory 781 MiB.
2026-10-06T00:50:17Z INFO [3544/3678] 69056df8-4218-48c1-b987-57f40595c39a: cophenetic index 5473; 2.1 s; peak memory 781 MiB.
2026-10-06T00:50:19Z INFO [3545/3678] 6905cfbf-fc4e-4610-a725-11b52bba83f3: cophenetic index 34658; 2.2 s; peak memory 781 MiB.
2026-10-06T00:50:24Z INFO [3546/3678] 6905dd33-0268-4f33-984c-0e66c837572e: cophenetic index 9592; 4.6 s; peak memory 781 MiB.
2026-10-06T00:50:24Z INFO [3547/3678] 69089a0f-6aaa-451b-a66e-90c26fc15443: cophenetic index 624; 0.7 s; peak memory 781 MiB.
2026-10-06T00:50:25Z INFO [3548/3678] 6909804f-8117-436e-8510-98dba43d6d8a: cophenetic index 3192; 1.1 s; peak memory 781 MiB.
2026-10-06T00:50:26Z INFO [3549/3678] 690a2329-4018-47df-b645-4c5bcdd9a9d6: cophenetic index 490; 0.4 s; peak memory 781 MiB.
2026-10-06T00:50:27Z INFO [3550/3678] 690a3e0e-3e3f-4d68-a1a6-44189f72f3e0: cophenetic index 1602; 0.8 s; peak memory 781 MiB.
2026-10-06T00:50:27Z INFO [3550/3678] 690a3e0e-3e3f-4d68-a1a6-44189f72f3e0: checkpointed 97348 records.
2026-10-06T00:50:29Z INFO [3551/3678] 690ba6bc-218b-4609-b99e-9829b37bb5de: cophenetic index 4797; 2.8 s; peak memory 781 MiB.
2026-10-06T00:50:30Z INFO [3552/3678] 690c9753-e09e-4944-ab1e-ef05e1e2b62a: cophenetic index 466; 0.6 s; peak memory 781 MiB.
2026-10-06T00:50:31Z INFO [3553/3678] 690ccc5b-5494-490d-88c1-23ca3d1042ca: cophenetic index 2625; 1.0 s; peak memory 781 MiB.
2026-10-06T00:50:32Z INFO [3554/3678] 690d56e0-c7cc-4b5f-bb32-4103201c2554: cophenetic index 624; 0.8 s; peak memory 781 MiB.
2026-10-06T00:50:33Z INFO [3555/3678] 690ea1c8-6bd0-4f1a-b6dd-030dd910240f: cophenetic index 624; 0.6 s; peak memory 781 MiB.
2026-10-06T00:50:34Z INFO [3556/3678] 690eb27f-4d9d-4737-8b96-0856af406ca4: cophenetic index 2331; 1.6 s; peak memory 781 MiB.
2026-10-06T00:50:35Z INFO [3557/3678] 690f88d5-f83f-42c8-9c41-867404ce1d2b: cophenetic index 624; 0.8 s; peak memory 781 MiB.
2026-10-06T00:50:36Z INFO [3558/3678] 690f9c23-1905-4aad-8ebd-66b0f2173372: cophenetic index 1470; 0.7 s; peak memory 781 MiB.
2026-10-06T00:50:36Z INFO [3559/3678] 690fd54b-5698-4267-ab0d-0fe4c2f4c1f0: cophenetic index 624; 0.7 s; peak memory 781 MiB.
2026-10-06T00:50:37Z INFO [3560/3678] 6910fe1c-d222-44f2-9827-65de3c305ae6: cophenetic index 3087; 0.7 s; peak memory 781 MiB.
2026-10-06T00:50:44Z INFO [3561/3678] 69116d54-b860-4c79-abef-8c8b9fd9348d: cophenetic index 183824; 7.2 s; peak memory 781 MiB.
2026-10-06T00:50:45Z INFO [3562/3678] 6911765e-fcc4-472a-b3ea-d0208de1efd2: cophenetic index 651; 0.7 s; peak memory 781 MiB.
2026-10-06T00:50:49Z INFO [3563/3678] 6911d1eb-a572-4ee7-b723-9baa27c9d853: cophenetic index 6591; 4.1 s; peak memory 781 MiB.
2026-10-06T00:50:50Z INFO [3564/3678] 6911e17d-cab7-48d2-a55c-b5dcef481253: cophenetic index 2625; 1.2 s; peak memory 781 MiB.
2026-10-06T00:50:51Z INFO [3565/3678] 6912a1ff-0be0-4899-b660-e12daadbd552: cophenetic index 33962; 1.0 s; peak memory 781 MiB.
2026-10-06T00:50:52Z INFO [3566/3678] 6913beff-a968-45c0-a279-15ee5bbfa8e9: cophenetic index 3004; 0.9 s; peak memory 781 MiB.
2026-10-06T00:50:53Z INFO [3567/3678] 6914b4b2-25bc-4978-9fb0-a2466d170fdb: cophenetic index 3004; 0.7 s; peak memory 781 MiB.
2026-10-06T00:50:54Z INFO [3568/3678] 69152b9a-d61e-47b1-a89d-adc0b5bb6ceb: cophenetic index 624; 0.8 s; peak memory 781 MiB.
2026-10-06T00:50:55Z INFO [3569/3678] 69156ccb-afba-48a9-b309-508947e32196: cophenetic index 30304; 1.2 s; peak memory 781 MiB.
2026-10-06T00:50:56Z INFO [3570/3678] 69169baa-3507-4588-be18-13c7db499b5d: cophenetic index 624; 0.9 s; peak memory 781 MiB.
2026-10-06T00:50:57Z INFO [3571/3678] 6917058d-ea4b-49d4-925d-3aa1707003c7: cophenetic index 624; 0.9 s; peak memory 781 MiB.
2026-10-06T00:51:02Z INFO [3572/3678] 69177346-8baa-421b-8256-d87d60f1f2d1: cophenetic index 112156; 5.2 s; peak memory 781 MiB.
2026-10-06T00:51:02Z INFO [3573/3678] 6917b38e-11ae-4597-8c3c-22a852c83398: cophenetic index 624; 0.8 s; peak memory 781 MiB.
2026-10-06T00:51:03Z INFO [3574/3678] 691807b2-5260-4e10-bc01-15dee9d0d589: cophenetic index 490; 0.8 s; peak memory 781 MiB.
2026-10-06T00:51:07Z INFO [3575/3678] 69189d10-5cd7-4ea6-8d5c-4447225a8078: cophenetic index 9181; 3.9 s; peak memory 781 MiB.
2026-10-06T00:51:08Z INFO [3576/3678] 6918b454-13d5-4fd7-a98d-967d14a5b37d: cophenetic index 2625; 1.0 s; peak memory 781 MiB.
2026-10-06T00:51:09Z INFO [3577/3678] 691a36fb-2098-490d-a3cf-7a070f6f605e: cophenetic index 490; 0.8 s; peak memory 781 MiB.
2026-10-06T00:51:15Z INFO [3578/3678] 691b1801-ada1-41c5-83c4-4eb43dbd85a9: cophenetic index 195172714; 5.8 s; peak memory 781 MiB.
2026-10-06T00:51:15Z INFO [3579/3678] 691bb8ec-3288-49b7-af33-7659500671a3: cophenetic index 624; 0.6 s; peak memory 781 MiB.
2026-10-06T00:51:18Z INFO [3580/3678] 691c2a3d-d36a-4543-bf3d-976471292076: cophenetic index 3437; 2.1 s; peak memory 781 MiB.
2026-10-06T00:51:18Z INFO [3581/3678] 691c5c6e-0aaa-49ee-b4fd-e44a23ed5a02: cophenetic index 624; 0.6 s; peak memory 781 MiB.
2026-10-06T00:51:19Z INFO [3582/3678] 691dc05b-fd3f-4975-9c18-2a1d96b84905: cophenetic index 624; 0.6 s; peak memory 781 MiB.
2026-10-06T00:51:20Z INFO [3583/3678] 691e85a7-5f56-4758-96eb-048a88279c8e: cophenetic index 3004; 0.7 s; peak memory 781 MiB.
2026-10-06T00:51:21Z INFO [3584/3678] 691eaf40-f057-4c57-b614-bbbb5498c6c6: cophenetic index 2625; 1.5 s; peak memory 781 MiB.
2026-10-06T00:51:23Z INFO [3585/3678] 6921b0cb-b759-47f3-8554-71aa0ef3bcf9: cophenetic index 901; 1.9 s; peak memory 781 MiB.
2026-10-06T00:51:24Z INFO [3586/3678] 69225f23-13c3-4fc6-aabd-c0bad45f90e6: cophenetic index 624; 0.8 s; peak memory 781 MiB.
2026-10-06T00:51:31Z INFO [3587/3678] 6922f8d9-51f1-494f-9b44-03fff455a9cc: cophenetic index 46939; 7.2 s; peak memory 781 MiB.
2026-10-06T00:51:33Z INFO [3588/3678] 69247f79-1e5e-4a17-8540-b6aa69cc78ee: cophenetic index 1255; 1.9 s; peak memory 781 MiB.
2026-10-06T00:51:34Z INFO [3589/3678] 6924ca14-80b4-4cd8-ad8c-72f6d042be93: cophenetic index 3087; 0.8 s; peak memory 781 MiB.
2026-10-06T00:51:35Z INFO [3590/3678] 6925b1c3-5d88-4322-a462-2f834c72f3ee: cophenetic index 33998; 1.4 s; peak memory 781 MiB.
2026-10-06T00:51:36Z INFO [3591/3678] 69277115-b40f-4ed3-ad02-4238b3cf0e3e: cophenetic index 624; 0.7 s; peak memory 781 MiB.
2026-10-06T00:51:37Z INFO [3592/3678] 6928539b-76c4-44a4-ad7d-d512840b1421: cophenetic index 33968; 1.4 s; peak memory 781 MiB.
2026-10-06T00:51:38Z INFO [3593/3678] 6928c311-6890-4117-b672-4553df46635a: cophenetic index 624; 0.8 s; peak memory 781 MiB.
2026-10-06T00:51:38Z INFO [3594/3678] 692921c4-ea5d-4ed3-8fd9-ebbacd6db3d2: cophenetic index 490; 0.5 s; peak memory 781 MiB.
2026-10-06T00:51:39Z INFO [3595/3678] 69292f31-1663-4cb3-998b-13f57b169b79: cophenetic index 651; 0.5 s; peak memory 781 MiB.
2026-10-06T00:51:40Z INFO [3596/3678] 69294fe1-56f7-4040-bed5-bdddfcdd2a73: cophenetic index 624; 0.8 s; peak memory 781 MiB.
2026-10-06T00:51:47Z INFO [3597/3678] 69298193-34ff-4eb6-b05f-27bfa85ade4a: cophenetic index 48643; 7.8 s; peak memory 781 MiB.
2026-10-06T00:51:48Z INFO [3598/3678] 6929a2f3-f188-443e-8798-be4da4f969cb: cophenetic index 2570; 0.9 s; peak memory 781 MiB.
2026-10-06T00:51:53Z INFO [3599/3678] 692a9993-e29c-4720-8ac4-a2eae16bfdc6: cophenetic index 6715; 4.1 s; peak memory 781 MiB.
2026-10-06T00:51:57Z INFO [3600/3678] 692ac7fd-9ff4-4310-b58f-5f5b3723c009: cophenetic index 9181; 4.6 s; peak memory 781 MiB.
2026-10-06T00:51:57Z INFO [3600/3678] 692ac7fd-9ff4-4310-b58f-5f5b3723c009: checkpointed 97398 records.
2026-10-06T00:52:03Z INFO [3601/3678] 692b7bee-f45f-4bf9-a238-90d49de5b752: cophenetic index 66280; 5.4 s; peak memory 781 MiB.
2026-10-06T00:52:03Z INFO [3602/3678] 692be0a5-43a2-491c-8565-ce737df6bdec: cophenetic index 560; 0.7 s; peak memory 781 MiB.
2026-10-06T00:52:08Z INFO [3603/3678] 692dbe4a-fb87-46fa-b4fc-e346608cdb04: cophenetic index 14296; 4.5 s; peak memory 781 MiB.
2026-10-06T00:52:09Z INFO [3604/3678] 692df252-6d73-46c0-8568-eda9b772aa03: cophenetic index 2974; 0.8 s; peak memory 781 MiB.
2026-10-06T00:52:10Z INFO [3605/3678] 692e213e-a887-4751-9fc2-29605997f612: cophenetic index 33968; 1.0 s; peak memory 781 MiB.
2026-10-06T00:52:10Z INFO [3606/3678] 692f70e3-d0ce-4356-80d9-a6ce687f31dc: cophenetic index 624; 0.6 s; peak memory 781 MiB.
2026-10-06T00:52:11Z INFO [3607/3678] 69309e84-b607-4b28-bae1-40037076f5d9: cophenetic index 490; 0.6 s; peak memory 781 MiB.
2026-10-06T00:52:17Z INFO [3608/3678] 6931860b-056a-401e-8dbe-98d1101cbf10: cophenetic index 229065; 6.2 s; peak memory 781 MiB.
2026-10-06T00:52:18Z INFO [3609/3678] 693190d5-c8b8-4a5f-9b00-e3444b06b79e: cophenetic index 624; 0.7 s; peak memory 781 MiB.
2026-10-06T00:52:18Z INFO [3610/3678] 6931f6be-736f-4ee8-add3-b2456a102b7c: cophenetic index 624; 0.6 s; peak memory 781 MiB.
2026-10-06T00:52:19Z INFO [3611/3678] 6933022e-d84c-4e52-9aa1-52ad1d5b70ec: cophenetic index 33968; 0.9 s; peak memory 781 MiB.
2026-10-06T00:52:22Z INFO [3612/3678] 69330487-3d49-475b-832a-1f4bf2bdbf5b: cophenetic index 4596; 2.9 s; peak memory 781 MiB.
2026-10-06T00:52:23Z INFO [3613/3678] 693348cf-2970-43ba-ba8e-9eba5054cfd0: cophenetic index 624; 0.7 s; peak memory 781 MiB.
2026-10-06T00:52:23Z INFO [3614/3678] 6933b8fa-7438-4bc7-a9b5-1b425a8be271: cophenetic index 751; 0.6 s; peak memory 781 MiB.
2026-10-06T00:52:24Z INFO [3615/3678] 693416e0-613e-4a17-abaf-c8da7f225e34: cophenetic index 2625; 0.8 s; peak memory 781 MiB.
2026-10-06T00:52:30Z INFO [3616/3678] 6934f9e4-5f31-45b2-816b-84b92dd08092: cophenetic index 258658; 6.0 s; peak memory 781 MiB.
2026-10-06T00:52:31Z INFO [3617/3678] 69352272-bab3-44dc-b7f5-92ef965638fd: cophenetic index 590; 0.8 s; peak memory 781 MiB.
2026-10-06T00:52:32Z INFO [3618/3678] 6936c382-ea7c-48f6-ab7c-c9710c17c7e8: cophenetic index 3087; 0.9 s; peak memory 781 MiB.
2026-10-06T00:52:33Z INFO [3619/3678] 6936edd9-d885-41ac-b3e8-1c7e61848254: cophenetic index 605; 0.7 s; peak memory 781 MiB.
2026-10-06T00:52:33Z INFO [3620/3678] 6937a0fa-f327-497c-b4a0-40592231aab3: cophenetic index 624; 0.6 s; peak memory 781 MiB.
2026-10-06T00:52:34Z INFO [3621/3678] 6937d3e8-e1d7-4a5b-86c1-016fe0cb2d42: cophenetic index 2974; 0.9 s; peak memory 781 MiB.
2026-10-06T00:52:35Z INFO [3622/3678] 69394a90-e3ec-4859-ae5f-24b7d68f4118: cophenetic index 3004; 1.0 s; peak memory 781 MiB.
2026-10-06T00:52:36Z INFO [3623/3678] 6939826c-0bd8-41b8-ae93-c00093198857: cophenetic index 605; 0.8 s; peak memory 781 MiB.
2026-10-06T00:52:37Z INFO [3624/3678] 69399f67-4b87-42fe-b9b3-15812205f80a: cophenetic index 33968; 0.9 s; peak memory 781 MiB.
2026-10-06T00:52:40Z INFO [3625/3678] 693a1e86-9a28-449a-9e10-66c7bb6d6409: cophenetic index 2027; 3.4 s; peak memory 781 MiB.
2026-10-06T00:52:41Z INFO [3626/3678] 693a3efd-b8e3-40e6-ab70-34294a18420b: cophenetic index 690; 0.7 s; peak memory 781 MiB.
2026-10-06T00:52:42Z INFO [3627/3678] 693b0797-f3f4-4be2-ad3e-f821ccaaff63: cophenetic index 494; 0.6 s; peak memory 781 MiB.
2026-10-06T00:52:42Z INFO [3628/3678] 693b0cda-dc34-4f88-9a66-c0baac87aae0: cophenetic index 1493; 0.6 s; peak memory 781 MiB.
2026-10-06T00:52:43Z INFO [3629/3678] 693b399e-5349-4d8c-bf87-d8ee194b219a: cophenetic index 431; 0.7 s; peak memory 781 MiB.
2026-10-06T00:52:44Z INFO [3630/3678] 693b73ab-cde8-414e-b560-9a72e9e2d9e6: cophenetic index 2570; 1.3 s; peak memory 781 MiB.
2026-10-06T00:52:46Z INFO [3631/3678] 693c179c-6260-4161-b639-491cc2098aa9: cophenetic index 2682; 1.6 s; peak memory 781 MiB.
2026-10-06T00:52:47Z INFO [3632/3678] 693dbf06-4745-4183-8e23-25ed3dce9487: cophenetic index 3004; 0.7 s; peak memory 781 MiB.
2026-10-06T00:52:47Z INFO [3633/3678] 693e2fad-5c1a-4663-98dc-5c489b676123: cophenetic index 624; 0.8 s; peak memory 781 MiB.
2026-10-06T00:52:48Z INFO [3634/3678] 693e68d3-ace8-4d12-b6dd-382c9bf6a676: cophenetic index 690; 0.5 s; peak memory 781 MiB.
2026-10-06T00:52:49Z INFO [3635/3678] 693ee6c6-027d-4a33-ad9f-7f9690e3807d: cophenetic index 624; 0.7 s; peak memory 781 MiB.
2026-10-06T00:53:04Z INFO [3636/3678] 693f3ece-ecbd-4682-bcec-d99f81a45f0e: cophenetic index 7119986; 15.2 s; peak memory 781 MiB.
2026-10-06T00:53:05Z INFO [3637/3678] 693f4e4e-a683-40a3-8490-91b929e5e21f: cophenetic index 624; 0.7 s; peak memory 781 MiB.
2026-10-06T00:53:06Z INFO [3638/3678] 693f7edc-5bb5-4789-8cc0-fb717dd3c32b: cophenetic index 33818; 1.2 s; peak memory 781 MiB.
2026-10-06T00:53:08Z INFO [3639/3678] 69408006-977b-4bd3-9c91-b5179e86c3a3: cophenetic index 2822; 2.7 s; peak memory 781 MiB.
2026-10-06T00:53:09Z INFO [3640/3678] 694094f6-221f-45f4-8d6b-d52a48d695a9: cophenetic index 3004; 0.7 s; peak memory 781 MiB.
2026-10-06T00:53:10Z INFO [3641/3678] 6940f4f6-0296-4201-b519-afb8159e0130: cophenetic index 2625; 1.1 s; peak memory 781 MiB.
2026-10-06T00:53:14Z INFO [3642/3678] 6941783f-32df-4f41-816a-18cb4944411a: cophenetic index 41544; 3.9 s; peak memory 781 MiB.
2026-10-06T00:53:15Z INFO [3643/3678] 69426768-1ae3-4dfb-a946-38509f27c0ae: cophenetic index 581; 0.8 s; peak memory 781 MiB.
2026-10-06T00:53:16Z INFO [3644/3678] 69428e45-6724-4c2c-998a-3116e0640ca1: cophenetic index 1841; 0.8 s; peak memory 781 MiB.
2026-10-06T00:53:16Z INFO [3645/3678] 6942f269-50d4-4cb7-823c-839123995bdc: cophenetic index 490; 0.5 s; peak memory 781 MiB.
2026-10-06T00:53:17Z INFO [3646/3678] 6943ab8f-30ec-4848-85e8-1ae5fd37ce0a: cophenetic index 569; 1.0 s; peak memory 781 MiB.
2026-10-06T00:53:23Z INFO [3647/3678] 6943c2bd-0e7f-44c7-beb7-af4b2bc9c57a: cophenetic index 122998; 5.7 s; peak memory 781 MiB.
2026-10-06T00:53:25Z INFO [3648/3678] 69454250-9604-4426-849d-3dfd14615f73: cophenetic index 2402; 1.9 s; peak memory 781 MiB.
2026-10-06T00:53:26Z INFO [3649/3678] 6945541d-42b6-4a6c-86ca-057e01941a16: cophenetic index 3004; 0.8 s; peak memory 781 MiB.
2026-10-06T00:53:27Z INFO [3650/3678] 69456089-124f-461f-835c-0b61d830ae8d: cophenetic index 2625; 1.2 s; peak memory 781 MiB.
2026-10-06T00:53:27Z INFO [3650/3678] 69456089-124f-461f-835c-0b61d830ae8d: checkpointed 97448 records.
2026-10-06T00:53:28Z INFO [3651/3678] 6945e174-0309-4b9b-916d-1196cb1c8472: cophenetic index 624; 0.8 s; peak memory 781 MiB.
2026-10-06T00:53:29Z INFO [3652/3678] 69463a43-2cc8-4129-a915-7d040b8e149c: cophenetic index 33968; 0.8 s; peak memory 781 MiB.
2026-10-06T00:53:29Z INFO [3653/3678] 69466dad-1ebe-4297-b207-fe340ea271aa: cophenetic index 490; 0.5 s; peak memory 781 MiB.
2026-10-06T00:53:30Z INFO [3654/3678] 6946d8a5-9002-42a1-8337-aa20061161c9: cophenetic index 2625; 1.2 s; peak memory 781 MiB.
2026-10-06T00:53:31Z INFO [3655/3678] 6947e766-fdd0-4939-83fe-d6145c22bdf8: cophenetic index 624; 0.7 s; peak memory 781 MiB.
2026-10-06T00:53:32Z INFO [3656/3678] 69487e98-20eb-46d2-b633-5f609535a0d6: cophenetic index 2570; 0.8 s; peak memory 781 MiB.
2026-10-06T00:53:32Z INFO [3657/3678] 69496398-3a39-4172-9315-4a908f82661e: cophenetic index 624; 0.7 s; peak memory 781 MiB.
2026-10-06T00:53:33Z INFO [3658/3678] 6949ed9b-9963-4778-9128-325a57b4dbf9: cophenetic index 624; 0.8 s; peak memory 781 MiB.
2026-10-06T00:53:34Z INFO [3659/3678] 694aa8a0-34dd-4d69-b0e4-8c7753944994: cophenetic index 3087; 0.6 s; peak memory 781 MiB.
2026-10-06T00:53:36Z INFO [3660/3678] 694d36eb-f24f-4a69-894c-d6abba92d855: cophenetic index 5473; 1.8 s; peak memory 781 MiB.
2026-10-06T00:53:37Z INFO [3661/3678] 694db994-94ed-40b3-ab33-34f4cccaa284: cophenetic index 1003; 1.2 s; peak memory 781 MiB.
2026-10-06T00:53:38Z INFO [3662/3678] 694e0bcc-892c-4028-8166-a7f37b965c1c: cophenetic index 569; 0.7 s; peak memory 781 MiB.
2026-10-06T00:53:38Z INFO [3663/3678] 694e85b7-40b4-4b70-bb01-e48362376e45: cophenetic index 33986; 1.0 s; peak memory 781 MiB.
2026-10-06T00:53:39Z INFO [3664/3678] 694e8d5d-48c5-4d86-981e-01751785647b: cophenetic index 567; 0.6 s; peak memory 781 MiB.
2026-10-06T00:53:40Z INFO [3665/3678] 694fe5ba-fe9d-459a-a393-e1149ed29abf: cophenetic index 3004; 0.8 s; peak memory 781 MiB.
2026-10-06T00:53:41Z INFO [3666/3678] 69500b83-267e-4279-b62a-87bc2cc50f73: cophenetic index 590; 0.8 s; peak memory 781 MiB.
2026-10-06T00:53:41Z INFO [3667/3678] 6950f67e-ae2d-47f7-9632-77bc0c07242b: cophenetic index 3087; 0.7 s; peak memory 781 MiB.
2026-10-06T00:53:42Z INFO [3668/3678] 6950fd2e-47ba-41c5-a88d-69c7f6c3ab9c: cophenetic index 23788; 0.6 s; peak memory 781 MiB.
2026-10-06T00:53:43Z INFO [3669/3678] 69515430-9ff5-4d3d-9aab-347a39276a17: cophenetic index 850; 1.1 s; peak memory 781 MiB.
2026-10-06T00:53:44Z INFO [3670/3678] 69515e3b-6c59-45d6-98e5-5df303e3e36e: cophenetic index 624; 0.7 s; peak memory 781 MiB.
2026-10-06T00:53:45Z WARNING 735c7449-7e23-44fa-8990-d5c55f725aa2: failed while reading the NWB file (KeyError: 'Unable to synchronously open object (component not found)')
2026-10-06T00:53:45Z WARNING [3671/3678] 735c7449-7e23-44fa-8990-d5c55f725aa2: leaving unrecorded for a later run to retry.
2026-10-06T00:53:46Z WARNING 75dc9b6e-40d1-4c10-8d75-71e6d60a1109: failed while reading the NWB file (KeyError: 'Unable to synchronously open object (component not found)')
2026-10-06T00:53:46Z WARNING [3672/3678] 75dc9b6e-40d1-4c10-8d75-71e6d60a1109: leaving unrecorded for a later run to retry.
2026-10-06T00:53:47Z WARNING 8f0183a2-f90f-4b15-8fac-1ca3a404a100: failed while reading the NWB file (KeyError: 'Unable to synchronously open object (component not found)')
2026-10-06T00:53:47Z WARNING [3673/3678] 8f0183a2-f90f-4b15-8fac-1ca3a404a100: leaving unrecorded for a later run to retry.
2026-10-06T00:53:48Z WARNING 91d0f104-6918-47ae-8959-2116c86ee157: failed while reading the NWB file (KeyError: 'Unable to synchronously open object (component not found)')
2026-10-06T00:53:48Z WARNING [3674/3678] 91d0f104-6918-47ae-8959-2116c86ee157: leaving unrecorded for a later run to retry.
2026-10-06T00:53:48Z WARNING 969e4747-5a03-4948-bad1-05be9db18f9a: failed while reading the NWB file (KeyError: 'Unable to synchronously open object (component not found)')
2026-10-06T00:53:48Z WARNING [3675/3678] 969e4747-5a03-4948-bad1-05be9db18f9a: leaving unrecorded for a later run to retry.
2026-10-06T00:53:49Z WARNING 9f0feaa9-adb3-4487-afb9-d4f49f1acdc6: failed while reading the NWB file (KeyError: 'Unable to synchronously open object (component not found)')
2026-10-06T00:53:49Z WARNING [3676/3678] 9f0feaa9-adb3-4487-afb9-d4f49f1acdc6: leaving unrecorded for a later run to retry.
2026-10-06T00:53:50Z WARNING ad5b0970-92ee-45ed-9ade-ec72ab7c0c43: failed while reading the NWB file (KeyError: 'Unable to synchronously open object (component not found)')
2026-10-06T00:53:50Z WARNING [3677/3678] ad5b0970-92ee-45ed-9ade-ec72ab7c0c43: leaving unrecorded for a later run to retry.
2026-10-06T00:53:51Z WARNING d73cb2c7-2e04-4c75-ba50-9b634dc8e8fb: failed while reading the NWB file (KeyError: 'Unable to synchronously open object (component not found)')
2026-10-06T00:53:51Z WARNING [3678/3678] d73cb2c7-2e04-4c75-ba50-9b634dc8e8fb: leaving unrecorded for a later run to retry.
2026-10-06T00:53:51Z INFO Wrote 97468 records to /tmp/derivatives/valid_nwb_file_to_cophenetic_index.jsonl (3649 new, 29 failed) in 117.9 min (peak memory 781 MiB).
