2026-10-03T12:45:02Z INFO Logging to /tmp/logs/update_2026-10-03T12-45-02Z.log.
2026-10-03T12:45:02Z INFO Update valid-nwb-file-to-cophenetic-index (base directory /tmp).
2026-10-03T12:45:02Z INFO Processing 1874 items (69883 already recorded).
2026-10-03T12:45:04Z WARNING 024ef50f-ac6f-49ea-806b-93ef4b5e8644: failed while reading the NWB file (KeyError: 'Unable to synchronously open object (component not found)')
2026-10-03T12:45:04Z WARNING [1/1874] 024ef50f-ac6f-49ea-806b-93ef4b5e8644: leaving unrecorded for a later run to retry.
2026-10-03T12:45:05Z WARNING 09073220-fbea-45d2-9a39-2cc61fcdc2a1: failed while reading the NWB file (KeyError: 'Unable to synchronously open object (component not found)')
2026-10-03T12:45:05Z WARNING [2/1874] 09073220-fbea-45d2-9a39-2cc61fcdc2a1: leaving unrecorded for a later run to retry.
2026-10-03T12:45:06Z WARNING 0dec427d-4db4-44c3-988a-c37959ceaff3: failed while reading the NWB file (KeyError: 'Unable to synchronously open object (component not found)')
2026-10-03T12:45:06Z WARNING [3/1874] 0dec427d-4db4-44c3-988a-c37959ceaff3: leaving unrecorded for a later run to retry.
2026-10-03T12:45:07Z WARNING 0f7396ad-67ec-468a-b6a6-5599cb507f54: failed while reading the NWB file (KeyError: 'Unable to synchronously open object (component not found)')
2026-10-03T12:45:07Z WARNING [4/1874] 0f7396ad-67ec-468a-b6a6-5599cb507f54: leaving unrecorded for a later run to retry.
2026-10-03T12:45:09Z WARNING 1066b3ba-83d9-4cb3-bfe3-ecf8539e2334: failed while reading the NWB file (KeyError: 'Unable to synchronously open object (component not found)')
2026-10-03T12:45:09Z WARNING [5/1874] 1066b3ba-83d9-4cb3-bfe3-ecf8539e2334: leaving unrecorded for a later run to retry.
2026-10-03T12:45:10Z WARNING 17a546c4-6425-4c56-a43e-9f9f272d299c: failed while reading the NWB file (KeyError: 'Unable to synchronously open object (component not found)')
2026-10-03T12:45:10Z WARNING [6/1874] 17a546c4-6425-4c56-a43e-9f9f272d299c: leaving unrecorded for a later run to retry.
2026-10-03T12:45:11Z WARNING 19998990-d06f-40db-8d07-c5121b317b6a: failed while reading the NWB file (KeyError: 'Unable to synchronously open object (component not found)')
2026-10-03T12:45:11Z WARNING [7/1874] 19998990-d06f-40db-8d07-c5121b317b6a: leaving unrecorded for a later run to retry.
2026-10-03T12:45:13Z WARNING 1a18ed31-9155-4512-919f-b6875d14b9f3: failed while reading the NWB file (KeyError: 'Unable to synchronously open object (component not found)')
2026-10-03T12:45:13Z WARNING [8/1874] 1a18ed31-9155-4512-919f-b6875d14b9f3: leaving unrecorded for a later run to retry.
2026-10-03T12:45:14Z WARNING 1c2fff6f-f3a7-43fb-b7e2-a33218d41614: failed while reading the NWB file (KeyError: 'Unable to synchronously open object (component not found)')
2026-10-03T12:45:14Z WARNING [9/1874] 1c2fff6f-f3a7-43fb-b7e2-a33218d41614: leaving unrecorded for a later run to retry.
2026-10-03T12:45:15Z WARNING 20b5d243-5a61-4246-a5d5-ac9d9068183d: failed while reading the NWB file (KeyError: 'Unable to synchronously open object (component not found)')
2026-10-03T12:45:15Z WARNING [10/1874] 20b5d243-5a61-4246-a5d5-ac9d9068183d: leaving unrecorded for a later run to retry.
2026-10-03T12:45:16Z WARNING 20e4b649-b593-4ee3-bd02-f0645aad7021: failed while reading the NWB file (KeyError: 'Unable to synchronously open object (component not found)')
2026-10-03T12:45:16Z WARNING [11/1874] 20e4b649-b593-4ee3-bd02-f0645aad7021: leaving unrecorded for a later run to retry.
2026-10-03T12:45:17Z WARNING 2420003b-b350-4a69-b1aa-b27f68179823: failed while reading the NWB file (KeyError: 'Unable to synchronously open object (component not found)')
2026-10-03T12:45:17Z WARNING [12/1874] 2420003b-b350-4a69-b1aa-b27f68179823: leaving unrecorded for a later run to retry.
2026-10-03T12:45:18Z WARNING 2a76c0ae-11ba-4712-bfc9-5a1534c26aeb: failed while reading the NWB file (KeyError: 'Unable to synchronously open object (component not found)')
2026-10-03T12:45:18Z WARNING [13/1874] 2a76c0ae-11ba-4712-bfc9-5a1534c26aeb: leaving unrecorded for a later run to retry.
2026-10-03T12:45:28Z INFO [14/1874] 2f8675bb-b53c-4f36-a6aa-6d73dfbfd65a: cophenetic index 465133; 9.7 s; peak memory 132 MiB.
2026-10-03T12:45:30Z INFO [15/1874] 2f87361f-d1bd-4da5-9577-27f8b407fbfc: cophenetic index 33998; 1.6 s; peak memory 132 MiB.
2026-10-03T12:45:32Z INFO [16/1874] 2f875bee-48bf-4f0d-9205-7fa72e9377cf: cophenetic index 1165; 2.4 s; peak memory 132 MiB.
2026-10-03T12:45:34Z INFO [17/1874] 2f87949a-0ca7-4b62-b52d-53e86498149b: cophenetic index 2625; 1.5 s; peak memory 132 MiB.
2026-10-03T12:45:36Z INFO [18/1874] 2f87a6ca-fa41-4b1e-bceb-fc27c6821f36: cophenetic index 5473; 2.9 s; peak memory 132 MiB.
2026-10-03T12:45:38Z INFO [19/1874] 2f882cb0-1454-4432-9427-fe1ab1404409: cophenetic index 33968; 1.3 s; peak memory 132 MiB.
2026-10-03T12:45:39Z INFO [20/1874] 2f884d28-9070-420d-88b2-5c958f9c43c3: cophenetic index 624; 0.8 s; peak memory 132 MiB.
2026-10-03T12:45:40Z INFO [21/1874] 2f88adc3-fa4d-4c48-8794-56920c81a7f2: cophenetic index 624; 1.0 s; peak memory 132 MiB.
2026-10-03T12:45:41Z INFO [22/1874] 2f88c70e-35ae-47e5-b5a5-f28e3400105a: cophenetic index 2625; 1.1 s; peak memory 132 MiB.
2026-10-03T12:45:42Z INFO [23/1874] 2f88e21c-d476-4efd-af46-86416764f7bd: cophenetic index 624; 0.9 s; peak memory 132 MiB.
2026-10-03T12:45:42Z INFO [24/1874] 2f88fc22-6059-47ea-87e2-df664bd07e50: cophenetic index 624; 0.9 s; peak memory 132 MiB.
2026-10-03T12:45:43Z INFO [25/1874] 2f896f23-ea8e-4f8d-b8a1-0e28e6c95b57: cophenetic index 579; 0.6 s; peak memory 132 MiB.
2026-10-03T12:45:45Z INFO [26/1874] 2f8a6cc6-5831-4667-8547-7ed2c915ddd4: cophenetic index 99150; 1.7 s; peak memory 132 MiB.
2026-10-03T12:45:46Z INFO [27/1874] 2f8accfe-97fa-4ca7-8643-f13d8bdddfc3: cophenetic index 1380; 1.3 s; peak memory 132 MiB.
2026-10-03T12:45:47Z INFO [28/1874] 2f8ae534-18cd-47f4-870d-2872735a6334: cophenetic index 3004; 1.0 s; peak memory 132 MiB.
2026-10-03T12:45:48Z INFO [29/1874] 2f8aef39-9b40-4ed0-9ea5-27b4b0dfc7bc: cophenetic index 624; 0.8 s; peak memory 132 MiB.
2026-10-03T12:45:49Z INFO [30/1874] 2f8c60c7-737a-4747-a422-192ef3154261: cophenetic index 690; 0.7 s; peak memory 132 MiB.
2026-10-03T12:45:50Z INFO [31/1874] 2f8cae71-439a-4e3f-b710-dcd880fa9fa9: cophenetic index 3087; 1.1 s; peak memory 132 MiB.
2026-10-03T12:45:50Z INFO [32/1874] 2f8cd2e6-4595-4b1b-8024-6cb141dd321c: cophenetic index 560; 0.7 s; peak memory 132 MiB.
2026-10-03T12:45:52Z INFO [33/1874] 2f8d8b12-346d-4640-8050-7a80f238eaeb: cophenetic index 2625; 1.4 s; peak memory 132 MiB.
2026-10-03T12:45:53Z INFO [34/1874] 2f8e27ea-3fa9-4357-9146-8f4401daac6f: cophenetic index 624; 1.0 s; peak memory 132 MiB.
2026-10-03T12:45:54Z INFO [35/1874] 2f8f74eb-4fd2-448e-b9b8-6d4ce4e3c2bd: cophenetic index 624; 0.9 s; peak memory 132 MiB.
2026-10-03T12:45:54Z INFO [36/1874] 2f915891-1b0a-4d34-b9dc-613911875f61: cophenetic index 1265; 0.9 s; peak memory 132 MiB.
2026-10-03T12:45:58Z INFO [37/1874] 2f91a513-8cff-44e8-be01-eae12f2f99fc: cophenetic index 14234; 3.8 s; peak memory 132 MiB.
2026-10-03T12:46:00Z INFO [38/1874] 2f91bf7f-224c-4570-a21b-20902ab7777e: cophenetic index 33968; 1.4 s; peak memory 132 MiB.
2026-10-03T12:46:01Z INFO [39/1874] 2f9264fc-8b6e-4f60-979c-99ca3e3bc041: cophenetic index 624; 1.0 s; peak memory 132 MiB.
2026-10-03T12:46:02Z INFO [40/1874] 2f92d6d8-ac9c-456f-bba7-3faee4f37954: cophenetic index 2923; 1.1 s; peak memory 132 MiB.
2026-10-03T12:46:03Z INFO [41/1874] 2f937054-4906-44c9-bdfa-7277f096406c: cophenetic index 2056; 1.6 s; peak memory 132 MiB.
2026-10-03T12:46:04Z INFO [42/1874] 2f93f3c2-e0ef-480e-8056-143737bddb8c: cophenetic index 624; 0.9 s; peak memory 132 MiB.
2026-10-03T12:46:05Z INFO [43/1874] 2f945b44-1e5b-437e-979e-c364207843fc: cophenetic index 401; 0.5 s; peak memory 132 MiB.
2026-10-03T12:46:06Z INFO [44/1874] 2f945fd0-9112-4318-ae4f-f7a96fe8c7fd: cophenetic index 624; 0.8 s; peak memory 132 MiB.
2026-10-03T12:46:06Z INFO [45/1874] 2f95cfbc-c7cb-43e9-98e4-62a4428a0515: cophenetic index 3004; 0.9 s; peak memory 132 MiB.
2026-10-03T12:46:08Z INFO [46/1874] 2f96d035-2d48-4be5-af25-f4a9fc88d20e: cophenetic index 1570; 1.2 s; peak memory 132 MiB.
2026-10-03T12:46:09Z INFO [47/1874] 2f96ee89-a282-4480-a925-f69698c90edf: cophenetic index 3087; 1.2 s; peak memory 132 MiB.
2026-10-03T12:46:17Z INFO [48/1874] 2f9767c2-a253-491f-af89-7e45e677fe7b: cophenetic index 48262; 8.3 s; peak memory 132 MiB.
2026-10-03T12:46:18Z INFO [49/1874] 2f97bd19-5734-4596-a28b-85de67c9ddd9: cophenetic index 2974; 1.0 s; peak memory 132 MiB.
2026-10-03T12:46:20Z INFO [50/1874] 2f9880da-825d-4dc8-9cd9-64f0a9251ee1: cophenetic index 2625; 1.8 s; peak memory 132 MiB.
2026-10-03T12:46:20Z INFO [50/1874] 2f9880da-825d-4dc8-9cd9-64f0a9251ee1: checkpointed 69920 records.
2026-10-03T12:46:21Z INFO [51/1874] 2f98ed52-c091-4f05-a7e7-9f3d32c66731: cophenetic index 2625; 1.3 s; peak memory 132 MiB.
2026-10-03T12:46:22Z INFO [52/1874] 2f994179-236b-44e0-b6ca-3073638330f3: cophenetic index 624; 0.8 s; peak memory 132 MiB.
2026-10-03T12:46:23Z INFO [53/1874] 2f9ac4fa-a039-4c6c-8e69-383aac9b7d49: cophenetic index 624; 0.9 s; peak memory 132 MiB.
2026-10-03T12:46:24Z INFO [54/1874] 2f9ada38-6d2b-4e10-8d10-7e2bd3fa6bb2: cophenetic index 3004; 1.0 s; peak memory 132 MiB.
2026-10-03T12:46:30Z INFO [55/1874] 2f9dbe35-ddfd-49fd-befb-05fe3d9974a5: cophenetic index 6715; 5.7 s; peak memory 132 MiB.
2026-10-03T12:46:32Z INFO [56/1874] 2f9debcc-bd7e-464f-9366-e9ce7360f2cd: cophenetic index 2573; 2.1 s; peak memory 132 MiB.
2026-10-03T12:46:37Z INFO [57/1874] 2f9e51a6-0c23-4477-8052-5b0397f8f403: cophenetic index 12973; 5.4 s; peak memory 132 MiB.
2026-10-03T12:46:47Z INFO [58/1874] 2f9e6b18-ce0d-4552-850a-d5205ceb76f1: cophenetic index 48643; 9.5 s; peak memory 132 MiB.
2026-10-03T12:46:48Z INFO [59/1874] 2f9eb9b0-e767-45dd-ab17-866c8f473b3b: cophenetic index 624; 0.9 s; peak memory 132 MiB.
2026-10-03T12:46:49Z INFO [60/1874] 2f9f62d1-6134-45ee-a522-d75edd0a54fc: cophenetic index 2625; 1.1 s; peak memory 132 MiB.
2026-10-03T12:46:50Z INFO [61/1874] 2f9fd694-d3dc-4557-acb8-96b56e459055: cophenetic index 3087; 1.0 s; peak memory 132 MiB.
2026-10-03T12:46:51Z INFO [62/1874] 2fa139b6-9793-431f-93cc-dc633dcca215: cophenetic index 3004; 1.2 s; peak memory 132 MiB.
2026-10-03T12:46:52Z INFO [63/1874] 2fa13e24-7fc2-4873-9c1c-0bba641ef2e9: cophenetic index 3004; 1.0 s; peak memory 132 MiB.
2026-10-03T12:46:53Z INFO [64/1874] 2fa1c26a-cc92-4056-940c-9f22ba8e9e23: cophenetic index 2974; 1.1 s; peak memory 132 MiB.
2026-10-03T12:46:59Z INFO [65/1874] 2fa1e6d9-ffa2-4eb9-9bce-9112760ebcb1: cophenetic index 87573; 5.8 s; peak memory 132 MiB.
2026-10-03T12:47:00Z INFO [66/1874] 2fa2d637-5e97-4c9b-a9da-91b1937fffa3: cophenetic index 624; 0.8 s; peak memory 132 MiB.
2026-10-03T12:47:00Z INFO [67/1874] 2fa30739-6339-44f4-96ba-78ed1617497e: cophenetic index 579; 0.6 s; peak memory 132 MiB.
2026-10-03T12:47:02Z INFO [68/1874] 2fa442a8-8419-4a0d-8536-03620ba6c8c7: cophenetic index 3004; 1.1 s; peak memory 132 MiB.
2026-10-03T12:47:02Z INFO [69/1874] 2fa45f41-4d64-4b5d-98e3-3ea6ea238545: cophenetic index 624; 0.8 s; peak memory 132 MiB.
2026-10-03T12:47:03Z INFO [70/1874] 2fa4c2ff-4dfa-42e7-a0bb-97f9b0a2be59: cophenetic index 624; 0.8 s; peak memory 132 MiB.
2026-10-03T12:47:04Z INFO [71/1874] 2fa4d741-21e1-4f28-a721-34ae650edaff: cophenetic index 624; 0.8 s; peak memory 132 MiB.
2026-10-03T12:47:05Z INFO [72/1874] 2fa51740-22e1-4a8e-99d6-699474dfca6a: cophenetic index 33968; 1.2 s; peak memory 132 MiB.
2026-10-03T12:47:06Z INFO [73/1874] 2fa5af64-e38f-480f-9782-dc27022d50fd: cophenetic index 624; 0.8 s; peak memory 132 MiB.
2026-10-03T12:47:07Z INFO [74/1874] 2fa63182-259e-4fe4-8763-dea91fbb2d21: cophenetic index 3087; 1.2 s; peak memory 132 MiB.
2026-10-03T12:47:08Z INFO [75/1874] 2fa6985b-589a-432e-a119-2e61c2d0201c: cophenetic index 1058; 0.7 s; peak memory 132 MiB.
2026-10-03T12:47:11Z INFO [76/1874] 2fa69b36-2ea6-46d5-85e4-abef4930a640: cophenetic index 3243; 2.8 s; peak memory 132 MiB.
2026-10-03T12:47:12Z INFO [77/1874] 2fa6e82f-aa69-4c6a-8091-408782a2c56f: cophenetic index 1130; 1.5 s; peak memory 132 MiB.
2026-10-03T12:47:14Z INFO [78/1874] 2fa72dbd-74b4-4da7-a5a3-8591ba503fd2: cophenetic index 1904; 1.3 s; peak memory 132 MiB.
2026-10-03T12:47:15Z INFO [79/1874] 2fa91a78-a67f-4067-869b-ab840bd53b76: cophenetic index 497; 1.0 s; peak memory 132 MiB.
2026-10-03T12:47:16Z INFO [80/1874] 2faa61f2-0025-479e-ae77-2817b89209bb: cophenetic index 2105; 1.4 s; peak memory 132 MiB.
2026-10-03T12:47:17Z INFO [81/1874] 2faa831c-26a9-4025-8871-2e7df2d879eb: cophenetic index 401; 0.7 s; peak memory 132 MiB.
2026-10-03T12:47:25Z INFO [82/1874] 2fab892a-59ba-4de1-bd3b-3c03acba0293: cophenetic index 473007; 8.4 s; peak memory 132 MiB.
2026-10-03T12:47:26Z INFO [83/1874] 2facc963-9046-4fe3-baf3-228f3c23acf4: cophenetic index 30304; 1.4 s; peak memory 132 MiB.
2026-10-03T12:47:29Z INFO [84/1874] 2fad13da-3d4c-4e0c-83cc-e661a6ff4769: cophenetic index 5473; 2.3 s; peak memory 132 MiB.
2026-10-03T12:47:30Z INFO [85/1874] 2fae4752-cca6-47d9-834d-3447bd8777a7: cophenetic index 2923; 1.1 s; peak memory 132 MiB.
2026-10-03T12:47:31Z INFO [86/1874] 2faef46a-f8a2-41d1-be28-895f368996c7: cophenetic index 624; 0.9 s; peak memory 132 MiB.
2026-10-03T12:47:35Z INFO [87/1874] 2faf397f-82dc-4110-8442-3d7489aa7c08: cophenetic index 2320; 3.9 s; peak memory 132 MiB.
2026-10-03T12:47:36Z INFO [88/1874] 2faf53db-e788-42b0-be69-1e56d9954ab5: cophenetic index 33962; 1.4 s; peak memory 132 MiB.
2026-10-03T12:47:37Z INFO [89/1874] 2faf8025-b3b3-4aa4-984f-f4426ef8ba48: cophenetic index 624; 0.9 s; peak memory 132 MiB.
2026-10-03T12:47:38Z INFO [90/1874] 2fafc11a-6646-4b87-97e7-1fdfb4e5c79e: cophenetic index 624; 0.9 s; peak memory 132 MiB.
2026-10-03T12:47:47Z INFO [91/1874] 2fafc4e1-27a7-4295-aac2-5cba4dbfb331: cophenetic index 48665; 9.1 s; peak memory 132 MiB.
2026-10-03T12:47:53Z INFO [92/1874] 2faffe45-9e0f-4238-9756-c873fdd3c78b: cophenetic index 141273; 6.1 s; peak memory 132 MiB.
2026-10-03T12:47:54Z INFO [93/1874] 2fb002b2-35cf-463d-b337-c1b22960c8ae: cophenetic index 2625; 1.0 s; peak memory 132 MiB.
2026-10-03T12:48:03Z INFO [94/1874] 2fb04db5-40cc-4acc-89e5-5f85a66c1766: cophenetic index 48262; 9.3 s; peak memory 132 MiB.
2026-10-03T12:48:04Z INFO [95/1874] 2fb1ab95-a70d-400a-beb0-c901924fe55e: cophenetic index 539; 0.8 s; peak memory 132 MiB.
2026-10-03T12:48:08Z INFO [96/1874] 2fb20dea-d85c-4bc8-a9ea-076cdfd7ab01: cophenetic index 43386; 3.7 s; peak memory 133 MiB.
2026-10-03T12:48:09Z INFO [97/1874] 2fb21efc-07d4-40d0-bd6f-84332d1ac537: cophenetic index 518; 0.7 s; peak memory 133 MiB.
2026-10-03T12:48:10Z INFO [98/1874] 2fb24e8f-bb16-41fa-b2b2-04e8a130b247: cophenetic index 3004; 0.9 s; peak memory 133 MiB.
2026-10-03T12:48:11Z INFO [99/1874] 2fb36f81-c913-4498-a0f1-55426ba80e72: cophenetic index 613; 1.4 s; peak memory 133 MiB.
2026-10-03T12:48:12Z INFO [100/1874] 2fb5418c-bc99-4278-a7cb-f2b9c1f00a34: cophenetic index 928; 1.5 s; peak memory 133 MiB.
2026-10-03T12:48:13Z INFO [100/1874] 2fb5418c-bc99-4278-a7cb-f2b9c1f00a34: checkpointed 69970 records.
2026-10-03T12:48:14Z INFO [101/1874] 2fb5502e-0df4-48b1-98a1-44d0cfb5e3e3: cophenetic index 99150; 1.7 s; peak memory 133 MiB.
2026-10-03T12:48:15Z INFO [102/1874] 2fb76a44-9d34-461a-8356-b72106602ac8: cophenetic index 624; 0.8 s; peak memory 133 MiB.
2026-10-03T12:48:16Z INFO [103/1874] 2fb82b78-605c-40bb-a04d-d920da0e62d1: cophenetic index 649; 0.9 s; peak memory 133 MiB.
2026-10-03T12:48:17Z INFO [104/1874] 2fb910db-17ce-4baf-8d04-151f334c514b: cophenetic index 725; 0.8 s; peak memory 133 MiB.
2026-10-03T12:48:18Z INFO [105/1874] 2fba444a-edbf-4ae9-9c5c-43e6d0ae613a: cophenetic index 624; 0.8 s; peak memory 133 MiB.
2026-10-03T12:48:18Z INFO [106/1874] 2fbab916-1df0-40d9-a8d9-81f280e59aea: cophenetic index 624; 0.8 s; peak memory 133 MiB.
2026-10-03T12:48:20Z INFO [107/1874] 2fbb4c0f-ab3a-4344-ae8a-6500954cb02f: cophenetic index 3087; 1.2 s; peak memory 133 MiB.
2026-10-03T12:48:22Z INFO [108/1874] 2fbb62ca-a5c0-419b-bab7-e016235a9162: cophenetic index 9806; 2.6 s; peak memory 133 MiB.
2026-10-03T12:48:27Z INFO [109/1874] 2fbc1cb9-5793-45a2-87f8-d52593162de3: cophenetic index 9548; 4.6 s; peak memory 134 MiB.
2026-10-03T12:48:28Z INFO [110/1874] 2fbc8d78-96fe-47b0-8c1c-41fe378b933a: cophenetic index 624; 0.9 s; peak memory 134 MiB.
2026-10-03T12:48:30Z INFO [111/1874] 2fbc9aeb-a338-4e37-a059-fcdb088f6253: cophenetic index 2469; 2.4 s; peak memory 134 MiB.
2026-10-03T12:48:31Z INFO [112/1874] 2fbcc4a7-5ba1-4966-842b-27fbe8775f16: cophenetic index 164; 0.6 s; peak memory 134 MiB.
2026-10-03T12:48:33Z INFO [113/1874] 2fbce988-b46e-4067-b419-9c7664ea1feb: cophenetic index 2391; 2.2 s; peak memory 134 MiB.
2026-10-03T12:48:34Z INFO [114/1874] 2fbd6e54-4bca-4749-a52c-bff4e11a6ce5: cophenetic index 624; 0.8 s; peak memory 134 MiB.
2026-10-03T12:48:35Z INFO [115/1874] 2fbe3a20-8d9d-4595-933f-77b9eaa2d123: cophenetic index 624; 0.9 s; peak memory 134 MiB.
2026-10-03T12:48:36Z INFO [116/1874] 2fbeea2d-72cc-498f-a3b4-74fb6723b6bd: cophenetic index 33998; 1.5 s; peak memory 134 MiB.
2026-10-03T12:48:37Z INFO [117/1874] 2fbf01ba-6487-4420-b8bd-8706d80b6dc0: cophenetic index 649; 1.0 s; peak memory 134 MiB.
2026-10-03T12:48:38Z INFO [118/1874] 2fbf1e29-3cbc-42d4-bfa4-e17931dfc928: cophenetic index 2974; 1.0 s; peak memory 134 MiB.
2026-10-03T12:48:39Z INFO [119/1874] 2fc00c01-3928-468e-8ce7-395b2e0d8d4c: cophenetic index 33986; 1.3 s; peak memory 134 MiB.
2026-10-03T12:48:40Z INFO [120/1874] 2fc05f50-2626-4811-9c00-cfff30554260: cophenetic index 2974; 1.0 s; peak memory 134 MiB.
2026-10-03T12:48:42Z INFO [121/1874] 2fc0e74a-c63e-4d63-b2b3-509a0f605308: cophenetic index 2625; 1.3 s; peak memory 134 MiB.
2026-10-03T12:48:43Z INFO [122/1874] 2fc103b1-b693-46d5-8a29-f34365601398: cophenetic index 2625; 1.2 s; peak memory 134 MiB.
2026-10-03T12:48:44Z INFO [123/1874] 2fc166ed-ac84-483d-9e18-880bd5eef2f2: cophenetic index 431; 1.0 s; peak memory 134 MiB.
2026-10-03T12:48:45Z INFO [124/1874] 2fc222f5-1617-4134-8c94-76065a57864f: cophenetic index 624; 0.9 s; peak memory 134 MiB.
2026-10-03T12:48:53Z INFO [125/1874] 2fc300d5-9670-4f4f-b925-b819b5467fde: cophenetic index 173595; 8.4 s; peak memory 134 MiB.
2026-10-03T12:48:54Z INFO [126/1874] 2fc39e0b-0ba0-4af7-b2ca-626690153987: cophenetic index 624; 0.9 s; peak memory 134 MiB.
2026-10-03T12:48:55Z INFO [127/1874] 2fc470b7-d317-40c1-8b07-7591478bf09b: cophenetic index 2974; 1.1 s; peak memory 134 MiB.
2026-10-03T12:49:03Z INFO [128/1874] 2fc48635-b6b2-4963-b06b-6a7bcd076291: cophenetic index 195172714; 8.1 s; peak memory 204 MiB.
2026-10-03T12:49:05Z INFO [129/1874] 2fc5ec89-ff99-4c8b-9e33-27082c448eda: cophenetic index 99150; 1.7 s; peak memory 204 MiB.
2026-10-03T12:49:06Z INFO [130/1874] 2fc67db2-cd98-4574-9b37-8c077f8bc976: cophenetic index 624; 0.9 s; peak memory 204 MiB.
2026-10-03T12:49:07Z INFO [131/1874] 2fc68f7c-c0a7-49e1-88fc-138ae2bc4931: cophenetic index 624; 0.9 s; peak memory 204 MiB.
2026-10-03T12:49:08Z INFO [132/1874] 2fc7af82-6ca0-41cf-8ae0-b71d71cdeccf: cophenetic index 624; 0.9 s; peak memory 204 MiB.
2026-10-03T12:49:09Z INFO [133/1874] 2fc7d656-f7d0-4f24-8ddf-d77f3393520c: cophenetic index 3004; 0.8 s; peak memory 204 MiB.
2026-10-03T12:49:10Z INFO [134/1874] 2fc85d7c-72a1-4e0b-832c-fbf72ac516ee: cophenetic index 2625; 1.4 s; peak memory 204 MiB.
2026-10-03T12:49:11Z INFO [135/1874] 2fcc85f7-1a68-4613-a1f2-e21e91e57701: cophenetic index 624; 1.0 s; peak memory 204 MiB.
2026-10-03T12:49:12Z INFO [136/1874] 2fce20e8-1857-476d-95d7-c3f1f06c4f37: cophenetic index 33986; 1.2 s; peak memory 204 MiB.
2026-10-03T12:49:13Z INFO [137/1874] 2fceabe8-908b-461a-b49d-9f4c9af88da5: cophenetic index 624; 0.9 s; peak memory 204 MiB.
2026-10-03T12:49:14Z INFO [138/1874] 2fcfa42c-ab82-4209-acbf-a6e1200039ae: cophenetic index 581; 0.8 s; peak memory 204 MiB.
2026-10-03T12:49:15Z INFO [139/1874] 2fcfacc0-4571-447b-a393-5612a8e85cb7: cophenetic index 2776; 0.9 s; peak memory 204 MiB.
2026-10-03T12:49:16Z INFO [140/1874] 2fd0079b-fe11-48b4-a3e5-88be4aae37cb: cophenetic index 624; 0.8 s; peak memory 204 MiB.
2026-10-03T12:49:17Z INFO [141/1874] 2fd07044-726f-41b7-8632-dfa1829a2c62: cophenetic index 624; 0.8 s; peak memory 204 MiB.
2026-10-03T12:49:23Z INFO [142/1874] 2fd07e45-3329-4ffd-889d-da97793e5b47: cophenetic index 195172714; 6.8 s; peak memory 206 MiB.
2026-10-03T12:49:24Z INFO [143/1874] 2fd082b3-3f50-4ab8-9e26-bbbce5957fc1: cophenetic index 23809; 1.0 s; peak memory 206 MiB.
2026-10-03T12:49:25Z INFO [144/1874] 2fd0bd52-08da-4a70-b68f-afb05db8f212: cophenetic index 513; 0.6 s; peak memory 206 MiB.
2026-10-03T12:49:33Z INFO [145/1874] 2fd11725-1b38-4972-a89a-5421cd6dfed2: cophenetic index 34862; 8.4 s; peak memory 206 MiB.
2026-10-03T12:49:34Z INFO [146/1874] 2fd25591-f725-4bec-9d4f-74d9432c1a7c: cophenetic index 560; 0.8 s; peak memory 206 MiB.
2026-10-03T12:49:36Z INFO [147/1874] 2fd28c06-b010-4efe-85f9-9156e0fbe833: cophenetic index 2609; 2.2 s; peak memory 206 MiB.
2026-10-03T12:49:38Z INFO [148/1874] 2fd2b6c4-f24b-42bc-bb8a-bbd13f154e94: cophenetic index 2625; 1.4 s; peak memory 206 MiB.
2026-10-03T12:49:47Z INFO [149/1874] 2fd482e3-a4da-4583-8b71-de2ddd6d169a: cophenetic index 179401; 9.2 s; peak memory 213 MiB.
2026-10-03T12:49:48Z INFO [150/1874] 2fd6088a-6271-4c12-a964-03c4ba29794a: cophenetic index 2625; 1.1 s; peak memory 213 MiB.
2026-10-03T12:49:48Z INFO [150/1874] 2fd6088a-6271-4c12-a964-03c4ba29794a: checkpointed 70020 records.
2026-10-03T12:49:51Z INFO [151/1874] 2fd80dfc-8783-4059-9f98-aee9d63fdd02: cophenetic index 10073; 2.6 s; peak memory 213 MiB.
2026-10-03T12:49:53Z INFO [152/1874] 2fd851dd-5f8d-4a2a-9609-c58424db51da: cophenetic index 6636; 2.6 s; peak memory 213 MiB.
2026-10-03T12:49:59Z INFO [153/1874] 2fd89b2b-72d3-48c3-9e6f-5afb84af18cf: cophenetic index 5466; 5.7 s; peak memory 213 MiB.
2026-10-03T12:50:00Z INFO [154/1874] 2fd8a3db-999c-48eb-8c48-ca527008fd9b: cophenetic index 23364; 0.9 s; peak memory 213 MiB.
2026-10-03T12:50:02Z INFO [155/1874] 2fd8a79b-cb1f-45e2-bdae-1059af436b74: cophenetic index 2402; 2.3 s; peak memory 213 MiB.
2026-10-03T12:50:08Z INFO [156/1874] 2fd8fb12-3c21-4067-b8e8-44972b064b50: cophenetic index 10387; 5.9 s; peak memory 213 MiB.
2026-10-03T12:50:10Z INFO [157/1874] 2fda9454-e0d4-4748-9671-e2dcaee8fbea: cophenetic index 613; 1.6 s; peak memory 213 MiB.
2026-10-03T12:50:11Z INFO [158/1874] 2fdafd7a-a966-45c2-b313-8fe4da10af1a: cophenetic index 624; 0.9 s; peak memory 213 MiB.
2026-10-03T12:50:12Z INFO [159/1874] 2fdb240e-bf77-42ce-9d5d-2fddc134c802: cophenetic index 2625; 1.7 s; peak memory 213 MiB.
2026-10-03T12:50:13Z INFO [160/1874] 2fdbacdd-1e13-4f89-b49b-db9443a30dc0: cophenetic index 605; 1.0 s; peak memory 213 MiB.
2026-10-03T12:50:15Z INFO [161/1874] 2fdbb5c2-c3d7-4849-b481-af3b74ad7c37: cophenetic index 33998; 1.3 s; peak memory 213 MiB.
2026-10-03T12:50:15Z INFO [162/1874] 2fdc4da7-a02f-41fe-b55a-84bb1e6324bd: cophenetic index 490; 0.6 s; peak memory 213 MiB.
2026-10-03T12:50:16Z INFO [163/1874] 2fdc860a-855f-4489-95e3-badb25c5105e: cophenetic index 624; 0.8 s; peak memory 213 MiB.
2026-10-03T12:50:17Z INFO [164/1874] 2fdd0468-b69a-421d-b4ce-931d29bff96a: cophenetic index 479; 0.7 s; peak memory 213 MiB.
2026-10-03T12:51:59Z INFO [165/1874] 2fdd6f75-8fa7-46d5-b291-346248c5cdc5: cophenetic index 36030552; 102.1 s; peak memory 419 MiB.
2026-10-03T12:52:00Z INFO [166/1874] 2fdf979a-b08e-41ed-8c8d-806960ba04fb: cophenetic index 3004; 1.1 s; peak memory 419 MiB.
2026-10-03T12:52:10Z INFO [167/1874] 2fdffbd2-f158-4877-86dd-f456446f67c8: cophenetic index 218986; 10.0 s; peak memory 419 MiB.
2026-10-03T12:52:11Z INFO [168/1874] 2fe06762-0ead-4f30-a0ab-3e38c3e356bf: cophenetic index 2625; 1.5 s; peak memory 419 MiB.
2026-10-03T12:52:12Z INFO [169/1874] 2fe07e51-03c6-4b3f-88cf-628e43df3611: cophenetic index 490; 0.6 s; peak memory 419 MiB.
2026-10-03T12:52:13Z INFO [170/1874] 2fe0a851-aebb-43f9-a1ae-a6e335fe0ea6: cophenetic index 624; 0.9 s; peak memory 419 MiB.
2026-10-03T12:52:14Z INFO [171/1874] 2fe0aa06-4a80-42e7-913c-02a240694ed5: cophenetic index 1042; 1.0 s; peak memory 419 MiB.
2026-10-03T12:52:22Z INFO [172/1874] 2fe0c247-bbc5-4d06-a134-55c1db9f1b76: cophenetic index 11497169; 8.1 s; peak memory 419 MiB.
2026-10-03T12:52:23Z INFO [173/1874] 2fe0dea8-1108-4aee-b7f0-3ae19c350117: cophenetic index 624; 0.8 s; peak memory 419 MiB.
2026-10-03T12:52:31Z INFO [174/1874] 2fe196d8-074e-40cd-8e9b-12c93fe38182: cophenetic index 48262; 8.0 s; peak memory 419 MiB.
2026-10-03T12:52:31Z INFO [175/1874] 2fe1de67-2094-4c49-9bb3-30ae104c0827: cophenetic index 1332; 0.9 s; peak memory 419 MiB.
2026-10-03T12:52:32Z INFO [176/1874] 2fe1f372-c36d-4f6e-b887-3b38231c33cd: cophenetic index 624; 0.7 s; peak memory 419 MiB.
2026-10-03T12:52:33Z INFO [177/1874] 2fe330e2-2e8b-4a6f-93db-7f25975e7f4e: cophenetic index 624; 0.8 s; peak memory 419 MiB.
2026-10-03T12:52:35Z INFO [178/1874] 2fe4d6dc-1dd0-4a04-ae49-3058d22bc8fa: cophenetic index 949; 1.6 s; peak memory 419 MiB.
2026-10-03T12:52:36Z INFO [179/1874] 2fe5446e-de35-47db-a452-4ed89e6ac20a: cophenetic index 624; 1.0 s; peak memory 419 MiB.
2026-10-03T12:52:37Z INFO [180/1874] 2fe55396-582e-402c-bf00-5ae485f088ef: cophenetic index 2636; 1.6 s; peak memory 419 MiB.
2026-10-03T12:52:38Z INFO [181/1874] 2fe5b2b9-8538-410d-8064-f07a4a2b9e43: cophenetic index 3004; 1.0 s; peak memory 419 MiB.
2026-10-03T12:52:39Z INFO [182/1874] 2fe62a03-4d1b-49b0-9306-8860ac0043ba: cophenetic index 1087; 1.2 s; peak memory 419 MiB.
2026-10-03T12:52:46Z INFO [183/1874] 2fe6a73b-32e6-41c8-84db-0662a7126b12: cophenetic index 221702; 6.2 s; peak memory 419 MiB.
2026-10-03T12:52:48Z INFO [184/1874] 2fe6c799-3257-4e19-8ab8-a2bc43b4fbd2: cophenetic index 99150; 2.0 s; peak memory 419 MiB.
2026-10-03T12:52:48Z INFO [185/1874] 2fe6f64c-e185-4112-95ee-c754b645d8e6: cophenetic index 494; 0.8 s; peak memory 419 MiB.
2026-10-03T12:52:50Z INFO [186/1874] 2fe761ff-2692-4845-984e-0df4d80738dd: cophenetic index 2625; 1.2 s; peak memory 419 MiB.
2026-10-03T12:52:50Z INFO [187/1874] 2fe7eb78-d99a-4db6-8bfb-8780591839da: cophenetic index 1949; 0.9 s; peak memory 419 MiB.
2026-10-03T12:52:51Z INFO [188/1874] 2fe7f55b-e96f-44a2-a329-4d1a4ae9f7b5: cophenetic index 751; 0.6 s; peak memory 419 MiB.
2026-10-03T12:52:52Z INFO [189/1874] 2fe7f714-e4bb-4044-a9f9-3fdd8a91fe61: cophenetic index 624; 0.7 s; peak memory 419 MiB.
2026-10-03T12:52:59Z INFO [190/1874] 2fe8eef1-fc29-4d5d-a5af-3d796cb3910e: cophenetic index 46939; 6.9 s; peak memory 419 MiB.
2026-10-03T12:53:00Z INFO [191/1874] 2fe90ca7-44b8-41b5-b274-61ba2041973a: cophenetic index 2625; 1.3 s; peak memory 419 MiB.
2026-10-03T12:53:02Z INFO [192/1874] 2fe92278-632e-4a8d-b0fe-891f5a5d18ed: cophenetic index 2625; 1.7 s; peak memory 419 MiB.
2026-10-03T12:53:02Z INFO [193/1874] 2fea5400-ea0a-4c5c-81a9-626cee780ed5: cophenetic index 624; 0.8 s; peak memory 419 MiB.
2026-10-03T12:53:04Z INFO [194/1874] 2feb567a-aff2-4d35-97f1-5392802fef2c: cophenetic index 2625; 1.8 s; peak memory 419 MiB.
2026-10-03T12:53:05Z INFO [195/1874] 2feb6c4b-46d0-404d-b6d1-0016992f152f: cophenetic index 3057; 1.0 s; peak memory 419 MiB.
2026-10-03T12:53:07Z INFO [196/1874] 2febda45-fcfd-45a8-adc8-f7d905e86f76: cophenetic index 2625; 1.3 s; peak memory 419 MiB.
2026-10-03T12:53:08Z INFO [197/1874] 2febfe33-3470-42f6-8fbd-9da94ff0c3b0: cophenetic index 3087; 1.0 s; peak memory 419 MiB.
2026-10-03T12:53:12Z INFO [198/1874] 2fec4726-eddb-4df5-a9eb-6ec0ccabbf18: cophenetic index 9548; 4.1 s; peak memory 419 MiB.
2026-10-03T12:53:13Z INFO [199/1874] 2fec7c14-33de-4a7d-8783-e098a9d6b13d: cophenetic index 33986; 1.3 s; peak memory 419 MiB.
2026-10-03T12:53:14Z INFO [200/1874] 2fed9856-cea3-4713-b7ff-4f1adea6c3c3: cophenetic index 2625; 1.2 s; peak memory 419 MiB.
2026-10-03T12:53:14Z INFO [200/1874] 2fed9856-cea3-4713-b7ff-4f1adea6c3c3: checkpointed 70070 records.
2026-10-03T12:53:15Z INFO [201/1874] 2fedf89e-5c22-4ea1-b860-eba17f8d70a8: cophenetic index 3004; 0.9 s; peak memory 419 MiB.
2026-10-03T12:53:17Z INFO [202/1874] 2fedfab2-8fd4-49ac-952e-41c40ca717a1: cophenetic index 809; 2.0 s; peak memory 419 MiB.
2026-10-03T12:53:18Z INFO [203/1874] 2fee08ca-ab01-42b0-bf15-2423d1287a01: cophenetic index 458; 1.1 s; peak memory 419 MiB.
2026-10-03T12:53:19Z INFO [204/1874] 2fee2ba9-8fa0-4929-ad4a-769b0f81936a: cophenetic index 3004; 1.1 s; peak memory 419 MiB.
2026-10-03T12:53:20Z INFO [205/1874] 2feebe94-a691-42ce-ba57-935a9e7d1640: cophenetic index 490; 0.7 s; peak memory 419 MiB.
2026-10-03T12:53:21Z INFO [206/1874] 2ff08cc0-d468-4601-94e9-e143c3add33e: cophenetic index 624; 1.0 s; peak memory 419 MiB.
2026-10-03T12:53:22Z INFO [207/1874] 2ff0c742-c514-4a86-b365-4dbbba312f46: cophenetic index 624; 0.9 s; peak memory 419 MiB.
2026-10-03T12:53:23Z INFO [208/1874] 2ff14f91-dfe8-4ad7-baf2-062161f16271: cophenetic index 2625; 1.3 s; peak memory 419 MiB.
2026-10-03T12:53:24Z INFO [209/1874] 2ff1888b-1e2d-4b61-8f80-280ac2a15fa0: cophenetic index 2496; 1.2 s; peak memory 419 MiB.
2026-10-03T12:53:27Z INFO [210/1874] 2ff23b53-7b74-4c7e-b549-0fb759805e6c: cophenetic index 2402; 2.6 s; peak memory 419 MiB.
2026-10-03T12:53:28Z INFO [211/1874] 2ff2bc6c-dc3b-4b44-bad1-a19d1c8d133c: cophenetic index 99120; 1.3 s; peak memory 419 MiB.
2026-10-03T12:53:33Z INFO [212/1874] 2ff65432-f9d4-4e25-8128-02e2df861049: cophenetic index 20638; 5.1 s; peak memory 419 MiB.
2026-10-03T12:53:35Z INFO [213/1874] 2ff74983-db36-4ee0-8ab8-a469862a68a4: cophenetic index 99138; 1.5 s; peak memory 419 MiB.
2026-10-03T12:53:36Z INFO [214/1874] 2ff78595-b562-4ae1-83a6-65410a25c8a1: cophenetic index 624; 0.9 s; peak memory 419 MiB.
2026-10-03T12:53:44Z INFO [215/1874] 2ff7b869-2cf4-4d42-9d03-1e9523f3dd27: cophenetic index 165778; 7.9 s; peak memory 419 MiB.
2026-10-03T12:53:45Z INFO [216/1874] 2ff8789d-ac06-4f32-850e-94438562c1f9: cophenetic index 2570; 1.7 s; peak memory 419 MiB.
2026-10-03T12:53:46Z INFO [217/1874] 2ff87d5b-3ca7-446c-8fd0-d511d743309d: cophenetic index 581; 0.9 s; peak memory 419 MiB.
2026-10-03T12:53:47Z INFO [218/1874] 2ff89045-4770-44f5-839b-df684698b209: cophenetic index 624; 1.0 s; peak memory 419 MiB.
2026-10-03T12:53:49Z INFO [219/1874] 2ff8d74c-72a2-4f25-ac47-fc703464dade: cophenetic index 2701; 1.4 s; peak memory 419 MiB.
2026-10-03T12:53:50Z INFO [220/1874] 2ff93d66-0ead-4015-b735-5407e60d0f46: cophenetic index 2443; 1.0 s; peak memory 419 MiB.
2026-10-03T12:53:51Z INFO [221/1874] 2ff95333-dfe9-4bb7-9282-ee55f12f5145: cophenetic index 1430; 1.4 s; peak memory 419 MiB.
2026-10-03T12:53:52Z INFO [222/1874] 2ff9cfc3-d140-46d6-895d-4c58974556c5: cophenetic index 3057; 1.0 s; peak memory 419 MiB.
2026-10-03T12:53:54Z INFO [223/1874] 2ffab574-e0a9-441e-a502-73a9cc0f2256: cophenetic index 2625; 1.7 s; peak memory 419 MiB.
2026-10-03T12:53:59Z INFO [224/1874] 2ffb88cc-dce2-4295-bc54-cfd9870cf982: cophenetic index 5466; 4.8 s; peak memory 419 MiB.
2026-10-03T12:54:00Z INFO [225/1874] 2ffc842b-9406-40c7-91b4-53c1a92e8ab2: cophenetic index 33968; 1.3 s; peak memory 419 MiB.
2026-10-03T12:55:02Z INFO [226/1874] 2ffe2382-c5ee-4f37-a774-b3f8af0399f4: cophenetic index 15847140; 62.5 s; peak memory 419 MiB.
2026-10-03T12:55:03Z INFO [227/1874] 2ffe29f9-bbcd-45e1-ae77-d39e8c7b4444: cophenetic index 624; 1.0 s; peak memory 419 MiB.
2026-10-03T12:55:04Z INFO [228/1874] 2ffe2b1b-6c16-4e88-aa08-6406c41799b5: cophenetic index 761; 0.9 s; peak memory 419 MiB.
2026-10-03T12:57:29Z INFO [229/1874] 2ffe82e1-3f36-4a76-a120-8841b86cb581: cophenetic index 113634176; 144.6 s; peak memory 489 MiB.
2026-10-03T12:57:30Z INFO [230/1874] 2fff0a70-3393-4a3c-9b0c-54bc6668dc5b: cophenetic index 1949; 1.4 s; peak memory 489 MiB.
2026-10-03T12:57:34Z INFO [231/1874] 2fff39c9-5a00-4e1d-95c0-2dc6aac62259: cophenetic index 99103; 3.4 s; peak memory 489 MiB.
2026-10-03T12:57:35Z INFO [232/1874] 3002050b-75ad-4ac0-95f5-da83c9d0eca2: cophenetic index 431; 1.0 s; peak memory 489 MiB.
2026-10-03T12:57:35Z INFO [233/1874] 3002517f-6866-47c7-ac6a-4a9d54a6e464: cophenetic index 490; 0.6 s; peak memory 489 MiB.
2026-10-03T12:57:37Z INFO [234/1874] 3002fcc0-7c31-4dfe-8c6f-48193cbc7997: cophenetic index 2682; 2.1 s; peak memory 489 MiB.
2026-10-03T12:57:38Z INFO [235/1874] 30037b42-19be-4a28-8c05-ba6a61ba4a92: cophenetic index 490; 0.6 s; peak memory 489 MiB.
2026-10-03T12:57:39Z INFO [236/1874] 300408fa-91df-408d-bfd1-d4e00790d8a1: cophenetic index 33998; 1.4 s; peak memory 489 MiB.
2026-10-03T12:57:41Z INFO [237/1874] 30046e69-e6c1-42c1-b461-4e08c56401ec: cophenetic index 2625; 1.6 s; peak memory 489 MiB.
2026-10-03T12:57:42Z INFO [238/1874] 3006018a-8ed1-470f-8ed1-4e2babb3198a: cophenetic index 3004; 1.0 s; peak memory 489 MiB.
2026-10-03T12:57:43Z INFO [239/1874] 300634be-277b-411b-ba00-71c549f95ec2: cophenetic index 2974; 1.1 s; peak memory 489 MiB.
2026-10-03T12:57:50Z INFO [240/1874] 3006a7ce-3807-453f-a640-4e1c31986884: cophenetic index 116856; 7.5 s; peak memory 489 MiB.
2026-10-03T12:57:52Z INFO [241/1874] 30079bd7-e356-4bd6-b564-1ebe81f1c087: cophenetic index 3972; 1.4 s; peak memory 489 MiB.
2026-10-03T12:58:02Z INFO [242/1874] 30080dd7-cac9-4718-85fc-59370b62aba8: cophenetic index 2487596; 10.3 s; peak memory 489 MiB.
2026-10-03T12:58:13Z INFO [243/1874] 30081900-2918-44bf-bddb-5788ad7fad05: cophenetic index 296057; 10.6 s; peak memory 489 MiB.
2026-10-03T12:58:14Z INFO [244/1874] 3008731e-3411-4fef-9d15-4293fc5f8d05: cophenetic index 2625; 0.9 s; peak memory 489 MiB.
2026-10-03T12:58:21Z INFO [245/1874] 300876ce-24ae-4027-be6e-bf013dbd2734: cophenetic index 47115; 7.3 s; peak memory 489 MiB.
2026-10-03T12:58:22Z INFO [246/1874] 30091b1f-6498-4f84-9806-7080b0dac6e3: cophenetic index 762; 0.7 s; peak memory 489 MiB.
2026-10-03T12:58:23Z INFO [247/1874] 30099515-f46e-4a0a-9238-78979f61220a: cophenetic index 23358; 1.1 s; peak memory 489 MiB.
2026-10-03T12:58:29Z INFO [248/1874] 3009b407-7bf5-4a53-91f8-89c1efa0ea36: cophenetic index 6715; 6.3 s; peak memory 489 MiB.
2026-10-03T12:58:30Z INFO [249/1874] 300a5f13-697c-49cf-82e0-273e843db47f: cophenetic index 624; 0.8 s; peak memory 489 MiB.
2026-10-03T12:58:31Z INFO [250/1874] 300bf8fd-3657-400d-b179-a8d892512c15: cophenetic index 560; 0.8 s; peak memory 489 MiB.
2026-10-03T12:58:31Z INFO [250/1874] 300bf8fd-3657-400d-b179-a8d892512c15: checkpointed 70120 records.
2026-10-03T12:58:32Z INFO [251/1874] 300d9f03-1b8a-471a-b383-7a10f8c4ceb0: cophenetic index 627; 0.7 s; peak memory 489 MiB.
2026-10-03T12:58:33Z INFO [252/1874] 300e2fae-1018-4a3e-b7d4-14cbd071f70f: cophenetic index 2625; 1.3 s; peak memory 489 MiB.
2026-10-03T12:58:34Z INFO [253/1874] 300e5806-3269-485b-bde4-f86f56069303: cophenetic index 33986; 1.5 s; peak memory 489 MiB.
2026-10-03T12:58:36Z INFO [254/1874] 300e7372-896c-4a85-8e8d-25b02d789126: cophenetic index 40176; 1.6 s; peak memory 489 MiB.
2026-10-03T12:58:39Z INFO [255/1874] 300ec169-67c5-462b-9e64-d5d73c12acef: cophenetic index 5473; 2.8 s; peak memory 489 MiB.
2026-10-03T12:58:40Z INFO [256/1874] 3010280c-f399-4834-9587-adbacdfafdc2: cophenetic index 641; 0.7 s; peak memory 489 MiB.
2026-10-03T12:58:40Z INFO [257/1874] 30109668-6bac-47a6-b8fd-dbd60519f8d1: cophenetic index 413; 0.8 s; peak memory 489 MiB.
2026-10-03T12:58:41Z INFO [258/1874] 301188f1-66f5-4d02-8244-951e287da9f3: cophenetic index 3004; 0.9 s; peak memory 489 MiB.
2026-10-03T12:58:50Z INFO [259/1874] 30121ee7-74c1-4829-9346-ab6b4e8ac43d: cophenetic index 46939; 8.6 s; peak memory 489 MiB.
2026-10-03T12:58:51Z INFO [260/1874] 3012b631-4a84-425b-b67f-7bccca44dabe: cophenetic index 3087; 1.1 s; peak memory 489 MiB.
2026-10-03T12:58:52Z INFO [261/1874] 30133e18-2ad8-4ff9-a1d0-6c196eb44b61: cophenetic index 490; 0.8 s; peak memory 489 MiB.
2026-10-03T12:58:53Z INFO [262/1874] 301393e4-2805-47e1-8274-3d1f2f6f34f8: cophenetic index 3004; 1.1 s; peak memory 489 MiB.
2026-10-03T12:58:53Z INFO [263/1874] 3014132b-29df-4bab-84da-457eca6234a9: cophenetic index 469; 0.6 s; peak memory 489 MiB.
2026-10-03T12:58:55Z INFO [264/1874] 3015b4a7-5d9e-443a-8e20-ae3cc8fdc29c: cophenetic index 2105; 1.3 s; peak memory 489 MiB.
2026-10-03T12:59:00Z INFO [265/1874] 30165233-8974-46f5-88e1-818e92561761: cophenetic index 7751153; 5.6 s; peak memory 489 MiB.
2026-10-03T12:59:14Z INFO [266/1874] 3016ac95-3b72-46b3-9424-9aefa38e50a5: cophenetic index 142362; 13.9 s; peak memory 489 MiB.
2026-10-03T12:59:15Z INFO [267/1874] 3016c0ca-ca51-42d8-815c-59479965c762: cophenetic index 579; 0.7 s; peak memory 489 MiB.
2026-10-03T12:59:16Z INFO [268/1874] 3016db27-1afc-4859-b7b3-42bc70a1536c: cophenetic index 3004; 0.9 s; peak memory 489 MiB.
2026-10-03T12:59:17Z INFO [269/1874] 30171521-dd47-42b9-b41a-f3b7018845d2: cophenetic index 624; 0.9 s; peak memory 489 MiB.
2026-10-03T12:59:18Z INFO [270/1874] 3017601c-d7a7-4416-b3bd-ddacce5779df: cophenetic index 624; 0.9 s; peak memory 489 MiB.
2026-10-03T12:59:18Z INFO [271/1874] 3017ce56-6db6-4f1b-9f43-daf710104617: cophenetic index 761; 0.6 s; peak memory 489 MiB.
2026-10-03T12:59:23Z INFO [272/1874] 30186cf2-8269-4ddd-8022-9e40da07b8e3: cophenetic index 9548; 4.8 s; peak memory 489 MiB.
2026-10-03T12:59:24Z INFO [273/1874] 30193bdc-ec3d-41d1-b617-9a0dcca924d7: cophenetic index 30304; 1.2 s; peak memory 489 MiB.
2026-10-03T12:59:26Z INFO [274/1874] 30194e62-ff02-4a5c-ac7f-5040b900a55f: cophenetic index 99138; 1.5 s; peak memory 489 MiB.
2026-10-03T12:59:27Z INFO [275/1874] 3019e55b-d166-4666-b115-96b0c273c523: cophenetic index 2974; 0.9 s; peak memory 489 MiB.
2026-10-03T12:59:28Z INFO [276/1874] 301a4d8e-7c98-4a78-9a8d-936a2105c85d: cophenetic index 624; 0.9 s; peak memory 489 MiB.
2026-10-03T12:59:36Z INFO [277/1874] 301ad94f-fa10-4152-8797-8ae9a2cc6264: cophenetic index 304917; 8.8 s; peak memory 489 MiB.
2026-10-03T12:59:37Z INFO [278/1874] 301b2026-6d8b-4b8a-82a5-8890e2a2a190: cophenetic index 1781; 1.1 s; peak memory 489 MiB.
2026-10-03T12:59:39Z INFO [279/1874] 301b9179-3e46-451f-80fd-f4222c88a64b: cophenetic index 2974; 1.1 s; peak memory 489 MiB.
2026-10-03T12:59:41Z INFO [280/1874] 301bb1d5-846d-43b3-af62-ed479d2d6070: cophenetic index 2241; 2.5 s; peak memory 489 MiB.
2026-10-03T12:59:42Z INFO [281/1874] 301d0b9b-196d-4e60-9d34-b0b06046d0e6: cophenetic index 33986; 1.4 s; peak memory 489 MiB.
2026-10-03T12:59:44Z INFO [282/1874] 301dbfe5-0f36-4c3d-8764-16bf70644946: cophenetic index 23206; 1.2 s; peak memory 489 MiB.
2026-10-03T12:59:45Z INFO [283/1874] 301e9f10-e9dc-4afe-ac8d-c2b0579f68c9: cophenetic index 3004; 1.0 s; peak memory 489 MiB.
2026-10-03T12:59:46Z INFO [284/1874] 301ea335-7e01-4b2d-8c32-9daea047a4f2: cophenetic index 2923; 1.0 s; peak memory 489 MiB.
2026-10-03T12:59:53Z INFO [285/1874] 301f0c06-c833-405e-99eb-a8b7da6a1165: cophenetic index 142395; 7.2 s; peak memory 489 MiB.
2026-10-03T12:59:54Z INFO [286/1874] 301f9126-0bd9-41e5-8ec6-ceea578de836: cophenetic index 3087; 1.1 s; peak memory 489 MiB.
2026-10-03T12:59:55Z INFO [287/1874] 301fdbaa-3919-4f1f-8089-92334f7c88d7: cophenetic index 3087; 1.0 s; peak memory 489 MiB.
2026-10-03T12:59:57Z INFO [288/1874] 3020670d-8799-4efc-aab1-8385e7895a64: cophenetic index 1751; 1.5 s; peak memory 489 MiB.
2026-10-03T12:59:58Z INFO [289/1874] 30208de7-7d6c-4626-95b1-44677848c843: cophenetic index 3087; 1.2 s; peak memory 489 MiB.
2026-10-03T12:59:59Z INFO [290/1874] 302129dd-63e5-46d6-bed8-90b89b4063e5: cophenetic index 3004; 1.0 s; peak memory 489 MiB.
2026-10-03T13:00:01Z INFO [291/1874] 30217a66-4eec-4216-816b-0ef5e2fc483f: cophenetic index 99810; 2.5 s; peak memory 489 MiB.
2026-10-03T13:00:03Z INFO [292/1874] 3021efb0-383c-43d1-91b4-f2cc90c5e2e5: cophenetic index 2625; 1.6 s; peak memory 489 MiB.
2026-10-03T13:00:04Z INFO [293/1874] 3024048c-489a-4041-8233-250e3addd0f5: cophenetic index 33986; 1.3 s; peak memory 489 MiB.
2026-10-03T13:00:05Z INFO [294/1874] 30241f65-077a-4804-ae37-dd3e106c05c1: cophenetic index 624; 1.0 s; peak memory 489 MiB.
2026-10-03T13:00:07Z INFO [295/1874] 30243036-cdd4-4036-b060-161bff3ec84b: cophenetic index 2625; 1.4 s; peak memory 489 MiB.
2026-10-03T13:00:08Z INFO [296/1874] 302440e9-c14f-41b0-acbe-7f2031aeaef7: cophenetic index 2974; 1.1 s; peak memory 489 MiB.
2026-10-03T13:00:10Z INFO [297/1874] 3024adeb-1aa8-4aef-9847-f55cb29ebfa2: cophenetic index 2654; 1.9 s; peak memory 489 MiB.
2026-10-03T13:00:12Z INFO [298/1874] 30255eb6-fb49-4326-83cf-bc69d839f90f: cophenetic index 2469; 2.2 s; peak memory 489 MiB.
2026-10-03T13:00:13Z INFO [299/1874] 30270bc5-0ef3-44db-ab7b-a0085987fd63: cophenetic index 2625; 1.5 s; peak memory 489 MiB.
2026-10-03T13:00:14Z INFO [300/1874] 302712c7-595b-446d-9dfb-0e71944eb67c: cophenetic index 413; 0.7 s; peak memory 489 MiB.
2026-10-03T13:00:14Z INFO [300/1874] 302712c7-595b-446d-9dfb-0e71944eb67c: checkpointed 70170 records.
2026-10-03T13:00:15Z INFO [301/1874] 30279b8c-5387-4e47-a6e2-865c71805cea: cophenetic index 1602; 0.9 s; peak memory 489 MiB.
2026-10-03T13:00:17Z INFO [302/1874] 30285dc8-ca04-4c66-bd41-41593848f150: cophenetic index 2625; 1.5 s; peak memory 489 MiB.
2026-10-03T13:00:17Z INFO [303/1874] 3028df35-f0e6-48ea-81a1-4a076648922c: cophenetic index 739; 0.8 s; peak memory 489 MiB.
2026-10-03T13:00:20Z INFO [304/1874] 3028fbb4-e652-4c9e-9e94-c8235ffb41fb: cophenetic index 2391; 2.3 s; peak memory 489 MiB.
2026-10-03T13:00:21Z INFO [305/1874] 30296886-06e9-4f42-b022-618b9573c0ff: cophenetic index 33968; 1.3 s; peak memory 489 MiB.
2026-10-03T13:00:22Z INFO [306/1874] 302a6985-3d49-4438-a3ab-ec5b5a92b41d: cophenetic index 766; 1.2 s; peak memory 489 MiB.
2026-10-03T13:00:23Z INFO [307/1874] 302aaf85-66ce-4734-8183-77613f584f69: cophenetic index 23510; 1.0 s; peak memory 489 MiB.
2026-10-03T13:00:24Z INFO [308/1874] 302b0249-1480-4c81-88ab-6c709c6f5ad3: cophenetic index 624; 0.9 s; peak memory 489 MiB.
2026-10-03T13:00:25Z INFO [309/1874] 302ba4f7-e7a5-425a-b48a-3f0c18228b64: cophenetic index 490; 0.6 s; peak memory 489 MiB.
2026-10-03T13:00:25Z INFO [310/1874] 302c270c-1665-4e5f-abbc-70303f0ec0b9: cophenetic index 490; 0.5 s; peak memory 489 MiB.
2026-10-03T13:00:26Z INFO [311/1874] 302c8334-0f9e-41ff-904d-2311193ad7f4: cophenetic index 3972; 1.0 s; peak memory 489 MiB.
2026-10-03T13:00:27Z INFO [312/1874] 302cf91d-973c-44bc-b204-ebf908820d00: cophenetic index 624; 0.9 s; peak memory 489 MiB.
2026-10-03T13:00:29Z INFO [313/1874] 302d8698-f581-42c4-8060-a750936c9f75: cophenetic index 2682; 2.5 s; peak memory 489 MiB.
2026-10-03T13:00:30Z INFO [314/1874] 302ddb65-91e2-4abc-ab7c-040a95d8e61c: cophenetic index 3004; 0.9 s; peak memory 489 MiB.
2026-10-03T13:00:31Z INFO [315/1874] 302de564-bb86-4674-8233-830ca580e409: cophenetic index 164; 0.6 s; peak memory 489 MiB.
2026-10-03T13:00:33Z INFO [316/1874] 302ea13b-a680-42bb-88a8-b096888483c7: cophenetic index 3690; 2.3 s; peak memory 489 MiB.
2026-10-03T13:00:34Z INFO [317/1874] 302ec7e9-ebc1-4ea9-a876-831b67013435: cophenetic index 624; 1.0 s; peak memory 489 MiB.
2026-10-03T13:00:35Z INFO [318/1874] 302f4f28-aab3-47d4-9a3e-3327ea90fccd: cophenetic index 539; 0.9 s; peak memory 489 MiB.
2026-10-03T13:00:46Z INFO [319/1874] 30309452-5f2b-47d0-9d18-d75ff154367f: cophenetic index 19918813; 10.8 s; peak memory 489 MiB.
2026-10-03T13:00:47Z INFO [320/1874] 3030e6cf-72da-47b2-9bc6-b7e7375a501f: cophenetic index 649; 0.8 s; peak memory 489 MiB.
2026-10-03T13:00:57Z INFO [321/1874] 3030eb5a-f27b-4f4f-bc34-5131aa1023ff: cophenetic index 159039; 10.6 s; peak memory 489 MiB.
2026-10-03T13:00:58Z INFO [322/1874] 3031c416-3834-4895-b929-cc9e883ebd9a: cophenetic index 624; 0.8 s; peak memory 489 MiB.
2026-10-03T13:00:59Z INFO [323/1874] 3032cd62-b0e5-44a4-bf19-a8b8875bde3a: cophenetic index 3087; 1.0 s; peak memory 489 MiB.
2026-10-03T13:01:06Z INFO [324/1874] 3032e9cc-dd87-426c-96aa-94fd5e9f729c: cophenetic index 138588; 6.8 s; peak memory 489 MiB.
2026-10-03T13:01:08Z INFO [325/1874] 30336e38-d33f-4319-8d14-dab67b9e509c: cophenetic index 33998; 2.1 s; peak memory 489 MiB.
2026-10-03T13:01:11Z INFO [326/1874] 303390b3-3e21-4ad6-bf0a-97d124b98271: cophenetic index 2609; 2.6 s; peak memory 489 MiB.
2026-10-03T13:01:12Z INFO [327/1874] 30351c62-d94a-486b-9e0c-57671ff269bd: cophenetic index 23975; 1.0 s; peak memory 489 MiB.
2026-10-03T13:01:13Z INFO [328/1874] 303599c0-8dae-445b-9c1e-ec0dddbf782d: cophenetic index 665; 1.0 s; peak memory 489 MiB.
2026-10-03T13:01:14Z INFO [329/1874] 30373a5f-2fa0-4d5e-98d4-7892cd30aee6: cophenetic index 3004; 1.0 s; peak memory 489 MiB.
2026-10-03T13:01:15Z INFO [330/1874] 3037f608-2e9e-4fb2-b9b1-c68a027732d8: cophenetic index 3004; 1.2 s; peak memory 489 MiB.
2026-10-03T13:01:16Z INFO [331/1874] 3038a616-eb0b-4534-9a07-280e8d997163: cophenetic index 624; 0.9 s; peak memory 489 MiB.
2026-10-03T13:01:17Z INFO [332/1874] 3038c2d8-8d58-4533-8d56-e38698882674: cophenetic index 646; 0.9 s; peak memory 489 MiB.
2026-10-03T13:01:18Z INFO [333/1874] 3038cb87-6708-49c1-9582-919c582c0703: cophenetic index 539; 1.0 s; peak memory 489 MiB.
2026-10-03T13:01:21Z INFO [334/1874] 3038fb4b-e2f3-480c-82b6-a06d7592c188: cophenetic index 2469; 2.7 s; peak memory 489 MiB.
2026-10-03T13:01:23Z INFO [335/1874] 3039a6b2-8065-41e6-9f31-339a64f3d910: cophenetic index 5473; 2.9 s; peak memory 489 MiB.
2026-10-03T13:01:24Z INFO [336/1874] 303b2958-7b13-4ead-b4d6-08c4f4311a84: cophenetic index 624; 1.0 s; peak memory 489 MiB.
2026-10-03T13:01:26Z INFO [337/1874] 303bc03f-c5bf-48bd-9e96-cf154595b39b: cophenetic index 1087; 1.3 s; peak memory 489 MiB.
2026-10-03T13:01:27Z INFO [338/1874] 303bdde4-c220-4b03-9ba4-82be9113654c: cophenetic index 99114; 1.7 s; peak memory 489 MiB.
2026-10-03T13:01:29Z INFO [339/1874] 303c1c25-618e-489f-a11e-61e6742c9edd: cophenetic index 3004; 1.1 s; peak memory 489 MiB.
2026-10-03T13:01:29Z INFO [340/1874] 303c66a2-f7f5-4e8a-bbf9-6f8b1fb6e6ac: cophenetic index 490; 0.5 s; peak memory 489 MiB.
2026-10-03T13:01:30Z INFO [341/1874] 303ceb0c-3319-455a-89af-f173386d920b: cophenetic index 745; 0.6 s; peak memory 489 MiB.
2026-10-03T13:01:35Z INFO [342/1874] 303dbdb7-6c32-4945-b9a8-4633a555691d: cophenetic index 40230; 4.9 s; peak memory 489 MiB.
2026-10-03T13:01:35Z INFO [343/1874] 303ebaac-6365-4053-a7d4-3ab8b8ad1a45: cophenetic index 919; 0.7 s; peak memory 489 MiB.
2026-10-03T13:01:36Z INFO [344/1874] 303ec446-9e1a-4a01-a74b-a83cda91bf13: cophenetic index 2974; 1.1 s; peak memory 489 MiB.
2026-10-03T13:01:42Z INFO [345/1874] 303fa28e-98f3-4169-9d89-66fb940226cb: cophenetic index 5466; 6.0 s; peak memory 489 MiB.
2026-10-03T13:01:43Z INFO [346/1874] 304024f9-24e0-44b1-b62d-f89444519a9b: cophenetic index 624; 1.0 s; peak memory 489 MiB.
2026-10-03T13:01:44Z INFO [347/1874] 3040b46a-e3dd-4f28-85b0-cc275a64b3e8: cophenetic index 431; 0.8 s; peak memory 489 MiB.
2026-10-03T13:01:45Z INFO [348/1874] 3040dfc4-1b3c-4664-bd1b-2aed750c5bce: cophenetic index 2625; 1.3 s; peak memory 489 MiB.
2026-10-03T13:01:46Z INFO [349/1874] 30412042-b5e8-43f8-a506-5946d5947860: cophenetic index 624; 0.9 s; peak memory 489 MiB.
2026-10-03T13:01:47Z INFO [350/1874] 30413e06-13d9-4aa2-9c7f-b8aa355e6076: cophenetic index 3004; 1.0 s; peak memory 489 MiB.
2026-10-03T13:01:47Z INFO [350/1874] 30413e06-13d9-4aa2-9c7f-b8aa355e6076: checkpointed 70220 records.
2026-10-03T13:01:49Z INFO [351/1874] 304147c8-7c81-4a5f-97c4-510e3ed8076f: cophenetic index 2625; 1.4 s; peak memory 489 MiB.
2026-10-03T13:02:03Z INFO [352/1874] 3041d5dc-53cf-4bec-b051-f92fafe05a2c: cophenetic index 503887; 14.1 s; peak memory 489 MiB.
2026-10-03T13:02:08Z INFO [353/1874] 3041da37-d7d1-46ca-a2e2-bb7908379b51: cophenetic index 87573; 5.0 s; peak memory 489 MiB.
2026-10-03T13:02:10Z INFO [354/1874] 30431e03-d813-4210-900c-35094a5b567b: cophenetic index 2402; 2.3 s; peak memory 489 MiB.
2026-10-03T13:02:11Z INFO [355/1874] 30442f1d-2972-4fd3-8fbd-3935fcc3ed86: cophenetic index 624; 0.9 s; peak memory 489 MiB.
2026-10-03T13:02:12Z INFO [356/1874] 304459f9-1ba1-498a-827b-58d3abe6a15e: cophenetic index 2625; 1.3 s; peak memory 489 MiB.
2026-10-03T13:02:14Z INFO [357/1874] 304464a3-c9a2-4f25-8270-c553557bbc24: cophenetic index 2625; 1.2 s; peak memory 489 MiB.
2026-10-03T13:02:15Z INFO [358/1874] 3044b08c-e0f4-449b-8a7b-6f0b77930028: cophenetic index 1614; 1.1 s; peak memory 489 MiB.
2026-10-03T13:02:16Z INFO [359/1874] 3044d27e-42ca-4981-89fa-3ccee23909a9: cophenetic index 1228; 0.8 s; peak memory 489 MiB.
2026-10-03T13:02:22Z INFO [360/1874] 30461416-a690-45b3-9375-5d3fcbeb09b0: cophenetic index 141439; 6.0 s; peak memory 489 MiB.
2026-10-03T13:02:23Z INFO [361/1874] 30474f92-76c8-4a2a-8f3c-4a33cca5f45a: cophenetic index 33998; 1.5 s; peak memory 489 MiB.
2026-10-03T13:02:24Z INFO [362/1874] 30479a56-c787-4527-9277-702aa124b8ca: cophenetic index 624; 0.8 s; peak memory 489 MiB.
2026-10-03T13:02:25Z INFO [363/1874] 30486273-7706-452d-a588-061b693ee906: cophenetic index 2570; 1.5 s; peak memory 489 MiB.
2026-10-03T13:02:28Z INFO [364/1874] 30492cb4-16e9-430d-a270-164b5deffa60: cophenetic index 2469; 2.4 s; peak memory 489 MiB.
2026-10-03T13:02:29Z INFO [365/1874] 30495042-eb6a-4740-ad66-7dd09c33f282: cophenetic index 624; 1.0 s; peak memory 489 MiB.
2026-10-03T13:02:30Z INFO [366/1874] 30497f1e-c121-40dd-99a0-dab1ce80d1e7: cophenetic index 2551; 1.3 s; peak memory 489 MiB.
2026-10-03T13:02:31Z INFO [367/1874] 3049cbe5-7751-422f-94cf-cbef7127d38b: cophenetic index 624; 1.0 s; peak memory 489 MiB.
2026-10-03T13:02:32Z INFO [368/1874] 3049faf1-c2c5-429b-87e7-7c9deb6a5cc3: cophenetic index 624; 0.9 s; peak memory 489 MiB.
2026-10-03T13:02:33Z INFO [369/1874] 304a6305-7d29-49fc-b7c5-fedd98247c9a: cophenetic index 2570; 1.0 s; peak memory 489 MiB.
2026-10-03T13:02:45Z INFO [370/1874] 304aea29-e6fb-4b59-bc9e-89ab71c1805d: cophenetic index 49686; 11.7 s; peak memory 489 MiB.
2026-10-03T13:02:46Z INFO [371/1874] 304b285e-1cce-47f3-85b3-4beba70a27a0: cophenetic index 624; 0.9 s; peak memory 489 MiB.
2026-10-03T13:02:47Z INFO [372/1874] 304c0cc1-280c-450c-b907-d84b5b315b87: cophenetic index 624; 0.9 s; peak memory 489 MiB.
2026-10-03T13:02:48Z INFO [373/1874] 304c8aae-3c0b-4caf-bc02-46d0607c801a: cophenetic index 99114; 1.5 s; peak memory 489 MiB.
2026-10-03T13:02:53Z INFO [374/1874] 304d37bc-07e6-4c15-b442-a8516cad5345: cophenetic index 77607; 5.0 s; peak memory 489 MiB.
2026-10-03T13:02:54Z INFO [375/1874] 304f2f0f-5cfd-44d3-b2ff-bf9f313e16d1: cophenetic index 99120; 1.4 s; peak memory 489 MiB.
2026-10-03T13:02:55Z INFO [376/1874] 304f3c54-1af3-422c-9250-2f386ac0e34d: cophenetic index 690; 0.7 s; peak memory 489 MiB.
2026-10-03T13:02:59Z INFO [377/1874] 304f8def-f7d2-4e2f-a31d-e6853282b389: cophenetic index 43170; 3.9 s; peak memory 489 MiB.
2026-10-03T13:03:00Z INFO [378/1874] 30510363-ab08-4998-b8f7-6632ae0b9f65: cophenetic index 624; 0.8 s; peak memory 489 MiB.
2026-10-03T13:03:01Z INFO [379/1874] 30512f63-0599-4366-8176-329e31619a56: cophenetic index 3087; 0.9 s; peak memory 489 MiB.
2026-10-03T13:03:02Z INFO [380/1874] 30513c0b-a658-46e5-b835-2b7f4ebfaaeb: cophenetic index 2625; 1.3 s; peak memory 489 MiB.
2026-10-03T13:03:03Z INFO [381/1874] 30513dec-d8b3-4d13-beef-015298b46d37: cophenetic index 3004; 1.1 s; peak memory 489 MiB.
2026-10-03T13:03:04Z INFO [382/1874] 3051738f-7672-45aa-b0f3-247812e9bacb: cophenetic index 431; 0.9 s; peak memory 489 MiB.
2026-10-03T13:03:05Z INFO [383/1874] 30520da9-3aef-49c5-9e5c-15108e3db5ba: cophenetic index 26986; 1.4 s; peak memory 489 MiB.
2026-10-03T13:03:06Z INFO [384/1874] 30523a6c-bd9b-4910-9e2c-cb002207eb47: cophenetic index 624; 0.9 s; peak memory 489 MiB.
2026-10-03T13:03:08Z INFO [385/1874] 3052c5a2-4e11-4d8d-a12c-6df526a9911d: cophenetic index 33968; 1.4 s; peak memory 489 MiB.
2026-10-03T13:03:09Z INFO [386/1874] 3053d189-3c1d-4151-b30e-7effef40ac1c: cophenetic index 33962; 1.5 s; peak memory 489 MiB.
2026-10-03T13:03:10Z INFO [387/1874] 3054c186-0008-4c26-bf65-ac107d4bece8: cophenetic index 1949; 1.0 s; peak memory 489 MiB.
2026-10-03T13:03:11Z INFO [388/1874] 3055af49-3a47-4a2e-b04f-e4bee048d90d: cophenetic index 23510; 1.1 s; peak memory 489 MiB.
2026-10-03T13:03:13Z INFO [389/1874] 3056093d-d371-4364-bb55-7a1fff8d926c: cophenetic index 1049; 1.3 s; peak memory 489 MiB.
2026-10-03T13:03:13Z INFO [390/1874] 305632e4-ca42-4435-bfc5-fa014e69c1d9: cophenetic index 447; 0.8 s; peak memory 489 MiB.
2026-10-03T13:03:15Z INFO [391/1874] 30563e67-0938-4462-b222-077e75fb5ac0: cophenetic index 1114; 1.5 s; peak memory 489 MiB.
2026-10-03T13:03:16Z INFO [392/1874] 305662d2-2152-4210-84e1-56e5aa821615: cophenetic index 2625; 1.0 s; peak memory 489 MiB.
2026-10-03T13:03:17Z INFO [393/1874] 305665f3-de94-4e00-8f65-c03d60690903: cophenetic index 30304; 1.1 s; peak memory 489 MiB.
2026-10-03T13:03:18Z INFO [394/1874] 305685fa-c7fe-49e6-bf91-68c67cab21ff: cophenetic index 937; 1.2 s; peak memory 489 MiB.
2026-10-03T13:03:20Z INFO [395/1874] 30574f93-0cbd-4d9a-84eb-6eca055855ea: cophenetic index 37616; 1.7 s; peak memory 489 MiB.
2026-10-03T13:03:21Z INFO [396/1874] 3057a9c5-9629-4c31-9718-5484afe4cc1a: cophenetic index 590; 0.9 s; peak memory 489 MiB.
2026-10-03T13:03:22Z INFO [397/1874] 3057b791-d6e6-4db1-8801-fce60737a631: cophenetic index 33998; 1.6 s; peak memory 489 MiB.
2026-10-03T13:03:28Z INFO [398/1874] 3057eb88-0190-4aef-9d96-9979fec39774: cophenetic index 6715; 5.8 s; peak memory 489 MiB.
2026-10-03T13:03:30Z INFO [399/1874] 30580c88-96c6-438b-8fa5-4dbe0bffd482: cophenetic index 99138; 1.7 s; peak memory 489 MiB.
2026-10-03T13:03:31Z INFO [400/1874] 3058f8a7-6a62-4ee3-9ff5-24ce0f6fe687: cophenetic index 466; 1.0 s; peak memory 489 MiB.
2026-10-03T13:03:31Z INFO [400/1874] 3058f8a7-6a62-4ee3-9ff5-24ce0f6fe687: checkpointed 70270 records.
2026-10-03T13:03:32Z INFO [401/1874] 30596a2e-2b31-452d-8ffd-5e521b0f6110: cophenetic index 624; 0.9 s; peak memory 489 MiB.
2026-10-03T13:03:33Z INFO [402/1874] 305b2471-82a4-42fe-8c2d-6301c96252e4: cophenetic index 3087; 1.2 s; peak memory 489 MiB.
2026-10-03T13:03:34Z INFO [403/1874] 305b8bfa-1ac9-45be-a95f-af11b5be7f6b: cophenetic index 2625; 1.3 s; peak memory 489 MiB.
2026-10-03T13:03:35Z INFO [404/1874] 305c22f9-7b1a-4331-8e66-6b3e73eb59e0: cophenetic index 2782; 0.8 s; peak memory 489 MiB.
2026-10-03T13:03:36Z INFO [405/1874] 305c8c2b-a31b-4200-827b-acae517d586b: cophenetic index 502; 0.9 s; peak memory 489 MiB.
2026-10-03T13:03:38Z INFO [406/1874] 305cdf66-c7d1-4f7b-8d00-7f3e1a92d4a3: cophenetic index 2625; 1.5 s; peak memory 489 MiB.
2026-10-03T13:03:39Z INFO [407/1874] 305d633c-b6da-49e1-b538-5fafbfd4f893: cophenetic index 23510; 0.9 s; peak memory 489 MiB.
2026-10-03T13:03:40Z INFO [408/1874] 305ddee0-4ec9-4b70-9197-73f7d684d27b: cophenetic index 2923; 1.1 s; peak memory 489 MiB.
2026-10-03T13:03:41Z INFO [409/1874] 305e0e9c-e18b-426a-b312-5d116722482b: cophenetic index 972; 1.5 s; peak memory 489 MiB.
2026-10-03T13:03:43Z INFO [410/1874] 305e692f-fc01-4d5c-881b-5f24b26bcc48: cophenetic index 1751; 1.4 s; peak memory 489 MiB.
2026-10-03T13:03:44Z INFO [411/1874] 305f9c17-c166-45c2-bcc4-e6c1008084ef: cophenetic index 809; 1.9 s; peak memory 489 MiB.
2026-10-03T13:03:45Z INFO [412/1874] 30606448-7ce3-4cc5-a015-5bd18d4a24b2: cophenetic index 401; 0.6 s; peak memory 489 MiB.
2026-10-03T13:03:46Z INFO [413/1874] 30608516-8422-434f-9728-4ed8c1adab72: cophenetic index 605; 1.0 s; peak memory 489 MiB.
2026-10-03T13:03:47Z INFO [414/1874] 30609203-8293-4cdf-95cb-fbc1372d25e5: cophenetic index 490; 0.7 s; peak memory 489 MiB.
2026-10-03T13:03:58Z INFO [415/1874] 3062572b-cc05-4df6-8bbe-9c49225ce92f: cophenetic index 297454; 11.4 s; peak memory 489 MiB.
2026-10-03T13:03:59Z INFO [416/1874] 3062dad1-3377-4084-92aa-d1814b53675e: cophenetic index 605; 1.2 s; peak memory 489 MiB.
2026-10-03T13:04:00Z INFO [417/1874] 3062f091-6fe1-497e-8de1-851c8d7473b9: cophenetic index 3087; 1.2 s; peak memory 489 MiB.
2026-10-03T13:04:05Z INFO [418/1874] 3062f1b3-1dd7-4e24-b10b-7e5b390bd4fc: cophenetic index 9548; 4.7 s; peak memory 489 MiB.
2026-10-03T13:04:07Z INFO [419/1874] 30636b64-534f-40fa-99f8-b0a0375fe3f8: cophenetic index 959; 1.7 s; peak memory 489 MiB.
2026-10-03T13:04:08Z INFO [420/1874] 3063ac74-0bd9-458f-933b-8fa46f86dc3c: cophenetic index 3004; 0.9 s; peak memory 489 MiB.
2026-10-03T13:04:09Z INFO [421/1874] 3063f80f-678b-4da2-81ce-5c980fe62b1a: cophenetic index 2625; 1.5 s; peak memory 489 MiB.
2026-10-03T13:04:10Z INFO [422/1874] 30649013-f661-42b8-91bd-47edf62e4c94: cophenetic index 3087; 1.0 s; peak memory 489 MiB.
2026-10-03T13:04:11Z INFO [423/1874] 3065c013-b3c9-4b70-8a94-9566b66225bf: cophenetic index 624; 0.9 s; peak memory 489 MiB.
2026-10-03T13:04:13Z INFO [424/1874] 3066559f-041c-462a-8f01-202427f78240: cophenetic index 2402; 2.2 s; peak memory 489 MiB.
2026-10-03T13:04:15Z INFO [425/1874] 30666e10-a77d-4a9a-9c4b-7760c95c71ea: cophenetic index 2625; 1.4 s; peak memory 489 MiB.
2026-10-03T13:04:17Z INFO [426/1874] 3066b2f5-11cd-438c-ac09-f10af85abd0a: cophenetic index 7259; 2.5 s; peak memory 489 MiB.
2026-10-03T13:04:19Z INFO [427/1874] 3066e5d2-5c5d-4b6a-ba3a-2e0823b82d33: cophenetic index 2625; 1.3 s; peak memory 489 MiB.
2026-10-03T13:04:32Z INFO [428/1874] 30671319-6da7-4032-a808-9868f61df856: cophenetic index 309091; 13.7 s; peak memory 489 MiB.
2026-10-03T13:04:33Z INFO [429/1874] 306786e7-801f-4ef9-bc1a-8237c501ba2f: cophenetic index 624; 0.9 s; peak memory 489 MiB.
2026-10-03T13:04:34Z INFO [430/1874] 30683c0a-6116-44d8-9507-15c916e89419: cophenetic index 33998; 1.3 s; peak memory 489 MiB.
2026-10-03T13:04:39Z INFO [431/1874] 30689b44-8054-4928-b2d9-8e255b2d3015: cophenetic index 9548; 5.0 s; peak memory 489 MiB.
2026-10-03T13:04:45Z INFO [432/1874] 30697761-b0d7-4e04-95a0-67cf98fcd5ea: cophenetic index 9548; 5.5 s; peak memory 489 MiB.
2026-10-03T13:04:47Z INFO [433/1874] 306a2bd9-0c9e-4fa3-ad6e-5f7d72f216f6: cophenetic index 3484; 2.3 s; peak memory 489 MiB.
2026-10-03T13:04:48Z INFO [434/1874] 306aadb8-2e7a-456f-bf69-dd6db6837dcc: cophenetic index 3004; 1.0 s; peak memory 489 MiB.
2026-10-03T13:04:49Z INFO [435/1874] 306af565-3e6f-48d0-b755-8bca5ca3404a: cophenetic index 494; 0.8 s; peak memory 489 MiB.
2026-10-03T13:04:50Z INFO [436/1874] 306b2d07-67d0-4e21-a15f-c3e24221fa8a: cophenetic index 624; 0.9 s; peak memory 489 MiB.
2026-10-03T13:05:00Z INFO [437/1874] 306bf4d7-e270-40f6-9f07-d67db5a82c4e: cophenetic index 187571; 10.0 s; peak memory 489 MiB.
2026-10-03T13:05:01Z INFO [438/1874] 306c56f9-9bc5-45c1-8ae8-7ec084eed895: cophenetic index 2974; 1.0 s; peak memory 489 MiB.
2026-10-03T13:05:02Z INFO [439/1874] 306d0419-1145-4566-a3bf-da3a5dda5ed4: cophenetic index 539; 0.9 s; peak memory 489 MiB.
2026-10-03T13:05:03Z INFO [440/1874] 306dc447-62ec-4870-9b69-e6e2c6b1dc99: cophenetic index 560; 0.8 s; peak memory 489 MiB.
2026-10-03T13:05:04Z INFO [441/1874] 306ddde6-ab7a-41dd-9ba7-8981afd0c924: cophenetic index 1006; 1.3 s; peak memory 489 MiB.
2026-10-03T13:05:05Z INFO [442/1874] 306ee6c8-e909-4e63-b70d-a155e0480894: cophenetic index 490; 0.7 s; peak memory 489 MiB.
2026-10-03T13:05:06Z INFO [443/1874] 306f9857-5631-4365-94ed-71ed0b697235: cophenetic index 2625; 1.2 s; peak memory 489 MiB.
2026-10-03T13:05:07Z INFO [444/1874] 306fdf25-6894-4004-94be-0918d3265c84: cophenetic index 3004; 1.2 s; peak memory 489 MiB.
2026-10-03T13:05:08Z INFO [445/1874] 3070055a-3f8d-492a-8685-ee43c1e007cc: cophenetic index 624; 0.9 s; peak memory 489 MiB.
2026-10-03T13:05:09Z INFO [446/1874] 30701b36-e7d6-453d-bc4f-7edb8f0b1982: cophenetic index 3004; 1.0 s; peak memory 489 MiB.
2026-10-03T13:05:10Z INFO [447/1874] 3070574b-c8d0-4b17-bdd4-577b0ec9a351: cophenetic index 479; 0.9 s; peak memory 489 MiB.
2026-10-03T13:05:11Z INFO [448/1874] 30707bee-5ef2-4b3f-8a08-3ae3affb4204: cophenetic index 3087; 1.0 s; peak memory 489 MiB.
2026-10-03T13:05:12Z INFO [449/1874] 30711949-12be-4704-9fa9-80f109b9ff68: cophenetic index 624; 0.9 s; peak memory 489 MiB.
2026-10-03T13:05:13Z INFO [450/1874] 307120e1-ba7c-43c9-bfef-a8015c7f86a7: cophenetic index 605; 1.3 s; peak memory 489 MiB.
2026-10-03T13:05:13Z INFO [450/1874] 307120e1-ba7c-43c9-bfef-a8015c7f86a7: checkpointed 70320 records.
2026-10-03T13:05:16Z INFO [451/1874] 307127ca-3279-4091-b337-36076979c33c: cophenetic index 1733; 2.6 s; peak memory 489 MiB.
2026-10-03T13:05:17Z INFO [452/1874] 30716c7c-c05a-4fa9-bde3-2e407f1b1b64: cophenetic index 624; 1.0 s; peak memory 489 MiB.
2026-10-03T13:05:23Z INFO [453/1874] 307230d8-0001-46c4-a4d2-5e0f9ef37129: cophenetic index 14371; 5.9 s; peak memory 489 MiB.
2026-10-03T13:05:25Z INFO [454/1874] 307283ea-a446-40a0-89ac-f832fe37debf: cophenetic index 2402; 2.6 s; peak memory 489 MiB.
2026-10-03T13:05:28Z INFO [455/1874] 3074c3a1-304a-456e-b63b-cd7b300f6669: cophenetic index 13983; 2.8 s; peak memory 489 MiB.
2026-10-03T13:05:29Z INFO [456/1874] 3074dab7-0662-46a7-856b-1d84221615d8: cophenetic index 624; 1.0 s; peak memory 489 MiB.
2026-10-03T13:05:30Z INFO [457/1874] 3076e7d3-d659-4771-b55f-7ffab00e12b1: cophenetic index 624; 1.0 s; peak memory 489 MiB.
2026-10-03T13:05:32Z INFO [458/1874] 3077dd62-3360-472b-8871-28d9c8cd7e3f: cophenetic index 2524; 2.2 s; peak memory 489 MiB.
2026-10-03T13:05:33Z INFO [459/1874] 3078e445-4e90-4309-8dcc-4ad861b3e6f3: cophenetic index 624; 0.9 s; peak memory 489 MiB.
2026-10-03T13:05:34Z INFO [460/1874] 307981fe-e75d-4f76-b815-ac44f6aa8d89: cophenetic index 624; 0.9 s; peak memory 489 MiB.
2026-10-03T13:05:35Z INFO [461/1874] 3079b27c-1dc4-4b74-b822-9500eceb1868: cophenetic index 1025; 1.1 s; peak memory 489 MiB.
2026-10-03T13:05:36Z INFO [462/1874] 3079d75a-69dc-4bd2-a274-485a9cc88535: cophenetic index 539; 1.0 s; peak memory 489 MiB.
2026-10-03T13:05:37Z INFO [463/1874] 307a0a90-874a-48c1-b6bf-5b83c2b5fc5a: cophenetic index 581; 1.2 s; peak memory 489 MiB.
2026-10-03T13:05:38Z INFO [464/1874] 307b192c-74b7-4f84-9bff-03481b09d6d8: cophenetic index 624; 0.9 s; peak memory 489 MiB.
2026-10-03T13:05:40Z INFO [465/1874] 307c6cb1-bc66-4e3e-8cfd-5f22946608e8: cophenetic index 3087; 2.0 s; peak memory 489 MiB.
2026-10-03T13:05:41Z INFO [466/1874] 307c7eeb-61d0-46ac-86b1-e7fb7c14cd86: cophenetic index 651; 0.8 s; peak memory 489 MiB.
2026-10-03T13:05:42Z INFO [467/1874] 307c9884-9977-4b24-b433-2cfed73a1fcf: cophenetic index 649; 0.9 s; peak memory 489 MiB.
2026-10-03T13:05:43Z INFO [468/1874] 307ccf35-bd08-4459-8760-33194f0f42b6: cophenetic index 624; 1.0 s; peak memory 489 MiB.
2026-10-03T13:05:44Z INFO [469/1874] 307d58c8-04ad-463c-9357-9a46752cf3bf: cophenetic index 739; 0.8 s; peak memory 489 MiB.
2026-10-03T13:05:45Z INFO [470/1874] 307e0a0d-923d-4a22-a124-9e36e1e934fa: cophenetic index 624; 1.2 s; peak memory 489 MiB.
2026-10-03T13:05:46Z INFO [471/1874] 307e1237-529d-4c06-929d-73317122106e: cophenetic index 1380; 1.4 s; peak memory 489 MiB.
2026-10-03T13:05:47Z INFO [472/1874] 307e14a6-706c-419c-8848-36c906876ce5: cophenetic index 624; 0.9 s; peak memory 489 MiB.
2026-10-03T13:05:51Z INFO [473/1874] 307efb72-b862-4188-9027-2f463da6c666: cophenetic index 31145; 4.0 s; peak memory 489 MiB.
2026-10-03T13:05:53Z INFO [474/1874] 307f062d-5c32-4be7-82e2-f6aacd131a8c: cophenetic index 809; 1.9 s; peak memory 489 MiB.
2026-10-03T13:05:54Z INFO [475/1874] 307f1307-8e43-4907-9c0d-151d4029ce06: cophenetic index 597; 1.0 s; peak memory 489 MiB.
2026-10-03T13:05:55Z INFO [476/1874] 3080e311-1e83-4aab-8207-a03c2c1b969c: cophenetic index 3004; 1.2 s; peak memory 489 MiB.
2026-10-03T13:05:56Z INFO [477/1874] 308102e0-260c-4e97-8806-08db37fd8b0a: cophenetic index 1993; 1.1 s; peak memory 489 MiB.
2026-10-03T13:05:58Z INFO [478/1874] 30824136-2a9c-4bc9-a2a5-54168a37855d: cophenetic index 1087; 1.5 s; peak memory 489 MiB.
2026-10-03T13:05:59Z INFO [479/1874] 30829fe7-ed9d-44a5-ac70-4666b1dbff92: cophenetic index 788; 1.3 s; peak memory 489 MiB.
2026-10-03T13:06:00Z INFO [480/1874] 3083197b-8188-4a8e-a85a-ed434df5e6e5: cophenetic index 3087; 1.1 s; peak memory 489 MiB.
2026-10-03T13:06:01Z INFO [481/1874] 3083312d-a44c-4fb2-8f74-684174bcf6f1: cophenetic index 651; 0.7 s; peak memory 489 MiB.
2026-10-03T13:06:03Z INFO [482/1874] 308397a8-0e81-4646-8baf-0edcb62e9188: cophenetic index 2701; 1.4 s; peak memory 489 MiB.
2026-10-03T13:06:04Z INFO [483/1874] 3083f795-d65b-4d3a-8f8d-6e906fa0ce4b: cophenetic index 3004; 1.4 s; peak memory 489 MiB.
2026-10-03T13:06:05Z INFO [484/1874] 3085963b-2858-4595-922b-7eab4bb982a8: cophenetic index 624; 0.8 s; peak memory 489 MiB.
2026-10-03T13:06:06Z INFO [485/1874] 308668ac-44a1-4763-8494-26f09e186bb0: cophenetic index 2570; 1.5 s; peak memory 489 MiB.
2026-10-03T13:06:07Z INFO [486/1874] 30868161-2843-445b-9d55-be81a7810b33: cophenetic index 490; 0.6 s; peak memory 489 MiB.
2026-10-03T13:06:08Z INFO [487/1874] 3086a0f7-0368-4aa5-9cfe-fd93e9af9997: cophenetic index 624; 1.0 s; peak memory 489 MiB.
2026-10-03T13:06:10Z INFO [488/1874] 3086ca67-10b7-461c-9071-6002488ba8c7: cophenetic index 2609; 1.9 s; peak memory 489 MiB.
2026-10-03T13:06:11Z INFO [489/1874] 30879d6d-5999-4ace-8426-1e61c200d2b7: cophenetic index 624; 1.0 s; peak memory 489 MiB.
2026-10-03T13:06:12Z INFO [490/1874] 30880ded-5aa6-409e-becd-f59bd060694d: cophenetic index 2625; 1.4 s; peak memory 489 MiB.
2026-10-03T13:06:16Z INFO [491/1874] 3088193b-6299-4237-a710-22f7ef780bf5: cophenetic index 28278; 4.1 s; peak memory 489 MiB.
2026-10-03T13:06:19Z INFO [492/1874] 30886ad4-0369-493d-b273-12a022edd8fb: cophenetic index 99150; 2.3 s; peak memory 489 MiB.
2026-10-03T13:06:19Z INFO [493/1874] 3088b5f1-afa6-42c5-bb0c-fbee1fdb7f6e: cophenetic index 490; 0.7 s; peak memory 489 MiB.
2026-10-03T13:06:20Z INFO [494/1874] 3088d5da-a611-4425-8132-16a9a19390f0: cophenetic index 624; 0.9 s; peak memory 489 MiB.
2026-10-03T13:06:21Z INFO [495/1874] 3088def3-39fb-4b1e-a2b4-60636578d494: cophenetic index 766; 1.1 s; peak memory 489 MiB.
2026-10-03T13:06:22Z INFO [496/1874] 3088e8f5-cbc6-4ec5-b8a5-db699643742c: cophenetic index 624; 1.0 s; peak memory 489 MiB.
2026-10-03T13:06:23Z INFO [497/1874] 3088ff06-5b4b-434b-b0d6-c7249eabc9d5: cophenetic index 469; 0.7 s; peak memory 489 MiB.
2026-10-03T13:06:24Z INFO [498/1874] 30890f7d-d3ad-43fb-977e-f415877f8d3f: cophenetic index 2625; 1.3 s; peak memory 489 MiB.
2026-10-03T13:06:25Z INFO [499/1874] 30893f61-941b-47b7-980d-5f6f1f972ab4: cophenetic index 624; 1.0 s; peak memory 489 MiB.
2026-10-03T13:06:26Z INFO [500/1874] 3089d16e-2432-4049-981e-7bc0abb0eda4: cophenetic index 649; 0.9 s; peak memory 489 MiB.
2026-10-03T13:06:26Z INFO [500/1874] 3089d16e-2432-4049-981e-7bc0abb0eda4: checkpointed 70370 records.
2026-10-03T13:06:27Z INFO [501/1874] 308a964d-a8ce-4415-91ff-dbb0cacc7ac9: cophenetic index 624; 0.9 s; peak memory 489 MiB.
2026-10-03T13:06:30Z INFO [502/1874] 308aa2dc-a1bc-41ae-b59b-ec0c01f76425: cophenetic index 1255; 2.6 s; peak memory 489 MiB.
2026-10-03T13:06:31Z INFO [503/1874] 308bbae9-7bef-43f5-ab11-44df121a060d: cophenetic index 3004; 1.1 s; peak memory 489 MiB.
2026-10-03T13:06:33Z INFO [504/1874] 308cb999-aa5a-43d5-9e7a-b92090d983b7: cophenetic index 809; 2.1 s; peak memory 489 MiB.
2026-10-03T13:06:38Z INFO [505/1874] 308d36a3-f834-4f11-bbc6-7388fa6aa493: cophenetic index 53417; 4.5 s; peak memory 489 MiB.
2026-10-03T13:06:45Z INFO [506/1874] 308d9fb6-2de2-4e28-9247-6b6ddde4475c: cophenetic index 78338; 7.1 s; peak memory 489 MiB.
2026-10-03T13:06:56Z INFO [507/1874] 308dfbd5-9fb4-4cda-bc6e-bfacb52bfe64: cophenetic index 1148564; 11.6 s; peak memory 489 MiB.
2026-10-03T13:07:01Z INFO [508/1874] 308e2de4-5fc5-4f60-bfd1-6b2eeea1332a: cophenetic index 9298; 4.8 s; peak memory 489 MiB.
2026-10-03T13:07:08Z INFO [509/1874] 308e334f-d83c-4a1c-a069-3aff760e0447: cophenetic index 174151; 6.9 s; peak memory 489 MiB.
2026-10-03T13:07:11Z INFO [510/1874] 308e7f32-dff0-4b1c-889e-4391dd69c783: cophenetic index 2236; 3.5 s; peak memory 489 MiB.
2026-10-03T13:07:13Z INFO [511/1874] 308ea4a8-876d-4602-a354-c3e1fb1f6981: cophenetic index 3004; 1.2 s; peak memory 489 MiB.
2026-10-03T13:07:14Z INFO [512/1874] 308eee38-f306-48a0-82ac-a1a83e48fe37: cophenetic index 33998; 1.4 s; peak memory 489 MiB.
2026-10-03T13:07:23Z INFO [513/1874] 308f5e16-987a-41ee-9ff3-0bdb3b6e8523: cophenetic index 20749; 9.4 s; peak memory 489 MiB.
2026-10-03T13:07:24Z INFO [514/1874] 308f788f-b014-4f88-a8bb-ea465039d7d9: cophenetic index 624; 1.0 s; peak memory 489 MiB.
2026-10-03T13:07:26Z INFO [515/1874] 309027a3-87d2-42c0-9841-8b06598677c9: cophenetic index 620; 1.6 s; peak memory 489 MiB.
2026-10-03T13:07:27Z INFO [516/1874] 30907b44-f638-4a49-90d7-3c563758f2ea: cophenetic index 33998; 1.3 s; peak memory 489 MiB.
2026-10-03T13:07:28Z INFO [517/1874] 3090aa6b-f808-4907-81e0-a2dd286bdc54: cophenetic index 1006; 1.1 s; peak memory 489 MiB.
2026-10-03T13:07:30Z INFO [518/1874] 3093511d-29d9-483c-b60b-d715dbf6e8b9: cophenetic index 972; 1.3 s; peak memory 489 MiB.
2026-10-03T13:07:32Z INFO [519/1874] 30935d07-1988-4736-b9d7-1acdfd08e84c: cophenetic index 6636; 2.3 s; peak memory 489 MiB.
2026-10-03T13:07:33Z INFO [520/1874] 30940837-f095-498f-aa03-4eab8081606b: cophenetic index 624; 1.1 s; peak memory 489 MiB.
2026-10-03T13:07:34Z INFO [521/1874] 30969ad6-aa5a-403e-bd94-a6a711451cc4: cophenetic index 3087; 1.2 s; peak memory 489 MiB.
2026-10-03T13:07:35Z INFO [522/1874] 3096c05f-ba9d-416d-8598-d0a274e8a864: cophenetic index 431; 0.8 s; peak memory 489 MiB.
2026-10-03T13:07:36Z INFO [523/1874] 3096eb8b-ce71-44db-a7af-fcad51273109: cophenetic index 563; 1.4 s; peak memory 489 MiB.
2026-10-03T13:07:42Z INFO [524/1874] 3096fcfc-578d-43d9-ac5f-c5b052f04f54: cophenetic index 62706; 5.4 s; peak memory 489 MiB.
2026-10-03T13:07:43Z INFO [525/1874] 3097f2e8-af10-4250-9e71-886709795066: cophenetic index 624; 0.9 s; peak memory 489 MiB.
2026-10-03T13:07:44Z INFO [526/1874] 30984d74-0dd3-4879-9633-362c0dcaee94: cophenetic index 33968; 1.4 s; peak memory 489 MiB.
2026-10-03T13:07:46Z INFO [527/1874] 309857c1-c3bf-476d-9233-791c590d2149: cophenetic index 793; 1.5 s; peak memory 489 MiB.
2026-10-03T13:07:47Z INFO [528/1874] 30985a2c-01e2-4c8d-85a6-151390693b03: cophenetic index 1751; 1.2 s; peak memory 489 MiB.
2026-10-03T13:07:48Z INFO [529/1874] 3098f674-b27c-4f22-99d8-269beaa8378c: cophenetic index 581; 0.9 s; peak memory 489 MiB.
2026-10-03T13:07:49Z INFO [530/1874] 30992a3a-9b3e-4b8a-a1ce-385d697328b6: cophenetic index 466; 0.8 s; peak memory 489 MiB.
2026-10-03T13:07:50Z INFO [531/1874] 30993f70-a753-45d3-bae2-9ef3c285e0c2: cophenetic index 624; 0.9 s; peak memory 489 MiB.
2026-10-03T13:07:51Z INFO [532/1874] 30994a1a-6d5f-4cf8-a240-a36a70d46ccd: cophenetic index 725; 1.0 s; peak memory 489 MiB.
2026-10-03T13:07:51Z INFO [533/1874] 309a3746-e7c2-464f-90bf-feff1e107ba3: cophenetic index 624; 0.9 s; peak memory 489 MiB.
2026-10-03T13:07:52Z INFO [534/1874] 309a8ceb-be94-47d5-b505-0d901723885e: cophenetic index 3087; 1.0 s; peak memory 489 MiB.
2026-10-03T13:07:53Z INFO [535/1874] 309ada3d-705f-4675-8a19-6247a8dc0c1c: cophenetic index 624; 1.0 s; peak memory 489 MiB.
2026-10-03T13:07:55Z INFO [536/1874] 309ce804-3cdf-43f4-a37a-a017203ab70b: cophenetic index 2724; 1.3 s; peak memory 489 MiB.
2026-10-03T13:07:56Z INFO [537/1874] 309da27b-fd76-4cdd-b144-9d1358aa4801: cophenetic index 2625; 1.3 s; peak memory 489 MiB.
2026-10-03T13:07:59Z INFO [538/1874] 309dcb2f-4b2e-4e4f-b281-83602aef211a: cophenetic index 2469; 2.7 s; peak memory 489 MiB.
2026-10-03T13:07:59Z INFO [539/1874] 309e3883-ad3f-4481-988d-caf7b85e2f07: cophenetic index 755; 0.6 s; peak memory 489 MiB.
2026-10-03T13:08:02Z INFO [540/1874] 30a0203a-7689-4531-8929-e81b97d6c1c3: cophenetic index 3419; 3.0 s; peak memory 489 MiB.
2026-10-03T13:08:03Z INFO [541/1874] 30a022df-bfa7-483a-9cd2-b9ea836184dd: cophenetic index 431; 0.9 s; peak memory 489 MiB.
2026-10-03T13:08:04Z INFO [542/1874] 30a0bf39-a41a-47fc-a46b-2dae2e7f9bc8: cophenetic index 624; 1.1 s; peak memory 489 MiB.
2026-10-03T13:08:06Z INFO [543/1874] 30a10880-91fd-48ae-a6b3-ec1b3e9b5bbb: cophenetic index 2625; 1.4 s; peak memory 489 MiB.
2026-10-03T13:08:06Z INFO [544/1874] 30a13a16-e08a-40f1-85cd-5482427cd34f: cophenetic index 797; 0.7 s; peak memory 489 MiB.
2026-10-03T13:08:07Z INFO [545/1874] 30a217a1-f4ff-4497-b3c7-d68cbde6f161: cophenetic index 2053; 1.0 s; peak memory 489 MiB.
2026-10-03T13:08:18Z INFO [546/1874] 30a22a83-065b-4e2e-9148-da2d3e1ed906: cophenetic index 283191; 10.6 s; peak memory 489 MiB.
2026-10-03T13:08:20Z INFO [547/1874] 30a30ed8-fe64-4a44-bf33-54adbafc5f72: cophenetic index 33968; 1.6 s; peak memory 489 MiB.
2026-10-03T13:08:20Z INFO [548/1874] 30a3654c-b904-47ff-8e86-7bf1e874d788: cophenetic index 579; 0.7 s; peak memory 489 MiB.
2026-10-03T13:08:22Z INFO [549/1874] 30a44e97-ef38-4cc5-85bf-b3a49169986e: cophenetic index 1408; 1.4 s; peak memory 489 MiB.
2026-10-03T13:08:23Z INFO [550/1874] 30a4d686-5e5b-48c2-a863-8196d0ddf3ea: cophenetic index 3057; 1.2 s; peak memory 489 MiB.
2026-10-03T13:08:23Z INFO [550/1874] 30a4d686-5e5b-48c2-a863-8196d0ddf3ea: checkpointed 70420 records.
2026-10-03T13:08:31Z INFO [551/1874] 30a5279e-2206-4235-8bcd-b2444ed4c4f1: cophenetic index 33362; 8.4 s; peak memory 489 MiB.
2026-10-03T13:08:32Z INFO [552/1874] 30a52817-d99a-4bbb-9653-f31674b83aeb: cophenetic index 624; 0.9 s; peak memory 489 MiB.
2026-10-03T13:08:33Z INFO [553/1874] 30a59ce7-4edb-4e79-84c2-ce662aaa1960: cophenetic index 605; 1.0 s; peak memory 489 MiB.
2026-10-03T13:08:34Z INFO [554/1874] 30a60709-1ca3-487b-abbb-8b0be4bd80b8: cophenetic index 3004; 1.0 s; peak memory 489 MiB.
2026-10-03T13:08:35Z INFO [555/1874] 30a6d023-2337-4565-b1a2-28bf27cb6434: cophenetic index 735; 0.7 s; peak memory 489 MiB.
2026-10-03T13:08:39Z INFO [556/1874] 30a75664-717f-4749-bd00-cb686540c315: cophenetic index 9548; 4.1 s; peak memory 489 MiB.
2026-10-03T13:08:40Z INFO [557/1874] 30a75ce7-f4ce-4007-893f-fb10d342bc59: cophenetic index 581; 0.8 s; peak memory 489 MiB.
2026-10-03T13:08:42Z INFO [558/1874] 30a7ada3-55e8-4e56-9d16-de23d5f0ab37: cophenetic index 33986; 1.7 s; peak memory 489 MiB.
2026-10-03T13:08:43Z INFO [559/1874] 30a7fd76-71d9-442c-9ee9-36258efe16b9: cophenetic index 624; 1.0 s; peak memory 489 MiB.
2026-10-03T13:08:44Z INFO [560/1874] 30a80a3b-1204-4004-a70b-eec23ac28092: cophenetic index 1087; 1.3 s; peak memory 489 MiB.
2026-10-03T13:08:46Z INFO [561/1874] 30a8d023-8fc6-4882-be36-9d07fe5ea8c7: cophenetic index 33998; 1.6 s; peak memory 489 MiB.
2026-10-03T13:08:46Z INFO [562/1874] 30a8ea31-08b1-4346-8864-d505eaa8eec4: cophenetic index 431; 0.9 s; peak memory 489 MiB.
2026-10-03T13:08:48Z INFO [563/1874] 30aa81f5-bee3-4728-9a6c-ea58b298559c: cophenetic index 33998; 1.6 s; peak memory 489 MiB.
2026-10-03T13:08:49Z INFO [564/1874] 30ab109a-90e1-4152-b61a-d753b1dc535d: cophenetic index 490; 0.6 s; peak memory 489 MiB.
2026-10-03T13:08:51Z INFO [565/1874] 30ab37ff-9a3d-4df8-9747-6017a56386a6: cophenetic index 2609; 2.4 s; peak memory 489 MiB.
2026-10-03T13:08:52Z INFO [566/1874] 30abc27d-7f41-4564-ac92-4baf901a9b1a: cophenetic index 739; 0.7 s; peak memory 489 MiB.
2026-10-03T13:08:53Z INFO [567/1874] 30abc41e-ec92-428e-b3b5-153a28f451c0: cophenetic index 624; 0.8 s; peak memory 489 MiB.
2026-10-03T13:08:54Z INFO [568/1874] 30ac1366-f952-4c4e-87f0-94942d3934f6: cophenetic index 2625; 1.2 s; peak memory 489 MiB.
2026-10-03T13:08:55Z INFO [569/1874] 30acbe0c-c367-4338-910d-a056519268c4: cophenetic index 33986; 1.2 s; peak memory 489 MiB.
2026-10-03T13:09:04Z INFO [570/1874] 30acf26b-e3e9-444e-8808-357466ac2d8d: cophenetic index 278060; 9.0 s; peak memory 489 MiB.
2026-10-03T13:09:05Z INFO [571/1874] 30ad524d-04b2-49ab-944c-25c428c6daa2: cophenetic index 3004; 1.0 s; peak memory 489 MiB.
2026-10-03T13:09:06Z INFO [572/1874] 30ad52fe-2f1f-45a3-a3a7-8dd3f1b40fdf: cophenetic index 690; 0.8 s; peak memory 489 MiB.
2026-10-03T13:09:07Z INFO [573/1874] 30adcb8c-bed3-4386-b71c-e3ffe580beb0: cophenetic index 624; 0.9 s; peak memory 489 MiB.
2026-10-03T13:09:15Z INFO [574/1874] 30aef2f3-13a0-4ac0-a901-c342bd7475d7: cophenetic index 278407; 8.0 s; peak memory 489 MiB.
2026-10-03T13:09:16Z INFO [575/1874] 30b07ac0-2d0a-41be-ad7e-68312f503b80: cophenetic index 624; 1.2 s; peak memory 489 MiB.
2026-10-03T13:09:22Z INFO [576/1874] 30b0da25-030b-40f6-a53c-09b73cbc695f: cophenetic index 205393; 6.1 s; peak memory 489 MiB.
2026-10-03T13:09:23Z INFO [577/1874] 30b0e635-7ed5-4fb3-b9b5-8fc5ef024628: cophenetic index 3004; 1.3 s; peak memory 489 MiB.
2026-10-03T13:09:26Z INFO [578/1874] 30b150b4-c638-484c-8f7d-a1a5bdc9ec7b: cophenetic index 18614; 3.0 s; peak memory 489 MiB.
2026-10-03T13:09:28Z INFO [579/1874] 30b15556-d956-4c10-8b1a-92386f3f7b50: cophenetic index 33968; 1.4 s; peak memory 489 MiB.
2026-10-03T13:09:30Z INFO [580/1874] 30b1ca09-99fe-4014-a494-70bc48612823: cophenetic index 901; 1.9 s; peak memory 489 MiB.
2026-10-03T13:09:47Z INFO [581/1874] 30b27a0b-15d3-4fdc-beeb-9c9c5e9a1c96: cophenetic index 42708; 17.3 s; peak memory 489 MiB.
2026-10-03T13:09:49Z INFO [582/1874] 30b3ba64-7012-45ce-8c88-10238aa041ef: cophenetic index 2609; 2.0 s; peak memory 489 MiB.
2026-10-03T13:09:50Z INFO [583/1874] 30b4173d-42db-4f0d-9143-819bb2a03709: cophenetic index 431; 1.1 s; peak memory 489 MiB.
2026-10-03T13:10:27Z INFO [584/1874] 30b4a55e-b609-486a-af92-1931531f9086: cophenetic index 131211683; 36.6 s; peak memory 489 MiB.
2026-10-03T13:10:28Z INFO [585/1874] 30b52cb3-36d8-41a6-839f-92e59c3cec21: cophenetic index 2625; 1.3 s; peak memory 489 MiB.
2026-10-03T13:10:29Z INFO [586/1874] 30b59d66-b561-4ef0-8a85-b270d6b63ee5: cophenetic index 2625; 1.5 s; peak memory 489 MiB.
2026-10-03T13:10:31Z INFO [587/1874] 30b5b3a1-b366-4f7f-95eb-972cd23d1b2a: cophenetic index 33986; 1.2 s; peak memory 489 MiB.
2026-10-03T13:10:37Z INFO [588/1874] 30b5c7da-5146-49b2-9fb5-d9bfa08a21de: cophenetic index 87573; 5.9 s; peak memory 489 MiB.
2026-10-03T13:10:38Z INFO [589/1874] 30b6da1b-5631-4d65-8632-ae3491fa74cd: cophenetic index 3004; 1.0 s; peak memory 489 MiB.
2026-10-03T13:10:38Z INFO [590/1874] 30b847d6-5332-431c-a49d-2e123a790c2d: cophenetic index 490; 0.6 s; peak memory 489 MiB.
2026-10-03T13:10:39Z INFO [591/1874] 30bb0724-559c-4caf-a339-68a928434094: cophenetic index 2625; 1.0 s; peak memory 489 MiB.
2026-10-03T13:10:42Z INFO [592/1874] 30bba676-0406-423b-a137-72c3b147060e: cophenetic index 1721; 2.5 s; peak memory 489 MiB.
2026-10-03T13:10:43Z INFO [593/1874] 30bbffed-8272-41b8-b5b4-b86a03fda7a1: cophenetic index 2625; 1.1 s; peak memory 489 MiB.
2026-10-03T13:10:44Z INFO [594/1874] 30bc03c2-dd30-47cf-8c15-b484c290b112: cophenetic index 1496; 1.8 s; peak memory 489 MiB.
2026-10-03T13:10:45Z INFO [595/1874] 30bc1bae-2727-4a2e-a659-67877fe63e01: cophenetic index 2974; 0.9 s; peak memory 489 MiB.
2026-10-03T13:10:46Z INFO [596/1874] 30bc5834-1187-41cd-93fb-af6f3f8c914f: cophenetic index 729; 0.6 s; peak memory 489 MiB.
2026-10-03T13:10:47Z INFO [597/1874] 30bd2700-8405-4572-8688-00923c69cff1: cophenetic index 2974; 1.0 s; peak memory 489 MiB.
2026-10-03T13:10:49Z INFO [598/1874] 30bd3bd1-6492-40d0-bd86-ee7834b14995: cophenetic index 33998; 1.8 s; peak memory 489 MiB.
2026-10-03T13:10:59Z INFO [599/1874] 30bd603c-8431-44e3-a81f-e470d1c6b19c: cophenetic index 419605; 9.8 s; peak memory 489 MiB.
2026-10-03T13:11:00Z INFO [600/1874] 30bdec26-8c22-40af-894d-a00b0c8d9002: cophenetic index 3087; 1.0 s; peak memory 489 MiB.
2026-10-03T13:11:00Z INFO [600/1874] 30bdec26-8c22-40af-894d-a00b0c8d9002: checkpointed 70470 records.
2026-10-03T13:11:01Z INFO [601/1874] 30bdfa4c-d0e8-4324-9c79-caa8406ed84e: cophenetic index 777; 1.6 s; peak memory 489 MiB.
2026-10-03T13:11:08Z INFO [602/1874] 30be195a-143b-4485-9ba1-f3f2cf73573d: cophenetic index 158173; 6.4 s; peak memory 489 MiB.
2026-10-03T13:11:18Z INFO [603/1874] 30be5dca-19fc-420a-8ae1-d1c974e831d4: cophenetic index 24071; 10.7 s; peak memory 489 MiB.
2026-10-03T13:11:46Z INFO [604/1874] 30be67d0-7975-494a-bc64-977731a71b8f: cophenetic index 28022458; 27.4 s; peak memory 489 MiB.
2026-10-03T13:11:47Z INFO [605/1874] 30bea3de-56dd-4aed-85f0-5fd9b7382e05: cophenetic index 624; 0.9 s; peak memory 489 MiB.
2026-10-03T13:11:48Z INFO [606/1874] 30bed16d-5154-4bf9-95a3-74acc4637e8a: cophenetic index 624; 1.1 s; peak memory 489 MiB.
2026-10-03T13:11:49Z INFO [607/1874] 30befdf7-4004-40c8-b1b9-72b238308aad: cophenetic index 3087; 1.1 s; peak memory 489 MiB.
2026-10-03T13:11:50Z INFO [608/1874] 30bf0f42-e689-4b0a-bd22-5c71759e43a3: cophenetic index 517; 0.8 s; peak memory 489 MiB.
2026-10-03T13:11:51Z INFO [609/1874] 30c053a1-7f0d-4e1c-a394-a4895b1799c4: cophenetic index 624; 0.8 s; peak memory 489 MiB.
2026-10-03T13:11:52Z INFO [610/1874] 30c1d6b9-a31b-4fe6-a315-cfbb6bd70f16: cophenetic index 605; 1.3 s; peak memory 489 MiB.
2026-10-03T13:11:53Z INFO [611/1874] 30c1eb72-317c-4654-a706-797f2f5ade3e: cophenetic index 624; 0.8 s; peak memory 489 MiB.
2026-10-03T13:11:53Z INFO [612/1874] 30c2c64d-cd5b-4a31-a61c-919593ce1ded: cophenetic index 164; 0.6 s; peak memory 489 MiB.
2026-10-03T13:11:54Z INFO [613/1874] 30c2ffe7-ce0c-4e81-94ba-baf337800cd3: cophenetic index 624; 0.9 s; peak memory 489 MiB.
2026-10-03T13:11:55Z INFO [614/1874] 30c4229f-a2c1-4b21-9be7-8007925d6ad3: cophenetic index 490; 0.6 s; peak memory 489 MiB.
2026-10-03T13:11:56Z INFO [615/1874] 30c47e52-a774-40d5-89da-b86b301abd64: cophenetic index 624; 1.0 s; peak memory 489 MiB.
2026-10-03T13:11:57Z INFO [616/1874] 30c4868d-439b-4c3d-bd3a-f3af464704ac: cophenetic index 624; 0.9 s; peak memory 489 MiB.
2026-10-03T13:11:58Z INFO [617/1874] 30c6ce6a-deeb-4779-8b5a-3ac0a76700c2: cophenetic index 624; 1.0 s; peak memory 489 MiB.
2026-10-03T13:11:58Z INFO [618/1874] 30c749e1-11bd-4f14-8161-e4734f8f8e59: cophenetic index 490; 0.7 s; peak memory 489 MiB.
2026-10-03T13:11:59Z INFO [619/1874] 30c7d7e0-d1a7-4209-a202-0d07e215621b: cophenetic index 3087; 1.0 s; peak memory 489 MiB.
2026-10-03T13:12:00Z INFO [620/1874] 30c8467d-faca-44bd-99fd-436a845a0f38: cophenetic index 624; 1.0 s; peak memory 489 MiB.
2026-10-03T13:12:02Z INFO [621/1874] 30c89ec8-80ff-41a2-ae49-e332c4e47d9e: cophenetic index 2625; 1.4 s; peak memory 489 MiB.
2026-10-03T13:12:03Z INFO [622/1874] 30c99789-33aa-4d8a-9022-59b89704b8f5: cophenetic index 613; 1.5 s; peak memory 489 MiB.
2026-10-03T13:12:04Z INFO [623/1874] 30c9fec4-4dc9-4dc9-8087-45a7cf5c48e0: cophenetic index 624; 0.9 s; peak memory 489 MiB.
2026-10-03T13:12:06Z INFO [624/1874] 30ca8630-c73e-4a13-95d4-a869b834e77d: cophenetic index 1380; 1.5 s; peak memory 489 MiB.
2026-10-03T13:12:07Z INFO [625/1874] 30ca987b-7400-4a4e-8283-b9de0dc41ba6: cophenetic index 2625; 1.3 s; peak memory 489 MiB.
2026-10-03T13:12:11Z INFO [626/1874] 30cbc6bd-38fc-4320-a902-6a29ad0790a5: cophenetic index 42257; 4.1 s; peak memory 489 MiB.
2026-10-03T13:12:13Z INFO [627/1874] 30cbfbfb-7cec-4676-94ae-1510e3440fdf: cophenetic index 2469; 2.3 s; peak memory 489 MiB.
2026-10-03T13:12:14Z INFO [628/1874] 30cc040a-e764-4f38-8ed0-d74652d86d44: cophenetic index 2625; 1.1 s; peak memory 489 MiB.
2026-10-03T13:12:15Z INFO [629/1874] 30cc1ff6-c879-44bb-8d63-2fa1659b717d: cophenetic index 624; 0.9 s; peak memory 489 MiB.
2026-10-03T13:12:17Z INFO [630/1874] 30cc3ac2-fa14-4e09-a615-0ba888ffe76b: cophenetic index 937; 1.4 s; peak memory 489 MiB.
2026-10-03T13:12:18Z INFO [631/1874] 30cc7167-04a2-4f2e-854a-3eed6f4db2d5: cophenetic index 33998; 1.3 s; peak memory 489 MiB.
2026-10-03T13:12:19Z INFO [632/1874] 30cd4988-d6bd-4af9-b499-e8d971e39240: cophenetic index 581; 0.8 s; peak memory 489 MiB.
2026-10-03T13:12:22Z INFO [633/1874] 30ce23f1-12b9-41d0-98e1-cc210c93456f: cophenetic index 2236; 3.1 s; peak memory 489 MiB.
2026-10-03T13:12:23Z INFO [634/1874] 30ce3b47-c8e5-4e42-be69-2e041fae8096: cophenetic index 627; 0.8 s; peak memory 489 MiB.
2026-10-03T13:12:24Z INFO [635/1874] 30ce9b5c-3589-44b2-81b2-a26a23513fb3: cophenetic index 2625; 1.2 s; peak memory 489 MiB.
2026-10-03T13:12:25Z INFO [636/1874] 30ced3b7-864d-422f-a502-a3b06b818b28: cophenetic index 401; 0.7 s; peak memory 489 MiB.
2026-10-03T13:12:31Z INFO [637/1874] 30cf78cf-df77-4a16-bf35-7d9036e89b03: cophenetic index 3423; 6.7 s; peak memory 489 MiB.
2026-10-03T13:12:33Z INFO [638/1874] 30d02aea-eac3-41db-aba4-89c19dbdf604: cophenetic index 33986; 1.4 s; peak memory 489 MiB.
2026-10-03T13:12:35Z INFO [639/1874] 30d03a5a-b34c-4060-87ce-76a4f3db2552: cophenetic index 2391; 2.2 s; peak memory 489 MiB.
2026-10-03T13:12:36Z INFO [640/1874] 30d18d2d-b769-432f-bf8c-06812789cdd7: cophenetic index 627; 0.7 s; peak memory 489 MiB.
2026-10-03T13:12:37Z INFO [641/1874] 30d1eb15-27e9-4ba3-a294-ff2e4be6b342: cophenetic index 1614; 1.3 s; peak memory 489 MiB.
2026-10-03T13:12:40Z INFO [642/1874] 30d23559-297c-484d-bfaf-811637eb9794: cophenetic index 2236; 2.9 s; peak memory 489 MiB.
2026-10-03T13:12:41Z INFO [643/1874] 30d2839e-0e3e-4c4e-908a-8e3ffe323749: cophenetic index 490; 0.7 s; peak memory 489 MiB.
2026-10-03T13:12:42Z INFO [644/1874] 30d2f1a3-44a4-49c5-8504-7214121f959a: cophenetic index 99138; 1.6 s; peak memory 489 MiB.
2026-10-03T13:12:44Z INFO [645/1874] 30d45a91-a5cb-40dd-876d-70554bc4a40c: cophenetic index 959; 2.0 s; peak memory 489 MiB.
2026-10-03T13:12:45Z INFO [646/1874] 30d461f5-2cda-4f0e-bca5-f5817207d42f: cophenetic index 431; 0.7 s; peak memory 489 MiB.
2026-10-03T13:12:52Z INFO [647/1874] 30d47557-f86a-404a-aee3-eaf8c4a97683: cophenetic index 158821; 6.7 s; peak memory 489 MiB.
2026-10-03T13:12:53Z INFO [648/1874] 30d5ea65-67b7-408c-8243-aa38fd08f3f7: cophenetic index 2625; 1.1 s; peak memory 489 MiB.
2026-10-03T13:12:53Z INFO [649/1874] 30d5f240-5426-4af4-b109-0239acff92cc: cophenetic index 490; 0.5 s; peak memory 489 MiB.
2026-10-03T13:12:59Z INFO [650/1874] 30d6b144-ec81-432e-9b03-15aae92fd962: cophenetic index 45919; 5.4 s; peak memory 489 MiB.
2026-10-03T13:12:59Z INFO [650/1874] 30d6b144-ec81-432e-9b03-15aae92fd962: checkpointed 70520 records.
2026-10-03T13:13:00Z INFO [651/1874] 30d6ed36-636f-4cea-9a0d-fc12c43b1386: cophenetic index 3057; 1.0 s; peak memory 489 MiB.
2026-10-03T13:13:01Z INFO [652/1874] 30d6f5a7-9814-454d-a199-f9fdf2d3e553: cophenetic index 624; 0.8 s; peak memory 489 MiB.
2026-10-03T13:13:02Z INFO [653/1874] 30d7fde8-52a0-43cf-bcbe-693826953e49: cophenetic index 26986; 1.4 s; peak memory 489 MiB.
2026-10-03T13:13:10Z INFO [654/1874] 30d83545-4306-4a2a-b2af-61294b4040d7: cophenetic index 195173008; 8.5 s; peak memory 489 MiB.
2026-10-03T13:13:12Z INFO [655/1874] 30d8f65d-3433-4b75-a576-7c201890b1ec: cophenetic index 2132; 1.4 s; peak memory 489 MiB.
2026-10-03T13:13:16Z INFO [656/1874] 30d9f9e6-0b81-4e4d-86fb-5f76042c6dba: cophenetic index 56669; 4.1 s; peak memory 489 MiB.
2026-10-03T13:13:17Z INFO [657/1874] 30da447a-50a5-4397-aff9-95f12b21e331: cophenetic index 490; 0.6 s; peak memory 489 MiB.
2026-10-03T13:13:17Z INFO [658/1874] 30db515a-2b76-4893-8f05-1b1c1c255178: cophenetic index 490; 0.6 s; peak memory 489 MiB.
2026-10-03T13:13:20Z INFO [659/1874] 30dc5e56-7c06-4b12-9eb7-6be011126714: cophenetic index 5473; 2.9 s; peak memory 489 MiB.
2026-10-03T13:13:21Z INFO [660/1874] 30dd08cf-5b50-4563-8a2d-4a588a829e7c: cophenetic index 3087; 1.2 s; peak memory 489 MiB.
2026-10-03T13:13:23Z INFO [661/1874] 30ded37c-c56c-457b-997b-402b1737b2be: cophenetic index 2625; 1.2 s; peak memory 489 MiB.
2026-10-03T13:13:24Z INFO [662/1874] 30df507a-33e0-4147-bc98-08b1efb86fe7: cophenetic index 2625; 1.5 s; peak memory 489 MiB.
2026-10-03T13:13:25Z INFO [663/1874] 30e1afa2-6387-4b2b-8da0-6c10e6d5fa57: cophenetic index 940; 1.5 s; peak memory 489 MiB.
2026-10-03T13:13:27Z INFO [664/1874] 30e3117e-51d2-4e83-9c3a-29cf96d2d220: cophenetic index 791; 1.2 s; peak memory 489 MiB.
2026-10-03T13:13:29Z INFO [665/1874] 30e33031-9a61-4702-b66a-2ec9cc80223e: cophenetic index 33998; 2.0 s; peak memory 489 MiB.
2026-10-03T13:13:36Z INFO [666/1874] 30e37d14-4504-4414-b887-8367b86a054b: cophenetic index 15702; 7.6 s; peak memory 489 MiB.
2026-10-03T13:13:37Z INFO [667/1874] 30e51cde-590a-499a-8726-5213206a56ce: cophenetic index 2920; 0.9 s; peak memory 489 MiB.
2026-10-03T13:13:38Z INFO [668/1874] 30e5e5be-c958-420f-b794-cf2f1f716d33: cophenetic index 690; 0.7 s; peak memory 489 MiB.
2026-10-03T13:13:39Z INFO [669/1874] 30e6236d-083a-4e12-8f02-8739263b445b: cophenetic index 23866; 0.9 s; peak memory 489 MiB.
2026-10-03T13:13:40Z INFO [670/1874] 30e68e07-7351-4901-af7a-4dfcdc659cea: cophenetic index 2625; 1.6 s; peak memory 489 MiB.
2026-10-03T13:13:42Z INFO [671/1874] 30e6d82b-b9d7-48ff-8af9-2856bbaa6f85: cophenetic index 3087; 1.2 s; peak memory 489 MiB.
2026-10-03T13:13:43Z INFO [672/1874] 30e775aa-5edd-4e13-aa11-dc1963a8d676: cophenetic index 3192; 1.0 s; peak memory 489 MiB.
2026-10-03T13:13:45Z INFO [673/1874] 30e80a6e-0999-4fe6-b66f-76231d0523e3: cophenetic index 7765; 2.2 s; peak memory 489 MiB.
2026-10-03T13:13:49Z INFO [674/1874] 30e86267-63b7-445f-8f17-1752fbeca4b9: cophenetic index 39974; 4.2 s; peak memory 489 MiB.
2026-10-03T13:13:50Z INFO [675/1874] 30e8640b-eaef-4394-acd8-518fac8f650a: cophenetic index 581; 0.9 s; peak memory 489 MiB.
2026-10-03T13:13:54Z INFO [676/1874] 30e8cfc4-86aa-409f-8f87-2a4569bff6fc: cophenetic index 9298; 4.4 s; peak memory 489 MiB.
2026-10-03T13:13:55Z INFO [677/1874] 30e8f952-ca80-457b-8a55-28fb8d461983: cophenetic index 23364; 1.0 s; peak memory 489 MiB.
2026-10-03T13:13:56Z INFO [678/1874] 30e933df-ce05-463e-adda-0bc2e6408767: cophenetic index 624; 1.0 s; peak memory 489 MiB.
2026-10-03T13:13:57Z INFO [679/1874] 30e9e4fc-c88f-4356-8623-96e87d77f5dc: cophenetic index 624; 0.8 s; peak memory 489 MiB.
2026-10-03T13:13:58Z INFO [680/1874] 30ea5ad8-80c2-4c41-9e38-faeb4fdc4964: cophenetic index 2625; 1.3 s; peak memory 489 MiB.
2026-10-03T13:14:04Z INFO [681/1874] 30ea84d1-c797-4325-a463-1b7ee422dc3f: cophenetic index 3729; 6.0 s; peak memory 489 MiB.
2026-10-03T13:14:05Z INFO [682/1874] 30eb61c0-53b3-4e2c-9a2d-776b42930e93: cophenetic index 3004; 1.1 s; peak memory 489 MiB.
2026-10-03T13:14:06Z INFO [683/1874] 30eb7278-358b-4bea-9d5d-155e0473d4e2: cophenetic index 766; 1.1 s; peak memory 489 MiB.
2026-10-03T13:14:07Z INFO [684/1874] 30eb9ca3-fdb3-4e25-b41c-163339f9c353: cophenetic index 624; 1.0 s; peak memory 489 MiB.
2026-10-03T13:14:09Z INFO [685/1874] 30eba6a5-4a81-44b3-ae9a-eb9105ca6df4: cophenetic index 3004; 1.1 s; peak memory 489 MiB.
2026-10-03T13:14:10Z INFO [686/1874] 30ebbc98-852f-4858-a3ca-599aa0b6f363: cophenetic index 33968; 1.3 s; peak memory 489 MiB.
2026-10-03T13:14:11Z INFO [687/1874] 30ebeb50-de58-48c2-9ca8-57d2b4ae6559: cophenetic index 3004; 0.9 s; peak memory 489 MiB.
2026-10-03T13:14:14Z INFO [688/1874] 30ed4a72-22ef-4313-b00d-56a30237757f: cophenetic index 4797; 3.6 s; peak memory 489 MiB.
2026-10-03T13:14:16Z INFO [689/1874] 30ed5b52-f07a-4eb2-8853-9967dcc011bc: cophenetic index 2814; 1.2 s; peak memory 489 MiB.
2026-10-03T13:14:17Z INFO [690/1874] 30edc55e-e02b-4783-b979-eb6d38ab1d47: cophenetic index 466; 0.9 s; peak memory 489 MiB.
2026-10-03T13:14:17Z INFO [691/1874] 30ee03ac-fc3b-489c-8169-268c89dfd6c5: cophenetic index 624; 0.9 s; peak memory 489 MiB.
2026-10-03T13:14:18Z INFO [692/1874] 30ee0d15-cd24-442b-a0ef-6ae65572cd12: cophenetic index 635; 0.6 s; peak memory 489 MiB.
2026-10-03T13:14:19Z INFO [693/1874] 30ee3109-05d5-4b38-a2b9-c87d277ea346: cophenetic index 563; 1.2 s; peak memory 489 MiB.
2026-10-03T13:14:27Z INFO [694/1874] 30eead7a-6d48-4adc-bcd3-833d013ef38c: cophenetic index 331018; 8.2 s; peak memory 489 MiB.
2026-10-03T13:14:28Z INFO [695/1874] 30ef4de0-e34c-4e97-a2ec-7894e8ae13f1: cophenetic index 34123; 0.9 s; peak memory 489 MiB.
2026-10-03T13:14:30Z INFO [696/1874] 30ef6b7b-0152-42ab-8165-e3041fd616ce: cophenetic index 457; 2.2 s; peak memory 489 MiB.
2026-10-03T13:14:32Z INFO [697/1874] 30f0a8dd-2910-4701-9312-7d212e47395e: cophenetic index 2625; 1.5 s; peak memory 489 MiB.
2026-10-03T13:14:40Z INFO [698/1874] 30f1df10-3d77-4b61-a909-38911a0f3281: cophenetic index 48355; 8.3 s; peak memory 489 MiB.
2026-10-03T13:14:41Z INFO [699/1874] 30f25c31-c37e-4783-842e-65e2ec88cb4b: cophenetic index 624; 0.8 s; peak memory 489 MiB.
2026-10-03T13:14:43Z INFO [700/1874] 30f2d465-c2f1-4c6f-9389-da894ce0d965: cophenetic index 33998; 2.1 s; peak memory 489 MiB.
2026-10-03T13:14:43Z INFO [700/1874] 30f2d465-c2f1-4c6f-9389-da894ce0d965: checkpointed 70570 records.
2026-10-03T13:14:45Z INFO [701/1874] 30f2e6cf-dca3-4113-88bb-f73ff8b352cd: cophenetic index 33998; 1.4 s; peak memory 489 MiB.
2026-10-03T13:14:46Z INFO [702/1874] 30f352bb-32d3-492b-8c9b-d945d81cc841: cophenetic index 3004; 1.1 s; peak memory 489 MiB.
2026-10-03T13:14:51Z INFO [703/1874] 30f3a5b4-1c2e-4342-8fe8-774511c38392: cophenetic index 268159; 5.1 s; peak memory 489 MiB.
2026-10-03T13:14:53Z INFO [704/1874] 30f3f66b-1520-451e-a011-709e8d1ad949: cophenetic index 2654; 1.7 s; peak memory 489 MiB.
2026-10-03T13:14:54Z INFO [705/1874] 30f455c4-6fe3-4e79-ba0d-fc699aab842b: cophenetic index 2625; 1.4 s; peak memory 489 MiB.
2026-10-03T13:14:55Z INFO [706/1874] 30f4685f-da5d-4a0e-8481-ec151b55e277: cophenetic index 624; 0.8 s; peak memory 489 MiB.
2026-10-03T13:14:56Z INFO [707/1874] 30f49bab-67b5-4bdb-8a4a-11cdb1d06650: cophenetic index 624; 0.9 s; peak memory 489 MiB.
2026-10-03T13:14:57Z INFO [708/1874] 30f4c79c-5538-4eeb-973d-30ebe46cfd96: cophenetic index 23788; 1.0 s; peak memory 489 MiB.
2026-10-03T13:14:58Z INFO [709/1874] 30f63606-2389-474c-938a-ae2220619779: cophenetic index 959; 1.9 s; peak memory 489 MiB.
2026-10-03T13:15:03Z INFO [710/1874] 30f642dc-f6bf-46a0-8c9d-fe4211f37dbb: cophenetic index 60352; 4.9 s; peak memory 489 MiB.
2026-10-03T13:15:04Z INFO [711/1874] 30f69d76-66bd-400a-8fbd-26d874a51ffc: cophenetic index 3087; 1.0 s; peak memory 489 MiB.
2026-10-03T13:15:12Z INFO [712/1874] 30f6b72f-acb9-4b8c-8981-75be5fc8317b: cophenetic index 141793; 7.8 s; peak memory 489 MiB.
2026-10-03T13:15:14Z INFO [713/1874] 30f711a1-302b-4547-995e-3f241a878eb3: cophenetic index 33986; 1.4 s; peak memory 489 MiB.
2026-10-03T13:15:15Z INFO [714/1874] 30f7b96e-05cd-4816-8a38-3c6ef33ba0b4: cophenetic index 2682; 1.7 s; peak memory 489 MiB.
2026-10-03T13:15:21Z INFO [715/1874] 30f8f080-424a-484f-91e1-6b18289dfdc5: cophenetic index 5466; 5.3 s; peak memory 489 MiB.
2026-10-03T13:15:22Z INFO [716/1874] 30f8fcb6-6e90-4cfa-8f25-fffb5346cf1c: cophenetic index 3004; 1.0 s; peak memory 489 MiB.
2026-10-03T13:15:24Z INFO [717/1874] 30f91e27-6be5-4d74-933e-15917069ef16: cophenetic index 41914; 2.5 s; peak memory 489 MiB.
2026-10-03T13:16:33Z INFO [718/1874] 30f94bc2-522a-42c4-84d9-0e899ce1f3c8: cophenetic index 333026498; 69.0 s; peak memory 489 MiB.
2026-10-03T13:16:40Z INFO [719/1874] 30fa452a-e0cb-4ee4-9b7c-0d8cfd0a6030: cophenetic index 114159; 6.9 s; peak memory 489 MiB.
2026-10-03T13:16:41Z INFO [720/1874] 30fa5220-f69a-470b-9b45-faffc49c2789: cophenetic index 33986; 1.3 s; peak memory 489 MiB.
2026-10-03T13:16:42Z INFO [721/1874] 30fa81ce-88dd-4388-b20a-528961797ebf: cophenetic index 490; 0.9 s; peak memory 489 MiB.
2026-10-03T13:16:44Z INFO [722/1874] 30fa91e5-f607-445d-8746-eebfdec4604d: cophenetic index 34658; 2.0 s; peak memory 489 MiB.
2026-10-03T13:16:45Z INFO [723/1874] 30fb62e7-dfbe-417e-8b54-af1ca6feba3e: cophenetic index 3004; 1.1 s; peak memory 489 MiB.
2026-10-03T13:16:47Z INFO [724/1874] 30fbb904-b6af-48b0-bea0-07d075100eb3: cophenetic index 2701; 1.2 s; peak memory 489 MiB.
2026-10-03T13:16:47Z INFO [725/1874] 30fc523f-83db-41bf-923e-5386b62ca016: cophenetic index 1228; 0.7 s; peak memory 489 MiB.
2026-10-03T13:16:55Z INFO [726/1874] 30fc6cd2-2d8e-4e3f-a792-4dad026ced5e: cophenetic index 386672; 7.6 s; peak memory 489 MiB.
2026-10-03T13:16:56Z INFO [727/1874] 30fc8709-f2eb-4921-82e7-57f027d1f2b3: cophenetic index 3004; 1.3 s; peak memory 489 MiB.
2026-10-03T13:16:57Z INFO [728/1874] 30fc90df-000b-4230-aa98-5ff0595332a6: cophenetic index 3004; 1.0 s; peak memory 489 MiB.
2026-10-03T13:16:58Z INFO [729/1874] 30fd0dff-a99f-4cbc-96db-5668725dcf5b: cophenetic index 3004; 1.2 s; peak memory 489 MiB.
2026-10-03T13:17:05Z INFO [730/1874] 30fdc39a-6c6a-49e6-985d-07aa37782207: cophenetic index 159639; 6.4 s; peak memory 489 MiB.
2026-10-03T13:17:05Z INFO [731/1874] 30fe2bdd-52ca-4d31-b6bf-75ce95062999: cophenetic index 490; 0.6 s; peak memory 489 MiB.
2026-10-03T13:17:06Z INFO [732/1874] 30fe9f05-9d4f-497b-bd0b-d312501fcc8e: cophenetic index 624; 0.9 s; peak memory 489 MiB.
2026-10-03T13:17:07Z INFO [733/1874] 30feb4ef-c3eb-4228-9e53-b6c3eb58bcef: cophenetic index 490; 0.9 s; peak memory 489 MiB.
2026-10-03T13:17:08Z INFO [734/1874] 30fef3ad-2fd3-4df1-b772-70f51afde401: cophenetic index 1949; 1.2 s; peak memory 489 MiB.
2026-10-03T13:17:16Z INFO [735/1874] 30ff30e9-042b-4648-9e19-1f1d851ce4f3: cophenetic index 31252; 7.8 s; peak memory 489 MiB.
2026-10-03T13:17:23Z INFO [736/1874] 30ff53c9-2905-4198-86b6-52e816eb7c37: cophenetic index 30893; 6.8 s; peak memory 489 MiB.
2026-10-03T13:17:24Z INFO [737/1874] 30ff6464-505a-4277-b2e1-1118d93523a8: cophenetic index 3057; 1.1 s; peak memory 489 MiB.
2026-10-03T13:17:25Z INFO [738/1874] 30ffb7a4-4742-4e68-9cdd-a6cb1e391be0: cophenetic index 3004; 1.0 s; peak memory 489 MiB.
2026-10-03T13:17:33Z INFO [739/1874] 30ffdd8d-b24e-4a41-97fe-abfd03fae23c: cophenetic index 195173008; 8.3 s; peak memory 489 MiB.
2026-10-03T13:17:34Z INFO [740/1874] 31008dab-25e1-4b92-aefd-f8af566eb217: cophenetic index 488; 1.0 s; peak memory 489 MiB.
2026-10-03T13:17:36Z INFO [741/1874] 3100c9a9-a5c2-4050-bc83-207a30cac920: cophenetic index 36406; 1.7 s; peak memory 489 MiB.
2026-10-03T13:17:37Z INFO [742/1874] 31020320-c404-4984-be5e-d2790a7152a3: cophenetic index 2570; 1.0 s; peak memory 489 MiB.
2026-10-03T13:17:47Z INFO [743/1874] 31020f5f-0467-4f8e-990a-d1f6fb6c1e5e: cophenetic index 239424; 9.8 s; peak memory 489 MiB.
2026-10-03T13:17:51Z INFO [744/1874] 31023fce-2d7d-41b4-8893-3d3d02099564: cophenetic index 31015; 3.9 s; peak memory 489 MiB.
2026-10-03T13:17:52Z INFO [745/1874] 3102c0de-e437-4e7a-b478-fc864949cd19: cophenetic index 624; 0.8 s; peak memory 489 MiB.
2026-10-03T13:17:53Z INFO [746/1874] 3102e7cd-cb40-4486-a4de-30dbb32e3515: cophenetic index 624; 0.8 s; peak memory 489 MiB.
2026-10-03T13:17:54Z INFO [747/1874] 3103eb9d-032d-4325-a4d8-610c1f1a77d1: cophenetic index 2625; 1.1 s; peak memory 489 MiB.
2026-10-03T13:17:55Z INFO [748/1874] 3104a3e3-b781-4d98-b432-c049c63e75af: cophenetic index 2570; 1.2 s; peak memory 489 MiB.
2026-10-03T13:17:57Z INFO [749/1874] 3104f934-8a39-4c2f-a126-21bb783899dd: cophenetic index 99120; 1.6 s; peak memory 489 MiB.
2026-10-03T13:18:05Z INFO [750/1874] 31056cef-6002-47a3-9307-830ef09c9c1d: cophenetic index 196848; 8.5 s; peak memory 489 MiB.
2026-10-03T13:18:05Z INFO [750/1874] 31056cef-6002-47a3-9307-830ef09c9c1d: checkpointed 70620 records.
2026-10-03T13:18:06Z INFO [751/1874] 3105726d-0f4c-4349-9083-3ac03c17de6a: cophenetic index 1012; 1.0 s; peak memory 489 MiB.
2026-10-03T13:18:07Z INFO [752/1874] 31059d91-eab6-4cf2-b729-bab37a5e7a28: cophenetic index 3087; 1.0 s; peak memory 489 MiB.
2026-10-03T13:18:14Z INFO [753/1874] 3105bce9-fab0-446b-a8d8-40964ef14a55: cophenetic index 141047; 7.1 s; peak memory 489 MiB.
2026-10-03T13:18:15Z INFO [754/1874] 3106113e-9084-45fa-b027-7748830640a9: cophenetic index 766; 1.1 s; peak memory 489 MiB.
2026-10-03T13:18:17Z INFO [755/1874] 31062446-a6cb-4579-b4f9-c5e6bf667f0a: cophenetic index 33968; 1.3 s; peak memory 489 MiB.
2026-10-03T13:18:18Z INFO [756/1874] 31062866-f0c6-488e-a620-e4dd710914aa: cophenetic index 2625; 1.0 s; peak memory 489 MiB.
2026-10-03T13:18:19Z INFO [757/1874] 31062f66-8950-451d-876c-2662a3409311: cophenetic index 624; 0.9 s; peak memory 489 MiB.
2026-10-03T13:18:20Z INFO [758/1874] 31066cfc-78d9-4844-8b58-48d9c06625c5: cophenetic index 23206; 1.0 s; peak memory 489 MiB.
2026-10-03T13:18:22Z INFO [759/1874] 31077d99-ab33-4081-8081-7897054ba44c: cophenetic index 3721; 2.8 s; peak memory 489 MiB.
2026-10-03T13:18:23Z INFO [760/1874] 3107bd9a-9346-4b32-8169-123f6f76ce9f: cophenetic index 624; 0.8 s; peak memory 489 MiB.
2026-10-03T13:18:24Z INFO [761/1874] 3107d64b-2a20-4381-b5bb-f1b265baa2c9: cophenetic index 490; 0.5 s; peak memory 489 MiB.
2026-10-03T13:18:27Z INFO [762/1874] 3108a2ec-7d93-4dd6-b909-e4ec1aec2c8f: cophenetic index 1733; 3.3 s; peak memory 489 MiB.
2026-10-03T13:18:29Z INFO [763/1874] 31090745-ee51-4900-bda6-02d47bb1fc36: cophenetic index 2469; 2.1 s; peak memory 489 MiB.
2026-10-03T13:18:31Z INFO [764/1874] 3109a4b6-42d2-415e-808d-3982244b24d2: cophenetic index 2682; 2.1 s; peak memory 489 MiB.
2026-10-03T13:18:32Z INFO [765/1874] 310a1431-7e0e-450a-a02c-ec2e0ce5f2a3: cophenetic index 624; 0.9 s; peak memory 489 MiB.
2026-10-03T13:18:33Z INFO [766/1874] 310a8d0d-d790-45ce-b577-97649e93da88: cophenetic index 490; 0.6 s; peak memory 489 MiB.
2026-10-03T13:18:34Z INFO [767/1874] 310b1125-fd59-45b0-bfed-bf1b9fc580a3: cophenetic index 3087; 1.0 s; peak memory 489 MiB.
2026-10-03T13:18:34Z INFO [768/1874] 310b5b2d-7e74-4a99-8a84-6f690a290efb: cophenetic index 690; 0.6 s; peak memory 489 MiB.
2026-10-03T13:18:35Z INFO [769/1874] 310bcccf-8372-44fe-8b94-f6ca45e6e440: cophenetic index 3004; 1.0 s; peak memory 489 MiB.
2026-10-03T13:18:36Z INFO [770/1874] 310c5a64-5690-4bbd-b257-c54a3ae8f090: cophenetic index 649; 1.2 s; peak memory 489 MiB.
2026-10-03T13:18:42Z INFO [771/1874] 310dde27-880e-4dc2-aa73-9997998b2f02: cophenetic index 87573; 5.5 s; peak memory 489 MiB.
2026-10-03T13:18:43Z INFO [772/1874] 310de400-2703-461e-937d-2fa6043c04bd: cophenetic index 33998; 1.3 s; peak memory 489 MiB.
2026-10-03T13:18:44Z INFO [773/1874] 310e43e2-7c2a-43a4-a4e7-99e54163ca68: cophenetic index 1739; 1.1 s; peak memory 489 MiB.
2026-10-03T13:18:45Z INFO [774/1874] 310ebfa9-fae7-4446-bd78-589ada72e03f: cophenetic index 755; 0.6 s; peak memory 489 MiB.
2026-10-03T13:18:50Z INFO [775/1874] 310ed642-7a87-4b09-b224-9a5ba6f826c5: cophenetic index 45663; 5.6 s; peak memory 489 MiB.
2026-10-03T13:18:51Z INFO [776/1874] 310efb19-9f03-4c8e-a066-8d08a8057efd: cophenetic index 624; 0.9 s; peak memory 489 MiB.
2026-10-03T13:18:53Z INFO [777/1874] 31108498-5eea-4726-afb8-deca26d05060: cophenetic index 809; 1.5 s; peak memory 489 MiB.
2026-10-03T13:18:54Z INFO [778/1874] 31118036-3752-4212-a567-f6b4d3ef6e8c: cophenetic index 1929; 1.3 s; peak memory 489 MiB.
2026-10-03T13:18:55Z INFO [779/1874] 31119d4b-dcb2-456a-964c-419ca4a84760: cophenetic index 2496; 0.9 s; peak memory 489 MiB.
2026-10-03T13:18:56Z INFO [780/1874] 31123ce2-8740-4694-bdae-1b7851097bfe: cophenetic index 958; 0.9 s; peak memory 489 MiB.
2026-10-03T13:18:57Z INFO [781/1874] 31124b62-65c1-455b-a387-c1ef4a45a08d: cophenetic index 2625; 1.4 s; peak memory 489 MiB.
2026-10-03T13:18:59Z INFO [782/1874] 3112d7f1-4ce1-4b8b-8a5e-62f5026d5c8f: cophenetic index 3004; 1.2 s; peak memory 489 MiB.
2026-10-03T13:19:00Z INFO [783/1874] 31133e89-4101-4eee-90e6-ecd1427c4871: cophenetic index 1087; 1.2 s; peak memory 489 MiB.
2026-10-03T13:19:01Z INFO [784/1874] 31136ef8-809b-4d1f-b042-084d41e9db3e: cophenetic index 3087; 1.0 s; peak memory 489 MiB.
2026-10-03T13:19:14Z INFO [785/1874] 3113958a-148a-426c-ae87-bed28c5ccd35: cophenetic index 14507294; 13.6 s; peak memory 489 MiB.
2026-10-03T13:19:17Z INFO [786/1874] 3113c4a0-eddb-4d18-a218-5f328f890c1a: cophenetic index 2682; 2.2 s; peak memory 489 MiB.
2026-10-03T13:19:18Z INFO [787/1874] 3113d794-776b-491f-9221-e2beb8636873: cophenetic index 2625; 1.4 s; peak memory 489 MiB.
2026-10-03T13:19:19Z INFO [788/1874] 3114bf1e-e131-4bde-9eea-9605f4a1f5ea: cophenetic index 490; 0.5 s; peak memory 489 MiB.
2026-10-03T13:19:19Z INFO [789/1874] 3115bbde-a396-4f28-91c6-9c7ae4adf989: cophenetic index 651; 0.7 s; peak memory 489 MiB.
2026-10-03T13:19:27Z INFO [790/1874] 3115e0c2-c0ec-4be8-b76f-e3d7c67eb8a8: cophenetic index 47115; 7.6 s; peak memory 489 MiB.
2026-10-03T13:19:28Z INFO [791/1874] 31162e8e-35e3-440a-8228-fd836114f0b0: cophenetic index 624; 1.1 s; peak memory 489 MiB.
2026-10-03T13:19:29Z INFO [792/1874] 3116bbdb-5dff-4bc7-acd8-1f0ce471f446: cophenetic index 1715; 1.4 s; peak memory 489 MiB.
2026-10-03T13:19:30Z INFO [793/1874] 3116c9e4-ea63-4bed-ac93-635448eee146: cophenetic index 624; 0.8 s; peak memory 489 MiB.
2026-10-03T13:19:31Z INFO [794/1874] 31171df3-633a-4f18-ae14-7622bd76fcb3: cophenetic index 490; 0.7 s; peak memory 489 MiB.
2026-10-03T13:19:32Z INFO [795/1874] 31177dba-b681-4731-9046-63e3245fdd46: cophenetic index 624; 0.9 s; peak memory 489 MiB.
2026-10-03T13:19:33Z INFO [796/1874] 311787d9-cb2a-44a4-b76a-78280bd798ff: cophenetic index 624; 1.0 s; peak memory 489 MiB.
2026-10-03T13:19:34Z INFO [797/1874] 31180c86-7edc-412b-89e4-030713d90300: cophenetic index 33962; 1.4 s; peak memory 489 MiB.
2026-10-03T13:19:35Z INFO [798/1874] 3118cf6c-fc3e-47b2-9fcb-63a6743f63e1: cophenetic index 3087; 1.1 s; peak memory 489 MiB.
2026-10-03T13:19:36Z INFO [799/1874] 31197207-8861-4218-a882-f748e28dba1a: cophenetic index 23788; 1.0 s; peak memory 489 MiB.
2026-10-03T13:19:38Z INFO [800/1874] 3119f413-a2ee-46bc-a477-ab1bdc347b97: cophenetic index 2609; 1.9 s; peak memory 489 MiB.
2026-10-03T13:19:38Z INFO [800/1874] 3119f413-a2ee-46bc-a477-ab1bdc347b97: checkpointed 70670 records.
2026-10-03T13:19:40Z INFO [801/1874] 311a3e46-21ee-447d-a621-894a4a74edd2: cophenetic index 2609; 1.9 s; peak memory 489 MiB.
2026-10-03T13:19:41Z INFO [802/1874] 311ab478-583f-4fb5-871a-fec80b8eb603: cophenetic index 490; 0.7 s; peak memory 489 MiB.
2026-10-03T13:19:43Z INFO [803/1874] 311b305c-245e-4af2-9f8d-17aef6bfacbf: cophenetic index 2402; 2.0 s; peak memory 489 MiB.
2026-10-03T13:19:44Z INFO [804/1874] 311cb068-f92b-4699-a043-b35bda1f53f6: cophenetic index 431; 0.8 s; peak memory 489 MiB.
2026-10-03T13:19:45Z INFO [805/1874] 311e8bad-e0c8-44f8-a6ef-b7e23b1a7b8a: cophenetic index 2625; 1.5 s; peak memory 489 MiB.
2026-10-03T13:19:47Z INFO [806/1874] 311fb806-6a81-4ad4-862f-509cbc68b44b: cophenetic index 3437; 1.7 s; peak memory 489 MiB.
2026-10-03T13:19:48Z INFO [807/1874] 3120527f-35bd-404d-8156-15264b007819: cophenetic index 13320; 1.2 s; peak memory 489 MiB.
2026-10-03T13:19:50Z INFO [808/1874] 3120a46d-afe3-4747-95e5-cf03ac1efcaf: cophenetic index 650; 1.5 s; peak memory 489 MiB.
2026-10-03T13:19:51Z INFO [809/1874] 31210438-44c8-485c-b23d-85c99ba51c41: cophenetic index 649; 0.9 s; peak memory 489 MiB.
2026-10-03T13:19:53Z INFO [810/1874] 31221f7b-2dfd-4a21-a2e2-1ce99cf7cddc: cophenetic index 2402; 2.1 s; peak memory 489 MiB.
2026-10-03T13:19:54Z INFO [811/1874] 31234530-d485-4cbe-b2c1-be8b8aecc0f8: cophenetic index 624; 0.8 s; peak memory 489 MiB.
2026-10-03T13:19:55Z INFO [812/1874] 3123a287-7e17-4446-bb13-5604e53c4b17: cophenetic index 1087; 1.4 s; peak memory 489 MiB.
2026-10-03T13:20:00Z INFO [813/1874] 3123ab78-b983-48c8-8514-a81c1b1b5f2f: cophenetic index 43745; 4.7 s; peak memory 489 MiB.
2026-10-03T13:20:01Z INFO [814/1874] 3123c004-5c91-4189-9cb9-71050e9ba7c4: cophenetic index 1904; 1.1 s; peak memory 489 MiB.
2026-10-03T13:20:03Z INFO [815/1874] 3124418d-5955-44fa-9eb2-5dbd8bb3eb16: cophenetic index 2402; 2.2 s; peak memory 489 MiB.
2026-10-03T13:20:04Z INFO [816/1874] 3124677d-02ea-414a-8fb4-77ae931f8884: cophenetic index 624; 0.9 s; peak memory 489 MiB.
2026-10-03T13:20:07Z INFO [817/1874] 31246add-aa8b-4b50-aef1-2510dc1c9511: cophenetic index 2402; 2.7 s; peak memory 489 MiB.
2026-10-03T13:20:07Z INFO [818/1874] 31248d7c-ffb8-4636-9948-4c81bfde076c: cophenetic index 446; 0.8 s; peak memory 489 MiB.
2026-10-03T13:20:08Z INFO [819/1874] 3124b85b-7e26-4022-8dd5-ac4098c449b4: cophenetic index 624; 0.9 s; peak memory 489 MiB.
2026-10-03T13:20:09Z INFO [820/1874] 31252bc0-856b-4e61-9ee3-1fe7a77dd4b9: cophenetic index 432; 0.8 s; peak memory 489 MiB.
2026-10-03T13:20:10Z INFO [821/1874] 312590cb-9968-4642-b19d-c1321445d110: cophenetic index 33986; 1.4 s; peak memory 489 MiB.
2026-10-03T13:20:12Z INFO [822/1874] 31263599-d80c-4887-b54c-97de8d8d65ef: cophenetic index 2625; 1.0 s; peak memory 489 MiB.
2026-10-03T13:20:12Z INFO [823/1874] 31264b98-54e1-4291-ae28-2103ab50472b: cophenetic index 490; 0.7 s; peak memory 489 MiB.
2026-10-03T13:20:14Z INFO [824/1874] 31267731-94e1-465d-b7e9-e807861016c4: cophenetic index 949; 1.3 s; peak memory 489 MiB.
2026-10-03T13:20:15Z INFO [825/1874] 3126e78e-d1eb-43a8-a0d8-1aa8c477903f: cophenetic index 2609; 1.8 s; peak memory 489 MiB.
2026-10-03T13:20:16Z INFO [826/1874] 3126fd02-3a5b-411d-a65c-b01a5208a5dc: cophenetic index 624; 0.9 s; peak memory 489 MiB.
2026-10-03T13:20:17Z INFO [827/1874] 312726bd-e149-46d7-8662-dc26e666f253: cophenetic index 2625; 1.1 s; peak memory 489 MiB.
2026-10-03T13:20:18Z INFO [828/1874] 312784aa-6355-48f6-8ef7-558988e4d61b: cophenetic index 3087; 1.1 s; peak memory 489 MiB.
2026-10-03T13:20:23Z INFO [829/1874] 312824cf-07d3-4706-be02-8f12cad053fa: cophenetic index 81909; 4.4 s; peak memory 489 MiB.
2026-10-03T13:20:24Z INFO [830/1874] 31284433-7a61-48c1-b0a7-5289459f601d: cophenetic index 754; 1.1 s; peak memory 489 MiB.
2026-10-03T13:24:00Z INFO [831/1874] 31289670-2713-4daf-9b35-bdaca32f4620: cophenetic index 320158256; 216.4 s; peak memory 725 MiB.
2026-10-03T13:24:01Z INFO [832/1874] 3128a124-4ccd-4320-91ce-f20d28481c4f: cophenetic index 651; 0.7 s; peak memory 725 MiB.
2026-10-03T13:24:02Z INFO [833/1874] 3129068d-033c-46a3-9578-41f9c6fe2911: cophenetic index 624; 0.9 s; peak memory 725 MiB.
2026-10-03T13:24:03Z INFO [834/1874] 31297c69-4ebe-4c41-b749-aaa05520ae42: cophenetic index 33986; 1.1 s; peak memory 725 MiB.
2026-10-03T13:24:14Z INFO [835/1874] 312a0e06-e260-4ef3-a363-27f56aa3122d: cophenetic index 642751; 11.4 s; peak memory 725 MiB.
2026-10-03T13:24:15Z INFO [836/1874] 312a6740-7a59-4314-88f7-22ec9c02454a: cophenetic index 624; 0.8 s; peak memory 725 MiB.
2026-10-03T13:24:16Z INFO [837/1874] 312a8596-1338-47a5-abb1-f2762b10f569: cophenetic index 624; 0.9 s; peak memory 725 MiB.
2026-10-03T13:24:26Z INFO [838/1874] 312ad8dc-11dc-4b53-86be-051c8b575ef2: cophenetic index 226933; 9.8 s; peak memory 725 MiB.
2026-10-03T13:24:27Z INFO [839/1874] 312b526c-98da-45e3-bf71-3b74c1f3ca18: cophenetic index 634; 1.0 s; peak memory 725 MiB.
2026-10-03T13:24:28Z INFO [840/1874] 312c6415-8da7-4458-908b-eac6707f44d4: cophenetic index 624; 1.0 s; peak memory 725 MiB.
2026-10-03T13:24:29Z INFO [841/1874] 312d101d-01e4-43b2-bc06-c3329175c2dd: cophenetic index 99120; 1.5 s; peak memory 725 MiB.
2026-10-03T13:24:31Z INFO [842/1874] 312d6c63-8369-4cd8-a0d3-a14586c83ed8: cophenetic index 2625; 1.3 s; peak memory 725 MiB.
2026-10-03T13:24:32Z INFO [843/1874] 312d9be2-368d-4e61-a714-7b336ca93545: cophenetic index 624; 0.8 s; peak memory 725 MiB.
2026-10-03T13:24:33Z INFO [844/1874] 312db348-e868-4877-a7a1-bf988156b278: cophenetic index 413; 1.0 s; peak memory 725 MiB.
2026-10-03T13:24:34Z INFO [845/1874] 312f0cec-95bd-41fe-88d4-b541a76eaaf0: cophenetic index 1006; 1.4 s; peak memory 725 MiB.
2026-10-03T13:24:40Z INFO [846/1874] 312f4e0c-e4b1-47de-8e9c-b9f26572d252: cophenetic index 87401; 6.1 s; peak memory 725 MiB.
2026-10-03T13:24:41Z INFO [847/1874] 312fed39-7478-4cbc-bfe0-a8639af9ccc7: cophenetic index 729; 0.6 s; peak memory 725 MiB.
2026-10-03T13:24:42Z INFO [848/1874] 31302ced-6227-44ca-9b5b-71121fb7fdd6: cophenetic index 624; 0.8 s; peak memory 725 MiB.
2026-10-03T13:24:42Z INFO [849/1874] 3130587d-a9dd-4d37-ad01-345a73c105bd: cophenetic index 490; 0.6 s; peak memory 725 MiB.
2026-10-03T13:24:43Z INFO [850/1874] 3130aa91-3210-4b8f-a381-381c13e08953: cophenetic index 624; 1.0 s; peak memory 725 MiB.
2026-10-03T13:24:43Z INFO [850/1874] 3130aa91-3210-4b8f-a381-381c13e08953: checkpointed 70720 records.
2026-10-03T13:24:44Z INFO [851/1874] 3130e989-707b-4080-b02c-5128794258d4: cophenetic index 605; 1.1 s; peak memory 725 MiB.
2026-10-03T13:24:57Z INFO [852/1874] 31313f4c-0cac-47b7-9ca4-9a16f3b6a4cc: cophenetic index 14507294; 12.7 s; peak memory 725 MiB.
2026-10-03T13:24:58Z INFO [853/1874] 31316164-b68b-45c3-96ad-bec318e31e47: cophenetic index 23272; 1.1 s; peak memory 725 MiB.
2026-10-03T13:24:59Z INFO [854/1874] 31322d58-4b27-4c2a-9d1f-875df06397f0: cophenetic index 41788; 1.2 s; peak memory 725 MiB.
2026-10-03T13:25:01Z INFO [855/1874] 313242f1-f117-41b1-93ab-8c33b0ffa97c: cophenetic index 23206; 1.0 s; peak memory 725 MiB.
2026-10-03T13:25:02Z INFO [856/1874] 31332fb5-fa27-4a0d-a537-e2f427fa5c2f: cophenetic index 2625; 1.2 s; peak memory 725 MiB.
2026-10-03T13:25:03Z INFO [857/1874] 31355e8a-895f-4e6e-8a21-d0a5463682d0: cophenetic index 624; 0.9 s; peak memory 725 MiB.
2026-10-03T13:25:05Z INFO [858/1874] 31361d82-80e6-4af4-885c-1509f073a2bc: cophenetic index 2402; 2.1 s; peak memory 725 MiB.
2026-10-03T13:25:10Z INFO [859/1874] 31364926-180e-4bf1-835b-d584c286072f: cophenetic index 49794; 5.6 s; peak memory 725 MiB.
2026-10-03T13:25:12Z INFO [860/1874] 31377a44-0b44-4950-b195-0d5dbaab429f: cophenetic index 2625; 1.4 s; peak memory 725 MiB.
2026-10-03T13:25:13Z INFO [861/1874] 3138b6dd-e0dd-46d2-aa6b-155416183a36: cophenetic index 2974; 1.1 s; peak memory 725 MiB.
2026-10-03T13:25:14Z INFO [862/1874] 31390e0b-e8d1-4875-a779-a846e2b6ba09: cophenetic index 3004; 1.0 s; peak memory 725 MiB.
2026-10-03T13:25:17Z INFO [863/1874] 313939b4-f0d7-4057-91b2-6eb19692568e: cophenetic index 5473; 2.7 s; peak memory 725 MiB.
2026-10-03T13:25:17Z INFO [864/1874] 313b117e-4349-419c-a998-b69a863a5ea8: cophenetic index 490; 0.6 s; peak memory 725 MiB.
2026-10-03T13:25:18Z INFO [865/1874] 313b2ab2-bcb2-4cca-9e2a-8e7debe40d36: cophenetic index 3004; 1.0 s; peak memory 725 MiB.
2026-10-03T13:25:19Z INFO [866/1874] 313d2834-9318-4deb-830b-ef2eae7577cf: cophenetic index 3087; 1.0 s; peak memory 725 MiB.
2026-10-03T13:25:20Z INFO [867/1874] 313e96d1-7e40-4ee5-bacb-250568bb2ea1: cophenetic index 2923; 1.0 s; peak memory 725 MiB.
2026-10-03T13:25:21Z INFO [868/1874] 313ec340-ec4e-4519-9372-94b3aff45e5a: cophenetic index 2625; 1.3 s; peak memory 725 MiB.
2026-10-03T13:25:22Z INFO [869/1874] 314061ef-bfdf-4d4f-b68b-5b0669d084e1: cophenetic index 624; 0.9 s; peak memory 725 MiB.
2026-10-03T13:25:23Z INFO [870/1874] 3140f905-1245-49cf-9961-07a9b37a9c7b: cophenetic index 761; 0.6 s; peak memory 725 MiB.
2026-10-03T13:25:24Z INFO [871/1874] 31412801-4a78-41b8-aae2-ed4f5aa85658: cophenetic index 3087; 1.0 s; peak memory 725 MiB.
2026-10-03T13:25:26Z INFO [872/1874] 31425db0-a8c6-4508-aab2-fb86f4232dda: cophenetic index 2625; 1.5 s; peak memory 725 MiB.
2026-10-03T13:25:27Z INFO [873/1874] 314346fe-739c-4748-80b5-6e7f75480e17: cophenetic index 949; 1.7 s; peak memory 725 MiB.
2026-10-03T13:25:34Z INFO [874/1874] 31436ab6-3025-4979-828f-7df6d1185c32: cophenetic index 87573; 6.3 s; peak memory 725 MiB.
2026-10-03T13:25:35Z INFO [875/1874] 3143970b-6481-4713-9476-54aa4901558d: cophenetic index 766; 1.4 s; peak memory 725 MiB.
2026-10-03T13:25:36Z INFO [876/1874] 314437f7-73f9-49c8-956b-213f65e20816: cophenetic index 2570; 1.3 s; peak memory 725 MiB.
2026-10-03T13:25:46Z INFO [877/1874] 3144d621-de91-4c4f-b14c-d90985e85427: cophenetic index 409527; 9.6 s; peak memory 725 MiB.
2026-10-03T13:25:47Z INFO [878/1874] 3144faf1-ebc5-4132-bc90-1db683a19590: cophenetic index 2625; 0.9 s; peak memory 725 MiB.
2026-10-03T13:25:48Z INFO [879/1874] 31459b76-dbe1-452a-8642-3d44abcecbc4: cophenetic index 2570; 1.5 s; peak memory 725 MiB.
2026-10-03T13:25:49Z INFO [880/1874] 3145faba-daaf-4fc2-8c35-0b721dd15345: cophenetic index 624; 1.0 s; peak memory 725 MiB.
2026-10-03T13:25:55Z INFO [881/1874] 314623f5-b3b9-41c9-af3a-93e3b5e318b5: cophenetic index 6715; 5.9 s; peak memory 725 MiB.
2026-10-03T13:26:02Z INFO [882/1874] 3146c965-0def-40c4-b32c-32d11d02e46f: cophenetic index 2259804; 6.3 s; peak memory 725 MiB.
2026-10-03T13:26:02Z INFO [883/1874] 31482323-1c42-4b71-9ad6-84788d61f35f: cophenetic index 624; 0.9 s; peak memory 725 MiB.
2026-10-03T13:26:03Z INFO [884/1874] 31482dd6-7d87-4533-a45c-1fe5859754d8: cophenetic index 23194; 0.9 s; peak memory 725 MiB.
2026-10-03T13:26:05Z INFO [885/1874] 314855f1-98bf-423f-be8f-b3c80712dfc4: cophenetic index 99150; 2.1 s; peak memory 725 MiB.
2026-10-03T13:26:06Z INFO [886/1874] 3148b3de-4287-4d82-826c-01329b1d082e: cophenetic index 3077; 0.9 s; peak memory 725 MiB.
2026-10-03T13:26:16Z INFO [887/1874] 3148c98f-414d-4e68-b7a3-9fc800964af7: cophenetic index 430446; 9.9 s; peak memory 725 MiB.
2026-10-03T13:26:18Z INFO [888/1874] 3149e2e3-87dc-41ff-9756-c0b7e169fc85: cophenetic index 33986; 1.3 s; peak memory 725 MiB.
2026-10-03T13:26:19Z INFO [889/1874] 314aaece-3975-4986-9997-8780de3f00ff: cophenetic index 23206; 1.1 s; peak memory 725 MiB.
2026-10-03T13:26:24Z INFO [890/1874] 314ab146-78b6-4d83-8278-9800210eafdd: cophenetic index 87573; 5.5 s; peak memory 725 MiB.
2026-10-03T13:26:25Z INFO [891/1874] 314ab196-7d42-41f7-8a7d-51d68bef30b8: cophenetic index 1228; 0.7 s; peak memory 725 MiB.
2026-10-03T13:26:26Z INFO [892/1874] 314ab307-16c4-417a-b311-47c543552b33: cophenetic index 624; 0.9 s; peak memory 725 MiB.
2026-10-03T13:26:27Z INFO [893/1874] 314abf90-d7c2-463f-9f37-468ffbc1d080: cophenetic index 539; 1.1 s; peak memory 725 MiB.
2026-10-03T13:26:28Z INFO [894/1874] 314c920c-194e-4f54-8b02-17eef9515a95: cophenetic index 33968; 1.4 s; peak memory 725 MiB.
2026-10-03T13:26:30Z INFO [895/1874] 314c974b-ea1e-4a8c-b981-848ff830f8ff: cophenetic index 2625; 1.6 s; peak memory 725 MiB.
2026-10-03T13:26:30Z INFO [896/1874] 314cb03f-8f2f-4eab-9d5c-e69c51852289: cophenetic index 762; 0.6 s; peak memory 725 MiB.
2026-10-03T13:26:31Z INFO [897/1874] 314cf8c7-92ed-4d1e-b38b-3462f585aaf7: cophenetic index 3004; 0.9 s; peak memory 725 MiB.
2026-10-03T13:26:32Z INFO [898/1874] 314cf92d-0839-4e61-baa1-934300a33f00: cophenetic index 624; 0.8 s; peak memory 725 MiB.
2026-10-03T13:26:33Z INFO [899/1874] 314d620c-9377-4518-abce-e17deac184af: cophenetic index 23388; 1.3 s; peak memory 725 MiB.
2026-10-03T13:26:36Z INFO [900/1874] 314dbc2e-5968-41d5-bd25-fc3373d57e31: cophenetic index 2682; 2.1 s; peak memory 725 MiB.
2026-10-03T13:26:36Z INFO [900/1874] 314dbc2e-5968-41d5-bd25-fc3373d57e31: checkpointed 70770 records.
2026-10-03T13:26:36Z INFO [901/1874] 314ded9f-b3c1-416a-b34f-56f7e64453b6: cophenetic index 651; 0.6 s; peak memory 725 MiB.
2026-10-03T13:26:37Z INFO [902/1874] 314e1ccd-5114-4bd2-a80f-1ae741ff5fc3: cophenetic index 690; 0.7 s; peak memory 725 MiB.
2026-10-03T13:26:38Z INFO [903/1874] 314eff6a-23aa-4ba3-b807-345760cf6a04: cophenetic index 560; 0.8 s; peak memory 725 MiB.
2026-10-03T13:26:39Z INFO [904/1874] 314f253f-558a-4259-a9eb-cf81040e5157: cophenetic index 431; 0.7 s; peak memory 725 MiB.
2026-10-03T13:26:40Z INFO [905/1874] 314f2736-5d99-4beb-a063-9a44f8cdf4c4: cophenetic index 6609; 1.9 s; peak memory 725 MiB.
2026-10-03T13:26:41Z INFO [906/1874] 3150abfd-d2b4-4a96-8cf9-a174fbb02be3: cophenetic index 624; 0.8 s; peak memory 725 MiB.
2026-10-03T13:26:42Z INFO [907/1874] 315130b5-051e-4d25-9983-a68b4bc27220: cophenetic index 624; 0.9 s; peak memory 725 MiB.
2026-10-03T13:26:43Z INFO [908/1874] 3151a5f8-7a8a-48f4-ba1f-73a662887924: cophenetic index 657; 0.7 s; peak memory 725 MiB.
2026-10-03T13:26:44Z INFO [909/1874] 31523a43-757c-4f50-8fe3-4d2891513846: cophenetic index 657; 0.7 s; peak memory 725 MiB.
2026-10-03T13:26:44Z INFO [910/1874] 31526164-2fc3-4f6b-9085-0138b4c0fd67: cophenetic index 624; 0.9 s; peak memory 725 MiB.
2026-10-03T13:26:45Z INFO [911/1874] 31529fe5-4b34-438e-acda-e5f133142d10: cophenetic index 651; 0.7 s; peak memory 725 MiB.
2026-10-03T13:26:46Z INFO [912/1874] 31532a33-8449-4014-af29-9b763ef7f88a: cophenetic index 3192; 0.9 s; peak memory 725 MiB.
2026-10-03T13:26:52Z INFO [913/1874] 31533409-40dd-4d48-9f5f-e8d403be0b53: cophenetic index 23670; 5.8 s; peak memory 725 MiB.
2026-10-03T13:26:56Z INFO [914/1874] 31565260-7bb5-4c34-9fd9-9e4ebab6aed3: cophenetic index 9548; 3.9 s; peak memory 725 MiB.
2026-10-03T13:26:57Z INFO [915/1874] 3156a589-0590-4a0b-a30b-685d9926d28a: cophenetic index 624; 0.9 s; peak memory 725 MiB.
2026-10-03T13:26:59Z INFO [916/1874] 31572ecd-0715-453c-955b-8d2e38ccb300: cophenetic index 2241; 2.4 s; peak memory 725 MiB.
2026-10-03T13:27:00Z INFO [917/1874] 315813f4-3a5b-46de-a192-5e631ed52f8d: cophenetic index 33962; 1.3 s; peak memory 725 MiB.
2026-10-03T13:27:01Z INFO [918/1874] 3158f855-1718-4407-909a-8f45b4a60723: cophenetic index 649; 1.1 s; peak memory 725 MiB.
2026-10-03T13:27:07Z INFO [919/1874] 3158fc2a-aa1f-4b6b-8349-2d8fee1d3d42: cophenetic index 48955; 5.1 s; peak memory 725 MiB.
2026-10-03T13:27:08Z INFO [920/1874] 315a8b0b-2062-4ae6-ba77-05d33ff27e9b: cophenetic index 3087; 1.1 s; peak memory 725 MiB.
2026-10-03T13:27:08Z INFO [921/1874] 315abd17-b666-4549-8f48-d57f6a936d35: cophenetic index 739; 0.6 s; peak memory 725 MiB.
2026-10-03T13:27:10Z INFO [922/1874] 315b6eb8-5666-4970-8413-b8bed8be04d1: cophenetic index 33958; 1.2 s; peak memory 725 MiB.
2026-10-03T13:27:11Z INFO [923/1874] 315bd841-b68e-44bf-810d-ffc9476f9833: cophenetic index 1949; 1.2 s; peak memory 725 MiB.
2026-10-03T13:27:14Z INFO [924/1874] 315e2978-33bc-4a12-8019-279abbe16e36: cophenetic index 16293; 3.0 s; peak memory 725 MiB.
2026-10-03T13:27:15Z INFO [925/1874] 315e3b51-d2be-4f05-a13e-865d4b07cd0f: cophenetic index 3004; 0.9 s; peak memory 725 MiB.
2026-10-03T13:27:16Z INFO [926/1874] 315e9eac-6e8b-4455-b4ba-772e2a424a58: cophenetic index 624; 1.1 s; peak memory 725 MiB.
2026-10-03T13:27:17Z INFO [927/1874] 315f9de5-e3fb-4a16-94ef-99b506e6c7a7: cophenetic index 3192; 0.9 s; peak memory 725 MiB.
2026-10-03T13:27:18Z INFO [928/1874] 315fa920-8a1e-4ca2-959c-da6ce9e4f35a: cophenetic index 2625; 1.1 s; peak memory 725 MiB.
2026-10-03T13:27:19Z INFO [929/1874] 3161b5df-185a-42c3-ba2c-fdec4ec5acb2: cophenetic index 624; 1.0 s; peak memory 725 MiB.
2026-10-03T13:27:21Z INFO [930/1874] 3161d1ba-7d08-4151-bf2f-b5cdf15d569c: cophenetic index 2469; 2.6 s; peak memory 725 MiB.
2026-10-03T13:27:22Z INFO [931/1874] 316231ac-bda4-48f8-ab15-0e580e200fe8: cophenetic index 624; 0.9 s; peak memory 725 MiB.
2026-10-03T13:27:24Z INFO [932/1874] 31624876-d105-4d52-8eff-f935b6ba80fb: cophenetic index 2625; 1.6 s; peak memory 725 MiB.
2026-10-03T13:27:25Z INFO [933/1874] 3162e139-8249-46ea-98a9-06de862d55ff: cophenetic index 624; 1.0 s; peak memory 725 MiB.
2026-10-03T13:27:26Z INFO [934/1874] 31635895-1214-467d-8ad6-ececcd43e83f: cophenetic index 624; 0.9 s; peak memory 725 MiB.
2026-10-03T13:27:27Z INFO [935/1874] 31638056-68eb-406a-ad52-ceae92b71f42: cophenetic index 1456; 1.1 s; peak memory 725 MiB.
2026-10-03T13:27:29Z INFO [936/1874] 31642d94-6927-4217-86f4-d63c917f277a: cophenetic index 6490; 2.1 s; peak memory 725 MiB.
2026-10-03T13:27:29Z INFO [937/1874] 3165beb0-3df6-4366-bd2c-4122b8aea9df: cophenetic index 627; 0.6 s; peak memory 725 MiB.
2026-10-03T13:27:30Z INFO [938/1874] 3165f55a-3296-4712-aa7f-cd7e367e0b9c: cophenetic index 431; 0.9 s; peak memory 725 MiB.
2026-10-03T13:27:34Z INFO [939/1874] 31664a46-1c1e-439b-950e-57573ccde466: cophenetic index 53040; 3.9 s; peak memory 725 MiB.
2026-10-03T13:27:35Z INFO [940/1874] 3166b9c3-77ab-4143-ae21-f9cb5d7f0174: cophenetic index 649; 1.0 s; peak memory 725 MiB.
2026-10-03T13:27:36Z INFO [941/1874] 3167f3cb-8e48-497a-a3aa-d5d463dc02d6: cophenetic index 624; 0.9 s; peak memory 725 MiB.
2026-10-03T13:27:37Z INFO [942/1874] 31689f54-9719-40e6-b543-1f5c634e8b99: cophenetic index 3004; 0.9 s; peak memory 725 MiB.
2026-10-03T13:27:38Z INFO [943/1874] 3168bde3-627a-413c-a9e5-9ddbe599c2ce: cophenetic index 3087; 1.0 s; peak memory 725 MiB.
2026-10-03T13:27:39Z INFO [944/1874] 31691cb2-e1e0-46ae-a8bd-2f115a1e9fe7: cophenetic index 33968; 1.2 s; peak memory 725 MiB.
2026-10-03T13:27:40Z INFO [945/1874] 3169f987-b73a-4978-b08c-d5c1354c3f91: cophenetic index 624; 0.9 s; peak memory 725 MiB.
2026-10-03T13:27:41Z INFO [946/1874] 316a3a43-5d6e-405b-b9fa-382412196933: cophenetic index 581; 1.1 s; peak memory 725 MiB.
2026-10-03T13:27:42Z INFO [947/1874] 316a77ac-a4aa-4a17-b32c-ca5ac6a42968: cophenetic index 569; 1.0 s; peak memory 725 MiB.
2026-10-03T13:27:43Z INFO [948/1874] 316aef23-75eb-45ec-997e-e4f0f123c048: cophenetic index 2724; 1.4 s; peak memory 725 MiB.
2026-10-03T13:27:44Z INFO [949/1874] 316b21bb-cd11-4875-a6fa-f720c0205393: cophenetic index 3004; 0.9 s; peak memory 725 MiB.
2026-10-03T13:27:46Z INFO [950/1874] 316c06e2-06d1-43d9-abdb-582b77be0540: cophenetic index 3004; 1.2 s; peak memory 725 MiB.
2026-10-03T13:27:46Z INFO [950/1874] 316c06e2-06d1-43d9-abdb-582b77be0540: checkpointed 70820 records.
2026-10-03T13:27:46Z INFO [951/1874] 316d02b9-86e1-412b-8f98-e3db53e4f8d1: cophenetic index 646; 0.8 s; peak memory 725 MiB.
2026-10-03T13:27:48Z INFO [952/1874] 316d27e8-e095-459f-a596-ebd685689155: cophenetic index 3004; 1.1 s; peak memory 725 MiB.
2026-10-03T13:27:48Z INFO [953/1874] 316dd593-927b-4329-95c6-f30468a30b64: cophenetic index 624; 0.8 s; peak memory 725 MiB.
2026-10-03T13:27:49Z INFO [954/1874] 316ec728-da93-4458-9698-f309407c6efe: cophenetic index 624; 0.8 s; peak memory 725 MiB.
2026-10-03T13:27:50Z INFO [955/1874] 316ed6a0-d3fa-4c6f-8e11-9ac58dad78ff: cophenetic index 2625; 1.0 s; peak memory 725 MiB.
2026-10-03T13:27:51Z INFO [956/1874] 316edb07-ca55-42f9-a191-5d4a3cedc300: cophenetic index 490; 0.7 s; peak memory 725 MiB.
2026-10-03T13:28:01Z INFO [957/1874] 316f0635-ef39-4a50-8680-82e836496e9d: cophenetic index 202469; 9.9 s; peak memory 725 MiB.
2026-10-03T13:28:02Z INFO [958/1874] 316f462e-e538-4fbd-83bb-d51ea2f388c4: cophenetic index 949; 1.2 s; peak memory 725 MiB.
2026-10-03T13:28:05Z INFO [959/1874] 316f56fe-0595-4aa8-8069-0a7f85f4e1c7: cophenetic index 2469; 2.4 s; peak memory 725 MiB.
2026-10-03T13:28:06Z INFO [960/1874] 316fccf3-9a02-46ba-81da-fe19720b4665: cophenetic index 1380; 1.3 s; peak memory 725 MiB.
2026-10-03T13:28:08Z INFO [961/1874] 316fd618-e891-4fe7-a3a4-8c5c90f78b44: cophenetic index 940; 1.9 s; peak memory 725 MiB.
2026-10-03T13:28:09Z INFO [962/1874] 31717c79-32f1-4fbf-a261-c9c959df7c45: cophenetic index 624; 0.9 s; peak memory 725 MiB.
2026-10-03T13:28:10Z INFO [963/1874] 317475db-4164-4167-b900-9b14abdb9596: cophenetic index 99150; 1.7 s; peak memory 725 MiB.
2026-10-03T13:28:11Z INFO [964/1874] 317487c1-9dd4-44fb-8781-9724d36fde0a: cophenetic index 2974; 1.1 s; peak memory 725 MiB.
2026-10-03T13:28:12Z INFO [965/1874] 31752acc-c4c2-4e6e-9ffc-bf6a2a267bdd: cophenetic index 497; 0.9 s; peak memory 725 MiB.
2026-10-03T13:28:14Z INFO [966/1874] 31755374-e8da-4644-b180-f961a7be7d25: cophenetic index 33986; 1.2 s; peak memory 725 MiB.
2026-10-03T13:28:15Z INFO [967/1874] 31757351-0498-43ab-96a1-9597b88ea00c: cophenetic index 624; 0.9 s; peak memory 725 MiB.
2026-10-03T13:28:16Z INFO [968/1874] 3175b4e8-cf19-44c6-a470-952d548aa8d1: cophenetic index 3087; 1.1 s; peak memory 725 MiB.
2026-10-03T13:28:16Z INFO [969/1874] 31762cf4-142b-4929-9a0d-a09cdb1d6502: cophenetic index 723; 0.6 s; peak memory 725 MiB.
2026-10-03T13:28:17Z INFO [970/1874] 31764286-0c8e-48e3-8352-8e933cbc988d: cophenetic index 624; 1.0 s; peak memory 725 MiB.
2026-10-03T13:28:18Z INFO [971/1874] 31771ea1-4ea8-4b2f-9104-ae05720273ac: cophenetic index 581; 0.9 s; peak memory 725 MiB.
2026-10-03T13:28:19Z INFO [972/1874] 31774842-9be6-469b-ba7d-27fbd464b3fc: cophenetic index 624; 1.0 s; peak memory 725 MiB.
2026-10-03T13:28:21Z INFO [973/1874] 317765fb-f028-4b0b-8f8d-73c5ec10b503: cophenetic index 895; 1.8 s; peak memory 725 MiB.
2026-10-03T13:28:22Z INFO [974/1874] 31776ecc-0873-4385-8769-72f7b9e81a06: cophenetic index 624; 0.8 s; peak memory 725 MiB.
2026-10-03T13:28:23Z INFO [975/1874] 3177ba53-75a6-4036-ba4a-780ce19d5222: cophenetic index 624; 0.8 s; peak memory 725 MiB.
2026-10-03T13:28:23Z INFO [976/1874] 317807c0-e6ba-46d8-956c-732f3616e062: cophenetic index 729; 0.7 s; peak memory 725 MiB.
2026-10-03T13:28:26Z INFO [977/1874] 3178e136-66b3-4089-abb9-791b6afdd979: cophenetic index 5473; 3.0 s; peak memory 725 MiB.
2026-10-03T13:28:27Z INFO [978/1874] 3179026a-5243-4fce-a941-bed7f554bd6d: cophenetic index 624; 1.0 s; peak memory 725 MiB.
2026-10-03T13:28:28Z INFO [979/1874] 317a27fa-1985-4ab8-86b3-167d8a7c186c: cophenetic index 23510; 1.1 s; peak memory 725 MiB.
2026-10-03T13:28:30Z INFO [980/1874] 317acf76-f8b3-499d-84a9-8a1081bb9dfe: cophenetic index 1087; 1.4 s; peak memory 725 MiB.
2026-10-03T13:28:31Z INFO [981/1874] 317b0d8b-586c-4601-93ec-e4f27b96f3e2: cophenetic index 626; 1.0 s; peak memory 725 MiB.
2026-10-03T13:28:39Z INFO [982/1874] 317b59a4-91cc-47e7-8f9a-cf8fad743b09: cophenetic index 244065; 7.9 s; peak memory 725 MiB.
2026-10-03T13:28:43Z INFO [983/1874] 317b606b-3994-4edb-8290-4b0eeaa7da57: cophenetic index 43386; 4.8 s; peak memory 725 MiB.
2026-10-03T13:28:44Z INFO [984/1874] 317b6cc2-ce10-4c5e-b557-a09fbad0d1e0: cophenetic index 624; 1.0 s; peak memory 725 MiB.
2026-10-03T13:28:45Z INFO [985/1874] 317ba07f-43c4-4925-8c95-c478cede79c2: cophenetic index 3004; 1.0 s; peak memory 725 MiB.
2026-10-03T13:28:47Z INFO [986/1874] 317bae5b-b3a1-460a-9400-0afb4c319ebc: cophenetic index 33962; 1.2 s; peak memory 725 MiB.
2026-10-03T13:28:48Z INFO [987/1874] 317c080c-5142-4397-95e6-7c165cf6b14f: cophenetic index 624; 0.9 s; peak memory 725 MiB.
2026-10-03T13:28:48Z INFO [988/1874] 317c1935-6a63-4488-8a62-a98aa9c6d507: cophenetic index 2551; 0.8 s; peak memory 725 MiB.
2026-10-03T13:28:50Z INFO [989/1874] 317cc576-1e78-4461-a6f1-a2f272794d5f: cophenetic index 33968; 1.3 s; peak memory 725 MiB.
2026-10-03T13:28:51Z INFO [990/1874] 317ddd08-f99a-4d00-bae3-892eff078dd8: cophenetic index 3004; 1.0 s; peak memory 725 MiB.
2026-10-03T13:28:52Z INFO [991/1874] 317e28b5-9428-4a0d-9f39-8585df648cb5: cophenetic index 3057; 1.0 s; peak memory 725 MiB.
2026-10-03T13:28:53Z INFO [992/1874] 317e8500-0675-42ba-bb88-4a9615b4d546: cophenetic index 497; 1.0 s; peak memory 725 MiB.
2026-10-03T13:28:54Z INFO [993/1874] 317ebc3a-bd0f-4130-87d9-e5699502b3ac: cophenetic index 1087; 1.1 s; peak memory 725 MiB.
2026-10-03T13:28:55Z INFO [994/1874] 317f5e07-52fd-49aa-aeec-f21ce127acea: cophenetic index 649; 0.9 s; peak memory 725 MiB.
2026-10-03T13:29:05Z INFO [995/1874] 317fbef2-26c2-429c-9009-4c0e3bb0834a: cophenetic index 409829; 10.3 s; peak memory 725 MiB.
2026-10-03T13:29:06Z INFO [996/1874] 31804a10-0ec4-44fa-a6d5-55ee8c5569d1: cophenetic index 494; 0.7 s; peak memory 725 MiB.
2026-10-03T13:29:06Z INFO [997/1874] 3180510c-2193-4636-882a-8e9df8ed1ebf: cophenetic index 431; 0.7 s; peak memory 725 MiB.
2026-10-03T13:29:07Z INFO [998/1874] 3180667c-53d0-441f-b0e9-122c2087353b: cophenetic index 624; 0.8 s; peak memory 725 MiB.
2026-10-03T13:29:08Z INFO [999/1874] 31810997-b0fa-41a3-bb0f-e5ab32f9e916: cophenetic index 2974; 1.1 s; peak memory 725 MiB.
2026-10-03T13:29:10Z INFO [1000/1874] 31814abe-0c91-43d5-acf4-0f8b3e939d67: cophenetic index 593; 1.3 s; peak memory 725 MiB.
2026-10-03T13:29:10Z INFO [1000/1874] 31814abe-0c91-43d5-acf4-0f8b3e939d67: checkpointed 70870 records.
2026-10-03T13:29:19Z INFO [1001/1874] 31814cef-acd7-4aa9-a9e4-b4ce6926c90f: cophenetic index 249657; 9.5 s; peak memory 725 MiB.
2026-10-03T13:29:21Z INFO [1002/1874] 31818d0e-1dc4-4add-b8a5-279eb2ae4359: cophenetic index 797; 2.3 s; peak memory 725 MiB.
2026-10-03T13:29:23Z INFO [1003/1874] 3181eeef-9392-4306-be56-a0a772ef1803: cophenetic index 6598; 1.2 s; peak memory 725 MiB.
2026-10-03T13:29:25Z INFO [1004/1874] 3182259c-bf9e-499f-af62-fc1533ba3cab: cophenetic index 2524; 2.1 s; peak memory 725 MiB.
2026-10-03T13:29:26Z INFO [1005/1874] 3182c229-8d90-4c40-b68b-7a2fa059e1a8: cophenetic index 2923; 1.0 s; peak memory 725 MiB.
2026-10-03T13:29:27Z INFO [1006/1874] 31830330-25d9-410b-9340-a13ae68049b2: cophenetic index 624; 1.0 s; peak memory 725 MiB.
2026-10-03T13:29:28Z INFO [1007/1874] 31840310-c826-48be-bd5e-4908c3935946: cophenetic index 33986; 1.2 s; peak memory 725 MiB.
2026-10-03T13:29:29Z INFO [1008/1874] 31840e70-7871-49f1-967b-1fb290540e4b: cophenetic index 3004; 1.0 s; peak memory 725 MiB.
2026-10-03T13:29:30Z INFO [1009/1874] 318415e4-9515-4667-bc8c-38c57a3a93c0: cophenetic index 634; 1.1 s; peak memory 725 MiB.
2026-10-03T13:29:31Z INFO [1010/1874] 318435f9-4a3a-41aa-8b8d-e9774374e210: cophenetic index 1380; 1.1 s; peak memory 725 MiB.
2026-10-03T13:29:32Z INFO [1011/1874] 31844e29-9502-469a-8c49-bb7a63253c7f: cophenetic index 490; 0.6 s; peak memory 725 MiB.
2026-10-03T13:29:33Z INFO [1012/1874] 3184dabc-22d9-440d-a79f-b3f838580c61: cophenetic index 23496; 1.1 s; peak memory 725 MiB.
2026-10-03T13:29:34Z INFO [1013/1874] 318531b8-0240-4624-bf2d-281b29496c6d: cophenetic index 33968; 1.3 s; peak memory 725 MiB.
2026-10-03T13:29:35Z INFO [1014/1874] 31854735-d604-4586-893f-21389d8b5a7e: cophenetic index 1781; 1.1 s; peak memory 725 MiB.
2026-10-03T13:29:36Z INFO [1015/1874] 3185655e-c408-433d-843c-b8ad49d85464: cophenetic index 2920; 1.1 s; peak memory 725 MiB.
2026-10-03T13:29:38Z INFO [1016/1874] 318631e4-45c7-4821-8eda-b10097344285: cophenetic index 959; 1.8 s; peak memory 725 MiB.
2026-10-03T13:29:44Z INFO [1017/1874] 3186c42b-e5b1-4fbe-8298-bdeee700ae7c: cophenetic index 13267; 5.6 s; peak memory 725 MiB.
2026-10-03T13:29:45Z INFO [1018/1874] 3186e1cf-5e23-423b-aa46-b3d01df66187: cophenetic index 3004; 1.1 s; peak memory 725 MiB.
2026-10-03T13:29:46Z INFO [1019/1874] 31877438-376e-48eb-b313-1c139ea14d81: cophenetic index 3057; 1.1 s; peak memory 725 MiB.
2026-10-03T13:29:50Z INFO [1020/1874] 31878e4b-aca1-4088-8f2f-3e1507f07331: cophenetic index 45696; 4.7 s; peak memory 725 MiB.
2026-10-03T13:29:51Z INFO [1021/1874] 3187da12-b1ed-4d14-a65f-fe47e68503e2: cophenetic index 448; 0.8 s; peak memory 725 MiB.
2026-10-03T13:29:52Z INFO [1022/1874] 31880196-2054-49fe-a71a-de4957528677: cophenetic index 2923; 1.0 s; peak memory 725 MiB.
2026-10-03T13:29:54Z INFO [1023/1874] 31890e69-0ed5-4edd-91f4-19cd7f78e3ba: cophenetic index 1087; 1.3 s; peak memory 725 MiB.
2026-10-03T13:29:55Z INFO [1024/1874] 31892fd8-0ac1-47a2-b6bd-c868aa8109c3: cophenetic index 3087; 1.1 s; peak memory 725 MiB.
2026-10-03T13:29:55Z INFO [1025/1874] 31898aca-a048-4376-ab69-04f6ddd6cbba: cophenetic index 624; 0.7 s; peak memory 725 MiB.
2026-10-03T13:29:56Z INFO [1026/1874] 3189c48d-61e8-4c29-a752-3a70b2903418: cophenetic index 624; 0.8 s; peak memory 725 MiB.
2026-10-03T13:29:57Z INFO [1027/1874] 318a6686-189c-4ada-94ff-416be9326923: cophenetic index 3004; 1.3 s; peak memory 725 MiB.
2026-10-03T13:29:59Z INFO [1028/1874] 318b2731-3b14-4d4a-889b-d12831f4e52d: cophenetic index 3004; 1.2 s; peak memory 725 MiB.
2026-10-03T13:30:05Z INFO [1029/1874] 318b377b-821f-4b26-a828-bc9e00d40538: cophenetic index 6715; 6.1 s; peak memory 725 MiB.
2026-10-03T13:30:06Z INFO [1030/1874] 318b48e0-70d5-4442-81e3-9155b8efe468: cophenetic index 2625; 1.6 s; peak memory 725 MiB.
2026-10-03T13:30:07Z INFO [1031/1874] 318be094-d183-41ba-afef-217831e369c4: cophenetic index 431; 0.9 s; peak memory 725 MiB.
2026-10-03T13:30:08Z INFO [1032/1874] 318cb42f-80a2-4e8e-af3c-a0b49aba6414: cophenetic index 3004; 1.0 s; peak memory 725 MiB.
2026-10-03T13:30:09Z INFO [1033/1874] 318cdfd3-774e-4036-83d9-957efed60e9b: cophenetic index 624; 0.9 s; peak memory 725 MiB.
2026-10-03T13:30:10Z INFO [1034/1874] 318d09d7-75f8-4ed0-bc74-e0e2da228b0f: cophenetic index 2570; 1.4 s; peak memory 725 MiB.
2026-10-03T13:30:11Z INFO [1035/1874] 318dbfca-2ad9-42e8-a26b-d4012c4e77db: cophenetic index 431; 0.9 s; peak memory 725 MiB.
2026-10-03T13:30:12Z INFO [1036/1874] 318e9e5b-01e2-4d0b-9566-95179a51150c: cophenetic index 494; 0.7 s; peak memory 725 MiB.
2026-10-03T13:30:13Z INFO [1037/1874] 318f5569-2bde-4a21-adce-e00ac8b06e8d: cophenetic index 30304; 1.3 s; peak memory 725 MiB.
2026-10-03T13:30:20Z INFO [1038/1874] 3190ed37-ab3b-4b22-9e0b-ae6543259d4c: cophenetic index 162235266; 6.5 s; peak memory 727 MiB.
2026-10-03T13:30:20Z INFO [1039/1874] 319164e9-e673-4bcf-ba98-55d1ad5045f6: cophenetic index 433; 0.6 s; peak memory 727 MiB.
2026-10-03T13:30:22Z INFO [1040/1874] 31917639-3a7a-4c34-b683-7ef008e72027: cophenetic index 33986; 1.5 s; peak memory 727 MiB.
2026-10-03T13:30:23Z INFO [1041/1874] 319239ee-8adf-42fc-a7ef-38348e65465e: cophenetic index 605; 1.1 s; peak memory 727 MiB.
2026-10-03T13:30:33Z INFO [1042/1874] 319294b1-8dc0-4833-99ea-b3580aba810a: cophenetic index 364813; 9.7 s; peak memory 727 MiB.
2026-10-03T13:30:34Z INFO [1043/1874] 31944207-c6f4-4257-8453-b3266588c782: cophenetic index 23393; 1.2 s; peak memory 727 MiB.
2026-10-03T13:30:36Z INFO [1044/1874] 3196ad42-61b2-405a-bd23-78a2cf0a6575: cophenetic index 9671; 2.2 s; peak memory 727 MiB.
2026-10-03T13:30:37Z INFO [1045/1874] 3197ad7f-508a-43d5-a3f5-165ae3040e55: cophenetic index 490; 0.8 s; peak memory 727 MiB.
2026-10-03T13:30:38Z INFO [1046/1874] 3197e917-6a54-4458-8314-8667322a131c: cophenetic index 569; 1.1 s; peak memory 727 MiB.
2026-10-03T13:30:39Z INFO [1047/1874] 319834ab-8340-4280-871b-845abebabb78: cophenetic index 646; 0.8 s; peak memory 727 MiB.
2026-10-03T13:30:42Z INFO [1048/1874] 3198da90-381b-4f86-8d71-f08c7f4f0fe4: cophenetic index 5473; 3.0 s; peak memory 727 MiB.
2026-10-03T13:30:42Z INFO [1049/1874] 3198e4c5-4948-41c2-b4c8-5d4eb5fcda51: cophenetic index 446; 0.7 s; peak memory 727 MiB.
2026-10-03T13:30:44Z INFO [1050/1874] 3199286b-c2f7-4d48-b2bd-e61a1f58c1ad: cophenetic index 2625; 1.6 s; peak memory 727 MiB.
2026-10-03T13:30:44Z INFO [1050/1874] 3199286b-c2f7-4d48-b2bd-e61a1f58c1ad: checkpointed 70920 records.
2026-10-03T13:30:45Z INFO [1051/1874] 3199aec9-96d7-4956-a022-2fe7b62750b3: cophenetic index 624; 1.0 s; peak memory 727 MiB.
2026-10-03T13:30:47Z INFO [1052/1874] 319a193c-e4a8-453d-b06a-a24885cee0f8: cophenetic index 809; 1.9 s; peak memory 727 MiB.
2026-10-03T13:30:48Z INFO [1053/1874] 319ad91f-4f79-4c77-bca5-48b5cfbf9815: cophenetic index 3004; 1.0 s; peak memory 727 MiB.
2026-10-03T13:30:49Z INFO [1054/1874] 319b3cb0-3826-420a-8c7f-cba0ff7783b5: cophenetic index 624; 0.8 s; peak memory 727 MiB.
2026-10-03T13:30:50Z INFO [1055/1874] 319b435a-ea3f-4786-9142-6b7266e01551: cophenetic index 624; 0.8 s; peak memory 727 MiB.
2026-10-03T13:30:51Z INFO [1056/1874] 319c54ab-674a-475c-a261-9f91cc1702c8: cophenetic index 33968; 1.5 s; peak memory 727 MiB.
2026-10-03T13:30:52Z INFO [1057/1874] 319c9a82-0d62-4496-877b-eaa830272376: cophenetic index 723; 0.6 s; peak memory 727 MiB.
2026-10-03T13:30:53Z INFO [1058/1874] 319cc8f4-84aa-4372-838e-d53a5b9743ac: cophenetic index 4586; 1.1 s; peak memory 727 MiB.
2026-10-03T13:30:53Z INFO [1059/1874] 319cdecd-d131-4ef1-ab0f-ed0804842584: cophenetic index 490; 0.6 s; peak memory 727 MiB.
2026-10-03T13:30:55Z WARNING 319d22c8-6c6e-41bb-9bf9-9c6773d2b2ad: failed while reading the NWB file (KeyError: 'Unable to synchronously open object (component not found)')
2026-10-03T13:30:55Z WARNING [1060/1874] 319d22c8-6c6e-41bb-9bf9-9c6773d2b2ad: leaving unrecorded for a later run to retry.
2026-10-03T13:31:00Z INFO [1061/1874] 319e37f0-005e-4115-a8bb-b2d802074f7b: cophenetic index 9298; 4.9 s; peak memory 727 MiB.
2026-10-03T13:31:01Z INFO [1062/1874] 319e4509-8346-40fa-ab6d-14caf6e1e095: cophenetic index 1570; 1.2 s; peak memory 727 MiB.
2026-10-03T13:31:02Z INFO [1063/1874] 319f5fe9-0a09-4cb2-9664-a91b556183b3: cophenetic index 624; 0.9 s; peak memory 727 MiB.
2026-10-03T13:31:10Z INFO [1064/1874] 319fcb93-7308-47c9-913b-c9aa71b9ce4f: cophenetic index 127515; 8.1 s; peak memory 727 MiB.
2026-10-03T13:31:14Z INFO [1065/1874] 31a05e05-48b4-4889-a8b3-8dffcdc8ef89: cophenetic index 9625; 4.3 s; peak memory 727 MiB.
2026-10-03T13:31:15Z INFO [1066/1874] 31a0e735-9c54-4900-9788-973f0dc3079c: cophenetic index 1949; 1.1 s; peak memory 727 MiB.
2026-10-03T13:31:16Z INFO [1067/1874] 31a10efd-199f-44ca-a727-d166750e13c1: cophenetic index 624; 0.9 s; peak memory 727 MiB.
2026-10-03T13:31:17Z INFO [1068/1874] 31a158d9-11b3-4d55-be8c-9b96e45b3ae3: cophenetic index 33998; 1.1 s; peak memory 727 MiB.
2026-10-03T13:31:20Z INFO [1069/1874] 31a268c1-9779-4419-a40e-d41b3394ddce: cophenetic index 2391; 2.6 s; peak memory 727 MiB.
2026-10-03T13:31:21Z INFO [1070/1874] 31a279d5-62f1-4341-bd9e-417ccfe66344: cophenetic index 1025; 1.1 s; peak memory 727 MiB.
2026-10-03T13:31:29Z INFO [1071/1874] 31a311c9-5556-477f-bf64-5546fac23d02: cophenetic index 128064; 7.7 s; peak memory 727 MiB.
2026-10-03T13:31:29Z INFO [1072/1874] 31a3581a-9bf3-4949-9081-d2ceaa7859d0: cophenetic index 3087; 0.9 s; peak memory 727 MiB.
2026-10-03T13:31:31Z INFO [1073/1874] 31a47078-2e75-4965-b019-65b4073f54ca: cophenetic index 2625; 1.4 s; peak memory 727 MiB.
2026-10-03T13:31:32Z INFO [1074/1874] 31a5ee02-ae06-4093-94f6-291be4434dda: cophenetic index 3004; 1.1 s; peak memory 727 MiB.
2026-10-03T13:31:33Z INFO [1075/1874] 31a76d1f-4f88-48e9-aa23-f488966653eb: cophenetic index 33818; 1.2 s; peak memory 727 MiB.
2026-10-03T13:31:34Z INFO [1076/1874] 31a7af84-3893-43b5-9cfc-5221e5ecea70: cophenetic index 2625; 1.1 s; peak memory 727 MiB.
2026-10-03T13:31:35Z INFO [1077/1874] 31a80af4-8e06-4e5d-87ee-927cbb7e3814: cophenetic index 649; 1.0 s; peak memory 727 MiB.
2026-10-03T13:31:37Z INFO [1078/1874] 31a83ed7-0c00-4f35-84be-c81b897ca3f1: cophenetic index 797; 1.7 s; peak memory 727 MiB.
2026-10-03T13:31:38Z INFO [1079/1874] 31a83ef8-d7a2-4a95-8662-3997ef58f5a2: cophenetic index 490; 0.6 s; peak memory 727 MiB.
2026-10-03T13:31:40Z INFO [1080/1874] 31a861de-0d28-4486-8660-5ef95b4fe6a3: cophenetic index 2402; 2.1 s; peak memory 727 MiB.
2026-10-03T13:31:41Z INFO [1081/1874] 31a8ceb7-779e-49a2-bf96-1727850c5bcb: cophenetic index 1087; 1.2 s; peak memory 727 MiB.
2026-10-03T13:31:42Z INFO [1082/1874] 31a9abbe-0bd5-45b1-be71-e420ed56ed49: cophenetic index 33998; 1.6 s; peak memory 727 MiB.
2026-10-03T13:31:43Z INFO [1083/1874] 31a9c7aa-b90f-4579-add5-dd57b06979e4: cophenetic index 624; 0.9 s; peak memory 727 MiB.
2026-10-03T13:31:45Z INFO [1084/1874] 31aade36-5feb-43eb-bade-49c5dbf1b2ac: cophenetic index 2570; 1.2 s; peak memory 727 MiB.
2026-10-03T13:31:45Z INFO [1085/1874] 31ac2596-8ab9-4df6-9184-ae65acf67f93: cophenetic index 3004; 0.9 s; peak memory 727 MiB.
2026-10-03T13:31:47Z INFO [1086/1874] 31acb18e-a2e8-4137-b11c-e1578e10e4e4: cophenetic index 34802; 1.3 s; peak memory 727 MiB.
2026-10-03T13:31:48Z INFO [1087/1874] 31ad3a9a-60b2-4528-bd7a-c6943a970c2b: cophenetic index 2625; 1.7 s; peak memory 727 MiB.
2026-10-03T13:31:49Z INFO [1088/1874] 31aebcfa-c6f4-4fa4-aae7-8fc6032b7963: cophenetic index 624; 0.9 s; peak memory 727 MiB.
2026-10-03T13:31:50Z INFO [1089/1874] 31afa659-09ea-4c19-adab-392e3313b865: cophenetic index 624; 0.8 s; peak memory 727 MiB.
2026-10-03T13:31:51Z INFO [1090/1874] 31afaf43-ca77-4510-a001-b030d30d1bac: cophenetic index 624; 0.8 s; peak memory 727 MiB.
2026-10-03T13:31:56Z INFO [1091/1874] 31b017b6-955a-44fb-b181-41c63e16c9ec: cophenetic index 10229; 4.8 s; peak memory 727 MiB.
2026-10-03T13:31:57Z INFO [1092/1874] 31b0b9ed-8022-4db1-8ab5-b37e6ead749e: cophenetic index 646; 1.0 s; peak memory 727 MiB.
2026-10-03T13:31:58Z INFO [1093/1874] 31b1917f-779e-4e55-8229-b1bd9b20411c: cophenetic index 1006; 1.0 s; peak memory 727 MiB.
2026-10-03T13:32:01Z INFO [1094/1874] 31b1921e-c53c-4ca6-9295-aa71cdb8779c: cophenetic index 1733; 3.1 s; peak memory 727 MiB.
2026-10-03T13:32:02Z INFO [1095/1874] 31b3adec-723c-476a-b81e-1b756d1c6d3b: cophenetic index 3004; 1.0 s; peak memory 727 MiB.
2026-10-03T13:32:03Z INFO [1096/1874] 31b3bb50-f035-486d-a483-a335dbedf965: cophenetic index 1087; 1.5 s; peak memory 727 MiB.
2026-10-03T13:32:04Z INFO [1097/1874] 31b44345-6c36-4a65-bd6f-b7c82668dc66: cophenetic index 3087; 0.9 s; peak memory 727 MiB.
2026-10-03T13:32:05Z INFO [1098/1874] 31b49fc8-28ea-4b16-8d0f-f3e7eebe1b5b: cophenetic index 624; 0.8 s; peak memory 727 MiB.
2026-10-03T13:32:06Z INFO [1099/1874] 31b4aa12-dd81-47b4-86d5-e30675545e4c: cophenetic index 33962; 1.2 s; peak memory 727 MiB.
2026-10-03T13:32:07Z INFO [1100/1874] 31b4b314-e703-4f3e-9ed9-3f3a1ee90e22: cophenetic index 624; 0.8 s; peak memory 727 MiB.
2026-10-03T13:32:07Z INFO [1100/1874] 31b4b314-e703-4f3e-9ed9-3f3a1ee90e22: checkpointed 70969 records.
2026-10-03T13:32:08Z INFO [1101/1874] 31b60549-504f-485b-af9e-ad4f9b9c7dc7: cophenetic index 2625; 1.2 s; peak memory 727 MiB.
2026-10-03T13:32:09Z INFO [1102/1874] 31b655d2-d609-4883-a0ee-ee0b7f8f0e18: cophenetic index 3004; 0.9 s; peak memory 727 MiB.
2026-10-03T13:32:10Z INFO [1103/1874] 31b744a5-3176-4da1-8938-a2353cf81059: cophenetic index 1248; 1.1 s; peak memory 727 MiB.
2026-10-03T13:32:16Z INFO [1104/1874] 31b7f55f-80ef-4834-b557-6407c8eab904: cophenetic index 64511; 5.3 s; peak memory 727 MiB.
2026-10-03T13:32:17Z INFO [1105/1874] 31b84a2c-37bf-4bd1-a71c-a9240f254407: cophenetic index 649; 1.0 s; peak memory 727 MiB.
2026-10-03T13:32:18Z INFO [1106/1874] 31b8f101-be71-41c7-b590-5b36eba6fcf2: cophenetic index 2625; 1.3 s; peak memory 727 MiB.
2026-10-03T13:32:19Z INFO [1107/1874] 31ba232d-7b9d-47ea-bf60-2db6f17f65a2: cophenetic index 2570; 1.5 s; peak memory 727 MiB.
2026-10-03T13:32:21Z INFO [1108/1874] 31bb5b5f-3ecc-4e73-bbda-091117d638b2: cophenetic index 605; 1.2 s; peak memory 727 MiB.
2026-10-03T13:32:40Z INFO [1109/1874] 31bb60d2-6de4-41ea-a6f0-376a1ff945e7: cophenetic index 258820; 19.4 s; peak memory 727 MiB.
2026-10-03T13:32:41Z INFO [1110/1874] 31bbf2a5-60be-45a3-a8a5-27e548145151: cophenetic index 3087; 1.0 s; peak memory 727 MiB.
2026-10-03T13:32:43Z INFO [1111/1874] 31bc0b25-1b2d-497e-aad6-c88e8635975f: cophenetic index 2609; 1.8 s; peak memory 727 MiB.
2026-10-03T13:32:43Z INFO [1112/1874] 31bc1589-105b-40d7-9149-000b05d48f52: cophenetic index 490; 0.6 s; peak memory 727 MiB.
2026-10-03T13:34:19Z INFO [1113/1874] 31bc1ceb-822d-4ba5-9729-0743fca2ad22: cophenetic index 1205090; 95.8 s; peak memory 727 MiB.
2026-10-03T13:34:20Z INFO [1114/1874] 31bc6b6b-31a5-4727-99f6-57caea57216a: cophenetic index 2974; 1.1 s; peak memory 727 MiB.
2026-10-03T13:34:22Z INFO [1115/1874] 31bc9559-59e1-4e69-a5f6-d2fb5333938f: cophenetic index 2625; 1.3 s; peak memory 727 MiB.
2026-10-03T13:34:22Z INFO [1116/1874] 31bccbbe-494f-455b-82ae-dd0bcf2626ed: cophenetic index 431; 0.9 s; peak memory 727 MiB.
2026-10-03T13:34:24Z INFO [1117/1874] 31bcdcd1-18c2-4238-aee8-dbe613ea9412: cophenetic index 3057; 1.1 s; peak memory 727 MiB.
2026-10-03T13:34:26Z INFO [1118/1874] 31be05c7-3465-4bb0-8591-7c5bc3b66391: cophenetic index 1970; 2.4 s; peak memory 727 MiB.
2026-10-03T13:34:27Z INFO [1119/1874] 31beb2f2-2ff9-449d-b0e5-88a9d38c58a7: cophenetic index 3087; 1.0 s; peak memory 727 MiB.
2026-10-03T13:34:28Z INFO [1120/1874] 31bf72b3-6c80-4342-b7cd-3b1617ed3c9a: cophenetic index 33986; 1.3 s; peak memory 727 MiB.
2026-10-03T13:34:30Z INFO [1121/1874] 31c00c34-19aa-44cd-a851-8561311418d7: cophenetic index 2625; 1.4 s; peak memory 727 MiB.
2026-10-03T13:34:31Z INFO [1122/1874] 31c02da4-fde4-42dd-b796-eb2ae3518105: cophenetic index 593; 1.3 s; peak memory 727 MiB.
2026-10-03T13:34:32Z INFO [1123/1874] 31c03e1c-3916-4e3d-b3fb-f42d410473f3: cophenetic index 3004; 1.1 s; peak memory 727 MiB.
2026-10-03T13:34:33Z INFO [1124/1874] 31c0541a-05a1-4f93-9e30-e2ade8860a5a: cophenetic index 431; 0.6 s; peak memory 727 MiB.
2026-10-03T13:34:35Z INFO [1125/1874] 31c0d025-7f95-4fb7-9f3e-f196f6b1777c: cophenetic index 99810; 2.5 s; peak memory 727 MiB.
2026-10-03T13:34:36Z INFO [1126/1874] 31c1121a-7394-4d6d-9ff1-34da9381c01b: cophenetic index 766; 1.1 s; peak memory 727 MiB.
2026-10-03T13:34:37Z INFO [1127/1874] 31c154cd-3ddf-43c6-b499-3e7fde4bc321: cophenetic index 624; 0.8 s; peak memory 727 MiB.
2026-10-03T13:34:38Z INFO [1128/1874] 31c17cad-2aba-4711-8b2e-63646b4845f3: cophenetic index 3972; 1.0 s; peak memory 727 MiB.
2026-10-03T13:34:39Z INFO [1129/1874] 31c20166-747d-41b3-82a4-f9ddee1be43c: cophenetic index 448; 0.8 s; peak memory 727 MiB.
2026-10-03T13:34:40Z INFO [1130/1874] 31c27b4f-f208-4ba2-a687-c3bcdf41a445: cophenetic index 1558; 1.2 s; peak memory 727 MiB.
2026-10-03T13:34:43Z INFO [1131/1874] 31c2a107-9b1e-4311-9ae1-165ef1e4da16: cophenetic index 197518; 3.2 s; peak memory 727 MiB.
2026-10-03T13:34:44Z INFO [1132/1874] 31c2b105-2467-4f86-a0c9-6d816d9f370e: cophenetic index 624; 0.9 s; peak memory 727 MiB.
2026-10-03T13:35:07Z INFO [1133/1874] 31c32271-c10f-47a5-bd94-950dd3c6bed9: cophenetic index 25210736; 23.4 s; peak memory 727 MiB.
2026-10-03T13:35:08Z INFO [1134/1874] 31c3b6cd-a9df-4446-b3ad-aa58ed332a92: cophenetic index 624; 0.9 s; peak memory 727 MiB.
2026-10-03T13:35:10Z INFO [1135/1874] 31c40bc0-db0a-40c2-9857-0d23ffbcbe58: cophenetic index 2625; 1.2 s; peak memory 727 MiB.
2026-10-03T13:35:10Z INFO [1136/1874] 31c43d2f-120a-44f9-a836-9757a0e402f4: cophenetic index 494; 0.8 s; peak memory 727 MiB.
2026-10-03T13:35:11Z INFO [1137/1874] 31c46997-06de-40b4-a7b8-54711ec2ef60: cophenetic index 2570; 1.0 s; peak memory 727 MiB.
2026-10-03T13:35:13Z INFO [1138/1874] 31c4a4e9-736a-42e8-adc0-59fcc14a74ac: cophenetic index 23436; 1.1 s; peak memory 727 MiB.
2026-10-03T13:35:13Z INFO [1139/1874] 31c53e10-8f3d-4535-8ff1-02881d4db192: cophenetic index 649; 0.9 s; peak memory 727 MiB.
2026-10-03T13:35:14Z INFO [1140/1874] 31c5f708-5755-43dc-a983-1ad7bf0e0c56: cophenetic index 572; 0.8 s; peak memory 727 MiB.
2026-10-03T13:35:17Z INFO [1141/1874] 31c60bef-c6de-4685-a06f-ad0ae6572cec: cophenetic index 2027; 2.7 s; peak memory 727 MiB.
2026-10-03T13:35:18Z INFO [1142/1874] 31c6b5d1-0238-425c-a8d6-7523483de27f: cophenetic index 490; 0.8 s; peak memory 727 MiB.
2026-10-03T13:35:19Z INFO [1143/1874] 31c8053a-6fef-4f34-94ca-59a09f7f3e6b: cophenetic index 33968; 1.0 s; peak memory 727 MiB.
2026-10-03T13:35:20Z INFO [1144/1874] 31c81981-b633-4f4b-823e-b9fd683c2984: cophenetic index 624; 0.8 s; peak memory 727 MiB.
2026-10-03T13:35:20Z INFO [1145/1874] 31c8b8cf-0b37-4b23-b106-0d2d7033a874: cophenetic index 624; 0.8 s; peak memory 727 MiB.
2026-10-03T13:35:21Z INFO [1146/1874] 31c96258-89ee-45e3-8653-01f432cc2b95: cophenetic index 624; 0.8 s; peak memory 727 MiB.
2026-10-03T13:35:22Z INFO [1147/1874] 31c96a0b-4c27-46a7-80d0-3c613c8c48fb: cophenetic index 33986; 1.2 s; peak memory 727 MiB.
2026-10-03T13:35:25Z INFO [1148/1874] 31c9935f-885a-4587-9f90-ae428a07a9e1: cophenetic index 6490; 2.3 s; peak memory 727 MiB.
2026-10-03T13:35:26Z INFO [1149/1874] 31cac089-a44d-473c-9145-c25072d03d4f: cophenetic index 624; 0.8 s; peak memory 727 MiB.
2026-10-03T13:35:26Z INFO [1150/1874] 31caddb3-d8a0-4239-b5ff-dd965d3ca098: cophenetic index 624; 0.9 s; peak memory 727 MiB.
2026-10-03T13:35:27Z INFO [1150/1874] 31caddb3-d8a0-4239-b5ff-dd965d3ca098: checkpointed 71019 records.
2026-10-03T13:35:27Z INFO [1151/1874] 31cafae4-2d83-47e3-b483-fb561c20d245: cophenetic index 3057; 0.9 s; peak memory 727 MiB.
2026-10-03T13:35:28Z INFO [1152/1874] 31cb2e78-95ee-4d69-9e56-a53d0c934f93: cophenetic index 490; 0.7 s; peak memory 727 MiB.
2026-10-03T13:35:29Z INFO [1153/1874] 31cb3cb7-25dc-4cbc-8a35-9bf4b5ede990: cophenetic index 539; 0.8 s; peak memory 727 MiB.
2026-10-03T13:35:30Z INFO [1154/1874] 31ccff59-af15-4556-93f3-9ef2deb2b429: cophenetic index 3004; 1.1 s; peak memory 727 MiB.
2026-10-03T13:35:31Z INFO [1155/1874] 31cdfceb-9dc9-4bf5-aade-5f34bbcae169: cophenetic index 624; 0.8 s; peak memory 727 MiB.
2026-10-03T13:35:32Z INFO [1156/1874] 31cf9dde-4bf6-4fe8-aae4-3731ca8e9c67: cophenetic index 446; 0.7 s; peak memory 727 MiB.
2026-10-03T13:35:33Z INFO [1157/1874] 31cf9f9f-12a9-4a50-aee4-427498d18a01: cophenetic index 1346; 1.4 s; peak memory 727 MiB.
2026-10-03T13:35:34Z INFO [1158/1874] 31d02a2d-b5ea-40f2-80f3-a6d1c7bc70cf: cophenetic index 690; 0.6 s; peak memory 727 MiB.
2026-10-03T13:35:34Z INFO [1159/1874] 31d04351-55df-4976-8902-9e3ae4f9655a: cophenetic index 593; 1.0 s; peak memory 727 MiB.
2026-10-03T13:35:35Z INFO [1160/1874] 31d100be-f137-4121-b143-62a7b450cf6b: cophenetic index 401; 0.6 s; peak memory 727 MiB.
2026-10-03T13:35:36Z INFO [1161/1874] 31d13d3f-14fd-4126-a76e-61f43f22b764: cophenetic index 624; 0.8 s; peak memory 727 MiB.
2026-10-03T13:35:37Z INFO [1162/1874] 31d15ac3-8c93-4f41-9e01-c802c59fda41: cophenetic index 624; 0.9 s; peak memory 727 MiB.
2026-10-03T13:35:39Z INFO [1163/1874] 31d318ae-09f7-4ffd-b4b2-74a7e76c85e7: cophenetic index 959; 1.8 s; peak memory 727 MiB.
2026-10-03T13:35:40Z INFO [1164/1874] 31d37a28-7948-4cbb-a410-a4d48863347c: cophenetic index 624; 0.9 s; peak memory 727 MiB.
2026-10-03T13:35:40Z INFO [1165/1874] 31d4fe4d-1b13-43d1-b8f2-5fe9bcd919e5: cophenetic index 624; 0.9 s; peak memory 727 MiB.
2026-10-03T13:35:43Z INFO [1166/1874] 31d6c6e7-9285-40fe-afd0-969c71de9733: cophenetic index 5486; 2.9 s; peak memory 727 MiB.
2026-10-03T13:35:44Z INFO [1167/1874] 31d75c8a-1d9d-43cb-8281-8e1cc9269abb: cophenetic index 994; 0.8 s; peak memory 727 MiB.
2026-10-03T13:35:46Z INFO [1168/1874] 31d7f0b5-ed53-4d2f-b88b-e09af0c84b76: cophenetic index 2469; 2.3 s; peak memory 727 MiB.
2026-10-03T13:35:47Z INFO [1169/1874] 31d88335-f2a1-47bd-89f7-de20d0afb638: cophenetic index 2974; 1.0 s; peak memory 727 MiB.
2026-10-03T13:35:48Z INFO [1170/1874] 31d8e14d-682f-4ddd-b161-b1e63054eb4e: cophenetic index 539; 0.8 s; peak memory 727 MiB.
2026-10-03T13:35:49Z INFO [1171/1874] 31d9530a-ed52-479b-9353-4c69a1b17813: cophenetic index 690; 0.7 s; peak memory 727 MiB.
2026-10-03T13:35:50Z INFO [1172/1874] 31da44c4-df38-42d1-b77b-114baaa48f74: cophenetic index 605; 1.2 s; peak memory 727 MiB.
2026-10-03T13:37:20Z INFO [1173/1874] 31db1b25-8d68-40d6-92d2-97e6f0a3a654: cophenetic index 267313046; 90.2 s; peak memory 727 MiB.
2026-10-03T13:37:21Z INFO [1174/1874] 31dc3ba1-6b3b-4029-b782-04bd81475399: cophenetic index 624; 1.0 s; peak memory 727 MiB.
2026-10-03T13:37:22Z INFO [1175/1874] 31dd5509-e5b2-45c6-9f74-1b0750edc811: cophenetic index 651; 0.7 s; peak memory 727 MiB.
2026-10-03T13:37:23Z INFO [1176/1874] 31dd819a-2dc6-49da-bef8-3c4ce046fd15: cophenetic index 3057; 1.0 s; peak memory 727 MiB.
2026-10-03T13:37:24Z INFO [1177/1874] 31de23e1-6221-42b3-8980-d02d82b35e7a: cophenetic index 651; 0.6 s; peak memory 727 MiB.
2026-10-03T13:37:25Z INFO [1178/1874] 31de3d59-a62b-44f0-8c06-b6bbbb8aedf5: cophenetic index 692; 1.0 s; peak memory 727 MiB.
2026-10-03T13:37:25Z INFO [1179/1874] 31de6afc-e26e-42c5-936b-706b59ff6364: cophenetic index 490; 0.9 s; peak memory 727 MiB.
2026-10-03T13:37:27Z INFO [1180/1874] 31df4697-1714-43c8-aee8-1126a91f6f50: cophenetic index 1456; 1.2 s; peak memory 727 MiB.
2026-10-03T13:37:28Z INFO [1181/1874] 31df4e62-1ab7-4024-9e13-b7f56fc0dde0: cophenetic index 624; 1.0 s; peak memory 727 MiB.
2026-10-03T13:37:29Z INFO [1182/1874] 31df5253-d8ca-4b39-a30a-e1e91501dea8: cophenetic index 2570; 1.5 s; peak memory 727 MiB.
2026-10-03T13:37:31Z INFO [1183/1874] 31df9a73-d9c2-4ee7-9c39-e91ee622f118: cophenetic index 1400; 1.6 s; peak memory 727 MiB.
2026-10-03T13:37:32Z INFO [1184/1874] 31dffba2-04df-4b4f-91f4-ce9380081869: cophenetic index 385; 0.8 s; peak memory 727 MiB.
2026-10-03T13:37:32Z INFO [1185/1874] 31e185e2-8207-4b33-9b16-280d34c7e1fb: cophenetic index 624; 0.9 s; peak memory 727 MiB.
2026-10-03T13:37:35Z INFO [1186/1874] 31e1a2ad-e4fd-4abc-820b-87fe977fabe8: cophenetic index 9867; 2.1 s; peak memory 727 MiB.
2026-10-03T13:37:35Z INFO [1187/1874] 31e26f8b-099a-4969-b880-4562ec0744e0: cophenetic index 1602; 0.8 s; peak memory 727 MiB.
2026-10-03T13:37:36Z INFO [1188/1874] 31e274a0-407d-4797-8494-f08df0d2b29f: cophenetic index 624; 0.8 s; peak memory 727 MiB.
2026-10-03T13:37:37Z INFO [1189/1874] 31e39469-5e6e-4c32-a898-f2c27189141b: cophenetic index 624; 0.9 s; peak memory 727 MiB.
2026-10-03T13:37:41Z INFO [1190/1874] 31e39741-4248-432c-b8f1-d12272ade387: cophenetic index 15476; 4.1 s; peak memory 727 MiB.
2026-10-03T13:37:42Z INFO [1191/1874] 31e4f88e-7329-40d0-b0aa-98c43f25fcf9: cophenetic index 1781; 0.9 s; peak memory 727 MiB.
2026-10-03T13:37:43Z INFO [1192/1874] 31e57fb0-a40f-4ace-8d66-787ff3131de6: cophenetic index 33986; 1.2 s; peak memory 727 MiB.
2026-10-03T13:37:44Z INFO [1193/1874] 31e5e79e-908a-4a70-bf60-4af5d5dd0954: cophenetic index 2570; 1.0 s; peak memory 727 MiB.
2026-10-03T13:37:49Z INFO [1194/1874] 31e656b9-dccf-4b14-bcec-ef0ada1edea7: cophenetic index 49938; 5.0 s; peak memory 727 MiB.
2026-10-03T13:37:50Z INFO [1195/1874] 31e6cb06-49f4-45a0-97f7-824b5f4321ed: cophenetic index 624; 0.9 s; peak memory 727 MiB.
2026-10-03T13:37:52Z INFO [1196/1874] 31e6e04a-7e58-4dad-a621-03ac6b559586: cophenetic index 884; 1.8 s; peak memory 727 MiB.
2026-10-03T13:37:54Z INFO [1197/1874] 31e77f26-e662-456c-b14a-70c637ef9710: cophenetic index 33998; 2.0 s; peak memory 727 MiB.
2026-10-03T13:37:55Z INFO [1198/1874] 31e7a4fa-a81a-47f5-a79f-f4fa07ddfe18: cophenetic index 791; 1.2 s; peak memory 727 MiB.
2026-10-03T13:37:56Z INFO [1199/1874] 31e7aa1c-9bfc-4135-b861-3c3b6a984f2b: cophenetic index 2625; 1.2 s; peak memory 727 MiB.
2026-10-03T13:37:57Z INFO [1200/1874] 31e8574d-421d-4628-a25c-5b095b086a82: cophenetic index 624; 0.7 s; peak memory 727 MiB.
2026-10-03T13:37:57Z INFO [1200/1874] 31e8574d-421d-4628-a25c-5b095b086a82: checkpointed 71069 records.
2026-10-03T13:37:58Z INFO [1201/1874] 31e88bfa-9ab4-4a3e-b5c7-ed1ea94014de: cophenetic index 565; 0.8 s; peak memory 727 MiB.
2026-10-03T13:37:59Z INFO [1202/1874] 31e9377d-b0c7-4c82-a57a-67f8bf12f894: cophenetic index 3087; 1.1 s; peak memory 727 MiB.
2026-10-03T13:38:00Z INFO [1203/1874] 31eb6a53-6d30-46ce-94f0-5f2a87b14e4e: cophenetic index 23376; 1.2 s; peak memory 727 MiB.
2026-10-03T13:38:01Z INFO [1204/1874] 31eb7f99-ebbb-4ab0-ab1d-655fcbd52fb5: cophenetic index 1949; 0.9 s; peak memory 727 MiB.
2026-10-03T13:38:04Z INFO [1205/1874] 31ebef4a-6f4d-4a32-8728-70cfdd11bc76: cophenetic index 4136; 2.5 s; peak memory 727 MiB.
2026-10-03T13:38:07Z INFO [1206/1874] 31ec21ff-6b6c-4e0c-bbb0-acaa11431861: cophenetic index 5473; 2.9 s; peak memory 727 MiB.
2026-10-03T13:38:31Z INFO [1207/1874] 31ecbbf3-6062-4c3a-aea7-aa4979e057fc: cophenetic index 749066; 24.8 s; peak memory 727 MiB.
2026-10-03T13:38:33Z INFO [1208/1874] 31ed307f-e8a4-41d1-8896-aba639831e16: cophenetic index 728; 1.8 s; peak memory 727 MiB.
2026-10-03T13:38:35Z INFO [1209/1874] 31eebc0d-be7c-4358-bf0a-b5c9a4659461: cophenetic index 6435; 1.2 s; peak memory 727 MiB.
2026-10-03T13:38:37Z INFO [1210/1874] 31eedcc7-4848-4ac3-bda9-1d6a22bccf4f: cophenetic index 1479; 2.1 s; peak memory 727 MiB.
2026-10-03T13:38:38Z INFO [1211/1874] 31ef4ead-cd10-46d3-953a-43f1873da342: cophenetic index 515; 1.5 s; peak memory 727 MiB.
2026-10-03T13:38:40Z INFO [1212/1874] 31ef693b-5b29-4615-be92-f1221f7f7902: cophenetic index 854; 2.0 s; peak memory 727 MiB.
2026-10-03T13:38:41Z INFO [1213/1874] 31f0696f-9fb2-4c37-81e4-6fbedd5adcd4: cophenetic index 624; 0.8 s; peak memory 727 MiB.
2026-10-03T13:38:42Z INFO [1214/1874] 31f08f7d-9e34-41f1-924c-74fe4237ccb1: cophenetic index 624; 0.9 s; peak memory 727 MiB.
2026-10-03T13:38:43Z INFO [1215/1874] 31f0ea49-519e-4e72-8f15-0820287478f1: cophenetic index 3215; 0.9 s; peak memory 727 MiB.
2026-10-03T13:38:44Z INFO [1216/1874] 31f1465f-3c34-4767-8e07-b75180214181: cophenetic index 3087; 1.0 s; peak memory 727 MiB.
2026-10-03T13:38:54Z INFO [1217/1874] 31f29872-4c55-48ca-b12e-1c0b11ca01c8: cophenetic index 49847; 10.3 s; peak memory 727 MiB.
2026-10-03T13:38:56Z INFO [1218/1874] 31f38b41-e4c6-4ce5-b3b7-3845549f0c5f: cophenetic index 2625; 1.7 s; peak memory 727 MiB.
2026-10-03T13:38:58Z INFO [1219/1874] 31f3934e-9835-46cd-b7ad-dcfedf661ef2: cophenetic index 5473; 2.4 s; peak memory 727 MiB.
2026-10-03T13:39:00Z INFO [1220/1874] 31f3aedd-0975-4c41-a61b-d38f5075b86a: cophenetic index 4021; 2.3 s; peak memory 727 MiB.
2026-10-03T13:39:01Z INFO [1221/1874] 31f3d956-bee5-4578-8788-a767267b8ab8: cophenetic index 624; 0.9 s; peak memory 727 MiB.
2026-10-03T13:39:02Z INFO [1222/1874] 31f3deee-7110-450d-b626-a054b5f23abe: cophenetic index 624; 0.9 s; peak memory 727 MiB.
2026-10-03T13:39:11Z INFO [1223/1874] 31f50cf7-480b-4eb4-9ff6-efb247b17876: cophenetic index 793519; 8.8 s; peak memory 727 MiB.
2026-10-03T13:39:12Z INFO [1224/1874] 31f5773b-8bdc-417e-a6d0-80c49c5917f6: cophenetic index 2625; 1.1 s; peak memory 727 MiB.
2026-10-03T13:39:13Z INFO [1225/1874] 31f591b9-9234-4bec-afca-d98dd7cfef81: cophenetic index 2625; 1.0 s; peak memory 727 MiB.
2026-10-03T13:39:16Z INFO [1226/1874] 31f6204e-c563-45c5-b2bf-db701b51442b: cophenetic index 2402; 2.4 s; peak memory 727 MiB.
2026-10-03T13:39:17Z INFO [1227/1874] 31f638b7-61e3-4415-89e9-d8a6659dc606: cophenetic index 766; 1.0 s; peak memory 727 MiB.
2026-10-03T13:39:18Z INFO [1228/1874] 31f6536c-23cf-4596-9305-44e7d3f5a14f: cophenetic index 605; 1.0 s; peak memory 727 MiB.
2026-10-03T13:39:18Z INFO [1229/1874] 31f6dfbf-4a21-4cd8-9eee-6690b93c0598: cophenetic index 1058; 0.8 s; peak memory 727 MiB.
2026-10-03T13:39:21Z INFO [1230/1874] 31f709f3-0f03-45e1-97f5-d403a06e47b6: cophenetic index 5473; 2.8 s; peak memory 727 MiB.
2026-10-03T13:39:22Z INFO [1231/1874] 31f723f6-249c-4a90-91b6-2f1cdeea8275: cophenetic index 3004; 1.0 s; peak memory 727 MiB.
2026-10-03T13:39:23Z INFO [1232/1874] 31f727df-42a8-4c63-8829-cbe50156aa13: cophenetic index 626; 1.1 s; peak memory 727 MiB.
2026-10-03T13:39:24Z INFO [1233/1874] 31f7333a-ca83-4cb1-a39f-366f9553e797: cophenetic index 1949; 0.9 s; peak memory 727 MiB.
2026-10-03T13:39:33Z INFO [1234/1874] 31f74949-d4c4-42ba-b319-a8fe161da013: cophenetic index 47115; 8.7 s; peak memory 727 MiB.
2026-10-03T13:39:44Z INFO [1235/1874] 31f7d1df-1447-4482-ab28-2fb8d31a3989: cophenetic index 22866065; 10.9 s; peak memory 727 MiB.
2026-10-03T13:39:45Z INFO [1236/1874] 31f82e1b-ebc6-4823-ba61-2477981243b3: cophenetic index 797; 1.5 s; peak memory 727 MiB.
2026-10-03T13:39:46Z INFO [1237/1874] 31f9698e-d2cd-4d11-b3de-666e7d631b34: cophenetic index 624; 0.8 s; peak memory 727 MiB.
2026-10-03T13:39:47Z INFO [1238/1874] 31f97f09-5617-4914-8788-6db9f54b3227: cophenetic index 745; 0.6 s; peak memory 727 MiB.
2026-10-03T13:39:53Z INFO [1239/1874] 31f98bae-0df6-4ba4-bbdd-2e2c010ee0de: cophenetic index 87573; 5.9 s; peak memory 727 MiB.
2026-10-03T13:39:54Z INFO [1240/1874] 31fa1400-50ae-4d33-be0a-95d7d90c9dd2: cophenetic index 624; 0.8 s; peak memory 727 MiB.
2026-10-03T13:39:55Z INFO [1241/1874] 31fa2f94-e99e-4a29-abc8-2320df13cca6: cophenetic index 3004; 1.1 s; peak memory 727 MiB.
2026-10-03T13:39:56Z INFO [1242/1874] 31fa9b50-74d5-405a-a7c7-497bd43aaf5b: cophenetic index 3057; 1.1 s; peak memory 727 MiB.
2026-10-03T13:39:57Z INFO [1243/1874] 31fc0411-4d85-48a2-b622-b271e5396b67: cophenetic index 3004; 1.1 s; peak memory 727 MiB.
2026-10-03T13:39:58Z INFO [1244/1874] 31fc49e7-c6c5-4d6c-95b1-4a4a27f29f34: cophenetic index 624; 1.0 s; peak memory 727 MiB.
2026-10-03T13:39:59Z INFO [1245/1874] 31fc506f-f819-4257-b85f-ce446b0a511f: cophenetic index 99138; 1.6 s; peak memory 727 MiB.
2026-10-03T13:40:02Z INFO [1246/1874] 31fc64a0-85d9-4e69-ab82-cdd3a10c7dd8: cophenetic index 645; 2.1 s; peak memory 727 MiB.
2026-10-03T13:40:05Z INFO [1247/1874] 31fc8d46-372c-4aa9-bce5-c190bb5a6891: cophenetic index 32533; 3.3 s; peak memory 727 MiB.
2026-10-03T13:40:06Z INFO [1248/1874] 31fd7f97-08d9-41ba-aebe-167bfb49ab4b: cophenetic index 624; 0.8 s; peak memory 727 MiB.
2026-10-03T13:40:06Z INFO [1249/1874] 31fda4fe-0c4c-4e99-b221-6c30c1089b1d: cophenetic index 690; 0.8 s; peak memory 727 MiB.
2026-10-03T13:40:09Z INFO [1250/1874] 31fe4239-3997-4420-bb8a-37d012528a0f: cophenetic index 6490; 2.1 s; peak memory 727 MiB.
2026-10-03T13:40:09Z INFO [1250/1874] 31fe4239-3997-4420-bb8a-37d012528a0f: checkpointed 71119 records.
2026-10-03T13:40:09Z INFO [1251/1874] 31fe5d78-4c2d-4c34-97a5-aae2d7aaa12b: cophenetic index 624; 0.8 s; peak memory 727 MiB.
2026-10-03T13:40:10Z INFO [1252/1874] 31ff4804-8898-462b-a63e-ffa352638ad2: cophenetic index 431; 0.7 s; peak memory 727 MiB.
2026-10-03T13:40:11Z INFO [1253/1874] 32002d78-29bb-4dd4-9a3b-e1de5266cfc2: cophenetic index 646; 0.9 s; peak memory 727 MiB.
2026-10-03T13:40:12Z INFO [1254/1874] 32004261-e8a6-4335-b4c5-3d0cc9ec8fe8: cophenetic index 3004; 1.0 s; peak memory 727 MiB.
2026-10-03T13:40:13Z INFO [1255/1874] 32016138-e22b-4aee-9a4c-049fd0cb0fdc: cophenetic index 613; 1.4 s; peak memory 727 MiB.
2026-10-03T13:40:14Z INFO [1256/1874] 32019337-d0b8-4825-a54d-67dfb5b2d46a: cophenetic index 649; 1.0 s; peak memory 727 MiB.
2026-10-03T13:40:16Z INFO [1257/1874] 32030869-cf7f-45ab-b1a4-06275e65a7ce: cophenetic index 2625; 1.2 s; peak memory 727 MiB.
2026-10-03T13:40:18Z INFO [1258/1874] 32030d26-f121-41d5-8668-9a92798c1bca: cophenetic index 2236; 2.7 s; peak memory 727 MiB.
2026-10-03T13:40:19Z INFO [1259/1874] 3204f357-40ba-499c-a6c9-1f272ea60640: cophenetic index 624; 0.8 s; peak memory 727 MiB.
2026-10-03T13:40:20Z INFO [1260/1874] 3204f578-739c-48b8-b5f4-8f6bf05e2ae3: cophenetic index 2625; 1.1 s; peak memory 727 MiB.
2026-10-03T13:40:35Z INFO [1261/1874] 3206e98b-81ba-4953-87ab-45e9dceec35f: cophenetic index 42708; 15.1 s; peak memory 727 MiB.
2026-10-03T13:40:37Z INFO [1262/1874] 320700fd-65a3-4a83-9943-cf0a9148d3cc: cophenetic index 2625; 1.4 s; peak memory 727 MiB.
2026-10-03T13:40:38Z INFO [1263/1874] 3207c1d6-ce06-4879-91c1-0d5bfe8baf0c: cophenetic index 447; 0.9 s; peak memory 727 MiB.
2026-10-03T13:40:38Z INFO [1264/1874] 3207d0ba-e48e-45c3-ace0-cc94d0eba7c8: cophenetic index 490; 0.6 s; peak memory 727 MiB.
2026-10-03T13:40:39Z INFO [1265/1874] 32083d05-cf25-4c6f-bc60-1ecb60cb66a4: cophenetic index 1979; 1.3 s; peak memory 727 MiB.
2026-10-03T13:40:40Z INFO [1266/1874] 320843eb-630d-4871-8ffa-e57b37862b53: cophenetic index 624; 0.9 s; peak memory 727 MiB.
2026-10-03T13:40:41Z INFO [1267/1874] 3208707c-5c6d-4529-9ffe-51aec97d16bb: cophenetic index 651; 0.6 s; peak memory 727 MiB.
2026-10-03T13:40:42Z INFO [1268/1874] 32092dc8-089a-48f5-8cfd-252a59a4d0a5: cophenetic index 624; 0.9 s; peak memory 727 MiB.
2026-10-03T13:40:43Z INFO [1269/1874] 320973b4-5793-45db-9f14-6717357df88a: cophenetic index 413; 0.7 s; peak memory 727 MiB.
2026-10-03T13:40:44Z INFO [1270/1874] 320a3052-0c57-427c-841c-3d60711b336d: cophenetic index 13320; 1.2 s; peak memory 727 MiB.
2026-10-03T13:40:45Z INFO [1271/1874] 320a55ea-e4ef-47de-8cd6-a3da43d21903: cophenetic index 99120; 1.5 s; peak memory 727 MiB.
2026-10-03T13:40:46Z INFO [1272/1874] 320acb1e-c409-4bcf-973a-744819abae5d: cophenetic index 729; 0.6 s; peak memory 727 MiB.
2026-10-03T13:40:51Z INFO [1273/1874] 320acc6c-aa32-4fcb-b6a5-a5efc824e685: cophenetic index 12973; 4.9 s; peak memory 727 MiB.
2026-10-03T13:40:52Z INFO [1274/1874] 320ad602-bf44-45cb-9d76-1337598873fd: cophenetic index 494; 0.8 s; peak memory 727 MiB.
2026-10-03T13:41:10Z INFO [1275/1874] 320bf5e2-d873-449b-afde-563f9ba8f902: cophenetic index 222468; 18.5 s; peak memory 727 MiB.
2026-10-03T13:41:12Z INFO [1276/1874] 320c2c3d-055c-4d11-9fef-c5244a9d5674: cophenetic index 33998; 1.5 s; peak memory 727 MiB.
2026-10-03T13:41:19Z INFO [1277/1874] 320c6a7f-9bd9-4a2a-858f-5e0df97d6ea3: cophenetic index 258789; 7.5 s; peak memory 727 MiB.
2026-10-03T13:41:20Z INFO [1278/1874] 320dbe91-032f-4cb3-9f29-6b45f3b15795: cophenetic index 624; 1.0 s; peak memory 727 MiB.
2026-10-03T13:41:21Z INFO [1279/1874] 320e3576-5a75-46f4-9683-532be2185e7d: cophenetic index 624; 0.9 s; peak memory 727 MiB.
2026-10-03T13:41:22Z INFO [1280/1874] 320e5c54-8016-44f7-a058-4db4040e253c: cophenetic index 690; 0.9 s; peak memory 727 MiB.
2026-10-03T13:41:23Z INFO [1281/1874] 320f5d6b-6957-4605-a1b3-023cbfe978d7: cophenetic index 1380; 1.1 s; peak memory 727 MiB.
2026-10-03T13:41:24Z INFO [1282/1874] 3210c40c-8e52-4307-8e8c-f82b7eb9d101: cophenetic index 33986; 1.3 s; peak memory 727 MiB.
2026-10-03T13:41:25Z INFO [1283/1874] 3210ed68-fa39-45dc-8dfa-e00b2a7c2d0c: cophenetic index 624; 0.9 s; peak memory 727 MiB.
2026-10-03T13:41:26Z INFO [1284/1874] 321119b6-5459-49e0-aec1-3d58dd68b154: cophenetic index 624; 0.8 s; peak memory 727 MiB.
2026-10-03T13:41:27Z INFO [1285/1874] 32113f6a-50d3-42d6-9d01-521822a1e08f: cophenetic index 624; 0.9 s; peak memory 727 MiB.
2026-10-03T13:41:28Z INFO [1286/1874] 32116d38-0305-4e75-92dd-135653808bb4: cophenetic index 1904; 1.3 s; peak memory 727 MiB.
2026-10-03T13:41:29Z INFO [1287/1874] 3211e3bd-face-41ec-a338-db7cee20468c: cophenetic index 3087; 1.2 s; peak memory 727 MiB.
2026-10-03T13:41:34Z INFO [1288/1874] 32129822-c144-496a-ac50-e117d43ccacc: cophenetic index 64560; 4.9 s; peak memory 727 MiB.
2026-10-03T13:41:35Z INFO [1289/1874] 3212a18d-83e4-4802-949a-cf5c1c564356: cophenetic index 624; 0.8 s; peak memory 727 MiB.
2026-10-03T13:41:36Z INFO [1290/1874] 3213413b-eb1a-474b-ae89-546517786692: cophenetic index 624; 0.8 s; peak memory 727 MiB.
2026-10-03T13:41:37Z INFO [1291/1874] 32136a79-13d9-459a-96be-4cc3cb4531ca: cophenetic index 1025; 0.9 s; peak memory 727 MiB.
2026-10-03T13:41:38Z INFO [1292/1874] 32137fe2-71c0-439e-9724-8bbf639280ae: cophenetic index 624; 0.8 s; peak memory 727 MiB.
2026-10-03T13:41:43Z INFO [1293/1874] 3213b587-6902-4994-bac8-a8a9a4916924: cophenetic index 87573; 5.4 s; peak memory 727 MiB.
2026-10-03T13:41:44Z INFO [1294/1874] 3214224d-1093-4111-b7fb-7045c170b357: cophenetic index 490; 0.6 s; peak memory 727 MiB.
2026-10-03T13:41:44Z INFO [1295/1874] 321433d2-1569-4db3-a391-d03157d89cfd: cophenetic index 624; 0.8 s; peak memory 727 MiB.
2026-10-03T13:41:53Z INFO [1296/1874] 3214e8d2-dfeb-4b8e-81cd-ecbd226d6dc4: cophenetic index 47115; 8.3 s; peak memory 727 MiB.
2026-10-03T13:41:54Z INFO [1297/1874] 32152e47-a912-4aa6-9062-6938b766cdfc: cophenetic index 2625; 1.3 s; peak memory 727 MiB.
2026-10-03T13:41:55Z INFO [1298/1874] 32155382-83fc-4dee-98f6-f433c54e46c4: cophenetic index 624; 0.8 s; peak memory 727 MiB.
2026-10-03T13:41:55Z INFO [1299/1874] 32156b4b-8c27-468b-961d-e177dd3711e6: cophenetic index 490; 0.6 s; peak memory 727 MiB.
2026-10-03T13:41:56Z INFO [1300/1874] 321589ad-1e94-4faa-a63d-4d0c9a31f1e7: cophenetic index 624; 0.9 s; peak memory 727 MiB.
2026-10-03T13:41:56Z INFO [1300/1874] 321589ad-1e94-4faa-a63d-4d0c9a31f1e7: checkpointed 71169 records.
2026-10-03T13:42:05Z INFO [1301/1874] 3215fb15-2930-4be1-a7f6-3775c17d0853: cophenetic index 93329; 8.1 s; peak memory 727 MiB.
2026-10-03T13:42:06Z INFO [1302/1874] 3216024d-9dce-4b9e-9210-63dbd9fa8e45: cophenetic index 1087; 1.2 s; peak memory 727 MiB.
2026-10-03T13:42:07Z INFO [1303/1874] 32165ac7-366f-46ce-acef-6b7f1479fc5c: cophenetic index 3057; 1.1 s; peak memory 727 MiB.
2026-10-03T13:42:08Z INFO [1304/1874] 321670f0-be4e-43f6-98d8-6515a7e8bb1d: cophenetic index 2625; 1.4 s; peak memory 727 MiB.
2026-10-03T13:42:09Z INFO [1305/1874] 3219664d-e41e-491c-a9c7-162dfdff40d7: cophenetic index 625; 0.8 s; peak memory 727 MiB.
2026-10-03T13:42:10Z INFO [1306/1874] 32197691-72c3-421c-ad5f-4a6fd6bc6a56: cophenetic index 2974; 0.9 s; peak memory 727 MiB.
2026-10-03T13:42:11Z INFO [1307/1874] 3219ed05-4f1b-4f9f-89d1-6db277535fe1: cophenetic index 624; 0.9 s; peak memory 727 MiB.
2026-10-03T13:42:12Z INFO [1308/1874] 321abbf9-8a55-448a-8a88-3c7b4a9c9c9e: cophenetic index 3004; 1.1 s; peak memory 727 MiB.
2026-10-03T13:42:13Z INFO [1309/1874] 321b02b5-6fa9-4932-a086-57ecb96b638f: cophenetic index 729; 0.6 s; peak memory 727 MiB.
2026-10-03T13:42:13Z INFO [1310/1874] 321b429a-9e13-4124-b6e3-7194c1abb98b: cophenetic index 624; 0.7 s; peak memory 727 MiB.
2026-10-03T13:42:14Z INFO [1311/1874] 321c2361-f17a-4a28-91dc-7ac5389ffd4f: cophenetic index 2701; 1.2 s; peak memory 727 MiB.
2026-10-03T13:42:15Z INFO [1312/1874] 321c7cc5-3d9e-4346-95bf-a29ae62a5d31: cophenetic index 432; 0.7 s; peak memory 727 MiB.
2026-10-03T13:42:22Z INFO [1313/1874] 321cd81d-e497-4209-b8c5-ce9cbd637775: cophenetic index 16035; 7.2 s; peak memory 727 MiB.
2026-10-03T13:42:23Z INFO [1314/1874] 321dd235-b3cb-4baf-aa9a-c1ae922fe2ac: cophenetic index 624; 0.8 s; peak memory 727 MiB.
2026-10-03T13:42:28Z INFO [1315/1874] 321f3fa7-1f31-4452-827e-738633e2bcf3: cophenetic index 50243; 4.6 s; peak memory 727 MiB.
2026-10-03T13:42:29Z INFO [1316/1874] 32201563-f307-46e0-9bce-99f7907bd0ae: cophenetic index 791; 1.5 s; peak memory 727 MiB.
2026-10-03T13:42:41Z INFO [1317/1874] 322035b3-1fb4-4df8-a9c1-e26173b39fbb: cophenetic index 1124479; 11.7 s; peak memory 727 MiB.
2026-10-03T13:42:42Z INFO [1318/1874] 32208d25-072c-45d3-ae23-65565cecf6fe: cophenetic index 3057; 1.1 s; peak memory 727 MiB.
2026-10-03T13:42:43Z INFO [1319/1874] 3221199b-8b50-4424-9f9f-1b81361e6e43: cophenetic index 431; 0.8 s; peak memory 727 MiB.
2026-10-03T13:42:44Z INFO [1320/1874] 32225458-ba47-46fb-bab5-fc0fd58c2ce1: cophenetic index 624; 1.0 s; peak memory 727 MiB.
2026-10-03T13:43:15Z INFO [1321/1874] 3222b37e-ae65-4e86-88d0-908cb26f451d: cophenetic index 17486259; 30.7 s; peak memory 727 MiB.
2026-10-03T13:43:15Z INFO [1322/1874] 3222c242-9f08-47a9-9a09-9d4d6ee17f2c: cophenetic index 579; 0.7 s; peak memory 727 MiB.
2026-10-03T13:43:16Z INFO [1323/1874] 32230c45-34ca-4b57-bc80-9648d1971d4e: cophenetic index 433; 0.6 s; peak memory 727 MiB.
2026-10-03T13:43:17Z INFO [1324/1874] 3223321c-2848-4748-9117-9c0809458c7c: cophenetic index 624; 0.8 s; peak memory 727 MiB.
2026-10-03T13:43:18Z INFO [1325/1874] 3224561b-143f-46e0-a083-67ec0dd37569: cophenetic index 649; 1.0 s; peak memory 727 MiB.
2026-10-03T13:43:19Z INFO [1326/1874] 32248eb8-b86a-4cca-9b31-7b59f85da2c4: cophenetic index 3087; 0.9 s; peak memory 727 MiB.
2026-10-03T13:43:20Z INFO [1327/1874] 3224c7ea-0a9b-4cc4-84e3-320b38db7d99: cophenetic index 3057; 0.9 s; peak memory 727 MiB.
2026-10-03T13:43:20Z INFO [1328/1874] 3224e940-3e3a-4567-97a8-e4896787fde8: cophenetic index 490; 0.6 s; peak memory 727 MiB.
2026-10-03T13:43:21Z INFO [1329/1874] 322535b4-a486-45f6-a6a8-6165f0019dbf: cophenetic index 2625; 1.1 s; peak memory 727 MiB.
2026-10-03T13:43:24Z INFO [1330/1874] 32274615-70c2-4384-ba26-1bb8b26c9709: cophenetic index 5473; 2.5 s; peak memory 727 MiB.
2026-10-03T13:43:25Z INFO [1331/1874] 3227e51d-56cf-4011-ad5f-841db3cc927b: cophenetic index 624; 0.9 s; peak memory 727 MiB.
2026-10-03T13:43:26Z INFO [1332/1874] 3228279d-2f29-498f-bdd2-b5bc06825f77: cophenetic index 1087; 1.2 s; peak memory 727 MiB.
2026-10-03T13:43:27Z INFO [1333/1874] 32284045-e003-40d1-bda0-eb0b6f94b6d0: cophenetic index 3004; 1.0 s; peak memory 727 MiB.
2026-10-03T13:43:28Z INFO [1334/1874] 32292339-a902-4b61-bc0f-339f689c7275: cophenetic index 3087; 0.9 s; peak memory 727 MiB.
2026-10-03T13:43:29Z INFO [1335/1874] 32292b5d-1c65-4ecb-8e0f-f5934d289bf9: cophenetic index 624; 0.8 s; peak memory 727 MiB.
2026-10-03T13:43:30Z INFO [1336/1874] 32296c29-c76b-4a4a-bd56-c928cdbba974: cophenetic index 512; 1.1 s; peak memory 727 MiB.
2026-10-03T13:43:35Z INFO [1337/1874] 3229c659-688d-41f0-9912-954a581e7272: cophenetic index 41435; 5.0 s; peak memory 727 MiB.
2026-10-03T13:43:36Z INFO [1338/1874] 322a6378-8d02-4170-8259-345acd8d2aea: cophenetic index 788; 1.2 s; peak memory 727 MiB.
2026-10-03T13:43:37Z INFO [1339/1874] 322aa099-4a6c-48ef-8987-6e6dd27b1b56: cophenetic index 624; 0.8 s; peak memory 727 MiB.
2026-10-03T13:43:38Z INFO [1340/1874] 322ad4c1-324f-4933-9e4d-82aa1f2be0dd: cophenetic index 716; 1.0 s; peak memory 727 MiB.
2026-10-03T13:43:38Z INFO [1341/1874] 322b05f5-bfe0-4f97-8e46-c712745d0b55: cophenetic index 624; 0.7 s; peak memory 727 MiB.
2026-10-03T13:43:39Z INFO [1342/1874] 322b2740-b371-45e9-88d9-3958d6d08fd3: cophenetic index 3087; 0.9 s; peak memory 727 MiB.
2026-10-03T13:43:40Z INFO [1343/1874] 322b3a2b-c860-4fa7-bcdc-64213f48b4cb: cophenetic index 490; 0.5 s; peak memory 727 MiB.
2026-10-03T13:43:41Z INFO [1344/1874] 322b6972-58db-4045-96e3-37fbc92244c1: cophenetic index 3004; 1.0 s; peak memory 727 MiB.
2026-10-03T13:43:42Z INFO [1345/1874] 322ba13f-c4d9-4b7d-ad76-12b9e11396e7: cophenetic index 651; 0.7 s; peak memory 727 MiB.
2026-10-03T13:43:53Z INFO [1346/1874] 322ca0f3-3fb5-4b09-97b7-2b37cf1de8e1: cophenetic index 48475; 11.2 s; peak memory 727 MiB.
2026-10-03T13:43:58Z INFO [1347/1874] 322ca5d6-2dfc-4dea-94d3-275afaebc470: cophenetic index 9548; 5.2 s; peak memory 727 MiB.
2026-10-03T13:43:59Z INFO [1348/1874] 322cfbce-fe38-4eec-93f7-e2548cf57fc2: cophenetic index 497; 0.9 s; peak memory 727 MiB.
2026-10-03T13:44:00Z INFO [1349/1874] 322db448-8a46-4816-880b-4c43132baf3c: cophenetic index 641; 0.7 s; peak memory 727 MiB.
2026-10-03T13:44:02Z INFO [1350/1874] 322e03a2-1460-4068-880b-0ef21fba6f18: cophenetic index 3407; 2.5 s; peak memory 727 MiB.
2026-10-03T13:44:02Z INFO [1350/1874] 322e03a2-1460-4068-880b-0ef21fba6f18: checkpointed 71219 records.
2026-10-03T13:44:04Z INFO [1351/1874] 322ebc7b-232d-4423-98b5-b881c3497ddb: cophenetic index 1380; 1.5 s; peak memory 727 MiB.
2026-10-03T13:44:05Z INFO [1352/1874] 322f4898-3687-48c2-a4e9-a9c366540cad: cophenetic index 3004; 1.1 s; peak memory 727 MiB.
2026-10-03T13:44:06Z INFO [1353/1874] 322f60c0-0b9c-41b8-a7db-eba2d5ed3c2d: cophenetic index 649; 1.0 s; peak memory 727 MiB.
2026-10-03T13:44:07Z INFO [1354/1874] 3231e121-ba9b-4dd4-82a2-511401c7e2c4: cophenetic index 33998; 1.5 s; peak memory 727 MiB.
2026-10-03T13:44:08Z INFO [1355/1874] 3231f2a1-bf3a-49f6-8f09-97cf66371eab: cophenetic index 3087; 1.1 s; peak memory 727 MiB.
2026-10-03T13:44:09Z INFO [1356/1874] 3232226e-08ea-4dc4-88be-ce3e1abe3c2c: cophenetic index 3087; 1.0 s; peak memory 727 MiB.
2026-10-03T13:44:11Z INFO [1357/1874] 32331649-8eaa-44f1-8044-de84e87f977f: cophenetic index 605; 1.2 s; peak memory 727 MiB.
2026-10-03T13:44:12Z INFO [1358/1874] 3234859e-afe8-4e2b-b10c-12acfde90f83: cophenetic index 3004; 1.0 s; peak memory 727 MiB.
2026-10-03T13:44:18Z INFO [1359/1874] 3236604e-0d56-4f3c-abcf-353530d0a22c: cophenetic index 6591; 6.0 s; peak memory 727 MiB.
2026-10-03T13:44:19Z INFO [1360/1874] 3236af0b-5e0f-462e-97ae-61c7dffb6287: cophenetic index 766; 1.2 s; peak memory 727 MiB.
2026-10-03T13:44:20Z INFO [1361/1874] 3236ef94-1022-40a0-9a8c-dc1f30593dc2: cophenetic index 624; 0.9 s; peak memory 727 MiB.
2026-10-03T13:44:21Z INFO [1362/1874] 3237422a-80cc-4bd8-a1e4-0af2414edf2c: cophenetic index 2625; 1.1 s; peak memory 727 MiB.
2026-10-03T13:44:27Z INFO [1363/1874] 32374b91-f8ed-4790-acbf-dac2802d06ac: cophenetic index 14788; 6.5 s; peak memory 727 MiB.
2026-10-03T13:44:48Z INFO [1364/1874] 32386c69-5209-480f-a102-d50683ba4a30: cophenetic index 39065066; 20.7 s; peak memory 727 MiB.
2026-10-03T13:44:49Z INFO [1365/1874] 3239a6ac-da86-4269-afec-56d7de4b41dd: cophenetic index 581; 0.9 s; peak memory 727 MiB.
2026-10-03T13:44:50Z INFO [1366/1874] 3239bdde-62f9-4c2d-9ace-54aea1305641: cophenetic index 3004; 0.9 s; peak memory 727 MiB.
2026-10-03T13:44:51Z INFO [1367/1874] 3239c1ca-1d65-4487-a994-cec156a0adb0: cophenetic index 2923; 1.1 s; peak memory 727 MiB.
2026-10-03T13:44:52Z INFO [1368/1874] 3239c32c-31d8-4916-b10c-dd53c0c9c41f: cophenetic index 624; 0.9 s; peak memory 727 MiB.
2026-10-03T13:44:53Z INFO [1369/1874] 323a0a23-0e32-4889-b832-3064bf97a683: cophenetic index 624; 0.8 s; peak memory 727 MiB.
2026-10-03T13:44:53Z INFO [1370/1874] 323a8406-41f0-4079-8035-0e57179877d1: cophenetic index 490; 0.6 s; peak memory 727 MiB.
2026-10-03T13:44:54Z INFO [1371/1874] 323a8e6e-1ffc-4f63-bf1c-2af8ddfd64de: cophenetic index 446; 0.5 s; peak memory 727 MiB.
2026-10-03T13:44:56Z INFO [1372/1874] 323aaa40-9e49-4977-92c9-950a08d39662: cophenetic index 1504; 2.4 s; peak memory 727 MiB.
2026-10-03T13:44:57Z INFO [1373/1874] 323ab7bb-af9f-4a4d-bc05-507e661f794d: cophenetic index 2625; 1.1 s; peak memory 727 MiB.
2026-10-03T13:44:59Z INFO [1374/1874] 323b0750-803c-46c6-804b-611ed39ffd01: cophenetic index 1130; 1.4 s; peak memory 727 MiB.
2026-10-03T13:44:59Z INFO [1375/1874] 323bf6d5-e1c1-40c0-bc80-260e37b5f45c: cophenetic index 624; 0.9 s; peak memory 727 MiB.
2026-10-03T13:45:00Z INFO [1376/1874] 323c1234-1f4b-4483-9e3a-e3c5c725fd68: cophenetic index 624; 0.8 s; peak memory 727 MiB.
2026-10-03T13:45:01Z INFO [1377/1874] 323c318f-0a6a-40d3-92d1-ee44ddc033d1: cophenetic index 624; 1.0 s; peak memory 727 MiB.
2026-10-03T13:45:02Z INFO [1378/1874] 323d2689-18a4-414f-aa0b-397407c20e06: cophenetic index 490; 0.6 s; peak memory 727 MiB.
2026-10-03T13:45:04Z INFO [1379/1874] 323e14ea-fe82-48ad-b86f-e7fb863a65bf: cophenetic index 33998; 2.1 s; peak memory 727 MiB.
2026-10-03T13:45:05Z INFO [1380/1874] 323ec5d0-4e26-44da-9e46-8eb2e922e228: cophenetic index 2932; 1.1 s; peak memory 727 MiB.
2026-10-03T13:45:06Z INFO [1381/1874] 323f41b5-005e-42ee-904b-2c0c0c0b34f9: cophenetic index 33962; 1.4 s; peak memory 727 MiB.
2026-10-03T13:45:09Z INFO [1382/1874] 323f990c-6907-413b-a5cf-e06c01cb15d9: cophenetic index 2402; 2.2 s; peak memory 727 MiB.
2026-10-03T13:45:09Z INFO [1383/1874] 323fdcd5-f98b-43d2-85aa-f3d06686bc5c: cophenetic index 624; 0.9 s; peak memory 727 MiB.
2026-10-03T13:45:11Z INFO [1384/1874] 323fedef-3c40-4c32-aab0-ef2e69c94b17: cophenetic index 895; 1.8 s; peak memory 727 MiB.
2026-10-03T13:45:12Z INFO [1385/1874] 32405cf6-4088-486d-be96-6631d83b0dc3: cophenetic index 2496; 1.2 s; peak memory 727 MiB.
2026-10-03T13:45:15Z INFO [1386/1874] 32406f5f-f40d-4bc6-a4b3-87374473cd44: cophenetic index 2609; 2.1 s; peak memory 727 MiB.
2026-10-03T13:45:15Z INFO [1387/1874] 3240a4c8-2d34-44a1-95e6-23b2c679797f: cophenetic index 629; 0.7 s; peak memory 727 MiB.
2026-10-03T13:45:18Z INFO [1388/1874] 3240b99a-417b-4832-b9d3-c61891af9b17: cophenetic index 7886; 2.9 s; peak memory 727 MiB.
2026-10-03T13:45:22Z INFO [1389/1874] 32420f92-7da0-4e1f-8aea-5939173e060d: cophenetic index 4718081; 3.6 s; peak memory 727 MiB.
2026-10-03T13:45:23Z INFO [1390/1874] 3242bf92-ccf6-4cb8-b489-e98e8607239e: cophenetic index 3087; 0.9 s; peak memory 727 MiB.
2026-10-03T13:45:24Z INFO [1391/1874] 32433b72-2af9-4930-9cd9-273318446fdd: cophenetic index 33968; 1.3 s; peak memory 727 MiB.
2026-10-03T13:45:25Z INFO [1392/1874] 324369c8-1346-42d6-b698-e2ade141ec06: cophenetic index 2570; 1.3 s; peak memory 727 MiB.
2026-10-03T13:45:27Z INFO [1393/1874] 3243faae-fc9b-4141-a2a0-3934038b33c1: cophenetic index 793; 1.3 s; peak memory 727 MiB.
2026-10-03T13:45:29Z INFO [1394/1874] 32449f1d-33c1-4558-a2ee-f93a658d952a: cophenetic index 910; 2.4 s; peak memory 727 MiB.
2026-10-03T13:45:39Z INFO [1395/1874] 3245f1c4-fd99-446a-b5a1-d4a6c87f1e1f: cophenetic index 339690; 10.1 s; peak memory 727 MiB.
2026-10-03T13:45:40Z INFO [1396/1874] 32465ab1-278b-4396-b15a-8b7e896eb2cd: cophenetic index 1087; 1.1 s; peak memory 727 MiB.
2026-10-03T13:45:41Z INFO [1397/1874] 3246cc9c-8a54-47e5-b72b-8d4b3ebeb6d1: cophenetic index 490; 0.5 s; peak memory 727 MiB.
2026-10-03T13:45:42Z INFO [1398/1874] 32471630-a243-4aeb-ac87-b687ad2e97cb: cophenetic index 1228; 0.9 s; peak memory 727 MiB.
2026-10-03T13:45:43Z INFO [1399/1874] 324727aa-041c-42db-a5ee-b737a30d6db4: cophenetic index 30304; 1.3 s; peak memory 727 MiB.
2026-10-03T13:45:44Z INFO [1400/1874] 324780e6-99e0-42cc-b05e-36a7b3b2b609: cophenetic index 431; 0.8 s; peak memory 727 MiB.
2026-10-03T13:45:44Z INFO [1400/1874] 324780e6-99e0-42cc-b05e-36a7b3b2b609: checkpointed 71269 records.
2026-10-03T13:45:53Z INFO [1401/1874] 3247f916-484d-4411-9107-0261a99307ca: cophenetic index 175092; 8.7 s; peak memory 727 MiB.
2026-10-03T13:45:53Z INFO [1402/1874] 3248bcb6-3459-4d5b-99d8-2429515119f5: cophenetic index 624; 0.9 s; peak memory 727 MiB.
2026-10-03T13:46:00Z INFO [1403/1874] 324ad618-09e6-48d3-9c35-0f4e98605dd6: cophenetic index 276538; 6.9 s; peak memory 727 MiB.
2026-10-03T13:46:01Z INFO [1404/1874] 324afc9f-5385-4044-aa9c-cd405f03349b: cophenetic index 560; 0.7 s; peak memory 727 MiB.
2026-10-03T13:46:02Z INFO [1405/1874] 324c7bb6-547a-4898-84f3-b24433d3c916: cophenetic index 33958; 1.2 s; peak memory 727 MiB.
2026-10-03T13:46:03Z INFO [1406/1874] 324c95c5-9e4d-45cb-9a5a-ad2eed33ef13: cophenetic index 490; 0.6 s; peak memory 727 MiB.
2026-10-03T13:46:09Z INFO [1407/1874] 324cb6c8-8cba-4ec3-9df5-bd8143039a11: cophenetic index 87573; 6.2 s; peak memory 727 MiB.
2026-10-03T13:46:10Z WARNING 324ccb4d-b81e-4dbb-a29d-ef474eef0d50: failed while reading the NWB file (KeyError: 'Unable to synchronously open object (component not found)')
2026-10-03T13:46:10Z WARNING [1408/1874] 324ccb4d-b81e-4dbb-a29d-ef474eef0d50: leaving unrecorded for a later run to retry.
2026-10-03T13:46:12Z INFO [1409/1874] 324d793f-fa45-49c1-a624-18662611391f: cophenetic index 3045; 1.3 s; peak memory 727 MiB.
2026-10-03T13:46:16Z INFO [1410/1874] 324fda55-123a-4ddc-8dac-ee9dffd3cbdb: cophenetic index 38724; 4.0 s; peak memory 727 MiB.
2026-10-03T13:46:17Z INFO [1411/1874] 32507165-43f0-4f69-af48-9be4c9f45900: cophenetic index 4473; 1.7 s; peak memory 727 MiB.
2026-10-03T13:46:18Z INFO [1412/1874] 3250e664-7c64-4a2c-aabb-b0be773fe213: cophenetic index 431; 0.9 s; peak memory 727 MiB.
2026-10-03T13:46:19Z INFO [1413/1874] 32518e59-0253-4c0e-9f2f-ec3222f81677: cophenetic index 1380; 1.1 s; peak memory 727 MiB.
2026-10-03T13:46:20Z INFO [1414/1874] 325208c5-d7a4-4180-8f52-b3be3be1db7a: cophenetic index 3087; 1.1 s; peak memory 727 MiB.
2026-10-03T13:46:21Z INFO [1415/1874] 3253d6ab-b06a-4bf3-8540-0db7319daeaa: cophenetic index 490; 0.7 s; peak memory 727 MiB.
2026-10-03T13:46:23Z INFO [1416/1874] 32551331-e892-4028-96c5-03bd4f985394: cophenetic index 41788; 1.7 s; peak memory 727 MiB.
2026-10-03T13:46:24Z INFO [1417/1874] 3255404a-236c-4d10-8d03-4b6b683b5d60: cophenetic index 624; 0.8 s; peak memory 727 MiB.
2026-10-03T13:46:24Z INFO [1418/1874] 32559304-aa34-42e0-b1a5-2c86996f21b5: cophenetic index 690; 0.7 s; peak memory 727 MiB.
2026-10-03T13:46:25Z INFO [1419/1874] 3255b918-4c01-40d9-933e-aef02638e9da: cophenetic index 2701; 1.1 s; peak memory 727 MiB.
2026-10-03T13:46:31Z INFO [1420/1874] 3256be37-b93d-4d95-8538-87ad47c21948: cophenetic index 3038; 5.8 s; peak memory 727 MiB.
2026-10-03T13:46:33Z INFO [1421/1874] 32570b30-e54c-428d-9426-cdae9dd810a3: cophenetic index 2625; 1.5 s; peak memory 727 MiB.
2026-10-03T13:46:33Z INFO [1422/1874] 32570d9a-02ff-4bfd-88e2-62e59204fd78: cophenetic index 627; 0.7 s; peak memory 727 MiB.
2026-10-03T13:46:35Z INFO [1423/1874] 3258265e-e722-4df2-a3d6-29c7d770d09b: cophenetic index 2682; 1.9 s; peak memory 727 MiB.
2026-10-03T13:46:36Z INFO [1424/1874] 32583274-5178-4c0d-9bf6-e7a92731d4dc: cophenetic index 452; 1.0 s; peak memory 727 MiB.
2026-10-03T13:46:42Z INFO [1425/1874] 32586096-9d1d-4182-bf9a-75d12c7cc83b: cophenetic index 14699; 5.9 s; peak memory 727 MiB.
2026-10-03T13:46:43Z INFO [1426/1874] 3258b6b5-43db-492b-9136-611292c08f74: cophenetic index 624; 0.9 s; peak memory 727 MiB.
2026-10-03T13:46:44Z INFO [1427/1874] 325ad851-e761-4586-a146-b78dd0a7e73d: cophenetic index 466; 1.1 s; peak memory 727 MiB.
2026-10-03T13:46:45Z INFO [1428/1874] 325c4bad-fdb3-4e15-8f33-88f674e5e949: cophenetic index 624; 0.8 s; peak memory 727 MiB.
2026-10-03T13:46:46Z INFO [1429/1874] 325ca90a-18d6-4540-8c5b-587b4ae59ab6: cophenetic index 624; 0.9 s; peak memory 727 MiB.
2026-10-03T13:46:47Z INFO [1430/1874] 325d239a-a0ea-4574-932b-4f51ca292f16: cophenetic index 3004; 0.9 s; peak memory 727 MiB.
2026-10-03T13:46:56Z INFO [1431/1874] 325d7b9b-2926-4fae-8855-47027e012532: cophenetic index 34862; 8.7 s; peak memory 727 MiB.
2026-10-03T13:47:17Z INFO [1432/1874] 325f9b0b-7840-4ffc-98f9-33332e9cc1ce: cophenetic index 23941946; 21.9 s; peak memory 727 MiB.
2026-10-03T13:47:18Z INFO [1433/1874] 325fd2ee-60af-4a8f-b35b-e6e7fc425e89: cophenetic index 751; 0.6 s; peak memory 727 MiB.
2026-10-03T13:47:24Z INFO [1434/1874] 32603f60-5ddf-47fb-bc33-96d8d2e638dc: cophenetic index 7775; 6.0 s; peak memory 727 MiB.
2026-10-03T13:47:25Z INFO [1435/1874] 32604b75-b2e9-4cd7-ba29-e872074a43e4: cophenetic index 3004; 1.0 s; peak memory 727 MiB.
2026-10-03T13:47:26Z INFO [1436/1874] 32614527-fb42-45d6-82ba-abe9e28ec6e9: cophenetic index 164; 0.6 s; peak memory 727 MiB.
2026-10-03T13:47:27Z INFO [1437/1874] 326173d0-e6ab-4645-b7f5-e33d5bfa768f: cophenetic index 624; 1.0 s; peak memory 727 MiB.
2026-10-03T13:47:28Z INFO [1438/1874] 3261c57f-9e50-467d-a479-9ab920d12b3f: cophenetic index 2625; 1.2 s; peak memory 727 MiB.
2026-10-03T13:47:29Z INFO [1439/1874] 3261c8c6-eb0d-4783-8ddd-046a6c956125: cophenetic index 33968; 1.2 s; peak memory 727 MiB.
2026-10-03T13:47:30Z INFO [1440/1874] 3261cca8-093f-40f7-af3a-a9345195ceb1: cophenetic index 687; 1.1 s; peak memory 727 MiB.
2026-10-03T13:47:31Z INFO [1441/1874] 3261d5cc-dee6-45b6-8672-94c596687a75: cophenetic index 624; 0.9 s; peak memory 727 MiB.
2026-10-03T13:47:33Z INFO [1442/1874] 32627eed-e137-466b-afb1-4f95d711690b: cophenetic index 895; 2.0 s; peak memory 727 MiB.
2026-10-03T13:47:39Z INFO [1443/1874] 32636327-a94b-4048-b453-4e3231033532: cophenetic index 123709; 6.0 s; peak memory 727 MiB.
2026-10-03T13:47:40Z INFO [1444/1874] 3264aabd-aa80-4d67-a20e-107a86bb0651: cophenetic index 2625; 1.1 s; peak memory 727 MiB.
2026-10-03T13:47:41Z INFO [1445/1874] 326509e0-3027-4120-9d3a-cf58c450750f: cophenetic index 624; 0.8 s; peak memory 727 MiB.
2026-10-03T13:47:43Z INFO [1446/1874] 32652fb3-019c-451a-9cc9-49e335ca544b: cophenetic index 700; 2.2 s; peak memory 727 MiB.
2026-10-03T13:47:46Z INFO [1447/1874] 326535c2-2c07-4a06-a7a4-6b6a4a332ea3: cophenetic index 6242; 2.9 s; peak memory 727 MiB.
2026-10-03T13:47:47Z INFO [1448/1874] 32655372-7518-4cb6-b7b0-474d066b940e: cophenetic index 3004; 1.1 s; peak memory 727 MiB.
2026-10-03T13:47:48Z INFO [1449/1874] 3265e6e8-235b-43f6-804e-88e1f6e6ecbc: cophenetic index 3087; 0.9 s; peak memory 727 MiB.
2026-10-03T13:47:49Z INFO [1450/1874] 32670776-ed33-4872-bffb-baba56570471: cophenetic index 431; 0.8 s; peak memory 727 MiB.
2026-10-03T13:47:49Z INFO [1450/1874] 32670776-ed33-4872-bffb-baba56570471: checkpointed 71318 records.
2026-10-03T13:47:50Z INFO [1451/1874] 3267a2f4-b321-4367-8705-8c3a1f3811fa: cophenetic index 624; 0.8 s; peak memory 727 MiB.
2026-10-03T13:47:51Z INFO [1452/1874] 3267a339-1ab3-4051-ab0a-a2028cb4a675: cophenetic index 23370; 0.9 s; peak memory 727 MiB.
2026-10-03T13:47:52Z INFO [1453/1874] 3267c228-8000-4636-9daa-4583f0dc8f61: cophenetic index 2625; 1.3 s; peak memory 727 MiB.
2026-10-03T13:47:53Z INFO [1454/1874] 32682ccd-c0f6-4c2f-8249-60be59504833: cophenetic index 624; 0.8 s; peak memory 727 MiB.
2026-10-03T13:47:54Z INFO [1455/1874] 32682fbb-c457-4f33-9ffc-52c36e36bfe7: cophenetic index 972; 1.4 s; peak memory 727 MiB.
2026-10-03T13:47:56Z INFO [1456/1874] 32685c5c-8f19-4137-bdff-c0aa987b6c34: cophenetic index 34658; 2.2 s; peak memory 727 MiB.
2026-10-03T13:47:58Z INFO [1457/1874] 326880b5-37a7-448a-8e66-e11a972d84d7: cophenetic index 1087; 1.4 s; peak memory 727 MiB.
2026-10-03T13:48:05Z INFO [1458/1874] 3268b35d-8244-4a84-ba53-f9b391c56426: cophenetic index 104319; 7.0 s; peak memory 727 MiB.
2026-10-03T13:48:06Z INFO [1459/1874] 32691164-8595-4854-8a2f-c6113f6fce7f: cophenetic index 1993; 1.3 s; peak memory 727 MiB.
2026-10-03T13:48:07Z INFO [1460/1874] 32699bea-9ba0-4243-b231-79b63aba6530: cophenetic index 3004; 1.2 s; peak memory 727 MiB.
2026-10-03T13:48:08Z INFO [1461/1874] 3269f61f-24cc-4054-a45d-c89973c45d4c: cophenetic index 624; 0.9 s; peak memory 727 MiB.
2026-10-03T13:48:12Z INFO [1462/1874] 326a233f-040d-41bf-8cf5-034cfaecfb86: cophenetic index 32208; 3.6 s; peak memory 727 MiB.
2026-10-03T13:48:12Z INFO [1463/1874] 326a7034-beeb-4578-9f9d-702ac43b5641: cophenetic index 490; 0.5 s; peak memory 727 MiB.
2026-10-03T13:48:25Z INFO [1464/1874] 326b0ad3-d07b-47c2-b7c2-ea587d2a4389: cophenetic index 42708; 13.0 s; peak memory 727 MiB.
2026-10-03T13:48:26Z INFO [1465/1874] 326b9ab0-4262-4b3c-b711-517e515f3749: cophenetic index 33962; 1.1 s; peak memory 727 MiB.
2026-10-03T13:48:28Z INFO [1466/1874] 326c2691-117e-41dc-8de1-0d10ea9390cb: cophenetic index 638; 1.2 s; peak memory 727 MiB.
2026-10-03T13:49:04Z INFO [1467/1874] 326c6c49-e23a-4640-9ac9-f4ab184a1aac: cophenetic index 38135938; 36.5 s; peak memory 727 MiB.
2026-10-03T13:49:08Z INFO [1468/1874] 326ecfda-2f75-4f83-ada6-a86f274fedb9: cophenetic index 9548; 3.9 s; peak memory 727 MiB.
2026-10-03T13:49:09Z INFO [1469/1874] 326f0375-6810-4a7d-9dd3-c463cf81a2d5: cophenetic index 3004; 1.0 s; peak memory 727 MiB.
2026-10-03T13:49:10Z INFO [1470/1874] 326f8d4d-ec39-4602-964f-96a2f52cfcf5: cophenetic index 1562; 1.0 s; peak memory 727 MiB.
2026-10-03T13:49:12Z INFO [1471/1874] 326fceb7-0c7a-4096-9dd9-ca9508cb19b0: cophenetic index 1458; 2.4 s; peak memory 727 MiB.
2026-10-03T13:49:15Z INFO [1472/1874] 3270c720-aa61-4787-8664-387f127baa7a: cophenetic index 2402; 2.1 s; peak memory 727 MiB.
2026-10-03T13:49:16Z INFO [1473/1874] 3270f49a-654c-428a-99c1-c49f8bc13850: cophenetic index 3004; 1.0 s; peak memory 727 MiB.
2026-10-03T13:49:17Z INFO [1474/1874] 3273d9d9-0b64-4d31-9bf1-b0891c9fd88e: cophenetic index 2551; 1.2 s; peak memory 727 MiB.
2026-10-03T13:49:18Z INFO [1475/1874] 3274064e-b667-486a-b099-0e30ebc47b0f: cophenetic index 3004; 1.1 s; peak memory 727 MiB.
2026-10-03T13:49:18Z INFO [1476/1874] 32740ed1-7cf0-43af-94ab-2a07bd4f5832: cophenetic index 643; 0.6 s; peak memory 727 MiB.
2026-10-03T13:49:24Z INFO [1477/1874] 327614c7-f013-428e-bb5b-ea92c60e2ca1: cophenetic index 20638; 5.1 s; peak memory 727 MiB.
2026-10-03T13:49:25Z INFO [1478/1874] 3276b317-c195-42c8-8b59-e08628943a88: cophenetic index 766; 1.3 s; peak memory 727 MiB.
2026-10-03T13:49:31Z INFO [1479/1874] 3276e0cf-7028-429c-ab20-8965d1ace66f: cophenetic index 87573; 6.0 s; peak memory 727 MiB.
2026-10-03T13:49:36Z INFO [1480/1874] 32774288-3474-4be5-bd73-4b6411ae27a1: cophenetic index 10124; 5.2 s; peak memory 727 MiB.
2026-10-03T13:49:38Z INFO [1481/1874] 3278fc32-7772-42b8-862b-321a4c7034e0: cophenetic index 3644; 2.2 s; peak memory 727 MiB.
2026-10-03T13:49:39Z INFO [1482/1874] 327959e6-a67e-4c22-ba26-163332d37146: cophenetic index 573; 1.2 s; peak memory 727 MiB.
2026-10-03T13:49:44Z INFO [1483/1874] 32796761-1a67-46c8-824f-0201e93ac690: cophenetic index 6800; 4.7 s; peak memory 727 MiB.
2026-10-03T13:49:45Z INFO [1484/1874] 3279ec03-ace0-47ff-89ab-ee4708151dbc: cophenetic index 624; 0.9 s; peak memory 727 MiB.
2026-10-03T13:49:46Z INFO [1485/1874] 327a1ab0-08fc-44bc-9627-e055f7a90b05: cophenetic index 466; 1.0 s; peak memory 727 MiB.
2026-10-03T13:49:57Z INFO [1486/1874] 327b06db-2ea2-49d6-aadf-d3341d9f6041: cophenetic index 336623; 11.3 s; peak memory 727 MiB.
2026-10-03T13:50:00Z INFO [1487/1874] 327c8cfe-5363-45b6-a770-05d59d184aef: cophenetic index 5473; 2.5 s; peak memory 727 MiB.
2026-10-03T13:50:10Z INFO [1488/1874] 327cacff-d08a-4e28-92fc-8b4f05fa4569: cophenetic index 49783; 9.7 s; peak memory 727 MiB.
2026-10-03T13:50:12Z INFO [1489/1874] 327cb323-d1fc-4287-9284-ee8617eee94c: cophenetic index 2391; 2.4 s; peak memory 727 MiB.
2026-10-03T13:50:13Z INFO [1490/1874] 327d5698-0d3d-4ee0-aa7b-baa85952b334: cophenetic index 3004; 0.9 s; peak memory 727 MiB.
2026-10-03T13:50:14Z INFO [1491/1874] 327e02f7-32b0-433a-93f8-5c0413bbb743: cophenetic index 624; 0.9 s; peak memory 727 MiB.
2026-10-03T13:50:15Z INFO [1492/1874] 3280dfbb-fe38-4a98-9f0f-5a63d53ce1ca: cophenetic index 2625; 1.5 s; peak memory 727 MiB.
2026-10-03T13:50:16Z INFO [1493/1874] 328246e3-728a-437f-a4be-3b192b385296: cophenetic index 624; 0.8 s; peak memory 727 MiB.
2026-10-03T13:50:17Z INFO [1494/1874] 3282960e-efd5-44a3-988c-9ae22c468a83: cophenetic index 590; 0.7 s; peak memory 727 MiB.
2026-10-03T13:50:19Z INFO [1495/1874] 32835bbb-6726-4208-bc3e-7ff0ddf832c9: cophenetic index 2469; 2.4 s; peak memory 727 MiB.
2026-10-03T13:50:24Z INFO [1496/1874] 32837ab8-8168-4384-bc86-f0dbca9bc825: cophenetic index 9548; 4.7 s; peak memory 727 MiB.
2026-10-03T13:50:26Z INFO [1497/1874] 3283b37f-b8eb-4876-b47b-6e091099e918: cophenetic index 2402; 2.2 s; peak memory 727 MiB.
2026-10-03T13:50:27Z INFO [1498/1874] 3283be15-7e27-4e2a-b3c4-54749f47659d: cophenetic index 2570; 1.1 s; peak memory 727 MiB.
2026-10-03T13:50:28Z INFO [1499/1874] 3283c8ee-80d2-4612-a822-429680afa7c3: cophenetic index 3004; 1.0 s; peak memory 727 MiB.
2026-10-03T13:50:29Z INFO [1500/1874] 32843f00-e6b5-4594-8d2c-9d7826d95810: cophenetic index 3004; 0.8 s; peak memory 727 MiB.
2026-10-03T13:50:29Z INFO [1500/1874] 32843f00-e6b5-4594-8d2c-9d7826d95810: checkpointed 71368 records.
2026-10-03T13:50:35Z INFO [1501/1874] 3284c4cd-0a95-4f46-a67a-ef344622b1de: cophenetic index 55555; 5.2 s; peak memory 727 MiB.
2026-10-03T13:50:36Z INFO [1502/1874] 3284d314-c0be-4b1a-bd31-87231539459b: cophenetic index 695; 1.0 s; peak memory 727 MiB.
2026-10-03T13:50:39Z INFO [1503/1874] 3285d285-fa33-45ca-b1e3-b5d75a93a5f4: cophenetic index 1733; 2.9 s; peak memory 727 MiB.
2026-10-03T13:50:40Z INFO [1504/1874] 328636a2-581d-4c65-92d0-bed562eb271a: cophenetic index 3087; 1.1 s; peak memory 727 MiB.
2026-10-03T13:50:41Z INFO [1505/1874] 3286fbaa-075f-4165-9b2c-d38bd1d61db0: cophenetic index 2814; 1.2 s; peak memory 727 MiB.
2026-10-03T13:50:42Z INFO [1506/1874] 3287080c-890e-4e86-be69-c76afb7c1fc7: cophenetic index 2625; 1.3 s; peak memory 727 MiB.
2026-10-03T13:50:44Z INFO [1507/1874] 3289eb5d-a03a-45b8-a8d6-0b025a38c813: cophenetic index 1715; 1.5 s; peak memory 727 MiB.
2026-10-03T13:50:45Z INFO [1508/1874] 328b4b47-88f6-40b9-a65f-4cc2e1be8719: cophenetic index 2625; 1.3 s; peak memory 727 MiB.
2026-10-03T13:50:46Z INFO [1509/1874] 328b8b83-efae-44b7-b5c3-f49caef890df: cophenetic index 385; 1.2 s; peak memory 727 MiB.
2026-10-03T13:50:47Z INFO [1510/1874] 328c8552-8573-470e-9bda-7b43da8764e8: cophenetic index 624; 0.9 s; peak memory 727 MiB.
2026-10-03T13:50:51Z INFO [1511/1874] 328cf9b3-6258-4d0d-b9df-d1a34a36853d: cophenetic index 9548; 3.9 s; peak memory 727 MiB.
2026-10-03T13:50:52Z INFO [1512/1874] 328d1f2c-b019-4041-897a-488982430c10: cophenetic index 624; 0.9 s; peak memory 727 MiB.
2026-10-03T13:50:53Z INFO [1513/1874] 328d8d68-0626-4ef4-ae9b-e0933f826286: cophenetic index 605; 1.0 s; peak memory 727 MiB.
2026-10-03T13:50:55Z INFO [1514/1874] 328d9107-2727-40eb-80dd-aaede8836991: cophenetic index 2434; 2.0 s; peak memory 727 MiB.
2026-10-03T13:50:56Z INFO [1515/1874] 328dd4e7-bb38-4c9f-b7c6-64fa6a88dfb2: cophenetic index 3004; 1.0 s; peak memory 727 MiB.
2026-10-03T13:50:58Z INFO [1516/1874] 328df44c-c0e1-4fd4-8608-fab1b7a222e5: cophenetic index 3580; 2.8 s; peak memory 727 MiB.
2026-10-03T13:51:00Z INFO [1517/1874] 328f49ff-e9d2-4ec6-8c85-3fdd07a2cae4: cophenetic index 33968; 1.2 s; peak memory 727 MiB.
2026-10-03T13:51:01Z INFO [1518/1874] 328fe152-89f2-439c-ace5-18ec61e5aac9: cophenetic index 431; 1.0 s; peak memory 727 MiB.
2026-10-03T13:51:02Z INFO [1519/1874] 329126c9-0333-4e96-a507-c9198fe653f8: cophenetic index 1087; 1.1 s; peak memory 727 MiB.
2026-10-03T13:51:02Z INFO [1520/1874] 3291285a-b68d-4028-b831-4b4c31fb9146: cophenetic index 490; 0.6 s; peak memory 727 MiB.
2026-10-03T13:51:03Z INFO [1521/1874] 32930c1a-7284-42d8-8522-a1803e623ec1: cophenetic index 439; 1.3 s; peak memory 727 MiB.
2026-10-03T13:51:04Z INFO [1522/1874] 32930f6f-cda5-4cf9-b217-6c2d18afce16: cophenetic index 497; 0.9 s; peak memory 727 MiB.
2026-10-03T13:51:15Z INFO [1523/1874] 32941b00-0fb0-4e69-a86b-696a13e2714f: cophenetic index 49996; 11.1 s; peak memory 727 MiB.
2026-10-03T13:51:16Z INFO [1524/1874] 3294aeda-a4a2-4a2b-8df0-03274b64e852: cophenetic index 624; 0.8 s; peak memory 727 MiB.
2026-10-03T13:51:17Z INFO [1525/1874] 3295d590-b681-4d8f-ac8f-a402a9bdb620: cophenetic index 569; 1.0 s; peak memory 727 MiB.
2026-10-03T13:51:19Z INFO [1526/1874] 3296041b-c90c-49ed-828f-6f8ec64dbf8c: cophenetic index 2701; 1.4 s; peak memory 727 MiB.
2026-10-03T13:51:20Z INFO [1527/1874] 32986a4b-8d42-4885-9a93-ffcaff7a000c: cophenetic index 3004; 0.9 s; peak memory 727 MiB.
2026-10-03T13:51:21Z INFO [1528/1874] 3298edd3-1a2d-4950-b507-d3f4c09b2831: cophenetic index 2625; 1.0 s; peak memory 727 MiB.
2026-10-03T13:51:22Z INFO [1529/1874] 32992a10-2556-4f9d-b5d3-9e9cf7cf989b: cophenetic index 624; 0.9 s; peak memory 727 MiB.
2026-10-03T13:51:23Z INFO [1530/1874] 329a8bdf-b46f-4a4a-9f5b-8f92a83ab542: cophenetic index 33998; 1.5 s; peak memory 727 MiB.
2026-10-03T13:51:24Z INFO [1531/1874] 329b29b2-bc1e-488e-a314-236e14b22742: cophenetic index 649; 1.0 s; peak memory 727 MiB.
2026-10-03T13:51:25Z INFO [1532/1874] 329b43a4-2711-464e-a6ee-f59492319e85: cophenetic index 466; 0.9 s; peak memory 727 MiB.
2026-10-03T13:51:26Z INFO [1533/1874] 329b8dfe-d1d1-46a9-9a28-af434bc13338: cophenetic index 1751; 1.1 s; peak memory 727 MiB.
2026-10-03T13:51:27Z INFO [1534/1874] 329b92d6-3e1b-49fd-81c8-324e2bba272f: cophenetic index 6100; 1.1 s; peak memory 727 MiB.
2026-10-03T13:51:28Z INFO [1535/1874] 329c35d5-10d4-4d99-9bd5-a59912513873: cophenetic index 3004; 1.0 s; peak memory 727 MiB.
2026-10-03T13:51:29Z INFO [1536/1874] 329c51e8-8ef0-474a-bd79-0ba0dd6357f0: cophenetic index 718; 1.3 s; peak memory 727 MiB.
2026-10-03T13:51:31Z INFO [1537/1874] 329cbeb6-8cc2-4a31-bd76-0ea9b45e2634: cophenetic index 1400; 1.5 s; peak memory 727 MiB.
2026-10-03T13:51:32Z INFO [1538/1874] 329cc68b-7405-43ad-a2fe-545d2bf2ec5d: cophenetic index 466; 1.0 s; peak memory 727 MiB.
2026-10-03T13:51:38Z INFO [1539/1874] 329ce769-4e1f-4f40-9887-280cd5313687: cophenetic index 6591; 5.6 s; peak memory 727 MiB.
2026-10-03T13:51:45Z INFO [1540/1874] 329e5adf-296f-4234-8e21-24b0739262e1: cophenetic index 193689; 7.7 s; peak memory 727 MiB.
2026-10-03T13:51:54Z INFO [1541/1874] 329e722e-67c9-413b-b78d-0b30a1b0aa51: cophenetic index 184929; 8.8 s; peak memory 727 MiB.
2026-10-03T13:51:55Z INFO [1542/1874] 329f0aca-cabd-4e0c-a6c8-6dbd8c14d1b7: cophenetic index 543; 0.7 s; peak memory 727 MiB.
2026-10-03T13:51:56Z INFO [1543/1874] 329f344c-ca97-4cd9-a2a2-540761693e5d: cophenetic index 4950; 1.7 s; peak memory 727 MiB.
2026-10-03T13:51:57Z INFO [1544/1874] 329feccb-8251-40b3-b3cb-8c1750c75ca6: cophenetic index 690; 0.7 s; peak memory 727 MiB.
2026-10-03T13:51:59Z INFO [1545/1874] 32a032ac-7635-40d1-9ee9-5fd95bc5279f: cophenetic index 1751; 1.6 s; peak memory 727 MiB.
2026-10-03T13:52:00Z INFO [1546/1874] 32a04eaa-a39a-436f-a00f-93055f268744: cophenetic index 3004; 1.0 s; peak memory 727 MiB.
2026-10-03T13:52:01Z INFO [1547/1874] 32a065fb-fa2a-4246-a4e6-3a185b061906: cophenetic index 3004; 1.3 s; peak memory 727 MiB.
2026-10-03T13:52:02Z INFO [1548/1874] 32a0ed27-3f99-45f7-bfa1-6841138e4306: cophenetic index 624; 0.8 s; peak memory 727 MiB.
2026-10-03T13:52:03Z INFO [1549/1874] 32a1a59c-2037-4376-a10b-7ab99e64c777: cophenetic index 624; 0.9 s; peak memory 727 MiB.
2026-10-03T13:52:07Z INFO [1550/1874] 32a26dab-c133-472f-bf0f-3642fc625166: cophenetic index 9548; 4.4 s; peak memory 727 MiB.
2026-10-03T13:52:07Z INFO [1550/1874] 32a26dab-c133-472f-bf0f-3642fc625166: checkpointed 71418 records.
2026-10-03T13:52:08Z INFO [1551/1874] 32a2ab22-f604-40ee-8d72-0c7de98334f0: cophenetic index 624; 1.0 s; peak memory 727 MiB.
2026-10-03T13:52:09Z INFO [1552/1874] 32a38057-e71d-4d08-be62-4b02281e86a7: cophenetic index 164; 0.6 s; peak memory 727 MiB.
2026-10-03T13:52:11Z INFO [1553/1874] 32a4c72d-fde0-4b5d-8003-52c80f521d09: cophenetic index 33998; 1.8 s; peak memory 727 MiB.
2026-10-03T13:52:11Z INFO [1554/1874] 32a4d995-2bfe-45a2-a0e2-9d30e162d56c: cophenetic index 624; 0.9 s; peak memory 727 MiB.
2026-10-03T13:52:13Z INFO [1555/1874] 32a568bc-0e90-4638-bbea-6d24dd56e090: cophenetic index 33986; 1.3 s; peak memory 727 MiB.
2026-10-03T13:53:21Z INFO [1556/1874] 32a5f888-5ebc-40c1-8383-5d9589f86b83: cophenetic index 471487427; 68.6 s; peak memory 727 MiB.
2026-10-03T13:53:22Z INFO [1557/1874] 32a68908-6ec7-45a9-b34d-42d6269a47f7: cophenetic index 3004; 0.9 s; peak memory 727 MiB.
2026-10-03T13:53:24Z INFO [1558/1874] 32a6bb8b-eff1-47fd-a8d4-d304b27c2cfb: cophenetic index 33998; 1.5 s; peak memory 727 MiB.
2026-10-03T13:53:26Z INFO [1559/1874] 32a6bdbd-5ea9-4bef-81f3-d8e71dd1c100: cophenetic index 1504; 2.1 s; peak memory 727 MiB.
2026-10-03T13:53:27Z INFO [1560/1874] 32a7f1c5-25fc-4eab-be91-d291c630e1a1: cophenetic index 624; 0.8 s; peak memory 727 MiB.
2026-10-03T13:53:28Z INFO [1561/1874] 32a811d6-96f1-4eaf-859a-9a747b371af8: cophenetic index 2570; 1.1 s; peak memory 727 MiB.
2026-10-03T13:53:29Z INFO [1562/1874] 32a82017-69e0-48e9-9e68-9d45ba9dbf61: cophenetic index 624; 0.8 s; peak memory 727 MiB.
2026-10-03T13:53:30Z INFO [1563/1874] 32aa98c8-1347-4a30-b587-eb5304a9c776: cophenetic index 634; 1.0 s; peak memory 727 MiB.
2026-10-03T13:53:30Z INFO [1564/1874] 32aacacc-e441-490f-8e15-dd10f1e0dbd6: cophenetic index 555; 0.8 s; peak memory 727 MiB.
2026-10-03T13:53:31Z INFO [1565/1874] 32ac13a1-f070-47a4-851b-4421f48a7839: cophenetic index 994; 0.8 s; peak memory 727 MiB.
2026-10-03T13:53:33Z INFO [1566/1874] 32acd91e-4d04-4a23-aceb-79288c108854: cophenetic index 2114; 1.4 s; peak memory 727 MiB.
2026-10-03T13:53:33Z INFO [1567/1874] 32acef21-ba83-430c-a0b3-5661353830f6: cophenetic index 490; 0.6 s; peak memory 727 MiB.
2026-10-03T13:53:35Z INFO [1568/1874] 32ad1afd-d0b6-4914-b2d9-15eb80793eff: cophenetic index 23853; 1.5 s; peak memory 727 MiB.
2026-10-03T13:53:36Z INFO [1569/1874] 32ada568-1ee4-4b09-af1b-7ec7ec1fcf8a: cophenetic index 2625; 1.6 s; peak memory 727 MiB.
2026-10-03T13:53:37Z INFO [1570/1874] 32aeda51-70b5-48cf-9b03-c7a1a7ebcbc1: cophenetic index 431; 0.8 s; peak memory 727 MiB.
2026-10-03T13:53:38Z INFO [1571/1874] 32af1df6-3f44-4834-bddc-ac949840c1dc: cophenetic index 624; 0.9 s; peak memory 727 MiB.
2026-10-03T13:53:39Z INFO [1572/1874] 32b0d120-8f6c-4902-9329-b51d1907eed4: cophenetic index 2625; 1.2 s; peak memory 727 MiB.
2026-10-03T13:53:46Z INFO [1573/1874] 32b14534-4ba2-42c2-bb9a-0145e783de18: cophenetic index 196975; 6.8 s; peak memory 727 MiB.
2026-10-03T13:53:49Z INFO [1574/1874] 32b1cca1-e5eb-4d2e-be7a-b6951642ff78: cophenetic index 5473; 2.6 s; peak memory 727 MiB.
2026-10-03T13:53:49Z INFO [1575/1874] 32b2f632-b653-4937-9fc0-3000e361f4c5: cophenetic index 423; 0.9 s; peak memory 727 MiB.
2026-10-03T13:53:50Z INFO [1576/1874] 32b31c05-73aa-4364-bfd4-1cc1c708c376: cophenetic index 379; 0.6 s; peak memory 727 MiB.
2026-10-03T13:53:53Z INFO [1577/1874] 32b39e0e-de4d-4e1a-af2d-b65861e16ef9: cophenetic index 8488; 3.2 s; peak memory 727 MiB.
2026-10-03T13:53:54Z INFO [1578/1874] 32b3e4a5-6822-434e-b530-24137c30c623: cophenetic index 605; 1.2 s; peak memory 727 MiB.
2026-10-03T13:53:55Z INFO [1579/1874] 32b433f9-0855-4d21-8078-63a35644712c: cophenetic index 952; 0.9 s; peak memory 727 MiB.
2026-10-03T13:53:56Z INFO [1580/1874] 32b4c98e-9eb1-4cd8-ab32-28c5fcfc10e7: cophenetic index 624; 0.8 s; peak memory 727 MiB.
2026-10-03T13:53:57Z INFO [1581/1874] 32b4d122-7bb0-4481-b0da-54cde5ca985a: cophenetic index 624; 0.8 s; peak memory 727 MiB.
2026-10-03T13:53:58Z INFO [1582/1874] 32b51a6a-9ec4-4162-81ac-db44c061ca20: cophenetic index 624; 0.8 s; peak memory 727 MiB.
2026-10-03T13:54:00Z INFO [1583/1874] 32b5f639-e4b5-40c1-9ee6-40bdc4640e25: cophenetic index 809; 1.8 s; peak memory 727 MiB.
2026-10-03T13:54:10Z INFO [1584/1874] 32b71c3e-ab62-4160-b204-c92a9828ede5: cophenetic index 49912; 10.3 s; peak memory 727 MiB.
2026-10-03T13:54:11Z INFO [1585/1874] 32b7a0e8-bc75-4b63-92e9-e7b631f0941d: cophenetic index 624; 0.8 s; peak memory 727 MiB.
2026-10-03T13:54:12Z INFO [1586/1874] 32b7e20f-06b3-4a00-a6fe-c2373028148e: cophenetic index 624; 0.9 s; peak memory 727 MiB.
2026-10-03T13:54:13Z INFO [1587/1874] 32b86953-0b27-45c0-932b-60e0d99ff0cd: cophenetic index 624; 0.9 s; peak memory 727 MiB.
2026-10-03T13:54:14Z INFO [1588/1874] 32b86d36-f364-4df0-aaf8-8ad58d1b3ea9: cophenetic index 2625; 1.2 s; peak memory 727 MiB.
2026-10-03T13:54:18Z INFO [1589/1874] 32b871a7-ee2f-4264-80c0-9009837456d2: cophenetic index 9548; 4.5 s; peak memory 727 MiB.
2026-10-03T13:54:19Z INFO [1590/1874] 32b8c425-abfb-44e4-91b6-7e050f7686c5: cophenetic index 2974; 0.9 s; peak memory 727 MiB.
2026-10-03T13:54:20Z INFO [1591/1874] 32b8df61-0bfa-4419-a15f-bcdfdd5af5d2: cophenetic index 624; 0.8 s; peak memory 727 MiB.
2026-10-03T13:54:21Z INFO [1592/1874] 32b95f63-379c-47ea-94b2-6c30115cdefc: cophenetic index 431; 0.8 s; peak memory 727 MiB.
2026-10-03T13:54:24Z INFO [1593/1874] 32b96aa8-8078-453e-a199-df36a91f8ed1: cophenetic index 20238; 3.1 s; peak memory 727 MiB.
2026-10-03T13:54:26Z INFO [1594/1874] 32b9c4c2-c8c5-4986-91ef-89cf4a31acc2: cophenetic index 2019; 2.3 s; peak memory 727 MiB.
2026-10-03T13:54:27Z INFO [1595/1874] 32b9dc2e-7fd9-4df5-9419-7e3e3a44e4fb: cophenetic index 431; 0.7 s; peak memory 727 MiB.
2026-10-03T13:54:28Z INFO [1596/1874] 32bb839f-859d-4438-8c03-b22ecaeea474: cophenetic index 624; 0.8 s; peak memory 727 MiB.
2026-10-03T13:54:29Z INFO [1597/1874] 32bb9b65-c5cc-405d-a362-b82511174391: cophenetic index 624; 0.9 s; peak memory 727 MiB.
2026-10-03T13:54:29Z INFO [1598/1874] 32bbbea0-88a8-40ab-bdb8-088efe7e6d50: cophenetic index 3004; 0.9 s; peak memory 727 MiB.
2026-10-03T13:54:30Z INFO [1599/1874] 32bd5447-37ef-42bc-93dd-c5b83699215a: cophenetic index 3012; 0.8 s; peak memory 727 MiB.
2026-10-03T13:54:31Z INFO [1600/1874] 32be05fb-6392-4442-9ef2-fa91638d3660: cophenetic index 3087; 1.0 s; peak memory 727 MiB.
2026-10-03T13:54:31Z INFO [1600/1874] 32be05fb-6392-4442-9ef2-fa91638d3660: checkpointed 71468 records.
2026-10-03T13:54:33Z INFO [1601/1874] 32be49f8-a919-44cd-8f08-64d5e62fddc9: cophenetic index 930; 1.4 s; peak memory 727 MiB.
2026-10-03T13:54:33Z INFO [1602/1874] 32bf1637-87e4-4e59-b38b-56ab62d38a27: cophenetic index 490; 0.6 s; peak memory 727 MiB.
2026-10-03T13:54:34Z INFO [1603/1874] 32bf20a8-cf56-47df-ae6e-584e1aff9ea3: cophenetic index 2920; 0.8 s; peak memory 727 MiB.
2026-10-03T13:54:39Z INFO [1604/1874] 32bf3756-a1bc-4ac5-bf0f-0e799de7078e: cophenetic index 87781; 4.8 s; peak memory 727 MiB.
2026-10-03T13:54:40Z INFO [1605/1874] 32bf3a74-e560-42c7-8365-11e5889a34b6: cophenetic index 1380; 1.2 s; peak memory 727 MiB.
2026-10-03T13:54:42Z INFO [1606/1874] 32bf74ba-0cc2-43b4-9f26-9b388b94df01: cophenetic index 33986; 1.3 s; peak memory 727 MiB.
2026-10-03T13:54:43Z INFO [1607/1874] 32bfab24-9d4d-4db9-9a92-b5ee53c9a74d: cophenetic index 33962; 1.2 s; peak memory 727 MiB.
2026-10-03T13:54:44Z INFO [1608/1874] 32bfda20-9c7d-4f73-b981-b4e018b5511f: cophenetic index 3087; 1.2 s; peak memory 727 MiB.
2026-10-03T13:54:45Z INFO [1609/1874] 32c04669-a54d-4b54-80cb-9884ec98d20c: cophenetic index 2974; 1.0 s; peak memory 727 MiB.
2026-10-03T13:54:47Z INFO [1610/1874] 32c056e1-2ec6-494c-8e3c-93e520775570: cophenetic index 1172; 1.9 s; peak memory 727 MiB.
2026-10-03T13:54:54Z INFO [1611/1874] 32c09a7b-de90-494e-a54a-2d6faebb7a8c: cophenetic index 14788; 7.0 s; peak memory 727 MiB.
2026-10-03T13:54:55Z INFO [1612/1874] 32c09b46-1b05-4fd0-bf19-74d2df8908ed: cophenetic index 33962; 1.3 s; peak memory 727 MiB.
2026-10-03T13:54:56Z INFO [1613/1874] 32c0bc03-03db-46d5-b533-8a0b711c136b: cophenetic index 624; 0.8 s; peak memory 727 MiB.
2026-10-03T13:54:57Z INFO [1614/1874] 32c0fb4d-7af3-4cd4-9963-fed47a4e03cb: cophenetic index 624; 0.9 s; peak memory 727 MiB.
2026-10-03T13:54:58Z INFO [1615/1874] 32c1335b-ae4c-478b-87a6-6438964b97da: cophenetic index 605; 1.1 s; peak memory 727 MiB.
2026-10-03T13:55:00Z INFO [1616/1874] 32c1d0de-8f8a-496c-bebc-f4f409c5400f: cophenetic index 2402; 2.4 s; peak memory 727 MiB.
2026-10-03T13:55:01Z INFO [1617/1874] 32c2ab31-33f8-4ee2-851b-bc851561391c: cophenetic index 2974; 1.0 s; peak memory 727 MiB.
2026-10-03T13:55:03Z INFO [1618/1874] 32c4518a-04a2-464b-b5d8-9bc80b35c974: cophenetic index 33986; 1.3 s; peak memory 727 MiB.
2026-10-03T13:55:03Z INFO [1619/1874] 32c4704e-84b8-4c73-8133-01abb4cdd39a: cophenetic index 733; 0.5 s; peak memory 727 MiB.
2026-10-03T13:55:05Z INFO [1620/1874] 32c472eb-940c-43db-8170-1573e617a624: cophenetic index 2611; 2.0 s; peak memory 727 MiB.
2026-10-03T13:55:13Z INFO [1621/1874] 32c47377-6514-40f9-b599-925a18ea9041: cophenetic index 165562; 7.9 s; peak memory 727 MiB.
2026-10-03T13:55:21Z INFO [1622/1874] 32c4a7ec-9df0-42fc-a516-f32d521b0eb7: cophenetic index 178560; 8.4 s; peak memory 727 MiB.
2026-10-03T13:55:22Z INFO [1623/1874] 32c61d25-1888-4bab-9e20-0a0636438acd: cophenetic index 624; 1.0 s; peak memory 727 MiB.
2026-10-03T13:55:24Z INFO [1624/1874] 32c6c01a-5c40-4470-bbfd-7e6e1600ec8e: cophenetic index 2625; 1.2 s; peak memory 727 MiB.
2026-10-03T13:55:25Z INFO [1625/1874] 32c6ca5f-679b-4c7d-b1c1-8af45aba9c1d: cophenetic index 624; 1.0 s; peak memory 727 MiB.
2026-10-03T13:55:25Z INFO [1626/1874] 32c6caaa-264f-46ed-861d-86cced5d023a: cophenetic index 729; 0.7 s; peak memory 727 MiB.
2026-10-03T13:55:27Z INFO [1627/1874] 32c6d769-5cd1-439f-8c4f-e4b0231e5f41: cophenetic index 42542; 1.7 s; peak memory 727 MiB.
2026-10-03T13:55:28Z INFO [1628/1874] 32c7c2da-ef69-4d4b-a394-9fc692b1f506: cophenetic index 3004; 1.0 s; peak memory 727 MiB.
2026-10-03T13:55:29Z INFO [1629/1874] 32c7cc82-af61-48c8-928f-d5cdd78f0491: cophenetic index 624; 0.8 s; peak memory 727 MiB.
2026-10-03T13:55:31Z INFO [1630/1874] 32c7cf63-7b14-4364-b6f5-3ec7e074d723: cophenetic index 2469; 2.2 s; peak memory 727 MiB.
2026-10-03T13:55:32Z INFO [1631/1874] 32c7dc52-1867-4418-8703-280d291d2d2d: cophenetic index 581; 1.0 s; peak memory 727 MiB.
2026-10-03T13:55:33Z INFO [1632/1874] 32c835fa-db89-49de-a76c-4951b61bd0d3: cophenetic index 624; 0.8 s; peak memory 727 MiB.
2026-10-03T13:55:34Z INFO [1633/1874] 32c88e65-eda7-4389-aaa8-e8d7052c8610: cophenetic index 2625; 0.9 s; peak memory 727 MiB.
2026-10-03T13:55:35Z INFO [1634/1874] 32c9cd5b-2289-4dec-8b95-c2cd824a9e92: cophenetic index 402; 0.7 s; peak memory 727 MiB.
2026-10-03T13:55:35Z INFO [1635/1874] 32ca3f29-6715-4fe1-8c0e-2054791265e9: cophenetic index 649; 0.9 s; peak memory 727 MiB.
2026-10-03T13:55:42Z INFO [1636/1874] 32ca857d-8960-4bb2-81ff-aaff7948723c: cophenetic index 7554; 6.8 s; peak memory 727 MiB.
2026-10-03T13:55:43Z INFO [1637/1874] 32cbaa33-f755-4e56-a1e5-1761280b6529: cophenetic index 624; 0.9 s; peak memory 727 MiB.
2026-10-03T13:55:44Z INFO [1638/1874] 32cc389d-b284-4f36-8518-63b16e7cedf1: cophenetic index 641; 0.6 s; peak memory 727 MiB.
2026-10-03T13:55:45Z INFO [1639/1874] 32cce52e-ac90-4d12-b716-16a367a710d2: cophenetic index 1949; 1.2 s; peak memory 727 MiB.
2026-10-03T13:55:51Z INFO [1640/1874] 32cd6466-bbd5-4ee4-9af4-a5e9742b358b: cophenetic index 143466; 6.3 s; peak memory 727 MiB.
2026-10-03T13:55:52Z INFO [1641/1874] 32cd7338-43a5-4db5-8b05-9b2b46fc642c: cophenetic index 649; 0.9 s; peak memory 727 MiB.
2026-10-03T13:55:53Z INFO [1642/1874] 32cdc0f8-5dc1-4a6b-b21b-061d630e0250: cophenetic index 624; 0.8 s; peak memory 727 MiB.
2026-10-03T13:55:53Z INFO [1643/1874] 32cdfebf-62da-4533-a5d9-4087b27d86cd: cophenetic index 579; 0.6 s; peak memory 727 MiB.
2026-10-03T13:55:54Z INFO [1644/1874] 32cf10db-ef69-4114-94f3-e2dbd18270c8: cophenetic index 3087; 0.9 s; peak memory 727 MiB.
2026-10-03T13:55:55Z INFO [1645/1874] 32cf51e3-7d3b-4a6f-87d6-4e67df48a4d6: cophenetic index 624; 0.8 s; peak memory 727 MiB.
2026-10-03T13:55:56Z INFO [1646/1874] 32d01538-8a2c-4db8-989f-d6aa7b910243: cophenetic index 3004; 1.0 s; peak memory 727 MiB.
2026-10-03T13:55:57Z INFO [1647/1874] 32d05076-769e-4220-9bba-2ff6209d7d46: cophenetic index 624; 0.9 s; peak memory 727 MiB.
2026-10-03T13:55:58Z INFO [1648/1874] 32d0c0db-e7c2-4321-a3b3-bda7087e22d4: cophenetic index 446; 0.6 s; peak memory 727 MiB.
2026-10-03T13:55:59Z INFO [1649/1874] 32d0ea92-9523-4a71-ab9e-d02a1d00910b: cophenetic index 2625; 1.1 s; peak memory 727 MiB.
2026-10-03T13:56:00Z INFO [1650/1874] 32d11fe2-c167-45d6-b0d3-63ac2022c706: cophenetic index 2941; 1.0 s; peak memory 727 MiB.
2026-10-03T13:56:00Z INFO [1650/1874] 32d11fe2-c167-45d6-b0d3-63ac2022c706: checkpointed 71518 records.
2026-10-03T13:56:01Z INFO [1651/1874] 32d171c2-aac3-4c17-b9d9-65e72b2004b4: cophenetic index 739; 0.7 s; peak memory 727 MiB.
2026-10-03T13:56:02Z INFO [1652/1874] 32d18dd9-9e6c-4aa4-8c07-538d11dd4e40: cophenetic index 33962; 1.1 s; peak memory 727 MiB.
2026-10-03T13:56:03Z INFO [1653/1874] 32d22e4b-608b-4362-97ed-4b42ead215a0: cophenetic index 972; 1.3 s; peak memory 727 MiB.
2026-10-03T13:56:04Z INFO [1654/1874] 32d246f1-e644-45d1-a589-a43bf6d36cd7: cophenetic index 3057; 1.2 s; peak memory 727 MiB.
2026-10-03T13:56:05Z INFO [1655/1874] 32d30557-953b-4f05-a2a6-67c3c479ae90: cophenetic index 624; 1.2 s; peak memory 727 MiB.
2026-10-03T13:56:06Z INFO [1656/1874] 32d406ad-b9ab-414e-aa53-97139894cacd: cophenetic index 624; 0.8 s; peak memory 727 MiB.
2026-10-03T13:56:07Z INFO [1657/1874] 32d4076a-0a21-4203-86f6-7c60062d38ac: cophenetic index 624; 0.8 s; peak memory 727 MiB.
2026-10-03T13:56:14Z INFO [1658/1874] 32d47576-abf9-4c71-b3df-872d05e2b2e1: cophenetic index 3600852; 7.0 s; peak memory 727 MiB.
2026-10-03T13:56:15Z INFO [1659/1874] 32d49225-a0f2-4984-b192-fc3f2e4a6041: cophenetic index 2625; 1.4 s; peak memory 727 MiB.
2026-10-03T13:56:17Z INFO [1660/1874] 32d4a498-b1d7-4aee-8367-a22358a8d68e: cophenetic index 1025; 1.2 s; peak memory 727 MiB.
2026-10-03T13:56:17Z INFO [1661/1874] 32d58860-0025-4dd2-917d-b5fad945ae61: cophenetic index 632; 0.8 s; peak memory 727 MiB.
2026-10-03T13:56:21Z INFO [1662/1874] 32d5feae-cb02-45fc-a1ea-25ba3f659098: cophenetic index 1733; 3.1 s; peak memory 727 MiB.
2026-10-03T13:56:23Z INFO [1663/1874] 32d6c0dd-40c1-4158-8059-ca34449d42a6: cophenetic index 2469; 2.6 s; peak memory 727 MiB.
2026-10-03T13:56:33Z INFO [1664/1874] 32d73d0e-a470-4d29-b895-c4cf077d8b06: cophenetic index 48355; 9.5 s; peak memory 727 MiB.
2026-10-03T13:56:34Z INFO [1665/1874] 32d75427-dbfa-41b9-8f47-9aa9633efa69: cophenetic index 2625; 1.5 s; peak memory 727 MiB.
2026-10-03T13:56:35Z INFO [1666/1874] 32d8dcbe-969c-4809-a626-7cb0e86e2ed8: cophenetic index 1380; 1.1 s; peak memory 727 MiB.
2026-10-03T13:56:37Z INFO [1667/1874] 32da849c-be99-46e4-870d-24260a221439: cophenetic index 2625; 1.7 s; peak memory 727 MiB.
2026-10-03T13:56:38Z INFO [1668/1874] 32dae7ae-2c4f-43b7-8a81-0c4fdecf1a88: cophenetic index 33986; 1.2 s; peak memory 727 MiB.
2026-10-03T13:56:44Z INFO [1669/1874] 32db10fd-b165-4ded-bc93-b82c20a5247c: cophenetic index 87401; 6.3 s; peak memory 727 MiB.
2026-10-03T13:56:45Z INFO [1670/1874] 32dc2522-fc51-40e0-a703-102360ebf3fb: cophenetic index 3004; 1.1 s; peak memory 727 MiB.
2026-10-03T13:56:46Z INFO [1671/1874] 32dd0694-8f0e-4d4f-aefa-7facf18b369b: cophenetic index 624; 0.8 s; peak memory 727 MiB.
2026-10-03T13:56:47Z INFO [1672/1874] 32dd6294-d53c-4768-a468-840798e5742f: cophenetic index 624; 0.9 s; peak memory 727 MiB.
2026-10-03T13:56:48Z INFO [1673/1874] 32defe3a-0fd8-455a-a595-3eb682252cfc: cophenetic index 624; 0.8 s; peak memory 727 MiB.
2026-10-03T13:56:49Z INFO [1674/1874] 32df2a5c-739a-477c-b73c-8c71a4bd4332: cophenetic index 33998; 1.4 s; peak memory 727 MiB.
2026-10-03T13:56:51Z INFO [1675/1874] 32df2ff5-cdb7-4a4f-9438-05a1e65cb7ca: cophenetic index 766; 1.3 s; peak memory 727 MiB.
2026-10-03T13:56:52Z INFO [1676/1874] 32dfb06d-2430-40f5-9b6e-bd4c33b0628d: cophenetic index 33998; 1.6 s; peak memory 727 MiB.
2026-10-03T13:56:57Z INFO [1677/1874] 32dfb176-ee09-4617-90e8-d835cf127924: cophenetic index 9298; 4.3 s; peak memory 727 MiB.
2026-10-03T13:56:58Z INFO [1678/1874] 32e007ba-4fa2-4586-adab-a222ca20bd80: cophenetic index 1087; 1.2 s; peak memory 727 MiB.
2026-10-03T13:56:59Z INFO [1679/1874] 32e0f81c-5592-4936-b4b2-232e2a8d12cf: cophenetic index 560; 0.8 s; peak memory 727 MiB.
2026-10-03T13:56:59Z INFO [1680/1874] 32e298f6-2d27-4f89-82b8-f7eb236e9c04: cophenetic index 3004; 0.9 s; peak memory 727 MiB.
2026-10-03T13:57:00Z INFO [1681/1874] 32e3f250-88a5-415f-a667-3907da6b7f38: cophenetic index 624; 0.7 s; peak memory 727 MiB.
2026-10-03T13:57:01Z INFO [1682/1874] 32e485f4-9307-491f-8ba2-1bd0c112227c: cophenetic index 560; 0.7 s; peak memory 727 MiB.
2026-10-03T13:57:02Z INFO [1683/1874] 32e4bf4d-065a-4714-b382-c31d161a2f9b: cophenetic index 442; 0.8 s; peak memory 727 MiB.
2026-10-03T13:57:07Z INFO [1684/1874] 32e504c2-74a3-40ac-a14c-b08e01a3e793: cophenetic index 57038; 5.0 s; peak memory 727 MiB.
2026-10-03T13:57:08Z INFO [1685/1874] 32e5b414-0ab1-42ca-bf06-fbd32ec0241d: cophenetic index 781; 1.2 s; peak memory 727 MiB.
2026-10-03T13:57:09Z INFO [1686/1874] 32e638cf-b9c6-4a64-82c2-886cfa7a4db6: cophenetic index 624; 0.9 s; peak memory 727 MiB.
2026-10-03T13:57:10Z INFO [1687/1874] 32e67187-73a2-4842-a3aa-3c52d670c24e: cophenetic index 3012; 1.1 s; peak memory 727 MiB.
2026-10-03T13:57:11Z INFO [1688/1874] 32e6892e-9781-48a9-937a-6d8afd772dfa: cophenetic index 3087; 1.1 s; peak memory 727 MiB.
2026-10-03T13:57:13Z INFO [1689/1874] 32e6c3df-6d4b-4bd8-98fd-eb2c988db94b: cophenetic index 949; 1.4 s; peak memory 727 MiB.
2026-10-03T13:57:14Z INFO [1690/1874] 32e6d36c-b7dc-4e91-af59-7073696e6f68: cophenetic index 1563; 1.4 s; peak memory 727 MiB.
2026-10-03T13:57:15Z INFO [1691/1874] 32e6ddf3-e5d9-49d4-b08e-1d9e1f8bcfba: cophenetic index 431; 1.0 s; peak memory 727 MiB.
2026-10-03T13:57:16Z INFO [1692/1874] 32e6f60c-2d6b-456c-8a0c-d091e3df781a: cophenetic index 2974; 1.0 s; peak memory 727 MiB.
2026-10-03T13:57:17Z INFO [1693/1874] 32e7065d-afd7-4fd3-8f21-ec4006d544cf: cophenetic index 539; 0.8 s; peak memory 727 MiB.
2026-10-03T13:57:18Z INFO [1694/1874] 32e75a1d-7d29-4383-a75c-2b008cb7f771: cophenetic index 447; 0.9 s; peak memory 727 MiB.
2026-10-03T13:57:19Z INFO [1695/1874] 32e795ea-4d10-4af7-9c5f-2029c7ac3a80: cophenetic index 649; 1.0 s; peak memory 727 MiB.
2026-10-03T13:57:20Z INFO [1696/1874] 32e7b44e-b247-483e-b874-dfaf1c5c2668: cophenetic index 3004; 1.1 s; peak memory 727 MiB.
2026-10-03T13:57:21Z INFO [1697/1874] 32e7ba29-0439-4acf-a5d0-efd8ef3b56ea: cophenetic index 2496; 0.9 s; peak memory 727 MiB.
2026-10-03T13:57:21Z INFO [1698/1874] 32e7e96a-cf17-42a7-9153-b6be8398a64d: cophenetic index 624; 0.8 s; peak memory 727 MiB.
2026-10-03T13:57:22Z INFO [1699/1874] 32e80489-fbd8-4147-adda-cfe2e099c449: cophenetic index 99403; 1.1 s; peak memory 727 MiB.
2026-10-03T13:57:25Z INFO [1700/1874] 32e84e89-aaf4-4caf-9c7f-3221f95b55e2: cophenetic index 5473; 2.9 s; peak memory 727 MiB.
2026-10-03T13:57:26Z INFO [1700/1874] 32e84e89-aaf4-4caf-9c7f-3221f95b55e2: checkpointed 71568 records.
2026-10-03T13:57:26Z INFO [1701/1874] 32e86679-16a9-4b87-9a5c-550e5680d396: cophenetic index 624; 1.0 s; peak memory 727 MiB.
2026-10-03T13:57:28Z INFO [1702/1874] 32e89fa4-329e-4bb3-b776-3b6e4c6dc5f8: cophenetic index 2923; 1.2 s; peak memory 727 MiB.
2026-10-03T13:57:29Z INFO [1703/1874] 32e9caff-a572-4a83-8464-ee217c930ce3: cophenetic index 6435; 1.1 s; peak memory 727 MiB.
2026-10-03T13:57:34Z INFO [1704/1874] 32ead04e-c032-45eb-8d2d-64cf011127ad: cophenetic index 30121; 5.1 s; peak memory 727 MiB.
2026-10-03T13:57:35Z INFO [1705/1874] 32eb04f1-67a4-4757-97d0-a28d369c5119: cophenetic index 907; 0.8 s; peak memory 727 MiB.
2026-10-03T13:57:36Z INFO [1706/1874] 32ec01b4-c774-4578-85d1-cbbfb44e1a4f: cophenetic index 33998; 1.5 s; peak memory 727 MiB.
2026-10-03T13:57:41Z INFO [1707/1874] 32ec5ffd-e089-4ac7-a4ac-80a0cf367bb2: cophenetic index 5466; 4.6 s; peak memory 727 MiB.
2026-10-03T13:57:42Z INFO [1708/1874] 32ed19d4-e786-4612-aa6d-3d576fb01279: cophenetic index 2625; 1.1 s; peak memory 727 MiB.
2026-10-03T13:57:43Z INFO [1709/1874] 32ed79d8-5359-4977-b1fb-5f39fcd20f05: cophenetic index 690; 0.8 s; peak memory 727 MiB.
2026-10-03T13:57:44Z INFO [1710/1874] 32ed7e3d-fde1-4578-b161-db3b2f28bd20: cophenetic index 2625; 1.3 s; peak memory 727 MiB.
2026-10-03T13:57:45Z INFO [1711/1874] 32edc530-f89c-436e-96ca-ef0159aca24e: cophenetic index 624; 0.9 s; peak memory 727 MiB.
2026-10-03T13:57:52Z INFO [1712/1874] 32ede07f-312c-49a7-b77f-56458539116f: cophenetic index 168333; 7.4 s; peak memory 727 MiB.
2026-10-03T13:57:54Z INFO [1713/1874] 32ee30cd-21b8-4c91-bc49-2b85a500d897: cophenetic index 972; 1.5 s; peak memory 727 MiB.
2026-10-03T13:57:55Z INFO [1714/1874] 32ee3714-15df-4bf1-9083-491da02d4b21: cophenetic index 624; 0.9 s; peak memory 727 MiB.
2026-10-03T13:57:56Z INFO [1715/1874] 32ee4351-8393-4cf6-b50c-a5236e50be08: cophenetic index 1558; 1.2 s; peak memory 727 MiB.
2026-10-03T13:57:57Z INFO [1716/1874] 32ef2ef3-12fc-4d96-bae3-eeeef3d93a20: cophenetic index 567; 0.6 s; peak memory 727 MiB.
2026-10-03T13:58:05Z INFO [1717/1874] 32f23686-007f-4eab-a618-d5ea115e36b5: cophenetic index 473623; 8.7 s; peak memory 727 MiB.
2026-10-03T13:58:06Z INFO [1718/1874] 32f33d64-6176-405f-be2a-f571a190cd5b: cophenetic index 567; 0.6 s; peak memory 727 MiB.
2026-10-03T13:58:07Z INFO [1719/1874] 32f34b2b-460e-42d4-a18a-ff15be1083d5: cophenetic index 1602; 0.9 s; peak memory 727 MiB.
2026-10-03T13:58:08Z INFO [1720/1874] 32f3769d-76c7-4e72-8503-dc8a4e2155c6: cophenetic index 624; 0.9 s; peak memory 727 MiB.
2026-10-03T13:58:08Z INFO [1721/1874] 32f4e9d2-402a-4440-8e54-ce68251c2907: cophenetic index 490; 0.8 s; peak memory 727 MiB.
2026-10-03T13:58:09Z INFO [1722/1874] 32f554cc-f737-4681-accd-b2fb99956117: cophenetic index 725; 0.9 s; peak memory 727 MiB.
2026-10-03T13:58:10Z INFO [1723/1874] 32f5990c-a5c0-4e04-9537-74459742c92d: cophenetic index 624; 0.9 s; peak memory 727 MiB.
2026-10-03T13:58:11Z INFO [1724/1874] 32f5f685-f146-472d-88ff-191789bebea0: cophenetic index 2625; 1.2 s; peak memory 727 MiB.
2026-10-03T13:58:12Z INFO [1725/1874] 32f62ecd-0b03-416b-8705-a2870daf8d50: cophenetic index 624; 0.8 s; peak memory 727 MiB.
2026-10-03T13:58:15Z INFO [1726/1874] 32f6a83a-bc6a-4a7d-9b7f-cb533b07e73a: cophenetic index 5473; 2.5 s; peak memory 727 MiB.
2026-10-03T13:58:23Z INFO [1727/1874] 32f6c04a-9de4-46bd-b875-8cca568b0a32: cophenetic index 195172714; 8.5 s; peak memory 727 MiB.
2026-10-03T13:58:24Z INFO [1728/1874] 32f714b8-cc4a-4524-995e-5588d190be63: cophenetic index 3004; 1.0 s; peak memory 727 MiB.
2026-10-03T13:58:25Z INFO [1729/1874] 32f7d89b-c90b-4071-86a0-fecc5c09520d: cophenetic index 624; 0.9 s; peak memory 727 MiB.
2026-10-03T13:58:27Z INFO [1730/1874] 32f7d9f4-344e-491e-9dfd-f8ed66a73e85: cophenetic index 2625; 1.5 s; peak memory 727 MiB.
2026-10-03T13:58:27Z INFO [1731/1874] 32f92d07-f565-4788-af5a-907cf38ba769: cophenetic index 649; 0.9 s; peak memory 727 MiB.
2026-10-03T13:58:28Z INFO [1732/1874] 32fa63a6-9d2f-44ab-9dbc-d6006beab79c: cophenetic index 624; 0.8 s; peak memory 727 MiB.
2026-10-03T13:58:29Z INFO [1733/1874] 32fa9ecd-1bb7-4bbe-b7e6-118dfc8ade02: cophenetic index 2625; 1.1 s; peak memory 727 MiB.
2026-10-03T13:58:31Z INFO [1734/1874] 32fb325e-65cc-49fc-8a63-12b5f5aec93d: cophenetic index 6100; 1.3 s; peak memory 727 MiB.
2026-10-03T13:58:33Z INFO [1735/1874] 32fb4c68-3427-4941-a08c-50e6816572fb: cophenetic index 34658; 2.2 s; peak memory 727 MiB.
2026-10-03T13:58:34Z INFO [1736/1874] 32fb63cb-c8a4-495f-9efe-32c8799fdcdd: cophenetic index 624; 0.9 s; peak memory 727 MiB.
2026-10-03T13:58:35Z INFO [1737/1874] 32fdaa63-9c90-40b5-8199-bf2dd2ff547a: cophenetic index 3004; 0.9 s; peak memory 727 MiB.
2026-10-03T13:58:35Z INFO [1738/1874] 32fdc4e2-75b2-4abb-8fde-483b305ea7b5: cophenetic index 2782; 0.8 s; peak memory 727 MiB.
2026-10-03T13:58:37Z INFO [1739/1874] 32fdd448-2a98-4a48-a0f9-6e0204cc91d8: cophenetic index 3087; 1.0 s; peak memory 727 MiB.
2026-10-03T13:58:37Z INFO [1740/1874] 32ff575f-92fe-489c-b2e7-4c70c13c20be: cophenetic index 729; 0.7 s; peak memory 727 MiB.
2026-10-03T13:58:44Z INFO [1741/1874] 32ff7792-bf60-4618-bbd6-6ff26e75565a: cophenetic index 22265; 6.8 s; peak memory 727 MiB.
2026-10-03T13:58:45Z INFO [1742/1874] 32ffb454-6210-4355-a923-40fde3a00bdb: cophenetic index 624; 0.9 s; peak memory 727 MiB.
2026-10-03T13:58:46Z INFO [1743/1874] 32ffb4c0-a61e-4478-b7dd-49253f0403c2: cophenetic index 624; 0.8 s; peak memory 727 MiB.
2026-10-03T13:58:51Z INFO [1744/1874] 32ffca0e-2db7-4c72-9c15-10f923f38a84: cophenetic index 9548; 5.3 s; peak memory 727 MiB.
2026-10-03T13:59:19Z INFO [1745/1874] 3301a474-625a-49ab-8c98-57ffe48895cc: cophenetic index 79174901; 28.2 s; peak memory 727 MiB.
2026-10-03T13:59:21Z INFO [1746/1874] 3301ab4a-5770-447a-86ee-f651ad23d4d0: cophenetic index 2053; 1.3 s; peak memory 727 MiB.
2026-10-03T13:59:22Z INFO [1747/1874] 3302e590-293a-4e99-ae60-aab7feba3934: cophenetic index 3972; 1.3 s; peak memory 727 MiB.
2026-10-03T13:59:23Z INFO [1748/1874] 3302e78f-7717-48b2-b71a-8c482eebfd66: cophenetic index 624; 0.8 s; peak memory 727 MiB.
2026-10-03T13:59:24Z INFO [1749/1874] 33039157-464a-4e20-b044-f503e4d57232: cophenetic index 581; 1.0 s; peak memory 727 MiB.
2026-10-03T13:59:25Z INFO [1750/1874] 33044161-cdda-41ae-b2a8-cb3f74e18667: cophenetic index 649; 0.8 s; peak memory 727 MiB.
2026-10-03T13:59:25Z INFO [1750/1874] 33044161-cdda-41ae-b2a8-cb3f74e18667: checkpointed 71618 records.
2026-10-03T13:59:41Z INFO [1751/1874] 330672c3-9a14-455a-a6bd-88f3332f5327: cophenetic index 504644; 16.3 s; peak memory 727 MiB.
2026-10-03T13:59:42Z INFO [1752/1874] 3307a6bc-2dd7-46eb-a92d-565cf461bde7: cophenetic index 624; 0.8 s; peak memory 727 MiB.
2026-10-03T13:59:42Z INFO [1753/1874] 3307e3ff-f23d-4911-840f-7557c0754f16: cophenetic index 729; 0.6 s; peak memory 727 MiB.
2026-10-03T13:59:43Z INFO [1754/1874] 3307e57e-c8bd-4b81-ba9d-f585e1e4a09d: cophenetic index 729; 0.6 s; peak memory 727 MiB.
2026-10-03T13:59:44Z INFO [1755/1874] 3307f47a-3622-4dae-85df-92e6b40bddc4: cophenetic index 627; 0.8 s; peak memory 727 MiB.
2026-10-03T13:59:50Z INFO [1756/1874] 33095958-5432-462d-bd88-acc482e2351c: cophenetic index 166620; 6.2 s; peak memory 727 MiB.
2026-10-03T13:59:51Z INFO [1757/1874] 33098255-e8cc-43cc-ae83-2c4ff38fee1b: cophenetic index 2724; 1.3 s; peak memory 727 MiB.
2026-10-03T13:59:53Z INFO [1758/1874] 3309acd8-b522-4341-8f95-d784bfa80b8d: cophenetic index 99120; 1.5 s; peak memory 727 MiB.
2026-10-03T13:59:54Z INFO [1759/1874] 3309c5b9-5970-4a72-8d7b-861b00c583ec: cophenetic index 722; 1.0 s; peak memory 727 MiB.
2026-10-03T14:00:03Z INFO [1760/1874] 330a3649-add2-4892-a459-5bb87ec5cba2: cophenetic index 48665; 9.7 s; peak memory 727 MiB.
2026-10-03T14:00:06Z INFO [1761/1874] 330a82e0-2269-470d-ab61-21896b266ee8: cophenetic index 5473; 2.6 s; peak memory 727 MiB.
2026-10-03T14:00:09Z INFO [1762/1874] 330a8a37-e10e-42d0-a260-904e5837a2e9: cophenetic index 5473; 2.6 s; peak memory 727 MiB.
2026-10-03T14:00:10Z INFO [1763/1874] 330bb076-abe7-4410-b478-b1824f615278: cophenetic index 33998; 1.1 s; peak memory 727 MiB.
2026-10-03T14:00:10Z INFO [1764/1874] 330ccb2a-4796-4b26-844a-c1fd02d7d23e: cophenetic index 761; 0.7 s; peak memory 727 MiB.
2026-10-03T14:00:11Z INFO [1765/1874] 330d3eaa-c188-4fb0-8f0b-a3b336447b48: cophenetic index 649; 0.9 s; peak memory 727 MiB.
2026-10-03T14:00:13Z INFO [1766/1874] 330e0183-83c2-4ac7-8014-7ff5a8b08287: cophenetic index 33986; 1.5 s; peak memory 727 MiB.
2026-10-03T14:00:15Z INFO [1767/1874] 330e329c-5a8e-4531-bda6-56b25335a570: cophenetic index 5473; 2.5 s; peak memory 727 MiB.
2026-10-03T14:00:21Z INFO [1768/1874] 330e3c9e-b292-4dd7-b5f4-eb77098b3759: cophenetic index 6715; 5.6 s; peak memory 727 MiB.
2026-10-03T14:00:22Z INFO [1769/1874] 330f30fd-dcfd-4fd8-b210-80e49d9b9d4e: cophenetic index 3004; 1.2 s; peak memory 727 MiB.
2026-10-03T14:00:23Z INFO [1770/1874] 33112970-ee64-4639-942b-7f03c26e45ef: cophenetic index 23510; 1.2 s; peak memory 727 MiB.
2026-10-03T14:00:29Z INFO [1771/1874] 3311828a-9331-4bba-be0b-76b6eef6eb95: cophenetic index 33579; 5.2 s; peak memory 727 MiB.
2026-10-03T14:00:30Z INFO [1772/1874] 331340d0-abad-4879-a7b7-b95d089fffac: cophenetic index 624; 1.0 s; peak memory 727 MiB.
2026-10-03T14:00:34Z INFO [1773/1874] 3313519c-785a-433c-be2e-333196750323: cophenetic index 4989; 4.4 s; peak memory 727 MiB.
2026-10-03T14:00:36Z INFO [1774/1874] 3314c581-991e-4868-93c2-28c9f7db1f79: cophenetic index 2402; 2.0 s; peak memory 727 MiB.
2026-10-03T14:00:41Z INFO [1775/1874] 331562d2-fb99-425d-a8e0-1ff35624165e: cophenetic index 9181; 4.7 s; peak memory 727 MiB.
2026-10-03T14:00:42Z INFO [1776/1874] 3315ba2e-57ad-44f5-8032-f0ecfd71e2b3: cophenetic index 624; 1.0 s; peak memory 727 MiB.
2026-10-03T14:00:43Z INFO [1777/1874] 3316053b-058a-4ca2-aa70-284f328bf2ed: cophenetic index 33962; 1.3 s; peak memory 727 MiB.
2026-10-03T14:00:44Z INFO [1778/1874] 331673ec-9b89-4186-977c-cb5b4306bbdc: cophenetic index 729; 0.7 s; peak memory 727 MiB.
2026-10-03T14:00:46Z INFO [1779/1874] 3317549f-762c-4891-bca7-0bc3827bdc8a: cophenetic index 2391; 2.2 s; peak memory 727 MiB.
2026-10-03T14:00:47Z INFO [1780/1874] 3317d46a-253a-4ace-b687-1542cc578b5f: cophenetic index 624; 0.8 s; peak memory 727 MiB.
2026-10-03T14:00:48Z INFO [1781/1874] 3317fd36-ba61-4d44-9abf-1f50aed49c05: cophenetic index 624; 0.8 s; peak memory 727 MiB.
2026-10-03T14:00:49Z INFO [1782/1874] 3317fd82-e7f3-4cdf-9ba0-5e1e0168c1be: cophenetic index 3004; 1.1 s; peak memory 727 MiB.
2026-10-03T14:00:49Z INFO [1783/1874] 33187b55-93e7-4561-a179-5fe0fc0aeee8: cophenetic index 624; 0.9 s; peak memory 727 MiB.
2026-10-03T14:00:50Z INFO [1784/1874] 33189243-498b-447b-bc40-2aeb7c7a113f: cophenetic index 733; 0.7 s; peak memory 727 MiB.
2026-10-03T14:01:00Z INFO [1785/1874] 33190e4d-190e-4ed8-9bdd-195c9dbf9094: cophenetic index 195172996; 9.6 s; peak memory 727 MiB.
2026-10-03T14:01:03Z INFO [1786/1874] 331a3ab3-adf6-4274-a83a-0aef1c32e4e3: cophenetic index 5473; 3.4 s; peak memory 727 MiB.
2026-10-03T14:01:04Z INFO [1787/1874] 331a7b40-870e-4ea9-8c46-c61e46283329: cophenetic index 1042; 1.2 s; peak memory 727 MiB.
2026-10-03T14:01:15Z INFO [1788/1874] 331b380e-18f6-44a2-afbd-b6fd3f0f0e3f: cophenetic index 195780; 10.8 s; peak memory 727 MiB.
2026-10-03T14:01:16Z INFO [1789/1874] 331b937f-1c4d-4d63-8580-8e4b3ccfa8e5: cophenetic index 624; 1.0 s; peak memory 727 MiB.
2026-10-03T14:01:17Z INFO [1790/1874] 331c34b5-6978-42ed-8950-e873582472f9: cophenetic index 627; 0.8 s; peak memory 727 MiB.
2026-10-03T14:01:18Z INFO [1791/1874] 331c58d5-43e3-46d7-823d-9a52edb760ed: cophenetic index 624; 0.9 s; peak memory 727 MiB.
2026-10-03T14:01:19Z INFO [1792/1874] 331c67c3-f5f6-4270-b556-8634c719609b: cophenetic index 3004; 1.0 s; peak memory 727 MiB.
2026-10-03T14:01:20Z INFO [1793/1874] 331d2d62-76a9-4a7b-8e6c-3323e4de002b: cophenetic index 2105; 1.4 s; peak memory 727 MiB.
2026-10-03T14:01:21Z INFO [1794/1874] 331dde0d-30d4-4998-81e9-f7c66e578ac0: cophenetic index 725; 1.1 s; peak memory 727 MiB.
2026-10-03T14:01:22Z INFO [1795/1874] 331e1d7f-a082-405e-9eeb-78f109d53563: cophenetic index 431; 1.1 s; peak memory 727 MiB.
2026-10-03T14:01:24Z INFO [1796/1874] 331e3c07-a081-4b05-b556-cba188fd9f76: cophenetic index 2570; 1.3 s; peak memory 727 MiB.
2026-10-03T14:01:27Z INFO [1797/1874] 331e5560-cb8f-44f5-8776-be06ab623ae9: cophenetic index 41883; 3.6 s; peak memory 727 MiB.
2026-10-03T14:01:28Z INFO [1798/1874] 331e6761-60f7-4149-8989-b2a3bf8d54b8: cophenetic index 3004; 1.1 s; peak memory 727 MiB.
2026-10-03T14:01:29Z INFO [1799/1874] 331ee432-922b-40ad-961c-e17b762fe2a6: cophenetic index 401; 0.7 s; peak memory 727 MiB.
2026-10-03T14:01:30Z INFO [1800/1874] 331f49a3-d212-4ef4-bb1f-b0937ff34d1a: cophenetic index 729; 0.7 s; peak memory 727 MiB.
2026-10-03T14:01:30Z INFO [1800/1874] 331f49a3-d212-4ef4-bb1f-b0937ff34d1a: checkpointed 71668 records.
2026-10-03T14:01:31Z INFO [1801/1874] 331fc2ae-acce-4b60-8d44-bfeb19c5cfc5: cophenetic index 2974; 1.1 s; peak memory 727 MiB.
2026-10-03T14:01:32Z INFO [1802/1874] 332030b6-708b-4ed8-9c56-00661faa616a: cophenetic index 761; 0.7 s; peak memory 727 MiB.
2026-10-03T14:01:33Z INFO [1803/1874] 3320b1a0-4d3b-4433-bd1e-db5f2662404c: cophenetic index 624; 0.9 s; peak memory 727 MiB.
2026-10-03T14:01:34Z INFO [1804/1874] 3321b604-9f97-4718-a803-1c84dcdc224b: cophenetic index 624; 1.0 s; peak memory 727 MiB.
2026-10-03T14:01:35Z INFO [1805/1874] 3321e268-d53b-4492-b3ae-a08579822e26: cophenetic index 33998; 1.3 s; peak memory 727 MiB.
2026-10-03T14:01:41Z INFO [1806/1874] 3322feb9-15b0-4626-a15c-8168c3750a08: cophenetic index 122236; 6.4 s; peak memory 727 MiB.
2026-10-03T14:01:42Z INFO [1807/1874] 33238fc8-a7ba-44dc-8e4b-f450fecdb3e0: cophenetic index 624; 0.9 s; peak memory 727 MiB.
2026-10-03T14:01:43Z INFO [1808/1874] 33242a5b-5c95-451d-a9a7-3a860f3f70e1: cophenetic index 2974; 0.9 s; peak memory 727 MiB.
2026-10-03T14:01:44Z INFO [1809/1874] 332446cd-655a-4099-9f57-c51541f4e793: cophenetic index 432; 0.7 s; peak memory 727 MiB.
2026-10-03T14:01:46Z INFO [1810/1874] 3324fe08-e794-4865-a106-55e97631bb3e: cophenetic index 36406; 2.0 s; peak memory 727 MiB.
2026-10-03T14:01:47Z INFO [1811/1874] 33255cdd-79e5-4efe-b6b5-3b6dc1b23451: cophenetic index 2625; 1.3 s; peak memory 727 MiB.
2026-10-03T14:01:48Z INFO [1812/1874] 332578b7-bbaf-474b-b4ef-68551738e6e1: cophenetic index 517; 0.8 s; peak memory 727 MiB.
2026-10-03T14:01:49Z INFO [1813/1874] 3325d721-3faa-488e-bf04-9a262746de9d: cophenetic index 850; 1.5 s; peak memory 727 MiB.
2026-10-03T14:01:51Z INFO [1814/1874] 33261757-1307-462a-8881-8689d758505d: cophenetic index 3240; 1.5 s; peak memory 727 MiB.
2026-10-03T14:01:52Z INFO [1815/1874] 33266a58-4c97-46be-abee-f0d5af54f6e4: cophenetic index 624; 1.0 s; peak memory 727 MiB.
2026-10-03T14:01:53Z INFO [1816/1874] 33267662-10e8-49e6-8377-6b916a8072b3: cophenetic index 624; 1.1 s; peak memory 727 MiB.
2026-10-03T14:01:54Z INFO [1817/1874] 3327b8fa-af3e-425d-86f0-88246c6d644b: cophenetic index 624; 0.9 s; peak memory 727 MiB.
2026-10-03T14:01:55Z INFO [1818/1874] 3328cf85-f42e-4038-a61d-5aeadc8b5dd4: cophenetic index 6435; 1.2 s; peak memory 727 MiB.
2026-10-03T14:02:04Z INFO [1819/1874] 332ad206-e09c-47f5-b082-5b78e89501f4: cophenetic index 677263; 8.9 s; peak memory 727 MiB.
2026-10-03T14:02:13Z INFO [1820/1874] 332b2a15-7503-4f1a-b515-0b610132cc95: cophenetic index 133345; 9.2 s; peak memory 727 MiB.
2026-10-03T14:02:15Z INFO [1821/1874] 332bcc1b-50af-4eb9-b6b6-5e0f6a293daf: cophenetic index 949; 1.5 s; peak memory 727 MiB.
2026-10-03T14:02:16Z INFO [1822/1874] 332c2e1a-1ea1-46fc-9b6c-ac5e707ec294: cophenetic index 624; 0.9 s; peak memory 727 MiB.
2026-10-03T14:02:18Z INFO [1823/1874] 332c8e36-5e70-4bae-a8f6-f5e81b223d01: cophenetic index 5473; 2.5 s; peak memory 727 MiB.
2026-10-03T14:02:20Z INFO [1824/1874] 332d4292-689d-492f-825a-6371e60d299d: cophenetic index 2570; 1.7 s; peak memory 727 MiB.
2026-10-03T14:02:21Z INFO [1825/1874] 332d7908-64ba-44c1-a43a-8e9e4dba95a1: cophenetic index 2551; 1.2 s; peak memory 727 MiB.
2026-10-03T14:02:33Z INFO [1826/1874] 332d8451-c19e-4a08-b083-d697874515c2: cophenetic index 417274; 11.7 s; peak memory 727 MiB.
2026-10-03T14:02:34Z INFO [1827/1874] 332f04d2-2b0d-4bc0-a384-efd753fd9759: cophenetic index 3087; 1.2 s; peak memory 727 MiB.
2026-10-03T14:02:35Z INFO [1828/1874] 332f1f9a-5a35-4910-8fd7-d0d281f56cc4: cophenetic index 766; 1.2 s; peak memory 727 MiB.
2026-10-03T14:02:36Z INFO [1829/1874] 332fefec-d795-4f68-a1a6-1cb84d2fd914: cophenetic index 2625; 1.3 s; peak memory 727 MiB.
2026-10-03T14:02:38Z INFO [1830/1874] 33309838-6153-4638-ae72-d3ad495f9a33: cophenetic index 2402; 2.1 s; peak memory 727 MiB.
2026-10-03T14:02:40Z INFO [1831/1874] 3330b4ec-e950-473e-918a-0cc9f0684190: cophenetic index 1087; 1.3 s; peak memory 727 MiB.
2026-10-03T14:02:40Z INFO [1832/1874] 3330fa45-cfae-4dbe-8355-01fa807cc0e9: cophenetic index 761; 0.6 s; peak memory 727 MiB.
2026-10-03T14:02:42Z INFO [1833/1874] 33311d34-cb14-4676-8df4-0bef31972313: cophenetic index 102768; 1.5 s; peak memory 727 MiB.
2026-10-03T14:02:43Z INFO [1834/1874] 333159f2-0130-40e9-9919-ef8e8ad925d3: cophenetic index 560; 0.7 s; peak memory 727 MiB.
2026-10-03T14:02:51Z INFO [1835/1874] 3331fa73-2740-45d7-822f-094e03f702c5: cophenetic index 90126; 7.9 s; peak memory 727 MiB.
2026-10-03T14:02:52Z INFO [1836/1874] 33325004-9718-4f08-8a71-2ecc9512276c: cophenetic index 895; 1.7 s; peak memory 727 MiB.
2026-10-03T14:02:54Z INFO [1837/1874] 3332c36d-338a-4676-9700-8d72e443a242: cophenetic index 2570; 1.3 s; peak memory 727 MiB.
2026-10-03T14:02:55Z INFO [1838/1874] 3332d0c6-f92c-457d-a7b0-12d7fb209269: cophenetic index 624; 1.1 s; peak memory 727 MiB.
2026-10-03T14:02:57Z INFO [1839/1874] 3333138c-e795-46e2-920f-dcd398b545ce: cophenetic index 959; 2.2 s; peak memory 727 MiB.
2026-10-03T14:02:58Z INFO [1840/1874] 3334deb1-311a-44a9-a067-a435d29758c1: cophenetic index 624; 0.9 s; peak memory 727 MiB.
2026-10-03T14:02:59Z INFO [1841/1874] 333599ee-67cf-4daa-961a-8aa4c40c4d79: cophenetic index 624; 0.9 s; peak memory 727 MiB.
2026-10-03T14:03:00Z INFO [1842/1874] 3335dc3b-cb6b-4173-945d-17a6d23fa6a3: cophenetic index 649; 1.0 s; peak memory 727 MiB.
2026-10-03T14:03:01Z INFO [1843/1874] 3336391e-a21b-4f68-b87e-dcd2dce0c0fa: cophenetic index 624; 1.1 s; peak memory 727 MiB.
2026-10-03T14:03:02Z INFO [1844/1874] 333644e9-f9fe-4ad3-b5fc-70a4e6d5180a: cophenetic index 624; 0.9 s; peak memory 727 MiB.
2026-10-03T14:03:03Z INFO [1845/1874] 33370a8f-c7e6-4a2e-b495-efb378a0f8ba: cophenetic index 2777; 1.1 s; peak memory 727 MiB.
2026-10-03T14:03:04Z INFO [1846/1874] 33372a08-1052-485e-b4e4-100990a2d673: cophenetic index 431; 1.1 s; peak memory 727 MiB.
2026-10-03T14:03:10Z INFO [1847/1874] 33384923-db51-4e2e-88b4-f3263a1fbc8b: cophenetic index 268080; 6.4 s; peak memory 727 MiB.
2026-10-03T14:03:12Z INFO [1848/1874] 33389654-6f39-441f-8129-7c3008348ec0: cophenetic index 99150; 1.6 s; peak memory 727 MiB.
2026-10-03T14:03:13Z INFO [1849/1874] 33392cc1-fe11-4839-9742-92cb9baae2fa: cophenetic index 608; 0.9 s; peak memory 727 MiB.
2026-10-03T14:03:14Z INFO [1850/1874] 3339cea3-4d33-4846-948c-da666193e5fd: cophenetic index 6435; 1.3 s; peak memory 727 MiB.
2026-10-03T14:03:14Z INFO [1850/1874] 3339cea3-4d33-4846-948c-da666193e5fd: checkpointed 71718 records.
2026-10-03T14:03:15Z INFO [1851/1874] 333a091c-6c70-4914-b333-c5a1b3d59d15: cophenetic index 413; 0.8 s; peak memory 727 MiB.
2026-10-03T14:03:16Z INFO [1852/1874] 333a25ae-fc4b-45eb-b5e2-d9eab84fdbdd: cophenetic index 766; 1.1 s; peak memory 727 MiB.
2026-10-03T14:04:15Z INFO [1853/1874] 333b1151-406a-4874-93d8-20aa884348e9: cophenetic index 24086732; 59.1 s; peak memory 727 MiB.
2026-10-03T14:04:23Z INFO [1854/1874] 333c8d75-d142-4fc3-8e18-5a1883392792: cophenetic index 207123; 7.9 s; peak memory 727 MiB.
2026-10-03T14:04:24Z INFO [1855/1874] 333de735-171f-4f1e-bf75-6654544cc07f: cophenetic index 958; 1.3 s; peak memory 727 MiB.
2026-10-03T14:04:25Z INFO [1856/1874] 333e1202-23e3-42dd-b15d-79b4f3c9b32a: cophenetic index 624; 0.8 s; peak memory 727 MiB.
2026-10-03T14:04:26Z INFO [1857/1874] 33400f6b-de1c-4429-b0ba-bbdbd482eae7: cophenetic index 1264; 1.2 s; peak memory 727 MiB.
2026-10-03T14:04:28Z INFO [1858/1874] 33402f00-9261-416a-ac15-78ccac21b7c6: cophenetic index 99114; 1.8 s; peak memory 727 MiB.
2026-10-03T14:04:29Z INFO [1859/1874] 33415b98-a25a-4c2c-8978-bdfcce083668: cophenetic index 2974; 1.2 s; peak memory 727 MiB.
2026-10-03T14:04:30Z INFO [1860/1874] 3341d2f2-ab68-45de-9661-ea526f930260: cophenetic index 3192; 1.1 s; peak memory 727 MiB.
2026-10-03T14:04:31Z INFO [1861/1874] 3341df9c-8288-4d79-b907-d1dc30980432: cophenetic index 3087; 1.0 s; peak memory 727 MiB.
2026-10-03T14:04:32Z INFO [1862/1874] 3341e197-a70d-4835-a52f-6cf40f65227b: cophenetic index 624; 0.9 s; peak memory 727 MiB.
2026-10-03T14:04:34Z INFO [1863/1874] 334245b9-78ce-49f1-aa10-5e80899f57ec: cophenetic index 33962; 1.5 s; peak memory 727 MiB.
2026-10-03T14:04:35Z INFO [1864/1874] 334332fc-a6cf-43ec-8cab-65dfda6e4fcb: cophenetic index 431; 0.7 s; peak memory 727 MiB.
2026-10-03T14:04:36Z WARNING 3b2672c0-01e2-4e2a-a6fd-09535b8afd67: failed while reading the NWB file (KeyError: 'Unable to synchronously open object (component not found)')
2026-10-03T14:04:36Z WARNING [1865/1874] 3b2672c0-01e2-4e2a-a6fd-09535b8afd67: leaving unrecorded for a later run to retry.
2026-10-03T14:04:37Z WARNING 59beae01-8c63-4353-a90b-e97078f0ecde: failed while reading the NWB file (KeyError: 'Unable to synchronously open object (component not found)')
2026-10-03T14:04:37Z WARNING [1866/1874] 59beae01-8c63-4353-a90b-e97078f0ecde: leaving unrecorded for a later run to retry.
2026-10-03T14:04:38Z WARNING 735c7449-7e23-44fa-8990-d5c55f725aa2: failed while reading the NWB file (KeyError: 'Unable to synchronously open object (component not found)')
2026-10-03T14:04:38Z WARNING [1867/1874] 735c7449-7e23-44fa-8990-d5c55f725aa2: leaving unrecorded for a later run to retry.
2026-10-03T14:04:40Z WARNING 75dc9b6e-40d1-4c10-8d75-71e6d60a1109: failed while reading the NWB file (KeyError: 'Unable to synchronously open object (component not found)')
2026-10-03T14:04:40Z WARNING [1868/1874] 75dc9b6e-40d1-4c10-8d75-71e6d60a1109: leaving unrecorded for a later run to retry.
2026-10-03T14:04:41Z WARNING 8f0183a2-f90f-4b15-8fac-1ca3a404a100: failed while reading the NWB file (KeyError: 'Unable to synchronously open object (component not found)')
2026-10-03T14:04:41Z WARNING [1869/1874] 8f0183a2-f90f-4b15-8fac-1ca3a404a100: leaving unrecorded for a later run to retry.
2026-10-03T14:04:42Z WARNING 91d0f104-6918-47ae-8959-2116c86ee157: failed while reading the NWB file (KeyError: 'Unable to synchronously open object (component not found)')
2026-10-03T14:04:42Z WARNING [1870/1874] 91d0f104-6918-47ae-8959-2116c86ee157: leaving unrecorded for a later run to retry.
2026-10-03T14:04:43Z WARNING 969e4747-5a03-4948-bad1-05be9db18f9a: failed while reading the NWB file (KeyError: 'Unable to synchronously open object (component not found)')
2026-10-03T14:04:43Z WARNING [1871/1874] 969e4747-5a03-4948-bad1-05be9db18f9a: leaving unrecorded for a later run to retry.
2026-10-03T14:04:44Z WARNING 9f0feaa9-adb3-4487-afb9-d4f49f1acdc6: failed while reading the NWB file (KeyError: 'Unable to synchronously open object (component not found)')
2026-10-03T14:04:44Z WARNING [1872/1874] 9f0feaa9-adb3-4487-afb9-d4f49f1acdc6: leaving unrecorded for a later run to retry.
2026-10-03T14:04:46Z WARNING ad5b0970-92ee-45ed-9ade-ec72ab7c0c43: failed while reading the NWB file (KeyError: 'Unable to synchronously open object (component not found)')
2026-10-03T14:04:46Z WARNING [1873/1874] ad5b0970-92ee-45ed-9ade-ec72ab7c0c43: leaving unrecorded for a later run to retry.
2026-10-03T14:04:47Z WARNING d73cb2c7-2e04-4c75-ba50-9b634dc8e8fb: failed while reading the NWB file (KeyError: 'Unable to synchronously open object (component not found)')
2026-10-03T14:04:47Z WARNING [1874/1874] d73cb2c7-2e04-4c75-ba50-9b634dc8e8fb: leaving unrecorded for a later run to retry.
2026-10-03T14:04:47Z INFO Wrote 71732 records to /tmp/derivatives/valid_nwb_file_to_cophenetic_index.jsonl (1849 new, 25 failed) in 79.7 min (peak memory 727 MiB).
