2026-10-05T07:42:20Z INFO Logging to /tmp/logs/update_2026-10-05T07-42-20Z.log.
2026-10-05T07:42:20Z INFO Update valid-nwb-file-to-cophenetic-index (base directory /tmp).
2026-10-05T07:42:20Z INFO Processing 3739 items (82745 already recorded).
2026-10-05T07:42:22Z WARNING 024ef50f-ac6f-49ea-806b-93ef4b5e8644: failed while reading the NWB file (KeyError: 'Unable to synchronously open object (component not found)')
2026-10-05T07:42:22Z WARNING [1/3739] 024ef50f-ac6f-49ea-806b-93ef4b5e8644: leaving unrecorded for a later run to retry.
2026-10-05T07:42:23Z WARNING 09073220-fbea-45d2-9a39-2cc61fcdc2a1: failed while reading the NWB file (KeyError: 'Unable to synchronously open object (component not found)')
2026-10-05T07:42:23Z WARNING [2/3739] 09073220-fbea-45d2-9a39-2cc61fcdc2a1: leaving unrecorded for a later run to retry.
2026-10-05T07:42:25Z WARNING 0dec427d-4db4-44c3-988a-c37959ceaff3: failed while reading the NWB file (KeyError: 'Unable to synchronously open object (component not found)')
2026-10-05T07:42:25Z WARNING [3/3739] 0dec427d-4db4-44c3-988a-c37959ceaff3: leaving unrecorded for a later run to retry.
2026-10-05T07:42:26Z WARNING 0f7396ad-67ec-468a-b6a6-5599cb507f54: failed while reading the NWB file (KeyError: 'Unable to synchronously open object (component not found)')
2026-10-05T07:42:26Z WARNING [4/3739] 0f7396ad-67ec-468a-b6a6-5599cb507f54: leaving unrecorded for a later run to retry.
2026-10-05T07:42:28Z WARNING 1066b3ba-83d9-4cb3-bfe3-ecf8539e2334: failed while reading the NWB file (KeyError: 'Unable to synchronously open object (component not found)')
2026-10-05T07:42:28Z WARNING [5/3739] 1066b3ba-83d9-4cb3-bfe3-ecf8539e2334: leaving unrecorded for a later run to retry.
2026-10-05T07:42:29Z WARNING 17a546c4-6425-4c56-a43e-9f9f272d299c: failed while reading the NWB file (KeyError: 'Unable to synchronously open object (component not found)')
2026-10-05T07:42:29Z WARNING [6/3739] 17a546c4-6425-4c56-a43e-9f9f272d299c: leaving unrecorded for a later run to retry.
2026-10-05T07:42:31Z WARNING 19998990-d06f-40db-8d07-c5121b317b6a: failed while reading the NWB file (KeyError: 'Unable to synchronously open object (component not found)')
2026-10-05T07:42:31Z WARNING [7/3739] 19998990-d06f-40db-8d07-c5121b317b6a: leaving unrecorded for a later run to retry.
2026-10-05T07:42:32Z WARNING 1a18ed31-9155-4512-919f-b6875d14b9f3: failed while reading the NWB file (KeyError: 'Unable to synchronously open object (component not found)')
2026-10-05T07:42:32Z WARNING [8/3739] 1a18ed31-9155-4512-919f-b6875d14b9f3: leaving unrecorded for a later run to retry.
2026-10-05T07:42:34Z WARNING 1c2fff6f-f3a7-43fb-b7e2-a33218d41614: failed while reading the NWB file (KeyError: 'Unable to synchronously open object (component not found)')
2026-10-05T07:42:34Z WARNING [9/3739] 1c2fff6f-f3a7-43fb-b7e2-a33218d41614: leaving unrecorded for a later run to retry.
2026-10-05T07:42:36Z WARNING 20b5d243-5a61-4246-a5d5-ac9d9068183d: failed while reading the NWB file (KeyError: 'Unable to synchronously open object (component not found)')
2026-10-05T07:42:36Z WARNING [10/3739] 20b5d243-5a61-4246-a5d5-ac9d9068183d: leaving unrecorded for a later run to retry.
2026-10-05T07:42:37Z WARNING 20e4b649-b593-4ee3-bd02-f0645aad7021: failed while reading the NWB file (KeyError: 'Unable to synchronously open object (component not found)')
2026-10-05T07:42:37Z WARNING [11/3739] 20e4b649-b593-4ee3-bd02-f0645aad7021: leaving unrecorded for a later run to retry.
2026-10-05T07:42:39Z WARNING 2420003b-b350-4a69-b1aa-b27f68179823: failed while reading the NWB file (KeyError: 'Unable to synchronously open object (component not found)')
2026-10-05T07:42:39Z WARNING [12/3739] 2420003b-b350-4a69-b1aa-b27f68179823: leaving unrecorded for a later run to retry.
2026-10-05T07:42:40Z WARNING 2a76c0ae-11ba-4712-bfc9-5a1534c26aeb: failed while reading the NWB file (KeyError: 'Unable to synchronously open object (component not found)')
2026-10-05T07:42:40Z WARNING [13/3739] 2a76c0ae-11ba-4712-bfc9-5a1534c26aeb: leaving unrecorded for a later run to retry.
2026-10-05T07:42:42Z WARNING 319d22c8-6c6e-41bb-9bf9-9c6773d2b2ad: failed while reading the NWB file (KeyError: 'Unable to synchronously open object (component not found)')
2026-10-05T07:42:42Z WARNING [14/3739] 319d22c8-6c6e-41bb-9bf9-9c6773d2b2ad: leaving unrecorded for a later run to retry.
2026-10-05T07:42:43Z WARNING 324ccb4d-b81e-4dbb-a29d-ef474eef0d50: failed while reading the NWB file (KeyError: 'Unable to synchronously open object (component not found)')
2026-10-05T07:42:43Z WARNING [15/3739] 324ccb4d-b81e-4dbb-a29d-ef474eef0d50: leaving unrecorded for a later run to retry.
2026-10-05T07:42:45Z WARNING 3b2672c0-01e2-4e2a-a6fd-09535b8afd67: failed while reading the NWB file (KeyError: 'Unable to synchronously open object (component not found)')
2026-10-05T07:42:45Z WARNING [16/3739] 3b2672c0-01e2-4e2a-a6fd-09535b8afd67: leaving unrecorded for a later run to retry.
2026-10-05T07:42:46Z WARNING 3dec1e5e-7a4c-4aaa-95eb-7a953aa18d59: failed while reading the NWB file (KeyError: 'Unable to synchronously open object (component not found)')
2026-10-05T07:42:46Z WARNING [17/3739] 3dec1e5e-7a4c-4aaa-95eb-7a953aa18d59: leaving unrecorded for a later run to retry.
2026-10-05T07:42:48Z WARNING 40d7f442-8923-4dd5-87cb-af432218c083: failed while reading the NWB file (KeyError: 'Unable to synchronously open object (component not found)')
2026-10-05T07:42:48Z WARNING [18/3739] 40d7f442-8923-4dd5-87cb-af432218c083: leaving unrecorded for a later run to retry.
2026-10-05T07:42:50Z WARNING 4255c687-2c9c-4ffc-83b6-08157b521931: failed while reading the NWB file (KeyError: 'Unable to synchronously open object (component not found)')
2026-10-05T07:42:50Z WARNING [19/3739] 4255c687-2c9c-4ffc-83b6-08157b521931: leaving unrecorded for a later run to retry.
2026-10-05T07:42:51Z WARNING 43addd0b-0674-4137-8eaa-9df790dee1ce: failed while reading the NWB file (KeyError: 'Unable to synchronously open object (component not found)')
2026-10-05T07:42:51Z WARNING [20/3739] 43addd0b-0674-4137-8eaa-9df790dee1ce: leaving unrecorded for a later run to retry.
2026-10-05T07:42:53Z INFO [21/3739] 4a6ae51e-7a05-4646-a4c9-c27a5d4fad00: cophenetic index 3087; 1.5 s; peak memory 108 MiB.
2026-10-05T07:42:54Z INFO [22/3739] 4a6b9a84-3e7d-4670-aee3-0940e482a953: cophenetic index 33986; 1.7 s; peak memory 108 MiB.
2026-10-05T07:42:56Z INFO [23/3739] 4a6bde63-6feb-47f3-8360-5c63d9c2fcdd: cophenetic index 2625; 1.4 s; peak memory 108 MiB.
2026-10-05T07:43:08Z INFO [24/3739] 4a6be9ac-c225-4d16-a51c-2ac85245c30c: cophenetic index 49912; 11.8 s; peak memory 120 MiB.
2026-10-05T07:43:08Z INFO [25/3739] 4a6c4b1e-7327-4fc4-bc02-53c8681ba266: cophenetic index 719; 0.8 s; peak memory 120 MiB.
2026-10-05T07:43:10Z INFO [26/3739] 4a6cc5d4-6427-4439-974c-d924e416086a: cophenetic index 3087; 1.4 s; peak memory 120 MiB.
2026-10-05T07:43:11Z INFO [27/3739] 4a6d0d67-7958-4acd-ac97-77b56d37e801: cophenetic index 3004; 1.4 s; peak memory 120 MiB.
2026-10-05T07:43:12Z INFO [28/3739] 4a6d8041-011b-46e3-a92a-ec9fd70c7c50: cophenetic index 637; 0.8 s; peak memory 120 MiB.
2026-10-05T07:43:13Z INFO [29/3739] 4a6d915c-4c1e-42bb-a769-d43d8d5f2e1d: cophenetic index 3004; 1.2 s; peak memory 120 MiB.
2026-10-05T07:43:15Z INFO [30/3739] 4a6e5e97-b408-4422-8e29-4f2fccd496c2: cophenetic index 3004; 1.3 s; peak memory 120 MiB.
2026-10-05T07:43:18Z INFO [31/3739] 4a70e372-1c39-4e9a-8225-572d4e12582a: cophenetic index 3045; 3.4 s; peak memory 120 MiB.
2026-10-05T07:43:19Z INFO [32/3739] 4a70ea1a-ccbd-4440-b31e-37b70fa6cba3: cophenetic index 624; 1.0 s; peak memory 120 MiB.
2026-10-05T07:43:20Z INFO [33/3739] 4a70f417-ba9a-42fd-ab4d-8d300cd155ae: cophenetic index 490; 0.8 s; peak memory 120 MiB.
2026-10-05T07:43:21Z INFO [34/3739] 4a711be0-d09f-4963-b9f3-7994888e8e0f: cophenetic index 788; 1.5 s; peak memory 120 MiB.
2026-10-05T07:43:22Z INFO [35/3739] 4a714b4b-f776-4644-9d46-3dfc3ee24ceb: cophenetic index 3004; 1.1 s; peak memory 120 MiB.
2026-10-05T07:43:24Z INFO [36/3739] 4a715721-d2ef-40b6-bc41-173315dbdf6e: cophenetic index 3087; 1.3 s; peak memory 120 MiB.
2026-10-05T07:43:25Z INFO [37/3739] 4a722172-a222-43d3-9d10-9fa4e019eaba: cophenetic index 466; 1.4 s; peak memory 120 MiB.
2026-10-05T07:43:26Z INFO [38/3739] 4a722644-d896-448e-bc0c-614be59abbaa: cophenetic index 646; 1.0 s; peak memory 120 MiB.
2026-10-05T07:43:28Z INFO [39/3739] 4a727a59-e50e-4504-904b-3ffe7888c061: cophenetic index 2496; 1.6 s; peak memory 120 MiB.
2026-10-05T07:43:36Z INFO [40/3739] 4a73a786-d209-4386-bdcc-53623f5e5da9: cophenetic index 47066; 8.4 s; peak memory 122 MiB.
2026-10-05T07:43:37Z INFO [41/3739] 4a73f863-0c81-4b7c-bc96-06b64694469f: cophenetic index 2570; 1.4 s; peak memory 122 MiB.
2026-10-05T07:43:44Z INFO [42/3739] 4a749c68-cc29-453d-a4f3-925f2a88aa74: cophenetic index 9548; 6.6 s; peak memory 122 MiB.
2026-10-05T07:43:45Z INFO [43/3739] 4a74ca23-accf-4fb9-bb3e-f19823522ab8: cophenetic index 490; 0.8 s; peak memory 122 MiB.
2026-10-05T07:43:46Z INFO [44/3739] 4a74f70e-da6e-4ce7-9204-545d9aa0f789: cophenetic index 490; 1.1 s; peak memory 122 MiB.
2026-10-05T07:43:47Z INFO [45/3739] 4a75e0db-01b7-497b-98ae-9c551d5fdc2d: cophenetic index 624; 1.1 s; peak memory 122 MiB.
2026-10-05T07:43:52Z INFO [46/3739] 4a7606b9-b180-4732-a872-d9782387b609: cophenetic index 9548; 5.1 s; peak memory 122 MiB.
2026-10-05T07:43:53Z INFO [47/3739] 4a76a02b-6eea-4578-8b77-40199ec39b47: cophenetic index 560; 0.9 s; peak memory 122 MiB.
2026-10-05T07:43:54Z INFO [48/3739] 4a774d65-2081-4850-bee3-e149ffeb2ce1: cophenetic index 681; 1.0 s; peak memory 122 MiB.
2026-10-05T07:43:56Z INFO [49/3739] 4a7787ab-66cf-4f8a-91d9-21cbaaf71df6: cophenetic index 1570; 1.8 s; peak memory 122 MiB.
2026-10-05T07:43:59Z INFO [50/3739] 4a77d4f7-b27f-480e-a150-f98d3a79e661: cophenetic index 2391; 3.0 s; peak memory 122 MiB.
2026-10-05T07:43:59Z INFO [50/3739] 4a77d4f7-b27f-480e-a150-f98d3a79e661: checkpointed 82775 records.
2026-10-05T07:44:00Z INFO [51/3739] 4a77fd0c-bb89-4d24-815f-4f2de37a5eab: cophenetic index 1380; 1.5 s; peak memory 122 MiB.
2026-10-05T07:44:02Z INFO [52/3739] 4a78b2b4-d99d-4736-a672-1a6d423c48c3: cophenetic index 3004; 1.4 s; peak memory 122 MiB.
2026-10-05T07:44:04Z INFO [53/3739] 4a78ce4d-47c2-4019-943e-b34873deaf5f: cophenetic index 33998; 2.1 s; peak memory 122 MiB.
2026-10-05T07:44:06Z INFO [54/3739] 4a78ea5a-81b8-4dad-9aa0-276163a9e12d: cophenetic index 2609; 2.5 s; peak memory 122 MiB.
2026-10-05T07:44:08Z INFO [55/3739] 4a7967a3-e389-424d-a3a9-940ffc4636d1: cophenetic index 2625; 1.6 s; peak memory 122 MiB.
2026-10-05T07:44:09Z INFO [56/3739] 4a797151-2fd5-44a2-826b-15528bf99f86: cophenetic index 33968; 1.3 s; peak memory 122 MiB.
2026-10-05T07:44:12Z INFO [57/3739] 4a7a5962-dab9-4a36-a16d-7ca90cc7e580: cophenetic index 3437; 2.6 s; peak memory 122 MiB.
2026-10-05T07:44:13Z INFO [58/3739] 4a7abaf9-52f2-4865-803e-23f710570703: cophenetic index 560; 0.9 s; peak memory 122 MiB.
2026-10-05T07:44:14Z INFO [59/3739] 4a7ac72b-1a24-4d72-8867-b1b60be5a0a7: cophenetic index 602; 1.2 s; peak memory 122 MiB.
2026-10-05T07:44:16Z INFO [60/3739] 4a7b5b5a-65c5-456b-93e9-291b4941af4c: cophenetic index 1130; 2.2 s; peak memory 122 MiB.
2026-10-05T07:44:17Z INFO [61/3739] 4a7c1752-91ab-411b-9045-9b7203251550: cophenetic index 624; 1.1 s; peak memory 122 MiB.
2026-10-05T07:44:19Z INFO [62/3739] 4a7c705d-8c5b-4c4a-83c2-419edabca43f: cophenetic index 2625; 1.7 s; peak memory 122 MiB.
2026-10-05T07:44:26Z INFO [63/3739] 4a7c90f6-edc5-4c0b-8e8a-d2d9d751ab8b: cophenetic index 87573; 7.0 s; peak memory 122 MiB.
2026-10-05T07:44:27Z INFO [64/3739] 4a7ccb31-3276-4f74-9e1d-faf23fd9006c: cophenetic index 2974; 1.2 s; peak memory 122 MiB.
2026-10-05T07:44:28Z INFO [65/3739] 4a7f8163-f10f-491b-8759-59a23b8976c8: cophenetic index 624; 1.1 s; peak memory 122 MiB.
2026-10-05T07:44:29Z INFO [66/3739] 4a80789c-882c-40c2-af44-648dc689d4f7: cophenetic index 3004; 1.3 s; peak memory 122 MiB.
2026-10-05T07:44:31Z INFO [67/3739] 4a80c8dc-1512-4765-959b-5bbe80febed4: cophenetic index 2625; 1.7 s; peak memory 122 MiB.
2026-10-05T07:44:34Z INFO [68/3739] 4a80d00a-5e0d-4ac2-9adf-ec23d70dbced: cophenetic index 8258; 3.0 s; peak memory 122 MiB.
2026-10-05T07:44:35Z INFO [69/3739] 4a81564b-bae1-4364-a55c-ebc612408745: cophenetic index 431; 0.9 s; peak memory 122 MiB.
2026-10-05T07:44:42Z INFO [70/3739] 4a818c5b-f3d3-4dab-8c7e-fe7f191ab2e0: cophenetic index 12727; 6.7 s; peak memory 122 MiB.
2026-10-05T07:44:47Z INFO [71/3739] 4a823de9-df9e-4561-aa0a-95812cfa4e0c: cophenetic index 9548; 5.7 s; peak memory 122 MiB.
2026-10-05T07:44:48Z INFO [72/3739] 4a824703-f7f9-4221-b8a4-53d3b95f94e9: cophenetic index 2782; 1.0 s; peak memory 122 MiB.
2026-10-05T07:44:49Z INFO [73/3739] 4a82dd03-5242-4230-9f8f-3f21b53ab883: cophenetic index 3215; 1.0 s; peak memory 122 MiB.
2026-10-05T07:45:02Z INFO [74/3739] 4a833462-f411-46d4-ad6b-cd67391170a3: cophenetic index 215605; 12.2 s; peak memory 124 MiB.
2026-10-05T07:45:03Z INFO [75/3739] 4a835a33-5a23-4cf7-a151-5a9f1cb1e048: cophenetic index 1006; 1.5 s; peak memory 124 MiB.
2026-10-05T07:45:04Z INFO [76/3739] 4a8374d0-62c0-4d32-9453-2fe26a78e773: cophenetic index 3004; 1.3 s; peak memory 124 MiB.
2026-10-05T07:45:05Z INFO [77/3739] 4a83d840-be2e-4cc9-909c-24a25c94b32b: cophenetic index 490; 0.8 s; peak memory 124 MiB.
2026-10-05T07:45:07Z INFO [78/3739] 4a83da77-b628-44fa-a57e-0984c51bcb9a: cophenetic index 1380; 1.5 s; peak memory 124 MiB.
2026-10-05T07:45:08Z INFO [79/3739] 4a85121c-5775-42fc-a4cf-d4cce4b535aa: cophenetic index 581; 1.1 s; peak memory 124 MiB.
2026-10-05T07:45:09Z INFO [80/3739] 4a858e12-5fa3-4947-b336-459eb5f76bc2: cophenetic index 605; 1.2 s; peak memory 124 MiB.
2026-10-05T07:45:10Z INFO [81/3739] 4a862b0c-9270-4048-ac22-9f00e92fc721: cophenetic index 751; 0.8 s; peak memory 124 MiB.
2026-10-05T07:45:13Z INFO [82/3739] 4a863cb7-e22c-4faa-825a-c894770d4fab: cophenetic index 970; 3.2 s; peak memory 124 MiB.
2026-10-05T07:45:14Z INFO [83/3739] 4a869a25-e5f7-4ddc-887b-d480ebfe017d: cophenetic index 624; 1.0 s; peak memory 124 MiB.
2026-10-05T07:45:15Z INFO [84/3739] 4a86c8bf-0fed-459e-b848-f145b9a7366c: cophenetic index 2570; 1.5 s; peak memory 124 MiB.
2026-10-05T07:45:17Z INFO [85/3739] 4a871b72-e0ef-45c9-a7b4-adb490bfc7e9: cophenetic index 2625; 1.6 s; peak memory 124 MiB.
2026-10-05T07:45:24Z INFO [86/3739] 4a8772d1-341c-4244-b5fa-ab049670fbfb: cophenetic index 87573; 6.6 s; peak memory 124 MiB.
2026-10-05T07:45:24Z INFO [87/3739] 4a87a881-9402-4978-b85e-7b229a50f5d3: cophenetic index 579; 0.8 s; peak memory 124 MiB.
2026-10-05T07:45:26Z INFO [88/3739] 4a87e7e9-6fb4-4f58-8140-43203f746d1f: cophenetic index 2056; 1.9 s; peak memory 124 MiB.
2026-10-05T07:45:27Z INFO [89/3739] 4a88068e-1cce-4383-b836-826bcec0e6e7: cophenetic index 624; 1.0 s; peak memory 124 MiB.
2026-10-05T07:45:29Z INFO [90/3739] 4a8a3722-940a-4e46-a018-5734136515c1: cophenetic index 2056; 2.0 s; peak memory 124 MiB.
2026-10-05T07:45:31Z INFO [91/3739] 4a8ab8cd-6a9d-4f05-9cd7-504924693583: cophenetic index 2625; 1.4 s; peak memory 124 MiB.
2026-10-05T07:45:31Z INFO [92/3739] 4a8b28bd-2ef5-483a-8d00-320d2ddddaeb: cophenetic index 579; 0.8 s; peak memory 124 MiB.
2026-10-05T07:45:33Z INFO [93/3739] 4a8bee3b-3e0c-46a1-b5dc-a05e24bb4d34: cophenetic index 2570; 1.4 s; peak memory 124 MiB.
2026-10-05T07:45:40Z INFO [94/3739] 4a8c20bf-a08f-4b28-bf2b-749fd92715e1: cophenetic index 7775; 6.7 s; peak memory 124 MiB.
2026-10-05T07:45:41Z INFO [95/3739] 4a8c29f4-61df-437b-bb8d-71932ae8e86b: cophenetic index 554; 1.2 s; peak memory 124 MiB.
2026-10-05T07:45:42Z INFO [96/3739] 4a8c47fc-22b9-4650-9619-af0fc328912b: cophenetic index 431; 1.4 s; peak memory 124 MiB.
2026-10-05T07:45:43Z INFO [97/3739] 4a8d3bac-a074-4a38-9525-cc0c96034371: cophenetic index 3004; 1.1 s; peak memory 124 MiB.
2026-10-05T07:45:45Z INFO [98/3739] 4a8db21d-98ed-4987-a41b-b585e3b7f360: cophenetic index 1751; 1.8 s; peak memory 124 MiB.
2026-10-05T07:45:52Z INFO [99/3739] 4a8e1a2d-5f9b-4b89-abcf-33a72156b003: cophenetic index 119449; 7.1 s; peak memory 124 MiB.
2026-10-05T07:45:53Z INFO [100/3739] 4a8e2629-538c-4558-9de4-1f2cf598add0: cophenetic index 624; 1.0 s; peak memory 124 MiB.
2026-10-05T07:45:53Z INFO [100/3739] 4a8e2629-538c-4558-9de4-1f2cf598add0: checkpointed 82825 records.
2026-10-05T07:45:55Z INFO [101/3739] 4a8f6267-6e51-429d-a9c7-0f90d4731447: cophenetic index 2570; 1.3 s; peak memory 124 MiB.
2026-10-05T07:46:01Z INFO [102/3739] 4a900b8a-ba5c-473a-84e6-2bb104d077e4: cophenetic index 85985; 6.7 s; peak memory 124 MiB.
2026-10-05T07:46:07Z INFO [103/3739] 4a9015f2-ddae-42ed-9763-6cf9840d2767: cophenetic index 13178; 6.2 s; peak memory 124 MiB.
2026-10-05T07:46:19Z INFO [104/3739] 4a90420d-da4b-47b0-9cba-24e34a73eb20: cophenetic index 49912; 11.9 s; peak memory 124 MiB.
2026-10-05T07:46:20Z INFO [105/3739] 4a9139b1-d8d8-4c86-85df-baaf20797990: cophenetic index 624; 1.0 s; peak memory 124 MiB.
2026-10-05T07:46:27Z INFO [106/3739] 4a9187ed-67be-4901-a60f-23984cb4d119: cophenetic index 5466; 6.3 s; peak memory 124 MiB.
2026-10-05T07:46:28Z INFO [107/3739] 4a919f1f-fea4-4973-8720-43628537f573: cophenetic index 624; 0.9 s; peak memory 124 MiB.
2026-10-05T07:46:30Z INFO [108/3739] 4a936255-2ccc-41e4-ae0e-2d36818e4dff: cophenetic index 854; 2.4 s; peak memory 124 MiB.
2026-10-05T07:46:31Z INFO [109/3739] 4a93cbeb-d2ad-4660-b3ec-ba0afc0753a7: cophenetic index 624; 1.0 s; peak memory 124 MiB.
2026-10-05T07:46:33Z INFO [110/3739] 4a948476-7da7-48d6-a1b1-412e765d4e82: cophenetic index 2609; 2.0 s; peak memory 124 MiB.
2026-10-05T07:46:35Z INFO [111/3739] 4a94a3d4-7340-422a-9480-e70a2a6aa6ac: cophenetic index 2625; 1.6 s; peak memory 124 MiB.
2026-10-05T07:46:35Z INFO [112/3739] 4a953b01-c369-4c9e-b225-2882916dec78: cophenetic index 490; 0.8 s; peak memory 124 MiB.
2026-10-05T07:46:36Z INFO [113/3739] 4a957925-461c-4497-a78d-3654a35171a3: cophenetic index 490; 0.8 s; peak memory 124 MiB.
2026-10-05T07:46:37Z INFO [114/3739] 4a96ea72-6b07-4af6-a5df-5fbfc3c2c62f: cophenetic index 624; 1.1 s; peak memory 124 MiB.
2026-10-05T07:46:39Z INFO [115/3739] 4a970f71-5d9d-4306-911a-9ed144a20bf2: cophenetic index 23393; 1.7 s; peak memory 124 MiB.
2026-10-05T07:46:40Z INFO [116/3739] 4a9739f1-26ea-4975-8a8a-9cf6ff54064f: cophenetic index 3004; 1.4 s; peak memory 124 MiB.
2026-10-05T07:46:47Z INFO [117/3739] 4a97a96f-a112-4005-b20f-d0533663ef64: cophenetic index 6715; 6.7 s; peak memory 124 MiB.
2026-10-05T07:46:48Z INFO [118/3739] 4a97b075-8785-4e21-b48f-cc4a605c32bf: cophenetic index 431; 0.9 s; peak memory 124 MiB.
2026-10-05T07:46:49Z INFO [119/3739] 4a98384e-3481-4aba-80ba-da856333ee5e: cophenetic index 624; 1.0 s; peak memory 124 MiB.
2026-10-05T07:46:50Z INFO [120/3739] 4a987e86-d51d-43a3-b14d-1ab699c044bd: cophenetic index 624; 1.0 s; peak memory 124 MiB.
2026-10-05T07:46:52Z INFO [121/3739] 4a98b037-849e-4311-b452-50233b3411a3: cophenetic index 777; 2.2 s; peak memory 124 MiB.
2026-10-05T07:46:53Z INFO [122/3739] 4a99595c-5d40-4a3d-9514-b5bb5f197f96: cophenetic index 3004; 1.3 s; peak memory 124 MiB.
2026-10-05T07:46:55Z INFO [123/3739] 4a9a25b7-35ee-4e59-ab59-082036529c57: cophenetic index 30304; 1.7 s; peak memory 124 MiB.
2026-10-05T07:46:56Z INFO [124/3739] 4a9a474e-e2f1-4242-9fee-4963bb515ffa: cophenetic index 447; 1.1 s; peak memory 124 MiB.
2026-10-05T07:46:57Z INFO [125/3739] 4a9af207-1530-4d99-9fc8-6f99a9ba94b0: cophenetic index 3004; 1.2 s; peak memory 124 MiB.
2026-10-05T07:46:58Z INFO [126/3739] 4a9ca903-fe31-4d8c-b52a-7af454bcad1c: cophenetic index 3215; 0.9 s; peak memory 124 MiB.
2026-10-05T07:46:59Z INFO [127/3739] 4a9cd0bb-73da-4d87-bf31-83cd288520ce: cophenetic index 1228; 0.9 s; peak memory 124 MiB.
2026-10-05T07:47:33Z INFO [128/3739] 4a9d3c18-e893-44c8-8d21-49f3433d6b9c: cophenetic index 489096; 33.5 s; peak memory 158 MiB.
2026-10-05T07:47:34Z INFO [129/3739] 4a9e0059-649d-4b8e-82a1-b5efa48185a2: cophenetic index 653; 1.6 s; peak memory 158 MiB.
2026-10-05T07:47:35Z INFO [130/3739] 4a9e73dc-70d6-4fd6-86d3-1415c179f5a1: cophenetic index 641; 0.8 s; peak memory 158 MiB.
2026-10-05T07:47:36Z INFO [131/3739] 4aa02b9a-601b-4648-8d20-45198614e248: cophenetic index 624; 1.3 s; peak memory 158 MiB.
2026-10-05T07:47:39Z INFO [132/3739] 4aa058b6-4ddf-4996-8173-b6c75751e942: cophenetic index 2609; 2.3 s; peak memory 158 MiB.
2026-10-05T07:47:40Z INFO [133/3739] 4aa05ea3-d724-4897-8534-8ee7cbb8352b: cophenetic index 649; 1.0 s; peak memory 158 MiB.
2026-10-05T07:47:45Z INFO [134/3739] 4aa0c4ea-b677-47c3-9a4f-182cb8877129: cophenetic index 87573; 5.5 s; peak memory 158 MiB.
2026-10-05T07:47:48Z INFO [135/3739] 4aa0e587-0fbb-43e7-a5bf-75e23f8b09f3: cophenetic index 2682; 2.4 s; peak memory 158 MiB.
2026-10-05T07:47:49Z INFO [136/3739] 4aa11ca5-4143-47c1-94c8-eda0f47c22f0: cophenetic index 2119; 1.0 s; peak memory 158 MiB.
2026-10-05T07:47:52Z INFO [137/3739] 4aa18901-ac57-4b08-8aa4-bb749c6228d4: cophenetic index 17033; 3.9 s; peak memory 158 MiB.
2026-10-05T07:47:53Z INFO [138/3739] 4aa20bac-3f8c-48cf-8938-dd59f75ce193: cophenetic index 624; 1.0 s; peak memory 158 MiB.
2026-10-05T07:47:56Z INFO [139/3739] 4aa2b4d8-ce2f-4607-98c4-7405430f62c8: cophenetic index 2469; 2.7 s; peak memory 158 MiB.
2026-10-05T07:47:57Z INFO [140/3739] 4aa2f801-5041-4671-8fe1-f7bed93a65ac: cophenetic index 1087; 1.3 s; peak memory 158 MiB.
2026-10-05T07:47:59Z INFO [141/3739] 4aa3675c-9d82-4c08-9783-e968d6af4dfa: cophenetic index 3004; 1.3 s; peak memory 158 MiB.
2026-10-05T07:48:02Z INFO [142/3739] 4aa3a134-8922-426c-8794-e76e8199c2bf: cophenetic index 4015; 2.8 s; peak memory 158 MiB.
2026-10-05T07:48:03Z INFO [143/3739] 4aa5291c-444f-4abb-b4e1-7ccfa5a8d403: cophenetic index 3004; 1.3 s; peak memory 158 MiB.
2026-10-05T07:48:04Z INFO [144/3739] 4aa578da-19c4-4dc8-91ca-71ed1397afa1: cophenetic index 624; 1.0 s; peak memory 158 MiB.
2026-10-05T07:48:05Z INFO [145/3739] 4aa5ef9b-503a-4592-8387-815bb0823f3b: cophenetic index 624; 1.0 s; peak memory 158 MiB.
2026-10-05T07:48:06Z INFO [146/3739] 4aa691be-a531-478f-88e4-76f30e706dea: cophenetic index 729; 0.7 s; peak memory 158 MiB.
2026-10-05T07:48:06Z INFO [147/3739] 4aa7e3d6-5dd4-4f2b-a39a-dbf47c730e59: cophenetic index 741; 0.8 s; peak memory 158 MiB.
2026-10-05T07:48:07Z INFO [148/3739] 4aa7e6f7-49f3-46ae-af4d-28d4e79aec6d: cophenetic index 448; 0.9 s; peak memory 158 MiB.
2026-10-05T07:48:18Z INFO [149/3739] 4aa7f920-6427-478e-af67-939a320b36f0: cophenetic index 48665; 11.2 s; peak memory 158 MiB.
2026-10-05T07:48:25Z INFO [150/3739] 4aa814c6-9b7d-448f-8214-bbca75015dbb: cophenetic index 6715; 6.6 s; peak memory 158 MiB.
2026-10-05T07:48:25Z INFO [150/3739] 4aa814c6-9b7d-448f-8214-bbca75015dbb: checkpointed 82875 records.
2026-10-05T07:48:27Z INFO [151/3739] 4aa8620e-5424-4a31-8972-b237988055ca: cophenetic index 2105; 1.8 s; peak memory 158 MiB.
2026-10-05T07:48:40Z INFO [152/3739] 4aa86dee-8029-4a2c-b8d9-d7e7979d4fcc: cophenetic index 49686; 12.9 s; peak memory 158 MiB.
2026-10-05T07:48:41Z INFO [153/3739] 4aa904ef-85b8-44f0-8b4f-efb6da09e667: cophenetic index 490; 0.7 s; peak memory 158 MiB.
2026-10-05T07:48:42Z INFO [154/3739] 4aab2810-1196-48fb-b62c-773c61ca6eab: cophenetic index 3087; 1.2 s; peak memory 158 MiB.
2026-10-05T07:48:43Z INFO [155/3739] 4aaca9be-339e-4bd5-ab34-73d1f3e7bbc9: cophenetic index 3057; 1.4 s; peak memory 158 MiB.
2026-10-05T07:48:44Z INFO [156/3739] 4aacb63a-6ed9-490c-8e9d-e7f822a11e46: cophenetic index 3057; 1.3 s; peak memory 158 MiB.
2026-10-05T07:48:45Z INFO [157/3739] 4aacd629-7eb6-45b9-ae75-c7fde966f27d: cophenetic index 490; 0.7 s; peak memory 158 MiB.
2026-10-05T07:48:46Z INFO [158/3739] 4aae37de-59cd-48aa-a460-c9f3dece955c: cophenetic index 624; 1.1 s; peak memory 158 MiB.
2026-10-05T07:48:54Z INFO [159/3739] 4aaf7b8a-9ec8-4fd0-b879-acd606ffeb58: cophenetic index 96783; 8.3 s; peak memory 158 MiB.
2026-10-05T07:49:01Z INFO [160/3739] 4ab18c9a-9def-4a95-888b-e26a539c2f0f: cophenetic index 12100; 6.6 s; peak memory 158 MiB.
2026-10-05T07:49:02Z INFO [161/3739] 4ab1e3fd-6a17-4e78-a413-6c2c174b990a: cophenetic index 431; 1.2 s; peak memory 158 MiB.
2026-10-05T07:49:04Z INFO [162/3739] 4ab35de5-d6db-4d57-9740-d28b8b6354d0: cophenetic index 33968; 1.6 s; peak memory 158 MiB.
2026-10-05T07:49:05Z INFO [163/3739] 4ab38fab-8e8b-4f5f-8968-6b693cdd9b77: cophenetic index 431; 0.9 s; peak memory 158 MiB.
2026-10-05T07:49:06Z INFO [164/3739] 4ab3db3e-5c7f-48a9-ad71-8e087e0fc1ed: cophenetic index 3087; 1.2 s; peak memory 158 MiB.
2026-10-05T07:49:07Z INFO [165/3739] 4ab40a6e-b997-44d0-9670-d6987e45dc3a: cophenetic index 1736; 1.3 s; peak memory 158 MiB.
2026-10-05T07:49:08Z INFO [166/3739] 4ab41ec0-f767-4662-8f01-aed322f3544d: cophenetic index 3087; 1.2 s; peak memory 158 MiB.
2026-10-05T07:49:15Z INFO [167/3739] 4ab4451d-cbc6-49b7-b740-8f7c0f9031a0: cophenetic index 33285; 6.2 s; peak memory 158 MiB.
2026-10-05T07:49:15Z INFO [168/3739] 4ab46f92-c7df-45ac-a0c9-b4c005273016: cophenetic index 624; 0.9 s; peak memory 158 MiB.
2026-10-05T07:49:27Z INFO [169/3739] 4ab48021-c9bd-457f-a16f-3fa110c28965: cophenetic index 424687; 12.0 s; peak memory 158 MiB.
2026-10-05T07:49:28Z INFO [170/3739] 4ab4859e-4766-4c61-aed7-9ffe89e42485: cophenetic index 624; 1.1 s; peak memory 158 MiB.
2026-10-05T07:49:30Z INFO [171/3739] 4ab4b126-a243-450d-9d9c-2d7c71931391: cophenetic index 624; 1.1 s; peak memory 158 MiB.
2026-10-05T07:49:36Z INFO [172/3739] 4ab4da17-3ffd-45de-85de-1edac6625ba9: cophenetic index 832241; 6.0 s; peak memory 158 MiB.
2026-10-05T07:49:37Z INFO [173/3739] 4ab5b3a2-c7f7-4c2a-9b6c-14532ba3c80f: cophenetic index 1614; 1.5 s; peak memory 158 MiB.
2026-10-05T07:49:38Z INFO [174/3739] 4ab680d2-448b-4964-bca9-2682bb24c079: cophenetic index 3004; 1.1 s; peak memory 158 MiB.
2026-10-05T07:49:39Z INFO [175/3739] 4ab71e7f-9296-4dc2-8a66-eabe55f1847f: cophenetic index 729; 0.8 s; peak memory 158 MiB.
2026-10-05T07:49:40Z INFO [176/3739] 4ab73b94-6e99-41ce-ad18-b15fdbe27655: cophenetic index 490; 0.7 s; peak memory 158 MiB.
2026-10-05T07:49:42Z INFO [177/3739] 4ab7505d-c0c1-4e02-b9c3-35ca7462d5ee: cophenetic index 1130; 1.9 s; peak memory 158 MiB.
2026-10-05T07:49:43Z INFO [178/3739] 4ab7608b-66bf-499f-be42-d855ba05238f: cophenetic index 624; 1.0 s; peak memory 158 MiB.
2026-10-05T07:49:44Z INFO [179/3739] 4ab785c2-4017-418a-b638-083fe05d056b: cophenetic index 2625; 1.5 s; peak memory 158 MiB.
2026-10-05T07:49:45Z INFO [180/3739] 4ab789c0-2998-4efd-a75b-8dc84894d719: cophenetic index 624; 1.0 s; peak memory 158 MiB.
2026-10-05T07:49:48Z INFO [181/3739] 4ab7e551-c957-4a3a-8320-74fa15359a6a: cophenetic index 34658; 2.5 s; peak memory 158 MiB.
2026-10-05T07:49:50Z INFO [182/3739] 4ab84225-8f39-470d-b364-c2377d5c6023: cophenetic index 2473; 2.1 s; peak memory 158 MiB.
2026-10-05T07:49:51Z INFO [183/3739] 4ab979e4-e12f-49e1-b10a-d6a29d440911: cophenetic index 2570; 1.3 s; peak memory 158 MiB.
2026-10-05T07:49:53Z INFO [184/3739] 4ab9d1dc-9bf2-44bf-a89c-b09368d039bf: cophenetic index 972; 1.7 s; peak memory 158 MiB.
2026-10-05T07:50:06Z INFO [185/3739] 4ab9d6e7-0e56-4384-a0cc-f78ce0ba9c89: cophenetic index 465048; 13.1 s; peak memory 158 MiB.
2026-10-05T07:50:07Z INFO [186/3739] 4ab9da0f-9404-48f1-8d01-3056e77ef89e: cophenetic index 624; 1.2 s; peak memory 158 MiB.
2026-10-05T07:50:20Z INFO [187/3739] 4ab9e26a-236a-4318-ad68-e86fbecdf79f: cophenetic index 37587; 13.4 s; peak memory 158 MiB.
2026-10-05T07:50:21Z INFO [188/3739] 4aba6c80-a06a-46dc-ad09-76646ab6079d: cophenetic index 2974; 1.2 s; peak memory 158 MiB.
2026-10-05T07:50:23Z INFO [189/3739] 4abab73d-96ea-4b7d-b786-13b230d1e4e7: cophenetic index 624; 1.1 s; peak memory 158 MiB.
2026-10-05T07:50:24Z INFO [190/3739] 4abafbc5-b446-45a3-9855-923232c452f3: cophenetic index 2625; 1.8 s; peak memory 158 MiB.
2026-10-05T07:50:27Z INFO [191/3739] 4abc2aca-446f-4ba2-a7e2-ef7e6b6ce11b: cophenetic index 2682; 2.4 s; peak memory 158 MiB.
2026-10-05T07:50:28Z INFO [192/3739] 4abd4f83-17d3-47fa-aebd-1b02cdb73a19: cophenetic index 23370; 1.3 s; peak memory 158 MiB.
2026-10-05T07:50:30Z INFO [193/3739] 4abe3f21-bb09-4beb-ad05-968d1c726a46: cophenetic index 33998; 1.6 s; peak memory 158 MiB.
2026-10-05T07:50:48Z INFO [194/3739] 4abe9dcf-eaf5-4b0d-97c4-8d190eb89db4: cophenetic index 42708; 17.8 s; peak memory 158 MiB.
2026-10-05T07:50:52Z INFO [195/3739] 4abee190-be4e-483c-b5e5-69703b45c6b5: cophenetic index 460181; 4.7 s; peak memory 158 MiB.
2026-10-05T07:50:53Z INFO [196/3739] 4ac05b69-e1e0-485f-ac61-da8dcc876b95: cophenetic index 490; 0.9 s; peak memory 158 MiB.
2026-10-05T07:50:54Z INFO [197/3739] 4ac0aea5-ad1f-4df9-913e-12ff40123441: cophenetic index 651; 0.8 s; peak memory 158 MiB.
2026-10-05T07:50:55Z INFO [198/3739] 4ac0e11b-0d41-4b1c-9220-5d2d1ea8c4f2: cophenetic index 401; 0.8 s; peak memory 158 MiB.
2026-10-05T07:50:56Z INFO [199/3739] 4ac13f31-830f-47ea-a7fe-6d158ee674bb: cophenetic index 3087; 1.3 s; peak memory 158 MiB.
2026-10-05T07:50:58Z INFO [200/3739] 4ac31acc-fb46-42ca-bbab-c85f2f77a2b2: cophenetic index 33998; 1.8 s; peak memory 158 MiB.
2026-10-05T07:50:58Z INFO [200/3739] 4ac31acc-fb46-42ca-bbab-c85f2f77a2b2: checkpointed 82925 records.
2026-10-05T07:50:59Z INFO [201/3739] 4ac3d41d-097c-4849-a1ce-d46fdb95e859: cophenetic index 624; 0.9 s; peak memory 158 MiB.
2026-10-05T07:51:00Z INFO [202/3739] 4ac4cc48-5d31-4280-8486-cee14bedfe07: cophenetic index 3192; 1.3 s; peak memory 158 MiB.
2026-10-05T07:51:07Z INFO [203/3739] 4ac503d4-a61c-4fc1-be38-88feb65c9b96: cophenetic index 14677; 6.8 s; peak memory 158 MiB.
2026-10-05T07:51:08Z INFO [204/3739] 4ac54966-dd03-467e-9783-7dce8be3836e: cophenetic index 490; 0.8 s; peak memory 158 MiB.
2026-10-05T07:51:08Z INFO [205/3739] 4ac5bf1a-0bad-442d-8c8a-5330b8ef1cce: cophenetic index 690; 0.8 s; peak memory 158 MiB.
2026-10-05T07:51:09Z INFO [206/3739] 4ac64d2f-b95b-46fb-b026-724686d7ac91: cophenetic index 490; 0.7 s; peak memory 158 MiB.
2026-10-05T07:51:22Z INFO [207/3739] 4ac6bb5f-0c12-4563-a821-a300d0c02a6d: cophenetic index 53150; 12.8 s; peak memory 158 MiB.
2026-10-05T07:51:23Z INFO [208/3739] 4ac6ea87-ac7e-4c49-a3c8-c3aaeff98c38: cophenetic index 3004; 1.2 s; peak memory 158 MiB.
2026-10-05T07:51:24Z INFO [209/3739] 4ac889d3-4567-4c3b-9b16-c6dde74baab5: cophenetic index 490; 0.8 s; peak memory 158 MiB.
2026-10-05T07:51:26Z INFO [210/3739] 4ac90035-b8cd-4bc4-8cef-8fd7a44d1e37: cophenetic index 2490; 2.4 s; peak memory 158 MiB.
2026-10-05T07:51:28Z INFO [211/3739] 4ac90bc4-d34b-4476-9528-9fe6c60b2890: cophenetic index 33962; 1.3 s; peak memory 158 MiB.
2026-10-05T07:51:41Z INFO [212/3739] 4aca9c39-e9bc-4cf3-9d97-34ca3167c371: cophenetic index 516452; 13.5 s; peak memory 158 MiB.
2026-10-05T07:51:43Z INFO [213/3739] 4acad272-ff49-4f29-966d-9be6c8ea4a31: cophenetic index 2625; 1.4 s; peak memory 158 MiB.
2026-10-05T07:51:54Z INFO [214/3739] 4acb63cb-2123-4335-8f4b-45919288f66f: cophenetic index 304510; 11.4 s; peak memory 158 MiB.
2026-10-05T07:51:56Z INFO [215/3739] 4acc76a5-9508-434d-b65e-ffa8158c6981: cophenetic index 2551; 1.4 s; peak memory 158 MiB.
2026-10-05T07:51:56Z INFO [216/3739] 4acd26eb-06ff-47cc-ad66-67a362f3ac4f: cophenetic index 1192; 0.9 s; peak memory 158 MiB.
2026-10-05T07:51:57Z INFO [217/3739] 4ace5518-98ad-4f9c-afed-c6dd3511bcdd: cophenetic index 651; 0.8 s; peak memory 158 MiB.
2026-10-05T07:51:58Z INFO [218/3739] 4acea719-cd42-4935-9696-2bed83f34ea6: cophenetic index 431; 0.9 s; peak memory 158 MiB.
2026-10-05T07:51:59Z INFO [219/3739] 4acececd-7afc-4340-a73c-61f4c3a048b8: cophenetic index 605; 1.4 s; peak memory 158 MiB.
2026-10-05T07:52:01Z INFO [220/3739] 4acf0949-37ad-4048-a777-86baab8aa356: cophenetic index 2625; 1.3 s; peak memory 158 MiB.
2026-10-05T07:52:02Z INFO [221/3739] 4acf394f-7b00-482d-8fe5-271859cb0229: cophenetic index 624; 1.0 s; peak memory 158 MiB.
2026-10-05T07:52:03Z INFO [222/3739] 4acf594c-c84a-4032-be54-9769f0555e39: cophenetic index 431; 0.9 s; peak memory 158 MiB.
2026-10-05T07:52:05Z INFO [223/3739] 4acf992d-4b6a-4a88-81c2-81461bd497d2: cophenetic index 2609; 2.8 s; peak memory 158 MiB.
2026-10-05T07:52:06Z INFO [224/3739] 4ad03463-a688-4ac4-9ebe-166a6b21cc2b: cophenetic index 751; 0.9 s; peak memory 158 MiB.
2026-10-05T07:52:07Z INFO [225/3739] 4ad157b3-5f50-4902-b7bb-f203a2998d1f: cophenetic index 560; 1.0 s; peak memory 158 MiB.
2026-10-05T07:52:09Z INFO [226/3739] 4ad1dba7-a187-4362-ad73-11d36d67c0a2: cophenetic index 2625; 1.5 s; peak memory 158 MiB.
2026-10-05T07:52:10Z INFO [227/3739] 4ad22a00-bc86-470a-a2a9-3de95b15af08: cophenetic index 624; 1.0 s; peak memory 158 MiB.
2026-10-05T07:52:11Z INFO [228/3739] 4ad33261-b28d-43f9-83bc-a07122fb9c5e: cophenetic index 3004; 1.3 s; peak memory 158 MiB.
2026-10-05T07:52:12Z INFO [229/3739] 4ad46223-ac1f-41ae-8b37-dcf75bff5f07: cophenetic index 2625; 1.4 s; peak memory 158 MiB.
2026-10-05T07:52:19Z INFO [230/3739] 4ad4c559-9023-47b1-9fce-81fc50f53ba9: cophenetic index 591172; 6.5 s; peak memory 158 MiB.
2026-10-05T07:52:20Z INFO [231/3739] 4ad58783-04cc-4d95-91be-efd64ac581fa: cophenetic index 3004; 1.3 s; peak memory 158 MiB.
2026-10-05T07:52:22Z INFO [232/3739] 4ad58f1f-ccb7-4555-8ab6-6b20231f7985: cophenetic index 2570; 1.8 s; peak memory 158 MiB.
2026-10-05T07:52:23Z INFO [233/3739] 4ad59d5a-d190-4439-b859-9ccd6ab655da: cophenetic index 624; 1.1 s; peak memory 158 MiB.
2026-10-05T07:52:24Z INFO [234/3739] 4ad5cb26-23a4-4b6c-aad4-a8b5c3610043: cophenetic index 579; 0.9 s; peak memory 158 MiB.
2026-10-05T07:52:25Z INFO [235/3739] 4ad5e72a-744e-4334-9ed6-e2c657b33b2b: cophenetic index 3087; 1.2 s; peak memory 158 MiB.
2026-10-05T07:52:26Z INFO [236/3739] 4ad5f068-7e1e-45d3-b9db-cb74da875506: cophenetic index 624; 1.0 s; peak memory 158 MiB.
2026-10-05T07:52:28Z INFO [237/3739] 4ad617fe-8c49-435d-b7b0-57456a4d0449: cophenetic index 33998; 2.1 s; peak memory 158 MiB.
2026-10-05T07:52:30Z INFO [238/3739] 4ad69433-5f12-49b5-a4df-42c2b6673c33: cophenetic index 3004; 1.2 s; peak memory 158 MiB.
2026-10-05T07:52:32Z INFO [239/3739] 4ad7040c-aaf1-4e0c-891a-51986d06355d: cophenetic index 809; 2.0 s; peak memory 158 MiB.
2026-10-05T07:52:32Z INFO [240/3739] 4ad70d99-0680-48c7-89cf-be1381274795: cophenetic index 624; 0.9 s; peak memory 158 MiB.
2026-10-05T07:52:36Z INFO [241/3739] 4ad76d57-ec2c-4129-8010-ff84af7b5547: cophenetic index 20213; 3.8 s; peak memory 158 MiB.
2026-10-05T07:52:37Z INFO [242/3739] 4ad874ea-2f02-4d86-ae72-09a5170540b6: cophenetic index 2974; 1.3 s; peak memory 158 MiB.
2026-10-05T07:52:39Z INFO [243/3739] 4ad8b93d-a8cc-4061-b209-f20a279faee2: cophenetic index 33998; 1.8 s; peak memory 158 MiB.
2026-10-05T07:52:41Z INFO [244/3739] 4ad9142a-475a-40d1-83fe-3c4f1e22c4c9: cophenetic index 25146; 1.4 s; peak memory 158 MiB.
2026-10-05T07:52:42Z INFO [245/3739] 4ad969d3-8347-4cf5-854b-fc7b4c4a1d69: cophenetic index 2625; 1.3 s; peak memory 158 MiB.
2026-10-05T07:52:43Z INFO [246/3739] 4ada1122-0df2-4960-81d1-b9cc77f19af6: cophenetic index 605; 1.2 s; peak memory 158 MiB.
2026-10-05T07:52:51Z INFO [247/3739] 4ada7d3a-3fbc-443c-b4ce-6e507ceecf57: cophenetic index 25527; 7.3 s; peak memory 158 MiB.
2026-10-05T07:52:52Z INFO [248/3739] 4adac714-791a-45a1-82f3-9e22dacbe790: cophenetic index 33968; 1.6 s; peak memory 158 MiB.
2026-10-05T07:52:57Z INFO [249/3739] 4adb34fc-ff3b-45a0-8725-3e64b7b69145: cophenetic index 58418; 5.3 s; peak memory 158 MiB.
2026-10-05T07:52:58Z INFO [250/3739] 4adc098a-ddba-42c2-ae90-a2d5d1d4136d: cophenetic index 762; 0.8 s; peak memory 158 MiB.
2026-10-05T07:52:58Z INFO [250/3739] 4adc098a-ddba-42c2-ae90-a2d5d1d4136d: checkpointed 82975 records.
2026-10-05T07:52:59Z INFO [251/3739] 4adc2467-f89a-4195-a7a6-433ee953c117: cophenetic index 624; 0.9 s; peak memory 158 MiB.
2026-10-05T07:53:01Z INFO [252/3739] 4ade7e62-24f3-45f6-8361-4953f5ae82e7: cophenetic index 959; 2.2 s; peak memory 158 MiB.
2026-10-05T07:53:02Z INFO [253/3739] 4adf72d5-4f83-4d2a-8174-141d82604617: cophenetic index 739; 0.8 s; peak memory 158 MiB.
2026-10-05T07:53:12Z INFO [254/3739] 4ae007de-cc83-4878-8475-4c6437c52011: cophenetic index 26409818; 10.3 s; peak memory 187 MiB.
2026-10-05T07:53:14Z INFO [255/3739] 4ae0d085-8f6e-47e2-a227-c2f953cebcc0: cophenetic index 2974; 1.1 s; peak memory 187 MiB.
2026-10-05T07:53:19Z INFO [256/3739] 4ae1d366-fbfb-4570-af2c-1973f6fcce42: cophenetic index 33285; 5.5 s; peak memory 187 MiB.
2026-10-05T07:53:21Z INFO [257/3739] 4ae22551-8fca-4b31-87dc-b31d0cd8f7ba: cophenetic index 3087; 1.4 s; peak memory 187 MiB.
2026-10-05T07:53:21Z INFO [258/3739] 4ae23b17-f217-4892-a1cb-8425155b9aee: cophenetic index 729; 0.9 s; peak memory 187 MiB.
2026-10-05T07:53:22Z INFO [259/3739] 4ae4030e-2b2d-430b-bd46-3e7d615f4f35: cophenetic index 624; 1.0 s; peak memory 187 MiB.
2026-10-05T07:53:25Z INFO [260/3739] 4ae439de-379e-4263-99cc-b776ac3769ca: cophenetic index 2625; 2.3 s; peak memory 187 MiB.
2026-10-05T07:53:26Z INFO [261/3739] 4ae4c80a-1624-4b58-9291-1c583fe10c72: cophenetic index 2570; 1.2 s; peak memory 187 MiB.
2026-10-05T07:53:27Z INFO [262/3739] 4ae5876b-382c-46f0-afe7-cb24319d30cd: cophenetic index 624; 1.1 s; peak memory 187 MiB.
2026-10-05T07:53:36Z INFO [263/3739] 4ae64fb3-0f6c-4825-af45-4357e07732c0: cophenetic index 34862; 8.8 s; peak memory 187 MiB.
2026-10-05T07:53:48Z INFO [264/3739] 4ae7252c-30a0-446f-ae6b-74693aa9f55b: cophenetic index 49686; 12.5 s; peak memory 187 MiB.
2026-10-05T07:53:50Z INFO [265/3739] 4ae7a716-a3a6-4767-9ec1-4db859deb7bd: cophenetic index 33998; 1.7 s; peak memory 187 MiB.
2026-10-05T07:53:51Z INFO [266/3739] 4ae9104b-80d7-4288-82ff-f0ebff567284: cophenetic index 624; 1.0 s; peak memory 187 MiB.
2026-10-05T07:53:53Z INFO [267/3739] 4ae9209a-5a57-4e23-a965-265172f1fb70: cophenetic index 33968; 1.5 s; peak memory 187 MiB.
2026-10-05T07:53:56Z INFO [268/3739] 4aea17d0-95d3-4030-a312-6ae61043e816: cophenetic index 4015; 3.3 s; peak memory 187 MiB.
2026-10-05T07:53:57Z INFO [269/3739] 4aea70a3-3fb3-45fc-a9ff-8a55c0682267: cophenetic index 893; 1.6 s; peak memory 187 MiB.
2026-10-05T07:53:59Z INFO [270/3739] 4aea7e04-2fca-4aac-bfe4-d8eac9878fee: cophenetic index 33998; 1.7 s; peak memory 187 MiB.
2026-10-05T07:54:01Z INFO [271/3739] 4aea86d4-5e6c-4011-a68e-2b7e329f77b0: cophenetic index 33998; 2.2 s; peak memory 187 MiB.
2026-10-05T07:54:02Z INFO [272/3739] 4aeac3ef-fb35-4d07-ba1e-f0d93cb7d6e6: cophenetic index 401; 0.8 s; peak memory 187 MiB.
2026-10-05T07:54:04Z INFO [273/3739] 4aeb7f90-6e55-4562-a3d0-22d35efbeec4: cophenetic index 23364; 1.3 s; peak memory 187 MiB.
2026-10-05T07:54:06Z INFO [274/3739] 4aeb8054-242a-43e6-8451-4a8cdbe1677f: cophenetic index 33998; 2.1 s; peak memory 187 MiB.
2026-10-05T07:54:37Z INFO [275/3739] 4aeba912-6731-4b7c-b829-40eb0fc6d7fc: cophenetic index 281556; 31.0 s; peak memory 187 MiB.
2026-10-05T07:54:38Z INFO [276/3739] 4aec7fc0-3b38-4866-81ed-e9da302c1d75: cophenetic index 624; 1.0 s; peak memory 187 MiB.
2026-10-05T07:54:38Z INFO [277/3739] 4aecf50a-e3cb-43e6-8e92-a7e1c3cd0ecd: cophenetic index 637; 0.8 s; peak memory 187 MiB.
2026-10-05T07:54:46Z INFO [278/3739] 4aee12e0-1c72-4bc2-b606-1e3d5146011e: cophenetic index 87573; 7.5 s; peak memory 187 MiB.
2026-10-05T07:54:47Z INFO [279/3739] 4aeea422-a7a4-40b4-922d-9129177791a7: cophenetic index 761; 0.8 s; peak memory 187 MiB.
2026-10-05T07:54:49Z INFO [280/3739] 4aef879c-dcef-485e-9434-6786a100359d: cophenetic index 920; 2.0 s; peak memory 187 MiB.
2026-10-05T07:54:50Z INFO [281/3739] 4aefaba3-7643-4b8a-8a99-22bb9cd6e297: cophenetic index 624; 1.1 s; peak memory 187 MiB.
2026-10-05T07:54:53Z INFO [282/3739] 4af09797-4961-40a0-91f1-e59dcb37eb18: cophenetic index 3890; 3.3 s; peak memory 187 MiB.
2026-10-05T07:54:56Z INFO [283/3739] 4af1356f-c684-4add-9b9b-5a7f73acd903: cophenetic index 2469; 2.7 s; peak memory 187 MiB.
2026-10-05T07:54:57Z INFO [284/3739] 4af1d288-9dc8-48b2-adf8-a75f8802879a: cophenetic index 3215; 1.0 s; peak memory 187 MiB.
2026-10-05T07:55:05Z INFO [285/3739] 4af29a74-2515-4342-8492-e10ae0e43bd3: cophenetic index 16035; 8.1 s; peak memory 187 MiB.
2026-10-05T07:55:06Z INFO [286/3739] 4af2edad-2de5-4cc0-a367-13a5f1fa2650: cophenetic index 624; 1.1 s; peak memory 187 MiB.
2026-10-05T07:55:07Z INFO [287/3739] 4af31685-b59e-4e70-92e1-d339c8306f87: cophenetic index 624; 1.1 s; peak memory 187 MiB.
2026-10-05T07:55:18Z INFO [288/3739] 4af34c61-575f-4c3d-86ae-cf2626c8cef9: cophenetic index 570223; 10.8 s; peak memory 187 MiB.
2026-10-05T07:55:20Z INFO [289/3739] 4af354b4-498c-469a-9357-3ffe2d3deaf9: cophenetic index 33998; 1.8 s; peak memory 187 MiB.
2026-10-05T07:55:21Z INFO [290/3739] 4af43fe1-4ecb-4e10-9a63-957b8cb8fd5c: cophenetic index 1380; 1.5 s; peak memory 187 MiB.
2026-10-05T07:55:22Z INFO [291/3739] 4af53300-9a38-4037-8b58-b2d3280f58b9: cophenetic index 624; 1.1 s; peak memory 187 MiB.
2026-10-05T07:55:23Z INFO [292/3739] 4af58acf-1ab0-4f91-8927-5ff2e60dcf9c: cophenetic index 624; 1.1 s; peak memory 187 MiB.
2026-10-05T07:55:25Z INFO [293/3739] 4af634e7-7772-4b42-9c82-5fe30675ae9c: cophenetic index 895; 2.1 s; peak memory 187 MiB.
2026-10-05T07:55:26Z INFO [294/3739] 4af783ed-68df-42fb-a759-ebe8529c8e19: cophenetic index 762; 0.9 s; peak memory 187 MiB.
2026-10-05T07:55:28Z INFO [295/3739] 4af7e1dd-deca-4604-af48-b290bdf8f611: cophenetic index 2923; 1.3 s; peak memory 187 MiB.
2026-10-05T07:55:29Z INFO [296/3739] 4af7e7d9-3f42-48aa-a313-ed3a35b4aecd: cophenetic index 2625; 1.5 s; peak memory 187 MiB.
2026-10-05T07:55:33Z INFO [297/3739] 4af8629e-3eb5-4db5-a00e-997a9a16554d: cophenetic index 3045; 3.6 s; peak memory 187 MiB.
2026-10-05T07:55:36Z INFO [298/3739] 4af991c9-05a7-4671-87f9-cd103433fc3e: cophenetic index 2236; 2.9 s; peak memory 187 MiB.
2026-10-05T07:55:37Z INFO [299/3739] 4af9cec4-4d4e-46c5-a46b-4bcf49f90e16: cophenetic index 2625; 1.3 s; peak memory 187 MiB.
2026-10-05T07:55:38Z INFO [300/3739] 4afa2025-be2c-4942-a2b6-19796467587a: cophenetic index 624; 0.9 s; peak memory 187 MiB.
2026-10-05T07:55:38Z INFO [300/3739] 4afa2025-be2c-4942-a2b6-19796467587a: checkpointed 83025 records.
2026-10-05T07:55:39Z INFO [301/3739] 4afa572f-4829-42bd-8d76-b57e32b32721: cophenetic index 741; 0.8 s; peak memory 187 MiB.
2026-10-05T07:55:46Z INFO [302/3739] 4afd00cb-da66-4a1f-a63d-59f1caa9af1b: cophenetic index 98542; 7.2 s; peak memory 187 MiB.
2026-10-05T07:55:47Z INFO [303/3739] 4afeb4e6-9941-4ca8-81bd-74ff98cad8b0: cophenetic index 385; 1.1 s; peak memory 187 MiB.
2026-10-05T07:55:49Z INFO [304/3739] 4aff88a0-2978-4ffa-a0a4-df7d75a13390: cophenetic index 1130; 1.8 s; peak memory 187 MiB.
2026-10-05T07:55:51Z INFO [305/3739] 4affdec2-eefe-486b-b4fb-ad42758b843c: cophenetic index 33998; 2.0 s; peak memory 187 MiB.
2026-10-05T07:55:59Z INFO [306/3739] 4b0031d9-1f99-47dc-ab14-4a3109b4e097: cophenetic index 96384; 7.7 s; peak memory 187 MiB.
2026-10-05T07:56:00Z INFO [307/3739] 4b00670d-f93c-4d58-aee7-e5762dc9fa60: cophenetic index 33968; 1.5 s; peak memory 187 MiB.
2026-10-05T07:56:02Z INFO [308/3739] 4b00a2c7-dd74-49d0-9ab4-1e8eab3865a5: cophenetic index 33986; 1.4 s; peak memory 187 MiB.
2026-10-05T07:56:03Z INFO [309/3739] 4b0126df-9149-4b67-b7b0-5963c0e12f4e: cophenetic index 627; 1.0 s; peak memory 187 MiB.
2026-10-05T07:56:04Z INFO [310/3739] 4b012fa9-a36f-4aec-bda7-ac46565ce6ad: cophenetic index 627; 1.1 s; peak memory 187 MiB.
2026-10-05T07:56:05Z INFO [311/3739] 4b0130ee-d81c-4b33-b115-3e99a63ab00a: cophenetic index 2636; 1.7 s; peak memory 187 MiB.
2026-10-05T07:56:07Z INFO [312/3739] 4b013ac5-376c-47fa-acd9-63b06cef55f2: cophenetic index 23496; 1.3 s; peak memory 187 MiB.
2026-10-05T07:56:08Z INFO [313/3739] 4b022c94-83a2-4437-b3c9-484adc908623: cophenetic index 624; 1.1 s; peak memory 187 MiB.
2026-10-05T07:56:09Z INFO [314/3739] 4b0276a9-164f-472a-862d-3adc7f9efdd2: cophenetic index 3004; 1.1 s; peak memory 187 MiB.
2026-10-05T07:56:12Z INFO [315/3739] 4b038498-cec0-446f-8181-ebe31ee440a7: cophenetic index 5473; 3.3 s; peak memory 187 MiB.
2026-10-05T07:56:14Z INFO [316/3739] 4b03a8c8-d8b8-42bf-9649-c8577c18ea64: cophenetic index 2625; 2.3 s; peak memory 187 MiB.
2026-10-05T07:56:15Z INFO [317/3739] 4b03da64-0380-4655-a084-1e150543fb62: cophenetic index 624; 1.0 s; peak memory 187 MiB.
2026-10-05T07:56:18Z INFO [318/3739] 4b04a78d-762c-46a6-b4c7-659ee39afbb7: cophenetic index 2469; 2.7 s; peak memory 187 MiB.
2026-10-05T07:56:20Z INFO [319/3739] 4b04c50d-a29a-4e39-9d4d-ef9ed154b0ed: cophenetic index 809; 2.1 s; peak memory 187 MiB.
2026-10-05T07:56:22Z INFO [320/3739] 4b06fc38-9c41-48bd-80ce-554fcc9b38f5: cophenetic index 2625; 1.7 s; peak memory 187 MiB.
2026-10-05T07:56:23Z INFO [321/3739] 4b074951-f79e-4ba1-a8ec-170cd3861b31: cophenetic index 33986; 1.6 s; peak memory 187 MiB.
2026-10-05T07:56:25Z INFO [322/3739] 4b086e53-1a39-4c37-8248-a58b42ae251d: cophenetic index 2636; 1.7 s; peak memory 187 MiB.
2026-10-05T07:56:29Z INFO [323/3739] 4b0882f4-6c51-4ce9-8fc0-72a6ae548a57: cophenetic index 1733; 3.4 s; peak memory 187 MiB.
2026-10-05T07:56:35Z INFO [324/3739] 4b0922ad-cbc7-4c6c-80d3-8dfedcf72817: cophenetic index 141709; 6.8 s; peak memory 187 MiB.
2026-10-05T07:56:37Z INFO [325/3739] 4b0aae0d-7cb1-4d23-b159-cb5280df8226: cophenetic index 3004; 1.3 s; peak memory 187 MiB.
2026-10-05T07:56:38Z INFO [326/3739] 4b0afb85-bd8b-4717-bf36-8a35c20d4f58: cophenetic index 23546; 1.5 s; peak memory 187 MiB.
2026-10-05T07:56:40Z INFO [327/3739] 4b0b66f8-302d-480d-9f68-f4cd527011fc: cophenetic index 1570; 1.7 s; peak memory 187 MiB.
2026-10-05T07:56:42Z INFO [328/3739] 4b0cb8e8-e7b3-4a08-865c-7128b16f3857: cophenetic index 33998; 1.8 s; peak memory 187 MiB.
2026-10-05T07:56:43Z INFO [329/3739] 4b0d1c22-38e5-47d7-9144-8d76af54a806: cophenetic index 33998; 1.5 s; peak memory 187 MiB.
2026-10-05T07:56:44Z INFO [330/3739] 4b0e6aa6-8541-4866-a7d4-769e0131ef47: cophenetic index 634; 1.3 s; peak memory 187 MiB.
2026-10-05T07:56:45Z INFO [331/3739] 4b0ec727-6947-4f9d-8cea-e75c56358804: cophenetic index 624; 1.1 s; peak memory 187 MiB.
2026-10-05T07:56:52Z INFO [332/3739] 4b0ef2c2-e58b-4776-89a9-a0ea6797972e: cophenetic index 5466; 6.2 s; peak memory 187 MiB.
2026-10-05T07:56:53Z INFO [333/3739] 4b0f9f87-d945-4636-9f11-fe34516f6b91: cophenetic index 33968; 1.5 s; peak memory 187 MiB.
2026-10-05T07:56:54Z INFO [334/3739] 4b103ddd-3bec-47dc-ab0c-488ccb56ccdb: cophenetic index 448; 1.1 s; peak memory 187 MiB.
2026-10-05T07:56:55Z INFO [335/3739] 4b105f4c-d061-414d-ae33-cdc06e49644a: cophenetic index 624; 0.9 s; peak memory 187 MiB.
2026-10-05T07:56:56Z INFO [336/3739] 4b110693-c912-4d16-bc6f-db70c4cdead4: cophenetic index 1025; 1.1 s; peak memory 187 MiB.
2026-10-05T07:56:58Z INFO [337/3739] 4b11efce-84bf-465f-8b06-ad8af4c4f699: cophenetic index 2625; 1.4 s; peak memory 187 MiB.
2026-10-05T07:57:02Z INFO [338/3739] 4b135794-6851-4794-9af8-916ef8c257b9: cophenetic index 18860; 4.0 s; peak memory 187 MiB.
2026-10-05T07:57:03Z INFO [339/3739] 4b13afe3-c0e9-4668-b5f6-e902f00142d2: cophenetic index 466; 1.3 s; peak memory 187 MiB.
2026-10-05T07:57:05Z INFO [340/3739] 4b1480e5-cd08-4840-bcc3-4ed98725d2ab: cophenetic index 2625; 2.1 s; peak memory 187 MiB.
2026-10-05T07:57:06Z INFO [341/3739] 4b14d596-cbd9-4433-b709-b50587a6416c: cophenetic index 581; 1.4 s; peak memory 187 MiB.
2026-10-05T07:57:07Z INFO [342/3739] 4b161838-9371-43dc-8815-91b5fec571c0: cophenetic index 490; 0.7 s; peak memory 187 MiB.
2026-10-05T07:57:13Z INFO [343/3739] 4b172dc7-d9b9-48a3-b67f-b957e05d6ad0: cophenetic index 12100; 6.1 s; peak memory 187 MiB.
2026-10-05T07:57:14Z INFO [344/3739] 4b17b0f6-660a-48f5-aa32-5a03ad98a5aa: cophenetic index 624; 1.0 s; peak memory 187 MiB.
2026-10-05T07:57:15Z INFO [345/3739] 4b17fae6-32cf-491a-8a00-e73a35c48264: cophenetic index 902; 1.0 s; peak memory 187 MiB.
2026-10-05T07:57:16Z INFO [346/3739] 4b1918da-cbac-4318-a81d-5efd75d0147c: cophenetic index 624; 1.0 s; peak memory 187 MiB.
2026-10-05T07:57:18Z INFO [347/3739] 4b192d1e-a491-4738-a27c-97527b1265ec: cophenetic index 3004; 1.3 s; peak memory 187 MiB.
2026-10-05T07:57:19Z INFO [348/3739] 4b1934e9-9ff9-4ca7-9ea5-f495e348c349: cophenetic index 33998; 1.8 s; peak memory 187 MiB.
2026-10-05T07:57:42Z INFO [349/3739] 4b1969e2-aeb5-4e48-8384-f601fd34e725: cophenetic index 58288; 22.6 s; peak memory 187 MiB.
2026-10-05T07:57:47Z INFO [350/3739] 4b1a3deb-cfdb-461e-8afd-1298ef745bf5: cophenetic index 9548; 5.2 s; peak memory 187 MiB.
2026-10-05T07:57:47Z INFO [350/3739] 4b1a3deb-cfdb-461e-8afd-1298ef745bf5: checkpointed 83075 records.
2026-10-05T07:57:48Z INFO [351/3739] 4b1aceca-ec77-42a6-a485-c191ddaeb173: cophenetic index 490; 0.7 s; peak memory 187 MiB.
2026-10-05T07:57:49Z INFO [352/3739] 4b1c3522-0a66-4cb5-a84e-90b79a9edaf7: cophenetic index 2551; 1.0 s; peak memory 187 MiB.
2026-10-05T07:57:50Z INFO [353/3739] 4b1c93bc-f355-4aa8-9c37-136f29a4d815: cophenetic index 3087; 1.2 s; peak memory 187 MiB.
2026-10-05T07:57:52Z INFO [354/3739] 4b1cf222-37e3-4b28-ac2a-54a79265ad25: cophenetic index 605; 1.3 s; peak memory 187 MiB.
2026-10-05T07:57:53Z INFO [355/3739] 4b1d7252-2b95-409b-8b8c-b1f36aba6372: cophenetic index 1380; 1.8 s; peak memory 187 MiB.
2026-10-05T07:57:55Z INFO [356/3739] 4b1de384-4d2d-4768-8e3c-07bcf8435d4f: cophenetic index 1751; 1.6 s; peak memory 187 MiB.
2026-10-05T07:57:56Z INFO [357/3739] 4b1e1ee5-9800-45db-8b2f-c325cde1912d: cophenetic index 624; 1.0 s; peak memory 187 MiB.
2026-10-05T07:57:57Z INFO [358/3739] 4b1e4778-6d1c-40f5-b899-1664d1fdc981: cophenetic index 3004; 1.4 s; peak memory 187 MiB.
2026-10-05T07:57:58Z INFO [359/3739] 4b1e6961-6f05-494f-8071-66cc267cbb43: cophenetic index 624; 1.0 s; peak memory 187 MiB.
2026-10-05T07:57:59Z INFO [360/3739] 4b1ee7a6-223b-4f8d-9cd0-60ff0196092f: cophenetic index 624; 1.1 s; peak memory 187 MiB.
2026-10-05T07:58:01Z INFO [361/3739] 4b1f16e8-aef6-481d-8fdd-64807d40ba1a: cophenetic index 584; 2.0 s; peak memory 187 MiB.
2026-10-05T07:58:03Z INFO [362/3739] 4b1f5a7d-432a-4f55-b635-81923156c311: cophenetic index 3004; 1.3 s; peak memory 187 MiB.
2026-10-05T07:58:05Z INFO [363/3739] 4b1fa0b5-c608-49eb-83c0-d6d4f6818e1a: cophenetic index 2469; 2.8 s; peak memory 187 MiB.
2026-10-05T07:58:07Z INFO [364/3739] 4b1feed9-6a4d-4f1b-a05b-7501ac2dc9f2: cophenetic index 33962; 1.5 s; peak memory 187 MiB.
2026-10-05T07:58:08Z INFO [365/3739] 4b20cef0-bafe-452d-92ea-036e1dfebe63: cophenetic index 33962; 1.4 s; peak memory 187 MiB.
2026-10-05T07:58:12Z INFO [366/3739] 4b20d1bd-0777-414b-8bab-564e7835ff57: cophenetic index 266753; 3.6 s; peak memory 187 MiB.
2026-10-05T07:58:13Z INFO [367/3739] 4b216500-eb2a-4997-af49-73a59ccbb489: cophenetic index 3087; 1.3 s; peak memory 187 MiB.
2026-10-05T07:58:19Z INFO [368/3739] 4b218485-b269-431c-bd03-f309adeb667e: cophenetic index 9298; 5.6 s; peak memory 187 MiB.
2026-10-05T07:58:28Z INFO [369/3739] 4b21a393-4c64-40fb-a026-4445c3f29c5b: cophenetic index 175066; 9.1 s; peak memory 187 MiB.
2026-10-05T07:58:30Z INFO [370/3739] 4b21af02-2f2c-4f0a-9c28-1825b26e6ee4: cophenetic index 2748; 2.0 s; peak memory 187 MiB.
2026-10-05T07:58:31Z INFO [371/3739] 4b21d8c2-927a-497b-8436-9a3da8665190: cophenetic index 624; 1.0 s; peak memory 187 MiB.
2026-10-05T07:58:32Z INFO [372/3739] 4b2252af-8cef-4ffb-a8d0-13e1a71bf69e: cophenetic index 441; 1.1 s; peak memory 187 MiB.
2026-10-05T07:58:34Z INFO [373/3739] 4b22e579-5495-4699-82d6-e0aaed697e8b: cophenetic index 593; 1.5 s; peak memory 187 MiB.
2026-10-05T07:58:46Z INFO [374/3739] 4b254559-f7d7-4c41-a6ec-53bc495c721b: cophenetic index 19150029; 12.2 s; peak memory 187 MiB.
2026-10-05T07:58:48Z INFO [375/3739] 4b2557e7-3e9a-4b15-b35d-5fd4271f0b2b: cophenetic index 33998; 2.1 s; peak memory 187 MiB.
2026-10-05T07:58:49Z INFO [376/3739] 4b25a2f1-9700-4d62-b73b-7857b98742d2: cophenetic index 23364; 1.2 s; peak memory 187 MiB.
2026-10-05T07:58:52Z INFO [377/3739] 4b267608-043d-4fa6-990e-6fec6cb094df: cophenetic index 325613; 2.6 s; peak memory 187 MiB.
2026-10-05T07:58:54Z INFO [378/3739] 4b26b3b7-7519-4063-97ef-9670d9b8ed54: cophenetic index 2682; 2.3 s; peak memory 187 MiB.
2026-10-05T07:58:56Z INFO [379/3739] 4b275637-4650-44c9-bb3c-14b54a01ea54: cophenetic index 3004; 1.3 s; peak memory 187 MiB.
2026-10-05T07:58:57Z INFO [380/3739] 4b27584d-4bca-43b9-bf82-c8732fb9b032: cophenetic index 2932; 1.0 s; peak memory 187 MiB.
2026-10-05T07:58:59Z INFO [381/3739] 4b281f5f-51cb-4d0c-acf1-2b6c42d0c6c6: cophenetic index 33998; 1.9 s; peak memory 187 MiB.
2026-10-05T07:59:00Z INFO [382/3739] 4b282e3d-c911-48a8-92f6-c7b6824c0da0: cophenetic index 624; 1.0 s; peak memory 187 MiB.
2026-10-05T07:59:01Z INFO [383/3739] 4b29026c-caf7-48c0-80c1-c01977a08a9e: cophenetic index 3004; 1.2 s; peak memory 187 MiB.
2026-10-05T07:59:07Z INFO [384/3739] 4b296d47-dd18-4dbb-9260-7c46b76821c4: cophenetic index 5466; 6.0 s; peak memory 187 MiB.
2026-10-05T07:59:13Z INFO [385/3739] 4b29c7af-9092-48aa-ac58-0bb54450f229: cophenetic index 9548; 6.2 s; peak memory 187 MiB.
2026-10-05T07:59:16Z INFO [386/3739] 4b29fecd-a3ca-464d-89ba-4fe46d6fa6a6: cophenetic index 2402; 2.8 s; peak memory 187 MiB.
2026-10-05T07:59:17Z INFO [387/3739] 4b2a1615-9c88-4e73-9e35-222d4bfe3739: cophenetic index 1228; 1.0 s; peak memory 187 MiB.
2026-10-05T07:59:20Z INFO [388/3739] 4b2aba0b-8484-4edd-b59c-0910673d7d76: cophenetic index 2609; 3.0 s; peak memory 187 MiB.
2026-10-05T07:59:21Z INFO [389/3739] 4b2d3bf4-c604-4c70-b1ed-91ba953a848f: cophenetic index 431; 0.9 s; peak memory 187 MiB.
2026-10-05T07:59:23Z INFO [390/3739] 4b2e508e-60ff-4f0a-abaa-50b4dc062db8: cophenetic index 2402; 2.6 s; peak memory 187 MiB.
2026-10-05T07:59:25Z INFO [391/3739] 4b2f020d-0daf-4f19-91f2-237bb3283f1e: cophenetic index 850; 1.6 s; peak memory 187 MiB.
2026-10-05T07:59:26Z INFO [392/3739] 4b2f9911-a7a8-4747-ad37-078a840fd7bb: cophenetic index 624; 1.0 s; peak memory 187 MiB.
2026-10-05T07:59:28Z INFO [393/3739] 4b30cdd0-3575-4bf5-850b-a65fddf6e11a: cophenetic index 33998; 1.9 s; peak memory 187 MiB.
2026-10-05T07:59:29Z INFO [394/3739] 4b313ec8-6bcc-4aea-83b6-acf51a2ca273: cophenetic index 2974; 1.1 s; peak memory 187 MiB.
2026-10-05T07:59:30Z INFO [395/3739] 4b31c37a-cc26-4d3e-ab19-30c668768634: cophenetic index 1006; 1.4 s; peak memory 187 MiB.
2026-10-05T07:59:31Z INFO [396/3739] 4b320f54-7a1f-449d-b4ca-7551a19c669f: cophenetic index 560; 0.9 s; peak memory 187 MiB.
2026-10-05T07:59:33Z INFO [397/3739] 4b326d5f-543a-41b8-8f65-87247e7d9848: cophenetic index 33998; 1.8 s; peak memory 187 MiB.
2026-10-05T07:59:35Z INFO [398/3739] 4b3291c4-fe94-40b5-a3a4-3e5859a73af9: cophenetic index 33818; 1.6 s; peak memory 187 MiB.
2026-10-05T07:59:36Z INFO [399/3739] 4b32a2e3-5a26-48bf-8571-39791d4a85b0: cophenetic index 2570; 1.7 s; peak memory 187 MiB.
2026-10-05T07:59:49Z INFO [400/3739] 4b32a46d-f4de-467e-8cc8-ab354bef17cf: cophenetic index 39939; 13.0 s; peak memory 187 MiB.
2026-10-05T07:59:50Z INFO [400/3739] 4b32a46d-f4de-467e-8cc8-ab354bef17cf: checkpointed 83125 records.
2026-10-05T07:59:51Z INFO [401/3739] 4b334b8d-e125-4c2a-aaed-257b86b1064f: cophenetic index 431; 1.0 s; peak memory 187 MiB.
2026-10-05T07:59:52Z INFO [402/3739] 4b338466-5aae-4bb6-acbb-ef542c48f85d: cophenetic index 593; 1.4 s; peak memory 187 MiB.
2026-10-05T07:59:53Z INFO [403/3739] 4b33ab07-4cf4-41e5-a0b9-133128b3eb49: cophenetic index 722; 1.2 s; peak memory 187 MiB.
2026-10-05T08:00:00Z INFO [404/3739] 4b33f415-3e37-4d8d-8752-c5df10d8bac0: cophenetic index 81792; 6.7 s; peak memory 187 MiB.
2026-10-05T08:00:03Z INFO [405/3739] 4b3421d5-8d65-4a5e-bd87-11d1428547ec: cophenetic index 1721; 3.5 s; peak memory 187 MiB.
2026-10-05T08:00:05Z INFO [406/3739] 4b349610-482f-4ac7-966a-7637d50cf380: cophenetic index 33998; 1.5 s; peak memory 187 MiB.
2026-10-05T08:00:06Z INFO [407/3739] 4b35a234-e284-4c05-a532-0a0215d014d0: cophenetic index 624; 1.3 s; peak memory 187 MiB.
2026-10-05T08:00:08Z INFO [408/3739] 4b3661c7-e36c-4d51-96d4-2fb050c0cdc2: cophenetic index 3004; 1.4 s; peak memory 187 MiB.
2026-10-05T08:00:09Z INFO [409/3739] 4b370ef6-cc6f-4c2c-a8ba-d0658275c8f3: cophenetic index 2625; 1.7 s; peak memory 187 MiB.
2026-10-05T08:00:12Z INFO [410/3739] 4b37d29a-6395-4d0f-8077-9beb50c2207b: cophenetic index 2162; 3.0 s; peak memory 187 MiB.
2026-10-05T08:00:13Z INFO [411/3739] 4b383419-6305-422d-88c5-b81836d70499: cophenetic index 1949; 1.2 s; peak memory 187 MiB.
2026-10-05T08:00:14Z INFO [412/3739] 4b3887b9-92da-4dcd-bd13-c96269235314: cophenetic index 490; 0.8 s; peak memory 187 MiB.
2026-10-05T08:00:16Z INFO [413/3739] 4b38ecb4-ba3f-4d17-909c-82af56b7c156: cophenetic index 2570; 1.3 s; peak memory 187 MiB.
2026-10-05T08:00:17Z INFO [414/3739] 4b393ddd-482e-45ea-a62d-42d300ffec76: cophenetic index 431; 1.1 s; peak memory 187 MiB.
2026-10-05T08:00:17Z INFO [415/3739] 4b3956c8-79c3-4954-a576-63fd8f06aa17: cophenetic index 731; 0.8 s; peak memory 187 MiB.
2026-10-05T08:00:19Z INFO [416/3739] 4b3a92e4-f973-4a17-a865-0afb2f81e3e7: cophenetic index 3087; 1.5 s; peak memory 187 MiB.
2026-10-05T08:00:21Z INFO [417/3739] 4b3b3f38-cd0d-4a4c-aa63-0befd3c534b5: cophenetic index 6100; 1.6 s; peak memory 187 MiB.
2026-10-05T08:00:23Z INFO [418/3739] 4b3bd226-1f4d-4cf4-ae27-3d9352c88f47: cophenetic index 2056; 2.1 s; peak memory 187 MiB.
2026-10-05T08:00:23Z INFO [419/3739] 4b3c2c79-2566-4f80-bf23-96d009c79342: cophenetic index 729; 0.7 s; peak memory 187 MiB.
2026-10-05T08:00:25Z INFO [420/3739] 4b3c3ec5-fdd0-4714-b488-058745b6c6d3: cophenetic index 1544; 1.3 s; peak memory 187 MiB.
2026-10-05T08:00:26Z INFO [421/3739] 4b3d1550-4e83-4e5c-839b-728d2551e0e3: cophenetic index 3004; 1.4 s; peak memory 187 MiB.
2026-10-05T08:00:27Z INFO [422/3739] 4b3d2d81-2e9d-43da-900a-9fb7aa3253f4: cophenetic index 624; 1.1 s; peak memory 187 MiB.
2026-10-05T08:00:28Z INFO [423/3739] 4b3d523a-7438-4c6f-86d7-a0a0f09f7754: cophenetic index 479; 0.9 s; peak memory 187 MiB.
2026-10-05T08:00:31Z INFO [424/3739] 4b3e1673-f519-4b38-b8d0-cdd792f226c7: cophenetic index 1458; 2.7 s; peak memory 187 MiB.
2026-10-05T08:00:32Z INFO [425/3739] 4b3eada8-0fe5-4f2e-9647-bacd8bc72d98: cophenetic index 33986; 1.7 s; peak memory 187 MiB.
2026-10-05T08:00:33Z INFO [426/3739] 4b3eee8c-bdc8-4eab-a208-a380128ec346: cophenetic index 624; 1.1 s; peak memory 187 MiB.
2026-10-05T08:00:34Z INFO [427/3739] 4b3f0197-02ed-4eec-9d6f-8dad4324853d: cophenetic index 1228; 0.9 s; peak memory 187 MiB.
2026-10-05T08:00:36Z INFO [428/3739] 4b3f028d-9173-474d-97d3-4d24bd77e54d: cophenetic index 3057; 1.3 s; peak memory 187 MiB.
2026-10-05T08:00:38Z INFO [429/3739] 4b3f123a-7a9d-40aa-9a05-01e0df78d7d4: cophenetic index 2391; 2.7 s; peak memory 187 MiB.
2026-10-05T08:00:39Z INFO [430/3739] 4b3fe738-88fb-44c3-986c-a31a34f55d67: cophenetic index 624; 1.1 s; peak memory 187 MiB.
2026-10-05T08:00:41Z INFO [431/3739] 4b40031d-0eff-426e-92c2-7ed3da535a2c: cophenetic index 624; 1.1 s; peak memory 187 MiB.
2026-10-05T08:00:46Z INFO [432/3739] 4b40ff53-383f-400c-b607-69474f0ad017: cophenetic index 79079; 5.8 s; peak memory 187 MiB.
2026-10-05T08:00:48Z INFO [433/3739] 4b414199-fba0-4729-ad53-02072b847dfe: cophenetic index 649; 1.3 s; peak memory 187 MiB.
2026-10-05T08:00:50Z INFO [434/3739] 4b41aa1d-5a87-4bb1-b3d6-78338d58bfa0: cophenetic index 1733; 2.6 s; peak memory 187 MiB.
2026-10-05T08:00:51Z INFO [435/3739] 4b41ae09-0252-4813-91ac-1e335522189e: cophenetic index 624; 1.0 s; peak memory 187 MiB.
2026-10-05T08:00:53Z INFO [436/3739] 4b41d934-bc3f-44e2-abcd-4029be96a198: cophenetic index 605; 1.4 s; peak memory 187 MiB.
2026-10-05T08:00:54Z INFO [437/3739] 4b424294-04b6-4710-86c3-ccb8a60aa1c4: cophenetic index 624; 1.1 s; peak memory 187 MiB.
2026-10-05T08:00:55Z INFO [438/3739] 4b426472-2231-4859-aef1-51c2c8be2e52: cophenetic index 624; 1.1 s; peak memory 187 MiB.
2026-10-05T08:00:56Z INFO [439/3739] 4b432c19-c3f0-476a-8a60-730c3e7b4776: cophenetic index 624; 1.1 s; peak memory 187 MiB.
2026-10-05T08:00:57Z INFO [440/3739] 4b44a5b9-d747-40fc-a070-a8abf738d158: cophenetic index 681; 0.9 s; peak memory 187 MiB.
2026-10-05T08:00:58Z INFO [441/3739] 4b454730-ad6d-4a6c-b5df-2a0e600d172d: cophenetic index 593; 1.3 s; peak memory 187 MiB.
2026-10-05T08:01:00Z INFO [442/3739] 4b46141d-9f08-49df-b3d5-7ce03493b510: cophenetic index 3004; 1.5 s; peak memory 187 MiB.
2026-10-05T08:01:10Z INFO [443/3739] 4b481fe9-6b4e-4df3-8db1-0100797d6ec7: cophenetic index 195173008; 10.0 s; peak memory 213 MiB.
2026-10-05T08:01:11Z INFO [444/3739] 4b48b0d7-89a1-41e5-846c-8c4206a6d7e8: cophenetic index 2923; 1.2 s; peak memory 213 MiB.
2026-10-05T08:01:12Z INFO [445/3739] 4b48d907-dd7d-4b41-8154-d7ca866029b5: cophenetic index 2625; 1.3 s; peak memory 213 MiB.
2026-10-05T08:01:13Z INFO [446/3739] 4b48e93d-9c20-4a83-9371-32d225d3691c: cophenetic index 1781; 1.0 s; peak memory 213 MiB.
2026-10-05T08:01:14Z INFO [447/3739] 4b48fce3-12e8-4be9-9e4a-1dbf1c391031: cophenetic index 690; 0.9 s; peak memory 213 MiB.
2026-10-05T08:01:21Z INFO [448/3739] 4b4908a2-ebf5-4283-a1c6-4c8b0be01712: cophenetic index 33285; 7.2 s; peak memory 213 MiB.
2026-10-05T08:01:23Z INFO [449/3739] 4b49a1de-d8e4-48aa-bb5c-a8ff91dffd8d: cophenetic index 6435; 1.5 s; peak memory 213 MiB.
2026-10-05T08:01:24Z INFO [450/3739] 4b49d887-5dff-4559-82cf-0dd57e16ba2f: cophenetic index 3087; 1.2 s; peak memory 213 MiB.
2026-10-05T08:01:24Z INFO [450/3739] 4b49d887-5dff-4559-82cf-0dd57e16ba2f: checkpointed 83175 records.
2026-10-05T08:01:26Z INFO [451/3739] 4b4a2233-9fb5-40be-9e2e-129156a22c38: cophenetic index 2625; 1.5 s; peak memory 213 MiB.
2026-10-05T08:01:27Z INFO [452/3739] 4b4a85d2-06cd-4a3f-be01-4a4dbf0c550f: cophenetic index 624; 1.0 s; peak memory 213 MiB.
2026-10-05T08:01:28Z INFO [453/3739] 4b4c9140-c8c3-4ac0-98d9-8ef380d6cd48: cophenetic index 605; 1.5 s; peak memory 213 MiB.
2026-10-05T08:01:29Z INFO [454/3739] 4b4d75bf-3296-49fe-bf13-7cb03d668fee: cophenetic index 560; 1.0 s; peak memory 213 MiB.
2026-10-05T08:01:34Z INFO [455/3739] 4b4d770d-5ab9-49c3-9363-42500c98ad1a: cophenetic index 31404; 5.0 s; peak memory 213 MiB.
2026-10-05T08:01:36Z INFO [456/3739] 4b4dcb57-d839-44a2-aa81-ee7c32327bf3: cophenetic index 30304; 1.8 s; peak memory 213 MiB.
2026-10-05T08:01:37Z INFO [457/3739] 4b4e9016-3513-48a8-95de-789061011861: cophenetic index 624; 0.9 s; peak memory 213 MiB.
2026-10-05T08:01:38Z INFO [458/3739] 4b4ed3fa-9435-4cb8-8a66-2de194862034: cophenetic index 649; 1.1 s; peak memory 213 MiB.
2026-10-05T08:01:39Z INFO [459/3739] 4b509b73-6552-46cf-9495-7eb089234462: cophenetic index 33986; 1.4 s; peak memory 213 MiB.
2026-10-05T08:01:40Z INFO [460/3739] 4b51cfbd-54be-4436-b543-fbfd9b944484: cophenetic index 579; 0.8 s; peak memory 213 MiB.
2026-10-05T08:01:41Z INFO [461/3739] 4b52398f-4f17-42ce-95fc-296008545715: cophenetic index 490; 0.9 s; peak memory 213 MiB.
2026-10-05T08:01:42Z INFO [462/3739] 4b527c42-7a7a-4c85-8dec-cc917e9e4f0f: cophenetic index 33968; 1.4 s; peak memory 213 MiB.
2026-10-05T08:01:43Z INFO [463/3739] 4b528cf4-9f48-436f-b0b3-bbb7e2b443b3: cophenetic index 494; 0.9 s; peak memory 213 MiB.
2026-10-05T08:01:54Z INFO [464/3739] 4b529a02-37b6-42c5-af1d-25ed7a22f45a: cophenetic index 196732; 10.5 s; peak memory 213 MiB.
2026-10-05T08:01:55Z INFO [465/3739] 4b53efce-d1b6-4234-9b73-180db4ce8115: cophenetic index 3087; 1.2 s; peak memory 213 MiB.
2026-10-05T08:01:56Z INFO [466/3739] 4b54fa50-ae9b-47fc-8962-74a3c3de5b4c: cophenetic index 624; 1.1 s; peak memory 213 MiB.
2026-10-05T08:01:57Z INFO [467/3739] 4b569eba-0178-4fd3-bfb7-ecf5c2af0ee5: cophenetic index 23866; 1.4 s; peak memory 213 MiB.
2026-10-05T08:01:58Z INFO [468/3739] 4b576e0b-98e9-4fa4-8800-52bfce5ab404: cophenetic index 649; 1.1 s; peak memory 213 MiB.
2026-10-05T08:01:59Z INFO [469/3739] 4b57d4da-2d3a-4158-8443-af390d639824: cophenetic index 739; 0.8 s; peak memory 213 MiB.
2026-10-05T08:02:05Z INFO [470/3739] 4b586d5f-8ec7-47ba-8d76-d1bb39aad1ae: cophenetic index 33285; 6.0 s; peak memory 213 MiB.
2026-10-05T08:02:08Z INFO [471/3739] 4b589d89-22de-419c-9866-0ddf97c456e0: cophenetic index 2402; 2.8 s; peak memory 213 MiB.
2026-10-05T08:02:11Z INFO [472/3739] 4b58da4b-f7f4-4f74-895a-42a4544f7d2a: cophenetic index 2391; 2.7 s; peak memory 213 MiB.
2026-10-05T08:02:12Z INFO [473/3739] 4b594a05-70e0-4944-ba7f-a179126a5fb3: cophenetic index 879; 1.8 s; peak memory 213 MiB.
2026-10-05T08:02:14Z INFO [474/3739] 4b597432-ed31-400d-8516-603b343900cb: cophenetic index 624; 1.1 s; peak memory 213 MiB.
2026-10-05T08:02:15Z INFO [475/3739] 4b59fa98-cd1d-4717-be1e-f75588cc6633: cophenetic index 797; 1.7 s; peak memory 213 MiB.
2026-10-05T08:02:16Z INFO [476/3739] 4b5a4f6b-60cb-4dbc-99bf-fc811dd2ecbd: cophenetic index 590; 1.1 s; peak memory 213 MiB.
2026-10-05T08:02:17Z INFO [477/3739] 4b5aaddc-68de-4c2b-afb4-fe05846048fa: cophenetic index 490; 0.9 s; peak memory 213 MiB.
2026-10-05T08:02:19Z INFO [478/3739] 4b5ac0f8-519c-4131-a30b-bf35ec4dac0f: cophenetic index 2625; 1.8 s; peak memory 213 MiB.
2026-10-05T08:02:20Z INFO [479/3739] 4b5d7bb8-7a57-4701-87c8-15bc59605727: cophenetic index 624; 1.1 s; peak memory 213 MiB.
2026-10-05T08:02:21Z INFO [480/3739] 4b5e77e8-b437-40f0-b193-c82aab8b8d6c: cophenetic index 624; 1.0 s; peak memory 213 MiB.
2026-10-05T08:02:32Z INFO [481/3739] 4b5ed2e3-17a0-4cdb-9878-461f3a74e86b: cophenetic index 221577; 11.1 s; peak memory 213 MiB.
2026-10-05T08:02:34Z INFO [482/3739] 4b5f1884-31fc-4cd1-a4fd-bed3754ac935: cophenetic index 1975; 1.4 s; peak memory 213 MiB.
2026-10-05T08:02:35Z INFO [483/3739] 4b5f5313-92b4-4468-bc44-5e98a44ec8f2: cophenetic index 690; 0.9 s; peak memory 213 MiB.
2026-10-05T08:02:35Z INFO [484/3739] 4b5f8ae0-bec5-4f8e-a43e-0f38c5704c5d: cophenetic index 579; 0.7 s; peak memory 213 MiB.
2026-10-05T08:02:36Z INFO [485/3739] 4b60c4ce-2928-4f03-8389-9e19eb881c08: cophenetic index 3057; 1.2 s; peak memory 213 MiB.
2026-10-05T08:02:37Z INFO [486/3739] 4b6129bd-e826-4df3-8992-e5bb0ba7fa3e: cophenetic index 624; 1.0 s; peak memory 213 MiB.
2026-10-05T08:02:39Z INFO [487/3739] 4b62279d-9c16-441b-9168-d10448f2da97: cophenetic index 2682; 2.0 s; peak memory 213 MiB.
2026-10-05T08:02:41Z INFO [488/3739] 4b6267ed-06fd-4b90-ac72-17ba00adb745: cophenetic index 23200; 1.6 s; peak memory 213 MiB.
2026-10-05T08:02:43Z INFO [489/3739] 4b629cec-6f6f-44a2-ba40-1941f058f8fe: cophenetic index 901; 1.9 s; peak memory 213 MiB.
2026-10-05T08:02:44Z INFO [490/3739] 4b62a943-a59b-4957-ab2e-64d25a31437b: cophenetic index 1087; 1.4 s; peak memory 213 MiB.
2026-10-05T08:02:46Z INFO [491/3739] 4b62e75f-b74f-4ab9-b418-baa88b2f2f65: cophenetic index 937; 1.3 s; peak memory 213 MiB.
2026-10-05T08:04:48Z INFO [492/3739] 4b631caa-d2ca-4399-9e0e-9e1c1c5c7985: cophenetic index 36030552; 122.8 s; peak memory 377 MiB.
2026-10-05T08:04:50Z INFO [493/3739] 4b632da2-86ee-4097-b29e-b33f941e41e2: cophenetic index 624; 1.1 s; peak memory 377 MiB.
2026-10-05T08:04:55Z INFO [494/3739] 4b63623b-a3ab-4a50-99a1-cee3dd88be18: cophenetic index 46463; 5.9 s; peak memory 377 MiB.
2026-10-05T08:04:58Z INFO [495/3739] 4b6376a3-10f7-494b-a529-0458426fd6d2: cophenetic index 33998; 2.3 s; peak memory 377 MiB.
2026-10-05T08:04:59Z INFO [496/3739] 4b63c409-da83-48ed-84b6-105952c2b5fc: cophenetic index 624; 1.2 s; peak memory 377 MiB.
2026-10-05T08:05:02Z INFO [497/3739] 4b64b824-38a5-4287-bc43-f147ae707202: cophenetic index 2391; 2.8 s; peak memory 377 MiB.
2026-10-05T08:05:03Z INFO [498/3739] 4b652237-547d-448e-b4bb-c973c5c47f7a: cophenetic index 3087; 1.3 s; peak memory 377 MiB.
2026-10-05T08:05:13Z INFO [499/3739] 4b6523e7-df92-409b-8033-89cf973beaf5: cophenetic index 180407; 9.9 s; peak memory 377 MiB.
2026-10-05T08:05:14Z INFO [500/3739] 4b65cb0e-6779-4573-acdb-28e63c8b33cc: cophenetic index 624; 1.1 s; peak memory 377 MiB.
2026-10-05T08:05:14Z INFO [500/3739] 4b65cb0e-6779-4573-acdb-28e63c8b33cc: checkpointed 83225 records.
2026-10-05T08:05:15Z INFO [501/3739] 4b6613da-72aa-419f-9c43-a9e75eb0d287: cophenetic index 729; 0.8 s; peak memory 377 MiB.
2026-10-05T08:05:21Z INFO [502/3739] 4b667c2d-4f2e-4987-878a-2ae4b4c1164f: cophenetic index 45533; 6.6 s; peak memory 377 MiB.
2026-10-05T08:05:23Z INFO [503/3739] 4b66f83a-482b-43a2-bcaf-47b54c79f720: cophenetic index 3087; 1.4 s; peak memory 377 MiB.
2026-10-05T08:05:24Z INFO [504/3739] 4b673bc0-1ea5-4231-846d-d3b4e8c51a90: cophenetic index 2570; 1.6 s; peak memory 377 MiB.
2026-10-05T08:05:26Z INFO [505/3739] 4b674e92-a1ce-4313-bdaa-9959a20f9d84: cophenetic index 624; 1.1 s; peak memory 377 MiB.
2026-10-05T08:05:26Z INFO [506/3739] 4b67e8ee-f91d-4a4c-9720-4dd92e56dec6: cophenetic index 401; 0.8 s; peak memory 377 MiB.
2026-10-05T08:05:30Z INFO [507/3739] 4b685978-2521-4a9b-b9c0-507e6b562f67: cophenetic index 2027; 3.9 s; peak memory 377 MiB.
2026-10-05T08:05:38Z INFO [508/3739] 4b6942b8-390a-43d2-a588-fa69a014c8ee: cophenetic index 85253; 7.5 s; peak memory 377 MiB.
2026-10-05T08:05:39Z INFO [509/3739] 4b69b9dd-7794-45f1-87cc-9e6213036ca2: cophenetic index 560; 0.9 s; peak memory 377 MiB.
2026-10-05T08:05:40Z INFO [510/3739] 4b69d5cb-13f9-429c-9725-4cc9586ab346: cophenetic index 466; 1.2 s; peak memory 377 MiB.
2026-10-05T08:05:41Z INFO [511/3739] 4b69eb8b-3094-4484-809e-ef654b10cfb7: cophenetic index 3004; 1.2 s; peak memory 377 MiB.
2026-10-05T08:05:42Z INFO [512/3739] 4b6b4680-957e-494c-91ad-919a9ea8be9a: cophenetic index 3004; 1.2 s; peak memory 377 MiB.
2026-10-05T08:05:44Z INFO [513/3739] 4b6bd01e-f173-4a4a-ad59-1e07a9dc4333: cophenetic index 581; 1.5 s; peak memory 377 MiB.
2026-10-05T08:05:45Z INFO [514/3739] 4b6c80c4-945c-4541-b675-0060aca6d6b0: cophenetic index 1949; 1.0 s; peak memory 377 MiB.
2026-10-05T08:05:46Z INFO [515/3739] 4b6d4b8e-e5bc-4541-99dd-c08450947fb4: cophenetic index 3087; 1.2 s; peak memory 377 MiB.
2026-10-05T08:05:48Z INFO [516/3739] 4b6e6637-9275-4c32-a0a3-26a7193d0e55: cophenetic index 2701; 1.5 s; peak memory 377 MiB.
2026-10-05T08:09:21Z INFO [517/3739] 4b6f2ab9-d880-4907-a124-35c7d8b6518f: cophenetic index 43240802; 213.6 s; peak memory 489 MiB.
2026-10-05T08:09:23Z INFO [518/3739] 4b6f57a6-b124-4b47-b920-8c317de6155c: cophenetic index 2625; 1.8 s; peak memory 489 MiB.
2026-10-05T08:09:24Z INFO [519/3739] 4b6f801e-c187-4ddd-9f8a-f0554b20e438: cophenetic index 33986; 1.4 s; peak memory 489 MiB.
2026-10-05T08:09:26Z INFO [520/3739] 4b6fef40-e515-486a-9cd1-e2171f970185: cophenetic index 2974; 1.2 s; peak memory 489 MiB.
2026-10-05T08:09:28Z INFO [521/3739] 4b706a77-dc5c-450e-97a5-601aa4c6a724: cophenetic index 2682; 2.3 s; peak memory 489 MiB.
2026-10-05T08:09:29Z INFO [522/3739] 4b70edc2-8f6f-44fb-bbc0-f0ef0f06971f: cophenetic index 624; 1.1 s; peak memory 489 MiB.
2026-10-05T08:09:30Z INFO [523/3739] 4b714b04-4e6a-4e3b-adf4-fd31ea5bb10d: cophenetic index 1087; 1.6 s; peak memory 489 MiB.
2026-10-05T08:09:32Z INFO [524/3739] 4b728d60-5e30-4fea-b12b-2f576eee308d: cophenetic index 2923; 1.2 s; peak memory 489 MiB.
2026-10-05T08:09:33Z INFO [525/3739] 4b72ff80-9d74-4669-83c9-bf6696bf474c: cophenetic index 624; 1.0 s; peak memory 489 MiB.
2026-10-05T08:09:34Z INFO [526/3739] 4b7346d5-34e5-4795-a3f6-1937188080d5: cophenetic index 3087; 1.2 s; peak memory 489 MiB.
2026-10-05T08:09:44Z INFO [527/3739] 4b73bc2a-0b8c-4d5b-b728-b5b2794aaf7d: cophenetic index 34862; 10.1 s; peak memory 489 MiB.
2026-10-05T08:10:00Z INFO [528/3739] 4b74d91c-4db5-483d-946d-e816c1c856e8: cophenetic index 973276; 15.9 s; peak memory 489 MiB.
2026-10-05T08:10:01Z INFO [529/3739] 4b74fe76-d56a-4bed-a2db-9b3a52211a34: cophenetic index 690; 1.0 s; peak memory 489 MiB.
2026-10-05T08:10:07Z INFO [530/3739] 4b750279-4b3f-4de4-a2dc-bd126f41b0b6: cophenetic index 42959; 5.9 s; peak memory 489 MiB.
2026-10-05T08:10:20Z INFO [531/3739] 4b7642f3-6b89-4ec3-bc75-53c48837c77e: cophenetic index 976089; 13.4 s; peak memory 489 MiB.
2026-10-05T08:10:21Z INFO [532/3739] 4b774bd3-fa2a-4691-bbc7-511a9cca1f75: cophenetic index 579; 0.9 s; peak memory 489 MiB.
2026-10-05T08:10:23Z INFO [533/3739] 4b784159-ce45-4256-ac9c-8a69e15e8e02: cophenetic index 33986; 1.5 s; peak memory 489 MiB.
2026-10-05T08:10:24Z INFO [534/3739] 4b797b5d-ff35-4bcc-9b55-263ad4388efe: cophenetic index 23975; 1.3 s; peak memory 489 MiB.
2026-10-05T08:10:26Z INFO [535/3739] 4b798800-2491-4774-8076-9fc5a2a27f5a: cophenetic index 99120; 1.8 s; peak memory 489 MiB.
2026-10-05T08:10:27Z INFO [536/3739] 4b7a1d31-a1d8-447b-8347-859d28fbc79a: cophenetic index 3004; 1.2 s; peak memory 489 MiB.
2026-10-05T08:10:28Z INFO [537/3739] 4b7a4675-f591-4f89-8c82-9c683dca118a: cophenetic index 3004; 1.4 s; peak memory 489 MiB.
2026-10-05T08:10:29Z INFO [538/3739] 4b7b6c5f-3c91-4076-ab58-c0c9c6b11797: cophenetic index 624; 0.9 s; peak memory 489 MiB.
2026-10-05T08:10:30Z INFO [539/3739] 4b7ba62d-0aaa-4371-b73e-63dc66a59d20: cophenetic index 624; 1.0 s; peak memory 489 MiB.
2026-10-05T08:10:31Z INFO [540/3739] 4b7be82d-3a02-4aa7-a604-a1968fecaebf: cophenetic index 374; 0.9 s; peak memory 489 MiB.
2026-10-05T08:10:32Z INFO [541/3739] 4b7bf5cf-e7a5-4f7c-946a-c6586b1ce8d4: cophenetic index 690; 1.0 s; peak memory 489 MiB.
2026-10-05T08:10:33Z INFO [542/3739] 4b7c11fd-6cdc-4f59-9300-ccdc161ed413: cophenetic index 651; 0.7 s; peak memory 489 MiB.
2026-10-05T08:10:34Z INFO [543/3739] 4b7c9a7f-31a2-47e7-8246-148b8f60018e: cophenetic index 490; 1.0 s; peak memory 489 MiB.
2026-10-05T08:10:35Z INFO [544/3739] 4b7d6061-96c6-4e10-a472-2ddb810b837f: cophenetic index 1504; 1.1 s; peak memory 489 MiB.
2026-10-05T08:10:36Z INFO [545/3739] 4b7d81c6-ee96-4ce7-b9af-4c747900fd62: cophenetic index 3004; 1.4 s; peak memory 489 MiB.
2026-10-05T08:10:44Z INFO [546/3739] 4b7d9a63-b698-4342-aa62-28e2a22e744b: cophenetic index 14699; 7.7 s; peak memory 489 MiB.
2026-10-05T08:10:45Z INFO [547/3739] 4b7ec209-b3e5-499d-a5f9-57b4e8355fde: cophenetic index 624; 1.2 s; peak memory 489 MiB.
2026-10-05T08:10:46Z INFO [548/3739] 4b7f82c3-3e65-44d9-8f62-22497c9c171a: cophenetic index 431; 1.3 s; peak memory 489 MiB.
2026-10-05T08:10:47Z INFO [549/3739] 4b7f9f98-a48d-4b1f-b9a6-a9a6f5fe2efa: cophenetic index 624; 1.0 s; peak memory 489 MiB.
2026-10-05T08:10:49Z INFO [550/3739] 4b7fffd3-3592-402b-af07-e4c4ce338d1f: cophenetic index 33986; 1.3 s; peak memory 489 MiB.
2026-10-05T08:10:49Z INFO [550/3739] 4b7fffd3-3592-402b-af07-e4c4ce338d1f: checkpointed 83275 records.
2026-10-05T08:10:50Z INFO [551/3739] 4b806242-9497-4b9e-a8bc-31200fff7768: cophenetic index 624; 1.1 s; peak memory 489 MiB.
2026-10-05T08:10:51Z INFO [552/3739] 4b8095dd-d633-44dd-aba7-d53acb99abad: cophenetic index 624; 1.1 s; peak memory 489 MiB.
2026-10-05T08:11:21Z INFO [553/3739] 4b80bffd-1951-4f19-af49-c73cbc35c0ac: cophenetic index 2263442; 29.8 s; peak memory 489 MiB.
2026-10-05T08:11:31Z INFO [554/3739] 4b8287bc-ee5b-49c6-8993-d1d48fe63ff3: cophenetic index 259753; 9.8 s; peak memory 489 MiB.
2026-10-05T08:11:32Z INFO [555/3739] 4b832a02-c64b-4a5e-861f-686887dd1775: cophenetic index 624; 1.0 s; peak memory 489 MiB.
2026-10-05T08:11:33Z INFO [556/3739] 4b83d6bb-aff0-43c4-9052-6cedde3cdb6d: cophenetic index 431; 1.0 s; peak memory 489 MiB.
2026-10-05T08:11:33Z INFO [557/3739] 4b841537-0b46-4e76-afbf-83fd8cd15b63: cophenetic index 490; 0.6 s; peak memory 489 MiB.
2026-10-05T08:11:35Z INFO [558/3739] 4b857ec0-fd90-41ab-830f-27b90c840966: cophenetic index 2701; 1.6 s; peak memory 489 MiB.
2026-10-05T08:11:36Z INFO [559/3739] 4b85a350-6e84-439c-853e-d63363c2a54a: cophenetic index 649; 1.1 s; peak memory 489 MiB.
2026-10-05T08:11:37Z INFO [560/3739] 4b883ebf-bc4a-4161-a89f-2ff252761532: cophenetic index 624; 1.0 s; peak memory 489 MiB.
2026-10-05T08:11:38Z INFO [561/3739] 4b88a68f-93df-4532-a97f-8d0ff3507371: cophenetic index 624; 1.2 s; peak memory 489 MiB.
2026-10-05T08:11:39Z INFO [562/3739] 4b88e7ab-224b-439d-8e6d-822fe280c3bd: cophenetic index 446; 0.9 s; peak memory 489 MiB.
2026-10-05T08:11:41Z INFO [563/3739] 4b8951f1-8733-45f8-a50f-7faa502f7868: cophenetic index 36474; 2.4 s; peak memory 489 MiB.
2026-10-05T08:11:42Z INFO [564/3739] 4b897749-ff7d-47ab-b61d-40975e1f35ee: cophenetic index 490; 0.7 s; peak memory 489 MiB.
2026-10-05T08:11:45Z INFO [565/3739] 4b899874-354b-42ec-bd29-e4b550e2f79a: cophenetic index 2402; 2.6 s; peak memory 489 MiB.
2026-10-05T08:11:46Z INFO [566/3739] 4b89d0d1-9a23-4392-b22e-a19c9f98face: cophenetic index 1949; 1.2 s; peak memory 489 MiB.
2026-10-05T08:12:39Z INFO [567/3739] 4b8a7d1b-62a8-430d-9d6a-641f5f6aac81: cophenetic index 32700272; 52.8 s; peak memory 489 MiB.
2026-10-05T08:12:42Z INFO [568/3739] 4b8b5f52-09ff-4dd2-bc39-67c4eaa97d21: cophenetic index 2236; 3.6 s; peak memory 489 MiB.
2026-10-05T08:12:52Z INFO [569/3739] 4b8c497d-2ac8-41b2-ad5a-3553aba8d33e: cophenetic index 191022; 9.3 s; peak memory 489 MiB.
2026-10-05T08:12:53Z INFO [570/3739] 4b8e161c-4e6c-49e8-bd58-2e8c7851ac93: cophenetic index 2625; 1.5 s; peak memory 489 MiB.
2026-10-05T08:12:59Z INFO [571/3739] 4b8e1c13-89a4-4213-af04-c6d1e267d5a2: cophenetic index 9548; 5.3 s; peak memory 489 MiB.
2026-10-05T08:13:01Z INFO [572/3739] 4b8e2063-3b6b-4187-ae06-2bee304f7541: cophenetic index 3571; 2.6 s; peak memory 489 MiB.
2026-10-05T08:13:13Z INFO [573/3739] 4b8fa507-0209-40b6-967a-8a94832b6a67: cophenetic index 33902; 11.8 s; peak memory 489 MiB.
2026-10-05T08:13:14Z INFO [574/3739] 4b8fbb6d-f079-4c8c-9a50-7fb53c0692ea: cophenetic index 6100; 1.5 s; peak memory 489 MiB.
2026-10-05T08:13:18Z INFO [575/3739] 4b90454d-78c8-4125-a2c1-ea7ae480c3fd: cophenetic index 4015; 3.2 s; peak memory 489 MiB.
2026-10-05T08:13:19Z INFO [576/3739] 4b923da9-4aa3-4ea5-be85-0e49cab4f4ae: cophenetic index 624; 1.0 s; peak memory 489 MiB.
2026-10-05T08:13:21Z INFO [577/3739] 4b93732b-965c-4b0a-8c0e-01684df79fee: cophenetic index 33998; 2.3 s; peak memory 489 MiB.
2026-10-05T08:13:27Z INFO [578/3739] 4b9468dd-c1ea-4be5-a4c2-249cc45fdda4: cophenetic index 87401; 5.6 s; peak memory 489 MiB.
2026-10-05T08:13:27Z INFO [579/3739] 4b9626b4-bc02-4f2d-8720-7c45a8d1b7b9: cophenetic index 651; 0.8 s; peak memory 489 MiB.
2026-10-05T08:13:29Z INFO [580/3739] 4b9695fe-7ee8-4344-a58a-f9d1d3ff21a0: cophenetic index 2551; 1.6 s; peak memory 489 MiB.
2026-10-05T08:13:31Z INFO [581/3739] 4b96bd1e-c0c0-443f-a871-aaf08e65bc5c: cophenetic index 33998; 1.9 s; peak memory 489 MiB.
2026-10-05T08:13:37Z INFO [582/3739] 4b979f1f-72a2-4513-8940-447c671da600: cophenetic index 87573; 6.3 s; peak memory 489 MiB.
2026-10-05T08:13:45Z INFO [583/3739] 4b97f275-db60-46f5-8064-6d4a1fec4054: cophenetic index 87573; 7.3 s; peak memory 489 MiB.
2026-10-05T08:13:46Z INFO [584/3739] 4b985324-968c-4cee-8dd5-9bbf2d448169: cophenetic index 99120; 1.6 s; peak memory 489 MiB.
2026-10-05T08:13:47Z INFO [585/3739] 4b98b35b-6c63-4da4-bbeb-2d3e279c9d1c: cophenetic index 490; 0.8 s; peak memory 489 MiB.
2026-10-05T08:13:48Z INFO [586/3739] 4b98b720-696d-43d5-879a-7c2eb6fdd881: cophenetic index 431; 1.1 s; peak memory 489 MiB.
2026-10-05T08:13:54Z INFO [587/3739] 4b995d60-e583-4f19-9b25-ac3fc965e1c7: cophenetic index 59053; 6.1 s; peak memory 489 MiB.
2026-10-05T08:13:55Z INFO [588/3739] 4b99f50b-4c34-4b4a-803f-0d80e9b18c07: cophenetic index 624; 1.1 s; peak memory 489 MiB.
2026-10-05T08:13:57Z INFO [589/3739] 4b9a102a-15e7-407d-92e4-d202b21325c7: cophenetic index 2625; 1.5 s; peak memory 489 MiB.
2026-10-05T08:13:58Z INFO [590/3739] 4b9ab864-c2a5-4b0d-b4f0-bd43fdd1b603: cophenetic index 624; 0.9 s; peak memory 489 MiB.
2026-10-05T08:13:59Z INFO [591/3739] 4b9ad317-a33e-4ef5-8225-f36bc9ae722f: cophenetic index 2859; 1.1 s; peak memory 489 MiB.
2026-10-05T08:14:00Z INFO [592/3739] 4b9b47bf-d7ae-48c4-b010-76b263dcfd1b: cophenetic index 2654; 1.6 s; peak memory 489 MiB.
2026-10-05T08:14:01Z INFO [593/3739] 4b9b9443-cbe4-41bc-b377-e58b9ad0d995: cophenetic index 490; 0.7 s; peak memory 489 MiB.
2026-10-05T08:14:05Z INFO [594/3739] 4b9c07eb-2fa0-4a15-b513-86970f6edde8: cophenetic index 5473; 3.3 s; peak memory 489 MiB.
2026-10-05T08:14:06Z INFO [595/3739] 4b9c48fc-41f7-456f-9bed-e944fb3c97ba: cophenetic index 1087; 1.4 s; peak memory 489 MiB.
2026-10-05T08:14:07Z INFO [596/3739] 4b9cf41e-aabc-42d4-9a85-243cfe188a87: cophenetic index 490; 0.9 s; peak memory 489 MiB.
2026-10-05T08:14:13Z INFO [597/3739] 4b9d3870-f5bc-4427-a0bb-683df8321f6c: cophenetic index 61314; 5.9 s; peak memory 489 MiB.
2026-10-05T08:14:15Z INFO [598/3739] 4b9d7c2b-1057-443f-9d1d-16a037c8093e: cophenetic index 2609; 2.3 s; peak memory 489 MiB.
2026-10-05T08:14:16Z INFO [599/3739] 4b9d94d1-bb75-4615-8bfe-1b1a3fcf181d: cophenetic index 624; 1.1 s; peak memory 489 MiB.
2026-10-05T08:14:25Z INFO [600/3739] 4b9e3350-70c6-40da-8993-2e8c01026030: cophenetic index 496438; 8.8 s; peak memory 489 MiB.
2026-10-05T08:14:25Z INFO [600/3739] 4b9e3350-70c6-40da-8993-2e8c01026030: checkpointed 83325 records.
2026-10-05T08:14:26Z INFO [601/3739] 4b9e3e11-737a-4c14-9ed0-4936937a5ea1: cophenetic index 2625; 1.2 s; peak memory 489 MiB.
2026-10-05T08:14:41Z INFO [602/3739] 4b9e4311-ab03-44cc-8cf5-c48ae1af5678: cophenetic index 112305; 14.8 s; peak memory 489 MiB.
2026-10-05T08:14:43Z INFO [603/3739] 4b9f9b99-d69f-4d35-af07-d0172702d2dc: cophenetic index 2880; 2.3 s; peak memory 489 MiB.
2026-10-05T08:14:44Z INFO [604/3739] 4b9fca0e-d56d-4655-9829-ab7c9bfb4506: cophenetic index 624; 1.1 s; peak memory 489 MiB.
2026-10-05T08:14:47Z INFO [605/3739] 4b9ff4dd-5615-4463-bf6c-ccd342ae1af8: cophenetic index 99150; 2.4 s; peak memory 489 MiB.
2026-10-05T08:14:48Z INFO [606/3739] 4ba1a897-4e90-44ab-858c-596b97278f6f: cophenetic index 431; 1.5 s; peak memory 489 MiB.
2026-10-05T08:14:55Z INFO [607/3739] 4ba2355e-6644-4289-a5c9-6f8486369f13: cophenetic index 50544; 6.5 s; peak memory 489 MiB.
2026-10-05T08:15:04Z INFO [608/3739] 4ba577ee-c6ce-497d-bbaf-1290dea0f2f6: cophenetic index 174446; 9.4 s; peak memory 489 MiB.
2026-10-05T08:15:06Z INFO [609/3739] 4ba632f8-d11b-491e-826b-240da1cc29ec: cophenetic index 3004; 1.5 s; peak memory 489 MiB.
2026-10-05T08:15:07Z INFO [610/3739] 4ba64c36-d8aa-4502-9481-3b102fa19615: cophenetic index 624; 1.1 s; peak memory 489 MiB.
2026-10-05T08:15:15Z INFO [611/3739] 4ba6f165-f73c-425c-8f34-3874e21589a6: cophenetic index 116505; 7.8 s; peak memory 489 MiB.
2026-10-05T08:15:16Z INFO [612/3739] 4ba728c3-160c-46eb-93fb-a74feb0ae9b4: cophenetic index 649; 1.2 s; peak memory 489 MiB.
2026-10-05T08:15:17Z INFO [613/3739] 4ba72d40-6318-4852-84cf-9c06f4434b0b: cophenetic index 33962; 1.5 s; peak memory 489 MiB.
2026-10-05T08:15:18Z INFO [614/3739] 4ba7edeb-de01-4b29-b9f8-4e0bc750e269: cophenetic index 624; 1.0 s; peak memory 489 MiB.
2026-10-05T08:15:20Z INFO [615/3739] 4ba7efbe-5e15-48db-8577-4a29b2293ed7: cophenetic index 3004; 1.3 s; peak memory 489 MiB.
2026-10-05T08:15:21Z INFO [616/3739] 4ba801f9-ec6e-4b61-a04d-dabc5894265a: cophenetic index 3004; 1.2 s; peak memory 489 MiB.
2026-10-05T08:15:22Z INFO [617/3739] 4ba836b5-39be-4d2a-afe8-eb90822b0fbc: cophenetic index 3004; 1.2 s; peak memory 489 MiB.
2026-10-05T08:15:23Z INFO [618/3739] 4ba83c0f-7eaf-4dd9-9287-fbf3020fb2bb: cophenetic index 432; 1.1 s; peak memory 489 MiB.
2026-10-05T08:15:25Z INFO [619/3739] 4ba8a44e-37ef-4bc2-9534-ee60f442b124: cophenetic index 1751; 1.8 s; peak memory 489 MiB.
2026-10-05T08:15:26Z INFO [620/3739] 4ba91e9c-a84d-4cf2-91ec-bfc31736ff38: cophenetic index 448; 1.2 s; peak memory 489 MiB.
2026-10-05T08:15:28Z INFO [621/3739] 4ba94771-29ab-4413-8ce2-6cf348dc17c5: cophenetic index 972; 1.8 s; peak memory 489 MiB.
2026-10-05T08:15:29Z INFO [622/3739] 4ba94c64-25de-4c54-ae10-4e9fe1e0273a: cophenetic index 486; 1.1 s; peak memory 489 MiB.
2026-10-05T08:15:30Z INFO [623/3739] 4ba967aa-2fbd-4b4b-bd5a-cfcecec4b43a: cophenetic index 723; 0.9 s; peak memory 489 MiB.
2026-10-05T08:15:32Z INFO [624/3739] 4ba9cb5a-97ff-4307-8407-126b8c32a32a: cophenetic index 3045; 2.1 s; peak memory 489 MiB.
2026-10-05T08:15:33Z INFO [625/3739] 4bab271a-07a1-44d9-8f3f-549d11ed21e4: cophenetic index 643; 0.8 s; peak memory 489 MiB.
2026-10-05T08:15:39Z INFO [626/3739] 4babaa19-8af5-4b9b-830e-c407cb5be5ca: cophenetic index 5466; 5.9 s; peak memory 489 MiB.
2026-10-05T08:15:40Z INFO [627/3739] 4babb921-8939-4bd8-bcf2-bac0d814f2d3: cophenetic index 3004; 1.5 s; peak memory 489 MiB.
2026-10-05T08:15:47Z INFO [628/3739] 4bac6914-b4dc-4dac-ba9d-3e3f5aba989b: cophenetic index 9548; 6.2 s; peak memory 489 MiB.
2026-10-05T08:15:48Z INFO [629/3739] 4baf6c9d-979a-4029-adbb-41ac156e0395: cophenetic index 2625; 1.7 s; peak memory 489 MiB.
2026-10-05T08:15:56Z INFO [630/3739] 4baffe42-9b47-42d1-b7ec-e35ac98c139e: cophenetic index 33579; 7.6 s; peak memory 489 MiB.
2026-10-05T08:15:57Z INFO [631/3739] 4bb09c8e-730a-41af-81f2-a54545c2f7b8: cophenetic index 34170; 1.4 s; peak memory 489 MiB.
2026-10-05T08:15:59Z INFO [632/3739] 4bb0f117-2ea9-4d24-bdd3-7012f9b29b3d: cophenetic index 2625; 1.8 s; peak memory 489 MiB.
2026-10-05T08:16:00Z INFO [633/3739] 4bb10829-f6e9-4120-9863-ca97dcc6bf44: cophenetic index 624; 1.2 s; peak memory 489 MiB.
2026-10-05T08:16:02Z INFO [634/3739] 4bb12315-c245-44c7-9821-bd884ac6707e: cophenetic index 3004; 1.3 s; peak memory 489 MiB.
2026-10-05T08:16:03Z INFO [635/3739] 4bb1bde2-7c1d-4c14-93dd-aaf6f216e282: cophenetic index 624; 1.2 s; peak memory 489 MiB.
2026-10-05T08:16:06Z INFO [636/3739] 4bb32538-1684-4ef3-9221-4a85f245d1bf: cophenetic index 2236; 3.2 s; peak memory 489 MiB.
2026-10-05T08:16:12Z INFO [637/3739] 4bb5b30e-2417-4a82-95cd-d4aebeaa0b49: cophenetic index 5466; 6.2 s; peak memory 489 MiB.
2026-10-05T08:16:13Z INFO [638/3739] 4bb5db2f-3751-47e2-b77d-c84a4846a3a0: cophenetic index 937; 1.4 s; peak memory 489 MiB.
2026-10-05T08:16:14Z INFO [639/3739] 4bb63c48-ea81-4b3d-b232-68cadf07c27d: cophenetic index 490; 0.7 s; peak memory 489 MiB.
2026-10-05T08:16:16Z INFO [640/3739] 4bb72e63-33af-42cd-8d66-690ad019853a: cophenetic index 2625; 1.9 s; peak memory 489 MiB.
2026-10-05T08:16:17Z INFO [641/3739] 4bb73966-8fe9-45c9-81e7-a7a27a98dae9: cophenetic index 490; 0.8 s; peak memory 489 MiB.
2026-10-05T08:16:27Z INFO [642/3739] 4bb7404b-bd1c-4f68-872d-112e057c27d3: cophenetic index 21815; 10.5 s; peak memory 489 MiB.
2026-10-05T08:16:29Z INFO [643/3739] 4bb75aad-e8bb-4f24-88bf-ce3d0b6297cc: cophenetic index 1949; 1.3 s; peak memory 489 MiB.
2026-10-05T08:16:31Z INFO [644/3739] 4bb8307e-d3de-4b2f-b80d-a96c54dacf5a: cophenetic index 972; 1.8 s; peak memory 489 MiB.
2026-10-05T08:16:32Z INFO [645/3739] 4bb87237-1ba0-4c69-ac38-0d755efff567: cophenetic index 624; 1.0 s; peak memory 489 MiB.
2026-10-05T08:16:34Z INFO [646/3739] 4bb92a63-9a9b-4ab7-9345-a2ea07ffbc96: cophenetic index 99150; 2.0 s; peak memory 489 MiB.
2026-10-05T08:16:35Z INFO [647/3739] 4bba847c-bc4c-4140-ab6f-ede206740ebf: cophenetic index 833; 1.8 s; peak memory 489 MiB.
2026-10-05T08:16:37Z INFO [648/3739] 4bbad0e8-8eb7-4259-b459-4ee6653b0909: cophenetic index 2625; 1.4 s; peak memory 489 MiB.
2026-10-05T08:16:38Z INFO [649/3739] 4bbad7f5-8cd5-4664-9b38-b5a86e86dbff: cophenetic index 3004; 1.3 s; peak memory 489 MiB.
2026-10-05T08:16:39Z INFO [650/3739] 4bbb6400-23bc-4750-ba84-d8de5875d7be: cophenetic index 3004; 1.2 s; peak memory 489 MiB.
2026-10-05T08:16:39Z INFO [650/3739] 4bbb6400-23bc-4750-ba84-d8de5875d7be: checkpointed 83375 records.
2026-10-05T08:16:40Z INFO [651/3739] 4bbb895c-dce0-4544-8a1d-b454395a6a90: cophenetic index 579; 0.8 s; peak memory 489 MiB.
2026-10-05T08:16:41Z INFO [652/3739] 4bbb9264-9e89-4871-8e1b-41f06217ef9d: cophenetic index 624; 1.0 s; peak memory 489 MiB.
2026-10-05T08:16:42Z INFO [653/3739] 4bbc08b5-17f7-45a0-99e6-15b174a3e15f: cophenetic index 3087; 1.3 s; peak memory 489 MiB.
2026-10-05T08:16:44Z INFO [654/3739] 4bbc959f-436e-4cba-abe7-65f40db7078e: cophenetic index 2974; 1.2 s; peak memory 489 MiB.
2026-10-05T08:17:03Z INFO [655/3739] 4bbce1ac-1a91-4cf0-b1b3-1eedb58219c8: cophenetic index 42755; 19.0 s; peak memory 489 MiB.
2026-10-05T08:17:04Z INFO [656/3739] 4bbd0d02-7a99-4049-afdb-a2384d594c3c: cophenetic index 624; 1.2 s; peak memory 489 MiB.
2026-10-05T08:17:07Z INFO [657/3739] 4bbd86cd-a56e-4be1-8ce2-c1484a33a95a: cophenetic index 5473; 3.6 s; peak memory 489 MiB.
2026-10-05T08:17:09Z INFO [658/3739] 4bbda70d-6c51-4818-9393-cf7f056ec5b4: cophenetic index 3004; 1.2 s; peak memory 489 MiB.
2026-10-05T08:17:10Z INFO [659/3739] 4bbf4fae-4a81-4ea4-8515-4e7d7ede3b73: cophenetic index 624; 1.0 s; peak memory 489 MiB.
2026-10-05T08:17:11Z INFO [660/3739] 4bbf83c4-10f4-4d4f-9f00-5eb540384d1a: cophenetic index 2923; 1.2 s; peak memory 489 MiB.
2026-10-05T08:17:13Z INFO [661/3739] 4bc04951-6260-4dd8-8b58-9dd6dd897858: cophenetic index 2391; 2.7 s; peak memory 489 MiB.
2026-10-05T08:17:15Z INFO [662/3739] 4bc0e8f4-d5b9-4f9c-8e13-42d7bd326753: cophenetic index 624; 1.2 s; peak memory 489 MiB.
2026-10-05T08:17:17Z INFO [663/3739] 4bc0ebbb-c6b0-4a10-bc5f-c88fa69d3532: cophenetic index 2636; 1.9 s; peak memory 489 MiB.
2026-10-05T08:17:17Z INFO [664/3739] 4bc11a73-2f70-4717-a264-e24f9cae6c4b: cophenetic index 1228; 0.9 s; peak memory 489 MiB.
2026-10-05T08:17:19Z INFO [665/3739] 4bc15e74-bdeb-4b16-b57d-12870f1673ee: cophenetic index 3087; 1.3 s; peak memory 489 MiB.
2026-10-05T08:17:21Z INFO [666/3739] 4bc1af55-4bbe-4e6f-8798-3b97475bd979: cophenetic index 33998; 2.0 s; peak memory 489 MiB.
2026-10-05T08:17:22Z INFO [667/3739] 4bc2daf5-8703-4676-ae7c-d6e9346afd94: cophenetic index 624; 1.2 s; peak memory 489 MiB.
2026-10-05T08:17:32Z INFO [668/3739] 4bc321bf-8063-4ab2-b60d-1c362b4e8bbe: cophenetic index 95586; 10.4 s; peak memory 489 MiB.
2026-10-05T08:17:34Z INFO [669/3739] 4bc3fe8d-b16c-46ae-b7c4-d61334495c33: cophenetic index 554; 1.3 s; peak memory 489 MiB.
2026-10-05T08:17:35Z INFO [670/3739] 4bc510ec-56f2-445f-96a9-91eac5a196a0: cophenetic index 2625; 1.6 s; peak memory 489 MiB.
2026-10-05T08:17:39Z INFO [671/3739] 4bc5e725-80f5-4bfd-b97b-374ce8e2d26a: cophenetic index 18839; 3.8 s; peak memory 489 MiB.
2026-10-05T08:17:40Z INFO [672/3739] 4bc6ad07-af8a-4836-9762-5ce87aa35c83: cophenetic index 2517; 1.1 s; peak memory 489 MiB.
2026-10-05T08:17:42Z INFO [673/3739] 4bc74c90-db08-4c97-8bd4-e9a87e5d4c44: cophenetic index 33998; 1.8 s; peak memory 489 MiB.
2026-10-05T08:17:43Z INFO [674/3739] 4bc891ec-6541-4069-bb33-ef9720117d06: cophenetic index 624; 1.0 s; peak memory 489 MiB.
2026-10-05T08:17:49Z INFO [675/3739] 4bc8a214-361d-4133-a929-c90a645b3b7b: cophenetic index 9298; 6.0 s; peak memory 489 MiB.
2026-10-05T08:17:50Z INFO [676/3739] 4bc8bc82-5be8-4216-936e-f4d7930591d8: cophenetic index 23510; 1.4 s; peak memory 489 MiB.
2026-10-05T08:18:01Z INFO [677/3739] 4bc8f960-6678-4457-948f-373559677cb8: cophenetic index 143987; 10.5 s; peak memory 489 MiB.
2026-10-05T08:18:01Z INFO [678/3739] 4bc8fc4e-724d-483e-a4c7-71f8d8312385: cophenetic index 490; 0.7 s; peak memory 489 MiB.
2026-10-05T08:18:04Z INFO [679/3739] 4bc90942-4831-4bf3-a904-3cfad3d67d7a: cophenetic index 2573; 2.3 s; peak memory 489 MiB.
2026-10-05T08:18:15Z INFO [680/3739] 4bc920e4-6013-4e49-acf8-60dda660c7c5: cophenetic index 187353; 11.4 s; peak memory 489 MiB.
2026-10-05T08:18:22Z INFO [681/3739] 4bc989dd-c7e3-46e8-b53e-14b8b4604d04: cophenetic index 173772; 7.3 s; peak memory 489 MiB.
2026-10-05T08:18:24Z INFO [682/3739] 4bc9bc13-a0b6-46f4-a09a-853254136f81: cophenetic index 313559; 1.3 s; peak memory 489 MiB.
2026-10-05T08:18:25Z INFO [683/3739] 4bca1462-7d9f-4a2a-a597-f92002afb150: cophenetic index 2625; 1.5 s; peak memory 489 MiB.
2026-10-05T08:18:37Z INFO [684/3739] 4bcb7d3d-d0fc-41c1-b9d2-5a926648059c: cophenetic index 306305; 11.9 s; peak memory 489 MiB.
2026-10-05T08:18:39Z INFO [685/3739] 4bcc03f6-c98c-4d10-a687-2d40e90d0570: cophenetic index 3004; 1.5 s; peak memory 489 MiB.
2026-10-05T08:18:40Z INFO [686/3739] 4bcc04ee-bb4d-4748-bd28-3be296615c85: cophenetic index 624; 1.1 s; peak memory 489 MiB.
2026-10-05T08:18:41Z INFO [687/3739] 4bcc0a50-a3de-4854-b6d7-b639f5ec9044: cophenetic index 486; 1.0 s; peak memory 489 MiB.
2026-10-05T08:18:50Z INFO [688/3739] 4bcc1f05-5584-4f5c-bf7f-4e317290ad40: cophenetic index 520159; 9.0 s; peak memory 489 MiB.
2026-10-05T08:18:51Z INFO [689/3739] 4bcc4c07-6f9b-419f-af8c-0fa2d66710a9: cophenetic index 733; 1.1 s; peak memory 489 MiB.
2026-10-05T08:18:54Z INFO [690/3739] 4bccc5c8-0514-4dfb-88e8-41eca0bd5697: cophenetic index 2402; 2.7 s; peak memory 489 MiB.
2026-10-05T08:18:55Z INFO [691/3739] 4bcdfb73-5c6f-4bf7-ac6d-aa8700903590: cophenetic index 2625; 1.6 s; peak memory 489 MiB.
2026-10-05T08:18:56Z INFO [692/3739] 4bd02c1f-7067-472b-9fca-490f444c9649: cophenetic index 754; 1.2 s; peak memory 489 MiB.
2026-10-05T08:18:57Z INFO [693/3739] 4bd0c26d-9932-4ae5-96cd-132fe916a4bc: cophenetic index 448; 1.0 s; peak memory 489 MiB.
2026-10-05T08:19:06Z INFO [694/3739] 4bd385fc-febf-45dc-8b29-3326e0ec478c: cophenetic index 160057; 8.4 s; peak memory 489 MiB.
2026-10-05T08:19:23Z INFO [695/3739] 4bd44b7b-c705-4cfc-8ee3-1255ccd3a864: cophenetic index 85149; 17.1 s; peak memory 489 MiB.
2026-10-05T08:19:24Z INFO [696/3739] 4bd4892f-8b25-4e93-adae-ff9d4878a557: cophenetic index 624; 1.0 s; peak memory 489 MiB.
2026-10-05T08:19:26Z INFO [697/3739] 4bd4f941-f36f-45db-a778-756bdf26013b: cophenetic index 2682; 2.5 s; peak memory 489 MiB.
2026-10-05T08:19:27Z INFO [698/3739] 4bd5bd23-60e5-4272-afbe-2488cf439cb2: cophenetic index 757; 0.9 s; peak memory 489 MiB.
2026-10-05T08:19:28Z INFO [699/3739] 4bd66b16-2a1c-4509-b0d9-7fae93762d46: cophenetic index 579; 0.8 s; peak memory 489 MiB.
2026-10-05T08:19:35Z INFO [700/3739] 4bd686ff-898a-4df3-bd6d-2714b623041b: cophenetic index 87573; 7.0 s; peak memory 489 MiB.
2026-10-05T08:19:35Z INFO [700/3739] 4bd686ff-898a-4df3-bd6d-2714b623041b: checkpointed 83425 records.
2026-10-05T08:19:36Z INFO [701/3739] 4bd76101-4e6f-40a3-9cac-eb53155081d0: cophenetic index 624; 1.0 s; peak memory 489 MiB.
2026-10-05T08:19:38Z INFO [702/3739] 4bd7c800-3f1f-42cb-8f8a-36f4e1eb2cbd: cophenetic index 1614; 1.6 s; peak memory 489 MiB.
2026-10-05T08:19:39Z INFO [703/3739] 4bd92036-c56c-4e1c-a165-d45cf0068220: cophenetic index 3004; 1.3 s; peak memory 489 MiB.
2026-10-05T08:19:41Z INFO [704/3739] 4bda379e-22ce-4321-8298-85696d24c8b8: cophenetic index 99138; 1.8 s; peak memory 489 MiB.
2026-10-05T08:19:42Z INFO [705/3739] 4bda42c2-c103-44b8-a5e3-5780246fd08e: cophenetic index 490; 0.9 s; peak memory 489 MiB.
2026-10-05T08:19:43Z INFO [706/3739] 4bdaa865-7c72-4447-8c9c-ff228fa4f1fa: cophenetic index 624; 1.2 s; peak memory 489 MiB.
2026-10-05T08:19:44Z INFO [707/3739] 4bdb6222-83c3-4c7f-9df4-55876d0936d3: cophenetic index 624; 1.0 s; peak memory 489 MiB.
2026-10-05T08:19:46Z INFO [708/3739] 4bdb87fe-eba5-4f8a-884a-3a4941f31d50: cophenetic index 3004; 1.4 s; peak memory 489 MiB.
2026-10-05T08:19:47Z INFO [709/3739] 4bdc01e1-b319-444e-b62e-fe7a4f66e684: cophenetic index 33998; 1.4 s; peak memory 489 MiB.
2026-10-05T08:19:48Z INFO [710/3739] 4bdd0ac7-3229-47bf-ae48-5f6dd477bb58: cophenetic index 3004; 1.2 s; peak memory 489 MiB.
2026-10-05T08:19:50Z INFO [711/3739] 4bdd16db-bc13-4f42-a998-596b3c2fb454: cophenetic index 895; 2.1 s; peak memory 489 MiB.
2026-10-05T08:19:51Z INFO [712/3739] 4bdd4dac-05be-436d-bed8-80564a4e5605: cophenetic index 624; 1.1 s; peak memory 489 MiB.
2026-10-05T08:19:53Z INFO [713/3739] 4bddeec0-0f53-463a-a633-610f8b881204: cophenetic index 2570; 1.7 s; peak memory 489 MiB.
2026-10-05T08:19:54Z INFO [714/3739] 4bdec71b-431a-4662-a444-6e041c31e431: cophenetic index 3004; 1.3 s; peak memory 489 MiB.
2026-10-05T08:19:56Z INFO [715/3739] 4bdf1bed-6ba4-4e5f-ba83-dce7f9d0085c: cophenetic index 3087; 1.2 s; peak memory 489 MiB.
2026-10-05T08:19:58Z INFO [716/3739] 4bdf8d29-d054-4f10-a1b8-752c7d87f15b: cophenetic index 33998; 1.9 s; peak memory 489 MiB.
2026-10-05T08:20:04Z INFO [717/3739] 4be0666a-f11a-4087-a90b-e75a4fc7ef6f: cophenetic index 12973; 6.1 s; peak memory 489 MiB.
2026-10-05T08:20:05Z INFO [718/3739] 4be0acf6-ee36-412a-aedd-47c94bb9ebbb: cophenetic index 3087; 1.2 s; peak memory 489 MiB.
2026-10-05T08:20:06Z INFO [719/3739] 4be0e11d-f8a3-44e3-afa4-2ab1b1c691e7: cophenetic index 3004; 1.5 s; peak memory 489 MiB.
2026-10-05T08:20:08Z INFO [720/3739] 4be1d912-74bd-4bf5-b739-3b02fee8137f: cophenetic index 33998; 2.1 s; peak memory 489 MiB.
2026-10-05T08:20:10Z INFO [721/3739] 4be25784-a657-44f0-a14d-57299f2fa82a: cophenetic index 3004; 1.5 s; peak memory 489 MiB.
2026-10-05T08:20:12Z INFO [722/3739] 4be2e6f0-1466-444b-8da6-6bb6fe6ccb6e: cophenetic index 33998; 2.4 s; peak memory 489 MiB.
2026-10-05T08:20:14Z INFO [723/3739] 4be2fa9d-f812-44a0-b2cc-3180b6b790cf: cophenetic index 26986; 1.7 s; peak memory 489 MiB.
2026-10-05T08:20:16Z INFO [724/3739] 4be3bc62-ffc8-48f1-9dbc-2e22a16b17bd: cophenetic index 2625; 1.6 s; peak memory 489 MiB.
2026-10-05T08:20:16Z INFO [725/3739] 4be49c0d-26a9-4bb0-8176-473e8ce0d163: cophenetic index 723; 0.8 s; peak memory 489 MiB.
2026-10-05T08:20:18Z INFO [726/3739] 4be4c9e4-0ec1-4fbd-8e2a-1ba3ceb54362: cophenetic index 33986; 1.6 s; peak memory 489 MiB.
2026-10-05T08:20:19Z INFO [727/3739] 4be4e382-a13f-4013-9480-d26d08b2a8de: cophenetic index 2625; 1.5 s; peak memory 489 MiB.
2026-10-05T08:20:20Z INFO [728/3739] 4be4e519-120b-423c-95f3-1acab854fe68: cophenetic index 490; 0.8 s; peak memory 489 MiB.
2026-10-05T08:20:22Z INFO [729/3739] 4be56574-dbf1-48ee-afff-76efce79c86c: cophenetic index 431; 1.4 s; peak memory 489 MiB.
2026-10-05T08:20:28Z INFO [730/3739] 4be66afd-4b3b-4989-8748-1e20c5852271: cophenetic index 64021; 6.7 s; peak memory 489 MiB.
2026-10-05T08:20:29Z INFO [731/3739] 4be6b47b-fd9a-4aa3-b62d-56bc427ca6c2: cophenetic index 624; 1.0 s; peak memory 489 MiB.
2026-10-05T08:20:31Z INFO [732/3739] 4be763c6-7975-4d6c-ba17-42aa9446934e: cophenetic index 2625; 1.7 s; peak memory 489 MiB.
2026-10-05T08:20:32Z INFO [733/3739] 4be7bc36-e517-46a0-9972-f4281616549b: cophenetic index 23788; 1.2 s; peak memory 489 MiB.
2026-10-05T08:20:33Z INFO [734/3739] 4be907e8-7bd1-42f4-ab22-a7bc945c85d2: cophenetic index 624; 1.0 s; peak memory 489 MiB.
2026-10-05T08:20:34Z INFO [735/3739] 4bea19df-8955-495a-a5d5-43419aa48bc7: cophenetic index 624; 1.0 s; peak memory 489 MiB.
2026-10-05T08:20:35Z INFO [736/3739] 4beb0bdb-6831-437a-a60d-51c30230da40: cophenetic index 490; 0.7 s; peak memory 489 MiB.
2026-10-05T08:20:56Z INFO [737/3739] 4bec5472-8876-4148-aaa6-d8aeaf36d597: cophenetic index 58288; 21.2 s; peak memory 489 MiB.
2026-10-05T08:20:57Z INFO [738/3739] 4bec8abf-0c50-4d91-b92f-c7388c64641f: cophenetic index 624; 1.2 s; peak memory 489 MiB.
2026-10-05T08:20:58Z INFO [739/3739] 4becffb9-3781-4762-b6c5-91188bd62934: cophenetic index 2724; 1.3 s; peak memory 489 MiB.
2026-10-05T08:21:00Z INFO [740/3739] 4bedb6cb-c680-4b53-a789-e381aa40bd6a: cophenetic index 2625; 1.6 s; peak memory 489 MiB.
2026-10-05T08:21:01Z INFO [741/3739] 4bee0509-b01a-4917-92cc-d238fdee5f3e: cophenetic index 490; 0.7 s; peak memory 489 MiB.
2026-10-05T08:21:02Z INFO [742/3739] 4bee979a-8dd3-4f98-a701-c740d777e8bb: cophenetic index 23510; 1.3 s; peak memory 489 MiB.
2026-10-05T08:21:10Z INFO [743/3739] 4befc8fb-387e-48ae-8ccc-4560f0be7d6c: cophenetic index 75199; 8.0 s; peak memory 489 MiB.
2026-10-05T08:21:12Z INFO [744/3739] 4bf037e2-f947-4a4f-aada-6ec808db1fa7: cophenetic index 2974; 1.4 s; peak memory 489 MiB.
2026-10-05T08:21:13Z INFO [745/3739] 4bf1d0d8-35e3-4436-99ee-55584b95b7f8: cophenetic index 3004; 1.4 s; peak memory 489 MiB.
2026-10-05T08:21:22Z INFO [746/3739] 4bf1f007-749b-4bca-83d6-b777ece5251a: cophenetic index 180505; 9.2 s; peak memory 489 MiB.
2026-10-05T08:21:24Z INFO [747/3739] 4bf25038-edbe-45c5-a9cc-08956d3b1167: cophenetic index 33968; 1.6 s; peak memory 489 MiB.
2026-10-05T08:21:25Z INFO [748/3739] 4bf2f9ab-ad83-41a9-a81f-e48dd891fe6f: cophenetic index 23194; 1.1 s; peak memory 489 MiB.
2026-10-05T08:21:26Z INFO [749/3739] 4bf30f08-2590-491c-ab5a-aed1eb53d699: cophenetic index 543; 0.8 s; peak memory 489 MiB.
2026-10-05T08:21:27Z INFO [750/3739] 4bf34657-ed0e-442b-b2db-cc7f91c6cbeb: cophenetic index 448; 1.1 s; peak memory 489 MiB.
2026-10-05T08:21:27Z INFO [750/3739] 4bf34657-ed0e-442b-b2db-cc7f91c6cbeb: checkpointed 83475 records.
2026-10-05T08:21:29Z INFO [751/3739] 4bf481aa-048a-442f-8b60-afe4a6d38e4a: cophenetic index 2625; 1.7 s; peak memory 489 MiB.
2026-10-05T08:21:30Z INFO [752/3739] 4bf58358-037e-437d-a510-056d9d577989: cophenetic index 2932; 1.2 s; peak memory 489 MiB.
2026-10-05T08:21:31Z INFO [753/3739] 4bf58b2b-441c-4cb0-a66a-2208549d3310: cophenetic index 2625; 1.5 s; peak memory 489 MiB.
2026-10-05T08:21:38Z INFO [754/3739] 4bf598b8-682d-4114-94cd-1f92015a53e5: cophenetic index 13178; 6.9 s; peak memory 489 MiB.
2026-10-05T08:21:40Z INFO [755/3739] 4bf663d2-cec4-4060-9871-dcccf379af2c: cophenetic index 754; 1.3 s; peak memory 489 MiB.
2026-10-05T08:21:47Z INFO [756/3739] 4bf6bfd7-48ce-4221-90a9-7a198a2805e5: cophenetic index 12152; 7.2 s; peak memory 489 MiB.
2026-10-05T08:21:48Z INFO [757/3739] 4bf7a286-3b9c-4ae5-9ba8-a86bad010bf6: cophenetic index 2496; 1.3 s; peak memory 489 MiB.
2026-10-05T08:21:49Z INFO [758/3739] 4bf7c69f-12d2-48e4-8ab4-d47aeae994bd: cophenetic index 3087; 1.2 s; peak memory 489 MiB.
2026-10-05T08:21:50Z INFO [759/3739] 4bf7cfae-7f12-49ac-8bca-4ebfbdc41053: cophenetic index 23436; 1.3 s; peak memory 489 MiB.
2026-10-05T08:21:52Z INFO [760/3739] 4bf7e7d3-fd4e-46be-babf-0c1d4d6eb565: cophenetic index 3087; 1.2 s; peak memory 489 MiB.
2026-10-05T08:21:52Z INFO [761/3739] 4bf7ed1d-b36f-433f-900f-a9850f2cb032: cophenetic index 729; 0.7 s; peak memory 489 MiB.
2026-10-05T08:21:54Z INFO [762/3739] 4bf841c2-5270-4d10-a6a7-2aa3755e5d09: cophenetic index 2974; 1.3 s; peak memory 489 MiB.
2026-10-05T08:21:57Z INFO [763/3739] 4bf85083-987f-4065-bc2a-3ee5d1c8b666: cophenetic index 2027; 3.8 s; peak memory 489 MiB.
2026-10-05T08:21:58Z INFO [764/3739] 4bf86222-5d72-4309-9c68-aff97babcde6: cophenetic index 494; 0.9 s; peak memory 489 MiB.
2026-10-05T08:22:00Z INFO [765/3739] 4bf8ba31-fdcf-436d-a26e-dd7b41854de8: cophenetic index 624; 1.1 s; peak memory 489 MiB.
2026-10-05T08:22:01Z INFO [766/3739] 4bf95cd7-c6c3-41db-8488-a42dd425a664: cophenetic index 3004; 1.2 s; peak memory 489 MiB.
2026-10-05T08:22:03Z INFO [767/3739] 4bfaa296-995b-4ab0-966e-acaa23963fb8: cophenetic index 2682; 2.2 s; peak memory 489 MiB.
2026-10-05T08:22:05Z INFO [768/3739] 4bfad255-11c0-484f-a66d-5c6d02be58a2: cophenetic index 33986; 1.6 s; peak memory 489 MiB.
2026-10-05T08:22:06Z INFO [769/3739] 4bfb65cd-7237-4aa1-b23b-6dba6b1128dd: cophenetic index 766; 1.5 s; peak memory 489 MiB.
2026-10-05T08:22:07Z INFO [770/3739] 4bfb8b4b-b567-4775-a9bf-3e6011c2a7ef: cophenetic index 494; 1.0 s; peak memory 489 MiB.
2026-10-05T08:22:09Z INFO [771/3739] 4bfbbef6-7373-4a88-b5d7-6fe11209aa7a: cophenetic index 3437; 2.4 s; peak memory 489 MiB.
2026-10-05T08:22:10Z INFO [772/3739] 4bfcfdf5-0121-4810-b881-37a9438a781d: cophenetic index 624; 1.0 s; peak memory 489 MiB.
2026-10-05T08:22:17Z INFO [773/3739] 4bfd3066-4ffc-4d58-9c44-04ce8358a1c2: cophenetic index 33285; 6.4 s; peak memory 489 MiB.
2026-10-05T08:22:19Z INFO [774/3739] 4bfe60d9-ce12-42bf-b35a-d2cdc137788c: cophenetic index 2402; 2.4 s; peak memory 489 MiB.
2026-10-05T08:22:20Z INFO [775/3739] 4bfebf10-197a-444d-924b-3d40a7f7a21b: cophenetic index 446; 0.8 s; peak memory 489 MiB.
2026-10-05T08:22:21Z INFO [776/3739] 4bff0c0f-aae0-4984-84fd-d8933cbce79c: cophenetic index 490; 0.7 s; peak memory 489 MiB.
2026-10-05T08:22:22Z INFO [777/3739] 4bff347a-f93e-453e-821e-7d06ae0fc748: cophenetic index 581; 1.1 s; peak memory 489 MiB.
2026-10-05T08:22:24Z INFO [778/3739] 4c00b38d-a09a-4a48-9ed4-85b5fee10f8c: cophenetic index 2625; 1.8 s; peak memory 489 MiB.
2026-10-05T08:22:28Z INFO [779/3739] 4c0103f8-4c5d-4a48-9bc0-85866fea8e41: cophenetic index 6412; 4.1 s; peak memory 489 MiB.
2026-10-05T08:22:29Z INFO [780/3739] 4c015ec3-b4bf-4ef2-95ab-543dce02c103: cophenetic index 838; 1.2 s; peak memory 489 MiB.
2026-10-05T08:22:38Z INFO [781/3739] 4c01acf9-6f5c-4ddb-95bd-38e91dd9d8a8: cophenetic index 116386; 8.7 s; peak memory 489 MiB.
2026-10-05T08:22:39Z INFO [782/3739] 4c02c86b-5c88-4554-bd9f-a2825adae690: cophenetic index 23358; 1.2 s; peak memory 489 MiB.
2026-10-05T08:22:48Z INFO [783/3739] 4c03060e-acab-4cd6-a7bb-1fdc6e001baa: cophenetic index 161982; 8.8 s; peak memory 489 MiB.
2026-10-05T08:22:49Z INFO [784/3739] 4c04e119-b91b-4dee-8de8-7d4f70f34fab: cophenetic index 2974; 1.5 s; peak memory 489 MiB.
2026-10-05T08:22:50Z INFO [785/3739] 4c055b41-49fd-41eb-9d7c-646c493aa2fa: cophenetic index 3004; 1.3 s; peak memory 489 MiB.
2026-10-05T08:22:56Z INFO [786/3739] 4c05e543-c0a6-4618-bd0d-ba24a049cf12: cophenetic index 5053; 5.9 s; peak memory 489 MiB.
2026-10-05T08:23:01Z INFO [787/3739] 4c072bd0-66cb-4b75-b2bb-1ad979d415a1: cophenetic index 10832; 4.6 s; peak memory 489 MiB.
2026-10-05T08:23:02Z INFO [788/3739] 4c0808b3-ce81-47f5-b2dc-5ddaaa5b25d8: cophenetic index 490; 1.2 s; peak memory 489 MiB.
2026-10-05T08:23:04Z INFO [789/3739] 4c087bdc-771b-4b99-91e6-830f96b647e4: cophenetic index 2682; 2.3 s; peak memory 489 MiB.
2026-10-05T08:23:08Z INFO [790/3739] 4c089089-2670-44c5-8e76-53ba7d303365: cophenetic index 14360; 3.8 s; peak memory 489 MiB.
2026-10-05T08:23:10Z INFO [791/3739] 4c08e8ac-16c8-4aea-97f8-5ec27d0db45f: cophenetic index 33998; 1.6 s; peak memory 489 MiB.
2026-10-05T08:23:11Z INFO [792/3739] 4c09cf72-aeb8-4cb2-8379-ca18aa72e7d1: cophenetic index 3004; 1.3 s; peak memory 489 MiB.
2026-10-05T08:23:12Z INFO [793/3739] 4c0a5905-4137-4a65-894c-fc2e947c3042: cophenetic index 729; 0.8 s; peak memory 489 MiB.
2026-10-05T08:23:13Z INFO [794/3739] 4c0ab19b-1877-4ede-b399-bbb0ff92eb5b: cophenetic index 3087; 1.5 s; peak memory 489 MiB.
2026-10-05T08:23:21Z INFO [795/3739] 4c0ac304-9f45-47d6-9481-997d38383254: cophenetic index 14699; 7.5 s; peak memory 489 MiB.
2026-10-05T08:23:28Z INFO [796/3739] 4c0acbb6-0338-4a36-94c3-55f5a0ffba44: cophenetic index 19418; 7.2 s; peak memory 489 MiB.
2026-10-05T08:23:30Z INFO [797/3739] 4c0b2fc1-efc9-43ca-8b34-907f5f3fbaef: cophenetic index 2625; 1.9 s; peak memory 489 MiB.
2026-10-05T08:23:31Z INFO [798/3739] 4c0b5c53-59a5-40f0-b43e-d014e4b7ccee: cophenetic index 490; 0.7 s; peak memory 489 MiB.
2026-10-05T08:23:38Z INFO [799/3739] 4c0ce0f1-3542-4137-a8bd-29ace00b77a8: cophenetic index 136939; 6.8 s; peak memory 489 MiB.
2026-10-05T08:23:48Z INFO [800/3739] 4c0e66c3-7c44-4044-b18b-71e71a70058f: cophenetic index 48665; 10.7 s; peak memory 489 MiB.
2026-10-05T08:23:48Z INFO [800/3739] 4c0e66c3-7c44-4044-b18b-71e71a70058f: checkpointed 83525 records.
2026-10-05T08:23:57Z INFO [801/3739] 4c0ea683-ea41-4401-a0eb-34e7c8a8d4be: cophenetic index 229333; 8.6 s; peak memory 489 MiB.
2026-10-05T08:23:59Z INFO [802/3739] 4c0ec643-5763-4bdc-b6ab-679c891c1514: cophenetic index 1979; 1.7 s; peak memory 489 MiB.
2026-10-05T08:24:00Z INFO [803/3739] 4c0f2ee7-d355-4aeb-9676-af077316da4e: cophenetic index 751; 0.9 s; peak memory 489 MiB.
2026-10-05T08:24:01Z INFO [804/3739] 4c0f37cd-bd22-4b05-a273-0917bb69455c: cophenetic index 33968; 1.6 s; peak memory 489 MiB.
2026-10-05T08:24:03Z INFO [805/3739] 4c108d88-9689-4872-89eb-57ff5f7fe88e: cophenetic index 1144; 1.8 s; peak memory 489 MiB.
2026-10-05T08:24:05Z INFO [806/3739] 4c10a1e9-b2c2-4cac-9e2d-3453e47a21d1: cophenetic index 2625; 1.7 s; peak memory 489 MiB.
2026-10-05T08:24:06Z INFO [807/3739] 4c10eb8f-7901-4851-ae14-892bf5d423f3: cophenetic index 2625; 1.8 s; peak memory 489 MiB.
2026-10-05T08:24:12Z INFO [808/3739] 4c1154b4-8673-42b7-aeb4-9f56d026ef6b: cophenetic index 57521; 5.7 s; peak memory 489 MiB.
2026-10-05T08:24:14Z INFO [809/3739] 4c1199f6-ddee-4f39-b9de-a1b0b1b7284e: cophenetic index 33998; 2.2 s; peak memory 489 MiB.
2026-10-05T08:24:16Z INFO [810/3739] 4c1228a8-e132-46fb-843e-4c558a20ee48: cophenetic index 439; 1.4 s; peak memory 489 MiB.
2026-10-05T08:24:17Z INFO [811/3739] 4c1253a6-d176-4954-995b-8b08baccdfdd: cophenetic index 649; 1.3 s; peak memory 489 MiB.
2026-10-05T08:24:29Z INFO [812/3739] 4c132e83-db11-4546-828f-2abeb0bff743: cophenetic index 489431; 11.8 s; peak memory 489 MiB.
2026-10-05T08:24:30Z INFO [813/3739] 4c136d7d-8c69-4ddc-aa81-23aaf9def656: cophenetic index 2625; 1.5 s; peak memory 489 MiB.
2026-10-05T08:24:33Z INFO [814/3739] 4c13b4d1-2ddd-45ab-afb5-1ebdc83afe0a: cophenetic index 3045; 2.4 s; peak memory 489 MiB.
2026-10-05T08:24:34Z INFO [815/3739] 4c148694-77b3-4bd9-8df4-7cf7d18d9ee0: cophenetic index 624; 1.0 s; peak memory 489 MiB.
2026-10-05T08:24:35Z INFO [816/3739] 4c14fed4-cc6e-4e3d-909f-f66fc4b17b69: cophenetic index 3004; 1.2 s; peak memory 489 MiB.
2026-10-05T08:24:36Z INFO [817/3739] 4c154ab3-ca23-4cbd-b240-ee1cfe840a0c: cophenetic index 2625; 1.6 s; peak memory 489 MiB.
2026-10-05T08:24:38Z INFO [818/3739] 4c157fbc-6b76-4147-b65c-62cff019e060: cophenetic index 3004; 1.4 s; peak memory 489 MiB.
2026-10-05T08:24:39Z INFO [819/3739] 4c161707-85ca-40c1-a81a-360e5877f848: cophenetic index 2974; 1.2 s; peak memory 489 MiB.
2026-10-05T08:24:40Z INFO [820/3739] 4c171b52-a6a3-4d1b-98de-77ef92fa67f5: cophenetic index 624; 1.2 s; peak memory 489 MiB.
2026-10-05T08:24:43Z INFO [821/3739] 4c173ca0-3ff8-4c2d-9436-8df1de3b6f04: cophenetic index 1436; 3.1 s; peak memory 489 MiB.
2026-10-05T08:24:44Z INFO [822/3739] 4c18b691-0570-4e43-a07b-bff2b0f681dd: cophenetic index 624; 1.0 s; peak memory 489 MiB.
2026-10-05T08:24:46Z INFO [823/3739] 4c1923c6-3d20-4ac6-8ba6-1dbc7bd91d6a: cophenetic index 2625; 1.4 s; peak memory 489 MiB.
2026-10-05T08:24:56Z INFO [824/3739] 4c19e808-f781-4fd7-9d73-d1317f46d98a: cophenetic index 101344; 9.9 s; peak memory 489 MiB.
2026-10-05T08:24:57Z INFO [825/3739] 4c19f487-3a1e-48b3-9fe7-bb3cc4d1f058: cophenetic index 1058; 1.0 s; peak memory 489 MiB.
2026-10-05T08:24:59Z INFO [826/3739] 4c1a6365-79c7-4f9b-8eb4-1cef12bf6c78: cophenetic index 99114; 1.8 s; peak memory 489 MiB.
2026-10-05T08:25:00Z INFO [827/3739] 4c1a74b9-44d5-4cf6-8818-1c2cbaf618fd: cophenetic index 624; 1.0 s; peak memory 489 MiB.
2026-10-05T08:25:01Z INFO [828/3739] 4c1a91a7-d541-4499-b23c-4a3438134510: cophenetic index 624; 1.0 s; peak memory 489 MiB.
2026-10-05T08:25:02Z INFO [829/3739] 4c1bb75c-0949-49a2-9acc-2e3a456c6bda: cophenetic index 2570; 1.6 s; peak memory 489 MiB.
2026-10-05T08:25:04Z INFO [830/3739] 4c1c0520-882a-4c82-8c90-c3d69a4e1bbc: cophenetic index 2056; 1.9 s; peak memory 489 MiB.
2026-10-05T08:25:05Z INFO [831/3739] 4c1c15a4-66dc-4dd8-8b90-5041aa88a826: cophenetic index 521; 1.1 s; peak memory 489 MiB.
2026-10-05T08:25:06Z INFO [832/3739] 4c1c9ac2-4e49-48f9-8714-f52a0908f4d4: cophenetic index 624; 1.0 s; peak memory 489 MiB.
2026-10-05T08:25:07Z INFO [833/3739] 4c1d094b-f546-4415-9373-ef3c148fdb38: cophenetic index 3004; 1.2 s; peak memory 489 MiB.
2026-10-05T08:25:09Z INFO [834/3739] 4c1d67fd-94c7-4c46-8235-477dae7f54fc: cophenetic index 2125; 1.7 s; peak memory 489 MiB.
2026-10-05T08:25:10Z INFO [835/3739] 4c1d87bd-c2b4-4bcd-b647-f9d0af936a7e: cophenetic index 624; 1.0 s; peak memory 489 MiB.
2026-10-05T08:25:12Z INFO [836/3739] 4c1dcc60-b720-4b65-b3d5-19c20efb877c: cophenetic index 2682; 2.3 s; peak memory 489 MiB.
2026-10-05T08:25:13Z INFO [837/3739] 4c207f7a-c6ab-4851-9fdd-0cc8f79001f6: cophenetic index 624; 1.1 s; peak memory 489 MiB.
2026-10-05T08:25:15Z INFO [838/3739] 4c20ecc5-f2d0-4ac2-b043-a3493ed7416f: cophenetic index 99114; 1.7 s; peak memory 489 MiB.
2026-10-05T08:25:16Z INFO [839/3739] 4c213c0d-1cc1-452c-9d67-86dcc5a581fa: cophenetic index 490; 1.1 s; peak memory 489 MiB.
2026-10-05T08:25:17Z INFO [840/3739] 4c214db1-7c4d-49c4-9033-4b4394e9857a: cophenetic index 490; 0.8 s; peak memory 489 MiB.
2026-10-05T08:25:18Z INFO [841/3739] 4c220a58-7858-435c-ae04-462c5a644446: cophenetic index 624; 1.0 s; peak memory 489 MiB.
2026-10-05T08:25:19Z INFO [842/3739] 4c222f72-ec83-4e70-bc63-422991dbfb79: cophenetic index 490; 0.7 s; peak memory 489 MiB.
2026-10-05T08:25:20Z INFO [843/3739] 4c22b20c-c72c-4269-b7cc-0910fa27b9c6: cophenetic index 535; 1.3 s; peak memory 489 MiB.
2026-10-05T08:25:21Z INFO [844/3739] 4c22cbbe-af7c-4196-b0d3-4e80b3f187f6: cophenetic index 2570; 1.0 s; peak memory 489 MiB.
2026-10-05T08:25:27Z INFO [845/3739] 4c23cf93-4057-4c67-a4ca-9547bf502b07: cophenetic index 9548; 5.5 s; peak memory 489 MiB.
2026-10-05T08:25:29Z INFO [846/3739] 4c2406ee-ecd9-4015-bb96-df7eb6ed3895: cophenetic index 895; 2.1 s; peak memory 489 MiB.
2026-10-05T08:25:30Z INFO [847/3739] 4c246d89-215a-4740-a4df-3e370bde7458: cophenetic index 3004; 1.1 s; peak memory 489 MiB.
2026-10-05T08:25:31Z INFO [848/3739] 4c24c326-9d38-4be4-8be7-6ae4124df9ba: cophenetic index 3004; 1.4 s; peak memory 489 MiB.
2026-10-05T08:25:33Z INFO [849/3739] 4c25241b-19da-4939-ae54-638c5d2ff934: cophenetic index 33998; 2.0 s; peak memory 489 MiB.
2026-10-05T08:25:35Z INFO [850/3739] 4c252664-5a90-4758-84cf-bcc4e25ad52e: cophenetic index 2105; 2.1 s; peak memory 489 MiB.
2026-10-05T08:25:35Z INFO [850/3739] 4c252664-5a90-4758-84cf-bcc4e25ad52e: checkpointed 83575 records.
2026-10-05T08:25:37Z INFO [851/3739] 4c2539c1-54ef-4b39-b105-4deae8adfdd8: cophenetic index 3004; 1.3 s; peak memory 489 MiB.
2026-10-05T08:25:38Z INFO [852/3739] 4c25dd8e-9d78-4ec7-9343-d6c8e3b5c798: cophenetic index 624; 1.0 s; peak memory 489 MiB.
2026-10-05T08:25:41Z INFO [853/3739] 4c2606b7-4356-4fbf-9bdb-363c542913b8: cophenetic index 2241; 2.8 s; peak memory 489 MiB.
2026-10-05T08:25:43Z INFO [854/3739] 4c2608ae-021c-42b9-a2cc-01304849e250: cophenetic index 1458; 2.2 s; peak memory 489 MiB.
2026-10-05T08:25:44Z INFO [855/3739] 4c268057-ec80-4c5a-97d3-cef6bfde091e: cophenetic index 624; 1.1 s; peak memory 489 MiB.
2026-10-05T08:25:45Z INFO [856/3739] 4c269193-0a96-4838-8de1-cad0e6328cc9: cophenetic index 554; 1.5 s; peak memory 489 MiB.
2026-10-05T08:26:50Z INFO [857/3739] 4c2699b6-aab1-44f0-ba93-78b97798fd08: cophenetic index 17388734; 65.1 s; peak memory 489 MiB.
2026-10-05T08:26:51Z INFO [858/3739] 4c26ccf3-330b-445f-a246-935716d937b7: cophenetic index 624; 1.0 s; peak memory 489 MiB.
2026-10-05T08:26:53Z INFO [859/3739] 4c26ec02-b517-4c54-9113-add56a198c37: cophenetic index 581; 1.1 s; peak memory 489 MiB.
2026-10-05T08:27:00Z INFO [860/3739] 4c26f053-7977-4791-b3f6-8a0b780d6d06: cophenetic index 110140; 7.4 s; peak memory 489 MiB.
2026-10-05T08:27:01Z INFO [861/3739] 4c27a2cc-02f7-4ca5-9950-131851045bc4: cophenetic index 23800; 1.5 s; peak memory 489 MiB.
2026-10-05T08:27:11Z INFO [862/3739] 4c27b7c8-3524-406a-9e01-0083f5c5d4c4: cophenetic index 183019; 10.1 s; peak memory 489 MiB.
2026-10-05T08:27:16Z INFO [863/3739] 4c27c91b-8053-4b50-b7f9-b3a49a5c4070: cophenetic index 2320; 4.2 s; peak memory 489 MiB.
2026-10-05T08:27:18Z INFO [864/3739] 4c286b09-d6c5-4dca-aa39-5294a4c3eeb2: cophenetic index 3437; 2.1 s; peak memory 489 MiB.
2026-10-05T08:27:19Z INFO [865/3739] 4c286f52-4f49-453d-b3b5-542a57402124: cophenetic index 490; 0.7 s; peak memory 489 MiB.
2026-10-05T08:27:19Z INFO [866/3739] 4c28fc06-7f34-4dbd-8c17-2a7a42d8a5d4: cophenetic index 579; 0.8 s; peak memory 489 MiB.
2026-10-05T08:27:21Z INFO [867/3739] 4c28ff00-0392-4f97-82da-83a078afacfc: cophenetic index 2724; 1.6 s; peak memory 489 MiB.
2026-10-05T08:27:22Z INFO [868/3739] 4c297b75-4fba-4d2d-8f76-11c0473788ee: cophenetic index 23364; 1.6 s; peak memory 489 MiB.
2026-10-05T08:27:24Z INFO [869/3739] 4c2bdf37-9a7d-4a8e-9802-7c0784eb40fa: cophenetic index 3087; 1.4 s; peak memory 489 MiB.
2026-10-05T08:27:26Z INFO [870/3739] 4c2c8207-8a11-47e0-982f-e091cb946cea: cophenetic index 33998; 1.7 s; peak memory 489 MiB.
2026-10-05T08:27:27Z INFO [871/3739] 4c2c85a6-d513-478b-a381-353cd9fc21e2: cophenetic index 1949; 1.2 s; peak memory 489 MiB.
2026-10-05T08:27:28Z INFO [872/3739] 4c2cbf90-9036-4911-9017-33e07f0cad35: cophenetic index 431; 1.1 s; peak memory 489 MiB.
2026-10-05T08:27:29Z INFO [873/3739] 4c2ccf7a-b4dd-4f97-a8a0-862051ea8983: cophenetic index 521; 1.0 s; peak memory 489 MiB.
2026-10-05T08:27:37Z INFO [874/3739] 4c2db448-efbe-4ce0-b1b1-8bd728f4b7ea: cophenetic index 236059; 8.1 s; peak memory 489 MiB.
2026-10-05T08:27:45Z INFO [875/3739] 4c2e006c-2f60-421a-b580-404e3716b8f5: cophenetic index 14766; 8.2 s; peak memory 489 MiB.
2026-10-05T08:27:57Z INFO [876/3739] 4c2f548f-593d-493d-879b-c0de8fe66f67: cophenetic index 33902; 11.4 s; peak memory 489 MiB.
2026-10-05T08:27:58Z INFO [877/3739] 4c2f7301-2c80-43e2-95cd-4b26a7305701: cophenetic index 431; 1.0 s; peak memory 489 MiB.
2026-10-05T08:27:59Z INFO [878/3739] 4c303526-7491-46b5-8918-97b8feff7215: cophenetic index 431; 1.1 s; peak memory 489 MiB.
2026-10-05T08:28:01Z INFO [879/3739] 4c3038ef-9d9a-4e05-a81c-3c3c6fe8b6a5: cophenetic index 2428; 2.1 s; peak memory 489 MiB.
2026-10-05T08:28:02Z INFO [880/3739] 4c30fca7-621b-43e7-85b3-5ee84f060bb1: cophenetic index 3972; 1.5 s; peak memory 489 MiB.
2026-10-05T08:28:09Z INFO [881/3739] 4c312d9d-77d8-4531-961e-4926e89c6b77: cophenetic index 162235563; 7.0 s; peak memory 489 MiB.
2026-10-05T08:28:10Z INFO [882/3739] 4c31827c-66e9-4def-80f3-9919d2f9a498: cophenetic index 624; 1.1 s; peak memory 489 MiB.
2026-10-05T08:28:11Z INFO [883/3739] 4c31d5f6-4dbe-4e18-a192-753b5436bc86: cophenetic index 624; 1.0 s; peak memory 489 MiB.
2026-10-05T08:28:14Z INFO [884/3739] 4c31e421-058c-42b1-8564-42c37af2613b: cophenetic index 2682; 2.2 s; peak memory 489 MiB.
2026-10-05T08:28:14Z INFO [885/3739] 4c3240bd-6654-4fd4-8b5e-cb07b4100636: cophenetic index 490; 0.8 s; peak memory 489 MiB.
2026-10-05T08:28:15Z INFO [886/3739] 4c32501e-a2c1-478c-8a62-a1eb34220325: cophenetic index 581; 1.0 s; peak memory 489 MiB.
2026-10-05T08:28:18Z INFO [887/3739] 4c327a72-b9a4-4023-8272-ef35076d5dd6: cophenetic index 2402; 2.9 s; peak memory 489 MiB.
2026-10-05T08:28:20Z INFO [888/3739] 4c328772-3c78-4fdf-bde4-9a51a512f6ec: cophenetic index 2570; 1.5 s; peak memory 489 MiB.
2026-10-05T08:28:25Z INFO [889/3739] 4c32b6f2-ac03-44b8-a4d1-c8f2558da3d0: cophenetic index 12973; 5.8 s; peak memory 489 MiB.
2026-10-05T08:28:27Z INFO [890/3739] 4c33d4c0-41cf-44e5-acb1-a0d18d685473: cophenetic index 33968; 1.4 s; peak memory 489 MiB.
2026-10-05T08:28:29Z INFO [891/3739] 4c3411b8-f978-45bf-9ff7-4a9fffca43c7: cophenetic index 662; 2.7 s; peak memory 489 MiB.
2026-10-05T08:28:30Z INFO [892/3739] 4c345c5e-c5e1-4781-8678-7290b3c95cd9: cophenetic index 624; 1.0 s; peak memory 489 MiB.
2026-10-05T08:28:32Z INFO [893/3739] 4c352224-f710-443b-8a6a-4d3445f08c3c: cophenetic index 754; 1.2 s; peak memory 489 MiB.
2026-10-05T08:28:33Z INFO [894/3739] 4c35611d-5bab-4b7a-b3a3-6f401dd24047: cophenetic index 624; 1.1 s; peak memory 489 MiB.
2026-10-05T08:28:35Z INFO [895/3739] 4c36f821-0fe1-4bff-ba47-43e6aeb5fc0e: cophenetic index 33998; 2.0 s; peak memory 489 MiB.
2026-10-05T08:28:36Z INFO [896/3739] 4c372b02-ae6a-47f3-969a-0ff802b1a567: cophenetic index 3004; 1.2 s; peak memory 489 MiB.
2026-10-05T08:28:39Z INFO [897/3739] 4c3748e8-aa86-4bd0-873c-779b782004fb: cophenetic index 974; 2.5 s; peak memory 489 MiB.
2026-10-05T08:28:46Z INFO [898/3739] 4c38376a-4e38-462a-a2f7-3e7cb5d97d1b: cophenetic index 15946; 7.9 s; peak memory 489 MiB.
2026-10-05T08:28:48Z INFO [899/3739] 4c3863f3-907f-4aaf-95b0-ec6de57159b7: cophenetic index 23502; 1.6 s; peak memory 489 MiB.
2026-10-05T08:28:53Z INFO [900/3739] 4c38cfa5-13a9-4170-b140-dc895270f93f: cophenetic index 14234; 4.6 s; peak memory 489 MiB.
2026-10-05T08:28:53Z INFO [900/3739] 4c38cfa5-13a9-4170-b140-dc895270f93f: checkpointed 83625 records.
2026-10-05T08:28:56Z INFO [901/3739] 4c3bac3b-99a7-4f85-8cb2-84f8b3a4be8c: cophenetic index 1733; 2.9 s; peak memory 489 MiB.
2026-10-05T08:28:57Z INFO [902/3739] 4c3d18a1-065e-4862-aab3-0149410256d0: cophenetic index 33986; 1.5 s; peak memory 489 MiB.
2026-10-05T08:28:58Z INFO [903/3739] 4c3e0dea-4ad9-45df-a5eb-8960f1a77d38: cophenetic index 2974; 1.3 s; peak memory 489 MiB.
2026-10-05T08:29:00Z INFO [904/3739] 4c3e5e74-18e1-43e4-825f-ecef2e26cf1f: cophenetic index 3004; 1.3 s; peak memory 489 MiB.
2026-10-05T08:29:01Z INFO [905/3739] 4c3f03cb-e326-436b-8388-cb82e6b3ea3a: cophenetic index 690; 0.9 s; peak memory 489 MiB.
2026-10-05T08:29:16Z INFO [906/3739] 4c3f1207-68c9-4029-935f-2c694af055ec: cophenetic index 321053; 15.1 s; peak memory 489 MiB.
2026-10-05T08:29:19Z INFO [907/3739] 4c3f13e3-f454-4b26-b808-de492132c9aa: cophenetic index 34658; 2.9 s; peak memory 489 MiB.
2026-10-05T08:29:25Z INFO [908/3739] 4c3fef95-ed04-418a-8054-2769f20b7a6e: cophenetic index 64365; 6.7 s; peak memory 489 MiB.
2026-10-05T08:29:26Z INFO [909/3739] 4c403134-a222-4ebe-b256-171f95c065b1: cophenetic index 1949; 1.2 s; peak memory 489 MiB.
2026-10-05T08:29:33Z INFO [910/3739] 4c40cf14-ec3a-4e07-bd61-5943831c231c: cophenetic index 33285; 6.2 s; peak memory 489 MiB.
2026-10-05T08:29:34Z INFO [911/3739] 4c41296e-0a7c-4fdd-93ad-e82a6ad06a9e: cophenetic index 2570; 1.6 s; peak memory 489 MiB.
2026-10-05T08:29:35Z INFO [912/3739] 4c41929e-0232-4fd7-90f5-d63d04f4861a: cophenetic index 624; 1.1 s; peak memory 489 MiB.
2026-10-05T08:29:37Z INFO [913/3739] 4c427260-5653-40ea-b5cc-f47fc73ea1ae: cophenetic index 2570; 1.3 s; peak memory 489 MiB.
2026-10-05T08:29:40Z INFO [914/3739] 4c441660-863b-459a-99db-adb72b09fbe9: cophenetic index 5473; 3.3 s; peak memory 489 MiB.
2026-10-05T08:29:42Z INFO [915/3739] 4c444f92-1f9e-45e9-bebe-830917e1be63: cophenetic index 99150; 2.4 s; peak memory 489 MiB.
2026-10-05T08:29:43Z INFO [916/3739] 4c447606-e135-4801-b40f-719ab8053e6b: cophenetic index 3087; 1.2 s; peak memory 489 MiB.
2026-10-05T08:29:45Z INFO [917/3739] 4c44d08e-ada9-44bc-8e9f-876fc60daf61: cophenetic index 624; 1.1 s; peak memory 489 MiB.
2026-10-05T08:29:46Z INFO [918/3739] 4c44ea9f-4186-40e8-8881-442213330cad: cophenetic index 624; 1.1 s; peak memory 489 MiB.
2026-10-05T08:29:46Z INFO [919/3739] 4c45b9ce-76b7-42bd-b0ae-b742cfb8f910: cophenetic index 490; 0.8 s; peak memory 489 MiB.
2026-10-05T08:29:49Z INFO [920/3739] 4c45f391-1648-40c5-b9ee-c1ba10838d47: cophenetic index 959; 2.4 s; peak memory 489 MiB.
2026-10-05T08:29:50Z INFO [921/3739] 4c46396e-a21d-49ab-9b5f-148368002f91: cophenetic index 624; 1.1 s; peak memory 489 MiB.
2026-10-05T08:29:51Z INFO [922/3739] 4c46eaa1-c423-4e3f-b76b-ba68da6d9e40: cophenetic index 497; 1.2 s; peak memory 489 MiB.
2026-10-05T08:29:52Z INFO [923/3739] 4c473e3f-48cf-4c52-9da5-5727a86888a0: cophenetic index 23376; 1.4 s; peak memory 489 MiB.
2026-10-05T08:29:55Z INFO [924/3739] 4c4797b3-855a-42cc-ba44-c8b7ebb01c36: cophenetic index 895; 2.3 s; peak memory 489 MiB.
2026-10-05T08:29:56Z INFO [925/3739] 4c4908d6-380a-4bcf-8859-f6bfba1a80a9: cophenetic index 3192; 1.3 s; peak memory 489 MiB.
2026-10-05T08:29:57Z INFO [926/3739] 4c4a96f5-7d67-4d56-92e9-f78ad89e9111: cophenetic index 2625; 1.5 s; peak memory 489 MiB.
2026-10-05T08:29:59Z INFO [927/3739] 4c4ade10-3119-4e65-93e9-bda777c2b8c0: cophenetic index 2776; 1.2 s; peak memory 489 MiB.
2026-10-05T08:30:03Z INFO [928/3739] 4c4b4ae2-eef4-4877-9345-85318579e78d: cophenetic index 39398; 4.8 s; peak memory 489 MiB.
2026-10-05T08:30:05Z INFO [929/3739] 4c4b95b0-312f-4d4e-b6cf-2f09613a1539: cophenetic index 3004; 1.3 s; peak memory 489 MiB.
2026-10-05T08:31:41Z INFO [930/3739] 4c4c4185-b759-467d-893c-c9e5b6dc42c2: cophenetic index 942062; 95.9 s; peak memory 489 MiB.
2026-10-05T08:31:43Z INFO [931/3739] 4c4c6c7d-ced8-451d-a277-ecdc53f052f4: cophenetic index 2570; 2.0 s; peak memory 489 MiB.
2026-10-05T08:31:44Z INFO [932/3739] 4c4cde09-8b99-433c-8fbc-6e4d52b2fc81: cophenetic index 624; 1.1 s; peak memory 489 MiB.
2026-10-05T08:31:50Z INFO [933/3739] 4c4d65d9-6925-45a7-aa0d-ca79e65fd73a: cophenetic index 12973; 6.4 s; peak memory 489 MiB.
2026-10-05T08:31:51Z INFO [934/3739] 4c4dc687-33ee-493c-aa5c-7aeddde9afd5: cophenetic index 624; 1.1 s; peak memory 489 MiB.
2026-10-05T08:31:54Z INFO [935/3739] 4c4dd6cd-346c-45fd-9694-bd7e470cafd7: cophenetic index 4609; 2.3 s; peak memory 489 MiB.
2026-10-05T08:31:57Z INFO [936/3739] 4c4e4399-9bbc-4697-a269-2b80a53fbf95: cophenetic index 2391; 2.8 s; peak memory 489 MiB.
2026-10-05T08:31:58Z INFO [937/3739] 4c4e5a9e-521d-4509-9287-2e8af459cca9: cophenetic index 624; 1.1 s; peak memory 489 MiB.
2026-10-05T08:31:59Z INFO [938/3739] 4c4fe421-b86c-4ac6-aa36-4101c22b184c: cophenetic index 2920; 1.2 s; peak memory 489 MiB.
2026-10-05T08:32:00Z INFO [939/3739] 4c506952-9713-41b0-8614-22934b88e556: cophenetic index 2625; 1.5 s; peak memory 489 MiB.
2026-10-05T08:32:12Z INFO [940/3739] 4c508e31-ee14-4fd2-8093-f8b1898c45f6: cophenetic index 166014; 11.2 s; peak memory 489 MiB.
2026-10-05T08:32:13Z INFO [941/3739] 4c50ff81-24e1-46b6-bc64-3880d59fc582: cophenetic index 2625; 1.5 s; peak memory 489 MiB.
2026-10-05T08:32:15Z INFO [942/3739] 4c51bc53-39b0-4517-b21d-fa3e2a8c5518: cophenetic index 1114; 1.8 s; peak memory 489 MiB.
2026-10-05T08:32:16Z INFO [943/3739] 4c51be12-b06a-46a2-aba0-1e5f322c93bd: cophenetic index 3004; 1.3 s; peak memory 489 MiB.
2026-10-05T08:32:17Z INFO [944/3739] 4c51cb98-a0d6-42d2-82df-8a5690c4125a: cophenetic index 624; 1.0 s; peak memory 489 MiB.
2026-10-05T08:32:18Z INFO [945/3739] 4c528dd5-5144-4e7e-83ab-4958390cf9d4: cophenetic index 490; 0.8 s; peak memory 489 MiB.
2026-10-05T08:32:20Z INFO [946/3739] 4c52ceb8-ede3-4edd-9436-2dcaa44ec402: cophenetic index 2625; 1.7 s; peak memory 489 MiB.
2026-10-05T08:32:21Z INFO [947/3739] 4c52e0d6-c5b2-4a4f-8430-a3d96433e23a: cophenetic index 3087; 1.2 s; peak memory 489 MiB.
2026-10-05T08:32:23Z INFO [948/3739] 4c5313f8-6d47-4cad-8f66-72bbde97e5e8: cophenetic index 2332; 2.2 s; peak memory 489 MiB.
2026-10-05T08:32:25Z INFO [949/3739] 4c5338f4-828d-4eac-a909-13b52dd834c7: cophenetic index 702; 1.8 s; peak memory 489 MiB.
2026-10-05T08:32:26Z INFO [950/3739] 4c539e07-65ba-49d2-ae49-98ae49c245d1: cophenetic index 624; 1.0 s; peak memory 489 MiB.
2026-10-05T08:32:26Z INFO [950/3739] 4c539e07-65ba-49d2-ae49-98ae49c245d1: checkpointed 83675 records.
2026-10-05T08:32:28Z INFO [951/3739] 4c5400c3-a190-4c6d-af7a-8d2eed3788d5: cophenetic index 33998; 1.9 s; peak memory 489 MiB.
2026-10-05T08:32:30Z INFO [952/3739] 4c555de1-fcb5-4826-a545-5f9e7f041b69: cophenetic index 99120; 1.8 s; peak memory 489 MiB.
2026-10-05T08:32:31Z INFO [953/3739] 4c558f59-03f6-4b93-980b-be2bf8880125: cophenetic index 33962; 1.6 s; peak memory 489 MiB.
2026-10-05T08:32:32Z INFO [954/3739] 4c55d833-c7dc-4099-bdb4-ae8d44452813: cophenetic index 560; 0.9 s; peak memory 489 MiB.
2026-10-05T08:32:33Z INFO [955/3739] 4c561c70-4305-4057-a5b6-d1d65aee3caa: cophenetic index 3004; 1.1 s; peak memory 489 MiB.
2026-10-05T08:32:34Z INFO [956/3739] 4c5642cb-da61-4209-9c9b-01d69b6ebbf2: cophenetic index 490; 0.7 s; peak memory 489 MiB.
2026-10-05T08:32:36Z INFO [957/3739] 4c56538f-3c55-4c2f-9b27-aa7fd996f5e6: cophenetic index 99114; 1.8 s; peak memory 489 MiB.
2026-10-05T08:32:37Z INFO [958/3739] 4c5726bf-4184-499a-a6b3-f1f7c8ff62ba: cophenetic index 3004; 1.3 s; peak memory 489 MiB.
2026-10-05T08:32:38Z INFO [959/3739] 4c57ca54-348e-4bb3-ab28-a8638430181c: cophenetic index 3004; 1.4 s; peak memory 489 MiB.
2026-10-05T08:32:39Z INFO [960/3739] 4c590596-ea6c-4911-b387-8c3a847c250a: cophenetic index 508; 1.0 s; peak memory 489 MiB.
2026-10-05T08:32:41Z INFO [961/3739] 4c591197-0fd1-424c-a02b-323bdf0e72a9: cophenetic index 3087; 1.3 s; peak memory 489 MiB.
2026-10-05T08:32:42Z INFO [962/3739] 4c59652d-4c99-4777-93cb-9b15e9ddec30: cophenetic index 624; 1.0 s; peak memory 489 MiB.
2026-10-05T08:32:52Z INFO [963/3739] 4c59941f-7182-4f6b-a346-6935f516e924: cophenetic index 728653; 10.3 s; peak memory 489 MiB.
2026-10-05T08:32:53Z INFO [964/3739] 4c5a2873-1319-4397-8b93-cc1111f4052d: cophenetic index 3087; 1.2 s; peak memory 489 MiB.
2026-10-05T08:32:55Z INFO [965/3739] 4c5c4980-44e5-4b55-8ee0-041977967d9a: cophenetic index 766; 1.6 s; peak memory 489 MiB.
2026-10-05T08:32:56Z INFO [966/3739] 4c5c72bf-1bf8-462d-aa09-b0aa5905f6a1: cophenetic index 624; 1.1 s; peak memory 489 MiB.
2026-10-05T08:32:58Z INFO [967/3739] 4c5cc7da-eda6-4480-9058-91c50b3fc59f: cophenetic index 895; 2.3 s; peak memory 489 MiB.
2026-10-05T08:32:59Z INFO [968/3739] 4c5d0102-03da-4c10-a759-94bfefeecf91: cophenetic index 624; 1.1 s; peak memory 489 MiB.
2026-10-05T08:33:01Z INFO [969/3739] 4c5d65b9-9fb7-475b-b28f-755ba969b06c: cophenetic index 2724; 1.5 s; peak memory 489 MiB.
2026-10-05T08:33:06Z INFO [970/3739] 4c5ddb3b-c83e-4eb5-a438-6f109a9c0b58: cophenetic index 9548; 5.4 s; peak memory 489 MiB.
2026-10-05T08:33:13Z INFO [971/3739] 4c5f282c-638c-40a2-9616-f87bef75a808: cophenetic index 14389; 6.3 s; peak memory 489 MiB.
2026-10-05T08:33:14Z INFO [972/3739] 4c5f7620-8ac2-48ec-969d-5fa556df1d8c: cophenetic index 33986; 1.5 s; peak memory 489 MiB.
2026-10-05T08:33:15Z INFO [973/3739] 4c5fbb99-cdf6-41ed-ab1e-8742ec32ab4b: cophenetic index 446; 0.7 s; peak memory 489 MiB.
2026-10-05T08:33:16Z INFO [974/3739] 4c60915a-07e9-4d17-b699-7fc504069d7a: cophenetic index 762; 0.8 s; peak memory 489 MiB.
2026-10-05T08:33:17Z INFO [975/3739] 4c60b03b-c2a6-428b-baae-cf1779a6c741: cophenetic index 690; 1.0 s; peak memory 489 MiB.
2026-10-05T08:33:18Z INFO [976/3739] 4c60caf0-e645-4502-8406-168fdbd70f69: cophenetic index 2625; 1.5 s; peak memory 489 MiB.
2026-10-05T08:33:20Z INFO [977/3739] 4c60ea9b-0d9f-4dd3-8f53-43e15d6f62b6: cophenetic index 3087; 1.3 s; peak memory 489 MiB.
2026-10-05T08:33:21Z INFO [978/3739] 4c616f9c-89e8-4aae-8312-175a60010e1b: cophenetic index 3087; 1.1 s; peak memory 489 MiB.
2026-10-05T08:33:22Z INFO [979/3739] 4c6221f3-b92d-49d4-9ddf-1c7164a1ad59: cophenetic index 624; 1.0 s; peak memory 489 MiB.
2026-10-05T08:33:23Z INFO [980/3739] 4c625870-24d8-419b-910d-b9212631ae9b: cophenetic index 3087; 1.2 s; peak memory 489 MiB.
2026-10-05T08:33:30Z INFO [981/3739] 4c641321-d6fe-4ee2-a939-2aeb06c12af1: cophenetic index 14137; 6.8 s; peak memory 489 MiB.
2026-10-05T08:33:32Z INFO [982/3739] 4c651238-046a-4c27-bd41-09b732ec822c: cophenetic index 99120; 2.0 s; peak memory 489 MiB.
2026-10-05T08:33:33Z INFO [983/3739] 4c65fd1e-c40d-46b6-a99c-a1222cd9a979: cophenetic index 605; 1.2 s; peak memory 489 MiB.
2026-10-05T08:33:34Z INFO [984/3739] 4c662bac-bd15-4d71-80a6-ba78ecdb92ff: cophenetic index 3192; 1.2 s; peak memory 489 MiB.
2026-10-05T08:33:35Z INFO [985/3739] 4c6715fa-0810-439d-ba34-04319ee1d5d6: cophenetic index 624; 1.1 s; peak memory 489 MiB.
2026-10-05T08:33:36Z INFO [986/3739] 4c67b903-c5ca-405b-80fd-512fb1b2b995: cophenetic index 968; 0.9 s; peak memory 489 MiB.
2026-10-05T08:33:37Z INFO [987/3739] 4c67cd3d-0867-473f-85cb-695539337e6a: cophenetic index 490; 0.8 s; peak memory 489 MiB.
2026-10-05T08:33:38Z INFO [988/3739] 4c68bf8e-3c1a-43b8-a436-56696b365287: cophenetic index 624; 1.2 s; peak memory 489 MiB.
2026-10-05T08:33:39Z INFO [989/3739] 4c692868-4a27-4527-8e1f-d4e5c4829e6b: cophenetic index 446; 0.8 s; peak memory 489 MiB.
2026-10-05T08:33:40Z INFO [990/3739] 4c695fbe-633b-4c18-ba35-6c17c0134d1e: cophenetic index 490; 0.7 s; peak memory 489 MiB.
2026-10-05T08:33:41Z INFO [991/3739] 4c6969a4-6731-49f4-a636-bc299dbb5121: cophenetic index 624; 0.9 s; peak memory 489 MiB.
2026-10-05T08:33:47Z INFO [992/3739] 4c69beb2-7c7e-4cab-92d3-593b44d30961: cophenetic index 56435; 7.0 s; peak memory 489 MiB.
2026-10-05T08:33:49Z INFO [993/3739] 4c6bc9e2-0aa6-4954-97bc-acfc5af41bfe: cophenetic index 33962; 1.6 s; peak memory 489 MiB.
2026-10-05T08:33:50Z INFO [994/3739] 4c6bef28-52e0-40a0-b847-d26e90b01e04: cophenetic index 651; 0.8 s; peak memory 489 MiB.
2026-10-05T08:33:51Z INFO [995/3739] 4c6ccf55-ecf9-4ea6-a02b-db03f2a0f9ac: cophenetic index 490; 0.8 s; peak memory 489 MiB.
2026-10-05T08:33:52Z INFO [996/3739] 4c6cd55d-4ca6-4cc2-80f9-6a19193ae295: cophenetic index 624; 1.0 s; peak memory 489 MiB.
2026-10-05T08:33:53Z INFO [997/3739] 4c6ed25c-91f6-40ba-a5b5-7f7fc54b0b31: cophenetic index 784; 1.7 s; peak memory 489 MiB.
2026-10-05T08:33:55Z INFO [998/3739] 4c6efe51-0e86-4f91-b1fb-4afb538a9f39: cophenetic index 2551; 1.5 s; peak memory 489 MiB.
2026-10-05T08:33:56Z INFO [999/3739] 4c70918c-6a08-4ec0-8a19-eeda70f85846: cophenetic index 3004; 1.1 s; peak memory 489 MiB.
2026-10-05T08:33:57Z INFO [1000/3739] 4c71c6bf-4bcc-499e-9d97-d8bc840f78f8: cophenetic index 1087; 1.3 s; peak memory 489 MiB.
2026-10-05T08:33:57Z INFO [1000/3739] 4c71c6bf-4bcc-499e-9d97-d8bc840f78f8: checkpointed 83725 records.
2026-10-05T08:34:01Z INFO [1001/3739] 4c71c90e-a13c-4382-b2fe-28393b05394f: cophenetic index 5473; 3.4 s; peak memory 489 MiB.
2026-10-05T08:34:02Z INFO [1002/3739] 4c72aff3-ec1d-4e54-b89b-3882fb54df59: cophenetic index 33962; 1.5 s; peak memory 489 MiB.
2026-10-05T08:34:03Z INFO [1003/3739] 4c72be39-564a-409c-834d-fb18551d0b31: cophenetic index 490; 0.7 s; peak memory 489 MiB.
2026-10-05T08:34:04Z INFO [1004/3739] 4c744c7e-e504-4e36-9560-374326ac3784: cophenetic index 2625; 1.5 s; peak memory 489 MiB.
2026-10-05T08:34:06Z INFO [1005/3739] 4c766719-477f-493c-b320-5b473bebca3c: cophenetic index 624; 1.1 s; peak memory 489 MiB.
2026-10-05T08:34:07Z INFO [1006/3739] 4c76791e-17b2-4a76-a71a-f43e60c5e2a3: cophenetic index 624; 1.0 s; peak memory 489 MiB.
2026-10-05T08:34:08Z INFO [1007/3739] 4c767a39-b380-4f1b-898b-cffcdee74d0a: cophenetic index 590; 1.1 s; peak memory 489 MiB.
2026-10-05T08:34:08Z INFO [1008/3739] 4c76bad3-5fc2-4e77-be8f-113212b3e263: cophenetic index 490; 0.7 s; peak memory 489 MiB.
2026-10-05T08:34:09Z INFO [1009/3739] 4c771c89-d82c-42dd-a4c5-5a2f486a7423: cophenetic index 624; 1.0 s; peak memory 489 MiB.
2026-10-05T08:34:10Z INFO [1010/3739] 4c777d0c-1ace-4e5b-afe2-9cf6f6d069cb: cophenetic index 649; 1.1 s; peak memory 489 MiB.
2026-10-05T08:34:12Z INFO [1011/3739] 4c77dde4-8759-4a2f-a115-680d989a0bee: cophenetic index 99120; 1.8 s; peak memory 489 MiB.
2026-10-05T08:34:14Z INFO [1012/3739] 4c784092-56fd-48f9-bf41-1e3e2965daf0: cophenetic index 33962; 1.4 s; peak memory 489 MiB.
2026-10-05T08:34:14Z INFO [1013/3739] 4c78a731-bc0f-4a43-a31f-47eb7ed9507c: cophenetic index 729; 0.8 s; peak memory 489 MiB.
2026-10-05T08:34:20Z INFO [1014/3739] 4c78dc12-4660-4619-b457-d27681919109: cophenetic index 69102; 5.4 s; peak memory 489 MiB.
2026-10-05T08:34:21Z INFO [1015/3739] 4c7964e9-2f98-40c2-bf10-9ac5e6177a63: cophenetic index 2625; 1.4 s; peak memory 489 MiB.
2026-10-05T08:34:22Z INFO [1016/3739] 4c79dd9d-2931-4dcb-bfef-70eadfb28834: cophenetic index 624; 1.1 s; peak memory 489 MiB.
2026-10-05T08:34:23Z INFO [1017/3739] 4c7a3347-d7d9-4db9-9df1-876de9f64bdb: cophenetic index 624; 1.0 s; peak memory 489 MiB.
2026-10-05T08:34:25Z INFO [1018/3739] 4c7a5ac2-54ba-4f87-bf91-61b7f10d95ed: cophenetic index 605; 1.5 s; peak memory 489 MiB.
2026-10-05T08:34:26Z INFO [1019/3739] 4c7b7380-957f-49c0-9bc6-cdef91646414: cophenetic index 3087; 1.3 s; peak memory 489 MiB.
2026-10-05T08:34:27Z INFO [1020/3739] 4c7c8730-3b37-460c-9825-7ef3baed82af: cophenetic index 624; 1.0 s; peak memory 489 MiB.
2026-10-05T08:34:29Z INFO [1021/3739] 4c7da133-aa88-450b-a2d1-25857dccb742: cophenetic index 33818; 1.6 s; peak memory 489 MiB.
2026-10-05T08:34:30Z INFO [1022/3739] 4c7dcd0e-9ba3-40e5-88c7-0b37852fd5d7: cophenetic index 490; 0.9 s; peak memory 489 MiB.
2026-10-05T08:34:37Z INFO [1023/3739] 4c7e0bdd-6bec-4906-ab93-4523a3e035f2: cophenetic index 14699; 7.6 s; peak memory 489 MiB.
2026-10-05T08:34:39Z INFO [1024/3739] 4c7e7272-77cd-4bf5-a607-367fff3d8387: cophenetic index 3004; 1.4 s; peak memory 489 MiB.
2026-10-05T08:34:39Z INFO [1025/3739] 4c7fdbad-40ac-451e-8e4a-18db6e8322c8: cophenetic index 431; 0.9 s; peak memory 489 MiB.
2026-10-05T08:34:41Z INFO [1026/3739] 4c804d5a-ba73-4552-b818-182006cb80dc: cophenetic index 3192; 1.2 s; peak memory 489 MiB.
2026-10-05T08:34:41Z INFO [1027/3739] 4c805f7a-2919-4728-9a2e-86f89da42e92: cophenetic index 651; 0.8 s; peak memory 489 MiB.
2026-10-05T08:34:42Z INFO [1028/3739] 4c8100dd-81c6-419e-86e2-555281f94987: cophenetic index 624; 1.0 s; peak memory 489 MiB.
2026-10-05T08:34:44Z INFO [1029/3739] 4c8107a8-5e07-4683-ba31-779c0381e749: cophenetic index 99150; 1.9 s; peak memory 489 MiB.
2026-10-05T08:34:45Z INFO [1030/3739] 4c81cf27-18e3-4663-af0c-3a5374bfd8f9: cophenetic index 690; 0.9 s; peak memory 489 MiB.
2026-10-05T08:34:47Z INFO [1031/3739] 4c824ae3-87b4-4788-9799-0b630f033513: cophenetic index 3004; 1.2 s; peak memory 489 MiB.
2026-10-05T08:34:48Z INFO [1032/3739] 4c83e573-0098-4531-af3b-ddf936082ed7: cophenetic index 2974; 1.2 s; peak memory 489 MiB.
2026-10-05T08:34:49Z INFO [1033/3739] 4c85bdf0-c535-4318-9dd9-014fcb03b013: cophenetic index 624; 1.0 s; peak memory 489 MiB.
2026-10-05T08:34:50Z INFO [1034/3739] 4c86a516-1f61-4168-9e4a-d0dcc46d3123: cophenetic index 23272; 1.2 s; peak memory 489 MiB.
2026-10-05T08:34:51Z INFO [1035/3739] 4c86afe5-a4c0-476d-8fc6-c4ab71bccf1c: cophenetic index 33968; 1.5 s; peak memory 489 MiB.
2026-10-05T08:34:52Z INFO [1036/3739] 4c86b995-c47b-4d31-86f5-ecc076ca4e03: cophenetic index 560; 0.9 s; peak memory 489 MiB.
2026-10-05T08:34:54Z INFO [1037/3739] 4c86d0db-74ad-45e6-95d1-d3ba89570114: cophenetic index 2625; 1.2 s; peak memory 489 MiB.
2026-10-05T08:34:55Z INFO [1038/3739] 4c86d32c-2405-4de2-8720-42ad276e97c7: cophenetic index 624; 1.0 s; peak memory 489 MiB.
2026-10-05T08:35:01Z INFO [1039/3739] 4c87039a-5071-416d-83f2-c95c0bb983a0: cophenetic index 94694; 6.6 s; peak memory 489 MiB.
2026-10-05T08:35:03Z INFO [1040/3739] 4c871b0b-c85b-41e8-9a08-c2750932872c: cophenetic index 33998; 2.0 s; peak memory 489 MiB.
2026-10-05T08:35:05Z INFO [1041/3739] 4c87e807-bc72-4307-a5e3-4b506de509ca: cophenetic index 3004; 1.6 s; peak memory 489 MiB.
2026-10-05T08:35:06Z INFO [1042/3739] 4c8850e0-d850-4997-aebb-95109e0a5e65: cophenetic index 624; 1.0 s; peak memory 489 MiB.
2026-10-05T08:35:07Z INFO [1043/3739] 4c885da6-b37b-414d-a043-09f156277785: cophenetic index 893; 1.7 s; peak memory 489 MiB.
2026-10-05T08:35:09Z INFO [1044/3739] 4c8919f1-ed76-4596-a584-952dd3dff4ad: cophenetic index 3004; 1.3 s; peak memory 489 MiB.
2026-10-05T08:35:10Z INFO [1045/3739] 4c8924cc-9da5-4ec6-ab8e-56159a4da198: cophenetic index 2625; 1.6 s; peak memory 489 MiB.
2026-10-05T08:35:11Z INFO [1046/3739] 4c89dd7e-a3ee-4232-aba8-3fc700e2b81b: cophenetic index 624; 0.9 s; peak memory 489 MiB.
2026-10-05T08:35:13Z INFO [1047/3739] 4c8bcb98-a295-4cf3-8aee-17075e8bcfb2: cophenetic index 2625; 1.7 s; peak memory 489 MiB.
2026-10-05T08:35:14Z INFO [1048/3739] 4c8bcc6e-8f85-4663-aeab-e53a4cdfa332: cophenetic index 433; 0.8 s; peak memory 489 MiB.
2026-10-05T08:35:21Z INFO [1049/3739] 4c8c6c99-f570-4e0a-9de9-5c6058542cef: cophenetic index 152792; 6.9 s; peak memory 489 MiB.
2026-10-05T08:35:22Z INFO [1050/3739] 4c8c82d1-d1e7-4673-a845-e3d0828836f4: cophenetic index 624; 1.0 s; peak memory 489 MiB.
2026-10-05T08:35:22Z INFO [1050/3739] 4c8c82d1-d1e7-4673-a845-e3d0828836f4: checkpointed 83775 records.
2026-10-05T08:35:23Z INFO [1051/3739] 4c8cf250-c2ba-4600-a6ad-4dc0bc9c631d: cophenetic index 2974; 1.3 s; peak memory 489 MiB.
2026-10-05T08:35:24Z INFO [1052/3739] 4c8d2086-9c08-4539-8530-0de9e0b4f03d: cophenetic index 649; 1.1 s; peak memory 489 MiB.
2026-10-05T08:35:34Z INFO [1053/3739] 4c8d4566-c7f0-46a8-ac0f-75a08711595a: cophenetic index 2800787; 9.7 s; peak memory 489 MiB.
2026-10-05T08:35:35Z INFO [1054/3739] 4c8e060a-d0dc-40f5-8f54-832cf629cabf: cophenetic index 2625; 1.4 s; peak memory 489 MiB.
2026-10-05T08:35:37Z INFO [1055/3739] 4c8f3513-ca9c-4e3b-8af0-8e486b41010d: cophenetic index 1087; 1.6 s; peak memory 489 MiB.
2026-10-05T08:35:38Z INFO [1056/3739] 4c8f5605-3aa8-4188-80ad-1bf6f6011ed4: cophenetic index 490; 0.7 s; peak memory 489 MiB.
2026-10-05T08:35:39Z INFO [1057/3739] 4c907eda-b105-483d-9b10-dd07210ec1fa: cophenetic index 554; 1.3 s; peak memory 489 MiB.
2026-10-05T08:35:40Z INFO [1058/3739] 4c9151bb-ac12-4cab-ad52-dc86cbdd7d47: cophenetic index 624; 1.0 s; peak memory 489 MiB.
2026-10-05T08:35:41Z INFO [1059/3739] 4c9319b9-c604-4234-ba1f-18bc7781e433: cophenetic index 3087; 1.1 s; peak memory 489 MiB.
2026-10-05T08:35:42Z INFO [1060/3739] 4c935bfd-d1b7-46d1-b7fb-a4ecd9fc22ac: cophenetic index 649; 1.1 s; peak memory 489 MiB.
2026-10-05T08:35:43Z INFO [1061/3739] 4c93ba00-21be-4d0a-aa68-88ae8eb85165: cophenetic index 3004; 1.1 s; peak memory 489 MiB.
2026-10-05T08:35:44Z INFO [1062/3739] 4c948fe7-2988-4688-8fcc-6420a5329d7e: cophenetic index 3087; 1.3 s; peak memory 489 MiB.
2026-10-05T08:35:53Z INFO [1063/3739] 4c949de4-0bf8-422a-9e6d-22ba76633b68: cophenetic index 161795; 8.1 s; peak memory 489 MiB.
2026-10-05T08:35:54Z INFO [1064/3739] 4c94c023-e48f-4bce-b918-cb7ce2626d62: cophenetic index 431; 1.0 s; peak memory 489 MiB.
2026-10-05T08:35:56Z INFO [1065/3739] 4c94c5f9-1843-44fb-9447-8a7b2e415dfe: cophenetic index 33998; 2.0 s; peak memory 489 MiB.
2026-10-05T08:36:07Z INFO [1066/3739] 4c94d4c2-5e7c-4d74-9fb3-369e9c473b67: cophenetic index 170460; 11.1 s; peak memory 489 MiB.
2026-10-05T08:36:08Z INFO [1067/3739] 4c9519dc-38bf-435b-87b8-c1e24295a114: cophenetic index 24032; 1.3 s; peak memory 489 MiB.
2026-10-05T08:36:09Z INFO [1068/3739] 4c962079-3219-4b0d-b7e3-ebeed81ec213: cophenetic index 2570; 1.2 s; peak memory 489 MiB.
2026-10-05T08:36:11Z INFO [1069/3739] 4c966647-b4e1-4012-b346-b1b6b5aaa5c6: cophenetic index 2625; 2.0 s; peak memory 489 MiB.
2026-10-05T08:36:13Z INFO [1070/3739] 4c9734c0-1f33-4be1-90b5-4cbc8e738abb: cophenetic index 2570; 1.6 s; peak memory 489 MiB.
2026-10-05T08:36:14Z INFO [1071/3739] 4c9743c3-2a7e-49fc-bdb7-19aae857d4f7: cophenetic index 3087; 1.3 s; peak memory 489 MiB.
2026-10-05T08:36:15Z INFO [1072/3739] 4c9842bd-9733-480a-b5ef-f039b053b503: cophenetic index 23975; 1.3 s; peak memory 489 MiB.
2026-10-05T08:36:30Z INFO [1073/3739] 4c987197-3e21-44cd-a591-d9bb4f401e07: cophenetic index 253962; 14.9 s; peak memory 489 MiB.
2026-10-05T08:36:31Z INFO [1074/3739] 4c98741b-da44-4f09-9220-3b5aa6f7e4f1: cophenetic index 690; 1.0 s; peak memory 489 MiB.
2026-10-05T08:36:34Z INFO [1075/3739] 4c98c640-c563-4af0-a714-67756ca91937: cophenetic index 895; 2.3 s; peak memory 489 MiB.
2026-10-05T08:36:35Z INFO [1076/3739] 4c992d2c-aeeb-47fd-93f8-888ce97ec806: cophenetic index 2654; 1.8 s; peak memory 489 MiB.
2026-10-05T08:36:36Z INFO [1077/3739] 4c9a833e-4d51-4e43-9b22-f197ed82032e: cophenetic index 624; 1.1 s; peak memory 489 MiB.
2026-10-05T08:36:38Z INFO [1078/3739] 4c9ae5c8-25cb-4cf5-b329-52e98afea976: cophenetic index 3004; 1.3 s; peak memory 489 MiB.
2026-10-05T08:36:46Z INFO [1079/3739] 4c9b08a1-61e2-408a-b323-e8d4b4b2f97a: cophenetic index 115782; 8.2 s; peak memory 489 MiB.
2026-10-05T08:36:47Z INFO [1080/3739] 4c9bf2f6-4462-43a4-98fd-4de20fc14a13: cophenetic index 624; 1.4 s; peak memory 489 MiB.
2026-10-05T08:36:48Z INFO [1081/3739] 4c9c679e-f40f-406a-995a-4654e20abe8e: cophenetic index 2119; 1.0 s; peak memory 489 MiB.
2026-10-05T08:36:56Z INFO [1082/3739] 4c9d0001-5ef1-465b-9d42-a81a6b6d23b8: cophenetic index 62451; 7.4 s; peak memory 489 MiB.
2026-10-05T08:37:07Z INFO [1083/3739] 4c9e13ab-ae33-4cce-83c5-aec9439ce906: cophenetic index 253173; 11.6 s; peak memory 489 MiB.
2026-10-05T08:37:09Z INFO [1084/3739] 4c9e244d-90c3-4c19-8ba4-b81a1592dc77: cophenetic index 2625; 1.8 s; peak memory 489 MiB.
2026-10-05T08:37:11Z INFO [1085/3739] 4c9f3233-32ec-41f1-b6da-3a4e1c53222d: cophenetic index 2625; 1.7 s; peak memory 489 MiB.
2026-10-05T08:37:12Z INFO [1086/3739] 4ca0662e-2fd4-4b7d-ada0-c054ed226b58: cophenetic index 630; 1.0 s; peak memory 489 MiB.
2026-10-05T08:37:14Z INFO [1087/3739] 4ca15c48-5ab3-4326-a8cc-f90c05eabdc1: cophenetic index 2625; 1.7 s; peak memory 489 MiB.
2026-10-05T08:37:16Z INFO [1088/3739] 4ca1b389-3a1b-46e2-8216-8951a61095c4: cophenetic index 326483; 2.2 s; peak memory 489 MiB.
2026-10-05T08:37:17Z INFO [1089/3739] 4ca2d11c-335c-48c1-a9fd-eb22e44ba71a: cophenetic index 569; 1.1 s; peak memory 489 MiB.
2026-10-05T08:37:24Z INFO [1090/3739] 4ca4540d-8c5b-4db9-9b2f-d3319dbe1187: cophenetic index 88876; 6.9 s; peak memory 489 MiB.
2026-10-05T08:37:30Z INFO [1091/3739] 4ca456ac-42ab-42c6-a2bd-bd1c485ae5f1: cophenetic index 12973; 6.2 s; peak memory 489 MiB.
2026-10-05T08:37:38Z INFO [1092/3739] 4ca4fdde-6607-4771-9eb7-22f1615affc2: cophenetic index 16035; 8.2 s; peak memory 489 MiB.
2026-10-05T08:37:40Z INFO [1093/3739] 4ca50e30-6a27-40ef-9cab-60c838c919e2: cophenetic index 2570; 1.4 s; peak memory 489 MiB.
2026-10-05T08:37:47Z INFO [1094/3739] 4ca67b5a-4c05-4c53-89ee-cecfd503ade1: cophenetic index 6715; 7.2 s; peak memory 489 MiB.
2026-10-05T08:37:50Z INFO [1095/3739] 4ca6b01b-422f-4567-862f-3f2f7b7f0aaa: cophenetic index 6228; 3.5 s; peak memory 489 MiB.
2026-10-05T08:37:51Z INFO [1096/3739] 4ca772c5-e71f-4618-98fd-122244a5f211: cophenetic index 649; 1.1 s; peak memory 489 MiB.
2026-10-05T08:37:53Z INFO [1097/3739] 4ca77dce-eea3-4fa8-9a86-3d20a1ca0075: cophenetic index 766; 1.4 s; peak memory 489 MiB.
2026-10-05T08:37:54Z INFO [1098/3739] 4ca7a259-ca9a-4055-b0b6-d25b8ab9ecee: cophenetic index 649; 1.2 s; peak memory 489 MiB.
2026-10-05T08:37:55Z INFO [1099/3739] 4ca83335-f081-4db8-8046-5b299a6da43a: cophenetic index 1380; 1.4 s; peak memory 489 MiB.
2026-10-05T08:37:57Z INFO [1100/3739] 4ca8b41a-7c3f-4ee1-8c3f-fcde9fa16659: cophenetic index 554; 1.3 s; peak memory 489 MiB.
2026-10-05T08:37:57Z INFO [1100/3739] 4ca8b41a-7c3f-4ee1-8c3f-fcde9fa16659: checkpointed 83825 records.
2026-10-05T08:37:58Z INFO [1101/3739] 4ca8c666-c81c-4ad4-a6b2-2c82d69335bc: cophenetic index 3004; 1.4 s; peak memory 489 MiB.
2026-10-05T08:38:00Z INFO [1102/3739] 4ca8c9b0-83c6-40aa-81a5-562a99a6f4a3: cophenetic index 2625; 1.4 s; peak memory 489 MiB.
2026-10-05T08:38:09Z INFO [1103/3739] 4ca8dd3d-e1d4-404b-a0b6-9f662467c872: cophenetic index 33602; 9.6 s; peak memory 489 MiB.
2026-10-05T08:38:10Z INFO [1104/3739] 4ca8f6eb-1cd2-47ba-b29f-1ab9e081df36: cophenetic index 649; 1.1 s; peak memory 489 MiB.
2026-10-05T08:38:11Z INFO [1105/3739] 4ca9a039-c5d1-4046-9b0f-8ba4ee7363da: cophenetic index 431; 0.9 s; peak memory 489 MiB.
2026-10-05T08:38:14Z INFO [1106/3739] 4ca9aa7c-ba44-4293-9a49-f8b806d2d8a9: cophenetic index 2402; 2.8 s; peak memory 489 MiB.
2026-10-05T08:38:15Z INFO [1107/3739] 4caa4a9d-c271-4346-b0d4-12ee64502119: cophenetic index 497; 1.1 s; peak memory 489 MiB.
2026-10-05T08:38:16Z INFO [1108/3739] 4cabe022-a637-4246-b33a-95b7d2fecfba: cophenetic index 490; 0.9 s; peak memory 489 MiB.
2026-10-05T08:38:17Z INFO [1109/3739] 4cadc6a8-a315-4549-bc25-e1dbb246b12d: cophenetic index 1781; 1.3 s; peak memory 489 MiB.
2026-10-05T08:38:19Z INFO [1110/3739] 4cae42b5-ed21-4a4f-90d8-fa8dafff0e9f: cophenetic index 99114; 1.8 s; peak memory 489 MiB.
2026-10-05T08:38:24Z INFO [1111/3739] 4cae845d-ac1b-47ef-ad00-a572d4b8cb48: cophenetic index 9181; 5.3 s; peak memory 489 MiB.
2026-10-05T08:38:33Z INFO [1112/3739] 4cae84e6-aee2-43cd-ac61-66b35db3acac: cophenetic index 54642; 8.2 s; peak memory 489 MiB.
2026-10-05T08:38:34Z INFO [1113/3739] 4caf201e-61d4-4b7e-93b6-ce4987893e65: cophenetic index 2625; 1.9 s; peak memory 489 MiB.
2026-10-05T08:38:36Z INFO [1114/3739] 4caf4be7-2e08-4985-9215-f78483ae51ba: cophenetic index 33998; 1.7 s; peak memory 489 MiB.
2026-10-05T08:38:42Z INFO [1115/3739] 4cb0720a-8251-4a38-8a36-6b1326551c7d: cophenetic index 9298; 5.6 s; peak memory 489 MiB.
2026-10-05T08:38:43Z INFO [1116/3739] 4cb11758-44ca-4cb6-8363-ac501355a74a: cophenetic index 579; 0.8 s; peak memory 489 MiB.
2026-10-05T08:38:44Z INFO [1117/3739] 4cb2196c-6404-401a-87f7-657b6e1004c4: cophenetic index 2570; 1.8 s; peak memory 489 MiB.
2026-10-05T08:38:46Z INFO [1118/3739] 4cb21991-1097-4a48-b7fe-574ca97e8686: cophenetic index 3087; 1.4 s; peak memory 489 MiB.
2026-10-05T08:38:46Z INFO [1119/3739] 4cb29b80-e058-4d66-8306-423426bb4549: cophenetic index 490; 0.7 s; peak memory 489 MiB.
2026-10-05T08:38:49Z INFO [1120/3739] 4cb2c893-c33c-4e5c-9894-86beb8c12abc: cophenetic index 2570; 2.4 s; peak memory 489 MiB.
2026-10-05T08:38:50Z INFO [1121/3739] 4cb33700-b230-40c7-9ffc-7a2cdf3d6fa1: cophenetic index 624; 1.1 s; peak memory 489 MiB.
2026-10-05T08:38:51Z INFO [1122/3739] 4cb3ba84-b77c-460c-8551-316b9130e43a: cophenetic index 793; 1.6 s; peak memory 489 MiB.
2026-10-05T08:38:53Z INFO [1123/3739] 4cb3ff40-b04b-46c0-a3c3-7fa230ac4a2e: cophenetic index 3004; 1.3 s; peak memory 489 MiB.
2026-10-05T08:38:54Z INFO [1124/3739] 4cb5c740-7b6e-4741-a25e-9b156bb72b01: cophenetic index 3004; 1.2 s; peak memory 489 MiB.
2026-10-05T08:38:55Z INFO [1125/3739] 4cb62e0a-1301-4a75-998e-903f5dc9e550: cophenetic index 649; 1.2 s; peak memory 489 MiB.
2026-10-05T08:38:57Z INFO [1126/3739] 4cb7dcfa-b6b6-49bf-a40a-5b37c9dd3fc4: cophenetic index 23866; 1.3 s; peak memory 489 MiB.
2026-10-05T08:38:58Z INFO [1127/3739] 4cb8ff1c-e79e-4411-80b1-1909bf853677: cophenetic index 3004; 1.3 s; peak memory 489 MiB.
2026-10-05T08:39:00Z INFO [1128/3739] 4cb909fe-da66-4447-9833-8801fa8e7db2: cophenetic index 2609; 2.5 s; peak memory 489 MiB.
2026-10-05T08:39:02Z INFO [1129/3739] 4cb91ca5-0bfc-4e46-9122-bbda9453e31e: cophenetic index 3004; 1.3 s; peak memory 489 MiB.
2026-10-05T08:39:03Z INFO [1130/3739] 4cb934cb-c759-4f2c-ac23-5ec0a7adbe2a: cophenetic index 624; 1.1 s; peak memory 489 MiB.
2026-10-05T08:39:04Z INFO [1131/3739] 4cb934ce-aa76-486f-a9b3-a332cafe1c1d: cophenetic index 2625; 1.2 s; peak memory 489 MiB.
2026-10-05T08:39:05Z INFO [1132/3739] 4cb98a3a-9ac6-4781-a255-844f2ac8359e: cophenetic index 624; 0.9 s; peak memory 489 MiB.
2026-10-05T08:39:06Z INFO [1133/3739] 4cb9e251-d8d2-4de9-83c8-dd09850bcee3: cophenetic index 605; 1.2 s; peak memory 489 MiB.
2026-10-05T08:39:07Z INFO [1134/3739] 4cba90f3-417e-4737-b412-80dc08d2caec: cophenetic index 3057; 1.2 s; peak memory 489 MiB.
2026-10-05T08:39:08Z INFO [1135/3739] 4cbaa633-9726-4820-a82a-b0c41ab23785: cophenetic index 433; 0.8 s; peak memory 489 MiB.
2026-10-05T08:39:09Z INFO [1136/3739] 4cbabfb1-ccbd-4685-9173-4b77404411ad: cophenetic index 3004; 1.2 s; peak memory 489 MiB.
2026-10-05T08:39:10Z INFO [1137/3739] 4cbacbaa-2201-4655-a274-dda067d8a66d: cophenetic index 624; 1.0 s; peak memory 489 MiB.
2026-10-05T08:39:11Z INFO [1138/3739] 4cbc87e5-ce0b-4849-a564-8f4f3695fd70: cophenetic index 690; 1.0 s; peak memory 489 MiB.
2026-10-05T08:39:13Z INFO [1139/3739] 4cbcea07-b9db-4d84-b12a-9ce0227496b7: cophenetic index 26986; 1.6 s; peak memory 489 MiB.
2026-10-05T08:39:14Z INFO [1140/3739] 4cbd3ae6-0da6-4625-98c6-6e8aafdcd42b: cophenetic index 2034; 1.6 s; peak memory 489 MiB.
2026-10-05T08:39:15Z INFO [1141/3739] 4cbd94ec-4383-4bcc-9d73-2bf81c5dcd50: cophenetic index 624; 1.0 s; peak memory 489 MiB.
2026-10-05T08:39:17Z INFO [1142/3739] 4cbe0e97-ec32-4c11-ae76-bf93a724c50e: cophenetic index 99120; 1.8 s; peak memory 489 MiB.
2026-10-05T08:39:19Z INFO [1143/3739] 4cbe1f3e-071a-48ea-b39e-a7b214326cdd: cophenetic index 2844; 1.3 s; peak memory 489 MiB.
2026-10-05T08:39:20Z INFO [1144/3739] 4cbe369e-1297-4544-a874-09e95d3ae429: cophenetic index 1558; 1.4 s; peak memory 489 MiB.
2026-10-05T08:39:22Z INFO [1145/3739] 4cbe8d19-a337-4432-88eb-79f151d62318: cophenetic index 1983; 1.6 s; peak memory 489 MiB.
2026-10-05T08:39:23Z INFO [1146/3739] 4cbeb179-24fe-4b7d-b5ba-a283464eac80: cophenetic index 2625; 1.6 s; peak memory 489 MiB.
2026-10-05T08:39:24Z INFO [1147/3739] 4cc02fda-896f-4b87-ab99-614d4322f109: cophenetic index 401; 0.8 s; peak memory 489 MiB.
2026-10-05T08:39:26Z INFO [1148/3739] 4cc0ef11-ba04-4a85-8553-d08d5ead1bbf: cophenetic index 573; 1.8 s; peak memory 489 MiB.
2026-10-05T08:39:27Z INFO [1149/3739] 4cc2fa17-3e9d-44e6-958c-58b1df975dca: cophenetic index 3215; 1.1 s; peak memory 489 MiB.
2026-10-05T08:39:39Z INFO [1150/3739] 4cc33200-3215-4252-8897-00888a0481d0: cophenetic index 176761; 11.7 s; peak memory 489 MiB.
2026-10-05T08:39:39Z INFO [1150/3739] 4cc33200-3215-4252-8897-00888a0481d0: checkpointed 83875 records.
2026-10-05T08:39:40Z INFO [1151/3739] 4cc3c3db-cdeb-404a-af30-25b73ccfe9c4: cophenetic index 624; 1.0 s; peak memory 489 MiB.
2026-10-05T08:39:42Z INFO [1152/3739] 4cc41090-6a1f-4a95-98c6-1e391d1534f5: cophenetic index 10782; 2.1 s; peak memory 489 MiB.
2026-10-05T08:39:43Z INFO [1153/3739] 4cc573e1-ad18-42d9-82d4-8fce352cf69c: cophenetic index 3004; 1.2 s; peak memory 489 MiB.
2026-10-05T08:39:44Z INFO [1154/3739] 4cc5d1bb-82c2-42f8-9c1a-215a4c2c7252: cophenetic index 497; 1.3 s; peak memory 489 MiB.
2026-10-05T08:39:46Z INFO [1155/3739] 4cc66cfa-3394-4da3-a9fa-792e2b001e66: cophenetic index 33998; 1.8 s; peak memory 489 MiB.
2026-10-05T08:39:49Z INFO [1156/3739] 4cc6c25d-9314-4905-abd2-71eaf31b1bc7: cophenetic index 2402; 2.7 s; peak memory 489 MiB.
2026-10-05T08:39:50Z INFO [1157/3739] 4cc6fb79-54ee-4174-86a9-c0c985ff0800: cophenetic index 3004; 1.2 s; peak memory 489 MiB.
2026-10-05T08:39:51Z INFO [1158/3739] 4cc7539b-59ad-4aec-8aae-1f490fbba8f3: cophenetic index 937; 1.4 s; peak memory 489 MiB.
2026-10-05T08:39:52Z INFO [1159/3739] 4cc7aa77-bc45-4f0c-bee9-2a0b433caf56: cophenetic index 624; 0.9 s; peak memory 489 MiB.
2026-10-05T08:39:53Z INFO [1160/3739] 4cc832ba-c4da-4d0d-94bd-f3cbfe79fa4f: cophenetic index 645; 1.1 s; peak memory 489 MiB.
2026-10-05T08:39:55Z INFO [1161/3739] 4cc87f1e-3ea4-4dec-8f57-224d998c35e0: cophenetic index 2974; 1.2 s; peak memory 489 MiB.
2026-10-05T08:39:56Z INFO [1162/3739] 4cc8e746-89d4-40d4-918e-15e0a37b86e3: cophenetic index 1027; 1.7 s; peak memory 489 MiB.
2026-10-05T08:39:57Z INFO [1163/3739] 4cc915f2-d7ce-438f-88cd-565b9c5f9bd9: cophenetic index 579; 0.8 s; peak memory 489 MiB.
2026-10-05T08:40:00Z INFO [1164/3739] 4cc921c6-5f60-42ef-a1c4-7c9716ac167b: cophenetic index 2402; 2.6 s; peak memory 489 MiB.
2026-10-05T08:40:05Z INFO [1165/3739] 4cc959a5-ecb7-4a6a-a98b-58623c70d038: cophenetic index 46539; 5.3 s; peak memory 489 MiB.
2026-10-05T08:40:07Z INFO [1166/3739] 4cc9a2c9-2d14-48c0-95bf-8c2b7c2abeb8: cophenetic index 33968; 1.5 s; peak memory 489 MiB.
2026-10-05T08:40:07Z INFO [1167/3739] 4cc9c4c2-84dd-4e92-82b3-6f36778b502d: cophenetic index 624; 1.0 s; peak memory 489 MiB.
2026-10-05T08:40:08Z INFO [1168/3739] 4cca813d-c0b3-40af-97fd-35d73276c231: cophenetic index 490; 0.7 s; peak memory 489 MiB.
2026-10-05T08:40:09Z INFO [1169/3739] 4ccae93e-0144-4d62-bdd0-04c9fc6cd573: cophenetic index 624; 1.0 s; peak memory 489 MiB.
2026-10-05T08:40:11Z INFO [1170/3739] 4ccbac77-5ec8-4cfb-862a-0ba100d8a103: cophenetic index 2625; 1.5 s; peak memory 489 MiB.
2026-10-05T08:40:12Z INFO [1171/3739] 4ccbb512-e86f-4228-ad54-2b46de3f8cc7: cophenetic index 624; 1.0 s; peak memory 489 MiB.
2026-10-05T08:40:13Z INFO [1172/3739] 4ccbd95c-e4d6-49fe-8798-eadeeaf8e280: cophenetic index 3004; 1.3 s; peak memory 489 MiB.
2026-10-05T08:40:14Z INFO [1173/3739] 4ccc7150-9a4d-411c-a307-f903e5139d7c: cophenetic index 3004; 1.2 s; peak memory 489 MiB.
2026-10-05T08:40:17Z INFO [1174/3739] 4ccd7f2e-fcb7-4183-9da8-f5c151b9565c: cophenetic index 2391; 2.9 s; peak memory 489 MiB.
2026-10-05T08:40:20Z INFO [1175/3739] 4ccfe093-3ce3-4370-a4af-c4857cd719cb: cophenetic index 99150; 2.4 s; peak memory 489 MiB.
2026-10-05T08:40:20Z INFO [1176/3739] 4ccfe821-7381-4881-b7db-b3a6ece69138: cophenetic index 624; 1.0 s; peak memory 489 MiB.
2026-10-05T08:40:23Z INFO [1177/3739] 4cd06b9f-bf98-4caa-94d3-6aa0d8a13f95: cophenetic index 2682; 2.2 s; peak memory 489 MiB.
2026-10-05T08:40:23Z INFO [1178/3739] 4cd13675-828c-4025-8e27-4cf4a660c8d0: cophenetic index 729; 0.8 s; peak memory 489 MiB.
2026-10-05T08:40:25Z INFO [1179/3739] 4cd1b8d3-0651-449e-b4ae-f5bcdaea1175: cophenetic index 2570; 1.4 s; peak memory 489 MiB.
2026-10-05T08:40:26Z INFO [1180/3739] 4cd2805b-3716-4735-a252-5e1f47b91188: cophenetic index 3004; 1.1 s; peak memory 489 MiB.
2026-10-05T08:40:31Z INFO [1181/3739] 4cd2ec71-83a1-49f8-8835-4c969dcbd828: cophenetic index 9548; 5.3 s; peak memory 489 MiB.
2026-10-05T08:40:32Z INFO [1182/3739] 4cd39f3d-457e-4ff8-a227-3496249e935b: cophenetic index 624; 1.0 s; peak memory 489 MiB.
2026-10-05T08:40:39Z INFO [1183/3739] 4cd4c01a-8554-49aa-83e0-1e21553934bf: cophenetic index 357268; 6.5 s; peak memory 489 MiB.
2026-10-05T08:40:40Z INFO [1184/3739] 4cd5c54c-b56b-445a-8fb8-f6558a2d65f0: cophenetic index 3004; 1.3 s; peak memory 489 MiB.
2026-10-05T08:40:42Z INFO [1185/3739] 4cd5c6ba-8f9f-4547-832c-d8677bda56ad: cophenetic index 3004; 1.4 s; peak memory 489 MiB.
2026-10-05T08:40:42Z INFO [1186/3739] 4cd6724f-63d6-4d06-91c5-c5481f808396: cophenetic index 624; 0.9 s; peak memory 489 MiB.
2026-10-05T08:40:44Z INFO [1187/3739] 4cd813a7-b6ee-4fa2-9948-ea5c69584123: cophenetic index 2625; 1.8 s; peak memory 489 MiB.
2026-10-05T08:40:47Z INFO [1188/3739] 4cd8be5b-8394-4644-9984-59a214e127eb: cophenetic index 5473; 3.3 s; peak memory 489 MiB.
2026-10-05T08:40:50Z INFO [1189/3739] 4cd8f7c2-2f40-4313-98b9-4735869e24da: cophenetic index 37616; 2.6 s; peak memory 489 MiB.
2026-10-05T08:40:51Z INFO [1190/3739] 4cd926de-5629-426b-8617-60950d1b030c: cophenetic index 23788; 1.2 s; peak memory 489 MiB.
2026-10-05T08:40:53Z INFO [1191/3739] 4cd9e714-eb2f-4d24-b31f-26e70de2732f: cophenetic index 2570; 1.7 s; peak memory 489 MiB.
2026-10-05T08:40:54Z INFO [1192/3739] 4cda1648-d213-45a0-8a7f-1f7691848189: cophenetic index 624; 1.0 s; peak memory 489 MiB.
2026-10-05T08:40:55Z INFO [1193/3739] 4cda3a02-737f-46bd-a25f-cc3948200c61: cophenetic index 624; 1.0 s; peak memory 489 MiB.
2026-10-05T08:40:56Z INFO [1194/3739] 4cda573f-24e1-4872-8fcc-7860dbf5544f: cophenetic index 490; 1.0 s; peak memory 489 MiB.
2026-10-05T08:40:57Z INFO [1195/3739] 4cdae5e8-de2d-459e-b19b-574f1b465a1b: cophenetic index 3004; 1.3 s; peak memory 489 MiB.
2026-10-05T08:40:59Z INFO [1196/3739] 4cdaf1c6-f0d3-48c1-9d14-797f312ecd9d: cophenetic index 23510; 1.3 s; peak memory 489 MiB.
2026-10-05T08:41:01Z INFO [1197/3739] 4cdafbff-1b48-4e98-bddd-337105514ee0: cophenetic index 895; 2.1 s; peak memory 489 MiB.
2026-10-05T08:41:02Z INFO [1198/3739] 4cdb350d-df29-48bb-a7cc-fa1328fa4088: cophenetic index 3004; 1.0 s; peak memory 489 MiB.
2026-10-05T08:41:03Z INFO [1199/3739] 4cdc4c2e-0f60-4df2-b921-40a594859de6: cophenetic index 3004; 1.3 s; peak memory 489 MiB.
2026-10-05T08:41:06Z INFO [1200/3739] 4cdd5694-e7d4-44cd-b185-622c91828522: cophenetic index 2402; 2.7 s; peak memory 489 MiB.
2026-10-05T08:41:06Z INFO [1200/3739] 4cdd5694-e7d4-44cd-b185-622c91828522: checkpointed 83925 records.
2026-10-05T08:41:08Z INFO [1201/3739] 4cdd6fb5-24a5-4bd6-8732-c6f27e13ce50: cophenetic index 688; 2.5 s; peak memory 489 MiB.
2026-10-05T08:41:11Z INFO [1202/3739] 4cdecfd0-234b-47f5-8a69-38d933d99fdc: cophenetic index 2609; 2.5 s; peak memory 489 MiB.
2026-10-05T08:41:13Z INFO [1203/3739] 4cdf2374-5e33-4afe-932f-6296b47ce719: cophenetic index 2625; 1.8 s; peak memory 489 MiB.
2026-10-05T08:41:15Z INFO [1204/3739] 4cdf5a83-53e2-41c8-bb83-7089586e29e6: cophenetic index 2402; 2.6 s; peak memory 489 MiB.
2026-10-05T08:41:16Z INFO [1205/3739] 4ce02349-bd05-43b1-b56f-ee107a67d7a5: cophenetic index 560; 0.9 s; peak memory 489 MiB.
2026-10-05T08:41:19Z INFO [1206/3739] 4ce060fb-9138-469e-a083-8a25fc849fba: cophenetic index 2391; 2.8 s; peak memory 489 MiB.
2026-10-05T08:41:20Z INFO [1207/3739] 4ce06d2c-094f-40cf-a775-6a4b97056554: cophenetic index 3087; 1.2 s; peak memory 489 MiB.
2026-10-05T08:41:22Z INFO [1208/3739] 4ce0ae87-1c46-4240-abf6-b3a5a3513d98: cophenetic index 2682; 2.1 s; peak memory 489 MiB.
2026-10-05T08:41:45Z INFO [1209/3739] 4ce15471-ea53-4b40-99c9-d2c2181d08ce: cophenetic index 1566645; 22.4 s; peak memory 489 MiB.
2026-10-05T08:41:50Z INFO [1210/3739] 4ce23189-173e-410d-b766-d91f8f14561b: cophenetic index 9548; 5.4 s; peak memory 489 MiB.
2026-10-05T08:41:51Z INFO [1211/3739] 4ce237de-b0f0-4dc5-aa9d-399dca5b7142: cophenetic index 502; 1.1 s; peak memory 489 MiB.
2026-10-05T08:41:52Z INFO [1212/3739] 4ce284bb-bc0d-4f22-9170-e5ee81445de5: cophenetic index 447; 0.9 s; peak memory 489 MiB.
2026-10-05T08:41:53Z INFO [1213/3739] 4ce2b551-c71b-46b8-a367-d9d2f32ec043: cophenetic index 2570; 1.3 s; peak memory 489 MiB.
2026-10-05T08:41:54Z INFO [1214/3739] 4ce3b9ea-05d4-47aa-a801-37ef166e1a91: cophenetic index 1781; 1.1 s; peak memory 489 MiB.
2026-10-05T08:41:57Z INFO [1215/3739] 4ce4e306-1c06-44e9-b49c-54c426e6cf64: cophenetic index 33998; 2.1 s; peak memory 489 MiB.
2026-10-05T08:41:58Z INFO [1216/3739] 4ce518d2-dc49-456f-b76f-9bdf83419feb: cophenetic index 624; 1.0 s; peak memory 489 MiB.
2026-10-05T08:41:59Z INFO [1217/3739] 4ce52687-5b16-4a9f-90d2-2a61feeb52b9: cophenetic index 624; 1.0 s; peak memory 489 MiB.
2026-10-05T08:42:08Z INFO [1218/3739] 4ce5e704-edf6-46e5-9893-c7eb191b196a: cophenetic index 364773; 9.7 s; peak memory 489 MiB.
2026-10-05T08:42:09Z INFO [1219/3739] 4ce61aa6-f722-4568-9f4b-e1cd554a33db: cophenetic index 572; 1.1 s; peak memory 489 MiB.
2026-10-05T08:42:10Z INFO [1220/3739] 4ce6dd71-b1a8-48a3-b4b6-0fa14e8a570b: cophenetic index 624; 1.0 s; peak memory 489 MiB.
2026-10-05T08:42:13Z INFO [1221/3739] 4ce79644-120a-4678-bea1-a0e03b6f0b4e: cophenetic index 910; 2.6 s; peak memory 489 MiB.
2026-10-05T08:42:14Z INFO [1222/3739] 4ce7d708-48e0-4bb1-a63c-acf88fe5a8bb: cophenetic index 3087; 1.2 s; peak memory 489 MiB.
2026-10-05T08:42:17Z INFO [1223/3739] 4ce82833-0a78-47a7-b4d4-3720d7c11746: cophenetic index 1365; 3.2 s; peak memory 489 MiB.
2026-10-05T08:42:19Z INFO [1224/3739] 4ce92712-d74e-4e39-b967-49da151a97c4: cophenetic index 2056; 1.8 s; peak memory 489 MiB.
2026-10-05T08:42:20Z INFO [1225/3739] 4ce954d3-5b32-495e-855d-d042dd5482b1: cophenetic index 554; 1.3 s; peak memory 489 MiB.
2026-10-05T08:42:27Z INFO [1226/3739] 4cea2431-6abc-4100-89be-12209793f49b: cophenetic index 174814; 6.3 s; peak memory 489 MiB.
2026-10-05T08:42:28Z INFO [1227/3739] 4cead413-2dff-4f84-afd1-e87244835979: cophenetic index 2625; 1.5 s; peak memory 489 MiB.
2026-10-05T08:42:35Z INFO [1228/3739] 4cec3302-f3ea-4353-ac76-631a513f6cd0: cophenetic index 87454; 6.3 s; peak memory 489 MiB.
2026-10-05T08:42:36Z INFO [1229/3739] 4cec4087-8c6e-4223-bbb6-d69a8a4b58da: cophenetic index 1739; 1.4 s; peak memory 489 MiB.
2026-10-05T08:42:37Z INFO [1230/3739] 4cecc360-3c27-46c3-b46f-c49ad252b7d0: cophenetic index 2974; 1.1 s; peak memory 489 MiB.
2026-10-05T08:42:38Z INFO [1231/3739] 4ced66c4-8767-4d53-909b-57a660352e58: cophenetic index 446; 0.7 s; peak memory 489 MiB.
2026-10-05T08:42:39Z INFO [1232/3739] 4ced73b6-cbfa-4dfb-99d0-27a81e8d3330: cophenetic index 560; 0.9 s; peak memory 489 MiB.
2026-10-05T08:42:41Z INFO [1233/3739] 4cedb5d9-52be-453e-9a9a-e7b6e89c5d83: cophenetic index 2241; 2.5 s; peak memory 489 MiB.
2026-10-05T08:42:42Z INFO [1234/3739] 4cedff44-6c00-4617-a2db-d175b978b0cb: cophenetic index 1006; 1.2 s; peak memory 489 MiB.
2026-10-05T08:42:51Z INFO [1235/3739] 4cee1b78-c64a-4951-92c7-c6d22693b17d: cophenetic index 426943; 8.4 s; peak memory 489 MiB.
2026-10-05T08:42:53Z INFO [1236/3739] 4cf00abe-c181-4014-9706-100a49bbd406: cophenetic index 2573; 2.1 s; peak memory 489 MiB.
2026-10-05T08:43:03Z INFO [1237/3739] 4cf1331d-db0a-4322-a71a-5b6e7cf948b2: cophenetic index 46939; 10.2 s; peak memory 489 MiB.
2026-10-05T08:43:04Z INFO [1238/3739] 4cf33942-62e5-4807-b017-bdfa51eb3d10: cophenetic index 446; 0.7 s; peak memory 489 MiB.
2026-10-05T08:43:07Z INFO [1239/3739] 4cf36e22-4a73-4dd8-9f36-ae5caf2f62e3: cophenetic index 4596; 3.7 s; peak memory 489 MiB.
2026-10-05T08:43:10Z INFO [1240/3739] 4cf3a671-c045-4dd0-aa94-fd4238c9b2e6: cophenetic index 2402; 2.7 s; peak memory 489 MiB.
2026-10-05T08:43:11Z INFO [1241/3739] 4cf3c534-e99f-4ce4-a2e8-0ada6af88dda: cophenetic index 624; 1.0 s; peak memory 489 MiB.
2026-10-05T08:43:12Z INFO [1242/3739] 4cf53c45-af16-4a84-8c9a-b62d9a1d6f6e: cophenetic index 624; 1.0 s; peak memory 489 MiB.
2026-10-05T08:43:14Z INFO [1243/3739] 4cf56cc8-3957-4114-b178-91a2d298a768: cophenetic index 2625; 1.8 s; peak memory 489 MiB.
2026-10-05T08:43:15Z INFO [1244/3739] 4cf6583c-1964-4226-9982-0c522425dab7: cophenetic index 3004; 1.2 s; peak memory 489 MiB.
2026-10-05T08:43:17Z INFO [1245/3739] 4cf6bdc1-5399-4e69-bf35-f4cf83c89ba5: cophenetic index 33998; 1.9 s; peak memory 489 MiB.
2026-10-05T08:43:19Z INFO [1246/3739] 4cf6d762-662d-480b-aa4a-dfc84b10fab9: cophenetic index 33998; 2.3 s; peak memory 489 MiB.
2026-10-05T08:43:21Z INFO [1247/3739] 4cf7df6a-d941-4e33-86d2-8214cc569122: cophenetic index 2625; 1.6 s; peak memory 489 MiB.
2026-10-05T08:43:23Z INFO [1248/3739] 4cf85451-53f3-4b84-8c81-6267b6bcac39: cophenetic index 2625; 1.5 s; peak memory 489 MiB.
2026-10-05T08:43:23Z INFO [1249/3739] 4cf8e4de-184c-4b90-b2ab-7ae1272f7b13: cophenetic index 446; 0.7 s; peak memory 489 MiB.
2026-10-05T08:43:27Z INFO [1250/3739] 4cfa25c9-cec9-475c-af3f-692a83450391: cophenetic index 13983; 3.5 s; peak memory 489 MiB.
2026-10-05T08:43:27Z INFO [1250/3739] 4cfa25c9-cec9-475c-af3f-692a83450391: checkpointed 83975 records.
2026-10-05T08:43:29Z INFO [1251/3739] 4cfa5600-acac-4494-a9e4-4d5d53c502f3: cophenetic index 901; 2.3 s; peak memory 489 MiB.
2026-10-05T08:43:31Z INFO [1252/3739] 4cfb547f-ca3e-4978-a573-77493f32b7fa: cophenetic index 2625; 1.7 s; peak memory 489 MiB.
2026-10-05T08:43:41Z INFO [1253/3739] 4cfb9f72-be95-422d-9d96-02c9d6f48103: cophenetic index 34862; 10.2 s; peak memory 489 MiB.
2026-10-05T08:43:42Z INFO [1254/3739] 4cfbfc41-5d5a-403c-a2cf-17600c7a7a3a: cophenetic index 624; 1.0 s; peak memory 489 MiB.
2026-10-05T08:43:48Z INFO [1255/3739] 4cfc14d8-dab9-4721-afde-31ba84646e98: cophenetic index 12816; 6.4 s; peak memory 489 MiB.
2026-10-05T08:43:49Z INFO [1256/3739] 4cfc2ca9-0aa6-486e-9bbc-25ad3419eed1: cophenetic index 624; 0.9 s; peak memory 489 MiB.
2026-10-05T08:43:50Z INFO [1257/3739] 4cfc6c99-f009-4732-ac78-b4c4158a39eb: cophenetic index 490; 0.7 s; peak memory 489 MiB.
2026-10-05T08:43:51Z INFO [1258/3739] 4cfd8560-6bc4-467a-acb2-edab6072b217: cophenetic index 23358; 1.0 s; peak memory 489 MiB.
2026-10-05T08:43:52Z INFO [1259/3739] 4cfe192a-a3dc-417d-b825-44c59c5863cc: cophenetic index 624; 1.0 s; peak memory 489 MiB.
2026-10-05T08:43:53Z INFO [1260/3739] 4cfe1a3c-e681-45c2-ab45-d23868fa2547: cophenetic index 624; 1.0 s; peak memory 489 MiB.
2026-10-05T08:43:54Z INFO [1261/3739] 4cfe288a-206a-4128-932b-6fecfb4273e7: cophenetic index 739; 0.8 s; peak memory 489 MiB.
2026-10-05T08:43:55Z INFO [1262/3739] 4cfe3250-9e5c-45e0-a489-5d6b89f746b1: cophenetic index 490; 0.9 s; peak memory 489 MiB.
2026-10-05T08:43:56Z INFO [1263/3739] 4cff70aa-5df4-4c3d-9d4d-016636fde235: cophenetic index 829; 1.3 s; peak memory 489 MiB.
2026-10-05T08:43:58Z INFO [1264/3739] 4cffc380-5f31-4f5a-9969-252fe2aa68c1: cophenetic index 920; 2.0 s; peak memory 489 MiB.
2026-10-05T08:43:59Z INFO [1265/3739] 4d002723-b140-4841-9381-fa4f57b27cc4: cophenetic index 937; 1.2 s; peak memory 489 MiB.
2026-10-05T08:44:01Z INFO [1266/3739] 4d006220-7c11-4fc2-bef3-171d2fe081ec: cophenetic index 2625; 1.6 s; peak memory 489 MiB.
2026-10-05T08:44:02Z INFO [1267/3739] 4d014c86-836d-4ac2-b061-25b453950132: cophenetic index 3004; 1.3 s; peak memory 489 MiB.
2026-10-05T08:44:03Z INFO [1268/3739] 4d0297c7-93a6-4458-9497-d6de860b4237: cophenetic index 624; 0.9 s; peak memory 489 MiB.
2026-10-05T08:44:05Z INFO [1269/3739] 4d031b41-741a-436f-8b67-40df8ed8cb47: cophenetic index 2625; 2.1 s; peak memory 489 MiB.
2026-10-05T08:44:06Z INFO [1270/3739] 4d039751-10cb-4c86-b7cd-6ca0941be61e: cophenetic index 605; 1.2 s; peak memory 489 MiB.
2026-10-05T08:44:08Z INFO [1271/3739] 4d03ab62-d064-4340-a094-bb01b647606a: cophenetic index 2625; 1.4 s; peak memory 489 MiB.
2026-10-05T08:44:24Z INFO [1272/3739] 4d03ee5b-10f2-41b0-bf8e-94cc3db99dac: cophenetic index 13300715; 16.4 s; peak memory 489 MiB.
2026-10-05T08:44:30Z INFO [1273/3739] 4d0538d7-b842-4757-8dd6-427e1bce0fd1: cophenetic index 9548; 5.4 s; peak memory 489 MiB.
2026-10-05T08:44:31Z INFO [1274/3739] 4d059b44-32ae-41b3-8eb2-346daaf814cf: cophenetic index 1228; 1.1 s; peak memory 489 MiB.
2026-10-05T08:44:32Z INFO [1275/3739] 4d05a70d-e1ad-499a-b227-d3fc702707ea: cophenetic index 23423; 1.5 s; peak memory 489 MiB.
2026-10-05T08:44:33Z INFO [1276/3739] 4d067431-74ee-46c1-8be2-1f0459ae3b6d: cophenetic index 607; 1.0 s; peak memory 489 MiB.
2026-10-05T08:44:35Z INFO [1277/3739] 4d07c7fb-2ffc-4797-a2ae-49553389c719: cophenetic index 33968; 1.6 s; peak memory 489 MiB.
2026-10-05T08:44:36Z INFO [1278/3739] 4d07fa80-d684-4a50-a5a0-a1ce7051ccde: cophenetic index 788; 1.4 s; peak memory 489 MiB.
2026-10-05T08:44:38Z INFO [1279/3739] 4d081b8f-8e31-4d56-ac45-3ff076661297: cophenetic index 2625; 1.7 s; peak memory 489 MiB.
2026-10-05T08:44:39Z INFO [1280/3739] 4d0879d9-f5be-4afb-b55d-06477f296caf: cophenetic index 624; 1.1 s; peak memory 489 MiB.
2026-10-05T08:44:40Z INFO [1281/3739] 4d09904b-0477-48a5-aed5-900d18267139: cophenetic index 490; 0.7 s; peak memory 489 MiB.
2026-10-05T08:44:41Z INFO [1282/3739] 4d0a1089-4f57-4883-84f1-77052c2ea408: cophenetic index 6100; 1.6 s; peak memory 489 MiB.
2026-10-05T08:44:42Z INFO [1283/3739] 4d0ae7b3-fa60-4f6d-803b-062d5ae34021: cophenetic index 624; 1.0 s; peak memory 489 MiB.
2026-10-05T08:44:52Z INFO [1284/3739] 4d0b89e9-94a2-4dc1-95f2-5de55378e079: cophenetic index 129122; 9.2 s; peak memory 489 MiB.
2026-10-05T08:44:53Z INFO [1285/3739] 4d0c15cb-b469-44ba-952c-573023889971: cophenetic index 650; 1.6 s; peak memory 489 MiB.
2026-10-05T08:44:55Z INFO [1286/3739] 4d0c40f5-3356-428e-b563-d151f4aff543: cophenetic index 99138; 1.7 s; peak memory 489 MiB.
2026-10-05T08:44:58Z INFO [1287/3739] 4d0d6e67-7566-499a-8438-238a28f10972: cophenetic index 1733; 3.5 s; peak memory 489 MiB.
2026-10-05T08:45:00Z INFO [1288/3739] 4d0e38cb-cdac-40ef-8004-062aa8dafd96: cophenetic index 1403; 1.7 s; peak memory 489 MiB.
2026-10-05T08:45:02Z INFO [1289/3739] 4d0e7bda-dafd-48e2-8963-683cc2706cca: cophenetic index 1087; 1.7 s; peak memory 489 MiB.
2026-10-05T08:45:03Z INFO [1290/3739] 4d0ea095-18d6-4f66-b7cd-63287a87c573: cophenetic index 30304; 1.7 s; peak memory 489 MiB.
2026-10-05T08:45:05Z INFO [1291/3739] 4d0edc04-791a-4d21-b878-3f2a5e2349ef: cophenetic index 33998; 2.0 s; peak memory 489 MiB.
2026-10-05T08:45:07Z INFO [1292/3739] 4d0f7b5c-6515-40da-b7f8-5e24abff0482: cophenetic index 3057; 1.2 s; peak memory 489 MiB.
2026-10-05T08:45:08Z INFO [1293/3739] 4d0f8b1b-88fe-48b7-baac-7b11646625da: cophenetic index 431; 0.9 s; peak memory 489 MiB.
2026-10-05T08:45:09Z INFO [1294/3739] 4d0fc9d9-992f-4b51-97e9-dddbe83d4b64: cophenetic index 2625; 1.3 s; peak memory 489 MiB.
2026-10-05T08:45:10Z INFO [1295/3739] 4d0ffaec-c260-4b70-af1b-4d6fbd278ee0: cophenetic index 649; 1.2 s; peak memory 489 MiB.
2026-10-05T08:45:11Z INFO [1296/3739] 4d107b01-f34e-486f-89a9-e9a886c4fd1c: cophenetic index 3087; 1.4 s; peak memory 489 MiB.
2026-10-05T08:45:13Z INFO [1297/3739] 4d1082f9-e6f3-41b2-93c1-0147a9fdb992: cophenetic index 605; 1.3 s; peak memory 489 MiB.
2026-10-05T08:45:14Z INFO [1298/3739] 4d10d586-3a09-4a33-a8c0-d26ce408febc: cophenetic index 624; 1.0 s; peak memory 489 MiB.
2026-10-05T08:45:15Z INFO [1299/3739] 4d11676f-d4c5-4181-98dd-2b27e3606eb3: cophenetic index 624; 0.9 s; peak memory 489 MiB.
2026-10-05T08:45:16Z INFO [1300/3739] 4d119947-f720-46d7-b763-af1bb0d1a028: cophenetic index 624; 1.1 s; peak memory 489 MiB.
2026-10-05T08:45:16Z INFO [1300/3739] 4d119947-f720-46d7-b763-af1bb0d1a028: checkpointed 84025 records.
2026-10-05T08:45:17Z INFO [1301/3739] 4d12382c-a11e-48b7-bfa9-49f964fdf3b0: cophenetic index 649; 1.1 s; peak memory 489 MiB.
2026-10-05T08:45:18Z INFO [1302/3739] 4d12c8fc-a791-45e9-bab2-c38cb5a4ba32: cophenetic index 579; 0.8 s; peak memory 489 MiB.
2026-10-05T08:45:21Z INFO [1303/3739] 4d14c695-fac8-467e-82db-10b7140e668c: cophenetic index 5473; 3.1 s; peak memory 489 MiB.
2026-10-05T08:45:22Z INFO [1304/3739] 4d151ecb-2aed-4f99-95d6-6358b1cec979: cophenetic index 3087; 1.3 s; peak memory 489 MiB.
2026-10-05T08:45:23Z INFO [1305/3739] 4d1573a5-e1ff-4b0b-9770-f9c13e5c933f: cophenetic index 624; 1.0 s; peak memory 489 MiB.
2026-10-05T08:45:24Z INFO [1306/3739] 4d158ba8-0d2d-4015-ae49-69fea3784407: cophenetic index 630; 0.8 s; peak memory 489 MiB.
2026-10-05T08:45:25Z INFO [1307/3739] 4d15a4b9-5230-4765-90ff-1918f8dc5866: cophenetic index 2625; 1.6 s; peak memory 489 MiB.
2026-10-05T08:45:27Z INFO [1308/3739] 4d15c84a-d2c7-4c8b-9fe5-c407de5acb80: cophenetic index 3004; 1.3 s; peak memory 489 MiB.
2026-10-05T08:45:28Z INFO [1309/3739] 4d165679-4f33-43b5-bb90-266357b51439: cophenetic index 2570; 1.5 s; peak memory 489 MiB.
2026-10-05T08:45:30Z INFO [1310/3739] 4d166298-8851-4f10-9e79-eff4e12ad40d: cophenetic index 972; 1.6 s; peak memory 489 MiB.
2026-10-05T08:45:31Z INFO [1311/3739] 4d16fd42-8b9e-409b-8bd6-f7dbbcac1a8b: cophenetic index 624; 1.1 s; peak memory 489 MiB.
2026-10-05T08:45:32Z INFO [1312/3739] 4d171326-8fc2-4224-94eb-06cf727383b2: cophenetic index 496; 1.2 s; peak memory 489 MiB.
2026-10-05T08:45:33Z INFO [1313/3739] 4d17c3f8-e048-4522-b570-0e9497efdaf5: cophenetic index 3087; 1.3 s; peak memory 489 MiB.
2026-10-05T08:45:35Z INFO [1314/3739] 4d189cb6-5988-49bd-83fd-9f3e2ea3e275: cophenetic index 33968; 1.5 s; peak memory 489 MiB.
2026-10-05T08:45:37Z INFO [1315/3739] 4d18f06b-9450-4b66-ae1f-1d88e1997086: cophenetic index 2402; 2.3 s; peak memory 489 MiB.
2026-10-05T08:45:39Z INFO [1316/3739] 4d191471-0427-46e9-b978-9a2e3bf42afc: cophenetic index 33998; 1.5 s; peak memory 489 MiB.
2026-10-05T08:45:39Z INFO [1317/3739] 4d19263d-0634-4e4c-85ae-1b3a0a4ef6da: cophenetic index 490; 0.8 s; peak memory 489 MiB.
2026-10-05T08:45:49Z INFO [1318/3739] 4d199fbc-a198-43a7-b676-3c11b539df92: cophenetic index 47115; 9.4 s; peak memory 489 MiB.
2026-10-05T08:45:50Z INFO [1319/3739] 4d19c0f5-cf09-486e-9f7a-e806b22f498e: cophenetic index 2625; 1.4 s; peak memory 489 MiB.
2026-10-05T08:45:52Z INFO [1320/3739] 4d1a31fe-d548-4c15-8a2d-255ded2d0d6d: cophenetic index 6598; 1.6 s; peak memory 489 MiB.
2026-10-05T08:45:54Z INFO [1321/3739] 4d1ae59f-4ff9-4868-8737-fe5f9f4a2c0a: cophenetic index 2625; 1.7 s; peak memory 489 MiB.
2026-10-05T08:45:55Z INFO [1322/3739] 4d1afccd-32f2-4f23-bce5-c342660780c6: cophenetic index 725; 1.1 s; peak memory 489 MiB.
2026-10-05T08:45:56Z INFO [1323/3739] 4d1b092f-101b-4b76-a92e-63c0889d059f: cophenetic index 2625; 1.6 s; peak memory 489 MiB.
2026-10-05T08:46:04Z INFO [1324/3739] 4d1b9d2b-5a94-4294-86de-fe0a7bf7d35a: cophenetic index 14788; 7.9 s; peak memory 489 MiB.
2026-10-05T08:46:06Z INFO [1325/3739] 4d1c675f-8532-40cc-a064-23e6add2dfa1: cophenetic index 2625; 1.5 s; peak memory 489 MiB.
2026-10-05T08:46:08Z INFO [1326/3739] 4d1c9848-6cd9-4020-8cfc-57c4b54443e2: cophenetic index 34658; 2.5 s; peak memory 489 MiB.
2026-10-05T08:46:10Z INFO [1327/3739] 4d1d2b92-95a7-4379-9def-db199d7bc2a8: cophenetic index 1590; 1.9 s; peak memory 489 MiB.
2026-10-05T08:46:12Z INFO [1328/3739] 4d1d6d83-86b2-41fd-ba91-5476a31a51a9: cophenetic index 879; 1.7 s; peak memory 489 MiB.
2026-10-05T08:46:13Z INFO [1329/3739] 4d1d6eef-a8f4-444e-b791-db6be3841a22: cophenetic index 573; 1.6 s; peak memory 489 MiB.
2026-10-05T08:46:14Z INFO [1330/3739] 4d1dbd52-4df1-433f-9b15-0693503170e5: cophenetic index 490; 0.6 s; peak memory 489 MiB.
2026-10-05T08:46:16Z INFO [1331/3739] 4d1e059e-bdd9-417d-8d09-40973c15636f: cophenetic index 2524; 2.2 s; peak memory 489 MiB.
2026-10-05T08:46:18Z INFO [1332/3739] 4d1f411c-9c4e-4b37-9650-6f508aa546c9: cophenetic index 33968; 1.4 s; peak memory 489 MiB.
2026-10-05T08:46:19Z INFO [1333/3739] 4d1fd5d4-32c3-42dd-8cae-7cb72d52ffa1: cophenetic index 20938; 1.5 s; peak memory 489 MiB.
2026-10-05T08:46:20Z INFO [1334/3739] 4d2001a9-3724-49af-a21f-37c445154440: cophenetic index 624; 0.9 s; peak memory 489 MiB.
2026-10-05T08:46:21Z INFO [1335/3739] 4d205012-839d-4837-9a30-dd613467b9dd: cophenetic index 624; 1.0 s; peak memory 489 MiB.
2026-10-05T08:46:22Z INFO [1336/3739] 4d2190b2-9988-4083-a5bc-b6ebac74454b: cophenetic index 3004; 1.3 s; peak memory 489 MiB.
2026-10-05T08:46:24Z INFO [1337/3739] 4d219cef-63f9-49f2-b212-646dca2e32cf: cophenetic index 99114; 1.8 s; peak memory 489 MiB.
2026-10-05T08:46:26Z INFO [1338/3739] 4d21fbd7-8713-473a-96e2-3959865922dc: cophenetic index 2625; 1.7 s; peak memory 489 MiB.
2026-10-05T08:46:27Z INFO [1339/3739] 4d22c685-4511-49ac-b828-8562b4a72d36: cophenetic index 605; 1.3 s; peak memory 489 MiB.
2026-10-05T08:46:28Z INFO [1340/3739] 4d22d0d1-cfd8-4533-8f58-a22e70903ba4: cophenetic index 2974; 1.2 s; peak memory 489 MiB.
2026-10-05T08:46:30Z INFO [1341/3739] 4d232dab-0d1f-42f6-9c13-c9947ddf1e44: cophenetic index 33986; 1.6 s; peak memory 489 MiB.
2026-10-05T08:46:31Z INFO [1342/3739] 4d271cfa-2b89-47ad-b3a6-aad6a378a413: cophenetic index 624; 0.9 s; peak memory 489 MiB.
2026-10-05T08:46:38Z INFO [1343/3739] 4d27ff25-d7ec-45a2-9014-97a57260c463: cophenetic index 131147; 6.9 s; peak memory 489 MiB.
2026-10-05T08:46:39Z INFO [1344/3739] 4d2875ba-d83b-44d5-9036-74f42e19e8a0: cophenetic index 969; 1.2 s; peak memory 489 MiB.
2026-10-05T08:46:40Z INFO [1345/3739] 4d28827a-25cf-4479-90e5-6c15393040ea: cophenetic index 579; 0.7 s; peak memory 489 MiB.
2026-10-05T08:46:41Z INFO [1346/3739] 4d2976f1-82bc-459c-ab40-ab9b18c75d9f: cophenetic index 99138; 1.7 s; peak memory 489 MiB.
2026-10-05T08:46:43Z INFO [1347/3739] 4d29f8c6-9cc7-4eba-afd4-df9ffc921a8b: cophenetic index 2625; 1.6 s; peak memory 489 MiB.
2026-10-05T08:46:44Z INFO [1348/3739] 4d2a7e4a-6dce-414e-97bb-85d85c47d6d7: cophenetic index 649; 1.1 s; peak memory 489 MiB.
2026-10-05T08:46:46Z INFO [1349/3739] 4d2ad519-7081-444e-97ab-6a556cb63385: cophenetic index 1144; 1.9 s; peak memory 489 MiB.
2026-10-05T08:46:47Z INFO [1350/3739] 4d2b05e0-62cc-493f-b951-43c7530f53e4: cophenetic index 1228; 0.9 s; peak memory 489 MiB.
2026-10-05T08:46:47Z INFO [1350/3739] 4d2b05e0-62cc-493f-b951-43c7530f53e4: checkpointed 84075 records.
2026-10-05T08:46:48Z INFO [1351/3739] 4d2b6eec-68c9-415c-b2ea-e89a8c0fe172: cophenetic index 624; 1.0 s; peak memory 489 MiB.
2026-10-05T08:46:53Z INFO [1352/3739] 4d2b778f-4b68-467c-b1cb-87e7f0cdeef5: cophenetic index 9298; 5.5 s; peak memory 489 MiB.
2026-10-05T08:47:02Z INFO [1353/3739] 4d2b8b68-7d87-4308-84e3-ca08dbd87d09: cophenetic index 150873; 8.2 s; peak memory 489 MiB.
2026-10-05T08:47:02Z INFO [1354/3739] 4d2bd499-16c2-4c7f-af49-2d23e8da1d2a: cophenetic index 490; 0.7 s; peak memory 489 MiB.
2026-10-05T08:47:04Z INFO [1355/3739] 4d2c6960-e6d3-4c1f-a1b7-8e636b30aa06: cophenetic index 2625; 1.6 s; peak memory 489 MiB.
2026-10-05T08:47:17Z INFO [1356/3739] 4d2e81c5-6ebe-416e-b328-749f6c76d35b: cophenetic index 280842; 12.7 s; peak memory 489 MiB.
2026-10-05T08:47:17Z INFO [1357/3739] 4d2f5680-2d99-4afe-acba-699edc96e038: cophenetic index 581; 1.0 s; peak memory 489 MiB.
2026-10-05T08:47:19Z INFO [1358/3739] 4d2f6c50-b096-4775-91a6-af0976e3e611: cophenetic index 23370; 1.2 s; peak memory 489 MiB.
2026-10-05T08:47:20Z INFO [1359/3739] 4d30480a-63ab-4cfd-b8e6-6b1b5fbe4625: cophenetic index 2625; 1.6 s; peak memory 489 MiB.
2026-10-05T08:47:22Z INFO [1360/3739] 4d345f35-2bf4-45bd-b9da-c372ca072d1f: cophenetic index 791; 1.3 s; peak memory 489 MiB.
2026-10-05T08:47:33Z INFO [1361/3739] 4d34895d-7773-458e-9037-e21a83ae24b3: cophenetic index 302869; 11.2 s; peak memory 489 MiB.
2026-10-05T08:47:35Z INFO [1362/3739] 4d34a690-2b46-405b-96bf-b981094b2c68: cophenetic index 2402; 2.5 s; peak memory 489 MiB.
2026-10-05T08:47:36Z INFO [1363/3739] 4d354ccc-34ae-4f37-8bfc-22256edb5562: cophenetic index 3004; 1.2 s; peak memory 489 MiB.
2026-10-05T08:47:38Z INFO [1364/3739] 4d36a43e-bc83-4f6b-a149-8ae0c82545f6: cophenetic index 6435; 1.2 s; peak memory 489 MiB.
2026-10-05T08:47:43Z INFO [1365/3739] 4d37cb32-504d-4e04-9337-cb8a83d3a3cf: cophenetic index 51721; 5.8 s; peak memory 489 MiB.
2026-10-05T08:47:45Z INFO [1366/3739] 4d383933-bfd4-49fd-91a4-e79433bb6844: cophenetic index 649; 1.2 s; peak memory 489 MiB.
2026-10-05T08:47:46Z INFO [1367/3739] 4d383b02-a80c-4226-a47b-5e6622c479f8: cophenetic index 33968; 1.7 s; peak memory 489 MiB.
2026-10-05T08:47:48Z INFO [1368/3739] 4d39b2bc-6399-464a-91a2-b3bac0b96f6a: cophenetic index 102768; 2.2 s; peak memory 489 MiB.
2026-10-05T08:47:54Z INFO [1369/3739] 4d3a33d1-9e53-445a-afc9-40986be3bdb5: cophenetic index 9548; 5.6 s; peak memory 489 MiB.
2026-10-05T08:47:57Z INFO [1370/3739] 4d3affff-0626-4cad-9e0b-a1c675c4950a: cophenetic index 1255; 2.6 s; peak memory 489 MiB.
2026-10-05T08:48:07Z INFO [1371/3739] 4d3b9d33-3525-4845-8365-763a15437b8f: cophenetic index 22945; 9.9 s; peak memory 489 MiB.
2026-10-05T08:48:08Z INFO [1372/3739] 4d3bc356-0f11-46cf-9154-9ee901571eb6: cophenetic index 2625; 1.7 s; peak memory 489 MiB.
2026-10-05T08:48:09Z INFO [1373/3739] 4d3c1f6f-b582-4e32-be51-a05fc6e92b33: cophenetic index 1265; 0.9 s; peak memory 489 MiB.
2026-10-05T08:48:11Z INFO [1374/3739] 4d3c2072-cd30-4ccc-96ab-af6781d53f93: cophenetic index 2570; 1.8 s; peak memory 489 MiB.
2026-10-05T08:48:13Z INFO [1375/3739] 4d3c6f08-e453-4beb-a667-b106065fa3a6: cophenetic index 2570; 1.9 s; peak memory 489 MiB.
2026-10-05T08:48:17Z INFO [1376/3739] 4d3c781d-3311-4752-846c-f2957ac8f17e: cophenetic index 6412; 4.5 s; peak memory 489 MiB.
2026-10-05T08:48:19Z INFO [1377/3739] 4d3c7cb9-9d20-4824-ae27-6b8f2846738a: cophenetic index 766; 1.3 s; peak memory 489 MiB.
2026-10-05T08:48:20Z INFO [1378/3739] 4d3d7d81-f471-4176-ae77-3f15d805a582: cophenetic index 624; 1.0 s; peak memory 489 MiB.
2026-10-05T08:48:21Z INFO [1379/3739] 4d3e0b45-6fec-4d3f-aa32-f35f0e43c71e: cophenetic index 624; 1.1 s; peak memory 489 MiB.
2026-10-05T08:48:23Z INFO [1380/3739] 4d3f476f-92c3-4782-b7c7-d4eca0e1cbef: cophenetic index 2625; 1.8 s; peak memory 489 MiB.
2026-10-05T08:48:29Z INFO [1381/3739] 4d3f6b9b-9e34-4b68-8c43-df3d968f41fc: cophenetic index 70809; 6.5 s; peak memory 489 MiB.
2026-10-05T08:48:30Z INFO [1382/3739] 4d3f71bf-9506-4880-bf28-911bb713c473: cophenetic index 624; 1.1 s; peak memory 489 MiB.
2026-10-05T08:49:09Z INFO [1383/3739] 4d3f9b03-8284-4cc6-8582-f8b4414da455: cophenetic index 96953408; 38.6 s; peak memory 489 MiB.
2026-10-05T08:49:12Z INFO [1384/3739] 4d3ffc21-5db6-40d3-8dd9-324cb9d97203: cophenetic index 1847; 3.4 s; peak memory 489 MiB.
2026-10-05T08:49:15Z INFO [1385/3739] 4d405572-ce48-4cbc-b828-df1a85a59e8b: cophenetic index 2402; 2.6 s; peak memory 489 MiB.
2026-10-05T08:49:16Z INFO [1386/3739] 4d406a2d-d0a2-49af-8c06-c8a222161c15: cophenetic index 33986; 1.3 s; peak memory 489 MiB.
2026-10-05T08:49:25Z INFO [1387/3739] 4d409cc3-62cc-49ad-a5e0-6982c9663242: cophenetic index 155140; 9.0 s; peak memory 489 MiB.
2026-10-05T08:49:27Z INFO [1388/3739] 4d40bb59-b7f6-4dd7-8191-9ca53d76b5f3: cophenetic index 781; 1.3 s; peak memory 489 MiB.
2026-10-05T08:49:28Z INFO [1389/3739] 4d41080b-96cc-4d88-87d2-acd46beb5d69: cophenetic index 33962; 1.5 s; peak memory 489 MiB.
2026-10-05T08:49:36Z INFO [1390/3739] 4d420e8d-4402-4c75-948c-e50c40644c04: cophenetic index 195172714; 8.0 s; peak memory 489 MiB.
2026-10-05T08:49:38Z INFO [1391/3739] 4d42d18d-57a4-43ec-b1d3-a257f2043555: cophenetic index 2682; 2.3 s; peak memory 489 MiB.
2026-10-05T08:49:39Z INFO [1392/3739] 4d43ab07-ca5d-4309-9734-5e18c2a76d37: cophenetic index 3004; 1.1 s; peak memory 489 MiB.
2026-10-05T08:49:41Z INFO [1393/3739] 4d43c0a1-32a2-4dcd-9437-793640cf1105: cophenetic index 3004; 1.2 s; peak memory 489 MiB.
2026-10-05T08:49:42Z INFO [1394/3739] 4d44455a-ceb6-48c5-bb81-a65576a81c2b: cophenetic index 2625; 1.5 s; peak memory 489 MiB.
2026-10-05T08:49:43Z INFO [1395/3739] 4d446595-7416-49a9-a27c-a29c1af2048c: cophenetic index 624; 1.1 s; peak memory 489 MiB.
2026-10-05T08:49:44Z INFO [1396/3739] 4d447a47-0769-4f89-b5ce-60d73ce5983a: cophenetic index 624; 1.1 s; peak memory 489 MiB.
2026-10-05T08:49:45Z INFO [1397/3739] 4d4531f7-7e2d-4bfe-9ec3-44d00ca13076: cophenetic index 643; 0.8 s; peak memory 489 MiB.
2026-10-05T08:49:46Z INFO [1398/3739] 4d455786-290a-4a57-b601-d6a6b6536278: cophenetic index 3004; 1.3 s; peak memory 489 MiB.
2026-10-05T08:49:47Z INFO [1399/3739] 4d46c95e-b194-4dad-8358-0b497ce663a1: cophenetic index 624; 0.9 s; peak memory 489 MiB.
2026-10-05T08:49:48Z INFO [1400/3739] 4d4710af-94f8-4f21-87cb-c046e5e6eddf: cophenetic index 624; 1.1 s; peak memory 489 MiB.
2026-10-05T08:49:49Z INFO [1400/3739] 4d4710af-94f8-4f21-87cb-c046e5e6eddf: checkpointed 84125 records.
2026-10-05T08:49:52Z INFO [1401/3739] 4d478188-a1a8-4600-a67e-82abd16fd0a4: cophenetic index 3045; 3.5 s; peak memory 489 MiB.
2026-10-05T08:49:54Z INFO [1402/3739] 4d47ea13-3512-41ec-b69e-a06a88debca7: cophenetic index 2573; 2.3 s; peak memory 489 MiB.
2026-10-05T08:49:56Z INFO [1403/3739] 4d48cdce-6068-4921-88ef-f678fa7f9ff6: cophenetic index 33986; 1.5 s; peak memory 489 MiB.
2026-10-05T08:49:57Z INFO [1404/3739] 4d48e398-ca08-4913-a033-fccc2e4e5cf6: cophenetic index 2625; 1.5 s; peak memory 489 MiB.
2026-10-05T08:49:59Z INFO [1405/3739] 4d4913d9-5fa9-4082-9c95-9f597ed5139a: cophenetic index 766; 1.2 s; peak memory 489 MiB.
2026-10-05T08:50:00Z INFO [1406/3739] 4d49e5d3-9a91-411f-b8fa-6feb788d4b7a: cophenetic index 3972; 1.5 s; peak memory 489 MiB.
2026-10-05T08:50:01Z INFO [1407/3739] 4d49fe4c-76eb-4636-97df-6886b0738cb1: cophenetic index 624; 1.0 s; peak memory 489 MiB.
2026-10-05T08:50:03Z INFO [1408/3739] 4d4a8dd0-41d5-4354-ae33-9f5151379707: cophenetic index 972; 1.7 s; peak memory 489 MiB.
2026-10-05T08:50:11Z INFO [1409/3739] 4d4a97f7-83a7-45b7-8f05-487f107087c2: cophenetic index 168777; 7.9 s; peak memory 489 MiB.
2026-10-05T08:50:12Z INFO [1410/3739] 4d4b3a8a-f5bf-4d33-a816-e2c3c14c7d06: cophenetic index 624; 1.2 s; peak memory 489 MiB.
2026-10-05T08:51:09Z INFO [1411/3739] 4d4b5647-8288-4c95-937f-9e767bc20de1: cophenetic index 7092284; 57.1 s; peak memory 489 MiB.
2026-10-05T08:51:10Z INFO [1412/3739] 4d4bbf5a-7b05-4170-8877-2960462c56a0: cophenetic index 2974; 1.3 s; peak memory 489 MiB.
2026-10-05T08:51:11Z INFO [1413/3739] 4d4cbf65-d0e2-4077-a05a-55d532998810: cophenetic index 649; 1.2 s; peak memory 489 MiB.
2026-10-05T08:51:12Z INFO [1414/3739] 4d4d8626-345f-43b8-9971-7ad172ab0dc8: cophenetic index 624; 1.0 s; peak memory 489 MiB.
2026-10-05T08:51:13Z INFO [1415/3739] 4d4d92b6-eee5-4256-b8b8-48dc92eda725: cophenetic index 624; 1.0 s; peak memory 489 MiB.
2026-10-05T08:51:15Z INFO [1416/3739] 4d4dda27-86a8-48a7-9fa7-155158999d92: cophenetic index 2019; 2.0 s; peak memory 489 MiB.
2026-10-05T08:51:18Z INFO [1417/3739] 4d4e8107-b319-4ca4-aee9-9a8405d13cce: cophenetic index 2402; 2.7 s; peak memory 489 MiB.
2026-10-05T08:51:19Z INFO [1418/3739] 4d4e9c5d-ad51-4f23-8dba-610eb272208f: cophenetic index 3087; 1.4 s; peak memory 489 MiB.
2026-10-05T08:51:21Z INFO [1419/3739] 4d505874-e963-4339-8173-2a8775ccc3d6: cophenetic index 624; 1.0 s; peak memory 489 MiB.
2026-10-05T08:51:22Z INFO [1420/3739] 4d50b8ef-206e-46d8-bad2-c790a8c2acb2: cophenetic index 2974; 1.2 s; peak memory 489 MiB.
2026-10-05T08:51:23Z INFO [1421/3739] 4d51f427-a09a-4d1d-a845-23421adff2b2: cophenetic index 1002; 1.2 s; peak memory 489 MiB.
2026-10-05T08:51:24Z INFO [1422/3739] 4d5206a1-0465-4b6f-ba5a-199757d830a6: cophenetic index 3192; 1.2 s; peak memory 489 MiB.
2026-10-05T08:51:27Z INFO [1423/3739] 4d52e877-f31e-43b6-9819-5788f244d58b: cophenetic index 3243; 2.8 s; peak memory 489 MiB.
2026-10-05T08:51:29Z INFO [1424/3739] 4d544c60-775f-4dec-bce3-ba790c335ad1: cophenetic index 2570; 1.6 s; peak memory 489 MiB.
2026-10-05T08:51:30Z INFO [1425/3739] 4d544dda-439f-4fa6-851e-9921483f33e4: cophenetic index 624; 0.9 s; peak memory 489 MiB.
2026-10-05T08:51:31Z INFO [1426/3739] 4d548006-478d-42bd-99f7-07f63a3231e4: cophenetic index 23358; 1.1 s; peak memory 489 MiB.
2026-10-05T08:51:32Z INFO [1427/3739] 4d54f2e9-7ab7-4bdc-a6d4-56d99bdc20ce: cophenetic index 2625; 1.4 s; peak memory 489 MiB.
2026-10-05T08:51:38Z INFO [1428/3739] 4d5524d6-113d-4c67-946a-d9f57b93d28d: cophenetic index 90904; 6.0 s; peak memory 489 MiB.
2026-10-05T08:51:42Z INFO [1429/3739] 4d55b8eb-3803-4ffe-8c87-0e0b174670c1: cophenetic index 3045; 3.6 s; peak memory 489 MiB.
2026-10-05T08:51:43Z INFO [1430/3739] 4d55c6e4-9991-48c3-9b3f-f03161dd81c8: cophenetic index 3004; 1.3 s; peak memory 489 MiB.
2026-10-05T08:51:44Z INFO [1431/3739] 4d562491-01f3-4859-8538-7c6e957dbbfa: cophenetic index 3004; 1.5 s; peak memory 489 MiB.
2026-10-05T08:51:45Z INFO [1432/3739] 4d56d3f4-8dad-4040-a8be-99667d6fbfda: cophenetic index 624; 1.0 s; peak memory 489 MiB.
2026-10-05T08:51:46Z INFO [1433/3739] 4d570ef8-e6fa-442b-96cf-1426f8633408: cophenetic index 427; 0.9 s; peak memory 489 MiB.
2026-10-05T08:51:47Z INFO [1434/3739] 4d57eb5a-9110-4f65-9597-919e6a208a73: cophenetic index 164; 0.7 s; peak memory 489 MiB.
2026-10-05T08:51:48Z INFO [1435/3739] 4d580c1b-5ea1-4fb9-b88f-1e1bf8cb3530: cophenetic index 624; 0.9 s; peak memory 489 MiB.
2026-10-05T08:51:49Z INFO [1436/3739] 4d58bc77-a739-41df-802f-a2e6b4102ee4: cophenetic index 624; 0.9 s; peak memory 489 MiB.
2026-10-05T08:51:50Z INFO [1437/3739] 4d597a28-c472-4ea7-ad8d-3f6d56e274e2: cophenetic index 624; 1.0 s; peak memory 489 MiB.
2026-10-05T08:51:51Z INFO [1438/3739] 4d59d8c7-6371-48cd-9af6-fee53df421e3: cophenetic index 624; 1.0 s; peak memory 489 MiB.
2026-10-05T08:52:01Z INFO [1439/3739] 4d5a6eed-4d25-48f1-94e7-b458fd610690: cophenetic index 21815; 9.9 s; peak memory 489 MiB.
2026-10-05T08:52:02Z INFO [1440/3739] 4d5a9083-e9ab-4153-adb7-61f538d2068c: cophenetic index 2625; 1.5 s; peak memory 489 MiB.
2026-10-05T08:52:09Z INFO [1441/3739] 4d5acf88-7d0b-467e-bf95-04f57e746fc9: cophenetic index 74698; 7.1 s; peak memory 489 MiB.
2026-10-05T08:52:10Z INFO [1442/3739] 4d5b23b1-4c5b-4514-8acb-0e96eb087646: cophenetic index 1228; 1.1 s; peak memory 489 MiB.
2026-10-05T08:52:11Z INFO [1443/3739] 4d5d7433-eb2e-4cc8-a1c0-45d6d0a8e5b3: cophenetic index 624; 1.0 s; peak memory 489 MiB.
2026-10-05T08:52:12Z INFO [1444/3739] 4d5f7458-e6f5-44bb-b1b8-355facf126eb: cophenetic index 431; 0.8 s; peak memory 489 MiB.
2026-10-05T08:52:14Z INFO [1445/3739] 4d60074d-92f1-4af1-a768-78b48958df80: cophenetic index 2625; 2.0 s; peak memory 489 MiB.
2026-10-05T08:52:17Z INFO [1446/3739] 4d606f5f-0640-4ac7-81fd-dc51c312a1f4: cophenetic index 4015; 2.9 s; peak memory 489 MiB.
2026-10-05T08:52:18Z INFO [1447/3739] 4d60d0da-43fe-4589-88fd-345b3585eada: cophenetic index 490; 0.7 s; peak memory 489 MiB.
2026-10-05T08:52:19Z INFO [1448/3739] 4d60d19c-f259-4678-b938-fb3600777238: cophenetic index 718; 1.3 s; peak memory 489 MiB.
2026-10-05T08:52:20Z INFO [1449/3739] 4d615a58-5c76-43c1-bdc0-bf2de8583d6e: cophenetic index 23975; 1.3 s; peak memory 489 MiB.
2026-10-05T08:52:21Z INFO [1450/3739] 4d61db13-cdf0-4ee0-a25d-49e8549409c2: cophenetic index 725; 1.0 s; peak memory 489 MiB.
2026-10-05T08:52:21Z INFO [1450/3739] 4d61db13-cdf0-4ee0-a25d-49e8549409c2: checkpointed 84175 records.
2026-10-05T08:52:23Z INFO [1451/3739] 4d61fd45-a5ef-4a50-a05a-955b88eea901: cophenetic index 33968; 1.5 s; peak memory 489 MiB.
2026-10-05T08:52:24Z INFO [1452/3739] 4d621a45-e16f-47a0-8388-dea7dbe19949: cophenetic index 2776; 1.3 s; peak memory 489 MiB.
2026-10-05T08:52:26Z INFO [1453/3739] 4d62444c-d539-4701-85b6-5ed104b78081: cophenetic index 1087; 1.4 s; peak memory 489 MiB.
2026-10-05T08:52:32Z INFO [1454/3739] 4d6262c6-673d-4ee9-9173-18bd375c888a: cophenetic index 75802; 6.3 s; peak memory 489 MiB.
2026-10-05T08:52:34Z INFO [1455/3739] 4d6269e9-ed0b-49fa-91f1-76d9bc334a2d: cophenetic index 613; 2.4 s; peak memory 489 MiB.
2026-10-05T08:52:35Z INFO [1456/3739] 4d629caa-1825-4cc2-b1af-c595e611b0d2: cophenetic index 431; 1.2 s; peak memory 489 MiB.
2026-10-05T08:52:37Z INFO [1457/3739] 4d62fd3d-ee42-432e-8f9a-afab6f1d55f2: cophenetic index 605; 1.2 s; peak memory 489 MiB.
2026-10-05T08:52:44Z INFO [1458/3739] 4d633efd-2a56-4791-9366-b53d1bd3e684: cophenetic index 67660; 7.8 s; peak memory 489 MiB.
2026-10-05T08:52:46Z INFO [1459/3739] 4d6434b0-14a0-490c-9610-abb8f746e0fd: cophenetic index 2625; 1.3 s; peak memory 489 MiB.
2026-10-05T08:52:47Z INFO [1460/3739] 4d64dc38-2bfc-4d09-bf0b-a60c3da72edf: cophenetic index 431; 1.2 s; peak memory 489 MiB.
2026-10-05T08:52:48Z INFO [1461/3739] 4d64f120-733a-4fba-bb44-63414ca7ab8a: cophenetic index 431; 1.1 s; peak memory 489 MiB.
2026-10-05T08:52:49Z INFO [1462/3739] 4d656a07-e847-4eb0-a393-a54d71abd1a1: cophenetic index 649; 1.2 s; peak memory 489 MiB.
2026-10-05T08:52:51Z INFO [1463/3739] 4d66a64d-49fe-49e6-b1d2-5ba60fd830eb: cophenetic index 1751; 1.7 s; peak memory 489 MiB.
2026-10-05T08:52:52Z INFO [1464/3739] 4d671363-7e5e-47c2-afde-61ab91f125ab: cophenetic index 2625; 1.5 s; peak memory 489 MiB.
2026-10-05T08:52:54Z INFO [1465/3739] 4d678d25-1768-4481-8882-946eb0b4b69c: cophenetic index 497; 1.2 s; peak memory 489 MiB.
2026-10-05T08:52:56Z INFO [1466/3739] 4d67a9c7-a179-42cf-90c8-c4b054aa2fe8: cophenetic index 34658; 2.4 s; peak memory 489 MiB.
2026-10-05T08:52:57Z INFO [1467/3739] 4d67d512-b751-4878-be8c-929004eebca8: cophenetic index 3004; 1.2 s; peak memory 489 MiB.
2026-10-05T08:53:03Z INFO [1468/3739] 4d67ebf8-9f35-4942-8c4c-6cac6b1811d8: cophenetic index 33285; 5.9 s; peak memory 489 MiB.
2026-10-05T08:53:05Z INFO [1469/3739] 4d690bc3-0914-40ab-8993-527bd000bda1: cophenetic index 2625; 1.7 s; peak memory 489 MiB.
2026-10-05T08:53:47Z INFO [1470/3739] 4d6a3eaf-0831-4272-ba1a-cc53694e19cd: cophenetic index 275232; 42.3 s; peak memory 489 MiB.
2026-10-05T08:53:49Z INFO [1471/3739] 4d6a55d3-480e-4a40-9e61-548f326ea7f9: cophenetic index 3087; 1.2 s; peak memory 489 MiB.
2026-10-05T08:54:00Z INFO [1472/3739] 4d6a72e2-ba88-4cc5-9b6a-c1f1a1d541ae: cophenetic index 155314; 11.8 s; peak memory 489 MiB.
2026-10-05T08:54:07Z INFO [1473/3739] 4d6add29-f0d1-4f87-9dc2-88291d0fb573: cophenetic index 89398; 6.9 s; peak memory 489 MiB.
2026-10-05T08:54:08Z INFO [1474/3739] 4d6b1755-bcec-4b2a-ba48-55c250cb4c3e: cophenetic index 554; 1.2 s; peak memory 489 MiB.
2026-10-05T08:54:09Z INFO [1475/3739] 4d6d7c30-8c41-498b-9ab9-d87cd2e84fba: cophenetic index 624; 1.0 s; peak memory 489 MiB.
2026-10-05T08:54:10Z INFO [1476/3739] 4d6e83de-bf5c-4808-8d8e-96c3e0db0253: cophenetic index 624; 1.0 s; peak memory 489 MiB.
2026-10-05T08:54:12Z INFO [1477/3739] 4d6f4f59-ae68-4849-81d1-abe4e4db554b: cophenetic index 3087; 1.5 s; peak memory 489 MiB.
2026-10-05T08:54:14Z INFO [1478/3739] 4d7037fc-321d-4abb-99a6-493751fb94ee: cophenetic index 959; 2.4 s; peak memory 489 MiB.
2026-10-05T08:54:16Z INFO [1479/3739] 4d70a69e-f056-49fa-b1f8-512cba9be70c: cophenetic index 3004; 1.2 s; peak memory 489 MiB.
2026-10-05T08:54:27Z INFO [1480/3739] 4d70cef5-fb27-48d7-b8c2-7b75123f7b2a: cophenetic index 19150297; 11.5 s; peak memory 489 MiB.
2026-10-05T08:54:28Z INFO [1481/3739] 4d71c49d-e9ab-4258-b3c5-d91bb85c0fd9: cophenetic index 560; 1.0 s; peak memory 489 MiB.
2026-10-05T08:54:29Z INFO [1482/3739] 4d71f2cf-bd0a-4592-8d48-10f914fb8cf3: cophenetic index 554; 1.2 s; peak memory 489 MiB.
2026-10-05T08:54:31Z INFO [1483/3739] 4d72461b-066c-4428-ae1c-faa3849a4c1b: cophenetic index 23364; 1.1 s; peak memory 489 MiB.
2026-10-05T08:54:32Z INFO [1484/3739] 4d7273f6-b3dd-40f9-af91-bb4543fb8137: cophenetic index 624; 1.1 s; peak memory 489 MiB.
2026-10-05T08:54:33Z INFO [1485/3739] 4d740175-53c8-4cc4-aa11-53b8b9b6880b: cophenetic index 490; 0.9 s; peak memory 489 MiB.
2026-10-05T08:54:34Z INFO [1486/3739] 4d74ebe0-6c8d-42e7-bfec-cf671db1f820: cophenetic index 33986; 1.5 s; peak memory 489 MiB.
2026-10-05T08:54:36Z INFO [1487/3739] 4d7523bd-025e-460a-b740-98ec44d6d0c3: cophenetic index 99150; 1.8 s; peak memory 489 MiB.
2026-10-05T08:54:37Z INFO [1488/3739] 4d75a19f-f1aa-459a-a555-459b0bf77731: cophenetic index 624; 1.0 s; peak memory 489 MiB.
2026-10-05T08:54:38Z INFO [1489/3739] 4d76edd0-0e21-42b6-928e-20a668573dd7: cophenetic index 33968; 1.4 s; peak memory 489 MiB.
2026-10-05T08:54:41Z INFO [1490/3739] 4d770040-e125-48ba-93e8-f5fdfb4ae48d: cophenetic index 41788; 2.4 s; peak memory 489 MiB.
2026-10-05T08:54:42Z INFO [1491/3739] 4d774b10-5078-4661-92eb-d21324e23fbb: cophenetic index 2211; 1.1 s; peak memory 489 MiB.
2026-10-05T08:54:43Z INFO [1492/3739] 4d7754f8-7f09-4578-844d-e0b1f3064329: cophenetic index 949; 1.6 s; peak memory 489 MiB.
2026-10-05T08:54:48Z INFO [1493/3739] 4d7765d5-b387-4d07-a1a2-6bd3c7d73fba: cophenetic index 13046; 4.3 s; peak memory 489 MiB.
2026-10-05T08:54:49Z INFO [1494/3739] 4d77ccaa-8d93-4f99-a599-357c69540af5: cophenetic index 624; 1.0 s; peak memory 489 MiB.
2026-10-05T08:54:52Z INFO [1495/3739] 4d780a04-8995-407b-9238-9666e278cdc3: cophenetic index 5473; 3.5 s; peak memory 489 MiB.
2026-10-05T08:54:53Z INFO [1496/3739] 4d7834ad-6af2-429b-8732-69d31bd16feb: cophenetic index 630; 0.8 s; peak memory 489 MiB.
2026-10-05T08:54:55Z INFO [1497/3739] 4d787506-acc0-434c-8064-811254579502: cophenetic index 2570; 1.7 s; peak memory 489 MiB.
2026-10-05T08:54:56Z INFO [1498/3739] 4d788560-2b18-4a73-8284-7f459570661b: cophenetic index 590; 1.0 s; peak memory 489 MiB.
2026-10-05T08:55:04Z INFO [1499/3739] 4d7b0e28-c92e-4ee4-9359-730347d73759: cophenetic index 109812; 8.6 s; peak memory 489 MiB.
2026-10-05T08:55:06Z INFO [1500/3739] 4d7d627f-a048-473f-a540-646769076426: cophenetic index 2625; 1.5 s; peak memory 489 MiB.
2026-10-05T08:55:06Z INFO [1500/3739] 4d7d627f-a048-473f-a540-646769076426: checkpointed 84225 records.
2026-10-05T08:55:08Z INFO [1501/3739] 4d7dc5de-ef90-4df7-b7e7-c4c55b074b1e: cophenetic index 2682; 2.3 s; peak memory 489 MiB.
2026-10-05T08:55:10Z INFO [1502/3739] 4d7e0631-17f6-4bcb-895b-1437d5ea2cd0: cophenetic index 3087; 1.2 s; peak memory 489 MiB.
2026-10-05T08:55:12Z INFO [1503/3739] 4d7eabc9-9014-48a9-9938-aad890b8d1eb: cophenetic index 895; 2.2 s; peak memory 489 MiB.
2026-10-05T08:55:13Z INFO [1504/3739] 4d7f52b3-f241-4d22-bc58-fcebee36a645: cophenetic index 3087; 1.3 s; peak memory 489 MiB.
2026-10-05T08:55:16Z INFO [1505/3739] 4d7f68ed-1754-41f6-bff3-b21357730645: cophenetic index 5473; 2.9 s; peak memory 489 MiB.
2026-10-05T08:55:17Z INFO [1506/3739] 4d80747a-1eed-48dd-87b8-e599b2977664: cophenetic index 651; 0.8 s; peak memory 489 MiB.
2026-10-05T08:55:18Z INFO [1507/3739] 4d80908c-0799-43e5-872f-f8bbde960c2b: cophenetic index 797; 1.7 s; peak memory 489 MiB.
2026-10-05T08:55:23Z INFO [1508/3739] 4d818348-cbbd-43e2-b78d-d198b1353347: cophenetic index 9548; 5.0 s; peak memory 489 MiB.
2026-10-05T08:55:24Z INFO [1509/3739] 4d818fad-8f5c-4de5-8c78-3a374d9c069e: cophenetic index 624; 0.9 s; peak memory 489 MiB.
2026-10-05T08:55:27Z INFO [1510/3739] 4d81f8a1-0350-4ba5-af43-bb1fb958e1bf: cophenetic index 103740; 2.3 s; peak memory 489 MiB.
2026-10-05T08:55:27Z INFO [1511/3739] 4d821ba1-ecd9-48b4-90e3-af0c587dfd43: cophenetic index 966; 0.9 s; peak memory 489 MiB.
2026-10-05T08:55:29Z INFO [1512/3739] 4d82cfff-2480-484f-bea5-ae69e89af3a0: cophenetic index 2570; 1.6 s; peak memory 489 MiB.
2026-10-05T08:55:38Z INFO [1513/3739] 4d82e860-e90f-4089-b3ed-62de2d396209: cophenetic index 167492; 9.2 s; peak memory 489 MiB.
2026-10-05T08:55:48Z INFO [1514/3739] 4d83069e-a3a1-41a4-a9ed-99455fad8675: cophenetic index 336181; 9.9 s; peak memory 489 MiB.
2026-10-05T08:55:50Z INFO [1515/3739] 4d8409b8-f0e1-46cb-899e-9271e6d67700: cophenetic index 2625; 1.4 s; peak memory 489 MiB.
2026-10-05T08:55:51Z INFO [1516/3739] 4d84232e-a04b-4b8a-9e28-90ae2dbf509b: cophenetic index 33986; 1.5 s; peak memory 489 MiB.
2026-10-05T08:55:52Z INFO [1517/3739] 4d8490d6-b54a-47cc-a0b2-b0116002c70d: cophenetic index 635; 0.7 s; peak memory 489 MiB.
2026-10-05T08:55:54Z INFO [1518/3739] 4d84a116-6bba-4461-9a31-d11352577f01: cophenetic index 2625; 1.9 s; peak memory 489 MiB.
2026-10-05T08:55:55Z INFO [1519/3739] 4d84ee01-c19b-4699-9c91-b182b1d22f81: cophenetic index 1380; 1.6 s; peak memory 489 MiB.
2026-10-05T08:55:57Z INFO [1520/3739] 4d854700-1a55-4b5d-a61a-7c54e47ebebc: cophenetic index 1739; 1.2 s; peak memory 489 MiB.
2026-10-05T08:56:02Z INFO [1521/3739] 4d86662e-d692-4923-bc25-6d8a2c5c0237: cophenetic index 65991; 5.8 s; peak memory 489 MiB.
2026-10-05T08:56:05Z INFO [1522/3739] 4d87342d-0bdd-4953-9be1-503ad1127dc0: cophenetic index 6490; 2.7 s; peak memory 489 MiB.
2026-10-05T08:56:07Z INFO [1523/3739] 4d876401-f36f-48d4-9fe6-4ff75ed0faa0: cophenetic index 99150; 2.2 s; peak memory 489 MiB.
2026-10-05T08:56:08Z INFO [1524/3739] 4d87bb30-6842-49de-adb1-a0c5a133e6d4: cophenetic index 479; 1.0 s; peak memory 489 MiB.
2026-10-05T08:56:10Z INFO [1525/3739] 4d885217-969d-4192-a5e5-3acf3dadd41e: cophenetic index 2974; 1.4 s; peak memory 489 MiB.
2026-10-05T08:56:11Z INFO [1526/3739] 4d89a3dd-0595-4e07-ba58-9a820ce07afb: cophenetic index 33962; 1.4 s; peak memory 489 MiB.
2026-10-05T08:56:12Z INFO [1527/3739] 4d89d938-6b5c-49ed-b5c2-a4ec2454b65b: cophenetic index 490; 0.7 s; peak memory 489 MiB.
2026-10-05T08:56:13Z INFO [1528/3739] 4d89f179-24c2-4e50-8721-03928542d3c2: cophenetic index 515; 1.7 s; peak memory 489 MiB.
2026-10-05T08:56:14Z INFO [1529/3739] 4d8a630a-c6ec-4f52-b6f6-631053401473: cophenetic index 739; 0.8 s; peak memory 489 MiB.
2026-10-05T08:56:16Z INFO [1530/3739] 4d8ac47f-3eff-4718-b97b-276fb03d9439: cophenetic index 30304; 1.5 s; peak memory 489 MiB.
2026-10-05T08:56:17Z INFO [1531/3739] 4d8afed3-2f3c-4245-ad1d-77629929d3e1: cophenetic index 3004; 1.3 s; peak memory 489 MiB.
2026-10-05T08:56:18Z INFO [1532/3739] 4d8b158e-f961-4f63-aedf-dfa41d70860b: cophenetic index 3004; 1.3 s; peak memory 489 MiB.
2026-10-05T08:56:21Z INFO [1533/3739] 4d8c13fd-33b6-4af9-b0f1-d1f67ffd0feb: cophenetic index 696053; 2.8 s; peak memory 489 MiB.
2026-10-05T08:56:28Z INFO [1534/3739] 4d8d6082-54a8-4f00-87b1-e9ee52acd029: cophenetic index 86304; 6.7 s; peak memory 489 MiB.
2026-10-05T08:56:29Z INFO [1535/3739] 4d8d7826-1647-49c7-af52-8fb359732d3e: cophenetic index 651; 0.8 s; peak memory 489 MiB.
2026-10-05T08:56:30Z INFO [1536/3739] 4d8fe4d1-b79b-4fc7-9969-c0837bb4139d: cophenetic index 624; 1.0 s; peak memory 489 MiB.
2026-10-05T08:56:30Z INFO [1537/3739] 4d90212e-36b0-429b-8524-fbdf41695d67: cophenetic index 761; 0.8 s; peak memory 489 MiB.
2026-10-05T08:56:31Z INFO [1538/3739] 4d910abb-2117-4562-b054-65af646bc0bd: cophenetic index 624; 0.9 s; peak memory 489 MiB.
2026-10-05T08:56:34Z INFO [1539/3739] 4d91188e-9eff-4d2d-9087-addd8b922c73: cophenetic index 2402; 2.6 s; peak memory 489 MiB.
2026-10-05T08:56:35Z INFO [1540/3739] 4d91eccc-a8f5-40e3-8acf-22ff784a16f4: cophenetic index 579; 0.8 s; peak memory 489 MiB.
2026-10-05T08:56:36Z INFO [1541/3739] 4d92090f-f561-4767-89ce-324ba17769a5: cophenetic index 3087; 1.2 s; peak memory 489 MiB.
2026-10-05T08:56:38Z INFO [1542/3739] 4d92ff41-1339-494b-a9d5-17a697bb9a75: cophenetic index 2573; 2.1 s; peak memory 489 MiB.
2026-10-05T08:56:39Z INFO [1543/3739] 4d93554a-7287-4423-beaa-72b8414a5000: cophenetic index 624; 1.1 s; peak memory 489 MiB.
2026-10-05T08:56:40Z INFO [1544/3739] 4d93595e-daac-4763-8cda-fccb85f1b66e: cophenetic index 490; 0.7 s; peak memory 489 MiB.
2026-10-05T08:56:41Z INFO [1545/3739] 4d9392a4-0ede-47ed-b4e1-03e8e9a343af: cophenetic index 2625; 1.6 s; peak memory 489 MiB.
2026-10-05T08:56:43Z INFO [1546/3739] 4d93b8f2-0d15-49d0-b3f8-36878a681610: cophenetic index 3004; 1.3 s; peak memory 489 MiB.
2026-10-05T08:56:44Z INFO [1547/3739] 4d9516e0-9830-4aa9-a930-96f863eaf96c: cophenetic index 624; 0.9 s; peak memory 489 MiB.
2026-10-05T08:56:45Z INFO [1548/3739] 4d967b82-26ce-41eb-9a96-e47929ece7f6: cophenetic index 624; 0.9 s; peak memory 489 MiB.
2026-10-05T08:56:46Z INFO [1549/3739] 4d96bc9c-d7cd-4ca9-a551-7ba179ce417a: cophenetic index 649; 1.1 s; peak memory 489 MiB.
2026-10-05T08:56:56Z INFO [1550/3739] 4d96c821-9ff0-4ce3-b797-d76c18a8c1a0: cophenetic index 230086; 10.8 s; peak memory 489 MiB.
2026-10-05T08:56:57Z INFO [1550/3739] 4d96c821-9ff0-4ce3-b797-d76c18a8c1a0: checkpointed 84275 records.
2026-10-05T08:56:58Z INFO [1551/3739] 4d99b52e-e013-4ae6-9a21-8b0102368ae3: cophenetic index 657; 0.9 s; peak memory 489 MiB.
2026-10-05T08:56:58Z INFO [1552/3739] 4d9b2694-fef2-48b0-93fb-6ebc102a7e4d: cophenetic index 490; 0.7 s; peak memory 489 MiB.
2026-10-05T08:57:11Z INFO [1553/3739] 4d9b3877-d07d-46da-b043-54a01b5ca12a: cophenetic index 49686; 12.7 s; peak memory 489 MiB.
2026-10-05T08:57:12Z INFO [1554/3739] 4d9b9676-dd06-479b-af2a-6bd972aee4d6: cophenetic index 729; 0.8 s; peak memory 489 MiB.
2026-10-05T08:57:13Z INFO [1555/3739] 4d9ba455-ce05-4a50-ab1d-51ecd2f336f9: cophenetic index 624; 1.0 s; peak memory 489 MiB.
2026-10-05T08:57:14Z INFO [1556/3739] 4d9bac4c-6373-4f8d-9ee1-c6ff5bbcedfa: cophenetic index 1087; 1.5 s; peak memory 489 MiB.
2026-10-05T08:57:16Z INFO [1557/3739] 4d9d82d6-49d3-4028-ba39-9eedd1731cf8: cophenetic index 33998; 1.7 s; peak memory 489 MiB.
2026-10-05T08:57:17Z INFO [1558/3739] 4d9dd479-72e7-491c-943b-ba1b2d5b2e7b: cophenetic index 624; 0.9 s; peak memory 489 MiB.
2026-10-05T08:57:18Z INFO [1559/3739] 4d9e50d5-d743-40aa-86aa-fae31560c5e2: cophenetic index 624; 1.0 s; peak memory 489 MiB.
2026-10-05T08:57:19Z INFO [1560/3739] 4d9fb3bc-aa36-412b-846c-f5162fd82f88: cophenetic index 624; 1.2 s; peak memory 489 MiB.
2026-10-05T08:57:20Z INFO [1561/3739] 4d9fde69-c849-42e7-b7ff-2e271bfa4627: cophenetic index 3004; 1.3 s; peak memory 489 MiB.
2026-10-05T08:57:22Z INFO [1562/3739] 4da015be-fcf5-4ab3-94b9-ddceefe567f0: cophenetic index 2105; 1.7 s; peak memory 489 MiB.
2026-10-05T08:57:23Z INFO [1563/3739] 4da028a2-0941-431b-8839-52be16c6e9fd: cophenetic index 490; 0.9 s; peak memory 489 MiB.
2026-10-05T08:57:24Z INFO [1564/3739] 4da071bc-4fba-48fe-b5c3-ad5b13ce9018: cophenetic index 624; 1.0 s; peak memory 489 MiB.
2026-10-05T08:57:25Z INFO [1565/3739] 4da07d05-cd8b-4e46-beeb-6c4a6aa6b44f: cophenetic index 18146; 1.7 s; peak memory 489 MiB.
2026-10-05T08:57:27Z INFO [1566/3739] 4da0ba3d-de63-439e-907f-0596c1a00133: cophenetic index 2974; 1.2 s; peak memory 489 MiB.
2026-10-05T08:57:28Z INFO [1567/3739] 4da0bf9d-0ed9-4fad-81bf-e21ae6af9399: cophenetic index 2974; 1.2 s; peak memory 489 MiB.
2026-10-05T08:57:29Z INFO [1568/3739] 4da125d2-0e77-4c7e-8f24-29e0b4e4b29f: cophenetic index 379; 0.7 s; peak memory 489 MiB.
2026-10-05T08:57:32Z INFO [1569/3739] 4da1deef-ffb3-4a56-bd65-2f55479ca44f: cophenetic index 15474; 3.8 s; peak memory 489 MiB.
2026-10-05T08:57:34Z INFO [1570/3739] 4da22bda-5a36-419c-9020-4f60d1ee7900: cophenetic index 949; 1.8 s; peak memory 489 MiB.
2026-10-05T08:57:42Z INFO [1571/3739] 4da268b5-9c36-486d-886b-c74bf983d8eb: cophenetic index 101732; 7.8 s; peak memory 489 MiB.
2026-10-05T08:57:44Z INFO [1572/3739] 4da2da33-c769-4196-9e6b-685ed72852f4: cophenetic index 949; 2.0 s; peak memory 489 MiB.
2026-10-05T08:57:45Z INFO [1573/3739] 4da351ed-5905-4974-901a-1c1e6ec55916: cophenetic index 759; 0.7 s; peak memory 489 MiB.
2026-10-05T08:57:52Z INFO [1574/3739] 4da3a86c-91da-418d-a5f4-c4788c8950ca: cophenetic index 143547; 7.1 s; peak memory 489 MiB.
2026-10-05T08:57:53Z INFO [1575/3739] 4da3fc0e-22cc-4569-abba-b66aa31f5cab: cophenetic index 1006; 1.3 s; peak memory 489 MiB.
2026-10-05T08:57:54Z INFO [1576/3739] 4da49e0a-2d01-457c-8f14-83de1ee36c98: cophenetic index 624; 0.9 s; peak memory 489 MiB.
2026-10-05T08:57:55Z INFO [1577/3739] 4da56556-defc-4a75-9090-6c319ae08ba0: cophenetic index 624; 1.0 s; peak memory 489 MiB.
2026-10-05T08:57:56Z INFO [1578/3739] 4da5ae54-0e9f-43dd-8963-6e1cf1e5eb3f: cophenetic index 3004; 1.3 s; peak memory 489 MiB.
2026-10-05T08:58:03Z INFO [1579/3739] 4da5d2ee-036f-47a7-be5e-8d5371ede3e9: cophenetic index 87781; 6.7 s; peak memory 489 MiB.
2026-10-05T08:58:04Z INFO [1580/3739] 4da6d317-4e6e-43fa-84a9-56024ee3bcdd: cophenetic index 3004; 1.2 s; peak memory 489 MiB.
2026-10-05T08:58:07Z INFO [1581/3739] 4da7e7cb-37bd-443f-a69f-1c4be15f3956: cophenetic index 2402; 2.5 s; peak memory 489 MiB.
2026-10-05T08:58:08Z INFO [1582/3739] 4da84d10-9caf-42ea-987c-263eb32a841e: cophenetic index 624; 1.0 s; peak memory 489 MiB.
2026-10-05T08:58:09Z INFO [1583/3739] 4da8b100-f774-4616-961e-f80f84ef7bc5: cophenetic index 569; 1.2 s; peak memory 489 MiB.
2026-10-05T08:58:10Z INFO [1584/3739] 4da96754-9896-4cfe-a839-a55713dccf3c: cophenetic index 579; 0.8 s; peak memory 489 MiB.
2026-10-05T08:58:14Z INFO [1585/3739] 4daa29d8-efa3-4ffe-a142-63948ec6ebc4: cophenetic index 20532; 4.1 s; peak memory 489 MiB.
2026-10-05T08:58:15Z INFO [1586/3739] 4daa2cb2-6b48-4a14-8685-8e573a52eb5a: cophenetic index 641; 0.7 s; peak memory 489 MiB.
2026-10-05T08:58:16Z INFO [1587/3739] 4daaa4ff-0dd2-4e8b-9392-a701fb759152: cophenetic index 3077; 1.1 s; peak memory 489 MiB.
2026-10-05T08:58:17Z INFO [1588/3739] 4daacc6a-2b1e-418e-a4c9-40945595641e: cophenetic index 33998; 1.6 s; peak memory 489 MiB.
2026-10-05T08:58:18Z INFO [1589/3739] 4dab41ab-2227-40ee-ab55-bfdf0ff8bba5: cophenetic index 452; 1.0 s; peak memory 489 MiB.
2026-10-05T08:58:19Z INFO [1590/3739] 4dabed9e-2dbb-44f5-9445-f555e83d555c: cophenetic index 624; 1.0 s; peak memory 489 MiB.
2026-10-05T08:58:21Z INFO [1591/3739] 4dac8a65-1028-4021-85b4-cd60fa78c86f: cophenetic index 3004; 1.3 s; peak memory 489 MiB.
2026-10-05T08:58:22Z INFO [1592/3739] 4dad7ffb-641b-4089-8a0d-007adc574c29: cophenetic index 624; 1.1 s; peak memory 489 MiB.
2026-10-05T08:58:23Z INFO [1593/3739] 4dadc727-5961-4419-8cb2-d90afbbf70ad: cophenetic index 624; 1.0 s; peak memory 489 MiB.
2026-10-05T08:58:24Z INFO [1594/3739] 4dae1c84-80c7-4585-a554-7a77fb1da07b: cophenetic index 3087; 1.0 s; peak memory 489 MiB.
2026-10-05T08:58:25Z INFO [1595/3739] 4dae4398-1489-4272-9e78-9f30e13b48d3: cophenetic index 2974; 1.3 s; peak memory 489 MiB.
2026-10-05T08:58:26Z INFO [1596/3739] 4dae9b1a-fbea-4e23-a000-0396bc84c3c5: cophenetic index 530; 1.1 s; peak memory 489 MiB.
2026-10-05T08:58:27Z INFO [1597/3739] 4daec055-2319-42c7-98da-6a3e6fe34c3a: cophenetic index 490; 0.8 s; peak memory 489 MiB.
2026-10-05T08:58:30Z INFO [1598/3739] 4daed25d-b514-43a8-820f-e1beefed4c71: cophenetic index 5473; 3.1 s; peak memory 489 MiB.
2026-10-05T08:58:31Z INFO [1599/3739] 4daf398e-1334-4c20-8ebb-653834d6265c: cophenetic index 635; 0.7 s; peak memory 489 MiB.
2026-10-05T08:58:38Z INFO [1600/3739] 4dafb820-983f-41eb-b41f-8b3c06f9ab06: cophenetic index 74054329; 7.5 s; peak memory 489 MiB.
2026-10-05T08:58:38Z INFO [1600/3739] 4dafb820-983f-41eb-b41f-8b3c06f9ab06: checkpointed 84325 records.
2026-10-05T08:58:48Z INFO [1601/3739] 4db02a93-431a-4ee2-9c6b-860d37be6db9: cophenetic index 37643; 9.5 s; peak memory 489 MiB.
2026-10-05T08:58:49Z INFO [1602/3739] 4db04171-ecb9-4f15-9644-c44825c57c74: cophenetic index 2920; 1.0 s; peak memory 489 MiB.
2026-10-05T08:58:50Z INFO [1603/3739] 4db0ca97-d410-472d-9bf4-fb566b18270a: cophenetic index 2974; 1.3 s; peak memory 489 MiB.
2026-10-05T08:58:51Z INFO [1604/3739] 4db221f0-70dd-4bb8-818a-39994f040c4b: cophenetic index 649; 1.2 s; peak memory 489 MiB.
2026-10-05T08:58:53Z INFO [1605/3739] 4db2d5f7-6c1e-443e-bebd-97b4f5c7ca91: cophenetic index 18208; 1.5 s; peak memory 489 MiB.
2026-10-05T08:58:56Z INFO [1606/3739] 4db2f8ac-1b60-4723-9780-20423d34d9e2: cophenetic index 1970; 2.7 s; peak memory 489 MiB.
2026-10-05T08:58:57Z INFO [1607/3739] 4db3220d-9140-46c5-b1b1-1da03b4837fb: cophenetic index 624; 1.1 s; peak memory 489 MiB.
2026-10-05T08:58:57Z INFO [1608/3739] 4db34193-6ab9-4938-96e1-09d847f7c042: cophenetic index 490; 0.8 s; peak memory 489 MiB.
2026-10-05T08:58:59Z INFO [1609/3739] 4db35929-40fd-4576-b2a8-4fdddd827172: cophenetic index 30304; 1.6 s; peak memory 489 MiB.
2026-10-05T08:59:00Z INFO [1610/3739] 4db3633d-c90a-4eda-810f-a576bfd8ee5b: cophenetic index 2625; 1.4 s; peak memory 489 MiB.
2026-10-05T08:59:02Z INFO [1611/3739] 4db443f2-7106-4e99-a969-ab99eb6bbd17: cophenetic index 2974; 1.3 s; peak memory 489 MiB.
2026-10-05T08:59:12Z INFO [1612/3739] 4db53aa1-43aa-4b40-9dd5-87156c99552a: cophenetic index 24071; 9.8 s; peak memory 489 MiB.
2026-10-05T08:59:13Z INFO [1613/3739] 4db57cfb-9480-4114-b815-dbf7fcaf6971: cophenetic index 3004; 1.2 s; peak memory 489 MiB.
2026-10-05T08:59:13Z INFO [1614/3739] 4db57e89-b9c8-409d-a3e9-230df7fe39ac: cophenetic index 631; 0.7 s; peak memory 489 MiB.
2026-10-05T08:59:14Z INFO [1615/3739] 4db5b793-7d15-4c2e-b370-006f87665dbc: cophenetic index 490; 0.7 s; peak memory 489 MiB.
2026-10-05T08:59:15Z INFO [1616/3739] 4db5c4f7-10fc-4b02-aea3-51823e393790: cophenetic index 624; 1.0 s; peak memory 489 MiB.
2026-10-05T08:59:17Z INFO [1617/3739] 4db5e24a-a9ec-499a-bba1-47902919ab31: cophenetic index 33998; 2.1 s; peak memory 489 MiB.
2026-10-05T08:59:18Z INFO [1618/3739] 4db6067e-e17f-4ab0-8eb5-588a124325dd: cophenetic index 431; 1.1 s; peak memory 489 MiB.
2026-10-05T08:59:19Z INFO [1619/3739] 4db6498c-dccf-45c0-9c43-0929cb3015fe: cophenetic index 446; 0.7 s; peak memory 489 MiB.
2026-10-05T08:59:20Z INFO [1620/3739] 4db651eb-724b-43f0-bf35-6a71742c78c2: cophenetic index 490; 0.8 s; peak memory 489 MiB.
2026-10-05T08:59:25Z INFO [1621/3739] 4db6d75f-7702-496f-b421-0614647e3565: cophenetic index 74501; 5.6 s; peak memory 489 MiB.
2026-10-05T08:59:27Z INFO [1622/3739] 4db6ea0a-221c-432b-8199-a7342c4a617a: cophenetic index 3004; 1.3 s; peak memory 489 MiB.
2026-10-05T08:59:28Z INFO [1623/3739] 4db8409e-fd93-47c9-87d6-57e2de7a7ec8: cophenetic index 2974; 1.1 s; peak memory 489 MiB.
2026-10-05T08:59:36Z INFO [1624/3739] 4db9f9ec-5b34-4c90-b2a3-854f369eba5e: cophenetic index 118707; 8.2 s; peak memory 489 MiB.
2026-10-05T08:59:38Z INFO [1625/3739] 4db9fc57-3706-4ddc-9a7a-ce67ee185783: cophenetic index 1380; 1.5 s; peak memory 489 MiB.
2026-10-05T08:59:39Z INFO [1626/3739] 4dbaa210-6bf1-4860-9ffb-22e4b1b224d5: cophenetic index 2625; 1.2 s; peak memory 489 MiB.
2026-10-05T08:59:40Z INFO [1627/3739] 4dbb9972-026f-4d07-9e64-35a6d6bb22a1: cophenetic index 431; 1.1 s; peak memory 489 MiB.
2026-10-05T08:59:41Z INFO [1628/3739] 4dbd2c79-0fbe-4c06-b271-a95973caaab9: cophenetic index 1751; 1.3 s; peak memory 489 MiB.
2026-10-05T08:59:42Z INFO [1629/3739] 4dbf0f68-6845-4f57-a604-32e5f0d13bf8: cophenetic index 624; 1.0 s; peak memory 489 MiB.
2026-10-05T08:59:46Z INFO [1630/3739] 4dc030e6-07b1-4288-b0cd-2e23b12f2156: cophenetic index 8488; 4.0 s; peak memory 489 MiB.
2026-10-05T08:59:48Z INFO [1631/3739] 4dc1fcc3-07e0-4809-ae1c-0bab0b553270: cophenetic index 33968; 1.6 s; peak memory 489 MiB.
2026-10-05T08:59:49Z INFO [1632/3739] 4dc2073e-ac40-41e9-994c-7a390340a810: cophenetic index 24032; 1.3 s; peak memory 489 MiB.
2026-10-05T08:59:51Z INFO [1633/3739] 4dc2188d-9384-4af3-9467-f43464b8d9fa: cophenetic index 3004; 1.4 s; peak memory 489 MiB.
2026-10-05T08:59:53Z INFO [1634/3739] 4dc2bb16-62af-48e9-ba9c-b19d94c1d8dc: cophenetic index 1652; 2.5 s; peak memory 489 MiB.
2026-10-05T09:00:34Z INFO [1635/3739] 4dc3947d-0a8b-4af3-8adf-481213a3a34e: cophenetic index 8548602; 40.6 s; peak memory 489 MiB.
2026-10-05T09:00:34Z INFO [1636/3739] 4dc3b5e9-613c-40b4-8466-a368e0378f7a: cophenetic index 490; 0.7 s; peak memory 489 MiB.
2026-10-05T09:00:36Z INFO [1637/3739] 4dc3e0fc-b868-40c6-836b-41c2bdd616f6: cophenetic index 413; 1.4 s; peak memory 489 MiB.
2026-10-05T09:00:37Z INFO [1638/3739] 4dc4631f-1ef3-4cfa-a98b-2b6899f807f1: cophenetic index 3004; 1.2 s; peak memory 489 MiB.
2026-10-05T09:00:43Z INFO [1639/3739] 4dc46710-0867-4fdb-8bc2-234f0b9a1b9e: cophenetic index 46904; 5.9 s; peak memory 489 MiB.
2026-10-05T09:00:44Z INFO [1640/3739] 4dc51b61-6ee1-4997-bf43-94df4107994d: cophenetic index 3004; 1.2 s; peak memory 489 MiB.
2026-10-05T09:00:45Z INFO [1641/3739] 4dc52c83-f5a7-4980-96ef-bc2eb9962a3b: cophenetic index 1192; 1.0 s; peak memory 489 MiB.
2026-10-05T09:00:46Z INFO [1642/3739] 4dc5cb31-fb5e-46e6-8504-35200877f082: cophenetic index 1006; 1.3 s; peak memory 489 MiB.
2026-10-05T09:00:48Z INFO [1643/3739] 4dc5d81d-d452-444e-a3c9-40fe5779246d: cophenetic index 2625; 1.8 s; peak memory 489 MiB.
2026-10-05T09:00:49Z INFO [1644/3739] 4dc5d9ee-bf26-4b51-b29c-41a8d3adc9ab: cophenetic index 624; 1.0 s; peak memory 489 MiB.
2026-10-05T09:00:50Z INFO [1645/3739] 4dc91ea9-b102-4e82-b9bc-d7902bfb6af0: cophenetic index 627; 0.9 s; peak memory 489 MiB.
2026-10-05T09:00:51Z INFO [1646/3739] 4dc956e2-c0de-4227-853d-9cfb7ad6c90d: cophenetic index 33968; 1.5 s; peak memory 489 MiB.
2026-10-05T09:00:53Z INFO [1647/3739] 4dca8400-dc0e-43c0-94c3-bbf971df7bc3: cophenetic index 624; 1.1 s; peak memory 489 MiB.
2026-10-05T09:00:54Z INFO [1648/3739] 4dca8a83-bb1d-411e-9d83-562c1d58bd55: cophenetic index 3087; 1.1 s; peak memory 489 MiB.
2026-10-05T09:00:55Z INFO [1649/3739] 4dcae3f3-25a5-468c-ab0d-8a8845530c5a: cophenetic index 3004; 1.3 s; peak memory 489 MiB.
2026-10-05T09:00:56Z INFO [1650/3739] 4dcb0f4e-67ed-434e-b912-d2f387361861: cophenetic index 1949; 1.2 s; peak memory 489 MiB.
2026-10-05T09:00:56Z INFO [1650/3739] 4dcb0f4e-67ed-434e-b912-d2f387361861: checkpointed 84375 records.
2026-10-05T09:00:58Z INFO [1651/3739] 4dccd810-3898-4a26-b366-30efeabc79f9: cophenetic index 2570; 2.0 s; peak memory 489 MiB.
2026-10-05T09:00:59Z INFO [1652/3739] 4dcce674-0516-4f37-8b39-ad2576018303: cophenetic index 624; 1.1 s; peak memory 489 MiB.
2026-10-05T09:01:02Z INFO [1653/3739] 4dcd6c7f-18a5-4451-8b79-731792a8817f: cophenetic index 2391; 3.0 s; peak memory 489 MiB.
2026-10-05T09:01:04Z INFO [1654/3739] 4dcd9b28-8aff-46e5-86e0-700e05f668ec: cophenetic index 1087; 1.5 s; peak memory 489 MiB.
2026-10-05T09:01:05Z INFO [1655/3739] 4dcea265-8d1b-4980-8dd3-f421b6513922: cophenetic index 624; 1.1 s; peak memory 489 MiB.
2026-10-05T09:01:06Z INFO [1656/3739] 4dcebdda-3465-4250-be4e-2d94c34c13bb: cophenetic index 624; 1.0 s; peak memory 489 MiB.
2026-10-05T09:01:07Z INFO [1657/3739] 4dcf5aa1-e50e-44a5-a9b9-a20540f0a99e: cophenetic index 3087; 1.2 s; peak memory 489 MiB.
2026-10-05T09:01:08Z INFO [1658/3739] 4dd03654-e16f-40b2-8b22-52128cf5717e: cophenetic index 624; 1.0 s; peak memory 489 MiB.
2026-10-05T09:01:09Z INFO [1659/3739] 4dd0c0be-50b2-40d2-bb03-0c0d96b9404b: cophenetic index 988; 1.2 s; peak memory 489 MiB.
2026-10-05T09:01:10Z INFO [1660/3739] 4dd1af3e-19fd-4895-b40e-e6b1e3104c00: cophenetic index 3004; 1.3 s; peak memory 489 MiB.
2026-10-05T09:01:11Z INFO [1661/3739] 4dd2a9e4-0b09-4f39-845c-379977749da1: cophenetic index 624; 1.0 s; peak memory 489 MiB.
2026-10-05T09:01:13Z INFO [1662/3739] 4dd3f9f5-7044-4617-8f0e-84e728f9302f: cophenetic index 1602; 1.2 s; peak memory 489 MiB.
2026-10-05T09:01:14Z INFO [1663/3739] 4dd503c5-ebd8-4d65-a992-ce5c25dbc35f: cophenetic index 1087; 1.4 s; peak memory 489 MiB.
2026-10-05T09:01:15Z INFO [1664/3739] 4dd50b62-ca01-43c4-a57c-efce8f060560: cophenetic index 23800; 1.3 s; peak memory 489 MiB.
2026-10-05T09:01:22Z INFO [1665/3739] 4dd5262c-577d-4cec-bf28-237cf86f7ddd: cophenetic index 6715; 6.6 s; peak memory 489 MiB.
2026-10-05T09:01:23Z INFO [1666/3739] 4dd6164e-4b27-4f40-99e4-93796ce64eed: cophenetic index 433; 1.2 s; peak memory 489 MiB.
2026-10-05T09:01:24Z INFO [1667/3739] 4dd65ee0-2fcb-4c97-bb77-84620a6fd56f: cophenetic index 624; 1.0 s; peak memory 489 MiB.
2026-10-05T09:01:36Z INFO [1668/3739] 4dd683ee-42eb-496c-bc2e-930fd7aaa66a: cophenetic index 48665; 11.3 s; peak memory 489 MiB.
2026-10-05T09:01:37Z INFO [1669/3739] 4dd6a57b-6d76-47af-a11a-7a38011f0927: cophenetic index 3004; 1.3 s; peak memory 489 MiB.
2026-10-05T09:01:38Z INFO [1670/3739] 4dd6d193-534b-4a3d-be6f-8e8b0c7f4b4a: cophenetic index 490; 0.8 s; peak memory 489 MiB.
2026-10-05T09:01:39Z INFO [1671/3739] 4dd70552-9d71-4a3d-8886-42b9ebf1a8fc: cophenetic index 1265; 1.1 s; peak memory 489 MiB.
2026-10-05T09:01:41Z INFO [1672/3739] 4dd963fd-5e2a-43bf-8706-e2739466563a: cophenetic index 1912; 1.8 s; peak memory 489 MiB.
2026-10-05T09:01:42Z INFO [1673/3739] 4ddad476-719b-425c-85cf-626e7ccdd793: cophenetic index 2625; 1.4 s; peak memory 489 MiB.
2026-10-05T09:01:43Z INFO [1674/3739] 4ddcc519-df4e-40a8-acec-151f1cb4ab41: cophenetic index 1614; 1.5 s; peak memory 489 MiB.
2026-10-05T09:01:51Z INFO [1675/3739] 4ddccf1d-7a88-4165-b92d-2c2e32374f7c: cophenetic index 3148362; 7.6 s; peak memory 489 MiB.
2026-10-05T09:01:52Z INFO [1676/3739] 4ddcfd45-34be-44f5-96db-bcc91ce879fb: cophenetic index 624; 1.0 s; peak memory 489 MiB.
2026-10-05T09:01:54Z INFO [1677/3739] 4dddea02-2272-41fe-895b-2afe32e26f47: cophenetic index 1983; 1.6 s; peak memory 489 MiB.
2026-10-05T09:01:55Z INFO [1678/3739] 4dde1b9a-f7c5-4905-825e-f76c9e3515e9: cophenetic index 23364; 1.1 s; peak memory 489 MiB.
2026-10-05T09:01:56Z INFO [1679/3739] 4dde1ee1-834a-4ca5-aec2-3c3feb0f09b9: cophenetic index 1949; 1.3 s; peak memory 489 MiB.
2026-10-05T09:01:57Z INFO [1680/3739] 4dde8f21-822b-4fe9-aa9b-48a0a4ed8fc1: cophenetic index 567; 0.7 s; peak memory 489 MiB.
2026-10-05T09:01:59Z INFO [1681/3739] 4dded9b7-24e7-4d61-8913-ff5dcd5926ea: cophenetic index 2609; 2.4 s; peak memory 489 MiB.
2026-10-05T09:02:01Z INFO [1682/3739] 4ddfa213-431f-4cb2-86b5-f3bb62cbcfff: cophenetic index 33968; 1.6 s; peak memory 489 MiB.
2026-10-05T09:02:02Z INFO [1683/3739] 4ddfae0b-ce9b-4157-ad52-dffbe7a7d2f4: cophenetic index 23866; 1.2 s; peak memory 489 MiB.
2026-10-05T09:02:04Z INFO [1684/3739] 4de0260d-ef7e-49eb-a8f6-60df51d8ffe9: cophenetic index 2625; 1.6 s; peak memory 489 MiB.
2026-10-05T09:02:06Z INFO [1685/3739] 4de03a72-cac7-4700-a621-127bcd8772c5: cophenetic index 2402; 2.6 s; peak memory 489 MiB.
2026-10-05T09:02:07Z INFO [1686/3739] 4de0b56f-2c1a-45f4-bfe8-c723bcb076f4: cophenetic index 649; 1.1 s; peak memory 489 MiB.
2026-10-05T09:02:08Z INFO [1687/3739] 4de18123-fb01-4f39-af15-a1752b098d14: cophenetic index 490; 0.8 s; peak memory 489 MiB.
2026-10-05T09:02:09Z INFO [1688/3739] 4de1bbad-2609-4f97-bdb3-87160c0ad510: cophenetic index 431; 1.0 s; peak memory 489 MiB.
2026-10-05T09:02:10Z INFO [1689/3739] 4de2142f-2629-439b-8c5b-325a0bf3b6ae: cophenetic index 766; 1.3 s; peak memory 489 MiB.
2026-10-05T09:02:13Z INFO [1690/3739] 4de24451-50f1-46f8-b0cf-bcaef020372a: cophenetic index 2609; 2.1 s; peak memory 489 MiB.
2026-10-05T09:02:20Z INFO [1691/3739] 4de33eb1-ff18-4f06-b26a-27bbddd9e3ab: cophenetic index 87573; 7.2 s; peak memory 489 MiB.
2026-10-05T09:02:20Z INFO [1692/3739] 4de3e2d9-fcac-4dff-9900-2077021682d1: cophenetic index 490; 0.7 s; peak memory 489 MiB.
2026-10-05T09:02:21Z INFO [1693/3739] 4de425c2-5754-4d42-acb6-91bd2adde2aa: cophenetic index 490; 0.8 s; peak memory 489 MiB.
2026-10-05T09:02:22Z INFO [1694/3739] 4de45b94-c13d-4329-915e-bb8de00deb58: cophenetic index 624; 1.1 s; peak memory 489 MiB.
2026-10-05T09:02:37Z INFO [1695/3739] 4de4e607-a434-4623-b49c-a8abeacc3105: cophenetic index 168842; 14.8 s; peak memory 489 MiB.
2026-10-05T09:02:38Z INFO [1696/3739] 4de60f7f-5fae-4b61-83b8-d85f8fb48fb2: cophenetic index 624; 1.2 s; peak memory 489 MiB.
2026-10-05T09:02:39Z INFO [1697/3739] 4de6699e-bd3d-4167-9452-710b4d0e2ad1: cophenetic index 23364; 1.3 s; peak memory 489 MiB.
2026-10-05T09:02:40Z INFO [1698/3739] 4de7ae1c-77e7-4dec-bc46-b37bf2f846c7: cophenetic index 1228; 1.0 s; peak memory 489 MiB.
2026-10-05T09:02:45Z INFO [1699/3739] 4de7d36c-7a99-4caa-9ef0-2d66645db608: cophenetic index 38358; 4.4 s; peak memory 489 MiB.
2026-10-05T09:02:47Z INFO [1700/3739] 4de820e5-5c68-4ccd-9b49-04b8682d4928: cophenetic index 2625; 1.9 s; peak memory 489 MiB.
2026-10-05T09:02:47Z INFO [1700/3739] 4de820e5-5c68-4ccd-9b49-04b8682d4928: checkpointed 84425 records.
2026-10-05T09:02:48Z INFO [1701/3739] 4de898f7-09aa-4cbe-9c4f-68b79d61bda4: cophenetic index 3087; 1.3 s; peak memory 489 MiB.
2026-10-05T09:02:49Z INFO [1702/3739] 4de8da0f-b733-414c-8d70-31bcd8fc0b0b: cophenetic index 569; 1.1 s; peak memory 489 MiB.
2026-10-05T09:02:51Z INFO [1703/3739] 4de8e29e-ec75-49e3-8cfc-8d6f7441aee7: cophenetic index 33998; 1.7 s; peak memory 489 MiB.
2026-10-05T09:02:52Z INFO [1704/3739] 4de904d0-ea99-4682-bd2f-090183f3feb1: cophenetic index 3004; 1.3 s; peak memory 489 MiB.
2026-10-05T09:02:54Z INFO [1705/3739] 4de9871e-a0b2-4a47-8394-8ab00fb1e119: cophenetic index 2570; 1.6 s; peak memory 489 MiB.
2026-10-05T09:02:55Z INFO [1706/3739] 4de9e2e8-7c4f-49c0-bbe0-3fc68d48f2bd: cophenetic index 3087; 1.2 s; peak memory 489 MiB.
2026-10-05T09:03:02Z INFO [1707/3739] 4deba5db-b2cc-478f-8efd-710cd0095794: cophenetic index 45905; 7.3 s; peak memory 489 MiB.
2026-10-05T09:03:03Z INFO [1708/3739] 4dec50aa-06e6-4fb6-964f-ecb4b0861da6: cophenetic index 560; 1.0 s; peak memory 489 MiB.
2026-10-05T09:03:04Z INFO [1709/3739] 4dec6fb0-163f-41f4-9636-480fbb2f4561: cophenetic index 490; 0.9 s; peak memory 489 MiB.
2026-10-05T09:03:05Z INFO [1710/3739] 4dec8005-9f99-4642-b4fd-d5ed800eaaa4: cophenetic index 649; 1.1 s; peak memory 489 MiB.
2026-10-05T09:03:08Z INFO [1711/3739] 4dedc875-8962-4a24-bc9d-f41f2cfd7a77: cophenetic index 2682; 2.8 s; peak memory 489 MiB.
2026-10-05T09:03:10Z INFO [1712/3739] 4dee88eb-2f94-4d24-be08-07e3aec5b3aa: cophenetic index 33998; 1.6 s; peak memory 489 MiB.
2026-10-05T09:03:17Z INFO [1713/3739] 4deea135-b895-4b77-8236-18210f488efa: cophenetic index 6715; 7.3 s; peak memory 489 MiB.
2026-10-05T09:03:19Z INFO [1714/3739] 4def3f91-069b-47dd-a24e-30e9e57fb113: cophenetic index 2625; 1.5 s; peak memory 489 MiB.
2026-10-05T09:03:20Z INFO [1715/3739] 4def9611-d232-4e08-bae8-cfff15a199a4: cophenetic index 766; 1.2 s; peak memory 489 MiB.
2026-10-05T09:03:24Z INFO [1716/3739] 4df02d7b-4184-460c-a83c-b7fd460d323e: cophenetic index 4797; 4.3 s; peak memory 489 MiB.
2026-10-05T09:03:25Z INFO [1717/3739] 4df0c707-2708-4d84-a2a1-9d8a7ff0d458: cophenetic index 624; 0.9 s; peak memory 489 MiB.
2026-10-05T09:03:26Z INFO [1718/3739] 4df0eba0-37ea-4296-a60f-b087c7d0bac6: cophenetic index 1025; 1.2 s; peak memory 489 MiB.
2026-10-05T09:03:30Z INFO [1719/3739] 4df0fbac-eae6-4655-b867-b6422a0a36f9: cophenetic index 32823; 4.0 s; peak memory 489 MiB.
2026-10-05T09:03:31Z INFO [1720/3739] 4df20e7a-a9c4-4364-be25-6f5d6e4907b5: cophenetic index 624; 1.0 s; peak memory 489 MiB.
2026-10-05T09:03:32Z INFO [1721/3739] 4df2171d-2b2c-47ed-a0fe-6e7c023e2ca4: cophenetic index 23379; 1.2 s; peak memory 489 MiB.
2026-10-05T09:03:34Z INFO [1722/3739] 4df21d51-7b55-40c4-ba6c-22f61ff82f74: cophenetic index 833; 1.7 s; peak memory 489 MiB.
2026-10-05T09:03:36Z INFO [1723/3739] 4df26aa3-aed2-421c-b239-40ad64085f17: cophenetic index 2625; 1.4 s; peak memory 489 MiB.
2026-10-05T09:03:37Z INFO [1724/3739] 4df2aed3-5e70-4e99-a537-04602f64c721: cophenetic index 3057; 1.2 s; peak memory 489 MiB.
2026-10-05T09:03:47Z INFO [1725/3739] 4df2be86-aa7f-433b-9989-e6c3887eb42a: cophenetic index 127662; 10.6 s; peak memory 489 MiB.
2026-10-05T09:03:48Z INFO [1726/3739] 4df32d6a-4871-40c6-9691-eda6330acf0e: cophenetic index 994; 1.0 s; peak memory 489 MiB.
2026-10-05T09:03:52Z INFO [1727/3739] 4df3b9e9-6053-47ac-9094-89856b8d9e55: cophenetic index 3644; 3.3 s; peak memory 489 MiB.
2026-10-05T09:03:57Z INFO [1728/3739] 4df3bda6-a049-4261-9920-c19988168ca7: cophenetic index 55138; 5.8 s; peak memory 489 MiB.
2026-10-05T09:04:03Z INFO [1729/3739] 4df3e070-27cc-4c3d-8826-fcfe76a29fe4: cophenetic index 47026; 5.4 s; peak memory 489 MiB.
2026-10-05T09:04:05Z INFO [1730/3739] 4df42719-5300-4446-b732-bb6269d31cfe: cophenetic index 2625; 1.7 s; peak memory 489 MiB.
2026-10-05T09:04:06Z INFO [1731/3739] 4df48909-f9b2-438b-8b53-d6aa8ad603b0: cophenetic index 560; 1.0 s; peak memory 489 MiB.
2026-10-05T09:04:08Z INFO [1732/3739] 4df610f2-7baf-4304-8981-e287b547eaf9: cophenetic index 2402; 2.5 s; peak memory 489 MiB.
2026-10-05T09:04:10Z INFO [1733/3739] 4df63e0e-e769-447e-9b82-f9ec76e893ac: cophenetic index 2625; 1.7 s; peak memory 489 MiB.
2026-10-05T09:04:11Z INFO [1734/3739] 4df664ef-12fe-4592-a1eb-be943621dcca: cophenetic index 624; 1.0 s; peak memory 489 MiB.
2026-10-05T09:04:12Z INFO [1735/3739] 4df801b9-02a6-4560-8e4a-6b226397288b: cophenetic index 494; 1.0 s; peak memory 489 MiB.
2026-10-05T09:04:13Z INFO [1736/3739] 4dfad144-ab23-44fb-a863-0686c4e0ddff: cophenetic index 624; 1.1 s; peak memory 489 MiB.
2026-10-05T09:04:15Z INFO [1737/3739] 4dfaf92c-6418-4136-8a4b-b32725f25d6a: cophenetic index 33998; 2.2 s; peak memory 489 MiB.
2026-10-05T09:04:17Z INFO [1738/3739] 4dfb1ab3-585f-491a-b34c-f9245e4fc703: cophenetic index 33998; 1.9 s; peak memory 489 MiB.
2026-10-05T09:04:18Z INFO [1739/3739] 4dfb6d23-bd4d-4fba-b0e4-4f6c5d0d0718: cophenetic index 605; 1.2 s; peak memory 489 MiB.
2026-10-05T09:04:21Z INFO [1740/3739] 4dfb9143-8a3d-4a18-aa5f-d2a06ab512f7: cophenetic index 2241; 2.8 s; peak memory 489 MiB.
2026-10-05T09:04:24Z INFO [1741/3739] 4dfc23e3-f80d-466b-959b-4b556c4d998e: cophenetic index 2391; 2.7 s; peak memory 489 MiB.
2026-10-05T09:04:25Z INFO [1742/3739] 4dfc4b3d-935b-4293-9110-a3f8a566dd52: cophenetic index 158; 0.9 s; peak memory 489 MiB.
2026-10-05T09:04:35Z INFO [1743/3739] 4dfc6019-144d-4e08-9b32-f18585c0a2ed: cophenetic index 49783; 10.4 s; peak memory 489 MiB.
2026-10-05T09:04:36Z INFO [1744/3739] 4dfd0ee8-5fad-43ea-9427-921ab4e4b99a: cophenetic index 627; 1.0 s; peak memory 489 MiB.
2026-10-05T09:04:37Z INFO [1745/3739] 4dfda47d-761b-4512-b4e0-40d19331a62d: cophenetic index 729; 0.8 s; peak memory 489 MiB.
2026-10-05T09:04:38Z INFO [1746/3739] 4dfe1463-b928-45ce-869f-1e7ac8996efe: cophenetic index 624; 1.0 s; peak memory 489 MiB.
2026-10-05T09:04:39Z INFO [1747/3739] 4dfee3cb-c294-42e4-a45d-69e61e287831: cophenetic index 739; 0.8 s; peak memory 489 MiB.
2026-10-05T09:04:45Z INFO [1748/3739] 4dff70ed-49bf-41fb-b73d-af5964ab4398: cophenetic index 12100; 6.5 s; peak memory 489 MiB.
2026-10-05T09:04:46Z INFO [1749/3739] 4dffdc11-0440-44e6-b287-d4545d76d28c: cophenetic index 937; 1.3 s; peak memory 489 MiB.
2026-10-05T09:04:48Z INFO [1750/3739] 4e001236-962b-4af6-8476-95ba18e86cfa: cophenetic index 3004; 1.3 s; peak memory 489 MiB.
2026-10-05T09:04:48Z INFO [1750/3739] 4e001236-962b-4af6-8476-95ba18e86cfa: checkpointed 84475 records.
2026-10-05T09:05:00Z INFO [1751/3739] 4e002a3d-8dec-49b7-930c-743a11999391: cophenetic index 783058; 12.2 s; peak memory 489 MiB.
2026-10-05T09:05:02Z INFO [1752/3739] 4e00a616-6285-4251-8184-a148ccbcb8ca: cophenetic index 30304; 1.6 s; peak memory 489 MiB.
2026-10-05T09:05:03Z INFO [1753/3739] 4e012ed7-50ad-469d-87f8-b0ab21aa4fde: cophenetic index 581; 1.1 s; peak memory 489 MiB.
2026-10-05T09:05:19Z INFO [1754/3739] 4e0196c9-1421-4dc0-97bd-c5b8fc8e6ac3: cophenetic index 42708; 16.4 s; peak memory 489 MiB.
2026-10-05T09:05:25Z INFO [1755/3739] 4e02162b-6f1f-441a-8c7e-1e248f023127: cophenetic index 76866; 5.6 s; peak memory 489 MiB.
2026-10-05T09:05:27Z INFO [1756/3739] 4e023cdb-3550-476e-bb6f-bb41df60c293: cophenetic index 2625; 1.9 s; peak memory 489 MiB.
2026-10-05T09:05:37Z INFO [1757/3739] 4e028d6d-b2a9-4d06-b15f-4c750dbfb7ab: cophenetic index 378670; 10.2 s; peak memory 489 MiB.
2026-10-05T09:05:52Z INFO [1758/3739] 4e02a144-69d2-4add-ac7a-ff7366691d2c: cophenetic index 1048110; 15.4 s; peak memory 489 MiB.
2026-10-05T09:05:53Z INFO [1759/3739] 4e03ba62-2b6c-4722-959e-0b0f509c00eb: cophenetic index 624; 0.9 s; peak memory 489 MiB.
2026-10-05T09:05:54Z INFO [1760/3739] 4e0491a7-dfb4-49a8-9c00-92c0fa29b184: cophenetic index 3087; 1.2 s; peak memory 489 MiB.
2026-10-05T09:05:55Z INFO [1761/3739] 4e05d074-f445-4602-9ca8-789514348f1c: cophenetic index 3004; 1.2 s; peak memory 489 MiB.
2026-10-05T09:06:03Z INFO [1762/3739] 4e066040-1ace-4387-abf9-4f2f5454f9c9: cophenetic index 52182; 7.1 s; peak memory 489 MiB.
2026-10-05T09:06:04Z INFO [1763/3739] 4e06a016-b8d8-4e43-9468-bb33b8f15ca4: cophenetic index 3102; 1.5 s; peak memory 489 MiB.
2026-10-05T09:06:05Z INFO [1764/3739] 4e06f93d-7c2c-4905-a66b-62912e988741: cophenetic index 164; 0.7 s; peak memory 489 MiB.
2026-10-05T09:06:06Z INFO [1765/3739] 4e075b97-7866-4d66-b275-66fb630f8f68: cophenetic index 23388; 1.4 s; peak memory 489 MiB.
2026-10-05T09:06:09Z INFO [1766/3739] 4e089f3e-164d-40d4-9b0c-cae63447b969: cophenetic index 2402; 2.9 s; peak memory 489 MiB.
2026-10-05T09:06:11Z INFO [1767/3739] 4e0a63cc-6b0a-46e7-9cb3-f9285f757fd1: cophenetic index 99150; 2.4 s; peak memory 489 MiB.
2026-10-05T09:06:12Z INFO [1768/3739] 4e0aa72a-4a01-47fe-815e-eb9be973724a: cophenetic index 624; 1.1 s; peak memory 489 MiB.
2026-10-05T09:06:14Z INFO [1769/3739] 4e0c5bf9-ca43-41fa-ba6c-343513808284: cophenetic index 3087; 1.6 s; peak memory 489 MiB.
2026-10-05T09:06:16Z INFO [1770/3739] 4e0d45fe-3746-4ade-b2c6-e3b78869a7d7: cophenetic index 33968; 1.5 s; peak memory 489 MiB.
2026-10-05T09:06:17Z INFO [1771/3739] 4e0df9e5-eade-43a2-8fc3-0bb5dcb680ae: cophenetic index 624; 1.1 s; peak memory 489 MiB.
2026-10-05T09:06:18Z INFO [1772/3739] 4e0e1ca8-98ec-4dd3-89fe-18ab0a597d81: cophenetic index 579; 0.9 s; peak memory 489 MiB.
2026-10-05T09:06:19Z INFO [1773/3739] 4e0e324e-14d0-493f-acff-ee4641c7ae6c: cophenetic index 3004; 1.2 s; peak memory 489 MiB.
2026-10-05T09:06:20Z INFO [1774/3739] 4e0e64fa-af4d-44ff-ad3a-d24a90cc84ce: cophenetic index 729; 0.9 s; peak memory 489 MiB.
2026-10-05T09:06:21Z INFO [1775/3739] 4e0ef4e4-495b-448c-bbf3-bc614b9f4cc2: cophenetic index 690; 0.9 s; peak memory 489 MiB.
2026-10-05T09:06:24Z INFO [1776/3739] 4e0f15c9-0319-42ed-a83b-59826c06376a: cophenetic index 4617; 3.1 s; peak memory 489 MiB.
2026-10-05T09:06:25Z INFO [1777/3739] 4e0f915e-f298-42b1-9729-2b25527d099e: cophenetic index 624; 0.9 s; peak memory 489 MiB.
2026-10-05T09:06:26Z INFO [1778/3739] 4e0fa19c-aacb-4723-b2b9-90c53a556b98: cophenetic index 2625; 1.7 s; peak memory 489 MiB.
2026-10-05T09:06:29Z INFO [1779/3739] 4e0fe7b9-0ad7-41b3-b925-37af1286dccc: cophenetic index 895; 2.4 s; peak memory 489 MiB.
2026-10-05T09:06:30Z INFO [1780/3739] 4e11b4b5-853f-48c4-a78f-fad01422d9ef: cophenetic index 23864; 1.5 s; peak memory 489 MiB.
2026-10-05T09:06:43Z INFO [1781/3739] 4e125f12-fe6b-4d97-9f8e-4066a587bd8d: cophenetic index 10131986; 12.9 s; peak memory 489 MiB.
2026-10-05T09:06:44Z INFO [1782/3739] 4e12b8fd-b18b-4c96-a2a0-b4bf2c6eab5c: cophenetic index 23406; 1.3 s; peak memory 489 MiB.
2026-10-05T09:06:46Z INFO [1783/3739] 4e12ca77-3760-4d9b-b392-c2fbbfae5aa5: cophenetic index 2625; 1.4 s; peak memory 489 MiB.
2026-10-05T09:06:47Z INFO [1784/3739] 4e12e35a-6b80-487f-8d69-5f2f515f1bfc: cophenetic index 649; 1.1 s; peak memory 489 MiB.
2026-10-05T09:06:48Z INFO [1785/3739] 4e1304f2-59f3-4ecf-bf07-b2f47d6dc827: cophenetic index 3004; 1.2 s; peak memory 489 MiB.
2026-10-05T09:06:55Z INFO [1786/3739] 4e138ffc-7276-4cad-bba8-90be982dd395: cophenetic index 113790; 6.8 s; peak memory 489 MiB.
2026-10-05T09:06:56Z INFO [1787/3739] 4e13c08a-71e6-4bc8-9e19-4e9cff8b913d: cophenetic index 2625; 1.6 s; peak memory 489 MiB.
2026-10-05T09:07:02Z INFO [1788/3739] 4e13e2b1-5617-41a4-aec8-4f3c5c59d9ea: cophenetic index 68240; 5.5 s; peak memory 489 MiB.
2026-10-05T09:07:03Z INFO [1789/3739] 4e14e982-c5d8-444a-a740-ab5456be45ee: cophenetic index 624; 1.1 s; peak memory 489 MiB.
2026-10-05T09:07:05Z INFO [1790/3739] 4e1530e0-b0f7-4e01-b192-bdf4a0abc938: cophenetic index 2625; 2.2 s; peak memory 489 MiB.
2026-10-05T09:07:06Z INFO [1791/3739] 4e15845a-0896-4196-8ccb-d67e8c1026bb: cophenetic index 624; 1.1 s; peak memory 489 MiB.
2026-10-05T09:07:07Z INFO [1792/3739] 4e16278e-f3b0-4a38-92ad-512d6c1fa125: cophenetic index 741; 1.0 s; peak memory 489 MiB.
2026-10-05T09:07:09Z INFO [1793/3739] 4e167e89-fe4a-46ef-a3ac-e420697b9139: cophenetic index 884; 1.7 s; peak memory 489 MiB.
2026-10-05T09:07:10Z INFO [1794/3739] 4e192cdb-bc71-49ab-b19d-4c85114edefe: cophenetic index 624; 0.9 s; peak memory 489 MiB.
2026-10-05T09:07:11Z INFO [1795/3739] 4e19fe8e-419b-44cb-828b-9300b7b767ae: cophenetic index 3087; 1.3 s; peak memory 489 MiB.
2026-10-05T09:07:13Z INFO [1796/3739] 4e1aacc9-bf9b-4019-829a-d81f244e6b39: cophenetic index 33986; 1.6 s; peak memory 489 MiB.
2026-10-05T09:07:14Z INFO [1797/3739] 4e1ba9b1-80ef-4f44-9651-ff75b7e2e416: cophenetic index 624; 1.2 s; peak memory 489 MiB.
2026-10-05T09:07:15Z INFO [1798/3739] 4e1c8e85-a8bf-4542-926c-a8348620fdec: cophenetic index 3004; 1.2 s; peak memory 489 MiB.
2026-10-05T09:07:16Z INFO [1799/3739] 4e1d6cf0-4c90-4af4-9868-7dc473f486a4: cophenetic index 624; 1.2 s; peak memory 489 MiB.
2026-10-05T09:07:17Z INFO [1800/3739] 4e1dcdc2-c742-44e2-9a5e-5f6117b4f586: cophenetic index 624; 1.0 s; peak memory 489 MiB.
2026-10-05T09:07:17Z INFO [1800/3739] 4e1dcdc2-c742-44e2-9a5e-5f6117b4f586: checkpointed 84525 records.
2026-10-05T09:07:19Z INFO [1801/3739] 4e1eb602-f9da-4d3a-8c51-cc31fcb54cf3: cophenetic index 563; 1.5 s; peak memory 489 MiB.
2026-10-05T09:07:20Z INFO [1802/3739] 4e1f5f58-9454-43f4-bd1e-320a702ebe11: cophenetic index 497; 1.2 s; peak memory 489 MiB.
2026-10-05T09:07:21Z INFO [1803/3739] 4e201196-a3c7-4762-ad8c-0b38bef7521c: cophenetic index 624; 1.0 s; peak memory 489 MiB.
2026-10-05T09:07:36Z INFO [1804/3739] 4e20b37f-5671-4568-ba85-22295ed874aa: cophenetic index 14507294; 14.9 s; peak memory 489 MiB.
2026-10-05T09:07:37Z INFO [1805/3739] 4e21f6f3-6735-4a71-a247-ed15a2ec854d: cophenetic index 581; 1.1 s; peak memory 489 MiB.
2026-10-05T09:07:38Z INFO [1806/3739] 4e224e70-1541-44c2-83e9-26ce14c26946: cophenetic index 447; 1.0 s; peak memory 489 MiB.
2026-10-05T09:07:45Z INFO [1807/3739] 4e24b384-80a7-4c13-b663-c3931ef7a2e2: cophenetic index 12100; 6.6 s; peak memory 489 MiB.
2026-10-05T09:07:51Z INFO [1808/3739] 4e251835-fa12-4eb4-a6f4-afc4fd1d5c40: cophenetic index 88404; 6.1 s; peak memory 489 MiB.
2026-10-05T09:07:52Z INFO [1809/3739] 4e258e30-9b07-4ccc-9c86-9a6fe104027d: cophenetic index 1087; 1.5 s; peak memory 489 MiB.
2026-10-05T09:08:00Z INFO [1810/3739] 4e26173a-6e79-4eb4-9c1b-2b3ff83b9cca: cophenetic index 102215; 8.3 s; peak memory 489 MiB.
2026-10-05T09:08:02Z INFO [1811/3739] 4e263fb6-cbd5-40ac-a1a1-9a09d3e184c1: cophenetic index 605; 1.3 s; peak memory 489 MiB.
2026-10-05T09:08:03Z INFO [1812/3739] 4e265799-e068-444f-be81-0c3acddc1eac: cophenetic index 3057; 1.2 s; peak memory 489 MiB.
2026-10-05T09:08:05Z INFO [1813/3739] 4e276bc5-e97c-4bc2-9064-4d26d1c84ead: cophenetic index 33968; 1.6 s; peak memory 489 MiB.
2026-10-05T09:08:06Z INFO [1814/3739] 4e27cd52-458a-4beb-9aaa-ff9bd602a124: cophenetic index 3087; 1.3 s; peak memory 489 MiB.
2026-10-05T09:08:07Z INFO [1815/3739] 4e27e8b1-3327-4049-815e-d4652ea0d698: cophenetic index 2974; 1.2 s; peak memory 489 MiB.
2026-10-05T09:08:08Z INFO [1816/3739] 4e282c97-abc0-4a6c-96bf-d0425853d8ad: cophenetic index 3004; 1.2 s; peak memory 489 MiB.
2026-10-05T09:08:14Z INFO [1817/3739] 4e28b99d-ff94-48b4-ab92-23378afa122c: cophenetic index 39651; 6.1 s; peak memory 489 MiB.
2026-10-05T09:08:22Z INFO [1818/3739] 4e29946a-b3e0-4071-9003-03fa5c878b4d: cophenetic index 87573; 7.5 s; peak memory 489 MiB.
2026-10-05T09:08:23Z INFO [1819/3739] 4e29a352-e39c-48aa-859e-6db7454690f7: cophenetic index 751; 0.8 s; peak memory 489 MiB.
2026-10-05T09:08:24Z INFO [1820/3739] 4e29e5e6-c073-4ca9-af7c-87bd00034afb: cophenetic index 624; 1.2 s; peak memory 489 MiB.
2026-10-05T09:08:25Z INFO [1821/3739] 4e2a8404-9704-488d-b4f6-bc4e889274b7: cophenetic index 2570; 1.4 s; peak memory 489 MiB.
2026-10-05T09:08:26Z INFO [1822/3739] 4e2c435b-7844-4810-8855-aeef4a428b68: cophenetic index 490; 0.7 s; peak memory 489 MiB.
2026-10-05T09:08:28Z INFO [1823/3739] 4e2c7bb4-68af-431d-b73e-b12c7199b35d: cophenetic index 1087; 1.6 s; peak memory 489 MiB.
2026-10-05T09:08:29Z INFO [1824/3739] 4e2cf1b9-56e4-4294-96c2-ef96289fa061: cophenetic index 646; 1.1 s; peak memory 489 MiB.
2026-10-05T09:08:30Z INFO [1825/3739] 4e2d3e0a-ead9-423c-a131-3e335958a683: cophenetic index 2570; 1.3 s; peak memory 489 MiB.
2026-10-05T09:08:31Z INFO [1826/3739] 4e2dc1ec-30bb-41af-a89e-0f78e6751152: cophenetic index 3004; 1.2 s; peak memory 489 MiB.
2026-10-05T09:08:33Z INFO [1827/3739] 4e2decda-14cf-46ec-a3b1-a22642d4ea06: cophenetic index 2609; 2.0 s; peak memory 489 MiB.
2026-10-05T09:08:39Z INFO [1828/3739] 4e3009f1-1474-466e-a375-289eb8dcf7e0: cophenetic index 62231; 5.9 s; peak memory 489 MiB.
2026-10-05T09:08:40Z INFO [1829/3739] 4e30bf01-d64d-4ae4-a3aa-62a40ce97ff0: cophenetic index 624; 1.0 s; peak memory 489 MiB.
2026-10-05T09:08:41Z INFO [1830/3739] 4e30d936-50c0-45c8-9f54-7d98ec87500b: cophenetic index 998; 1.0 s; peak memory 489 MiB.
2026-10-05T09:08:47Z INFO [1831/3739] 4e312846-8733-4647-bb2e-f0d05fb9dfec: cophenetic index 5466; 6.0 s; peak memory 489 MiB.
2026-10-05T09:08:50Z INFO [1832/3739] 4e312943-326b-4f1b-a03e-45e96e42afd0: cophenetic index 809; 2.4 s; peak memory 489 MiB.
2026-10-05T09:08:51Z INFO [1833/3739] 4e31a983-2bb5-477a-99a3-d07ab30388df: cophenetic index 33962; 1.6 s; peak memory 489 MiB.
2026-10-05T09:08:52Z INFO [1834/3739] 4e31bdba-5e44-44de-b947-79fa93b146f3: cophenetic index 624; 0.9 s; peak memory 489 MiB.
2026-10-05T09:08:55Z INFO [1835/3739] 4e31be29-7611-4176-ae8d-08b9c6e5bd20: cophenetic index 12244; 3.3 s; peak memory 489 MiB.
2026-10-05T09:08:57Z INFO [1836/3739] 4e326988-07e5-4a8e-8363-c24780bb9edf: cophenetic index 2551; 1.6 s; peak memory 489 MiB.
2026-10-05T09:08:58Z INFO [1837/3739] 4e33390c-2cd1-4d8a-a2aa-da08e1c6c579: cophenetic index 1380; 1.4 s; peak memory 489 MiB.
2026-10-05T09:08:59Z INFO [1838/3739] 4e33616b-d228-4723-96ef-9a22f321d4af: cophenetic index 624; 0.9 s; peak memory 489 MiB.
2026-10-05T09:09:00Z INFO [1839/3739] 4e34f4a0-bec6-4b65-a589-8c4937eb13d0: cophenetic index 745; 1.0 s; peak memory 489 MiB.
2026-10-05T09:09:02Z INFO [1840/3739] 4e350c44-55cc-49fa-b41a-4eb63f657d2a: cophenetic index 1087; 1.6 s; peak memory 489 MiB.
2026-10-05T09:09:04Z INFO [1841/3739] 4e352afe-4245-47eb-a155-438bb022d480: cophenetic index 42002; 2.2 s; peak memory 489 MiB.
2026-10-05T09:09:13Z INFO [1842/3739] 4e352b91-b8df-4ce1-a4d6-49ca44c01892: cophenetic index 127019; 8.5 s; peak memory 489 MiB.
2026-10-05T09:09:13Z INFO [1843/3739] 4e35da79-b4d6-46fd-87ea-9feaaaacff24: cophenetic index 164; 0.7 s; peak memory 489 MiB.
2026-10-05T09:09:14Z INFO [1844/3739] 4e371eb1-fb8f-4bdf-b9c2-5135656f3410: cophenetic index 555; 1.0 s; peak memory 489 MiB.
2026-10-05T09:09:15Z INFO [1845/3739] 4e38f952-67cd-4325-b405-aca7ade3af9a: cophenetic index 624; 1.1 s; peak memory 489 MiB.
2026-10-05T09:09:17Z INFO [1846/3739] 4e38fe23-6b7d-4c73-8654-b817eb7cee99: cophenetic index 1183; 2.1 s; peak memory 489 MiB.
2026-10-05T09:09:19Z INFO [1847/3739] 4e392bad-f1ff-465b-a8e9-abf8c984c2cf: cophenetic index 2625; 1.6 s; peak memory 489 MiB.
2026-10-05T09:09:20Z INFO [1848/3739] 4e393fe7-44a8-40a5-a041-d4e8ba15bb5c: cophenetic index 605; 1.1 s; peak memory 489 MiB.
2026-10-05T09:09:21Z INFO [1849/3739] 4e3a1ede-9cbb-4f4a-a110-885f7ae5626c: cophenetic index 624; 1.0 s; peak memory 489 MiB.
2026-10-05T09:09:23Z INFO [1850/3739] 4e3a88c9-de81-44ed-bbe8-25eb4da0dd8a: cophenetic index 33998; 1.9 s; peak memory 489 MiB.
2026-10-05T09:09:23Z INFO [1850/3739] 4e3a88c9-de81-44ed-bbe8-25eb4da0dd8a: checkpointed 84575 records.
2026-10-05T09:09:24Z INFO [1851/3739] 4e3bb2ef-fdc3-4164-892f-aecd5f61ef03: cophenetic index 624; 1.0 s; peak memory 489 MiB.
2026-10-05T09:09:25Z INFO [1852/3739] 4e3c265a-9c6c-4b96-9705-00d363bf8aca: cophenetic index 3004; 1.2 s; peak memory 489 MiB.
2026-10-05T09:09:26Z INFO [1853/3739] 4e3d5e88-0645-49dc-a9cf-0340c87d74c7: cophenetic index 643; 0.7 s; peak memory 489 MiB.
2026-10-05T09:09:27Z INFO [1854/3739] 4e3da782-3aab-4937-afef-4b9576b74e45: cophenetic index 147383; 1.2 s; peak memory 489 MiB.
2026-10-05T09:09:28Z INFO [1855/3739] 4e3e86b7-59b8-45de-b756-46eda6bed504: cophenetic index 880; 1.2 s; peak memory 489 MiB.
2026-10-05T09:09:30Z INFO [1856/3739] 4e41c0c7-19e4-406c-a6ca-147cd5fe270b: cophenetic index 33968; 1.5 s; peak memory 489 MiB.
2026-10-05T09:09:31Z INFO [1857/3739] 4e42f211-0369-4cd7-926d-83a311c742e7: cophenetic index 385; 1.2 s; peak memory 489 MiB.
2026-10-05T09:09:32Z INFO [1858/3739] 4e42f7bf-bf2b-4dd1-b5bc-276ffa096a09: cophenetic index 1614; 1.2 s; peak memory 489 MiB.
2026-10-05T09:09:34Z INFO [1859/3739] 4e43038f-872d-4e7b-8bc8-36a347bba9f9: cophenetic index 624; 1.3 s; peak memory 489 MiB.
2026-10-05T09:09:38Z INFO [1860/3739] 4e435798-847e-4e97-a4f5-be0931f40532: cophenetic index 15104; 4.2 s; peak memory 489 MiB.
2026-10-05T09:09:39Z INFO [1861/3739] 4e439424-b0e9-4952-8519-4903719876a9: cophenetic index 33986; 1.5 s; peak memory 489 MiB.
2026-10-05T09:09:41Z INFO [1862/3739] 4e43d001-decb-41cf-9fe1-28c515d5ad97: cophenetic index 2625; 1.6 s; peak memory 489 MiB.
2026-10-05T09:09:42Z INFO [1863/3739] 4e441c8d-40cd-4ec7-aa00-4dbcb4e21651: cophenetic index 624; 1.1 s; peak memory 489 MiB.
2026-10-05T09:09:49Z INFO [1864/3739] 4e44b5fb-efa2-49fc-b154-0fb6d525a13e: cophenetic index 14478; 7.3 s; peak memory 489 MiB.
2026-10-05T09:09:50Z INFO [1865/3739] 4e45461a-ccbf-409e-b802-67e4e2f3670e: cophenetic index 651; 0.8 s; peak memory 489 MiB.
2026-10-05T09:09:51Z INFO [1866/3739] 4e454a7a-b376-44fa-bc1f-bb26241a7804: cophenetic index 649; 1.1 s; peak memory 489 MiB.
2026-10-05T09:09:52Z INFO [1867/3739] 4e464b89-9689-4a99-9152-7143521a81b4: cophenetic index 624; 1.0 s; peak memory 489 MiB.
2026-10-05T09:09:54Z INFO [1868/3739] 4e471fc1-7f0e-4cc6-b52b-773bbc66f3c2: cophenetic index 33962; 1.6 s; peak memory 489 MiB.
2026-10-05T09:09:55Z INFO [1869/3739] 4e477aae-8f13-4183-9714-07694d039e64: cophenetic index 33986; 1.6 s; peak memory 489 MiB.
2026-10-05T09:09:57Z INFO [1870/3739] 4e4853e2-aac0-4090-b97a-aade7e0990e3: cophenetic index 3057; 1.4 s; peak memory 489 MiB.
2026-10-05T09:09:58Z INFO [1871/3739] 4e4922ba-267c-4fd8-b52c-67d78399347b: cophenetic index 624; 1.0 s; peak memory 489 MiB.
2026-10-05T09:09:59Z INFO [1872/3739] 4e4d2007-74f4-4869-b5a4-e7695f6994d0: cophenetic index 431; 1.4 s; peak memory 489 MiB.
2026-10-05T09:10:07Z INFO [1873/3739] 4e4eb77c-a032-419a-ab79-41afc1785c98: cophenetic index 14699; 7.8 s; peak memory 489 MiB.
2026-10-05T09:10:09Z INFO [1874/3739] 4e4f0dc4-ace9-4260-8159-3837c6f934a6: cophenetic index 33998; 2.1 s; peak memory 489 MiB.
2026-10-05T09:10:11Z INFO [1875/3739] 4e4f15c2-f554-44b4-9b44-a834f9fe18f7: cophenetic index 1949; 1.4 s; peak memory 489 MiB.
2026-10-05T09:10:22Z INFO [1876/3739] 4e4f583c-b883-4ca9-a301-6f2ac85f4724: cophenetic index 369318; 11.9 s; peak memory 489 MiB.
2026-10-05T09:10:24Z INFO [1877/3739] 4e4ffd80-5c20-4026-a186-e5551bd89ef4: cophenetic index 624; 1.1 s; peak memory 489 MiB.
2026-10-05T09:10:25Z INFO [1878/3739] 4e51c146-eae9-4e5a-842e-2e8f75d77b3d: cophenetic index 649; 1.3 s; peak memory 489 MiB.
2026-10-05T09:10:26Z INFO [1879/3739] 4e529bfd-36b5-48f4-879e-4a0c8d5b8a60: cophenetic index 624; 0.9 s; peak memory 489 MiB.
2026-10-05T09:10:27Z INFO [1880/3739] 4e52b094-8f76-4b4a-a6a9-6b2ee2981064: cophenetic index 2974; 1.3 s; peak memory 489 MiB.
2026-10-05T09:10:34Z INFO [1881/3739] 4e5379d5-91d8-47dd-94e9-e7764d265eb5: cophenetic index 62797; 7.0 s; peak memory 489 MiB.
2026-10-05T09:10:35Z INFO [1882/3739] 4e53cd36-d233-4f73-9c13-971e8969f0a6: cophenetic index 649; 1.0 s; peak memory 489 MiB.
2026-10-05T09:10:37Z INFO [1883/3739] 4e54d2ce-27eb-49b0-8ec3-51e8fd0f4016: cophenetic index 2570; 1.7 s; peak memory 489 MiB.
2026-10-05T09:10:39Z INFO [1884/3739] 4e5556a6-9705-4766-aa96-664ab333d611: cophenetic index 2625; 1.8 s; peak memory 489 MiB.
2026-10-05T09:10:40Z INFO [1885/3739] 4e558011-559b-449a-86d0-88f1ccc8c713: cophenetic index 2211; 1.2 s; peak memory 489 MiB.
2026-10-05T09:10:41Z INFO [1886/3739] 4e558b11-c4b5-4855-9e6b-87d9d73868cc: cophenetic index 590; 1.2 s; peak memory 489 MiB.
2026-10-05T09:11:27Z INFO [1887/3739] 4e55c7e1-6e7f-4cf8-af4f-7251946811c4: cophenetic index 275232; 46.1 s; peak memory 489 MiB.
2026-10-05T09:11:28Z INFO [1888/3739] 4e562444-b055-4cc6-a1cd-b597adf8d47a: cophenetic index 1949; 1.4 s; peak memory 489 MiB.
2026-10-05T09:11:29Z INFO [1889/3739] 4e56b949-4400-4e89-bac5-37384b5ff1fe: cophenetic index 624; 0.9 s; peak memory 489 MiB.
2026-10-05T09:11:32Z INFO [1890/3739] 4e5707bb-d9ce-4782-b86f-5cd9348e6d54: cophenetic index 2391; 3.1 s; peak memory 489 MiB.
2026-10-05T09:11:34Z INFO [1891/3739] 4e5710ef-00ca-4bd7-9a7f-17e24405aec0: cophenetic index 2625; 2.1 s; peak memory 489 MiB.
2026-10-05T09:11:36Z INFO [1892/3739] 4e57997a-82e8-402c-ae0f-d0fff9248d80: cophenetic index 2570; 1.6 s; peak memory 489 MiB.
2026-10-05T09:11:37Z INFO [1893/3739] 4e58c6f3-9ed4-42b6-ac99-b54afb9c0c5a: cophenetic index 2625; 1.4 s; peak memory 489 MiB.
2026-10-05T09:11:39Z INFO [1894/3739] 4e58d55c-8be5-4daa-ad01-65c3cb27ce2a: cophenetic index 1408; 1.9 s; peak memory 489 MiB.
2026-10-05T09:11:50Z INFO [1895/3739] 4e5998e0-ecef-4b94-90b9-9db02e455337: cophenetic index 24071; 11.2 s; peak memory 489 MiB.
2026-10-05T09:11:52Z INFO [1896/3739] 4e59d6e9-05b3-40e1-8ada-c92c7e45855e: cophenetic index 624; 1.0 s; peak memory 489 MiB.
2026-10-05T09:12:04Z INFO [1897/3739] 4e5af904-0726-4feb-86eb-d9ff9d69a97d: cophenetic index 48024; 12.6 s; peak memory 489 MiB.
2026-10-05T09:12:06Z INFO [1898/3739] 4e5bb592-2343-4d6e-87e8-89818b734c83: cophenetic index 33998; 2.3 s; peak memory 489 MiB.
2026-10-05T09:12:08Z INFO [1899/3739] 4e5c0a5f-b7f3-46a4-a1e8-536ce13c57ed: cophenetic index 99415; 1.7 s; peak memory 489 MiB.
2026-10-05T09:12:09Z INFO [1900/3739] 4e5cde64-6a41-4534-93ac-2e452b0e6a7e: cophenetic index 649; 1.1 s; peak memory 489 MiB.
2026-10-05T09:12:09Z INFO [1900/3739] 4e5cde64-6a41-4534-93ac-2e452b0e6a7e: checkpointed 84625 records.
2026-10-05T09:12:11Z INFO [1901/3739] 4e5cfbd7-c60f-4c22-8276-3f61dcf5a6da: cophenetic index 624; 1.1 s; peak memory 489 MiB.
2026-10-05T09:12:12Z INFO [1902/3739] 4e5dd2bd-28fd-490b-8137-4544d5eb0e6e: cophenetic index 23794; 1.5 s; peak memory 489 MiB.
2026-10-05T09:12:13Z INFO [1903/3739] 4e5e9845-23de-4b0c-adf8-b326ccfbcf9e: cophenetic index 3004; 1.4 s; peak memory 489 MiB.
2026-10-05T09:12:23Z INFO [1904/3739] 4e5ef21f-8dfd-4a80-b06b-eeedc5f7742e: cophenetic index 50598; 10.0 s; peak memory 489 MiB.
2026-10-05T09:12:30Z INFO [1905/3739] 4e609e50-e81c-44dd-b5dd-3b17dda2c420: cophenetic index 12100; 7.0 s; peak memory 489 MiB.
2026-10-05T09:12:32Z INFO [1906/3739] 4e60d175-a9ef-4fb2-9fd1-8408f4b9798e: cophenetic index 761; 1.8 s; peak memory 489 MiB.
2026-10-05T09:12:33Z INFO [1907/3739] 4e61711c-fbb7-47b6-8aba-6dc7211c7d0c: cophenetic index 624; 1.0 s; peak memory 489 MiB.
2026-10-05T09:12:38Z INFO [1908/3739] 4e61a53d-b680-444b-8d6b-09764f8922e7: cophenetic index 22961; 5.1 s; peak memory 489 MiB.
2026-10-05T09:12:40Z INFO [1909/3739] 4e61af30-39ac-4eda-906d-08d601e6c390: cophenetic index 33962; 1.6 s; peak memory 489 MiB.
2026-10-05T09:12:44Z INFO [1910/3739] 4e61e9ac-54fe-4970-a66c-b8f7515f70b8: cophenetic index 23099; 4.1 s; peak memory 489 MiB.
2026-10-05T09:12:45Z INFO [1911/3739] 4e620087-994b-41aa-b8c2-63ffb1aa206e: cophenetic index 2625; 1.4 s; peak memory 489 MiB.
2026-10-05T09:12:51Z INFO [1912/3739] 4e628f15-68b9-4933-9134-7afa7465505e: cophenetic index 9548; 5.2 s; peak memory 489 MiB.
2026-10-05T09:12:52Z INFO [1913/3739] 4e63655b-9578-4643-9a39-05ad31fedf39: cophenetic index 624; 1.0 s; peak memory 489 MiB.
2026-10-05T09:12:53Z INFO [1914/3739] 4e638c42-ff22-4a48-8a5f-8f0772897ad6: cophenetic index 3087; 1.3 s; peak memory 489 MiB.
2026-10-05T09:12:54Z INFO [1915/3739] 4e639ce7-117d-44de-b563-841181351850: cophenetic index 3192; 1.3 s; peak memory 489 MiB.
2026-10-05T09:12:55Z INFO [1916/3739] 4e63bd5f-bf1c-4b5f-8d9f-235a84e0e094: cophenetic index 624; 1.1 s; peak memory 489 MiB.
2026-10-05T09:12:56Z INFO [1917/3739] 4e6488fd-9342-4259-a49b-f698cdea0e50: cophenetic index 624; 1.1 s; peak memory 489 MiB.
2026-10-05T09:12:57Z INFO [1918/3739] 4e64c4d8-44d1-436f-a665-9f4c59aeda20: cophenetic index 543; 0.8 s; peak memory 489 MiB.
2026-10-05T09:12:58Z INFO [1919/3739] 4e66e98e-f16e-4332-96be-908d4d8a06a2: cophenetic index 432; 0.9 s; peak memory 489 MiB.
2026-10-05T09:12:59Z INFO [1920/3739] 4e66f5ea-992a-462f-a5b5-9b26c65b5327: cophenetic index 624; 0.9 s; peak memory 489 MiB.
2026-10-05T09:13:11Z INFO [1921/3739] 4e68c5a5-88f8-41c0-9e5f-8fc6ba966a74: cophenetic index 159284; 11.7 s; peak memory 489 MiB.
2026-10-05T09:13:12Z INFO [1922/3739] 4e68cbc2-f72e-40bf-ada6-bb1e9d7bbb72: cophenetic index 1087; 1.4 s; peak memory 489 MiB.
2026-10-05T09:13:14Z INFO [1923/3739] 4e69544d-0f6b-4d69-8a80-2050342b519e: cophenetic index 3004; 1.3 s; peak memory 489 MiB.
2026-10-05T09:13:15Z INFO [1924/3739] 4e69fb38-6eb3-41e8-b178-de18b2ce6149: cophenetic index 624; 1.2 s; peak memory 489 MiB.
2026-10-05T09:13:24Z INFO [1925/3739] 4e6aa8db-ae5a-47e2-8e52-7029be4d6185: cophenetic index 16035; 8.8 s; peak memory 489 MiB.
2026-10-05T09:13:27Z INFO [1926/3739] 4e6b030c-d2ff-4201-8709-dd82a653b645: cophenetic index 5473; 3.6 s; peak memory 489 MiB.
2026-10-05T09:13:28Z INFO [1927/3739] 4e6be209-1123-43a4-a8d7-8e4a001f1919: cophenetic index 2782; 1.0 s; peak memory 489 MiB.
2026-10-05T09:13:30Z INFO [1928/3739] 4e6c5cc2-2482-4689-b09c-4ac50d3d4da4: cophenetic index 2570; 2.0 s; peak memory 489 MiB.
2026-10-05T09:13:32Z INFO [1929/3739] 4e6c65b7-ad2b-498b-b938-9f2474bca7ff: cophenetic index 33998; 1.7 s; peak memory 489 MiB.
2026-10-05T09:13:33Z INFO [1930/3739] 4e6c84c7-351f-448a-ba77-af361c934c26: cophenetic index 3045; 1.7 s; peak memory 489 MiB.
2026-10-05T09:13:39Z INFO [1931/3739] 4e6c924a-a83f-4991-b6cf-15943caa166c: cophenetic index 44766; 5.4 s; peak memory 489 MiB.
2026-10-05T09:13:40Z INFO [1932/3739] 4e6ce86c-0b44-41c9-b960-f007fb85fcee: cophenetic index 624; 1.0 s; peak memory 489 MiB.
2026-10-05T09:13:41Z INFO [1933/3739] 4e6d1b6d-4e56-4939-ae24-0177a478762d: cophenetic index 3087; 1.1 s; peak memory 489 MiB.
2026-10-05T09:13:42Z INFO [1934/3739] 4e6e6c5c-233b-4773-9c76-21b7263e5d33: cophenetic index 624; 1.2 s; peak memory 489 MiB.
2026-10-05T09:13:43Z INFO [1935/3739] 4e6eac3c-44bb-4ea4-bde6-bf1bee246ff3: cophenetic index 624; 1.1 s; peak memory 489 MiB.
2026-10-05T09:13:45Z INFO [1936/3739] 4e6f4451-71b0-4496-8625-cd432c89b748: cophenetic index 809; 1.9 s; peak memory 489 MiB.
2026-10-05T09:13:46Z INFO [1937/3739] 4e70cd72-e0bc-413f-a098-2f6ab90dad16: cophenetic index 23393; 1.3 s; peak memory 489 MiB.
2026-10-05T09:13:47Z INFO [1938/3739] 4e712767-d4eb-4f9b-9536-d438f696b8d7: cophenetic index 579; 0.8 s; peak memory 489 MiB.
2026-10-05T09:13:48Z INFO [1939/3739] 4e7129ec-c31d-4d58-85b5-db2d57ba8827: cophenetic index 624; 1.1 s; peak memory 489 MiB.
2026-10-05T09:13:50Z INFO [1940/3739] 4e71f8ca-d9b3-4b7a-9036-05a8b67d8510: cophenetic index 624; 1.3 s; peak memory 489 MiB.
2026-10-05T09:13:51Z INFO [1941/3739] 4e731e03-de01-4755-94cf-7e4203372b02: cophenetic index 624; 1.0 s; peak memory 489 MiB.
2026-10-05T09:13:52Z INFO [1942/3739] 4e737e65-cc50-4b40-91c3-5ee371983aa9: cophenetic index 431; 1.1 s; peak memory 489 MiB.
2026-10-05T09:13:53Z INFO [1943/3739] 4e742b1c-c655-4e2b-968f-181c261f8d04: cophenetic index 3087; 1.3 s; peak memory 489 MiB.
2026-10-05T09:14:07Z INFO [1944/3739] 4e749421-5f70-4bb0-9168-510a27a6e190: cophenetic index 216049; 13.5 s; peak memory 489 MiB.
2026-10-05T09:14:08Z INFO [1945/3739] 4e74d87b-cc74-4e17-94e6-3eca6bacad36: cophenetic index 624; 1.1 s; peak memory 489 MiB.
2026-10-05T09:14:09Z INFO [1946/3739] 4e74ef08-d86c-4725-a105-a7d8bd204a4a: cophenetic index 624; 1.0 s; peak memory 489 MiB.
2026-10-05T09:14:10Z INFO [1947/3739] 4e75201e-bace-4fc1-a16c-aa089c4f6c2b: cophenetic index 624; 1.0 s; peak memory 489 MiB.
2026-10-05T09:14:11Z INFO [1948/3739] 4e75900a-f39c-4f1a-8c3d-f8f5b012a821: cophenetic index 3004; 1.4 s; peak memory 489 MiB.
2026-10-05T09:14:12Z INFO [1949/3739] 4e7609c2-76c3-4350-aed4-bbcd3835e8db: cophenetic index 2625; 1.5 s; peak memory 489 MiB.
2026-10-05T09:14:13Z INFO [1950/3739] 4e763380-eed8-4746-837d-4349e0bef68c: cophenetic index 624; 1.0 s; peak memory 489 MiB.
2026-10-05T09:14:14Z INFO [1950/3739] 4e763380-eed8-4746-837d-4349e0bef68c: checkpointed 84675 records.
2026-10-05T09:14:17Z INFO [1951/3739] 4e76726f-fcce-4ae9-b854-a73ba280f8b3: cophenetic index 5473; 3.2 s; peak memory 489 MiB.
2026-10-05T09:14:18Z INFO [1952/3739] 4e76901e-90c7-432b-ae5b-3deaa4dd3a46: cophenetic index 30304; 1.7 s; peak memory 489 MiB.
2026-10-05T09:14:20Z INFO [1953/3739] 4e775fd4-8059-4fb8-bb32-7185e1a28f78: cophenetic index 3004; 1.3 s; peak memory 489 MiB.
2026-10-05T09:14:21Z INFO [1954/3739] 4e77972a-b3d4-4798-8e51-bb95f432d465: cophenetic index 3087; 1.6 s; peak memory 489 MiB.
2026-10-05T09:14:28Z INFO [1955/3739] 4e78280e-4859-4bb0-a396-7c6ccf268de6: cophenetic index 15705866; 6.6 s; peak memory 489 MiB.
2026-10-05T09:14:29Z INFO [1956/3739] 4e784525-e967-403f-85f1-0a09b4bb45dc: cophenetic index 433; 0.8 s; peak memory 489 MiB.
2026-10-05T09:14:30Z INFO [1957/3739] 4e795cd1-ea3a-427d-8fa0-9139a1b5d2ad: cophenetic index 452; 1.2 s; peak memory 489 MiB.
2026-10-05T09:14:31Z INFO [1958/3739] 4e79c326-9818-4180-be4d-54fbf35eb8c8: cophenetic index 560; 1.0 s; peak memory 489 MiB.
2026-10-05T09:14:32Z INFO [1959/3739] 4e7a1080-a0e5-4990-ad20-b7ece9c77cb3: cophenetic index 751; 0.8 s; peak memory 489 MiB.
2026-10-05T09:14:33Z INFO [1960/3739] 4e7a3b1f-acc6-4391-a45a-bce000ea0f09: cophenetic index 2974; 1.1 s; peak memory 489 MiB.
2026-10-05T09:14:35Z INFO [1961/3739] 4e7a4975-7728-41ea-a95d-d0f1a4a3184a: cophenetic index 2105; 1.9 s; peak memory 489 MiB.
2026-10-05T09:14:45Z INFO [1962/3739] 4e7b2542-001d-48cf-bec2-679da026196b: cophenetic index 181167; 10.4 s; peak memory 489 MiB.
2026-10-05T09:14:48Z INFO [1963/3739] 4e7c6c02-bac0-4b36-87ed-fdc17c9d6e2c: cophenetic index 895; 2.4 s; peak memory 489 MiB.
2026-10-05T09:14:50Z INFO [1964/3739] 4e7c8cda-4736-4551-ad0b-2154cb159582: cophenetic index 2609; 2.4 s; peak memory 489 MiB.
2026-10-05T09:14:52Z INFO [1965/3739] 4e7cc0fb-2b0f-4fe3-a459-3510e27700ac: cophenetic index 2625; 1.9 s; peak memory 489 MiB.
2026-10-05T09:14:55Z INFO [1966/3739] 4e7cd0e5-beb9-46c0-8e08-b709241b2a46: cophenetic index 2391; 3.0 s; peak memory 489 MiB.
2026-10-05T09:14:56Z INFO [1967/3739] 4e7d3a26-dde7-489a-be26-c060a5ad5d4f: cophenetic index 624; 1.0 s; peak memory 489 MiB.
2026-10-05T09:14:57Z INFO [1968/3739] 4e7d8b6a-3224-4c44-89ed-9d5b2d6ce620: cophenetic index 23376; 1.5 s; peak memory 489 MiB.
2026-10-05T09:14:58Z INFO [1969/3739] 4e7e35a7-63d0-4949-b58c-93cfe024df67: cophenetic index 624; 1.0 s; peak memory 489 MiB.
2026-10-05T09:14:59Z INFO [1970/3739] 4e7edf92-db5a-48fd-8118-88aa59854aee: cophenetic index 624; 1.0 s; peak memory 489 MiB.
2026-10-05T09:15:07Z INFO [1971/3739] 4e7f2d54-eb30-4956-85a6-2065d4208e7b: cophenetic index 80519; 7.3 s; peak memory 489 MiB.
2026-10-05T09:15:08Z INFO [1972/3739] 4e7fd637-2f8e-416a-a3e7-57c90f796c48: cophenetic index 4586; 1.2 s; peak memory 489 MiB.
2026-10-05T09:15:08Z INFO [1973/3739] 4e81d481-61a0-4c7d-8f1b-676ad8831a38: cophenetic index 433; 0.7 s; peak memory 489 MiB.
2026-10-05T09:15:11Z INFO [1974/3739] 4e8249f6-5b6a-4cec-8bc9-e219414022ca: cophenetic index 457; 2.3 s; peak memory 489 MiB.
2026-10-05T09:15:12Z INFO [1975/3739] 4e828cef-8559-4b92-b3f6-b9bc0c30153b: cophenetic index 2920; 1.2 s; peak memory 489 MiB.
2026-10-05T09:15:14Z INFO [1976/3739] 4e83aa34-6a7f-43ff-ba08-8bf7a9657d20: cophenetic index 2682; 2.1 s; peak memory 489 MiB.
2026-10-05T09:15:23Z INFO [1977/3739] 4e83e466-df60-4c39-abe3-73ecfb0e4064: cophenetic index 520159; 9.4 s; peak memory 489 MiB.
2026-10-05T09:15:24Z INFO [1978/3739] 4e841532-bad5-4bce-8e51-7be7a81b27bf: cophenetic index 490; 0.9 s; peak memory 489 MiB.
2026-10-05T09:15:25Z INFO [1979/3739] 4e847ec3-9bab-4397-b931-a295993f5144: cophenetic index 624; 1.0 s; peak memory 489 MiB.
2026-10-05T09:15:26Z INFO [1980/3739] 4e84c3bf-0cf0-4e78-b24c-41c1e7d6824f: cophenetic index 1544; 1.1 s; peak memory 489 MiB.
2026-10-05T09:15:27Z INFO [1981/3739] 4e84ee4f-d054-49f1-b3fc-b33b36c81202: cophenetic index 767; 0.8 s; peak memory 489 MiB.
2026-10-05T09:15:29Z INFO [1982/3739] 4e854eab-8321-441d-9527-1abf2b4a54b2: cophenetic index 1087; 1.6 s; peak memory 489 MiB.
2026-10-05T09:15:32Z INFO [1983/3739] 4e85e06c-5add-4bb4-8b30-9907fcc68456: cophenetic index 2402; 3.0 s; peak memory 489 MiB.
2026-10-05T09:15:39Z INFO [1984/3739] 4e85fb22-f5fb-40e7-9136-36b8f3e4b383: cophenetic index 87401; 6.8 s; peak memory 489 MiB.
2026-10-05T09:15:41Z INFO [1985/3739] 4e860911-7ae7-46f7-a7a2-baf3a434c6ee: cophenetic index 2682; 2.3 s; peak memory 489 MiB.
2026-10-05T09:15:42Z INFO [1986/3739] 4e863fc3-5822-4907-b20e-a070e375d237: cophenetic index 2570; 1.7 s; peak memory 489 MiB.
2026-10-05T09:15:44Z INFO [1987/3739] 4e865b9a-1a4c-4ba9-a7dc-ee84057679ab: cophenetic index 99114; 1.8 s; peak memory 489 MiB.
2026-10-05T09:15:45Z INFO [1988/3739] 4e87646f-dc8e-4330-91b3-c251091234d6: cophenetic index 579; 0.8 s; peak memory 489 MiB.
2026-10-05T09:15:46Z INFO [1989/3739] 4e877481-15af-4c31-ab80-70e2772e455a: cophenetic index 624; 1.0 s; peak memory 489 MiB.
2026-10-05T09:15:48Z INFO [1990/3739] 4e87afa4-d485-4155-8487-745c8b1c4b6c: cophenetic index 2625; 2.0 s; peak memory 489 MiB.
2026-10-05T09:15:49Z INFO [1991/3739] 4e884d9a-9d9b-49ac-bc2a-fe269f450fe8: cophenetic index 624; 1.2 s; peak memory 489 MiB.
2026-10-05T09:15:50Z INFO [1992/3739] 4e88cb89-d5cb-42af-b343-e92f02c12399: cophenetic index 3004; 1.2 s; peak memory 489 MiB.
2026-10-05T09:15:51Z INFO [1993/3739] 4e898703-8c2d-46fa-8dd0-40577916cd99: cophenetic index 624; 1.0 s; peak memory 489 MiB.
2026-10-05T09:15:52Z INFO [1994/3739] 4e89a890-e7ba-4ce1-9a42-f77cec0415d3: cophenetic index 624; 1.0 s; peak memory 489 MiB.
2026-10-05T09:15:54Z INFO [1995/3739] 4e89f6fa-ca51-4b49-b3e6-813985d60ae3: cophenetic index 681; 1.0 s; peak memory 489 MiB.
2026-10-05T09:15:54Z INFO [1996/3739] 4e8a78d1-1434-40b8-a1c2-7db3d29df3db: cophenetic index 681; 0.9 s; peak memory 489 MiB.
2026-10-05T09:15:55Z INFO [1997/3739] 4e8acbb3-17ff-4490-9e2c-bd48a7987da4: cophenetic index 433; 0.8 s; peak memory 489 MiB.
2026-10-05T09:15:57Z INFO [1998/3739] 4e8b375a-b1f9-4f4e-87cf-09dbbb3e0d85: cophenetic index 99114; 2.0 s; peak memory 489 MiB.
2026-10-05T09:15:58Z INFO [1999/3739] 4e8b7151-9556-44e9-8d41-680a259b326f: cophenetic index 23866; 1.2 s; peak memory 489 MiB.
2026-10-05T09:16:00Z INFO [2000/3739] 4e8e303f-08f0-4e39-a132-171fd03680af: cophenetic index 624; 1.1 s; peak memory 489 MiB.
2026-10-05T09:16:00Z INFO [2000/3739] 4e8e303f-08f0-4e39-a132-171fd03680af: checkpointed 84725 records.
2026-10-05T09:16:03Z INFO [2001/3739] 4e8ea1fb-ca4a-49d9-8d3a-192896c2f9f2: cophenetic index 5473; 3.5 s; peak memory 489 MiB.
2026-10-05T09:16:04Z INFO [2002/3739] 4e8f2938-99fb-4fe8-aa9c-fbc532b21cae: cophenetic index 624; 1.0 s; peak memory 489 MiB.
2026-10-05T09:16:05Z INFO [2003/3739] 4e8f5db7-d63e-4f6f-b6e6-f744fa5e96ba: cophenetic index 4586; 1.3 s; peak memory 489 MiB.
2026-10-05T09:16:07Z INFO [2004/3739] 4e8f8228-ddcd-43aa-ba76-49bca71933b1: cophenetic index 2974; 1.2 s; peak memory 489 MiB.
2026-10-05T09:16:08Z INFO [2005/3739] 4e8f8b46-dd62-474f-8958-025b00948f98: cophenetic index 1006; 1.6 s; peak memory 489 MiB.
2026-10-05T09:16:10Z INFO [2006/3739] 4e8fa99d-bd23-411e-8175-2160039b1175: cophenetic index 1130; 1.8 s; peak memory 489 MiB.
2026-10-05T09:16:17Z INFO [2007/3739] 4e8fb8c6-aafe-447a-a436-e3ecc31bfc80: cophenetic index 87573; 7.6 s; peak memory 489 MiB.
2026-10-05T09:16:24Z INFO [2008/3739] 4e90f68e-9168-4704-9a41-183459536ce2: cophenetic index 13178; 6.5 s; peak memory 489 MiB.
2026-10-05T09:16:25Z INFO [2009/3739] 4e916747-0bb5-4b2d-aaf8-b03a75ab3980: cophenetic index 641; 0.8 s; peak memory 489 MiB.
2026-10-05T09:16:26Z INFO [2010/3739] 4e91b205-5227-4e09-b457-8c2efbe946c8: cophenetic index 3004; 1.5 s; peak memory 489 MiB.
2026-10-05T09:16:27Z INFO [2011/3739] 4e91ba51-7b59-4d2d-8ad9-d482e77979dd: cophenetic index 624; 1.1 s; peak memory 489 MiB.
2026-10-05T09:16:33Z INFO [2012/3739] 4e923c47-6731-4c43-9b1b-7d11d5dbd0fa: cophenetic index 20638; 6.1 s; peak memory 489 MiB.
2026-10-05T09:16:35Z INFO [2013/3739] 4e927278-0e9f-4613-ba53-4c2f837217ce: cophenetic index 2625; 1.7 s; peak memory 489 MiB.
2026-10-05T09:16:40Z INFO [2014/3739] 4e93b3f9-185b-44a5-902d-0b4b017741b8: cophenetic index 6412; 4.5 s; peak memory 489 MiB.
2026-10-05T09:16:41Z INFO [2015/3739] 4e941ef2-416b-4a14-97d6-f8c3273dba65: cophenetic index 3087; 1.2 s; peak memory 489 MiB.
2026-10-05T09:16:43Z INFO [2016/3739] 4e9455da-a235-4a6b-8a5f-372966be0018: cophenetic index 972; 1.8 s; peak memory 489 MiB.
2026-10-05T09:16:44Z INFO [2017/3739] 4e94742a-1b23-43f3-998f-455a039277c7: cophenetic index 431; 1.1 s; peak memory 489 MiB.
2026-10-05T09:16:45Z INFO [2018/3739] 4e9498a2-cd0f-4409-9b2a-b1ee28632fb5: cophenetic index 3004; 1.2 s; peak memory 489 MiB.
2026-10-05T09:16:46Z INFO [2019/3739] 4e94f47e-f6ea-4e9a-a8af-141d1f0ec67d: cophenetic index 3004; 1.3 s; peak memory 489 MiB.
2026-10-05T09:16:50Z INFO [2020/3739] 4e951970-82e4-4445-9ca2-1652d3c9201b: cophenetic index 5473; 3.6 s; peak memory 489 MiB.
2026-10-05T09:16:51Z INFO [2021/3739] 4e958eb8-b86e-461e-88ed-c012db066b3c: cophenetic index 687; 1.3 s; peak memory 489 MiB.
2026-10-05T09:16:52Z INFO [2022/3739] 4e964d1b-985a-4f07-86c4-14fb58709502: cophenetic index 649; 1.2 s; peak memory 489 MiB.
2026-10-05T09:16:54Z INFO [2023/3739] 4e97613a-3230-481c-bdeb-f03e0675e4f3: cophenetic index 3004; 1.3 s; peak memory 489 MiB.
2026-10-05T09:16:55Z INFO [2024/3739] 4e97d70a-30b5-4cd8-a38a-3cc0a9dfdd7a: cophenetic index 3004; 1.5 s; peak memory 489 MiB.
2026-10-05T09:16:56Z INFO [2025/3739] 4e97eeae-7c77-4d37-9ef2-e52ec3372d28: cophenetic index 624; 1.0 s; peak memory 489 MiB.
2026-10-05T09:16:57Z INFO [2026/3739] 4e980c29-0d52-4db7-9e82-50ab6891a4ef: cophenetic index 725; 1.1 s; peak memory 489 MiB.
2026-10-05T09:17:07Z INFO [2027/3739] 4e9829a3-ef0a-4f10-8f07-940bc361ce69: cophenetic index 196911; 9.5 s; peak memory 489 MiB.
2026-10-05T09:17:08Z INFO [2028/3739] 4e985a21-1a01-4bac-897c-c1c6bc4cfdfc: cophenetic index 751; 0.8 s; peak memory 489 MiB.
2026-10-05T09:17:09Z INFO [2029/3739] 4e996238-9573-413a-8556-0297fbc68c9f: cophenetic index 2920; 1.0 s; peak memory 489 MiB.
2026-10-05T09:17:09Z INFO [2030/3739] 4e99e229-1ea4-4e14-b6bd-ae3ec466d350: cophenetic index 624; 1.0 s; peak memory 489 MiB.
2026-10-05T09:17:10Z INFO [2031/3739] 4e9a484a-0593-4f25-bb24-57cc0cacfc0f: cophenetic index 624; 1.0 s; peak memory 489 MiB.
2026-10-05T09:17:14Z INFO [2032/3739] 4e9ae544-34bc-4224-9c79-5c4122c1c4e2: cophenetic index 5473; 3.7 s; peak memory 489 MiB.
2026-10-05T09:17:16Z INFO [2033/3739] 4e9b2689-2a00-4ba0-90a2-ee69e3793563: cophenetic index 3004; 1.5 s; peak memory 489 MiB.
2026-10-05T09:17:17Z INFO [2034/3739] 4e9b9d70-0a72-4460-9968-6f61d4edd429: cophenetic index 2974; 1.2 s; peak memory 489 MiB.
2026-10-05T09:17:18Z INFO [2035/3739] 4e9cb87a-08ed-4cd6-b9dc-5a659e2e9248: cophenetic index 431; 1.3 s; peak memory 489 MiB.
2026-10-05T09:17:19Z INFO [2036/3739] 4e9ce68a-d1fe-4d71-8606-244ee921ecb9: cophenetic index 624; 1.1 s; peak memory 489 MiB.
2026-10-05T09:17:20Z INFO [2037/3739] 4e9d52ce-bc12-4cc4-a647-5c619dc0a0ae: cophenetic index 401; 0.8 s; peak memory 489 MiB.
2026-10-05T09:17:22Z INFO [2038/3739] 4e9d8916-fce6-4a95-99da-2ca9c143aea0: cophenetic index 3004; 1.6 s; peak memory 489 MiB.
2026-10-05T09:17:24Z INFO [2039/3739] 4e9e13d3-e4c7-48a1-a95d-f82d57aef8cd: cophenetic index 42002; 2.6 s; peak memory 489 MiB.
2026-10-05T09:17:32Z INFO [2040/3739] 4e9e93b8-deb4-43c8-aa99-edb56f4ee3c2: cophenetic index 14788; 8.3 s; peak memory 489 MiB.
2026-10-05T09:17:34Z INFO [2041/3739] 4e9ebb65-acd8-422d-8e39-72e7071686e2: cophenetic index 33998; 2.0 s; peak memory 489 MiB.
2026-10-05T09:17:36Z INFO [2042/3739] 4e9fce49-4e14-4450-a654-8d1f753de46d: cophenetic index 33962; 1.5 s; peak memory 489 MiB.
2026-10-05T09:17:37Z INFO [2043/3739] 4ea039ab-7026-4cb6-b581-634f6231ad96: cophenetic index 3004; 1.3 s; peak memory 489 MiB.
2026-10-05T09:17:38Z INFO [2044/3739] 4ea05520-f207-4f59-a17c-1e523015f94d: cophenetic index 560; 1.0 s; peak memory 489 MiB.
2026-10-05T09:17:40Z INFO [2045/3739] 4ea05ae8-088f-447d-849f-6735bdaae786: cophenetic index 33998; 2.0 s; peak memory 489 MiB.
2026-10-05T09:17:43Z INFO [2046/3739] 4ea07a34-4ba6-428f-97df-0769139d026e: cophenetic index 2402; 2.9 s; peak memory 489 MiB.
2026-10-05T09:17:44Z INFO [2047/3739] 4ea0ca56-a682-463b-9934-3949280bc81d: cophenetic index 624; 1.1 s; peak memory 489 MiB.
2026-10-05T09:17:46Z INFO [2048/3739] 4ea1938a-ac99-4ed8-a4ee-78a7f6e5d484: cophenetic index 797; 1.9 s; peak memory 489 MiB.
2026-10-05T09:17:48Z INFO [2049/3739] 4ea224c7-81a0-4b09-8edb-6fb388bbd619: cophenetic index 584; 1.8 s; peak memory 489 MiB.
2026-10-05T09:17:50Z INFO [2050/3739] 4ea2a909-d1c1-46b0-91da-edd8f0454bff: cophenetic index 41788; 2.2 s; peak memory 489 MiB.
2026-10-05T09:17:50Z INFO [2050/3739] 4ea2a909-d1c1-46b0-91da-edd8f0454bff: checkpointed 84775 records.
2026-10-05T09:17:51Z INFO [2051/3739] 4ea2bee0-59b9-43e3-b0d0-c8065089aa5a: cophenetic index 2570; 1.1 s; peak memory 489 MiB.
2026-10-05T09:17:52Z INFO [2052/3739] 4ea2d8f9-e43b-404e-a8bc-86ada65745fb: cophenetic index 2570; 1.2 s; peak memory 489 MiB.
2026-10-05T09:17:54Z INFO [2053/3739] 4ea380ba-1158-40ff-879a-357c3640edcb: cophenetic index 649; 1.1 s; peak memory 489 MiB.
2026-10-05T09:17:55Z INFO [2054/3739] 4ea39c79-37d3-4334-b194-f702c5cd3cab: cophenetic index 624; 1.0 s; peak memory 489 MiB.
2026-10-05T09:17:55Z INFO [2055/3739] 4ea3a7be-796a-47e1-998f-f2fc046d31df: cophenetic index 401; 0.8 s; peak memory 489 MiB.
2026-10-05T09:17:57Z INFO [2056/3739] 4ea462f3-2fbd-4ff2-8330-e6785be2a2cd: cophenetic index 3087; 1.2 s; peak memory 489 MiB.
2026-10-05T09:17:58Z INFO [2057/3739] 4ea4fc81-96eb-4db8-87b1-d283ecaecfed: cophenetic index 431; 1.3 s; peak memory 489 MiB.
2026-10-05T09:17:59Z INFO [2058/3739] 4ea50fc6-c299-44fb-8649-a0cd7a211d3f: cophenetic index 13320; 1.3 s; peak memory 489 MiB.
2026-10-05T09:18:00Z INFO [2059/3739] 4ea55790-21ed-4c9d-a12c-c5c9d61441c3: cophenetic index 490; 0.7 s; peak memory 489 MiB.
2026-10-05T09:18:02Z INFO [2060/3739] 4ea5ed68-c8a9-4840-8300-ede0b8e3b014: cophenetic index 2682; 2.1 s; peak memory 489 MiB.
2026-10-05T09:18:03Z INFO [2061/3739] 4ea5fca3-a1d9-47b2-a457-a351f8518c18: cophenetic index 3004; 1.2 s; peak memory 489 MiB.
2026-10-05T09:18:05Z INFO [2062/3739] 4ea6697c-97be-44ca-9c5c-fa99aaed38af: cophenetic index 2625; 1.4 s; peak memory 489 MiB.
2026-10-05T09:18:06Z INFO [2063/3739] 4ea6b881-6d29-4937-9cde-d47c3e8d3909: cophenetic index 573; 1.7 s; peak memory 489 MiB.
2026-10-05T09:18:07Z INFO [2064/3739] 4ea702f4-f291-4e15-9f37-d1e9e8ce97f3: cophenetic index 624; 1.1 s; peak memory 489 MiB.
2026-10-05T09:18:08Z INFO [2065/3739] 4ea71caf-18d0-4dd7-b324-7f0af8c62e8b: cophenetic index 490; 0.8 s; peak memory 489 MiB.
2026-10-05T09:18:09Z INFO [2066/3739] 4ea754f5-b0de-46d2-9013-b9cd956473fc: cophenetic index 431; 0.9 s; peak memory 489 MiB.
2026-10-05T09:18:11Z INFO [2067/3739] 4ea7afaf-ff80-431d-af07-3343229d4641: cophenetic index 33968; 1.4 s; peak memory 489 MiB.
2026-10-05T09:18:12Z INFO [2068/3739] 4ea7dae3-dea1-4a9a-a4e3-e8a876720bc8: cophenetic index 624; 1.0 s; peak memory 489 MiB.
2026-10-05T09:18:13Z INFO [2069/3739] 4ea88a51-afe5-453e-8641-eb58c514ed98: cophenetic index 649; 1.1 s; peak memory 489 MiB.
2026-10-05T09:18:14Z INFO [2070/3739] 4ea88dcf-abdf-45c8-b780-195fd1bd9078: cophenetic index 2625; 1.3 s; peak memory 489 MiB.
2026-10-05T09:18:15Z INFO [2071/3739] 4ea8a0b9-223f-499c-bb81-30ed38e63bb1: cophenetic index 3087; 1.3 s; peak memory 489 MiB.
2026-10-05T09:18:21Z INFO [2072/3739] 4ea8f381-07ea-4786-913d-1a4d0efa9899: cophenetic index 50148; 5.4 s; peak memory 489 MiB.
2026-10-05T09:18:22Z INFO [2073/3739] 4ea95f0a-ef65-466a-8aa7-793bdf70662d: cophenetic index 3004; 1.3 s; peak memory 489 MiB.
2026-10-05T09:18:23Z INFO [2074/3739] 4ea970eb-1c6b-4cce-8619-f6c5bb087db3: cophenetic index 581; 1.1 s; peak memory 489 MiB.
2026-10-05T09:18:24Z INFO [2075/3739] 4ea980da-72ee-449b-afec-d5aca14093e1: cophenetic index 624; 1.1 s; peak memory 489 MiB.
2026-10-05T09:18:26Z INFO [2076/3739] 4ea9d9a0-bb22-4fbd-864e-8d40f104a334: cophenetic index 3240; 1.9 s; peak memory 489 MiB.
2026-10-05T09:18:34Z INFO [2077/3739] 4eac051d-568f-4504-9d64-85f648a4a120: cophenetic index 162235857; 8.1 s; peak memory 489 MiB.
2026-10-05T09:18:36Z INFO [2078/3739] 4eace9f1-823b-43aa-bdbe-2dbaa97cd34f: cophenetic index 2625; 1.4 s; peak memory 489 MiB.
2026-10-05T09:18:36Z INFO [2079/3739] 4ead9dc1-e63a-48ac-8471-65adbeb4e542: cophenetic index 164; 0.7 s; peak memory 489 MiB.
2026-10-05T09:18:38Z INFO [2080/3739] 4eae5ef5-3991-4949-95c8-5744573253f9: cophenetic index 728; 1.8 s; peak memory 489 MiB.
2026-10-05T09:18:39Z INFO [2081/3739] 4eae74e8-7723-4843-8a61-49d6d9c47835: cophenetic index 624; 1.0 s; peak memory 489 MiB.
2026-10-05T09:18:48Z INFO [2082/3739] 4eae7fe0-b84d-4c63-a915-66ba19be4499: cophenetic index 99038; 8.7 s; peak memory 489 MiB.
2026-10-05T09:18:49Z INFO [2083/3739] 4eaee765-6ec1-441f-8fc8-a1ded5594abc: cophenetic index 624; 1.1 s; peak memory 489 MiB.
2026-10-05T09:18:50Z INFO [2084/3739] 4eaefb88-5217-493b-ab76-556b26a2b3ce: cophenetic index 33962; 1.6 s; peak memory 489 MiB.
2026-10-05T09:18:52Z INFO [2085/3739] 4eaf6dba-f6ef-4bf3-97c1-fa53c2320f67: cophenetic index 2625; 1.3 s; peak memory 489 MiB.
2026-10-05T09:18:53Z INFO [2086/3739] 4eb00f25-73c3-4823-b494-d54881cf503e: cophenetic index 754; 1.6 s; peak memory 489 MiB.
2026-10-05T09:18:54Z INFO [2087/3739] 4eb030c8-857b-4b34-8f21-aa319fb7a66e: cophenetic index 624; 1.0 s; peak memory 489 MiB.
2026-10-05T09:18:57Z INFO [2088/3739] 4eb0b690-b450-4c74-bd9a-869a1e236a67: cophenetic index 4677; 2.8 s; peak memory 489 MiB.
2026-10-05T09:19:00Z INFO [2089/3739] 4eb0ced3-a989-48d1-ad0d-b1a8c2e589a3: cophenetic index 6490; 2.6 s; peak memory 489 MiB.
2026-10-05T09:19:01Z INFO [2090/3739] 4eb1454f-36b3-488f-9577-70fe9cd309de: cophenetic index 829; 1.6 s; peak memory 489 MiB.
2026-10-05T09:19:04Z INFO [2091/3739] 4eb28e08-26bb-4236-aac8-109287842cb4: cophenetic index 2402; 2.7 s; peak memory 489 MiB.
2026-10-05T09:19:05Z INFO [2092/3739] 4eb33ec6-f7a1-4f46-bf6f-76624a42029a: cophenetic index 581; 1.2 s; peak memory 489 MiB.
2026-10-05T09:19:07Z INFO [2093/3739] 4eb3b34b-6c90-417e-846d-d13d0d6f2df0: cophenetic index 2974; 1.3 s; peak memory 489 MiB.
2026-10-05T09:19:07Z INFO [2094/3739] 4eb3d447-a387-42f8-8067-4af70ab9de5b: cophenetic index 164; 0.8 s; peak memory 489 MiB.
2026-10-05T09:19:08Z INFO [2095/3739] 4eb499cc-ab16-44ab-a8af-d334fc63761d: cophenetic index 23788; 1.1 s; peak memory 489 MiB.
2026-10-05T09:19:10Z INFO [2096/3739] 4eb4c461-5d0e-43bf-9bfb-1b737611a086: cophenetic index 2974; 1.4 s; peak memory 489 MiB.
2026-10-05T09:19:12Z INFO [2097/3739] 4eb55e54-d220-40e9-a7aa-1d812524bdac: cophenetic index 959; 2.1 s; peak memory 489 MiB.
2026-10-05T09:19:13Z INFO [2098/3739] 4eb59cce-235a-4c20-bc7c-f985f700fc7a: cophenetic index 431; 1.1 s; peak memory 489 MiB.
2026-10-05T09:19:14Z INFO [2099/3739] 4eb5bdf3-b708-4e75-b0a8-b6ade8ec3aba: cophenetic index 624; 1.1 s; peak memory 489 MiB.
2026-10-05T09:19:26Z INFO [2100/3739] 4eb6d403-e33d-4f74-987d-569910e8dab1: cophenetic index 448096; 11.4 s; peak memory 489 MiB.
2026-10-05T09:19:26Z INFO [2100/3739] 4eb6d403-e33d-4f74-987d-569910e8dab1: checkpointed 84825 records.
2026-10-05T09:19:27Z INFO [2101/3739] 4eb7486f-bc46-4e5d-bc38-2db81c8841a5: cophenetic index 2496; 1.4 s; peak memory 489 MiB.
2026-10-05T09:19:29Z INFO [2102/3739] 4eb78df9-a90c-43ab-89da-67b3081e9a21: cophenetic index 2625; 1.6 s; peak memory 489 MiB.
2026-10-05T09:19:29Z INFO [2103/3739] 4eb81bf6-6ce6-43c3-9521-60a588804dcf: cophenetic index 401; 0.7 s; peak memory 489 MiB.
2026-10-05T09:19:30Z INFO [2104/3739] 4eb822bd-8f83-4443-94bb-07149b971fda: cophenetic index 624; 1.1 s; peak memory 489 MiB.
2026-10-05T09:19:31Z INFO [2105/3739] 4eb8929c-27d0-42ad-8e9d-01de15fc829b: cophenetic index 579; 0.8 s; peak memory 489 MiB.
2026-10-05T09:19:32Z INFO [2106/3739] 4eb8c696-3eac-4765-aa43-1772e1e50837: cophenetic index 401; 0.7 s; peak memory 489 MiB.
2026-10-05T09:19:35Z INFO [2107/3739] 4eb94d22-8a21-4fdd-bcda-f99ba471b1e9: cophenetic index 5473; 3.4 s; peak memory 489 MiB.
2026-10-05T09:19:44Z INFO [2108/3739] 4eba64ff-ff02-4247-9d1c-17926a6e8065: cophenetic index 14832; 8.3 s; peak memory 489 MiB.
2026-10-05T09:19:45Z INFO [2109/3739] 4ebb0961-f8bc-417f-b2e1-13265be70fe5: cophenetic index 634; 1.3 s; peak memory 489 MiB.
2026-10-05T09:19:46Z INFO [2110/3739] 4ebb7e95-be71-4e0d-8ce7-5832b5f826c8: cophenetic index 624; 1.1 s; peak memory 489 MiB.
2026-10-05T09:19:47Z INFO [2111/3739] 4ebbda1f-b459-485a-ba48-8f2f195f25cd: cophenetic index 23379; 1.1 s; peak memory 489 MiB.
2026-10-05T09:19:49Z INFO [2112/3739] 4ebc9339-b287-4067-85e6-7772f03c72a3: cophenetic index 2570; 1.5 s; peak memory 489 MiB.
2026-10-05T09:19:50Z INFO [2113/3739] 4ebd29ed-c63f-4817-bef7-88968f3374a7: cophenetic index 466; 1.3 s; peak memory 489 MiB.
2026-10-05T09:19:51Z INFO [2114/3739] 4ebe1780-b84c-4f0a-8fed-12e0ab4134e3: cophenetic index 3087; 1.1 s; peak memory 489 MiB.
2026-10-05T09:19:52Z INFO [2115/3739] 4ebe3ab4-f0bb-4d5a-bba6-c06b975bbfa8: cophenetic index 1456; 1.3 s; peak memory 489 MiB.
2026-10-05T09:19:54Z INFO [2116/3739] 4ebe4402-94c3-4468-bc5a-14544fab0cb1: cophenetic index 554; 1.2 s; peak memory 489 MiB.
2026-10-05T09:19:57Z INFO [2117/3739] 4ebed003-191c-43d6-ae37-0f099517ab19: cophenetic index 5473; 3.3 s; peak memory 489 MiB.
2026-10-05T09:19:58Z INFO [2118/3739] 4ebfd25e-1c69-48ca-97d2-cad86d09ea29: cophenetic index 446; 0.7 s; peak memory 489 MiB.
2026-10-05T09:19:58Z INFO [2119/3739] 4ec01717-0952-48c6-83dc-099c7c1b891a: cophenetic index 401; 0.7 s; peak memory 489 MiB.
2026-10-05T09:20:02Z INFO [2120/3739] 4ec09778-4617-45f1-b012-8059518f069a: cophenetic index 4332; 3.9 s; peak memory 489 MiB.
2026-10-05T09:20:03Z INFO [2121/3739] 4ec0d5ae-3c7b-4153-b7a6-48e98b12df5d: cophenetic index 624; 1.1 s; peak memory 489 MiB.
2026-10-05T09:20:04Z INFO [2122/3739] 4ec184b8-ccc9-4ba7-bc38-b305f60c4b72: cophenetic index 624; 0.9 s; peak memory 489 MiB.
2026-10-05T09:20:05Z INFO [2123/3739] 4ec20755-35d4-4d60-a398-80936e641c46: cophenetic index 624; 1.1 s; peak memory 489 MiB.
2026-10-05T09:20:06Z INFO [2124/3739] 4ec262b4-99a6-4ce6-bf70-90241820b8d8: cophenetic index 581; 1.1 s; peak memory 489 MiB.
2026-10-05T09:20:08Z INFO [2125/3739] 4ec378f6-f946-4e90-8ba6-9eb6ae6ab15c: cophenetic index 788; 1.2 s; peak memory 489 MiB.
2026-10-05T09:20:11Z INFO [2126/3739] 4ec3d4a3-69b7-4dd1-a447-120d8c2ac932: cophenetic index 2331; 3.1 s; peak memory 489 MiB.
2026-10-05T09:20:19Z INFO [2127/3739] 4ec3e388-807c-4d4c-bd26-1c31ad41da3d: cophenetic index 236940; 7.9 s; peak memory 489 MiB.
2026-10-05T09:20:20Z INFO [2128/3739] 4ec42d89-53b6-4168-bbb2-3ab69886be8e: cophenetic index 99120; 1.5 s; peak memory 489 MiB.
2026-10-05T09:20:21Z INFO [2129/3739] 4ec4f565-c050-496c-868b-edc4bc1eb85f: cophenetic index 624; 1.0 s; peak memory 489 MiB.
2026-10-05T09:20:22Z INFO [2130/3739] 4ec4facd-483c-46b5-b509-3dfc51f7625a: cophenetic index 690; 1.0 s; peak memory 489 MiB.
2026-10-05T09:20:25Z INFO [2131/3739] 4ec5b08e-b6b4-428d-9df5-f87f4bc69a68: cophenetic index 103003; 3.0 s; peak memory 489 MiB.
2026-10-05T09:20:27Z INFO [2132/3739] 4ec60293-7d17-4f1b-8dbb-e19d820807e6: cophenetic index 1087; 1.6 s; peak memory 489 MiB.
2026-10-05T09:20:28Z INFO [2133/3739] 4ec613c6-c9f1-4707-8896-a5cd96711868: cophenetic index 624; 1.0 s; peak memory 489 MiB.
2026-10-05T09:20:28Z INFO [2134/3739] 4ec619e7-e1c1-4a87-a9d0-cc3bd6335066: cophenetic index 651; 0.7 s; peak memory 489 MiB.
2026-10-05T09:20:30Z INFO [2135/3739] 4ec62884-f556-441d-beaa-e4bab57f3fe0: cophenetic index 766; 1.4 s; peak memory 489 MiB.
2026-10-05T09:20:31Z INFO [2136/3739] 4ec68ae9-8c58-4eba-9959-3e264b97d7eb: cophenetic index 1228; 1.0 s; peak memory 489 MiB.
2026-10-05T09:20:34Z INFO [2137/3739] 4ec86d5d-638f-4195-9f36-f37c3190b9b2: cophenetic index 5473; 3.4 s; peak memory 489 MiB.
2026-10-05T09:20:36Z INFO [2138/3739] 4ec9eb69-ba71-4350-8609-018db03a01d4: cophenetic index 2682; 2.1 s; peak memory 489 MiB.
2026-10-05T09:20:38Z INFO [2139/3739] 4eca11bb-b6f8-4480-b466-7493b79d312d: cophenetic index 2625; 1.7 s; peak memory 489 MiB.
2026-10-05T09:20:40Z INFO [2140/3739] 4ecad5ed-593a-4a2b-8e0e-5129b26724c9: cophenetic index 99150; 2.3 s; peak memory 489 MiB.
2026-10-05T09:20:43Z INFO [2141/3739] 4ecae97c-f310-4534-8658-8e1933e48c86: cophenetic index 2088; 2.3 s; peak memory 489 MiB.
2026-10-05T09:20:44Z INFO [2142/3739] 4ecaf063-6c76-4e95-8f00-960a0073052e: cophenetic index 624; 1.1 s; peak memory 489 MiB.
2026-10-05T09:20:45Z INFO [2143/3739] 4ecb7510-287e-4a32-9159-9e43c8197c00: cophenetic index 624; 1.0 s; peak memory 489 MiB.
2026-10-05T09:20:51Z INFO [2144/3739] 4ecc3ddc-c72b-4abf-a005-d2eb3f5bb14f: cophenetic index 33285; 6.6 s; peak memory 489 MiB.
2026-10-05T09:20:52Z INFO [2145/3739] 4ecc5f15-4b27-4a85-8976-d40a8910bf38: cophenetic index 490; 0.7 s; peak memory 489 MiB.
2026-10-05T09:20:53Z INFO [2146/3739] 4eccc9d0-d903-4bb6-ad9a-e4e7b51ce9c3: cophenetic index 690; 0.9 s; peak memory 489 MiB.
2026-10-05T09:22:46Z INFO [2147/3739] 4ecdc4ef-0ee6-4ba5-b104-99f80f3595b3: cophenetic index 1180680099; 112.7 s; peak memory 690 MiB.
2026-10-05T09:22:47Z INFO [2148/3739] 4eced0ff-7037-47f7-bf11-d926995c61e6: cophenetic index 581; 1.1 s; peak memory 690 MiB.
2026-10-05T09:22:48Z INFO [2149/3739] 4ecef311-6cff-40e5-ae7f-ef7afa06d94b: cophenetic index 690; 0.9 s; peak memory 690 MiB.
2026-10-05T09:22:49Z INFO [2150/3739] 4ecf0de6-6d76-4a53-9414-be3f65bc7d9d: cophenetic index 2625; 1.6 s; peak memory 690 MiB.
2026-10-05T09:22:49Z INFO [2150/3739] 4ecf0de6-6d76-4a53-9414-be3f65bc7d9d: checkpointed 84875 records.
2026-10-05T09:22:50Z INFO [2151/3739] 4ecf5332-9ba5-44e9-aebb-55e7c15fe393: cophenetic index 446; 0.7 s; peak memory 690 MiB.
2026-10-05T09:23:00Z INFO [2152/3739] 4ecfb0b8-e325-4c68-9af1-5678b6b01dd6: cophenetic index 427385; 9.8 s; peak memory 690 MiB.
2026-10-05T09:23:01Z INFO [2153/3739] 4ecfe2a4-39c2-4e8e-b4b3-97bfabb30bf8: cophenetic index 624; 1.1 s; peak memory 690 MiB.
2026-10-05T09:23:02Z INFO [2154/3739] 4ecfe631-86e0-400c-9698-8b966d5bbbbb: cophenetic index 2570; 1.2 s; peak memory 690 MiB.
2026-10-05T09:23:08Z INFO [2155/3739] 4ed01e94-9a13-47b7-84b3-72c03ea6a26c: cophenetic index 69122; 5.8 s; peak memory 690 MiB.
2026-10-05T09:23:09Z INFO [2156/3739] 4ed072cd-76fc-4cfa-8630-5505bacd2b21: cophenetic index 624; 1.2 s; peak memory 690 MiB.
2026-10-05T09:23:10Z INFO [2157/3739] 4ed15f90-1b97-44fc-bcab-3361ba377258: cophenetic index 2974; 1.2 s; peak memory 690 MiB.
2026-10-05T09:23:12Z INFO [2158/3739] 4ed2177d-fc1e-41db-8288-6393ca7280d5: cophenetic index 3087; 1.4 s; peak memory 690 MiB.
2026-10-05T09:23:13Z INFO [2159/3739] 4ed25e9b-f418-43d9-8362-eef58bb6598b: cophenetic index 441; 1.2 s; peak memory 690 MiB.
2026-10-05T09:23:16Z INFO [2160/3739] 4ed2c260-8f20-4a4e-b7cd-1d7962ed248b: cophenetic index 2609; 2.9 s; peak memory 690 MiB.
2026-10-05T09:23:17Z INFO [2161/3739] 4ed2c639-aeb0-4f48-a497-e282cd243c1f: cophenetic index 987; 1.5 s; peak memory 690 MiB.
2026-10-05T09:23:27Z INFO [2162/3739] 4ed3d71c-9e3d-42e8-ac22-4e6387843f9e: cophenetic index 216572; 9.6 s; peak memory 690 MiB.
2026-10-05T09:23:29Z INFO [2163/3739] 4ed3f204-d0c2-4af9-861d-20003541962a: cophenetic index 797; 1.8 s; peak memory 690 MiB.
2026-10-05T09:23:31Z INFO [2164/3739] 4ed51721-6804-4736-99e3-e0544a34a331: cophenetic index 2391; 2.7 s; peak memory 690 MiB.
2026-10-05T09:23:33Z INFO [2165/3739] 4ed53bbc-1841-4148-9984-8e2e6683cd61: cophenetic index 3004; 1.4 s; peak memory 690 MiB.
2026-10-05T09:23:44Z INFO [2166/3739] 4ed5fd7d-cb6a-471b-867b-da1ca875f385: cophenetic index 49847; 11.1 s; peak memory 690 MiB.
2026-10-05T09:23:45Z INFO [2167/3739] 4ed70823-bc0b-468e-862d-b25bf88f3bb0: cophenetic index 427; 1.0 s; peak memory 690 MiB.
2026-10-05T09:23:46Z INFO [2168/3739] 4ed77b72-74dd-4db1-9576-4b8c48fd3de9: cophenetic index 2570; 1.6 s; peak memory 690 MiB.
2026-10-05T09:23:48Z INFO [2169/3739] 4ed8a5a3-69ba-4096-95f4-3ee946f4af0c: cophenetic index 624; 1.1 s; peak memory 690 MiB.
2026-10-05T09:23:48Z INFO [2170/3739] 4ed92c40-2c8b-403d-8a10-d0259eeb16ab: cophenetic index 624; 0.9 s; peak memory 690 MiB.
2026-10-05T09:23:56Z INFO [2171/3739] 4ed9a096-caa8-4b8d-9be2-10447b840870: cophenetic index 87573; 7.4 s; peak memory 690 MiB.
2026-10-05T09:23:57Z INFO [2172/3739] 4ed9dcac-76de-46d6-a6a4-faa1fa147237: cophenetic index 649; 1.3 s; peak memory 690 MiB.
2026-10-05T09:23:58Z INFO [2173/3739] 4edba0db-80ef-41ac-9086-aaa78bb67479: cophenetic index 1949; 1.3 s; peak memory 690 MiB.
2026-10-05T09:24:00Z INFO [2174/3739] 4edbaa70-9e7b-4c7b-bea5-dd2c9d3423de: cophenetic index 649; 1.2 s; peak memory 690 MiB.
2026-10-05T09:24:09Z INFO [2175/3739] 4edbd041-3f71-4e9d-b9d7-a41461c6294e: cophenetic index 189226; 9.0 s; peak memory 690 MiB.
2026-10-05T09:24:11Z INFO [2176/3739] 4edbdc94-13b9-4b74-b4d4-2d43abda66e9: cophenetic index 6490; 2.6 s; peak memory 690 MiB.
2026-10-05T09:24:12Z INFO [2177/3739] 4edd7a89-994b-476e-a0dd-9b4e751c2a25: cophenetic index 490; 0.8 s; peak memory 690 MiB.
2026-10-05T09:24:26Z INFO [2178/3739] 4edec7f0-e095-4e5b-843b-61664b2dd533: cophenetic index 202231; 13.4 s; peak memory 690 MiB.
2026-10-05T09:24:27Z INFO [2179/3739] 4edeea5e-225f-4fd0-9da1-6f9f039d2e0c: cophenetic index 624; 1.0 s; peak memory 690 MiB.
2026-10-05T09:24:28Z INFO [2180/3739] 4ee0812c-2b6d-467a-87a6-df5dd751c7f7: cophenetic index 33998; 1.9 s; peak memory 690 MiB.
2026-10-05T09:24:30Z INFO [2181/3739] 4ee11bcd-9577-46de-bc1f-41b15cac26de: cophenetic index 490; 1.2 s; peak memory 690 MiB.
2026-10-05T09:24:33Z INFO [2182/3739] 4ee1731d-2158-49d4-9b75-9e8f40c843c0: cophenetic index 624; 3.2 s; peak memory 690 MiB.
2026-10-05T09:24:34Z INFO [2183/3739] 4ee2828c-747d-4ef9-8407-a98a77b2ad56: cophenetic index 431; 0.9 s; peak memory 690 MiB.
2026-10-05T09:24:35Z INFO [2184/3739] 4ee2daa3-e44e-449e-9960-4f4b363a83a0: cophenetic index 2625; 1.4 s; peak memory 690 MiB.
2026-10-05T09:24:36Z INFO [2185/3739] 4ee2f091-b9a9-41a5-94b7-95547df8af45: cophenetic index 1228; 0.9 s; peak memory 690 MiB.
2026-10-05T09:24:38Z INFO [2186/3739] 4ee311ef-96f7-4e13-a9ea-d372a775f903: cophenetic index 33998; 1.8 s; peak memory 690 MiB.
2026-10-05T09:24:39Z INFO [2187/3739] 4ee354ba-65af-4c15-9116-8fbb1cf84b16: cophenetic index 3004; 1.3 s; peak memory 690 MiB.
2026-10-05T09:24:40Z INFO [2188/3739] 4ee3b63a-87f3-4280-abc5-2b6275516f00: cophenetic index 490; 0.7 s; peak memory 690 MiB.
2026-10-05T09:24:42Z INFO [2189/3739] 4ee3de0b-4f7a-466f-98f5-f4160921579e: cophenetic index 662; 2.3 s; peak memory 690 MiB.
2026-10-05T09:24:45Z INFO [2190/3739] 4ee4e6a6-edfb-40bd-922c-46e15bcf67db: cophenetic index 6143; 2.6 s; peak memory 690 MiB.
2026-10-05T09:24:47Z INFO [2191/3739] 4ee5c719-1bf2-4319-a906-e24c85251d24: cophenetic index 1255; 2.6 s; peak memory 690 MiB.
2026-10-05T09:24:48Z INFO [2192/3739] 4ee5e5a0-dc29-4464-aab8-a9ab083246dd: cophenetic index 624; 1.1 s; peak memory 690 MiB.
2026-10-05T09:24:50Z INFO [2193/3739] 4ee641b8-f669-4aeb-a2a8-bfb14074f996: cophenetic index 624; 1.2 s; peak memory 690 MiB.
2026-10-05T09:24:51Z INFO [2194/3739] 4ee6b330-ed5b-485f-aa25-1ae25e4003f5: cophenetic index 431; 1.2 s; peak memory 690 MiB.
2026-10-05T09:24:54Z INFO [2195/3739] 4ee71cb7-b865-4ae7-b65d-f7bde343c38e: cophenetic index 4677; 3.0 s; peak memory 690 MiB.
2026-10-05T09:24:56Z INFO [2196/3739] 4ee7b465-64f7-43cd-94de-189ac7f0dad2: cophenetic index 2005; 1.9 s; peak memory 690 MiB.
2026-10-05T09:24:59Z INFO [2197/3739] 4ee7bd0a-be12-47a4-941b-5b9cabd035b3: cophenetic index 2469; 3.0 s; peak memory 690 MiB.
2026-10-05T09:25:00Z INFO [2198/3739] 4ee92ee5-0329-4f40-9ce4-1b146bcae074: cophenetic index 3087; 1.3 s; peak memory 690 MiB.
2026-10-05T09:25:02Z INFO [2199/3739] 4ee96b6d-7c5b-463a-8f2f-e65e87c6036e: cophenetic index 2625; 2.0 s; peak memory 690 MiB.
2026-10-05T09:25:05Z INFO [2200/3739] 4ee98cb1-189f-4993-ba56-fcedfa76041d: cophenetic index 5473; 3.4 s; peak memory 690 MiB.
2026-10-05T09:25:06Z INFO [2200/3739] 4ee98cb1-189f-4993-ba56-fcedfa76041d: checkpointed 84925 records.
2026-10-05T09:25:15Z INFO [2201/3739] 4ee99fe1-ff0c-47dd-9e31-5ae14b3c8b01: cophenetic index 183136; 9.0 s; peak memory 690 MiB.
2026-10-05T09:25:16Z INFO [2202/3739] 4eea6db7-b105-418f-b706-9baac4c8b671: cophenetic index 624; 1.0 s; peak memory 690 MiB.
2026-10-05T09:25:17Z INFO [2203/3739] 4eea90f9-1045-4ea0-a925-c953dd098d3b: cophenetic index 2974; 1.2 s; peak memory 690 MiB.
2026-10-05T09:25:19Z INFO [2204/3739] 4eeac1ba-659b-4733-aef3-e93c383c9a4f: cophenetic index 33998; 1.9 s; peak memory 690 MiB.
2026-10-05T09:25:27Z INFO [2205/3739] 4eead715-6e13-4fa7-bf20-64d130321bcb: cophenetic index 195172714; 8.4 s; peak memory 690 MiB.
2026-10-05T09:25:28Z INFO [2206/3739] 4eeaf684-ca2a-484a-8b45-7c5d92c2ea9e: cophenetic index 649; 1.1 s; peak memory 690 MiB.
2026-10-05T09:25:29Z INFO [2207/3739] 4eeb0ab6-6578-4062-b635-613893fcd2b1: cophenetic index 433; 0.7 s; peak memory 690 MiB.
2026-10-05T09:25:30Z INFO [2208/3739] 4eebfd57-2671-4d98-ac5f-9935de93a192: cophenetic index 431; 1.0 s; peak memory 690 MiB.
2026-10-05T09:25:31Z INFO [2209/3739] 4eec9e16-8944-41e3-8f2c-71b67027de82: cophenetic index 2570; 1.4 s; peak memory 690 MiB.
2026-10-05T09:25:32Z INFO [2210/3739] 4eec9e8b-291a-4b26-9c37-412804cace73: cophenetic index 624; 1.0 s; peak memory 690 MiB.
2026-10-05T09:25:33Z INFO [2211/3739] 4eecd257-4624-4478-97aa-bd295546a674: cophenetic index 624; 1.1 s; peak memory 690 MiB.
2026-10-05T09:25:34Z INFO [2212/3739] 4eecd706-b000-4af9-be72-abaa87aa3d82: cophenetic index 624; 1.0 s; peak memory 690 MiB.
2026-10-05T09:26:09Z INFO [2213/3739] 4eed8bfc-1edb-40be-8d5b-66857129f26f: cophenetic index 54155378; 34.7 s; peak memory 690 MiB.
2026-10-05T09:26:10Z INFO [2214/3739] 4eee2521-7dc0-47a1-aa9f-51ee2afb906d: cophenetic index 539; 1.1 s; peak memory 690 MiB.
2026-10-05T09:26:16Z INFO [2215/3739] 4ef07502-b0ca-4b2d-83a8-6603dff31bf3: cophenetic index 12727; 6.1 s; peak memory 690 MiB.
2026-10-05T09:26:18Z INFO [2216/3739] 4ef0c5ff-97d1-452e-bbd1-61762823e761: cophenetic index 2923; 1.5 s; peak memory 690 MiB.
2026-10-05T09:26:25Z INFO [2217/3739] 4ef159e4-7079-47a2-a878-9779b900228e: cophenetic index 109344; 6.8 s; peak memory 690 MiB.
2026-10-05T09:26:25Z INFO [2218/3739] 4ef18bc9-5926-4512-8c34-dd1785f66bd0: cophenetic index 1228; 0.9 s; peak memory 690 MiB.
2026-10-05T09:26:27Z INFO [2219/3739] 4ef1b1c5-b024-4db6-89a7-8cb285d0f1db: cophenetic index 2974; 1.5 s; peak memory 690 MiB.
2026-10-05T09:26:28Z INFO [2220/3739] 4ef217d1-7b35-49bb-b4c2-b930a0369959: cophenetic index 766; 1.3 s; peak memory 690 MiB.
2026-10-05T09:26:29Z INFO [2221/3739] 4ef2ca4f-327f-40f9-9945-def42f01bc17: cophenetic index 625; 1.1 s; peak memory 690 MiB.
2026-10-05T09:26:30Z INFO [2222/3739] 4ef3687a-a2b2-4388-8527-110c399ee49d: cophenetic index 624; 1.1 s; peak memory 690 MiB.
2026-10-05T09:26:32Z INFO [2223/3739] 4ef3e6d6-31bf-401b-82b1-dddaa05aa2b7: cophenetic index 2625; 1.5 s; peak memory 690 MiB.
2026-10-05T09:26:37Z INFO [2224/3739] 4ef5794c-a039-4bfe-9ffb-6862731b46c9: cophenetic index 9548; 5.5 s; peak memory 690 MiB.
2026-10-05T09:26:39Z INFO [2225/3739] 4ef5b20a-80ac-4985-8ad0-55e7151461ee: cophenetic index 33998; 1.9 s; peak memory 690 MiB.
2026-10-05T09:26:48Z INFO [2226/3739] 4ef5b9d0-8fd3-41cd-af11-ed19b60d2561: cophenetic index 76327; 8.3 s; peak memory 690 MiB.
2026-10-05T09:26:53Z INFO [2227/3739] 4ef64ed3-d11c-4df6-a0c2-75d7fddc86c9: cophenetic index 39445; 5.2 s; peak memory 690 MiB.
2026-10-05T09:26:54Z INFO [2228/3739] 4ef79fcc-07cc-4319-a869-21d5f496529d: cophenetic index 581; 1.2 s; peak memory 690 MiB.
2026-10-05T09:26:56Z INFO [2229/3739] 4ef84c2a-74ae-4ec8-a014-35f5f0fb69ea: cophenetic index 33962; 1.6 s; peak memory 690 MiB.
2026-10-05T09:26:57Z INFO [2230/3739] 4ef99d13-ae98-4098-86de-526479d5fad8: cophenetic index 949; 1.7 s; peak memory 690 MiB.
2026-10-05T09:26:59Z INFO [2231/3739] 4efa8f64-2e56-4c9b-8256-754edbca5ff5: cophenetic index 1114; 1.9 s; peak memory 690 MiB.
2026-10-05T09:27:02Z INFO [2232/3739] 4efb2251-3fe4-4e67-8d93-b09b6a0835f4: cophenetic index 2402; 3.1 s; peak memory 690 MiB.
2026-10-05T09:27:03Z INFO [2233/3739] 4efb4555-0d0f-4b7e-aee7-a0b8a1a4720c: cophenetic index 624; 1.0 s; peak memory 690 MiB.
2026-10-05T09:27:04Z INFO [2234/3739] 4efb4a08-17a4-411c-ad77-3cf694bf96ef: cophenetic index 624; 1.1 s; peak memory 690 MiB.
2026-10-05T09:27:15Z INFO [2235/3739] 4efbb22d-93cd-4faa-a8e8-cedf1688a672: cophenetic index 47144; 10.4 s; peak memory 690 MiB.
2026-10-05T09:27:26Z INFO [2236/3739] 4efc1a54-77da-43b6-9ce3-452d17f4de7c: cophenetic index 49847; 10.9 s; peak memory 690 MiB.
2026-10-05T09:27:27Z INFO [2237/3739] 4efd9ba9-7bc5-431e-a6a6-4b2ce2569607: cophenetic index 766; 1.3 s; peak memory 690 MiB.
2026-10-05T09:27:28Z INFO [2238/3739] 4efdc212-a081-40c6-a96b-0333ed67e139: cophenetic index 624; 1.1 s; peak memory 690 MiB.
2026-10-05T09:27:37Z INFO [2239/3739] 4efddb48-f295-4409-8987-6234ebcf4c82: cophenetic index 195172714; 9.1 s; peak memory 690 MiB.
2026-10-05T09:27:38Z INFO [2240/3739] 4efe1f3e-411d-46a0-86ac-9ed79aa5a40a: cophenetic index 624; 1.0 s; peak memory 690 MiB.
2026-10-05T09:27:39Z INFO [2241/3739] 4efee409-1012-4493-8c50-375dc66d2f98: cophenetic index 729; 0.8 s; peak memory 690 MiB.
2026-10-05T09:27:40Z INFO [2242/3739] 4eff97dc-d701-4738-91f9-37ec9ecd13ce: cophenetic index 448; 1.1 s; peak memory 690 MiB.
2026-10-05T09:27:42Z INFO [2243/3739] 4f003358-c5c7-4550-aa1d-bd8f6479eb11: cophenetic index 895; 2.1 s; peak memory 690 MiB.
2026-10-05T09:27:44Z INFO [2244/3739] 4f00889a-12bf-40a1-bb0c-5db403a77d45: cophenetic index 1196; 1.5 s; peak memory 690 MiB.
2026-10-05T09:27:45Z INFO [2245/3739] 4f00f824-9e1c-45c9-bdb5-2390b87160a9: cophenetic index 2625; 1.7 s; peak memory 690 MiB.
2026-10-05T09:27:46Z INFO [2246/3739] 4f015c1d-dc0e-4e8d-91c0-3cd352b71e35: cophenetic index 624; 1.1 s; peak memory 690 MiB.
2026-10-05T09:27:47Z INFO [2247/3739] 4f015c28-76e1-44d8-a466-6a701057d24f: cophenetic index 624; 0.9 s; peak memory 690 MiB.
2026-10-05T09:27:50Z INFO [2248/3739] 4f020491-90d8-45d3-bd55-2ca28317fc5c: cophenetic index 2402; 2.5 s; peak memory 690 MiB.
2026-10-05T09:27:51Z INFO [2249/3739] 4f028660-bc01-4f98-9b8c-fc5c0bb0cba8: cophenetic index 624; 1.0 s; peak memory 690 MiB.
2026-10-05T09:27:52Z INFO [2250/3739] 4f02b6ae-9d90-48d9-afcc-b0289a53cae3: cophenetic index 431; 1.1 s; peak memory 690 MiB.
2026-10-05T09:27:52Z INFO [2250/3739] 4f02b6ae-9d90-48d9-afcc-b0289a53cae3: checkpointed 84975 records.
2026-10-05T09:27:54Z INFO [2251/3739] 4f0440a5-a23b-466b-8264-07c24d223757: cophenetic index 26986; 1.5 s; peak memory 690 MiB.
2026-10-05T09:27:56Z INFO [2252/3739] 4f0467ba-cc26-47f0-872e-c4cfd950d58e: cophenetic index 33998; 2.2 s; peak memory 690 MiB.
2026-10-05T09:27:57Z INFO [2253/3739] 4f04d466-478c-473b-9a4d-df13a477a28c: cophenetic index 661; 0.9 s; peak memory 690 MiB.
2026-10-05T09:28:03Z INFO [2254/3739] 4f053502-a623-46f9-ab7d-5a61919a0ba7: cophenetic index 106649; 6.0 s; peak memory 690 MiB.
2026-10-05T09:28:04Z INFO [2255/3739] 4f06413e-514a-4574-a778-154ed473f4e5: cophenetic index 624; 1.1 s; peak memory 690 MiB.
2026-10-05T09:28:05Z INFO [2256/3739] 4f06bba0-e086-4faf-90a3-47c13aa10e79: cophenetic index 2570; 1.5 s; peak memory 690 MiB.
2026-10-05T09:28:08Z INFO [2257/3739] 4f07b77f-ac89-4bbe-8bee-f4d27b931f30: cophenetic index 6079; 2.8 s; peak memory 690 MiB.
2026-10-05T09:28:10Z INFO [2258/3739] 4f081f0b-3991-4ff5-a978-357c9c982c30: cophenetic index 33968; 1.5 s; peak memory 690 MiB.
2026-10-05T09:28:11Z INFO [2259/3739] 4f09f869-0e65-4634-bddd-746c9f69d391: cophenetic index 581; 1.1 s; peak memory 690 MiB.
2026-10-05T09:28:18Z INFO [2260/3739] 4f0abf4a-9def-4d65-a503-587526be8d78: cophenetic index 87781; 6.9 s; peak memory 690 MiB.
2026-10-05T09:28:19Z INFO [2261/3739] 4f0ae85e-a475-49ae-9442-aeec010e1d03: cophenetic index 3192; 1.3 s; peak memory 690 MiB.
2026-10-05T09:28:20Z INFO [2262/3739] 4f0ba98b-8a05-4d9b-a355-feb6d08ce90a: cophenetic index 879; 1.5 s; peak memory 690 MiB.
2026-10-05T09:28:22Z INFO [2263/3739] 4f0c0e94-8b42-4799-8c62-607fb4b2c8c3: cophenetic index 1087; 1.5 s; peak memory 690 MiB.
2026-10-05T09:28:27Z INFO [2264/3739] 4f0c17be-0a6b-4103-b1b8-3069920747b9: cophenetic index 9548; 5.1 s; peak memory 690 MiB.
2026-10-05T09:28:28Z INFO [2265/3739] 4f0cbbb2-4490-4af6-a84a-b9bc16765277: cophenetic index 3004; 1.6 s; peak memory 690 MiB.
2026-10-05T09:28:29Z INFO [2266/3739] 4f0da134-0a48-4a9a-9dc1-49618aeed625: cophenetic index 2211; 1.0 s; peak memory 690 MiB.
2026-10-05T09:28:31Z INFO [2267/3739] 4f0e986e-dee8-4720-8c22-aa98af614c6b: cophenetic index 624; 1.1 s; peak memory 690 MiB.
2026-10-05T09:28:38Z INFO [2268/3739] 4f0fba63-7b35-413a-9242-cc3de8916c17: cophenetic index 87573; 7.4 s; peak memory 690 MiB.
2026-10-05T09:28:45Z INFO [2269/3739] 4f0febb1-c22d-47df-a703-622673b30c80: cophenetic index 54778; 7.3 s; peak memory 690 MiB.
2026-10-05T09:28:47Z INFO [2270/3739] 4f102c9d-1598-49f7-b984-10bb92bc429d: cophenetic index 2105; 1.8 s; peak memory 690 MiB.
2026-10-05T09:29:01Z INFO [2271/3739] 4f10cc50-2181-44f4-8c67-ebbae92c4f29: cophenetic index 620142; 13.7 s; peak memory 690 MiB.
2026-10-05T09:29:02Z INFO [2272/3739] 4f1119d7-8fab-4052-94c9-07ab937341ef: cophenetic index 624; 1.0 s; peak memory 690 MiB.
2026-10-05T09:29:03Z INFO [2273/3739] 4f115ddc-9f33-4e2e-813a-f5b7de2da3f2: cophenetic index 3087; 1.3 s; peak memory 690 MiB.
2026-10-05T09:29:04Z INFO [2274/3739] 4f11ba0c-54ee-48bc-b16c-7201d89528c8: cophenetic index 3004; 1.2 s; peak memory 690 MiB.
2026-10-05T09:29:06Z INFO [2275/3739] 4f126ae4-76b8-4c16-a56b-010cbabb8277: cophenetic index 33998; 1.9 s; peak memory 690 MiB.
2026-10-05T09:29:07Z INFO [2276/3739] 4f136388-53be-4c25-95ed-af0ee6a2fd8e: cophenetic index 446; 0.7 s; peak memory 690 MiB.
2026-10-05T09:29:08Z INFO [2277/3739] 4f1370fb-d643-490c-9929-91f3b30fbd20: cophenetic index 2974; 1.1 s; peak memory 690 MiB.
2026-10-05T09:29:09Z INFO [2278/3739] 4f13847c-7ead-48d5-90e6-ed6367969d8e: cophenetic index 624; 1.1 s; peak memory 690 MiB.
2026-10-05T09:29:10Z INFO [2279/3739] 4f13d0c9-4ac3-498c-be99-fd86d9277d63: cophenetic index 725; 1.1 s; peak memory 690 MiB.
2026-10-05T09:29:11Z INFO [2280/3739] 4f140da5-20db-4a32-92f2-35d70478e7b3: cophenetic index 624; 0.9 s; peak memory 690 MiB.
2026-10-05T09:29:18Z INFO [2281/3739] 4f14683b-a4cc-404f-8d2a-6aeaa8421f73: cophenetic index 76495; 7.3 s; peak memory 690 MiB.
2026-10-05T09:29:21Z INFO [2282/3739] 4f1590b3-56a0-484f-899a-617d834826cf: cophenetic index 2402; 2.6 s; peak memory 690 MiB.
2026-10-05T09:29:22Z INFO [2283/3739] 4f16e9c0-b70c-40ea-ad3d-ee37e7e6c061: cophenetic index 497; 1.0 s; peak memory 690 MiB.
2026-10-05T09:29:24Z INFO [2284/3739] 4f1710fa-249b-41ee-867e-59eb5a6d257b: cophenetic index 99150; 2.1 s; peak memory 690 MiB.
2026-10-05T09:29:26Z INFO [2285/3739] 4f1744d7-5824-489f-a4dc-56770d82e499: cophenetic index 2625; 1.8 s; peak memory 690 MiB.
2026-10-05T09:29:27Z INFO [2286/3739] 4f17a37f-6ba8-470e-bab1-d13dfd2ef6d0: cophenetic index 2625; 1.5 s; peak memory 690 MiB.
2026-10-05T09:29:29Z INFO [2287/3739] 4f187fb4-3487-402f-ba22-d433d7663c52: cophenetic index 1025; 1.9 s; peak memory 690 MiB.
2026-10-05T09:29:31Z INFO [2288/3739] 4f18bbe4-6dcb-4e00-839e-8a4e7d6fbcc5: cophenetic index 2625; 1.8 s; peak memory 690 MiB.
2026-10-05T09:29:32Z INFO [2289/3739] 4f19ca9f-8848-4cad-be44-4e4d7d3bdb34: cophenetic index 3004; 1.2 s; peak memory 690 MiB.
2026-10-05T09:29:33Z INFO [2290/3739] 4f1a24fc-9958-4f21-81ac-d14211ff8be0: cophenetic index 624; 1.1 s; peak memory 690 MiB.
2026-10-05T09:29:34Z INFO [2291/3739] 4f1a6f93-20c2-4ff6-af9c-c27154294d7d: cophenetic index 723; 0.8 s; peak memory 690 MiB.
2026-10-05T09:29:36Z INFO [2292/3739] 4f1ac23a-10be-41e5-b03f-249c8a508520: cophenetic index 99415; 1.6 s; peak memory 690 MiB.
2026-10-05T09:29:41Z INFO [2293/3739] 4f1b71af-dfd3-4716-90f6-1b8162fdfbe3: cophenetic index 9548; 4.8 s; peak memory 690 MiB.
2026-10-05T09:29:42Z INFO [2294/3739] 4f1daba3-fb60-4540-8585-5c79079be5f9: cophenetic index 33998; 1.6 s; peak memory 690 MiB.
2026-10-05T09:29:43Z INFO [2295/3739] 4f1e5e7b-9a55-421b-803e-96515f39ce64: cophenetic index 3004; 1.2 s; peak memory 690 MiB.
2026-10-05T09:29:44Z INFO [2296/3739] 4f1ec0eb-ea54-4a24-bd3c-4fc6bf969f87: cophenetic index 560; 0.9 s; peak memory 690 MiB.
2026-10-05T09:29:45Z INFO [2297/3739] 4f1f11a0-43c9-470a-9be6-637fcb0df1d1: cophenetic index 729; 0.8 s; peak memory 690 MiB.
2026-10-05T09:29:46Z INFO [2298/3739] 4f1f136d-0d1f-4d7b-a409-5ed9d9c2dee4: cophenetic index 3004; 1.3 s; peak memory 690 MiB.
2026-10-05T09:29:54Z INFO [2299/3739] 4f1f82f2-93c2-4e28-b55c-a41b7094ff4a: cophenetic index 15817; 7.0 s; peak memory 690 MiB.
2026-10-05T09:29:55Z INFO [2300/3739] 4f202beb-b101-48d8-91c8-73eb298547b4: cophenetic index 1087; 1.5 s; peak memory 690 MiB.
2026-10-05T09:29:55Z INFO [2300/3739] 4f202beb-b101-48d8-91c8-73eb298547b4: checkpointed 85025 records.
2026-10-05T09:29:56Z INFO [2301/3739] 4f206762-d7d3-45c4-a312-8e0c7909f405: cophenetic index 725; 1.1 s; peak memory 690 MiB.
2026-10-05T09:29:57Z INFO [2302/3739] 4f20abfc-e2a9-4d61-93d8-0620ee28c698: cophenetic index 431; 0.9 s; peak memory 690 MiB.
2026-10-05T09:30:03Z INFO [2303/3739] 4f2107ef-6b2e-4bb9-b0d2-75909bedf908: cophenetic index 9548; 5.6 s; peak memory 690 MiB.
2026-10-05T09:30:14Z INFO [2304/3739] 4f21b37f-117e-4399-8ff4-086267983921: cophenetic index 48665; 11.2 s; peak memory 690 MiB.
2026-10-05T09:30:15Z INFO [2305/3739] 4f21ca74-3e5b-46da-a955-5b474fd76fec: cophenetic index 1228; 0.8 s; peak memory 690 MiB.
2026-10-05T09:30:16Z INFO [2306/3739] 4f239c04-b41f-41dd-95c3-d171035dbe85: cophenetic index 624; 0.9 s; peak memory 690 MiB.
2026-10-05T09:30:17Z INFO [2307/3739] 4f247bf5-7569-4ac7-be6f-1c7fd563d4c7: cophenetic index 624; 1.1 s; peak memory 690 MiB.
2026-10-05T09:30:18Z INFO [2308/3739] 4f24a190-4cce-4a17-9cda-0d6f4fbc3f46: cophenetic index 1751; 1.5 s; peak memory 690 MiB.
2026-10-05T09:30:19Z INFO [2309/3739] 4f2584e2-2e07-426b-8835-b79f8936ac1f: cophenetic index 579; 0.7 s; peak memory 690 MiB.
2026-10-05T09:30:21Z INFO [2310/3739] 4f25a55a-c30f-488e-b2dd-831058e91aff: cophenetic index 30304; 1.6 s; peak memory 690 MiB.
2026-10-05T09:30:27Z INFO [2311/3739] 4f25b370-9767-4ef4-b9ba-2500ebd3b696: cophenetic index 34592; 6.7 s; peak memory 690 MiB.
2026-10-05T09:30:29Z INFO [2312/3739] 4f261818-1d57-4acc-897a-4fd5daf9fb96: cophenetic index 3087; 1.2 s; peak memory 690 MiB.
2026-10-05T09:30:30Z INFO [2313/3739] 4f26423e-6837-4c9c-8db3-803ccc54a87d: cophenetic index 624; 1.0 s; peak memory 690 MiB.
2026-10-05T09:30:31Z INFO [2314/3739] 4f269c29-622f-4765-868f-0e2c3d4ea128: cophenetic index 507; 1.0 s; peak memory 690 MiB.
2026-10-05T09:30:32Z INFO [2315/3739] 4f26d6da-690c-4d9a-b638-83978e9e688c: cophenetic index 539; 1.1 s; peak memory 690 MiB.
2026-10-05T09:30:33Z INFO [2316/3739] 4f280ded-4735-448d-aa7f-f3f8a926d094: cophenetic index 624; 1.1 s; peak memory 690 MiB.
2026-10-05T09:30:34Z INFO [2317/3739] 4f2866bb-b299-41d2-a35c-e2dd6b99e32d: cophenetic index 33962; 1.5 s; peak memory 690 MiB.
2026-10-05T09:30:35Z INFO [2318/3739] 4f293dfa-b24f-43ee-ab1c-d8cc08e46a36: cophenetic index 624; 0.9 s; peak memory 690 MiB.
2026-10-05T09:30:36Z INFO [2319/3739] 4f298855-5f3b-4322-a90a-d03c30282d25: cophenetic index 624; 0.9 s; peak memory 690 MiB.
2026-10-05T09:30:42Z INFO [2320/3739] 4f29b2bb-3b56-44b1-b725-9bfc49c85a48: cophenetic index 12100; 5.8 s; peak memory 690 MiB.
2026-10-05T09:30:43Z INFO [2321/3739] 4f29f564-1d08-4c5f-a4a9-ab24fcb17bdd: cophenetic index 431; 0.9 s; peak memory 690 MiB.
2026-10-05T09:30:53Z INFO [2322/3739] 4f2a5cc2-7d4e-4238-9341-a5931b5dfc1d: cophenetic index 161337; 10.1 s; peak memory 690 MiB.
2026-10-05T09:30:54Z INFO [2323/3739] 4f2abddf-1f59-421f-a228-2aebef457a2e: cophenetic index 446; 0.7 s; peak memory 690 MiB.
2026-10-05T09:30:55Z INFO [2324/3739] 4f2b0697-a6b6-446f-8761-723fb2fae9f0: cophenetic index 579; 0.8 s; peak memory 690 MiB.
2026-10-05T09:30:56Z INFO [2325/3739] 4f2b6c8e-31c7-4315-904b-488c3b165dc1: cophenetic index 3192; 1.2 s; peak memory 690 MiB.
2026-10-05T09:31:08Z INFO [2326/3739] 4f2bcba6-50d5-4541-b4c7-3a1c0f787300: cophenetic index 187375; 11.9 s; peak memory 690 MiB.
2026-10-05T09:31:25Z INFO [2327/3739] 4f2cb5ee-72f7-432e-a1b7-92a26744f5c8: cophenetic index 42755; 17.8 s; peak memory 690 MiB.
2026-10-05T09:31:26Z INFO [2328/3739] 4f2cdb84-fcb4-4c6f-84da-353a7fb1c795: cophenetic index 729; 0.8 s; peak memory 690 MiB.
2026-10-05T09:31:28Z INFO [2329/3739] 4f2cfc01-7896-4bcb-b8d7-e3fadd42c739: cophenetic index 2625; 1.5 s; peak memory 690 MiB.
2026-10-05T09:31:29Z INFO [2330/3739] 4f2df195-1b5a-42d4-8514-8c5206ac6465: cophenetic index 2570; 1.1 s; peak memory 690 MiB.
2026-10-05T09:31:38Z INFO [2331/3739] 4f2df256-c2e5-40eb-a252-c73bf125bb3c: cophenetic index 21236; 9.3 s; peak memory 690 MiB.
2026-10-05T09:31:39Z INFO [2332/3739] 4f2ea469-fecc-4a41-bb2c-b09cacf0b69c: cophenetic index 624; 0.9 s; peak memory 690 MiB.
2026-10-05T09:31:40Z INFO [2333/3739] 4f2f0b83-6835-409f-965e-15c8065f3b55: cophenetic index 433; 0.8 s; peak memory 690 MiB.
2026-10-05T09:31:41Z INFO [2334/3739] 4f2ff241-4e43-4cb9-9615-e7786f7d3ef5: cophenetic index 33986; 1.4 s; peak memory 690 MiB.
2026-10-05T09:31:42Z INFO [2335/3739] 4f2ffc3b-98be-4aa1-a5d7-6d34657cf1d4: cophenetic index 431; 1.0 s; peak memory 690 MiB.
2026-10-05T09:31:45Z INFO [2336/3739] 4f30018a-67dd-4c09-be55-385ec29a209f: cophenetic index 8129; 2.9 s; peak memory 690 MiB.
2026-10-05T09:31:46Z INFO [2337/3739] 4f305c7e-f128-4aed-b827-c6d96f3f6a34: cophenetic index 624; 1.1 s; peak memory 690 MiB.
2026-10-05T09:31:48Z INFO [2338/3739] 4f30780c-8297-4e7a-b932-18ad5e8ecf62: cophenetic index 1087; 1.4 s; peak memory 690 MiB.
2026-10-05T09:31:53Z INFO [2339/3739] 4f30af20-3d6e-4842-ad38-1c4e7185432e: cophenetic index 50570; 5.5 s; peak memory 690 MiB.
2026-10-05T09:31:54Z INFO [2340/3739] 4f3147db-d06e-458e-80a4-b890d2fb9862: cophenetic index 23960; 1.4 s; peak memory 690 MiB.
2026-10-05T09:32:31Z INFO [2341/3739] 4f3149da-4b31-425c-9a56-9dc11d12319a: cophenetic index 9542758; 36.3 s; peak memory 690 MiB.
2026-10-05T09:32:41Z INFO [2342/3739] 4f327cc7-99b1-4a1c-9ef5-16362f765d6a: cophenetic index 24071; 10.1 s; peak memory 690 MiB.
2026-10-05T09:32:42Z INFO [2343/3739] 4f32a213-f36d-4917-a5de-0190d43c45b8: cophenetic index 2570; 1.6 s; peak memory 690 MiB.
2026-10-05T09:32:43Z INFO [2344/3739] 4f334814-b5e3-4056-a982-ab120b56c6b7: cophenetic index 690; 0.9 s; peak memory 690 MiB.
2026-10-05T09:32:45Z INFO [2345/3739] 4f33b245-ef29-4ab8-9dc7-97ce8f21a8ae: cophenetic index 1583; 1.4 s; peak memory 690 MiB.
2026-10-05T09:32:46Z INFO [2346/3739] 4f3405d8-5e8b-4e03-89e4-46a3b82f1a02: cophenetic index 624; 0.9 s; peak memory 690 MiB.
2026-10-05T09:32:47Z INFO [2347/3739] 4f3407ae-470c-4b1a-897e-724f4fb9b5b2: cophenetic index 2625; 1.6 s; peak memory 690 MiB.
2026-10-05T09:32:49Z INFO [2348/3739] 4f3411e2-3974-45d9-97c5-420da6ed161b: cophenetic index 33986; 1.6 s; peak memory 690 MiB.
2026-10-05T09:32:50Z INFO [2349/3739] 4f3464a0-8a25-4daa-bf75-010e6ec248df: cophenetic index 1025; 1.1 s; peak memory 690 MiB.
2026-10-05T09:32:51Z INFO [2350/3739] 4f34f9c7-1f3a-4ee1-aa80-5f319572e549: cophenetic index 3004; 1.2 s; peak memory 690 MiB.
2026-10-05T09:32:51Z INFO [2350/3739] 4f34f9c7-1f3a-4ee1-aa80-5f319572e549: checkpointed 85075 records.
2026-10-05T09:32:52Z INFO [2351/3739] 4f3704e5-d47e-4fdf-849a-f6fea0ef0a6b: cophenetic index 490; 0.7 s; peak memory 690 MiB.
2026-10-05T09:32:54Z INFO [2352/3739] 4f372b91-34d1-4686-9aef-a1af13033d1e: cophenetic index 2625; 1.7 s; peak memory 690 MiB.
2026-10-05T09:32:55Z INFO [2353/3739] 4f374e66-dfaa-4e16-913f-6f395fdf9d71: cophenetic index 554; 1.2 s; peak memory 690 MiB.
2026-10-05T09:32:56Z INFO [2354/3739] 4f393bc0-e7ec-4d70-ad3a-c9e7feeb0c41: cophenetic index 3004; 1.3 s; peak memory 690 MiB.
2026-10-05T09:32:57Z INFO [2355/3739] 4f39698b-c391-4d7e-a5b4-48d5cdcb8599: cophenetic index 3087; 1.3 s; peak memory 690 MiB.
2026-10-05T09:32:59Z INFO [2356/3739] 4f3a900b-8570-4857-9969-92bc8067f3b1: cophenetic index 624; 1.1 s; peak memory 690 MiB.
2026-10-05T09:33:00Z INFO [2357/3739] 4f3b193f-b6a2-45eb-97ab-f3260f7e2425: cophenetic index 3087; 1.2 s; peak memory 690 MiB.
2026-10-05T09:33:01Z INFO [2358/3739] 4f3b7eed-2aa0-4de7-8c0b-f7466732e405: cophenetic index 698; 0.9 s; peak memory 690 MiB.
2026-10-05T09:33:02Z INFO [2359/3739] 4f3c47a2-0820-4a17-b6dd-d2e91a9cec80: cophenetic index 2625; 1.6 s; peak memory 690 MiB.
2026-10-05T09:33:04Z INFO [2360/3739] 4f3d9511-bdf6-43a2-968e-08c03000c9f1: cophenetic index 33968; 1.5 s; peak memory 690 MiB.
2026-10-05T09:33:05Z INFO [2361/3739] 4f3ddfd9-2bf3-4e19-a719-3aee364f9d55: cophenetic index 624; 1.0 s; peak memory 690 MiB.
2026-10-05T09:33:06Z INFO [2362/3739] 4f3e60a5-7e41-4d91-99f9-6a73052bb65c: cophenetic index 2625; 1.6 s; peak memory 690 MiB.
2026-10-05T09:33:09Z INFO [2363/3739] 4f3e9439-38cf-447b-8c9a-e9de1b5a777f: cophenetic index 8106; 3.1 s; peak memory 690 MiB.
2026-10-05T09:33:11Z INFO [2364/3739] 4f3ec893-14e1-498c-816e-47d7b5d7db57: cophenetic index 3057; 1.2 s; peak memory 690 MiB.
2026-10-05T09:33:13Z INFO [2365/3739] 4f3f0647-66d0-4c13-a430-ff5bebc558c6: cophenetic index 809; 1.9 s; peak memory 690 MiB.
2026-10-05T09:33:14Z INFO [2366/3739] 4f3f22a5-462b-46ec-9c44-63ba669e7845: cophenetic index 1082; 1.0 s; peak memory 690 MiB.
2026-10-05T09:33:16Z INFO [2367/3739] 4f3f4e0d-57c4-4512-9390-167d3e0b09c2: cophenetic index 2402; 2.5 s; peak memory 690 MiB.
2026-10-05T09:33:18Z INFO [2368/3739] 4f3fc7ce-4534-40bb-b198-b89e8a175464: cophenetic index 949; 1.6 s; peak memory 690 MiB.
2026-10-05T09:33:19Z INFO [2369/3739] 4f3fdf4e-5450-437c-866d-45674c347285: cophenetic index 624; 1.0 s; peak memory 690 MiB.
2026-10-05T09:33:23Z INFO [2370/3739] 4f3fe586-aae1-42c6-93ee-a32c9f132d0c: cophenetic index 107148; 4.1 s; peak memory 690 MiB.
2026-10-05T09:33:25Z INFO [2371/3739] 4f40da4d-8f2d-456a-b701-f7bc46772ec4: cophenetic index 777; 2.1 s; peak memory 690 MiB.
2026-10-05T09:33:26Z INFO [2372/3739] 4f41d001-41a8-4231-bd9e-e49ac3871034: cophenetic index 2625; 1.3 s; peak memory 690 MiB.
2026-10-05T09:33:27Z INFO [2373/3739] 4f4282f5-c37c-4f82-b3cb-18723cdf16ca: cophenetic index 651; 0.8 s; peak memory 690 MiB.
2026-10-05T09:33:29Z INFO [2374/3739] 4f436394-5b6b-42b2-b312-366fe5db2c3d: cophenetic index 2402; 2.4 s; peak memory 690 MiB.
2026-10-05T09:33:31Z INFO [2375/3739] 4f442ad7-2a2a-441a-adf6-1eb8ab8f3e60: cophenetic index 797; 1.6 s; peak memory 690 MiB.
2026-10-05T09:33:32Z INFO [2376/3739] 4f44d0fc-ce5b-49be-8e54-a44c005e2873: cophenetic index 761; 0.9 s; peak memory 690 MiB.
2026-10-05T09:33:33Z INFO [2377/3739] 4f45156e-3802-44ae-83ae-ad347ee2ef07: cophenetic index 624; 1.0 s; peak memory 690 MiB.
2026-10-05T09:33:34Z INFO [2378/3739] 4f4561fd-4e11-4775-8422-4a0db2b0542e: cophenetic index 2625; 1.4 s; peak memory 690 MiB.
2026-10-05T09:33:35Z INFO [2379/3739] 4f456baf-3a35-4b00-92df-04846184520e: cophenetic index 624; 1.0 s; peak memory 690 MiB.
2026-10-05T09:33:36Z INFO [2380/3739] 4f458d61-f52b-4529-bb62-939faf45be31: cophenetic index 1006; 1.4 s; peak memory 690 MiB.
2026-10-05T09:33:38Z INFO [2381/3739] 4f45aff5-5f9c-494e-86e0-ab3ce9bd749f: cophenetic index 3004; 1.2 s; peak memory 690 MiB.
2026-10-05T09:33:40Z INFO [2382/3739] 4f45bfb2-b977-4245-8664-833683677fb0: cophenetic index 837; 1.9 s; peak memory 690 MiB.
2026-10-05T09:33:41Z INFO [2383/3739] 4f468c39-d20c-4fd1-b98f-47dd9bccce0f: cophenetic index 2056; 1.8 s; peak memory 690 MiB.
2026-10-05T09:33:42Z INFO [2384/3739] 4f46ddd1-e868-432b-aa91-5db957345699: cophenetic index 624; 1.1 s; peak memory 690 MiB.
2026-10-05T09:33:43Z INFO [2385/3739] 4f475a6b-07a4-4e41-9ce0-73716da63146: cophenetic index 624; 0.9 s; peak memory 690 MiB.
2026-10-05T09:33:45Z INFO [2386/3739] 4f47b1f0-8a0f-44d4-9a53-74924fced1e4: cophenetic index 2625; 1.7 s; peak memory 690 MiB.
2026-10-05T09:33:47Z INFO [2387/3739] 4f47cbf7-3df1-40d2-b382-8cdbacea16a4: cophenetic index 809; 1.9 s; peak memory 690 MiB.
2026-10-05T09:33:49Z INFO [2388/3739] 4f486551-42d9-436c-b830-baa822d6a8f8: cophenetic index 2625; 1.9 s; peak memory 690 MiB.
2026-10-05T09:33:55Z INFO [2389/3739] 4f49576b-adc4-4f8c-8326-46c0588c53c1: cophenetic index 87573; 6.6 s; peak memory 690 MiB.
2026-10-05T09:33:57Z INFO [2390/3739] 4f4a67a1-3ee7-4d85-9ff6-f3b738e12e60: cophenetic index 26986; 1.5 s; peak memory 690 MiB.
2026-10-05T09:34:05Z INFO [2391/3739] 4f4abf09-b0e7-4605-9926-e17a98f2f30c: cophenetic index 162235563; 8.2 s; peak memory 691 MiB.
2026-10-05T09:34:07Z INFO [2392/3739] 4f4c4de0-5abf-40e4-ae1b-bdeb10edaa9d: cophenetic index 431; 1.4 s; peak memory 691 MiB.
2026-10-05T09:34:08Z INFO [2393/3739] 4f4cb5bd-eb80-4f32-8f49-64845582e1d9: cophenetic index 624; 1.0 s; peak memory 691 MiB.
2026-10-05T09:34:09Z INFO [2394/3739] 4f4d5ca6-6edc-426c-ab77-db91e1c4a5e1: cophenetic index 3087; 1.2 s; peak memory 691 MiB.
2026-10-05T09:34:17Z INFO [2395/3739] 4f4e6ceb-3813-4d5c-aa4e-2f42230c83b7: cophenetic index 23684; 8.4 s; peak memory 691 MiB.
2026-10-05T09:34:19Z INFO [2396/3739] 4f4f8136-c367-45b6-ba2b-0480bb8da3c5: cophenetic index 2682; 2.0 s; peak memory 691 MiB.
2026-10-05T09:34:21Z INFO [2397/3739] 4f4fa3ca-0afd-4b0f-b086-b74a17e26c56: cophenetic index 2625; 1.5 s; peak memory 691 MiB.
2026-10-05T09:34:22Z INFO [2398/3739] 4f4fc546-ba05-44f9-a415-4157410af0b6: cophenetic index 431; 1.1 s; peak memory 691 MiB.
2026-10-05T09:34:27Z INFO [2399/3739] 4f501db6-a773-4756-a70a-bcb5c53e4e69: cophenetic index 24097; 4.7 s; peak memory 691 MiB.
2026-10-05T09:34:28Z INFO [2400/3739] 4f503c7b-00f1-45b7-8814-9d3345b70c8a: cophenetic index 2570; 1.5 s; peak memory 691 MiB.
2026-10-05T09:34:28Z INFO [2400/3739] 4f503c7b-00f1-45b7-8814-9d3345b70c8a: checkpointed 85125 records.
2026-10-05T09:34:29Z INFO [2401/3739] 4f503e43-b599-41e8-8aaf-3b3b7e62f1ad: cophenetic index 2724; 1.1 s; peak memory 691 MiB.
2026-10-05T09:34:31Z INFO [2402/3739] 4f514948-dccc-4c67-887c-d9e9c912b9b5: cophenetic index 2570; 1.6 s; peak memory 691 MiB.
2026-10-05T09:34:39Z INFO [2403/3739] 4f514dbd-b24f-4c56-a75c-691483e4dfbe: cophenetic index 136851; 7.9 s; peak memory 691 MiB.
2026-10-05T09:34:40Z INFO [2404/3739] 4f519da3-90c2-48ca-ba8f-f212a209057e: cophenetic index 624; 0.9 s; peak memory 691 MiB.
2026-10-05T09:34:41Z INFO [2405/3739] 4f52945e-51ba-4012-8eb4-b91c93c9dcb9: cophenetic index 649; 1.2 s; peak memory 691 MiB.
2026-10-05T09:34:42Z INFO [2406/3739] 4f53d047-9bdd-40eb-ab34-fbd5fc05b34d: cophenetic index 2625; 1.4 s; peak memory 691 MiB.
2026-10-05T09:34:53Z INFO [2407/3739] 4f544495-3fce-4a66-a718-fe92efc6c7c3: cophenetic index 48355; 10.5 s; peak memory 691 MiB.
2026-10-05T09:34:54Z INFO [2408/3739] 4f54c2ab-cde7-4e4e-a34a-d0ab5f497bb8: cophenetic index 3004; 1.3 s; peak memory 691 MiB.
2026-10-05T09:34:57Z INFO [2409/3739] 4f55f905-d753-43fa-885b-95a3a7a85a2d: cophenetic index 41788; 3.5 s; peak memory 691 MiB.
2026-10-05T09:34:59Z INFO [2410/3739] 4f575e2d-69a8-4b9f-995f-157847ed4bdb: cophenetic index 431; 1.1 s; peak memory 691 MiB.
2026-10-05T09:35:00Z INFO [2411/3739] 4f57a4f2-4db6-44e9-96ea-67a70cf8eb23: cophenetic index 539; 1.0 s; peak memory 691 MiB.
2026-10-05T09:35:02Z INFO [2412/3739] 4f57ab9a-0f83-4239-8867-e0444e8e370b: cophenetic index 40176; 2.0 s; peak memory 691 MiB.
2026-10-05T09:35:03Z INFO [2413/3739] 4f582479-f338-49a0-92c0-a40d6b929bcf: cophenetic index 624; 1.0 s; peak memory 691 MiB.
2026-10-05T09:35:04Z INFO [2414/3739] 4f58f8c8-0443-45e8-851a-237ffd7ceac3: cophenetic index 605; 1.2 s; peak memory 691 MiB.
2026-10-05T09:35:05Z INFO [2415/3739] 4f59b445-ece0-408b-8874-d84503606212: cophenetic index 431; 0.9 s; peak memory 691 MiB.
2026-10-05T09:35:15Z INFO [2416/3739] 4f59ff7a-0a9c-48a4-9bce-4189d6715653: cophenetic index 611244; 10.5 s; peak memory 691 MiB.
2026-10-05T09:35:16Z INFO [2417/3739] 4f5aa431-09fd-4d80-8d10-8836779ea1f5: cophenetic index 624; 1.1 s; peak memory 691 MiB.
2026-10-05T09:35:18Z INFO [2418/3739] 4f5b536f-d896-425f-9289-6f8b5e52d677: cophenetic index 33986; 1.5 s; peak memory 691 MiB.
2026-10-05T09:35:20Z INFO [2419/3739] 4f5ba4ea-5895-4799-b520-793ce3d6b49b: cophenetic index 99150; 2.5 s; peak memory 691 MiB.
2026-10-05T09:35:22Z INFO [2420/3739] 4f5bfb94-7aca-4f1f-861b-089b892c1ace: cophenetic index 2974; 1.4 s; peak memory 691 MiB.
2026-10-05T09:35:23Z INFO [2421/3739] 4f5c1025-40ec-4926-a308-e9977fcba2e9: cophenetic index 2974; 1.4 s; peak memory 691 MiB.
2026-10-05T09:35:25Z INFO [2422/3739] 4f5c1593-bc4a-4aa0-ab18-7540bfa7488e: cophenetic index 2625; 1.8 s; peak memory 691 MiB.
2026-10-05T09:35:38Z INFO [2423/3739] 4f5c7bff-fac6-4031-be86-30b0bab8e06e: cophenetic index 348211; 13.5 s; peak memory 691 MiB.
2026-10-05T09:35:39Z INFO [2424/3739] 4f5c881e-a43f-456d-905f-088358584b9c: cophenetic index 624; 1.0 s; peak memory 691 MiB.
2026-10-05T09:35:42Z INFO [2425/3739] 4f5db8e8-7d03-4786-9ea9-655bfaf7ba81: cophenetic index 6490; 2.6 s; peak memory 691 MiB.
2026-10-05T09:35:59Z INFO [2426/3739] 4f5e2d13-72e6-4d06-a4a0-11df1fa83f31: cophenetic index 42708; 16.9 s; peak memory 691 MiB.
2026-10-05T09:36:00Z INFO [2427/3739] 4f5e7f5d-429b-4f9c-a157-c73b2b373b9b: cophenetic index 624; 1.0 s; peak memory 691 MiB.
2026-10-05T09:36:01Z INFO [2428/3739] 4f5f0719-f9d5-4f2a-8ce3-6dfd923958ea: cophenetic index 624; 1.0 s; peak memory 691 MiB.
2026-10-05T09:36:08Z INFO [2429/3739] 4f5f2041-ec1f-4347-8cc2-0f0553d6a970: cophenetic index 14699; 7.0 s; peak memory 691 MiB.
2026-10-05T09:36:09Z INFO [2430/3739] 4f5fea7b-5ffa-4ccb-84b4-d434019515a0: cophenetic index 651; 0.8 s; peak memory 691 MiB.
2026-10-05T09:36:10Z INFO [2431/3739] 4f607e55-0513-4079-b2b2-26fef6ccc7b7: cophenetic index 554; 1.4 s; peak memory 691 MiB.
2026-10-05T09:36:26Z INFO [2432/3739] 4f611cd9-85ce-4f71-95e5-096fdd697cfe: cophenetic index 71270; 16.2 s; peak memory 691 MiB.
2026-10-05T09:36:27Z INFO [2433/3739] 4f611e54-6ea2-4e03-a988-6acf68f238c3: cophenetic index 630; 1.2 s; peak memory 691 MiB.
2026-10-05T09:36:29Z INFO [2434/3739] 4f61d1a0-c0ad-46c5-b21c-739d9e3b5e45: cophenetic index 2974; 1.3 s; peak memory 691 MiB.
2026-10-05T09:36:30Z INFO [2435/3739] 4f622954-d6c2-4102-9761-5236ddfdc9b3: cophenetic index 3004; 1.2 s; peak memory 691 MiB.
2026-10-05T09:36:32Z INFO [2436/3739] 4f62f8a9-4928-47d6-9734-11a014cac027: cophenetic index 1949; 1.6 s; peak memory 691 MiB.
2026-10-05T09:36:33Z INFO [2437/3739] 4f638106-063e-43ef-9cbe-a2a56df79962: cophenetic index 624; 1.1 s; peak memory 691 MiB.
2026-10-05T09:36:34Z INFO [2438/3739] 4f63a4b5-09a9-4c9e-abd7-b633a67facc5: cophenetic index 581; 1.1 s; peak memory 691 MiB.
2026-10-05T09:36:38Z INFO [2439/3739] 4f63e8e9-4f64-4fd1-940c-2c3357b6b09e: cophenetic index 18286; 3.8 s; peak memory 691 MiB.
2026-10-05T09:36:39Z INFO [2440/3739] 4f65b986-f37a-46f9-9cf0-5301a5ae29c8: cophenetic index 33968; 1.4 s; peak memory 691 MiB.
2026-10-05T09:36:41Z INFO [2441/3739] 4f661787-3f6f-4454-b2e8-d03f25f317d2: cophenetic index 1196; 1.7 s; peak memory 691 MiB.
2026-10-05T09:36:42Z INFO [2442/3739] 4f66906d-aad6-4151-87b5-7af17691158a: cophenetic index 3087; 1.2 s; peak memory 691 MiB.
2026-10-05T09:36:43Z INFO [2443/3739] 4f670a12-734b-48de-a954-19ff1e5fd07c: cophenetic index 761; 0.9 s; peak memory 691 MiB.
2026-10-05T09:36:44Z INFO [2444/3739] 4f672e2f-8266-49b2-9b9b-b3a47dbca68a: cophenetic index 624; 0.9 s; peak memory 691 MiB.
2026-10-05T09:36:52Z INFO [2445/3739] 4f676a28-051f-4b58-93d8-bc0b7f08140f: cophenetic index 108013; 7.9 s; peak memory 691 MiB.
2026-10-05T09:36:54Z INFO [2446/3739] 4f67d1f9-d9a5-4adc-acad-5ead49d74374: cophenetic index 2469; 2.9 s; peak memory 691 MiB.
2026-10-05T09:36:56Z INFO [2447/3739] 4f67f033-4919-4aad-926f-94ee133ff49d: cophenetic index 3004; 1.3 s; peak memory 691 MiB.
2026-10-05T09:36:57Z INFO [2448/3739] 4f684b9c-ca09-43d8-bca3-7a28f02e1655: cophenetic index 2625; 1.6 s; peak memory 691 MiB.
2026-10-05T09:36:58Z INFO [2449/3739] 4f68a8c5-72e6-42fb-b94b-beea8faa6a3e: cophenetic index 497; 1.0 s; peak memory 691 MiB.
2026-10-05T09:37:00Z INFO [2450/3739] 4f68b5ea-fd54-465b-bfe3-c5bc1634c175: cophenetic index 949; 1.7 s; peak memory 691 MiB.
2026-10-05T09:37:00Z INFO [2450/3739] 4f68b5ea-fd54-465b-bfe3-c5bc1634c175: checkpointed 85175 records.
2026-10-05T09:37:09Z INFO [2451/3739] 4f693dab-75b7-451c-86e5-225a53f6e8e4: cophenetic index 47115; 9.2 s; peak memory 691 MiB.
2026-10-05T09:37:13Z INFO [2452/3739] 4f6a54b0-a2d9-4913-a1c9-52e4de2d286f: cophenetic index 4596; 3.8 s; peak memory 691 MiB.
2026-10-05T09:37:21Z INFO [2453/3739] 4f6a943a-8d3f-42ee-bf27-4d83937f3321: cophenetic index 126066; 7.6 s; peak memory 691 MiB.
2026-10-05T09:37:22Z INFO [2454/3739] 4f6b3102-8c8c-4414-bc89-5819c1006866: cophenetic index 745; 0.8 s; peak memory 691 MiB.
2026-10-05T09:37:23Z INFO [2455/3739] 4f6b4045-d71d-4335-874b-b560c13e1a38: cophenetic index 3215; 1.0 s; peak memory 691 MiB.
2026-10-05T09:37:25Z INFO [2456/3739] 4f6c9ff8-fa71-4b69-9402-3d634c99d10f: cophenetic index 33998; 2.1 s; peak memory 691 MiB.
2026-10-05T09:37:31Z INFO [2457/3739] 4f6d185a-c253-4e7b-941c-2bfdeef41516: cophenetic index 20345; 6.0 s; peak memory 691 MiB.
2026-10-05T09:37:32Z INFO [2458/3739] 4f6d7438-f01e-47cb-b560-6d6a7a24ca72: cophenetic index 3045; 1.7 s; peak memory 691 MiB.
2026-10-05T09:37:33Z INFO [2459/3739] 4f6f8499-a3ab-4fc1-86fe-f457eb9cadb9: cophenetic index 3004; 1.2 s; peak memory 691 MiB.
2026-10-05T09:37:35Z INFO [2460/3739] 4f701bcc-11af-4a65-8dc9-654c1e0d4e34: cophenetic index 624; 1.1 s; peak memory 691 MiB.
2026-10-05T09:37:41Z INFO [2461/3739] 4f70876c-3992-4723-a188-6bad8a1ba358: cophenetic index 33579; 6.7 s; peak memory 691 MiB.
2026-10-05T09:37:43Z INFO [2462/3739] 4f709fe8-8b45-4ef6-aa5b-50f050d2f236: cophenetic index 3004; 1.3 s; peak memory 691 MiB.
2026-10-05T09:37:44Z INFO [2463/3739] 4f717382-afe5-41de-af0f-a49dff59b017: cophenetic index 624; 1.1 s; peak memory 691 MiB.
2026-10-05T09:37:45Z INFO [2464/3739] 4f7198a3-9ffd-4174-b8e7-a9ed0001c8e8: cophenetic index 2625; 1.7 s; peak memory 691 MiB.
2026-10-05T09:37:47Z INFO [2465/3739] 4f729548-0b7e-43dc-8a4b-7d66f5041a84: cophenetic index 33998; 2.1 s; peak memory 691 MiB.
2026-10-05T09:37:49Z INFO [2466/3739] 4f7385c5-b603-4d28-b5dd-d6f9ec347645: cophenetic index 2625; 1.5 s; peak memory 691 MiB.
2026-10-05T09:37:54Z INFO [2467/3739] 4f73ae92-cdc7-4267-8130-f77cd131ad9e: cophenetic index 9548; 4.6 s; peak memory 691 MiB.
2026-10-05T09:37:55Z INFO [2468/3739] 4f73b21f-cc48-4100-bcf1-1a4bf3fa94b9: cophenetic index 99120; 1.8 s; peak memory 691 MiB.
2026-10-05T09:37:57Z INFO [2469/3739] 4f73c152-7439-4ccf-9ebd-326653b67531: cophenetic index 33818; 1.5 s; peak memory 691 MiB.
2026-10-05T09:37:58Z INFO [2470/3739] 4f73cb7b-d03a-4ebc-b297-46ba3877f193: cophenetic index 33998; 1.5 s; peak memory 691 MiB.
2026-10-05T09:38:02Z INFO [2471/3739] 4f73fd83-82d5-4879-9c24-39d86a01404e: cophenetic index 21995; 3.9 s; peak memory 691 MiB.
2026-10-05T09:38:03Z INFO [2472/3739] 4f7406a8-17a1-4406-9327-b23ee0634182: cophenetic index 579; 0.9 s; peak memory 691 MiB.
2026-10-05T09:38:43Z INFO [2473/3739] 4f7473e2-479e-4ed7-bbfb-6149c6211b62: cophenetic index 28022458; 39.7 s; peak memory 691 MiB.
2026-10-05T09:38:46Z INFO [2474/3739] 4f750fb0-1065-47a7-894a-2710489cb9d9: cophenetic index 2236; 3.0 s; peak memory 691 MiB.
2026-10-05T09:38:47Z INFO [2475/3739] 4f758511-9aea-4b51-b91a-de356ef0bbb9: cophenetic index 490; 1.0 s; peak memory 691 MiB.
2026-10-05T09:38:48Z INFO [2476/3739] 4f76379a-c5b5-4769-97c0-7b33c2fb961c: cophenetic index 2625; 1.3 s; peak memory 691 MiB.
2026-10-05T09:38:50Z INFO [2477/3739] 4f7665e0-ba09-41d5-ba82-4996787380d7: cophenetic index 3004; 1.4 s; peak memory 691 MiB.
2026-10-05T09:38:51Z INFO [2478/3739] 4f778f13-b64e-4fd0-9427-e1fdcdc3f398: cophenetic index 2974; 1.2 s; peak memory 691 MiB.
2026-10-05T09:38:52Z INFO [2479/3739] 4f77a906-4421-4aa9-a777-ae319540dbc6: cophenetic index 2923; 1.2 s; peak memory 691 MiB.
2026-10-05T09:38:54Z INFO [2480/3739] 4f77f598-fab1-4bf1-8851-a4a5e9c6b238: cophenetic index 33998; 1.6 s; peak memory 691 MiB.
2026-10-05T09:38:56Z INFO [2481/3739] 4f77faae-7f09-41ba-a9a6-993789e21247: cophenetic index 33998; 2.2 s; peak memory 691 MiB.
2026-10-05T09:38:57Z INFO [2482/3739] 4f7839c0-f970-446f-9b01-ec608d7080ae: cophenetic index 624; 1.0 s; peak memory 691 MiB.
2026-10-05T09:38:58Z INFO [2483/3739] 4f784bd7-a494-4915-b318-0b56d04d2026: cophenetic index 33986; 1.4 s; peak memory 691 MiB.
2026-10-05T09:39:00Z INFO [2484/3739] 4f7876ee-3c53-4aa2-94cd-207454f964f5: cophenetic index 37616; 1.9 s; peak memory 691 MiB.
2026-10-05T09:39:02Z INFO [2485/3739] 4f7936ac-8bd5-4197-b04c-baeaf73aaef4: cophenetic index 1148; 1.5 s; peak memory 691 MiB.
2026-10-05T09:39:03Z INFO [2486/3739] 4f7af6c3-99d5-4af9-88aa-f77f3a90460b: cophenetic index 23853; 1.8 s; peak memory 691 MiB.
2026-10-05T09:39:04Z INFO [2487/3739] 4f7afae1-d2b7-41bb-8d9d-4e659db48445: cophenetic index 624; 0.9 s; peak memory 691 MiB.
2026-10-05T09:39:06Z INFO [2488/3739] 4f7b1da0-2ba6-48fb-b4c5-999cb5c03347: cophenetic index 2570; 1.6 s; peak memory 691 MiB.
2026-10-05T09:39:07Z INFO [2489/3739] 4f7b3ec7-0a7f-449c-9740-78063d2e24c5: cophenetic index 649; 1.1 s; peak memory 691 MiB.
2026-10-05T09:39:08Z INFO [2490/3739] 4f7b5203-921b-446b-a10d-6d0d2b83061d: cophenetic index 1739; 1.4 s; peak memory 691 MiB.
2026-10-05T09:39:10Z INFO [2491/3739] 4f7b8605-b4f3-43ae-a57d-fdfa268aafeb: cophenetic index 1739; 1.3 s; peak memory 691 MiB.
2026-10-05T09:39:11Z INFO [2492/3739] 4f7bd14f-92ce-47b5-89b4-cfcf7f2013dc: cophenetic index 2625; 1.6 s; peak memory 691 MiB.
2026-10-05T09:39:13Z INFO [2493/3739] 4f7c1c96-1ec0-4ef7-82c7-e6d043f9f712: cophenetic index 2625; 1.6 s; peak memory 691 MiB.
2026-10-05T09:39:14Z INFO [2494/3739] 4f7ceb62-3d2b-4fcf-b354-228eea1353f0: cophenetic index 766; 1.3 s; peak memory 691 MiB.
2026-10-05T09:39:15Z INFO [2495/3739] 4f7e69c4-f72d-48ee-b3e1-5a34af0bd4f0: cophenetic index 624; 1.1 s; peak memory 691 MiB.
2026-10-05T09:39:16Z INFO [2496/3739] 4f7ecc40-75c1-4233-940f-91cb9526fc7c: cophenetic index 490; 1.0 s; peak memory 691 MiB.
2026-10-05T09:39:25Z INFO [2497/3739] 4f801e1b-347e-4ccc-baca-f84f6dacf6a7: cophenetic index 103308; 8.7 s; peak memory 691 MiB.
2026-10-05T09:39:26Z INFO [2498/3739] 4f8084a1-0cee-49d3-a2ff-df6dc715fe2b: cophenetic index 3004; 1.3 s; peak memory 691 MiB.
2026-10-05T09:39:27Z INFO [2499/3739] 4f80b7bd-3987-47d4-9e57-73f3e400fd42: cophenetic index 739; 0.8 s; peak memory 691 MiB.
2026-10-05T09:39:28Z INFO [2500/3739] 4f81a8a7-ff7f-41db-bb9a-0490559aac31: cophenetic index 624; 1.2 s; peak memory 691 MiB.
2026-10-05T09:39:28Z INFO [2500/3739] 4f81a8a7-ff7f-41db-bb9a-0490559aac31: checkpointed 85225 records.
2026-10-05T09:39:30Z INFO [2501/3739] 4f81bc41-0cda-424e-9e2e-900b3d801325: cophenetic index 99120; 1.9 s; peak memory 691 MiB.
2026-10-05T09:39:31Z INFO [2502/3739] 4f823acf-541a-432e-baa4-b7ea7c47ccc8: cophenetic index 579; 0.8 s; peak memory 691 MiB.
2026-10-05T09:39:32Z INFO [2503/3739] 4f827985-4e37-4417-9a5a-99c8082e08ab: cophenetic index 3215; 1.1 s; peak memory 691 MiB.
2026-10-05T09:39:33Z INFO [2504/3739] 4f8301c3-fccc-4a07-8825-5a1679887dbf: cophenetic index 579; 0.8 s; peak memory 691 MiB.
2026-10-05T09:39:34Z INFO [2505/3739] 4f831b63-cedd-4885-a15e-3752b18434c9: cophenetic index 490; 0.7 s; peak memory 691 MiB.
2026-10-05T09:39:35Z INFO [2506/3739] 4f83693e-1599-4c3f-9159-31b3c0eb5d11: cophenetic index 2625; 1.5 s; peak memory 691 MiB.
2026-10-05T09:39:37Z INFO [2507/3739] 4f83b54d-43db-4a53-8acd-837513c74c75: cophenetic index 662; 2.2 s; peak memory 691 MiB.
2026-10-05T09:39:38Z INFO [2508/3739] 4f84f99e-993c-48bf-b32a-850cc075cd13: cophenetic index 624; 1.0 s; peak memory 691 MiB.
2026-10-05T09:39:40Z INFO [2509/3739] 4f8509c9-1a26-4671-9ff4-d22b0bc75f64: cophenetic index 2570; 1.3 s; peak memory 691 MiB.
2026-10-05T09:39:46Z INFO [2510/3739] 4f856e36-b2f3-480b-893f-9e3866334487: cophenetic index 166508; 6.7 s; peak memory 691 MiB.
2026-10-05T09:40:10Z INFO [2511/3739] 4f856f66-a845-4634-83c7-d314f985a934: cophenetic index 23995866; 24.0 s; peak memory 691 MiB.
2026-10-05T09:40:11Z INFO [2512/3739] 4f858d9f-b0ce-47cc-b54f-582987bd29ea: cophenetic index 401; 0.8 s; peak memory 691 MiB.
2026-10-05T09:40:13Z INFO [2513/3739] 4f85cde4-c1df-4f27-b768-5285ca5dd5f7: cophenetic index 605; 1.5 s; peak memory 691 MiB.
2026-10-05T09:40:14Z INFO [2514/3739] 4f85fda2-b3c0-418c-a388-ed923b45418d: cophenetic index 3004; 1.4 s; peak memory 691 MiB.
2026-10-05T09:40:16Z INFO [2515/3739] 4f867301-77ca-4d53-a058-6d086751d814: cophenetic index 3045; 2.4 s; peak memory 691 MiB.
2026-10-05T09:40:18Z INFO [2516/3739] 4f868e3e-dd13-4f42-b06b-2f04ed225145: cophenetic index 3087; 1.3 s; peak memory 691 MiB.
2026-10-05T09:40:25Z INFO [2517/3739] 4f86ea33-0351-440f-9318-1962671fe8f0: cophenetic index 176861; 6.9 s; peak memory 691 MiB.
2026-10-05T09:40:26Z INFO [2518/3739] 4f86ffb1-2822-4651-bf86-dad8f3c7cea6: cophenetic index 3004; 1.3 s; peak memory 691 MiB.
2026-10-05T09:40:35Z INFO [2519/3739] 4f87f1d6-fb7d-4bb7-bff8-9facb3ba46eb: cophenetic index 169659; 9.6 s; peak memory 691 MiB.
2026-10-05T09:40:40Z INFO [2520/3739] 4f88d80d-af75-45be-8e04-7f7c1fcaa592: cophenetic index 6412; 4.2 s; peak memory 691 MiB.
2026-10-05T09:40:41Z INFO [2521/3739] 4f88fd52-9a6a-4a88-ae5e-4e42af62a6c6: cophenetic index 624; 1.1 s; peak memory 691 MiB.
2026-10-05T09:40:42Z INFO [2522/3739] 4f89f1b0-4a8d-49fb-a3af-7a5ca2ee822c: cophenetic index 490; 0.8 s; peak memory 691 MiB.
2026-10-05T09:40:43Z INFO [2523/3739] 4f89f277-4d31-495b-a803-dc1894dad20b: cophenetic index 23364; 1.3 s; peak memory 691 MiB.
2026-10-05T09:40:44Z INFO [2524/3739] 4f8af685-2029-4a4c-9338-f22603486145: cophenetic index 3004; 1.1 s; peak memory 691 MiB.
2026-10-05T09:40:45Z INFO [2525/3739] 4f8b8f6b-80f4-484c-9d9b-2bb2fd987824: cophenetic index 512; 1.2 s; peak memory 691 MiB.
2026-10-05T09:40:46Z INFO [2526/3739] 4f8ba2db-231b-42a7-b56a-54cbf45e7eec: cophenetic index 508; 1.0 s; peak memory 691 MiB.
2026-10-05T09:40:47Z INFO [2527/3739] 4f8bdb54-5bac-416a-bf55-49c1db07befb: cophenetic index 3004; 1.4 s; peak memory 691 MiB.
2026-10-05T09:40:49Z INFO [2528/3739] 4f8d15c6-8cdb-43ae-98a7-829721a68222: cophenetic index 1271; 1.1 s; peak memory 691 MiB.
2026-10-05T09:40:56Z INFO [2529/3739] 4f8d1f19-7387-49e7-82b5-23de61b3783a: cophenetic index 137207; 7.2 s; peak memory 691 MiB.
2026-10-05T09:41:05Z INFO [2530/3739] 4f8eb4c4-07e3-43f6-89ff-a5cb7fa6fa34: cophenetic index 121891; 8.7 s; peak memory 691 MiB.
2026-10-05T09:41:06Z INFO [2531/3739] 4f8ec017-11f9-48cf-a523-f328557db6d9: cophenetic index 3087; 1.2 s; peak memory 691 MiB.
2026-10-05T09:41:07Z INFO [2532/3739] 4f8f2e0a-39f2-4c03-b7fc-16d656ca75f0: cophenetic index 3004; 1.4 s; peak memory 691 MiB.
2026-10-05T09:41:09Z INFO [2533/3739] 4f8f59fa-6c4f-483f-b5a1-9b820b1894b3: cophenetic index 2625; 1.6 s; peak memory 691 MiB.
2026-10-05T09:41:10Z INFO [2534/3739] 4f8f5df6-dd2e-4449-9de7-dff6880504cd: cophenetic index 2625; 1.7 s; peak memory 691 MiB.
2026-10-05T09:41:12Z INFO [2535/3739] 4f8fbc83-5ebf-49ab-b9e2-4dddc98493ec: cophenetic index 22905; 1.5 s; peak memory 691 MiB.
2026-10-05T09:41:13Z INFO [2536/3739] 4f900b7e-02f8-4b09-b41c-3fbc705709b2: cophenetic index 431; 1.1 s; peak memory 691 MiB.
2026-10-05T09:41:14Z INFO [2537/3739] 4f902566-521f-4fc3-ba81-aca505d168c3: cophenetic index 624; 0.9 s; peak memory 691 MiB.
2026-10-05T09:41:21Z INFO [2538/3739] 4f90469d-ea32-4357-a75a-b67ac1407a89: cophenetic index 87339; 7.0 s; peak memory 691 MiB.
2026-10-05T09:41:22Z INFO [2539/3739] 4f909960-aa81-4c90-923c-50e7e0a28bfc: cophenetic index 624; 1.1 s; peak memory 691 MiB.
2026-10-05T09:41:23Z INFO [2540/3739] 4f90a286-ae1a-40e3-b8a8-7edba46341d1: cophenetic index 490; 1.0 s; peak memory 691 MiB.
2026-10-05T09:41:26Z INFO [2541/3739] 4f90e0b3-8fa4-4fb4-8b4c-483d6d4defa8: cophenetic index 5473; 3.1 s; peak memory 691 MiB.
2026-10-05T09:41:27Z INFO [2542/3739] 4f9248c5-0be5-4d1d-b455-b25ad31dff89: cophenetic index 490; 0.8 s; peak memory 691 MiB.
2026-10-05T09:41:28Z INFO [2543/3739] 4f925a77-e2c4-4aa0-a19c-a065d225a170: cophenetic index 643; 0.8 s; peak memory 691 MiB.
2026-10-05T09:41:29Z INFO [2544/3739] 4f92d0f5-a2c7-4da2-b739-9e5ec2c94615: cophenetic index 1087; 1.4 s; peak memory 691 MiB.
2026-10-05T09:41:30Z INFO [2545/3739] 4f9342fa-f80a-4581-96a7-5e365c0e50f4: cophenetic index 624; 0.9 s; peak memory 691 MiB.
2026-10-05T09:41:31Z INFO [2546/3739] 4f93512a-0722-4a07-9824-2eb190ef3a49: cophenetic index 1781; 1.2 s; peak memory 691 MiB.
2026-10-05T09:41:32Z INFO [2547/3739] 4f945e1e-b2e0-4f6a-b1f2-187aac506995: cophenetic index 3087; 1.3 s; peak memory 691 MiB.
2026-10-05T09:41:34Z INFO [2548/3739] 4f9463e9-be94-4623-be7e-415af55b52b1: cophenetic index 3087; 1.3 s; peak memory 691 MiB.
2026-10-05T09:41:35Z INFO [2549/3739] 4f949766-6f85-41cf-96fe-60cc3505dd73: cophenetic index 649; 1.2 s; peak memory 691 MiB.
2026-10-05T09:41:36Z INFO [2550/3739] 4f94cf9f-fb22-4906-836e-b909e650b65e: cophenetic index 560; 0.9 s; peak memory 691 MiB.
2026-10-05T09:41:36Z INFO [2550/3739] 4f94cf9f-fb22-4906-836e-b909e650b65e: checkpointed 85275 records.
2026-10-05T09:41:37Z INFO [2551/3739] 4f953aad-b7ac-4b8e-bb25-5197bb01d02b: cophenetic index 2625; 1.6 s; peak memory 691 MiB.
2026-10-05T09:41:39Z INFO [2552/3739] 4f957a4d-345c-4fca-9273-3de9038b0085: cophenetic index 2974; 1.3 s; peak memory 691 MiB.
2026-10-05T09:41:46Z INFO [2553/3739] 4f9610ad-83ed-4516-a2ee-96e30146d606: cophenetic index 127713; 7.6 s; peak memory 691 MiB.
2026-10-05T09:41:53Z INFO [2554/3739] 4f963793-7eb1-47ea-a1b2-98d1698e36bd: cophenetic index 64959; 7.1 s; peak memory 691 MiB.
2026-10-05T09:42:01Z INFO [2555/3739] 4f96595c-9714-4b09-b2df-fc7e3288ea12: cophenetic index 34380; 7.7 s; peak memory 691 MiB.
2026-10-05T09:42:02Z INFO [2556/3739] 4f96a8a7-edc0-419b-9118-f012dc1ebe97: cophenetic index 624; 1.0 s; peak memory 691 MiB.
2026-10-05T09:42:04Z INFO [2557/3739] 4f97199f-fbbe-42d6-ae4f-e74e3058fed8: cophenetic index 99120; 1.6 s; peak memory 691 MiB.
2026-10-05T09:42:05Z INFO [2558/3739] 4f972c01-0743-49a1-a35c-de633f89f8ae: cophenetic index 33986; 1.6 s; peak memory 691 MiB.
2026-10-05T09:42:07Z INFO [2559/3739] 4f973840-d4d4-4980-b686-1964814c4192: cophenetic index 3004; 1.2 s; peak memory 691 MiB.
2026-10-05T09:42:07Z INFO [2560/3739] 4f97f3b1-ed3b-4e6e-9ba3-d9b0024a039b: cophenetic index 624; 0.9 s; peak memory 691 MiB.
2026-10-05T09:42:09Z INFO [2561/3739] 4f985ec9-ce06-4d48-a378-d193cd931d51: cophenetic index 3004; 1.3 s; peak memory 691 MiB.
2026-10-05T09:42:10Z INFO [2562/3739] 4f992467-3f22-43c8-bec9-18f04938e74d: cophenetic index 624; 0.9 s; peak memory 691 MiB.
2026-10-05T09:42:16Z INFO [2563/3739] 4f9977aa-0f40-43e2-b724-c4cf56658f00: cophenetic index 13178; 6.4 s; peak memory 691 MiB.
2026-10-05T09:42:17Z INFO [2564/3739] 4f999059-a179-4259-9a47-4b433a27a311: cophenetic index 624; 1.0 s; peak memory 691 MiB.
2026-10-05T09:42:18Z INFO [2565/3739] 4f99a5ef-7cee-4c54-a6c5-e6339abfeaa1: cophenetic index 624; 1.0 s; peak memory 691 MiB.
2026-10-05T09:42:19Z INFO [2566/3739] 4f99e604-3e61-4d87-8ff3-10817d17fcd9: cophenetic index 3004; 1.1 s; peak memory 691 MiB.
2026-10-05T09:42:21Z INFO [2567/3739] 4f99f22c-212c-4e12-9d08-3dd51136c42d: cophenetic index 1751; 1.6 s; peak memory 691 MiB.
2026-10-05T09:42:22Z INFO [2568/3739] 4f9a4db7-3bfe-4a98-a4f2-078a13799c3d: cophenetic index 3087; 1.1 s; peak memory 691 MiB.
2026-10-05T09:42:27Z INFO [2569/3739] 4f9af846-ae11-4878-9865-0cf8ff44f6e1: cophenetic index 16772; 5.3 s; peak memory 691 MiB.
2026-10-05T09:42:30Z INFO [2570/3739] 4f9b96e8-cfbd-4fa1-b7a8-c708d609b8b0: cophenetic index 33998; 2.3 s; peak memory 691 MiB.
2026-10-05T09:42:37Z INFO [2571/3739] 4f9beede-98cd-4462-b642-ee35e2276ad2: cophenetic index 72107; 7.8 s; peak memory 691 MiB.
2026-10-05T09:42:39Z INFO [2572/3739] 4f9cb6e3-1238-424f-a7d5-38624b64ff4b: cophenetic index 23818; 1.5 s; peak memory 691 MiB.
2026-10-05T09:42:40Z INFO [2573/3739] 4f9cbc69-ac9b-456b-aaa6-ecb7954be2ce: cophenetic index 3004; 1.3 s; peak memory 691 MiB.
2026-10-05T09:42:41Z INFO [2574/3739] 4f9cf028-038b-4b46-a340-1a36ae2d7adf: cophenetic index 624; 1.0 s; peak memory 691 MiB.
2026-10-05T09:42:43Z INFO [2575/3739] 4f9f44aa-a833-42ae-802a-2f966daf683b: cophenetic index 23379; 1.3 s; peak memory 691 MiB.
2026-10-05T09:42:44Z INFO [2576/3739] 4fa16c0d-ed5e-4dab-a402-fa4aa2965fbf: cophenetic index 431; 1.1 s; peak memory 691 MiB.
2026-10-05T09:42:45Z INFO [2577/3739] 4fa21ec2-6b36-439e-b17a-11e27902463b: cophenetic index 624; 1.0 s; peak memory 691 MiB.
2026-10-05T09:42:46Z INFO [2578/3739] 4fa231c8-6d24-4f1c-967a-b453d5c89444: cophenetic index 3087; 1.2 s; peak memory 691 MiB.
2026-10-05T09:42:47Z INFO [2579/3739] 4fa33aa8-99f6-498f-aa2c-5746d8ef32e6: cophenetic index 1949; 1.3 s; peak memory 691 MiB.
2026-10-05T09:42:49Z INFO [2580/3739] 4fa35585-c34c-45e3-98f5-39ecc05006b1: cophenetic index 2974; 1.4 s; peak memory 691 MiB.
2026-10-05T09:42:50Z INFO [2581/3739] 4fa40fa6-434f-4526-8c4d-0f945b159d63: cophenetic index 2625; 1.7 s; peak memory 691 MiB.
2026-10-05T09:42:58Z INFO [2582/3739] 4fa427dd-9ce0-4f43-a7c8-d421ad96f6c2: cophenetic index 14478; 7.4 s; peak memory 691 MiB.
2026-10-05T09:43:07Z INFO [2583/3739] 4fa435f0-d4ba-42b5-a93c-be178625b072: cophenetic index 21815; 9.9 s; peak memory 691 MiB.
2026-10-05T09:43:09Z INFO [2584/3739] 4fa482c0-9f5e-458b-98c0-deb65069a3ec: cophenetic index 624; 1.1 s; peak memory 691 MiB.
2026-10-05T09:43:10Z INFO [2585/3739] 4fa54d21-2a36-4805-adf7-62f43bdd7597: cophenetic index 3004; 1.2 s; peak memory 691 MiB.
2026-10-05T09:43:11Z INFO [2586/3739] 4fa595ac-49bf-47b6-bca2-5d20ad8621fe: cophenetic index 543; 0.9 s; peak memory 691 MiB.
2026-10-05T09:43:12Z INFO [2587/3739] 4fa5d2eb-95dd-478f-a3fa-bdb4c02d4d80: cophenetic index 810; 1.4 s; peak memory 691 MiB.
2026-10-05T09:43:13Z INFO [2588/3739] 4fa65c96-46b3-4897-873d-4d487990d509: cophenetic index 3004; 1.2 s; peak memory 691 MiB.
2026-10-05T09:43:15Z INFO [2589/3739] 4fa68fe0-5996-4b21-9d14-66fbcdf5c996: cophenetic index 2625; 1.5 s; peak memory 691 MiB.
2026-10-05T09:43:16Z INFO [2590/3739] 4fa7bbcc-30c7-4464-941a-ee19fff2165c: cophenetic index 3004; 1.2 s; peak memory 691 MiB.
2026-10-05T09:43:17Z INFO [2591/3739] 4faaa15d-4531-451d-ae88-73c6dfcebeb4: cophenetic index 3057; 1.3 s; peak memory 691 MiB.
2026-10-05T09:43:19Z INFO [2592/3739] 4fab9566-4ac9-41ad-8a80-af2cfef7cdc0: cophenetic index 2625; 1.5 s; peak memory 691 MiB.
2026-10-05T09:43:20Z INFO [2593/3739] 4fac168e-a2b3-480b-8b44-bea8899b6391: cophenetic index 1602; 1.1 s; peak memory 691 MiB.
2026-10-05T09:43:21Z INFO [2594/3739] 4fac9754-96fc-4951-a6ca-6c114dfeda50: cophenetic index 33962; 1.6 s; peak memory 691 MiB.
2026-10-05T09:43:27Z INFO [2595/3739] 4facf7f0-4d5f-43cb-adb1-7435d46373cb: cophenetic index 5466; 5.5 s; peak memory 691 MiB.
2026-10-05T09:43:28Z INFO [2596/3739] 4faefb67-35c0-4aec-806a-076b790f67b1: cophenetic index 624; 1.1 s; peak memory 691 MiB.
2026-10-05T09:43:30Z INFO [2597/3739] 4fb029f5-0568-464c-9063-ecbf103730e7: cophenetic index 2570; 1.7 s; peak memory 691 MiB.
2026-10-05T09:43:43Z INFO [2598/3739] 4fb06ab9-0076-46cc-b220-8e32dac24969: cophenetic index 407344; 13.6 s; peak memory 691 MiB.
2026-10-05T09:43:44Z INFO [2599/3739] 4fb0d43f-621d-4860-8e4e-ccbf7faf2e5e: cophenetic index 624; 1.0 s; peak memory 691 MiB.
2026-10-05T09:43:46Z INFO [2600/3739] 4fb0dca2-03e6-4f3f-a1a0-de9412171026: cophenetic index 490; 1.2 s; peak memory 691 MiB.
2026-10-05T09:43:46Z INFO [2600/3739] 4fb0dca2-03e6-4f3f-a1a0-de9412171026: checkpointed 85325 records.
2026-10-05T09:43:47Z INFO [2601/3739] 4fb11b07-fd5a-4a6c-be71-b4a93326e693: cophenetic index 590; 1.1 s; peak memory 691 MiB.
2026-10-05T09:43:48Z INFO [2602/3739] 4fb39014-6279-474d-bbf0-45b68989d082: cophenetic index 3087; 1.3 s; peak memory 691 MiB.
2026-10-05T09:43:59Z INFO [2603/3739] 4fb3a54e-cd4f-4e8f-ab22-4649988ae499: cophenetic index 222391; 10.7 s; peak memory 691 MiB.
2026-10-05T09:44:00Z INFO [2604/3739] 4fb3dcdd-7eae-495e-8d27-1ba162d11463: cophenetic index 2625; 1.7 s; peak memory 691 MiB.
2026-10-05T09:44:02Z INFO [2605/3739] 4fb43026-cf72-4571-a693-48c11911c9ab: cophenetic index 2625; 1.7 s; peak memory 691 MiB.
2026-10-05T09:44:09Z INFO [2606/3739] 4fb45abb-a6a1-42e0-9917-f36c67cf8929: cophenetic index 141964; 6.5 s; peak memory 691 MiB.
2026-10-05T09:44:10Z INFO [2607/3739] 4fb5cc94-c4da-443f-bc3a-a6f09d6ba707: cophenetic index 1087; 1.5 s; peak memory 691 MiB.
2026-10-05T09:44:17Z INFO [2608/3739] 4fb60d53-bc0b-4626-a087-733fa9f101a5: cophenetic index 14296; 7.3 s; peak memory 691 MiB.
2026-10-05T09:44:22Z INFO [2609/3739] 4fb633b2-1cc9-4161-b699-d98d2aa0150a: cophenetic index 24120; 4.3 s; peak memory 691 MiB.
2026-10-05T09:44:23Z INFO [2610/3739] 4fb69600-35e5-44bd-84c9-dfa6bb9cbd7e: cophenetic index 2570; 1.2 s; peak memory 691 MiB.
2026-10-05T09:44:24Z INFO [2611/3739] 4fb71740-3ac2-460c-adf4-8a01080dfadc: cophenetic index 2974; 1.1 s; peak memory 691 MiB.
2026-10-05T09:44:31Z INFO [2612/3739] 4fb727fa-c6fb-4aef-9751-c6b1a7f8e672: cophenetic index 79180; 6.6 s; peak memory 691 MiB.
2026-10-05T09:44:32Z INFO [2613/3739] 4fb7392f-d6c6-4d3c-94c7-c20bffbdd735: cophenetic index 584; 1.8 s; peak memory 691 MiB.
2026-10-05T09:44:48Z INFO [2614/3739] 4fb751ba-3363-49c6-a1d2-fe09172c3c1c: cophenetic index 7013218; 15.4 s; peak memory 691 MiB.
2026-10-05T09:44:49Z INFO [2615/3739] 4fb7d5e5-fcf9-465b-8d9a-f5d4dd3993f0: cophenetic index 494; 0.9 s; peak memory 691 MiB.
2026-10-05T09:44:50Z INFO [2616/3739] 4fb7face-b9d0-4e3c-8776-4bb89dafcc08: cophenetic index 23511; 1.3 s; peak memory 691 MiB.
2026-10-05T09:44:52Z INFO [2617/3739] 4fb8191a-a2c3-4481-b053-b8051c800d1e: cophenetic index 26986; 1.4 s; peak memory 691 MiB.
2026-10-05T09:44:52Z INFO [2618/3739] 4fb9ee6b-32ea-4c14-bdf1-667b5e2fe1ad: cophenetic index 624; 1.0 s; peak memory 691 MiB.
2026-10-05T09:44:54Z INFO [2619/3739] 4fbb35ac-b64e-410b-97d5-e0b7f6662d5c: cophenetic index 3004; 1.2 s; peak memory 691 MiB.
2026-10-05T09:44:55Z INFO [2620/3739] 4fbb81e1-39fd-4a0c-b905-918c3b10445b: cophenetic index 441; 1.1 s; peak memory 691 MiB.
2026-10-05T09:45:03Z INFO [2621/3739] 4fbbaa7b-d7b5-464b-b46e-1c945b45e797: cophenetic index 146891; 8.3 s; peak memory 691 MiB.
2026-10-05T09:45:04Z INFO [2622/3739] 4fbbaca7-ec35-40b6-ab8f-770fe7da9898: cophenetic index 624; 0.9 s; peak memory 691 MiB.
2026-10-05T09:45:05Z INFO [2623/3739] 4fbc3894-47c7-428b-8113-7f3e35cf8a98: cophenetic index 3087; 1.2 s; peak memory 691 MiB.
2026-10-05T09:45:06Z INFO [2624/3739] 4fbc5d76-5625-486e-a3ce-3f72677cc6c4: cophenetic index 3004; 1.3 s; peak memory 691 MiB.
2026-10-05T09:45:07Z INFO [2625/3739] 4fbc6fd4-910a-45ef-9849-fcf2c6dc514d: cophenetic index 624; 1.0 s; peak memory 691 MiB.
2026-10-05T09:45:08Z INFO [2626/3739] 4fbcea81-b910-48b5-8826-d299bec283ce: cophenetic index 624; 1.0 s; peak memory 691 MiB.
2026-10-05T09:45:10Z INFO [2627/3739] 4fbd0f24-f3ed-4942-85e5-e08644dcc5f1: cophenetic index 3004; 1.3 s; peak memory 691 MiB.
2026-10-05T09:45:11Z INFO [2628/3739] 4fbdf575-8110-4d2f-a12c-3dbf151fff5d: cophenetic index 554; 1.3 s; peak memory 691 MiB.
2026-10-05T09:45:18Z INFO [2629/3739] 4fbe4300-a684-438e-b5a5-f820c1adc8d4: cophenetic index 94644; 6.6 s; peak memory 691 MiB.
2026-10-05T09:45:20Z INFO [2630/3739] 4fbe6a61-9045-480a-9f6b-17fa22f9031e: cophenetic index 2625; 1.9 s; peak memory 691 MiB.
2026-10-05T09:45:21Z INFO [2631/3739] 4fbec369-c197-478f-9530-88b336bef7f2: cophenetic index 477; 1.4 s; peak memory 691 MiB.
2026-10-05T09:45:23Z INFO [2632/3739] 4fbee75f-e358-47e8-b7f6-39a22950d36d: cophenetic index 1130; 1.8 s; peak memory 691 MiB.
2026-10-05T09:45:25Z INFO [2633/3739] 4fc028f3-7864-4d06-af95-c6a80a6a88dd: cophenetic index 1475; 1.9 s; peak memory 691 MiB.
2026-10-05T09:45:25Z INFO [2634/3739] 4fc09a16-7986-49b7-9bf8-0f931d42df3d: cophenetic index 490; 0.7 s; peak memory 691 MiB.
2026-10-05T09:45:27Z INFO [2635/3739] 4fc1482c-ac5e-4b86-94db-8c848953af57: cophenetic index 2625; 1.5 s; peak memory 691 MiB.
2026-10-05T09:45:28Z INFO [2636/3739] 4fc20172-215d-4020-ad99-a1102d8b592d: cophenetic index 1570; 1.5 s; peak memory 691 MiB.
2026-10-05T09:45:29Z INFO [2637/3739] 4fc2a7ab-a0e0-49ee-b35e-b05f0a8b557b: cophenetic index 497; 1.1 s; peak memory 691 MiB.
2026-10-05T09:45:31Z INFO [2638/3739] 4fc2e427-54db-4af6-b667-ff03276176d7: cophenetic index 33986; 1.6 s; peak memory 691 MiB.
2026-10-05T09:45:32Z INFO [2639/3739] 4fc30810-4769-4cb7-874e-c667c4b60feb: cophenetic index 24106; 1.3 s; peak memory 691 MiB.
2026-10-05T09:45:33Z INFO [2640/3739] 4fc3d78a-ddfb-47d0-9246-6d9e8a438ad9: cophenetic index 1010; 1.0 s; peak memory 691 MiB.
2026-10-05T09:45:34Z INFO [2641/3739] 4fc45719-f75c-4dfa-80c2-3ed8ebe524b8: cophenetic index 624; 1.1 s; peak memory 691 MiB.
2026-10-05T09:45:36Z INFO [2642/3739] 4fc597be-6ab5-4608-870f-ca731b9f1d28: cophenetic index 1087; 1.4 s; peak memory 691 MiB.
2026-10-05T09:45:37Z INFO [2643/3739] 4fc5d4f2-8f18-4973-a513-3cf3490dcacd: cophenetic index 624; 0.9 s; peak memory 691 MiB.
2026-10-05T09:45:38Z INFO [2644/3739] 4fc5dad3-8fe3-4a33-9c96-2eeee9688097: cophenetic index 722; 1.3 s; peak memory 691 MiB.
2026-10-05T09:45:39Z INFO [2645/3739] 4fc5f01c-f5a0-42bd-8943-a1bf47473c96: cophenetic index 494; 1.0 s; peak memory 691 MiB.
2026-10-05T09:45:40Z INFO [2646/3739] 4fc666bd-5c3b-4f6c-a0f2-4e3f7eabc28f: cophenetic index 729; 0.8 s; peak memory 691 MiB.
2026-10-05T09:45:41Z INFO [2647/3739] 4fc6949f-3dc8-4d9a-8abe-cc91a0f44fe5: cophenetic index 535; 1.0 s; peak memory 691 MiB.
2026-10-05T09:45:42Z INFO [2648/3739] 4fc6c785-7a50-4346-b736-f97f385fbf82: cophenetic index 1047; 1.6 s; peak memory 691 MiB.
2026-10-05T09:45:43Z INFO [2649/3739] 4fc780dc-ba48-45f5-8cf9-07ccafecc8fe: cophenetic index 579; 0.8 s; peak memory 691 MiB.
2026-10-05T09:45:44Z INFO [2650/3739] 4fc7f82a-3050-427f-aa32-9f8c35f18c30: cophenetic index 490; 0.8 s; peak memory 691 MiB.
2026-10-05T09:45:44Z INFO [2650/3739] 4fc7f82a-3050-427f-aa32-9f8c35f18c30: checkpointed 85375 records.
2026-10-05T09:45:45Z INFO [2651/3739] 4fc823f2-6152-4e5a-9459-bd4dd049b696: cophenetic index 3087; 1.3 s; peak memory 691 MiB.
2026-10-05T09:45:48Z INFO [2652/3739] 4fc917c6-2700-41c5-81d1-be3af1fb770d: cophenetic index 1641; 2.2 s; peak memory 691 MiB.
2026-10-05T09:45:51Z INFO [2653/3739] 4fc92b61-0822-4e87-8ea2-5a79542aa9d9: cophenetic index 5473; 3.0 s; peak memory 691 MiB.
2026-10-05T09:45:52Z INFO [2654/3739] 4fc9831b-79e3-44d0-a63a-e3ef88da97c7: cophenetic index 33962; 1.5 s; peak memory 691 MiB.
2026-10-05T09:45:54Z INFO [2655/3739] 4fc99513-3790-46ac-90e6-5bf33ed0b572: cophenetic index 99120; 1.7 s; peak memory 691 MiB.
2026-10-05T09:45:57Z INFO [2656/3739] 4fc9b946-5e40-46a4-8449-8d27e90e0c78: cophenetic index 2402; 2.7 s; peak memory 691 MiB.
2026-10-05T09:46:00Z INFO [2657/3739] 4fca1e6b-152e-49cd-85de-2fb456cf95b4: cophenetic index 2402; 3.0 s; peak memory 691 MiB.
2026-10-05T09:46:01Z INFO [2658/3739] 4fcac843-cd0b-4619-bc8c-badf4d79480d: cophenetic index 624; 1.0 s; peak memory 691 MiB.
2026-10-05T09:46:02Z INFO [2659/3739] 4fcb4f32-3e3d-42f8-94d9-96c02416de99: cophenetic index 649; 1.2 s; peak memory 691 MiB.
2026-10-05T09:46:03Z INFO [2660/3739] 4fcb7668-8417-4a48-b13b-727982a44ba3: cophenetic index 624; 0.9 s; peak memory 691 MiB.
2026-10-05T09:46:04Z INFO [2661/3739] 4fcbd1d5-8842-4b70-b195-7596778a6965: cophenetic index 624; 1.0 s; peak memory 691 MiB.
2026-10-05T09:46:05Z INFO [2662/3739] 4fccd6f3-77a2-495f-b0ee-ca10b7f3c6ca: cophenetic index 907; 1.0 s; peak memory 691 MiB.
2026-10-05T09:46:06Z INFO [2663/3739] 4fcd35c0-56d1-4401-8b33-b9230b750ddb: cophenetic index 2625; 1.9 s; peak memory 691 MiB.
2026-10-05T09:46:08Z INFO [2664/3739] 4fcd8062-1848-4624-a790-dc4f0d7c1bef: cophenetic index 3004; 1.1 s; peak memory 691 MiB.
2026-10-05T09:46:09Z INFO [2665/3739] 4fcd8cd3-dc2e-487e-bf84-b869b354ee96: cophenetic index 624; 1.0 s; peak memory 691 MiB.
2026-10-05T09:46:11Z INFO [2666/3739] 4fceabb4-0cf9-4097-b865-8246ff779e12: cophenetic index 33998; 1.9 s; peak memory 691 MiB.
2026-10-05T09:46:16Z INFO [2667/3739] 4fcf2d80-56af-4c0f-83ad-6cc0ba495e74: cophenetic index 46397; 5.1 s; peak memory 691 MiB.
2026-10-05T09:46:17Z INFO [2668/3739] 4fcf366f-acba-4f5f-b8ad-26a336454c99: cophenetic index 624; 1.0 s; peak memory 691 MiB.
2026-10-05T09:46:20Z INFO [2669/3739] 4fcf834f-4ea1-4788-a84b-1594ab63aa6b: cophenetic index 19043; 3.6 s; peak memory 691 MiB.
2026-10-05T09:46:21Z INFO [2670/3739] 4fd0dfe0-d238-46ec-b51e-96639bbc6254: cophenetic index 729; 0.8 s; peak memory 691 MiB.
2026-10-05T09:46:23Z INFO [2671/3739] 4fd0fce9-4888-4208-9239-e8289c5ef54c: cophenetic index 2570; 1.4 s; peak memory 691 MiB.
2026-10-05T09:46:24Z INFO [2672/3739] 4fd182f4-5448-4496-a797-3d18c99c08aa: cophenetic index 624; 1.1 s; peak memory 691 MiB.
2026-10-05T09:46:25Z INFO [2673/3739] 4fd1a10d-4f00-4acd-8385-a85f06b182fb: cophenetic index 624; 0.9 s; peak memory 691 MiB.
2026-10-05T09:46:28Z INFO [2674/3739] 4fd1c47f-277d-497c-acf2-cb832a246ff2: cophenetic index 5473; 3.2 s; peak memory 691 MiB.
2026-10-05T09:46:35Z INFO [2675/3739] 4fd24617-3815-48d8-9425-86a6277d2651: cophenetic index 20638; 6.9 s; peak memory 691 MiB.
2026-10-05T09:46:37Z INFO [2676/3739] 4fd2881a-64b4-4761-a308-3dde08814c54: cophenetic index 2573; 2.3 s; peak memory 691 MiB.
2026-10-05T09:46:39Z INFO [2677/3739] 4fd339e4-51ef-430c-8447-a19ad78bb962: cophenetic index 30304; 1.5 s; peak memory 691 MiB.
2026-10-05T09:46:40Z INFO [2678/3739] 4fd3ef9a-0f99-456e-997d-927c2ae10125: cophenetic index 2625; 1.6 s; peak memory 691 MiB.
2026-10-05T09:46:42Z INFO [2679/3739] 4fd4e789-4e37-4a09-9af3-54056b272fb2: cophenetic index 2625; 1.4 s; peak memory 691 MiB.
2026-10-05T09:46:48Z INFO [2680/3739] 4fd56071-7eb4-4682-8e25-4eba30402960: cophenetic index 14389; 6.7 s; peak memory 691 MiB.
2026-10-05T09:46:50Z INFO [2681/3739] 4fd69b08-ab43-410d-b620-010da61971c4: cophenetic index 33962; 1.4 s; peak memory 691 MiB.
2026-10-05T09:46:52Z INFO [2682/3739] 4fd6b111-31f5-45ad-b3f5-6094536474a1: cophenetic index 2469; 2.8 s; peak memory 691 MiB.
2026-10-05T09:47:02Z INFO [2683/3739] 4fd7ed2f-2565-4630-a147-92227ad92793: cophenetic index 191993; 9.2 s; peak memory 691 MiB.
2026-10-05T09:47:03Z INFO [2684/3739] 4fd80bae-7431-490f-bad5-63a65d1eb48f: cophenetic index 3087; 1.3 s; peak memory 691 MiB.
2026-10-05T09:47:04Z INFO [2685/3739] 4fd890db-3a81-483d-becf-bd8a7d46ca03: cophenetic index 729; 0.8 s; peak memory 691 MiB.
2026-10-05T09:47:06Z INFO [2686/3739] 4fd951e0-609e-4217-bde0-a1c3deabe3c1: cophenetic index 99150; 2.2 s; peak memory 691 MiB.
2026-10-05T09:47:07Z INFO [2687/3739] 4fd9a635-94c4-441b-9c4d-cf0037d9b909: cophenetic index 486; 1.0 s; peak memory 691 MiB.
2026-10-05T09:47:08Z INFO [2688/3739] 4fd9e085-0680-4503-9b20-90b4cff9aa00: cophenetic index 907; 0.9 s; peak memory 691 MiB.
2026-10-05T09:47:10Z INFO [2689/3739] 4fd9ebe5-c3c0-4d1c-9410-ce90222ce37c: cophenetic index 33968; 1.5 s; peak memory 691 MiB.
2026-10-05T09:47:11Z INFO [2690/3739] 4fda31bb-cdc8-4297-ae95-5bd3dd00c833: cophenetic index 1975; 1.7 s; peak memory 691 MiB.
2026-10-05T09:47:13Z INFO [2691/3739] 4fda8725-dc6f-4c49-959d-663ab2b2a324: cophenetic index 1680; 1.8 s; peak memory 691 MiB.
2026-10-05T09:47:14Z INFO [2692/3739] 4fdac84d-12cf-456e-a4dc-0a0c311565a4: cophenetic index 624; 0.9 s; peak memory 691 MiB.
2026-10-05T09:47:21Z INFO [2693/3739] 4fdae64a-8471-4631-bc5a-1ec37b58cfe0: cophenetic index 139479; 7.5 s; peak memory 691 MiB.
2026-10-05T09:47:23Z INFO [2694/3739] 4fdb322f-6422-45dc-9d0c-d2860270c522: cophenetic index 624; 1.1 s; peak memory 691 MiB.
2026-10-05T09:47:24Z INFO [2695/3739] 4fdbc9af-f618-41ae-bdaa-9e50876b4f05: cophenetic index 624; 1.1 s; peak memory 691 MiB.
2026-10-05T09:47:25Z INFO [2696/3739] 4fdd39ef-fb78-48dc-8b03-282cf8906639: cophenetic index 624; 1.0 s; peak memory 691 MiB.
2026-10-05T09:47:26Z INFO [2697/3739] 4fdda424-42b6-4359-b04c-9374a476c1b9: cophenetic index 3199; 1.2 s; peak memory 691 MiB.
2026-10-05T09:47:28Z INFO [2698/3739] 4fde0171-9f57-491a-a44f-450fb1659d37: cophenetic index 2088; 2.3 s; peak memory 691 MiB.
2026-10-05T09:47:29Z INFO [2699/3739] 4fde884a-8bf7-453f-82b0-bb99c56573d1: cophenetic index 3004; 1.1 s; peak memory 691 MiB.
2026-10-05T09:47:30Z INFO [2700/3739] 4fdea899-c02c-4d4f-a43d-55b9e5b940ed: cophenetic index 624; 0.9 s; peak memory 691 MiB.
2026-10-05T09:47:30Z INFO [2700/3739] 4fdea899-c02c-4d4f-a43d-55b9e5b940ed: checkpointed 85425 records.
2026-10-05T09:47:31Z INFO [2701/3739] 4fdfd841-d154-49a8-a535-55deb8273803: cophenetic index 624; 0.9 s; peak memory 691 MiB.
2026-10-05T09:47:32Z INFO [2702/3739] 4fdffe42-8eb6-49d2-b98a-38da7b33ff24: cophenetic index 624; 1.0 s; peak memory 691 MiB.
2026-10-05T09:47:35Z INFO [2703/3739] 4fe04c12-dd14-4389-ba5f-43c8a070e902: cophenetic index 1970; 2.5 s; peak memory 691 MiB.
2026-10-05T09:47:37Z INFO [2704/3739] 4fe075f2-8625-4af4-a9c7-4333423c81e9: cophenetic index 2402; 2.5 s; peak memory 691 MiB.
2026-10-05T09:47:39Z INFO [2705/3739] 4fe18360-9908-4b6d-bee1-7c7704520390: cophenetic index 33998; 1.9 s; peak memory 691 MiB.
2026-10-05T09:47:40Z INFO [2706/3739] 4fe1ab83-bbdf-4bb7-bb31-a406891dbdd4: cophenetic index 624; 1.0 s; peak memory 691 MiB.
2026-10-05T09:47:47Z INFO [2707/3739] 4fe241cc-5df1-43bf-9129-1b1775f95bab: cophenetic index 78168; 6.5 s; peak memory 691 MiB.
2026-10-05T09:47:47Z INFO [2708/3739] 4fe38cb4-db2d-4a9c-a104-1882cfd124df: cophenetic index 631; 0.8 s; peak memory 691 MiB.
2026-10-05T09:47:49Z INFO [2709/3739] 4fe3b508-0ec7-4327-82cc-30e11865cd4a: cophenetic index 2625; 1.7 s; peak memory 691 MiB.
2026-10-05T09:47:50Z INFO [2710/3739] 4fe3ef01-6a61-49b2-92e8-993c9f94e03a: cophenetic index 3004; 1.3 s; peak memory 691 MiB.
2026-10-05T09:47:52Z INFO [2711/3739] 4fe644ed-276b-4a3b-ae5f-8476c025abb9: cophenetic index 2682; 2.0 s; peak memory 691 MiB.
2026-10-05T09:47:53Z INFO [2712/3739] 4fe66ec8-d645-4479-9a20-7df5216bbfb0: cophenetic index 624; 1.0 s; peak memory 691 MiB.
2026-10-05T09:47:56Z INFO [2713/3739] 4fe6ece7-b353-4c8f-b2a6-8a07115523a5: cophenetic index 910; 2.7 s; peak memory 691 MiB.
2026-10-05T09:47:57Z INFO [2714/3739] 4fe723c1-f71c-4615-a6f5-b0061afc4d31: cophenetic index 490; 0.6 s; peak memory 691 MiB.
2026-10-05T09:47:58Z INFO [2715/3739] 4fe7ad24-7091-4b55-ad3a-044f3c309f98: cophenetic index 2183; 1.0 s; peak memory 691 MiB.
2026-10-05T09:47:59Z INFO [2716/3739] 4fe7c278-23c5-4a67-8a54-8d33d492434d: cophenetic index 3087; 1.2 s; peak memory 691 MiB.
2026-10-05T09:48:00Z INFO [2717/3739] 4fe819b3-ac9e-4562-94a8-cfc95a1e03fa: cophenetic index 624; 1.0 s; peak memory 691 MiB.
2026-10-05T09:48:02Z INFO [2718/3739] 4fe837d4-a26e-452f-a6e6-4089732b503f: cophenetic index 33986; 1.6 s; peak memory 691 MiB.
2026-10-05T09:48:07Z INFO [2719/3739] 4fe8c5df-ec33-4bb2-8880-515671095433: cophenetic index 62271; 6.0 s; peak memory 691 MiB.
2026-10-05T09:48:09Z INFO [2720/3739] 4fe909c8-644a-42f0-ab3d-1acbb8f1416c: cophenetic index 581; 1.0 s; peak memory 691 MiB.
2026-10-05T09:48:10Z INFO [2721/3739] 4fe95f09-f77a-4f6d-b3c0-5327ee7a9eaa: cophenetic index 624; 1.0 s; peak memory 691 MiB.
2026-10-05T09:48:12Z INFO [2722/3739] 4fec1b96-fda4-403e-8de2-540553ac8235: cophenetic index 106940; 2.2 s; peak memory 691 MiB.
2026-10-05T09:48:17Z INFO [2723/3739] 4fed1832-208b-4612-8285-2209396882e1: cophenetic index 48410; 5.1 s; peak memory 691 MiB.
2026-10-05T09:48:18Z INFO [2724/3739] 4fed7af7-bcdc-452a-a7c5-dbf8224d0014: cophenetic index 624; 1.1 s; peak memory 691 MiB.
2026-10-05T09:48:19Z INFO [2725/3739] 4fedd5f3-2020-479a-af3c-f2a8e9889e44: cophenetic index 1751; 1.3 s; peak memory 691 MiB.
2026-10-05T09:48:21Z INFO [2726/3739] 4fede59c-ecce-44db-aa38-c0d21f49bb4e: cophenetic index 2974; 1.3 s; peak memory 691 MiB.
2026-10-05T09:48:22Z INFO [2727/3739] 4fedf29d-8833-448b-9c9e-2f3d5702d657: cophenetic index 624; 0.9 s; peak memory 691 MiB.
2026-10-05T09:48:23Z INFO [2728/3739] 4fef18a8-432e-4de0-b630-9f14d5e4151e: cophenetic index 952; 1.1 s; peak memory 691 MiB.
2026-10-05T09:48:25Z INFO [2729/3739] 4fefd146-da76-455d-9d0b-8dbb1f2362df: cophenetic index 688; 2.1 s; peak memory 691 MiB.
2026-10-05T09:48:27Z INFO [2730/3739] 4ff06d2f-db45-4734-94f9-49b1eb123a18: cophenetic index 33998; 2.0 s; peak memory 691 MiB.
2026-10-05T09:48:28Z INFO [2731/3739] 4ff0c451-9ee5-467e-a9ea-d4ec0a72675e: cophenetic index 23975; 1.2 s; peak memory 691 MiB.
2026-10-05T09:48:34Z INFO [2732/3739] 4ff170ee-1b12-486e-b5c6-b659b3a884f8: cophenetic index 72753; 6.5 s; peak memory 691 MiB.
2026-10-05T09:48:36Z INFO [2733/3739] 4ff21644-2d3b-45e5-876c-cf03d3697761: cophenetic index 624; 1.1 s; peak memory 691 MiB.
2026-10-05T09:48:37Z INFO [2734/3739] 4ff262a6-c220-4585-9311-a26defc1eca3: cophenetic index 649; 1.1 s; peak memory 691 MiB.
2026-10-05T09:48:38Z INFO [2735/3739] 4ff274d1-ec86-4748-953e-be85deb576a1: cophenetic index 2625; 1.5 s; peak memory 691 MiB.
2026-10-05T09:48:40Z INFO [2736/3739] 4ff28ba7-58f7-4a83-8c0d-3783cd87de14: cophenetic index 2625; 1.5 s; peak memory 691 MiB.
2026-10-05T09:48:40Z INFO [2737/3739] 4ff35f99-7940-4bb8-82a0-413d00c7ff7f: cophenetic index 797; 0.8 s; peak memory 691 MiB.
2026-10-05T09:48:47Z INFO [2738/3739] 4ff3a992-3287-4ca1-95ff-9c02cdf9d6c2: cophenetic index 157870; 6.9 s; peak memory 691 MiB.
2026-10-05T09:48:49Z INFO [2739/3739] 4ff4530d-0783-483e-904b-1d0e6cd3d6b2: cophenetic index 3004; 1.3 s; peak memory 691 MiB.
2026-10-05T09:48:50Z INFO [2740/3739] 4ff55093-cd5c-4140-b14e-6dc665a414df: cophenetic index 624; 1.0 s; peak memory 691 MiB.
2026-10-05T09:49:00Z INFO [2741/3739] 4ff6c7bd-1613-496c-a144-831d1e5737b3: cophenetic index 436025; 10.2 s; peak memory 691 MiB.
2026-10-05T09:49:01Z INFO [2742/3739] 4ff7894d-9aef-4c11-bd12-f8a8ac73cf66: cophenetic index 490; 0.8 s; peak memory 691 MiB.
2026-10-05T09:49:02Z INFO [2743/3739] 4ff80e3f-0cd4-436c-9bf8-2a3bdfe65ec5: cophenetic index 624; 1.0 s; peak memory 691 MiB.
2026-10-05T09:49:21Z INFO [2744/3739] 4ff8a213-9d7d-4259-80ef-c06cbcb05822: cophenetic index 429658; 19.7 s; peak memory 691 MiB.
2026-10-05T09:49:24Z INFO [2745/3739] 4ff9198b-9469-4e58-b77d-9b04b6f7c09f: cophenetic index 2682; 2.3 s; peak memory 691 MiB.
2026-10-05T09:49:26Z INFO [2746/3739] 4ff975a7-48fd-4bae-a849-4a65619fe04c: cophenetic index 1496; 2.5 s; peak memory 691 MiB.
2026-10-05T09:49:31Z INFO [2747/3739] 4ffa4f48-050f-40a3-b8b6-17e26f286e35: cophenetic index 9181; 5.3 s; peak memory 691 MiB.
2026-10-05T09:49:42Z INFO [2748/3739] 4ffb6aa4-5cd0-4a80-834f-38a065ee561e: cophenetic index 186015; 10.7 s; peak memory 691 MiB.
2026-10-05T09:49:50Z INFO [2749/3739] 4ffbfaaa-be93-4d2e-a2f8-8ddbf40eb2ff: cophenetic index 87573; 7.5 s; peak memory 691 MiB.
2026-10-05T09:49:51Z INFO [2750/3739] 4ffc1695-584b-4535-8fca-6405e4a252dc: cophenetic index 3004; 1.2 s; peak memory 691 MiB.
2026-10-05T09:49:51Z INFO [2750/3739] 4ffc1695-584b-4535-8fca-6405e4a252dc: checkpointed 85475 records.
2026-10-05T09:49:52Z INFO [2751/3739] 4ffc9204-7028-49a3-998a-c4b4c515ce3c: cophenetic index 3087; 1.3 s; peak memory 691 MiB.
2026-10-05T09:49:53Z INFO [2752/3739] 4ffceb51-8967-470f-81e9-18bd5ad36246: cophenetic index 624; 1.0 s; peak memory 691 MiB.
2026-10-05T09:50:00Z INFO [2753/3739] 4ffdc53c-fe78-4137-addb-034168a7d07b: cophenetic index 93058; 6.5 s; peak memory 691 MiB.
2026-10-05T09:50:01Z INFO [2754/3739] 4ffdf038-9f46-423d-a114-72c7c3b0a330: cophenetic index 3004; 1.4 s; peak memory 691 MiB.
2026-10-05T09:50:02Z INFO [2755/3739] 4ffe5d5d-7b70-4021-914c-355df77a0c58: cophenetic index 1010; 1.1 s; peak memory 691 MiB.
2026-10-05T09:50:03Z INFO [2756/3739] 4ffe8c9f-06c8-4eb8-bb71-9659eb77d19b: cophenetic index 649; 1.1 s; peak memory 691 MiB.
2026-10-05T09:50:16Z INFO [2757/3739] 4ffeb391-aff0-4d37-954f-2756fd8bceb1: cophenetic index 48024; 13.0 s; peak memory 691 MiB.
2026-10-05T09:50:18Z INFO [2758/3739] 4fff07f4-38f2-40cf-8610-36dc840aa514: cophenetic index 1751; 1.5 s; peak memory 691 MiB.
2026-10-05T09:50:19Z INFO [2759/3739] 4fff426f-0dca-4428-89e7-fcf79c0e394e: cophenetic index 2105; 1.7 s; peak memory 691 MiB.
2026-10-05T09:50:20Z INFO [2760/3739] 5000f19e-b53c-4c0c-8ff1-c3045eb29c64: cophenetic index 741; 0.9 s; peak memory 691 MiB.
2026-10-05T09:50:22Z INFO [2761/3739] 50010191-d76a-46c4-ad6a-caed9a06fb6b: cophenetic index 33998; 1.8 s; peak memory 691 MiB.
2026-10-05T09:50:23Z INFO [2762/3739] 5001d6c1-e05d-4f7d-91bc-6ced0704e3a0: cophenetic index 624; 1.0 s; peak memory 691 MiB.
2026-10-05T09:50:24Z INFO [2763/3739] 50020379-3887-4a24-87d3-02b7d3542e80: cophenetic index 624; 1.0 s; peak memory 691 MiB.
2026-10-05T09:50:26Z INFO [2764/3739] 500246e4-47b3-451c-9d05-969664f2e264: cophenetic index 2625; 1.3 s; peak memory 691 MiB.
2026-10-05T09:50:33Z INFO [2765/3739] 50027cd2-dac6-4bce-a4c1-3fcd472e9082: cophenetic index 120926; 7.5 s; peak memory 691 MiB.
2026-10-05T09:50:34Z INFO [2766/3739] 5002eced-bac9-409f-82d2-b05e64b5aab3: cophenetic index 3004; 1.4 s; peak memory 691 MiB.
2026-10-05T09:50:36Z INFO [2767/3739] 50030a46-6dff-445e-ae5a-f352298c06c4: cophenetic index 2625; 1.7 s; peak memory 691 MiB.
2026-10-05T09:50:37Z INFO [2768/3739] 5003b27c-3be1-4e72-9fe2-89de4d11a1d6: cophenetic index 624; 1.1 s; peak memory 691 MiB.
2026-10-05T09:50:39Z INFO [2769/3739] 5003c529-398d-43c9-94b5-161f2ad47f2d: cophenetic index 2625; 1.9 s; peak memory 691 MiB.
2026-10-05T09:50:40Z INFO [2770/3739] 50047d11-1691-45a8-9074-1d64f4fc0a7b: cophenetic index 490; 0.7 s; peak memory 691 MiB.
2026-10-05T09:50:44Z INFO [2771/3739] 50054435-d9b5-4da5-9a89-c14944eaf21f: cophenetic index 1766738; 4.4 s; peak memory 691 MiB.
2026-10-05T09:50:45Z INFO [2772/3739] 50055891-d935-4360-a93e-5a7888806323: cophenetic index 725; 1.1 s; peak memory 691 MiB.
2026-10-05T09:50:47Z INFO [2773/3739] 5005e1d4-c695-4a37-b8af-6d0405dff85e: cophenetic index 2625; 1.6 s; peak memory 691 MiB.
2026-10-05T09:50:48Z INFO [2774/3739] 500629d1-b55c-4995-9ba9-d41e9019701c: cophenetic index 624; 1.0 s; peak memory 691 MiB.
2026-10-05T09:50:54Z INFO [2775/3739] 50063d35-cb60-425c-9ac6-6b66b13c2428: cophenetic index 9181; 5.7 s; peak memory 691 MiB.
2026-10-05T09:50:55Z INFO [2776/3739] 500647d8-dba0-4060-b6bf-027139747d53: cophenetic index 624; 1.1 s; peak memory 691 MiB.
2026-10-05T09:51:06Z INFO [2777/3739] 5006e014-e7c1-4d3c-9071-7592b58cd00b: cophenetic index 403477; 11.3 s; peak memory 691 MiB.
2026-10-05T09:51:08Z INFO [2778/3739] 5007bfed-cf80-43fe-9a6a-dc17e348119b: cophenetic index 2625; 1.5 s; peak memory 691 MiB.
2026-10-05T09:51:09Z INFO [2779/3739] 500855e6-3bf5-4e01-adaf-6325e2f451f0: cophenetic index 624; 1.0 s; peak memory 691 MiB.
2026-10-05T09:51:10Z INFO [2780/3739] 5008909d-a83f-43fa-8de7-8978b718fa8a: cophenetic index 624; 1.0 s; peak memory 691 MiB.
2026-10-05T09:51:10Z INFO [2781/3739] 5008b41b-4cc1-40f4-bffb-df15827a44dc: cophenetic index 431; 0.9 s; peak memory 691 MiB.
2026-10-05T09:51:12Z INFO [2782/3739] 5008efab-86ff-4b5e-88e7-6beb3bf4e2a4: cophenetic index 3004; 1.2 s; peak memory 691 MiB.
2026-10-05T09:51:13Z INFO [2783/3739] 5009b311-2f20-45fe-aa39-f95ea6e90a69: cophenetic index 3004; 1.2 s; peak memory 691 MiB.
2026-10-05T09:51:14Z INFO [2784/3739] 500a2751-caf0-463c-8f30-546cda7729b7: cophenetic index 624; 0.9 s; peak memory 691 MiB.
2026-10-05T09:51:24Z INFO [2785/3739] 500aab1c-52fe-436a-ba14-f6dbabf68165: cophenetic index 46939; 10.6 s; peak memory 691 MiB.
2026-10-05T09:51:25Z INFO [2786/3739] 500b5731-4205-4665-8f68-a534539b04cc: cophenetic index 651; 0.8 s; peak memory 691 MiB.
2026-10-05T09:51:27Z INFO [2787/3739] 500c90d4-2447-4639-91bc-c077db59e011: cophenetic index 33998; 1.9 s; peak memory 691 MiB.
2026-10-05T09:51:28Z INFO [2788/3739] 500f5d23-5c61-4635-9192-05866a0decdb: cophenetic index 497; 1.2 s; peak memory 691 MiB.
2026-10-05T09:51:44Z INFO [2789/3739] 500f7c0d-5703-40ec-ae48-e38b5f5db401: cophenetic index 468546; 16.2 s; peak memory 691 MiB.
2026-10-05T09:51:48Z INFO [2790/3739] 50102e7c-ddb5-4362-a8e6-d7e779a047f2: cophenetic index 5473; 3.4 s; peak memory 691 MiB.
2026-10-05T09:51:51Z INFO [2791/3739] 5010c78b-96ae-4f0f-9974-11efabe26737: cophenetic index 1733; 3.4 s; peak memory 691 MiB.
2026-10-05T09:51:53Z INFO [2792/3739] 5011c2df-1635-4894-acc3-c63af9034ec1: cophenetic index 33962; 1.5 s; peak memory 691 MiB.
2026-10-05T09:51:57Z INFO [2793/3739] 501298da-8492-40ca-bcfb-45f98abac41e: cophenetic index 9951; 4.6 s; peak memory 691 MiB.
2026-10-05T09:51:59Z INFO [2794/3739] 5012ff1c-a8cf-4110-93e7-3918c6a3c5da: cophenetic index 3004; 1.3 s; peak memory 691 MiB.
2026-10-05T09:52:00Z INFO [2795/3739] 50132d5e-afb7-4380-9e1e-965d2303e77c: cophenetic index 3004; 1.2 s; peak memory 691 MiB.
2026-10-05T09:52:08Z INFO [2796/3739] 5014473a-0b1c-466c-a3f8-3a84352f9d7b: cophenetic index 167387; 8.7 s; peak memory 691 MiB.
2026-10-05T09:52:10Z INFO [2797/3739] 5014501b-fc55-4390-b34c-7d1e6dc41104: cophenetic index 1949; 1.3 s; peak memory 691 MiB.
2026-10-05T09:52:12Z INFO [2798/3739] 501613d6-508b-415f-96c1-4c56b676214e: cophenetic index 2682; 2.1 s; peak memory 691 MiB.
2026-10-05T09:52:13Z INFO [2799/3739] 501681c7-4358-49fe-944f-449055ab9855: cophenetic index 3087; 1.5 s; peak memory 691 MiB.
2026-10-05T09:52:14Z INFO [2800/3739] 50178a64-5802-466f-81b1-f54437871a5e: cophenetic index 624; 1.0 s; peak memory 691 MiB.
2026-10-05T09:52:14Z INFO [2800/3739] 50178a64-5802-466f-81b1-f54437871a5e: checkpointed 85525 records.
2026-10-05T09:52:16Z INFO [2801/3739] 50184923-e7d0-41df-b045-0fbd717f529e: cophenetic index 624; 1.1 s; peak memory 691 MiB.
2026-10-05T09:52:16Z INFO [2802/3739] 50184e38-fe77-4079-a49a-752837259ce9: cophenetic index 490; 0.7 s; peak memory 691 MiB.
2026-10-05T09:52:24Z INFO [2803/3739] 50185b0a-5cc8-426c-a7a8-bda76bac0377: cophenetic index 33579; 7.6 s; peak memory 691 MiB.
2026-10-05T09:52:26Z INFO [2804/3739] 501899e7-4418-483c-9969-c6cde9f68111: cophenetic index 99150; 2.3 s; peak memory 691 MiB.
2026-10-05T09:52:35Z INFO [2805/3739] 5018f4e6-4033-4fc1-99a2-a3902725cf6f: cophenetic index 11245; 8.8 s; peak memory 691 MiB.
2026-10-05T09:52:36Z INFO [2806/3739] 50193eb3-e956-4ddb-9b56-0bd1504997b6: cophenetic index 2625; 1.4 s; peak memory 691 MiB.
2026-10-05T09:52:38Z INFO [2807/3739] 501997e0-ebe2-4cb9-ac96-be14e20a013b: cophenetic index 2625; 1.6 s; peak memory 691 MiB.
2026-10-05T09:52:51Z INFO [2808/3739] 501a80b9-534a-476e-922f-e68cae643ffd: cophenetic index 587163; 13.1 s; peak memory 691 MiB.
2026-10-05T09:52:53Z INFO [2809/3739] 501a9d1a-da55-4fbb-9749-6b2490b702a8: cophenetic index 2625; 1.6 s; peak memory 691 MiB.
2026-10-05T09:53:01Z INFO [2810/3739] 501b3e0d-c4f8-4a3e-abec-1a62e9c208f8: cophenetic index 140528; 8.2 s; peak memory 691 MiB.
2026-10-05T09:53:03Z INFO [2811/3739] 501b5f83-c1cc-4627-b9c0-281119db8e0b: cophenetic index 2570; 1.8 s; peak memory 691 MiB.
2026-10-05T09:53:04Z INFO [2812/3739] 501b7ddd-e96d-4d72-b07c-dd228ebd1e9e: cophenetic index 401; 0.8 s; peak memory 691 MiB.
2026-10-05T09:53:04Z INFO [2813/3739] 501ce0ed-a7ab-462d-88f0-8dff38104db4: cophenetic index 624; 1.0 s; peak memory 691 MiB.
2026-10-05T09:53:05Z INFO [2814/3739] 501d18a5-1c7e-4c11-949f-1e89c795fe32: cophenetic index 624; 1.0 s; peak memory 691 MiB.
2026-10-05T09:53:07Z INFO [2815/3739] 501e403e-036c-4256-a082-377719706dd3: cophenetic index 490; 1.0 s; peak memory 691 MiB.
2026-10-05T09:53:16Z INFO [2816/3739] 501e537e-6fe5-4817-a95d-96d5022e942c: cophenetic index 275598; 9.2 s; peak memory 691 MiB.
2026-10-05T09:53:17Z INFO [2817/3739] 501e70c9-750a-4e38-896f-6df905b5f45b: cophenetic index 581; 1.2 s; peak memory 691 MiB.
2026-10-05T09:53:18Z INFO [2818/3739] 501ecdf7-bedb-4e03-9e28-ed699cd6677c: cophenetic index 692; 1.2 s; peak memory 691 MiB.
2026-10-05T09:53:19Z INFO [2819/3739] 501f0894-a613-42bc-9351-23cf36d210d0: cophenetic index 624; 1.1 s; peak memory 691 MiB.
2026-10-05T09:53:20Z INFO [2820/3739] 501f12e2-3003-4531-bdb3-f8d803f46cad: cophenetic index 624; 1.1 s; peak memory 691 MiB.
2026-10-05T09:53:23Z INFO [2821/3739] 5020b4f5-0b6f-4b64-8143-f69411fea0a9: cophenetic index 2609; 2.4 s; peak memory 691 MiB.
2026-10-05T09:53:24Z INFO [2822/3739] 50214aa3-7e04-4776-a065-fc613857d5af: cophenetic index 624; 1.1 s; peak memory 691 MiB.
2026-10-05T09:53:26Z INFO [2823/3739] 5021bd3e-fecd-4ffa-bbef-5c313ddf5158: cophenetic index 653; 1.9 s; peak memory 691 MiB.
2026-10-05T09:53:27Z INFO [2824/3739] 50220f3d-15cc-42fd-9b95-5e161b07a4f7: cophenetic index 624; 1.0 s; peak memory 691 MiB.
2026-10-05T09:53:28Z INFO [2825/3739] 502211a6-b86d-4bb6-aa57-acb44fde3330: cophenetic index 543; 0.8 s; peak memory 691 MiB.
2026-10-05T09:53:29Z INFO [2826/3739] 50222897-7518-417b-93bb-fdd631291da0: cophenetic index 33968; 1.7 s; peak memory 691 MiB.
2026-10-05T09:53:30Z INFO [2827/3739] 50228400-df85-4db8-aec7-b0e8c4dd3535: cophenetic index 1949; 1.3 s; peak memory 691 MiB.
2026-10-05T09:53:40Z INFO [2828/3739] 5022e09f-c5b1-407d-bc76-caabca02e9ed: cophenetic index 7888; 9.2 s; peak memory 691 MiB.
2026-10-05T09:53:42Z INFO [2829/3739] 50230378-3751-4064-8fff-5b0fe6ee9fa3: cophenetic index 2402; 2.5 s; peak memory 691 MiB.
2026-10-05T09:53:43Z INFO [2830/3739] 502359b3-cf0c-4ad7-b996-2de00c8a533c: cophenetic index 624; 1.0 s; peak memory 691 MiB.
2026-10-05T09:53:44Z INFO [2831/3739] 502372e6-069e-499a-a868-33113fd0a8d9: cophenetic index 175; 0.9 s; peak memory 691 MiB.
2026-10-05T09:53:46Z INFO [2832/3739] 50239f4f-7d2a-46a4-aaa1-7eaf39435d9c: cophenetic index 613; 1.6 s; peak memory 691 MiB.
2026-10-05T09:53:47Z INFO [2833/3739] 5023a734-95e2-47de-8379-6321166b92b2: cophenetic index 2625; 1.5 s; peak memory 691 MiB.
2026-10-05T09:53:49Z INFO [2834/3739] 50245bfc-ecce-44db-8ac1-4d68ff4b9a41: cophenetic index 2625; 1.4 s; peak memory 691 MiB.
2026-10-05T09:53:50Z INFO [2835/3739] 50256926-7a6f-454f-b996-55c2791a09d7: cophenetic index 1006; 1.3 s; peak memory 691 MiB.
2026-10-05T09:53:51Z INFO [2836/3739] 5025b8e3-f8e8-415e-8e21-5a44c995a1e8: cophenetic index 651; 0.9 s; peak memory 691 MiB.
2026-10-05T09:53:52Z INFO [2837/3739] 5026c60d-35c7-47dc-9735-14347c8fd029: cophenetic index 490; 1.1 s; peak memory 691 MiB.
2026-10-05T09:53:57Z INFO [2838/3739] 502726d7-7e71-4de4-ba05-bf445cef5b3b: cophenetic index 87573; 5.4 s; peak memory 691 MiB.
2026-10-05T09:53:58Z INFO [2839/3739] 502730a6-3b10-40c7-8136-c144f984028a: cophenetic index 624; 1.0 s; peak memory 691 MiB.
2026-10-05T09:53:59Z INFO [2840/3739] 5027f781-fde5-4d79-87d6-a096fd1f880b: cophenetic index 624; 1.2 s; peak memory 691 MiB.
2026-10-05T09:54:02Z INFO [2841/3739] 50286f99-03a3-4708-a99f-18980a0ec281: cophenetic index 2391; 2.7 s; peak memory 691 MiB.
2026-10-05T09:54:03Z INFO [2842/3739] 50289bc9-b986-4e7b-9980-fddef0cab14a: cophenetic index 490; 0.7 s; peak memory 691 MiB.
2026-10-05T09:54:04Z INFO [2843/3739] 5028b632-bf05-4459-af93-b60fe32a99ab: cophenetic index 3087; 1.1 s; peak memory 691 MiB.
2026-10-05T09:54:13Z INFO [2844/3739] 5028d3a1-767a-4f92-a888-2456cbd42db7: cophenetic index 14788; 8.6 s; peak memory 691 MiB.
2026-10-05T09:54:14Z INFO [2845/3739] 502955d9-6fc0-4be6-aefc-3923e2d71525: cophenetic index 2625; 1.8 s; peak memory 691 MiB.
2026-10-05T09:54:20Z INFO [2846/3739] 502a564e-144f-45bc-8f3f-3b2e5c7cdf76: cophenetic index 20984; 5.3 s; peak memory 691 MiB.
2026-10-05T09:54:21Z INFO [2847/3739] 502b18e2-cd47-461f-9e03-ea55bf7f33cc: cophenetic index 3004; 1.2 s; peak memory 691 MiB.
2026-10-05T09:54:22Z INFO [2848/3739] 502bf671-3058-4511-a797-40f2ee209223: cophenetic index 3004; 1.2 s; peak memory 691 MiB.
2026-10-05T09:54:23Z INFO [2849/3739] 502c9579-adcd-4633-814a-3da55b0d4520: cophenetic index 624; 1.1 s; peak memory 691 MiB.
2026-10-05T09:54:26Z INFO [2850/3739] 502d37d9-91e9-488f-9177-27fcda763dfe: cophenetic index 7886; 3.2 s; peak memory 691 MiB.
2026-10-05T09:54:26Z INFO [2850/3739] 502d37d9-91e9-488f-9177-27fcda763dfe: checkpointed 85575 records.
2026-10-05T09:54:28Z INFO [2851/3739] 502dcebc-2297-4fd3-961f-770235dd9b52: cophenetic index 972; 1.5 s; peak memory 691 MiB.
2026-10-05T09:54:29Z INFO [2852/3739] 502ea861-5cd7-4d2b-a1f5-d4cff61c032d: cophenetic index 624; 1.1 s; peak memory 691 MiB.
2026-10-05T09:54:30Z INFO [2853/3739] 502ecbec-7d0e-4abe-a21b-b69e456f0353: cophenetic index 624; 1.0 s; peak memory 691 MiB.
2026-10-05T09:54:31Z INFO [2854/3739] 502edbda-6101-48e0-976e-da9112f99037: cophenetic index 3077; 1.0 s; peak memory 691 MiB.
2026-10-05T09:54:32Z INFO [2855/3739] 502ee13a-7021-4344-bd6f-4aa2df40c9bd: cophenetic index 23711; 1.3 s; peak memory 691 MiB.
2026-10-05T09:54:33Z INFO [2856/3739] 502ee910-77a0-409f-b18f-73acb178ea7c: cophenetic index 560; 0.9 s; peak memory 691 MiB.
2026-10-05T09:54:35Z INFO [2857/3739] 502f07b5-337d-4293-ab47-7c21a0c670c8: cophenetic index 2625; 1.6 s; peak memory 691 MiB.
2026-10-05T09:54:38Z INFO [2858/3739] 502ff730-474e-4e8d-8b29-13597a00b883: cophenetic index 4677; 3.1 s; peak memory 691 MiB.
2026-10-05T09:54:39Z INFO [2859/3739] 503160a9-781a-4198-b60e-5840ea9dc1d4: cophenetic index 431; 0.9 s; peak memory 691 MiB.
2026-10-05T09:54:40Z INFO [2860/3739] 50321b0e-1beb-4424-81c8-dedfce4ad277: cophenetic index 431; 1.0 s; peak memory 691 MiB.
2026-10-05T09:54:42Z INFO [2861/3739] 503325cd-b85e-4378-ad4b-4e08a284f017: cophenetic index 1943; 2.5 s; peak memory 691 MiB.
2026-10-05T09:54:45Z INFO [2862/3739] 503512c9-65ea-4042-af90-19e41a07b017: cophenetic index 2236; 3.0 s; peak memory 691 MiB.
2026-10-05T09:54:46Z INFO [2863/3739] 50351c1e-8f07-4d79-8479-110e8793b505: cophenetic index 733; 0.8 s; peak memory 691 MiB.
2026-10-05T09:54:47Z INFO [2864/3739] 5035622a-ee56-4caf-b5f8-b268bbd371f1: cophenetic index 431; 0.9 s; peak memory 691 MiB.
2026-10-05T09:54:50Z INFO [2865/3739] 5035920e-6199-4863-b425-9b9118365ad4: cophenetic index 34658; 2.6 s; peak memory 691 MiB.
2026-10-05T09:55:01Z INFO [2866/3739] 50367f0b-1fb2-4419-b487-df57e1251cdd: cophenetic index 2471234; 11.5 s; peak memory 691 MiB.
2026-10-05T09:55:02Z INFO [2867/3739] 50368c43-ac5a-4b02-9699-11a630caacc2: cophenetic index 3215; 1.1 s; peak memory 691 MiB.
2026-10-05T09:55:06Z INFO [2868/3739] 503736e1-e4ac-4dec-9b2c-7967a4942b28: cophenetic index 1733; 3.5 s; peak memory 691 MiB.
2026-10-05T09:55:09Z INFO [2869/3739] 50373ef8-d654-4592-a516-0012173fdf9e: cophenetic index 2241; 3.1 s; peak memory 691 MiB.
2026-10-05T09:55:12Z INFO [2870/3739] 50386cb3-1206-4c56-93a4-1c262c9e7a0c: cophenetic index 2682; 3.0 s; peak memory 691 MiB.
2026-10-05T09:55:14Z INFO [2871/3739] 50394f7c-0f05-4a1d-b89d-f46dcf949b1b: cophenetic index 2625; 1.7 s; peak memory 691 MiB.
2026-10-05T09:55:15Z INFO [2872/3739] 50399b70-555b-4fbc-8d0a-b62540e5961a: cophenetic index 2923; 1.2 s; peak memory 691 MiB.
2026-10-05T09:55:16Z INFO [2873/3739] 5039b14c-a78b-48bf-a5f6-a1dabf4f1012: cophenetic index 2570; 1.5 s; peak memory 691 MiB.
2026-10-05T09:55:24Z INFO [2874/3739] 5039bd31-cac0-45b9-acf5-8f35aa0b4b84: cophenetic index 139185; 8.0 s; peak memory 691 MiB.
2026-10-05T09:55:26Z INFO [2875/3739] 503a512b-f70c-4a78-b77a-74896b27b223: cophenetic index 2625; 1.6 s; peak memory 691 MiB.
2026-10-05T09:55:29Z INFO [2876/3739] 503b7188-2149-4f7b-a90e-39fccb18af50: cophenetic index 2469; 2.8 s; peak memory 691 MiB.
2026-10-05T09:55:30Z INFO [2877/3739] 503ca3a8-c3c9-4e10-a0be-dbae4ebbe29d: cophenetic index 624; 1.1 s; peak memory 691 MiB.
2026-10-05T09:55:39Z INFO [2878/3739] 503cdc06-f0f1-42d5-8f61-08e761d70a14: cophenetic index 157675; 8.9 s; peak memory 691 MiB.
2026-10-05T09:55:40Z INFO [2879/3739] 503e2d5f-30dc-41d8-8002-1d68cef1cbb2: cophenetic index 23673; 1.4 s; peak memory 691 MiB.
2026-10-05T09:55:42Z INFO [2880/3739] 503ecef3-9d88-4372-b1bc-7431f9da29fc: cophenetic index 2625; 1.6 s; peak memory 691 MiB.
2026-10-05T10:00:43Z INFO [2881/3739] 503f4d1e-212b-4c8a-ab4d-b8b5ba40ca47: cophenetic index 379789322; 301.4 s; peak memory 833 MiB.
2026-10-05T10:00:45Z INFO [2882/3739] 50400073-347a-4b07-90dc-33398356b80d: cophenetic index 2636; 2.0 s; peak memory 833 MiB.
2026-10-05T10:00:47Z INFO [2883/3739] 5040e665-2095-4e14-b69c-846343d93811: cophenetic index 99150; 2.0 s; peak memory 833 MiB.
2026-10-05T10:00:49Z INFO [2884/3739] 50419b10-6bfc-4208-bd31-e275fd016536: cophenetic index 2625; 1.6 s; peak memory 833 MiB.
2026-10-05T10:00:50Z INFO [2885/3739] 5041bb57-7e7b-42fe-812b-dd9d0a657ca0: cophenetic index 581; 1.0 s; peak memory 833 MiB.
2026-10-05T10:00:51Z INFO [2886/3739] 5041bd27-2e5d-408d-9a5f-c4646e97d9c1: cophenetic index 690; 0.9 s; peak memory 833 MiB.
2026-10-05T10:00:52Z INFO [2887/3739] 5043b077-c2eb-49b3-ba6e-52ff2d36ea17: cophenetic index 1380; 1.3 s; peak memory 833 MiB.
2026-10-05T10:00:53Z INFO [2888/3739] 5043bdd0-6305-4f61-98ab-afae089c22ed: cophenetic index 624; 0.9 s; peak memory 833 MiB.
2026-10-05T10:00:54Z INFO [2889/3739] 50449dab-afbf-45df-9e2f-97937df57d4a: cophenetic index 2974; 1.3 s; peak memory 833 MiB.
2026-10-05T10:00:56Z INFO [2890/3739] 5045c350-5804-4981-b15e-fb5a381704d9: cophenetic index 34658; 2.3 s; peak memory 833 MiB.
2026-10-05T10:00:57Z INFO [2891/3739] 50460810-952b-4206-8bd5-9a9c2d791f91: cophenetic index 624; 0.9 s; peak memory 833 MiB.
2026-10-05T10:01:06Z INFO [2892/3739] 504622cb-21b8-4505-a20a-b17c55101ac9: cophenetic index 96551; 8.5 s; peak memory 833 MiB.
2026-10-05T10:01:07Z INFO [2893/3739] 504683fa-f4c5-451c-ad8d-9ae364659a01: cophenetic index 624; 1.0 s; peak memory 833 MiB.
2026-10-05T10:01:13Z INFO [2894/3739] 5046959f-88ef-413a-aecf-33be5a1fbcb0: cophenetic index 5466; 5.9 s; peak memory 833 MiB.
2026-10-05T10:01:14Z INFO [2895/3739] 50479305-1dbd-493b-acc1-f22596fd3ce6: cophenetic index 2625; 1.5 s; peak memory 833 MiB.
2026-10-05T10:01:16Z INFO [2896/3739] 5047c631-ae14-4ede-a5c8-0eeef78a2e26: cophenetic index 2570; 1.5 s; peak memory 833 MiB.
2026-10-05T10:01:17Z INFO [2897/3739] 50488d49-f7b0-43cb-b6bb-16b53d1e8d69: cophenetic index 624; 1.0 s; peak memory 833 MiB.
2026-10-05T10:01:19Z INFO [2898/3739] 504896e9-9a6b-45d0-b73b-12828f20b92d: cophenetic index 613; 1.9 s; peak memory 833 MiB.
2026-10-05T10:01:19Z INFO [2899/3739] 5049166d-a259-45a5-bce6-2de141a6db36: cophenetic index 624; 1.0 s; peak memory 833 MiB.
2026-10-05T10:01:23Z INFO [2900/3739] 50494d87-6d10-47e2-a5cf-f888121c0a84: cophenetic index 2822; 3.5 s; peak memory 833 MiB.
2026-10-05T10:01:23Z INFO [2900/3739] 50494d87-6d10-47e2-a5cf-f888121c0a84: checkpointed 85625 records.
2026-10-05T10:01:26Z INFO [2901/3739] 504993d9-eb94-452b-8f80-855b505eacd6: cophenetic index 2402; 2.7 s; peak memory 833 MiB.
2026-10-05T10:01:29Z INFO [2902/3739] 5049c578-22aa-4284-901f-8703d6d43505: cophenetic index 5473; 3.2 s; peak memory 833 MiB.
2026-10-05T10:01:30Z INFO [2903/3739] 504b3a82-22c9-4719-a711-49454c8f93ee: cophenetic index 2625; 1.6 s; peak memory 833 MiB.
2026-10-05T10:01:31Z INFO [2904/3739] 504b3c6f-ea9f-4054-85a6-67d4d3dc814d: cophenetic index 690; 0.9 s; peak memory 833 MiB.
2026-10-05T10:01:33Z INFO [2905/3739] 504bdfc3-0943-4208-b849-acd692f6cbf9: cophenetic index 2625; 1.6 s; peak memory 833 MiB.
2026-10-05T10:01:35Z INFO [2906/3739] 504c8cc5-28d2-4be1-91fc-d45523c9e7b5: cophenetic index 33986; 1.9 s; peak memory 833 MiB.
2026-10-05T10:01:36Z INFO [2907/3739] 504c8f19-e748-4d5b-a279-ab64201369d5: cophenetic index 624; 1.1 s; peak memory 833 MiB.
2026-10-05T10:01:38Z INFO [2908/3739] 504cbb32-7468-40f7-81fe-05c2a83448cb: cophenetic index 1936; 2.0 s; peak memory 833 MiB.
2026-10-05T10:01:39Z INFO [2909/3739] 504ccb41-828f-41ae-b51f-171159cf83eb: cophenetic index 624; 1.2 s; peak memory 833 MiB.
2026-10-05T10:01:40Z INFO [2910/3739] 504cfbed-c47f-4b55-a7d2-393c9d883d8b: cophenetic index 1192; 0.8 s; peak memory 833 MiB.
2026-10-05T10:01:43Z INFO [2911/3739] 504e1f29-c02a-4b54-a728-f58388d610f3: cophenetic index 5473; 3.1 s; peak memory 833 MiB.
2026-10-05T10:01:45Z INFO [2912/3739] 504e2269-780c-4424-bfce-db4412cfa65f: cophenetic index 3004; 1.5 s; peak memory 833 MiB.
2026-10-05T10:01:47Z INFO [2913/3739] 504eb126-92f1-473a-89b6-57c28faaeb3f: cophenetic index 2019; 2.2 s; peak memory 833 MiB.
2026-10-05T10:01:49Z INFO [2914/3739] 5050430c-47c4-4422-9c4e-563120c66ee6: cophenetic index 33998; 2.0 s; peak memory 833 MiB.
2026-10-05T10:01:50Z INFO [2915/3739] 5050e300-c399-498a-b636-06e4f4cd65ab: cophenetic index 2625; 1.5 s; peak memory 833 MiB.
2026-10-05T10:01:51Z INFO [2916/3739] 5051ecfe-3550-4f38-875b-3fac299d06a2: cophenetic index 626; 1.2 s; peak memory 833 MiB.
2026-10-05T10:01:52Z INFO [2917/3739] 5052da38-00a2-4605-a1b6-df1198b5b150: cophenetic index 624; 1.1 s; peak memory 833 MiB.
2026-10-05T10:01:54Z INFO [2918/3739] 5052f530-4789-4ff8-92d2-021526306521: cophenetic index 972; 1.7 s; peak memory 833 MiB.
2026-10-05T10:01:55Z INFO [2919/3739] 5053d34b-79cc-409b-a140-1c5f1081f065: cophenetic index 608; 0.9 s; peak memory 833 MiB.
2026-10-05T10:01:57Z INFO [2920/3739] 50545d18-c0af-4919-ab8a-aa3f49d91994: cophenetic index 33962; 1.8 s; peak memory 833 MiB.
2026-10-05T10:01:58Z INFO [2921/3739] 505460b3-9cb7-49d6-a9b6-bd4027e5126d: cophenetic index 579; 0.8 s; peak memory 833 MiB.
2026-10-05T10:01:59Z INFO [2922/3739] 5054fc2f-d9db-4604-a99e-bbcc98d3ac64: cophenetic index 30304; 1.7 s; peak memory 833 MiB.
2026-10-05T10:02:00Z INFO [2923/3739] 5055075b-e88b-413e-9794-728f79094fc5: cophenetic index 624; 1.0 s; peak memory 833 MiB.
2026-10-05T10:02:05Z INFO [2924/3739] 50553989-3a05-466e-969f-745b29eacf27: cophenetic index 58020; 5.1 s; peak memory 833 MiB.
2026-10-05T10:02:07Z INFO [2925/3739] 5055e6dc-b7be-4ad6-aa91-77be9139a9f1: cophenetic index 196965; 1.5 s; peak memory 833 MiB.
2026-10-05T10:02:08Z INFO [2926/3739] 505645ef-8416-46f4-90d2-9833a8128166: cophenetic index 490; 0.9 s; peak memory 833 MiB.
2026-10-05T10:02:09Z INFO [2927/3739] 50568b39-66c6-4e05-8fb0-4ee08ce8d4a9: cophenetic index 3004; 1.3 s; peak memory 833 MiB.
2026-10-05T10:02:10Z INFO [2928/3739] 505768fa-dd50-4f33-8936-a006d8752bb7: cophenetic index 3004; 1.2 s; peak memory 833 MiB.
2026-10-05T10:02:12Z INFO [2929/3739] 50578725-695b-4d0c-95d8-61c044e81886: cophenetic index 2625; 1.4 s; peak memory 833 MiB.
2026-10-05T10:02:17Z INFO [2930/3739] 505803f2-7d2e-4799-88f9-6e0a85e16cc1: cophenetic index 58141; 5.0 s; peak memory 833 MiB.
2026-10-05T10:02:23Z INFO [2931/3739] 5058188c-6032-47a2-830a-c78b99f1f3df: cophenetic index 87573; 5.8 s; peak memory 833 MiB.
2026-10-05T10:02:25Z INFO [2932/3739] 50593818-0aac-4383-b4bf-fb31628a5e81: cophenetic index 99150; 2.2 s; peak memory 833 MiB.
2026-10-05T10:02:26Z INFO [2933/3739] 50596c92-e9f6-4217-b0c6-27620d6c9903: cophenetic index 3057; 1.2 s; peak memory 833 MiB.
2026-10-05T10:02:27Z INFO [2934/3739] 5059c202-ad02-4d74-aa01-a4b8ee317d70: cophenetic index 490; 0.8 s; peak memory 833 MiB.
2026-10-05T10:02:28Z INFO [2935/3739] 5059d190-c0f7-4c54-a537-96a585192878: cophenetic index 624; 1.0 s; peak memory 833 MiB.
2026-10-05T10:02:31Z INFO [2936/3739] 505a24a4-44f4-4e59-b058-f8f07dc1b73e: cophenetic index 2469; 2.8 s; peak memory 833 MiB.
2026-10-05T10:02:32Z INFO [2937/3739] 505aa4ad-d6c3-4f59-83f8-d1ce9a87b974: cophenetic index 2923; 1.4 s; peak memory 833 MiB.
2026-10-05T10:02:33Z INFO [2938/3739] 505ab7ac-4d0d-4dd3-822b-dae3d951d869: cophenetic index 3215; 1.1 s; peak memory 833 MiB.
2026-10-05T10:02:34Z INFO [2939/3739] 505bd956-5aa4-4cc4-9320-d94bc14700b8: cophenetic index 624; 1.1 s; peak memory 833 MiB.
2026-10-05T10:02:35Z INFO [2940/3739] 505c3c3b-81a0-480d-b65b-bd318b4d42a9: cophenetic index 624; 1.0 s; peak memory 833 MiB.
2026-10-05T10:02:36Z INFO [2941/3739] 505c4a13-0f23-4385-b4ff-4a37e28d5071: cophenetic index 624; 1.2 s; peak memory 833 MiB.
2026-10-05T10:02:37Z INFO [2942/3739] 505c67d8-0b55-4eb1-b289-d7f98ec0d381: cophenetic index 649; 1.1 s; peak memory 833 MiB.
2026-10-05T10:02:44Z INFO [2943/3739] 505c7b39-c852-429c-9275-5ab217e32221: cophenetic index 61346; 6.6 s; peak memory 833 MiB.
2026-10-05T10:02:48Z INFO [2944/3739] 505d99a4-a4c1-4b7f-abad-b1be2b36925b: cophenetic index 3754; 3.7 s; peak memory 833 MiB.
2026-10-05T10:02:49Z INFO [2945/3739] 505dffea-8ee1-465f-8263-613afc9ef224: cophenetic index 3004; 1.2 s; peak memory 833 MiB.
2026-10-05T10:02:50Z INFO [2946/3739] 505f3533-c6fa-4521-b477-d37082d2b98f: cophenetic index 624; 1.1 s; peak memory 833 MiB.
2026-10-05T10:02:51Z INFO [2947/3739] 505fe3c2-0357-4f34-a15a-3cf5537d098d: cophenetic index 3192; 1.2 s; peak memory 833 MiB.
2026-10-05T10:02:52Z INFO [2948/3739] 506049ea-dc09-470b-9d9e-43f01ea16f1e: cophenetic index 624; 0.9 s; peak memory 833 MiB.
2026-10-05T10:02:53Z INFO [2949/3739] 50610a40-184b-4035-9faa-1e6b80803fa6: cophenetic index 605; 1.2 s; peak memory 833 MiB.
2026-10-05T10:02:55Z INFO [2950/3739] 50615559-528b-4ec8-8b1d-56dde19cd7a7: cophenetic index 1087; 1.4 s; peak memory 833 MiB.
2026-10-05T10:02:55Z INFO [2950/3739] 50615559-528b-4ec8-8b1d-56dde19cd7a7: checkpointed 85675 records.
2026-10-05T10:02:56Z INFO [2951/3739] 506232a5-bb0b-40a4-ac45-9cef7dc5f436: cophenetic index 624; 1.0 s; peak memory 833 MiB.
2026-10-05T10:02:58Z INFO [2952/3739] 5062a106-725a-4833-ad91-2aba44f53939: cophenetic index 325333; 2.2 s; peak memory 833 MiB.
2026-10-05T10:03:00Z INFO [2953/3739] 50633f67-17c1-4634-b4cf-7281e8fa5a98: cophenetic index 23224; 1.5 s; peak memory 833 MiB.
2026-10-05T10:03:03Z INFO [2954/3739] 5063b8cc-722e-4b66-9ce2-24573672f117: cophenetic index 5473; 3.2 s; peak memory 833 MiB.
2026-10-05T10:03:10Z INFO [2955/3739] 5063f384-b89a-4f78-ba96-a225ecc9f42f: cophenetic index 95931; 7.7 s; peak memory 833 MiB.
2026-10-05T10:03:12Z INFO [2956/3739] 5064011b-3511-461d-bd01-69ad7125c24c: cophenetic index 3004; 1.2 s; peak memory 833 MiB.
2026-10-05T10:03:16Z INFO [2957/3739] 50660259-3cf1-4c47-a57a-201e3553d5c0: cophenetic index 38127; 4.8 s; peak memory 833 MiB.
2026-10-05T10:03:19Z INFO [2958/3739] 50662ee3-de1a-4767-8812-d67b21b7879c: cophenetic index 99150; 2.7 s; peak memory 833 MiB.
2026-10-05T10:03:20Z INFO [2959/3739] 5066c509-e1b0-4922-903f-15dbaaa63d8c: cophenetic index 579; 0.9 s; peak memory 833 MiB.
2026-10-05T10:03:32Z INFO [2960/3739] 5066f6f5-466d-4606-a66d-2d175721517d: cophenetic index 44756597; 11.9 s; peak memory 833 MiB.
2026-10-05T10:03:34Z INFO [2961/3739] 506901a8-1cf7-4f84-83fa-7a7c2582a12c: cophenetic index 33986; 1.6 s; peak memory 833 MiB.
2026-10-05T10:03:39Z INFO [2962/3739] 50698320-e494-44f5-a8a8-3ca85d56c4b9: cophenetic index 9548; 5.3 s; peak memory 833 MiB.
2026-10-05T10:03:40Z INFO [2963/3739] 5069d55d-9ccb-41ba-9fc0-6c76091cbd30: cophenetic index 624; 1.1 s; peak memory 833 MiB.
2026-10-05T10:03:41Z INFO [2964/3739] 506a2002-a237-4c51-a22b-9c5e3bad5aee: cophenetic index 1006; 1.3 s; peak memory 833 MiB.
2026-10-05T10:03:43Z INFO [2965/3739] 506a8df1-90b0-49c0-8d1c-bca17d16aa62: cophenetic index 937; 1.3 s; peak memory 833 MiB.
2026-10-05T10:03:43Z INFO [2966/3739] 506ad755-f8c6-4153-9571-0b67d652d5a2: cophenetic index 651; 0.8 s; peak memory 833 MiB.
2026-10-05T10:03:44Z INFO [2967/3739] 506af16d-b9ce-4c30-a7a5-fea4e0de1b7b: cophenetic index 624; 1.1 s; peak memory 833 MiB.
2026-10-05T10:03:45Z INFO [2968/3739] 506b86e1-efe7-45ca-a1b9-2e4b75f4b917: cophenetic index 581; 1.0 s; peak memory 833 MiB.
2026-10-05T10:03:47Z INFO [2969/3739] 506c448d-304e-4b3e-8d24-bd262701426f: cophenetic index 754; 1.9 s; peak memory 833 MiB.
2026-10-05T10:03:49Z INFO [2970/3739] 506cc164-2834-46e1-a9fe-4fcfc4a52fa0: cophenetic index 3972; 1.4 s; peak memory 833 MiB.
2026-10-05T10:03:50Z INFO [2971/3739] 506dc1bf-712a-4ea7-a4c0-928b7c355622: cophenetic index 164; 0.8 s; peak memory 833 MiB.
2026-10-05T10:03:51Z INFO [2972/3739] 506ee4cf-6ef4-4bea-b0d5-c3d5cbcee813: cophenetic index 649; 1.1 s; peak memory 833 MiB.
2026-10-05T10:03:52Z INFO [2973/3739] 506f41bd-60af-4907-a0e9-b998e0f01935: cophenetic index 2974; 1.4 s; peak memory 833 MiB.
2026-10-05T10:03:55Z INFO [2974/3739] 506f435a-1ec8-44dd-863b-15a4f99f4212: cophenetic index 5473; 3.2 s; peak memory 833 MiB.
2026-10-05T10:03:56Z INFO [2975/3739] 5070113b-242c-470a-9cb4-861ac87a7568: cophenetic index 649; 1.1 s; peak memory 833 MiB.
2026-10-05T10:04:00Z INFO [2976/3739] 50722c2d-e3f1-4b0a-80fd-3570e2f11df4: cophenetic index 11912; 3.9 s; peak memory 833 MiB.
2026-10-05T10:04:03Z INFO [2977/3739] 507257cb-9c77-47e6-8826-10f8815dfa7f: cophenetic index 99150; 2.5 s; peak memory 833 MiB.
2026-10-05T10:04:04Z INFO [2978/3739] 50726f63-912b-446b-8495-192f1719c344: cophenetic index 624; 1.0 s; peak memory 833 MiB.
2026-10-05T10:04:05Z INFO [2979/3739] 50743af5-b763-43e6-bf49-88b6d93af0d3: cophenetic index 3087; 1.4 s; peak memory 833 MiB.
2026-10-05T10:04:06Z INFO [2980/3739] 5074cb81-804b-4f8a-9173-55f78a7591c0: cophenetic index 624; 1.0 s; peak memory 833 MiB.
2026-10-05T10:04:08Z INFO [2981/3739] 5074dd0a-c005-4c2b-97ca-28bd07051c05: cophenetic index 1130; 1.9 s; peak memory 833 MiB.
2026-10-05T10:04:09Z INFO [2982/3739] 50760348-ebb1-45a6-bbd8-0a18d5db5f54: cophenetic index 624; 1.0 s; peak memory 833 MiB.
2026-10-05T10:04:11Z INFO [2983/3739] 50769b23-139f-4c42-b96a-1e5095379e29: cophenetic index 4586; 1.5 s; peak memory 833 MiB.
2026-10-05T10:04:12Z INFO [2984/3739] 5076a1f4-aedc-472e-bda1-51d3a0ad0d25: cophenetic index 624; 1.1 s; peak memory 833 MiB.
2026-10-05T10:04:13Z INFO [2985/3739] 5076dd47-b614-4c86-b52f-53070747c27f: cophenetic index 431; 0.9 s; peak memory 833 MiB.
2026-10-05T10:04:14Z INFO [2986/3739] 5077d38a-258d-4312-a3ad-bc489aad9952: cophenetic index 33986; 1.5 s; peak memory 833 MiB.
2026-10-05T10:04:16Z INFO [2987/3739] 5077f70b-9ac8-40e1-873d-ff457e0f1c51: cophenetic index 2625; 1.5 s; peak memory 833 MiB.
2026-10-05T10:04:17Z INFO [2988/3739] 5078d530-f83e-4650-a244-4d58417d0d7b: cophenetic index 624; 1.2 s; peak memory 833 MiB.
2026-10-05T10:04:18Z INFO [2989/3739] 50794ad7-7361-4bfe-b28f-8a1043b405b1: cophenetic index 3004; 1.2 s; peak memory 833 MiB.
2026-10-05T10:04:19Z INFO [2990/3739] 5079e2fa-e893-49af-812f-89d43a563f73: cophenetic index 624; 1.0 s; peak memory 833 MiB.
2026-10-05T10:04:20Z INFO [2991/3739] 5079fc6a-2da7-4bc8-a436-0c92b08acaaf: cophenetic index 3004; 1.3 s; peak memory 833 MiB.
2026-10-05T10:04:22Z INFO [2992/3739] 507a6549-8e96-4654-980a-1c48d6386885: cophenetic index 2625; 1.8 s; peak memory 833 MiB.
2026-10-05T10:04:24Z INFO [2993/3739] 507aa095-f6df-4862-89b4-96e977611553: cophenetic index 2625; 1.5 s; peak memory 833 MiB.
2026-10-05T10:04:25Z INFO [2994/3739] 507b3a1b-f054-4e39-b11c-81f1685e1a29: cophenetic index 624; 1.1 s; peak memory 833 MiB.
2026-10-05T10:04:25Z INFO [2995/3739] 507baaac-74fc-46d3-8940-84778b95484a: cophenetic index 751; 0.8 s; peak memory 833 MiB.
2026-10-05T10:04:27Z INFO [2996/3739] 507be56f-87a4-454d-a977-b7a75cf057b9: cophenetic index 2974; 1.1 s; peak memory 833 MiB.
2026-10-05T10:04:39Z INFO [2997/3739] 507c02f7-a7a9-456e-982f-48941a321cdd: cophenetic index 23004861; 12.1 s; peak memory 833 MiB.
2026-10-05T10:04:40Z INFO [2998/3739] 507cbe92-26b9-42db-9f6f-a582040d6434: cophenetic index 592; 1.0 s; peak memory 833 MiB.
2026-10-05T10:04:42Z INFO [2999/3739] 507cf8c1-75f4-4693-9c2a-44cfc08a56a5: cophenetic index 2748; 2.3 s; peak memory 833 MiB.
2026-10-05T10:04:43Z INFO [3000/3739] 507d777e-c95a-4d18-97f9-4fd30e3c586d: cophenetic index 624; 1.0 s; peak memory 833 MiB.
2026-10-05T10:04:43Z INFO [3000/3739] 507d777e-c95a-4d18-97f9-4fd30e3c586d: checkpointed 85725 records.
2026-10-05T10:04:52Z INFO [3001/3739] 507e34ab-768e-4554-b044-ca74406a3d53: cophenetic index 185121; 9.0 s; peak memory 833 MiB.
2026-10-05T10:04:54Z INFO [3002/3739] 507ee234-d45e-4871-8b07-2463a6fcbe49: cophenetic index 33998; 2.4 s; peak memory 833 MiB.
2026-10-05T10:04:55Z INFO [3003/3739] 507f5340-b66d-47e1-ba99-3fcc601185e0: cophenetic index 729; 0.8 s; peak memory 833 MiB.
2026-10-05T10:04:57Z INFO [3004/3739] 507f84ad-114d-40ee-bf32-624604f49273: cophenetic index 2625; 1.4 s; peak memory 833 MiB.
2026-10-05T10:05:00Z INFO [3005/3739] 50809945-6c58-418c-b425-06f1ff78197a: cophenetic index 5473; 3.4 s; peak memory 833 MiB.
2026-10-05T10:05:01Z INFO [3006/3739] 5080b210-eb55-4aeb-96e8-b1cf71eaaea2: cophenetic index 554; 1.4 s; peak memory 833 MiB.
2026-10-05T10:05:03Z INFO [3007/3739] 50810d06-e10c-42fa-ad7a-ddc386fdbcd6: cophenetic index 466; 1.3 s; peak memory 833 MiB.
2026-10-05T10:05:04Z INFO [3008/3739] 50824ad6-adf5-4eff-9e32-25d886701932: cophenetic index 605; 1.2 s; peak memory 833 MiB.
2026-10-05T10:05:05Z INFO [3009/3739] 5082ad15-4835-4bc6-91d0-dba9cebe86d4: cophenetic index 2974; 1.2 s; peak memory 833 MiB.
2026-10-05T10:05:06Z INFO [3010/3739] 5082d6a6-65be-410a-9335-f066479b032d: cophenetic index 624; 1.1 s; peak memory 833 MiB.
2026-10-05T10:05:08Z INFO [3011/3739] 508346b7-5ed0-4590-b62e-228b86e72970: cophenetic index 621; 1.4 s; peak memory 833 MiB.
2026-10-05T10:05:09Z INFO [3012/3739] 50834841-f364-4049-a4fe-6f244b7cdd75: cophenetic index 3215; 1.1 s; peak memory 833 MiB.
2026-10-05T10:05:10Z INFO [3013/3739] 50837b9e-c579-4f54-8714-75ce7eb91647: cophenetic index 2570; 1.6 s; peak memory 833 MiB.
2026-10-05T10:05:12Z INFO [3014/3739] 50837d81-f4c4-489d-9652-e58e16371b5a: cophenetic index 431; 1.1 s; peak memory 833 MiB.
2026-10-05T10:05:13Z INFO [3015/3739] 508385a7-1fef-477b-bc9d-e0b4971cd6f2: cophenetic index 624; 1.0 s; peak memory 833 MiB.
2026-10-05T10:05:14Z INFO [3016/3739] 5084530e-08d2-416e-a00f-792800f6c4ab: cophenetic index 33962; 1.6 s; peak memory 833 MiB.
2026-10-05T10:05:17Z INFO [3017/3739] 5087187c-0b26-4665-b3c4-05dc16bc0ca7: cophenetic index 2402; 2.7 s; peak memory 833 MiB.
2026-10-05T10:05:18Z INFO [3018/3739] 508733a3-18a6-4742-9b58-4a1239eff7e5: cophenetic index 581; 1.1 s; peak memory 833 MiB.
2026-10-05T10:05:19Z INFO [3019/3739] 5087b69a-abe8-419a-be1e-70f158a38504: cophenetic index 725; 1.2 s; peak memory 833 MiB.
2026-10-05T10:05:24Z INFO [3020/3739] 5088251b-2bd5-4a38-8fb0-7dbfd2f076f8: cophenetic index 45162; 4.7 s; peak memory 833 MiB.
2026-10-05T10:05:25Z INFO [3021/3739] 508898e2-4545-4115-9e4d-5c5fdcd51e53: cophenetic index 33968; 1.5 s; peak memory 833 MiB.
2026-10-05T10:05:27Z INFO [3022/3739] 5088d69d-d972-412c-96da-9bcd7122e085: cophenetic index 3004; 1.2 s; peak memory 833 MiB.
2026-10-05T10:05:29Z INFO [3023/3739] 508982fb-157e-4ed1-a4ff-ba9f90dd303d: cophenetic index 895; 2.2 s; peak memory 833 MiB.
2026-10-05T10:05:31Z INFO [3024/3739] 50899f53-e950-457c-b439-799d38025867: cophenetic index 863; 1.8 s; peak memory 833 MiB.
2026-10-05T10:05:31Z INFO [3025/3739] 508a2a4f-c41d-454c-81b9-053909a3e16a: cophenetic index 630; 0.9 s; peak memory 833 MiB.
2026-10-05T10:05:32Z INFO [3026/3739] 508bf851-f117-47d4-a820-1c3c1a3c3a22: cophenetic index 624; 1.0 s; peak memory 833 MiB.
2026-10-05T10:05:34Z INFO [3027/3739] 508c164e-08f2-4dc5-8095-8fc547be06a7: cophenetic index 99138; 1.7 s; peak memory 833 MiB.
2026-10-05T10:05:35Z INFO [3028/3739] 508d5e6e-a259-4174-bb2c-26e5b41ba34a: cophenetic index 624; 1.1 s; peak memory 833 MiB.
2026-10-05T10:05:47Z INFO [3029/3739] 508db30b-d439-40bb-b7d5-31dfe2a38d25: cophenetic index 186478; 11.3 s; peak memory 833 MiB.
2026-10-05T10:05:47Z INFO [3030/3739] 508dcb29-01fb-4d20-8332-29ae49748234: cophenetic index 490; 0.7 s; peak memory 833 MiB.
2026-10-05T10:05:54Z INFO [3031/3739] 508e3765-c2b0-4857-9d4f-0b4574823b9f: cophenetic index 14699; 6.9 s; peak memory 833 MiB.
2026-10-05T10:05:56Z INFO [3032/3739] 508e7a81-4375-42b5-9c44-6c91885d1d91: cophenetic index 2625; 1.6 s; peak memory 833 MiB.
2026-10-05T10:05:57Z INFO [3033/3739] 508f32bc-c3f2-4553-8f0f-bc631972325e: cophenetic index 624; 1.0 s; peak memory 833 MiB.
2026-10-05T10:05:59Z INFO [3034/3739] 508f42bf-f854-4749-8bcb-0e346075cef6: cophenetic index 99150; 2.3 s; peak memory 833 MiB.
2026-10-05T10:06:04Z INFO [3035/3739] 508fbb02-09f0-4c54-a8d6-c94b0990ba52: cophenetic index 378722; 4.9 s; peak memory 833 MiB.
2026-10-05T10:06:05Z INFO [3036/3739] 508fd801-88f0-4fd8-8dd8-cd0bc50319e7: cophenetic index 3004; 1.5 s; peak memory 833 MiB.
2026-10-05T10:06:08Z INFO [3037/3739] 50902e42-4cff-4619-8577-9f6318b39124: cophenetic index 2402; 2.7 s; peak memory 833 MiB.
2026-10-05T10:06:09Z INFO [3038/3739] 5090a5da-ddb6-49cf-88ba-a96000a11a6f: cophenetic index 431; 1.3 s; peak memory 833 MiB.
2026-10-05T10:06:22Z INFO [3039/3739] 50913268-86ec-4951-b7ff-25c463e68598: cophenetic index 200072; 12.2 s; peak memory 833 MiB.
2026-10-05T10:06:29Z INFO [3040/3739] 50913766-d339-48a7-a322-648d98f4a178: cophenetic index 19418; 7.1 s; peak memory 833 MiB.
2026-10-05T10:06:30Z INFO [3041/3739] 509212f5-bf38-40b4-8d7e-a0dd3ea60584: cophenetic index 2974; 1.2 s; peak memory 833 MiB.
2026-10-05T10:06:31Z INFO [3042/3739] 50928165-6423-4b26-a5e7-d96870e846ec: cophenetic index 560; 0.9 s; peak memory 833 MiB.
2026-10-05T10:06:32Z INFO [3043/3739] 50936924-0d8c-49ad-b868-33a203435360: cophenetic index 490; 0.9 s; peak memory 833 MiB.
2026-10-05T10:06:33Z INFO [3044/3739] 5093c941-4595-4520-825d-53ad90e13747: cophenetic index 2932; 1.2 s; peak memory 833 MiB.
2026-10-05T10:06:34Z INFO [3045/3739] 5093e911-7323-48da-9455-d545dd14251c: cophenetic index 1006; 1.4 s; peak memory 833 MiB.
2026-10-05T10:06:35Z INFO [3046/3739] 5093fe71-ec28-4e64-9bd4-0113c96a016d: cophenetic index 431; 1.0 s; peak memory 833 MiB.
2026-10-05T10:06:36Z INFO [3047/3739] 5094d476-8a7c-4eb1-a392-97664506ca19: cophenetic index 624; 1.0 s; peak memory 833 MiB.
2026-10-05T10:06:38Z INFO [3048/3739] 5094e461-6a9c-4a47-b2fb-79d2b76ff8ff: cophenetic index 1087; 1.4 s; peak memory 833 MiB.
2026-10-05T10:06:39Z INFO [3049/3739] 5094f84d-0629-45e9-866f-32fc63959bf6: cophenetic index 23206; 1.4 s; peak memory 833 MiB.
2026-10-05T10:06:42Z INFO [3050/3739] 50950f4b-d4e8-4742-9501-7a2307c85ca8: cophenetic index 3430; 3.1 s; peak memory 833 MiB.
2026-10-05T10:06:42Z INFO [3050/3739] 50950f4b-d4e8-4742-9501-7a2307c85ca8: checkpointed 85775 records.
2026-10-05T10:06:43Z INFO [3051/3739] 50951ab7-3dcb-4ec1-93ea-a51123921887: cophenetic index 441; 1.2 s; peak memory 833 MiB.
2026-10-05T10:06:45Z INFO [3052/3739] 5095cf85-5529-4f82-83c3-f51912846dad: cophenetic index 2625; 1.4 s; peak memory 833 MiB.
2026-10-05T10:06:46Z INFO [3053/3739] 50960099-1b3a-4d46-8ac5-16a06c7076bf: cophenetic index 605; 1.4 s; peak memory 833 MiB.
2026-10-05T10:06:49Z INFO [3054/3739] 50964792-8542-4026-8d72-5f527566e858: cophenetic index 2402; 2.6 s; peak memory 833 MiB.
2026-10-05T10:06:57Z INFO [3055/3739] 509659e8-cf00-478f-83dc-0f529d99c3e0: cophenetic index 115228; 8.4 s; peak memory 833 MiB.
2026-10-05T10:06:59Z INFO [3056/3739] 50971882-307f-4ddf-9d33-7f8e63614316: cophenetic index 2974; 1.3 s; peak memory 833 MiB.
2026-10-05T10:07:47Z INFO [3057/3739] 50989a76-16e6-4cc6-953d-bf1d409fe13d: cophenetic index 8548602; 48.4 s; peak memory 833 MiB.
2026-10-05T10:07:48Z INFO [3058/3739] 5098a86f-083e-4ead-bbdb-19c5b227f06c: cophenetic index 413; 1.1 s; peak memory 833 MiB.
2026-10-05T10:07:49Z INFO [3059/3739] 5098db94-cba3-4456-a8dc-695ff7e1e876: cophenetic index 626; 1.2 s; peak memory 833 MiB.
2026-10-05T10:07:51Z INFO [3060/3739] 509983c6-d827-4df2-add9-ea8b00dd89ba: cophenetic index 3004; 1.4 s; peak memory 833 MiB.
2026-10-05T10:08:01Z INFO [3061/3739] 5099fe73-af40-4311-8173-1213da5b5f9b: cophenetic index 33902; 10.3 s; peak memory 833 MiB.
2026-10-05T10:08:02Z INFO [3062/3739] 509a706c-5c76-4159-909c-13e8c816af79: cophenetic index 788; 1.3 s; peak memory 833 MiB.
2026-10-05T10:08:08Z INFO [3063/3739] 509b1a0d-f731-47cb-8eed-9606fbcc7e18: cophenetic index 6218; 5.8 s; peak memory 833 MiB.
2026-10-05T10:08:12Z INFO [3064/3739] 509b4c9f-30b6-443c-8cf4-b725dd4b596f: cophenetic index 3844; 3.7 s; peak memory 833 MiB.
2026-10-05T10:08:13Z INFO [3065/3739] 509bd1bf-22d6-4aef-b786-6f47ac007cc9: cophenetic index 624; 1.0 s; peak memory 833 MiB.
2026-10-05T10:08:15Z INFO [3066/3739] 509be1e3-edf9-48de-955a-66e03dd6d4f7: cophenetic index 23853; 1.9 s; peak memory 833 MiB.
2026-10-05T10:08:17Z INFO [3067/3739] 509be405-60b3-4eec-be50-a1f824944229: cophenetic index 2682; 2.3 s; peak memory 833 MiB.
2026-10-05T10:08:22Z INFO [3068/3739] 509d1ae7-05a4-44f3-81fe-0118665b99b6: cophenetic index 60546; 5.5 s; peak memory 833 MiB.
2026-10-05T10:08:23Z INFO [3069/3739] 509d8d2f-d224-44bb-bf1a-fb10ef1cdf5c: cophenetic index 560; 1.0 s; peak memory 833 MiB.
2026-10-05T10:08:25Z INFO [3070/3739] 509e7843-6d04-48a1-9821-27b5941428f7: cophenetic index 2682; 2.0 s; peak memory 833 MiB.
2026-10-05T10:08:27Z INFO [3071/3739] 509ea27c-e439-4755-99ff-dfbe49189f00: cophenetic index 3087; 1.4 s; peak memory 833 MiB.
2026-10-05T10:08:29Z INFO [3072/3739] 509f3456-c921-45be-b946-94d1556f4d6a: cophenetic index 895; 2.1 s; peak memory 833 MiB.
2026-10-05T10:08:36Z INFO [3073/3739] 509fbfa1-6e61-4f32-b9e4-f19b610f6bb3: cophenetic index 20444; 7.0 s; peak memory 833 MiB.
2026-10-05T10:08:41Z INFO [3074/3739] 509ff594-3111-4ee5-a263-371997f361e3: cophenetic index 9548; 5.3 s; peak memory 833 MiB.
2026-10-05T10:08:43Z INFO [3075/3739] 50a068d6-8484-4db7-aa3a-2e8d7546cb17: cophenetic index 2625; 1.7 s; peak memory 833 MiB.
2026-10-05T10:08:44Z INFO [3076/3739] 50a0cff9-db6a-42c0-b623-1e7a8a3fc485: cophenetic index 624; 1.0 s; peak memory 833 MiB.
2026-10-05T10:08:45Z INFO [3077/3739] 50a20844-af9e-4a99-b6d1-200d9692a7fc: cophenetic index 490; 1.1 s; peak memory 833 MiB.
2026-10-05T10:08:46Z INFO [3078/3739] 50a247d6-f724-431b-b18f-58b05be46588: cophenetic index 3004; 1.3 s; peak memory 833 MiB.
2026-10-05T10:08:47Z INFO [3079/3739] 50a337c9-2d25-46a1-87d1-69ce2d520579: cophenetic index 624; 1.1 s; peak memory 833 MiB.
2026-10-05T10:08:48Z INFO [3080/3739] 50a3ab69-c549-4ef8-9805-e885eb0d9d60: cophenetic index 761; 0.7 s; peak memory 833 MiB.
2026-10-05T10:08:50Z INFO [3081/3739] 50a3cd1e-68c2-4dcb-97f6-58e5f3ae21f6: cophenetic index 2625; 1.8 s; peak memory 833 MiB.
2026-10-05T10:08:51Z INFO [3082/3739] 50a3fcc3-c2fe-4fba-8127-4334e5133233: cophenetic index 624; 1.1 s; peak memory 833 MiB.
2026-10-05T10:08:52Z INFO [3083/3739] 50a51507-c6d7-4ccc-a875-e4e77259920e: cophenetic index 624; 0.9 s; peak memory 833 MiB.
2026-10-05T10:08:54Z INFO [3084/3739] 50a64907-d3ba-47a6-88e9-65a987b2dcd2: cophenetic index 2682; 2.6 s; peak memory 833 MiB.
2026-10-05T10:08:56Z INFO [3085/3739] 50a65349-1811-47bc-bfb0-61029f6110fd: cophenetic index 3004; 1.2 s; peak memory 833 MiB.
2026-10-05T10:08:58Z INFO [3086/3739] 50a6773f-9cc2-403b-aba5-e6aa6e91c4f7: cophenetic index 1114; 1.9 s; peak memory 833 MiB.
2026-10-05T10:08:59Z INFO [3087/3739] 50a6a292-aaab-4c18-86b0-db5603b8ac37: cophenetic index 624; 1.1 s; peak memory 833 MiB.
2026-10-05T10:09:00Z INFO [3088/3739] 50a6baac-b555-4dda-82f7-13879d549a08: cophenetic index 626; 1.3 s; peak memory 833 MiB.
2026-10-05T10:09:11Z INFO [3089/3739] 50a7ddef-2916-41a0-8878-7082b3db6f0d: cophenetic index 236150; 11.2 s; peak memory 833 MiB.
2026-10-05T10:09:13Z INFO [3090/3739] 50a81273-caec-48e0-9e02-be187e513827: cophenetic index 2625; 1.7 s; peak memory 833 MiB.
2026-10-05T10:09:22Z INFO [3091/3739] 50a8d457-9a46-450e-bed1-7fb225b275be: cophenetic index 49731; 9.4 s; peak memory 833 MiB.
2026-10-05T10:09:23Z INFO [3092/3739] 50a8e7d8-fb45-4036-956a-8e225d94d490: cophenetic index 1228; 0.9 s; peak memory 833 MiB.
2026-10-05T10:09:26Z INFO [3093/3739] 50a9151e-4847-47bf-a119-56e8fc8ef7a6: cophenetic index 2402; 2.6 s; peak memory 833 MiB.
2026-10-05T10:09:29Z INFO [3094/3739] 50a9bc18-d651-4e9a-8d14-83fc19c76a10: cophenetic index 2236; 3.1 s; peak memory 833 MiB.
2026-10-05T10:09:41Z INFO [3095/3739] 50a9d4f5-2691-457d-9463-80cee949b389: cophenetic index 211121; 12.1 s; peak memory 833 MiB.
2026-10-05T10:09:42Z INFO [3096/3739] 50a9f598-f455-416b-9716-a838ef301715: cophenetic index 624; 1.1 s; peak memory 833 MiB.
2026-10-05T10:09:57Z INFO [3097/3739] 50aada55-7038-4ea4-97ad-e65ebfa5610e: cophenetic index 356211; 15.5 s; peak memory 833 MiB.
2026-10-05T10:09:59Z INFO [3098/3739] 50ab7579-d6fa-4edc-a1b7-630dade8fb93: cophenetic index 515; 2.0 s; peak memory 833 MiB.
2026-10-05T10:10:01Z INFO [3099/3739] 50ab8341-1511-4c41-809a-c7c9ae96a7bf: cophenetic index 33998; 2.0 s; peak memory 833 MiB.
2026-10-05T10:10:13Z INFO [3100/3739] 50ad1d44-bd50-4f6e-ba51-af57f6949fb9: cophenetic index 43719041; 11.6 s; peak memory 833 MiB.
2026-10-05T10:10:13Z INFO [3100/3739] 50ad1d44-bd50-4f6e-ba51-af57f6949fb9: checkpointed 85825 records.
2026-10-05T10:10:14Z INFO [3101/3739] 50ae4b77-cb10-4c9d-afd0-4c634aa57e88: cophenetic index 657; 1.0 s; peak memory 833 MiB.
2026-10-05T10:10:15Z INFO [3102/3739] 50aea068-021a-429a-8d62-4bb595ab0e97: cophenetic index 624; 0.9 s; peak memory 833 MiB.
2026-10-05T10:10:16Z INFO [3103/3739] 50af807a-7efb-4402-bc72-cb1f2c6b2f55: cophenetic index 624; 1.2 s; peak memory 833 MiB.
2026-10-05T10:10:17Z INFO [3104/3739] 50b040db-9295-414b-9943-bcb58f341526: cophenetic index 624; 1.1 s; peak memory 833 MiB.
2026-10-05T10:10:20Z INFO [3105/3739] 50b10318-71f2-4d12-8a6e-28ba6ef85164: cophenetic index 662; 2.5 s; peak memory 833 MiB.
2026-10-05T10:10:21Z INFO [3106/3739] 50b112af-9e7e-4986-92ec-5322b25dc01f: cophenetic index 33986; 1.6 s; peak memory 833 MiB.
2026-10-05T10:10:23Z INFO [3107/3739] 50b1a99a-7789-4d76-9feb-ded0aaa84a49: cophenetic index 33998; 2.1 s; peak memory 833 MiB.
2026-10-05T10:10:26Z INFO [3108/3739] 50b1d58e-fa5a-4af4-bac3-3ba07b732a18: cophenetic index 2609; 2.1 s; peak memory 833 MiB.
2026-10-05T10:10:27Z INFO [3109/3739] 50b2076e-f4de-4486-909b-3981abb79ffb: cophenetic index 649; 1.3 s; peak memory 833 MiB.
2026-10-05T10:10:28Z INFO [3110/3739] 50b2f470-56c7-441b-964c-c33121169a74: cophenetic index 3004; 1.2 s; peak memory 833 MiB.
2026-10-05T10:10:29Z INFO [3111/3739] 50b3038f-91fd-4dac-b103-28be5a860cb1: cophenetic index 2625; 1.3 s; peak memory 833 MiB.
2026-10-05T10:10:35Z INFO [3112/3739] 50b32889-65a4-4e21-b92a-d64bf61fdf23: cophenetic index 87573; 5.6 s; peak memory 833 MiB.
2026-10-05T10:10:36Z INFO [3113/3739] 50b39269-41ba-4fc6-915f-8eaf9fd9cddf: cophenetic index 2625; 1.4 s; peak memory 833 MiB.
2026-10-05T10:10:38Z INFO [3114/3739] 50b585c9-1621-41f1-aed6-f1f9f74d680c: cophenetic index 3004; 1.2 s; peak memory 833 MiB.
2026-10-05T10:10:38Z INFO [3115/3739] 50b5a9e9-3ff8-49c8-8bdd-96cbd27d25ef: cophenetic index 690; 0.9 s; peak memory 833 MiB.
2026-10-05T10:10:40Z INFO [3116/3739] 50b5e436-e250-4296-bcad-fc6dc3516908: cophenetic index 33968; 1.6 s; peak memory 833 MiB.
2026-10-05T10:10:42Z INFO [3117/3739] 50b671fc-0ed9-4027-a3fa-8978cd501f23: cophenetic index 33962; 1.5 s; peak memory 833 MiB.
2026-10-05T10:10:44Z INFO [3118/3739] 50b6abd1-120f-4b8f-9ec1-7e67d36f2796: cophenetic index 2524; 2.7 s; peak memory 833 MiB.
2026-10-05T10:10:46Z INFO [3119/3739] 50b750fd-45be-4e6a-989d-2e1d537d1d04: cophenetic index 3004; 1.4 s; peak memory 833 MiB.
2026-10-05T10:10:47Z INFO [3120/3739] 50b80e36-3573-445e-94f1-e66a57c9c174: cophenetic index 3087; 1.3 s; peak memory 833 MiB.
2026-10-05T10:10:48Z INFO [3121/3739] 50b89431-13ac-487a-a514-2a1f1d67d80d: cophenetic index 3004; 1.3 s; peak memory 833 MiB.
2026-10-05T10:10:56Z INFO [3122/3739] 50b8d533-74ab-4530-a01d-4c6075db6d01: cophenetic index 87781; 8.1 s; peak memory 833 MiB.
2026-10-05T10:10:58Z INFO [3123/3739] 50baec8b-c218-4731-af4f-fffaa15c0fe9: cophenetic index 2625; 2.0 s; peak memory 833 MiB.
2026-10-05T10:11:00Z INFO [3124/3739] 50bb15c6-42e4-4da0-bcb2-f235898d21e4: cophenetic index 1904; 1.2 s; peak memory 833 MiB.
2026-10-05T10:11:01Z INFO [3125/3739] 50bc2482-e3aa-4a5c-a577-d9fa0a1db3b4: cophenetic index 2625; 1.5 s; peak memory 833 MiB.
2026-10-05T10:11:02Z INFO [3126/3739] 50bcbfcc-78b8-4f4e-8a4d-f56eeba1edc5: cophenetic index 439; 1.4 s; peak memory 833 MiB.
2026-10-05T10:11:04Z INFO [3127/3739] 50bcdebb-0f2f-4ef9-91f7-8522786a1836: cophenetic index 613; 1.8 s; peak memory 833 MiB.
2026-10-05T10:11:05Z INFO [3128/3739] 50bd6652-59fc-48fd-bdd2-96545695e0bd: cophenetic index 624; 0.9 s; peak memory 833 MiB.
2026-10-05T10:11:08Z INFO [3129/3739] 50bdc87c-76df-4dc4-b4ec-b5e64be7a322: cophenetic index 2469; 3.0 s; peak memory 833 MiB.
2026-10-05T10:11:11Z INFO [3130/3739] 50bfa883-f2ef-49a8-a2d5-7161408945d2: cophenetic index 2609; 2.6 s; peak memory 833 MiB.
2026-10-05T10:11:14Z INFO [3131/3739] 50bfee00-c3de-462b-b93a-fa6709c6f683: cophenetic index 2469; 2.8 s; peak memory 833 MiB.
2026-10-05T10:11:37Z INFO [3132/3739] 50c0067e-82b3-4671-9385-5e33f840047d: cophenetic index 58288; 23.1 s; peak memory 833 MiB.
2026-10-05T10:11:38Z INFO [3133/3739] 50c14228-aa68-4787-88ed-6ee1374f5820: cophenetic index 624; 1.0 s; peak memory 833 MiB.
2026-10-05T10:11:39Z INFO [3134/3739] 50c17ed0-5e29-4aaa-a44c-51ea99740597: cophenetic index 645; 1.2 s; peak memory 833 MiB.
2026-10-05T10:11:40Z INFO [3135/3739] 50c18037-0519-45d6-bc26-6222ab4cd087: cophenetic index 33968; 1.4 s; peak memory 833 MiB.
2026-10-05T10:11:42Z INFO [3136/3739] 50c25739-025d-4276-9c9d-075805fd404f: cophenetic index 2625; 1.7 s; peak memory 833 MiB.
2026-10-05T10:11:43Z INFO [3137/3739] 50c2b2b4-1ead-4a70-bbd3-d7a8bb739462: cophenetic index 627; 1.0 s; peak memory 833 MiB.
2026-10-05T10:11:44Z INFO [3138/3739] 50c2c03b-87a1-47f2-9cca-a577e4cc2b0b: cophenetic index 3087; 1.2 s; peak memory 833 MiB.
2026-10-05T10:11:45Z INFO [3139/3739] 50c33635-5ac0-4f55-a8f6-c56045fa472a: cophenetic index 624; 1.0 s; peak memory 833 MiB.
2026-10-05T10:11:46Z INFO [3140/3739] 50c39120-e723-4981-ba6e-46b8c60bf08a: cophenetic index 3004; 1.2 s; peak memory 833 MiB.
2026-10-05T10:11:48Z INFO [3141/3739] 50c3e928-9802-4af2-b558-fa6232373fc3: cophenetic index 572; 1.3 s; peak memory 833 MiB.
2026-10-05T10:11:49Z INFO [3142/3739] 50c426c4-b51f-4673-92f0-a3b910178179: cophenetic index 624; 1.0 s; peak memory 833 MiB.
2026-10-05T10:11:50Z INFO [3143/3739] 50c45d5f-e8de-4389-9408-ef5e74675100: cophenetic index 815; 1.6 s; peak memory 833 MiB.
2026-10-05T10:11:58Z INFO [3144/3739] 50c4e9e8-3715-4172-b363-fd2030a90c1f: cophenetic index 80027; 7.8 s; peak memory 833 MiB.
2026-10-05T10:12:00Z INFO [3145/3739] 50c680c5-ed50-4dbe-a629-7ef9f9292ad0: cophenetic index 33998; 2.3 s; peak memory 833 MiB.
2026-10-05T10:12:04Z INFO [3146/3739] 50c70686-a61c-4e73-bf52-d3317df3661a: cophenetic index 2391; 3.3 s; peak memory 833 MiB.
2026-10-05T10:12:09Z INFO [3147/3739] 50c7a4fc-9fed-490a-be8e-674cd754bec3: cophenetic index 43851; 5.0 s; peak memory 833 MiB.
2026-10-05T10:12:16Z INFO [3148/3739] 50c8cfe7-0779-48a9-aecb-9b78b2a66b0c: cophenetic index 85259; 7.3 s; peak memory 833 MiB.
2026-10-05T10:12:17Z INFO [3149/3739] 50c93570-647d-4846-8ca0-33028031bf6a: cophenetic index 3004; 1.1 s; peak memory 833 MiB.
2026-10-05T10:12:18Z INFO [3150/3739] 50ca4e8e-6a19-4335-a732-d93652700eb0: cophenetic index 3004; 1.2 s; peak memory 833 MiB.
2026-10-05T10:12:18Z INFO [3150/3739] 50ca4e8e-6a19-4335-a732-d93652700eb0: checkpointed 85875 records.
2026-10-05T10:12:19Z INFO [3151/3739] 50ca529e-b4fa-496f-b3c6-92c8224ba35a: cophenetic index 651; 0.9 s; peak memory 833 MiB.
2026-10-05T10:12:20Z INFO [3152/3739] 50cb792f-898d-4eb9-a82f-42ad5f5123b0: cophenetic index 624; 1.1 s; peak memory 833 MiB.
2026-10-05T10:12:24Z INFO [3153/3739] 50cbb897-a5ba-4f46-9dcc-4b80d7cd36bf: cophenetic index 42542; 3.5 s; peak memory 833 MiB.
2026-10-05T10:12:36Z INFO [3154/3739] 50cc1a1b-631d-4ab3-b74b-23c82aee2ffa: cophenetic index 4288226; 12.6 s; peak memory 833 MiB.
2026-10-05T10:12:38Z INFO [3155/3739] 50cc304a-63cb-453e-bbcd-23f1a0991a18: cophenetic index 581; 1.6 s; peak memory 833 MiB.
2026-10-05T10:12:40Z INFO [3156/3739] 50ccfebe-2662-4d84-a067-340c965ef9e5: cophenetic index 99138; 1.8 s; peak memory 833 MiB.
2026-10-05T10:12:43Z INFO [3157/3739] 50ce3260-0b9b-4022-87d1-6b7c00f28e44: cophenetic index 895; 2.9 s; peak memory 833 MiB.
2026-10-05T10:12:49Z INFO [3158/3739] 50ce5719-766a-4c9f-b342-792db3b783d6: cophenetic index 32510; 5.8 s; peak memory 833 MiB.
2026-10-05T10:13:00Z INFO [3159/3739] 50cfba61-080c-4b5e-90a7-9877069efcb9: cophenetic index 475482; 11.8 s; peak memory 833 MiB.
2026-10-05T10:13:02Z INFO [3160/3739] 50d04a77-82d2-4222-ae4b-fafef442efa8: cophenetic index 33968; 1.7 s; peak memory 833 MiB.
2026-10-05T10:13:08Z INFO [3161/3739] 50d140db-1e70-4491-a6e7-7e7663337d99: cophenetic index 87573; 6.0 s; peak memory 833 MiB.
2026-10-05T10:13:09Z INFO [3162/3739] 50d1b63b-a79b-4483-babe-a9db5e569160: cophenetic index 722; 1.4 s; peak memory 833 MiB.
2026-10-05T10:13:11Z INFO [3163/3739] 50d1fc81-70ba-4bb7-a189-f0bd58944b44: cophenetic index 2625; 1.8 s; peak memory 833 MiB.
2026-10-05T10:13:12Z INFO [3164/3739] 50d204ee-fdec-4e0e-9f97-b74b00f12c09: cophenetic index 624; 1.0 s; peak memory 833 MiB.
2026-10-05T10:13:14Z INFO [3165/3739] 50d2de4b-a3fe-4624-8979-32ca2173a324: cophenetic index 850; 1.8 s; peak memory 833 MiB.
2026-10-05T10:13:16Z INFO [3166/3739] 50d2f1bb-55bc-4c53-bb87-0a865ceb3891: cophenetic index 33968; 1.4 s; peak memory 833 MiB.
2026-10-05T10:13:17Z INFO [3167/3739] 50d2f9f5-14a7-4d1b-a916-93db2e0dd165: cophenetic index 448; 1.2 s; peak memory 833 MiB.
2026-10-05T10:13:18Z INFO [3168/3739] 50d3b8da-880e-40b6-85b1-2fdb02285f3a: cophenetic index 649; 1.4 s; peak memory 833 MiB.
2026-10-05T10:13:23Z INFO [3169/3739] 50d43747-639e-4bfd-bc2d-3da5f2085c58: cophenetic index 9298; 5.0 s; peak memory 833 MiB.
2026-10-05T10:13:24Z INFO [3170/3739] 50d51e71-3939-4ff7-a758-196222b7b600: cophenetic index 624; 1.0 s; peak memory 833 MiB.
2026-10-05T10:13:26Z INFO [3171/3739] 50d60029-200f-4802-9edc-8eab365ffcda: cophenetic index 33968; 1.8 s; peak memory 833 MiB.
2026-10-05T10:13:33Z INFO [3172/3739] 50d7dec5-330e-4b0b-8205-43bc845ca587: cophenetic index 6715; 7.4 s; peak memory 833 MiB.
2026-10-05T10:13:38Z INFO [3173/3739] 50d83e68-bcf4-466a-98d6-d0abaed2a5cf: cophenetic index 6338; 4.6 s; peak memory 833 MiB.
2026-10-05T10:13:46Z INFO [3174/3739] 50d874bd-ac4f-4e4a-b5f5-af5eb3173a01: cophenetic index 178722; 7.8 s; peak memory 833 MiB.
2026-10-05T10:13:47Z INFO [3175/3739] 50d93001-4245-454e-a7be-38cf48f85781: cophenetic index 581; 1.1 s; peak memory 833 MiB.
2026-10-05T10:13:48Z INFO [3176/3739] 50da1d62-4a90-4dfc-8c6a-e7b2d47066e1: cophenetic index 1983; 1.6 s; peak memory 833 MiB.
2026-10-05T10:13:49Z INFO [3177/3739] 50da3649-8bc0-40f9-bb60-6431f4b79ea1: cophenetic index 543; 1.1 s; peak memory 833 MiB.
2026-10-05T10:13:51Z INFO [3178/3739] 50da83ba-88de-49fc-b8df-d1fe6d7fa478: cophenetic index 624; 1.2 s; peak memory 833 MiB.
2026-10-05T10:13:55Z INFO [3179/3739] 50db98c0-bda7-43fa-9622-07b84f42d2bf: cophenetic index 6338; 4.0 s; peak memory 833 MiB.
2026-10-05T10:13:59Z INFO [3180/3739] 50dbb2b7-fc36-4e43-ae0d-4080c65319c1: cophenetic index 121519; 4.3 s; peak memory 833 MiB.
2026-10-05T10:14:06Z INFO [3181/3739] 50dbd627-38c9-47f3-a822-112ed19d37d0: cophenetic index 14699; 7.2 s; peak memory 833 MiB.
2026-10-05T10:14:07Z INFO [3182/3739] 50dca60d-3e6f-48bd-acc8-fb20fbb88034: cophenetic index 431; 1.1 s; peak memory 833 MiB.
2026-10-05T10:14:09Z INFO [3183/3739] 50dd93bd-ee38-4829-a25e-7bc30ded0fd3: cophenetic index 536; 1.7 s; peak memory 833 MiB.
2026-10-05T10:14:10Z INFO [3184/3739] 50dee82e-ffa8-457e-8b64-1d728313b2bb: cophenetic index 3004; 1.4 s; peak memory 833 MiB.
2026-10-05T10:14:11Z INFO [3185/3739] 50df7d45-d30a-48e9-9f55-827e5dab1b4f: cophenetic index 624; 1.1 s; peak memory 833 MiB.
2026-10-05T10:14:14Z INFO [3186/3739] 50e02f8d-564d-4edf-a9b4-e422e443db83: cophenetic index 1149; 2.3 s; peak memory 833 MiB.
2026-10-05T10:14:15Z INFO [3187/3739] 50e04845-11c1-401a-be96-d527cad9913b: cophenetic index 2920; 1.1 s; peak memory 833 MiB.
2026-10-05T10:14:17Z INFO [3188/3739] 50e0cd6a-8438-4402-81bc-4685aec5946e: cophenetic index 2005; 1.9 s; peak memory 833 MiB.
2026-10-05T10:14:18Z INFO [3189/3739] 50e24099-33da-49b2-9668-f75bbae1f15a: cophenetic index 649; 1.2 s; peak memory 833 MiB.
2026-10-05T10:14:32Z INFO [3190/3739] 50e2c843-dd5d-459f-a7f2-37fc94657cdb: cophenetic index 457152; 14.3 s; peak memory 833 MiB.
2026-10-05T10:14:33Z INFO [3191/3739] 50e3ca5d-b3e6-4482-ac44-51693d7f4743: cophenetic index 624; 1.2 s; peak memory 833 MiB.
2026-10-05T10:14:35Z INFO [3192/3739] 50e3fc11-bfda-403c-8c82-a2c8c51c9004: cophenetic index 797; 1.8 s; peak memory 833 MiB.
2026-10-05T10:14:36Z INFO [3193/3739] 50e40d04-46ac-4ab6-b64b-ca1f60b224ef: cophenetic index 624; 1.1 s; peak memory 833 MiB.
2026-10-05T10:14:47Z INFO [3194/3739] 50e474ef-dcea-4528-9d92-66623a183629: cophenetic index 49912; 11.2 s; peak memory 833 MiB.
2026-10-05T10:14:49Z INFO [3195/3739] 50e4a1cd-2319-4761-9ca8-96ed021183f2: cophenetic index 2625; 1.6 s; peak memory 833 MiB.
2026-10-05T10:14:51Z INFO [3196/3739] 50e608f9-694b-4665-b1c1-ac1d8b596927: cophenetic index 33998; 1.7 s; peak memory 833 MiB.
2026-10-05T10:14:52Z INFO [3197/3739] 50e71cf1-cffa-4569-b8c5-1c2fdf2199d2: cophenetic index 99120; 1.7 s; peak memory 833 MiB.
2026-10-05T10:14:53Z INFO [3198/3739] 50e7d9be-2a8f-4275-8513-687124e8c11d: cophenetic index 624; 1.1 s; peak memory 833 MiB.
2026-10-05T10:14:55Z INFO [3199/3739] 50e8e8c0-831a-48b8-acbc-a5ca9a55c580: cophenetic index 937; 1.3 s; peak memory 833 MiB.
2026-10-05T10:14:56Z INFO [3200/3739] 50e93f31-a756-470f-8cd7-419450fd8387: cophenetic index 3087; 1.3 s; peak memory 833 MiB.
2026-10-05T10:14:56Z INFO [3200/3739] 50e93f31-a756-470f-8cd7-419450fd8387: checkpointed 85925 records.
2026-10-05T10:14:58Z INFO [3201/3739] 50eaf7bd-1205-46f2-a735-7f4f373a7e22: cophenetic index 630; 1.3 s; peak memory 833 MiB.
2026-10-05T10:14:59Z INFO [3202/3739] 50eb9007-8bdc-4366-b834-fc51e4d86d53: cophenetic index 2974; 1.3 s; peak memory 833 MiB.
2026-10-05T10:15:00Z INFO [3203/3739] 50ec6b34-26ee-4fa6-adfc-6c1a4949371f: cophenetic index 791; 1.2 s; peak memory 833 MiB.
2026-10-05T10:15:01Z INFO [3204/3739] 50ecf766-d52b-4209-875c-29440e1648dc: cophenetic index 3004; 1.3 s; peak memory 833 MiB.
2026-10-05T10:15:03Z INFO [3205/3739] 50ed4092-f203-4bff-93c0-e54b5322577d: cophenetic index 2625; 1.4 s; peak memory 833 MiB.
2026-10-05T10:15:06Z INFO [3206/3739] 50ee6816-1dd5-41ea-90e4-13835ff34d5a: cophenetic index 8258; 3.2 s; peak memory 833 MiB.
2026-10-05T10:15:09Z INFO [3207/3739] 50ef2dd2-f2eb-4200-8929-30a1a3248a43: cophenetic index 2402; 2.7 s; peak memory 833 MiB.
2026-10-05T10:15:10Z INFO [3208/3739] 50ef380b-7769-4b8c-8c8d-f2a01753d4ab: cophenetic index 627; 1.0 s; peak memory 833 MiB.
2026-10-05T10:15:17Z INFO [3209/3739] 50efec10-fb3a-4138-8b1e-9e000670e903: cophenetic index 89352; 7.0 s; peak memory 833 MiB.
2026-10-05T10:15:17Z INFO [3210/3739] 50f0b5cc-5cc1-4594-b288-9c597e7fa083: cophenetic index 690; 0.8 s; peak memory 833 MiB.
2026-10-05T10:15:19Z INFO [3211/3739] 50f14d44-423f-4fd5-8cd6-1bc536ba4af7: cophenetic index 2625; 1.3 s; peak memory 833 MiB.
2026-10-05T10:15:20Z INFO [3212/3739] 50f209e2-4f5a-44af-9526-68b3265d9def: cophenetic index 624; 0.9 s; peak memory 833 MiB.
2026-10-05T10:15:22Z INFO [3213/3739] 50f20bb9-a796-44c8-86c6-5525c11091d3: cophenetic index 972; 2.0 s; peak memory 833 MiB.
2026-10-05T10:15:23Z INFO [3214/3739] 50f218fc-a402-4940-b4e1-70a951341d8e: cophenetic index 809; 1.7 s; peak memory 833 MiB.
2026-10-05T10:15:26Z INFO [3215/3739] 50f21e02-f502-48f8-88e0-32a3ece33c84: cophenetic index 2391; 3.0 s; peak memory 833 MiB.
2026-10-05T10:15:27Z INFO [3216/3739] 50f2583e-a2c2-45c2-9003-dc3418590d70: cophenetic index 624; 0.9 s; peak memory 833 MiB.
2026-10-05T10:15:28Z INFO [3217/3739] 50f25a1a-57ff-45dd-b98d-eb7ea4b62d93: cophenetic index 3004; 1.1 s; peak memory 833 MiB.
2026-10-05T10:15:31Z INFO [3218/3739] 50f37c45-17bf-44b0-81fe-2ce7bbe4a753: cophenetic index 6242; 3.1 s; peak memory 833 MiB.
2026-10-05T10:15:33Z INFO [3219/3739] 50f3e802-bec0-4a7c-80d6-75e70ef90e44: cophenetic index 23400; 1.2 s; peak memory 833 MiB.
2026-10-05T10:15:34Z INFO [3220/3739] 50f4102e-f1a7-45e9-817a-1c6255841638: cophenetic index 766; 1.6 s; peak memory 833 MiB.
2026-10-05T10:15:36Z INFO [3221/3739] 50f47e1f-d589-468d-8d46-9e613b5a0950: cophenetic index 3004; 1.4 s; peak memory 833 MiB.
2026-10-05T10:15:50Z INFO [3222/3739] 50f500ca-0526-4a7e-949c-23e56bec2aeb: cophenetic index 51243; 15.0 s; peak memory 833 MiB.
2026-10-05T10:15:51Z INFO [3223/3739] 50f685f6-a473-4aec-9eb8-2c48c3f94b3b: cophenetic index 2119; 0.9 s; peak memory 833 MiB.
2026-10-05T10:15:53Z INFO [3224/3739] 50f71f13-e300-4281-a020-197e3ef404cc: cophenetic index 2974; 1.4 s; peak memory 833 MiB.
2026-10-05T10:15:54Z INFO [3225/3739] 50f74fa1-e2e3-4117-a4fe-8528185dcdec: cophenetic index 431; 1.0 s; peak memory 833 MiB.
2026-10-05T10:15:55Z INFO [3226/3739] 50f75dda-6091-456b-bcf5-7cf539d2a912: cophenetic index 2625; 1.6 s; peak memory 833 MiB.
2026-10-05T10:15:58Z INFO [3227/3739] 50f7de06-2cb3-4e36-b529-1b7d0a53692d: cophenetic index 2469; 2.8 s; peak memory 833 MiB.
2026-10-05T10:15:59Z INFO [3228/3739] 50f7f68b-aa87-450f-b78f-8774d9866f45: cophenetic index 624; 1.0 s; peak memory 833 MiB.
2026-10-05T10:16:02Z INFO [3229/3739] 50f88c8d-c89f-4c50-bea0-5a8914d8cd78: cophenetic index 6490; 2.7 s; peak memory 833 MiB.
2026-10-05T10:16:03Z INFO [3230/3739] 50f97e85-a0a6-45b8-b5a9-7190448e5579: cophenetic index 2570; 1.4 s; peak memory 833 MiB.
2026-10-05T10:16:06Z INFO [3231/3739] 50f9fd31-3164-41aa-8ba9-dea28a435b1d: cophenetic index 2391; 2.8 s; peak memory 833 MiB.
2026-10-05T10:16:07Z INFO [3232/3739] 50fb2693-3acc-46b5-89fc-27746cf23128: cophenetic index 624; 0.9 s; peak memory 833 MiB.
2026-10-05T10:16:08Z INFO [3233/3739] 50fcebdb-8ad3-40d2-bc04-039726e46ff5: cophenetic index 624; 1.1 s; peak memory 833 MiB.
2026-10-05T10:16:15Z INFO [3234/3739] 50fd074c-697e-433c-b3ff-b65806e45366: cophenetic index 5466; 6.5 s; peak memory 833 MiB.
2026-10-05T10:16:22Z INFO [3235/3739] 50fec161-6519-49ad-9be0-24d9cc7cbbd1: cophenetic index 116449; 7.6 s; peak memory 833 MiB.
2026-10-05T10:16:23Z INFO [3236/3739] 50ff2c77-7a78-4845-aa14-d7bfcc025236: cophenetic index 624; 1.1 s; peak memory 833 MiB.
2026-10-05T10:16:24Z INFO [3237/3739] 50ffc011-387a-4955-bd85-6dbc5f690327: cophenetic index 3215; 1.0 s; peak memory 833 MiB.
2026-10-05T10:16:26Z INFO [3238/3739] 51004fcc-fdcc-4dc7-abfa-2379e4bb7725: cophenetic index 3004; 1.4 s; peak memory 833 MiB.
2026-10-05T10:16:41Z INFO [3239/3739] 5100b1e8-e0d7-4b24-8568-a3f916d5bfda: cophenetic index 869258; 15.2 s; peak memory 833 MiB.
2026-10-05T10:16:42Z INFO [3240/3739] 5100febd-ede5-437f-97de-ec4f94b0c820: cophenetic index 2974; 1.6 s; peak memory 833 MiB.
2026-10-05T10:16:44Z INFO [3241/3739] 5101fc57-9cba-4485-bcec-d238c56d7e40: cophenetic index 1087; 1.8 s; peak memory 833 MiB.
2026-10-05T10:16:45Z INFO [3242/3739] 51028809-15b0-4a6a-aae3-e0a6b2284beb: cophenetic index 569; 1.2 s; peak memory 833 MiB.
2026-10-05T10:16:46Z INFO [3243/3739] 51029263-a348-40f6-b073-9646f4016f07: cophenetic index 624; 0.9 s; peak memory 833 MiB.
2026-10-05T10:16:48Z INFO [3244/3739] 51029b02-190f-4397-a24c-5eabfbfbb041: cophenetic index 33998; 1.9 s; peak memory 833 MiB.
2026-10-05T10:16:50Z INFO [3245/3739] 5102c8d8-681e-489a-92ea-2465ddb5223e: cophenetic index 2625; 1.7 s; peak memory 833 MiB.
2026-10-05T10:16:58Z INFO [3246/3739] 51035090-9ad8-4f82-bdf8-6081701c6c6c: cophenetic index 111501; 8.1 s; peak memory 833 MiB.
2026-10-05T10:17:09Z INFO [3247/3739] 51035225-b986-48b6-8237-572e3ed30a6b: cophenetic index 48643; 11.0 s; peak memory 833 MiB.
2026-10-05T10:17:10Z INFO [3248/3739] 5103686f-3b09-4408-811a-416e99aaf328: cophenetic index 624; 1.1 s; peak memory 833 MiB.
2026-10-05T10:17:11Z INFO [3249/3739] 5103bc71-b3b9-4d31-acda-a4faaf5eec83: cophenetic index 1949; 1.4 s; peak memory 833 MiB.
2026-10-05T10:17:13Z INFO [3250/3739] 5104794e-8df2-406a-865a-56746363b736: cophenetic index 554; 1.4 s; peak memory 833 MiB.
2026-10-05T10:17:13Z INFO [3250/3739] 5104794e-8df2-406a-865a-56746363b736: checkpointed 85975 records.
2026-10-05T10:17:14Z INFO [3251/3739] 5104f1b5-990e-4b2d-a226-ddae3eefb54b: cophenetic index 3087; 1.4 s; peak memory 833 MiB.
2026-10-05T10:17:20Z INFO [3252/3739] 5105af62-3473-4038-a3fe-c14d5b50bfd1: cophenetic index 66310; 5.8 s; peak memory 833 MiB.
2026-10-05T10:17:27Z INFO [3253/3739] 5105c4bd-4f9e-4284-9498-ab2b289a2697: cophenetic index 3038; 6.8 s; peak memory 833 MiB.
2026-10-05T10:17:28Z INFO [3254/3739] 5105c6b4-5a12-4d47-a911-bc3ace927a7a: cophenetic index 627; 1.0 s; peak memory 833 MiB.
2026-10-05T10:17:29Z INFO [3255/3739] 51068ec6-e720-4c90-a8a6-051d48240487: cophenetic index 624; 1.2 s; peak memory 833 MiB.
2026-10-05T10:17:30Z INFO [3256/3739] 510881b0-8d8d-4a81-a6f5-b09741eba62b: cophenetic index 508; 0.9 s; peak memory 833 MiB.
2026-10-05T10:17:31Z INFO [3257/3739] 5108f836-6b85-43a0-8c87-b8a79b4625b7: cophenetic index 624; 1.0 s; peak memory 833 MiB.
2026-10-05T10:17:32Z INFO [3258/3739] 510914cb-369f-49a4-b50d-c8f71dd1fd2a: cophenetic index 624; 1.0 s; peak memory 833 MiB.
2026-10-05T10:17:34Z INFO [3259/3739] 5109b386-f1d3-4d75-a784-62470fb44f9c: cophenetic index 2974; 1.4 s; peak memory 833 MiB.
2026-10-05T10:17:35Z INFO [3260/3739] 5109d918-0ce9-4557-92e1-b016d720ec01: cophenetic index 560; 1.0 s; peak memory 833 MiB.
2026-10-05T10:17:46Z INFO [3261/3739] 510a4bae-8bd2-40f8-a58e-d377899c404b: cophenetic index 529453; 11.9 s; peak memory 833 MiB.
2026-10-05T10:17:48Z INFO [3262/3739] 510ac80e-dfa7-4779-8a97-bfa2b475a813: cophenetic index 26986; 1.7 s; peak memory 833 MiB.
2026-10-05T10:17:49Z INFO [3263/3739] 510c41de-70bf-4e4a-9424-1a0da164a05f: cophenetic index 624; 1.1 s; peak memory 833 MiB.
2026-10-05T10:17:51Z INFO [3264/3739] 510cc25c-2661-4718-b700-2f408462e63a: cophenetic index 649; 2.1 s; peak memory 833 MiB.
2026-10-05T10:17:52Z INFO [3265/3739] 510ddfce-a4da-4126-a217-496e0e759c41: cophenetic index 624; 1.0 s; peak memory 833 MiB.
2026-10-05T10:17:54Z INFO [3266/3739] 510ebd61-9497-440e-88dc-6c03c042fd5e: cophenetic index 3004; 2.1 s; peak memory 833 MiB.
2026-10-05T10:17:56Z INFO [3267/3739] 510ec8e0-a30c-47fe-815c-8cf882d1dbcc: cophenetic index 2923; 1.5 s; peak memory 833 MiB.
2026-10-05T10:17:58Z INFO [3268/3739] 510f28d1-8213-4a12-8ca0-bbb7628c9f23: cophenetic index 613; 1.8 s; peak memory 833 MiB.
2026-10-05T10:18:00Z INFO [3269/3739] 510fce3a-806c-451e-a6e2-fe87ae68af06: cophenetic index 33986; 2.5 s; peak memory 833 MiB.
2026-10-05T10:18:10Z INFO [3270/3739] 510fd5b7-1ade-4c70-8dde-b78df5f7bdbe: cophenetic index 146967; 9.3 s; peak memory 833 MiB.
2026-10-05T10:18:12Z INFO [3271/3739] 510fe2e0-9e2c-4043-88ff-686497047fc0: cophenetic index 1499; 2.4 s; peak memory 833 MiB.
2026-10-05T10:18:15Z INFO [3272/3739] 510ff601-e455-4d7a-8f9f-b1701fcb7cad: cophenetic index 2391; 2.7 s; peak memory 833 MiB.
2026-10-05T10:18:16Z INFO [3273/3739] 5110bdee-7488-4a05-b073-ad848f6e3956: cophenetic index 2132; 1.6 s; peak memory 833 MiB.
2026-10-05T10:18:18Z INFO [3274/3739] 511118ab-a4f4-457a-913a-49446138e8df: cophenetic index 33962; 1.6 s; peak memory 833 MiB.
2026-10-05T10:18:20Z INFO [3275/3739] 5112985f-785d-4829-87f7-bd0722c9bfc7: cophenetic index 33998; 1.9 s; peak memory 833 MiB.
2026-10-05T10:18:21Z INFO [3276/3739] 51137754-a2c1-4fdf-9561-708c1a8ed5d5: cophenetic index 723; 0.8 s; peak memory 833 MiB.
2026-10-05T10:18:23Z INFO [3277/3739] 51148722-2ac2-4b44-a0c9-cee74668c293: cophenetic index 6490; 2.6 s; peak memory 833 MiB.
2026-10-05T10:18:25Z INFO [3278/3739] 5114eea8-b98e-40a2-a936-b4cf901856be: cophenetic index 581; 1.7 s; peak memory 833 MiB.
2026-10-05T10:18:27Z INFO [3279/3739] 51152e0b-bb99-432c-b3ad-fe905fa0526c: cophenetic index 809; 2.0 s; peak memory 833 MiB.
2026-10-05T10:18:28Z INFO [3280/3739] 51154d8e-f058-4d02-95af-60805f671aa3: cophenetic index 33962; 1.6 s; peak memory 833 MiB.
2026-10-05T10:18:30Z INFO [3281/3739] 5115b675-668f-4c21-90e5-68304bad37c8: cophenetic index 3087; 1.2 s; peak memory 833 MiB.
2026-10-05T10:18:39Z INFO [3282/3739] 5116c483-788e-44f8-9180-7ecd046b99ad: cophenetic index 33309; 9.5 s; peak memory 833 MiB.
2026-10-05T10:18:46Z INFO [3283/3739] 51172cf1-f73b-4c5a-b6d7-c09089cca5eb: cophenetic index 21497; 7.3 s; peak memory 833 MiB.
2026-10-05T10:18:48Z INFO [3284/3739] 5117e0e4-45e2-4fff-8c28-3c5bc77a24b9: cophenetic index 3087; 1.2 s; peak memory 833 MiB.
2026-10-05T10:18:49Z INFO [3285/3739] 511833bc-805d-4355-bd6c-fba00907509b: cophenetic index 2625; 1.7 s; peak memory 833 MiB.
2026-10-05T10:18:52Z INFO [3286/3739] 511a18f5-e197-44b2-8db6-1deb17955b5c: cophenetic index 2609; 2.8 s; peak memory 833 MiB.
2026-10-05T10:18:53Z INFO [3287/3739] 511a8f22-102b-4109-b9b5-2da5b1fc0aaf: cophenetic index 624; 1.1 s; peak memory 833 MiB.
2026-10-05T10:18:55Z INFO [3288/3739] 511aa2cf-8a94-41d7-a57f-741e0279e235: cophenetic index 33962; 1.6 s; peak memory 833 MiB.
2026-10-05T10:18:57Z INFO [3289/3739] 511bb2bf-859e-4178-9e5d-de8e619d54be: cophenetic index 2402; 2.7 s; peak memory 833 MiB.
2026-10-05T10:19:00Z INFO [3290/3739] 511c051a-1ea4-4681-b82b-1eb89cf01e48: cophenetic index 2682; 2.1 s; peak memory 833 MiB.
2026-10-05T10:19:02Z INFO [3291/3739] 511c2c41-044a-4e86-b981-d9394b32df6b: cophenetic index 2682; 2.2 s; peak memory 833 MiB.
2026-10-05T10:19:03Z INFO [3292/3739] 511ce2b0-7f0e-4a88-9584-29522f76f925: cophenetic index 624; 1.0 s; peak memory 833 MiB.
2026-10-05T10:19:05Z INFO [3293/3739] 511cf37d-45f4-497b-aa64-253d0b7c141b: cophenetic index 901; 2.2 s; peak memory 833 MiB.
2026-10-05T10:19:07Z INFO [3294/3739] 511d3fc1-eef6-4a13-8926-40828e950cc2: cophenetic index 33998; 1.6 s; peak memory 833 MiB.
2026-10-05T10:19:16Z INFO [3295/3739] 511d485e-b761-4344-b817-d943aa4b81d7: cophenetic index 222278; 9.7 s; peak memory 833 MiB.
2026-10-05T10:19:17Z INFO [3296/3739] 511e2ad7-ca6f-44da-b256-08367c61161c: cophenetic index 624; 1.0 s; peak memory 833 MiB.
2026-10-05T10:19:29Z INFO [3297/3739] 511e3036-f80b-4c1e-86a0-47cbcc5bc36f: cophenetic index 378170; 11.4 s; peak memory 833 MiB.
2026-10-05T10:19:30Z INFO [3298/3739] 511f120b-be9a-446c-93ac-51635c460e5b: cophenetic index 2974; 1.2 s; peak memory 833 MiB.
2026-10-05T10:19:32Z INFO [3299/3739] 511f401d-c43e-4a69-a7fd-6b0f7c95842f: cophenetic index 1313813; 2.4 s; peak memory 833 MiB.
2026-10-05T10:19:33Z INFO [3300/3739] 511f47b0-cdb3-4d0d-9b6f-22537889f83a: cophenetic index 751; 0.8 s; peak memory 833 MiB.
2026-10-05T10:19:33Z INFO [3300/3739] 511f47b0-cdb3-4d0d-9b6f-22537889f83a: checkpointed 86025 records.
2026-10-05T10:19:35Z INFO [3301/3739] 511fdcdc-4803-4921-a628-bb920a5d7412: cophenetic index 613; 1.8 s; peak memory 833 MiB.
2026-10-05T10:19:38Z INFO [3302/3739] 512007c4-3f10-40a5-aae0-2ceb4e65b46c: cophenetic index 3721; 3.3 s; peak memory 833 MiB.
2026-10-05T10:19:39Z INFO [3303/3739] 5120e3a2-d035-463f-be07-6aeca085bb71: cophenetic index 1949; 1.0 s; peak memory 833 MiB.
2026-10-05T10:19:41Z INFO [3304/3739] 5121b35b-93b8-4b4d-b4bc-88deaa411a38: cophenetic index 3004; 1.3 s; peak memory 833 MiB.
2026-10-05T10:19:42Z INFO [3305/3739] 5122a2f9-ea9c-474e-9a09-02987f2f1747: cophenetic index 649; 1.1 s; peak memory 833 MiB.
2026-10-05T10:19:43Z INFO [3306/3739] 5122f8a8-bcc3-4304-9447-9ce6418da50c: cophenetic index 937; 1.2 s; peak memory 833 MiB.
2026-10-05T10:19:45Z INFO [3307/3739] 512354db-cff3-4c16-811c-d0c4cfb89355: cophenetic index 99138; 1.7 s; peak memory 833 MiB.
2026-10-05T10:19:46Z INFO [3308/3739] 51238c74-3c93-499b-8904-93b9dd9e9180: cophenetic index 624; 1.0 s; peak memory 833 MiB.
2026-10-05T10:19:47Z INFO [3309/3739] 51255569-2b7a-4e0d-bf77-80ec39893c99: cophenetic index 2625; 1.5 s; peak memory 833 MiB.
2026-10-05T10:19:49Z INFO [3310/3739] 5125b776-694f-4a6e-b641-0b136b0ad5c0: cophenetic index 2056; 1.7 s; peak memory 833 MiB.
2026-10-05T10:19:50Z INFO [3311/3739] 5125f0d2-565e-498e-9c6f-2736c9627f6e: cophenetic index 624; 1.0 s; peak memory 833 MiB.
2026-10-05T10:19:51Z INFO [3312/3739] 512721ce-eb4d-42bf-b9b1-51748cdf3fbf: cophenetic index 3004; 1.4 s; peak memory 833 MiB.
2026-10-05T10:19:52Z INFO [3313/3739] 5127dcc8-e846-480a-a83a-5c05647d2be3: cophenetic index 3004; 1.2 s; peak memory 833 MiB.
2026-10-05T10:19:53Z INFO [3314/3739] 51285aed-590d-4f5e-835c-9eb297e4c997: cophenetic index 624; 1.0 s; peak memory 833 MiB.
2026-10-05T10:19:55Z INFO [3315/3739] 5128abe0-9cd6-4a4a-947e-e3b0196e196f: cophenetic index 3087; 1.1 s; peak memory 833 MiB.
2026-10-05T10:19:56Z INFO [3316/3739] 5129ebe6-1c83-4ea9-8538-c593d6d8b847: cophenetic index 1087; 1.4 s; peak memory 833 MiB.
2026-10-05T10:19:57Z INFO [3317/3739] 512a8c5f-d9d0-4883-930f-a91fe15ea1dc: cophenetic index 3004; 1.1 s; peak memory 833 MiB.
2026-10-05T10:19:58Z INFO [3318/3739] 512c109e-923c-4c20-ac84-9f760965dda8: cophenetic index 641; 0.8 s; peak memory 833 MiB.
2026-10-05T10:19:59Z INFO [3319/3739] 512c668f-855f-457c-a88e-ee190cf45a51: cophenetic index 490; 0.6 s; peak memory 833 MiB.
2026-10-05T10:20:00Z INFO [3320/3739] 512c7876-f78e-49e5-8dbe-7ff6d69160fb: cophenetic index 490; 1.0 s; peak memory 833 MiB.
2026-10-05T10:20:01Z INFO [3321/3739] 512c7886-88dc-46d4-bca7-c79de4cc4d2a: cophenetic index 2056; 1.9 s; peak memory 833 MiB.
2026-10-05T10:20:02Z INFO [3322/3739] 512c85d2-1430-4bac-9cd3-d7ef2fe87bcd: cophenetic index 624; 1.0 s; peak memory 833 MiB.
2026-10-05T10:20:03Z INFO [3323/3739] 512d8f29-94b5-4480-9e4b-b46762668bef: cophenetic index 3135; 0.9 s; peak memory 833 MiB.
2026-10-05T10:20:04Z INFO [3324/3739] 512e2eca-a9ae-4764-ae57-0fd83066fc2e: cophenetic index 490; 0.7 s; peak memory 833 MiB.
2026-10-05T10:20:05Z INFO [3325/3739] 51305752-3c5f-4ceb-b480-d25d1cee545a: cophenetic index 593; 1.2 s; peak memory 833 MiB.
2026-10-05T10:20:06Z INFO [3326/3739] 5130d9cf-f843-4167-80a8-183e6930b3af: cophenetic index 624; 1.1 s; peak memory 833 MiB.
2026-10-05T10:20:08Z INFO [3327/3739] 5130e199-bf8c-49e3-9bac-41b61f395070: cophenetic index 23272; 1.2 s; peak memory 833 MiB.
2026-10-05T10:20:09Z INFO [3328/3739] 5131010c-3d2c-4d7b-a383-8b68734fc66c: cophenetic index 624; 1.0 s; peak memory 833 MiB.
2026-10-05T10:20:10Z INFO [3329/3739] 5131dd94-e52f-4139-8740-03fc9518c992: cophenetic index 1087; 1.3 s; peak memory 833 MiB.
2026-10-05T10:20:11Z INFO [3330/3739] 5132129f-43a6-4527-8b25-29a91cf629a3: cophenetic index 490; 0.7 s; peak memory 833 MiB.
2026-10-05T10:20:12Z INFO [3331/3739] 5132d946-53d4-4676-a9fc-0f82fa7ef277: cophenetic index 2625; 1.3 s; peak memory 833 MiB.
2026-10-05T10:20:13Z INFO [3332/3739] 513337ac-2196-4eb7-8e38-9d087497649f: cophenetic index 3087; 1.3 s; peak memory 833 MiB.
2026-10-05T10:20:14Z INFO [3333/3739] 51340eda-ce5f-4f1a-acfe-f12d19e200f1: cophenetic index 624; 1.1 s; peak memory 833 MiB.
2026-10-05T10:20:16Z INFO [3334/3739] 5134736a-39a9-4c66-8136-9b620361840e: cophenetic index 3004; 1.3 s; peak memory 833 MiB.
2026-10-05T10:20:17Z INFO [3335/3739] 5135f035-31b3-40f7-ae7b-ccfd0d976770: cophenetic index 2132; 1.5 s; peak memory 833 MiB.
2026-10-05T10:20:20Z INFO [3336/3739] 51374887-e16b-4b3e-a987-68e0a896c7d1: cophenetic index 4677; 3.2 s; peak memory 833 MiB.
2026-10-05T10:20:22Z INFO [3337/3739] 51388b7d-969c-43d2-978b-21ff8b496d3d: cophenetic index 3575; 1.9 s; peak memory 833 MiB.
2026-10-05T10:20:23Z INFO [3338/3739] 513921c5-b2e6-4b96-9560-9e1cc7339541: cophenetic index 649; 1.1 s; peak memory 833 MiB.
2026-10-05T10:20:24Z INFO [3339/3739] 513a65f9-34fa-48ac-83a3-384824e2221b: cophenetic index 3087; 1.3 s; peak memory 833 MiB.
2026-10-05T10:21:45Z INFO [3340/3739] 513a80ec-5fa9-4859-9fac-9fc5959b5202: cophenetic index 236391122; 80.3 s; peak memory 833 MiB.
2026-10-05T10:21:46Z INFO [3341/3739] 513a954d-1f48-429a-bf00-a3438e9b578e: cophenetic index 1583; 1.2 s; peak memory 833 MiB.
2026-10-05T10:21:47Z INFO [3342/3739] 513ade33-d5c5-408d-b232-2ce72ca2b428: cophenetic index 624; 1.0 s; peak memory 833 MiB.
2026-10-05T10:21:49Z INFO [3343/3739] 513bd53e-4a34-46a3-b040-1c5e21da1350: cophenetic index 688; 2.0 s; peak memory 833 MiB.
2026-10-05T10:21:52Z INFO [3344/3739] 513be939-7ef4-4471-9042-3c3f95cbc7bf: cophenetic index 2402; 2.7 s; peak memory 833 MiB.
2026-10-05T10:21:53Z INFO [3345/3739] 513d5fd5-860b-40e5-a27d-c0856bb14d07: cophenetic index 788; 1.3 s; peak memory 833 MiB.
2026-10-05T10:21:54Z INFO [3346/3739] 513e78ba-ab0f-4950-bbf5-755a27438156: cophenetic index 431; 0.9 s; peak memory 833 MiB.
2026-10-05T10:21:56Z INFO [3347/3739] 513e7b91-a16b-4de2-96e7-43ad31a7ddc5: cophenetic index 2056; 1.9 s; peak memory 833 MiB.
2026-10-05T10:21:57Z INFO [3348/3739] 513e80ee-0fd8-44cb-b753-b24de94a0248: cophenetic index 649; 1.1 s; peak memory 833 MiB.
2026-10-05T10:21:58Z INFO [3349/3739] 513eaed5-314c-4c8f-99fd-09fda4c32d84: cophenetic index 3087; 1.2 s; peak memory 833 MiB.
2026-10-05T10:21:59Z INFO [3350/3739] 513f4403-fc25-41e1-8fe8-14dad496be4f: cophenetic index 624; 1.0 s; peak memory 833 MiB.
2026-10-05T10:21:59Z INFO [3350/3739] 513f4403-fc25-41e1-8fe8-14dad496be4f: checkpointed 86075 records.
2026-10-05T10:22:00Z INFO [3351/3739] 513f50d0-c6ea-4d99-b118-2b26b58fac14: cophenetic index 2920; 1.0 s; peak memory 833 MiB.
2026-10-05T10:22:03Z INFO [3352/3739] 513f6332-1453-4147-abb5-43eaaa38d2fc: cophenetic index 2391; 2.7 s; peak memory 833 MiB.
2026-10-05T10:22:04Z INFO [3353/3739] 513f7d94-7729-45d9-bb1d-835c745747cd: cophenetic index 624; 1.0 s; peak memory 833 MiB.
2026-10-05T10:22:16Z INFO [3354/3739] 51400f2a-ecb8-434a-9fd4-b9adbc8b9e1d: cophenetic index 81259; 12.4 s; peak memory 833 MiB.
2026-10-05T10:22:18Z INFO [3355/3739] 5140d7fd-5185-4c12-b545-8c87b2e53063: cophenetic index 1087; 1.6 s; peak memory 833 MiB.
2026-10-05T10:22:19Z INFO [3356/3739] 51410808-96ec-4e08-a4d1-1c538e3da356: cophenetic index 930; 1.6 s; peak memory 833 MiB.
2026-10-05T10:22:21Z INFO [3357/3739] 5141ff0a-641d-40cb-bb2e-1db3ad973218: cophenetic index 2570; 1.5 s; peak memory 833 MiB.
2026-10-05T10:22:22Z INFO [3358/3739] 514219a6-9b7e-408e-a1f8-ddee0f0e6dba: cophenetic index 624; 0.9 s; peak memory 833 MiB.
2026-10-05T10:22:23Z INFO [3359/3739] 5142870d-39c5-4dc8-b93a-dbca20d0bcec: cophenetic index 2625; 1.5 s; peak memory 833 MiB.
2026-10-05T10:22:25Z INFO [3360/3739] 51430e9c-3c05-44d9-bd3d-1070f5fae233: cophenetic index 2974; 1.5 s; peak memory 833 MiB.
2026-10-05T10:22:26Z INFO [3361/3739] 51436b99-41e4-4416-bdd2-9bd8a63101cc: cophenetic index 431; 1.1 s; peak memory 833 MiB.
2026-10-05T10:22:27Z INFO [3362/3739] 5143a960-0609-4cfa-b09c-fd3fe8b7b71e: cophenetic index 761; 0.8 s; peak memory 833 MiB.
2026-10-05T10:22:28Z INFO [3363/3739] 5144821b-078c-4172-a2b2-323761e7045d: cophenetic index 985; 1.5 s; peak memory 833 MiB.
2026-10-05T10:22:29Z INFO [3364/3739] 5144e822-2b88-4396-bf64-86f03b061cf1: cophenetic index 624; 1.1 s; peak memory 833 MiB.
2026-10-05T10:22:30Z INFO [3365/3739] 5145152c-3e45-415e-9a0a-50e8250b924e: cophenetic index 624; 1.0 s; peak memory 833 MiB.
2026-10-05T10:22:31Z INFO [3366/3739] 51456890-528a-401a-bea1-d443a1e6afb5: cophenetic index 739; 0.9 s; peak memory 833 MiB.
2026-10-05T10:22:33Z INFO [3367/3739] 5145aa59-8b4d-401a-b783-d9e69d50e896: cophenetic index 23272; 1.3 s; peak memory 833 MiB.
2026-10-05T10:22:34Z INFO [3368/3739] 514733b3-4789-445e-a8d4-a8ce75bec40a: cophenetic index 33998; 1.5 s; peak memory 833 MiB.
2026-10-05T10:22:35Z INFO [3369/3739] 5148868a-36d1-4936-8330-9f2c174aa620: cophenetic index 624; 1.1 s; peak memory 833 MiB.
2026-10-05T10:22:36Z INFO [3370/3739] 514a3531-ea95-4022-9ad4-2f1f9498bd8a: cophenetic index 729; 0.8 s; peak memory 833 MiB.
2026-10-05T10:22:37Z INFO [3371/3739] 514acfdd-11f4-48ed-a09d-006e9f4e8188: cophenetic index 624; 0.9 s; peak memory 833 MiB.
2026-10-05T10:22:47Z INFO [3372/3739] 514af535-0e09-419b-adbd-bd8f833e3b70: cophenetic index 195173008; 10.1 s; peak memory 833 MiB.
2026-10-05T10:22:48Z INFO [3373/3739] 514c5050-9009-45c4-bc79-5dcb9bc1e731: cophenetic index 624; 1.0 s; peak memory 833 MiB.
2026-10-05T10:22:50Z INFO [3374/3739] 514c9338-8166-4b2b-9ff5-d05725cd8365: cophenetic index 6100; 1.6 s; peak memory 833 MiB.
2026-10-05T10:22:51Z INFO [3375/3739] 514d4a19-aee4-4a4e-9e16-f82bef07c99f: cophenetic index 605; 1.1 s; peak memory 833 MiB.
2026-10-05T10:22:52Z INFO [3376/3739] 514dc62d-c73f-427a-a572-58fe670e1977: cophenetic index 791; 1.4 s; peak memory 833 MiB.
2026-10-05T10:22:54Z INFO [3377/3739] 514efccd-7bfd-4161-a074-3d6cf2e39adc: cophenetic index 2625; 1.7 s; peak memory 833 MiB.
2026-10-05T10:22:55Z INFO [3378/3739] 514f8fa1-6f22-42e0-bc3d-6f3de1b8ac15: cophenetic index 624; 1.0 s; peak memory 833 MiB.
2026-10-05T10:22:56Z INFO [3379/3739] 51506f63-cd85-4556-a18b-3b3ce5e89478: cophenetic index 3004; 1.1 s; peak memory 833 MiB.
2026-10-05T10:23:09Z INFO [3380/3739] 51508ee5-c489-429b-ac1a-e0abbb1145c0: cophenetic index 365530; 13.1 s; peak memory 833 MiB.
2026-10-05T10:23:10Z INFO [3381/3739] 5150c93d-9098-4fdb-b52a-654bd61fea9d: cophenetic index 3087; 1.1 s; peak memory 833 MiB.
2026-10-05T10:23:24Z INFO [3382/3739] 515199dd-6793-451c-918f-ce0ee03fdc00: cophenetic index 389170; 13.7 s; peak memory 833 MiB.
2026-10-05T10:23:25Z INFO [3383/3739] 5151c3a9-c454-427f-8804-6e5b9961c2f9: cophenetic index 766; 1.3 s; peak memory 833 MiB.
2026-10-05T10:23:27Z INFO [3384/3739] 5153091d-86b3-470d-a1c6-55152687d84d: cophenetic index 23417; 1.6 s; peak memory 833 MiB.
2026-10-05T10:23:28Z INFO [3385/3739] 51537d66-a28d-4d38-b2fd-02e04317d592: cophenetic index 3004; 1.3 s; peak memory 833 MiB.
2026-10-05T10:23:31Z INFO [3386/3739] 515422e2-8692-47ad-8058-bdea3b77ba18: cophenetic index 5473; 3.1 s; peak memory 833 MiB.
2026-10-05T10:23:32Z INFO [3387/3739] 51543277-1458-4700-ae5a-b9061218b3fc: cophenetic index 624; 1.1 s; peak memory 833 MiB.
2026-10-05T10:23:33Z INFO [3388/3739] 5154e70a-2f8c-4b1c-92f5-e4e108681d36: cophenetic index 490; 0.7 s; peak memory 833 MiB.
2026-10-05T10:23:34Z INFO [3389/3739] 51558b1a-8a1b-4953-a0d4-05bd7d4ee590: cophenetic index 624; 1.1 s; peak memory 833 MiB.
2026-10-05T10:23:36Z INFO [3390/3739] 51563416-2b19-472a-83ee-d0d15d46f403: cophenetic index 33968; 1.6 s; peak memory 833 MiB.
2026-10-05T10:23:37Z INFO [3391/3739] 51568ab1-6c1b-4208-8ee7-86e4e14517d6: cophenetic index 624; 1.1 s; peak memory 833 MiB.
2026-10-05T10:23:37Z INFO [3392/3739] 5156a22b-99f7-4b9c-94d3-59a94a70322b: cophenetic index 490; 0.7 s; peak memory 833 MiB.
2026-10-05T10:23:38Z INFO [3393/3739] 51574441-a323-4681-9de9-3604832f19b0: cophenetic index 624; 1.1 s; peak memory 833 MiB.
2026-10-05T10:23:49Z INFO [3394/3739] 5157d36a-da7a-4722-bde8-bac0dc80352b: cophenetic index 82043; 10.2 s; peak memory 833 MiB.
2026-10-05T10:23:50Z INFO [3395/3739] 5158f50e-209c-4ea5-8e42-3bd6b9a270f5: cophenetic index 3087; 1.2 s; peak memory 833 MiB.
2026-10-05T10:23:53Z INFO [3396/3739] 5159549c-1faf-48ff-8f52-ead11b65c994: cophenetic index 5473; 3.1 s; peak memory 833 MiB.
2026-10-05T10:23:59Z INFO [3397/3739] 51598373-a64c-4329-b178-adcfb38b4824: cophenetic index 12100; 6.4 s; peak memory 833 MiB.
2026-10-05T10:24:08Z INFO [3398/3739] 5159afc7-a4ca-4d80-a55a-b92b42698141: cophenetic index 195172714; 8.4 s; peak memory 833 MiB.
2026-10-05T10:24:09Z INFO [3399/3739] 515a4684-c0ea-4774-8710-85f0d2b64df0: cophenetic index 2625; 1.6 s; peak memory 833 MiB.
2026-10-05T10:24:11Z INFO [3400/3739] 515ad2b4-edb7-4f34-bcb5-5ec249ba5e0a: cophenetic index 649; 1.3 s; peak memory 833 MiB.
2026-10-05T10:24:11Z INFO [3400/3739] 515ad2b4-edb7-4f34-bcb5-5ec249ba5e0a: checkpointed 86125 records.
2026-10-05T10:24:12Z INFO [3401/3739] 515be986-ec2a-408b-a06f-96498321b339: cophenetic index 739; 0.8 s; peak memory 833 MiB.
2026-10-05T10:24:13Z INFO [3402/3739] 515c598b-b2e3-44ce-913f-7ac4651433d9: cophenetic index 581; 1.0 s; peak memory 833 MiB.
2026-10-05T10:24:14Z INFO [3403/3739] 515c6dca-beaf-4c8d-ab57-29a2f77f7f7d: cophenetic index 3004; 1.3 s; peak memory 833 MiB.
2026-10-05T10:24:17Z INFO [3404/3739] 515c7151-e087-44b5-b2e4-79051fd33dd1: cophenetic index 5473; 3.3 s; peak memory 833 MiB.
2026-10-05T10:24:19Z INFO [3405/3739] 515c80bd-f2e9-4b0c-9def-005183d83ef4: cophenetic index 3087; 1.5 s; peak memory 833 MiB.
2026-10-05T10:24:30Z INFO [3406/3739] 515e3854-7fde-4eaf-a31c-9562394c1469: cophenetic index 220613; 11.3 s; peak memory 833 MiB.
2026-10-05T10:24:37Z INFO [3407/3739] 515e534f-6e1e-43fa-9408-5ece4d152727: cophenetic index 110425; 7.3 s; peak memory 833 MiB.
2026-10-05T10:24:38Z INFO [3408/3739] 515e7d4e-b82d-4821-aea1-bf8ed956d11a: cophenetic index 624; 1.1 s; peak memory 833 MiB.
2026-10-05T10:24:40Z INFO [3409/3739] 515fe73c-086d-4531-b37f-63f78a462098: cophenetic index 3087; 1.1 s; peak memory 833 MiB.
2026-10-05T10:24:41Z INFO [3410/3739] 51607e7b-bb3a-4248-a937-312c97217220: cophenetic index 3087; 1.3 s; peak memory 833 MiB.
2026-10-05T10:24:42Z INFO [3411/3739] 51608bb7-1eba-4bcb-af71-552288defec4: cophenetic index 624; 1.1 s; peak memory 833 MiB.
2026-10-05T10:24:44Z INFO [3412/3739] 5160bc60-3947-467b-802f-f46fa96630d4: cophenetic index 2056; 1.7 s; peak memory 833 MiB.
2026-10-05T10:24:47Z INFO [3413/3739] 5161c515-55a6-47ff-8a22-f4da9768a49e: cophenetic index 5473; 3.0 s; peak memory 833 MiB.
2026-10-05T10:24:48Z INFO [3414/3739] 5161d989-14a5-41c7-994a-f508739fc829: cophenetic index 624; 1.0 s; peak memory 833 MiB.
2026-10-05T10:24:49Z INFO [3415/3739] 51620fcd-09b9-4b5f-ae0e-2f7848aad851: cophenetic index 516; 1.5 s; peak memory 833 MiB.
2026-10-05T10:24:50Z INFO [3416/3739] 5162a1b5-a259-4ddb-8ac9-e9e6368af38f: cophenetic index 739; 0.8 s; peak memory 833 MiB.
2026-10-05T10:24:51Z INFO [3417/3739] 5162c483-f9c9-49c4-ace9-3d2c427d11e7: cophenetic index 3004; 1.2 s; peak memory 833 MiB.
2026-10-05T10:24:53Z INFO [3418/3739] 51633cf0-d26e-487e-9b35-b7750ca68a5c: cophenetic index 725; 1.2 s; peak memory 833 MiB.
2026-10-05T10:24:54Z INFO [3419/3739] 5164760d-06fe-45f6-bca7-edb1c18c924b: cophenetic index 624; 1.0 s; peak memory 833 MiB.
2026-10-05T10:24:55Z INFO [3420/3739] 5164e44b-3a5e-4125-b766-854c77906f07: cophenetic index 930; 1.7 s; peak memory 833 MiB.
2026-10-05T10:24:56Z INFO [3421/3739] 5165f244-18ca-4a83-beb6-8bbd35c44941: cophenetic index 3004; 1.1 s; peak memory 833 MiB.
2026-10-05T10:24:58Z INFO [3422/3739] 5165f5cd-33b1-4dc6-ab8b-943941fd5a10: cophenetic index 3004; 1.3 s; peak memory 833 MiB.
2026-10-05T10:25:03Z INFO [3423/3739] 5166e5e9-1d6a-492d-aff6-d71a2255ee2a: cophenetic index 37860; 4.9 s; peak memory 833 MiB.
2026-10-05T10:25:04Z INFO [3424/3739] 5166f6a2-f804-468c-9662-9d7f18ad7c2f: cophenetic index 486; 1.0 s; peak memory 833 MiB.
2026-10-05T10:25:05Z INFO [3425/3739] 51674e98-bded-4b45-8dc2-1da1f339aa78: cophenetic index 1781; 1.1 s; peak memory 833 MiB.
2026-10-05T10:25:07Z INFO [3426/3739] 51679bf9-3904-4ead-9cfb-9dcd195b9c75: cophenetic index 2402; 2.8 s; peak memory 833 MiB.
2026-10-05T10:25:10Z INFO [3427/3739] 5167eed1-5fdd-4474-9828-71f10131d441: cophenetic index 2241; 2.9 s; peak memory 833 MiB.
2026-10-05T10:25:12Z INFO [3428/3739] 516a2e3f-e220-49ef-ab03-44d27cbe7085: cophenetic index 2105; 1.7 s; peak memory 833 MiB.
2026-10-05T10:25:14Z INFO [3429/3739] 516a77f4-2daf-4cbd-a94f-e341672115c1: cophenetic index 2625; 1.7 s; peak memory 833 MiB.
2026-10-05T10:25:14Z INFO [3430/3739] 516b4468-57d4-45f1-91c9-0c6a54aaa50b: cophenetic index 739; 0.7 s; peak memory 833 MiB.
2026-10-05T10:25:15Z INFO [3431/3739] 516b7420-70fe-4a93-8ef3-c096b6c01593: cophenetic index 624; 1.0 s; peak memory 833 MiB.
2026-10-05T10:25:17Z INFO [3432/3739] 516b9d17-582b-4d54-b005-ae3a0e8fac20: cophenetic index 3004; 1.5 s; peak memory 833 MiB.
2026-10-05T10:25:19Z INFO [3433/3739] 516c367e-0dd8-4651-95c8-ea7e0e3389cd: cophenetic index 895; 2.2 s; peak memory 833 MiB.
2026-10-05T10:25:29Z INFO [3434/3739] 516c4487-344e-407c-ba97-19b26a50cab9: cophenetic index 47115; 10.0 s; peak memory 833 MiB.
2026-10-05T10:25:30Z INFO [3435/3739] 516c5856-84e7-44a9-84b9-df2db3ca1abb: cophenetic index 630; 1.1 s; peak memory 833 MiB.
2026-10-05T10:25:31Z INFO [3436/3739] 516c5a7f-1e05-43bc-87e6-426c13566e81: cophenetic index 490; 0.7 s; peak memory 833 MiB.
2026-10-05T10:25:37Z INFO [3437/3739] 516e0a21-5ba3-427d-ac42-d1e5f46b1d46: cophenetic index 87573; 5.6 s; peak memory 833 MiB.
2026-10-05T10:25:38Z INFO [3438/3739] 516e133b-f61e-43cf-b97d-08f1d50aa55c: cophenetic index 1380; 1.6 s; peak memory 833 MiB.
2026-10-05T10:25:41Z INFO [3439/3739] 516e7e76-9f4d-45fd-b48a-57be0a95aab2: cophenetic index 9463; 2.9 s; peak memory 833 MiB.
2026-10-05T10:25:43Z INFO [3440/3739] 516f25d9-ed23-4b59-9ee8-0a841016f080: cophenetic index 879; 1.7 s; peak memory 833 MiB.
2026-10-05T10:25:44Z INFO [3441/3739] 516f680f-6125-4fa8-9984-e96245816b31: cophenetic index 624; 1.1 s; peak memory 833 MiB.
2026-10-05T10:25:45Z INFO [3442/3739] 51713084-0b6f-4780-b495-14f012805976: cophenetic index 739; 0.8 s; peak memory 833 MiB.
2026-10-05T10:25:46Z INFO [3443/3739] 517222e1-a6b9-40a1-a9fb-8a251d40d048: cophenetic index 624; 1.0 s; peak memory 833 MiB.
2026-10-05T10:25:47Z INFO [3444/3739] 51742092-5c81-4dce-968d-45cd47f68d7f: cophenetic index 490; 0.8 s; peak memory 833 MiB.
2026-10-05T10:25:48Z INFO [3445/3739] 51747fcc-c398-40db-b7be-805ad79463d9: cophenetic index 1087; 1.4 s; peak memory 833 MiB.
2026-10-05T10:25:49Z INFO [3446/3739] 5174b3b9-51df-471f-bdc6-a31834e1804b: cophenetic index 624; 1.1 s; peak memory 833 MiB.
2026-10-05T10:25:50Z INFO [3447/3739] 51754538-c1ed-4280-81b7-3be7375491af: cophenetic index 2625; 1.5 s; peak memory 833 MiB.
2026-10-05T10:25:52Z INFO [3448/3739] 51761ed0-9f47-424f-988b-2b7f8bde02b7: cophenetic index 649; 1.1 s; peak memory 833 MiB.
2026-10-05T10:26:04Z INFO [3449/3739] 5177f847-36a7-438d-bf9c-67c513bd1dec: cophenetic index 282663; 12.7 s; peak memory 833 MiB.
2026-10-05T10:26:09Z INFO [3450/3739] 517825c1-7ab2-4659-9537-56c288948d50: cophenetic index 28337; 4.5 s; peak memory 833 MiB.
2026-10-05T10:26:09Z INFO [3450/3739] 517825c1-7ab2-4659-9537-56c288948d50: checkpointed 86175 records.
2026-10-05T10:26:10Z INFO [3451/3739] 517855ed-4c69-471b-a4f6-6582125fb63b: cophenetic index 26986; 1.5 s; peak memory 833 MiB.
2026-10-05T10:26:16Z INFO [3452/3739] 5178c29a-60b9-418b-af53-fe30746ca5b9: cophenetic index 67793; 5.8 s; peak memory 833 MiB.
2026-10-05T10:26:17Z INFO [3453/3739] 5178f746-6f90-4d71-8507-1c015d7f46b2: cophenetic index 3004; 1.2 s; peak memory 833 MiB.
2026-10-05T10:26:19Z INFO [3454/3739] 5179496f-c942-49fe-b9c7-29a96cdf91fd: cophenetic index 3087; 1.3 s; peak memory 833 MiB.
2026-10-05T10:26:20Z INFO [3455/3739] 5179aa48-0859-425d-8fd8-98fa24f25003: cophenetic index 624; 1.0 s; peak memory 833 MiB.
2026-10-05T10:26:23Z INFO [3456/3739] 517a8819-49ad-4630-b2c9-0b06865dec97: cophenetic index 5473; 3.1 s; peak memory 833 MiB.
2026-10-05T10:26:30Z INFO [3457/3739] 517adbb9-e417-450a-b57f-767cb577b15f: cophenetic index 12152; 7.0 s; peak memory 833 MiB.
2026-10-05T10:26:31Z INFO [3458/3739] 517b0d98-d60f-400d-82eb-c67815301756: cophenetic index 3004; 1.2 s; peak memory 833 MiB.
2026-10-05T10:26:32Z INFO [3459/3739] 517b4621-ed08-4ac4-a758-8423c2ed3d68: cophenetic index 3004; 1.2 s; peak memory 833 MiB.
2026-10-05T10:26:33Z INFO [3460/3739] 517c4f7c-a402-422a-aa5e-7f2409541c36: cophenetic index 624; 1.1 s; peak memory 833 MiB.
2026-10-05T10:26:46Z INFO [3461/3739] 517cafb3-4061-419f-bd60-c02428c25626: cophenetic index 48475; 13.3 s; peak memory 833 MiB.
2026-10-05T10:26:53Z INFO [3462/3739] 517d38a2-4a96-44f4-b237-2e916c5b0290: cophenetic index 14389; 6.8 s; peak memory 833 MiB.
2026-10-05T10:26:55Z INFO [3463/3739] 517d4160-2026-4a68-8302-97f748aa27fa: cophenetic index 2114; 1.5 s; peak memory 833 MiB.
2026-10-05T10:26:56Z INFO [3464/3739] 517db870-1cc5-44e8-8ebb-abea8718c844: cophenetic index 2625; 1.4 s; peak memory 833 MiB.
2026-10-05T10:26:58Z INFO [3465/3739] 517e2336-55cf-4cf8-b6d5-ff185064e48b: cophenetic index 2625; 1.6 s; peak memory 833 MiB.
2026-10-05T10:27:00Z INFO [3466/3739] 517ed7e3-114b-4aa3-81fc-8e85598699c5: cophenetic index 2654; 1.7 s; peak memory 833 MiB.
2026-10-05T10:27:02Z INFO [3467/3739] 518058ae-f3b9-42ba-8c20-a20bd581f2c7: cophenetic index 809; 2.3 s; peak memory 833 MiB.
2026-10-05T10:27:03Z INFO [3468/3739] 518076b3-9b3c-4c27-9b4b-44dc61276d3a: cophenetic index 33968; 1.5 s; peak memory 833 MiB.
2026-10-05T10:27:05Z INFO [3469/3739] 5180e0c5-c6f5-4ab8-804b-bf4b0596dafd: cophenetic index 4586; 1.3 s; peak memory 833 MiB.
2026-10-05T10:27:06Z INFO [3470/3739] 51811c5b-cd14-422d-a799-c73f9d681f91: cophenetic index 1025; 1.2 s; peak memory 833 MiB.
2026-10-05T10:27:08Z INFO [3471/3739] 51813dc4-b6ab-4024-b9e5-426507f31a44: cophenetic index 2625; 1.6 s; peak memory 833 MiB.
2026-10-05T10:27:09Z INFO [3472/3739] 51826b60-6c53-4e7d-820d-a33fa3885b43: cophenetic index 2625; 1.5 s; peak memory 833 MiB.
2026-10-05T10:27:10Z INFO [3473/3739] 518309e0-2b76-4f04-999e-77b8ecaf7a8b: cophenetic index 624; 1.0 s; peak memory 833 MiB.
2026-10-05T10:27:11Z INFO [3474/3739] 51839ba2-2214-4bcf-849d-5808d340c19e: cophenetic index 915; 1.0 s; peak memory 833 MiB.
2026-10-05T10:27:12Z INFO [3475/3739] 5183b50a-773b-44f6-af62-30a95081aa04: cophenetic index 690; 0.7 s; peak memory 833 MiB.
2026-10-05T10:27:13Z INFO [3476/3739] 518439c7-7881-4e56-8e2a-f9d6ea2fbf5d: cophenetic index 624; 1.1 s; peak memory 833 MiB.
2026-10-05T10:27:14Z INFO [3477/3739] 51845760-4c5d-492b-807f-40f650e983f3: cophenetic index 490; 0.8 s; peak memory 833 MiB.
2026-10-05T10:27:15Z INFO [3478/3739] 518656c1-3f58-4162-9407-2c6c20e5f26a: cophenetic index 1470; 1.1 s; peak memory 833 MiB.
2026-10-05T10:27:16Z INFO [3479/3739] 5187b3cd-6256-44be-a615-8b8f21aa321b: cophenetic index 605; 1.2 s; peak memory 833 MiB.
2026-10-05T10:27:17Z INFO [3480/3739] 5187cc8d-6de3-4aa8-b9bf-be21c900b45d: cophenetic index 2974; 1.2 s; peak memory 833 MiB.
2026-10-05T10:27:18Z INFO [3481/3739] 518986b8-c760-4997-bfbe-ba17b812e22e: cophenetic index 3087; 1.3 s; peak memory 833 MiB.
2026-10-05T10:27:19Z INFO [3482/3739] 518a2a7a-d446-469a-b3ec-03b5c840476b: cophenetic index 490; 0.9 s; peak memory 833 MiB.
2026-10-05T10:27:20Z INFO [3483/3739] 518a567d-3a9a-4b9c-adca-d27b246c5ab2: cophenetic index 3215; 1.1 s; peak memory 833 MiB.
2026-10-05T10:27:28Z INFO [3484/3739] 518a8c55-25c9-4053-8ea8-30fc4d46b235: cophenetic index 87401; 7.5 s; peak memory 833 MiB.
2026-10-05T10:27:29Z INFO [3485/3739] 518a8e5f-7cde-46e0-88bf-182f1e5cea2f: cophenetic index 624; 1.0 s; peak memory 833 MiB.
2026-10-05T10:27:32Z INFO [3486/3739] 518ac0c8-7db5-41df-b270-47505f511389: cophenetic index 2469; 2.7 s; peak memory 833 MiB.
2026-10-05T10:27:32Z INFO [3487/3739] 518b433d-1b0d-4c61-8f53-e141ccf002c8: cophenetic index 751; 0.7 s; peak memory 833 MiB.
2026-10-05T10:27:38Z INFO [3488/3739] 518bd2ea-0856-4bf3-8f52-16a7e92004bf: cophenetic index 9548; 5.9 s; peak memory 833 MiB.
2026-10-05T10:27:39Z INFO [3489/3739] 518bf307-b1eb-4a96-b28d-8bc7f42f9a1d: cophenetic index 3087; 1.3 s; peak memory 833 MiB.
2026-10-05T10:27:46Z INFO [3490/3739] 518c54a2-e2fa-4c20-af99-74846e21433c: cophenetic index 99788; 6.8 s; peak memory 833 MiB.
2026-10-05T10:27:47Z INFO [3491/3739] 518c662e-92bb-485a-a6b2-1de9cb785765: cophenetic index 3087; 1.2 s; peak memory 833 MiB.
2026-10-05T10:27:55Z INFO [3492/3739] 518c704f-4a52-4f9d-8803-907ad7b0d02b: cophenetic index 13016; 8.0 s; peak memory 833 MiB.
2026-10-05T10:27:56Z INFO [3493/3739] 518cb863-b478-488c-84c2-6e65a1b3d270: cophenetic index 624; 1.0 s; peak memory 833 MiB.
2026-10-05T10:27:57Z INFO [3494/3739] 518f294b-2558-453e-851f-0ff545c21039: cophenetic index 624; 0.9 s; peak memory 833 MiB.
2026-10-05T10:27:59Z INFO [3495/3739] 518fefd8-9789-43a7-855f-685789933342: cophenetic index 23502; 1.3 s; peak memory 833 MiB.
2026-10-05T10:28:01Z INFO [3496/3739] 5190790f-9dbe-4671-8b68-e9259dd24854: cophenetic index 41788; 2.2 s; peak memory 833 MiB.
2026-10-05T10:28:02Z INFO [3497/3739] 5191519c-55bd-481a-82ce-8b2a8cfe8998: cophenetic index 33962; 1.5 s; peak memory 833 MiB.
2026-10-05T10:28:03Z INFO [3498/3739] 5191d7e8-361a-4206-b005-af53b62ef41c: cophenetic index 624; 1.0 s; peak memory 833 MiB.
2026-10-05T10:28:05Z INFO [3499/3739] 51921374-9a12-4839-8145-17f4f777fbd3: cophenetic index 3004; 1.5 s; peak memory 833 MiB.
2026-10-05T10:28:06Z INFO [3500/3739] 5192d2d8-81bd-4432-9198-d9105be167c7: cophenetic index 490; 0.7 s; peak memory 833 MiB.
2026-10-05T10:28:06Z INFO [3500/3739] 5192d2d8-81bd-4432-9198-d9105be167c7: checkpointed 86225 records.
2026-10-05T10:28:07Z INFO [3501/3739] 51931171-7b7e-491b-b4e4-b0199d41374d: cophenetic index 624; 1.0 s; peak memory 833 MiB.
2026-10-05T10:28:08Z INFO [3502/3739] 51934eb8-69d6-4fab-9378-365e72a738bd: cophenetic index 624; 1.1 s; peak memory 833 MiB.
2026-10-05T10:28:10Z INFO [3503/3739] 5193e757-cb74-4ec0-af53-e11659d2b4a5: cophenetic index 2625; 1.7 s; peak memory 833 MiB.
2026-10-05T10:28:11Z INFO [3504/3739] 5194ecf8-acd6-450a-90ce-d8c20ba6cae7: cophenetic index 581; 1.1 s; peak memory 833 MiB.
2026-10-05T10:28:14Z INFO [3505/3739] 51951ccb-fdc9-4945-892a-a746d90b458a: cophenetic index 2469; 3.2 s; peak memory 833 MiB.
2026-10-05T10:28:33Z INFO [3506/3739] 5195feba-5c2d-46de-bb92-550534ea33c0: cophenetic index 42755; 18.9 s; peak memory 833 MiB.
2026-10-05T10:28:35Z INFO [3507/3739] 5196db75-c098-4cd8-a978-f9c293e6f2c9: cophenetic index 33986; 1.7 s; peak memory 833 MiB.
2026-10-05T10:28:37Z INFO [3508/3739] 5196f7c7-d3f0-4fc4-aee3-9cbb73b796d0: cophenetic index 809; 2.1 s; peak memory 833 MiB.
2026-10-05T10:28:38Z INFO [3509/3739] 5197e81e-edd0-40a2-8b47-5316d25a20c3: cophenetic index 2132; 1.6 s; peak memory 833 MiB.
2026-10-05T10:28:40Z INFO [3510/3739] 519814c6-9791-4822-ad8c-e98e6720baca: cophenetic index 23388; 1.4 s; peak memory 833 MiB.
2026-10-05T10:28:41Z INFO [3511/3739] 5198c42e-4727-4e66-9a2a-14b6d3a27227: cophenetic index 649; 1.1 s; peak memory 833 MiB.
2026-10-05T10:28:43Z INFO [3512/3739] 51991448-d3f1-47c6-bbce-5a8d4d18d2f2: cophenetic index 34138; 1.9 s; peak memory 833 MiB.
2026-10-05T10:28:53Z INFO [3513/3739] 519afa07-31d1-4012-a633-cc47e43f08a0: cophenetic index 34862; 10.2 s; peak memory 833 MiB.
2026-10-05T10:28:54Z INFO [3514/3739] 519b2103-ee02-4a4a-a6d3-1a509a03796e: cophenetic index 624; 1.0 s; peak memory 833 MiB.
2026-10-05T10:28:56Z INFO [3515/3739] 519c727f-4c15-403e-9c79-00246c40e65d: cophenetic index 33998; 2.1 s; peak memory 833 MiB.
2026-10-05T10:29:03Z INFO [3516/3739] 519cfaab-e197-4a3a-a35a-f4aef8041b1c: cophenetic index 103303; 7.4 s; peak memory 833 MiB.
2026-10-05T10:29:04Z INFO [3517/3739] 519d16f2-0d0f-44f1-8269-abf73979d168: cophenetic index 624; 1.1 s; peak memory 833 MiB.
2026-10-05T10:29:05Z INFO [3518/3739] 519d44b9-5327-4eb3-bbef-65a565070b23: cophenetic index 624; 1.0 s; peak memory 833 MiB.
2026-10-05T10:29:07Z INFO [3519/3739] 519e15d6-e04c-4b1e-b17b-55eaca4fc939: cophenetic index 791; 1.3 s; peak memory 833 MiB.
2026-10-05T10:29:10Z INFO [3520/3739] 519fb692-9643-45f2-98af-f5a34ffe7f5f: cophenetic index 5473; 3.5 s; peak memory 833 MiB.
2026-10-05T10:29:11Z INFO [3521/3739] 51a062c7-7aab-4004-80ed-81ab016448cf: cophenetic index 624; 1.0 s; peak memory 833 MiB.
2026-10-05T10:29:12Z INFO [3522/3739] 51a0ed01-b08b-45bf-8e95-51d3d9d80a1c: cophenetic index 624; 1.0 s; peak memory 833 MiB.
2026-10-05T10:29:14Z INFO [3523/3739] 51a20829-b254-43e4-a209-9357ec8b49c9: cophenetic index 99150; 2.1 s; peak memory 833 MiB.
2026-10-05T10:29:15Z INFO [3524/3739] 51a27ba9-3427-485c-a7d4-2c1ddeef4fbb: cophenetic index 3004; 1.1 s; peak memory 833 MiB.
2026-10-05T10:29:18Z INFO [3525/3739] 51a2e08a-2e9b-4f62-9876-354d8da55d60: cophenetic index 99150; 2.0 s; peak memory 833 MiB.
2026-10-05T10:29:18Z INFO [3526/3739] 51a3679a-2cbe-4afa-b7d6-4fe2444863ac: cophenetic index 739; 0.8 s; peak memory 833 MiB.
2026-10-05T10:29:19Z INFO [3527/3739] 51a394d8-73d3-4dfd-b054-bb22ea95484f: cophenetic index 466; 1.2 s; peak memory 833 MiB.
2026-10-05T10:29:21Z INFO [3528/3739] 51a3cbce-9443-4a93-b670-eccad58e7d93: cophenetic index 2625; 1.5 s; peak memory 833 MiB.
2026-10-05T10:29:33Z INFO [3529/3739] 51a407cc-4a3a-4bd3-b194-f6f2883eb571: cophenetic index 80286; 11.8 s; peak memory 833 MiB.
2026-10-05T10:29:40Z INFO [3530/3739] 51a42128-08f2-4d2d-a325-4997302a368d: cophenetic index 11245; 7.5 s; peak memory 833 MiB.
2026-10-05T10:29:42Z INFO [3531/3739] 51a43673-c8b5-4712-a42d-2b2bddf8150b: cophenetic index 99150; 1.9 s; peak memory 833 MiB.
2026-10-05T10:29:43Z INFO [3532/3739] 51a4587e-00e5-4a01-8af4-224a60d23a46: cophenetic index 624; 1.1 s; peak memory 833 MiB.
2026-10-05T10:29:45Z INFO [3533/3739] 51a4b6af-8dd0-4f89-80cb-68845889a892: cophenetic index 23259; 1.8 s; peak memory 833 MiB.
2026-10-05T10:29:47Z INFO [3534/3739] 51a4fc20-4bdd-45f6-af6b-b8cdc2a72d11: cophenetic index 2625; 1.6 s; peak memory 833 MiB.
2026-10-05T10:29:48Z INFO [3535/3739] 51a525e8-05e4-4fd5-90b1-1805362a8599: cophenetic index 3004; 1.2 s; peak memory 833 MiB.
2026-10-05T10:29:54Z INFO [3536/3739] 51a5a72b-5390-49c7-8f1c-9e9a2e83c625: cophenetic index 6715; 6.6 s; peak memory 833 MiB.
2026-10-05T10:29:57Z INFO [3537/3739] 51a60457-d221-48b2-9295-2ec37965de38: cophenetic index 854; 2.4 s; peak memory 833 MiB.
2026-10-05T10:29:58Z INFO [3538/3739] 51a62ab5-1412-4c9e-90c2-7b98266bf5ff: cophenetic index 661; 0.7 s; peak memory 833 MiB.
2026-10-05T10:30:11Z INFO [3539/3739] 51a83b13-25fb-4ab5-b094-ddac787ea0d1: cophenetic index 288601; 13.1 s; peak memory 833 MiB.
2026-10-05T10:30:12Z INFO [3540/3739] 51a87c36-fe76-4e79-aa63-dfeceacc4252: cophenetic index 2625; 1.5 s; peak memory 833 MiB.
2026-10-05T10:30:14Z INFO [3541/3739] 51a8be92-94a0-4e3d-ae4f-813b11b65a99: cophenetic index 959; 2.2 s; peak memory 833 MiB.
2026-10-05T10:30:15Z INFO [3542/3739] 51a8f26c-f3e5-412a-9eef-95aba4311e12: cophenetic index 723; 0.8 s; peak memory 833 MiB.
2026-10-05T10:30:20Z INFO [3543/3739] 51a93616-f27b-4adc-bdce-9f128a3f1e38: cophenetic index 45302; 5.2 s; peak memory 833 MiB.
2026-10-05T10:30:22Z INFO [3544/3739] 51a9853f-8309-49b7-a02c-2bc6b926eaae: cophenetic index 649; 1.1 s; peak memory 833 MiB.
2026-10-05T10:30:23Z INFO [3545/3739] 51ab90a6-716f-4f08-8024-29ab90193efd: cophenetic index 441; 1.2 s; peak memory 833 MiB.
2026-10-05T10:30:24Z INFO [3546/3739] 51ac44ba-c178-466a-b962-991953fd7696: cophenetic index 2625; 1.5 s; peak memory 833 MiB.
2026-10-05T10:30:25Z INFO [3547/3739] 51acaae9-7a2e-45d4-b433-6f7872c38a63: cophenetic index 2974; 1.1 s; peak memory 833 MiB.
2026-10-05T10:30:32Z INFO [3548/3739] 51af9232-94da-4ebb-a287-00959b979582: cophenetic index 14699; 7.1 s; peak memory 833 MiB.
2026-10-05T10:30:34Z INFO [3549/3739] 51afb423-91df-46a2-9928-277d983dc81f: cophenetic index 722; 1.3 s; peak memory 833 MiB.
2026-10-05T10:30:35Z INFO [3550/3739] 51b09283-debe-4e0b-875d-00be3bb11f5f: cophenetic index 2625; 1.6 s; peak memory 833 MiB.
2026-10-05T10:30:35Z INFO [3550/3739] 51b09283-debe-4e0b-875d-00be3bb11f5f: checkpointed 86275 records.
2026-10-05T10:30:37Z INFO [3551/3739] 51b0ad58-43e3-4ae5-90b3-fc16ee2c01e2: cophenetic index 3004; 1.2 s; peak memory 833 MiB.
2026-10-05T10:30:39Z INFO [3552/3739] 51b21878-cb19-4340-9935-22ca6318ab2d: cophenetic index 2391; 2.6 s; peak memory 833 MiB.
2026-10-05T10:30:41Z INFO [3553/3739] 51b22e82-8fa8-4f74-a2ef-14bb6f5100eb: cophenetic index 2636; 1.8 s; peak memory 833 MiB.
2026-10-05T10:30:44Z INFO [3554/3739] 51b32585-12e3-49a2-ba87-353afb7804ef: cophenetic index 2019; 2.5 s; peak memory 833 MiB.
2026-10-05T10:30:45Z INFO [3555/3739] 51b35705-67c9-48e9-8b5f-6bfaa0434391: cophenetic index 486; 0.9 s; peak memory 833 MiB.
2026-10-05T10:30:45Z INFO [3556/3739] 51b3956d-b0f8-4319-840a-0c4d64cb6784: cophenetic index 385; 1.0 s; peak memory 833 MiB.
2026-10-05T10:30:47Z INFO [3557/3739] 51b47c31-7101-400e-af79-12108c3a4434: cophenetic index 972; 1.8 s; peak memory 833 MiB.
2026-10-05T10:30:54Z INFO [3558/3739] 51b4d96d-9c1e-4920-9bd1-ffce3d558cf5: cophenetic index 97077; 6.7 s; peak memory 833 MiB.
2026-10-05T10:30:55Z INFO [3559/3739] 51b51c20-ed45-4a42-9a67-767979245123: cophenetic index 624; 1.0 s; peak memory 833 MiB.
2026-10-05T10:31:02Z INFO [3560/3739] 51b57d2d-fb0c-433d-ab4b-60081ebf7227: cophenetic index 14389; 6.6 s; peak memory 833 MiB.
2026-10-05T10:31:02Z INFO [3561/3739] 51b5eb48-2552-4060-8fe3-b7c20ce8e726: cophenetic index 646; 0.9 s; peak memory 833 MiB.
2026-10-05T10:31:10Z INFO [3562/3739] 51b66170-a9ca-402b-a2f3-7d845f3b89b6: cophenetic index 76137; 7.2 s; peak memory 833 MiB.
2026-10-05T10:31:11Z INFO [3563/3739] 51b673ca-a12e-4957-9ca7-5492d7232c31: cophenetic index 2570; 1.3 s; peak memory 833 MiB.
2026-10-05T10:31:12Z INFO [3564/3739] 51b6ddfc-9eef-4393-91eb-2c68871d5827: cophenetic index 490; 1.0 s; peak memory 833 MiB.
2026-10-05T10:31:15Z INFO [3565/3739] 51b71440-0546-4cc5-9f1d-7cad45795d01: cophenetic index 2391; 2.8 s; peak memory 833 MiB.
2026-10-05T10:31:16Z INFO [3566/3739] 51b71b30-2709-4364-98cc-18be1fc7d70c: cophenetic index 33968; 1.5 s; peak memory 833 MiB.
2026-10-05T10:31:17Z INFO [3567/3739] 51b84261-b1c7-44ed-95c4-0495a3fde4f6: cophenetic index 624; 1.1 s; peak memory 833 MiB.
2026-10-05T10:31:19Z INFO [3568/3739] 51b87d7f-44d8-48a1-94f5-ff94017eb0da: cophenetic index 2625; 1.5 s; peak memory 833 MiB.
2026-10-05T10:31:24Z INFO [3569/3739] 51b8b73c-9c13-40d9-ad01-4c3607dce0b7: cophenetic index 20899; 5.2 s; peak memory 833 MiB.
2026-10-05T10:31:25Z INFO [3570/3739] 51b9cb8a-1ddc-4608-bd1f-ac72169714cb: cophenetic index 624; 1.0 s; peak memory 833 MiB.
2026-10-05T10:31:31Z INFO [3571/3739] 51bb8c94-b1a9-4e97-9a6e-0b0dcf083526: cophenetic index 69010; 6.4 s; peak memory 833 MiB.
2026-10-05T10:31:33Z INFO [3572/3739] 51bc42da-28c1-487c-babe-524c94db5f80: cophenetic index 490; 1.1 s; peak memory 833 MiB.
2026-10-05T10:31:34Z INFO [3573/3739] 51bc5739-7d17-4b4d-bc89-427dba47224f: cophenetic index 2625; 1.6 s; peak memory 833 MiB.
2026-10-05T10:31:36Z INFO [3574/3739] 51bcf5b3-91fb-46a6-9cd9-70d437260f3d: cophenetic index 33986; 1.5 s; peak memory 833 MiB.
2026-10-05T10:31:37Z INFO [3575/3739] 51bd3ac2-19fe-48c4-95c1-8d63667f0908: cophenetic index 680; 1.6 s; peak memory 833 MiB.
2026-10-05T10:31:45Z INFO [3576/3739] 51bdd631-b482-4a89-a976-bc2d864ef9c5: cophenetic index 96774; 7.4 s; peak memory 833 MiB.
2026-10-05T10:31:46Z INFO [3577/3739] 51becd0b-7092-4d3b-a30b-dbd2c0493b16: cophenetic index 3087; 1.1 s; peak memory 833 MiB.
2026-10-05T10:31:47Z INFO [3578/3739] 51bf7775-9d86-498b-99bf-5c80fcf65dab: cophenetic index 2625; 1.6 s; peak memory 833 MiB.
2026-10-05T10:31:49Z INFO [3579/3739] 51c0c51d-14dd-402b-ba1b-6f86ad021b4d: cophenetic index 2974; 1.2 s; peak memory 833 MiB.
2026-10-05T10:31:50Z INFO [3580/3739] 51c14a32-bc78-48e8-a283-2f2f5e29daf8: cophenetic index 2974; 1.1 s; peak memory 833 MiB.
2026-10-05T10:31:51Z INFO [3581/3739] 51c262d4-2948-4d0e-9274-b6b052c213ee: cophenetic index 4586; 1.3 s; peak memory 833 MiB.
2026-10-05T10:35:42Z INFO [3582/3739] 51c3855b-0ee3-40d4-8fb2-e397db0e908d: cophenetic index 56182334; 231.0 s; peak memory 833 MiB.
2026-10-05T10:35:44Z INFO [3583/3739] 51c4913a-89bf-4b10-bd13-5baee9f0d18d: cophenetic index 2724; 1.4 s; peak memory 833 MiB.
2026-10-05T10:35:45Z INFO [3584/3739] 51c5c1ef-c81e-401f-ab27-04ed9c3e8c6f: cophenetic index 624; 1.0 s; peak memory 833 MiB.
2026-10-05T10:35:46Z INFO [3585/3739] 51c62e99-1d2d-40c5-9daf-8960398ca7bd: cophenetic index 33962; 1.6 s; peak memory 833 MiB.
2026-10-05T10:35:48Z INFO [3586/3739] 51c6a540-6fef-4975-b34a-3084c2062603: cophenetic index 33998; 2.1 s; peak memory 833 MiB.
2026-10-05T10:35:50Z INFO [3587/3739] 51c6d968-2034-4f8f-8cce-a31dbbe5f1d5: cophenetic index 1042; 1.3 s; peak memory 833 MiB.
2026-10-05T10:35:51Z INFO [3588/3739] 51c787a9-ebd5-4514-857b-fafba037af46: cophenetic index 624; 1.2 s; peak memory 833 MiB.
2026-10-05T10:35:57Z INFO [3589/3739] 51c7ca73-9370-49c4-bfe1-676d249e7827: cophenetic index 71188; 6.4 s; peak memory 833 MiB.
2026-10-05T10:35:59Z INFO [3590/3739] 51c8045d-9930-4616-969d-ccc57bc95ec7: cophenetic index 3087; 1.5 s; peak memory 833 MiB.
2026-10-05T10:36:00Z INFO [3591/3739] 51c867eb-8cef-4bec-947e-4ddd76c87317: cophenetic index 624; 1.1 s; peak memory 833 MiB.
2026-10-05T10:36:01Z INFO [3592/3739] 51c8f96d-501a-44bc-a5df-686453fd8837: cophenetic index 2625; 1.4 s; peak memory 833 MiB.
2026-10-05T10:36:03Z INFO [3593/3739] 51c96214-58cb-44ef-9a20-86ce6112ab4e: cophenetic index 626; 1.3 s; peak memory 833 MiB.
2026-10-05T10:36:04Z INFO [3594/3739] 51c9b713-6640-4dd3-9bfc-f23c2610111e: cophenetic index 624; 1.1 s; peak memory 833 MiB.
2026-10-05T10:36:05Z INFO [3595/3739] 51ca8db9-1338-45b6-be8c-b144c01dd0ae: cophenetic index 649; 1.1 s; peak memory 833 MiB.
2026-10-05T10:36:12Z INFO [3596/3739] 51caf65d-061c-4e25-9b85-9883a404da8b: cophenetic index 15817; 6.9 s; peak memory 833 MiB.
2026-10-05T10:36:15Z INFO [3597/3739] 51cb132a-2102-4357-9eb1-fd532d4d0256: cophenetic index 5473; 3.3 s; peak memory 833 MiB.
2026-10-05T10:36:16Z INFO [3598/3739] 51cb3574-1227-409a-85a1-0d141901cf5f: cophenetic index 13320; 1.5 s; peak memory 833 MiB.
2026-10-05T10:36:29Z INFO [3599/3739] 51cb3602-a93b-49f8-ba19-f55da1b65e48: cophenetic index 183747; 12.4 s; peak memory 833 MiB.
2026-10-05T10:36:38Z INFO [3600/3739] 51cb5040-eef0-498e-957e-6024f20c8ab2: cophenetic index 149721; 9.7 s; peak memory 833 MiB.
2026-10-05T10:36:39Z INFO [3600/3739] 51cb5040-eef0-498e-957e-6024f20c8ab2: checkpointed 86325 records.
2026-10-05T10:36:40Z INFO [3601/3739] 51cbae8a-b31f-4bcf-8abb-eb284ab5c433: cophenetic index 3004; 1.2 s; peak memory 833 MiB.
2026-10-05T10:36:49Z INFO [3602/3739] 51cc42e0-bf07-4a00-b8b6-01abda2c9e7b: cophenetic index 570223; 9.6 s; peak memory 833 MiB.
2026-10-05T10:37:01Z INFO [3603/3739] 51cc4e5e-a922-487b-aeae-4dc52f73db98: cophenetic index 221370; 11.9 s; peak memory 833 MiB.
2026-10-05T10:37:03Z INFO [3604/3739] 51ccfc4f-966a-4b05-bf1f-a9c1309ca012: cophenetic index 2625; 1.6 s; peak memory 833 MiB.
2026-10-05T10:37:08Z INFO [3605/3739] 51cdb930-193a-498f-bd2b-86daf6f05b18: cophenetic index 28767; 4.7 s; peak memory 833 MiB.
2026-10-05T10:37:18Z INFO [3606/3739] 51cdca01-8ba3-47e3-bcc5-277e6e49740b: cophenetic index 48665; 10.5 s; peak memory 833 MiB.
2026-10-05T10:37:19Z INFO [3607/3739] 51cde7e1-8446-4a29-bb1a-627b27e333fb: cophenetic index 3087; 1.2 s; peak memory 833 MiB.
2026-10-05T10:37:27Z INFO [3608/3739] 51cf572f-b1cf-4ab7-a8e3-bae1cc4cd0b6: cophenetic index 161298; 8.2 s; peak memory 833 MiB.
2026-10-05T10:37:28Z INFO [3609/3739] 51cf877f-d9cc-4960-9f60-0d7210dbf26c: cophenetic index 755; 0.8 s; peak memory 833 MiB.
2026-10-05T10:37:29Z INFO [3610/3739] 51d0965b-22cb-4a39-bb2f-dc79a029bbc3: cophenetic index 431; 0.8 s; peak memory 833 MiB.
2026-10-05T10:37:34Z INFO [3611/3739] 51d0cbb9-0d29-493e-8871-71364dd3d2dd: cophenetic index 2150; 5.0 s; peak memory 833 MiB.
2026-10-05T10:37:36Z INFO [3612/3739] 51d0fd04-e75e-46d1-9e4f-aca612e15329: cophenetic index 23510; 1.5 s; peak memory 833 MiB.
2026-10-05T10:37:38Z INFO [3613/3739] 51d10576-e3d8-4ba3-9c98-691eae9fda58: cophenetic index 2402; 2.7 s; peak memory 833 MiB.
2026-10-05T10:37:47Z INFO [3614/3739] 51d1250f-4084-4af2-aee2-23f5525add06: cophenetic index 410218; 8.5 s; peak memory 833 MiB.
2026-10-05T10:37:48Z INFO [3615/3739] 51d1478f-a9f8-4870-a37b-4accadf004c5: cophenetic index 649; 1.2 s; peak memory 833 MiB.
2026-10-05T10:37:51Z INFO [3616/3739] 51d1a3e1-78a9-4a9c-93bc-5de1f6c7a0cd: cophenetic index 3430; 2.8 s; peak memory 833 MiB.
2026-10-05T10:37:52Z INFO [3617/3739] 51d1cfa1-e330-45e7-ac42-d024e33a84fb: cophenetic index 624; 1.0 s; peak memory 833 MiB.
2026-10-05T10:37:53Z INFO [3618/3739] 51d25e98-2cdd-4824-bdfa-70a1e56e96ec: cophenetic index 624; 1.0 s; peak memory 833 MiB.
2026-10-05T10:37:55Z INFO [3619/3739] 51d2c40e-0fed-4e84-b5c4-30b4025945dd: cophenetic index 797; 1.9 s; peak memory 833 MiB.
2026-10-05T10:37:55Z INFO [3620/3739] 51d3359e-ce78-4947-948d-5865fc048682: cophenetic index 761; 0.8 s; peak memory 833 MiB.
2026-10-05T10:38:02Z INFO [3621/3739] 51d3c8e6-e6a6-41b0-9a21-bf231c9e74a1: cophenetic index 12100; 6.4 s; peak memory 833 MiB.
2026-10-05T10:38:07Z INFO [3622/3739] 51d416de-5208-4c21-b5e3-efb5e5956835: cophenetic index 47927; 5.0 s; peak memory 833 MiB.
2026-10-05T10:38:08Z INFO [3623/3739] 51d51361-ef36-4a3d-9934-86ad096fe457: cophenetic index 729; 0.8 s; peak memory 833 MiB.
2026-10-05T10:38:09Z INFO [3624/3739] 51d51744-f248-4633-85ad-7a1a80fe0841: cophenetic index 2625; 1.5 s; peak memory 833 MiB.
2026-10-05T10:38:10Z INFO [3625/3739] 51d52240-a706-4f03-ac3c-51437a589be0: cophenetic index 605; 1.3 s; peak memory 833 MiB.
2026-10-05T10:38:12Z INFO [3626/3739] 51d566f4-0745-447e-9fb1-5cd0e9a87dde: cophenetic index 1006; 1.3 s; peak memory 833 MiB.
2026-10-05T10:38:13Z INFO [3627/3739] 51d67abb-8228-4ff6-954e-a8795e2f1136: cophenetic index 23866; 1.2 s; peak memory 833 MiB.
2026-10-05T10:38:14Z INFO [3628/3739] 51d6e9f0-0077-402b-ab09-6188045b6cb1: cophenetic index 624; 1.0 s; peak memory 833 MiB.
2026-10-05T10:38:15Z INFO [3629/3739] 51d786c7-b296-4636-902b-cc781a421b6f: cophenetic index 2974; 1.3 s; peak memory 833 MiB.
2026-10-05T10:38:16Z INFO [3630/3739] 51d90a4b-6073-4026-a0bb-9fcb4304d7d1: cophenetic index 413; 1.3 s; peak memory 833 MiB.
2026-10-05T10:38:18Z INFO [3631/3739] 51d912e3-3048-43e4-aa76-20c84f4e478f: cophenetic index 2974; 1.4 s; peak memory 833 MiB.
2026-10-05T10:38:19Z INFO [3632/3739] 51d94a1a-4b9b-4027-ae5e-da790343df9f: cophenetic index 3004; 1.2 s; peak memory 833 MiB.
2026-10-05T10:38:20Z INFO [3633/3739] 51d98f89-61dc-44ca-828a-6bb0f5577c85: cophenetic index 624; 1.1 s; peak memory 833 MiB.
2026-10-05T10:38:21Z INFO [3634/3739] 51d9c783-5580-4526-9537-860bd73163c0: cophenetic index 722; 1.3 s; peak memory 833 MiB.
2026-10-05T10:38:23Z INFO [3635/3739] 51d9e7a2-a7b3-46f4-ba5e-e527904506db: cophenetic index 2625; 1.3 s; peak memory 833 MiB.
2026-10-05T10:38:33Z INFO [3636/3739] 51db2848-429e-403b-aea5-13963dbb3e12: cophenetic index 47115; 10.0 s; peak memory 833 MiB.
2026-10-05T10:38:34Z INFO [3637/3739] 51db873b-a404-435d-b857-de888b2a9e48: cophenetic index 624; 1.0 s; peak memory 833 MiB.
2026-10-05T10:38:35Z INFO [3638/3739] 51db8ec7-81dc-4c0b-a28e-752ace6cbfb0: cophenetic index 3004; 1.3 s; peak memory 833 MiB.
2026-10-05T10:38:36Z INFO [3639/3739] 51db9342-fd8f-4255-9a61-a706d8d334a9: cophenetic index 624; 1.1 s; peak memory 833 MiB.
2026-10-05T10:38:37Z INFO [3640/3739] 51dbea16-c99b-4ec2-b148-310c557cd111: cophenetic index 2551; 1.2 s; peak memory 833 MiB.
2026-10-05T10:38:39Z INFO [3641/3739] 51dd3de6-719f-487f-ab39-c46d72b51ba1: cophenetic index 3087; 1.4 s; peak memory 833 MiB.
2026-10-05T10:38:40Z INFO [3642/3739] 51dd7836-fa3f-439e-a1d7-97355770a4e7: cophenetic index 3087; 1.4 s; peak memory 833 MiB.
2026-10-05T10:38:41Z INFO [3643/3739] 51dd7b5b-17b6-4fdf-9ef7-259d41b59015: cophenetic index 3087; 1.3 s; peak memory 833 MiB.
2026-10-05T10:38:42Z INFO [3644/3739] 51dda47d-c696-49ae-95bf-0fee332833df: cophenetic index 624; 0.9 s; peak memory 833 MiB.
2026-10-05T10:38:44Z INFO [3645/3739] 51ddecf5-52f6-4bc1-9a50-be64fe01d12d: cophenetic index 2625; 1.5 s; peak memory 833 MiB.
2026-10-05T10:38:46Z INFO [3646/3739] 51dee86c-cc79-420c-a0f3-1324746f614a: cophenetic index 1751; 2.0 s; peak memory 833 MiB.
2026-10-05T10:38:47Z INFO [3647/3739] 51dff7bc-068a-4954-98f0-5746e0676eff: cophenetic index 23388; 1.4 s; peak memory 833 MiB.
2026-10-05T10:38:48Z INFO [3648/3739] 51e17a65-e64e-48ee-84ca-0e7b608d0201: cophenetic index 624; 1.1 s; peak memory 833 MiB.
2026-10-05T10:38:49Z INFO [3649/3739] 51e20efa-1b42-4b57-babe-625f60023a85: cophenetic index 490; 0.8 s; peak memory 833 MiB.
2026-10-05T10:38:50Z INFO [3650/3739] 51e237b5-1dfe-493e-9c1b-092ad65d6c64: cophenetic index 23272; 1.2 s; peak memory 833 MiB.
2026-10-05T10:38:51Z INFO [3650/3739] 51e237b5-1dfe-493e-9c1b-092ad65d6c64: checkpointed 86375 records.
2026-10-05T10:38:52Z INFO [3651/3739] 51e24b5d-0abf-499b-8318-32a2ecb709aa: cophenetic index 1885; 1.9 s; peak memory 833 MiB.
2026-10-05T10:38:54Z INFO [3652/3739] 51e3d7e5-4569-4951-bbbf-f185ce537e74: cophenetic index 766; 1.3 s; peak memory 833 MiB.
2026-10-05T10:38:55Z INFO [3653/3739] 51e44222-faf2-4537-b54c-aaf667b0266c: cophenetic index 3192; 1.2 s; peak memory 833 MiB.
2026-10-05T10:39:03Z INFO [3654/3739] 51e54926-15e7-4888-bf1a-1cf7743d0d1d: cophenetic index 104185; 7.9 s; peak memory 833 MiB.
2026-10-05T10:39:04Z INFO [3655/3739] 51e68642-2845-4d02-9fa7-24cfc541a885: cophenetic index 490; 0.9 s; peak memory 833 MiB.
2026-10-05T10:39:05Z INFO [3656/3739] 51e75b79-f078-4506-9dd9-60fc5b2d6d50: cophenetic index 3087; 1.3 s; peak memory 833 MiB.
2026-10-05T10:39:14Z INFO [3657/3739] 51e81b75-ce05-4b37-bc95-f41459a00cc1: cophenetic index 171441; 9.1 s; peak memory 833 MiB.
2026-10-05T10:39:16Z INFO [3658/3739] 51e8668b-876a-4ae9-b8c6-8d0b817ad649: cophenetic index 2636; 1.9 s; peak memory 833 MiB.
2026-10-05T10:39:18Z INFO [3659/3739] 51e8e7cf-249f-43be-90af-9a5bcb2b6335: cophenetic index 1087; 1.7 s; peak memory 833 MiB.
2026-10-05T10:39:19Z INFO [3660/3739] 51eac9b6-5630-4130-a0dc-454a062e615b: cophenetic index 490; 0.7 s; peak memory 833 MiB.
2026-10-05T10:39:20Z INFO [3661/3739] 51ebb6b3-8c09-4725-ae5e-cabde191b6f0: cophenetic index 3057; 1.3 s; peak memory 833 MiB.
2026-10-05T10:39:26Z INFO [3662/3739] 51ebfaa4-42e1-4d44-98cc-09f22c46b4d0: cophenetic index 126522; 6.2 s; peak memory 833 MiB.
2026-10-05T10:39:27Z INFO [3663/3739] 51ee20ce-f411-4e2b-b041-3cb713fbdd3b: cophenetic index 624; 1.0 s; peak memory 833 MiB.
2026-10-05T10:39:28Z INFO [3664/3739] 51ee25a3-11a3-4dbb-b123-bf66363d56a3: cophenetic index 624; 1.0 s; peak memory 833 MiB.
2026-10-05T10:39:31Z INFO [3665/3739] 51ee467d-6e6e-477e-8a8b-2b95d1d719d0: cophenetic index 2391; 2.5 s; peak memory 833 MiB.
2026-10-05T10:39:32Z INFO [3666/3739] 51eef702-6a18-4cc7-bbaf-d1fb92f96d7d: cophenetic index 1949; 1.5 s; peak memory 833 MiB.
2026-10-05T10:39:33Z INFO [3667/3739] 51ef05a6-d769-42ba-ae79-3811422a6faf: cophenetic index 490; 0.7 s; peak memory 833 MiB.
2026-10-05T10:39:34Z INFO [3668/3739] 51ef1cef-abdd-49f1-b3ea-db463b58bc55: cophenetic index 579; 0.8 s; peak memory 833 MiB.
2026-10-05T10:39:36Z INFO [3669/3739] 51ef26af-aed8-42cf-aaae-840fcd00fb1a: cophenetic index 1563; 2.1 s; peak memory 833 MiB.
2026-10-05T10:39:37Z INFO [3670/3739] 51ef2848-8e90-49dc-9325-91d3477d5235: cophenetic index 3087; 1.5 s; peak memory 833 MiB.
2026-10-05T10:39:38Z INFO [3671/3739] 51ef9f12-bdaa-49fe-891b-8f3d8a8f8e6e: cophenetic index 624; 1.1 s; peak memory 833 MiB.
2026-10-05T10:39:51Z INFO [3672/3739] 51effbb5-03a3-4510-bb7c-7ce1460c56ab: cophenetic index 315355; 12.6 s; peak memory 833 MiB.
2026-10-05T10:39:52Z INFO [3673/3739] 51f023f9-2bd1-465b-a2f9-a63134e19e1c: cophenetic index 624; 1.1 s; peak memory 833 MiB.
2026-10-05T10:39:54Z INFO [3674/3739] 51f05f3e-800f-491d-b6c3-4e98f28a6af6: cophenetic index 34138; 1.9 s; peak memory 833 MiB.
2026-10-05T10:39:55Z INFO [3675/3739] 51f16e8c-1d84-44b4-acba-4af5ce0bebde: cophenetic index 1087; 1.4 s; peak memory 833 MiB.
2026-10-05T10:39:56Z INFO [3676/3739] 51f17267-e2ff-4eb8-b803-4b74580f635f: cophenetic index 624; 1.1 s; peak memory 833 MiB.
2026-10-05T10:39:58Z INFO [3677/3739] 51f1c440-6b50-49b8-a630-e3f8ae139cde: cophenetic index 3004; 1.3 s; peak memory 833 MiB.
2026-10-05T10:39:59Z INFO [3678/3739] 51f2c70f-ba8c-42a5-bf63-de8e72ca8bbf: cophenetic index 624; 1.1 s; peak memory 833 MiB.
2026-10-05T10:40:00Z INFO [3679/3739] 51f2e043-5f29-41af-9e91-8251a3b3e342: cophenetic index 624; 1.0 s; peak memory 833 MiB.
2026-10-05T10:40:01Z INFO [3680/3739] 51f441a2-6421-473b-8b83-1523cd71fa2e: cophenetic index 2625; 1.7 s; peak memory 833 MiB.
2026-10-05T10:40:02Z INFO [3681/3739] 51f470f6-d3bd-41af-9373-ac3bff2ad0ed: cophenetic index 624; 1.0 s; peak memory 833 MiB.
2026-10-05T10:40:14Z INFO [3682/3739] 51f4de02-2300-4fed-a51a-20f99e940793: cophenetic index 236303; 12.1 s; peak memory 833 MiB.
2026-10-05T10:40:16Z INFO [3683/3739] 51f5befb-70ea-4912-8f79-127fc757ead2: cophenetic index 624; 1.3 s; peak memory 833 MiB.
2026-10-05T10:40:17Z INFO [3684/3739] 51f6f00a-81f9-4902-a33b-09b79e9af893: cophenetic index 490; 0.9 s; peak memory 833 MiB.
2026-10-05T10:40:18Z INFO [3685/3739] 51f7795a-ea68-405f-820a-ea12cd300781: cophenetic index 766; 1.3 s; peak memory 833 MiB.
2026-10-05T10:40:19Z INFO [3686/3739] 51f78bdd-b3db-4124-a017-f1f20d97bad4: cophenetic index 624; 1.0 s; peak memory 833 MiB.
2026-10-05T10:40:20Z INFO [3687/3739] 51f8ee09-b418-4b8c-90b1-9d8b517f3cc7: cophenetic index 624; 1.0 s; peak memory 833 MiB.
2026-10-05T10:40:21Z INFO [3688/3739] 51f98e5f-c29a-43a6-8009-f63e74965967: cophenetic index 624; 1.1 s; peak memory 833 MiB.
2026-10-05T10:40:22Z INFO [3689/3739] 51faf3c4-db1c-47b1-b582-07bf06db3c2d: cophenetic index 624; 1.0 s; peak memory 833 MiB.
2026-10-05T10:40:23Z INFO [3690/3739] 51fb2369-86a7-46ba-a8f3-94473ec12923: cophenetic index 624; 1.1 s; peak memory 833 MiB.
2026-10-05T10:40:30Z INFO [3691/3739] 51fbcfd4-de3c-487a-9bf5-83227af71705: cophenetic index 116482; 7.2 s; peak memory 833 MiB.
2026-10-05T10:40:32Z INFO [3692/3739] 51fcbbcf-5d5c-4ec2-ad37-28fe2880a373: cophenetic index 624; 1.1 s; peak memory 833 MiB.
2026-10-05T10:40:33Z INFO [3693/3739] 51fcf5cb-6610-42cf-9d89-85ef7f473745: cophenetic index 3004; 1.2 s; peak memory 833 MiB.
2026-10-05T10:40:34Z INFO [3694/3739] 51fd7589-16b1-4b78-9a6d-cc7a636442bf: cophenetic index 624; 1.1 s; peak memory 833 MiB.
2026-10-05T10:40:35Z INFO [3695/3739] 51fdce46-b268-4b54-a246-c5747e4cb5de: cophenetic index 751; 0.8 s; peak memory 833 MiB.
2026-10-05T10:40:37Z INFO [3696/3739] 51fde0a1-c329-4577-a913-cb95317e4578: cophenetic index 613; 1.9 s; peak memory 833 MiB.
2026-10-05T10:40:38Z INFO [3697/3739] 51fdefc5-a3ad-4759-8a51-2470ab55af1c: cophenetic index 2625; 1.5 s; peak memory 833 MiB.
2026-10-05T10:40:39Z INFO [3698/3739] 51fdf53d-0634-4b04-b078-24ab4094f65e: cophenetic index 624; 1.0 s; peak memory 833 MiB.
2026-10-05T10:40:40Z INFO [3699/3739] 51fe4194-f4c5-4a1f-8584-2ca6231a999e: cophenetic index 490; 0.7 s; peak memory 833 MiB.
2026-10-05T10:40:41Z INFO [3700/3739] 51fe9fd8-3f93-4543-911e-52da6a6a1c03: cophenetic index 432; 1.0 s; peak memory 833 MiB.
2026-10-05T10:40:41Z INFO [3700/3739] 51fe9fd8-3f93-4543-911e-52da6a6a1c03: checkpointed 86425 records.
2026-10-05T10:40:47Z INFO [3701/3739] 51feab43-ec2f-4fa2-90a2-b0e229730eec: cophenetic index 15351221; 6.2 s; peak memory 833 MiB.
2026-10-05T10:40:48Z INFO [3702/3739] 51ff1361-886d-454d-a110-3cac68371564: cophenetic index 3004; 1.2 s; peak memory 833 MiB.
2026-10-05T10:40:50Z INFO [3703/3739] 51ffaea3-706a-4b40-a699-f8951d50a2db: cophenetic index 2625; 1.3 s; peak memory 833 MiB.
2026-10-05T10:40:51Z INFO [3704/3739] 5200a33e-4482-4b01-8023-d4c3be1d4c41: cophenetic index 3004; 1.2 s; peak memory 833 MiB.
2026-10-05T10:41:00Z INFO [3705/3739] 5202ed42-fd58-4832-8aae-b403404652c5: cophenetic index 8652465; 9.1 s; peak memory 833 MiB.
2026-10-05T10:41:01Z INFO [3706/3739] 52036011-9bdc-408c-947f-3ccfead0e64d: cophenetic index 2496; 1.2 s; peak memory 833 MiB.
2026-10-05T10:41:04Z INFO [3707/3739] 5203e84b-94a8-4c78-9ce8-476a35e3eaab: cophenetic index 3243; 2.8 s; peak memory 833 MiB.
2026-10-05T10:41:08Z INFO [3708/3739] 5203ecdb-df75-46d3-9a13-7c35f2d383d4: cophenetic index 13046; 4.3 s; peak memory 833 MiB.
2026-10-05T10:41:10Z INFO [3709/3739] 52044fe0-1108-43d2-a29c-e062723c6ac3: cophenetic index 718; 1.8 s; peak memory 833 MiB.
2026-10-05T10:41:18Z INFO [3710/3739] 5205453e-6f31-4e23-b6e4-f8d34f12d5e9: cophenetic index 148953; 8.3 s; peak memory 833 MiB.
2026-10-05T10:41:19Z INFO [3711/3739] 5206c0a9-b36b-496e-bc0c-c8904a980041: cophenetic index 431; 1.2 s; peak memory 833 MiB.
2026-10-05T10:41:21Z INFO [3712/3739] 52075cd3-c9bd-4e90-b5fb-9d24967e7b5e: cophenetic index 605; 1.4 s; peak memory 833 MiB.
2026-10-05T10:41:29Z INFO [3713/3739] 520777a4-a788-408a-9d65-3dfeceb0a54d: cophenetic index 180135; 8.1 s; peak memory 833 MiB.
2026-10-05T10:41:32Z INFO [3714/3739] 52096bae-c10a-4470-aece-08364a53125e: cophenetic index 328043; 2.5 s; peak memory 833 MiB.
2026-10-05T10:41:33Z INFO [3715/3739] 520a1828-a18c-4109-a15a-5821c07f159f: cophenetic index 3004; 1.4 s; peak memory 833 MiB.
2026-10-05T10:41:41Z INFO [3716/3739] 520ae7ad-0fae-4b3d-951c-910352ecb0d4: cophenetic index 35166; 8.1 s; peak memory 833 MiB.
2026-10-05T10:41:42Z INFO [3717/3739] 520b2d60-9f16-4ad7-a8b2-fe81bdb4367e: cophenetic index 624; 1.1 s; peak memory 833 MiB.
2026-10-05T10:41:43Z INFO [3718/3739] 520bd7c6-0a25-4946-b3b8-4dd3b1f87661: cophenetic index 649; 0.7 s; peak memory 833 MiB.
2026-10-05T10:41:43Z INFO [3719/3739] 520c05c4-c0a9-4c17-866c-19b65acb0e74: cophenetic index 490; 0.7 s; peak memory 833 MiB.
2026-10-05T10:41:47Z INFO [3720/3739] 520c0c77-1489-41e9-b0a5-894797fde090: cophenetic index 2236; 3.3 s; peak memory 833 MiB.
2026-10-05T10:41:48Z INFO [3721/3739] 520cc295-66ca-41e4-85ef-174c4ab6687c: cophenetic index 624; 1.1 s; peak memory 833 MiB.
2026-10-05T10:41:49Z INFO [3722/3739] 520d29d4-010f-443d-92a9-e278a8e5dac4: cophenetic index 649; 1.2 s; peak memory 833 MiB.
2026-10-05T10:41:50Z INFO [3723/3739] 520d96fa-92e2-45dd-bc40-20c6e52f03aa: cophenetic index 649; 1.1 s; peak memory 833 MiB.
2026-10-05T10:41:51Z INFO [3724/3739] 520dd1ed-2c9f-4e4f-9d39-d887fa7eee5d: cophenetic index 2974; 1.2 s; peak memory 833 MiB.
2026-10-05T10:41:53Z INFO [3725/3739] 520e28f5-9b7a-41ed-9252-e8928f8c504b: cophenetic index 33968; 1.5 s; peak memory 833 MiB.
2026-10-05T10:41:55Z INFO [3726/3739] 520e6ee6-0ee4-4cdc-a6ee-cb9604c30dd7: cophenetic index 2524; 2.5 s; peak memory 833 MiB.
2026-10-05T10:42:04Z INFO [3727/3739] 520e76a0-c089-4ece-a8d8-5df6abd588b9: cophenetic index 87806; 9.0 s; peak memory 833 MiB.
2026-10-05T10:42:06Z INFO [3728/3739] 520e9b61-c3cf-42d2-8ac3-4f40542ca2d4: cophenetic index 2625; 1.8 s; peak memory 833 MiB.
2026-10-05T10:42:07Z INFO [3729/3739] 520eb040-3b8a-432d-bb7a-580e58a353b3: cophenetic index 579; 0.8 s; peak memory 833 MiB.
2026-10-05T10:42:08Z INFO [3730/3739] 5210f3d0-cb8d-4c76-9c04-0b4e77b9df41: cophenetic index 431; 0.9 s; peak memory 833 MiB.
2026-10-05T10:42:09Z WARNING 59beae01-8c63-4353-a90b-e97078f0ecde: failed while reading the NWB file (KeyError: 'Unable to synchronously open object (component not found)')
2026-10-05T10:42:09Z WARNING [3731/3739] 59beae01-8c63-4353-a90b-e97078f0ecde: leaving unrecorded for a later run to retry.
2026-10-05T10:42:11Z WARNING 735c7449-7e23-44fa-8990-d5c55f725aa2: failed while reading the NWB file (KeyError: 'Unable to synchronously open object (component not found)')
2026-10-05T10:42:11Z WARNING [3732/3739] 735c7449-7e23-44fa-8990-d5c55f725aa2: leaving unrecorded for a later run to retry.
2026-10-05T10:42:12Z WARNING 75dc9b6e-40d1-4c10-8d75-71e6d60a1109: failed while reading the NWB file (KeyError: 'Unable to synchronously open object (component not found)')
2026-10-05T10:42:12Z WARNING [3733/3739] 75dc9b6e-40d1-4c10-8d75-71e6d60a1109: leaving unrecorded for a later run to retry.
2026-10-05T10:42:14Z WARNING 8f0183a2-f90f-4b15-8fac-1ca3a404a100: failed while reading the NWB file (KeyError: 'Unable to synchronously open object (component not found)')
2026-10-05T10:42:14Z WARNING [3734/3739] 8f0183a2-f90f-4b15-8fac-1ca3a404a100: leaving unrecorded for a later run to retry.
2026-10-05T10:42:15Z WARNING 91d0f104-6918-47ae-8959-2116c86ee157: failed while reading the NWB file (KeyError: 'Unable to synchronously open object (component not found)')
2026-10-05T10:42:15Z WARNING [3735/3739] 91d0f104-6918-47ae-8959-2116c86ee157: leaving unrecorded for a later run to retry.
2026-10-05T10:42:17Z WARNING 969e4747-5a03-4948-bad1-05be9db18f9a: failed while reading the NWB file (KeyError: 'Unable to synchronously open object (component not found)')
2026-10-05T10:42:17Z WARNING [3736/3739] 969e4747-5a03-4948-bad1-05be9db18f9a: leaving unrecorded for a later run to retry.
2026-10-05T10:42:19Z WARNING 9f0feaa9-adb3-4487-afb9-d4f49f1acdc6: failed while reading the NWB file (KeyError: 'Unable to synchronously open object (component not found)')
2026-10-05T10:42:19Z WARNING [3737/3739] 9f0feaa9-adb3-4487-afb9-d4f49f1acdc6: leaving unrecorded for a later run to retry.
2026-10-05T10:42:20Z WARNING ad5b0970-92ee-45ed-9ade-ec72ab7c0c43: failed while reading the NWB file (KeyError: 'Unable to synchronously open object (component not found)')
2026-10-05T10:42:20Z WARNING [3738/3739] ad5b0970-92ee-45ed-9ade-ec72ab7c0c43: leaving unrecorded for a later run to retry.
2026-10-05T10:42:22Z WARNING d73cb2c7-2e04-4c75-ba50-9b634dc8e8fb: failed while reading the NWB file (KeyError: 'Unable to synchronously open object (component not found)')
2026-10-05T10:42:22Z WARNING [3739/3739] d73cb2c7-2e04-4c75-ba50-9b634dc8e8fb: leaving unrecorded for a later run to retry.
2026-10-05T10:42:22Z INFO Wrote 86455 records to /tmp/derivatives/valid_nwb_file_to_cophenetic_index.jsonl (3710 new, 29 failed) in 180.0 min (peak memory 833 MiB).
