2026-10-08T16:58:20Z INFO Logging to /tmp/logs/update_2026-10-08T16-58-20Z.log.
2026-10-08T16:58:20Z INFO Update valid-nwb-file-to-cophenetic-index (base directory /tmp).
2026-10-08T16:58:21Z INFO Processing 4500 items (120464 already recorded).
2026-10-08T16:58:22Z WARNING 024ef50f-ac6f-49ea-806b-93ef4b5e8644: failed while reading the NWB file (KeyError: 'Unable to synchronously open object (component not found)')
2026-10-08T16:58:22Z WARNING [1/4500] 024ef50f-ac6f-49ea-806b-93ef4b5e8644: leaving unrecorded for a later run to retry.
2026-10-08T16:58:22Z INFO [2/4500] 0431d4f6-850f-4864-871f-7629ac8d725b: cophenetic index 514; 0.7 s; peak memory 99 MiB.
2026-10-08T16:58:23Z WARNING 09073220-fbea-45d2-9a39-2cc61fcdc2a1: failed while reading the NWB file (KeyError: 'Unable to synchronously open object (component not found)')
2026-10-08T16:58:23Z WARNING [3/4500] 09073220-fbea-45d2-9a39-2cc61fcdc2a1: leaving unrecorded for a later run to retry.
2026-10-08T16:58:24Z INFO [4/4500] 0ca8020a-b27d-4f5e-9d1d-0b311b511212: cophenetic index 514; 0.6 s; peak memory 101 MiB.
2026-10-08T16:58:25Z WARNING 0dec427d-4db4-44c3-988a-c37959ceaff3: failed while reading the NWB file (KeyError: 'Unable to synchronously open object (component not found)')
2026-10-08T16:58:25Z WARNING [5/4500] 0dec427d-4db4-44c3-988a-c37959ceaff3: leaving unrecorded for a later run to retry.
2026-10-08T16:58:26Z WARNING 0f7396ad-67ec-468a-b6a6-5599cb507f54: failed while reading the NWB file (KeyError: 'Unable to synchronously open object (component not found)')
2026-10-08T16:58:26Z WARNING [6/4500] 0f7396ad-67ec-468a-b6a6-5599cb507f54: leaving unrecorded for a later run to retry.
2026-10-08T16:58:27Z WARNING 1066b3ba-83d9-4cb3-bfe3-ecf8539e2334: failed while reading the NWB file (KeyError: 'Unable to synchronously open object (component not found)')
2026-10-08T16:58:27Z WARNING [7/4500] 1066b3ba-83d9-4cb3-bfe3-ecf8539e2334: leaving unrecorded for a later run to retry.
2026-10-08T16:58:28Z WARNING 17a546c4-6425-4c56-a43e-9f9f272d299c: failed while reading the NWB file (KeyError: 'Unable to synchronously open object (component not found)')
2026-10-08T16:58:28Z WARNING [8/4500] 17a546c4-6425-4c56-a43e-9f9f272d299c: leaving unrecorded for a later run to retry.
2026-10-08T16:58:28Z WARNING 19998990-d06f-40db-8d07-c5121b317b6a: failed while reading the NWB file (KeyError: 'Unable to synchronously open object (component not found)')
2026-10-08T16:58:28Z WARNING [9/4500] 19998990-d06f-40db-8d07-c5121b317b6a: leaving unrecorded for a later run to retry.
2026-10-08T16:58:29Z WARNING 1a18ed31-9155-4512-919f-b6875d14b9f3: failed while reading the NWB file (KeyError: 'Unable to synchronously open object (component not found)')
2026-10-08T16:58:29Z WARNING [10/4500] 1a18ed31-9155-4512-919f-b6875d14b9f3: leaving unrecorded for a later run to retry.
2026-10-08T16:58:30Z WARNING 1c2fff6f-f3a7-43fb-b7e2-a33218d41614: failed while reading the NWB file (KeyError: 'Unable to synchronously open object (component not found)')
2026-10-08T16:58:30Z WARNING [11/4500] 1c2fff6f-f3a7-43fb-b7e2-a33218d41614: leaving unrecorded for a later run to retry.
2026-10-08T16:58:31Z INFO [12/4500] 1e7a2dbc-469c-4985-9e60-ef1a4a694f63: cophenetic index 514; 0.5 s; peak memory 113 MiB.
2026-10-08T16:58:32Z WARNING 20b5d243-5a61-4246-a5d5-ac9d9068183d: failed while reading the NWB file (KeyError: 'Unable to synchronously open object (component not found)')
2026-10-08T16:58:32Z WARNING [13/4500] 20b5d243-5a61-4246-a5d5-ac9d9068183d: leaving unrecorded for a later run to retry.
2026-10-08T16:58:32Z WARNING 20e4b649-b593-4ee3-bd02-f0645aad7021: failed while reading the NWB file (KeyError: 'Unable to synchronously open object (component not found)')
2026-10-08T16:58:32Z WARNING [14/4500] 20e4b649-b593-4ee3-bd02-f0645aad7021: leaving unrecorded for a later run to retry.
2026-10-08T16:58:33Z WARNING 2420003b-b350-4a69-b1aa-b27f68179823: failed while reading the NWB file (KeyError: 'Unable to synchronously open object (component not found)')
2026-10-08T16:58:33Z WARNING [15/4500] 2420003b-b350-4a69-b1aa-b27f68179823: leaving unrecorded for a later run to retry.
2026-10-08T16:58:34Z INFO [16/4500] 2a006f9c-2eda-43a2-b3a8-982d6b3de521: cophenetic index 514; 0.6 s; peak memory 113 MiB.
2026-10-08T16:58:35Z WARNING 2a76c0ae-11ba-4712-bfc9-5a1534c26aeb: failed while reading the NWB file (KeyError: 'Unable to synchronously open object (component not found)')
2026-10-08T16:58:35Z WARNING [17/4500] 2a76c0ae-11ba-4712-bfc9-5a1534c26aeb: leaving unrecorded for a later run to retry.
2026-10-08T16:58:35Z INFO [18/4500] 2c08f99e-a1eb-49f5-b245-4c7c8929dc0d: cophenetic index 514; 0.6 s; peak memory 113 MiB.
2026-10-08T16:58:36Z WARNING 319d22c8-6c6e-41bb-9bf9-9c6773d2b2ad: failed while reading the NWB file (KeyError: 'Unable to synchronously open object (component not found)')
2026-10-08T16:58:36Z WARNING [19/4500] 319d22c8-6c6e-41bb-9bf9-9c6773d2b2ad: leaving unrecorded for a later run to retry.
2026-10-08T16:58:37Z WARNING 324ccb4d-b81e-4dbb-a29d-ef474eef0d50: failed while reading the NWB file (KeyError: 'Unable to synchronously open object (component not found)')
2026-10-08T16:58:37Z WARNING [20/4500] 324ccb4d-b81e-4dbb-a29d-ef474eef0d50: leaving unrecorded for a later run to retry.
2026-10-08T16:58:38Z WARNING 3b2672c0-01e2-4e2a-a6fd-09535b8afd67: failed while reading the NWB file (KeyError: 'Unable to synchronously open object (component not found)')
2026-10-08T16:58:38Z WARNING [21/4500] 3b2672c0-01e2-4e2a-a6fd-09535b8afd67: leaving unrecorded for a later run to retry.
2026-10-08T16:58:39Z WARNING 3dec1e5e-7a4c-4aaa-95eb-7a953aa18d59: failed while reading the NWB file (KeyError: 'Unable to synchronously open object (component not found)')
2026-10-08T16:58:39Z WARNING [22/4500] 3dec1e5e-7a4c-4aaa-95eb-7a953aa18d59: leaving unrecorded for a later run to retry.
2026-10-08T16:58:40Z WARNING 40d7f442-8923-4dd5-87cb-af432218c083: failed while reading the NWB file (KeyError: 'Unable to synchronously open object (component not found)')
2026-10-08T16:58:40Z WARNING [23/4500] 40d7f442-8923-4dd5-87cb-af432218c083: leaving unrecorded for a later run to retry.
2026-10-08T16:58:41Z WARNING 4255c687-2c9c-4ffc-83b6-08157b521931: failed while reading the NWB file (KeyError: 'Unable to synchronously open object (component not found)')
2026-10-08T16:58:41Z WARNING [24/4500] 4255c687-2c9c-4ffc-83b6-08157b521931: leaving unrecorded for a later run to retry.
2026-10-08T16:58:42Z WARNING 43addd0b-0674-4137-8eaa-9df790dee1ce: failed while reading the NWB file (KeyError: 'Unable to synchronously open object (component not found)')
2026-10-08T16:58:42Z WARNING [25/4500] 43addd0b-0674-4137-8eaa-9df790dee1ce: leaving unrecorded for a later run to retry.
2026-10-08T16:58:42Z INFO [26/4500] 485067a0-53a9-405c-8c21-1869ac64ef86: cophenetic index 514; 0.7 s; peak memory 118 MiB.
2026-10-08T16:58:43Z INFO [27/4500] 51cd6996-b496-4e90-94eb-58ae1bb91d24: cophenetic index 514; 0.5 s; peak memory 118 MiB.
2026-10-08T16:58:44Z WARNING 59beae01-8c63-4353-a90b-e97078f0ecde: failed while reading the NWB file (KeyError: 'Unable to synchronously open object (component not found)')
2026-10-08T16:58:44Z WARNING [28/4500] 59beae01-8c63-4353-a90b-e97078f0ecde: leaving unrecorded for a later run to retry.
2026-10-08T16:58:44Z INFO [29/4500] 5a0cfc4c-cef5-4a5f-851f-ca3718cb38ec: cophenetic index 514; 0.6 s; peak memory 119 MiB.
2026-10-08T16:58:45Z INFO [30/4500] 69e2fda1-2968-4d6e-bd36-1c50c6917362: cophenetic index 514; 0.6 s; peak memory 119 MiB.
2026-10-08T16:58:46Z WARNING 6a997180-d683-4d9d-9b90-05b7dc97c11c: failed while reading the NWB file (KeyError: 'Unable to synchronously open object (component not found)')
2026-10-08T16:58:46Z WARNING [31/4500] 6a997180-d683-4d9d-9b90-05b7dc97c11c: leaving unrecorded for a later run to retry.
2026-10-08T16:58:46Z WARNING 6aa6bd0b-2ee9-4b1c-ae04-8288b68d12ff: failed while reading the NWB file (KeyError: 'Unable to synchronously open object (component not found)')
2026-10-08T16:58:46Z WARNING [32/4500] 6aa6bd0b-2ee9-4b1c-ae04-8288b68d12ff: leaving unrecorded for a later run to retry.
2026-10-08T16:58:47Z WARNING 6aae1939-4782-4088-b5f7-42ef42d4db39: failed while reading the NWB file (KeyError: 'Unable to synchronously open object (component not found)')
2026-10-08T16:58:47Z WARNING [33/4500] 6aae1939-4782-4088-b5f7-42ef42d4db39: leaving unrecorded for a later run to retry.
2026-10-08T16:58:48Z WARNING 6d423b55-67f8-42c9-9dee-caa73708d896: failed while reading the NWB file (KeyError: 'Unable to synchronously open object (component not found)')
2026-10-08T16:58:48Z WARNING [34/4500] 6d423b55-67f8-42c9-9dee-caa73708d896: leaving unrecorded for a later run to retry.
2026-10-08T16:58:49Z WARNING 735c7449-7e23-44fa-8990-d5c55f725aa2: failed while reading the NWB file (KeyError: 'Unable to synchronously open object (component not found)')
2026-10-08T16:58:49Z WARNING [35/4500] 735c7449-7e23-44fa-8990-d5c55f725aa2: leaving unrecorded for a later run to retry.
2026-10-08T16:58:50Z INFO [36/4500] 75a211fe-4a12-48ce-9b4d-8e538811c900: cophenetic index 514; 0.6 s; peak memory 122 MiB.
2026-10-08T16:58:50Z WARNING 75dc9b6e-40d1-4c10-8d75-71e6d60a1109: failed while reading the NWB file (KeyError: 'Unable to synchronously open object (component not found)')
2026-10-08T16:58:50Z WARNING [37/4500] 75dc9b6e-40d1-4c10-8d75-71e6d60a1109: leaving unrecorded for a later run to retry.
2026-10-08T16:58:51Z WARNING 75e93a30-06d1-4377-ac24-e439b70138bf: failed while reading the NWB file (KeyError: 'Unable to synchronously open object (component not found)')
2026-10-08T16:58:51Z WARNING [38/4500] 75e93a30-06d1-4377-ac24-e439b70138bf: leaving unrecorded for a later run to retry.
2026-10-08T16:58:52Z WARNING 79d6c03f-a5ad-43d3-a8c3-a13e7b361f24: failed while reading the NWB file (KeyError: 'Unable to synchronously open object (component not found)')
2026-10-08T16:58:52Z WARNING [39/4500] 79d6c03f-a5ad-43d3-a8c3-a13e7b361f24: leaving unrecorded for a later run to retry.
2026-10-08T16:58:53Z WARNING 80e5eff2-6863-4038-9302-675d85163951: failed while reading the NWB file (KeyError: 'Unable to synchronously open object (component not found)')
2026-10-08T16:58:53Z WARNING [40/4500] 80e5eff2-6863-4038-9302-675d85163951: leaving unrecorded for a later run to retry.
2026-10-08T16:58:54Z INFO [41/4500] 8380856a-32a6-4d3a-9b30-690e278add44: cophenetic index 514; 0.5 s; peak memory 126 MiB.
2026-10-08T16:58:55Z WARNING 8485f502-7092-4934-80fe-dc37dd3a4c16: failed while reading the NWB file (KeyError: 'Unable to synchronously open object (component not found)')
2026-10-08T16:58:55Z WARNING [42/4500] 8485f502-7092-4934-80fe-dc37dd3a4c16: leaving unrecorded for a later run to retry.
2026-10-08T16:58:55Z WARNING 85df85c4-6672-4675-9bb8-5e82e44e0f88: failed while reading the NWB file (KeyError: 'Unable to synchronously open object (component not found)')
2026-10-08T16:58:55Z WARNING [43/4500] 85df85c4-6672-4675-9bb8-5e82e44e0f88: leaving unrecorded for a later run to retry.
2026-10-08T16:58:56Z INFO [44/4500] 862a2045-dbf1-49e7-b35d-f75804f3b0a4: cophenetic index 514; 0.6 s; peak memory 126 MiB.
2026-10-08T16:58:57Z INFO [45/4500] 87c33f0e-5068-48db-b1e4-038071aa58ea: cophenetic index 514; 0.6 s; peak memory 126 MiB.
2026-10-08T16:58:57Z WARNING 87fdf428-ebbd-4376-85b5-341f14f18593: failed while reading the NWB file (KeyError: 'Unable to synchronously open object (component not found)')
2026-10-08T16:58:57Z WARNING [46/4500] 87fdf428-ebbd-4376-85b5-341f14f18593: leaving unrecorded for a later run to retry.
2026-10-08T16:58:58Z WARNING 8f0183a2-f90f-4b15-8fac-1ca3a404a100: failed while reading the NWB file (KeyError: 'Unable to synchronously open object (component not found)')
2026-10-08T16:58:58Z WARNING [47/4500] 8f0183a2-f90f-4b15-8fac-1ca3a404a100: leaving unrecorded for a later run to retry.
2026-10-08T16:58:59Z WARNING 9078e86c-42d8-47e9-a68b-72aaef5868b8: failed while reading the NWB file (KeyError: 'Unable to synchronously open object (component not found)')
2026-10-08T16:58:59Z WARNING [48/4500] 9078e86c-42d8-47e9-a68b-72aaef5868b8: leaving unrecorded for a later run to retry.
2026-10-08T16:59:00Z WARNING 907b3a91-92b0-49da-9d8a-a9ce5b752d18: failed while reading the NWB file (KeyError: 'Unable to synchronously open object (component not found)')
2026-10-08T16:59:00Z WARNING [49/4500] 907b3a91-92b0-49da-9d8a-a9ce5b752d18: leaving unrecorded for a later run to retry.
2026-10-08T16:59:01Z WARNING 91d0f104-6918-47ae-8959-2116c86ee157: failed while reading the NWB file (KeyError: 'Unable to synchronously open object (component not found)')
2026-10-08T16:59:01Z WARNING [50/4500] 91d0f104-6918-47ae-8959-2116c86ee157: leaving unrecorded for a later run to retry.
2026-10-08T16:59:01Z INFO [50/4500] 91d0f104-6918-47ae-8959-2116c86ee157: checkpointed 120477 new records.
2026-10-08T16:59:02Z WARNING 969e4747-5a03-4948-bad1-05be9db18f9a: failed while reading the NWB file (KeyError: 'Unable to synchronously open object (component not found)')
2026-10-08T16:59:02Z WARNING [51/4500] 969e4747-5a03-4948-bad1-05be9db18f9a: leaving unrecorded for a later run to retry.
2026-10-08T16:59:03Z WARNING 96fcc9d3-cbe9-4aaa-986b-aaaf8831ed40: failed while reading the NWB file (KeyError: 'Unable to synchronously open object (component not found)')
2026-10-08T16:59:03Z WARNING [52/4500] 96fcc9d3-cbe9-4aaa-986b-aaaf8831ed40: leaving unrecorded for a later run to retry.
2026-10-08T16:59:07Z INFO [53/4500] 98bb7f83-1923-4288-a641-b98880cc4a1d: cophenetic index 5466; 4.0 s; peak memory 130 MiB.
2026-10-08T16:59:08Z INFO [54/4500] 98bc26e6-0e94-4555-b3c7-778dda3e624c: cophenetic index 2974; 0.8 s; peak memory 130 MiB.
2026-10-08T16:59:08Z INFO [55/4500] 98be6f43-1387-41fd-bcc0-570091feb075: cophenetic index 649; 0.8 s; peak memory 130 MiB.
2026-10-08T16:59:12Z INFO [56/4500] 98bec1ab-ce91-4070-88e5-c1b65c0eb61b: cophenetic index 9181; 3.6 s; peak memory 130 MiB.
2026-10-08T16:59:13Z INFO [57/4500] 98bf31f6-b419-498d-84b6-5409a0c1530c: cophenetic index 401; 0.6 s; peak memory 130 MiB.
2026-10-08T16:59:13Z INFO [58/4500] 98bf5507-1990-46e5-bf63-6ca7846e9874: cophenetic index 1087; 0.9 s; peak memory 130 MiB.
2026-10-08T16:59:14Z INFO [59/4500] 98bfb156-e583-4b2f-a357-6f984d4d4b14: cophenetic index 1087; 0.8 s; peak memory 130 MiB.
2026-10-08T16:59:15Z INFO [60/4500] 98c00034-8a99-42cb-a9d6-7361e1c9f9d2: cophenetic index 2779; 1.0 s; peak memory 130 MiB.
2026-10-08T16:59:16Z INFO [61/4500] 98c14bbe-babd-4b1c-9052-6d6a37d01479: cophenetic index 1380; 1.0 s; peak memory 130 MiB.
2026-10-08T16:59:17Z INFO [62/4500] 98c16620-63bb-49a3-8b52-9f4e88d46a9c: cophenetic index 2625; 0.7 s; peak memory 130 MiB.
2026-10-08T16:59:18Z INFO [63/4500] 98c1816f-8793-41a0-a30a-e22195e01d53: cophenetic index 2570; 0.8 s; peak memory 130 MiB.
2026-10-08T16:59:23Z INFO [64/4500] 98c19581-866b-469b-a954-d419c8275200: cophenetic index 225254; 5.8 s; peak memory 142 MiB.
2026-10-08T16:59:24Z INFO [65/4500] 98c312e8-225a-4a6f-86bd-fb593978de75: cophenetic index 2974; 0.7 s; peak memory 142 MiB.
2026-10-08T16:59:25Z INFO [66/4500] 98c374f7-fbac-4a98-a682-976e5141f9ba: cophenetic index 1949; 0.9 s; peak memory 142 MiB.
2026-10-08T16:59:30Z INFO [67/4500] 98c3ea7b-ba96-42b0-9c87-dfe25c57077f: cophenetic index 6715; 5.1 s; peak memory 142 MiB.
2026-10-08T16:59:31Z INFO [68/4500] 98c405a4-db2c-425e-bb02-5d92174987d5: cophenetic index 624; 0.6 s; peak memory 142 MiB.
2026-10-08T16:59:32Z WARNING 98c46e12-f90f-4286-b1c2-15acdc057e25: failed while reading the NWB file (KeyError: 'Unable to synchronously open object (component not found)')
2026-10-08T16:59:32Z WARNING [69/4500] 98c46e12-f90f-4286-b1c2-15acdc057e25: leaving unrecorded for a later run to retry.
2026-10-08T16:59:32Z INFO [70/4500] 98c47801-b05c-48c4-a13d-60b2208a3b5e: cophenetic index 581; 0.6 s; peak memory 142 MiB.
2026-10-08T16:59:33Z INFO [71/4500] 98c5b9ab-da35-40dd-8753-f765544cb61b: cophenetic index 624; 0.7 s; peak memory 142 MiB.
2026-10-08T16:59:34Z INFO [72/4500] 98c64c93-7734-45cd-a311-37be0e980f46: cophenetic index 624; 0.8 s; peak memory 142 MiB.
2026-10-08T16:59:35Z INFO [73/4500] 98c6995f-3736-4b9a-b1b4-d658d9f19392: cophenetic index 4013; 1.2 s; peak memory 142 MiB.
2026-10-08T16:59:36Z INFO [74/4500] 98c74122-b69d-4e10-8201-7e2af1aa6252: cophenetic index 624; 0.7 s; peak memory 142 MiB.
2026-10-08T16:59:38Z INFO [75/4500] 98c7753a-1430-4f52-a533-c6b3172bb056: cophenetic index 13983; 1.9 s; peak memory 142 MiB.
2026-10-08T16:59:39Z INFO [76/4500] 98caafc2-3049-430f-adce-ba9dfa1681f0: cophenetic index 5473; 1.7 s; peak memory 142 MiB.
2026-10-08T16:59:40Z INFO [77/4500] 98cb3fc9-1a25-4eab-9f9b-f947b7120295: cophenetic index 2625; 0.8 s; peak memory 142 MiB.
2026-10-08T16:59:41Z INFO [78/4500] 98cc1cb6-46ec-4d82-9d41-357329744967: cophenetic index 3004; 0.6 s; peak memory 142 MiB.
2026-10-08T16:59:44Z INFO [79/4500] 98cdbcac-e8ab-43a5-8165-23577e5d9f00: cophenetic index 783058; 3.4 s; peak memory 146 MiB.
2026-10-08T16:59:45Z INFO [80/4500] 98cf1c8a-e422-45d2-8456-771aa6b3cbe5: cophenetic index 23250; 0.8 s; peak memory 146 MiB.
2026-10-08T16:59:46Z INFO [81/4500] 98cfbf7d-3bab-45f6-9205-b07c3ada57d9: cophenetic index 3004; 0.8 s; peak memory 146 MiB.
2026-10-08T16:59:50Z INFO [82/4500] 98d16284-7bba-4d78-977f-abd3db2d0b12: cophenetic index 82239; 3.9 s; peak memory 146 MiB.
2026-10-08T16:59:50Z INFO [83/4500] 98d1a5d2-6112-4586-87be-4514b5560a24: cophenetic index 624; 0.7 s; peak memory 146 MiB.
2026-10-08T16:59:52Z INFO [84/4500] 98d2452e-d03d-4573-84bf-13d1cabc0925: cophenetic index 34658; 1.8 s; peak memory 146 MiB.
2026-10-08T16:59:52Z INFO [85/4500] 98d2b6fd-db56-4319-ab7d-81fb9de49276: cophenetic index 490; 0.4 s; peak memory 146 MiB.
2026-10-08T16:59:53Z INFO [86/4500] 98d36ad3-004e-4368-9ab5-33ca89aedb23: cophenetic index 1380; 1.0 s; peak memory 146 MiB.
2026-10-08T16:59:54Z INFO [87/4500] 98d59d05-4ea2-4e64-8dde-10c530ba7a26: cophenetic index 33968; 1.0 s; peak memory 146 MiB.
2026-10-08T16:59:55Z INFO [88/4500] 98d5b4f5-90a8-4096-bd0e-d1712c5db5ad: cophenetic index 624; 0.7 s; peak memory 146 MiB.
2026-10-08T16:59:56Z INFO [89/4500] 98d5f25b-e926-46e7-99d8-33627b1ee1f9: cophenetic index 2974; 0.7 s; peak memory 146 MiB.
2026-10-08T16:59:58Z INFO [90/4500] 98d7b163-0e03-4daf-926c-8d028adf8764: cophenetic index 2236; 2.2 s; peak memory 146 MiB.
2026-10-08T16:59:59Z INFO [91/4500] 98d7ee5b-a64f-4981-9d56-8790762bade4: cophenetic index 2776; 0.8 s; peak memory 146 MiB.
2026-10-08T16:59:59Z INFO [92/4500] 98d8a2ae-5ddb-4190-8039-07769749a3e0: cophenetic index 3004; 0.6 s; peak memory 146 MiB.
2026-10-08T17:00:00Z INFO [93/4500] 98d987b9-ba60-481b-a2f1-fca9268ebde1: cophenetic index 624; 0.7 s; peak memory 146 MiB.
2026-10-08T17:00:01Z INFO [94/4500] 98d9a672-6544-45cd-aed4-3d2e003f2491: cophenetic index 33968; 0.9 s; peak memory 146 MiB.
2026-10-08T17:00:02Z INFO [95/4500] 98da1d69-73da-41bd-870c-d05d7bc514da: cophenetic index 569; 0.8 s; peak memory 146 MiB.
2026-10-08T17:00:02Z INFO [96/4500] 98da25fa-9a96-484a-947c-6eaeffca2487: cophenetic index 624; 0.7 s; peak memory 146 MiB.
2026-10-08T17:00:04Z INFO [97/4500] 98da3199-b90d-4c25-b287-38772d9e580a: cophenetic index 5473; 1.9 s; peak memory 146 MiB.
2026-10-08T17:00:05Z INFO [98/4500] 98dab313-077c-4a24-ac2f-3cf9681c99d4: cophenetic index 2974; 0.8 s; peak memory 146 MiB.
2026-10-08T17:00:06Z INFO [99/4500] 98daf432-e547-4fe4-8260-3b7d091ab217: cophenetic index 33998; 0.9 s; peak memory 146 MiB.
2026-10-08T17:00:08Z INFO [100/4500] 98dbe961-2dff-4894-b04a-c5b9782f0331: cophenetic index 5473; 2.5 s; peak memory 146 MiB.
2026-10-08T17:00:09Z INFO [100/4500] 98dbe961-2dff-4894-b04a-c5b9782f0331: checkpointed 120524 new records.
2026-10-08T17:00:11Z INFO [101/4500] 98dc77e0-05cc-4714-bd83-f4cee9d10bbd: cophenetic index 5473; 2.1 s; peak memory 146 MiB.
2026-10-08T17:00:11Z INFO [102/4500] 98dd645f-6ed1-4ab3-86b1-385668a0b172: cophenetic index 624; 0.6 s; peak memory 146 MiB.
2026-10-08T17:00:12Z INFO [103/4500] 98de839e-8ff1-4b5a-b27e-15f7dd734b91: cophenetic index 649; 0.5 s; peak memory 146 MiB.
2026-10-08T17:00:13Z INFO [104/4500] 98dea234-7fe6-4ba5-9624-6debb84224f8: cophenetic index 2625; 0.9 s; peak memory 146 MiB.
2026-10-08T17:00:13Z INFO [105/4500] 98df1f13-869b-4b3b-b099-978c836efb45: cophenetic index 624; 0.7 s; peak memory 146 MiB.
2026-10-08T17:00:14Z INFO [106/4500] 98df7eca-868f-4731-a2f0-d10f3896dd26: cophenetic index 490; 0.5 s; peak memory 146 MiB.
2026-10-08T17:00:15Z INFO [107/4500] 98e05080-2fee-4b33-9ae5-36de155e743b: cophenetic index 624; 0.6 s; peak memory 146 MiB.
2026-10-08T17:00:36Z INFO [108/4500] 98e05c8a-70f5-4866-bebc-4cf424d7b4a3: cophenetic index 115279; 21.0 s; peak memory 150 MiB.
2026-10-08T17:00:39Z INFO [109/4500] 98e06d2b-2e27-4cb9-9eb1-1a3d00fe6b4d: cophenetic index 9548; 3.5 s; peak memory 150 MiB.
2026-10-08T17:00:40Z INFO [110/4500] 98e0d361-ad9c-4190-91a4-34cda24f9bc9: cophenetic index 30304; 0.9 s; peak memory 150 MiB.
2026-10-08T17:00:41Z INFO [111/4500] 98e1e2bd-a13e-4343-9bb2-90801deda952: cophenetic index 23866; 0.8 s; peak memory 150 MiB.
2026-10-08T17:00:41Z INFO [112/4500] 98e1e67c-cf71-4f41-9895-20a6953beff1: cophenetic index 739; 0.4 s; peak memory 150 MiB.
2026-10-08T17:00:43Z INFO [113/4500] 98e1f8c5-afed-499f-bd4a-a2a969f4c5c8: cophenetic index 2902; 1.7 s; peak memory 150 MiB.
2026-10-08T17:00:44Z INFO [114/4500] 98e1fab2-a436-4456-99e0-a8fa36c197df: cophenetic index 3004; 0.8 s; peak memory 150 MiB.
2026-10-08T17:00:44Z INFO [115/4500] 98e35c09-4497-454c-9b75-6cda0bb15217: cophenetic index 569; 0.8 s; peak memory 150 MiB.
2026-10-08T17:00:46Z INFO [116/4500] 98e3ccb9-0074-49f8-a071-dd6621719e25: cophenetic index 2570; 1.1 s; peak memory 150 MiB.
2026-10-08T17:00:47Z INFO [117/4500] 98e490cd-dc33-46e8-b410-e74fa51a184a: cophenetic index 2625; 1.1 s; peak memory 150 MiB.
2026-10-08T17:00:47Z INFO [118/4500] 98e4a009-8613-4b67-bbb9-d5cc3aa02b36: cophenetic index 417; 0.4 s; peak memory 150 MiB.
2026-10-08T17:00:48Z INFO [119/4500] 98e524f8-033d-4e6a-a119-90de02f8a491: cophenetic index 624; 0.8 s; peak memory 150 MiB.
2026-10-08T17:00:48Z INFO [120/4500] 98e57afd-aa69-4afa-bd9d-e47b10180b77: cophenetic index 401; 0.5 s; peak memory 150 MiB.
2026-10-08T17:00:50Z INFO [121/4500] 98e5a6ca-8a8d-4844-b640-65d74b0ae297: cophenetic index 99150; 1.1 s; peak memory 150 MiB.
2026-10-08T17:00:50Z INFO [122/4500] 98e5bd9a-1a2f-4f9a-8f71-799859aa1735: cophenetic index 624; 0.6 s; peak memory 150 MiB.
2026-10-08T17:00:51Z INFO [123/4500] 98e6232b-5883-41ac-aa95-7aac083703f8: cophenetic index 791; 0.9 s; peak memory 150 MiB.
2026-10-08T17:00:53Z INFO [124/4500] 98e698ce-eeae-486a-9c6e-230010f0e5f1: cophenetic index 2682; 1.5 s; peak memory 150 MiB.
2026-10-08T17:00:54Z INFO [125/4500] 98e7330f-593e-47e0-9943-21d7b4ff9ec0: cophenetic index 99415; 0.9 s; peak memory 150 MiB.
2026-10-08T17:00:54Z INFO [126/4500] 98e8afc9-c896-42da-9f6d-1f136790cadf: cophenetic index 907; 0.6 s; peak memory 150 MiB.
2026-10-08T17:01:00Z INFO [127/4500] 98e8ffe4-e4e3-4c26-9137-f4840bd5c8c5: cophenetic index 34862; 6.1 s; peak memory 150 MiB.
2026-10-08T17:01:01Z INFO [128/4500] 98e93c41-714c-4289-8e40-4bc7fda75f78: cophenetic index 3004; 0.7 s; peak memory 150 MiB.
2026-10-08T17:01:02Z INFO [129/4500] 98e9d485-5b4a-41e9-8878-a6b229b0eff9: cophenetic index 3004; 0.7 s; peak memory 150 MiB.
2026-10-08T17:01:10Z INFO [130/4500] 98ea0c5e-e1e6-4db2-b3b9-d3d6dc1ea369: cophenetic index 48475; 8.0 s; peak memory 150 MiB.
2026-10-08T17:01:10Z INFO [131/4500] 98ea9946-01aa-4fed-be40-2ff29ddc7215: cophenetic index 3004; 0.7 s; peak memory 150 MiB.
2026-10-08T17:01:12Z INFO [132/4500] 98eaac48-612f-4a76-86a9-d36eedf034f0: cophenetic index 2402; 1.5 s; peak memory 150 MiB.
2026-10-08T17:01:12Z INFO [133/4500] 98ebf616-e080-40f7-ab97-1cd3f4c4596e: cophenetic index 630; 0.6 s; peak memory 150 MiB.
2026-10-08T17:01:13Z INFO [134/4500] 98ec3400-43de-4457-b753-9bbb1cb1c37c: cophenetic index 3192; 0.7 s; peak memory 150 MiB.
2026-10-08T17:01:14Z INFO [135/4500] 98ec3a00-cd3f-4894-a193-23ca1621349b: cophenetic index 23800; 0.9 s; peak memory 150 MiB.
2026-10-08T17:01:15Z INFO [136/4500] 98ec6be6-fd30-4dd3-ac55-db80b022eddf: cophenetic index 624; 0.6 s; peak memory 150 MiB.
2026-10-08T17:01:19Z INFO [137/4500] 98ecd7ac-6b73-4cfe-ab62-a5a4d7c75e13: cophenetic index 87573; 4.3 s; peak memory 150 MiB.
2026-10-08T17:01:20Z INFO [138/4500] 98edbc50-f3fe-40c0-9006-0ab44e255d9f: cophenetic index 2682; 1.2 s; peak memory 150 MiB.
2026-10-08T17:01:21Z INFO [139/4500] 98edd3b8-0163-4f69-b5a4-5971471f7e21: cophenetic index 729; 0.6 s; peak memory 150 MiB.
2026-10-08T17:01:21Z INFO [140/4500] 98ee1a1f-a827-4273-aaed-9de5ddc24334: cophenetic index 452; 0.7 s; peak memory 150 MiB.
2026-10-08T17:01:22Z INFO [141/4500] 98ee271a-77dd-4462-878b-53e746400e11: cophenetic index 3334; 0.7 s; peak memory 150 MiB.
2026-10-08T17:01:23Z INFO [142/4500] 98efa377-c1b8-49db-afb4-0342de046401: cophenetic index 624; 0.7 s; peak memory 150 MiB.
2026-10-08T17:01:23Z INFO [143/4500] 98f2d070-6c15-432e-8acc-fd7d96f48b57: cophenetic index 3192; 0.7 s; peak memory 150 MiB.
2026-10-08T17:01:25Z INFO [144/4500] 98f2e95b-f573-45a1-bdec-8e3b0dfe4eac: cophenetic index 2682; 1.5 s; peak memory 150 MiB.
2026-10-08T17:01:29Z INFO [145/4500] 98f3aa17-9434-4364-ab19-3356b77d7fa8: cophenetic index 9548; 3.7 s; peak memory 151 MiB.
2026-10-08T17:01:33Z INFO [146/4500] 98f405b2-b6b9-4c76-afad-ecc7ec2a935b: cophenetic index 6715; 4.5 s; peak memory 151 MiB.
2026-10-08T17:01:34Z INFO [147/4500] 98f56220-39a1-4678-a9df-4455e6a5f2da: cophenetic index 2923; 0.6 s; peak memory 151 MiB.
2026-10-08T17:01:36Z INFO [148/4500] 98f621ed-499c-45a1-aacf-40f1b84bde9b: cophenetic index 6375; 2.4 s; peak memory 151 MiB.
2026-10-08T17:01:37Z INFO [149/4500] 98f6fb77-5eb4-4879-ba82-fc84054641d2: cophenetic index 3087; 0.7 s; peak memory 151 MiB.
2026-10-08T17:01:38Z INFO [150/4500] 98f8248a-c881-4d54-9f32-d78f182747a8: cophenetic index 560; 0.5 s; peak memory 151 MiB.
2026-10-08T17:01:38Z INFO [150/4500] 98f8248a-c881-4d54-9f32-d78f182747a8: checkpointed 120574 new records.
2026-10-08T17:01:38Z INFO [151/4500] 98f8b8c8-09e5-496e-9b05-74fe166fe6ed: cophenetic index 3004; 0.7 s; peak memory 152 MiB.
2026-10-08T17:01:39Z INFO [152/4500] 98f9198e-a3d3-48ac-b0f0-96f255dacf6c: cophenetic index 3004; 0.8 s; peak memory 152 MiB.
2026-10-08T17:01:46Z INFO [153/4500] 98f98003-a2e9-425f-81b7-906d7f1336c6: cophenetic index 23077; 6.6 s; peak memory 152 MiB.
2026-10-08T17:01:47Z INFO [154/4500] 98f9c413-4b61-48c9-ab76-1f1de8cbdaee: cophenetic index 959; 1.4 s; peak memory 152 MiB.
2026-10-08T17:01:48Z INFO [155/4500] 98fa4217-ac7f-4e3a-8c32-b72e5c4ca9b7: cophenetic index 624; 0.6 s; peak memory 152 MiB.
2026-10-08T17:01:49Z INFO [156/4500] 98fa49c1-203a-4b03-a94d-ce1cdcf15d56: cophenetic index 431; 0.8 s; peak memory 152 MiB.
2026-10-08T17:01:49Z INFO [157/4500] 98fa6263-b727-4fcc-b16b-ac8160f2c02d: cophenetic index 23364; 0.6 s; peak memory 152 MiB.
2026-10-08T17:01:50Z INFO [158/4500] 98fa893e-52af-48f1-823e-91e9e8f208f8: cophenetic index 3087; 0.7 s; peak memory 152 MiB.
2026-10-08T17:01:51Z INFO [159/4500] 98fac3b9-6495-40ce-a1b0-40ebea6ce880: cophenetic index 2625; 0.7 s; peak memory 152 MiB.
2026-10-08T17:01:51Z INFO [160/4500] 98fb15c1-485b-4d9b-b7d1-3ceabfe4743a: cophenetic index 3192; 0.6 s; peak memory 152 MiB.
2026-10-08T17:01:52Z INFO [161/4500] 98fbb122-7534-4145-927c-78b480bb1e47: cophenetic index 569; 0.7 s; peak memory 152 MiB.
2026-10-08T17:01:53Z INFO [162/4500] 98fc9743-e741-4d49-90e5-81ffacdf0f6f: cophenetic index 18072; 1.3 s; peak memory 152 MiB.
2026-10-08T17:01:58Z INFO [163/4500] 98fcc0f0-9215-4b95-b57f-c3307a9f22e4: cophenetic index 237077; 5.1 s; peak memory 152 MiB.
2026-10-08T17:01:59Z INFO [164/4500] 98fd66dd-f0a4-4ca4-a2f5-f4c22cc56561: cophenetic index 560; 0.5 s; peak memory 152 MiB.
2026-10-08T17:02:00Z INFO [165/4500] 98fdb43c-af1a-4d7d-82b9-c559ff4597c5: cophenetic index 624; 0.7 s; peak memory 152 MiB.
2026-10-08T17:02:01Z INFO [166/4500] 98fe16cc-1bdd-4d27-92cf-587265028385: cophenetic index 1949; 0.8 s; peak memory 152 MiB.
2026-10-08T17:02:02Z INFO [167/4500] 98fe3cd4-1859-4863-97b6-3134cc765b24: cophenetic index 573; 1.1 s; peak memory 152 MiB.
2026-10-08T17:02:02Z INFO [168/4500] 98fe6b55-d90a-43e3-941a-cb02cc489c1e: cophenetic index 624; 0.7 s; peak memory 152 MiB.
2026-10-08T17:02:03Z INFO [169/4500] 98fed36a-5274-44aa-ad5f-d99e67445569: cophenetic index 1087; 0.9 s; peak memory 152 MiB.
2026-10-08T17:02:04Z INFO [170/4500] 98feff6c-e9f6-4d46-8f25-77a8406fbfc8: cophenetic index 3087; 0.6 s; peak memory 152 MiB.
2026-10-08T17:02:11Z INFO [171/4500] 98ffa22a-4b07-498b-a86d-601d893496de: cophenetic index 334689; 7.0 s; peak memory 152 MiB.
2026-10-08T17:02:12Z INFO [172/4500] 98fffabe-9e64-4b35-80fd-623cc8185116: cophenetic index 3004; 0.8 s; peak memory 152 MiB.
2026-10-08T17:02:14Z INFO [173/4500] 990054bd-ad97-4635-be5c-ca1c0a566877: cophenetic index 8488; 2.4 s; peak memory 152 MiB.
2026-10-08T17:02:15Z INFO [174/4500] 99005f1e-392a-40ba-86c2-c643ad488812: cophenetic index 33998; 1.4 s; peak memory 152 MiB.
2026-10-08T17:02:17Z INFO [175/4500] 990290cf-9270-430f-ba46-85ca05e20a2e: cophenetic index 2391; 1.8 s; peak memory 152 MiB.
2026-10-08T17:02:18Z INFO [176/4500] 9902af39-a418-4583-8821-ae9ea2c21985: cophenetic index 2570; 0.8 s; peak memory 152 MiB.
2026-10-08T17:02:22Z INFO [177/4500] 9903201f-1de0-4a95-a972-fce2085accc8: cophenetic index 87573; 4.1 s; peak memory 152 MiB.
2026-10-08T17:02:22Z INFO [178/4500] 990413d2-bdc0-410b-bf04-9e8a82db6624: cophenetic index 1192; 0.5 s; peak memory 152 MiB.
2026-10-08T17:02:24Z INFO [179/4500] 99047c08-6994-4510-ad9d-1e850b369cf0: cophenetic index 99120; 1.1 s; peak memory 152 MiB.
2026-10-08T17:02:25Z INFO [180/4500] 9905121e-aa4b-47bf-8e78-1806a17883fb: cophenetic index 2625; 1.0 s; peak memory 152 MiB.
2026-10-08T17:02:27Z INFO [181/4500] 99062f9f-ed95-4494-9efe-a25c74781b3d: cophenetic index 30628; 2.8 s; peak memory 152 MiB.
2026-10-08T17:02:28Z INFO [182/4500] 99069b7d-be21-491d-be0d-7f5b55c252b0: cophenetic index 690; 0.5 s; peak memory 152 MiB.
2026-10-08T17:02:29Z INFO [183/4500] 9908221a-04f7-4834-997f-786f21c22b13: cophenetic index 624; 0.8 s; peak memory 152 MiB.
2026-10-08T17:02:33Z INFO [184/4500] 990832e9-90e3-4f19-add6-64faf21e448d: cophenetic index 113979; 4.1 s; peak memory 152 MiB.
2026-10-08T17:02:34Z INFO [185/4500] 99084196-9b32-491a-9de7-aacbcc4c75bc: cophenetic index 33986; 0.9 s; peak memory 152 MiB.
2026-10-08T17:02:34Z INFO [186/4500] 990a3a03-db61-41c0-b30c-701f4278ef79: cophenetic index 624; 0.7 s; peak memory 152 MiB.
2026-10-08T17:02:36Z INFO [187/4500] 990a62d6-46d2-4032-82a3-9a81d63b8238: cophenetic index 2402; 1.5 s; peak memory 152 MiB.
2026-10-08T17:02:37Z INFO [188/4500] 990a8609-ea06-4699-9f5e-c62a2bfb0c81: cophenetic index 514; 0.6 s; peak memory 152 MiB.
2026-10-08T17:02:37Z INFO [189/4500] 990a8aad-2997-4fb0-81f4-0da24c6fb1b8: cophenetic index 2625; 0.8 s; peak memory 152 MiB.
2026-10-08T17:02:38Z INFO [190/4500] 990b3f1c-353a-4f4b-a41f-8780c8b13823: cophenetic index 624; 0.7 s; peak memory 152 MiB.
2026-10-08T17:02:40Z INFO [191/4500] 990cbdcd-7c38-45be-9d21-11c6b8fecb40: cophenetic index 2469; 1.7 s; peak memory 152 MiB.
2026-10-08T17:02:40Z INFO [192/4500] 990d9aff-51f1-4480-a776-af6c0f9fd826: cophenetic index 624; 0.7 s; peak memory 152 MiB.
2026-10-08T17:02:42Z INFO [193/4500] 99116488-d016-4609-95d3-d62716456294: cophenetic index 33998; 1.2 s; peak memory 152 MiB.
2026-10-08T17:02:46Z INFO [194/4500] 9911be65-b5e1-46f1-8310-aa7b421ce0c9: cophenetic index 5466; 3.9 s; peak memory 152 MiB.
2026-10-08T17:02:47Z INFO [195/4500] 9913368a-14d3-48e9-85aa-0d65b157c8ba: cophenetic index 33986; 1.0 s; peak memory 152 MiB.
2026-10-08T17:02:47Z INFO [196/4500] 9913b191-9a24-4d82-a5ef-a1fb62f52637: cophenetic index 2625; 0.9 s; peak memory 152 MiB.
2026-10-08T17:02:50Z INFO [197/4500] 99144f50-6af4-4134-a72a-31f934daeee3: cophenetic index 2791; 2.3 s; peak memory 152 MiB.
2026-10-08T17:02:51Z INFO [198/4500] 99165f44-6b77-4a9e-8d9b-573935c80779: cophenetic index 2551; 0.9 s; peak memory 152 MiB.
2026-10-08T17:02:53Z INFO [199/4500] 9916ad7d-0376-4bc8-bb0f-0159fbff1c34: cophenetic index 2391; 2.0 s; peak memory 152 MiB.
2026-10-08T17:02:53Z INFO [200/4500] 99170712-acc7-48f7-90de-8acdc810675d: cophenetic index 624; 0.6 s; peak memory 152 MiB.
2026-10-08T17:02:53Z INFO [200/4500] 99170712-acc7-48f7-90de-8acdc810675d: checkpointed 120624 new records.
2026-10-08T17:02:54Z INFO [201/4500] 99171218-204a-4eff-8765-b9cd1288d9cd: cophenetic index 1979; 1.0 s; peak memory 152 MiB.
2026-10-08T17:02:55Z INFO [202/4500] 9917283e-b9f4-4bcd-8d19-6883deca43d1: cophenetic index 452; 0.8 s; peak memory 152 MiB.
2026-10-08T17:02:56Z INFO [203/4500] 99174d58-74bc-4b16-a198-693c753e61dd: cophenetic index 624; 0.8 s; peak memory 152 MiB.
2026-10-08T17:02:57Z INFO [204/4500] 9917ecc4-b703-4db1-a701-f840bb5e5a42: cophenetic index 6435; 0.7 s; peak memory 152 MiB.
2026-10-08T17:02:57Z INFO [205/4500] 99185bcb-d6e3-4ad6-973c-43a42ed04d5f: cophenetic index 560; 0.5 s; peak memory 152 MiB.
2026-10-08T17:02:58Z INFO [206/4500] 9918bce3-f4cc-44e2-8271-510fddae1d3e: cophenetic index 2625; 0.8 s; peak memory 152 MiB.
2026-10-08T17:03:04Z INFO [207/4500] 991a0881-95ab-4a5b-9b65-a54255afb972: cophenetic index 195173008; 6.3 s; peak memory 218 MiB.
2026-10-08T17:03:07Z INFO [208/4500] 991a87ce-9c0c-42a1-b082-0d628cbbf980: cophenetic index 13491; 3.0 s; peak memory 218 MiB.
2026-10-08T17:03:11Z INFO [209/4500] 991afb18-d450-44d5-acc9-0381aab4ad8d: cophenetic index 9181; 3.8 s; peak memory 218 MiB.
2026-10-08T17:03:18Z INFO [210/4500] 991c12dd-050e-4cd5-8f5b-9f178e149342: cophenetic index 4410497; 6.4 s; peak memory 238 MiB.
2026-10-08T17:03:21Z INFO [211/4500] 991d233a-57c1-4620-9d65-d4b7296ed317: cophenetic index 41250; 3.0 s; peak memory 238 MiB.
2026-10-08T17:03:21Z INFO [212/4500] 991d4bbc-eebd-48c1-b49a-efd409568294: cophenetic index 2625; 1.0 s; peak memory 238 MiB.
2026-10-08T17:03:23Z INFO [213/4500] 991d74da-efbf-480c-979a-9fff6f2f76f5: cophenetic index 42002; 1.4 s; peak memory 238 MiB.
2026-10-08T17:03:24Z INFO [214/4500] 991dc4e8-a0ec-43d7-a705-f318d99b369e: cophenetic index 431; 0.9 s; peak memory 238 MiB.
2026-10-08T17:03:25Z INFO [215/4500] 991efc67-2447-4b32-b50c-95df3a270f75: cophenetic index 2625; 0.8 s; peak memory 238 MiB.
2026-10-08T17:03:26Z INFO [216/4500] 991fe81f-322d-4688-8abc-67d4a0d92e28: cophenetic index 4617; 1.8 s; peak memory 238 MiB.
2026-10-08T17:03:31Z INFO [217/4500] 99218cf1-749d-4ba3-b5cc-407a6e6cdec3: cophenetic index 70309; 4.6 s; peak memory 238 MiB.
2026-10-08T17:03:33Z INFO [218/4500] 9921d98c-c3df-4e82-95b5-e170a40c73f7: cophenetic index 5473; 2.1 s; peak memory 238 MiB.
2026-10-08T17:03:34Z INFO [219/4500] 9922bfd9-3320-407f-ac54-f429279e9b9e: cophenetic index 3004; 0.7 s; peak memory 238 MiB.
2026-10-08T17:03:36Z INFO [220/4500] 9922f97b-1814-4310-802f-0c00d3f6be31: cophenetic index 5473; 2.1 s; peak memory 238 MiB.
2026-10-08T17:03:42Z INFO [221/4500] 992362d0-6d82-4e85-9614-f9ea40bd08df: cophenetic index 206949; 5.9 s; peak memory 238 MiB.
2026-10-08T17:03:42Z INFO [222/4500] 99238989-8e51-434a-948a-04c46d8e5867: cophenetic index 624; 0.7 s; peak memory 238 MiB.
2026-10-08T17:03:43Z INFO [223/4500] 9923b809-82f9-4333-a8c2-e6e4189c1fa5: cophenetic index 2625; 0.7 s; peak memory 238 MiB.
2026-10-08T17:03:45Z INFO [224/4500] 99241c3f-513e-4168-b10c-48d180a913d7: cophenetic index 11556; 1.7 s; peak memory 238 MiB.
2026-10-08T17:03:46Z INFO [225/4500] 99246cd6-2dc8-4d2b-9eb6-5e20b3979cdd: cophenetic index 6100; 1.0 s; peak memory 238 MiB.
2026-10-08T17:03:47Z INFO [226/4500] 9925811a-c5fd-4db4-8188-360a7123509c: cophenetic index 605; 0.7 s; peak memory 238 MiB.
2026-10-08T17:03:47Z INFO [227/4500] 99278684-a283-4bd0-af86-992e3a50052a: cophenetic index 624; 0.8 s; peak memory 238 MiB.
2026-10-08T17:03:49Z INFO [228/4500] 99285b5c-337a-4c1e-bd1b-a6a40f3bc077: cophenetic index 33998; 1.4 s; peak memory 238 MiB.
2026-10-08T17:03:54Z INFO [229/4500] 9929c3a4-b195-4216-ab0f-ac0b58fe41ce: cophenetic index 195172714; 5.3 s; peak memory 238 MiB.
2026-10-08T17:03:55Z INFO [230/4500] 992a8c1d-c37a-46db-84ad-6dbebd27340a: cophenetic index 2551; 0.7 s; peak memory 238 MiB.
2026-10-08T17:03:55Z INFO [231/4500] 992ad73a-f425-458d-b8a4-eee2c3f49673: cophenetic index 624; 0.7 s; peak memory 238 MiB.
2026-10-08T17:03:56Z INFO [232/4500] 992b9acd-bc75-4ac0-a0ea-d28cf9b71ff6: cophenetic index 3004; 0.7 s; peak memory 238 MiB.
2026-10-08T17:03:57Z INFO [233/4500] 992c1827-5442-42c4-b620-63413833af1c: cophenetic index 490; 0.5 s; peak memory 238 MiB.
2026-10-08T17:03:57Z INFO [234/4500] 992cf995-43ad-4d7a-9df3-40e416842e8b: cophenetic index 3004; 0.8 s; peak memory 238 MiB.
2026-10-08T17:03:58Z INFO [235/4500] 992d05cf-6806-4ce9-87b8-33acbe15c837: cophenetic index 490; 0.6 s; peak memory 238 MiB.
2026-10-08T17:03:59Z INFO [236/4500] 992e49b4-0181-4495-8da3-52f5e3d9c651: cophenetic index 624; 0.8 s; peak memory 238 MiB.
2026-10-08T17:04:03Z INFO [237/4500] 992ec898-729c-439b-877c-e56f2da54fa8: cophenetic index 215844; 4.6 s; peak memory 238 MiB.
2026-10-08T17:04:04Z INFO [238/4500] 992f66a6-3d4c-4b55-bed9-3b5dc3577f45: cophenetic index 2724; 0.7 s; peak memory 238 MiB.
2026-10-08T17:04:05Z INFO [239/4500] 992ff37f-9438-4f58-9633-b370d4540994: cophenetic index 1006; 0.9 s; peak memory 238 MiB.
2026-10-08T17:04:06Z INFO [240/4500] 99300460-e969-4313-a0f6-8a80db7d43ee: cophenetic index 33968; 1.0 s; peak memory 238 MiB.
2026-10-08T17:04:07Z INFO [241/4500] 9931b2c1-cf15-4836-b40b-06dd36738c37: cophenetic index 2974; 0.8 s; peak memory 238 MiB.
2026-10-08T17:04:08Z INFO [242/4500] 9931bb74-b66f-4aed-a680-eeb1e5f4f59f: cophenetic index 655; 0.7 s; peak memory 238 MiB.
2026-10-08T17:04:09Z INFO [243/4500] 99335327-02b8-4cc8-b8b8-e80d3d39fe8e: cophenetic index 784; 1.3 s; peak memory 238 MiB.
2026-10-08T17:04:10Z INFO [244/4500] 9933a923-4a19-47b1-996b-3adb89278b3b: cophenetic index 2625; 0.9 s; peak memory 238 MiB.
2026-10-08T17:04:11Z INFO [245/4500] 9933ac3a-211e-4364-a850-9cda4d75c0f1: cophenetic index 33998; 1.6 s; peak memory 238 MiB.
2026-10-08T17:04:12Z INFO [246/4500] 9933e4be-b9ee-4df5-a0a5-a24fb7834020: cophenetic index 3087; 0.7 s; peak memory 238 MiB.
2026-10-08T17:04:13Z INFO [247/4500] 99348ce2-7976-4ff2-80c0-9878365759c4: cophenetic index 33986; 0.9 s; peak memory 238 MiB.
2026-10-08T17:04:15Z INFO [248/4500] 99349388-436e-4ba3-a081-978c609d34f5: cophenetic index 1144; 1.6 s; peak memory 238 MiB.
2026-10-08T17:04:16Z INFO [249/4500] 993590c4-3782-4b11-8239-cb19f9cae7a1: cophenetic index 1087; 1.1 s; peak memory 238 MiB.
2026-10-08T17:04:17Z INFO [250/4500] 9935c65c-3eb1-44d8-b950-04c09d71176b: cophenetic index 2609; 1.7 s; peak memory 238 MiB.
2026-10-08T17:04:18Z INFO [250/4500] 9935c65c-3eb1-44d8-b950-04c09d71176b: checkpointed 120674 new records.
2026-10-08T17:04:18Z INFO [251/4500] 9935fbb2-9656-43af-907c-4e772849488a: cophenetic index 624; 0.7 s; peak memory 238 MiB.
2026-10-08T17:04:24Z INFO [252/4500] 99362290-8cc5-44d7-adb8-7496bb93c115: cophenetic index 86072; 5.8 s; peak memory 238 MiB.
2026-10-08T17:04:25Z INFO [253/4500] 9936565d-18c4-4a38-ae93-7bff96594eb0: cophenetic index 624; 0.7 s; peak memory 238 MiB.
2026-10-08T17:04:26Z INFO [254/4500] 993702dc-b713-4d08-9472-99f6e990a7f7: cophenetic index 33986; 0.9 s; peak memory 238 MiB.
2026-10-08T17:04:30Z INFO [255/4500] 99371cd9-40c3-4bb7-b678-26ff9604824c: cophenetic index 124958; 4.4 s; peak memory 238 MiB.
2026-10-08T17:04:31Z INFO [256/4500] 9937ca2e-8cd6-4415-aa87-4d1193ebf43e: cophenetic index 446; 0.6 s; peak memory 238 MiB.
2026-10-08T17:04:31Z INFO [257/4500] 9937d53d-830f-40a4-9e3c-603d3cde79c5: cophenetic index 624; 0.6 s; peak memory 238 MiB.
2026-10-08T17:04:32Z INFO [258/4500] 99382503-b7e1-4e69-b3b2-19593120f35d: cophenetic index 2625; 1.0 s; peak memory 238 MiB.
2026-10-08T17:04:38Z INFO [259/4500] 99386c9d-7770-466a-9889-bb5de0d082e7: cophenetic index 520159; 5.2 s; peak memory 238 MiB.
2026-10-08T17:04:39Z INFO [260/4500] 99389521-9b66-4de5-8b05-957859f32029: cophenetic index 33968; 1.2 s; peak memory 238 MiB.
2026-10-08T17:04:43Z INFO [261/4500] 99392ddb-4613-4173-b3b3-94ce6e4773a7: cophenetic index 94561; 4.7 s; peak memory 238 MiB.
2026-10-08T17:04:48Z INFO [262/4500] 99398dd9-4764-4f22-a0a5-b92d8363a3ff: cophenetic index 87573; 4.1 s; peak memory 238 MiB.
2026-10-08T17:04:49Z INFO [263/4500] 9939eeab-1fd7-4b50-8751-d87451d577d8: cophenetic index 573; 1.1 s; peak memory 238 MiB.
2026-10-08T17:04:49Z INFO [264/4500] 993a0f9a-27e3-4cf0-a765-4f9725f4028f: cophenetic index 624; 0.7 s; peak memory 238 MiB.
2026-10-08T17:04:51Z INFO [265/4500] 993a1778-cbee-4854-8ba4-04db3e285bcc: cophenetic index 4015; 1.8 s; peak memory 238 MiB.
2026-10-08T17:04:53Z INFO [266/4500] 993a65f4-720e-4e2e-a69c-e87c42168045: cophenetic index 2682; 1.5 s; peak memory 238 MiB.
2026-10-08T17:04:54Z INFO [267/4500] 993ad01c-d4c7-4281-8853-d028e60d9587: cophenetic index 3057; 0.8 s; peak memory 238 MiB.
2026-10-08T17:04:55Z INFO [268/4500] 993cd2f0-9db7-4292-bd09-2eebfd79ee8c: cophenetic index 2625; 1.0 s; peak memory 238 MiB.
2026-10-08T17:04:55Z INFO [269/4500] 993dbc26-49eb-45f2-847d-7b08d8daa42f: cophenetic index 2625; 0.9 s; peak memory 238 MiB.
2026-10-08T17:04:56Z INFO [270/4500] 993e4ebe-79de-4408-8228-4dd450d1eddb: cophenetic index 33986; 1.0 s; peak memory 238 MiB.
2026-10-08T17:05:04Z INFO [271/4500] 993e6e80-1e77-4985-ab82-f01463ed4dab: cophenetic index 184057; 7.3 s; peak memory 238 MiB.
2026-10-08T17:05:04Z INFO [272/4500] 993eacec-f8de-4c3a-85be-8f0a45094820: cophenetic index 624; 0.7 s; peak memory 238 MiB.
2026-10-08T17:05:05Z INFO [273/4500] 993efb50-b408-4f34-8be9-a69aae73fd6a: cophenetic index 33968; 0.9 s; peak memory 238 MiB.
2026-10-08T17:05:06Z INFO [274/4500] 993f245d-ae38-4cc7-bf7b-e98b9e24c5d2: cophenetic index 2625; 0.8 s; peak memory 238 MiB.
2026-10-08T17:05:08Z INFO [275/4500] 99410dcf-a001-4bcf-816f-5d49ad11c195: cophenetic index 6118; 1.6 s; peak memory 238 MiB.
2026-10-08T17:05:11Z INFO [276/4500] 994142ce-bcc8-4531-ad2e-74020ebd8c63: cophenetic index 49487; 3.6 s; peak memory 238 MiB.
2026-10-08T17:05:12Z INFO [277/4500] 9941f674-fe1c-4558-b257-44f24de7bccd: cophenetic index 1848; 0.5 s; peak memory 238 MiB.
2026-10-08T17:05:13Z INFO [278/4500] 9943ef5d-c945-4985-b18f-e044a4c1e00b: cophenetic index 3087; 0.8 s; peak memory 238 MiB.
2026-10-08T17:05:18Z INFO [279/4500] 9944b28d-8539-41fd-9b4a-8f9c3d7cf2fa: cophenetic index 33285; 5.1 s; peak memory 238 MiB.
2026-10-08T17:05:19Z INFO [280/4500] 9944e6b2-70ae-45c0-89d0-1ac57bce2939: cophenetic index 2625; 0.9 s; peak memory 238 MiB.
2026-10-08T17:05:19Z INFO [281/4500] 9945edfb-90a8-4a55-b8c5-6e26df56e282: cophenetic index 624; 0.8 s; peak memory 238 MiB.
2026-10-08T17:05:21Z INFO [282/4500] 994627ac-4dd1-48ac-88a3-b70045bb73c6: cophenetic index 33998; 1.6 s; peak memory 238 MiB.
2026-10-08T17:05:22Z INFO [283/4500] 9946a349-35bd-46e3-9e69-e73c04827a32: cophenetic index 2625; 1.0 s; peak memory 238 MiB.
2026-10-08T17:05:23Z INFO [284/4500] 9946e955-f392-40a4-91c1-898ee3ce5c45: cophenetic index 3004; 0.8 s; peak memory 238 MiB.
2026-10-08T17:05:24Z INFO [285/4500] 99475537-ff3a-463d-b799-56a9499d4942: cophenetic index 627; 0.6 s; peak memory 238 MiB.
2026-10-08T17:05:31Z INFO [286/4500] 9948351a-3f98-4cba-a88d-7dc2bfe72dc3: cophenetic index 20749; 7.5 s; peak memory 238 MiB.
2026-10-08T17:05:32Z INFO [287/4500] 99492715-c089-4ed4-9fe5-6b2603d3d2d9: cophenetic index 431; 0.7 s; peak memory 238 MiB.
2026-10-08T17:05:33Z INFO [288/4500] 99494274-655c-46da-8fb4-17788fcc553e: cophenetic index 649; 1.0 s; peak memory 238 MiB.
2026-10-08T17:05:33Z INFO [289/4500] 99497075-9bc7-4859-85ce-c0e3468c1ee0: cophenetic index 624; 0.7 s; peak memory 238 MiB.
2026-10-08T17:05:38Z INFO [290/4500] 994dd363-32d7-4159-b535-65ae031e54f1: cophenetic index 118423; 4.2 s; peak memory 238 MiB.
2026-10-08T17:05:39Z INFO [291/4500] 994e3250-758e-4f7d-b458-99e570d7f8af: cophenetic index 646; 1.9 s; peak memory 238 MiB.
2026-10-08T17:05:41Z INFO [292/4500] 994e6894-831b-4a48-bd7f-5d26e4c5ead8: cophenetic index 940; 1.4 s; peak memory 238 MiB.
2026-10-08T17:05:41Z INFO [293/4500] 994e7084-1a11-4e3c-8920-1af206d22f35: cophenetic index 490; 0.4 s; peak memory 238 MiB.
2026-10-08T17:05:42Z INFO [294/4500] 994e7647-fb12-4455-b6ce-c19c2d2e5bfd: cophenetic index 560; 0.6 s; peak memory 238 MiB.
2026-10-08T17:05:43Z INFO [295/4500] 994f903b-5c5d-45ae-a164-4f2d2bdedca0: cophenetic index 605; 0.8 s; peak memory 238 MiB.
2026-10-08T17:05:43Z INFO [296/4500] 994fc7ff-b97e-4fcb-87a4-c77e879a7d42: cophenetic index 624; 0.6 s; peak memory 238 MiB.
2026-10-08T17:05:44Z INFO [297/4500] 9950863b-aa04-4c35-9fd1-9f66feaa222a: cophenetic index 649; 0.7 s; peak memory 238 MiB.
2026-10-08T17:05:44Z INFO [298/4500] 9952233e-5199-4568-8c19-e8bd99391d33: cophenetic index 637; 0.5 s; peak memory 238 MiB.
2026-10-08T17:05:45Z INFO [299/4500] 9952ae42-00b0-450d-99ce-bffe74cfa676: cophenetic index 1544; 0.7 s; peak memory 238 MiB.
2026-10-08T17:05:46Z INFO [300/4500] 9952f8e7-39bc-4e9e-805a-3e35843bd105: cophenetic index 33998; 1.1 s; peak memory 238 MiB.
2026-10-08T17:05:46Z INFO [300/4500] 9952f8e7-39bc-4e9e-805a-3e35843bd105: checkpointed 120724 new records.
2026-10-08T17:05:47Z INFO [301/4500] 995412ad-bbb2-4d6f-84aa-a2bfea15aacc: cophenetic index 624; 0.6 s; peak memory 238 MiB.
2026-10-08T17:05:48Z INFO [302/4500] 99541e1f-b7cd-4c7f-a352-a021a4e6292d: cophenetic index 539; 0.7 s; peak memory 238 MiB.
2026-10-08T17:05:48Z INFO [303/4500] 995451eb-1a8f-4cf2-b2ff-9cbe1b9da327: cophenetic index 649; 0.7 s; peak memory 238 MiB.
2026-10-08T17:05:49Z INFO [304/4500] 99548cdd-7619-4ef2-9d10-986ab771fab8: cophenetic index 624; 0.7 s; peak memory 238 MiB.
2026-10-08T17:05:50Z INFO [305/4500] 9954bfdd-6118-4ef0-94b3-46a81872dc62: cophenetic index 441; 1.1 s; peak memory 238 MiB.
2026-10-08T17:05:51Z INFO [306/4500] 99564a51-8bc5-4c2a-b2b1-59ca9db7d07e: cophenetic index 624; 0.5 s; peak memory 238 MiB.
2026-10-08T17:05:51Z INFO [307/4500] 99568686-8e8e-4b0b-9c46-2f178b53252a: cophenetic index 2840; 0.6 s; peak memory 238 MiB.
2026-10-08T17:05:56Z INFO [308/4500] 995737e8-a602-46c4-8662-48c6cc173a12: cophenetic index 33285; 4.7 s; peak memory 238 MiB.
2026-10-08T17:05:57Z INFO [309/4500] 99586cba-c14c-4311-9882-d5fcf70a6ca6: cophenetic index 490; 0.6 s; peak memory 238 MiB.
2026-10-08T17:06:00Z INFO [310/4500] 99587449-08d4-4d05-a36b-73aaaca0f01e: cophenetic index 9548; 3.5 s; peak memory 238 MiB.
2026-10-08T17:06:01Z INFO [311/4500] 9958dc77-22a7-46c3-857b-82626f1750af: cophenetic index 2132; 0.8 s; peak memory 238 MiB.
2026-10-08T17:06:03Z INFO [312/4500] 9958fb0b-d39f-4510-bf5d-0ecb9389e16b: cophenetic index 2402; 2.0 s; peak memory 238 MiB.
2026-10-08T17:06:04Z INFO [313/4500] 995a29ae-286b-4777-8d33-f7fdfeadbe68: cophenetic index 3004; 0.9 s; peak memory 238 MiB.
2026-10-08T17:06:04Z INFO [314/4500] 995a519f-22c7-4e61-9c4a-1052564fe0ce: cophenetic index 745; 0.4 s; peak memory 238 MiB.
2026-10-08T17:06:05Z INFO [315/4500] 995aeed4-7e5f-4d6b-b2ce-97089825b7da: cophenetic index 624; 0.6 s; peak memory 238 MiB.
2026-10-08T17:06:06Z INFO [316/4500] 995bbf1e-3adf-46d9-a9c1-3209dac8d46f: cophenetic index 766; 1.0 s; peak memory 238 MiB.
2026-10-08T17:06:07Z INFO [317/4500] 995c8da9-e537-4a8c-b89d-a5ad87c65962: cophenetic index 624; 0.7 s; peak memory 238 MiB.
2026-10-08T17:06:08Z INFO [318/4500] 995cc652-1e6c-4744-a9b8-e390e5d054e7: cophenetic index 1006; 0.8 s; peak memory 238 MiB.
2026-10-08T17:06:08Z INFO [319/4500] 995d2a9f-bdb5-48ff-b705-0280c3cb0204: cophenetic index 490; 0.4 s; peak memory 238 MiB.
2026-10-08T17:06:09Z INFO [320/4500] 995d5d6d-48ce-4e15-8e7f-1321a7e613bb: cophenetic index 33998; 1.2 s; peak memory 238 MiB.
2026-10-08T17:06:10Z INFO [321/4500] 995d9d69-c408-4d2b-bc86-7c13f039968f: cophenetic index 431; 0.5 s; peak memory 238 MiB.
2026-10-08T17:06:10Z INFO [322/4500] 995e7a64-ba36-4cdc-a693-6b53f555941e: cophenetic index 624; 0.6 s; peak memory 238 MiB.
2026-10-08T17:06:12Z INFO [323/4500] 995f4411-514c-4bf3-aec0-8e6009920e12: cophenetic index 99810; 1.8 s; peak memory 238 MiB.
2026-10-08T17:06:13Z INFO [324/4500] 995f4e8d-dd2f-4677-bc89-355e3ad2750c: cophenetic index 3329; 1.3 s; peak memory 238 MiB.
2026-10-08T17:06:14Z INFO [325/4500] 995f9571-59f4-46a1-a1b6-72a9dff297c7: cophenetic index 729; 0.6 s; peak memory 238 MiB.
2026-10-08T17:06:15Z INFO [326/4500] 995fb25c-ed3c-4ac9-82b1-14f362bee571: cophenetic index 2724; 0.9 s; peak memory 238 MiB.
2026-10-08T17:06:15Z INFO [327/4500] 995fe1e5-3753-4750-af6a-e0238b3ef1f9: cophenetic index 23960; 0.7 s; peak memory 238 MiB.
2026-10-08T17:06:21Z INFO [328/4500] 99605cc7-740d-4fc1-b633-f0ac1d859c26: cophenetic index 163941; 5.3 s; peak memory 238 MiB.
2026-10-08T17:06:21Z INFO [329/4500] 99637b33-3db3-4632-ac73-8e3fa97ef0e0: cophenetic index 624; 0.7 s; peak memory 238 MiB.
2026-10-08T17:06:22Z INFO [330/4500] 99638051-40f3-457f-8632-41cf4d4dfd58: cophenetic index 413; 0.6 s; peak memory 238 MiB.
2026-10-08T17:06:23Z INFO [331/4500] 996387e6-9fba-4c09-ae92-1ff7792a9f24: cophenetic index 624; 0.8 s; peak memory 238 MiB.
2026-10-08T17:06:24Z INFO [332/4500] 9964b64e-ca1f-4296-87c7-889a1381f81f: cophenetic index 624; 0.7 s; peak memory 238 MiB.
2026-10-08T17:06:27Z INFO [333/4500] 9964e0ed-5b0b-4ba8-b4a8-fd909aa0896f: cophenetic index 3416211; 3.6 s; peak memory 238 MiB.
2026-10-08T17:06:28Z INFO [334/4500] 9964e4d1-e527-4090-a0f1-d1285095e27e: cophenetic index 620; 1.1 s; peak memory 238 MiB.
2026-10-08T17:06:29Z INFO [335/4500] 996516c6-b8d7-4580-8cc1-5813427991ea: cophenetic index 624; 0.7 s; peak memory 238 MiB.
2026-10-08T17:06:29Z INFO [336/4500] 996532c2-fa74-456f-acb1-3e3f406eee16: cophenetic index 690; 0.4 s; peak memory 238 MiB.
2026-10-08T17:06:30Z INFO [337/4500] 9965ada3-1798-4ad9-8c9b-c0773b7bf62a: cophenetic index 624; 0.6 s; peak memory 238 MiB.
2026-10-08T17:06:32Z INFO [338/4500] 9966fa4c-2b46-40f9-90b8-142cb50b0336: cophenetic index 2822; 2.2 s; peak memory 238 MiB.
2026-10-08T17:06:33Z INFO [339/4500] 99675fad-01ce-455a-b3b5-446d98ce92ae: cophenetic index 569; 0.8 s; peak memory 238 MiB.
2026-10-08T17:06:34Z INFO [340/4500] 99688c27-ee0e-4246-9581-ade52806bccc: cophenetic index 624; 0.7 s; peak memory 238 MiB.
2026-10-08T17:06:35Z INFO [341/4500] 996902ae-934c-4995-adc4-60cb7f48672e: cophenetic index 1087; 1.1 s; peak memory 238 MiB.
2026-10-08T17:06:36Z INFO [342/4500] 99692d6a-7fd5-411c-a312-7bd17f2c48e0: cophenetic index 33962; 0.9 s; peak memory 238 MiB.
2026-10-08T17:06:37Z INFO [343/4500] 996a39ea-eb28-4bd6-aa4a-1bbb9c3bec67: cophenetic index 624; 0.7 s; peak memory 238 MiB.
2026-10-08T17:06:37Z INFO [344/4500] 996a4d69-71ab-4909-93fc-1441e843eec3: cophenetic index 624; 0.6 s; peak memory 238 MiB.
2026-10-08T17:06:38Z INFO [345/4500] 996a8124-e2a3-488e-8ba7-bf1dbb589384: cophenetic index 490; 0.5 s; peak memory 238 MiB.
2026-10-08T17:06:38Z INFO [346/4500] 996aa437-0eca-4b5e-8b75-e731a63e7b9f: cophenetic index 23866; 0.8 s; peak memory 238 MiB.
2026-10-08T17:06:39Z INFO [347/4500] 996b28cb-2504-4eb5-8de3-6f491c067e07: cophenetic index 2570; 0.6 s; peak memory 238 MiB.
2026-10-08T17:06:40Z INFO [348/4500] 996c46f0-3453-4bfe-ab5a-d1741be26702: cophenetic index 1544; 0.6 s; peak memory 238 MiB.
2026-10-08T17:06:42Z INFO [349/4500] 996ceb3f-d892-4d21-8760-92fc346d3241: cophenetic index 6309; 2.6 s; peak memory 238 MiB.
2026-10-08T17:06:44Z INFO [350/4500] 996d2b22-bf6c-43cf-8c97-e6ff74e31f76: cophenetic index 33998; 1.4 s; peak memory 238 MiB.
2026-10-08T17:06:44Z INFO [350/4500] 996d2b22-bf6c-43cf-8c97-e6ff74e31f76: checkpointed 120774 new records.
2026-10-08T17:06:44Z INFO [351/4500] 996de6c5-e38f-4660-9453-0e45ba953401: cophenetic index 624; 0.6 s; peak memory 238 MiB.
2026-10-08T17:06:46Z INFO [352/4500] 996e0086-1082-4359-9854-dced9a67b51c: cophenetic index 2625; 1.1 s; peak memory 238 MiB.
2026-10-08T17:06:46Z INFO [353/4500] 996ea447-a4c3-4023-a2a8-d08a553dfdd4: cophenetic index 2570; 0.8 s; peak memory 238 MiB.
2026-10-08T17:06:47Z INFO [354/4500] 996f045a-cc14-4486-afed-30d686abb427: cophenetic index 2923; 0.6 s; peak memory 238 MiB.
2026-10-08T17:06:48Z INFO [355/4500] 996fdf6a-4e8d-4ee5-b4ca-d32220b164e3: cophenetic index 2654; 1.1 s; peak memory 238 MiB.
2026-10-08T17:06:49Z INFO [356/4500] 9971fa40-8712-46c3-a40f-35a6f75248fe: cophenetic index 33962; 1.0 s; peak memory 238 MiB.
2026-10-08T17:06:51Z INFO [357/4500] 99721eab-5a23-449a-bdd9-a4535e9102c7: cophenetic index 2682; 1.5 s; peak memory 238 MiB.
2026-10-08T17:06:51Z INFO [358/4500] 99744da2-5641-4ca4-ad4d-476d8e2dea4a: cophenetic index 624; 0.7 s; peak memory 238 MiB.
2026-10-08T17:06:52Z INFO [359/4500] 99745588-e75d-4341-bbbd-e51fd03a7010: cophenetic index 692; 0.7 s; peak memory 238 MiB.
2026-10-08T17:06:53Z INFO [360/4500] 99746706-9183-43f6-8cc3-36d581be4138: cophenetic index 2625; 1.3 s; peak memory 238 MiB.
2026-10-08T17:06:57Z INFO [361/4500] 9974b7ec-feb7-447c-b8a8-d1cbf9d45138: cophenetic index 14389; 3.9 s; peak memory 238 MiB.
2026-10-08T17:06:58Z INFO [362/4500] 9974fc28-0c02-428e-a6e6-7f5779700877: cophenetic index 431; 0.7 s; peak memory 238 MiB.
2026-10-08T17:06:58Z INFO [363/4500] 99753845-c542-40e9-9953-2c398d3e9f6a: cophenetic index 624; 0.7 s; peak memory 238 MiB.
2026-10-08T17:06:59Z INFO [364/4500] 99758652-f92f-4adf-bff8-c49bf49a009d: cophenetic index 690; 0.5 s; peak memory 238 MiB.
2026-10-08T17:07:00Z INFO [365/4500] 99768dba-6701-4e2a-b770-555955a16e81: cophenetic index 651; 0.6 s; peak memory 238 MiB.
2026-10-08T17:07:00Z INFO [366/4500] 99771620-46c0-4922-a1f2-70c185e85d06: cophenetic index 23367; 0.8 s; peak memory 238 MiB.
2026-10-08T17:07:01Z INFO [367/4500] 99777839-41f8-4562-83c1-4963b6d2a385: cophenetic index 624; 0.7 s; peak memory 238 MiB.
2026-10-08T17:07:02Z INFO [368/4500] 99791b95-256e-406b-9a63-d3aa5a91f3bc: cophenetic index 624; 0.6 s; peak memory 238 MiB.
2026-10-08T17:07:03Z INFO [369/4500] 9979f41b-ead8-4118-b6df-dd623c675bc2: cophenetic index 2625; 1.0 s; peak memory 238 MiB.
2026-10-08T17:07:06Z INFO [370/4500] 997c4c23-6a94-460e-b703-f5f3cfa43cf5: cophenetic index 2333; 3.1 s; peak memory 238 MiB.
2026-10-08T17:07:06Z INFO [371/4500] 997c555a-3c75-433a-a5fc-ce0bb39e0b55: cophenetic index 624; 0.6 s; peak memory 238 MiB.
2026-10-08T17:07:12Z INFO [372/4500] 997cf0cf-32d4-4e5b-a372-d559f7d241ec: cophenetic index 9348141; 5.4 s; peak memory 238 MiB.
2026-10-08T17:07:13Z INFO [373/4500] 997d658a-b1a2-4609-b898-92f0bd764033: cophenetic index 624; 0.7 s; peak memory 238 MiB.
2026-10-08T17:07:15Z INFO [374/4500] 997dbaa9-3df7-496a-be25-0e8ba9fd9a05: cophenetic index 21522; 2.3 s; peak memory 238 MiB.
2026-10-08T17:07:16Z INFO [375/4500] 997dde1e-5056-4737-aa59-54ad663902c8: cophenetic index 539; 0.7 s; peak memory 238 MiB.
2026-10-08T17:07:16Z INFO [376/4500] 997e6f6a-0a39-4d4f-970e-10f7122038af: cophenetic index 741; 0.6 s; peak memory 238 MiB.
2026-10-08T17:07:18Z INFO [377/4500] 997eaed0-b02c-4789-b825-687c4192d68e: cophenetic index 1733; 1.8 s; peak memory 238 MiB.
2026-10-08T17:07:19Z INFO [378/4500] 997f34dc-af15-4a24-a1ff-f6f8b312feef: cophenetic index 624; 0.6 s; peak memory 238 MiB.
2026-10-08T17:07:22Z INFO [379/4500] 997f51cd-0af5-4f03-8346-239f242da215: cophenetic index 20638; 3.3 s; peak memory 238 MiB.
2026-10-08T17:07:23Z INFO [380/4500] 998085bd-f5bf-4641-a559-bcc5b62c95c6: cophenetic index 3004; 0.8 s; peak memory 238 MiB.
2026-10-08T17:07:24Z INFO [381/4500] 9980c74d-b5f4-487b-b13e-794cff2f2009: cophenetic index 2105; 1.2 s; peak memory 238 MiB.
2026-10-08T17:07:24Z INFO [382/4500] 9980d38b-748c-4647-86f0-9ec78a1e4434: cophenetic index 690; 0.5 s; peak memory 238 MiB.
2026-10-08T17:07:28Z INFO [383/4500] 99810087-2ff3-493a-9446-1718734c5c07: cophenetic index 14478; 3.1 s; peak memory 238 MiB.
2026-10-08T17:07:28Z INFO [384/4500] 998203e6-7118-4530-8675-b324a42bf9d8: cophenetic index 624; 0.6 s; peak memory 238 MiB.
2026-10-08T17:07:29Z INFO [385/4500] 9982f762-3b64-4ddd-8746-51b7596c2568: cophenetic index 624; 0.7 s; peak memory 238 MiB.
2026-10-08T17:07:30Z INFO [386/4500] 99831892-d4ac-43b4-bd64-b82b6eab99e9: cophenetic index 624; 0.7 s; peak memory 238 MiB.
2026-10-08T17:07:33Z INFO [387/4500] 99832e0f-b740-4916-8742-f392f2749420: cophenetic index 50444; 3.1 s; peak memory 238 MiB.
2026-10-08T17:07:33Z INFO [388/4500] 998355f2-febd-4a9a-ab83-2589f7ea07cb: cophenetic index 624; 0.7 s; peak memory 238 MiB.
2026-10-08T17:07:38Z INFO [389/4500] 99837290-4905-490e-a13f-0455d567456d: cophenetic index 34592; 4.6 s; peak memory 238 MiB.
2026-10-08T17:07:38Z INFO [390/4500] 99840cbe-0075-4881-a042-2ab2aaec3f6d: cophenetic index 762; 0.4 s; peak memory 238 MiB.
2026-10-08T17:07:39Z INFO [391/4500] 99841bd4-1d65-4552-9088-7986894041a9: cophenetic index 23379; 0.7 s; peak memory 238 MiB.
2026-10-08T17:07:41Z INFO [392/4500] 99843156-c691-481c-ad36-b7fe53f83087: cophenetic index 959; 1.4 s; peak memory 238 MiB.
2026-10-08T17:07:41Z INFO [393/4500] 99844de1-cc0b-479c-9ab1-e3e713eec1a7: cophenetic index 431; 0.5 s; peak memory 238 MiB.
2026-10-08T17:07:42Z INFO [394/4500] 998504a7-482c-4d48-86ab-e302e35871b8: cophenetic index 815; 1.1 s; peak memory 238 MiB.
2026-10-08T17:07:43Z INFO [395/4500] 99854987-f48d-48af-a0f4-dabf5861cc51: cophenetic index 624; 0.6 s; peak memory 238 MiB.
2026-10-08T17:07:44Z INFO [396/4500] 99858d5c-0065-4b0d-af08-dc2aa8e5f4be: cophenetic index 3004; 0.8 s; peak memory 238 MiB.
2026-10-08T17:07:45Z INFO [397/4500] 9985cd7c-f746-409e-bac7-18f9606c8938: cophenetic index 5473; 1.8 s; peak memory 238 MiB.
2026-10-08T17:07:46Z INFO [398/4500] 9985ef33-d644-4646-bd8d-7b9153cc5a24: cophenetic index 624; 0.6 s; peak memory 238 MiB.
2026-10-08T17:07:47Z INFO [399/4500] 9985faf2-a728-4a76-a555-36941850cf6b: cophenetic index 33962; 0.9 s; peak memory 238 MiB.
2026-10-08T17:07:47Z INFO [400/4500] 9987b77f-95a2-43f0-9bf8-380da289abfd: cophenetic index 624; 0.6 s; peak memory 238 MiB.
2026-10-08T17:07:48Z INFO [400/4500] 9987b77f-95a2-43f0-9bf8-380da289abfd: checkpointed 120824 new records.
2026-10-08T17:07:52Z INFO [401/4500] 998854cd-4cd7-4b62-9d5f-65cc4726b6fe: cophenetic index 142282; 4.5 s; peak memory 238 MiB.
2026-10-08T17:07:53Z INFO [402/4500] 99888215-d47c-4c00-b610-d936f5943587: cophenetic index 23788; 0.6 s; peak memory 238 MiB.
2026-10-08T17:07:54Z INFO [403/4500] 99889c70-7266-4b6f-bfea-7e46eb9b31df: cophenetic index 3004; 0.6 s; peak memory 238 MiB.
2026-10-08T17:07:59Z INFO [404/4500] 99891942-d526-4bbf-9a6e-01c577551212: cophenetic index 34862; 5.2 s; peak memory 238 MiB.
2026-10-08T17:07:59Z INFO [405/4500] 99894c7b-571e-425f-8948-aa15b293fb1e: cophenetic index 624; 0.7 s; peak memory 238 MiB.
2026-10-08T17:08:00Z INFO [406/4500] 998aeb76-aca2-4b5f-baf3-0fe3173007c1: cophenetic index 966; 0.6 s; peak memory 238 MiB.
2026-10-08T17:08:01Z INFO [407/4500] 998bcb43-64ac-4c85-ab5f-214ac1be4f79: cophenetic index 624; 0.6 s; peak memory 238 MiB.
2026-10-08T17:08:01Z INFO [408/4500] 998c01ac-b417-4c14-ab40-a6ebe9a9d152: cophenetic index 490; 0.4 s; peak memory 238 MiB.
2026-10-08T17:08:02Z INFO [409/4500] 998c2524-4093-41e2-ba88-1b6c8e15fa45: cophenetic index 1047; 1.3 s; peak memory 238 MiB.
2026-10-08T17:08:03Z INFO [410/4500] 998c89be-fbd3-43af-b368-075bfe7c12cb: cophenetic index 539; 0.7 s; peak memory 238 MiB.
2026-10-08T17:08:06Z INFO [411/4500] 998dd148-f5d9-4282-9bf2-9508667b1764: cophenetic index 9298; 3.2 s; peak memory 238 MiB.
2026-10-08T17:08:07Z INFO [412/4500] 998ded40-77dc-4fea-a0a5-151a8228f745: cophenetic index 33968; 1.0 s; peak memory 238 MiB.
2026-10-08T17:08:08Z INFO [413/4500] 998e0119-de99-4dd0-ab73-a1df075af570: cophenetic index 99114; 1.2 s; peak memory 238 MiB.
2026-10-08T17:08:12Z INFO [414/4500] 998e4a2c-5330-478b-97c6-1509fe37cf6e: cophenetic index 88239; 3.5 s; peak memory 238 MiB.
2026-10-08T17:08:12Z INFO [415/4500] 99916649-adb5-43d9-8611-e51a1ab8e38a: cophenetic index 2625; 0.8 s; peak memory 238 MiB.
2026-10-08T17:08:13Z INFO [416/4500] 99929632-8784-4463-932c-a79e18f4a9f4: cophenetic index 3087; 0.7 s; peak memory 238 MiB.
2026-10-08T17:08:14Z INFO [417/4500] 9992a9a3-a338-4a62-8bde-e61adb110972: cophenetic index 517; 0.6 s; peak memory 238 MiB.
2026-10-08T17:08:16Z INFO [418/4500] 99931c69-973c-40b1-be5d-94647e5b250b: cophenetic index 33194; 2.1 s; peak memory 238 MiB.
2026-10-08T17:08:17Z INFO [419/4500] 99933f09-b891-4cfe-8e2c-c9ae81c88a89: cophenetic index 33998; 1.1 s; peak memory 238 MiB.
2026-10-08T17:08:18Z INFO [420/4500] 9994a519-0f21-45ab-adc1-07069272e885: cophenetic index 2974; 0.8 s; peak memory 238 MiB.
2026-10-08T17:08:18Z INFO [421/4500] 9994eaf1-4b15-4695-8b44-de3342d6cf31: cophenetic index 490; 0.4 s; peak memory 238 MiB.
2026-10-08T17:08:22Z INFO [422/4500] 99953385-017a-4c41-9a66-7a90a16a41c1: cophenetic index 9548; 3.6 s; peak memory 238 MiB.
2026-10-08T17:08:23Z INFO [423/4500] 999717c1-85e4-4142-8fed-f7b617a9f04d: cophenetic index 9795; 1.6 s; peak memory 238 MiB.
2026-10-08T17:08:24Z INFO [424/4500] 9997f00b-e18b-4694-b54b-035e61a48061: cophenetic index 33977; 0.7 s; peak memory 238 MiB.
2026-10-08T17:08:25Z INFO [425/4500] 99985672-bbeb-47b8-a07a-ded8410e7aeb: cophenetic index 33977; 0.8 s; peak memory 238 MiB.
2026-10-08T17:08:26Z INFO [426/4500] 99986082-8c1c-4188-b29b-23677395bdab: cophenetic index 2496; 0.9 s; peak memory 238 MiB.
2026-10-08T17:08:27Z INFO [427/4500] 99994c4d-2066-4ae5-ac1a-19ef92435412: cophenetic index 1475; 1.6 s; peak memory 238 MiB.
2026-10-08T17:08:28Z INFO [428/4500] 9999bab9-30a3-4a36-b206-e0cce300b585: cophenetic index 34138; 1.2 s; peak memory 238 MiB.
2026-10-08T17:08:30Z INFO [429/4500] 999bb2e7-9088-4a6b-9bdf-da84afb17784: cophenetic index 3617; 1.9 s; peak memory 238 MiB.
2026-10-08T17:08:31Z INFO [430/4500] 999c90ea-e2d3-4968-aefe-a03f34f97964: cophenetic index 2920; 0.6 s; peak memory 238 MiB.
2026-10-08T17:08:32Z INFO [431/4500] 999ca9ab-a5f6-4362-8610-a5edc1babdc9: cophenetic index 458; 1.2 s; peak memory 238 MiB.
2026-10-08T17:08:38Z INFO [432/4500] 999cb8c8-543e-46a4-adb8-e8a5db849fcc: cophenetic index 48262; 6.4 s; peak memory 238 MiB.
2026-10-08T17:08:50Z INFO [433/4500] 999d8741-17f7-4716-9621-5be26d1dbf34: cophenetic index 5265882; 11.1 s; peak memory 246 MiB.
2026-10-08T17:08:50Z INFO [434/4500] 999fbdc9-15b5-4c27-af06-ed86b78ed619: cophenetic index 2923; 0.7 s; peak memory 246 MiB.
2026-10-08T17:08:51Z INFO [435/4500] 99a0442f-4f05-4ab1-b275-74ba5470c430: cophenetic index 624; 0.6 s; peak memory 246 MiB.
2026-10-08T17:08:52Z INFO [436/4500] 99a1115b-4c1c-4d7a-b2b3-4e94ce608847: cophenetic index 657; 0.6 s; peak memory 246 MiB.
2026-10-08T17:08:52Z INFO [437/4500] 99a11c58-7c46-4d53-bc46-f7b1034769bc: cophenetic index 624; 0.7 s; peak memory 246 MiB.
2026-10-08T17:08:53Z INFO [438/4500] 99a2a7d9-f732-4b57-ac45-56cb4b463cf2: cophenetic index 2974; 0.7 s; peak memory 246 MiB.
2026-10-08T17:08:54Z INFO [439/4500] 99a2ebc1-4adc-454e-a166-8a091f6498ae: cophenetic index 431; 0.9 s; peak memory 246 MiB.
2026-10-08T17:08:55Z INFO [440/4500] 99a4678e-3431-4d20-828e-ba2052b318e6: cophenetic index 1933; 1.1 s; peak memory 246 MiB.
2026-10-08T17:08:56Z INFO [441/4500] 99a48ae8-4242-4a93-ad90-cb55bce9c9d4: cophenetic index 624; 0.6 s; peak memory 246 MiB.
2026-10-08T17:08:57Z INFO [442/4500] 99a4fc13-e386-47e0-8ad6-2325af655b0c: cophenetic index 33986; 1.2 s; peak memory 246 MiB.
2026-10-08T17:08:57Z INFO [443/4500] 99a5a39d-42ba-4662-a67f-88278e51eab1: cophenetic index 33968; 0.8 s; peak memory 246 MiB.
2026-10-08T17:08:58Z INFO [444/4500] 99a67b35-ccb9-4d50-ad9f-a558d2b4d479: cophenetic index 2920; 0.6 s; peak memory 246 MiB.
2026-10-08T17:08:59Z INFO [445/4500] 99a728fe-c819-4463-8952-beacf43cb39d: cophenetic index 99150; 1.1 s; peak memory 246 MiB.
2026-10-08T17:09:00Z INFO [446/4500] 99a7670d-53ed-4fde-90a6-1f495e3157bd: cophenetic index 427; 0.6 s; peak memory 246 MiB.
2026-10-08T17:09:02Z INFO [447/4500] 99a81736-ba11-431a-879c-dbc8515d2e34: cophenetic index 17174; 1.8 s; peak memory 246 MiB.
2026-10-08T17:09:07Z INFO [448/4500] 99a967db-9cfc-44ed-a93d-0b77d5aa7ab7: cophenetic index 238434; 5.8 s; peak memory 246 MiB.
2026-10-08T17:09:08Z INFO [449/4500] 99a9bac0-92a5-4963-9e33-f2ba8d9e64d9: cophenetic index 3004; 0.8 s; peak memory 246 MiB.
2026-10-08T17:09:09Z INFO [450/4500] 99aa2d86-81c9-4b2b-98e1-b99b6924add3: cophenetic index 3215; 0.5 s; peak memory 246 MiB.
2026-10-08T17:09:09Z INFO [450/4500] 99aa2d86-81c9-4b2b-98e1-b99b6924add3: checkpointed 120874 new records.
2026-10-08T17:09:10Z INFO [451/4500] 99aa3d3e-0417-458c-8f7c-53c7fc09d27e: cophenetic index 512; 0.7 s; peak memory 246 MiB.
2026-10-08T17:09:13Z INFO [452/4500] 99aa9e2b-3e3f-440e-93db-61efd152cc72: cophenetic index 73727; 3.7 s; peak memory 246 MiB.
2026-10-08T17:09:14Z INFO [453/4500] 99aabbd6-bde3-456b-8e63-b44dcf380ff7: cophenetic index 494; 0.6 s; peak memory 246 MiB.
2026-10-08T17:09:14Z INFO [454/4500] 99abc774-0b5e-4341-b8e4-b163a05c2797: cophenetic index 2211; 0.5 s; peak memory 246 MiB.
2026-10-08T17:09:15Z INFO [455/4500] 99ac1bd9-c84b-4eb1-9405-08ea8a9d0b48: cophenetic index 624; 0.7 s; peak memory 246 MiB.
2026-10-08T17:09:16Z INFO [456/4500] 99ac521d-40ad-4e60-90a3-013f2552612a: cophenetic index 959; 1.2 s; peak memory 246 MiB.
2026-10-08T17:09:17Z INFO [457/4500] 99ac7ef6-2791-43f1-98be-50dc1057e704: cophenetic index 579; 0.4 s; peak memory 246 MiB.
2026-10-08T17:09:24Z INFO [458/4500] 99acc2f4-9bb4-4572-b99d-390d786d53de: cophenetic index 48665; 6.9 s; peak memory 246 MiB.
2026-10-08T17:09:24Z INFO [459/4500] 99acd9bb-c374-43d0-8e0a-c00c4ca332f1: cophenetic index 649; 0.7 s; peak memory 246 MiB.
2026-10-08T17:09:25Z INFO [460/4500] 99aef278-eca7-44de-9460-f6be7b730cca: cophenetic index 624; 0.7 s; peak memory 246 MiB.
2026-10-08T17:09:29Z INFO [461/4500] 99b0895e-120f-469e-9e24-c3c448872423: cophenetic index 14699; 4.1 s; peak memory 246 MiB.
2026-10-08T17:09:33Z INFO [462/4500] 99b0e3ae-afb2-4b62-80d8-eed6316734e2: cophenetic index 87573; 3.6 s; peak memory 246 MiB.
2026-10-08T17:09:34Z INFO [463/4500] 99b14087-9f05-40e2-a62c-9224bc0ef4cc: cophenetic index 2402; 1.6 s; peak memory 246 MiB.
2026-10-08T17:09:35Z INFO [464/4500] 99b194fb-2ede-4cff-b75b-9eaca6632d90: cophenetic index 690; 0.5 s; peak memory 246 MiB.
2026-10-08T17:09:36Z INFO [465/4500] 99b38b98-43f4-40ee-aee7-4ccfed2b1f1c: cophenetic index 6490; 1.6 s; peak memory 246 MiB.
2026-10-08T17:09:37Z INFO [466/4500] 99b3e7d5-c8db-4383-b036-71459890a56f: cophenetic index 2625; 0.7 s; peak memory 246 MiB.
2026-10-08T17:09:40Z INFO [467/4500] 99b670b3-8265-45f6-90e9-462d22f899d6: cophenetic index 87527; 3.1 s; peak memory 246 MiB.
2026-10-08T17:09:46Z INFO [468/4500] 99b6803c-895e-4dd5-b006-7c3f4dd183ce: cophenetic index 14788; 5.3 s; peak memory 246 MiB.
2026-10-08T17:09:46Z INFO [469/4500] 99b7383e-e37c-4d3a-8ff0-c36620140721: cophenetic index 624; 0.6 s; peak memory 246 MiB.
2026-10-08T17:09:47Z INFO [470/4500] 99b779b6-39dd-4908-8796-10f685f54bb0: cophenetic index 624; 0.6 s; peak memory 246 MiB.
2026-10-08T17:09:48Z INFO [471/4500] 99b7aadc-d7d2-4849-9834-17152c22f0de: cophenetic index 1430; 1.1 s; peak memory 246 MiB.
2026-10-08T17:09:49Z INFO [472/4500] 99b8478e-828d-4550-88bc-bc992884fff6: cophenetic index 23788; 0.5 s; peak memory 246 MiB.
2026-10-08T17:09:49Z INFO [473/4500] 99b8499f-6229-4a89-a7ac-ab1760586597: cophenetic index 1544; 0.8 s; peak memory 246 MiB.
2026-10-08T17:09:50Z INFO [474/4500] 99b8ae90-70cb-4287-ab74-11fd44cd2cce: cophenetic index 624; 0.8 s; peak memory 246 MiB.
2026-10-08T17:09:51Z INFO [475/4500] 99ba2225-a82e-4380-847d-dd49241c3442: cophenetic index 624; 0.6 s; peak memory 246 MiB.
2026-10-08T17:09:52Z INFO [476/4500] 99bb0336-f3fb-42a6-a897-8d4634d14b0e: cophenetic index 99114; 1.1 s; peak memory 246 MiB.
2026-10-08T17:09:52Z INFO [477/4500] 99bb9538-7361-49e3-b741-aac4617edb61: cophenetic index 624; 0.6 s; peak memory 246 MiB.
2026-10-08T17:09:53Z INFO [478/4500] 99bc8f67-cd68-4e97-85b1-b3768b51786b: cophenetic index 452; 0.7 s; peak memory 246 MiB.
2026-10-08T17:09:54Z INFO [479/4500] 99bdb7c9-2876-49a1-86c8-959e47940a65: cophenetic index 6435; 0.9 s; peak memory 246 MiB.
2026-10-08T17:09:54Z INFO [480/4500] 99bdcf9d-e601-4ad1-84d7-b4ddb259b6a2: cophenetic index 490; 0.4 s; peak memory 246 MiB.
2026-10-08T17:09:55Z INFO [481/4500] 99bdfb39-717e-4711-8588-372542ff6fdd: cophenetic index 723; 0.5 s; peak memory 246 MiB.
2026-10-08T17:09:55Z INFO [482/4500] 99be3693-a033-4ae4-9cbe-ff6a7fc077ca: cophenetic index 624; 0.7 s; peak memory 246 MiB.
2026-10-08T17:09:56Z INFO [483/4500] 99be50d9-c6e6-44ea-a485-25ca8fd351b4: cophenetic index 1993; 0.5 s; peak memory 246 MiB.
2026-10-08T17:09:57Z INFO [484/4500] 99bed602-485b-4c21-9c2f-8d7882f22afc: cophenetic index 3004; 0.7 s; peak memory 246 MiB.
2026-10-08T17:10:00Z INFO [485/4500] 99bf42e3-6b52-4bbc-8cd5-05be17478a71: cophenetic index 82511; 3.8 s; peak memory 246 MiB.
2026-10-08T17:10:02Z INFO [486/4500] 99c14b56-4913-49f4-bb99-09ec823008c9: cophenetic index 2402; 1.5 s; peak memory 246 MiB.
2026-10-08T17:10:03Z INFO [487/4500] 99c1997b-0ebe-4c6d-90c7-94ee6de5cefb: cophenetic index 554; 1.2 s; peak memory 246 MiB.
2026-10-08T17:10:04Z INFO [488/4500] 99c1ae18-03fc-4b1c-ae3e-8e8b044440b4: cophenetic index 431; 0.4 s; peak memory 246 MiB.
2026-10-08T17:10:05Z INFO [489/4500] 99c2b23b-591c-4c6e-854b-62d9877a0945: cophenetic index 2402; 1.5 s; peak memory 246 MiB.
2026-10-08T17:10:06Z INFO [490/4500] 99c2c4bd-07d5-4da5-89c2-d0cbaffcb380: cophenetic index 2625; 0.8 s; peak memory 246 MiB.
2026-10-08T17:10:06Z INFO [491/4500] 99c4dc3e-e57c-4e71-ad14-562f0abbe039: cophenetic index 690; 0.4 s; peak memory 246 MiB.
2026-10-08T17:10:11Z INFO [492/4500] 99c52523-7447-4e68-8cfe-63f9225f84b8: cophenetic index 15817; 4.2 s; peak memory 246 MiB.
2026-10-08T17:10:12Z INFO [493/4500] 99c5473c-e51c-4cbe-a48b-42cea956ad27: cophenetic index 42542; 1.3 s; peak memory 246 MiB.
2026-10-08T17:10:13Z INFO [494/4500] 99c734c2-d93f-48f2-8436-d2741dd60e2f: cophenetic index 624; 0.7 s; peak memory 246 MiB.
2026-10-08T17:10:13Z INFO [495/4500] 99c74003-a904-43ce-a972-2289859ec76c: cophenetic index 1848; 0.6 s; peak memory 246 MiB.
2026-10-08T17:10:14Z INFO [496/4500] 99c75ae0-afa4-4494-b716-9d5eae638ab6: cophenetic index 431; 0.8 s; peak memory 246 MiB.
2026-10-08T17:10:15Z INFO [497/4500] 99c7a71a-d8e2-44b4-9fba-669863bcddb7: cophenetic index 33986; 0.8 s; peak memory 246 MiB.
2026-10-08T17:10:20Z INFO [498/4500] 99ca3611-49c8-41d4-a73a-a126f73853b4: cophenetic index 480328; 5.8 s; peak memory 246 MiB.
2026-10-08T17:10:27Z INFO [499/4500] 99ca46b8-a0eb-4b18-9e21-ec303f210d64: cophenetic index 33752; 6.9 s; peak memory 246 MiB.
2026-10-08T17:10:28Z INFO [500/4500] 99cbeb41-9665-409b-8193-7274e3cf49b3: cophenetic index 431; 0.5 s; peak memory 246 MiB.
2026-10-08T17:10:28Z INFO [500/4500] 99cbeb41-9665-409b-8193-7274e3cf49b3: checkpointed 120924 new records.
2026-10-08T17:10:29Z INFO [501/4500] 99cc22d4-56c1-4f80-b7e1-0daf338cf04f: cophenetic index 490; 0.5 s; peak memory 246 MiB.
2026-10-08T17:10:29Z INFO [502/4500] 99cd0a12-7709-4852-8224-1c28dc85e57d: cophenetic index 761; 0.5 s; peak memory 246 MiB.
2026-10-08T17:10:30Z INFO [503/4500] 99cd648d-5100-49bb-9436-abc2c4e96d0b: cophenetic index 3004; 0.7 s; peak memory 246 MiB.
2026-10-08T17:10:31Z INFO [504/4500] 99cd6981-7368-44fc-b01c-27e41219613e: cophenetic index 1570; 1.1 s; peak memory 246 MiB.
2026-10-08T17:10:32Z INFO [505/4500] 99cd7b6d-2b74-4e81-9f49-52d5720a0f8e: cophenetic index 791; 1.0 s; peak memory 246 MiB.
2026-10-08T17:10:35Z INFO [506/4500] 99cd81e6-5ab3-4751-9efd-e08fbb90ddd5: cophenetic index 9181; 3.6 s; peak memory 246 MiB.
2026-10-08T17:10:36Z INFO [507/4500] 99cdec09-16a5-4669-ac50-f7c1bde8bc69: cophenetic index 2625; 1.0 s; peak memory 246 MiB.
2026-10-08T17:10:43Z INFO [508/4500] 99ce14dc-20e4-4257-8a2a-5f9b8ecb6cd6: cophenetic index 108448; 6.2 s; peak memory 246 MiB.
2026-10-08T17:10:44Z INFO [509/4500] 99ce2492-213d-46c2-9f07-57cf43385949: cophenetic index 33986; 0.9 s; peak memory 246 MiB.
2026-10-08T17:10:44Z INFO [510/4500] 99ce26df-2ecf-4160-b306-1885d9592703: cophenetic index 3087; 0.7 s; peak memory 246 MiB.
2026-10-08T17:10:45Z INFO [511/4500] 99ce288d-4220-4017-ad19-d1446e0e1dcc: cophenetic index 1087; 1.0 s; peak memory 246 MiB.
2026-10-08T17:10:46Z INFO [512/4500] 99ce8820-feb0-49f6-b655-78aa8f0460fd: cophenetic index 6598; 0.9 s; peak memory 246 MiB.
2026-10-08T17:10:51Z INFO [513/4500] 99ceb198-aaad-4d9b-9b07-d380bb91856d: cophenetic index 81190; 5.4 s; peak memory 246 MiB.
2026-10-08T17:10:55Z INFO [514/4500] 99cee618-af08-477b-9a79-ce1f4560f2fa: cophenetic index 87573; 3.7 s; peak memory 246 MiB.
2026-10-08T17:10:56Z INFO [515/4500] 99cf38a9-3e12-4fe1-add9-93b34e082be4: cophenetic index 624; 0.8 s; peak memory 246 MiB.
2026-10-08T17:11:30Z INFO [516/4500] 99cf595c-b847-4c22-954e-d677c6be54b0: cophenetic index 22729334; 34.0 s; peak memory 314 MiB.
2026-10-08T17:11:31Z INFO [517/4500] 99cfa9da-e97d-4bc4-95bd-afcb8ceaece7: cophenetic index 624; 0.6 s; peak memory 314 MiB.
2026-10-08T17:11:35Z INFO [518/4500] 99d00950-624c-4a9f-afe6-7ff7a9ae6f5a: cophenetic index 144317; 4.6 s; peak memory 314 MiB.
2026-10-08T17:11:36Z INFO [519/4500] 99d0e683-9d97-4594-8616-beab17df1cea: cophenetic index 1602; 0.8 s; peak memory 314 MiB.
2026-10-08T17:11:42Z INFO [520/4500] 99d14398-f325-4eb9-818d-2b6f841f5bf5: cophenetic index 48262; 6.1 s; peak memory 314 MiB.
2026-10-08T17:11:43Z INFO [521/4500] 99d15aa0-52a5-497c-a77b-8a4f1500e1d3: cophenetic index 624; 0.6 s; peak memory 314 MiB.
2026-10-08T17:11:45Z INFO [522/4500] 99d1b146-3e73-49ed-a372-71670f53f2c1: cophenetic index 33998; 1.8 s; peak memory 314 MiB.
2026-10-08T17:11:45Z INFO [523/4500] 99d2582d-9ee0-4c9f-b158-68be62c0845b: cophenetic index 624; 0.7 s; peak memory 314 MiB.
2026-10-08T17:11:54Z INFO [524/4500] 99d2daf4-7953-4adb-88ac-378d50c8c9fd: cophenetic index 1159068; 9.1 s; peak memory 314 MiB.
2026-10-08T17:11:59Z INFO [525/4500] 99d3b3b1-ee6f-402f-8c15-fe129157380c: cophenetic index 6715; 4.5 s; peak memory 314 MiB.
2026-10-08T17:12:00Z INFO [526/4500] 99d3baca-7e2d-4d89-988c-f87c57e611e0: cophenetic index 2625; 0.9 s; peak memory 314 MiB.
2026-10-08T17:12:00Z INFO [527/4500] 99d4035a-03f1-48fa-aa6e-7102b879dbb6: cophenetic index 624; 0.6 s; peak memory 314 MiB.
2026-10-08T17:12:04Z INFO [528/4500] 99d4895c-768e-4882-b4d2-aed08df29c48: cophenetic index 14455; 4.1 s; peak memory 314 MiB.
2026-10-08T17:12:05Z INFO [529/4500] 99d4e54c-5261-4935-9417-fe6c00f181d9: cophenetic index 490; 0.4 s; peak memory 314 MiB.
2026-10-08T17:12:06Z INFO [530/4500] 99d559d5-5517-4ff8-88e6-d21873fe90da: cophenetic index 624; 0.6 s; peak memory 314 MiB.
2026-10-08T17:12:06Z INFO [531/4500] 99d64f65-989e-40fa-ba36-e088282517a1: cophenetic index 3004; 1.0 s; peak memory 314 MiB.
2026-10-08T17:12:11Z INFO [532/4500] 99d66a19-ca9a-48c2-bba6-d0a827cf5733: cophenetic index 49330; 4.6 s; peak memory 314 MiB.
2026-10-08T17:12:12Z INFO [533/4500] 99d6e5e0-c053-4a79-8f48-16dd6a44a0b6: cophenetic index 624; 0.6 s; peak memory 314 MiB.
2026-10-08T17:12:13Z INFO [534/4500] 99d7b895-4e80-406b-ba78-6a9584c0d9d5: cophenetic index 502; 0.9 s; peak memory 314 MiB.
2026-10-08T17:12:13Z INFO [535/4500] 99d80c37-41b2-4461-a839-1146e671f99b: cophenetic index 581; 0.6 s; peak memory 314 MiB.
2026-10-08T17:12:14Z INFO [536/4500] 99d8a206-284c-49c6-aff3-5dac1b8702d2: cophenetic index 624; 0.8 s; peak memory 314 MiB.
2026-10-08T17:12:16Z INFO [537/4500] 99d8ee08-f072-4efe-9abe-6cbc0cac54d8: cophenetic index 2682; 1.8 s; peak memory 314 MiB.
2026-10-08T17:12:16Z INFO [538/4500] 99dca0aa-b722-4a1e-8638-9b57917f32bf: cophenetic index 23960; 0.7 s; peak memory 314 MiB.
2026-10-08T17:12:17Z INFO [539/4500] 99dcfeb6-2ebb-4cd8-975a-f663b6ed5129: cophenetic index 825; 1.0 s; peak memory 314 MiB.
2026-10-08T17:12:20Z INFO [540/4500] 99dd8383-6ad7-44d9-8bb1-3c9618816cd2: cophenetic index 13983; 2.1 s; peak memory 314 MiB.
2026-10-08T17:12:20Z INFO [541/4500] 99dde7a9-9c45-4dce-af97-61c795bc709b: cophenetic index 624; 0.6 s; peak memory 314 MiB.
2026-10-08T17:12:21Z INFO [542/4500] 99de20cb-7fb6-45f6-939d-48766d31db72: cophenetic index 490; 0.4 s; peak memory 314 MiB.
2026-10-08T17:12:21Z INFO [543/4500] 99de3b20-ed90-43a4-bffc-51e771d80168: cophenetic index 624; 0.7 s; peak memory 314 MiB.
2026-10-08T17:12:27Z INFO [544/4500] 99df159a-dd6e-4fe3-b82d-3c8b78c383b0: cophenetic index 181921; 6.0 s; peak memory 314 MiB.
2026-10-08T17:12:28Z INFO [545/4500] 99df180e-8697-425f-b205-7a73f9afd1db: cophenetic index 624; 0.6 s; peak memory 314 MiB.
2026-10-08T17:12:29Z INFO [546/4500] 99df6ff7-521f-4434-bcc4-492ccf86c204: cophenetic index 3087; 0.7 s; peak memory 314 MiB.
2026-10-08T17:12:29Z INFO [547/4500] 99e07f21-6a6e-4aa7-aec0-bb1b87f9ffc5: cophenetic index 624; 0.7 s; peak memory 314 MiB.
2026-10-08T17:12:30Z INFO [548/4500] 99e09f8e-93a4-401d-9920-5aa4cb6a2107: cophenetic index 815; 0.9 s; peak memory 314 MiB.
2026-10-08T17:12:31Z INFO [549/4500] 99e0cb90-5db4-4e89-836e-2f4e8137bc1b: cophenetic index 30304; 1.0 s; peak memory 314 MiB.
2026-10-08T17:12:33Z INFO [550/4500] 99e0d14a-e3f5-4eed-8532-87816ba1fdaf: cophenetic index 3617; 2.0 s; peak memory 314 MiB.
2026-10-08T17:12:33Z INFO [550/4500] 99e0d14a-e3f5-4eed-8532-87816ba1fdaf: checkpointed 120974 new records.
2026-10-08T17:12:34Z INFO [551/4500] 99e11e97-da07-4b32-bbdb-fade7bb5b169: cophenetic index 624; 0.5 s; peak memory 314 MiB.
2026-10-08T17:12:36Z INFO [552/4500] 99e1618e-140b-43b2-8ea2-b5049a471240: cophenetic index 5473; 2.0 s; peak memory 314 MiB.
2026-10-08T17:12:37Z INFO [553/4500] 99e2413a-f239-48a6-be20-c0e946ee3f45: cophenetic index 3004; 0.7 s; peak memory 314 MiB.
2026-10-08T17:12:37Z INFO [554/4500] 99e257b8-ca16-41a2-a55c-ebe8d8881a06: cophenetic index 446; 0.6 s; peak memory 314 MiB.
2026-10-08T17:12:42Z INFO [555/4500] 99e39e4a-0bb6-46cf-8adb-7969d33997e3: cophenetic index 101403; 4.5 s; peak memory 314 MiB.
2026-10-08T17:12:43Z INFO [556/4500] 99e3f6b9-0a98-445b-b374-1a62301a1aa7: cophenetic index 3333; 1.3 s; peak memory 314 MiB.
2026-10-08T17:12:44Z INFO [557/4500] 99e4382b-0a58-4612-9205-659be2d565b1: cophenetic index 624; 0.7 s; peak memory 314 MiB.
2026-10-08T17:12:44Z INFO [558/4500] 99e4560a-d4a6-45d1-939d-edf6203b0b5f: cophenetic index 539; 0.6 s; peak memory 314 MiB.
2026-10-08T17:12:45Z INFO [559/4500] 99e480cc-6cf6-4134-84a8-653c4bb80241: cophenetic index 1781; 0.7 s; peak memory 314 MiB.
2026-10-08T17:12:45Z INFO [560/4500] 99e53104-4499-4344-ac4e-dad5ff6bef23: cophenetic index 490; 0.4 s; peak memory 314 MiB.
2026-10-08T17:12:53Z INFO [561/4500] 99e7c912-1e2a-4506-9c76-c988e936a46e: cophenetic index 495819; 7.4 s; peak memory 314 MiB.
2026-10-08T17:12:54Z INFO [562/4500] 99e7f0e0-897a-46f2-96d8-eb47f729e104: cophenetic index 3004; 0.9 s; peak memory 314 MiB.
2026-10-08T17:12:55Z INFO [563/4500] 99e8b56f-046a-4c86-84b3-9f8373609533: cophenetic index 2402; 1.7 s; peak memory 314 MiB.
2026-10-08T17:13:01Z INFO [564/4500] 99e9464b-85ef-431e-a243-73fd4308a971: cophenetic index 195172714; 6.0 s; peak memory 314 MiB.
2026-10-08T17:13:02Z INFO [565/4500] 99ea2fa5-e2b2-4bf6-960b-3a18e06de624: cophenetic index 624; 0.5 s; peak memory 314 MiB.
2026-10-08T17:13:03Z INFO [566/4500] 99ea3fd5-a671-49e2-b54e-8b22a2ee8c25: cophenetic index 2625; 1.0 s; peak memory 314 MiB.
2026-10-08T17:13:11Z INFO [567/4500] 99eac018-009c-44f0-8725-3e4f22187422: cophenetic index 1124479; 8.1 s; peak memory 314 MiB.
2026-10-08T17:13:15Z INFO [568/4500] 99eb156b-46ab-4448-a4f5-169cbc76408b: cophenetic index 84273; 3.6 s; peak memory 314 MiB.
2026-10-08T17:13:18Z INFO [569/4500] 99eba6e9-c9e4-46a2-943a-9b887482f2de: cophenetic index 68430; 3.9 s; peak memory 314 MiB.
2026-10-08T17:13:27Z INFO [570/4500] 99ed1f33-b022-44e6-98fe-1603edbbdc23: cophenetic index 49686; 8.5 s; peak memory 314 MiB.
2026-10-08T17:13:27Z INFO [571/4500] 99ed7af0-bd46-420e-992d-669d050f16fb: cophenetic index 729; 0.4 s; peak memory 314 MiB.
2026-10-08T17:13:54Z INFO [572/4500] 99ee2787-2115-4ba4-89e7-7a1d740e3ad8: cophenetic index 2179377; 26.3 s; peak memory 314 MiB.
2026-10-08T17:13:54Z INFO [573/4500] 99ee3d45-c6b4-47da-89ff-610303e90843: cophenetic index 690; 0.4 s; peak memory 314 MiB.
2026-10-08T17:13:55Z INFO [574/4500] 99eea42c-37f0-49d0-a665-560ac45e3a4c: cophenetic index 624; 0.6 s; peak memory 314 MiB.
2026-10-08T17:13:55Z INFO [575/4500] 99eefedf-c28d-4ba0-9dc0-e8591d213415: cophenetic index 624; 0.6 s; peak memory 314 MiB.
2026-10-08T17:13:56Z INFO [576/4500] 99ef0851-dcb1-44fd-8490-79bd5bbec4ff: cophenetic index 3087; 0.8 s; peak memory 314 MiB.
2026-10-08T17:13:57Z INFO [577/4500] 99ef2269-6004-40c5-8c5b-fb2444d953fd: cophenetic index 2625; 1.1 s; peak memory 314 MiB.
2026-10-08T17:13:58Z INFO [578/4500] 99efbb66-8f2e-4379-b6d0-22a8b8bf5dd1: cophenetic index 624; 0.6 s; peak memory 314 MiB.
2026-10-08T17:13:59Z INFO [579/4500] 99efc76d-16fb-49df-8f5e-1efc61da8683: cophenetic index 2625; 0.8 s; peak memory 314 MiB.
2026-10-08T17:14:00Z INFO [580/4500] 99f0ee5a-a3d4-495e-be8f-39a9255b6f02: cophenetic index 624; 1.0 s; peak memory 314 MiB.
2026-10-08T17:14:01Z INFO [581/4500] 99f18dd9-2999-4066-81ce-dfb792b6aca4: cophenetic index 2625; 1.0 s; peak memory 314 MiB.
2026-10-08T17:14:01Z INFO [582/4500] 99f24a96-13b4-4544-9950-9903dc688d4b: cophenetic index 624; 0.7 s; peak memory 314 MiB.
2026-10-08T17:14:02Z INFO [583/4500] 99f2bec6-039a-441f-9626-badbb159d9f7: cophenetic index 3004; 0.9 s; peak memory 314 MiB.
2026-10-08T17:14:07Z INFO [584/4500] 99f2f156-34fa-4dd9-b43e-1d04ee07d548: cophenetic index 152916; 4.8 s; peak memory 314 MiB.
2026-10-08T17:14:08Z INFO [585/4500] 99f3b428-8920-4873-b423-3c003fe8c69d: cophenetic index 605; 0.7 s; peak memory 314 MiB.
2026-10-08T17:14:09Z INFO [586/4500] 99f4e350-eebe-40c9-b7c0-ffeacecdba13: cophenetic index 4586; 0.9 s; peak memory 314 MiB.
2026-10-08T17:14:10Z INFO [587/4500] 99f57cf9-8534-4d61-9660-afb920385f32: cophenetic index 41788; 1.1 s; peak memory 314 MiB.
2026-10-08T17:14:14Z INFO [588/4500] 99f60b25-2b6c-46d1-8af5-ca74b3233690: cophenetic index 25979; 4.6 s; peak memory 314 MiB.
2026-10-08T17:14:15Z INFO [589/4500] 99f61a7b-2804-497f-89a3-e073378c5357: cophenetic index 490; 0.4 s; peak memory 314 MiB.
2026-10-08T17:14:16Z INFO [590/4500] 99f6b740-4b91-4abe-8c8d-0a4107165a96: cophenetic index 605; 0.9 s; peak memory 314 MiB.
2026-10-08T17:14:17Z INFO [591/4500] 99f6c7ad-df65-4cb6-aedb-2ded3849f70c: cophenetic index 99150; 1.2 s; peak memory 314 MiB.
2026-10-08T17:14:17Z INFO [592/4500] 99f6e4e9-231e-4534-8544-3feb8204caf9: cophenetic index 690; 0.4 s; peak memory 314 MiB.
2026-10-08T17:14:19Z INFO [593/4500] 99f75d45-f4fc-4ffa-ac28-2227315b3fc6: cophenetic index 8106; 1.6 s; peak memory 314 MiB.
2026-10-08T17:14:20Z INFO [594/4500] 99f76e35-225b-45bc-9dba-4da16b9017d2: cophenetic index 102768; 1.1 s; peak memory 314 MiB.
2026-10-08T17:14:28Z INFO [595/4500] 99f7add5-d774-4a58-ba12-544bfe191c10: cophenetic index 264915; 7.5 s; peak memory 314 MiB.
2026-10-08T17:14:28Z INFO [596/4500] 99f82084-922e-4193-b1a0-0c411ea95abd: cophenetic index 569; 0.7 s; peak memory 314 MiB.
2026-10-08T17:14:32Z INFO [597/4500] 99f9508f-ef71-4363-bd2f-c7585271eadd: cophenetic index 52866; 3.2 s; peak memory 314 MiB.
2026-10-08T17:14:34Z INFO [598/4500] 99f9749c-bfe1-4fc7-b753-b7649c72d26f: cophenetic index 99810; 2.0 s; peak memory 314 MiB.
2026-10-08T17:14:35Z INFO [599/4500] 99f9afff-a2e5-4211-a56d-a4787e655dcd: cophenetic index 1614; 1.0 s; peak memory 314 MiB.
2026-10-08T17:14:38Z INFO [600/4500] 99f9bdf4-41b7-4f73-aeed-3114a65c75c3: cophenetic index 33285; 3.6 s; peak memory 314 MiB.
2026-10-08T17:14:38Z INFO [600/4500] 99f9bdf4-41b7-4f73-aeed-3114a65c75c3: checkpointed 121024 new records.
2026-10-08T17:14:39Z INFO [601/4500] 99fb1575-6b06-404d-8fc5-60dba785a37d: cophenetic index 624; 0.7 s; peak memory 314 MiB.
2026-10-08T17:14:40Z INFO [602/4500] 99fb506b-0e12-4bc4-bdd8-25e6aa3a5e08: cophenetic index 99150; 1.2 s; peak memory 314 MiB.
2026-10-08T17:14:42Z INFO [603/4500] 99fb91ac-c53a-415b-a075-df5282a1387a: cophenetic index 2748; 1.3 s; peak memory 314 MiB.
2026-10-08T17:14:42Z INFO [604/4500] 99fbace3-4f55-4029-bd04-3e4cb66259b0: cophenetic index 448; 0.5 s; peak memory 314 MiB.
2026-10-08T17:14:43Z INFO [605/4500] 99fbb5fd-a884-4788-be06-6aa3f86978ab: cophenetic index 3004; 0.9 s; peak memory 314 MiB.
2026-10-08T17:14:48Z INFO [606/4500] 99fbea9d-4444-44b6-a76e-4091f4b139cd: cophenetic index 116328; 4.9 s; peak memory 314 MiB.
2026-10-08T17:14:49Z INFO [607/4500] 99fbfd3e-e2da-443a-a3f9-42c44a25c770: cophenetic index 2625; 0.8 s; peak memory 314 MiB.
2026-10-08T17:14:49Z INFO [608/4500] 99fc8d8e-035f-4056-a59d-675b76424b7d: cophenetic index 490; 0.5 s; peak memory 314 MiB.
2026-10-08T17:14:50Z INFO [609/4500] 99fe2663-8313-4883-8d20-9bddbdd76032: cophenetic index 3004; 0.8 s; peak memory 314 MiB.
2026-10-08T17:14:50Z INFO [610/4500] 99fe95c5-19d6-4044-9cc0-473307354057: cophenetic index 490; 0.4 s; peak memory 314 MiB.
2026-10-08T17:14:52Z INFO [611/4500] 99ff1dc2-f5fc-408e-9708-adbd5d95995e: cophenetic index 2069; 1.7 s; peak memory 314 MiB.
2026-10-08T17:14:53Z INFO [612/4500] 99ffef27-709b-4e44-b2c0-6a84422ed746: cophenetic index 624; 0.6 s; peak memory 314 MiB.
2026-10-08T17:14:55Z INFO [613/4500] 9a009c72-dfd3-4345-8d50-ba98dc7482d9: cophenetic index 2469; 1.9 s; peak memory 314 MiB.
2026-10-08T17:14:55Z INFO [614/4500] 9a00f79a-c742-4745-9dee-7ad70da0c599: cophenetic index 3087; 0.7 s; peak memory 314 MiB.
2026-10-08T17:14:56Z INFO [615/4500] 9a010c53-c42f-40c5-8260-b606c546bd7e: cophenetic index 30304; 0.8 s; peak memory 314 MiB.
2026-10-08T17:14:57Z INFO [616/4500] 9a021b5a-35ee-448c-9cb0-92445a347b62: cophenetic index 608; 0.7 s; peak memory 314 MiB.
2026-10-08T17:14:58Z INFO [617/4500] 9a0235b5-4925-429b-9adf-e14e08eec141: cophenetic index 555; 0.6 s; peak memory 314 MiB.
2026-10-08T17:14:58Z INFO [618/4500] 9a03090f-4c3e-498b-b4d8-350192226445: cophenetic index 624; 0.6 s; peak memory 314 MiB.
2026-10-08T17:14:59Z INFO [619/4500] 9a033ea9-3c1a-4162-85ac-88ec74de9a9a: cophenetic index 2974; 0.7 s; peak memory 314 MiB.
2026-10-08T17:14:59Z INFO [620/4500] 9a034f29-e11c-414b-ba21-eddf5bf19dcd: cophenetic index 497; 0.6 s; peak memory 314 MiB.
2026-10-08T17:15:00Z INFO [621/4500] 9a037cce-d9f1-4cfc-9a30-923e0110043a: cophenetic index 624; 0.6 s; peak memory 314 MiB.
2026-10-08T17:15:07Z INFO [622/4500] 9a0450f0-8ee9-4961-80c8-438df36cb5d6: cophenetic index 334524; 7.3 s; peak memory 314 MiB.
2026-10-08T17:15:10Z INFO [623/4500] 9a049848-caf1-4f8f-8e3e-4367a9431138: cophenetic index 9548; 3.0 s; peak memory 314 MiB.
2026-10-08T17:15:11Z INFO [624/4500] 9a04ac5a-ec6a-443d-9bd6-0d9a93a8e6d4: cophenetic index 3087; 0.7 s; peak memory 314 MiB.
2026-10-08T17:15:12Z INFO [625/4500] 9a050b8a-1f53-40c2-9a1c-21c819082d54: cophenetic index 2570; 1.1 s; peak memory 314 MiB.
2026-10-08T17:15:24Z INFO [626/4500] 9a05c22c-edb4-4c93-abeb-219300559053: cophenetic index 42708; 11.7 s; peak memory 314 MiB.
2026-10-08T17:15:24Z INFO [627/4500] 9a0631f6-420b-422f-8e3e-fb003289ef9a: cophenetic index 735; 0.5 s; peak memory 314 MiB.
2026-10-08T17:15:25Z INFO [628/4500] 9a06476e-03a3-4dcd-bd3a-f317be183714: cophenetic index 446; 0.5 s; peak memory 314 MiB.
2026-10-08T17:15:25Z INFO [629/4500] 9a0746b5-c1f8-4896-9143-bc3bf1c89bbc: cophenetic index 431; 0.6 s; peak memory 314 MiB.
2026-10-08T17:15:26Z INFO [630/4500] 9a08a9b9-9e43-4f36-bc0f-104d4b98dc60: cophenetic index 624; 0.5 s; peak memory 314 MiB.
2026-10-08T17:15:27Z INFO [631/4500] 9a08c54a-e956-4691-84b0-12beea01ff12: cophenetic index 2625; 0.9 s; peak memory 314 MiB.
2026-10-08T17:15:27Z INFO [632/4500] 9a0979c8-f6b7-42c4-a2b9-c9db987a3e9b: cophenetic index 646; 0.5 s; peak memory 314 MiB.
2026-10-08T17:15:30Z INFO [633/4500] 9a09e480-1d9a-47bc-b882-48d1dbe66968: cophenetic index 3045; 2.7 s; peak memory 314 MiB.
2026-10-08T17:15:31Z INFO [634/4500] 9a09f998-ea67-405a-a771-f035d4f452ab: cophenetic index 1949; 0.7 s; peak memory 314 MiB.
2026-10-08T17:15:36Z INFO [635/4500] 9a0aff2f-6abb-4350-8ce4-f62b21985b1f: cophenetic index 84844; 4.9 s; peak memory 314 MiB.
2026-10-08T17:15:36Z INFO [636/4500] 9a0b4838-a562-41cf-ab0b-87bb041f71f9: cophenetic index 2974; 0.6 s; peak memory 314 MiB.
2026-10-08T17:15:41Z INFO [637/4500] 9a0dd3f7-2da0-4499-9ad4-8399a9d71826: cophenetic index 146634; 4.7 s; peak memory 314 MiB.
2026-10-08T17:15:42Z INFO [638/4500] 9a0e4640-c2f7-41d5-af3b-2f3d6315f9d0: cophenetic index 431; 0.7 s; peak memory 314 MiB.
2026-10-08T17:16:10Z INFO [639/4500] 9a0e77ea-d492-4924-8bbf-7a824c658003: cophenetic index 8548602; 28.5 s; peak memory 314 MiB.
2026-10-08T17:16:11Z INFO [640/4500] 9a0f3352-90b0-493e-9e54-166151de16c5: cophenetic index 33986; 1.0 s; peak memory 314 MiB.
2026-10-08T17:16:12Z INFO [641/4500] 9a0f5cf7-9311-4da6-8107-2ba043da1d4b: cophenetic index 624; 0.6 s; peak memory 314 MiB.
2026-10-08T17:16:13Z INFO [642/4500] 9a0fc7f3-7a64-4d60-a03b-a37173d3ecd4: cophenetic index 3004; 0.7 s; peak memory 314 MiB.
2026-10-08T17:16:22Z INFO [643/4500] 9a0fe286-2a30-453a-800e-cd5c7f05d7fb: cophenetic index 8122997; 9.8 s; peak memory 314 MiB.
2026-10-08T17:16:23Z INFO [644/4500] 9a11084b-cb88-4db5-afcf-946069651499: cophenetic index 2625; 0.6 s; peak memory 314 MiB.
2026-10-08T17:16:23Z INFO [645/4500] 9a11699e-d6ab-4f4a-831d-3b0fed94cb8e: cophenetic index 729; 0.5 s; peak memory 314 MiB.
2026-10-08T17:16:32Z INFO [646/4500] 9a11eab6-2860-4b89-88be-838c777e15f3: cophenetic index 698044; 8.5 s; peak memory 314 MiB.
2026-10-08T17:16:33Z INFO [647/4500] 9a12a592-238d-4c93-8cae-f43b03aea1dc: cophenetic index 3004; 0.8 s; peak memory 314 MiB.
2026-10-08T17:16:33Z INFO [648/4500] 9a132592-ec11-4c55-970a-ee76e21861aa: cophenetic index 624; 0.6 s; peak memory 314 MiB.
2026-10-08T17:16:34Z INFO [649/4500] 9a134b97-4c26-4630-bca8-a7fc4d74fc43: cophenetic index 624; 0.7 s; peak memory 314 MiB.
2026-10-08T17:16:35Z INFO [650/4500] 9a14140d-938b-438a-9f01-130b100c9a1b: cophenetic index 33998; 1.1 s; peak memory 314 MiB.
2026-10-08T17:16:35Z INFO [650/4500] 9a14140d-938b-438a-9f01-130b100c9a1b: checkpointed 121074 new records.
2026-10-08T17:16:39Z INFO [651/4500] 9a141e16-da9f-4114-9851-a8022ce846cd: cophenetic index 9548; 3.5 s; peak memory 314 MiB.
2026-10-08T17:16:39Z INFO [652/4500] 9a14a839-4af3-448e-ba22-718c2bb37cf7: cophenetic index 527; 0.6 s; peak memory 314 MiB.
2026-10-08T17:16:40Z INFO [653/4500] 9a14d83d-b81f-4014-8551-cc8b42b4ce55: cophenetic index 26986; 1.0 s; peak memory 314 MiB.
2026-10-08T17:16:44Z INFO [654/4500] 9a17afa8-6886-4765-a991-ea2ab25c1cb5: cophenetic index 9548; 3.6 s; peak memory 314 MiB.
2026-10-08T17:16:45Z INFO [655/4500] 9a17c75d-c820-426d-8772-6812279151a4: cophenetic index 3057; 0.8 s; peak memory 314 MiB.
2026-10-08T17:16:46Z INFO [656/4500] 9a180e4d-6fb8-4743-a637-22ee6f80a7e2: cophenetic index 41788; 1.3 s; peak memory 314 MiB.
2026-10-08T17:16:47Z INFO [657/4500] 9a1834be-74a1-4be8-8d13-dbf42d3be8b0: cophenetic index 2625; 0.8 s; peak memory 314 MiB.
2026-10-08T17:16:48Z INFO [658/4500] 9a190417-9ff9-4e87-a339-6907ba9c5d43: cophenetic index 949; 1.4 s; peak memory 314 MiB.
2026-10-08T17:16:49Z INFO [659/4500] 9a1a2d4b-5fad-4c0b-8f58-055514fc0f7c: cophenetic index 624; 0.7 s; peak memory 314 MiB.
2026-10-08T17:16:50Z INFO [660/4500] 9a1a6b9e-076c-4b38-b513-5f1834793794: cophenetic index 23378; 0.7 s; peak memory 314 MiB.
2026-10-08T17:16:50Z INFO [661/4500] 9a1ac705-3cfc-452e-a20a-a46f4913bfd5: cophenetic index 722; 0.7 s; peak memory 314 MiB.
2026-10-08T17:16:51Z INFO [662/4500] 9a1b516d-3734-4e5d-b058-53dce4a0bcdc: cophenetic index 649; 0.7 s; peak memory 314 MiB.
2026-10-08T17:16:52Z INFO [663/4500] 9a1c8a6a-8259-4a58-988a-a3b91c74191c: cophenetic index 3004; 0.7 s; peak memory 314 MiB.
2026-10-08T17:16:52Z INFO [664/4500] 9a1d2969-1ec9-4836-918b-518dce19e19f: cophenetic index 646; 0.5 s; peak memory 314 MiB.
2026-10-08T17:16:53Z INFO [665/4500] 9a1d5e14-5800-4a5e-9579-db91e68e14e2: cophenetic index 3087; 0.8 s; peak memory 314 MiB.
2026-10-08T17:16:54Z INFO [666/4500] 9a1da823-2d93-4e97-bd72-710bebeb15cc: cophenetic index 2625; 1.0 s; peak memory 314 MiB.
2026-10-08T17:16:55Z INFO [667/4500] 9a1e53a1-3aee-459a-b8ee-c844ec76c46c: cophenetic index 2625; 1.0 s; peak memory 314 MiB.
2026-10-08T17:16:56Z INFO [668/4500] 9a1efe5b-1a6a-43b1-ab62-bb387b63f125: cophenetic index 2625; 0.9 s; peak memory 314 MiB.
2026-10-08T17:16:57Z INFO [669/4500] 9a1f3e00-ed34-4ab7-969f-9d56f5d8cfb3: cophenetic index 2551; 0.6 s; peak memory 314 MiB.
2026-10-08T17:16:57Z INFO [670/4500] 9a1fc9cb-3ed8-4c94-bfd9-b5a9540d3a3b: cophenetic index 2625; 0.8 s; peak memory 314 MiB.
2026-10-08T17:16:58Z INFO [671/4500] 9a20120b-826e-4cb0-b1bf-5612375e1487: cophenetic index 2625; 0.8 s; peak memory 314 MiB.
2026-10-08T17:16:59Z INFO [672/4500] 9a20e160-753a-4f2a-8319-d847cf9255af: cophenetic index 431; 0.6 s; peak memory 314 MiB.
2026-10-08T17:17:05Z INFO [673/4500] 9a210a95-7179-405f-b1eb-e6c81adc1f03: cophenetic index 235523; 6.7 s; peak memory 314 MiB.
2026-10-08T17:17:06Z INFO [674/4500] 9a2142be-f50e-4ac4-ad9e-eeefcf930e95: cophenetic index 33962; 1.0 s; peak memory 314 MiB.
2026-10-08T17:17:30Z INFO [675/4500] 9a21f29a-765e-4464-80aa-d3b7a094ee1d: cophenetic index 99869264; 23.7 s; peak memory 314 MiB.
2026-10-08T17:17:31Z INFO [676/4500] 9a220a6f-daaf-4ccb-8876-a6cd458132d0: cophenetic index 554; 0.7 s; peak memory 314 MiB.
2026-10-08T17:17:41Z INFO [677/4500] 9a224b34-b00a-4bb8-9c51-83c4e4b0a024: cophenetic index 42708; 10.6 s; peak memory 314 MiB.
2026-10-08T17:17:42Z INFO [678/4500] 9a22bc82-cd45-426c-bc82-c27e86e9b7fa: cophenetic index 4662; 0.9 s; peak memory 314 MiB.
2026-10-08T17:17:43Z INFO [679/4500] 9a23a88f-8969-4b1f-bbc7-0de778205e65: cophenetic index 2625; 0.9 s; peak memory 314 MiB.
2026-10-08T17:17:44Z INFO [680/4500] 9a242422-391a-418c-a576-c004b0b8673a: cophenetic index 490; 0.4 s; peak memory 314 MiB.
2026-10-08T17:17:45Z INFO [681/4500] 9a2425eb-5f3f-4973-9e3b-05065035cb4c: cophenetic index 34658; 1.7 s; peak memory 314 MiB.
2026-10-08T17:17:46Z INFO [682/4500] 9a250021-37b0-4e9e-97ef-a1ead3d4d5d6: cophenetic index 2625; 1.1 s; peak memory 314 MiB.
2026-10-08T17:17:51Z INFO [683/4500] 9a25d8c2-d202-46bb-bb65-958655fc5c72: cophenetic index 136764; 4.2 s; peak memory 314 MiB.
2026-10-08T17:17:52Z INFO [684/4500] 9a276b5a-237d-4fb6-bd69-5933129c565f: cophenetic index 1739; 1.0 s; peak memory 314 MiB.
2026-10-08T17:17:52Z INFO [685/4500] 9a284440-6d9f-4c58-8de2-0dc94b753019: cophenetic index 630; 0.4 s; peak memory 314 MiB.
2026-10-08T17:17:53Z INFO [686/4500] 9a285cb7-d2f0-4431-a9fa-42726676b429: cophenetic index 2724; 0.9 s; peak memory 314 MiB.
2026-10-08T17:17:55Z INFO [687/4500] 9a29f6af-06a1-4898-a47d-dc14efa1e31a: cophenetic index 2469; 1.7 s; peak memory 314 MiB.
2026-10-08T17:17:56Z INFO [688/4500] 9a2b8de5-aba2-45e6-8fd7-8e65ce371528: cophenetic index 2682; 1.8 s; peak memory 314 MiB.
2026-10-08T17:17:57Z INFO [689/4500] 9a2c6651-0cd8-4596-bdc7-f003ba00d2a6: cophenetic index 3004; 0.6 s; peak memory 314 MiB.
2026-10-08T17:17:58Z INFO [690/4500] 9a2d2691-08ce-4b8c-bcaf-bf49f24957c6: cophenetic index 624; 0.7 s; peak memory 314 MiB.
2026-10-08T17:17:58Z INFO [691/4500] 9a2d8d6e-8c85-4dbe-ad74-4508a3c9c1d0: cophenetic index 2625; 0.8 s; peak memory 314 MiB.
2026-10-08T17:17:59Z INFO [692/4500] 9a2ddc8c-6e77-45d8-b5d7-1b1c0d374c2f: cophenetic index 690; 0.5 s; peak memory 314 MiB.
2026-10-08T17:18:00Z INFO [693/4500] 9a2f13e2-921e-4d72-bcfb-49893d741e96: cophenetic index 33998; 1.1 s; peak memory 314 MiB.
2026-10-08T17:18:02Z INFO [694/4500] 9a2f37e2-ce34-4280-9dcd-cb9df7507090: cophenetic index 2331; 1.9 s; peak memory 314 MiB.
2026-10-08T17:18:03Z INFO [695/4500] 9a303924-f490-463a-b2cf-fe3dcb4339c9: cophenetic index 33986; 0.8 s; peak memory 314 MiB.
2026-10-08T17:18:04Z INFO [696/4500] 9a306eec-f674-4dc9-ac78-8414665f1641: cophenetic index 33968; 0.8 s; peak memory 314 MiB.
2026-10-08T17:18:05Z INFO [697/4500] 9a3145c1-5318-4e4c-bfd6-3132d619e4c4: cophenetic index 33986; 1.0 s; peak memory 314 MiB.
2026-10-08T17:18:05Z INFO [698/4500] 9a3242d2-7e24-443d-93dd-5d53bdaa566a: cophenetic index 624; 0.8 s; peak memory 314 MiB.
2026-10-08T17:18:06Z INFO [699/4500] 9a32f745-9c1b-4d83-9e86-8196b2ba38bd: cophenetic index 641; 0.6 s; peak memory 314 MiB.
2026-10-08T17:18:08Z INFO [700/4500] 9a3406e7-aae8-41fa-9a9d-d5e3549eb7c2: cophenetic index 4568; 2.1 s; peak memory 314 MiB.
2026-10-08T17:18:08Z INFO [700/4500] 9a3406e7-aae8-41fa-9a9d-d5e3549eb7c2: checkpointed 121124 new records.
2026-10-08T17:18:10Z INFO [701/4500] 9a3408e3-0dad-488b-95bd-fe73c9868704: cophenetic index 2402; 1.6 s; peak memory 314 MiB.
2026-10-08T17:18:11Z INFO [702/4500] 9a34495e-cdd3-4ce4-91a6-de110a87ec2b: cophenetic index 624; 0.7 s; peak memory 314 MiB.
2026-10-08T17:18:11Z INFO [703/4500] 9a346d86-415b-425c-adee-e2647e76959f: cophenetic index 2625; 0.8 s; peak memory 314 MiB.
2026-10-08T17:18:13Z INFO [704/4500] 9a349c64-a8fb-4304-b85d-34222f553700: cophenetic index 2069; 1.8 s; peak memory 314 MiB.
2026-10-08T17:18:17Z INFO [705/4500] 9a34be95-b62c-4610-8238-99725c4a784b: cophenetic index 87573; 4.1 s; peak memory 314 MiB.
2026-10-08T17:18:18Z INFO [706/4500] 9a36242e-80a4-4ebc-bda8-053a14e04e1c: cophenetic index 2625; 1.2 s; peak memory 314 MiB.
2026-10-08T17:18:19Z INFO [707/4500] 9a366820-8437-47f9-b518-57d8ce573659: cophenetic index 2625; 0.8 s; peak memory 314 MiB.
2026-10-08T17:18:20Z INFO [708/4500] 9a3687f5-f0c3-413f-8aac-d3aa4c7cf5db: cophenetic index 762; 0.4 s; peak memory 314 MiB.
2026-10-08T17:18:23Z INFO [709/4500] 9a36bd4a-d24c-4bfa-96f8-88fa3bba62a7: cophenetic index 61813; 3.0 s; peak memory 314 MiB.
2026-10-08T17:18:26Z INFO [710/4500] 9a36c69f-0967-4634-ad78-7890f5515db9: cophenetic index 37444; 3.4 s; peak memory 314 MiB.
2026-10-08T17:18:27Z INFO [711/4500] 9a3766c8-da46-42a9-9ca7-1bccc803b766: cophenetic index 624; 0.7 s; peak memory 314 MiB.
2026-10-08T17:18:27Z INFO [712/4500] 9a384c19-779d-4025-8d78-668daf6d023e: cophenetic index 3004; 0.7 s; peak memory 314 MiB.
2026-10-08T17:18:28Z INFO [713/4500] 9a3875d5-84f6-47b9-8bef-d6eccedd47bb: cophenetic index 20938; 1.0 s; peak memory 314 MiB.
2026-10-08T17:18:29Z INFO [714/4500] 9a38a933-8676-4397-9767-4100c4b23d33: cophenetic index 2625; 0.9 s; peak memory 314 MiB.
2026-10-08T17:18:30Z INFO [715/4500] 9a39f1af-bd2f-4326-9b39-250eaa764cb4: cophenetic index 624; 0.7 s; peak memory 314 MiB.
2026-10-08T17:18:31Z INFO [716/4500] 9a3a50e5-4cde-4576-9a09-cefd7e5ded0c: cophenetic index 3004; 0.7 s; peak memory 314 MiB.
2026-10-08T17:18:31Z INFO [717/4500] 9a3b3ebf-4899-4207-a987-8642ec8fe7ef: cophenetic index 624; 0.6 s; peak memory 314 MiB.
2026-10-08T17:18:32Z INFO [718/4500] 9a3b7f8e-fd0c-4b9b-bab2-7e675b64e0f8: cophenetic index 2625; 0.8 s; peak memory 314 MiB.
2026-10-08T17:18:33Z INFO [719/4500] 9a3bd368-dd2d-41ce-a889-b836f7a0f1a3: cophenetic index 2974; 0.8 s; peak memory 314 MiB.
2026-10-08T17:18:33Z INFO [720/4500] 9a3c385f-de2f-4795-b42c-7ad0701d7963: cophenetic index 446; 0.4 s; peak memory 314 MiB.
2026-10-08T17:18:34Z INFO [721/4500] 9a3c85c6-4719-46ce-9448-55cf13d24777: cophenetic index 3004; 0.7 s; peak memory 314 MiB.
2026-10-08T17:18:35Z INFO [722/4500] 9a3f45ec-090d-4434-a2cd-dc39f4f0a7a5: cophenetic index 662; 1.6 s; peak memory 314 MiB.
2026-10-08T17:18:36Z INFO [723/4500] 9a4006ca-d23d-4f26-ad81-9cf2117bbcd3: cophenetic index 1346; 1.1 s; peak memory 314 MiB.
2026-10-08T17:18:37Z INFO [724/4500] 9a4013ae-af47-499e-bd8e-8abf1391fc59: cophenetic index 624; 0.6 s; peak memory 314 MiB.
2026-10-08T17:18:38Z INFO [725/4500] 9a40a7b5-c4f7-4a86-aa57-04ca5dee60a5: cophenetic index 729; 0.4 s; peak memory 314 MiB.
2026-10-08T17:18:42Z INFO [726/4500] 9a4107a7-fe28-4a7a-ad4c-22f508635080: cophenetic index 117510; 4.5 s; peak memory 314 MiB.
2026-10-08T17:18:43Z INFO [727/4500] 9a41387e-c02c-448b-8ec4-911f74c6bb95: cophenetic index 497; 0.7 s; peak memory 314 MiB.
2026-10-08T17:18:43Z INFO [728/4500] 9a43aaa7-0192-4822-8af5-7cfbd6c5435d: cophenetic index 2570; 0.8 s; peak memory 314 MiB.
2026-10-08T17:18:45Z INFO [729/4500] 9a43eb88-bc8e-4649-89a6-a28e6cac8ef6: cophenetic index 2236; 2.0 s; peak memory 314 MiB.
2026-10-08T17:18:46Z INFO [730/4500] 9a441792-7215-47df-aaa4-986c5440c775: cophenetic index 624; 0.5 s; peak memory 314 MiB.
2026-10-08T17:18:47Z INFO [731/4500] 9a44dfe7-9864-4688-b1a3-385bf4f257e7: cophenetic index 624; 0.7 s; peak memory 314 MiB.
2026-10-08T17:18:47Z INFO [732/4500] 9a44f976-11ed-4c81-8ca5-a3a45ae5e942: cophenetic index 2844; 0.7 s; peak memory 314 MiB.
2026-10-08T17:18:48Z INFO [733/4500] 9a4528e0-cc00-47ed-b60a-ca0f050c6892: cophenetic index 649; 0.9 s; peak memory 314 MiB.
2026-10-08T17:18:49Z INFO [734/4500] 9a47c2e5-837c-4503-8188-125decc78549: cophenetic index 2570; 0.7 s; peak memory 314 MiB.
2026-10-08T17:18:50Z INFO [735/4500] 9a48ad9e-6b52-4bc4-b400-570961d79578: cophenetic index 624; 0.7 s; peak memory 314 MiB.
2026-10-08T17:18:50Z INFO [736/4500] 9a49ff68-b8a2-484d-851a-31e49051e8e4: cophenetic index 3087; 0.8 s; peak memory 314 MiB.
2026-10-08T17:18:52Z INFO [737/4500] 9a4a2267-6706-4a82-8336-0f9cd40ada26: cophenetic index 1149; 1.7 s; peak memory 314 MiB.
2026-10-08T17:18:57Z INFO [738/4500] 9a4af5a2-2c58-4dbd-a74b-be75df1cd518: cophenetic index 6715; 4.6 s; peak memory 314 MiB.
2026-10-08T17:18:57Z INFO [739/4500] 9a4c647e-1314-4ed5-8cdd-85af7c28e12a: cophenetic index 624; 0.7 s; peak memory 314 MiB.
2026-10-08T17:18:58Z INFO [740/4500] 9a4ce03c-6792-4654-b484-a4a198edbbd5: cophenetic index 494; 0.5 s; peak memory 314 MiB.
2026-10-08T17:18:59Z INFO [741/4500] 9a4cf618-8f52-4dc3-a6f7-e2c43f185b49: cophenetic index 427; 0.6 s; peak memory 314 MiB.
2026-10-08T17:19:00Z INFO [742/4500] 9a4d0ec2-b8d2-42f8-a03f-1da67c1859dd: cophenetic index 1496; 1.5 s; peak memory 314 MiB.
2026-10-08T17:19:01Z INFO [743/4500] 9a4d978d-0fc9-4844-abed-62e979b477df: cophenetic index 624; 0.6 s; peak memory 314 MiB.
2026-10-08T17:19:02Z INFO [744/4500] 9a4ddeda-78ff-472b-b9ef-3ebe47ebd6bc: cophenetic index 2625; 1.0 s; peak memory 314 MiB.
2026-10-08T17:19:23Z INFO [745/4500] 9a4e020c-e665-408c-9bd6-5d3100f7626a: cophenetic index 86817683; 21.6 s; peak memory 315 MiB.
2026-10-08T17:19:24Z INFO [746/4500] 9a4e4131-efc5-4bb9-99ac-86a8b6ea5dac: cophenetic index 624; 0.7 s; peak memory 315 MiB.
2026-10-08T17:19:25Z INFO [747/4500] 9a4eb888-2874-49e5-b305-f0cbc68b3689: cophenetic index 3004; 0.7 s; peak memory 315 MiB.
2026-10-08T17:19:26Z INFO [748/4500] 9a4ec876-8093-40ac-b06e-249e28360914: cophenetic index 2701; 0.8 s; peak memory 315 MiB.
2026-10-08T17:19:28Z INFO [749/4500] 9a4eeaef-bc2b-4ad7-afe2-3f8a97ad7960: cophenetic index 6412; 2.5 s; peak memory 315 MiB.
2026-10-08T17:19:29Z INFO [750/4500] 9a4f4944-de6c-4a66-bee0-32337bfdafc0: cophenetic index 2625; 0.6 s; peak memory 315 MiB.
2026-10-08T17:19:29Z INFO [750/4500] 9a4f4944-de6c-4a66-bee0-32337bfdafc0: checkpointed 121174 new records.
2026-10-08T17:19:30Z INFO [751/4500] 9a4f4b35-a413-458b-8fa1-57f04089bfdb: cophenetic index 2625; 0.8 s; peak memory 315 MiB.
2026-10-08T17:19:31Z INFO [752/4500] 9a51b709-d29a-4c1c-ae00-56e4e588622f: cophenetic index 959; 1.3 s; peak memory 315 MiB.
2026-10-08T17:19:32Z INFO [753/4500] 9a5212a5-b7fe-4c27-8b9d-e30218df54c8: cophenetic index 624; 0.6 s; peak memory 315 MiB.
2026-10-08T17:19:32Z INFO [754/4500] 9a522def-ba1c-48e2-bfc7-ca22d2d79d14: cophenetic index 605; 0.8 s; peak memory 315 MiB.
2026-10-08T17:19:34Z INFO [755/4500] 9a52808e-5a46-4fd0-a570-2409db60e5dd: cophenetic index 5473; 1.9 s; peak memory 315 MiB.
2026-10-08T17:19:35Z INFO [756/4500] 9a52d572-d90b-4fc2-9b1d-40983f38e899: cophenetic index 23364; 0.7 s; peak memory 315 MiB.
2026-10-08T17:19:36Z INFO [757/4500] 9a53b3f4-7651-4606-aae0-20a0d0525503: cophenetic index 2625; 0.8 s; peak memory 315 MiB.
2026-10-08T17:19:36Z INFO [758/4500] 9a53df59-5c9d-4080-b01a-3eb0a57781b7: cophenetic index 624; 0.6 s; peak memory 315 MiB.
2026-10-08T17:19:37Z INFO [759/4500] 9a544132-0a00-4357-8847-4a143f142e08: cophenetic index 502; 0.7 s; peak memory 315 MiB.
2026-10-08T17:19:38Z INFO [760/4500] 9a545473-4101-4409-9ae6-579d60be8fe7: cophenetic index 2570; 0.6 s; peak memory 315 MiB.
2026-10-08T17:19:43Z INFO [761/4500] 9a54bd50-9930-4334-a915-41b1c796c91a: cophenetic index 195172714; 5.5 s; peak memory 315 MiB.
2026-10-08T17:19:44Z INFO [762/4500] 9a54ccd5-5fbb-4539-b4fb-3e78826860b0: cophenetic index 374; 0.6 s; peak memory 315 MiB.
2026-10-08T17:19:45Z INFO [763/4500] 9a550a55-aac6-407e-882d-5da52f3962e9: cophenetic index 624; 0.7 s; peak memory 315 MiB.
2026-10-08T17:19:47Z INFO [764/4500] 9a55ec24-c5f4-41fa-af59-19f4f0eadf84: cophenetic index 8537; 2.6 s; peak memory 315 MiB.
2026-10-08T17:19:48Z INFO [765/4500] 9a56174a-8352-433f-b26e-8613ba857132: cophenetic index 624; 0.6 s; peak memory 315 MiB.
2026-10-08T17:19:48Z INFO [766/4500] 9a56ba52-cc28-49d7-9271-fae04fed9600: cophenetic index 579; 0.4 s; peak memory 315 MiB.
2026-10-08T17:19:56Z INFO [767/4500] 9a5707d8-c276-4d4f-ae61-f4b02a995f6a: cophenetic index 49996; 7.9 s; peak memory 315 MiB.
2026-10-08T17:19:57Z INFO [768/4500] 9a571e03-1f73-44ef-a00f-400efc2d2797: cophenetic index 2496; 0.8 s; peak memory 315 MiB.
2026-10-08T17:19:58Z INFO [769/4500] 9a57c20b-01fa-4789-a137-4de714d41d66: cophenetic index 581; 0.7 s; peak memory 315 MiB.
2026-10-08T17:19:58Z INFO [770/4500] 9a58cf59-ec4f-4e8f-be57-730b10863714: cophenetic index 466; 0.7 s; peak memory 315 MiB.
2026-10-08T17:19:59Z INFO [771/4500] 9a59014c-0b5d-40a5-a9b9-18896e333d32: cophenetic index 2496; 0.7 s; peak memory 315 MiB.
2026-10-08T17:20:03Z INFO [772/4500] 9a592224-33c4-4261-a03e-10e651fcc1f5: cophenetic index 99213; 4.4 s; peak memory 315 MiB.
2026-10-08T17:20:04Z INFO [773/4500] 9a5975b7-ed55-4b33-b2d5-ea7c5fdbe4e9: cophenetic index 605; 0.8 s; peak memory 315 MiB.
2026-10-08T17:20:05Z INFO [774/4500] 9a597a2d-3fed-4842-8c52-0591724dd1c9: cophenetic index 3192; 0.7 s; peak memory 315 MiB.
2026-10-08T17:20:06Z INFO [775/4500] 9a598270-d834-402c-812c-76265a6217a3: cophenetic index 624; 0.7 s; peak memory 315 MiB.
2026-10-08T17:20:06Z INFO [776/4500] 9a59998c-2caa-41be-a8db-a32dafd8eb07: cophenetic index 2923; 0.6 s; peak memory 315 MiB.
2026-10-08T17:20:11Z INFO [777/4500] 9a59bfbb-afe5-4b18-b57d-3ae5befa449a: cophenetic index 146235; 4.9 s; peak memory 315 MiB.
2026-10-08T17:20:12Z INFO [778/4500] 9a5a5fc3-e27a-4cad-949d-a6f6f95f38bb: cophenetic index 2625; 0.8 s; peak memory 315 MiB.
2026-10-08T17:20:14Z INFO [779/4500] 9a5c0ddf-e729-4e58-9897-f7b665aee3d3: cophenetic index 784; 1.8 s; peak memory 315 MiB.
2026-10-08T17:20:15Z INFO [780/4500] 9a5d5652-908b-4d88-95b4-d8262a7ede78: cophenetic index 10877; 1.5 s; peak memory 315 MiB.
2026-10-08T17:20:20Z INFO [781/4500] 9a5da5b1-6f03-4d9f-91b3-58125d294533: cophenetic index 169535; 4.7 s; peak memory 315 MiB.
2026-10-08T17:20:20Z INFO [782/4500] 9a5daeb3-0eb8-4f29-ac10-ea14a1c5dc33: cophenetic index 401; 0.4 s; peak memory 315 MiB.
2026-10-08T17:20:21Z INFO [783/4500] 9a5e7511-1210-475a-b4cb-82368f92431a: cophenetic index 490; 0.3 s; peak memory 315 MiB.
2026-10-08T17:20:21Z INFO [784/4500] 9a5e8a52-df30-41b6-9bf4-88445d120de1: cophenetic index 624; 0.6 s; peak memory 315 MiB.
2026-10-08T17:20:22Z INFO [785/4500] 9a5ff5ad-17d4-40a1-9d3b-8a561f2a5b6b: cophenetic index 2625; 1.0 s; peak memory 315 MiB.
2026-10-08T17:20:24Z INFO [786/4500] 9a606832-ff2a-4435-bdcb-cb6d475e195b: cophenetic index 895; 1.2 s; peak memory 315 MiB.
2026-10-08T17:20:24Z INFO [787/4500] 9a60c7e7-9eca-47ca-bb8b-db3014e1c846: cophenetic index 605; 0.7 s; peak memory 315 MiB.
2026-10-08T17:20:25Z INFO [788/4500] 9a613bea-d9a8-4b09-b932-e2c6719cd797: cophenetic index 739; 0.4 s; peak memory 315 MiB.
2026-10-08T17:20:26Z INFO [789/4500] 9a61a3ca-d2e6-4947-bf79-9dbfe81857c5: cophenetic index 34658; 1.7 s; peak memory 315 MiB.
2026-10-08T17:20:27Z INFO [790/4500] 9a61de44-bfba-4a21-adc5-381510de579b: cophenetic index 624; 0.6 s; peak memory 315 MiB.
2026-10-08T17:20:28Z INFO [791/4500] 9a625458-731e-467f-ad6f-1b121a5f5379: cophenetic index 624; 0.6 s; peak memory 315 MiB.
2026-10-08T17:20:28Z INFO [792/4500] 9a6261ac-43b3-4915-8577-f7173f68af64: cophenetic index 2974; 0.7 s; peak memory 315 MiB.
2026-10-08T17:20:29Z INFO [793/4500] 9a62bb7b-32fa-4156-86c4-d1e396773ca9: cophenetic index 651; 0.5 s; peak memory 315 MiB.
2026-10-08T17:20:33Z INFO [794/4500] 9a62f7c1-a6b5-4210-8d13-2bb01f04c210: cophenetic index 60157; 4.4 s; peak memory 315 MiB.
2026-10-08T17:20:50Z INFO [795/4500] 9a63a474-8780-4b87-9278-3e692a2bc0f8: cophenetic index 58288; 16.7 s; peak memory 315 MiB.
2026-10-08T17:20:51Z INFO [796/4500] 9a6547bd-adbd-41d1-93c8-9c58641603f3: cophenetic index 624; 0.7 s; peak memory 315 MiB.
2026-10-08T17:20:52Z INFO [797/4500] 9a65968a-9af0-4c58-b13f-174fc66938d4: cophenetic index 777; 1.3 s; peak memory 315 MiB.
2026-10-08T17:20:53Z INFO [798/4500] 9a65e929-b5e2-4ad8-81c5-05d05a953d71: cophenetic index 2682; 1.5 s; peak memory 315 MiB.
2026-10-08T17:20:54Z INFO [799/4500] 9a66ad3c-3850-48f4-a89b-142174ba3467: cophenetic index 624; 0.7 s; peak memory 315 MiB.
2026-10-08T17:20:55Z INFO [800/4500] 9a66db36-4917-434f-90a9-8203dfc3744e: cophenetic index 3087; 0.9 s; peak memory 315 MiB.
2026-10-08T17:20:55Z INFO [800/4500] 9a66db36-4917-434f-90a9-8203dfc3744e: checkpointed 121224 new records.
2026-10-08T17:20:56Z INFO [801/4500] 9a672d48-1458-4cc1-a6d1-3683d609c560: cophenetic index 2625; 0.8 s; peak memory 315 MiB.
2026-10-08T17:20:57Z INFO [802/4500] 9a676fa5-2e52-42f8-b491-98323e1de03a: cophenetic index 695; 0.9 s; peak memory 315 MiB.
2026-10-08T17:20:58Z INFO [803/4500] 9a685a67-d02b-402e-b5c7-217696723334: cophenetic index 624; 0.6 s; peak memory 315 MiB.
2026-10-08T17:20:58Z INFO [804/4500] 9a6904c8-8a95-4655-a268-53914600e186: cophenetic index 3004; 0.8 s; peak memory 315 MiB.
2026-10-08T17:20:59Z INFO [805/4500] 9a691c24-aa18-4639-ba1f-5e5efb8a23fc: cophenetic index 3004; 0.8 s; peak memory 315 MiB.
2026-10-08T17:21:00Z INFO [806/4500] 9a693d97-fd45-48d5-83d0-50e12a8be0b8: cophenetic index 2974; 0.7 s; peak memory 315 MiB.
2026-10-08T17:21:02Z INFO [807/4500] 9a6950f6-e6ca-4153-a292-7f050f597679: cophenetic index 4015; 1.8 s; peak memory 315 MiB.
2026-10-08T17:21:02Z INFO [808/4500] 9a6973a4-b590-4e30-a9fe-8b570fc19f78: cophenetic index 624; 0.7 s; peak memory 315 MiB.
2026-10-08T17:21:06Z INFO [809/4500] 9a69af10-e662-4e03-a253-a3742e936b62: cophenetic index 33285; 3.8 s; peak memory 315 MiB.
2026-10-08T17:21:07Z INFO [810/4500] 9a69b495-4cdd-4b54-b737-6574251e0b85: cophenetic index 581; 0.5 s; peak memory 315 MiB.
2026-10-08T17:21:07Z INFO [811/4500] 9a69dbe1-75de-4a5c-9598-184382ce7e0f: cophenetic index 3004; 0.7 s; peak memory 315 MiB.
2026-10-08T17:21:11Z INFO [812/4500] 9a6a1b6d-743f-4f30-896e-640a8a67bffd: cophenetic index 113345; 4.0 s; peak memory 315 MiB.
2026-10-08T17:21:12Z INFO [813/4500] 9a6a72e8-39f3-4c5c-a707-f60f246ce9ef: cophenetic index 624; 0.7 s; peak memory 315 MiB.
2026-10-08T17:21:13Z INFO [814/4500] 9a6ac2e7-ec30-4aa9-bc0c-fa3495f037b6: cophenetic index 1993; 0.7 s; peak memory 315 MiB.
2026-10-08T17:21:14Z INFO [815/4500] 9a6b7c37-9a48-400c-94a1-8f221d7f1433: cophenetic index 2570; 0.8 s; peak memory 315 MiB.
2026-10-08T17:21:15Z INFO [816/4500] 9a6bc08d-d49f-4146-9322-e35c58ad3f3a: cophenetic index 2625; 0.9 s; peak memory 315 MiB.
2026-10-08T17:21:20Z INFO [817/4500] 9a6c4494-d025-4db6-b15f-f87eded250d8: cophenetic index 48262; 5.9 s; peak memory 315 MiB.
2026-10-08T17:21:21Z INFO [818/4500] 9a6d16c6-1653-4918-a16f-712083d27935: cophenetic index 33986; 1.0 s; peak memory 315 MiB.
2026-10-08T17:21:30Z INFO [819/4500] 9a6f41b3-b87a-4c6a-872f-dae810b69b5b: cophenetic index 483057; 8.6 s; peak memory 315 MiB.
2026-10-08T17:21:31Z INFO [820/4500] 9a6f80e8-f2d1-4ef6-a68a-af7191b0c4e7: cophenetic index 3004; 0.7 s; peak memory 315 MiB.
2026-10-08T17:21:33Z INFO [821/4500] 9a6f92a5-ff62-42a4-b25b-3e8eb52d258a: cophenetic index 23184; 2.7 s; peak memory 315 MiB.
2026-10-08T17:21:34Z INFO [822/4500] 9a6fc0b1-47df-4a57-9e99-5a8227654e97: cophenetic index 745; 0.4 s; peak memory 315 MiB.
2026-10-08T17:21:37Z INFO [823/4500] 9a7019e0-fcd7-44f9-945d-2ec83ac3df0c: cophenetic index 17103; 3.1 s; peak memory 315 MiB.
2026-10-08T17:21:41Z INFO [824/4500] 9a703317-1459-446f-8a71-415fe005ab47: cophenetic index 112368; 3.8 s; peak memory 315 MiB.
2026-10-08T17:21:42Z INFO [825/4500] 9a70aaae-9dde-4562-a36f-a5c033f784ed: cophenetic index 624; 0.8 s; peak memory 315 MiB.
2026-10-08T17:21:42Z INFO [826/4500] 9a71f679-53c3-4f66-9364-7beb30b550ad: cophenetic index 624; 0.7 s; peak memory 315 MiB.
2026-10-08T17:21:45Z INFO [827/4500] 9a726580-7450-4610-8151-9c2a35e664d9: cophenetic index 5473; 2.2 s; peak memory 315 MiB.
2026-10-08T17:21:45Z INFO [828/4500] 9a72e855-1379-43b4-a936-c0b0d8c6174f: cophenetic index 624; 0.7 s; peak memory 315 MiB.
2026-10-08T17:21:52Z INFO [829/4500] 9a742bba-5f42-4d97-a65c-062081ae6024: cophenetic index 33602; 6.5 s; peak memory 315 MiB.
2026-10-08T17:21:54Z INFO [830/4500] 9a745f28-99a6-4d2c-a4e9-eaca2803e5b9: cophenetic index 2391; 1.9 s; peak memory 315 MiB.
2026-10-08T17:21:57Z INFO [831/4500] 9a7504fc-ef97-4e68-a891-5c8f3d3355b0: cophenetic index 87573; 3.7 s; peak memory 315 MiB.
2026-10-08T17:21:58Z INFO [832/4500] 9a7571fb-8d22-49e6-a57e-a25925edf29d: cophenetic index 2625; 1.1 s; peak memory 315 MiB.
2026-10-08T17:22:02Z INFO [833/4500] 9a76095b-449d-4c8b-965c-e3b830ce8e31: cophenetic index 6715; 3.9 s; peak memory 315 MiB.
2026-10-08T17:22:03Z INFO [834/4500] 9a763b11-97ba-4eed-bffa-7c53333d1725: cophenetic index 3004; 0.8 s; peak memory 315 MiB.
2026-10-08T17:22:04Z INFO [835/4500] 9a76cbc0-ce8f-44a7-bd3c-be27eeb6085f: cophenetic index 3087; 0.7 s; peak memory 315 MiB.
2026-10-08T17:22:06Z INFO [836/4500] 9a77139b-bb54-48e8-867c-a59c9eb0aefc: cophenetic index 1733; 2.3 s; peak memory 315 MiB.
2026-10-08T17:22:07Z INFO [837/4500] 9a784c5d-11a3-43ec-b306-a8702c6fb6f0: cophenetic index 1087; 1.0 s; peak memory 315 MiB.
2026-10-08T17:22:08Z INFO [838/4500] 9a78536d-ed95-45ec-a3b4-a3fc6dc1a47f: cophenetic index 2625; 1.1 s; peak memory 315 MiB.
2026-10-08T17:22:09Z INFO [839/4500] 9a7878d8-b2bc-4ea6-b0e5-d19b18cec3e1: cophenetic index 3004; 0.7 s; peak memory 315 MiB.
2026-10-08T17:22:13Z INFO [840/4500] 9a7a5478-ddba-44c3-a6a3-53860257fb5b: cophenetic index 87573; 4.0 s; peak memory 315 MiB.
2026-10-08T17:22:14Z INFO [841/4500] 9a7d2d7d-1ece-4edd-a1bd-7ac3f629d6bb: cophenetic index 766; 0.8 s; peak memory 315 MiB.
2026-10-08T17:22:14Z INFO [842/4500] 9a7dc239-0081-4a35-9bca-04b38928cf2a: cophenetic index 3004; 0.7 s; peak memory 315 MiB.
2026-10-08T17:22:20Z INFO [843/4500] 9a7e30f9-ad06-4162-93d1-df9ff22c2521: cophenetic index 194788; 5.7 s; peak memory 315 MiB.
2026-10-08T17:22:21Z INFO [844/4500] 9a7eadc1-b232-4ee6-a5b2-65ab803d0b41: cophenetic index 2570; 0.9 s; peak memory 315 MiB.
2026-10-08T17:22:22Z INFO [845/4500] 9a81c395-ae1a-4e4c-bdb1-97bcb6465cc4: cophenetic index 99138; 1.1 s; peak memory 315 MiB.
2026-10-08T17:22:23Z INFO [846/4500] 9a81d9d8-6041-4d99-8d09-d259fec23bc5: cophenetic index 952; 0.6 s; peak memory 315 MiB.
2026-10-08T17:22:23Z INFO [847/4500] 9a82188d-0e89-46bd-9692-ab4c28920914: cophenetic index 431; 0.5 s; peak memory 315 MiB.
2026-10-08T17:22:24Z INFO [848/4500] 9a824224-4c22-4e56-bae1-d6f0aab9ea2f: cophenetic index 494; 0.7 s; peak memory 315 MiB.
2026-10-08T17:22:30Z INFO [849/4500] 9a835967-24c8-476d-9fb7-e9f5d9cf0a9d: cophenetic index 46939; 5.7 s; peak memory 315 MiB.
2026-10-08T17:22:30Z INFO [850/4500] 9a8396c6-56d4-4266-9ade-44acfd5b6547: cophenetic index 3057; 0.7 s; peak memory 315 MiB.
2026-10-08T17:22:30Z INFO [850/4500] 9a8396c6-56d4-4266-9ade-44acfd5b6547: checkpointed 121274 new records.
2026-10-08T17:22:31Z INFO [851/4500] 9a83e482-a797-4f74-92b0-6dba405f966e: cophenetic index 624; 0.5 s; peak memory 315 MiB.
2026-10-08T17:22:32Z INFO [852/4500] 9a840c17-6dc7-4fa7-9155-d7fb5b679804: cophenetic index 2570; 1.0 s; peak memory 315 MiB.
2026-10-08T17:22:34Z INFO [853/4500] 9a844d2d-f8e2-40cb-a917-d83e467131f8: cophenetic index 2069; 1.8 s; peak memory 315 MiB.
2026-10-08T17:22:37Z INFO [854/4500] 9a84f928-9824-48de-9aac-2c417113b5aa: cophenetic index 87305; 2.9 s; peak memory 315 MiB.
2026-10-08T17:22:38Z INFO [855/4500] 9a8570d4-9953-46f8-8187-0a34e89330b7: cophenetic index 777; 1.5 s; peak memory 315 MiB.
2026-10-08T17:22:39Z INFO [856/4500] 9a8685e8-9de3-4e38-a484-d51731966a64: cophenetic index 2625; 0.9 s; peak memory 315 MiB.
2026-10-08T17:22:40Z INFO [857/4500] 9a87044b-3bbb-4179-a26d-a38451957c91: cophenetic index 624; 0.7 s; peak memory 315 MiB.
2026-10-08T17:22:41Z INFO [858/4500] 9a873bbf-3e7c-46e5-9786-356b00b0ae4d: cophenetic index 33998; 1.3 s; peak memory 315 MiB.
2026-10-08T17:22:42Z INFO [859/4500] 9a87a3d7-0774-4144-917a-e517d353029f: cophenetic index 2923; 0.7 s; peak memory 315 MiB.
2026-10-08T17:22:42Z INFO [860/4500] 9a8836fc-dac2-40d0-ab8c-4a4eac7214d3: cophenetic index 2893; 0.7 s; peak memory 315 MiB.
2026-10-08T17:22:43Z INFO [861/4500] 9a88c11b-5f4b-47d8-9f40-1c9be506a0db: cophenetic index 6100; 0.8 s; peak memory 315 MiB.
2026-10-08T17:22:44Z INFO [862/4500] 9a89532c-360c-4785-a68a-5a420605f259: cophenetic index 3004; 0.8 s; peak memory 315 MiB.
2026-10-08T17:22:45Z INFO [863/4500] 9a89b3d2-b7a5-4960-8260-bc9f3e219b96: cophenetic index 605; 1.0 s; peak memory 315 MiB.
2026-10-08T17:22:46Z INFO [864/4500] 9a8a1ee7-39d5-4519-94ff-dc05a00530d1: cophenetic index 624; 0.6 s; peak memory 315 MiB.
2026-10-08T17:22:46Z INFO [865/4500] 9a8a7be6-b6ec-4d6e-98a2-f2a0935a5671: cophenetic index 624; 0.8 s; peak memory 315 MiB.
2026-10-08T17:22:47Z INFO [866/4500] 9a8af08e-c398-4756-8a24-6289cd7a15b9: cophenetic index 3004; 0.7 s; peak memory 315 MiB.
2026-10-08T17:22:48Z INFO [867/4500] 9a8be6b3-96ef-48b6-abf5-62d81fc90097: cophenetic index 3004; 0.8 s; peak memory 315 MiB.
2026-10-08T17:22:49Z INFO [868/4500] 9a8cab38-138b-4a75-8a23-fe5da425e677: cophenetic index 3054; 1.3 s; peak memory 315 MiB.
2026-10-08T17:22:50Z INFO [869/4500] 9a8d425d-c833-46b3-a6de-b64fe14e105f: cophenetic index 3087; 0.7 s; peak memory 315 MiB.
2026-10-08T17:22:51Z INFO [870/4500] 9a8d7572-064a-4fc8-9964-6728e40d4d58: cophenetic index 624; 0.7 s; peak memory 315 MiB.
2026-10-08T17:22:51Z INFO [871/4500] 9a8de222-efe2-4850-808e-6af089a227b3: cophenetic index 605; 0.8 s; peak memory 315 MiB.
2026-10-08T17:22:53Z INFO [872/4500] 9a8e7650-cc45-4e93-978f-9a9e52226aec: cophenetic index 11498; 1.9 s; peak memory 315 MiB.
2026-10-08T17:22:54Z INFO [873/4500] 9a8eba4e-badd-4c41-9292-b67945aa2bcd: cophenetic index 33986; 0.7 s; peak memory 315 MiB.
2026-10-08T17:22:55Z INFO [874/4500] 9a8f6c6a-f674-4ad4-8008-add0364ff7fa: cophenetic index 33998; 1.2 s; peak memory 315 MiB.
2026-10-08T17:22:56Z INFO [875/4500] 9a8fffa9-67e0-4448-a334-25cd347818cb: cophenetic index 581; 1.2 s; peak memory 315 MiB.
2026-10-08T17:22:58Z INFO [876/4500] 9a904200-52d3-4b39-ac75-c3b66cc42c10: cophenetic index 4646; 1.7 s; peak memory 315 MiB.
2026-10-08T17:22:59Z INFO [877/4500] 9a90d7ae-85e8-48d3-888c-3f0c147f5ec7: cophenetic index 1087; 1.0 s; peak memory 315 MiB.
2026-10-08T17:23:00Z INFO [878/4500] 9a91ee78-ff67-437e-8538-8aacb8079bdc: cophenetic index 1130; 1.2 s; peak memory 315 MiB.
2026-10-08T17:23:02Z INFO [879/4500] 9a927011-82b2-4a5b-915e-9e3f805e4930: cophenetic index 2469; 1.7 s; peak memory 315 MiB.
2026-10-08T17:23:08Z INFO [880/4500] 9a92c582-eafb-4084-a634-719ae2f9bbf8: cophenetic index 179466; 5.6 s; peak memory 315 MiB.
2026-10-08T17:23:08Z INFO [881/4500] 9a947147-8a10-4e64-8713-c35be13a410d: cophenetic index 6598; 0.9 s; peak memory 315 MiB.
2026-10-08T17:23:10Z INFO [882/4500] 9a949c2b-5b65-4e95-ae8e-652bc88978e3: cophenetic index 2391; 1.6 s; peak memory 315 MiB.
2026-10-08T17:23:13Z INFO [883/4500] 9a94a5c9-60de-4702-bbf1-db21fa7bd642: cophenetic index 15104; 2.9 s; peak memory 315 MiB.
2026-10-08T17:23:14Z INFO [884/4500] 9a957e92-646c-44cf-8b86-f2870a43c13a: cophenetic index 624; 0.7 s; peak memory 315 MiB.
2026-10-08T17:23:14Z INFO [885/4500] 9a977b00-8444-4d7a-abf4-cb4672470d36: cophenetic index 490; 0.4 s; peak memory 315 MiB.
2026-10-08T17:23:15Z INFO [886/4500] 9a97dcd2-d3a7-4a01-bf0d-5fc7413244c6: cophenetic index 729; 0.5 s; peak memory 315 MiB.
2026-10-08T17:23:15Z INFO [887/4500] 9a98828e-f1c2-4e9d-b59d-844783b9264a: cophenetic index 3087; 0.8 s; peak memory 315 MiB.
2026-10-08T17:23:16Z INFO [888/4500] 9a98fcc2-a62b-4e54-9faf-298d629e130d: cophenetic index 624; 0.7 s; peak memory 315 MiB.
2026-10-08T17:23:17Z INFO [889/4500] 9a990185-a707-444f-822a-48c8ffe57f9f: cophenetic index 3004; 0.6 s; peak memory 315 MiB.
2026-10-08T17:23:17Z INFO [890/4500] 9a999ffe-a156-490c-b105-34b37ea2cbb0: cophenetic index 741; 0.5 s; peak memory 315 MiB.
2026-10-08T17:23:18Z INFO [891/4500] 9a9a5f19-1ecd-4877-9faf-2d63f63d51f9: cophenetic index 624; 0.8 s; peak memory 315 MiB.
2026-10-08T17:23:21Z INFO [892/4500] 9a9a9dcf-2a62-473c-ad33-610df3892373: cophenetic index 6800; 3.3 s; peak memory 315 MiB.
2026-10-08T17:23:22Z INFO [893/4500] 9a9ae1f7-8232-40ce-9d25-d66b3bfa44b5: cophenetic index 624; 0.7 s; peak memory 315 MiB.
2026-10-08T17:23:23Z INFO [894/4500] 9a9d7e48-9fe5-464e-b081-09bc657a80b4: cophenetic index 3004; 0.7 s; peak memory 315 MiB.
2026-10-08T17:23:37Z INFO [895/4500] 9a9db817-db8b-4461-ac09-e57f76046b1f: cophenetic index 426580; 14.2 s; peak memory 315 MiB.
2026-10-08T17:23:37Z INFO [896/4500] 9a9e3b7c-951e-4e47-b9ab-5dd00117f40a: cophenetic index 3087; 0.7 s; peak memory 315 MiB.
2026-10-08T17:23:38Z INFO [897/4500] 9a9e5ce9-7b42-4fca-a82b-b508f21d7f28: cophenetic index 2923; 0.7 s; peak memory 315 MiB.
2026-10-08T17:23:39Z INFO [898/4500] 9a9e9b8b-542d-4e4b-9a7c-097169c5990b: cophenetic index 624; 0.6 s; peak memory 315 MiB.
2026-10-08T17:23:39Z INFO [899/4500] 9a9fa36c-3721-4052-9efe-c733b35a6ce7: cophenetic index 624; 0.6 s; peak memory 315 MiB.
2026-10-08T17:23:42Z INFO [900/4500] 9aa2685f-91cf-46e2-a95b-c7e7d83ac275: cophenetic index 48341; 3.0 s; peak memory 315 MiB.
2026-10-08T17:23:43Z INFO [900/4500] 9aa2685f-91cf-46e2-a95b-c7e7d83ac275: checkpointed 121324 new records.
2026-10-08T17:23:43Z INFO [901/4500] 9aa2961f-631e-49a9-97b9-4d03e81f91c7: cophenetic index 766; 0.8 s; peak memory 315 MiB.
2026-10-08T17:23:44Z INFO [902/4500] 9aa2cc37-336a-4512-8432-737325d3b800: cophenetic index 490; 0.4 s; peak memory 315 MiB.
2026-10-08T17:23:45Z INFO [903/4500] 9aa377e3-1546-49d6-9f6a-4e4510a7929b: cophenetic index 3004; 0.8 s; peak memory 315 MiB.
2026-10-08T17:23:48Z INFO [904/4500] 9aa464cf-2905-416a-bd93-38fff1dd9ffb: cophenetic index 79143; 3.6 s; peak memory 315 MiB.
2026-10-08T17:23:49Z INFO [905/4500] 9aa65b85-b279-429b-9905-f708b8f22ac1: cophenetic index 443; 0.6 s; peak memory 315 MiB.
2026-10-08T17:23:50Z INFO [906/4500] 9aa71fc9-7c66-4ebd-8aa7-1cb6db2083b7: cophenetic index 2625; 0.8 s; peak memory 315 MiB.
2026-10-08T17:23:51Z INFO [907/4500] 9aa83787-adbe-44c9-9980-9f62e75665bb: cophenetic index 2424; 0.9 s; peak memory 315 MiB.
2026-10-08T17:23:51Z INFO [908/4500] 9aa93caa-9a1b-4a23-b6f9-d4f8e58f7a6e: cophenetic index 490; 0.5 s; peak memory 315 MiB.
2026-10-08T17:23:52Z INFO [909/4500] 9aa947e7-9a87-4b5f-9e10-df8e72db5601: cophenetic index 624; 0.8 s; peak memory 315 MiB.
2026-10-08T17:23:53Z INFO [910/4500] 9aa9ac9c-fc9a-4b2a-b061-ad1908a5599e: cophenetic index 3004; 0.7 s; peak memory 315 MiB.
2026-10-08T17:23:54Z INFO [911/4500] 9aa9d47a-3930-489e-a430-1cf7583f8bbe: cophenetic index 2625; 1.1 s; peak memory 315 MiB.
2026-10-08T17:23:55Z INFO [912/4500] 9aaa55af-b39a-4dee-ac2c-fb2c4c59e86b: cophenetic index 2682; 1.3 s; peak memory 315 MiB.
2026-10-08T17:23:56Z INFO [913/4500] 9aab7fe0-1dbf-478d-af0b-cc9fdfd2ad65: cophenetic index 33998; 1.1 s; peak memory 315 MiB.
2026-10-08T17:23:57Z INFO [914/4500] 9aac1b0a-5a00-4789-b4f8-7541fef9ee31: cophenetic index 560; 0.5 s; peak memory 315 MiB.
2026-10-08T17:24:02Z INFO [915/4500] 9aacb1c7-431f-4231-979d-fefd86069049: cophenetic index 199086; 5.7 s; peak memory 315 MiB.
2026-10-08T17:24:03Z INFO [916/4500] 9aacb773-1c34-4cc3-9a4b-d834f9eb1c9a: cophenetic index 579; 0.4 s; peak memory 315 MiB.
2026-10-08T17:24:03Z INFO [917/4500] 9aacda6d-d631-48cb-8f60-d5c9ae4ed4cc: cophenetic index 431; 0.6 s; peak memory 315 MiB.
2026-10-08T17:24:04Z INFO [918/4500] 9aad3704-d140-495c-830a-fe9d8c0d8cb6: cophenetic index 2625; 0.9 s; peak memory 315 MiB.
2026-10-08T17:24:05Z INFO [919/4500] 9aad754e-5376-4ada-8899-6be936f85da3: cophenetic index 2625; 0.8 s; peak memory 315 MiB.
2026-10-08T17:24:05Z INFO [920/4500] 9aad88c3-ddf0-4fa3-a2b8-e090a8b1424e: cophenetic index 2920; 0.5 s; peak memory 315 MiB.
2026-10-08T17:24:06Z INFO [921/4500] 9aae4b0a-f07a-4e36-bf67-c2506c05d4f5: cophenetic index 624; 0.6 s; peak memory 315 MiB.
2026-10-08T17:24:07Z INFO [922/4500] 9aae5feb-0d96-44c0-ba7c-928cbd8c183b: cophenetic index 1544; 0.7 s; peak memory 315 MiB.
2026-10-08T17:24:08Z INFO [923/4500] 9aae8a1d-c5b2-4c05-9bfe-0c84f27b02bd: cophenetic index 23864; 0.9 s; peak memory 315 MiB.
2026-10-08T17:24:08Z INFO [924/4500] 9aaf8036-74fe-4324-b675-8c9a4af2fe7d: cophenetic index 729; 0.5 s; peak memory 315 MiB.
2026-10-08T17:24:09Z INFO [925/4500] 9ab0e22e-db3e-4ee2-9f5f-6b00398196ce: cophenetic index 539; 0.8 s; peak memory 315 MiB.
2026-10-08T17:24:10Z INFO [926/4500] 9ab11f80-749f-4053-926c-e186b47ad9a9: cophenetic index 2974; 0.7 s; peak memory 315 MiB.
2026-10-08T17:24:10Z INFO [927/4500] 9ab12a3d-75a3-4115-a4aa-4f892da52ebc: cophenetic index 431; 0.4 s; peak memory 315 MiB.
2026-10-08T17:24:11Z INFO [928/4500] 9ab172f7-d9f1-4d74-8aef-f630a57851e6: cophenetic index 3004; 0.7 s; peak memory 315 MiB.
2026-10-08T17:24:11Z INFO [929/4500] 9ab1ce70-c0be-407e-91c2-afb62d48de4a: cophenetic index 624; 0.5 s; peak memory 315 MiB.
2026-10-08T17:24:15Z INFO [930/4500] 9ab24aec-6a2f-4ea3-805e-39bdac204792: cophenetic index 96856; 4.2 s; peak memory 315 MiB.
2026-10-08T17:24:19Z INFO [931/4500] 9ab2c46c-5108-4645-bc04-f582f04d20c3: cophenetic index 107165; 3.6 s; peak memory 315 MiB.
2026-10-08T17:24:20Z INFO [932/4500] 9ab2f637-3c47-4e73-9ecd-b4ac2222cd1f: cophenetic index 624; 0.7 s; peak memory 315 MiB.
2026-10-08T17:24:26Z INFO [933/4500] 9ab3ac75-cfce-48fa-aa15-903861f10f95: cophenetic index 31102; 5.8 s; peak memory 315 MiB.
2026-10-08T17:24:26Z INFO [934/4500] 9ab42bf4-a96a-4e20-9918-b75dc3d2c071: cophenetic index 490; 0.6 s; peak memory 315 MiB.
2026-10-08T17:24:27Z INFO [935/4500] 9ab44ab5-3173-4a4e-9159-97bca571bf27: cophenetic index 624; 0.7 s; peak memory 315 MiB.
2026-10-08T17:24:28Z INFO [936/4500] 9ab59726-d465-46bf-bd42-5d1a1a899034: cophenetic index 2625; 0.9 s; peak memory 315 MiB.
2026-10-08T17:24:29Z INFO [937/4500] 9ab614ae-a10b-4c4a-8696-dbfb57f3b73b: cophenetic index 624; 0.6 s; peak memory 315 MiB.
2026-10-08T17:24:29Z INFO [938/4500] 9ab6f689-6c08-4b8c-a26e-697a32abb9f9: cophenetic index 2625; 0.9 s; peak memory 315 MiB.
2026-10-08T17:24:30Z INFO [939/4500] 9ab8bb6f-d17b-4e39-b69b-9f4350417ae7: cophenetic index 581; 0.5 s; peak memory 315 MiB.
2026-10-08T17:24:32Z INFO [940/4500] 9abaaace-0b6a-4a18-b2c9-211b01a36e4f: cophenetic index 13983; 1.8 s; peak memory 315 MiB.
2026-10-08T17:24:33Z INFO [941/4500] 9abb4a36-6b7a-4e52-884c-28d2658a9a42: cophenetic index 605; 0.8 s; peak memory 315 MiB.
2026-10-08T17:24:34Z INFO [942/4500] 9abd0dbb-f1f1-4e3f-90e1-3a81b2805a85: cophenetic index 1970; 1.9 s; peak memory 315 MiB.
2026-10-08T17:24:38Z INFO [943/4500] 9abd5f85-3d2f-4b81-8819-fcc8f26527ae: cophenetic index 6800; 3.4 s; peak memory 315 MiB.
2026-10-08T17:24:39Z INFO [944/4500] 9abdf221-0aee-4578-9396-f89e0476c3a4: cophenetic index 959; 1.4 s; peak memory 315 MiB.
2026-10-08T17:24:40Z INFO [945/4500] 9abe5f0a-8563-450a-8db3-558fca3e3a45: cophenetic index 2625; 0.9 s; peak memory 315 MiB.
2026-10-08T17:24:41Z INFO [946/4500] 9abe8c84-661f-44cc-ae79-3c03a96c1750: cophenetic index 1904; 0.7 s; peak memory 315 MiB.
2026-10-08T17:24:42Z INFO [947/4500] 9abf4e1a-05e2-4db2-90e8-51f532bde654: cophenetic index 37723; 1.6 s; peak memory 315 MiB.
2026-10-08T17:24:43Z INFO [948/4500] 9abfbb59-5d3f-4fff-8556-87564d69cab5: cophenetic index 624; 0.7 s; peak memory 315 MiB.
2026-10-08T17:24:47Z INFO [949/4500] 9abff967-5c4b-4b9a-a0c8-f4b136611d88: cophenetic index 83614; 3.6 s; peak memory 315 MiB.
2026-10-08T17:24:48Z INFO [950/4500] 9abfff6c-c6ef-4603-a4a7-02d0f54915d6: cophenetic index 23510; 0.9 s; peak memory 315 MiB.
2026-10-08T17:24:48Z INFO [950/4500] 9abfff6c-c6ef-4603-a4a7-02d0f54915d6: checkpointed 121374 new records.
2026-10-08T17:24:49Z INFO [951/4500] 9ac07619-a539-4635-9935-c44ff274ad11: cophenetic index 624; 0.8 s; peak memory 315 MiB.
2026-10-08T17:24:50Z INFO [952/4500] 9ac1f176-a089-4e8c-bf1f-a405e5bf374c: cophenetic index 33998; 1.4 s; peak memory 315 MiB.
2026-10-08T17:24:51Z INFO [953/4500] 9ac289dd-0ebf-4307-b41e-8bc8f5917fac: cophenetic index 1781; 0.8 s; peak memory 315 MiB.
2026-10-08T17:24:51Z INFO [954/4500] 9ac2edc7-1eac-4966-bc57-94fd9fdecc0a: cophenetic index 624; 0.7 s; peak memory 315 MiB.
2026-10-08T17:24:54Z INFO [955/4500] 9ac31037-fe21-4622-9fc1-9b9e601b4325: cophenetic index 4870; 3.0 s; peak memory 315 MiB.
2026-10-08T17:25:26Z INFO [956/4500] 9ac33e32-21d3-447a-817f-7c171144be97: cophenetic index 1923045; 31.8 s; peak memory 315 MiB.
2026-10-08T17:25:27Z INFO [957/4500] 9ac3f12a-8446-4218-831f-caaf6c29249f: cophenetic index 1973; 0.9 s; peak memory 315 MiB.
2026-10-08T17:25:28Z INFO [958/4500] 9ac4925c-2685-44bb-bffd-19f55732b662: cophenetic index 651; 0.6 s; peak memory 315 MiB.
2026-10-08T17:25:30Z INFO [959/4500] 9ac4bcfc-67c9-4f75-b0b5-417f21a1cdbe: cophenetic index 30945; 2.2 s; peak memory 315 MiB.
2026-10-08T17:25:31Z INFO [960/4500] 9ac50d9b-64b1-43ec-b9ae-1fb54e562162: cophenetic index 2625; 0.9 s; peak memory 315 MiB.
2026-10-08T17:25:31Z INFO [961/4500] 9ac6aae9-fa77-4e7e-b7bd-ebc53239da13: cophenetic index 2974; 0.7 s; peak memory 315 MiB.
2026-10-08T17:25:32Z INFO [962/4500] 9ac6c1a3-e22f-4135-a4cb-d30bdc5650d0: cophenetic index 466; 0.8 s; peak memory 315 MiB.
2026-10-08T17:25:33Z INFO [963/4500] 9ac78bdb-26af-4426-975e-27088eb32b3b: cophenetic index 1346; 1.3 s; peak memory 315 MiB.
2026-10-08T17:25:36Z INFO [964/4500] 9ac8b961-0a59-4186-a4da-d6b2c5150e42: cophenetic index 33014; 2.6 s; peak memory 315 MiB.
2026-10-08T17:25:37Z INFO [965/4500] 9ac90040-6bb3-4550-b768-49c19d9deb94: cophenetic index 99138; 1.0 s; peak memory 315 MiB.
2026-10-08T17:25:42Z INFO [966/4500] 9aca393e-dc73-4883-af45-845da8885f86: cophenetic index 182333; 5.2 s; peak memory 315 MiB.
2026-10-08T17:25:47Z INFO [967/4500] 9acab4c1-5028-4219-975f-3aa6467fd2fb: cophenetic index 131302; 4.6 s; peak memory 315 MiB.
2026-10-08T17:25:48Z INFO [968/4500] 9acafcd5-7922-4a9f-8630-5a20b8000cdf: cophenetic index 624; 0.7 s; peak memory 315 MiB.
2026-10-08T17:25:49Z INFO [969/4500] 9acb0c93-e24f-4415-975b-2150e741c63c: cophenetic index 1380; 1.0 s; peak memory 315 MiB.
2026-10-08T17:25:49Z INFO [970/4500] 9acbaad8-0064-4ad7-9b13-5587923042d5: cophenetic index 624; 0.7 s; peak memory 315 MiB.
2026-10-08T17:25:50Z INFO [971/4500] 9acc18d6-11cd-48c9-9ae9-a06639879c6d: cophenetic index 23423; 0.9 s; peak memory 315 MiB.
2026-10-08T17:25:51Z INFO [972/4500] 9acc2d38-a54e-4c5a-8b10-0e3a81e06fcf: cophenetic index 3004; 0.7 s; peak memory 315 MiB.
2026-10-08T17:25:52Z INFO [973/4500] 9accbc9c-d4c5-422c-8dd5-ad4295c9a86c: cophenetic index 624; 0.7 s; peak memory 315 MiB.
2026-10-08T17:25:52Z INFO [974/4500] 9accc3b0-40b3-4fc8-974a-42d43198125a: cophenetic index 23272; 0.7 s; peak memory 315 MiB.
2026-10-08T17:25:53Z INFO [975/4500] 9acced4f-6b15-4d8d-bb9d-85d3e4356c00: cophenetic index 624; 0.7 s; peak memory 315 MiB.
2026-10-08T17:25:54Z INFO [976/4500] 9acdb930-c073-47ad-afef-de60ff52fa60: cophenetic index 3004; 0.8 s; peak memory 315 MiB.
2026-10-08T17:25:54Z INFO [977/4500] 9ace4fdc-9337-417b-a010-f4a2a6a5432a: cophenetic index 490; 0.4 s; peak memory 315 MiB.
2026-10-08T17:25:55Z INFO [978/4500] 9ace5676-bd94-463d-8c69-d0fa0a45c5e1: cophenetic index 431; 0.7 s; peak memory 315 MiB.
2026-10-08T17:25:56Z INFO [979/4500] 9ace77d9-dd24-4386-b4de-f2793837eab2: cophenetic index 3004; 0.7 s; peak memory 315 MiB.
2026-10-08T17:25:56Z INFO [980/4500] 9ace9b01-550a-4144-87f8-03938cb2a77c: cophenetic index 624; 0.6 s; peak memory 315 MiB.
2026-10-08T17:25:57Z INFO [981/4500] 9acfb3a1-2347-4caa-a3a0-187df12ca528: cophenetic index 23272; 0.8 s; peak memory 315 MiB.
2026-10-08T17:25:58Z INFO [982/4500] 9acfc921-0d3f-459d-8810-39d6f8ed3725: cophenetic index 1087; 1.1 s; peak memory 315 MiB.
2026-10-08T17:25:59Z INFO [983/4500] 9ad015bc-6d32-4c3a-8556-345e8f7b79e7: cophenetic index 722; 1.0 s; peak memory 315 MiB.
2026-10-08T17:26:00Z INFO [984/4500] 9ad01c60-8e47-4205-83ff-944b35ad57ca: cophenetic index 624; 0.6 s; peak memory 315 MiB.
2026-10-08T17:26:02Z INFO [985/4500] 9ad0e731-0afe-427d-93d7-cded725e4db2: cophenetic index 21846; 2.3 s; peak memory 315 MiB.
2026-10-08T17:26:04Z INFO [986/4500] 9ad14d19-3b6c-4a28-a83b-253f2012a918: cophenetic index 1149; 1.9 s; peak memory 315 MiB.
2026-10-08T17:26:04Z INFO [987/4500] 9ad1638a-7f9c-4bfc-8053-23feac7ce5a4: cophenetic index 690; 0.5 s; peak memory 315 MiB.
2026-10-08T17:26:05Z INFO [988/4500] 9ad18411-0ee0-4f10-addb-fcae76fe1255: cophenetic index 13320; 0.9 s; peak memory 315 MiB.
2026-10-08T17:26:06Z INFO [989/4500] 9ad1c0cd-d109-4323-9da7-1a877f1db639: cophenetic index 3004; 0.6 s; peak memory 315 MiB.
2026-10-08T17:26:06Z INFO [990/4500] 9ad1ee58-30f1-412e-baab-ab15c97ce9f5: cophenetic index 624; 0.5 s; peak memory 315 MiB.
2026-10-08T17:26:07Z INFO [991/4500] 9ad26c4b-b77a-47c0-b1bb-12d6c69fda91: cophenetic index 624; 0.7 s; peak memory 315 MiB.
2026-10-08T17:26:08Z INFO [992/4500] 9ad33fa3-4c3d-4198-9b88-712bba7de198: cophenetic index 3004; 0.6 s; peak memory 315 MiB.
2026-10-08T17:26:09Z INFO [993/4500] 9ad44137-8adf-4605-8346-89b60410e37b: cophenetic index 2625; 0.9 s; peak memory 315 MiB.
2026-10-08T17:26:09Z INFO [994/4500] 9ad4780b-1391-45f9-923e-3556eda96c5c: cophenetic index 751; 0.5 s; peak memory 315 MiB.
2026-10-08T17:26:10Z INFO [995/4500] 9ad5e1f2-7a78-4a6b-910b-8b8d422c1245: cophenetic index 624; 0.6 s; peak memory 315 MiB.
2026-10-08T17:26:11Z INFO [996/4500] 9ad74ace-2f97-4c13-b4d1-cbc5f2c43fcb: cophenetic index 1006; 0.8 s; peak memory 315 MiB.
2026-10-08T17:26:11Z INFO [997/4500] 9ad79f7b-ba70-4f0a-bfb0-06b34ebe5702: cophenetic index 3004; 0.8 s; peak memory 315 MiB.
2026-10-08T17:26:14Z INFO [998/4500] 9ad7a231-d3fd-4ffb-ac50-f95d577240fb: cophenetic index 32635; 2.7 s; peak memory 315 MiB.
2026-10-08T17:26:14Z INFO [999/4500] 9ad802d5-b95b-462f-80dd-e7833be390b6: cophenetic index 490; 0.4 s; peak memory 315 MiB.
2026-10-08T17:26:15Z INFO [1000/4500] 9ad802dd-c123-4cbe-8d8d-a06d418756aa: cophenetic index 624; 0.6 s; peak memory 315 MiB.
2026-10-08T17:26:15Z INFO [1000/4500] 9ad802dd-c123-4cbe-8d8d-a06d418756aa: checkpointed 121424 new records.
2026-10-08T17:26:16Z INFO [1001/4500] 9ad87a1e-06a9-4e8e-af94-3dcfd96342d8: cophenetic index 624; 0.7 s; peak memory 315 MiB.
2026-10-08T17:26:16Z INFO [1002/4500] 9ad894db-15d0-4fba-a5d7-1dff64b4f57d: cophenetic index 661; 0.4 s; peak memory 315 MiB.
2026-10-08T17:26:17Z INFO [1003/4500] 9ad895db-4c6b-4070-a6a3-99fae975991a: cophenetic index 2005; 1.0 s; peak memory 315 MiB.
2026-10-08T17:26:18Z INFO [1004/4500] 9ad8f406-c701-4dfc-9786-6a73aea9e958: cophenetic index 579; 0.5 s; peak memory 315 MiB.
2026-10-08T17:26:18Z INFO [1005/4500] 9ad8fb09-d576-4888-ae69-aacdae660d5b: cophenetic index 649; 0.7 s; peak memory 315 MiB.
2026-10-08T17:26:19Z INFO [1006/4500] 9ad91ee0-0ad7-4be7-8d30-17acc031f0d9: cophenetic index 490; 0.5 s; peak memory 315 MiB.
2026-10-08T17:26:20Z INFO [1007/4500] 9ad9bf43-e065-4408-9fa7-ba6779a3eda8: cophenetic index 624; 0.8 s; peak memory 315 MiB.
2026-10-08T17:26:22Z INFO [1008/4500] 9ad9ef66-8506-4782-a496-65e0d4d127b4: cophenetic index 6412; 2.6 s; peak memory 315 MiB.
2026-10-08T17:26:23Z INFO [1009/4500] 9ada12d5-b4c5-4bf6-9992-fc3a5c2b4ad4: cophenetic index 1570; 0.9 s; peak memory 315 MiB.
2026-10-08T17:26:24Z INFO [1010/4500] 9ada827a-8a79-4e64-b0f6-da27008fbde7: cophenetic index 624; 0.6 s; peak memory 315 MiB.
2026-10-08T17:26:25Z INFO [1011/4500] 9adbea9e-9f4c-4195-9600-2d5fa910ed8a: cophenetic index 2625; 1.1 s; peak memory 315 MiB.
2026-10-08T17:26:26Z INFO [1012/4500] 9adc5bd7-a752-4cef-a5cf-e457b835e32a: cophenetic index 624; 0.6 s; peak memory 315 MiB.
2026-10-08T17:27:41Z INFO [1013/4500] 9adc6ba2-311d-48d6-8771-bee1ec0de0fa: cophenetic index 36030552; 75.3 s; peak memory 377 MiB.
2026-10-08T17:27:41Z INFO [1014/4500] 9adc95af-fc4c-4eeb-ac0f-83106f30eeaf: cophenetic index 624; 0.6 s; peak memory 377 MiB.
2026-10-08T17:27:42Z INFO [1015/4500] 9adcd790-2ff6-4cc3-a42a-6be1f62343fa: cophenetic index 490; 0.5 s; peak memory 377 MiB.
2026-10-08T17:27:43Z INFO [1016/4500] 9ade648f-5926-447c-b157-8487bfd6a49a: cophenetic index 23393; 0.7 s; peak memory 377 MiB.
2026-10-08T17:27:44Z INFO [1017/4500] 9ade8cb1-5098-4f97-b73e-450b33d19763: cophenetic index 2625; 1.0 s; peak memory 377 MiB.
2026-10-08T17:27:46Z INFO [1018/4500] 9adea37b-0454-4b00-81d3-0801ba0b8837: cophenetic index 8258; 1.9 s; peak memory 377 MiB.
2026-10-08T17:27:46Z INFO [1019/4500] 9adef8dc-8456-402a-9951-c9fb2b67496c: cophenetic index 1570; 0.9 s; peak memory 377 MiB.
2026-10-08T17:27:47Z INFO [1020/4500] 9adf678c-bb15-4d1b-8c75-232af11f3e68: cophenetic index 624; 0.8 s; peak memory 377 MiB.
2026-10-08T17:27:48Z INFO [1021/4500] 9adfc2f7-91f8-4a25-8eab-f696e9689110: cophenetic index 624; 0.6 s; peak memory 377 MiB.
2026-10-08T17:27:49Z INFO [1022/4500] 9ae0bd10-ea09-4793-bd86-9fe71aeae211: cophenetic index 2974; 0.8 s; peak memory 377 MiB.
2026-10-08T17:27:49Z INFO [1023/4500] 9ae0cbb3-8184-4c43-b734-26fdfaf054c7: cophenetic index 2974; 0.7 s; peak memory 377 MiB.
2026-10-08T17:27:50Z INFO [1024/4500] 9ae14aff-18eb-4fa6-b02a-8a39023c63fb: cophenetic index 2625; 1.1 s; peak memory 377 MiB.
2026-10-08T17:27:51Z INFO [1025/4500] 9ae37600-2cc9-4aa2-875b-e16ded5b22c7: cophenetic index 624; 0.7 s; peak memory 377 MiB.
2026-10-08T17:27:52Z INFO [1026/4500] 9ae4081e-4838-4a2d-aa05-5b46edf92b8c: cophenetic index 624; 0.6 s; peak memory 377 MiB.
2026-10-08T17:27:52Z INFO [1027/4500] 9ae4135d-6d85-4ac3-8892-abac09a38d95: cophenetic index 2923; 0.7 s; peak memory 377 MiB.
2026-10-08T17:27:53Z INFO [1028/4500] 9ae496c4-8017-4f38-9686-4c50f8f4729d: cophenetic index 633; 0.4 s; peak memory 377 MiB.
2026-10-08T17:27:55Z INFO [1029/4500] 9ae4ba09-833d-473a-aac4-e40ef4f4cd35: cophenetic index 34658; 1.7 s; peak memory 377 MiB.
2026-10-08T17:27:56Z INFO [1030/4500] 9ae5ca14-ef05-4942-87a6-b560377522d5: cophenetic index 3243; 1.8 s; peak memory 377 MiB.
2026-10-08T17:27:57Z INFO [1031/4500] 9ae6b730-05be-4aaf-856c-aa69abd0c597: cophenetic index 624; 0.6 s; peak memory 377 MiB.
2026-10-08T17:27:58Z INFO [1032/4500] 9ae81b6c-3ec0-4b38-8bc1-7135de751f3a: cophenetic index 624; 0.6 s; peak memory 377 MiB.
2026-10-08T17:28:03Z INFO [1033/4500] 9ae83761-5a65-44d6-ab70-ac2145010c8a: cophenetic index 144032; 5.0 s; peak memory 377 MiB.
2026-10-08T17:28:03Z INFO [1034/4500] 9ae899bd-4dff-4f7f-b5a9-fbe4760c33c0: cophenetic index 3087; 0.7 s; peak memory 377 MiB.
2026-10-08T17:28:04Z INFO [1035/4500] 9ae8b28e-aa46-43f5-a215-1e618f45ce97: cophenetic index 3057; 0.6 s; peak memory 377 MiB.
2026-10-08T17:28:05Z INFO [1036/4500] 9ae8fef4-4e84-4940-97ed-69fbac292e6f: cophenetic index 624; 0.7 s; peak memory 377 MiB.
2026-10-08T17:28:09Z INFO [1037/4500] 9aeaff54-17c9-4d20-89fb-f40108dc97ec: cophenetic index 29624; 4.8 s; peak memory 377 MiB.
2026-10-08T17:28:10Z INFO [1038/4500] 9aeb7198-ad47-4a65-9d10-6289a93af508: cophenetic index 33986; 0.8 s; peak memory 377 MiB.
2026-10-08T17:28:11Z INFO [1039/4500] 9aec1bed-472a-4683-8d9a-ce2b62c4862d: cophenetic index 517; 0.6 s; peak memory 377 MiB.
2026-10-08T17:28:11Z INFO [1040/4500] 9aec35de-f0d0-44ba-84c6-e6fc55821539: cophenetic index 581; 0.6 s; peak memory 377 MiB.
2026-10-08T17:28:12Z INFO [1041/4500] 9aec56d2-dcc4-4804-8bf4-064fafe322ee: cophenetic index 624; 0.7 s; peak memory 377 MiB.
2026-10-08T17:28:16Z INFO [1042/4500] 9aecac5d-8802-4bca-8484-b2dd34f24a8b: cophenetic index 10387; 4.3 s; peak memory 377 MiB.
2026-10-08T17:28:22Z INFO [1043/4500] 9aed334d-fd93-41c5-9df5-170213246296: cophenetic index 153741; 5.6 s; peak memory 377 MiB.
2026-10-08T17:28:23Z INFO [1044/4500] 9aed37c4-cc2e-4fd5-845c-6c352d0260a6: cophenetic index 41788; 1.1 s; peak memory 377 MiB.
2026-10-08T17:28:24Z INFO [1045/4500] 9aed7c6a-e9e0-48e2-9c99-9184bb2cdb42: cophenetic index 33962; 0.9 s; peak memory 377 MiB.
2026-10-08T17:28:25Z INFO [1046/4500] 9aed7d30-d9e5-40cc-840e-502cc319aa4c: cophenetic index 2625; 1.0 s; peak memory 377 MiB.
2026-10-08T17:28:26Z INFO [1047/4500] 9aee13ee-ee9c-4663-b33e-41d475b05e32: cophenetic index 560; 0.5 s; peak memory 377 MiB.
2026-10-08T17:29:00Z INFO [1048/4500] 9aee338a-c71a-4c69-a616-6c7dec220263: cophenetic index 28022458; 34.7 s; peak memory 377 MiB.
2026-10-08T17:29:01Z INFO [1049/4500] 9aeecb61-11ac-4fbe-8d8d-8389ecff4689: cophenetic index 624; 0.7 s; peak memory 377 MiB.
2026-10-08T17:29:08Z INFO [1050/4500] 9aeeeb13-7135-4a28-8c77-1990d9f21875: cophenetic index 72176; 6.7 s; peak memory 377 MiB.
2026-10-08T17:29:08Z INFO [1050/4500] 9aeeeb13-7135-4a28-8c77-1990d9f21875: checkpointed 121474 new records.
2026-10-08T17:29:09Z INFO [1051/4500] 9aef5b67-5428-483f-b1af-85a902e964ba: cophenetic index 3087; 0.7 s; peak memory 377 MiB.
2026-10-08T17:29:14Z INFO [1052/4500] 9aef6374-c020-4e28-9156-a6f6b7c52af9: cophenetic index 132303; 5.8 s; peak memory 377 MiB.
2026-10-08T17:29:15Z INFO [1053/4500] 9aef74e3-7d86-4d7f-9a1c-138b102d9b68: cophenetic index 494; 0.6 s; peak memory 377 MiB.
2026-10-08T17:29:15Z INFO [1054/4500] 9aefe2fc-d0bb-4b15-9211-93393e5c46d2: cophenetic index 579; 0.4 s; peak memory 377 MiB.
2026-10-08T17:29:16Z INFO [1055/4500] 9af0d879-3b21-46af-b117-e79cf0c582d9: cophenetic index 646; 0.5 s; peak memory 377 MiB.
2026-10-08T17:29:18Z INFO [1056/4500] 9af1d726-ff8c-41bb-bebe-ea625b69a314: cophenetic index 1970; 1.9 s; peak memory 377 MiB.
2026-10-08T17:29:19Z INFO [1057/4500] 9af22fe3-f1ad-443a-be0b-f8d476995c14: cophenetic index 3004; 0.8 s; peak memory 377 MiB.
2026-10-08T17:29:19Z INFO [1058/4500] 9af26326-f3f1-4a40-83ec-ddb7ac466606: cophenetic index 624; 0.7 s; peak memory 377 MiB.
2026-10-08T17:29:24Z INFO [1059/4500] 9af2e085-833a-4fd8-baa8-88163a1d6543: cophenetic index 6715; 4.7 s; peak memory 377 MiB.
2026-10-08T17:29:26Z INFO [1060/4500] 9af3ee2c-1ca7-4230-b39b-51cde77d63b2: cophenetic index 3548; 2.4 s; peak memory 377 MiB.
2026-10-08T17:29:27Z INFO [1061/4500] 9af42ed9-1e6b-4021-83eb-c008e6aa2400: cophenetic index 2625; 0.9 s; peak memory 377 MiB.
2026-10-08T17:29:28Z INFO [1062/4500] 9af46651-d4da-4196-9710-5d07c7c6d1f8: cophenetic index 2625; 1.1 s; peak memory 377 MiB.
2026-10-08T17:29:30Z INFO [1063/4500] 9af4b62b-06ae-4e90-bd35-bf87c727ea5a: cophenetic index 2273; 1.0 s; peak memory 377 MiB.
2026-10-08T17:29:30Z INFO [1064/4500] 9af61586-743a-472b-bf1f-63a509c10d47: cophenetic index 1006; 0.9 s; peak memory 377 MiB.
2026-10-08T17:29:32Z INFO [1065/4500] 9af7acc2-ce03-4a13-827d-b9a4ae0ca49a: cophenetic index 327531; 1.9 s; peak memory 377 MiB.
2026-10-08T17:29:35Z INFO [1066/4500] 9af83d26-0882-4c0c-adf0-74b04bb2f6ac: cophenetic index 15476; 2.7 s; peak memory 377 MiB.
2026-10-08T17:29:40Z INFO [1067/4500] 9af87554-8b94-44ce-a738-41757bb70d7d: cophenetic index 298132; 4.9 s; peak memory 377 MiB.
2026-10-08T17:29:41Z INFO [1068/4500] 9af8e44f-b311-4d1d-a044-d0540ed80414: cophenetic index 560; 0.6 s; peak memory 377 MiB.
2026-10-08T17:29:41Z INFO [1069/4500] 9af904fd-7dba-4ae4-91ff-b12314911c53: cophenetic index 2974; 0.9 s; peak memory 377 MiB.
2026-10-08T17:29:42Z INFO [1070/4500] 9af9e483-428c-4338-a13a-c45b0e512e70: cophenetic index 2625; 1.0 s; peak memory 377 MiB.
2026-10-08T17:29:43Z INFO [1071/4500] 9afa1d58-65c2-41aa-ac1f-94dc41ba348c: cophenetic index 624; 0.7 s; peak memory 377 MiB.
2026-10-08T17:29:44Z INFO [1072/4500] 9afa3e1c-5572-46da-8825-252669240bb1: cophenetic index 624; 0.7 s; peak memory 377 MiB.
2026-10-08T17:29:45Z INFO [1073/4500] 9afb6d11-85e7-48fc-ace9-50ce5577fe06: cophenetic index 2625; 0.8 s; peak memory 377 MiB.
2026-10-08T17:29:45Z INFO [1074/4500] 9afba162-bd55-4d9f-8e5a-52efcb79834b: cophenetic index 33968; 0.9 s; peak memory 377 MiB.
2026-10-08T17:29:46Z INFO [1075/4500] 9afc2284-bc18-4fc0-b8b3-9786ce86ec3f: cophenetic index 3004; 0.9 s; peak memory 377 MiB.
2026-10-08T17:29:47Z INFO [1076/4500] 9afc72f1-5ac5-4ddf-b55f-bb14bf591d42: cophenetic index 624; 0.6 s; peak memory 377 MiB.
2026-10-08T17:29:48Z INFO [1077/4500] 9afd83a7-cf2b-4227-b800-a97e3ad57936: cophenetic index 36406; 1.0 s; peak memory 377 MiB.
2026-10-08T17:29:52Z INFO [1078/4500] 9afe0e5d-3555-4cce-a167-e708dbfcfc98: cophenetic index 96038; 4.0 s; peak memory 377 MiB.
2026-10-08T17:29:53Z INFO [1079/4500] 9afe87b1-c6c9-48e3-838f-8cfc9d331c22: cophenetic index 23794; 1.1 s; peak memory 377 MiB.
2026-10-08T17:29:54Z INFO [1080/4500] 9afea9aa-21f8-463c-b964-50c1457cf406: cophenetic index 1739; 1.0 s; peak memory 377 MiB.
2026-10-08T17:29:55Z INFO [1081/4500] 9afeeb7d-03c6-4e64-880e-5fc129d8a65f: cophenetic index 624; 0.6 s; peak memory 377 MiB.
2026-10-08T17:29:55Z INFO [1082/4500] 9aff0521-7c71-4764-92f3-6b7efc2bcc28: cophenetic index 624; 0.7 s; peak memory 377 MiB.
2026-10-08T17:29:56Z INFO [1083/4500] 9aff544a-c1de-4360-8acd-5fec41d9e2b0: cophenetic index 649; 0.7 s; peak memory 377 MiB.
2026-10-08T17:29:57Z INFO [1084/4500] 9aff8e97-2bc0-4815-afb0-5332bf3421ea: cophenetic index 930; 1.2 s; peak memory 377 MiB.
2026-10-08T17:29:59Z INFO [1085/4500] 9b0252fe-3d6a-4c00-9a57-30a095389795: cophenetic index 34658; 2.0 s; peak memory 377 MiB.
2026-10-08T17:30:01Z INFO [1086/4500] 9b02b89e-77c3-4cf9-998b-fd7427d7e672: cophenetic index 5473; 2.1 s; peak memory 377 MiB.
2026-10-08T17:30:02Z INFO [1087/4500] 9b0352f4-3d18-4288-b40e-284a3a0d5eac: cophenetic index 30304; 1.0 s; peak memory 377 MiB.
2026-10-08T17:30:06Z INFO [1088/4500] 9b04a0cb-e98b-4b15-b51c-af32c8653ce5: cophenetic index 150942; 3.5 s; peak memory 377 MiB.
2026-10-08T17:30:06Z INFO [1089/4500] 9b052a3b-6667-4b51-8852-dced7dca29f4: cophenetic index 490; 0.3 s; peak memory 377 MiB.
2026-10-08T17:30:07Z INFO [1090/4500] 9b067261-1307-46a7-a1ff-a72cb596b57d: cophenetic index 1087; 0.9 s; peak memory 377 MiB.
2026-10-08T17:30:08Z INFO [1091/4500] 9b06e7a0-a81b-40d7-bb11-13f725251f12: cophenetic index 624; 0.7 s; peak memory 377 MiB.
2026-10-08T17:30:09Z INFO [1092/4500] 9b072618-1293-4b62-a913-3b5cbbaed61f: cophenetic index 624; 0.6 s; peak memory 377 MiB.
2026-10-08T17:30:09Z INFO [1093/4500] 9b075188-806d-43d5-9ad0-360aca41b128: cophenetic index 624; 0.8 s; peak memory 377 MiB.
2026-10-08T17:30:13Z INFO [1094/4500] 9b076b00-680f-44de-a1df-e4036820dd58: cophenetic index 5466; 3.8 s; peak memory 377 MiB.
2026-10-08T17:30:14Z INFO [1095/4500] 9b088f47-583a-434e-9304-1d6f6c6f64cb: cophenetic index 605; 0.8 s; peak memory 377 MiB.
2026-10-08T17:30:16Z INFO [1096/4500] 9b08e2d4-e1bc-4105-be60-fb4e4c0bb65a: cophenetic index 1733; 1.7 s; peak memory 377 MiB.
2026-10-08T17:30:16Z INFO [1097/4500] 9b0908a6-8027-44ee-bb87-77a3fbb4759e: cophenetic index 624; 0.7 s; peak memory 377 MiB.
2026-10-08T17:30:17Z INFO [1098/4500] 9b094623-3365-454e-815f-09f4bb9d3f91: cophenetic index 560; 0.6 s; peak memory 377 MiB.
2026-10-08T17:30:18Z INFO [1099/4500] 9b0971bb-f4d4-4a4d-91a4-7fff15c35e63: cophenetic index 2496; 0.9 s; peak memory 377 MiB.
2026-10-08T17:30:24Z INFO [1100/4500] 9b0aa744-0fca-4b28-8c84-34005d507786: cophenetic index 470109; 6.1 s; peak memory 377 MiB.
2026-10-08T17:30:24Z INFO [1100/4500] 9b0aa744-0fca-4b28-8c84-34005d507786: checkpointed 121524 new records.
2026-10-08T17:30:26Z INFO [1101/4500] 9b0bb9e3-fa70-416d-b37b-e2a0a782e693: cophenetic index 33998; 1.5 s; peak memory 377 MiB.
2026-10-08T17:30:26Z INFO [1102/4500] 9b0c1b3a-df6a-4397-896e-2808901815f3: cophenetic index 624; 0.7 s; peak memory 377 MiB.
2026-10-08T17:30:27Z INFO [1103/4500] 9b0d8f84-9326-4e25-a00f-257b30e8f549: cophenetic index 2625; 0.9 s; peak memory 377 MiB.
2026-10-08T17:30:35Z INFO [1104/4500] 9b0e0f64-1ad6-41fa-b679-d96f5ab6d3ff: cophenetic index 49912; 7.3 s; peak memory 377 MiB.
2026-10-08T17:30:35Z INFO [1105/4500] 9b0eaffd-0ec2-4390-b07c-1e68dd1c1502: cophenetic index 26986; 0.9 s; peak memory 377 MiB.
2026-10-08T17:30:36Z INFO [1106/4500] 9b1185ca-1b86-48ea-8031-25a2648b1785: cophenetic index 624; 0.7 s; peak memory 377 MiB.
2026-10-08T17:30:37Z INFO [1107/4500] 9b11e335-d3d0-402b-b898-5e2e5f64f9c2: cophenetic index 33986; 0.9 s; peak memory 377 MiB.
2026-10-08T17:30:38Z INFO [1108/4500] 9b1206d1-9093-403d-8ea8-929905598c39: cophenetic index 692; 0.9 s; peak memory 377 MiB.
2026-10-08T17:30:40Z INFO [1109/4500] 9b12b8ad-bd23-4e65-9b0e-7f54f9469489: cophenetic index 2402; 1.7 s; peak memory 377 MiB.
2026-10-08T17:30:45Z INFO [1110/4500] 9b1491b1-c6c6-4c37-8381-567dbaae4358: cophenetic index 236649; 5.2 s; peak memory 377 MiB.
2026-10-08T17:30:45Z INFO [1111/4500] 9b14e7b6-2473-4887-8fbb-59668964499d: cophenetic index 624; 0.5 s; peak memory 377 MiB.
2026-10-08T17:30:46Z INFO [1112/4500] 9b159dd8-f9a2-4459-9cf8-a8224ed5e2e5: cophenetic index 490; 0.5 s; peak memory 377 MiB.
2026-10-08T17:30:51Z INFO [1113/4500] 9b163c04-2f33-485f-9c3f-15210a93f322: cophenetic index 6715; 4.7 s; peak memory 377 MiB.
2026-10-08T17:30:52Z INFO [1114/4500] 9b176863-de81-4dda-be94-9059bc55a55e: cophenetic index 3004; 0.9 s; peak memory 377 MiB.
2026-10-08T17:30:52Z INFO [1115/4500] 9b17f2b0-b8a7-4d82-ab30-f0ca083dea1a: cophenetic index 3004; 0.8 s; peak memory 377 MiB.
2026-10-08T17:30:53Z INFO [1116/4500] 9b18f191-512b-4f9b-a42a-5f4905565c75: cophenetic index 401; 0.6 s; peak memory 377 MiB.
2026-10-08T17:30:53Z INFO [1117/4500] 9b19247d-9884-4e63-9a4e-aee62deae16e: cophenetic index 624; 0.6 s; peak memory 377 MiB.
2026-10-08T17:30:54Z INFO [1118/4500] 9b1974af-066c-4df0-a9fc-a017134accde: cophenetic index 1848; 0.5 s; peak memory 377 MiB.
2026-10-08T17:30:55Z INFO [1119/4500] 9b19ec2b-2d49-4db1-9377-9472d87faf6e: cophenetic index 624; 0.6 s; peak memory 377 MiB.
2026-10-08T17:30:55Z INFO [1120/4500] 9b1aa36e-8158-4e37-8cd9-10df4960a586: cophenetic index 624; 0.6 s; peak memory 377 MiB.
2026-10-08T17:30:56Z INFO [1121/4500] 9b1b1487-1579-4886-a1ef-53cc912499cd: cophenetic index 646; 0.5 s; peak memory 377 MiB.
2026-10-08T17:30:56Z INFO [1122/4500] 9b1b52f8-c3f6-453b-a650-2de885f39adc: cophenetic index 624; 0.7 s; peak memory 377 MiB.
2026-10-08T17:30:57Z INFO [1123/4500] 9b1b7783-6c03-4295-b2f6-dba00712fb1a: cophenetic index 613; 1.0 s; peak memory 377 MiB.
2026-10-08T17:30:58Z INFO [1124/4500] 9b1cc963-3e8b-4be9-a143-159b99194263: cophenetic index 937; 1.0 s; peak memory 377 MiB.
2026-10-08T17:30:59Z INFO [1125/4500] 9b1d0c28-0c0f-4480-bb5c-75cc9117e55b: cophenetic index 2625; 0.8 s; peak memory 377 MiB.
2026-10-08T17:31:00Z INFO [1126/4500] 9b1d10bb-a19a-4a14-9a7a-0e33dd4583a8: cophenetic index 722; 0.8 s; peak memory 377 MiB.
2026-10-08T17:31:02Z INFO [1127/4500] 9b1d7341-6992-4e18-853f-9031645ae521: cophenetic index 99810; 1.8 s; peak memory 377 MiB.
2026-10-08T17:31:02Z INFO [1128/4500] 9b1d8aad-5b4c-49e1-baa3-026f0e1f5e81: cophenetic index 2840; 0.6 s; peak memory 377 MiB.
2026-10-08T17:32:21Z INFO [1129/4500] 9b1da32a-0b1f-4e23-b40f-9a5db6ca4d37: cophenetic index 68560106; 79.0 s; peak memory 451 MiB.
2026-10-08T17:32:22Z INFO [1130/4500] 9b1e100b-8f3d-4ec9-80c6-f9584916f710: cophenetic index 624; 0.8 s; peak memory 451 MiB.
2026-10-08T17:32:23Z INFO [1131/4500] 9b1e76ed-16ed-4e2f-94ab-d93ce52d09eb: cophenetic index 3004; 0.8 s; peak memory 451 MiB.
2026-10-08T17:32:24Z INFO [1132/4500] 9b1ec989-d312-40f6-9e57-74adcb1ee502: cophenetic index 3192; 0.8 s; peak memory 451 MiB.
2026-10-08T17:32:25Z INFO [1133/4500] 9b1ed35c-7829-4c26-b5b5-eeab718d6183: cophenetic index 1087; 1.0 s; peak memory 451 MiB.
2026-10-08T17:32:25Z INFO [1134/4500] 9b1f16f7-3bf1-4e21-b254-b13abb67342d: cophenetic index 649; 0.6 s; peak memory 451 MiB.
2026-10-08T17:32:26Z INFO [1135/4500] 9b1fb8ea-79ce-4797-9631-68e13ed8fc67: cophenetic index 573; 0.9 s; peak memory 451 MiB.
2026-10-08T17:32:27Z INFO [1136/4500] 9b20c118-88e8-4c17-80f8-ba0a62e5b585: cophenetic index 3004; 0.7 s; peak memory 451 MiB.
2026-10-08T17:32:28Z INFO [1137/4500] 9b21ee33-c5eb-4a7f-9f7b-f067acd6a475: cophenetic index 2625; 0.9 s; peak memory 451 MiB.
2026-10-08T17:32:29Z INFO [1138/4500] 9b2298b7-bfa5-4a8a-8923-8e2f83a7f8f7: cophenetic index 624; 0.6 s; peak memory 451 MiB.
2026-10-08T17:32:29Z INFO [1139/4500] 9b23e63a-e167-4e38-aa70-1f258e7083c8: cophenetic index 560; 0.6 s; peak memory 451 MiB.
2026-10-08T17:32:32Z INFO [1140/4500] 9b241ed0-937e-495f-b491-ce8c9bc0a03e: cophenetic index 47498; 3.2 s; peak memory 451 MiB.
2026-10-08T17:32:33Z INFO [1141/4500] 9b258161-3ae6-45a9-a31e-32c0a18a41d9: cophenetic index 624; 0.6 s; peak memory 451 MiB.
2026-10-08T17:32:34Z INFO [1142/4500] 9b259f9f-fec1-4821-b35f-e37bba260f46: cophenetic index 624; 0.8 s; peak memory 451 MiB.
2026-10-08T17:32:35Z INFO [1143/4500] 9b26a4de-da27-4006-ab4a-8c4b220a0618: cophenetic index 3087; 0.7 s; peak memory 451 MiB.
2026-10-08T17:32:35Z INFO [1144/4500] 9b26a9a9-2cba-46e7-8a19-8071f7825c2d: cophenetic index 560; 0.7 s; peak memory 451 MiB.
2026-10-08T17:32:36Z INFO [1145/4500] 9b26c43e-d676-4dc7-a681-1d6f79da1fba: cophenetic index 2779; 0.7 s; peak memory 451 MiB.
2026-10-08T17:32:40Z INFO [1146/4500] 9b26f0d2-ae20-43db-b44d-ad9f88c88a83: cophenetic index 9548; 3.9 s; peak memory 451 MiB.
2026-10-08T17:32:41Z INFO [1147/4500] 9b270a12-5ae2-4452-83ad-79d7655514b0: cophenetic index 33998; 1.4 s; peak memory 451 MiB.
2026-10-08T17:32:42Z INFO [1148/4500] 9b270af9-7fbf-4c38-9e5e-db0c07d3d3d2: cophenetic index 3004; 0.8 s; peak memory 451 MiB.
2026-10-08T17:32:43Z INFO [1149/4500] 9b2778ae-dc01-47ec-985d-d3c006235536: cophenetic index 605; 0.9 s; peak memory 451 MiB.
2026-10-08T17:32:43Z INFO [1150/4500] 9b27e2e8-7ff7-4f31-a06a-d584efff8520: cophenetic index 479; 0.6 s; peak memory 451 MiB.
2026-10-08T17:32:44Z INFO [1150/4500] 9b27e2e8-7ff7-4f31-a06a-d584efff8520: checkpointed 121574 new records.
2026-10-08T17:32:44Z INFO [1151/4500] 9b28486c-dcdb-4f7a-a191-215baca7c6b9: cophenetic index 624; 0.7 s; peak memory 451 MiB.
2026-10-08T17:32:45Z INFO [1152/4500] 9b28fab6-647a-40e7-b200-83b0a9b2c785: cophenetic index 490; 0.4 s; peak memory 451 MiB.
2026-10-08T17:32:47Z INFO [1153/4500] 9b2986e0-f891-4d46-aecd-a03abd47523c: cophenetic index 17502; 2.1 s; peak memory 451 MiB.
2026-10-08T17:32:48Z INFO [1154/4500] 9b29951d-8f47-4b33-bccf-d46e0ae82f83: cophenetic index 3004; 0.7 s; peak memory 451 MiB.
2026-10-08T17:32:48Z INFO [1155/4500] 9b2c0f98-3d83-47c8-8080-5e55c67b4bd6: cophenetic index 624; 0.6 s; peak memory 451 MiB.
2026-10-08T17:32:49Z INFO [1156/4500] 9b2c4e0b-b76f-4ce3-9f61-8e86b659911e: cophenetic index 1042; 0.7 s; peak memory 451 MiB.
2026-10-08T17:32:50Z INFO [1157/4500] 9b2cc0a4-8640-4997-909b-ff2a84819e02: cophenetic index 566; 1.4 s; peak memory 451 MiB.
2026-10-08T17:32:52Z INFO [1158/4500] 9b2d53b1-061d-44f1-9560-7db8f3113ff4: cophenetic index 99150; 1.4 s; peak memory 451 MiB.
2026-10-08T17:32:53Z INFO [1159/4500] 9b2d5967-5a9c-43a2-8c1b-721bc2195994: cophenetic index 33986; 0.9 s; peak memory 451 MiB.
2026-10-08T17:32:54Z INFO [1160/4500] 9b2db296-dfe0-4c67-8365-aa8acb47f0a9: cophenetic index 3057; 0.9 s; peak memory 451 MiB.
2026-10-08T17:33:01Z INFO [1161/4500] 9b2dc095-a947-4007-9f56-e491744282ad: cophenetic index 49912; 7.0 s; peak memory 451 MiB.
2026-10-08T17:33:02Z INFO [1162/4500] 9b2df014-9458-41ff-90e6-220328eb86d7: cophenetic index 2625; 1.2 s; peak memory 451 MiB.
2026-10-08T17:33:03Z INFO [1163/4500] 9b2e260e-354a-46d0-aa3a-9554df432192: cophenetic index 2625; 1.0 s; peak memory 451 MiB.
2026-10-08T17:33:03Z INFO [1164/4500] 9b2e77d6-da86-4162-ad2c-2edc8ac230d5: cophenetic index 624; 0.7 s; peak memory 451 MiB.
2026-10-08T17:33:05Z INFO [1165/4500] 9b2e86fd-526b-4df1-8bcb-424c616d91f9: cophenetic index 33998; 1.1 s; peak memory 451 MiB.
2026-10-08T17:33:09Z INFO [1166/4500] 9b2e96b3-7d31-4161-89e6-08c39c01c746: cophenetic index 6591; 4.3 s; peak memory 451 MiB.
2026-10-08T17:33:10Z INFO [1167/4500] 9b2eb883-1f43-4cf9-9bcb-a5c25e88ae92: cophenetic index 624; 0.8 s; peak memory 451 MiB.
2026-10-08T17:33:10Z INFO [1168/4500] 9b2eed91-28c2-4f2b-8302-7cf7e071a054: cophenetic index 431; 0.8 s; peak memory 451 MiB.
2026-10-08T17:33:11Z INFO [1169/4500] 9b2f060b-1517-4b0a-acd1-e760c00e375f: cophenetic index 2625; 0.8 s; peak memory 451 MiB.
2026-10-08T17:33:12Z INFO [1170/4500] 9b313daf-d1bb-44a0-9077-97a5c4d02b6b: cophenetic index 657; 0.6 s; peak memory 451 MiB.
2026-10-08T17:33:12Z INFO [1171/4500] 9b315bf3-6994-40d1-a862-86ec32504374: cophenetic index 624; 0.6 s; peak memory 451 MiB.
2026-10-08T17:33:13Z INFO [1172/4500] 9b323b1a-5229-46d5-b48d-b08a9064eeec: cophenetic index 624; 0.8 s; peak memory 451 MiB.
2026-10-08T17:33:14Z INFO [1173/4500] 9b325885-a893-463e-935d-0d1b7f58b00b: cophenetic index 3004; 0.6 s; peak memory 451 MiB.
2026-10-08T17:33:15Z INFO [1174/4500] 9b33daa7-8771-48d7-964a-5c8ae136d086: cophenetic index 23206; 0.8 s; peak memory 451 MiB.
2026-10-08T17:33:16Z INFO [1175/4500] 9b33e853-6daa-4ab7-95c9-49e2e53306d1: cophenetic index 33998; 0.9 s; peak memory 451 MiB.
2026-10-08T17:33:16Z INFO [1176/4500] 9b344b77-4cac-4247-a916-52e6bcfd8a54: cophenetic index 3004; 0.7 s; peak memory 451 MiB.
2026-10-08T17:33:18Z INFO [1177/4500] 9b346132-3a3e-4235-8819-ea8cfd6c6884: cophenetic index 1614; 1.3 s; peak memory 451 MiB.
2026-10-08T17:33:18Z INFO [1178/4500] 9b34e8d9-a530-4786-930a-72ce44e7bae4: cophenetic index 23960; 0.8 s; peak memory 451 MiB.
2026-10-08T17:33:30Z INFO [1179/4500] 9b356ecb-0b64-4122-b016-9cb9e884d9f8: cophenetic index 705719; 11.6 s; peak memory 451 MiB.
2026-10-08T17:33:32Z INFO [1180/4500] 9b357baa-5347-4b93-9f99-ce1170ae6bc6: cophenetic index 5473; 2.2 s; peak memory 451 MiB.
2026-10-08T17:33:33Z INFO [1181/4500] 9b35ac97-5a90-4b52-884e-aaadb035c2b5: cophenetic index 23272; 0.9 s; peak memory 451 MiB.
2026-10-08T17:33:34Z INFO [1182/4500] 9b366772-f64c-4417-a7fc-4ea169876240: cophenetic index 624; 0.8 s; peak memory 451 MiB.
2026-10-08T17:33:35Z INFO [1183/4500] 9b367dc0-d481-4083-a0b5-425882f8bcdd: cophenetic index 624; 0.7 s; peak memory 451 MiB.
2026-10-08T17:33:35Z INFO [1184/4500] 9b36b9d5-bc61-4ee6-9049-307dc592ae70: cophenetic index 33818; 0.8 s; peak memory 451 MiB.
2026-10-08T17:33:37Z INFO [1185/4500] 9b374b11-271b-49db-8f49-75e6b3929724: cophenetic index 33998; 1.7 s; peak memory 451 MiB.
2026-10-08T17:33:38Z INFO [1186/4500] 9b37ddfd-0c5b-48f4-a358-1ab77856757d: cophenetic index 624; 0.6 s; peak memory 451 MiB.
2026-10-08T17:33:39Z INFO [1187/4500] 9b3a0d39-2ce8-47e5-b9ac-c850988c052b: cophenetic index 624; 0.8 s; peak memory 451 MiB.
2026-10-08T17:33:39Z INFO [1188/4500] 9b3be767-d67c-4995-94c1-26600d161b9e: cophenetic index 1042; 0.9 s; peak memory 451 MiB.
2026-10-08T17:33:40Z INFO [1189/4500] 9b3ca5c7-76a3-463c-8b49-41966b230def: cophenetic index 2625; 0.9 s; peak memory 451 MiB.
2026-10-08T17:33:41Z INFO [1190/4500] 9b3cf330-b149-408a-8eb1-af5cca972638: cophenetic index 164; 0.4 s; peak memory 451 MiB.
2026-10-08T17:33:42Z INFO [1191/4500] 9b3d4435-abea-46f8-ba50-feb9ed352a7e: cophenetic index 385; 0.7 s; peak memory 451 MiB.
2026-10-08T17:33:42Z INFO [1192/4500] 9b3d56d3-9b2c-4033-832f-bef71f8927b9: cophenetic index 3087; 0.8 s; peak memory 451 MiB.
2026-10-08T17:33:43Z INFO [1193/4500] 9b3e9cdb-d79d-42c3-9992-132ed8961604: cophenetic index 793; 1.0 s; peak memory 451 MiB.
2026-10-08T17:33:44Z INFO [1194/4500] 9b3fc3c2-01fc-428f-930a-c75f8a794fc8: cophenetic index 3087; 0.7 s; peak memory 451 MiB.
2026-10-08T17:33:45Z INFO [1195/4500] 9b405880-75bf-4eb7-af92-4c15073c7006: cophenetic index 23975; 0.7 s; peak memory 451 MiB.
2026-10-08T17:33:46Z INFO [1196/4500] 9b405f65-e4dd-4ab7-9249-af038706c1e7: cophenetic index 3004; 0.7 s; peak memory 451 MiB.
2026-10-08T17:33:46Z INFO [1197/4500] 9b40600c-c2ca-4355-8729-219e388c6c77: cophenetic index 2570; 0.9 s; peak memory 451 MiB.
2026-10-08T17:33:48Z INFO [1198/4500] 9b406203-3263-4874-b012-4b00a8145e13: cophenetic index 2573; 1.5 s; peak memory 451 MiB.
2026-10-08T17:33:49Z INFO [1199/4500] 9b428d72-d50c-4397-80c7-5ad35b6aec12: cophenetic index 3004; 0.8 s; peak memory 451 MiB.
2026-10-08T17:33:50Z INFO [1200/4500] 9b42b593-bb3c-4e36-be2a-92f0b34cd3e1: cophenetic index 2625; 0.8 s; peak memory 451 MiB.
2026-10-08T17:33:50Z INFO [1200/4500] 9b42b593-bb3c-4e36-be2a-92f0b34cd3e1: checkpointed 121624 new records.
2026-10-08T17:33:51Z INFO [1201/4500] 9b42fd68-c7e1-43e9-920a-385fcec0b7be: cophenetic index 2625; 0.9 s; peak memory 451 MiB.
2026-10-08T17:33:51Z INFO [1202/4500] 9b43f577-c867-4aff-9d9e-fc9e33f207e6: cophenetic index 624; 0.6 s; peak memory 451 MiB.
2026-10-08T17:33:52Z INFO [1203/4500] 9b447034-35f3-428b-aeb5-dc6f889275da: cophenetic index 497; 0.5 s; peak memory 451 MiB.
2026-10-08T17:33:53Z INFO [1204/4500] 9b478e92-0acc-4356-a796-3370380d4957: cophenetic index 626; 0.8 s; peak memory 451 MiB.
2026-10-08T17:33:53Z INFO [1205/4500] 9b4872d6-acb0-4473-9941-46f85b2b11cd: cophenetic index 581; 0.6 s; peak memory 451 MiB.
2026-10-08T17:33:55Z INFO [1206/4500] 9b489532-58fe-49f0-9165-c7a1b42c5738: cophenetic index 1194; 1.7 s; peak memory 451 MiB.
2026-10-08T17:33:56Z INFO [1207/4500] 9b48da61-20a6-416f-86ac-0da41b3f080b: cophenetic index 3087; 0.9 s; peak memory 451 MiB.
2026-10-08T17:33:56Z INFO [1208/4500] 9b48fcfd-89dd-4215-8d0e-1c9029735caf: cophenetic index 624; 0.8 s; peak memory 451 MiB.
2026-10-08T17:33:57Z INFO [1209/4500] 9b49b612-bf43-436c-ad91-77a546f2f6f7: cophenetic index 630; 0.8 s; peak memory 451 MiB.
2026-10-08T17:33:58Z INFO [1210/4500] 9b4a7ddd-46ae-4907-9118-cdd649a2986c: cophenetic index 41788; 0.9 s; peak memory 451 MiB.
2026-10-08T17:33:59Z INFO [1211/4500] 9b4b4d4d-880c-4718-ac6a-edbeecba222c: cophenetic index 33968; 0.8 s; peak memory 451 MiB.
2026-10-08T17:33:59Z INFO [1212/4500] 9b4bd019-02af-425e-864d-db27f2a68fd3: cophenetic index 479; 0.5 s; peak memory 451 MiB.
2026-10-08T17:34:01Z INFO [1213/4500] 9b4c744d-987c-4c16-9580-6f9eb7a7dcbe: cophenetic index 33998; 1.2 s; peak memory 451 MiB.
2026-10-08T17:34:01Z INFO [1214/4500] 9b4ce5d2-47c5-43f5-b5c7-e863f8e03185: cophenetic index 490; 0.4 s; peak memory 451 MiB.
2026-10-08T17:34:02Z INFO [1215/4500] 9b4d2cbe-3d36-4441-9f58-81eafe2d1ade: cophenetic index 2524; 1.5 s; peak memory 451 MiB.
2026-10-08T17:34:04Z INFO [1216/4500] 9b4d5f7a-9cb2-4e44-9675-2a7b8e0c05a7: cophenetic index 13983; 2.1 s; peak memory 451 MiB.
2026-10-08T17:34:05Z INFO [1217/4500] 9b4dac50-7330-46e5-bba0-812356b3bdbb: cophenetic index 624; 0.7 s; peak memory 451 MiB.
2026-10-08T17:34:06Z INFO [1218/4500] 9b4e8587-520f-4b67-bfc9-d7ed62cb119d: cophenetic index 30304; 1.1 s; peak memory 451 MiB.
2026-10-08T17:34:07Z INFO [1219/4500] 9b4ea25d-584c-4402-a466-f5683cfe8e17: cophenetic index 643; 0.4 s; peak memory 451 MiB.
2026-10-08T17:34:11Z INFO [1220/4500] 9b4ecec3-e2b4-49a0-b6ac-645a9d802f0f: cophenetic index 14699; 4.3 s; peak memory 451 MiB.
2026-10-08T17:34:12Z INFO [1221/4500] 9b4edb38-6866-4807-a377-943aa03311f8: cophenetic index 3087; 0.8 s; peak memory 451 MiB.
2026-10-08T17:34:14Z INFO [1222/4500] 9b4f1834-d719-4ce1-9134-56acd82a25d7: cophenetic index 5473; 2.1 s; peak memory 451 MiB.
2026-10-08T17:34:15Z INFO [1223/4500] 9b506681-e1dd-4b38-98b5-b769c742f27c: cophenetic index 605; 0.9 s; peak memory 451 MiB.
2026-10-08T17:34:16Z INFO [1224/4500] 9b512fc1-62a4-48eb-8f63-fea037746650: cophenetic index 3087; 0.9 s; peak memory 451 MiB.
2026-10-08T17:34:17Z INFO [1225/4500] 9b5156b2-02bc-4384-83bb-7fcb4919ca43: cophenetic index 99150; 1.2 s; peak memory 451 MiB.
2026-10-08T17:34:18Z INFO [1226/4500] 9b519da0-7e9c-4be4-8e9f-9e471f979bcb: cophenetic index 624; 0.8 s; peak memory 451 MiB.
2026-10-08T17:34:19Z INFO [1227/4500] 9b520197-dc0c-47bf-a22a-5a33608b842e: cophenetic index 2974; 0.8 s; peak memory 451 MiB.
2026-10-08T17:34:22Z INFO [1228/4500] 9b521df8-c80b-4305-b5f5-6830e47015dc: cophenetic index 10045; 3.6 s; peak memory 451 MiB.
2026-10-08T17:34:23Z INFO [1229/4500] 9b529543-08c9-44f4-bb5e-c82a333fe4a6: cophenetic index 690; 0.7 s; peak memory 451 MiB.
2026-10-08T17:34:24Z INFO [1230/4500] 9b52f458-ab9c-4017-bc4a-829f97f1977b: cophenetic index 99120; 1.1 s; peak memory 451 MiB.
2026-10-08T17:34:25Z INFO [1231/4500] 9b53eece-4eaa-4ed7-9442-a70645cade5c: cophenetic index 624; 0.8 s; peak memory 451 MiB.
2026-10-08T17:34:25Z INFO [1232/4500] 9b549939-15de-46c1-8083-5ef7b2d237fb: cophenetic index 490; 0.4 s; peak memory 451 MiB.
2026-10-08T17:34:26Z INFO [1233/4500] 9b55bf32-37e5-43be-a591-17912d3b4556: cophenetic index 33968; 0.8 s; peak memory 451 MiB.
2026-10-08T17:34:30Z INFO [1234/4500] 9b55dfd6-2346-482d-a71a-ca5e7021b0c0: cophenetic index 9548; 4.1 s; peak memory 451 MiB.
2026-10-08T17:34:31Z INFO [1235/4500] 9b5639c9-ef02-4040-befb-d4d134b66fb2: cophenetic index 1851; 0.7 s; peak memory 451 MiB.
2026-10-08T17:34:32Z INFO [1236/4500] 9b56682b-a418-4070-baf2-18d0f5f766c9: cophenetic index 99150; 1.4 s; peak memory 451 MiB.
2026-10-08T17:34:33Z INFO [1237/4500] 9b568306-cd01-4ad9-8b5c-71427e82077f: cophenetic index 624; 0.8 s; peak memory 451 MiB.
2026-10-08T17:34:34Z INFO [1238/4500] 9b56c85e-a766-4f97-8b6a-ad6c61b3fc3b: cophenetic index 3004; 0.7 s; peak memory 451 MiB.
2026-10-08T17:34:34Z INFO [1239/4500] 9b570db0-d670-41b1-b9d0-07a5e2eb86a1: cophenetic index 3004; 0.7 s; peak memory 451 MiB.
2026-10-08T17:34:37Z INFO [1240/4500] 9b576f7f-e3d5-423b-81ff-5921e2638160: cophenetic index 2027; 2.5 s; peak memory 451 MiB.
2026-10-08T17:34:38Z INFO [1241/4500] 9b57f22f-8a68-4361-9255-2a79af426734: cophenetic index 2682; 1.4 s; peak memory 451 MiB.
2026-10-08T17:34:39Z INFO [1242/4500] 9b590cd6-044b-4ac4-81c0-af78879bacc3: cophenetic index 3004; 0.8 s; peak memory 451 MiB.
2026-10-08T17:34:40Z INFO [1243/4500] 9b591d26-7833-4e0b-a05d-e07177310aac: cophenetic index 3004; 0.9 s; peak memory 451 MiB.
2026-10-08T17:34:42Z INFO [1244/4500] 9b5a1c91-1b1a-4298-a7d1-a2a759f1f54d: cophenetic index 33998; 1.7 s; peak memory 451 MiB.
2026-10-08T17:34:42Z INFO [1245/4500] 9b5ab58c-9ce5-4c78-998c-ac297bd5d82e: cophenetic index 3087; 0.6 s; peak memory 451 MiB.
2026-10-08T17:34:43Z INFO [1246/4500] 9b5ac714-b6a3-4a5e-87d6-c666d2b6899b: cophenetic index 624; 0.6 s; peak memory 451 MiB.
2026-10-08T17:34:44Z INFO [1247/4500] 9b5b9b13-5f09-4232-88b1-12a5febd1cff: cophenetic index 766; 0.8 s; peak memory 451 MiB.
2026-10-08T17:34:44Z INFO [1248/4500] 9b5bfae5-5ae5-4411-9785-35e2b2f1ea58: cophenetic index 605; 0.7 s; peak memory 451 MiB.
2026-10-08T17:34:46Z INFO [1249/4500] 9b5c8237-45b7-447a-97a4-835c1cab158e: cophenetic index 2682; 1.5 s; peak memory 451 MiB.
2026-10-08T17:34:46Z INFO [1250/4500] 9b5db963-f058-48b4-acac-fd9c46f49f9f: cophenetic index 612; 0.6 s; peak memory 451 MiB.
2026-10-08T17:34:47Z INFO [1250/4500] 9b5db963-f058-48b4-acac-fd9c46f49f9f: checkpointed 121674 new records.
2026-10-08T17:34:47Z INFO [1251/4500] 9b5dfeb8-2efb-4cfa-b3b6-7ce00e3ddaa9: cophenetic index 624; 0.6 s; peak memory 451 MiB.
2026-10-08T17:34:48Z INFO [1252/4500] 9b5e49e5-72b4-4fa6-84d3-56a217e91b7e: cophenetic index 1087; 0.9 s; peak memory 451 MiB.
2026-10-08T17:34:50Z INFO [1253/4500] 9b5e7bb0-e849-4b27-aa78-025e286698db: cophenetic index 4617; 1.6 s; peak memory 451 MiB.
2026-10-08T17:34:51Z INFO [1254/4500] 9b5e7f93-cf8b-421d-949a-aec4a1361e6c: cophenetic index 2682; 1.3 s; peak memory 451 MiB.
2026-10-08T17:34:52Z INFO [1255/4500] 9b5e80d9-662c-4e25-801b-607178397058: cophenetic index 3087; 0.9 s; peak memory 451 MiB.
2026-10-08T17:34:53Z INFO [1256/4500] 9b5e8899-fa80-4c46-a71a-a0d4f3503d0a: cophenetic index 624; 0.6 s; peak memory 451 MiB.
2026-10-08T17:34:54Z INFO [1257/4500] 9b60313b-8298-40a1-b05d-a6664018bb2b: cophenetic index 1144; 1.4 s; peak memory 451 MiB.
2026-10-08T17:34:54Z INFO [1258/4500] 9b60e6f2-d777-4d4f-9c3d-401e1de60be5: cophenetic index 739; 0.5 s; peak memory 451 MiB.
2026-10-08T17:34:55Z INFO [1259/4500] 9b614841-4146-42de-bc7c-62fca13f4074: cophenetic index 624; 0.6 s; peak memory 451 MiB.
2026-10-08T17:34:56Z INFO [1260/4500] 9b6158af-d7a8-413b-8534-dbbc58b9b35d: cophenetic index 777; 1.3 s; peak memory 451 MiB.
2026-10-08T17:34:57Z INFO [1261/4500] 9b6295ae-1db7-439a-b472-6ee9292c5d0b: cophenetic index 634; 0.6 s; peak memory 451 MiB.
2026-10-08T17:34:58Z INFO [1262/4500] 9b629bbe-5923-4536-8d69-a4fecc744b1d: cophenetic index 2625; 0.9 s; peak memory 451 MiB.
2026-10-08T17:35:02Z INFO [1263/4500] 9b62ee66-f821-41d3-9c30-146f71547d83: cophenetic index 57017; 4.3 s; peak memory 451 MiB.
2026-10-08T17:35:03Z INFO [1264/4500] 9b635503-8d99-4230-893e-c4f4150d88ef: cophenetic index 1380; 0.8 s; peak memory 451 MiB.
2026-10-08T17:35:04Z INFO [1265/4500] 9b649050-bf35-4c32-8d43-97dd727edc00: cophenetic index 508; 0.5 s; peak memory 451 MiB.
2026-10-08T17:35:04Z INFO [1266/4500] 9b649ca5-80ef-403c-943f-fc6b0eb711cf: cophenetic index 624; 0.6 s; peak memory 451 MiB.
2026-10-08T17:35:05Z INFO [1267/4500] 9b649dcd-8e5a-4ab8-bd5f-a6494dad99c6: cophenetic index 624; 0.6 s; peak memory 451 MiB.
2026-10-08T17:35:11Z INFO [1268/4500] 9b64b534-d5f9-43d5-80c7-a509247f2e17: cophenetic index 152436; 5.9 s; peak memory 451 MiB.
2026-10-08T17:35:12Z INFO [1269/4500] 9b64bc7b-53bf-45a5-a770-2b1b34c33b2d: cophenetic index 624; 0.8 s; peak memory 451 MiB.
2026-10-08T17:35:12Z INFO [1270/4500] 9b64f5d8-46e3-472e-96ff-f36b414b97f3: cophenetic index 2625; 0.8 s; peak memory 451 MiB.
2026-10-08T17:35:13Z INFO [1271/4500] 9b656dea-d379-4812-a1d7-dfa9859485cd: cophenetic index 590; 0.8 s; peak memory 451 MiB.
2026-10-08T17:35:14Z INFO [1272/4500] 9b65afc8-7ecb-4912-9e00-12aa24cd82f9: cophenetic index 624; 0.7 s; peak memory 451 MiB.
2026-10-08T17:35:16Z INFO [1273/4500] 9b65cc55-e1d2-4486-a14b-a3df216b745c: cophenetic index 5473; 1.9 s; peak memory 451 MiB.
2026-10-08T17:35:17Z INFO [1274/4500] 9b664201-4b01-4d44-b88f-6b6947889191: cophenetic index 3192; 0.8 s; peak memory 451 MiB.
2026-10-08T17:35:17Z INFO [1275/4500] 9b667ef3-71fc-429a-8fd8-21258528c3af: cophenetic index 624; 0.7 s; peak memory 451 MiB.
2026-10-08T17:35:18Z INFO [1276/4500] 9b673a16-73ba-4732-8a2d-facbae3169a2: cophenetic index 624; 0.7 s; peak memory 451 MiB.
2026-10-08T17:35:20Z INFO [1277/4500] 9b678cd9-27be-4946-94b5-0766407b2f74: cophenetic index 2402; 1.5 s; peak memory 451 MiB.
2026-10-08T17:35:20Z INFO [1278/4500] 9b67ad26-9d6e-4ae5-9f03-b8b7a295f7de: cophenetic index 624; 0.7 s; peak memory 451 MiB.
2026-10-08T17:35:21Z INFO [1279/4500] 9b6869a8-9d7c-454e-91d2-06c5c59ecc2e: cophenetic index 624; 0.7 s; peak memory 451 MiB.
2026-10-08T17:35:22Z INFO [1280/4500] 9b688350-df4d-4683-88f3-a6e9fbaa99b3: cophenetic index 2005; 1.3 s; peak memory 451 MiB.
2026-10-08T17:35:23Z INFO [1281/4500] 9b693bf0-22a5-40eb-999c-faf208f7e4f0: cophenetic index 3004; 0.8 s; peak memory 451 MiB.
2026-10-08T17:35:25Z INFO [1282/4500] 9b696859-50e2-4b74-b2b9-2ba4c681be34: cophenetic index 4015; 1.6 s; peak memory 451 MiB.
2026-10-08T17:35:25Z INFO [1283/4500] 9b6a27e8-1647-4d93-a706-ff299c506823: cophenetic index 651; 0.5 s; peak memory 451 MiB.
2026-10-08T17:35:26Z INFO [1284/4500] 9b6b6766-b0c6-4be8-9c1f-c9991aae802d: cophenetic index 33998; 0.9 s; peak memory 451 MiB.
2026-10-08T17:35:27Z INFO [1285/4500] 9b6c56af-767f-4625-b7f2-bbf79663da19: cophenetic index 33986; 0.9 s; peak memory 451 MiB.
2026-10-08T17:35:27Z INFO [1286/4500] 9b6c58d5-1fb1-47fe-850a-4f3052d555a2: cophenetic index 490; 0.4 s; peak memory 451 MiB.
2026-10-08T17:35:28Z INFO [1287/4500] 9b6c8244-6701-40ee-aecd-2c5b5284c716: cophenetic index 624; 0.6 s; peak memory 451 MiB.
2026-10-08T17:35:29Z INFO [1288/4500] 9b6cb77c-34e7-4323-b743-39872a2a5558: cophenetic index 2625; 0.8 s; peak memory 451 MiB.
2026-10-08T17:35:29Z INFO [1289/4500] 9b6d05ac-7cf6-4dae-8f92-17596c1095af: cophenetic index 624; 0.6 s; peak memory 451 MiB.
2026-10-08T17:35:31Z INFO [1290/4500] 9b6d2b2d-b646-43d2-87f4-5d39aafcae90: cophenetic index 33986; 1.1 s; peak memory 451 MiB.
2026-10-08T17:35:31Z INFO [1291/4500] 9b6d656a-b710-4b43-af42-725c954a4857: cophenetic index 431; 0.4 s; peak memory 451 MiB.
2026-10-08T17:35:32Z INFO [1292/4500] 9b6ddb83-c3d6-4d2f-9041-410db0e9eeb0: cophenetic index 33968; 0.9 s; peak memory 451 MiB.
2026-10-08T17:35:33Z INFO [1293/4500] 9b6ef024-79b9-4bf5-b269-f535e659ca6d: cophenetic index 624; 0.7 s; peak memory 451 MiB.
2026-10-08T17:35:33Z INFO [1294/4500] 9b6f637d-6ca9-4569-b5fe-de71ea2d4e4a: cophenetic index 624; 0.7 s; peak memory 451 MiB.
2026-10-08T17:35:34Z INFO [1295/4500] 9b70988b-6cb8-4871-8b8f-a6d3f0cc1ad0: cophenetic index 624; 0.7 s; peak memory 451 MiB.
2026-10-08T17:35:35Z INFO [1296/4500] 9b70f5f0-2b52-4f7b-ab80-7321013e136e: cophenetic index 624; 0.6 s; peak memory 451 MiB.
2026-10-08T17:35:35Z INFO [1297/4500] 9b7116b5-ad64-4426-952c-8847c250b6c6: cophenetic index 624; 0.8 s; peak memory 451 MiB.
2026-10-08T17:35:36Z INFO [1298/4500] 9b716b52-dd61-41f5-9740-c0682def938a: cophenetic index 2625; 0.9 s; peak memory 451 MiB.
2026-10-08T17:35:37Z INFO [1299/4500] 9b722080-3c90-40ba-ae72-0aff08bfa0a9: cophenetic index 2625; 0.9 s; peak memory 451 MiB.
2026-10-08T17:35:38Z INFO [1300/4500] 9b724627-83f5-415e-a78c-2d3e038f24a1: cophenetic index 431; 0.6 s; peak memory 451 MiB.
2026-10-08T17:35:38Z INFO [1300/4500] 9b724627-83f5-415e-a78c-2d3e038f24a1: checkpointed 121724 new records.
2026-10-08T17:35:43Z INFO [1301/4500] 9b72d18c-a7a2-442e-87c0-651d14370543: cophenetic index 15946; 5.1 s; peak memory 451 MiB.
2026-10-08T17:35:43Z INFO [1302/4500] 9b734c50-f046-4266-bee0-dd50877b76a2: cophenetic index 433; 0.4 s; peak memory 451 MiB.
2026-10-08T17:36:23Z INFO [1303/4500] 9b7409df-ed55-4adc-87bd-88f09ede6b27: cophenetic index 10262516; 40.0 s; peak memory 451 MiB.
2026-10-08T17:36:25Z INFO [1304/4500] 9b745288-394b-4665-b457-f110beef96f7: cophenetic index 99120; 1.2 s; peak memory 451 MiB.
2026-10-08T17:36:25Z INFO [1305/4500] 9b7463c6-533f-4080-89af-ab5e8cadb2e4: cophenetic index 751; 0.5 s; peak memory 451 MiB.
2026-10-08T17:36:26Z INFO [1306/4500] 9b77bb67-3dd3-4492-b6a0-9fa233b3c5d5: cophenetic index 2625; 0.8 s; peak memory 451 MiB.
2026-10-08T17:36:27Z INFO [1307/4500] 9b77ed5c-9f55-4347-b447-f2cb3607ea68: cophenetic index 2570; 0.8 s; peak memory 451 MiB.
2026-10-08T17:36:28Z INFO [1308/4500] 9b78320c-c5c4-4ac7-89bc-2e65322d5899: cophenetic index 3004; 0.9 s; peak memory 451 MiB.
2026-10-08T17:36:34Z INFO [1309/4500] 9b783a4a-e9b8-41d6-a059-844e0d91a6fd: cophenetic index 34862; 6.0 s; peak memory 451 MiB.
2026-10-08T17:36:36Z INFO [1310/4500] 9b784cfa-58ab-4c20-a1d2-8d44a21b433c: cophenetic index 959; 1.9 s; peak memory 451 MiB.
2026-10-08T17:36:44Z INFO [1311/4500] 9b788b1c-ea71-4f10-9296-f2624b6345f6: cophenetic index 1124479; 8.4 s; peak memory 451 MiB.
2026-10-08T17:36:46Z INFO [1312/4500] 9b78e6d5-17bb-4234-a7f7-8bba29a1a706: cophenetic index 5473; 2.0 s; peak memory 451 MiB.
2026-10-08T17:36:47Z INFO [1313/4500] 9b78e856-5dc1-4f16-9bd4-c7e4650641df: cophenetic index 3004; 0.7 s; peak memory 451 MiB.
2026-10-08T17:36:48Z INFO [1314/4500] 9b79201c-03a5-47d8-86f8-b798e4322ae0: cophenetic index 3437; 1.6 s; peak memory 451 MiB.
2026-10-08T17:36:49Z INFO [1315/4500] 9b7920f6-7044-4c5e-b833-ef1fe4800cc7: cophenetic index 431; 0.8 s; peak memory 451 MiB.
2026-10-08T17:36:50Z INFO [1316/4500] 9b797442-eb5b-4cc1-96e6-e80abc5566b4: cophenetic index 2625; 1.0 s; peak memory 451 MiB.
2026-10-08T17:36:51Z INFO [1317/4500] 9b7a0602-54e4-4f0b-badd-44d5a50ab642: cophenetic index 624; 0.7 s; peak memory 451 MiB.
2026-10-08T17:36:52Z INFO [1318/4500] 9b7a375b-e51a-45b1-a807-173a596b1456: cophenetic index 3004; 0.9 s; peak memory 451 MiB.
2026-10-08T17:36:52Z INFO [1319/4500] 9b7a5e50-717b-4994-a081-8de8b992c309: cophenetic index 624; 0.8 s; peak memory 451 MiB.
2026-10-08T17:36:53Z INFO [1320/4500] 9b7adcb3-ead6-42d4-af9e-6ca28d3af0d2: cophenetic index 3077; 0.5 s; peak memory 451 MiB.
2026-10-08T17:36:54Z INFO [1321/4500] 9b7b1de2-ae65-49cf-bc64-d61daa5f72ec: cophenetic index 624; 0.9 s; peak memory 451 MiB.
2026-10-08T17:36:55Z INFO [1322/4500] 9b7bc402-42d8-4c2d-a4bb-5f2d2e3a5726: cophenetic index 431; 0.8 s; peak memory 451 MiB.
2026-10-08T17:36:58Z INFO [1323/4500] 9b7c0b38-b000-45fc-9eb9-9084520f2ff4: cophenetic index 36190; 3.3 s; peak memory 451 MiB.
2026-10-08T17:36:59Z INFO [1324/4500] 9b7c5380-cd68-4c5c-9f84-503666ec1fe4: cophenetic index 413; 0.6 s; peak memory 451 MiB.
2026-10-08T17:36:59Z INFO [1325/4500] 9b7c8dd8-fa36-45bb-bf4d-7e9b8773cbbf: cophenetic index 490; 0.5 s; peak memory 451 MiB.
2026-10-08T17:37:00Z INFO [1326/4500] 9b7d21a2-a113-4065-a233-f0ec49f977b5: cophenetic index 3004; 0.8 s; peak memory 451 MiB.
2026-10-08T17:37:01Z INFO [1327/4500] 9b7e00a8-b3d4-4923-8ecb-5b3e91be4b58: cophenetic index 581; 0.6 s; peak memory 451 MiB.
2026-10-08T17:37:02Z INFO [1328/4500] 9b7e0e63-4fce-4ca7-8039-df105f0bc682: cophenetic index 33998; 1.6 s; peak memory 451 MiB.
2026-10-08T17:37:03Z INFO [1329/4500] 9b7e32bc-5133-4af3-93e4-99e0ded77d5a: cophenetic index 624; 0.7 s; peak memory 451 MiB.
2026-10-08T17:37:04Z INFO [1330/4500] 9b7e52dc-ca0a-4ec5-83b0-da172ae14a2e: cophenetic index 2682; 1.6 s; peak memory 451 MiB.
2026-10-08T17:37:06Z INFO [1331/4500] 9b7f6a9e-3640-493b-874c-842e8ecbcd34: cophenetic index 5473; 2.0 s; peak memory 451 MiB.
2026-10-08T17:37:08Z INFO [1332/4500] 9b80740d-ace2-4d06-9c3f-936c1004d191: cophenetic index 5486; 1.8 s; peak memory 451 MiB.
2026-10-08T17:37:09Z INFO [1333/4500] 9b82688e-ba53-46e0-9946-b44bc7c2ead1: cophenetic index 3087; 0.7 s; peak memory 451 MiB.
2026-10-08T17:37:10Z INFO [1334/4500] 9b83959a-ef48-4c4c-873b-b501cf2c2413: cophenetic index 1751; 1.4 s; peak memory 451 MiB.
2026-10-08T17:37:11Z INFO [1335/4500] 9b842686-636b-4a27-9e23-436d13d4866c: cophenetic index 413; 0.7 s; peak memory 451 MiB.
2026-10-08T17:37:12Z INFO [1336/4500] 9b84fb45-ae70-4435-a6a1-5630c323cf64: cophenetic index 2920; 0.6 s; peak memory 451 MiB.
2026-10-08T17:37:12Z INFO [1337/4500] 9b85d1ce-701d-4174-be59-6f77b3d4c140: cophenetic index 2974; 0.7 s; peak memory 451 MiB.
2026-10-08T17:37:13Z INFO [1338/4500] 9b8661b9-9de4-4da9-8390-21cd06d83fe2: cophenetic index 605; 0.9 s; peak memory 451 MiB.
2026-10-08T17:37:14Z INFO [1339/4500] 9b877694-9413-475c-b14e-c7b29ba64c18: cophenetic index 725; 0.7 s; peak memory 451 MiB.
2026-10-08T17:37:15Z INFO [1340/4500] 9b879c63-c3d1-42cd-966a-164553486afb: cophenetic index 3215; 0.7 s; peak memory 451 MiB.
2026-10-08T17:37:15Z INFO [1341/4500] 9b87c4af-2181-4d48-ac05-e3749146ffd2: cophenetic index 624; 0.8 s; peak memory 451 MiB.
2026-10-08T17:37:22Z INFO [1342/4500] 9b8ae3e8-c1a2-4ea7-a39b-e70c6809372e: cophenetic index 481292; 7.1 s; peak memory 451 MiB.
2026-10-08T17:37:24Z INFO [1343/4500] 9b8c1df8-2d32-4141-907c-a81291966ca2: cophenetic index 1943; 1.7 s; peak memory 451 MiB.
2026-10-08T17:37:30Z INFO [1344/4500] 9b8d1ce2-a0cd-49ff-a607-85996b81cb5b: cophenetic index 159421; 6.1 s; peak memory 451 MiB.
2026-10-08T17:37:31Z INFO [1345/4500] 9b8d77a0-00bd-4da4-bb41-cd6e4c8e83d6: cophenetic index 33968; 1.0 s; peak memory 451 MiB.
2026-10-08T17:37:32Z INFO [1346/4500] 9b8e807d-dfb1-479c-a2a5-f72804d11d92: cophenetic index 1949; 0.6 s; peak memory 451 MiB.
2026-10-08T17:37:34Z INFO [1347/4500] 9b8ef3ef-632b-4d9c-bfd6-d0eec2ee232b: cophenetic index 40576; 2.5 s; peak memory 451 MiB.
2026-10-08T17:37:35Z INFO [1348/4500] 9b8f2b82-7fde-4a98-8eef-6ddfb19bd57a: cophenetic index 3004; 0.9 s; peak memory 451 MiB.
2026-10-08T17:37:36Z INFO [1349/4500] 9b8f4dc8-86c6-4b53-baa8-5a76ca120a81: cophenetic index 624; 0.8 s; peak memory 451 MiB.
2026-10-08T17:37:37Z INFO [1350/4500] 9b8f91e4-0db7-404c-b7be-d19e6ea8662d: cophenetic index 2625; 1.1 s; peak memory 451 MiB.
2026-10-08T17:37:37Z INFO [1350/4500] 9b8f91e4-0db7-404c-b7be-d19e6ea8662d: checkpointed 121774 new records.
2026-10-08T17:37:38Z INFO [1351/4500] 9b8fa155-eba5-40a4-b089-83410a1f70be: cophenetic index 2570; 1.0 s; peak memory 451 MiB.
2026-10-08T17:37:39Z INFO [1352/4500] 9b8fb623-636d-4a78-a8a0-778346f71823: cophenetic index 766; 1.0 s; peak memory 451 MiB.
2026-10-08T17:37:40Z INFO [1353/4500] 9b8ff680-5c8d-4c09-a632-3e054145095a: cophenetic index 431; 0.8 s; peak memory 451 MiB.
2026-10-08T17:37:41Z INFO [1354/4500] 9b913120-4375-4536-b20b-83f9959fd342: cophenetic index 2570; 0.8 s; peak memory 451 MiB.
2026-10-08T17:37:42Z INFO [1355/4500] 9b916f06-e4bb-4929-8611-2b99b95e35b1: cophenetic index 624; 0.8 s; peak memory 451 MiB.
2026-10-08T17:37:43Z INFO [1356/4500] 9b91e704-ac40-45da-a836-0986f9e19623: cophenetic index 431; 0.9 s; peak memory 451 MiB.
2026-10-08T17:37:43Z INFO [1357/4500] 9b92cf25-ce6b-4b89-9a0e-533261d29c94: cophenetic index 34712; 0.9 s; peak memory 451 MiB.
2026-10-08T17:37:48Z INFO [1358/4500] 9b9307fe-3f74-4972-b137-6c96f2b3496f: cophenetic index 22378; 4.9 s; peak memory 451 MiB.
2026-10-08T17:37:49Z INFO [1359/4500] 9b944d74-925a-400b-93e1-aba4033ae7b3: cophenetic index 624; 0.7 s; peak memory 451 MiB.
2026-10-08T17:37:50Z INFO [1360/4500] 9b94501a-0160-43c2-a345-8c393d07a8e0: cophenetic index 797; 0.5 s; peak memory 451 MiB.
2026-10-08T17:37:50Z INFO [1361/4500] 9b95c43a-e16a-4079-b6a3-8fa3ba84afff: cophenetic index 624; 0.7 s; peak memory 451 MiB.
2026-10-08T17:37:51Z INFO [1362/4500] 9b95d15c-67da-4bc9-99d4-e2d7e149b05c: cophenetic index 560; 0.6 s; peak memory 451 MiB.
2026-10-08T17:37:53Z INFO [1363/4500] 9b96516c-7876-475e-a849-1c348abdb591: cophenetic index 5473; 2.0 s; peak memory 451 MiB.
2026-10-08T17:37:53Z INFO [1364/4500] 9b9696df-f267-4123-903f-1b4095b0ebc9: cophenetic index 579; 0.5 s; peak memory 451 MiB.
2026-10-08T17:37:54Z INFO [1365/4500] 9b96c071-3bd0-4f24-8ab9-0e849dde6af3: cophenetic index 624; 0.7 s; peak memory 451 MiB.
2026-10-08T17:37:56Z INFO [1366/4500] 9b96d55d-c5ca-447b-90d6-6698d6a61ce9: cophenetic index 2391; 1.6 s; peak memory 451 MiB.
2026-10-08T17:37:57Z INFO [1367/4500] 9b9710e4-0cac-4a2f-a731-b044743d9832: cophenetic index 5317; 1.0 s; peak memory 451 MiB.
2026-10-08T17:37:58Z INFO [1368/4500] 9b983b30-a9c9-4f77-925d-df4e27c5b053: cophenetic index 943; 1.3 s; peak memory 451 MiB.
2026-10-08T17:37:59Z INFO [1369/4500] 9b99949b-9f34-433f-8b13-f32790a68cc5: cophenetic index 99114; 1.2 s; peak memory 451 MiB.
2026-10-08T17:38:01Z INFO [1370/4500] 9b9a2ae1-5a2a-47c1-b3f8-45a4f72a26d3: cophenetic index 3844; 1.8 s; peak memory 451 MiB.
2026-10-08T17:38:02Z INFO [1371/4500] 9b9a73f9-b56e-458b-91cd-984c4f18239b: cophenetic index 2625; 1.0 s; peak memory 451 MiB.
2026-10-08T17:38:03Z INFO [1372/4500] 9b9b0edc-b886-4c82-8d6c-d3eac0004fa3: cophenetic index 613; 1.1 s; peak memory 451 MiB.
2026-10-08T17:38:04Z INFO [1373/4500] 9b9b4aec-7ca5-45a2-94d0-80a6ea4eb92d: cophenetic index 99120; 1.0 s; peak memory 451 MiB.
2026-10-08T17:38:05Z INFO [1374/4500] 9b9b80bb-ffe7-40c7-bdca-4e36c1cc8765: cophenetic index 2602; 0.9 s; peak memory 451 MiB.
2026-10-08T17:38:06Z INFO [1375/4500] 9b9bcdd2-edb9-4478-8cf3-ac23df50b6f8: cophenetic index 972; 1.0 s; peak memory 451 MiB.
2026-10-08T17:38:07Z INFO [1376/4500] 9b9be66f-3c95-4013-9757-a50df1c4034e: cophenetic index 2625; 0.8 s; peak memory 451 MiB.
2026-10-08T17:38:07Z INFO [1377/4500] 9b9bf24d-776a-466d-9ed8-9275c2a4f640: cophenetic index 3004; 0.8 s; peak memory 451 MiB.
2026-10-08T17:38:08Z INFO [1378/4500] 9b9d9789-2024-4124-9329-6b65e181162b: cophenetic index 1087; 1.1 s; peak memory 451 MiB.
2026-10-08T17:38:10Z INFO [1379/4500] 9b9efeb9-0916-4ae5-8ac8-521b79624b72: cophenetic index 653; 1.2 s; peak memory 451 MiB.
2026-10-08T17:38:11Z INFO [1380/4500] 9ba0da4e-f1ae-4343-b738-b2812cd1fdd0: cophenetic index 33998; 1.7 s; peak memory 451 MiB.
2026-10-08T17:38:12Z INFO [1381/4500] 9ba0fee7-d78c-41b0-a4f3-290105123699: cophenetic index 581; 0.7 s; peak memory 451 MiB.
2026-10-08T17:38:13Z INFO [1382/4500] 9ba1ae2e-abee-4df5-8794-a9165de640a6: cophenetic index 3004; 0.7 s; peak memory 451 MiB.
2026-10-08T17:38:19Z INFO [1383/4500] 9ba214b2-09fa-4336-882a-bfd36d569cae: cophenetic index 48262; 6.0 s; peak memory 451 MiB.
2026-10-08T17:38:20Z INFO [1384/4500] 9ba21771-03f4-4d02-a3ff-a85f9321dcd1: cophenetic index 777; 1.3 s; peak memory 451 MiB.
2026-10-08T17:38:24Z INFO [1385/4500] 9ba26755-1544-4616-9de1-3392329509ad: cophenetic index 73663; 3.7 s; peak memory 451 MiB.
2026-10-08T17:38:25Z INFO [1386/4500] 9ba38c33-0eba-467b-a318-5f0503a347e7: cophenetic index 33958; 0.7 s; peak memory 451 MiB.
2026-10-08T17:38:26Z INFO [1387/4500] 9ba3c438-4981-48de-8484-92c0424f71b7: cophenetic index 2570; 1.0 s; peak memory 451 MiB.
2026-10-08T17:38:27Z INFO [1388/4500] 9ba41511-7d87-4a3c-945b-3b35697c0404: cophenetic index 2625; 0.9 s; peak memory 451 MiB.
2026-10-08T17:38:28Z INFO [1389/4500] 9ba534ea-33da-4e87-bb66-09c5acfa407a: cophenetic index 431; 1.0 s; peak memory 451 MiB.
2026-10-08T17:38:29Z INFO [1390/4500] 9ba6816a-fe46-4888-903b-b1d2aba6e7da: cophenetic index 2682; 1.4 s; peak memory 451 MiB.
2026-10-08T17:38:30Z INFO [1391/4500] 9ba6b62f-c775-4cc9-b21f-2d32534f99be: cophenetic index 581; 1.2 s; peak memory 451 MiB.
2026-10-08T17:38:31Z INFO [1392/4500] 9ba75b84-6a02-4433-b9a5-e59b661fa80f: cophenetic index 624; 0.7 s; peak memory 451 MiB.
2026-10-08T17:38:36Z INFO [1393/4500] 9ba76245-16be-4a9e-9241-990b30a64cac: cophenetic index 40532; 5.6 s; peak memory 451 MiB.
2026-10-08T17:38:37Z INFO [1394/4500] 9ba86430-b3e1-468a-b65a-4137f869ecde: cophenetic index 490; 0.4 s; peak memory 451 MiB.
2026-10-08T17:38:38Z INFO [1395/4500] 9ba864ba-993f-4181-9598-fa56c7aa301b: cophenetic index 1949; 0.7 s; peak memory 451 MiB.
2026-10-08T17:38:38Z INFO [1396/4500] 9ba881dd-6d68-48b9-8bc5-67f6e2a5987d: cophenetic index 2625; 0.9 s; peak memory 451 MiB.
2026-10-08T17:38:39Z INFO [1397/4500] 9ba8fac9-8e44-4867-9308-1e3635951320: cophenetic index 2625; 1.0 s; peak memory 451 MiB.
2026-10-08T17:38:40Z INFO [1398/4500] 9ba8fe05-5db5-4603-a211-f7031a4c5d77: cophenetic index 33998; 1.0 s; peak memory 451 MiB.
2026-10-08T17:38:41Z INFO [1399/4500] 9ba920af-6b4f-4a37-a4f7-2e811745c833: cophenetic index 33986; 0.9 s; peak memory 451 MiB.
2026-10-08T17:38:42Z INFO [1400/4500] 9ba9bc9a-ebeb-4044-b42f-fe78e838dc4e: cophenetic index 2570; 0.9 s; peak memory 451 MiB.
2026-10-08T17:38:42Z INFO [1400/4500] 9ba9bc9a-ebeb-4044-b42f-fe78e838dc4e: checkpointed 121824 new records.
2026-10-08T17:38:44Z INFO [1401/4500] 9baa5812-e286-4406-aa98-bdc60bd54dbf: cophenetic index 33998; 1.7 s; peak memory 451 MiB.
2026-10-08T17:38:45Z INFO [1402/4500] 9baa8f92-dd7c-447c-b285-499ef3cc2f99: cophenetic index 6435; 0.8 s; peak memory 451 MiB.
2026-10-08T17:38:46Z INFO [1403/4500] 9baaa196-c35e-4849-8e76-351e22da6c2a: cophenetic index 624; 0.7 s; peak memory 451 MiB.
2026-10-08T17:38:46Z INFO [1404/4500] 9bab1cf4-4586-430b-b9b1-2c0e8ebd3be1: cophenetic index 23864; 0.8 s; peak memory 451 MiB.
2026-10-08T17:38:47Z INFO [1405/4500] 9bac8683-279f-4127-b9de-dc4161ce95b8: cophenetic index 3004; 0.9 s; peak memory 451 MiB.
2026-10-08T17:38:48Z INFO [1406/4500] 9bacb920-9d1b-4d34-8c5d-17b8dd12ded3: cophenetic index 3004; 0.8 s; peak memory 451 MiB.
2026-10-08T17:38:49Z INFO [1407/4500] 9baceeac-f42e-4601-9a8d-0c8a5dbc20b9: cophenetic index 624; 0.6 s; peak memory 451 MiB.
2026-10-08T17:38:49Z INFO [1408/4500] 9bae7ad4-be83-4c8b-9a05-bcdf3b955aa4: cophenetic index 641; 0.5 s; peak memory 451 MiB.
2026-10-08T17:38:50Z INFO [1409/4500] 9baee44a-ca53-4f63-a012-ce29cbdb1133: cophenetic index 3004; 0.8 s; peak memory 451 MiB.
2026-10-08T17:38:51Z INFO [1410/4500] 9baf3741-f68d-4f0e-a8a8-7f1f01e30cad: cophenetic index 3192; 0.7 s; peak memory 451 MiB.
2026-10-08T17:38:51Z INFO [1411/4500] 9baff4d6-8dd7-449f-9bde-119207f4d84c: cophenetic index 646; 0.6 s; peak memory 451 MiB.
2026-10-08T17:38:52Z INFO [1412/4500] 9bb01eb9-5905-4e8e-97e8-04394e8ebc14: cophenetic index 579; 0.5 s; peak memory 451 MiB.
2026-10-08T17:38:53Z INFO [1413/4500] 9bb03150-b06d-4d1a-bdd6-f3c33720da77: cophenetic index 2625; 0.8 s; peak memory 451 MiB.
2026-10-08T17:38:53Z INFO [1414/4500] 9bb12462-5589-4f7c-87f6-6cd716174b18: cophenetic index 23510; 0.8 s; peak memory 451 MiB.
2026-10-08T17:38:54Z INFO [1415/4500] 9bb1a287-c95b-49e4-b26d-d17b6891c087: cophenetic index 3087; 0.8 s; peak memory 451 MiB.
2026-10-08T17:38:56Z INFO [1416/4500] 9bb24252-6b1f-42dc-b4e0-8b27f72e2b7c: cophenetic index 3620; 2.1 s; peak memory 451 MiB.
2026-10-08T17:38:59Z INFO [1417/4500] 9bb326a3-dfc2-4dce-85b7-07af576e6d1c: cophenetic index 6218; 3.2 s; peak memory 451 MiB.
2026-10-08T17:39:08Z INFO [1418/4500] 9bb34ae8-45a7-42ca-9cae-8c9149b36853: cophenetic index 329421; 8.8 s; peak memory 451 MiB.
2026-10-08T17:39:09Z INFO [1419/4500] 9bb4023b-cc83-4aaf-8d58-2ef5a66c356b: cophenetic index 3004; 0.6 s; peak memory 451 MiB.
2026-10-08T17:39:10Z INFO [1420/4500] 9bb47c59-80ba-4e98-8112-bc1c9e9bbab3: cophenetic index 3004; 0.8 s; peak memory 451 MiB.
2026-10-08T17:39:10Z INFO [1421/4500] 9bb4e6bb-1465-49b1-bd72-759784484c61: cophenetic index 3087; 0.6 s; peak memory 451 MiB.
2026-10-08T17:39:18Z INFO [1422/4500] 9bb4ec08-8acc-4d79-8d85-d11165ca0585: cophenetic index 49783; 7.7 s; peak memory 451 MiB.
2026-10-08T17:39:20Z INFO [1423/4500] 9bb6b2ec-6887-40ca-afa9-7784f5e48c8c: cophenetic index 4015; 1.8 s; peak memory 451 MiB.
2026-10-08T17:39:20Z INFO [1424/4500] 9bb702b3-1fbf-4418-8c25-cc7d408e408b: cophenetic index 2570; 0.7 s; peak memory 451 MiB.
2026-10-08T17:39:22Z INFO [1425/4500] 9bb74f57-3018-4864-b38a-26635deecaf6: cophenetic index 42542; 1.2 s; peak memory 451 MiB.
2026-10-08T17:39:22Z INFO [1426/4500] 9bb8e5a6-1120-403d-b402-c8272a72b006: cophenetic index 560; 0.6 s; peak memory 451 MiB.
2026-10-08T17:39:23Z INFO [1427/4500] 9bb93a16-d631-4008-9e12-477c32d11b24: cophenetic index 433; 0.4 s; peak memory 451 MiB.
2026-10-08T17:39:24Z INFO [1428/4500] 9bb97950-98bf-4107-82c1-4237324d0b6e: cophenetic index 99114; 1.2 s; peak memory 451 MiB.
2026-10-08T17:39:24Z INFO [1429/4500] 9bb980d5-4541-4ca5-8e6a-d96b7a668ef9: cophenetic index 490; 0.3 s; peak memory 451 MiB.
2026-10-08T17:39:25Z INFO [1430/4500] 9bb98240-ce59-41e4-9c9a-79f86a38a602: cophenetic index 624; 0.7 s; peak memory 451 MiB.
2026-10-08T17:39:26Z INFO [1431/4500] 9bba18a7-9953-4a67-bc8b-82d9f4c104f6: cophenetic index 2974; 0.7 s; peak memory 451 MiB.
2026-10-08T17:39:26Z INFO [1432/4500] 9bbacd18-a21b-4383-9f2a-64e51069de18: cophenetic index 3135; 0.7 s; peak memory 451 MiB.
2026-10-08T17:39:28Z INFO [1433/4500] 9bbae8d2-3ee5-40b6-9738-d7833cfb4d1d: cophenetic index 33998; 1.4 s; peak memory 451 MiB.
2026-10-08T17:39:29Z INFO [1434/4500] 9bbb281e-0546-4277-87d2-6251e4765ed5: cophenetic index 2402; 1.8 s; peak memory 451 MiB.
2026-10-08T17:39:30Z INFO [1435/4500] 9bbb54d3-da58-472a-9989-d7fb9015e947: cophenetic index 2625; 1.0 s; peak memory 451 MiB.
2026-10-08T17:39:38Z INFO [1436/4500] 9bbbfd69-87eb-49c9-812a-21f677fe215c: cophenetic index 245609; 7.4 s; peak memory 451 MiB.
2026-10-08T17:39:39Z INFO [1437/4500] 9bbdfd6c-0b27-4515-ae31-9985519a4eca: cophenetic index 33968; 1.0 s; peak memory 451 MiB.
2026-10-08T17:39:39Z INFO [1438/4500] 9bbe4d9e-59bb-4263-a602-ca28c21462fd: cophenetic index 624; 0.6 s; peak memory 451 MiB.
2026-10-08T17:39:40Z INFO [1439/4500] 9bbe78af-8f55-4d5a-9677-0c5ccd17ecd6: cophenetic index 624; 0.7 s; peak memory 451 MiB.
2026-10-08T17:39:41Z INFO [1440/4500] 9bbf2b2d-f92d-4f3a-aebb-1b095b8f1910: cophenetic index 2625; 0.9 s; peak memory 451 MiB.
2026-10-08T17:39:42Z INFO [1441/4500] 9bc02673-656e-4551-88e1-d65923696a61: cophenetic index 649; 0.6 s; peak memory 451 MiB.
2026-10-08T17:39:46Z INFO [1442/4500] 9bc14e8f-d576-4da8-918d-81205435510f: cophenetic index 87573; 4.0 s; peak memory 451 MiB.
2026-10-08T17:39:46Z INFO [1443/4500] 9bc20bea-e0f0-4a4f-ba9d-9416bf1a70f9: cophenetic index 2974; 0.8 s; peak memory 451 MiB.
2026-10-08T17:39:47Z INFO [1444/4500] 9bc2197d-5770-42eb-a6ce-a2cd0aadd99c: cophenetic index 3087; 0.8 s; peak memory 451 MiB.
2026-10-08T17:39:48Z INFO [1445/4500] 9bc29ff4-7480-4240-b951-f0756eff8e66: cophenetic index 2625; 1.1 s; peak memory 451 MiB.
2026-10-08T17:39:49Z INFO [1446/4500] 9bc37505-cf07-4417-9b60-c6adabd79b20: cophenetic index 385; 0.7 s; peak memory 451 MiB.
2026-10-08T17:39:50Z INFO [1447/4500] 9bc37aab-6c8f-420d-91bd-d0eff976967d: cophenetic index 3087; 0.7 s; peak memory 451 MiB.
2026-10-08T17:39:51Z INFO [1448/4500] 9bc3cfcd-f558-4739-a967-582d6a215e51: cophenetic index 1475; 1.6 s; peak memory 451 MiB.
2026-10-08T17:39:52Z INFO [1449/4500] 9bc42211-c6de-4c96-8b43-283f7f110e09: cophenetic index 23206; 0.8 s; peak memory 451 MiB.
2026-10-08T17:39:53Z INFO [1450/4500] 9bc4525f-74ed-491a-89e0-138182d89d52: cophenetic index 3192; 0.7 s; peak memory 451 MiB.
2026-10-08T17:39:53Z INFO [1450/4500] 9bc4525f-74ed-491a-89e0-138182d89d52: checkpointed 121874 new records.
2026-10-08T17:39:53Z INFO [1451/4500] 9bc47c2f-907a-4e0c-87f5-d7f4ea560371: cophenetic index 490; 0.6 s; peak memory 451 MiB.
2026-10-08T17:39:54Z INFO [1452/4500] 9bc4ea0e-1266-48c6-9f56-1280d4896376: cophenetic index 624; 0.6 s; peak memory 451 MiB.
2026-10-08T17:39:55Z INFO [1453/4500] 9bc5a732-3d9b-4900-b788-fab89c6b7e64: cophenetic index 33998; 1.3 s; peak memory 451 MiB.
2026-10-08T17:39:57Z INFO [1454/4500] 9bc6503f-7efa-4f6e-a317-724c2dfa79de: cophenetic index 33998; 1.2 s; peak memory 451 MiB.
2026-10-08T17:39:58Z INFO [1455/4500] 9bc73fab-ff58-44e3-a7a9-5a2f9f7d796d: cophenetic index 20938; 1.1 s; peak memory 451 MiB.
2026-10-08T17:39:58Z INFO [1456/4500] 9bc742b1-3305-4d3e-b949-5fb37d3bdeb3: cophenetic index 2570; 0.7 s; peak memory 451 MiB.
2026-10-08T17:40:22Z INFO [1457/4500] 9bc8bcf7-8d3e-4e60-a430-1a8ac1875e08: cophenetic index 331761; 23.7 s; peak memory 451 MiB.
2026-10-08T17:40:23Z INFO [1458/4500] 9bc960a2-9bad-4dc7-877c-f92406bb08ac: cophenetic index 3087; 0.8 s; peak memory 451 MiB.
2026-10-08T17:40:24Z INFO [1459/4500] 9bc99e4f-249d-4965-8a69-2a7f61a3f8ce: cophenetic index 1851; 0.7 s; peak memory 451 MiB.
2026-10-08T17:40:24Z INFO [1460/4500] 9bc9bcd6-d1f6-4cde-9bbe-c8c2dbe1a36a: cophenetic index 2920; 0.6 s; peak memory 451 MiB.
2026-10-08T17:40:26Z INFO [1461/4500] 9bc9fd77-5e72-46ed-8615-71043dd8ba67: cophenetic index 37884; 2.3 s; peak memory 451 MiB.
2026-10-08T17:40:28Z INFO [1462/4500] 9bca09d6-fc1c-4fac-9c37-e7c942580b42: cophenetic index 2570; 1.2 s; peak memory 451 MiB.
2026-10-08T17:40:28Z INFO [1463/4500] 9bcc0e7c-f500-434d-b79c-8892a3497603: cophenetic index 33986; 0.8 s; peak memory 451 MiB.
2026-10-08T17:40:29Z INFO [1464/4500] 9bcc1e60-8ef5-43e7-b889-e5a235cdc7e4: cophenetic index 2974; 0.7 s; peak memory 451 MiB.
2026-10-08T17:40:30Z INFO [1465/4500] 9bcc23ec-3ea2-4363-9a3a-28e85f1800ab: cophenetic index 2974; 0.7 s; peak memory 451 MiB.
2026-10-08T17:40:31Z INFO [1466/4500] 9bcc9f26-b8e3-4a7b-b282-f72e230a806f: cophenetic index 431; 0.8 s; peak memory 451 MiB.
2026-10-08T17:40:31Z INFO [1467/4500] 9bcd412f-ad65-4f11-9c87-c6ae04493600: cophenetic index 761; 0.4 s; peak memory 451 MiB.
2026-10-08T17:40:33Z INFO [1468/4500] 9bcd835c-23ff-425f-9634-7a7de1e2156e: cophenetic index 2469; 2.1 s; peak memory 451 MiB.
2026-10-08T17:40:34Z INFO [1469/4500] 9bcdfeca-dfde-469a-b639-6d08ce25a8de: cophenetic index 490; 0.4 s; peak memory 451 MiB.
2026-10-08T17:40:36Z INFO [1470/4500] 9bce06ea-a04a-4dac-92e4-6c2e77fe5fee: cophenetic index 1733; 2.2 s; peak memory 451 MiB.
2026-10-08T17:40:37Z INFO [1471/4500] 9bce4b8a-cb43-4b63-9638-323a44979590: cophenetic index 33968; 1.0 s; peak memory 451 MiB.
2026-10-08T17:40:38Z INFO [1472/4500] 9bcedb97-69db-4231-832c-baa810023c1d: cophenetic index 911; 0.8 s; peak memory 451 MiB.
2026-10-08T17:40:39Z INFO [1473/4500] 9bcf1996-bcf2-4f30-987a-ddb111c7c29c: cophenetic index 901; 1.2 s; peak memory 451 MiB.
2026-10-08T17:40:40Z INFO [1474/4500] 9bcf2666-0f89-4eb6-93ed-79fa05d4e1df: cophenetic index 624; 0.8 s; peak memory 451 MiB.
2026-10-08T17:40:40Z INFO [1475/4500] 9bcf4f40-44c5-420a-b58a-d27ea719abca: cophenetic index 605; 0.7 s; peak memory 451 MiB.
2026-10-08T17:40:41Z INFO [1476/4500] 9bcfff00-8a54-43fd-8654-5b53062d9ca0: cophenetic index 6435; 0.9 s; peak memory 451 MiB.
2026-10-08T17:40:45Z INFO [1477/4500] 9bd08642-d768-47d1-8260-390022fe5a16: cophenetic index 9548; 3.5 s; peak memory 451 MiB.
2026-10-08T17:40:46Z INFO [1478/4500] 9bd0a9ab-fa3d-4c1c-97d1-5414c37f45e5: cophenetic index 2625; 1.0 s; peak memory 451 MiB.
2026-10-08T17:40:46Z INFO [1479/4500] 9bd12c93-4e0b-4ebf-986e-0070d8337612: cophenetic index 3087; 0.7 s; peak memory 451 MiB.
2026-10-08T17:40:55Z INFO [1480/4500] 9bd1457b-36d1-4dea-8669-598faa9962e1: cophenetic index 48024; 8.1 s; peak memory 451 MiB.
2026-10-08T17:40:55Z INFO [1481/4500] 9bd1c122-117e-4c19-8ec6-578cbb4d0972: cophenetic index 624; 0.7 s; peak memory 451 MiB.
2026-10-08T17:40:56Z INFO [1482/4500] 9bd1de85-8459-4428-a69b-9e24dcd5bf98: cophenetic index 466; 0.7 s; peak memory 451 MiB.
2026-10-08T17:40:57Z INFO [1483/4500] 9bd1e444-2330-41bd-b716-45cdb9c38e6f: cophenetic index 2974; 0.8 s; peak memory 451 MiB.
2026-10-08T17:41:02Z INFO [1484/4500] 9bd1e6b9-55c4-4d60-a22f-3d6ce1a6a7d9: cophenetic index 649861; 5.5 s; peak memory 451 MiB.
2026-10-08T17:41:03Z INFO [1485/4500] 9bd1f5e9-4e28-4f02-aca3-d8963a530215: cophenetic index 3004; 0.8 s; peak memory 451 MiB.
2026-10-08T17:41:06Z INFO [1486/4500] 9bd2f7da-5f42-413f-adc5-ef9c36602d96: cophenetic index 83175; 3.0 s; peak memory 451 MiB.
2026-10-08T17:41:07Z INFO [1487/4500] 9bd3dd48-8fec-4dec-9ec4-847360c5c6b7: cophenetic index 766; 0.8 s; peak memory 451 MiB.
2026-10-08T17:41:08Z INFO [1488/4500] 9bd422de-86e0-4c3e-855a-46f8cddeb882: cophenetic index 624; 0.8 s; peak memory 451 MiB.
2026-10-08T17:41:08Z INFO [1489/4500] 9bd47a4b-655b-4425-88c1-e1053768d6b6: cophenetic index 624; 0.6 s; peak memory 451 MiB.
2026-10-08T17:41:09Z INFO [1490/4500] 9bd4eca0-8b17-483d-a601-6c0d1618b691: cophenetic index 2625; 0.8 s; peak memory 451 MiB.
2026-10-08T17:41:10Z INFO [1491/4500] 9bd502aa-b0ae-4f29-bae9-0fcdf492ccc3: cophenetic index 3004; 0.7 s; peak memory 451 MiB.
2026-10-08T17:41:11Z INFO [1492/4500] 9bd5a6c2-025f-45f9-9af5-475f330fc92e: cophenetic index 624; 0.7 s; peak memory 451 MiB.
2026-10-08T17:41:12Z INFO [1493/4500] 9bd613ac-24e3-48f1-869b-1211a285ce70: cophenetic index 33986; 1.1 s; peak memory 451 MiB.
2026-10-08T17:41:12Z INFO [1494/4500] 9bd78c6e-323d-45f6-a540-2dd620ef6ed3: cophenetic index 2625; 0.8 s; peak memory 451 MiB.
2026-10-08T17:41:13Z INFO [1495/4500] 9bd7f4ba-970f-4f92-bcb1-cb7e7e5c6d8c: cophenetic index 2625; 0.8 s; peak memory 451 MiB.
2026-10-08T17:41:14Z INFO [1496/4500] 9bd80bb1-e262-46ed-bfb2-5b4e2893ef26: cophenetic index 624; 0.6 s; peak memory 451 MiB.
2026-10-08T17:41:14Z INFO [1497/4500] 9bd816da-7fb5-424f-b47c-95866a1590b0: cophenetic index 624; 0.6 s; peak memory 451 MiB.
2026-10-08T17:41:15Z INFO [1498/4500] 9bd9bd10-6e2d-4645-8a22-f17c8d26f407: cophenetic index 687; 1.2 s; peak memory 451 MiB.
2026-10-08T17:41:19Z INFO [1499/4500] 9bdaaa28-332c-424e-8535-7f70bbd32a0d: cophenetic index 6800; 3.8 s; peak memory 451 MiB.
2026-10-08T17:41:20Z INFO [1500/4500] 9bdafcee-1b31-4fad-98f7-72d7abc33778: cophenetic index 624; 0.7 s; peak memory 451 MiB.
2026-10-08T17:41:20Z INFO [1500/4500] 9bdafcee-1b31-4fad-98f7-72d7abc33778: checkpointed 121924 new records.
2026-10-08T17:41:21Z INFO [1501/4500] 9bdb6b3b-e715-4cc2-a17b-cbae36ece2d1: cophenetic index 30304; 0.9 s; peak memory 451 MiB.
2026-10-08T17:41:22Z INFO [1502/4500] 9bdb7859-1729-4314-93c1-7a7b3bde0262: cophenetic index 624; 0.6 s; peak memory 451 MiB.
2026-10-08T17:41:22Z INFO [1503/4500] 9bdbd307-0fdc-4231-8577-f0025839b90e: cophenetic index 569; 0.7 s; peak memory 451 MiB.
2026-10-08T17:41:23Z INFO [1504/4500] 9bdcedd4-45ea-4f0a-aa15-a5ec6bc0d715: cophenetic index 624; 0.6 s; peak memory 451 MiB.
2026-10-08T17:41:25Z INFO [1505/4500] 9bdd3537-5715-4a09-b173-0c8ab14d15f6: cophenetic index 2402; 1.7 s; peak memory 451 MiB.
2026-10-08T17:41:28Z INFO [1506/4500] 9bdddaa3-456b-459a-9b4f-d227e9c9e7fd: cophenetic index 6800; 3.6 s; peak memory 451 MiB.
2026-10-08T17:41:31Z INFO [1507/4500] 9bde2bde-5f06-4546-aabe-920ccf547f2e: cophenetic index 8834; 2.4 s; peak memory 451 MiB.
2026-10-08T17:41:35Z INFO [1508/4500] 9bdf6c53-b448-47c9-af59-1e5144a7fb59: cophenetic index 115570; 4.6 s; peak memory 451 MiB.
2026-10-08T17:41:36Z INFO [1509/4500] 9bdfbd15-9c4b-487f-86bf-d678880780ea: cophenetic index 624; 0.6 s; peak memory 451 MiB.
2026-10-08T17:41:37Z INFO [1510/4500] 9be0cd42-0b94-47ca-a63f-dafdee66a041: cophenetic index 624; 0.7 s; peak memory 451 MiB.
2026-10-08T17:41:37Z INFO [1511/4500] 9be114eb-b859-493d-ab04-a895e287d76e: cophenetic index 3004; 0.7 s; peak memory 451 MiB.
2026-10-08T17:41:38Z INFO [1512/4500] 9be298db-45d1-4c81-ac29-cc63576996d4: cophenetic index 2625; 0.9 s; peak memory 451 MiB.
2026-10-08T17:41:39Z INFO [1513/4500] 9be410c8-2cda-47d4-9bf5-0604d096032f: cophenetic index 3087; 0.7 s; peak memory 451 MiB.
2026-10-08T17:41:40Z INFO [1514/4500] 9be49153-7682-4800-bfca-fb2069501d92: cophenetic index 2625; 1.1 s; peak memory 451 MiB.
2026-10-08T17:41:41Z INFO [1515/4500] 9be54713-9ce6-47ee-9049-b72a9e7ef523: cophenetic index 325333; 1.1 s; peak memory 451 MiB.
2026-10-08T17:41:42Z INFO [1516/4500] 9be56c4c-ecd6-4475-aec5-57f672f6999f: cophenetic index 2625; 0.8 s; peak memory 451 MiB.
2026-10-08T17:41:43Z INFO [1517/4500] 9be62faf-b507-4ce7-8ab0-30bd081b4013: cophenetic index 2625; 0.9 s; peak memory 451 MiB.
2026-10-08T17:41:44Z INFO [1518/4500] 9be6b47f-365e-4fe5-a75a-446dcd590ae1: cophenetic index 33998; 1.0 s; peak memory 451 MiB.
2026-10-08T17:41:45Z INFO [1519/4500] 9be7394a-25e5-4106-ae34-544ea313f47a: cophenetic index 2402; 1.7 s; peak memory 451 MiB.
2026-10-08T17:41:47Z INFO [1520/4500] 9be7709d-e76f-44e0-af54-78b2f86b8423: cophenetic index 7765; 1.7 s; peak memory 451 MiB.
2026-10-08T17:41:49Z INFO [1521/4500] 9be83abc-b7b4-431c-bf0f-1bd52576d622: cophenetic index 7052; 2.0 s; peak memory 451 MiB.
2026-10-08T17:41:50Z INFO [1522/4500] 9be99b00-cc69-433a-b73e-9d2e708eb781: cophenetic index 2625; 0.7 s; peak memory 451 MiB.
2026-10-08T17:41:50Z INFO [1523/4500] 9be9b01d-e112-4986-b50a-5f0c8d4ae6df: cophenetic index 490; 0.4 s; peak memory 451 MiB.
2026-10-08T17:41:51Z INFO [1524/4500] 9bea7b3f-1474-4f87-aff4-219e8ff86b85: cophenetic index 494; 0.6 s; peak memory 451 MiB.
2026-10-08T17:41:52Z INFO [1525/4500] 9bec17ac-5072-46f6-a5bb-f9ec0633097b: cophenetic index 2625; 0.9 s; peak memory 451 MiB.
2026-10-08T17:41:52Z INFO [1526/4500] 9bec529a-f13f-4773-930a-fcd7b750e540: cophenetic index 1949; 0.6 s; peak memory 451 MiB.
2026-10-08T17:41:53Z INFO [1527/4500] 9bec78c0-d2ac-4c9a-8ffb-4affcb581822: cophenetic index 624; 0.7 s; peak memory 451 MiB.
2026-10-08T17:41:54Z INFO [1528/4500] 9bec930c-59cf-45ce-90bb-eace410c2f26: cophenetic index 33986; 0.9 s; peak memory 451 MiB.
2026-10-08T17:41:55Z INFO [1529/4500] 9becd8d7-d3b3-4532-aa1a-dbec8227745b: cophenetic index 3004; 0.7 s; peak memory 451 MiB.
2026-10-08T17:41:58Z INFO [1530/4500] 9becf1ee-4a39-46b0-94e3-889759d2a828: cophenetic index 91554; 3.5 s; peak memory 451 MiB.
2026-10-08T17:42:02Z INFO [1531/4500] 9bee259f-7c91-434c-8329-b042e634a1e9: cophenetic index 106987; 4.0 s; peak memory 451 MiB.
2026-10-08T17:42:22Z INFO [1532/4500] 9bee519b-a0e0-4ea0-8775-dead950312af: cophenetic index 20554484; 19.4 s; peak memory 451 MiB.
2026-10-08T17:42:22Z INFO [1533/4500] 9bee8e12-0d4c-443a-b616-49cc8060a50b: cophenetic index 624; 0.6 s; peak memory 451 MiB.
2026-10-08T17:42:23Z INFO [1534/4500] 9bee9165-3409-48c6-89f1-7579d16b0a1c: cophenetic index 2625; 1.0 s; peak memory 451 MiB.
2026-10-08T17:42:24Z INFO [1535/4500] 9bee9898-b3a1-4be7-bf5d-5f4fbf75cbe9: cophenetic index 2840; 0.5 s; peak memory 451 MiB.
2026-10-08T17:42:25Z INFO [1536/4500] 9beee678-3727-43e9-891d-6785f1e15737: cophenetic index 718; 1.0 s; peak memory 451 MiB.
2026-10-08T17:42:25Z INFO [1537/4500] 9bef6c3c-8ada-4854-a2e5-a82e6f73c52c: cophenetic index 431; 0.4 s; peak memory 451 MiB.
2026-10-08T17:42:26Z INFO [1538/4500] 9befdcf1-6572-47d1-ba27-d5f7df7698ab: cophenetic index 624; 0.5 s; peak memory 451 MiB.
2026-10-08T17:42:26Z INFO [1539/4500] 9bf09e35-20ba-4bec-9a1d-7205b2b8d6f7: cophenetic index 2570; 0.7 s; peak memory 451 MiB.
2026-10-08T17:42:27Z INFO [1540/4500] 9bf0a549-be9b-4de3-a745-4376a6732913: cophenetic index 23364; 0.7 s; peak memory 451 MiB.
2026-10-08T17:42:29Z INFO [1541/4500] 9bf1a2a4-bc52-4312-a352-fbb9912d3f3a: cophenetic index 2391; 1.6 s; peak memory 451 MiB.
2026-10-08T17:42:33Z INFO [1542/4500] 9bf20b0f-b592-45b4-ba20-4d05f3dcf71b: cophenetic index 158039; 4.6 s; peak memory 451 MiB.
2026-10-08T17:42:37Z INFO [1543/4500] 9bf2450a-c9df-42ee-8294-57fc0c7743ac: cophenetic index 87527; 4.1 s; peak memory 451 MiB.
2026-10-08T17:42:38Z INFO [1544/4500] 9bf29ca6-ccdc-42d3-8a5a-cbc94896184a: cophenetic index 3004; 0.8 s; peak memory 451 MiB.
2026-10-08T17:42:39Z INFO [1545/4500] 9bf31113-9cf8-48c9-b4cc-ba34ffd67b5d: cophenetic index 739; 0.5 s; peak memory 451 MiB.
2026-10-08T17:42:39Z INFO [1546/4500] 9bf3b1df-b76a-43c4-9145-0eae61127859: cophenetic index 624; 0.7 s; peak memory 451 MiB.
2026-10-08T17:42:40Z INFO [1547/4500] 9bf40d12-c038-4d71-bad4-c104b52431bc: cophenetic index 3087; 0.8 s; peak memory 451 MiB.
2026-10-08T17:42:42Z INFO [1548/4500] 9bf4e7f6-4e54-4a99-9b81-aa08158e8718: cophenetic index 777; 1.4 s; peak memory 451 MiB.
2026-10-08T17:42:42Z INFO [1549/4500] 9bf5202f-89c5-47d5-8bfb-1b1693b0fb62: cophenetic index 624; 0.6 s; peak memory 451 MiB.
2026-10-08T17:42:44Z INFO [1550/4500] 9bf598d5-9be6-4408-9a3c-ac1649ce32c7: cophenetic index 99150; 1.5 s; peak memory 451 MiB.
2026-10-08T17:42:44Z INFO [1550/4500] 9bf598d5-9be6-4408-9a3c-ac1649ce32c7: checkpointed 121974 new records.
2026-10-08T17:42:45Z INFO [1551/4500] 9bf5f168-9982-4557-b6b9-2931a87e0c9b: cophenetic index 3004; 0.7 s; peak memory 451 MiB.
2026-10-08T17:42:50Z INFO [1552/4500] 9bf624b2-3060-4ff9-a58a-76fe968536ca: cophenetic index 71493; 5.0 s; peak memory 451 MiB.
2026-10-08T17:42:50Z INFO [1553/4500] 9bf63338-81ee-4008-88cc-b92e4a435c49: cophenetic index 690; 0.6 s; peak memory 451 MiB.
2026-10-08T17:42:51Z INFO [1554/4500] 9bf78973-f102-4eb8-9456-d469fc5892f0: cophenetic index 33962; 0.9 s; peak memory 451 MiB.
2026-10-08T17:42:52Z INFO [1555/4500] 9bf81058-eadc-44f4-9c91-3dee19325bd5: cophenetic index 3004; 0.6 s; peak memory 451 MiB.
2026-10-08T17:42:53Z INFO [1556/4500] 9bf8769f-4a75-4c45-994a-42995c514b24: cophenetic index 2974; 0.8 s; peak memory 451 MiB.
2026-10-08T17:42:54Z INFO [1557/4500] 9bf921fb-6ab2-4127-814e-a98c85c1d092: cophenetic index 33962; 1.1 s; peak memory 451 MiB.
2026-10-08T17:42:54Z INFO [1558/4500] 9bf9a706-9169-4dde-8383-ac57a5091dc3: cophenetic index 624; 0.6 s; peak memory 451 MiB.
2026-10-08T17:42:55Z INFO [1559/4500] 9bf9fe18-e756-42a0-92f1-d71bc98b2db0: cophenetic index 431; 0.7 s; peak memory 451 MiB.
2026-10-08T17:42:56Z INFO [1560/4500] 9bfa22dd-1701-4b40-b854-dca639aa4968: cophenetic index 624; 0.6 s; peak memory 451 MiB.
2026-10-08T17:42:56Z INFO [1561/4500] 9bfa4ed7-2e5b-4350-be22-959ecda7a61b: cophenetic index 624; 0.7 s; peak memory 451 MiB.
2026-10-08T17:42:58Z INFO [1562/4500] 9bfaa5cf-d100-435a-b2f2-7025f4c9aa04: cophenetic index 2402; 1.6 s; peak memory 451 MiB.
2026-10-08T17:42:58Z INFO [1563/4500] 9bfabf89-dff7-4a32-880e-2089b66912a7: cophenetic index 624; 0.5 s; peak memory 451 MiB.
2026-10-08T17:42:59Z INFO [1564/4500] 9bfb6d2c-89d7-4d04-b7e8-15beaa052e26: cophenetic index 624; 0.5 s; peak memory 451 MiB.
2026-10-08T17:42:59Z INFO [1565/4500] 9bfc6a26-81e0-4bbe-a02f-45d60fe284bf: cophenetic index 490; 0.4 s; peak memory 451 MiB.
2026-10-08T17:43:03Z INFO [1566/4500] 9bfcf703-0618-450f-b3ed-1e4ff6214fd4: cophenetic index 45434; 3.7 s; peak memory 451 MiB.
2026-10-08T17:43:04Z INFO [1567/4500] 9bfd3852-a97e-41a3-b219-74f6bd5b8000: cophenetic index 2932; 0.8 s; peak memory 451 MiB.
2026-10-08T17:43:05Z INFO [1568/4500] 9bfdf07e-c45a-4e45-bd7c-fff2253a6718: cophenetic index 23510; 0.8 s; peak memory 451 MiB.
2026-10-08T17:43:05Z INFO [1569/4500] 9bfe0ab8-c8da-410d-8436-67f9b070c534: cophenetic index 3004; 0.7 s; peak memory 451 MiB.
2026-10-08T17:43:06Z INFO [1570/4500] 9bfee449-3a87-4185-ab3b-c6e63172b894: cophenetic index 624; 0.7 s; peak memory 451 MiB.
2026-10-08T17:43:07Z INFO [1571/4500] 9bfef9e2-1f79-4eb7-a65c-c904c13ec355: cophenetic index 3004; 0.8 s; peak memory 451 MiB.
2026-10-08T17:43:07Z INFO [1572/4500] 9bff5abb-24bb-4ca3-8f63-7653056bc53b: cophenetic index 560; 0.5 s; peak memory 451 MiB.
2026-10-08T17:43:10Z INFO [1573/4500] 9bff9723-a19a-4003-a7f8-ac2e2cfa2e73: cophenetic index 15380; 2.7 s; peak memory 451 MiB.
2026-10-08T17:43:11Z INFO [1574/4500] 9c001de7-1330-4abc-82b7-6d6fdcd14d15: cophenetic index 624; 0.7 s; peak memory 451 MiB.
2026-10-08T17:43:11Z INFO [1575/4500] 9c011b68-b87c-4ad5-a74d-81dbc8197a0d: cophenetic index 3004; 0.8 s; peak memory 451 MiB.
2026-10-08T17:43:18Z INFO [1576/4500] 9c015f63-4060-49b9-ab22-a4b72ad0e201: cophenetic index 48355; 6.5 s; peak memory 451 MiB.
2026-10-08T17:43:22Z INFO [1577/4500] 9c03dc04-e565-425b-8766-27f4cfb6cd69: cophenetic index 66697; 4.0 s; peak memory 451 MiB.
2026-10-08T17:43:24Z INFO [1578/4500] 9c0537ef-ed99-4cd1-bb72-812dcdf98f2c: cophenetic index 684; 1.8 s; peak memory 451 MiB.
2026-10-08T17:43:24Z INFO [1579/4500] 9c058720-ae12-4417-ab07-72b351c533fb: cophenetic index 2625; 0.8 s; peak memory 451 MiB.
2026-10-08T17:43:25Z INFO [1580/4500] 9c05bc38-d842-4a31-b299-10a0e5692d88: cophenetic index 624; 0.6 s; peak memory 451 MiB.
2026-10-08T17:43:30Z INFO [1581/4500] 9c05fede-1884-4e29-aa91-464554cdc85f: cophenetic index 6715; 4.9 s; peak memory 451 MiB.
2026-10-08T17:43:31Z INFO [1582/4500] 9c0686a0-72e1-43db-bf9e-4da87f66accb: cophenetic index 2682; 1.3 s; peak memory 451 MiB.
2026-10-08T17:43:32Z INFO [1583/4500] 9c06ec31-1f22-43cb-973b-486e3e3eee9d: cophenetic index 624; 0.7 s; peak memory 451 MiB.
2026-10-08T17:43:32Z INFO [1584/4500] 9c078d60-04fc-4879-89bc-fdbb196bab97: cophenetic index 1228; 0.5 s; peak memory 451 MiB.
2026-10-08T17:43:33Z INFO [1585/4500] 9c084c4f-c99f-4625-8860-037f8e561a75: cophenetic index 624; 0.6 s; peak memory 451 MiB.
2026-10-08T17:43:34Z INFO [1586/4500] 9c087f89-1842-4be6-80a2-16e7e54a71c1: cophenetic index 624; 0.6 s; peak memory 451 MiB.
2026-10-08T17:43:34Z INFO [1587/4500] 9c09076d-b982-407b-8241-58bd914fc11a: cophenetic index 624; 0.7 s; peak memory 451 MiB.
2026-10-08T17:43:36Z INFO [1588/4500] 9c0a88f4-2609-4771-a166-4c106b113665: cophenetic index 629; 1.1 s; peak memory 451 MiB.
2026-10-08T17:43:37Z INFO [1589/4500] 9c0b6a16-03e7-4285-982f-59c24746cb56: cophenetic index 33968; 1.1 s; peak memory 451 MiB.
2026-10-08T17:43:37Z INFO [1590/4500] 9c0d15d1-04fa-4e1a-bba5-ef5306946a96: cophenetic index 624; 0.7 s; peak memory 451 MiB.
2026-10-08T17:43:38Z INFO [1591/4500] 9c0d26fb-6cd7-493f-84dd-ce71c111ef62: cophenetic index 624; 0.6 s; peak memory 451 MiB.
2026-10-08T17:43:39Z INFO [1592/4500] 9c0dc22a-b1fa-4a77-a625-127ce559b873: cophenetic index 3087; 0.8 s; peak memory 451 MiB.
2026-10-08T17:43:41Z INFO [1593/4500] 9c0df7c3-b370-4437-a9f1-9ed6728e0906: cophenetic index 3644; 1.9 s; peak memory 451 MiB.
2026-10-08T17:43:41Z INFO [1594/4500] 9c0ecaac-1ecc-4b0b-b2ab-2baecfa19772: cophenetic index 624; 0.7 s; peak memory 451 MiB.
2026-10-08T17:43:42Z INFO [1595/4500] 9c0eecbd-d906-4fcb-8cbb-6cfcf256294f: cophenetic index 2114; 1.0 s; peak memory 451 MiB.
2026-10-08T17:43:43Z INFO [1596/4500] 9c0f1ea1-89db-4b86-ae11-4d7c2053d366: cophenetic index 624; 0.6 s; peak memory 451 MiB.
2026-10-08T17:43:44Z INFO [1597/4500] 9c0fd528-3d3d-4a7a-8b85-56cbe317a2fc: cophenetic index 2654; 1.2 s; peak memory 451 MiB.
2026-10-08T17:43:45Z INFO [1598/4500] 9c0fde99-c744-4a57-b651-15bd9c5deb70: cophenetic index 1130; 1.1 s; peak memory 451 MiB.
2026-10-08T17:43:46Z INFO [1599/4500] 9c101d96-8eff-4750-bd55-daff00447b4a: cophenetic index 624; 0.6 s; peak memory 451 MiB.
2026-10-08T17:43:46Z INFO [1600/4500] 9c1227db-f2e5-4e0f-abc7-5b8797ff7f16: cophenetic index 952; 0.5 s; peak memory 451 MiB.
2026-10-08T17:43:46Z INFO [1600/4500] 9c1227db-f2e5-4e0f-abc7-5b8797ff7f16: checkpointed 122024 new records.
2026-10-08T17:43:51Z INFO [1601/4500] 9c125eb7-611d-449d-9653-06e62266933b: cophenetic index 6715; 4.4 s; peak memory 451 MiB.
2026-10-08T17:43:52Z INFO [1602/4500] 9c129bd7-e81c-457c-9207-4564ed5b7915: cophenetic index 1309; 1.0 s; peak memory 451 MiB.
2026-10-08T17:43:52Z INFO [1603/4500] 9c12c4c9-4950-4554-8356-68d03f95c3d9: cophenetic index 624; 0.6 s; peak memory 451 MiB.
2026-10-08T17:44:00Z INFO [1604/4500] 9c13817e-ec98-497c-8b66-326cb02be529: cophenetic index 228932; 7.4 s; peak memory 451 MiB.
2026-10-08T17:44:02Z INFO [1605/4500] 9c139aa8-1889-46ea-9ee9-9bc9b4a6cc40: cophenetic index 8258; 1.7 s; peak memory 451 MiB.
2026-10-08T17:44:02Z INFO [1606/4500] 9c139cbd-8aa1-4af5-a3d6-f8414af2318a: cophenetic index 649; 0.7 s; peak memory 451 MiB.
2026-10-08T17:44:03Z INFO [1607/4500] 9c13f7b9-2d3c-47a1-9228-3e8938753ad2: cophenetic index 99810; 1.0 s; peak memory 451 MiB.
2026-10-08T17:44:04Z INFO [1608/4500] 9c14c436-c7f6-47a2-9c43-56959a18d451: cophenetic index 2625; 1.1 s; peak memory 451 MiB.
2026-10-08T17:44:05Z INFO [1609/4500] 9c166792-4847-4aee-8cf4-7a0215724a47: cophenetic index 624; 0.8 s; peak memory 451 MiB.
2026-10-08T17:44:07Z INFO [1610/4500] 9c17075d-efbb-4b71-9aba-a0a80605fc99: cophenetic index 11009; 2.0 s; peak memory 451 MiB.
2026-10-08T17:44:08Z INFO [1611/4500] 9c17277a-14bd-4906-a7f6-e64588dabd86: cophenetic index 2625; 1.1 s; peak memory 451 MiB.
2026-10-08T17:44:09Z INFO [1612/4500] 9c1773b0-dcf9-4ac1-9b8f-256addb0a3fb: cophenetic index 3004; 0.7 s; peak memory 451 MiB.
2026-10-08T17:44:10Z INFO [1613/4500] 9c17865b-ff4d-40b4-b3ff-c8be6c4e059a: cophenetic index 2625; 0.9 s; peak memory 451 MiB.
2026-10-08T17:44:11Z INFO [1614/4500] 9c17d49e-04a9-4632-9f67-496fff5c194a: cophenetic index 2920; 0.6 s; peak memory 451 MiB.
2026-10-08T17:44:14Z INFO [1615/4500] 9c1812c8-26b6-4c43-967b-ef0847b8622c: cophenetic index 9181; 3.4 s; peak memory 451 MiB.
2026-10-08T17:44:15Z INFO [1616/4500] 9c1850be-c2e8-43e3-a822-539cb083aa69: cophenetic index 624; 0.6 s; peak memory 451 MiB.
2026-10-08T17:44:15Z INFO [1617/4500] 9c1894ce-80d7-46b8-ae7e-d9ea104cca9f: cophenetic index 624; 0.7 s; peak memory 451 MiB.
2026-10-08T17:44:16Z INFO [1618/4500] 9c189560-c9bf-48c7-89b2-b4703a563fa2: cophenetic index 624; 0.6 s; peak memory 451 MiB.
2026-10-08T17:44:17Z INFO [1619/4500] 9c19ddaf-0bb6-444d-853c-a57ed5ab9f8e: cophenetic index 3057; 0.8 s; peak memory 451 MiB.
2026-10-08T17:44:17Z INFO [1620/4500] 9c1b0faa-e0ef-4d52-84bd-b12daa3780d2: cophenetic index 649; 0.7 s; peak memory 451 MiB.
2026-10-08T17:44:19Z INFO [1621/4500] 9c1d1319-f51b-4f9b-8549-8abc463aaf52: cophenetic index 1979; 1.9 s; peak memory 451 MiB.
2026-10-08T17:44:20Z INFO [1622/4500] 9c1d2efb-d466-497a-a8a5-460e61713cad: cophenetic index 718; 0.9 s; peak memory 451 MiB.
2026-10-08T17:44:21Z INFO [1623/4500] 9c1daf6f-53c2-42ff-bb79-dc53d64dcba9: cophenetic index 490; 0.4 s; peak memory 451 MiB.
2026-10-08T17:44:22Z INFO [1624/4500] 9c1e124d-235f-4c11-bdad-ad3f4cab5a15: cophenetic index 2496; 0.9 s; peak memory 451 MiB.
2026-10-08T17:44:22Z INFO [1625/4500] 9c1eac78-73b4-46ad-8695-580e7389cf55: cophenetic index 624; 0.6 s; peak memory 451 MiB.
2026-10-08T17:44:24Z INFO [1626/4500] 9c1eb16a-8887-4ec6-a0e3-4fe1b08da9f6: cophenetic index 5473; 1.9 s; peak memory 451 MiB.
2026-10-08T17:44:25Z INFO [1627/4500] 9c1edbb7-7258-4d92-ab6b-55dc6e119684: cophenetic index 1265; 0.6 s; peak memory 451 MiB.
2026-10-08T17:44:26Z INFO [1628/4500] 9c1f40f4-0d4d-42f5-bed9-196c11cf0eb8: cophenetic index 2609; 1.5 s; peak memory 451 MiB.
2026-10-08T17:44:27Z INFO [1629/4500] 9c1f99fa-2ceb-4bb0-88ac-c347d5183e7b: cophenetic index 624; 0.7 s; peak memory 451 MiB.
2026-10-08T17:44:28Z INFO [1630/4500] 9c200a14-bf0f-41fd-8e14-c09339667b94: cophenetic index 3087; 0.7 s; peak memory 451 MiB.
2026-10-08T17:44:29Z INFO [1631/4500] 9c209e41-2014-4164-afe8-77aba79db7ac: cophenetic index 8258; 1.7 s; peak memory 451 MiB.
2026-10-08T17:44:30Z INFO [1632/4500] 9c216a6f-1fb1-451a-be84-d5ad67e94a8f: cophenetic index 3192; 0.6 s; peak memory 451 MiB.
2026-10-08T17:44:30Z INFO [1633/4500] 9c216d2d-5e57-482b-94d7-34db48c49141: cophenetic index 624; 0.6 s; peak memory 451 MiB.
2026-10-08T17:44:31Z INFO [1634/4500] 9c2184cd-d8aa-41ba-b983-d0c41b8d321f: cophenetic index 624; 0.7 s; peak memory 451 MiB.
2026-10-08T17:44:33Z INFO [1635/4500] 9c21eec1-ad7b-463c-9ee1-c524618a5f07: cophenetic index 7916; 2.1 s; peak memory 451 MiB.
2026-10-08T17:44:34Z INFO [1636/4500] 9c2255f1-5053-4768-9e77-2e722a550f57: cophenetic index 624; 0.6 s; peak memory 451 MiB.
2026-10-08T17:44:34Z INFO [1637/4500] 9c24e7a8-402a-46e8-822c-e5c02e7bf16d: cophenetic index 490; 0.4 s; peak memory 451 MiB.
2026-10-08T17:44:35Z INFO [1638/4500] 9c254fed-b044-4637-a358-9f7dc4abdac2: cophenetic index 624; 0.7 s; peak memory 451 MiB.
2026-10-08T17:44:36Z INFO [1639/4500] 9c256950-bac0-4918-9e43-03dc9d0506d2: cophenetic index 325333; 1.4 s; peak memory 451 MiB.
2026-10-08T17:44:38Z INFO [1640/4500] 9c271589-386c-443c-a840-b3156dadd1f2: cophenetic index 5473; 2.0 s; peak memory 451 MiB.
2026-10-08T17:44:44Z INFO [1641/4500] 9c277e3d-3e74-4aec-8649-d8ac8567d1ae: cophenetic index 187882; 6.0 s; peak memory 451 MiB.
2026-10-08T17:44:45Z INFO [1642/4500] 9c279973-d624-4007-8201-ac48a66edfd1: cophenetic index 2625; 0.7 s; peak memory 451 MiB.
2026-10-08T17:44:46Z INFO [1643/4500] 9c27eb8c-7fac-43d9-a669-58cabba90bbb: cophenetic index 624; 0.8 s; peak memory 451 MiB.
2026-10-08T17:44:53Z INFO [1644/4500] 9c2835c1-e89f-46b6-90ca-4dfbddbad09e: cophenetic index 49783; 6.8 s; peak memory 451 MiB.
2026-10-08T17:44:54Z INFO [1645/4500] 9c29c1ad-6764-4b3e-af41-00806fa0b1f1: cophenetic index 23423; 0.9 s; peak memory 451 MiB.
2026-10-08T17:44:54Z INFO [1646/4500] 9c29c9ab-dcf8-4fcb-8c80-7dca9ab8e7c9: cophenetic index 624; 0.7 s; peak memory 451 MiB.
2026-10-08T17:44:55Z INFO [1647/4500] 9c29e6c4-0f4e-47a2-a065-e031be57ffc1: cophenetic index 569; 0.8 s; peak memory 451 MiB.
2026-10-08T17:44:56Z INFO [1648/4500] 9c2a1c22-4650-453e-bca9-8be18c16289a: cophenetic index 1570; 0.9 s; peak memory 451 MiB.
2026-10-08T17:44:57Z INFO [1649/4500] 9c2b4f42-4d74-405f-9d64-31fd59f20ae3: cophenetic index 624; 0.6 s; peak memory 451 MiB.
2026-10-08T17:44:57Z INFO [1650/4500] 9c2c7e2a-f9ab-43a3-9448-ac0bfbf593ed: cophenetic index 649; 0.6 s; peak memory 451 MiB.
2026-10-08T17:44:58Z INFO [1650/4500] 9c2c7e2a-f9ab-43a3-9448-ac0bfbf593ed: checkpointed 122074 new records.
2026-10-08T17:44:58Z INFO [1651/4500] 9c2e97e4-8e14-491a-a997-c065d9397ce2: cophenetic index 624; 0.7 s; peak memory 451 MiB.
2026-10-08T17:44:59Z INFO [1652/4500] 9c2faeda-1fde-4d1d-b7c8-4d5b34edf0e2: cophenetic index 560; 0.6 s; peak memory 451 MiB.
2026-10-08T17:45:00Z INFO [1653/4500] 9c2fb586-1a39-43cc-a983-fbd0962e870c: cophenetic index 3087; 0.8 s; peak memory 451 MiB.
2026-10-08T17:45:00Z INFO [1654/4500] 9c30764d-a50b-4733-bcf3-2fde49e6fb54: cophenetic index 431; 0.8 s; peak memory 451 MiB.
2026-10-08T17:45:01Z INFO [1655/4500] 9c314435-abc1-4624-9fc3-6afd9576167f: cophenetic index 624; 0.7 s; peak memory 451 MiB.
2026-10-08T17:45:02Z INFO [1656/4500] 9c317fdc-3315-431a-9469-4e33ff3109cd: cophenetic index 2625; 0.8 s; peak memory 451 MiB.
2026-10-08T17:45:03Z INFO [1657/4500] 9c325e1c-2071-4d2b-873d-7ce9ff445a79: cophenetic index 2923; 0.8 s; peak memory 451 MiB.
2026-10-08T17:45:07Z INFO [1658/4500] 9c32e6ec-17a6-4f48-aecb-32f6deb1d3f6: cophenetic index 34930; 4.0 s; peak memory 451 MiB.
2026-10-08T17:45:08Z INFO [1659/4500] 9c334a2d-b477-44de-9ed4-3c2f62665c7d: cophenetic index 624; 0.8 s; peak memory 451 MiB.
2026-10-08T17:45:10Z INFO [1660/4500] 9c338d16-fd3b-49fa-8459-fbe74d73f317: cophenetic index 340208; 2.4 s; peak memory 451 MiB.
2026-10-08T17:45:11Z INFO [1661/4500] 9c33ce01-32d1-4e12-8e9c-524dad8124d2: cophenetic index 725; 0.7 s; peak memory 451 MiB.
2026-10-08T17:45:11Z INFO [1662/4500] 9c34044b-ac9e-4935-8c45-1fdf7c05ba0d: cophenetic index 1006; 0.9 s; peak memory 451 MiB.
2026-10-08T17:45:12Z INFO [1663/4500] 9c340f5e-c9c8-4ef9-ae2f-890e7125de8e: cophenetic index 579; 0.4 s; peak memory 451 MiB.
2026-10-08T17:45:14Z INFO [1664/4500] 9c34b1d0-f927-4ae0-a977-9859dde5676b: cophenetic index 16365; 2.4 s; peak memory 451 MiB.
2026-10-08T17:45:15Z INFO [1665/4500] 9c34d336-39a9-4a08-a462-677a9e529d66: cophenetic index 2625; 1.0 s; peak memory 451 MiB.
2026-10-08T17:45:17Z INFO [1666/4500] 9c357219-2f89-4d31-8eb7-513a6a48c24f: cophenetic index 12149; 1.9 s; peak memory 451 MiB.
2026-10-08T17:45:18Z INFO [1667/4500] 9c3714e0-2601-4ce7-9a5f-284d83500ea1: cophenetic index 33968; 1.2 s; peak memory 451 MiB.
2026-10-08T17:45:19Z INFO [1668/4500] 9c37f67a-8589-4c1b-951e-088d16eed05c: cophenetic index 2625; 0.8 s; peak memory 451 MiB.
2026-10-08T17:45:21Z INFO [1669/4500] 9c38105c-98aa-4bff-86c5-61c83299a383: cophenetic index 4617; 1.5 s; peak memory 451 MiB.
2026-10-08T17:45:21Z INFO [1670/4500] 9c383c94-ac31-4396-a197-0ed395a1a9ea: cophenetic index 3004; 0.6 s; peak memory 451 MiB.
2026-10-08T17:45:22Z INFO [1671/4500] 9c386899-c22e-4fd7-bcb4-c73526b2487d: cophenetic index 3004; 0.8 s; peak memory 451 MiB.
2026-10-08T17:45:22Z INFO [1672/4500] 9c389258-17c4-4907-b2af-91dcebdf92d7: cophenetic index 1949; 0.6 s; peak memory 451 MiB.
2026-10-08T17:45:24Z INFO [1673/4500] 9c392ed2-2b5d-4efe-a065-8708447d8771: cophenetic index 33986; 1.1 s; peak memory 451 MiB.
2026-10-08T17:45:25Z INFO [1674/4500] 9c3a65a1-ce53-4e59-b8e4-c1484bc2ba0e: cophenetic index 33998; 0.9 s; peak memory 451 MiB.
2026-10-08T17:45:31Z INFO [1675/4500] 9c3b5f91-f1bd-4676-9ec3-0d1cd672c449: cophenetic index 378546; 6.5 s; peak memory 451 MiB.
2026-10-08T17:45:33Z INFO [1676/4500] 9c3ca0c0-3858-4db6-8bf2-d6dfc79284d5: cophenetic index 1733; 1.7 s; peak memory 451 MiB.
2026-10-08T17:45:33Z INFO [1677/4500] 9c3ca696-f395-40d8-8d73-b4bf05d623f3: cophenetic index 624; 0.7 s; peak memory 451 MiB.
2026-10-08T17:45:34Z INFO [1678/4500] 9c3dabf1-747a-45e6-9852-908d46f016ff: cophenetic index 431; 0.8 s; peak memory 451 MiB.
2026-10-08T17:45:35Z INFO [1679/4500] 9c3dc0b9-e1b4-4b8f-90f1-d088ade8748e: cophenetic index 624; 0.8 s; peak memory 451 MiB.
2026-10-08T17:45:36Z INFO [1680/4500] 9c3e87a0-a864-4473-ab48-5de9d32c266c: cophenetic index 624; 0.6 s; peak memory 451 MiB.
2026-10-08T17:45:36Z INFO [1681/4500] 9c3ea3c4-176f-4fad-9156-f843ea72ce5a: cophenetic index 649; 0.6 s; peak memory 451 MiB.
2026-10-08T17:45:37Z INFO [1682/4500] 9c3eeba0-28fb-4baf-985e-4f0b44c53eba: cophenetic index 33962; 1.0 s; peak memory 451 MiB.
2026-10-08T17:45:38Z INFO [1683/4500] 9c3ff316-bbe6-49c8-8e32-f7602bba6853: cophenetic index 972; 1.1 s; peak memory 451 MiB.
2026-10-08T17:45:39Z INFO [1684/4500] 9c400776-d104-46ca-a724-3df1e0a7a68c: cophenetic index 23510; 0.8 s; peak memory 451 MiB.
2026-10-08T17:45:40Z INFO [1685/4500] 9c4050fa-4cab-42bc-acf8-709640ac1b0e: cophenetic index 624; 0.7 s; peak memory 451 MiB.
2026-10-08T17:45:42Z INFO [1686/4500] 9c4051c1-60aa-4feb-8760-2f2cc45dcae4: cophenetic index 3844; 2.2 s; peak memory 451 MiB.
2026-10-08T17:45:43Z INFO [1687/4500] 9c405aee-c53e-408d-9976-5897d2366859: cophenetic index 3004; 0.7 s; peak memory 451 MiB.
2026-10-08T17:45:50Z INFO [1688/4500] 9c41508d-d27e-4a7c-a582-66e2ea65f24f: cophenetic index 253825; 7.0 s; peak memory 451 MiB.
2026-10-08T17:45:50Z INFO [1689/4500] 9c417d9b-9405-4eee-aa50-b57474dc6af7: cophenetic index 2625; 0.8 s; peak memory 451 MiB.
2026-10-08T17:45:51Z INFO [1690/4500] 9c4366a8-3971-41bd-80af-e1f5cb0ffdcd: cophenetic index 3004; 0.7 s; peak memory 451 MiB.
2026-10-08T17:45:52Z INFO [1691/4500] 9c43cb33-71fb-4601-8101-5061cc97c7cf: cophenetic index 2625; 0.9 s; peak memory 451 MiB.
2026-10-08T17:45:53Z INFO [1692/4500] 9c43cea5-fd26-4253-a2c9-a7e7cce71498: cophenetic index 33998; 1.1 s; peak memory 451 MiB.
2026-10-08T17:45:54Z INFO [1693/4500] 9c43f039-4d83-4fd0-bc70-e291a55037dd: cophenetic index 2625; 0.9 s; peak memory 451 MiB.
2026-10-08T17:45:55Z INFO [1694/4500] 9c454447-3365-443c-8909-e95a4f9b0ad3: cophenetic index 624; 0.8 s; peak memory 451 MiB.
2026-10-08T17:45:55Z INFO [1695/4500] 9c45fe8b-f66f-4e3b-87b2-edac73f92093: cophenetic index 431; 0.5 s; peak memory 451 MiB.
2026-10-08T17:45:57Z INFO [1696/4500] 9c463d64-fd09-438c-9097-ac4447440099: cophenetic index 33986; 1.2 s; peak memory 451 MiB.
2026-10-08T17:46:00Z INFO [1697/4500] 9c46fb34-577f-48a3-8a13-c01516e5d760: cophenetic index 6800; 3.2 s; peak memory 451 MiB.
2026-10-08T17:46:00Z INFO [1698/4500] 9c46fdf5-a26e-4dfd-98ae-b7a2b014233d: cophenetic index 490; 0.3 s; peak memory 451 MiB.
2026-10-08T17:46:02Z INFO [1699/4500] 9c475faf-aed2-4937-97cf-a192b9a7846e: cophenetic index 33998; 1.6 s; peak memory 451 MiB.
2026-10-08T17:46:02Z INFO [1700/4500] 9c4769ab-03d7-4178-908c-ff06c1dfb119: cophenetic index 33986; 0.8 s; peak memory 451 MiB.
2026-10-08T17:46:03Z INFO [1700/4500] 9c4769ab-03d7-4178-908c-ff06c1dfb119: checkpointed 122124 new records.
2026-10-08T17:46:04Z INFO [1701/4500] 9c4835e0-e048-43db-9727-34130d6845d3: cophenetic index 1570; 1.0 s; peak memory 451 MiB.
2026-10-08T17:46:08Z INFO [1702/4500] 9c4926e1-d776-4bd5-80f4-bf4729f7f7d7: cophenetic index 87573; 3.9 s; peak memory 451 MiB.
2026-10-08T17:46:09Z INFO [1703/4500] 9c494fda-6d85-4530-ae1d-081fb42a31cd: cophenetic index 7765; 1.6 s; peak memory 451 MiB.
2026-10-08T17:46:11Z INFO [1704/4500] 9c4bfaca-d33f-43d5-a59b-b52d48513e17: cophenetic index 6490; 1.7 s; peak memory 451 MiB.
2026-10-08T17:46:12Z INFO [1705/4500] 9c4ca7ce-073c-498f-8daa-f7b004f1c691: cophenetic index 33986; 1.1 s; peak memory 451 MiB.
2026-10-08T17:46:13Z INFO [1706/4500] 9c4cbdb7-2f98-4513-a482-e2283026d146: cophenetic index 23996; 0.7 s; peak memory 451 MiB.
2026-10-08T17:46:13Z INFO [1707/4500] 9c4d300a-143a-4344-b4ac-6f742b799d80: cophenetic index 23866; 0.8 s; peak memory 451 MiB.
2026-10-08T17:46:15Z INFO [1708/4500] 9c4dcbc4-b386-4c99-9ced-ff79502e2fa4: cophenetic index 2570; 1.1 s; peak memory 451 MiB.
2026-10-08T17:46:15Z INFO [1709/4500] 9c4edbfc-bd86-49c4-97a0-89465d97c9d5: cophenetic index 2625; 0.9 s; peak memory 451 MiB.
2026-10-08T17:46:16Z INFO [1710/4500] 9c4f6347-d7b4-4b4c-aa59-d87ff06b6f35: cophenetic index 1781; 0.6 s; peak memory 451 MiB.
2026-10-08T17:46:17Z INFO [1711/4500] 9c50b41f-e692-414e-a193-9eabe7e23f25: cophenetic index 2625; 1.0 s; peak memory 451 MiB.
2026-10-08T17:46:18Z INFO [1712/4500] 9c517e62-bcc9-4702-afb1-fa6898f6e36b: cophenetic index 624; 0.9 s; peak memory 451 MiB.
2026-10-08T17:46:23Z INFO [1713/4500] 9c52a474-7897-4144-b3a1-4a81fccfa7b2: cophenetic index 121877; 5.0 s; peak memory 451 MiB.
2026-10-08T17:46:27Z INFO [1714/4500] 9c52d120-f25d-48a5-aa0d-f88546d029c6: cophenetic index 56748; 4.2 s; peak memory 451 MiB.
2026-10-08T17:46:34Z INFO [1715/4500] 9c52f41e-17b3-42dd-8dbd-fca84481862e: cophenetic index 182006; 7.1 s; peak memory 451 MiB.
2026-10-08T17:46:35Z INFO [1716/4500] 9c534aae-80b0-49b1-9f72-0f24c6abf5d3: cophenetic index 3004; 0.7 s; peak memory 451 MiB.
2026-10-08T17:46:36Z INFO [1717/4500] 9c5635c5-8eb9-4770-b6b3-40d3f70824d6: cophenetic index 431; 0.8 s; peak memory 451 MiB.
2026-10-08T17:46:37Z INFO [1718/4500] 9c563d7d-deb7-4b2b-9111-516222384b8d: cophenetic index 33962; 0.9 s; peak memory 451 MiB.
2026-10-08T17:46:37Z INFO [1719/4500] 9c568194-48b6-4921-a676-b6c0089f36f4: cophenetic index 569; 0.8 s; peak memory 451 MiB.
2026-10-08T17:46:38Z INFO [1720/4500] 9c56f015-678b-46bd-b6e8-783a5fa3b27f: cophenetic index 690; 0.5 s; peak memory 451 MiB.
2026-10-08T17:46:39Z INFO [1721/4500] 9c571b5a-90bc-429f-866d-d5227d3680b7: cophenetic index 624; 0.7 s; peak memory 451 MiB.
2026-10-08T17:46:39Z INFO [1722/4500] 9c595354-c748-4047-a48f-12643b38fc74: cophenetic index 2920; 0.5 s; peak memory 451 MiB.
2026-10-08T17:46:40Z INFO [1723/4500] 9c59c96f-cfb6-46af-a375-6c0d8ccd3e6b: cophenetic index 633; 0.4 s; peak memory 451 MiB.
2026-10-08T17:46:42Z INFO [1724/4500] 9c59d0e8-6653-47f0-9e4d-53ba2376d020: cophenetic index 5473; 2.0 s; peak memory 451 MiB.
2026-10-08T17:46:42Z INFO [1725/4500] 9c5a0882-d070-4332-8e10-253962333bf1: cophenetic index 766; 0.9 s; peak memory 451 MiB.
2026-10-08T17:46:43Z INFO [1726/4500] 9c5a3b5e-61dd-4eff-9195-7d375b098d4c: cophenetic index 791; 1.0 s; peak memory 451 MiB.
2026-10-08T17:46:44Z INFO [1727/4500] 9c5aac1c-6716-4621-b944-9255afa93f4b: cophenetic index 401; 0.4 s; peak memory 451 MiB.
2026-10-08T17:46:45Z INFO [1728/4500] 9c5af3c0-8376-4e2d-bfe7-dbe8387ee0a0: cophenetic index 1087; 0.8 s; peak memory 451 MiB.
2026-10-08T17:46:47Z INFO [1729/4500] 9c5b5a28-1b69-478a-8b6b-09e2365fc6ff: cophenetic index 5473; 1.9 s; peak memory 451 MiB.
2026-10-08T17:46:48Z INFO [1730/4500] 9c5bd05b-4546-4fc8-ad35-91389a1583a3: cophenetic index 3393; 1.4 s; peak memory 451 MiB.
2026-10-08T17:46:49Z INFO [1731/4500] 9c5cd7a1-0b87-460b-89d1-a8546e06839e: cophenetic index 1087; 0.8 s; peak memory 451 MiB.
2026-10-08T17:46:53Z INFO [1732/4500] 9c5e86a6-3e32-4a58-9f68-ff075757e2b8: cophenetic index 9548; 3.9 s; peak memory 451 MiB.
2026-10-08T17:46:53Z INFO [1733/4500] 9c5eaf3d-406a-4030-b67b-56f7301786da: cophenetic index 2923; 0.7 s; peak memory 451 MiB.
2026-10-08T17:46:54Z INFO [1734/4500] 9c5f6846-4ca0-4b29-abed-d99d593a3026: cophenetic index 649; 0.6 s; peak memory 451 MiB.
2026-10-08T17:46:56Z INFO [1735/4500] 9c5fbc7b-7b57-403d-91ca-ba04fd6a78c2: cophenetic index 34658; 1.8 s; peak memory 451 MiB.
2026-10-08T17:46:56Z INFO [1736/4500] 9c60034f-ef24-4dc3-a370-21c5662801c9: cophenetic index 725; 0.7 s; peak memory 451 MiB.
2026-10-08T17:46:57Z INFO [1737/4500] 9c60cba9-2777-4667-a3c0-2bb8b9db69a7: cophenetic index 624; 0.7 s; peak memory 451 MiB.
2026-10-08T17:46:58Z INFO [1738/4500] 9c60fa42-2843-4a6f-a6e7-01cc317cd334: cophenetic index 23364; 0.7 s; peak memory 451 MiB.
2026-10-08T17:46:59Z INFO [1739/4500] 9c6118ac-50a5-4ffc-be6b-0720db778ad8: cophenetic index 33962; 1.1 s; peak memory 451 MiB.
2026-10-08T17:47:01Z INFO [1740/4500] 9c6191ee-f040-4212-87cf-7c41fb7c0d6c: cophenetic index 33998; 1.7 s; peak memory 451 MiB.
2026-10-08T17:47:01Z INFO [1741/4500] 9c6315b5-4ebc-4732-bbc5-a4603e88be78: cophenetic index 2923; 0.7 s; peak memory 451 MiB.
2026-10-08T17:47:02Z INFO [1742/4500] 9c63fd04-3611-4ae7-93ea-557086256918: cophenetic index 3087; 0.7 s; peak memory 451 MiB.
2026-10-08T17:47:03Z INFO [1743/4500] 9c645d8a-26ee-4385-97b7-6a8aef147f5f: cophenetic index 624; 0.7 s; peak memory 451 MiB.
2026-10-08T17:47:04Z INFO [1744/4500] 9c657acc-7a20-4fc9-a9b3-8c8945e8f9b0: cophenetic index 2570; 0.9 s; peak memory 451 MiB.
2026-10-08T17:47:04Z INFO [1745/4500] 9c65cd43-a8ee-4ee8-bb63-241129271ad3: cophenetic index 3087; 0.8 s; peak memory 451 MiB.
2026-10-08T17:47:05Z INFO [1746/4500] 9c663b87-0758-43bb-b914-08a5e459a5e9: cophenetic index 3004; 0.9 s; peak memory 451 MiB.
2026-10-08T17:47:06Z INFO [1747/4500] 9c6647d9-e16a-4cf3-9d18-5242c41ea56f: cophenetic index 810; 0.9 s; peak memory 451 MiB.
2026-10-08T17:47:07Z INFO [1748/4500] 9c672c7d-2c7f-494d-8e15-e3c2cd34b7bd: cophenetic index 624; 0.5 s; peak memory 451 MiB.
2026-10-08T17:47:08Z INFO [1749/4500] 9c679020-eef9-4ac8-b9a3-4b7c17bac5a4: cophenetic index 777; 1.3 s; peak memory 451 MiB.
2026-10-08T17:47:09Z INFO [1750/4500] 9c68dfa8-51b5-4c6b-8181-dee4da10e849: cophenetic index 33986; 0.8 s; peak memory 451 MiB.
2026-10-08T17:47:09Z INFO [1750/4500] 9c68dfa8-51b5-4c6b-8181-dee4da10e849: checkpointed 122174 new records.
2026-10-08T17:47:10Z INFO [1751/4500] 9c69c602-185e-41cb-8c1b-d8fe0fa5b3ab: cophenetic index 937; 1.0 s; peak memory 451 MiB.
2026-10-08T17:47:11Z INFO [1752/4500] 9c6c8536-da2d-48cf-a800-0629e7528382: cophenetic index 2654; 1.0 s; peak memory 451 MiB.
2026-10-08T17:47:12Z INFO [1753/4500] 9c6c9499-d977-422f-aed9-3e4edc27300d: cophenetic index 6641; 1.4 s; peak memory 451 MiB.
2026-10-08T17:47:15Z INFO [1754/4500] 9c6c9fb5-86cd-4fa9-8e40-a6ddc7806945: cophenetic index 18860; 2.1 s; peak memory 451 MiB.
2026-10-08T17:47:15Z INFO [1755/4500] 9c6cbb26-09f1-4bbf-9a6d-80573b835007: cophenetic index 2570; 0.8 s; peak memory 451 MiB.
2026-10-08T17:47:16Z INFO [1756/4500] 9c6d7c88-b22a-4f51-836a-cad2e0811659: cophenetic index 649; 0.7 s; peak memory 451 MiB.
2026-10-08T17:47:17Z INFO [1757/4500] 9c6dae82-d4c3-48e1-b0ba-c8f3a242e0ef: cophenetic index 624; 0.6 s; peak memory 451 MiB.
2026-10-08T17:47:17Z INFO [1758/4500] 9c6dc29d-a8f4-447f-b05d-e66110a7632e: cophenetic index 3057; 0.7 s; peak memory 451 MiB.
2026-10-08T17:47:19Z INFO [1759/4500] 9c6eedb3-61a1-45a4-b4cc-30fc4b471296: cophenetic index 2391; 1.6 s; peak memory 451 MiB.
2026-10-08T17:47:20Z INFO [1760/4500] 9c6efbfa-143a-4324-a722-ee029b77a2c0: cophenetic index 624; 0.7 s; peak memory 451 MiB.
2026-10-08T17:47:25Z INFO [1761/4500] 9c6f4e74-1593-473f-a848-f0a59e1f1da1: cophenetic index 153748; 4.9 s; peak memory 451 MiB.
2026-10-08T17:47:25Z INFO [1762/4500] 9c6f88bd-8c4b-45bb-8c51-33eead98d0dd: cophenetic index 581; 0.5 s; peak memory 451 MiB.
2026-10-08T17:47:26Z INFO [1763/4500] 9c6f9842-14d8-48b7-9369-d548262917c9: cophenetic index 3057; 0.7 s; peak memory 451 MiB.
2026-10-08T17:47:27Z INFO [1764/4500] 9c705b10-5dd7-42ef-8662-0ad87d3c78e8: cophenetic index 3004; 0.9 s; peak memory 451 MiB.
2026-10-08T17:47:27Z INFO [1765/4500] 9c710105-5a70-4096-bcbe-ed6705b65850: cophenetic index 641; 0.4 s; peak memory 451 MiB.
2026-10-08T17:47:28Z INFO [1766/4500] 9c71ec90-cbd5-41b1-b85a-4bfd16ccc8d1: cophenetic index 624; 0.6 s; peak memory 451 MiB.
2026-10-08T17:47:28Z INFO [1767/4500] 9c729122-b8f7-48c6-8a57-b716b0301473: cophenetic index 560; 0.5 s; peak memory 451 MiB.
2026-10-08T17:47:29Z INFO [1768/4500] 9c73f607-07b6-4945-9788-afab20729d83: cophenetic index 3004; 0.8 s; peak memory 451 MiB.
2026-10-08T17:47:30Z INFO [1769/4500] 9c741c36-5f65-402e-ad6f-31480f755f66: cophenetic index 3087; 0.7 s; peak memory 451 MiB.
2026-10-08T17:47:32Z INFO [1770/4500] 9c7439b9-3daf-42c8-a536-8fffd81d92e3: cophenetic index 5473; 2.0 s; peak memory 451 MiB.
2026-10-08T17:47:34Z INFO [1771/4500] 9c747a4a-f1cc-4ebb-8b6f-dd8ccccf0b5b: cophenetic index 3844; 2.1 s; peak memory 451 MiB.
2026-10-08T17:47:34Z INFO [1772/4500] 9c74e3e6-56c0-44ab-b910-fd2b4262c6d6: cophenetic index 624; 0.6 s; peak memory 451 MiB.
2026-10-08T17:47:35Z INFO [1773/4500] 9c74e651-2a78-406a-9036-999ac65d5646: cophenetic index 636; 1.0 s; peak memory 451 MiB.
2026-10-08T17:47:37Z INFO [1774/4500] 9c751442-84b5-4c44-a279-335f879614ef: cophenetic index 99120; 1.2 s; peak memory 451 MiB.
2026-10-08T17:47:37Z INFO [1775/4500] 9c757c7c-dba8-4e7e-b320-0f19c7a10469: cophenetic index 624; 0.6 s; peak memory 451 MiB.
2026-10-08T17:47:38Z INFO [1776/4500] 9c76344f-ef51-4d25-a19e-db0f7134a31e: cophenetic index 624; 0.7 s; peak memory 451 MiB.
2026-10-08T17:47:39Z INFO [1777/4500] 9c76be3a-f510-456b-b616-fdafcc7708ee: cophenetic index 494; 0.6 s; peak memory 451 MiB.
2026-10-08T17:47:39Z INFO [1778/4500] 9c7721a7-afd4-405a-bbac-a871dba87a8f: cophenetic index 624; 0.7 s; peak memory 451 MiB.
2026-10-08T17:47:40Z INFO [1779/4500] 9c77b818-dc9b-463a-9389-f25dfa55752f: cophenetic index 3004; 0.8 s; peak memory 451 MiB.
2026-10-08T17:47:45Z INFO [1780/4500] 9c784476-021d-4e34-bc78-0577badb3c26: cophenetic index 105129; 5.2 s; peak memory 451 MiB.
2026-10-08T17:47:46Z INFO [1781/4500] 9c795085-36d5-4488-a584-5beeb80028c1: cophenetic index 23853; 1.1 s; peak memory 451 MiB.
2026-10-08T17:47:49Z INFO [1782/4500] 9c797af7-193d-476b-87b2-73426820d3f5: cophenetic index 87573; 3.1 s; peak memory 451 MiB.
2026-10-08T17:47:50Z INFO [1783/4500] 9c79a145-0ab5-4e46-893d-303ebe70b8a4: cophenetic index 2625; 0.9 s; peak memory 451 MiB.
2026-10-08T17:47:51Z INFO [1784/4500] 9c79af8c-e29f-449f-940e-5aa712b7b495: cophenetic index 624; 0.6 s; peak memory 451 MiB.
2026-10-08T17:47:52Z INFO [1785/4500] 9c79f25a-bcf9-41f4-ba56-49b29978e8ea: cophenetic index 3087; 0.7 s; peak memory 451 MiB.
2026-10-08T17:47:53Z INFO [1786/4500] 9c7a3ede-ed38-4f21-9b99-942dd5b30881: cophenetic index 2625; 0.9 s; peak memory 451 MiB.
2026-10-08T17:47:53Z INFO [1787/4500] 9c7b141d-cd23-4613-90b8-8b332f34ec43: cophenetic index 636; 0.8 s; peak memory 451 MiB.
2026-10-08T17:47:56Z INFO [1788/4500] 9c7b240c-befb-41cc-ad3b-530f239ba2a1: cophenetic index 3045; 2.4 s; peak memory 451 MiB.
2026-10-08T17:47:57Z INFO [1789/4500] 9c7b3189-9fea-4735-ac4b-779dcf988d2b: cophenetic index 6100; 0.8 s; peak memory 451 MiB.
2026-10-08T17:47:57Z INFO [1790/4500] 9c7b67c7-e2ba-4b25-8224-6b24e72d16a8: cophenetic index 624; 0.6 s; peak memory 451 MiB.
2026-10-08T17:48:03Z INFO [1791/4500] 9c7b71f1-e680-453d-9109-a700f5cd16a5: cophenetic index 47144; 6.2 s; peak memory 451 MiB.
2026-10-08T17:48:10Z INFO [1792/4500] 9c7c3a9b-434a-454b-9159-41470de17b6f: cophenetic index 48665; 6.2 s; peak memory 451 MiB.
2026-10-08T17:48:10Z INFO [1793/4500] 9c7c4e86-d8aa-4ead-b923-4a72b4262261: cophenetic index 3087; 0.9 s; peak memory 451 MiB.
2026-10-08T17:48:11Z INFO [1794/4500] 9c7d710a-9bfc-4584-8cfa-9e5f342e9735: cophenetic index 624; 0.7 s; peak memory 451 MiB.
2026-10-08T17:48:13Z INFO [1795/4500] 9c7e58cc-e87b-4fff-953e-32c0aa9cc8bc: cophenetic index 2402; 1.8 s; peak memory 451 MiB.
2026-10-08T17:48:14Z INFO [1796/4500] 9c807da7-0d5c-4657-aec8-30b3be4f22a5: cophenetic index 2625; 0.8 s; peak memory 451 MiB.
2026-10-08T17:48:15Z INFO [1797/4500] 9c8111b1-73c1-4066-bfc0-27ee861c7510: cophenetic index 2625; 0.9 s; peak memory 451 MiB.
2026-10-08T17:48:19Z INFO [1798/4500] 9c822468-40ab-4ec2-834e-34cb98a3b8ff: cophenetic index 33579; 4.2 s; peak memory 451 MiB.
2026-10-08T17:48:20Z INFO [1799/4500] 9c82fa07-8cbb-46c7-9a5e-dc4b4180080a: cophenetic index 1087; 1.0 s; peak memory 451 MiB.
2026-10-08T17:49:32Z INFO [1800/4500] 9c835f44-4331-4f84-8fa4-32fc5c9fbca7: cophenetic index 542378018; 71.6 s; peak memory 631 MiB.
2026-10-08T17:49:32Z INFO [1800/4500] 9c835f44-4331-4f84-8fa4-32fc5c9fbca7: checkpointed 122224 new records.
2026-10-08T17:49:32Z INFO [1801/4500] 9c842383-e764-4023-8a91-49a6d753d6fc: cophenetic index 490; 0.6 s; peak memory 632 MiB.
2026-10-08T17:49:38Z INFO [1802/4500] 9c845e96-e32c-4778-88e2-276bfc0834a6: cophenetic index 16035; 6.1 s; peak memory 632 MiB.
2026-10-08T17:49:39Z INFO [1803/4500] 9c852929-7cd2-434c-9caa-240bc2f38a4e: cophenetic index 2625; 0.9 s; peak memory 632 MiB.
2026-10-08T17:49:40Z INFO [1804/4500] 9c85a140-c7ab-476d-b0f7-4359ce7f4ac6: cophenetic index 624; 0.7 s; peak memory 632 MiB.
2026-10-08T17:49:41Z INFO [1805/4500] 9c8643a0-5309-4e04-9c56-3d6df89570d3: cophenetic index 2625; 1.0 s; peak memory 632 MiB.
2026-10-08T17:49:45Z INFO [1806/4500] 9c8852fe-a52a-4a85-8f8e-52bf1562ab3a: cophenetic index 9181; 3.9 s; peak memory 632 MiB.
2026-10-08T17:49:46Z INFO [1807/4500] 9c886943-655f-4542-820a-9e33cfce6924: cophenetic index 99120; 1.2 s; peak memory 632 MiB.
2026-10-08T17:49:47Z INFO [1808/4500] 9c8a2359-ee36-4981-92c6-aa317d9b13a8: cophenetic index 2625; 0.8 s; peak memory 632 MiB.
2026-10-08T17:50:28Z INFO [1809/4500] 9c8a9919-e57c-4233-96ec-b9de3aa22025: cophenetic index 5879857; 41.3 s; peak memory 632 MiB.
2026-10-08T17:50:29Z INFO [1810/4500] 9c8b608b-e093-4624-8e4b-0a524dbc6f0c: cophenetic index 624; 0.7 s; peak memory 632 MiB.
2026-10-08T17:50:33Z INFO [1811/4500] 9c8b9cab-fa01-48bb-bea8-35ae16fdeb9a: cophenetic index 6197; 4.3 s; peak memory 632 MiB.
2026-10-08T17:50:37Z INFO [1812/4500] 9c8c88fa-eb1d-410b-9768-976d83f5dadb: cophenetic index 9181; 3.7 s; peak memory 632 MiB.
2026-10-08T17:50:38Z INFO [1813/4500] 9c8ca320-9728-4835-8c1f-949442f37e7d: cophenetic index 24106; 0.8 s; peak memory 632 MiB.
2026-10-08T17:50:38Z INFO [1814/4500] 9c8ceb88-8d94-421d-9b36-258d1f96f538: cophenetic index 1228; 0.5 s; peak memory 632 MiB.
2026-10-08T17:50:39Z INFO [1815/4500] 9c8d3171-6631-4a75-8d33-bcb5ad9afb2d: cophenetic index 3087; 0.8 s; peak memory 632 MiB.
2026-10-08T17:50:45Z INFO [1816/4500] 9c8d651b-49cc-4e07-9d73-06d2512c1d54: cophenetic index 123329; 6.2 s; peak memory 632 MiB.
2026-10-08T17:50:46Z INFO [1817/4500] 9c8e4e8b-a55e-49f1-a922-b043bb5186cf: cophenetic index 2625; 1.0 s; peak memory 632 MiB.
2026-10-08T17:50:47Z INFO [1818/4500] 9c8f0c21-0028-45d2-a829-275bc74478c6: cophenetic index 3087; 0.6 s; peak memory 632 MiB.
2026-10-08T17:50:47Z INFO [1819/4500] 9c8f5d9b-c519-4c04-b301-a44ff5b3f9d0: cophenetic index 2625; 0.8 s; peak memory 632 MiB.
2026-10-08T17:50:48Z INFO [1820/4500] 9c8f96fe-5400-41c3-9904-52eec43a0986: cophenetic index 624; 0.8 s; peak memory 632 MiB.
2026-10-08T17:50:49Z INFO [1821/4500] 9c8f9e52-2dcd-4fc8-ad07-92cf6bfa13bd: cophenetic index 2974; 0.7 s; peak memory 632 MiB.
2026-10-08T17:50:50Z INFO [1822/4500] 9c9237ff-b506-465d-8dcf-5efc825ffe58: cophenetic index 2625; 1.2 s; peak memory 632 MiB.
2026-10-08T17:50:52Z INFO [1823/4500] 9c93fd2d-53e9-4025-9143-f449dc5e9b77: cophenetic index 5473; 2.0 s; peak memory 632 MiB.
2026-10-08T17:50:53Z INFO [1824/4500] 9c948bd2-2823-4cdd-a20b-d3a752233be5: cophenetic index 3004; 0.8 s; peak memory 632 MiB.
2026-10-08T17:50:54Z INFO [1825/4500] 9c9520cb-f31c-4a05-9f84-9d804edcc07e: cophenetic index 33998; 1.1 s; peak memory 632 MiB.
2026-10-08T17:50:55Z INFO [1826/4500] 9c9530fe-d0e0-4880-a71a-41d80a09d1af: cophenetic index 729; 0.5 s; peak memory 632 MiB.
2026-10-08T17:50:56Z INFO [1827/4500] 9c955dcb-890e-4e56-88ca-cbffcd87cc13: cophenetic index 2570; 1.0 s; peak memory 632 MiB.
2026-10-08T17:50:58Z INFO [1828/4500] 9c962fb2-a294-4f33-b6da-48d720cc41ef: cophenetic index 3890; 2.2 s; peak memory 632 MiB.
2026-10-08T17:50:58Z INFO [1829/4500] 9c96aae6-b666-4796-90b7-e7b5584876db: cophenetic index 624; 0.7 s; peak memory 632 MiB.
2026-10-08T17:50:59Z INFO [1830/4500] 9c96df31-ebf6-44cd-8cda-bf5cba48817e: cophenetic index 624; 0.7 s; peak memory 632 MiB.
2026-10-08T17:51:00Z INFO [1831/4500] 9c9729bf-c9fa-4cb3-be08-346afdbdb2fd: cophenetic index 2625; 1.0 s; peak memory 632 MiB.
2026-10-08T17:51:03Z INFO [1832/4500] 9c98a91a-7afa-4b57-90cc-6fc9ea9c12cb: cophenetic index 43632; 3.2 s; peak memory 632 MiB.
2026-10-08T17:51:04Z INFO [1833/4500] 9c98fbdb-7161-4b3c-9d7e-0ef7525e8564: cophenetic index 560; 0.6 s; peak memory 632 MiB.
2026-10-08T17:51:06Z INFO [1834/4500] 9c992ba1-3616-4504-b37c-992ab0e21dd3: cophenetic index 14483; 2.1 s; peak memory 632 MiB.
2026-10-08T17:51:07Z INFO [1835/4500] 9c99d02a-b42a-43f4-8b07-3b7d84674cc9: cophenetic index 3004; 0.6 s; peak memory 632 MiB.
2026-10-08T17:51:14Z INFO [1836/4500] 9c9a2737-8dec-4106-b6fe-413e1a40f52f: cophenetic index 82932; 6.9 s; peak memory 632 MiB.
2026-10-08T17:51:16Z INFO [1837/4500] 9c9a87ea-605a-41bc-b9f7-c9ba1954b58e: cophenetic index 5473; 2.2 s; peak memory 632 MiB.
2026-10-08T17:51:16Z INFO [1838/4500] 9c9aa1f8-9dc1-4b0e-930c-88e1cba06cdb: cophenetic index 751; 0.5 s; peak memory 632 MiB.
2026-10-08T17:51:17Z INFO [1839/4500] 9c9ab3a9-4ce5-4223-91cc-394f2cb076d7: cophenetic index 33998; 1.2 s; peak memory 632 MiB.
2026-10-08T17:51:18Z INFO [1840/4500] 9c9ab6bf-1ba3-4ca1-a4a1-7556be4cd1ff: cophenetic index 2625; 0.9 s; peak memory 632 MiB.
2026-10-08T17:51:19Z INFO [1841/4500] 9c9b506e-f470-4d1e-a3bb-e7dd6eb61638: cophenetic index 490; 0.4 s; peak memory 632 MiB.
2026-10-08T17:51:19Z INFO [1842/4500] 9c9ca5ce-5776-4ce6-bf43-e4c20760295a: cophenetic index 624; 0.6 s; peak memory 632 MiB.
2026-10-08T17:51:20Z INFO [1843/4500] 9c9d4e5b-ddb2-484c-b9d9-bd7d6c63d2cc: cophenetic index 624; 0.7 s; peak memory 632 MiB.
2026-10-08T17:51:21Z INFO [1844/4500] 9c9d71fd-12a1-4445-a304-64361de7dd83: cophenetic index 624; 0.6 s; peak memory 632 MiB.
2026-10-08T17:51:21Z INFO [1845/4500] 9c9dc2b9-3ca2-43f0-b74b-30b0a7433a9b: cophenetic index 624; 0.6 s; peak memory 632 MiB.
2026-10-08T17:51:22Z INFO [1846/4500] 9c9e3843-ad18-4c26-8906-0b6f1d85960e: cophenetic index 2974; 0.8 s; peak memory 632 MiB.
2026-10-08T17:51:25Z INFO [1847/4500] 9c9ffcc8-5ead-498f-bee7-acec6b0304d0: cophenetic index 59958; 3.2 s; peak memory 632 MiB.
2026-10-08T17:51:26Z INFO [1848/4500] 9ca0222b-1a5d-4e7b-be7f-9ef9426d3bc3: cophenetic index 431; 0.4 s; peak memory 632 MiB.
2026-10-08T17:51:27Z INFO [1849/4500] 9ca02f0a-67bd-4713-9b78-ab224ce87a80: cophenetic index 33986; 0.8 s; peak memory 632 MiB.
2026-10-08T17:51:28Z INFO [1850/4500] 9ca0791f-daa5-4247-89f6-3c6dff093d0c: cophenetic index 1403; 1.1 s; peak memory 632 MiB.
2026-10-08T17:51:28Z INFO [1850/4500] 9ca0791f-daa5-4247-89f6-3c6dff093d0c: checkpointed 122274 new records.
2026-10-08T17:51:29Z INFO [1851/4500] 9ca15c6f-e425-40aa-9074-85e4bd3071f9: cophenetic index 2625; 0.9 s; peak memory 632 MiB.
2026-10-08T17:51:29Z INFO [1852/4500] 9ca15e84-5139-4f55-9f7d-5ad28257555d: cophenetic index 401; 0.4 s; peak memory 632 MiB.
2026-10-08T17:51:30Z INFO [1853/4500] 9ca27777-43e1-49d6-a346-76fc99dc8778: cophenetic index 624; 0.6 s; peak memory 632 MiB.
2026-10-08T17:51:30Z INFO [1854/4500] 9ca297e2-c58e-4221-8a7d-e3f30ea87c0a: cophenetic index 624; 0.6 s; peak memory 632 MiB.
2026-10-08T17:52:43Z INFO [1855/4500] 9ca31724-4398-47ca-a767-13469710fe24: cophenetic index 36030552; 72.8 s; peak memory 632 MiB.
2026-10-08T17:52:44Z INFO [1856/4500] 9ca438f9-20c6-4598-9711-71ff35b3119e: cophenetic index 560; 0.6 s; peak memory 632 MiB.
2026-10-08T17:52:44Z INFO [1857/4500] 9ca43eca-67a5-4906-a2cc-872604f491a5: cophenetic index 446; 0.5 s; peak memory 632 MiB.
2026-10-08T17:52:45Z INFO [1858/4500] 9ca4fc49-b6d6-4bc3-88d9-01c4a47e9f1e: cophenetic index 624; 0.7 s; peak memory 632 MiB.
2026-10-08T17:52:46Z INFO [1859/4500] 9ca5459a-e4c8-411d-934e-e08ed7b4c94a: cophenetic index 605; 0.8 s; peak memory 632 MiB.
2026-10-08T17:52:46Z INFO [1860/4500] 9ca61b08-c609-41da-b0ad-1275ee5f4066: cophenetic index 1851; 0.7 s; peak memory 632 MiB.
2026-10-08T17:52:47Z INFO [1861/4500] 9ca76805-e755-45eb-a4e6-4da179d878dc: cophenetic index 1739; 0.7 s; peak memory 632 MiB.
2026-10-08T17:52:48Z INFO [1862/4500] 9ca780bf-edff-4b5b-8847-175bedc15b1a: cophenetic index 2625; 0.8 s; peak memory 632 MiB.
2026-10-08T17:52:53Z INFO [1863/4500] 9ca7bfb3-5747-4185-b8fa-6500dc368e5e: cophenetic index 120222; 4.8 s; peak memory 632 MiB.
2026-10-08T17:52:58Z INFO [1864/4500] 9ca81a7d-abe4-4a8c-8070-cbf1c4e522e1: cophenetic index 356368; 5.2 s; peak memory 632 MiB.
2026-10-08T17:52:59Z INFO [1865/4500] 9ca949ab-5dbc-4749-ad8b-5a1ca5136370: cophenetic index 2625; 0.8 s; peak memory 632 MiB.
2026-10-08T17:52:59Z INFO [1866/4500] 9caa2518-264f-43ec-b6f9-9829d145d9f9: cophenetic index 624; 0.6 s; peak memory 632 MiB.
2026-10-08T17:53:00Z INFO [1867/4500] 9caa441a-87a3-445d-97a3-bde58e32963a: cophenetic index 649; 0.6 s; peak memory 632 MiB.
2026-10-08T17:53:01Z INFO [1868/4500] 9caa87e3-babe-4744-a85e-0ba9b35b1174: cophenetic index 2570; 0.7 s; peak memory 632 MiB.
2026-10-08T17:53:01Z INFO [1869/4500] 9cab8dea-fa96-422c-872b-f43bdace5cdf: cophenetic index 624; 0.7 s; peak memory 632 MiB.
2026-10-08T17:53:05Z INFO [1870/4500] 9cac4544-01aa-4a48-8d54-f26b14c159ad: cophenetic index 52493; 3.6 s; peak memory 632 MiB.
2026-10-08T17:53:06Z INFO [1871/4500] 9cac8901-a064-4efd-94ef-8fc8d9241910: cophenetic index 23400; 0.7 s; peak memory 632 MiB.
2026-10-08T17:53:07Z INFO [1872/4500] 9cacfb5a-9ff3-45f0-a28c-8db6130fd679: cophenetic index 2332; 1.5 s; peak memory 632 MiB.
2026-10-08T17:53:08Z INFO [1873/4500] 9cada174-02ec-412f-a137-9f822d448df3: cophenetic index 791; 0.9 s; peak memory 632 MiB.
2026-10-08T17:53:09Z INFO [1874/4500] 9cae45c6-c8c6-4a28-a374-db20cccb416e: cophenetic index 2844; 0.9 s; peak memory 632 MiB.
2026-10-08T17:53:10Z INFO [1875/4500] 9caecb47-31f3-4064-bac6-56e5456b190c: cophenetic index 2402; 1.6 s; peak memory 632 MiB.
2026-10-08T17:53:11Z INFO [1876/4500] 9caf278d-51cd-4f58-bcd0-982bb6c6a7df: cophenetic index 2932; 0.8 s; peak memory 632 MiB.
2026-10-08T17:53:12Z INFO [1877/4500] 9caf9b15-5b8f-45ef-9406-8b9c78aa3953: cophenetic index 3087; 0.8 s; peak memory 632 MiB.
2026-10-08T17:53:12Z INFO [1878/4500] 9cafcbdd-b154-4c38-bb19-4c0893fd047d: cophenetic index 690; 0.4 s; peak memory 632 MiB.
2026-10-08T17:53:13Z INFO [1879/4500] 9cafe035-e6a7-4862-ad12-9f03fea74ae5: cophenetic index 2570; 0.8 s; peak memory 632 MiB.
2026-10-08T17:53:14Z INFO [1880/4500] 9cafe0bf-aea1-434c-999d-1704706ef0a4: cophenetic index 624; 0.6 s; peak memory 632 MiB.
2026-10-08T17:53:15Z INFO [1881/4500] 9cb15251-a08b-4c49-9af7-2d00a333db9f: cophenetic index 2974; 0.7 s; peak memory 632 MiB.
2026-10-08T17:53:17Z INFO [1882/4500] 9cb1ff5d-9ba0-48f8-b974-06504190eb7a: cophenetic index 19945; 2.3 s; peak memory 632 MiB.
2026-10-08T17:53:17Z INFO [1883/4500] 9cb28b0c-6a7c-4dcf-92ce-b44f41e050e0: cophenetic index 486; 0.6 s; peak memory 632 MiB.
2026-10-08T17:53:23Z INFO [1884/4500] 9cb2e382-0553-4712-ba60-5bf252f4a221: cophenetic index 7554; 5.4 s; peak memory 632 MiB.
2026-10-08T17:53:24Z INFO [1885/4500] 9cb33ea3-f3ff-4a8e-88f4-66e750815d68: cophenetic index 624; 0.8 s; peak memory 632 MiB.
2026-10-08T17:53:24Z INFO [1886/4500] 9cb3894d-9dc1-4c5e-916a-1af262a22b33: cophenetic index 624; 0.7 s; peak memory 632 MiB.
2026-10-08T17:53:25Z INFO [1887/4500] 9cb3b03b-1033-4eef-9c87-504db518f72d: cophenetic index 23272; 0.8 s; peak memory 632 MiB.
2026-10-08T17:53:26Z INFO [1888/4500] 9cb58749-0d4f-422c-8b23-f5e124fcb2c6: cophenetic index 2636; 1.2 s; peak memory 632 MiB.
2026-10-08T17:53:27Z INFO [1889/4500] 9cb6b19e-10c5-4073-929f-b0cb41526d45: cophenetic index 809; 1.1 s; peak memory 632 MiB.
2026-10-08T17:53:29Z INFO [1890/4500] 9cb6ef09-ffea-44c5-a0ff-a7e66551eaea: cophenetic index 33968; 1.1 s; peak memory 632 MiB.
2026-10-08T17:53:29Z INFO [1891/4500] 9cb770db-8b70-4684-abb7-065842ead072: cophenetic index 490; 0.4 s; peak memory 632 MiB.
2026-10-08T17:53:30Z INFO [1892/4500] 9cb8fddb-a07a-417f-bb63-c4ce609b2e1c: cophenetic index 649; 0.7 s; peak memory 632 MiB.
2026-10-08T17:53:30Z INFO [1893/4500] 9cb912d3-1aa2-4a08-a25a-fa1b1541bc2c: cophenetic index 2625; 0.8 s; peak memory 632 MiB.
2026-10-08T17:53:31Z INFO [1894/4500] 9cb970b9-2886-40d4-bd4d-f17699565073: cophenetic index 33962; 0.8 s; peak memory 632 MiB.
2026-10-08T17:53:33Z INFO [1895/4500] 9cb9ebe4-1e8b-4197-ac0d-9d25f741af38: cophenetic index 33998; 1.2 s; peak memory 632 MiB.
2026-10-08T17:53:34Z INFO [1896/4500] 9cba1205-a985-417a-8abe-3d7363e53401: cophenetic index 4646; 1.6 s; peak memory 632 MiB.
2026-10-08T17:53:39Z INFO [1897/4500] 9cba14e0-1ba1-497e-af0f-ff5ebbd517af: cophenetic index 195172714; 5.3 s; peak memory 632 MiB.
2026-10-08T17:53:43Z INFO [1898/4500] 9cba22b0-cbc7-4384-a987-8ff92019769f: cophenetic index 54909; 3.8 s; peak memory 632 MiB.
2026-10-08T17:53:44Z INFO [1899/4500] 9cba2507-6353-4866-aff9-4624837e430b: cophenetic index 33968; 0.9 s; peak memory 632 MiB.
2026-10-08T17:53:45Z INFO [1900/4500] 9cba265d-a5f8-4fd1-931a-64baeac3fba0: cophenetic index 1265; 0.5 s; peak memory 632 MiB.
2026-10-08T17:53:45Z INFO [1900/4500] 9cba265d-a5f8-4fd1-931a-64baeac3fba0: checkpointed 122324 new records.
2026-10-08T17:53:46Z INFO [1901/4500] 9cba26b9-116f-4ae8-b40a-d8dbfa030d03: cophenetic index 624; 0.8 s; peak memory 632 MiB.
2026-10-08T17:53:47Z INFO [1902/4500] 9cba7bfc-6984-4059-8346-4cb3748676a7: cophenetic index 5473; 1.9 s; peak memory 632 MiB.
2026-10-08T17:53:49Z INFO [1903/4500] 9cbbd8fd-e60e-4103-a999-808883ec8efe: cophenetic index 2682; 1.7 s; peak memory 632 MiB.
2026-10-08T17:53:51Z INFO [1904/4500] 9cbc3ef6-c143-4ee8-b497-aa55d71498d6: cophenetic index 34658; 1.7 s; peak memory 632 MiB.
2026-10-08T17:53:53Z INFO [1905/4500] 9cbdf402-2a47-4efe-a309-3efaa2da745c: cophenetic index 99810; 2.5 s; peak memory 632 MiB.
2026-10-08T17:53:54Z INFO [1906/4500] 9cc029d9-602c-4002-a834-f6f6ba7e2ba6: cophenetic index 2570; 0.9 s; peak memory 632 MiB.
2026-10-08T17:53:59Z INFO [1907/4500] 9cc08f11-e5ce-49d1-8e0b-3375259e27d2: cophenetic index 89549; 4.3 s; peak memory 632 MiB.
2026-10-08T17:54:00Z INFO [1908/4500] 9cc13be6-7e9f-42fb-b822-607e728faa6d: cophenetic index 2402; 1.8 s; peak memory 632 MiB.
2026-10-08T17:54:01Z INFO [1909/4500] 9cc1b703-7f6f-4dec-b4b6-5d6376d06aa0: cophenetic index 2625; 1.0 s; peak memory 632 MiB.
2026-10-08T17:54:02Z INFO [1910/4500] 9cc1f82c-006d-46c4-acb6-8f9fb394dc10: cophenetic index 2625; 0.9 s; peak memory 632 MiB.
2026-10-08T17:54:03Z INFO [1911/4500] 9cc221c5-2c46-45bb-a4cc-c6bad9873725: cophenetic index 3004; 0.7 s; peak memory 632 MiB.
2026-10-08T17:54:11Z INFO [1912/4500] 9cc309a5-10e6-4a21-a998-7fd40027f6bc: cophenetic index 393820; 7.9 s; peak memory 632 MiB.
2026-10-08T17:54:12Z INFO [1913/4500] 9cc31157-ccf2-431a-8a71-852bc5e14115: cophenetic index 624; 0.7 s; peak memory 632 MiB.
2026-10-08T17:54:21Z INFO [1914/4500] 9cc35cc6-b11d-4597-a8e5-22863a31d5f6: cophenetic index 42708; 9.0 s; peak memory 632 MiB.
2026-10-08T17:54:21Z INFO [1915/4500] 9cc3c2b3-ca13-4d14-81c1-911881e41f4d: cophenetic index 33998; 0.9 s; peak memory 632 MiB.
2026-10-08T17:54:22Z INFO [1916/4500] 9cc3cc92-d589-4b71-8930-3d06c213122b: cophenetic index 3004; 0.7 s; peak memory 632 MiB.
2026-10-08T17:54:23Z INFO [1917/4500] 9cc3da9d-b2fb-4709-9047-015926737e0c: cophenetic index 3087; 0.7 s; peak memory 632 MiB.
2026-10-08T17:54:26Z INFO [1918/4500] 9cc4283d-7092-481f-81b9-a857c547ce71: cophenetic index 9548; 3.2 s; peak memory 632 MiB.
2026-10-08T17:54:27Z INFO [1919/4500] 9cc43f40-2c6b-443e-953a-92630da1a1ac: cophenetic index 3004; 0.8 s; peak memory 632 MiB.
2026-10-08T17:54:32Z INFO [1920/4500] 9cc45496-6dc5-4986-9b78-026a67fcd707: cophenetic index 34862; 5.3 s; peak memory 632 MiB.
2026-10-08T17:54:33Z INFO [1921/4500] 9cc46319-fa11-4e6a-9325-cfee77d8e965: cophenetic index 572; 0.7 s; peak memory 632 MiB.
2026-10-08T17:54:34Z INFO [1922/4500] 9cc5b47d-bacd-4576-ba55-9ae096697a0b: cophenetic index 99138; 1.3 s; peak memory 632 MiB.
2026-10-08T17:54:38Z INFO [1923/4500] 9cc5bba7-4a78-4db6-9883-a869f6f1adc8: cophenetic index 6715; 4.3 s; peak memory 632 MiB.
2026-10-08T17:54:44Z INFO [1924/4500] 9cc64557-abe5-4109-91af-ff57fb0ccaf6: cophenetic index 193619; 5.5 s; peak memory 632 MiB.
2026-10-08T17:54:44Z INFO [1925/4500] 9cc78763-d522-4790-9bf8-8b0e10fae518: cophenetic index 624; 0.7 s; peak memory 632 MiB.
2026-10-08T17:54:45Z INFO [1926/4500] 9cc872be-51d6-4fc1-94bf-d3c70744c9c9: cophenetic index 23788; 0.8 s; peak memory 632 MiB.
2026-10-08T17:54:46Z INFO [1927/4500] 9cc94aaa-8b43-4a5a-8cfe-62a6c7bfdd84: cophenetic index 3004; 0.6 s; peak memory 632 MiB.
2026-10-08T17:54:53Z INFO [1928/4500] 9ccba817-0358-45c0-b329-16fd6a9abe5d: cophenetic index 248477; 6.7 s; peak memory 632 MiB.
2026-10-08T17:54:53Z INFO [1929/4500] 9ccd65c0-f141-4cc8-9a3b-df6063ed8f21: cophenetic index 2625; 0.5 s; peak memory 632 MiB.
2026-10-08T17:54:54Z INFO [1930/4500] 9ccd97f7-74c1-4684-86be-be680c7029f6: cophenetic index 624; 0.6 s; peak memory 632 MiB.
2026-10-08T17:54:54Z INFO [1931/4500] 9ccde454-0619-4776-be8e-9f39e830a7b3: cophenetic index 2625; 0.7 s; peak memory 632 MiB.
2026-10-08T17:54:55Z INFO [1932/4500] 9cceef80-85b1-4d6e-8b82-f974532cad32: cophenetic index 2974; 0.7 s; peak memory 632 MiB.
2026-10-08T17:54:56Z INFO [1933/4500] 9ccf1c3b-c205-422f-98a3-c3179af212d0: cophenetic index 490; 0.5 s; peak memory 632 MiB.
2026-10-08T17:54:57Z INFO [1934/4500] 9ccf8f38-bb44-4d89-b436-80d51ecbec7c: cophenetic index 41788; 1.2 s; peak memory 632 MiB.
2026-10-08T17:54:58Z INFO [1935/4500] 9ccfc02b-9fa8-4815-bf89-37e01abf3eb5: cophenetic index 2570; 1.0 s; peak memory 632 MiB.
2026-10-08T17:54:58Z INFO [1936/4500] 9cd0d43f-277d-44df-810c-e6de6dfbd104: cophenetic index 490; 0.4 s; peak memory 632 MiB.
2026-10-08T17:54:59Z INFO [1937/4500] 9cd0ee67-7a7a-4b90-9433-842bb21122fe: cophenetic index 624; 0.6 s; peak memory 632 MiB.
2026-10-08T17:54:59Z INFO [1938/4500] 9cd0eebe-1927-48d2-9fa0-121dea7cbd9e: cophenetic index 433; 0.4 s; peak memory 632 MiB.
2026-10-08T17:55:00Z INFO [1939/4500] 9cd12af2-f9d4-497d-8a6c-84368a30c09b: cophenetic index 624; 0.6 s; peak memory 632 MiB.
2026-10-08T17:55:00Z INFO [1940/4500] 9cd149a6-a894-402d-91aa-7da6959a475d: cophenetic index 624; 0.7 s; peak memory 632 MiB.
2026-10-08T17:55:02Z INFO [1941/4500] 9cd23daf-06ed-4d00-ab22-5b8ba6c58cf5: cophenetic index 2682; 1.3 s; peak memory 632 MiB.
2026-10-08T17:55:02Z INFO [1942/4500] 9cd2ae57-a333-449d-a4dc-f2c924bd5ceb: cophenetic index 624; 0.6 s; peak memory 632 MiB.
2026-10-08T17:55:14Z INFO [1943/4500] 9cd36e20-d609-4a7c-9b68-0ebeb13b917c: cophenetic index 42708; 11.3 s; peak memory 632 MiB.
2026-10-08T17:55:15Z INFO [1944/4500] 9cd3858c-95d0-450a-8501-e913800b3344: cophenetic index 895; 1.3 s; peak memory 632 MiB.
2026-10-08T17:55:16Z INFO [1945/4500] 9cd42b64-33c2-455b-80ab-02b5df917ba2: cophenetic index 33968; 0.9 s; peak memory 632 MiB.
2026-10-08T17:55:20Z INFO [1946/4500] 9cd469d1-3800-48b0-91d4-12215b26f0ef: cophenetic index 32988; 4.1 s; peak memory 632 MiB.
2026-10-08T17:55:22Z INFO [1947/4500] 9cd4b92d-7fb8-4340-94ab-88f416079dd0: cophenetic index 2402; 1.7 s; peak memory 632 MiB.
2026-10-08T17:55:23Z INFO [1948/4500] 9cd52b76-0f1e-490e-800a-e3ae9f4a7269: cophenetic index 2682; 1.6 s; peak memory 632 MiB.
2026-10-08T17:55:24Z INFO [1949/4500] 9cd5310d-4d76-4575-8678-3a94bd169b7b: cophenetic index 1228; 0.7 s; peak memory 632 MiB.
2026-10-08T17:55:31Z INFO [1950/4500] 9cd6f252-e935-49a5-b7d7-b3cd8dba602f: cophenetic index 255433; 6.7 s; peak memory 632 MiB.
2026-10-08T17:55:31Z INFO [1950/4500] 9cd6f252-e935-49a5-b7d7-b3cd8dba602f: checkpointed 122374 new records.
2026-10-08T17:55:32Z INFO [1951/4500] 9cd729d2-b35f-4b59-b842-aac6fa177860: cophenetic index 624; 0.7 s; peak memory 632 MiB.
2026-10-08T17:55:32Z INFO [1952/4500] 9cd9ee9e-e20f-4764-bcb3-d1fe7b374032: cophenetic index 1949; 0.8 s; peak memory 632 MiB.
2026-10-08T17:55:33Z INFO [1953/4500] 9cda1e82-b921-46db-9ac3-48ef4a91e843: cophenetic index 624; 0.7 s; peak memory 632 MiB.
2026-10-08T17:55:34Z INFO [1954/4500] 9cda7464-a085-458f-a4a8-c4b5a18d6e15: cophenetic index 3087; 0.7 s; peak memory 632 MiB.
2026-10-08T17:55:34Z INFO [1955/4500] 9cda945c-9483-46f2-9f57-814fc5fe0775: cophenetic index 624; 0.6 s; peak memory 632 MiB.
2026-10-08T17:55:35Z INFO [1956/4500] 9cdb4945-ab19-43ea-b864-41dafacc6df1: cophenetic index 3004; 0.7 s; peak memory 632 MiB.
2026-10-08T17:55:36Z INFO [1957/4500] 9cdcfbef-4f3d-47eb-a4f6-2a10ebddeb99: cophenetic index 2625; 0.9 s; peak memory 632 MiB.
2026-10-08T17:55:37Z INFO [1958/4500] 9cdd2913-95e7-4bd0-8368-4c40c392395e: cophenetic index 2923; 0.6 s; peak memory 632 MiB.
2026-10-08T17:55:38Z INFO [1959/4500] 9cde383a-cf77-4ed9-89b0-9c81f43f5a13: cophenetic index 4023; 1.2 s; peak memory 632 MiB.
2026-10-08T17:55:39Z INFO [1960/4500] 9cdee8b2-c654-4eac-ba1c-15b38475fc62: cophenetic index 2625; 0.9 s; peak memory 632 MiB.
2026-10-08T17:55:39Z INFO [1961/4500] 9cdf8648-c864-48a1-911d-043f283bf804: cophenetic index 624; 0.6 s; peak memory 632 MiB.
2026-10-08T17:55:40Z INFO [1962/4500] 9ce07c9c-0386-4642-bdbc-0bb4935e3959: cophenetic index 2782; 0.6 s; peak memory 632 MiB.
2026-10-08T17:55:40Z INFO [1963/4500] 9ce1cdf2-db0c-4d4b-9ab8-f4aab189dd71: cophenetic index 624; 0.6 s; peak memory 632 MiB.
2026-10-08T17:55:41Z INFO [1964/4500] 9ce2da7b-0385-4b9e-b455-64c0d3fdf64f: cophenetic index 624; 0.5 s; peak memory 632 MiB.
2026-10-08T17:55:41Z INFO [1965/4500] 9ce315b3-c3b5-4574-8474-4c5694fe1d62: cophenetic index 624; 0.5 s; peak memory 632 MiB.
2026-10-08T17:55:42Z INFO [1966/4500] 9ce3bb85-6824-4aeb-8711-232e416894a2: cophenetic index 605; 0.8 s; peak memory 632 MiB.
2026-10-08T17:55:43Z INFO [1967/4500] 9ce41410-2859-4e24-bf63-4fab489bb82b: cophenetic index 469; 0.6 s; peak memory 632 MiB.
2026-10-08T17:55:43Z INFO [1968/4500] 9ce490d2-f579-49c2-a16e-97bffb9fc5c1: cophenetic index 624; 0.6 s; peak memory 632 MiB.
2026-10-08T17:55:52Z INFO [1969/4500] 9ce4dc13-43b0-4a04-8da9-1a41bd0f254c: cophenetic index 3302037; 8.4 s; peak memory 632 MiB.
2026-10-08T17:55:57Z INFO [1970/4500] 9ce5bd37-95a7-464d-9222-4f340673f7b4: cophenetic index 14389; 4.7 s; peak memory 632 MiB.
2026-10-08T17:56:01Z INFO [1971/4500] 9ce70936-9e93-469b-9bcc-ad090643788a: cophenetic index 110186; 4.0 s; peak memory 632 MiB.
2026-10-08T17:56:04Z INFO [1972/4500] 9ce72c32-6b7c-457d-b21d-a110641599ad: cophenetic index 12973; 3.8 s; peak memory 632 MiB.
2026-10-08T17:56:05Z INFO [1973/4500] 9ce8036f-13f6-4d03-9144-fc7f7746507a: cophenetic index 624; 0.6 s; peak memory 632 MiB.
2026-10-08T17:56:06Z INFO [1974/4500] 9ce85f35-0e1c-472b-a9d1-fa59da6e2422: cophenetic index 23379; 0.7 s; peak memory 632 MiB.
2026-10-08T17:56:06Z INFO [1975/4500] 9ce86915-2c9a-455d-bddc-5889981d046e: cophenetic index 30304; 0.8 s; peak memory 632 MiB.
2026-10-08T17:56:07Z INFO [1976/4500] 9ce8c6b8-afc2-4c91-b9d4-8a0b4ba8ee3b: cophenetic index 3004; 0.7 s; peak memory 632 MiB.
2026-10-08T17:56:12Z INFO [1977/4500] 9ce95edc-bbfa-4998-bc27-32dcb7e79879: cophenetic index 12100; 4.8 s; peak memory 632 MiB.
2026-10-08T17:56:12Z INFO [1978/4500] 9cea7337-c671-49db-924f-b8a5cc36e02c: cophenetic index 432; 0.5 s; peak memory 632 MiB.
2026-10-08T17:56:13Z INFO [1979/4500] 9ceac8d2-edb3-4654-a241-2f85e2229423: cophenetic index 624; 0.6 s; peak memory 632 MiB.
2026-10-08T17:56:14Z INFO [1980/4500] 9ceb4f2d-e10a-4701-995a-03eab726746b: cophenetic index 649; 0.9 s; peak memory 632 MiB.
2026-10-08T17:56:15Z INFO [1981/4500] 9cebe6ce-2f29-45d0-8263-0b0ca5d196fd: cophenetic index 3087; 0.8 s; peak memory 632 MiB.
2026-10-08T17:56:16Z INFO [1982/4500] 9cec6663-b598-444c-ada7-a6fd7386c290: cophenetic index 959; 1.3 s; peak memory 632 MiB.
2026-10-08T17:56:17Z INFO [1983/4500] 9cecb366-2eb4-477e-8614-99de7e6cfe66: cophenetic index 624; 0.6 s; peak memory 632 MiB.
2026-10-08T17:56:17Z INFO [1984/4500] 9ced3760-4daa-4a3b-a6b2-31f11711434e: cophenetic index 490; 0.4 s; peak memory 632 MiB.
2026-10-08T17:56:18Z INFO [1985/4500] 9cee1b99-d52a-4165-9655-7478e2b32d37: cophenetic index 1058; 0.6 s; peak memory 632 MiB.
2026-10-08T17:56:18Z INFO [1986/4500] 9cef7962-80b3-4927-a027-1da7444133ce: cophenetic index 2570; 0.7 s; peak memory 632 MiB.
2026-10-08T17:56:24Z INFO [1987/4500] 9cf10291-e59e-4f44-b329-e4f37003301a: cophenetic index 226574; 6.0 s; peak memory 632 MiB.
2026-10-08T17:56:25Z INFO [1988/4500] 9cf17502-8ade-4eab-90c6-32b883aa77fe: cophenetic index 657; 0.6 s; peak memory 632 MiB.
2026-10-08T17:56:26Z INFO [1989/4500] 9cf2dfeb-0237-4696-9ca9-3f9f623d0d2a: cophenetic index 3004; 0.8 s; peak memory 632 MiB.
2026-10-08T17:56:26Z INFO [1990/4500] 9cf4a46d-22f4-4b5e-9742-13282d6068ca: cophenetic index 2625; 0.7 s; peak memory 632 MiB.
2026-10-08T17:56:27Z INFO [1991/4500] 9cf60229-85ca-49f1-9dc0-4f809a400858: cophenetic index 624; 0.6 s; peak memory 632 MiB.
2026-10-08T17:56:29Z INFO [1992/4500] 9cf649ae-145f-4d6c-bd97-b449da5684e7: cophenetic index 4015; 1.6 s; peak memory 632 MiB.
2026-10-08T17:56:29Z INFO [1993/4500] 9cf77928-2c3d-46a3-9b0c-14d8168b71ce: cophenetic index 766; 0.7 s; peak memory 632 MiB.
2026-10-08T17:56:30Z INFO [1994/4500] 9cf78142-e164-4d15-b5d6-ae535075a5fb: cophenetic index 431; 0.5 s; peak memory 632 MiB.
2026-10-08T17:56:31Z INFO [1995/4500] 9cf7fdbf-f735-410a-9363-be506366456c: cophenetic index 33962; 1.0 s; peak memory 632 MiB.
2026-10-08T17:56:33Z INFO [1996/4500] 9cf82e3d-8a49-4ba1-8773-55aff533c075: cophenetic index 5473; 1.9 s; peak memory 632 MiB.
2026-10-08T17:56:33Z INFO [1997/4500] 9cf86f3b-8298-4d6c-a51d-da98d5af7ed8: cophenetic index 490; 0.5 s; peak memory 632 MiB.
2026-10-08T17:56:38Z INFO [1998/4500] 9cf8ac0c-aa4b-415e-8b8c-4008d6d13f5e: cophenetic index 5466; 4.5 s; peak memory 632 MiB.
2026-10-08T17:56:39Z INFO [1999/4500] 9cf8e6cd-4e20-4729-a749-d32bbdaf8e26: cophenetic index 1929; 0.9 s; peak memory 632 MiB.
2026-10-08T17:56:40Z INFO [2000/4500] 9cf94459-ca9d-49d8-816c-20bd7db20b42: cophenetic index 33962; 1.0 s; peak memory 632 MiB.
2026-10-08T17:56:40Z INFO [2000/4500] 9cf94459-ca9d-49d8-816c-20bd7db20b42: checkpointed 122424 new records.
2026-10-08T17:56:41Z INFO [2001/4500] 9cfa96c5-6248-41a4-806e-d9e24c861187: cophenetic index 33998; 1.4 s; peak memory 632 MiB.
2026-10-08T17:56:49Z INFO [2002/4500] 9cfb0f68-b0e5-4ecf-9e71-79f64f52abf2: cophenetic index 560137; 8.2 s; peak memory 632 MiB.
2026-10-08T17:56:50Z INFO [2003/4500] 9cfb6666-fd22-4da2-ae52-0edb2a2f0421: cophenetic index 2974; 0.8 s; peak memory 632 MiB.
2026-10-08T17:56:52Z INFO [2004/4500] 9cfb84a2-29e2-489f-ad2b-478f79084d01: cophenetic index 2609; 1.7 s; peak memory 632 MiB.
2026-10-08T17:56:52Z INFO [2005/4500] 9cfcfa13-0414-4327-8ba4-6ba2924f4f0e: cophenetic index 624; 0.7 s; peak memory 632 MiB.
2026-10-08T17:56:53Z INFO [2006/4500] 9cfd35c6-6998-4919-af41-3f50f9351458: cophenetic index 624; 0.5 s; peak memory 632 MiB.
2026-10-08T17:56:54Z INFO [2007/4500] 9cfda2df-90ca-4669-b0f3-2d8757bfbc1e: cophenetic index 3087; 0.7 s; peak memory 632 MiB.
2026-10-08T17:56:55Z INFO [2008/4500] 9cfebca9-914b-49cd-872b-59481fb09172: cophenetic index 2402; 1.7 s; peak memory 632 MiB.
2026-10-08T17:56:56Z INFO [2009/4500] 9d0059df-4e98-4215-9d0c-fcd49a370e48: cophenetic index 627; 0.6 s; peak memory 632 MiB.
2026-10-08T17:56:57Z INFO [2010/4500] 9d02ddeb-d820-490f-88d9-1e13c7b0bca7: cophenetic index 624; 0.7 s; peak memory 632 MiB.
2026-10-08T17:56:57Z INFO [2011/4500] 9d03080e-348c-41cd-b0a7-ea0bcd55388a: cophenetic index 3004; 0.8 s; peak memory 632 MiB.
2026-10-08T17:56:58Z INFO [2012/4500] 9d031c58-c3f3-4758-863d-bebaf7b705b7: cophenetic index 1614; 0.9 s; peak memory 632 MiB.
2026-10-08T17:57:02Z INFO [2013/4500] 9d03bf75-b5a9-4944-aea5-0d1b802dbe81: cophenetic index 30866; 3.6 s; peak memory 632 MiB.
2026-10-08T17:57:07Z INFO [2014/4500] 9d03f130-4e79-403b-9046-027b3ed97d36: cophenetic index 422671; 4.8 s; peak memory 632 MiB.
2026-10-08T17:57:07Z INFO [2015/4500] 9d04353c-912c-43aa-aac4-98b10a6d860f: cophenetic index 490; 0.4 s; peak memory 632 MiB.
2026-10-08T17:57:08Z INFO [2016/4500] 9d046ac2-3058-4cdd-9f6e-e33925136f5a: cophenetic index 99120; 1.2 s; peak memory 632 MiB.
2026-10-08T17:57:09Z INFO [2017/4500] 9d049e54-9617-4f6e-be50-0c6a3b04fe2b: cophenetic index 624; 0.7 s; peak memory 632 MiB.
2026-10-08T17:57:10Z INFO [2018/4500] 9d052ddd-a6d1-4fb9-890d-c5729ea2225a: cophenetic index 3004; 0.8 s; peak memory 632 MiB.
2026-10-08T17:57:11Z INFO [2019/4500] 9d052e8c-86bd-4b6b-92f1-ec3274dd29fa: cophenetic index 1751; 0.8 s; peak memory 632 MiB.
2026-10-08T17:57:11Z INFO [2020/4500] 9d05511d-d09a-4c89-b090-e1346c0f0cb0: cophenetic index 23510; 0.7 s; peak memory 632 MiB.
2026-10-08T17:57:14Z INFO [2021/4500] 9d05c285-8d48-4581-9a34-03044dbcb539: cophenetic index 9181397; 3.1 s; peak memory 632 MiB.
2026-10-08T17:57:19Z INFO [2022/4500] 9d05fa3c-76c3-4082-bdc5-13bc283e32bb: cophenetic index 87781; 4.2 s; peak memory 633 MiB.
2026-10-08T17:57:22Z INFO [2023/4500] 9d067621-84c2-44d7-82dc-68142e16e9aa: cophenetic index 87573; 3.7 s; peak memory 633 MiB.
2026-10-08T17:57:23Z INFO [2024/4500] 9d0723cb-b02f-4331-b852-682e69ba9610: cophenetic index 994; 0.6 s; peak memory 633 MiB.
2026-10-08T17:57:23Z INFO [2025/4500] 9d0735cb-88a8-4f64-bb63-a4c21bc968a8: cophenetic index 737; 0.5 s; peak memory 633 MiB.
2026-10-08T17:57:29Z INFO [2026/4500] 9d09d8ae-142d-47a0-9855-dfe83a28a4ce: cophenetic index 278080; 5.6 s; peak memory 633 MiB.
2026-10-08T17:57:30Z INFO [2027/4500] 9d0b6375-e4a5-470f-a91a-1039464007a5: cophenetic index 385; 0.6 s; peak memory 633 MiB.
2026-10-08T17:57:31Z INFO [2028/4500] 9d0c3ce3-7b6e-4ae8-9c52-a9318a23790d: cophenetic index 613; 1.2 s; peak memory 633 MiB.
2026-10-08T17:57:32Z INFO [2029/4500] 9d0ddeaa-ef95-4367-ac2b-ee1fbf0c5ae2: cophenetic index 2932; 0.6 s; peak memory 633 MiB.
2026-10-08T17:57:32Z INFO [2030/4500] 9d0df501-b68d-4742-998e-c1db97a2e345: cophenetic index 33977; 0.8 s; peak memory 633 MiB.
2026-10-08T17:57:33Z INFO [2031/4500] 9d0e0454-f64b-4a0c-87c6-fdc30f60c393: cophenetic index 33962; 0.9 s; peak memory 633 MiB.
2026-10-08T17:57:34Z INFO [2032/4500] 9d0e929d-b0a5-4d26-be0a-9e935fdea7a0: cophenetic index 2625; 1.0 s; peak memory 633 MiB.
2026-10-08T17:57:36Z INFO [2033/4500] 9d0f063f-3c83-4043-ad9c-04de1b686436: cophenetic index 5473; 2.0 s; peak memory 633 MiB.
2026-10-08T17:57:37Z INFO [2034/4500] 9d0f275e-a0c9-4fee-a3b8-5fe57b63d7b2: cophenetic index 554; 1.0 s; peak memory 633 MiB.
2026-10-08T17:57:38Z INFO [2035/4500] 9d0fe468-8386-487d-80ce-390fe074a844: cophenetic index 627; 0.5 s; peak memory 633 MiB.
2026-10-08T17:57:38Z INFO [2036/4500] 9d1132a6-e246-435e-bb74-08029e3298dd: cophenetic index 3004; 0.7 s; peak memory 633 MiB.
2026-10-08T17:57:41Z INFO [2037/4500] 9d11b4eb-05a9-4226-9f6c-365ea1b30ade: cophenetic index 11912; 2.4 s; peak memory 633 MiB.
2026-10-08T17:57:42Z INFO [2038/4500] 9d128fcc-c3da-455f-8852-80c2704b93bd: cophenetic index 649; 0.7 s; peak memory 633 MiB.
2026-10-08T17:57:49Z INFO [2039/4500] 9d12906f-b5a4-42b7-9810-aa52abb8ca59: cophenetic index 21099669; 7.4 s; peak memory 633 MiB.
2026-10-08T17:57:50Z INFO [2040/4500] 9d132402-cef4-4dc3-bb4e-8b0bdcbe32ba: cophenetic index 2625; 0.7 s; peak memory 633 MiB.
2026-10-08T17:57:50Z INFO [2041/4500] 9d138f1e-c0ee-40d8-8bff-77da5420464f: cophenetic index 723; 0.5 s; peak memory 633 MiB.
2026-10-08T17:57:52Z INFO [2042/4500] 9d139cfe-a3d5-4984-8cd9-6d8ae3663195: cophenetic index 6490; 1.4 s; peak memory 633 MiB.
2026-10-08T17:57:52Z INFO [2043/4500] 9d14b983-7c5b-4f08-9801-53e1a1c38686: cophenetic index 490; 0.6 s; peak memory 633 MiB.
2026-10-08T17:57:53Z INFO [2044/4500] 9d14eb90-6e6c-418f-a749-087889b85f99: cophenetic index 850; 1.0 s; peak memory 633 MiB.
2026-10-08T17:57:54Z INFO [2045/4500] 9d159ec1-8d94-49f4-9219-0ce71e7bd631: cophenetic index 624; 0.7 s; peak memory 633 MiB.
2026-10-08T17:57:57Z INFO [2046/4500] 9d167310-cd5d-4c70-91cb-0d8da7c20b50: cophenetic index 9548; 3.5 s; peak memory 633 MiB.
2026-10-08T17:57:58Z INFO [2047/4500] 9d17f38e-f037-4765-9b20-e0963b721bd0: cophenetic index 649; 0.6 s; peak memory 633 MiB.
2026-10-08T17:57:59Z INFO [2048/4500] 9d18084b-00a6-48cb-b76b-b5be1e58c7c7: cophenetic index 2625; 0.8 s; peak memory 633 MiB.
2026-10-08T17:58:00Z INFO [2049/4500] 9d18a123-0eef-4c87-8cde-11a7f93c15f3: cophenetic index 2402; 1.6 s; peak memory 633 MiB.
2026-10-08T17:58:01Z INFO [2050/4500] 9d18a896-7129-494f-94d3-51cb98f13288: cophenetic index 2570; 0.8 s; peak memory 633 MiB.
2026-10-08T17:58:02Z INFO [2050/4500] 9d18a896-7129-494f-94d3-51cb98f13288: checkpointed 122474 new records.
2026-10-08T17:58:03Z INFO [2051/4500] 9d18bd62-8f04-49c8-94ce-cd74a0bb9561: cophenetic index 1378; 1.2 s; peak memory 633 MiB.
2026-10-08T17:58:03Z INFO [2052/4500] 9d19ad17-7eab-4865-a38f-9bf5ded68394: cophenetic index 651; 0.4 s; peak memory 633 MiB.
2026-10-08T17:58:04Z INFO [2053/4500] 9d1a96a1-de96-41c6-b827-3defb20cea52: cophenetic index 3004; 0.7 s; peak memory 633 MiB.
2026-10-08T17:58:13Z INFO [2054/4500] 9d1b6b6b-0ed8-4bc9-9cec-cc7c19658ae5: cophenetic index 787957; 9.4 s; peak memory 633 MiB.
2026-10-08T17:58:14Z INFO [2055/4500] 9d1c721f-b8df-4e9c-85a5-d3f2b4676efa: cophenetic index 3004; 0.7 s; peak memory 633 MiB.
2026-10-08T17:58:15Z INFO [2056/4500] 9d1c736e-ced2-4419-8589-fdcc7d791d7b: cophenetic index 613; 1.1 s; peak memory 633 MiB.
2026-10-08T17:58:16Z INFO [2057/4500] 9d1d642b-9b5c-40df-9ea2-e18991e0712a: cophenetic index 2625; 1.0 s; peak memory 633 MiB.
2026-10-08T17:58:17Z INFO [2058/4500] 9d1eed53-376a-44db-942f-5aafee148995: cophenetic index 2974; 0.7 s; peak memory 633 MiB.
2026-10-08T17:58:18Z INFO [2059/4500] 9d1f6936-afeb-4e54-9e1d-07fb991d718e: cophenetic index 33998; 1.5 s; peak memory 633 MiB.
2026-10-08T17:58:24Z INFO [2060/4500] 9d2140f2-dabb-4ac7-a881-2ce6796d233f: cophenetic index 2782721; 5.7 s; peak memory 633 MiB.
2026-10-08T17:58:25Z INFO [2061/4500] 9d21e6ed-b09e-419d-ab09-692fe7a14c32: cophenetic index 23794; 1.1 s; peak memory 633 MiB.
2026-10-08T17:58:26Z INFO [2062/4500] 9d22a388-d2b6-41fb-b74e-5ee41760a770: cophenetic index 2625; 0.8 s; peak memory 633 MiB.
2026-10-08T17:58:26Z INFO [2063/4500] 9d23ed0e-3b5f-42fe-8f20-b1d24badbaef: cophenetic index 624; 0.6 s; peak memory 633 MiB.
2026-10-08T17:58:31Z INFO [2064/4500] 9d245262-53f1-4627-a949-b830b6234cc9: cophenetic index 6715; 4.3 s; peak memory 633 MiB.
2026-10-08T17:58:34Z INFO [2065/4500] 9d262c21-add6-4bf7-9b7e-bcc8a7ef31c9: cophenetic index 9548; 3.5 s; peak memory 633 MiB.
2026-10-08T17:58:35Z INFO [2066/4500] 9d264527-035a-4a16-bca3-1e81a315da9b: cophenetic index 624; 0.7 s; peak memory 633 MiB.
2026-10-08T17:58:36Z INFO [2067/4500] 9d26782c-718f-4547-8b66-26c7239ccbef: cophenetic index 33998; 0.9 s; peak memory 633 MiB.
2026-10-08T17:58:37Z INFO [2068/4500] 9d26d639-89eb-4f56-acf5-63b713e393b9: cophenetic index 2625; 0.9 s; peak memory 633 MiB.
2026-10-08T17:58:37Z INFO [2069/4500] 9d27265d-d8ac-4449-9845-e0064138feb7: cophenetic index 490; 0.4 s; peak memory 633 MiB.
2026-10-08T17:58:39Z INFO [2070/4500] 9d27341f-a659-4fa1-8f54-98e4149c2c1c: cophenetic index 33998; 1.6 s; peak memory 633 MiB.
2026-10-08T17:58:39Z INFO [2071/4500] 9d27455c-3c54-418f-b4ea-31d5fd2c8af8: cophenetic index 624; 0.6 s; peak memory 633 MiB.
2026-10-08T17:58:40Z INFO [2072/4500] 9d2750f0-5898-48c0-b21c-bccb3efa3fe7: cophenetic index 490; 0.4 s; peak memory 633 MiB.
2026-10-08T17:58:40Z INFO [2073/4500] 9d277a06-58ff-4aaa-bc15-2d1e3eaaf089: cophenetic index 624; 0.7 s; peak memory 633 MiB.
2026-10-08T17:58:41Z INFO [2074/4500] 9d27a6e7-ef25-4b53-b0cf-901b83dea12b: cophenetic index 624; 0.6 s; peak memory 633 MiB.
2026-10-08T17:58:44Z INFO [2075/4500] 9d28148f-689f-42dd-adc2-d97e323099a3: cophenetic index 9548; 3.3 s; peak memory 633 MiB.
2026-10-08T17:58:45Z INFO [2076/4500] 9d29157b-88c2-466b-8020-a2928e76710e: cophenetic index 777; 0.9 s; peak memory 633 MiB.
2026-10-08T17:58:49Z INFO [2077/4500] 9d2937bd-92a5-4687-8ecf-fa41c44acac4: cophenetic index 30866; 3.8 s; peak memory 633 MiB.
2026-10-08T17:58:50Z INFO [2078/4500] 9d29815f-e57b-47d2-96e2-c6489bf741a6: cophenetic index 624; 0.6 s; peak memory 633 MiB.
2026-10-08T17:58:51Z INFO [2079/4500] 9d29b526-aca3-4ff2-844f-ff543b8c5840: cophenetic index 2625; 1.0 s; peak memory 633 MiB.
2026-10-08T17:58:51Z INFO [2080/4500] 9d2ab519-994f-4904-8bbc-830d18b397bd: cophenetic index 624; 0.6 s; peak memory 633 MiB.
2026-10-08T17:58:52Z INFO [2081/4500] 9d2b44a7-8514-46aa-8fd2-430765020c52: cophenetic index 2625; 0.7 s; peak memory 633 MiB.
2026-10-08T17:58:53Z INFO [2082/4500] 9d2c43da-7b9d-4201-ab98-30d80615944f: cophenetic index 605; 0.8 s; peak memory 633 MiB.
2026-10-08T17:58:53Z INFO [2083/4500] 9d2ce2df-6e61-4073-87f4-a278131ebca5: cophenetic index 1228; 0.4 s; peak memory 633 MiB.
2026-10-08T17:58:56Z INFO [2084/4500] 9d2d3c39-a9e6-4f58-a6d2-116081d04df9: cophenetic index 69511; 3.2 s; peak memory 633 MiB.
2026-10-08T17:58:57Z INFO [2085/4500] 9d2dd116-80b8-4d67-9a6b-0808f9dfbb76: cophenetic index 624; 0.6 s; peak memory 633 MiB.
2026-10-08T17:58:58Z INFO [2086/4500] 9d2e44ec-c79d-4f74-a3b1-184d007d6a5b: cophenetic index 2114; 1.1 s; peak memory 633 MiB.
2026-10-08T17:58:59Z INFO [2087/4500] 9d2ee12e-91a2-4497-88ff-f68e3721c491: cophenetic index 624; 0.7 s; peak memory 633 MiB.
2026-10-08T17:58:59Z INFO [2088/4500] 9d2f37ce-37ea-400a-8d2f-7dadb90c6659: cophenetic index 624; 0.7 s; peak memory 633 MiB.
2026-10-08T17:59:00Z INFO [2089/4500] 9d2fb8c7-e25a-4539-8d7a-296dff5b24ca: cophenetic index 2625; 0.9 s; peak memory 633 MiB.
2026-10-08T17:59:01Z INFO [2090/4500] 9d327d39-3311-4c10-82bc-feadaa05bb16: cophenetic index 2625; 1.0 s; peak memory 633 MiB.
2026-10-08T17:59:02Z INFO [2091/4500] 9d329a9a-f9b1-44e3-a3ea-565747ceb77b: cophenetic index 33998; 1.0 s; peak memory 633 MiB.
2026-10-08T17:59:03Z INFO [2092/4500] 9d32ebaf-fdbc-4738-9b37-bbd4ffdcaf29: cophenetic index 624; 0.6 s; peak memory 633 MiB.
2026-10-08T17:59:03Z INFO [2093/4500] 9d33cd02-9924-4fd6-b12e-9f2b68058f59: cophenetic index 624; 0.6 s; peak memory 633 MiB.
2026-10-08T17:59:04Z INFO [2094/4500] 9d33fda8-bddd-474e-8062-6ec542716593: cophenetic index 2625; 0.9 s; peak memory 633 MiB.
2026-10-08T17:59:06Z INFO [2095/4500] 9d340d74-b483-42b0-a97e-5a3a6ff61234: cophenetic index 1130; 1.2 s; peak memory 633 MiB.
2026-10-08T17:59:07Z INFO [2096/4500] 9d343490-419a-4269-8068-6438850fd230: cophenetic index 33962; 0.9 s; peak memory 633 MiB.
2026-10-08T17:59:07Z INFO [2097/4500] 9d345f6d-1ec0-4c7c-9e70-eae18c09619b: cophenetic index 490; 0.4 s; peak memory 633 MiB.
2026-10-08T17:59:08Z INFO [2098/4500] 9d351d44-c8a0-463b-b6fd-9a4e2541df02: cophenetic index 624; 0.6 s; peak memory 633 MiB.
2026-10-08T17:59:08Z INFO [2099/4500] 9d35c0dc-5824-4990-912a-86227ccddd48: cophenetic index 3057; 0.7 s; peak memory 633 MiB.
2026-10-08T17:59:09Z INFO [2100/4500] 9d35e0c2-b42e-408f-85e1-97953906807f: cophenetic index 624; 0.6 s; peak memory 633 MiB.
2026-10-08T17:59:09Z INFO [2100/4500] 9d35e0c2-b42e-408f-85e1-97953906807f: checkpointed 122524 new records.
2026-10-08T17:59:10Z INFO [2101/4500] 9d3620fc-a0bb-4d15-9f7a-54608489b7f0: cophenetic index 624; 0.7 s; peak memory 633 MiB.
2026-10-08T17:59:12Z INFO [2102/4500] 9d36bae4-1daf-4118-88a4-8fac37305312: cophenetic index 2469; 1.9 s; peak memory 633 MiB.
2026-10-08T17:59:12Z INFO [2103/4500] 9d38007d-47ea-403d-a727-14eae2c6a79e: cophenetic index 624; 0.6 s; peak memory 633 MiB.
2026-10-08T17:59:13Z INFO [2104/4500] 9d380655-c7dd-41ba-9f4a-36e15a313790: cophenetic index 33968; 0.9 s; peak memory 633 MiB.
2026-10-08T17:59:19Z INFO [2105/4500] 9d3815e0-8df3-4e95-aa8d-eb70ea17b8b2: cophenetic index 99055; 6.1 s; peak memory 633 MiB.
2026-10-08T17:59:20Z INFO [2106/4500] 9d396534-3fad-4846-ae6d-35cf107cad00: cophenetic index 164; 0.4 s; peak memory 633 MiB.
2026-10-08T17:59:21Z INFO [2107/4500] 9d39d908-0c9e-4812-b87d-b092f92e0c73: cophenetic index 2625; 1.0 s; peak memory 633 MiB.
2026-10-08T17:59:21Z INFO [2108/4500] 9d3a080f-5745-4f7f-9088-ac31835fce8d: cophenetic index 624; 0.7 s; peak memory 633 MiB.
2026-10-08T17:59:22Z INFO [2109/4500] 9d3a29bb-f83d-40da-8696-3a6c56997205: cophenetic index 1751; 1.0 s; peak memory 633 MiB.
2026-10-08T17:59:23Z INFO [2110/4500] 9d3a4041-6b47-4723-9277-2866baccc598: cophenetic index 3004; 0.8 s; peak memory 633 MiB.
2026-10-08T17:59:24Z INFO [2111/4500] 9d3a95ee-64db-4e3e-9f6c-fe2f37f4086c: cophenetic index 2625; 1.2 s; peak memory 633 MiB.
2026-10-08T17:59:25Z INFO [2112/4500] 9d3aae34-6886-4e44-b6b9-43cff79b1384: cophenetic index 3087; 0.7 s; peak memory 633 MiB.
2026-10-08T17:59:26Z INFO [2113/4500] 9d3af6d5-23bf-4ca2-8af1-6e9be7fbdc9d: cophenetic index 1739; 0.9 s; peak memory 633 MiB.
2026-10-08T17:59:27Z INFO [2114/4500] 9d3c91ac-f914-41de-8818-bf5b3d11674a: cophenetic index 431; 0.7 s; peak memory 633 MiB.
2026-10-08T17:59:29Z INFO [2115/4500] 9d3dd523-d36f-4603-937d-6822cd8a64e8: cophenetic index 2236; 1.9 s; peak memory 633 MiB.
2026-10-08T17:59:29Z INFO [2116/4500] 9d3dd8f6-edbc-4882-9000-401403d14d23: cophenetic index 517; 0.6 s; peak memory 633 MiB.
2026-10-08T17:59:30Z INFO [2117/4500] 9d3df089-3c9e-4a7a-b824-c096038054ee: cophenetic index 3004; 0.7 s; peak memory 633 MiB.
2026-10-08T17:59:31Z INFO [2118/4500] 9d3efc70-c119-4832-b545-2cbbd4016e87: cophenetic index 624; 0.7 s; peak memory 633 MiB.
2026-10-08T17:59:32Z INFO [2119/4500] 9d3f9a66-246e-44e3-88d4-948adcd28937: cophenetic index 3240; 1.1 s; peak memory 633 MiB.
2026-10-08T17:59:33Z INFO [2120/4500] 9d416155-695a-42ba-801f-d6ae9729cd10: cophenetic index 515; 1.2 s; peak memory 633 MiB.
2026-10-08T17:59:33Z INFO [2121/4500] 9d41a862-ae1e-4e5f-842f-00f2bbd373b6: cophenetic index 2920; 0.6 s; peak memory 633 MiB.
2026-10-08T17:59:36Z INFO [2122/4500] 9d41d8bc-bef9-4665-8af8-08aff99c0f73: cophenetic index 2469; 2.0 s; peak memory 633 MiB.
2026-10-08T17:59:37Z INFO [2123/4500] 9d4218f0-8334-4dbb-8e1f-140a7f15a42b: cophenetic index 2609; 1.6 s; peak memory 633 MiB.
2026-10-08T17:59:38Z INFO [2124/4500] 9d424ad7-884f-4711-be3e-7d1acb3390a0: cophenetic index 624; 0.6 s; peak memory 633 MiB.
2026-10-08T17:59:38Z INFO [2125/4500] 9d431a0e-28f5-42c8-96a1-6e9690f58c2e: cophenetic index 624; 0.7 s; peak memory 633 MiB.
2026-10-08T17:59:39Z INFO [2126/4500] 9d439cde-974e-43a7-acce-046712531f79: cophenetic index 33968; 0.8 s; peak memory 633 MiB.
2026-10-08T17:59:40Z INFO [2127/4500] 9d43f9e8-4d86-4806-ba03-47294229adf8: cophenetic index 3004; 0.6 s; peak memory 633 MiB.
2026-10-08T17:59:41Z INFO [2128/4500] 9d43fcee-8db5-4602-8620-d551cddf7990: cophenetic index 624; 0.6 s; peak memory 633 MiB.
2026-10-08T17:59:46Z INFO [2129/4500] 9d44b899-045c-4868-a191-f4bbd05f8266: cophenetic index 162235563; 5.3 s; peak memory 634 MiB.
2026-10-08T17:59:48Z INFO [2130/4500] 9d45148d-98b3-4af0-b61f-2ef14d3d73a0: cophenetic index 5473; 2.3 s; peak memory 634 MiB.
2026-10-08T17:59:49Z INFO [2131/4500] 9d452aa4-954c-4085-9883-83fbb6d8a267: cophenetic index 2625; 0.8 s; peak memory 634 MiB.
2026-10-08T18:01:29Z INFO [2132/4500] 9d453adb-9092-4096-ada8-46c2918697fe: cophenetic index 1516053; 99.8 s; peak memory 634 MiB.
2026-10-08T18:01:30Z INFO [2133/4500] 9d468d47-cd66-4a88-b914-50182340f3ad: cophenetic index 3437; 1.7 s; peak memory 634 MiB.
2026-10-08T18:01:31Z INFO [2134/4500] 9d46acac-34e0-4604-b488-a250e2c5117d: cophenetic index 624; 0.8 s; peak memory 634 MiB.
2026-10-08T18:01:33Z INFO [2135/4500] 9d47a681-6d39-4f23-b47a-e22039b26c27: cophenetic index 2682; 1.4 s; peak memory 634 MiB.
2026-10-08T18:01:34Z INFO [2136/4500] 9d486880-847b-48d1-9f51-e0baaa4ffa79: cophenetic index 23393; 1.0 s; peak memory 634 MiB.
2026-10-08T18:01:34Z INFO [2137/4500] 9d4868b5-a099-4001-ab7d-148da32624f6: cophenetic index 490; 0.5 s; peak memory 634 MiB.
2026-10-08T18:01:35Z INFO [2138/4500] 9d4a38f3-9f71-4311-9c78-8d1e044d1c82: cophenetic index 26986; 0.9 s; peak memory 634 MiB.
2026-10-08T18:01:36Z INFO [2139/4500] 9d4afe8c-2e40-411c-a1ce-1d38f45a8dd3: cophenetic index 1400; 1.3 s; peak memory 634 MiB.
2026-10-08T18:01:37Z INFO [2140/4500] 9d4b06dc-d468-4440-8337-0332016ca72e: cophenetic index 490; 0.5 s; peak memory 634 MiB.
2026-10-08T18:01:37Z INFO [2141/4500] 9d4bd121-e908-4ab1-a274-c85d07fb301b: cophenetic index 590; 0.7 s; peak memory 634 MiB.
2026-10-08T18:01:38Z INFO [2142/4500] 9d4bee39-3537-4766-8279-3b4c829c620b: cophenetic index 33986; 0.9 s; peak memory 634 MiB.
2026-10-08T18:01:39Z INFO [2143/4500] 9d4c0524-6da1-4144-b1eb-605d3ea2534c: cophenetic index 624; 0.7 s; peak memory 634 MiB.
2026-10-08T18:01:40Z INFO [2144/4500] 9d4ca24d-4887-4e5d-baba-d0bde4988b23: cophenetic index 624; 0.7 s; peak memory 634 MiB.
2026-10-08T18:01:40Z INFO [2145/4500] 9d4cf3d0-28e9-4bec-92f9-18766677ec39: cophenetic index 2920; 0.6 s; peak memory 634 MiB.
2026-10-08T18:01:41Z INFO [2146/4500] 9d4cfd6c-a774-48e8-9961-2a16a93f2e0a: cophenetic index 33962; 1.0 s; peak memory 634 MiB.
2026-10-08T18:01:42Z INFO [2147/4500] 9d4d4b6c-f39d-4f0c-965a-500c69fa4965: cophenetic index 446; 0.6 s; peak memory 634 MiB.
2026-10-08T18:01:44Z INFO [2148/4500] 9d4d9913-df57-4e65-81f9-0e1f36977930: cophenetic index 2391; 2.0 s; peak memory 634 MiB.
2026-10-08T18:01:45Z INFO [2149/4500] 9d4e1074-2b15-426a-b3aa-6aace44e5c68: cophenetic index 3057; 0.7 s; peak memory 634 MiB.
2026-10-08T18:01:46Z INFO [2150/4500] 9d4e4b64-5347-4e00-9af9-48e821f8a5b4: cophenetic index 1904; 0.9 s; peak memory 634 MiB.
2026-10-08T18:01:46Z INFO [2150/4500] 9d4e4b64-5347-4e00-9af9-48e821f8a5b4: checkpointed 122574 new records.
2026-10-08T18:01:48Z INFO [2151/4500] 9d4e7f61-ed7a-483e-ad6b-7755f3d1fdf3: cophenetic index 2609; 1.8 s; peak memory 634 MiB.
2026-10-08T18:01:49Z INFO [2152/4500] 9d4e8425-4032-413a-b5c9-523e2fc82e6c: cophenetic index 766; 0.9 s; peak memory 634 MiB.
2026-10-08T18:01:55Z INFO [2153/4500] 9d4f8a19-d629-4d22-90b3-b3e9b929f6d0: cophenetic index 157650; 6.2 s; peak memory 634 MiB.
2026-10-08T18:01:58Z INFO [2154/4500] 9d51f8a4-0730-4fad-880c-548a1183358d: cophenetic index 42845; 3.5 s; peak memory 634 MiB.
2026-10-08T18:02:00Z INFO [2155/4500] 9d520f52-7178-46c7-a61e-e7cd1c1e2901: cophenetic index 2682; 1.8 s; peak memory 634 MiB.
2026-10-08T18:02:02Z INFO [2156/4500] 9d542463-ee59-4043-80d8-5ece2f97ebd2: cophenetic index 809; 1.6 s; peak memory 634 MiB.
2026-10-08T18:02:02Z INFO [2157/4500] 9d55fed7-ca0f-40b5-8530-31a9804b08fd: cophenetic index 3004; 0.9 s; peak memory 634 MiB.
2026-10-08T18:02:03Z INFO [2158/4500] 9d57205e-8923-45c8-83c4-cc67e1f71375: cophenetic index 2625; 0.9 s; peak memory 634 MiB.
2026-10-08T18:02:04Z INFO [2159/4500] 9d57a1c3-1bbb-4fef-97ba-4564bba78ce6: cophenetic index 624; 0.6 s; peak memory 634 MiB.
2026-10-08T18:02:05Z INFO [2160/4500] 9d57e76d-9150-4cb4-926f-5ccd5887506f: cophenetic index 2974; 0.8 s; peak memory 634 MiB.
2026-10-08T18:02:05Z INFO [2161/4500] 9d58673c-06f9-48d4-ad26-2e985cc5b571: cophenetic index 560; 0.6 s; peak memory 634 MiB.
2026-10-08T18:02:06Z INFO [2162/4500] 9d58962f-acc7-426e-96e7-290d8d0a124d: cophenetic index 624; 0.7 s; peak memory 634 MiB.
2026-10-08T18:02:07Z INFO [2163/4500] 9d58d621-5180-47c6-b6e0-1be31d4b14a8: cophenetic index 490; 0.5 s; peak memory 634 MiB.
2026-10-08T18:02:14Z INFO [2164/4500] 9d58ed01-a934-4c81-9155-19fa724b681e: cophenetic index 1080486; 7.4 s; peak memory 634 MiB.
2026-10-08T18:02:15Z INFO [2165/4500] 9d598705-185c-4f19-a090-54dd3e446a29: cophenetic index 15674; 0.9 s; peak memory 634 MiB.
2026-10-08T18:02:16Z INFO [2166/4500] 9d59ef75-0fdd-4d4c-8aef-892bb2e5dcef: cophenetic index 554; 0.7 s; peak memory 634 MiB.
2026-10-08T18:02:17Z INFO [2167/4500] 9d5a1740-506a-4844-a259-b0f7a7d32268: cophenetic index 809; 1.6 s; peak memory 634 MiB.
2026-10-08T18:02:18Z INFO [2168/4500] 9d5ad725-1870-44d9-8969-8bea35b7049a: cophenetic index 624; 0.8 s; peak memory 634 MiB.
2026-10-08T18:02:20Z INFO [2169/4500] 9d5b0403-2d4f-48e2-9a8b-5bd36f3d3231: cophenetic index 959; 1.6 s; peak memory 634 MiB.
2026-10-08T18:02:23Z INFO [2170/4500] 9d5b2d69-9da0-4247-b8e2-b1cad2692ba2: cophenetic index 6218; 3.4 s; peak memory 634 MiB.
2026-10-08T18:02:24Z INFO [2171/4500] 9d5b5871-1bcf-4a8f-8ac7-48709471ffb5: cophenetic index 3087; 0.7 s; peak memory 634 MiB.
2026-10-08T18:02:25Z INFO [2172/4500] 9d5b5ffc-c5b7-444e-a6be-fd79a00c1bbd: cophenetic index 2391; 1.7 s; peak memory 634 MiB.
2026-10-08T18:02:26Z INFO [2173/4500] 9d5bec73-cda1-4a35-9144-e0b94cffd58a: cophenetic index 3004; 0.6 s; peak memory 634 MiB.
2026-10-08T18:02:26Z INFO [2174/4500] 9d5c77b8-5ddc-4acf-9c42-a6f1b3907c9f: cophenetic index 490; 0.4 s; peak memory 634 MiB.
2026-10-08T18:02:27Z INFO [2175/4500] 9d5c913b-3279-48ea-bd18-02ff40537801: cophenetic index 3087; 0.8 s; peak memory 634 MiB.
2026-10-08T18:02:30Z INFO [2176/4500] 9d5dabf9-26db-4684-b0f6-5a0e6380c425: cophenetic index 9548; 3.2 s; peak memory 634 MiB.
2026-10-08T18:02:31Z INFO [2177/4500] 9d5db363-dd36-4e67-878e-dc4d93ac37cc: cophenetic index 2625; 0.9 s; peak memory 634 MiB.
2026-10-08T18:02:33Z INFO [2178/4500] 9d5ecefe-1287-449c-a4fc-ea3d4e817091: cophenetic index 797; 1.4 s; peak memory 634 MiB.
2026-10-08T18:02:33Z INFO [2179/4500] 9d5edbc6-15fb-42c4-aa42-d3eb9a537d75: cophenetic index 431; 0.8 s; peak memory 634 MiB.
2026-10-08T18:02:35Z INFO [2180/4500] 9d5f05d5-6ce5-4d78-a301-819d3d1ae2a3: cophenetic index 2241; 2.1 s; peak memory 634 MiB.
2026-10-08T18:02:37Z INFO [2181/4500] 9d5f5924-0926-46ac-8a2d-a62402da9b54: cophenetic index 1087; 1.3 s; peak memory 634 MiB.
2026-10-08T18:02:37Z INFO [2182/4500] 9d5fb2ab-5b1a-46ea-86d4-68df543a44a0: cophenetic index 624; 0.7 s; peak memory 634 MiB.
2026-10-08T18:02:38Z INFO [2183/4500] 9d5fcbd2-b172-476b-bd10-f68e5eb0afed: cophenetic index 3004; 0.8 s; peak memory 634 MiB.
2026-10-08T18:02:39Z INFO [2184/4500] 9d5fda1a-f293-4a70-b906-c8d68dce28fb: cophenetic index 2625; 1.0 s; peak memory 634 MiB.
2026-10-08T18:02:40Z INFO [2185/4500] 9d60273b-2be0-4eaf-8a89-bdb2ba60180f: cophenetic index 554; 0.7 s; peak memory 634 MiB.
2026-10-08T18:02:41Z INFO [2186/4500] 9d6052cf-8dc1-4d44-82e7-bf43e9cb8d54: cophenetic index 624; 0.6 s; peak memory 634 MiB.
2026-10-08T18:02:41Z INFO [2187/4500] 9d6067c4-7978-455c-b6b2-a3d47de44923: cophenetic index 630; 0.6 s; peak memory 634 MiB.
2026-10-08T18:02:42Z INFO [2188/4500] 9d612c25-c7ae-4f27-9154-482f78d7e0f3: cophenetic index 624; 0.7 s; peak memory 634 MiB.
2026-10-08T18:02:43Z INFO [2189/4500] 9d6162ed-c2b3-451f-8359-1b6ccb23f315: cophenetic index 3087; 0.7 s; peak memory 634 MiB.
2026-10-08T18:02:43Z INFO [2190/4500] 9d617d1b-e8ec-40ce-aa1b-1f2cded93f14: cophenetic index 2974; 0.6 s; peak memory 634 MiB.
2026-10-08T18:02:45Z INFO [2191/4500] 9d61c0bc-1894-48fc-8ae3-88c571f658fa: cophenetic index 2524; 1.5 s; peak memory 634 MiB.
2026-10-08T18:02:50Z INFO [2192/4500] 9d6206aa-0c23-4961-8d7c-ed37d89d938a: cophenetic index 108962; 5.3 s; peak memory 634 MiB.
2026-10-08T18:02:52Z INFO [2193/4500] 9d6209a4-e4de-48ec-af59-06de6523b2d4: cophenetic index 2654; 1.5 s; peak memory 634 MiB.
2026-10-08T18:02:53Z INFO [2194/4500] 9d62257d-88da-4791-b12e-969cfc57f64f: cophenetic index 2609; 1.5 s; peak memory 634 MiB.
2026-10-08T18:02:54Z INFO [2195/4500] 9d62f57d-901b-4908-b8c5-bd0928b400e2: cophenetic index 624; 0.7 s; peak memory 634 MiB.
2026-10-08T18:02:54Z INFO [2196/4500] 9d63b131-b8e8-4730-ac5d-86301d724258: cophenetic index 649; 0.7 s; peak memory 634 MiB.
2026-10-08T18:02:55Z INFO [2197/4500] 9d642318-9e95-4d32-bb10-dd1efa903663: cophenetic index 624; 0.7 s; peak memory 634 MiB.
2026-10-08T18:02:56Z INFO [2198/4500] 9d645080-d7c1-4d13-bcb7-0088c49c8136: cophenetic index 2724; 0.7 s; peak memory 634 MiB.
2026-10-08T18:02:56Z INFO [2199/4500] 9d6567bd-f18c-4f5f-b196-7c36ba7f6c2b: cophenetic index 745; 0.4 s; peak memory 634 MiB.
2026-10-08T18:02:57Z INFO [2200/4500] 9d65a19f-b38c-4545-b958-833868407910: cophenetic index 624; 0.7 s; peak memory 634 MiB.
2026-10-08T18:02:57Z INFO [2200/4500] 9d65a19f-b38c-4545-b958-833868407910: checkpointed 122624 new records.
2026-10-08T18:02:58Z INFO [2201/4500] 9d66078f-1300-4024-8ed5-663ae59cd821: cophenetic index 3447; 0.7 s; peak memory 634 MiB.
2026-10-08T18:03:05Z INFO [2202/4500] 9d666a14-ac93-47dc-935e-dfc9870e1c47: cophenetic index 14978; 6.6 s; peak memory 634 MiB.
2026-10-08T18:03:06Z INFO [2203/4500] 9d66ed40-af31-43aa-b4ba-246d2206dcad: cophenetic index 690; 1.2 s; peak memory 634 MiB.
2026-10-08T18:03:08Z INFO [2204/4500] 9d673ba4-42f1-4a4e-a3d4-12927a0790e3: cophenetic index 8258; 1.9 s; peak memory 634 MiB.
2026-10-08T18:03:09Z INFO [2205/4500] 9d67e40b-2506-4c6f-869d-c870cff88e5a: cophenetic index 1949; 1.0 s; peak memory 634 MiB.
2026-10-08T18:03:09Z INFO [2206/4500] 9d682b8d-cdcf-4eae-84ad-3aec3c9c8863: cophenetic index 3004; 0.7 s; peak memory 634 MiB.
2026-10-08T18:03:10Z INFO [2207/4500] 9d692db5-d67e-4de9-82a4-ccc4cb4945cd: cophenetic index 729; 0.5 s; peak memory 634 MiB.
2026-10-08T18:03:11Z INFO [2208/4500] 9d695db7-27ef-4920-aa25-62647b85a6cd: cophenetic index 624; 0.7 s; peak memory 634 MiB.
2026-10-08T18:03:11Z INFO [2209/4500] 9d6a9084-98e1-4f4c-b992-7e63f3ad46a2: cophenetic index 729; 0.5 s; peak memory 634 MiB.
2026-10-08T18:03:11Z INFO [2210/4500] 9d6b0106-c15b-4e96-a446-8056e375c7b3: cophenetic index 401; 0.4 s; peak memory 634 MiB.
2026-10-08T18:03:12Z INFO [2211/4500] 9d6b92f5-5591-48e8-bc8c-17f910706853: cophenetic index 569; 0.8 s; peak memory 634 MiB.
2026-10-08T18:03:16Z INFO [2212/4500] 9d6bb2d8-4fa5-43e5-ab43-bb9382f32c1f: cophenetic index 6800; 4.0 s; peak memory 634 MiB.
2026-10-08T18:03:17Z INFO [2213/4500] 9d6c9b9b-36cf-4290-91a3-1acc8ac5e3e6: cophenetic index 649; 0.7 s; peak memory 634 MiB.
2026-10-08T18:03:18Z INFO [2214/4500] 9d6d3add-6b62-454a-a72e-5b58d3438aa4: cophenetic index 624; 0.6 s; peak memory 634 MiB.
2026-10-08T18:03:18Z INFO [2215/4500] 9d6d8b9c-ab28-4c2e-a3f4-7a39be9dad5c: cophenetic index 490; 0.5 s; peak memory 634 MiB.
2026-10-08T18:03:19Z INFO [2216/4500] 9d6dccd9-5442-4a6e-814d-de35a91d7641: cophenetic index 2625; 0.9 s; peak memory 634 MiB.
2026-10-08T18:03:21Z INFO [2217/4500] 9d6dd30b-cb2d-4c82-b93b-8ea8aa6105aa: cophenetic index 624; 1.7 s; peak memory 634 MiB.
2026-10-08T18:03:21Z INFO [2218/4500] 9d6e2770-03a9-4abb-ada0-630d84943052: cophenetic index 690; 0.7 s; peak memory 634 MiB.
2026-10-08T18:03:25Z INFO [2219/4500] 9d6f413c-ebdc-493c-983c-fcbd5ef35c28: cophenetic index 9181; 3.9 s; peak memory 634 MiB.
2026-10-08T18:03:29Z INFO [2220/4500] 9d6f81ac-9248-4320-8ef9-3e58803e4062: cophenetic index 120847; 4.1 s; peak memory 634 MiB.
2026-10-08T18:03:30Z INFO [2221/4500] 9d703c88-584e-40ce-8557-91723610bfce: cophenetic index 431; 0.9 s; peak memory 634 MiB.
2026-10-08T18:03:31Z INFO [2222/4500] 9d703e8b-7946-436a-a013-fed795dc8441: cophenetic index 3087; 0.6 s; peak memory 634 MiB.
2026-10-08T18:03:32Z INFO [2223/4500] 9d705139-f116-4750-8be1-dcadcb87cd0e: cophenetic index 23960; 0.9 s; peak memory 634 MiB.
2026-10-08T18:03:33Z INFO [2224/4500] 9d757d08-11b7-4d49-92cd-041d47fd26b8: cophenetic index 649; 0.7 s; peak memory 634 MiB.
2026-10-08T18:03:33Z INFO [2225/4500] 9d75d3df-a6de-4830-aa43-a7787c4d3239: cophenetic index 490; 0.4 s; peak memory 634 MiB.
2026-10-08T18:03:36Z INFO [2226/4500] 9d767972-733d-4f35-ae8d-b57b228ed5f5: cophenetic index 16365; 3.0 s; peak memory 634 MiB.
2026-10-08T18:03:37Z INFO [2227/4500] 9d76c528-22e7-4fa4-949f-01d9a5e2020e: cophenetic index 431; 0.6 s; peak memory 634 MiB.
2026-10-08T18:03:38Z INFO [2228/4500] 9d76ceee-5540-469e-ab29-d1dc99ccfae6: cophenetic index 2682; 1.5 s; peak memory 634 MiB.
2026-10-08T18:03:39Z INFO [2229/4500] 9d7735a0-3538-4b68-9e34-059834c68b91: cophenetic index 3087; 0.7 s; peak memory 634 MiB.
2026-10-08T18:03:39Z INFO [2230/4500] 9d7743a0-7cc7-4e4f-8eb8-8e957e7d4fc8: cophenetic index 23788; 0.7 s; peak memory 634 MiB.
2026-10-08T18:03:40Z INFO [2231/4500] 9d77757c-ef07-4a55-beff-b0d20221d595: cophenetic index 3004; 0.9 s; peak memory 634 MiB.
2026-10-08T18:03:41Z INFO [2232/4500] 9d7852ed-6ee7-4b65-a66a-b0033b9b65be: cophenetic index 3087; 0.7 s; peak memory 634 MiB.
2026-10-08T18:03:42Z INFO [2233/4500] 9d7a4ed2-b076-4ff2-a83e-835520016f90: cophenetic index 3004; 0.7 s; peak memory 634 MiB.
2026-10-08T18:03:46Z INFO [2234/4500] 9d7acff8-877e-4017-9785-92a487cb9c1f: cophenetic index 9181; 4.2 s; peak memory 634 MiB.
2026-10-08T18:03:47Z INFO [2235/4500] 9d7af62a-d43d-4b94-aad3-68821c178222: cophenetic index 3004; 0.8 s; peak memory 634 MiB.
2026-10-08T18:03:47Z INFO [2236/4500] 9d7b5948-079c-4783-9669-50e0f5c71db7: cophenetic index 597; 0.7 s; peak memory 634 MiB.
2026-10-08T18:03:52Z INFO [2237/4500] 9d7b984e-7886-4038-b854-3904d6c73bc9: cophenetic index 10989722; 4.8 s; peak memory 634 MiB.
2026-10-08T18:03:59Z INFO [2238/4500] 9d7bba55-f948-43d4-9ca0-e9d0d5195999: cophenetic index 268146; 6.8 s; peak memory 634 MiB.
2026-10-08T18:04:04Z INFO [2239/4500] 9d7c2c26-8b42-4b3d-a56a-d477e662326a: cophenetic index 153100; 4.6 s; peak memory 634 MiB.
2026-10-08T18:04:04Z INFO [2240/4500] 9d7c6649-9e1e-4481-9cf8-3bca5ce062e1: cophenetic index 624; 0.6 s; peak memory 634 MiB.
2026-10-08T18:04:05Z INFO [2241/4500] 9d7cc224-32cd-496d-9ddf-226127920183: cophenetic index 1025; 0.9 s; peak memory 634 MiB.
2026-10-08T18:04:06Z INFO [2242/4500] 9d7d4936-8001-4d25-bd61-b4751cae4307: cophenetic index 579; 0.5 s; peak memory 634 MiB.
2026-10-08T18:04:06Z INFO [2243/4500] 9d7da699-ad24-4503-ba8e-3d385984fa5b: cophenetic index 624; 0.5 s; peak memory 634 MiB.
2026-10-08T18:04:07Z INFO [2244/4500] 9d7df8a8-ff9c-4de1-bf09-d672cf775a34: cophenetic index 2974; 0.7 s; peak memory 634 MiB.
2026-10-08T18:04:08Z INFO [2245/4500] 9d7e240f-6e8a-48e4-ba82-3d0397291963: cophenetic index 448; 0.8 s; peak memory 634 MiB.
2026-10-08T18:04:08Z INFO [2246/4500] 9d7e2aa5-e1ea-4d7c-94e6-f486d5894866: cophenetic index 23379; 0.7 s; peak memory 634 MiB.
2026-10-08T18:04:09Z INFO [2247/4500] 9d7e45e2-2a3b-4f05-934e-014d5f520169: cophenetic index 751; 0.5 s; peak memory 634 MiB.
2026-10-08T18:04:12Z INFO [2248/4500] 9d7e6e94-ef6a-4e47-943a-59ade88bb047: cophenetic index 9548; 3.5 s; peak memory 634 MiB.
2026-10-08T18:04:13Z INFO [2249/4500] 9d7f4a14-952f-4bb2-ac8d-82e0e04196b7: cophenetic index 840; 0.6 s; peak memory 634 MiB.
2026-10-08T18:04:14Z INFO [2250/4500] 9d7fb521-05e3-4b24-a11b-a98a07a86cd8: cophenetic index 3972; 1.0 s; peak memory 634 MiB.
2026-10-08T18:04:14Z INFO [2250/4500] 9d7fb521-05e3-4b24-a11b-a98a07a86cd8: checkpointed 122674 new records.
2026-10-08T18:04:16Z INFO [2251/4500] 9d800057-3be8-4387-b938-e286bdf83178: cophenetic index 2469; 1.8 s; peak memory 634 MiB.
2026-10-08T18:04:22Z INFO [2252/4500] 9d812127-ca8f-4fd4-b301-98046906d6d2: cophenetic index 118521; 5.7 s; peak memory 634 MiB.
2026-10-08T18:04:27Z INFO [2253/4500] 9d81a2ed-15d2-4944-a7df-39ce6b6a5c38: cophenetic index 178491; 5.4 s; peak memory 634 MiB.
2026-10-08T18:04:28Z INFO [2254/4500] 9d830aaf-0a6d-407f-9630-738573e4de0b: cophenetic index 2625; 0.9 s; peak memory 634 MiB.
2026-10-08T18:04:29Z INFO [2255/4500] 9d842df5-d2db-4f91-a8aa-1e91a5b73782: cophenetic index 624; 0.7 s; peak memory 634 MiB.
2026-10-08T18:04:30Z INFO [2256/4500] 9d8552c6-8704-4e21-8e67-964e01335382: cophenetic index 2682; 1.4 s; peak memory 634 MiB.
2026-10-08T18:04:31Z INFO [2257/4500] 9d868b23-2c19-4a03-ba7a-f67692685a3f: cophenetic index 627; 0.5 s; peak memory 634 MiB.
2026-10-08T18:04:31Z INFO [2258/4500] 9d86b4b4-94da-4545-9734-aecd483bdb38: cophenetic index 3087; 0.8 s; peak memory 634 MiB.
2026-10-08T18:04:32Z INFO [2259/4500] 9d87c8de-132e-4671-991c-1984f1a1a524: cophenetic index 2974; 0.7 s; peak memory 634 MiB.
2026-10-08T18:04:33Z INFO [2260/4500] 9d8864e2-294d-4073-95f5-10028dd338b5: cophenetic index 33998; 0.9 s; peak memory 634 MiB.
2026-10-08T18:04:36Z INFO [2261/4500] 9d8a77ea-1958-4b95-ae8e-84f7755c5ea7: cophenetic index 6412; 2.7 s; peak memory 634 MiB.
2026-10-08T18:04:36Z INFO [2262/4500] 9d8a9345-1169-48a9-8e9c-a1f4387b8d32: cophenetic index 624; 0.6 s; peak memory 634 MiB.
2026-10-08T18:04:37Z INFO [2263/4500] 9d8abc20-c42f-4ec9-b272-c636aba1f750: cophenetic index 624; 0.8 s; peak memory 634 MiB.
2026-10-08T18:04:38Z INFO [2264/4500] 9d8acc1b-55c7-4581-8866-c23f88a6507b: cophenetic index 3004; 0.8 s; peak memory 634 MiB.
2026-10-08T18:04:38Z INFO [2265/4500] 9d8c69aa-da30-4258-ab22-a47b050f4e24: cophenetic index 433; 0.5 s; peak memory 634 MiB.
2026-10-08T18:04:39Z INFO [2266/4500] 9d8c8a1b-166e-4a68-b873-92cd941d1fa0: cophenetic index 649; 0.8 s; peak memory 634 MiB.
2026-10-08T18:04:40Z INFO [2267/4500] 9d8cdd89-640c-457d-8f9d-7e2c31fabf1c: cophenetic index 649; 0.6 s; peak memory 634 MiB.
2026-10-08T18:04:41Z INFO [2268/4500] 9d8d9bc7-98af-455c-9431-7a0450bca468: cophenetic index 2625; 0.9 s; peak memory 634 MiB.
2026-10-08T18:04:41Z INFO [2269/4500] 9d8de247-45e3-4c14-8a94-3c6ab1e2160c: cophenetic index 33962; 0.9 s; peak memory 634 MiB.
2026-10-08T18:04:42Z INFO [2270/4500] 9d8e7c53-d405-4169-a383-6d3c1ca119c3: cophenetic index 624; 0.7 s; peak memory 634 MiB.
2026-10-08T18:04:43Z INFO [2271/4500] 9d8f79f3-8dea-4e61-a032-749bb132b1bf: cophenetic index 624; 0.8 s; peak memory 634 MiB.
2026-10-08T18:04:44Z INFO [2272/4500] 9d8fd496-74ec-4db0-af79-828704407fa6: cophenetic index 651; 0.5 s; peak memory 634 MiB.
2026-10-08T18:04:44Z INFO [2273/4500] 9d907214-492b-4ae7-a3dc-823bd567d99d: cophenetic index 624; 0.7 s; peak memory 634 MiB.
2026-10-08T18:04:46Z INFO [2274/4500] 9d90847e-ad71-45ee-bcd6-124a682db7d2: cophenetic index 2609; 1.6 s; peak memory 634 MiB.
2026-10-08T18:04:47Z INFO [2275/4500] 9d9134f1-f59e-4e38-9b02-73d806a6aa59: cophenetic index 1781; 0.7 s; peak memory 634 MiB.
2026-10-08T18:04:49Z INFO [2276/4500] 9d924294-0ec1-4c8c-809e-75c985d8137a: cophenetic index 33998; 2.0 s; peak memory 634 MiB.
2026-10-08T18:04:49Z INFO [2277/4500] 9d924d98-a7d2-42cb-b6d9-30e9da931d53: cophenetic index 624; 0.7 s; peak memory 634 MiB.
2026-10-08T18:04:50Z INFO [2278/4500] 9d92a09f-35e8-49cb-b542-ea6fbdc65885: cophenetic index 3004; 0.8 s; peak memory 634 MiB.
2026-10-08T18:04:51Z INFO [2279/4500] 9d92b2d8-2a95-4374-ae30-1b7e88811b94: cophenetic index 3004; 0.7 s; peak memory 634 MiB.
2026-10-08T18:04:52Z INFO [2280/4500] 9d92c83e-0bb2-435d-a19e-51761da98b81: cophenetic index 2570; 0.9 s; peak memory 634 MiB.
2026-10-08T18:04:52Z INFO [2281/4500] 9d92eb29-9baa-4aa3-b2bb-fb602ef55903: cophenetic index 649; 0.7 s; peak memory 634 MiB.
2026-10-08T18:04:53Z INFO [2282/4500] 9d932a84-d004-4aa3-b1d9-c15e83957215: cophenetic index 739; 0.4 s; peak memory 634 MiB.
2026-10-08T18:05:04Z INFO [2283/4500] 9d93836f-e059-4953-adf0-ae54374af4f4: cophenetic index 112711; 11.4 s; peak memory 634 MiB.
2026-10-08T18:05:12Z INFO [2284/4500] 9d94c060-e528-45c7-a9b5-37b758989b86: cophenetic index 462284; 7.4 s; peak memory 634 MiB.
2026-10-08T18:05:12Z INFO [2285/4500] 9d94d9c0-45b1-46ef-ad40-5d191f6f937a: cophenetic index 624; 0.8 s; peak memory 634 MiB.
2026-10-08T18:05:14Z INFO [2286/4500] 9d9505f0-82af-4053-b56e-0ce4b5a4dc8c: cophenetic index 6636; 1.7 s; peak memory 634 MiB.
2026-10-08T18:05:15Z INFO [2287/4500] 9d951d87-1fc8-4f71-8eeb-0b7cc2662901: cophenetic index 624; 0.8 s; peak memory 634 MiB.
2026-10-08T18:05:17Z INFO [2288/4500] 9d952a7b-80ac-4d77-a4a8-268d8b5b8327: cophenetic index 1929; 1.9 s; peak memory 634 MiB.
2026-10-08T18:05:18Z INFO [2289/4500] 9d955bbd-b1a3-4058-b823-20ec449791e4: cophenetic index 624; 0.7 s; peak memory 634 MiB.
2026-10-08T18:05:18Z INFO [2290/4500] 9d96ae00-142f-4650-a4ba-eed6d6f3fb03: cophenetic index 762; 0.5 s; peak memory 634 MiB.
2026-10-08T18:05:19Z INFO [2291/4500] 9d9715d0-e5ce-4f46-a6f9-85ba3283ea11: cophenetic index 2056; 1.1 s; peak memory 634 MiB.
2026-10-08T18:05:20Z INFO [2292/4500] 9d973938-fe33-4429-a460-c2cc1ee19a74: cophenetic index 624; 0.7 s; peak memory 634 MiB.
2026-10-08T18:05:21Z INFO [2293/4500] 9d975c1b-107c-437b-baac-96b845d6a71a: cophenetic index 761; 0.7 s; peak memory 634 MiB.
2026-10-08T18:05:21Z INFO [2294/4500] 9d979ce1-f5d1-481e-9d18-2823823cfeda: cophenetic index 624; 0.7 s; peak memory 634 MiB.
2026-10-08T18:05:22Z INFO [2295/4500] 9d983d41-b73f-4451-aca7-f8d1d757babc: cophenetic index 605; 0.9 s; peak memory 634 MiB.
2026-10-08T18:05:23Z INFO [2296/4500] 9d98b954-adc7-4cc1-9fe1-bef34c0b6ffd: cophenetic index 2625; 0.8 s; peak memory 634 MiB.
2026-10-08T18:05:26Z INFO [2297/4500] 9d98bd5b-6ee2-4f20-9daa-507c1d4da019: cophenetic index 2822; 2.7 s; peak memory 634 MiB.
2026-10-08T18:05:26Z INFO [2298/4500] 9d98d84f-3aa7-460c-a0f5-705e8be2427d: cophenetic index 2570; 0.8 s; peak memory 634 MiB.
2026-10-08T18:05:27Z INFO [2299/4500] 9d996917-e0a3-407f-819f-7bc7153532db: cophenetic index 3087; 0.8 s; peak memory 634 MiB.
2026-10-08T18:05:28Z INFO [2300/4500] 9d9b0ce0-0be1-4601-a4e5-7dd35d596ed4: cophenetic index 1248; 1.0 s; peak memory 634 MiB.
2026-10-08T18:05:28Z INFO [2300/4500] 9d9b0ce0-0be1-4601-a4e5-7dd35d596ed4: checkpointed 122724 new records.
2026-10-08T18:05:33Z INFO [2301/4500] 9d9b1f15-23ec-4135-a1ce-5790fe904b0f: cophenetic index 93215; 4.5 s; peak memory 634 MiB.
2026-10-08T18:05:36Z INFO [2302/4500] 9d9ca1bc-556e-43b1-ba14-6c9974773402: cophenetic index 20638; 3.2 s; peak memory 634 MiB.
2026-10-08T18:05:37Z INFO [2303/4500] 9d9dd40a-5f65-4483-a1e3-5c13d5c46830: cophenetic index 6435; 0.8 s; peak memory 634 MiB.
2026-10-08T18:05:39Z INFO [2304/4500] 9d9fb68b-2c52-4dc6-ba49-5446067db118: cophenetic index 2162; 1.6 s; peak memory 634 MiB.
2026-10-08T18:05:39Z INFO [2305/4500] 9da01d73-7d25-4931-927a-1029b39fd1fc: cophenetic index 33958; 0.9 s; peak memory 634 MiB.
2026-10-08T18:05:41Z INFO [2306/4500] 9da0e4ef-700a-4ea6-9b67-dba19ab59405: cophenetic index 2625; 1.1 s; peak memory 634 MiB.
2026-10-08T18:05:42Z INFO [2307/4500] 9da13b8b-c402-42bb-8db3-ef575ff77577: cophenetic index 2124; 1.6 s; peak memory 634 MiB.
2026-10-08T18:05:43Z INFO [2308/4500] 9da161da-a71a-46ee-a1d9-1f0465997fd6: cophenetic index 3004; 0.7 s; peak memory 634 MiB.
2026-10-08T18:05:43Z INFO [2309/4500] 9da24f75-7d86-412e-b24d-cbecffc20c23: cophenetic index 624; 0.7 s; peak memory 634 MiB.
2026-10-08T18:05:44Z INFO [2310/4500] 9da28947-f3e8-473a-9093-f139e4db1f47: cophenetic index 739; 0.5 s; peak memory 634 MiB.
2026-10-08T18:05:45Z INFO [2311/4500] 9da2c81f-21d0-47ca-adf3-15419a674c18: cophenetic index 894; 1.1 s; peak memory 634 MiB.
2026-10-08T18:05:46Z INFO [2312/4500] 9da31f06-440b-48f7-8817-8a46867908ad: cophenetic index 579; 0.6 s; peak memory 634 MiB.
2026-10-08T18:05:46Z INFO [2313/4500] 9da34a10-36d2-4930-b984-887c67ddce4b: cophenetic index 624; 0.6 s; peak memory 634 MiB.
2026-10-08T18:05:47Z INFO [2314/4500] 9da353b8-3f83-4006-b004-a7faedba5342: cophenetic index 539; 0.8 s; peak memory 634 MiB.
2026-10-08T18:05:48Z INFO [2315/4500] 9da512b4-3500-41aa-9177-bc84457a1737: cophenetic index 490; 0.4 s; peak memory 634 MiB.
2026-10-08T18:05:49Z INFO [2316/4500] 9da5822d-a3bc-4146-8d61-7d5504dcda6b: cophenetic index 2469; 1.8 s; peak memory 634 MiB.
2026-10-08T18:05:50Z INFO [2317/4500] 9da58315-dabd-46f3-8f6b-b42fe17b9e24: cophenetic index 624; 0.7 s; peak memory 634 MiB.
2026-10-08T18:05:51Z INFO [2318/4500] 9da5f792-5dc4-45a0-8f5a-8fa3680f3f6e: cophenetic index 2923; 0.9 s; peak memory 634 MiB.
2026-10-08T18:05:52Z INFO [2319/4500] 9da66642-5ae3-4b35-a74a-4d93be566304: cophenetic index 630; 0.6 s; peak memory 634 MiB.
2026-10-08T18:05:52Z INFO [2320/4500] 9da669c1-e33d-4b13-baf0-2a7e6ae4dd6f: cophenetic index 3215; 0.7 s; peak memory 634 MiB.
2026-10-08T18:05:54Z INFO [2321/4500] 9da6a2d2-851a-4f04-9305-05910f0543b7: cophenetic index 761; 1.5 s; peak memory 634 MiB.
2026-10-08T18:05:59Z INFO [2322/4500] 9da6ac95-589b-4e91-afd9-c7a7b858abea: cophenetic index 360634; 5.0 s; peak memory 634 MiB.
2026-10-08T18:05:59Z INFO [2323/4500] 9da6be19-e5cc-4c2e-8a7c-2dacb76f76e2: cophenetic index 637; 0.5 s; peak memory 634 MiB.
2026-10-08T18:06:01Z INFO [2324/4500] 9da74fb7-980d-4658-8858-8dd64cf3587a: cophenetic index 2682; 1.4 s; peak memory 634 MiB.
2026-10-08T18:06:01Z INFO [2325/4500] 9da9341b-f761-4141-b7c3-8fcc7c34b9d2: cophenetic index 739; 0.7 s; peak memory 634 MiB.
2026-10-08T18:06:02Z INFO [2326/4500] 9da936ae-f444-48db-b978-b8ad8bd24add: cophenetic index 3004; 0.7 s; peak memory 634 MiB.
2026-10-08T18:06:09Z INFO [2327/4500] 9da9f8fc-7b51-4b11-9260-d10cf4c3ea87: cophenetic index 5706; 6.8 s; peak memory 634 MiB.
2026-10-08T18:06:15Z INFO [2328/4500] 9daaa5c6-8121-44fd-8d65-c8668d095374: cophenetic index 195172714; 6.1 s; peak memory 634 MiB.
2026-10-08T18:06:16Z INFO [2329/4500] 9daab943-7b47-4170-b2ab-66f5c7c9ea8c: cophenetic index 33998; 1.1 s; peak memory 634 MiB.
2026-10-08T18:06:20Z INFO [2330/4500] 9daabec1-3d28-45b2-9cad-b40671f05be5: cophenetic index 155933; 4.2 s; peak memory 634 MiB.
2026-10-08T18:06:21Z INFO [2331/4500] 9daac711-de76-49f1-9af2-72e75edeeb75: cophenetic index 3192; 0.8 s; peak memory 634 MiB.
2026-10-08T18:06:22Z INFO [2332/4500] 9daaec13-7cba-4c06-a4a1-688de45fe744: cophenetic index 649; 0.9 s; peak memory 634 MiB.
2026-10-08T18:06:23Z INFO [2333/4500] 9daaf4f7-8633-4028-83e4-832004bdca35: cophenetic index 2625; 0.8 s; peak memory 634 MiB.
2026-10-08T18:06:23Z INFO [2334/4500] 9dabb0f2-f040-49e8-ac90-fb8c865b1cbb: cophenetic index 3004; 0.6 s; peak memory 634 MiB.
2026-10-08T18:06:24Z INFO [2335/4500] 9dabcbf5-a430-47b8-b63b-529d194445aa: cophenetic index 2570; 1.0 s; peak memory 634 MiB.
2026-10-08T18:06:25Z INFO [2336/4500] 9dabfe54-f608-4a02-9a96-a6f48671e51a: cophenetic index 641; 0.4 s; peak memory 634 MiB.
2026-10-08T18:06:26Z INFO [2337/4500] 9dac473d-979f-4643-80ae-63d93ff3cd48: cophenetic index 624; 0.8 s; peak memory 634 MiB.
2026-10-08T18:06:26Z INFO [2338/4500] 9dac499b-6e60-4d47-b99f-fbb47aea4fec: cophenetic index 433; 0.4 s; peak memory 634 MiB.
2026-10-08T18:06:27Z INFO [2339/4500] 9dacf0e7-f387-4972-ba23-4d557964898a: cophenetic index 3004; 0.7 s; peak memory 634 MiB.
2026-10-08T18:06:30Z INFO [2340/4500] 9dacf95a-d73c-453c-83d3-cb7103c16638: cophenetic index 43915; 3.0 s; peak memory 634 MiB.
2026-10-08T18:06:31Z INFO [2341/4500] 9dad6d6b-64bc-4ebc-8434-e810a15ead7a: cophenetic index 1006; 1.0 s; peak memory 634 MiB.
2026-10-08T18:06:32Z INFO [2342/4500] 9dadf6e0-a878-4d91-a7b5-d60d38b7d91e: cophenetic index 624; 0.7 s; peak memory 634 MiB.
2026-10-08T18:06:43Z INFO [2343/4500] 9daec8eb-db1b-4e55-8066-0045174afebf: cophenetic index 53483; 11.9 s; peak memory 634 MiB.
2026-10-08T18:06:45Z INFO [2344/4500] 9daee619-0952-439d-b542-99aaba529205: cophenetic index 33998; 1.4 s; peak memory 634 MiB.
2026-10-08T18:06:46Z INFO [2345/4500] 9daf03fb-c075-4014-a2c3-7910bef4a6b1: cophenetic index 2625; 0.9 s; peak memory 634 MiB.
2026-10-08T18:06:47Z INFO [2346/4500] 9daf5b39-491e-49aa-a929-523a5e487954: cophenetic index 33968; 1.0 s; peak memory 634 MiB.
2026-10-08T18:06:48Z INFO [2347/4500] 9db091aa-2f86-4490-92eb-e3a0e702fce4: cophenetic index 2625; 0.8 s; peak memory 634 MiB.
2026-10-08T18:06:54Z INFO [2348/4500] 9db1a14c-6284-4b74-b838-0512dc4b026e: cophenetic index 48665; 6.4 s; peak memory 634 MiB.
2026-10-08T18:06:58Z INFO [2349/4500] 9db2d967-f957-4534-aff5-9a93bed01a66: cophenetic index 13178; 4.0 s; peak memory 634 MiB.
2026-10-08T18:06:59Z INFO [2350/4500] 9db2e287-0b5a-4931-9549-280e92ac2002: cophenetic index 624; 0.7 s; peak memory 634 MiB.
2026-10-08T18:06:59Z INFO [2350/4500] 9db2e287-0b5a-4931-9549-280e92ac2002: checkpointed 122774 new records.
2026-10-08T18:07:00Z INFO [2351/4500] 9db30947-f750-47a0-807a-18feefbad6f0: cophenetic index 2609; 1.3 s; peak memory 634 MiB.
2026-10-08T18:07:05Z INFO [2352/4500] 9db331ab-2c09-4213-9f3c-ee0e552c7d1a: cophenetic index 12100; 4.8 s; peak memory 634 MiB.
2026-10-08T18:07:06Z INFO [2353/4500] 9db35e75-1095-43e6-9748-51589ec7976c: cophenetic index 725; 0.8 s; peak memory 634 MiB.
2026-10-08T18:07:07Z INFO [2354/4500] 9db4872e-3676-4963-a7b8-8c71076faf2f: cophenetic index 3004; 0.9 s; peak memory 634 MiB.
2026-10-08T18:07:08Z INFO [2355/4500] 9db49b04-4277-4e6e-83a9-6181585017c3: cophenetic index 42002; 1.3 s; peak memory 634 MiB.
2026-10-08T18:07:09Z INFO [2356/4500] 9db4a53d-ec77-4bf7-b4d8-bd545dc01abf: cophenetic index 33998; 1.2 s; peak memory 634 MiB.
2026-10-08T18:07:10Z INFO [2357/4500] 9db5a6fb-0d1c-4e39-bd89-4776add48a66: cophenetic index 1087; 1.2 s; peak memory 634 MiB.
2026-10-08T18:07:11Z INFO [2358/4500] 9db5a785-e1e4-4589-a52f-e53027dd7d2c: cophenetic index 952; 0.6 s; peak memory 634 MiB.
2026-10-08T18:07:13Z INFO [2359/4500] 9db5b1b1-cde5-4b02-bffc-22ebbff9dcdb: cophenetic index 2469; 1.7 s; peak memory 634 MiB.
2026-10-08T18:07:13Z INFO [2360/4500] 9db5e401-1224-4818-b2b1-1c8ed5558f93: cophenetic index 1006; 0.8 s; peak memory 634 MiB.
2026-10-08T18:07:15Z INFO [2361/4500] 9db5e5a7-aa3d-4acb-a941-e6ef33742204: cophenetic index 33998; 1.4 s; peak memory 634 MiB.
2026-10-08T18:07:16Z INFO [2362/4500] 9db7c1b7-c042-45a5-a6ba-970df07ba32a: cophenetic index 3004; 0.9 s; peak memory 634 MiB.
2026-10-08T18:07:17Z INFO [2363/4500] 9db8ab3f-0462-48db-b47b-10f499be3998: cophenetic index 3087; 0.8 s; peak memory 634 MiB.
2026-10-08T18:07:17Z INFO [2364/4500] 9db8faff-6441-41e9-86c5-452af431b4e9: cophenetic index 624; 0.6 s; peak memory 634 MiB.
2026-10-08T18:07:18Z INFO [2365/4500] 9db904e9-12e9-4b3b-8006-370d33cb787c: cophenetic index 624; 0.7 s; peak memory 634 MiB.
2026-10-08T18:07:19Z INFO [2366/4500] 9db93b8f-4750-4385-87bd-30904e2d9979: cophenetic index 2570; 0.8 s; peak memory 634 MiB.
2026-10-08T18:07:19Z INFO [2367/4500] 9db9e411-170d-482b-acdf-cc6936b740ac: cophenetic index 624; 0.6 s; peak memory 634 MiB.
2026-10-08T18:07:20Z INFO [2368/4500] 9dba511f-40c4-49bc-a329-879f000cbcf8: cophenetic index 937; 0.9 s; peak memory 634 MiB.
2026-10-08T18:07:21Z INFO [2369/4500] 9dba88e7-113f-4159-a63a-bdc27173bb65: cophenetic index 624; 0.8 s; peak memory 634 MiB.
2026-10-08T18:07:34Z INFO [2370/4500] 9dbb9462-9e0d-4c3c-bcfc-cd497e4c7f9a: cophenetic index 30155; 12.6 s; peak memory 634 MiB.
2026-10-08T18:07:36Z INFO [2371/4500] 9dbc7b5a-1db1-4d47-b26d-5fcb0d54d29c: cophenetic index 3844; 2.1 s; peak memory 634 MiB.
2026-10-08T18:07:36Z INFO [2372/4500] 9dbca55e-5920-4cef-9ce8-8513ccb1b4b2: cophenetic index 3004; 0.8 s; peak memory 634 MiB.
2026-10-08T18:07:37Z INFO [2373/4500] 9dbd2ed0-7317-4bc7-8819-54f84501785c: cophenetic index 23975; 0.7 s; peak memory 634 MiB.
2026-10-08T18:07:37Z INFO [2374/4500] 9dbd8b95-7af0-4074-8ef3-256d618df19e: cophenetic index 490; 0.4 s; peak memory 634 MiB.
2026-10-08T18:07:38Z INFO [2375/4500] 9dbfc9ba-143b-4165-9daf-93666324b93d: cophenetic index 539; 0.6 s; peak memory 634 MiB.
2026-10-08T18:07:39Z INFO [2376/4500] 9dc014a5-c185-4915-be3d-4dbc4a46a112: cophenetic index 3087; 0.8 s; peak memory 634 MiB.
2026-10-08T18:07:40Z INFO [2377/4500] 9dc22475-5da0-4d6d-a0ae-5da9669d5fc8: cophenetic index 1380; 1.0 s; peak memory 634 MiB.
2026-10-08T18:07:40Z INFO [2378/4500] 9dc2bbd5-c916-4dfb-8f14-6264e6478082: cophenetic index 490; 0.4 s; peak memory 634 MiB.
2026-10-08T18:07:41Z INFO [2379/4500] 9dc3c788-3d14-48d2-a9f9-5e2a1692755d: cophenetic index 23864; 0.9 s; peak memory 634 MiB.
2026-10-08T18:07:42Z INFO [2380/4500] 9dc412dd-6744-40e9-b315-c9af787ed081: cophenetic index 624; 0.7 s; peak memory 634 MiB.
2026-10-08T18:07:43Z INFO [2381/4500] 9dc413bc-29ed-47d9-8bab-2869ac82c754: cophenetic index 624; 0.8 s; peak memory 634 MiB.
2026-10-08T18:07:43Z INFO [2382/4500] 9dc43602-7be7-4acd-8ffb-5d355ce479d2: cophenetic index 624; 0.6 s; peak memory 634 MiB.
2026-10-08T18:07:44Z INFO [2383/4500] 9dc4669e-9e27-41f7-8cad-5e91a947dced: cophenetic index 1228; 0.6 s; peak memory 634 MiB.
2026-10-08T18:07:45Z INFO [2384/4500] 9dc48451-666b-48d6-9791-8b1bbb335b68: cophenetic index 3192; 0.7 s; peak memory 634 MiB.
2026-10-08T18:07:45Z INFO [2385/4500] 9dc53cad-8b77-4f14-a5bd-f1aa8c006f5b: cophenetic index 1949; 0.6 s; peak memory 634 MiB.
2026-10-08T18:07:46Z INFO [2386/4500] 9dc649de-67fe-465d-b0c9-8bca8b3d47b3: cophenetic index 2683; 1.2 s; peak memory 634 MiB.
2026-10-08T18:07:47Z INFO [2387/4500] 9dc6583e-5266-4d73-91b6-ba7d2e38a452: cophenetic index 624; 0.6 s; peak memory 634 MiB.
2026-10-08T18:07:51Z INFO [2388/4500] 9dc65ea0-428c-4665-b38e-9299d3eff1f7: cophenetic index 9548; 4.1 s; peak memory 634 MiB.
2026-10-08T18:07:52Z INFO [2389/4500] 9dc66203-3b31-4a97-9724-33ab11fbb04e: cophenetic index 605; 0.8 s; peak memory 634 MiB.
2026-10-08T18:07:53Z INFO [2390/4500] 9dc6e378-1aae-4407-82de-a478b1fbd38f: cophenetic index 2682; 1.6 s; peak memory 634 MiB.
2026-10-08T18:07:57Z INFO [2391/4500] 9dc7c976-8381-4e78-a3a3-9c951b194277: cophenetic index 15474; 3.1 s; peak memory 634 MiB.
2026-10-08T18:07:58Z INFO [2392/4500] 9dc87c5b-ba3e-4625-9ab5-b0ddb3a996bd: cophenetic index 99150; 1.5 s; peak memory 634 MiB.
2026-10-08T18:07:59Z INFO [2393/4500] 9dc8c8bc-28be-44b9-b8e6-d5b80fd83b94: cophenetic index 2625; 0.8 s; peak memory 634 MiB.
2026-10-08T18:08:01Z INFO [2394/4500] 9dc9212e-7d69-4dd0-9c5b-5fe4a10d85d2: cophenetic index 16320; 2.4 s; peak memory 634 MiB.
2026-10-08T18:08:02Z INFO [2395/4500] 9dc95e45-b6f7-489d-9250-2d5f84568938: cophenetic index 2625; 0.9 s; peak memory 634 MiB.
2026-10-08T18:08:05Z INFO [2396/4500] 9dc9b977-a3c5-4819-85a9-68de54a32cdf: cophenetic index 41226; 3.2 s; peak memory 634 MiB.
2026-10-08T18:08:06Z INFO [2397/4500] 9dcb9e0b-fc3d-4f89-a498-91f9cf7e43b6: cophenetic index 2625; 1.0 s; peak memory 634 MiB.
2026-10-08T18:08:08Z INFO [2398/4500] 9dcbd4af-d070-41d2-8d2f-f14850eba465: cophenetic index 33986; 1.2 s; peak memory 634 MiB.
2026-10-08T18:08:08Z INFO [2399/4500] 9dcbe0e4-df51-4fe4-b9e7-00f4906209e6: cophenetic index 649; 0.6 s; peak memory 634 MiB.
2026-10-08T18:08:09Z INFO [2400/4500] 9dcc9526-c363-4b96-9189-2599e018da1f: cophenetic index 2974; 0.7 s; peak memory 634 MiB.
2026-10-08T18:08:09Z INFO [2400/4500] 9dcc9526-c363-4b96-9189-2599e018da1f: checkpointed 122824 new records.
2026-10-08T18:08:10Z INFO [2401/4500] 9dcd0161-5554-4a54-99fc-cc586fd336f0: cophenetic index 1087; 0.9 s; peak memory 634 MiB.
2026-10-08T18:08:13Z INFO [2402/4500] 9dcd42f1-a2bb-4861-9bb7-d57191310b2f: cophenetic index 43778; 3.1 s; peak memory 634 MiB.
2026-10-08T18:08:20Z INFO [2403/4500] 9dcdd29a-46dc-410f-8014-4430fdd8bbf2: cophenetic index 21815; 6.8 s; peak memory 634 MiB.
2026-10-08T18:08:22Z INFO [2404/4500] 9dce93b9-c51c-4b0d-8360-cfa434d1107f: cophenetic index 3243; 1.8 s; peak memory 634 MiB.
2026-10-08T18:08:23Z INFO [2405/4500] 9dcf25ca-2a4b-411b-a447-7e3dcb3604af: cophenetic index 593; 1.0 s; peak memory 634 MiB.
2026-10-08T18:08:24Z INFO [2406/4500] 9dcf9bba-eba0-431a-b805-0be1244bc28b: cophenetic index 2625; 0.9 s; peak memory 634 MiB.
2026-10-08T18:08:25Z INFO [2407/4500] 9dcfdf10-90ac-42a3-864a-78f2d0f4be97: cophenetic index 2625; 1.1 s; peak memory 634 MiB.
2026-10-08T18:08:25Z INFO [2408/4500] 9dd0948f-bf7b-4bfb-bc19-4bfeb83db997: cophenetic index 560; 0.5 s; peak memory 634 MiB.
2026-10-08T18:08:26Z INFO [2409/4500] 9dd0a7aa-5e53-4e53-855d-2be4364bb54a: cophenetic index 624; 0.7 s; peak memory 634 MiB.
2026-10-08T18:08:27Z INFO [2410/4500] 9dd0c537-dbad-4d9c-a787-3ec3cee7ac02: cophenetic index 2974; 0.7 s; peak memory 634 MiB.
2026-10-08T18:08:27Z INFO [2411/4500] 9dd16592-8631-4e7a-b661-a280a07aebcf: cophenetic index 3004; 0.6 s; peak memory 634 MiB.
2026-10-08T18:08:29Z INFO [2412/4500] 9dd24e09-2c8e-4a42-be56-5e001a1688a6: cophenetic index 33998; 1.4 s; peak memory 634 MiB.
2026-10-08T18:08:30Z INFO [2413/4500] 9dd2d06c-6888-45b0-99cc-dcb48128991a: cophenetic index 1087; 0.9 s; peak memory 634 MiB.
2026-10-08T18:08:34Z INFO [2414/4500] 9dd2d332-ecde-4860-85cb-85689af1fddc: cophenetic index 25647; 4.2 s; peak memory 634 MiB.
2026-10-08T18:08:35Z INFO [2415/4500] 9dd43c5e-fc64-4e30-8ee0-d8eff0091845: cophenetic index 3004; 0.7 s; peak memory 634 MiB.
2026-10-08T18:08:36Z INFO [2416/4500] 9dd49550-fc03-432b-bbcb-070b5e0fc8f3: cophenetic index 2056; 1.1 s; peak memory 634 MiB.
2026-10-08T18:08:36Z INFO [2417/4500] 9dd4c7b4-075d-43e8-b3db-0e667ae22877: cophenetic index 490; 0.5 s; peak memory 634 MiB.
2026-10-08T18:08:37Z INFO [2418/4500] 9dd4e2d3-6514-4568-9cc4-168ba870746e: cophenetic index 624; 0.8 s; peak memory 634 MiB.
2026-10-08T18:08:38Z INFO [2419/4500] 9dd4ef7e-6364-4cdc-ac31-999bc5896085: cophenetic index 3087; 0.7 s; peak memory 634 MiB.
2026-10-08T18:08:38Z INFO [2420/4500] 9dd597de-75ee-493b-b334-4906c0741621: cophenetic index 2625; 0.9 s; peak memory 634 MiB.
2026-10-08T18:08:39Z INFO [2421/4500] 9dd65731-576d-401d-b769-58e0240426a8: cophenetic index 624; 0.7 s; peak memory 634 MiB.
2026-10-08T18:08:40Z INFO [2422/4500] 9dd77457-2c0b-4d9d-b6f1-df340d26de37: cophenetic index 649; 0.7 s; peak memory 634 MiB.
2026-10-08T18:08:48Z INFO [2423/4500] 9dd78c89-009b-4da2-b7b0-0b213ee0b198: cophenetic index 49686; 8.2 s; peak memory 634 MiB.
2026-10-08T18:08:49Z INFO [2424/4500] 9dd79601-3a14-4c83-8128-7a5fef14be9f: cophenetic index 613; 1.1 s; peak memory 634 MiB.
2026-10-08T18:08:50Z INFO [2425/4500] 9dd7a4a5-5ee4-4a91-893a-67558683e035: cophenetic index 3004; 0.6 s; peak memory 634 MiB.
2026-10-08T18:08:50Z INFO [2426/4500] 9dd7be55-6399-40ef-a0b2-58d509328b21: cophenetic index 649; 0.7 s; peak memory 634 MiB.
2026-10-08T18:08:51Z INFO [2427/4500] 9dd8369c-c9ab-4fb6-aa33-6b1102595a3f: cophenetic index 3004; 0.8 s; peak memory 634 MiB.
2026-10-08T18:08:52Z INFO [2428/4500] 9dd85391-e41a-44ff-b2e5-97d41c506477: cophenetic index 2974; 0.8 s; peak memory 634 MiB.
2026-10-08T18:08:53Z INFO [2429/4500] 9dd870ea-8649-4e7f-93e2-f7858d85237c: cophenetic index 624; 0.6 s; peak memory 634 MiB.
2026-10-08T18:08:55Z INFO [2430/4500] 9dd8b681-65f3-49c8-94a1-94cea74b5d40: cophenetic index 35070; 2.5 s; peak memory 634 MiB.
2026-10-08T18:09:02Z INFO [2431/4500] 9dd8fefd-4f15-4cd8-af47-4478c600d1d4: cophenetic index 192699; 6.9 s; peak memory 634 MiB.
2026-10-08T18:09:03Z INFO [2432/4500] 9dd912c2-31b2-4c5f-b9cb-a2ae3d5d4ec6: cophenetic index 624; 0.7 s; peak memory 634 MiB.
2026-10-08T18:12:16Z INFO [2433/4500] 9ddae9a6-098c-4750-9498-bb7c04dcbb59: cophenetic index 91492524; 193.0 s; peak memory 727 MiB.
2026-10-08T18:12:17Z INFO [2434/4500] 9ddb2bdc-ef9d-4ea4-89f9-3c48ac44b2f0: cophenetic index 3087; 0.8 s; peak memory 727 MiB.
2026-10-08T18:12:54Z INFO [2435/4500] 9ddb3c94-710c-4657-bab2-d3f1bf8cbc6b: cophenetic index 19622984; 37.2 s; peak memory 727 MiB.
2026-10-08T18:12:55Z INFO [2436/4500] 9ddb8885-7e75-4e5a-a93d-0f619422cc47: cophenetic index 3004; 0.7 s; peak memory 727 MiB.
2026-10-08T18:12:55Z INFO [2437/4500] 9ddc6402-006d-4157-af6f-12e58b084f0e: cophenetic index 624; 0.6 s; peak memory 727 MiB.
2026-10-08T18:12:56Z INFO [2438/4500] 9ddc6af3-fa87-4002-98e8-b44a98cf22f4: cophenetic index 3004; 0.9 s; peak memory 727 MiB.
2026-10-08T18:12:57Z INFO [2439/4500] 9ddcafce-af5a-4cd9-b304-fef04e186c7b: cophenetic index 725; 0.7 s; peak memory 727 MiB.
2026-10-08T18:12:58Z INFO [2440/4500] 9ddcd6ef-fc0d-4468-ab73-3c1b31864692: cophenetic index 3004; 0.7 s; peak memory 727 MiB.
2026-10-08T18:12:58Z INFO [2441/4500] 9ddf3d51-5b9e-47b0-a87c-2655a71bb770: cophenetic index 2625; 0.9 s; peak memory 727 MiB.
2026-10-08T18:13:03Z INFO [2442/4500] 9ddfc747-7866-465b-98e4-1975415fef82: cophenetic index 5466; 4.3 s; peak memory 727 MiB.
2026-10-08T18:13:03Z INFO [2443/4500] 9ddfcf30-a615-4291-834f-e1b41f29596c: cophenetic index 490; 0.7 s; peak memory 727 MiB.
2026-10-08T18:13:05Z INFO [2444/4500] 9ddfe0dc-9f88-46a9-994b-c16b3253ccd1: cophenetic index 99150; 1.3 s; peak memory 727 MiB.
2026-10-08T18:13:06Z INFO [2445/4500] 9de06df0-0c5b-4b20-9d5b-60b9ad058249: cophenetic index 2570; 0.8 s; peak memory 727 MiB.
2026-10-08T18:13:06Z INFO [2446/4500] 9de0778b-7ea7-4c5b-b0db-191fbd7ef3af: cophenetic index 715; 0.6 s; peak memory 727 MiB.
2026-10-08T18:13:07Z INFO [2447/4500] 9de09d98-5724-47a9-a240-2bd9ff55b8ea: cophenetic index 624; 0.7 s; peak memory 727 MiB.
2026-10-08T18:13:08Z INFO [2448/4500] 9de0b093-aa5c-491c-8bdf-169a9744c304: cophenetic index 1087; 1.1 s; peak memory 727 MiB.
2026-10-08T18:13:09Z INFO [2449/4500] 9de166ad-8b06-4c6c-94a1-0c56346e6777: cophenetic index 1380; 1.1 s; peak memory 727 MiB.
2026-10-08T18:13:10Z INFO [2450/4500] 9de212f0-d221-4a56-b2d8-97516bdedc9b: cophenetic index 2974; 0.8 s; peak memory 727 MiB.
2026-10-08T18:13:10Z INFO [2450/4500] 9de212f0-d221-4a56-b2d8-97516bdedc9b: checkpointed 122874 new records.
2026-10-08T18:13:12Z INFO [2451/4500] 9de35e16-43a8-47d0-8dd4-ad4535253841: cophenetic index 2402; 1.6 s; peak memory 727 MiB.
2026-10-08T18:13:15Z INFO [2452/4500] 9de4439c-5543-4133-a3bb-fb26d12aebe2: cophenetic index 58555; 3.6 s; peak memory 727 MiB.
2026-10-08T18:13:16Z INFO [2453/4500] 9de48fc3-e7be-4d0b-9ae7-91d1055c05c2: cophenetic index 560; 0.6 s; peak memory 727 MiB.
2026-10-08T18:13:17Z INFO [2454/4500] 9de4ef02-f1be-4911-a190-f8df81c1420e: cophenetic index 590; 0.9 s; peak memory 727 MiB.
2026-10-08T18:13:22Z INFO [2455/4500] 9de5607f-684a-46ed-99fc-e4e8fd77defc: cophenetic index 13016; 5.8 s; peak memory 727 MiB.
2026-10-08T18:13:24Z INFO [2456/4500] 9de569a5-25eb-4310-b8f3-556ab9abc6c1: cophenetic index 3004; 1.0 s; peak memory 727 MiB.
2026-10-08T18:13:25Z INFO [2457/4500] 9de750b0-6928-4cc9-8ee3-73320c302607: cophenetic index 33998; 1.0 s; peak memory 727 MiB.
2026-10-08T18:13:25Z INFO [2458/4500] 9de7c2c9-fc93-482a-a9ca-732a688da7a3: cophenetic index 3004; 0.8 s; peak memory 727 MiB.
2026-10-08T18:13:26Z INFO [2459/4500] 9de8568a-2557-4a53-89be-b32da7eaf9b9: cophenetic index 649; 0.8 s; peak memory 727 MiB.
2026-10-08T18:13:28Z INFO [2460/4500] 9de9b775-e00f-4281-831d-154dd3f40cfa: cophenetic index 545141; 2.0 s; peak memory 727 MiB.
2026-10-08T18:13:29Z INFO [2461/4500] 9dea3740-3071-4649-8517-53a0c26f502c: cophenetic index 3004; 0.8 s; peak memory 727 MiB.
2026-10-08T18:13:30Z INFO [2462/4500] 9deae20e-2c16-4ea8-bf65-17c2b0476e59: cophenetic index 448; 0.7 s; peak memory 727 MiB.
2026-10-08T18:13:31Z INFO [2463/4500] 9deb3128-8b1e-4086-867d-9e1656faba66: cophenetic index 73397; 1.6 s; peak memory 727 MiB.
2026-10-08T18:13:32Z INFO [2464/4500] 9debe4d4-83aa-40ef-9941-5c65ace0267c: cophenetic index 624; 0.8 s; peak memory 727 MiB.
2026-10-08T18:13:33Z INFO [2465/4500] 9dec70fc-a116-47f3-9efe-b9383d1457f8: cophenetic index 3004; 0.8 s; peak memory 727 MiB.
2026-10-08T18:13:36Z INFO [2466/4500] 9dec7f2c-3f86-4dfb-b509-3cf91b3c16f0: cophenetic index 51029; 3.0 s; peak memory 727 MiB.
2026-10-08T18:13:38Z INFO [2467/4500] 9deccb57-5d8a-43f9-827f-1a92ff83ec0c: cophenetic index 2682; 1.6 s; peak memory 727 MiB.
2026-10-08T18:13:38Z INFO [2468/4500] 9dee0580-9a5e-40e3-92d5-db982c211b12: cophenetic index 2570; 0.9 s; peak memory 727 MiB.
2026-10-08T18:13:39Z INFO [2469/4500] 9df03f1e-94e9-4e2a-a749-9194f4598bc4: cophenetic index 431; 0.6 s; peak memory 727 MiB.
2026-10-08T18:13:45Z INFO [2470/4500] 9df099e7-6129-4ded-bb4f-f832c7dc47d8: cophenetic index 47144; 5.7 s; peak memory 727 MiB.
2026-10-08T18:13:46Z INFO [2471/4500] 9df1261b-1c1a-45c5-83a3-7c29266abc86: cophenetic index 624; 0.8 s; peak memory 727 MiB.
2026-10-08T18:13:46Z INFO [2472/4500] 9df45687-831f-405e-981b-f321731c7e19: cophenetic index 624; 0.7 s; peak memory 727 MiB.
2026-10-08T18:13:47Z INFO [2473/4500] 9df514a7-b35b-4d9b-a9b9-585635124aa9: cophenetic index 490; 0.4 s; peak memory 727 MiB.
2026-10-08T18:13:47Z INFO [2474/4500] 9df53795-e918-46eb-9a33-2c7d8a9323e8: cophenetic index 624; 0.7 s; peak memory 727 MiB.
2026-10-08T18:13:48Z INFO [2475/4500] 9df57f70-a606-4526-b8bf-6e060cd9a80e: cophenetic index 3004; 0.8 s; peak memory 727 MiB.
2026-10-08T18:13:49Z INFO [2476/4500] 9df58060-c64f-46e0-908c-3e75af1c549e: cophenetic index 729; 0.6 s; peak memory 727 MiB.
2026-10-08T18:13:49Z INFO [2477/4500] 9df61723-4b33-4205-a456-58ec42b1d642: cophenetic index 624; 0.6 s; peak memory 727 MiB.
2026-10-08T18:13:50Z INFO [2478/4500] 9df6abea-f121-4def-9a7c-406c8d30444d: cophenetic index 490; 0.4 s; peak memory 727 MiB.
2026-10-08T18:13:51Z INFO [2479/4500] 9df6fbd5-ac54-46ec-952c-3fdea1474b1e: cophenetic index 3087; 0.7 s; peak memory 727 MiB.
2026-10-08T18:13:51Z INFO [2480/4500] 9df749a2-6015-43db-b1a5-d777882113b8: cophenetic index 624; 0.7 s; peak memory 727 MiB.
2026-10-08T18:13:52Z INFO [2481/4500] 9df81844-cc96-4c8e-ad9e-4b27fcf370e6: cophenetic index 579; 0.5 s; peak memory 727 MiB.
2026-10-08T18:13:53Z INFO [2482/4500] 9df846bc-7767-4013-965e-bb057d51f2a9: cophenetic index 2570; 1.0 s; peak memory 727 MiB.
2026-10-08T18:14:00Z INFO [2483/4500] 9df865e6-8315-4f38-8230-86cd77c63d3f: cophenetic index 198102; 7.0 s; peak memory 727 MiB.
2026-10-08T18:14:01Z INFO [2484/4500] 9df89542-8f06-4006-93f4-b0564eaf9e99: cophenetic index 2625; 1.0 s; peak memory 727 MiB.
2026-10-08T18:14:02Z INFO [2485/4500] 9df9647d-5e3d-4778-bf83-a5920e27c6e2: cophenetic index 2625; 1.0 s; peak memory 727 MiB.
2026-10-08T18:14:02Z INFO [2486/4500] 9df9f9e9-f8e9-4bcb-a5b1-e6adf4699d19: cophenetic index 3004; 0.8 s; peak memory 727 MiB.
2026-10-08T18:14:03Z INFO [2487/4500] 9dfa1a4a-c5f2-4c31-a19f-f2f3e32c30d1: cophenetic index 624; 0.8 s; peak memory 727 MiB.
2026-10-08T18:14:04Z INFO [2488/4500] 9dfaa43c-0290-4100-b5b1-325ca3b52a9e: cophenetic index 1114; 1.1 s; peak memory 727 MiB.
2026-10-08T18:14:05Z INFO [2489/4500] 9dfabdf4-27ad-48c2-84eb-22e437e7bbad: cophenetic index 1848; 0.5 s; peak memory 727 MiB.
2026-10-08T18:14:13Z INFO [2490/4500] 9dfafb0b-c4e5-41cc-9d66-2802faf02923: cophenetic index 387002; 8.5 s; peak memory 727 MiB.
2026-10-08T18:14:14Z INFO [2491/4500] 9dfbb9c4-be93-4ee6-9282-ae940969da20: cophenetic index 469; 0.4 s; peak memory 727 MiB.
2026-10-08T18:14:16Z INFO [2492/4500] 9dfbd3dc-9f00-4a1c-aef6-7bacbdd88d8c: cophenetic index 5473; 2.2 s; peak memory 727 MiB.
2026-10-08T18:14:17Z INFO [2493/4500] 9dfd8a8f-787c-441c-bb8d-9e7405754bdb: cophenetic index 2625; 1.0 s; peak memory 727 MiB.
2026-10-08T18:14:18Z INFO [2494/4500] 9dfdc03b-c1df-49aa-8664-6370b7632277: cophenetic index 99138; 1.2 s; peak memory 727 MiB.
2026-10-08T18:14:19Z INFO [2495/4500] 9dfdd8aa-a20b-422b-bfdf-3e07b772e3f4: cophenetic index 624; 0.8 s; peak memory 727 MiB.
2026-10-08T18:14:20Z INFO [2496/4500] 9dfdf31f-a545-4cb7-94d8-270bab65269b: cophenetic index 2625; 1.0 s; peak memory 727 MiB.
2026-10-08T18:14:21Z INFO [2497/4500] 9dfeaa2f-a013-4773-b139-56b64cc37d9d: cophenetic index 3192; 0.7 s; peak memory 727 MiB.
2026-10-08T18:14:21Z INFO [2498/4500] 9dfec1f6-744a-4c1f-898f-58db8c0a891b: cophenetic index 446; 0.4 s; peak memory 727 MiB.
2026-10-08T18:14:23Z INFO [2499/4500] 9dfece42-7a51-4aa2-946b-6cd049e35227: cophenetic index 5473; 2.1 s; peak memory 727 MiB.
2026-10-08T18:14:25Z INFO [2500/4500] 9dfeea28-f869-4d0e-a0e3-f0944fdae596: cophenetic index 33998; 1.6 s; peak memory 727 MiB.
2026-10-08T18:14:25Z INFO [2500/4500] 9dfeea28-f869-4d0e-a0e3-f0944fdae596: checkpointed 122924 new records.
2026-10-08T18:14:26Z INFO [2501/4500] 9dfef2da-31c8-45fb-a7f9-f00d80682f90: cophenetic index 624; 0.8 s; peak memory 727 MiB.
2026-10-08T18:14:26Z INFO [2502/4500] 9dff36eb-c026-4e6a-add6-0973ce9dba33: cophenetic index 494; 0.6 s; peak memory 727 MiB.
2026-10-08T18:14:28Z INFO [2503/4500] 9dff9f50-ec3c-4dd2-9198-51f23a25cf5b: cophenetic index 895; 1.5 s; peak memory 727 MiB.
2026-10-08T18:14:29Z INFO [2504/4500] 9dffb41a-0f25-45d3-bdef-7e7a555cc96c: cophenetic index 3004; 0.7 s; peak memory 727 MiB.
2026-10-08T18:14:29Z INFO [2505/4500] 9dffd325-28a8-47aa-a0b8-6b1c27d1418b: cophenetic index 624; 0.7 s; peak memory 727 MiB.
2026-10-08T18:14:30Z INFO [2506/4500] 9e00cdab-7e16-4b87-b315-830e5072af64: cophenetic index 2625; 0.8 s; peak memory 727 MiB.
2026-10-08T18:14:31Z INFO [2507/4500] 9e01df6c-b6e2-41a1-a96f-c9db4d20136e: cophenetic index 624; 0.6 s; peak memory 727 MiB.
2026-10-08T18:14:31Z INFO [2508/4500] 9e029665-8a24-4de6-8e2c-cd02b4009fc3: cophenetic index 3192; 0.7 s; peak memory 727 MiB.
2026-10-08T18:14:32Z INFO [2509/4500] 9e02b264-e01d-42d4-a603-942a3494710e: cophenetic index 490; 0.4 s; peak memory 727 MiB.
2026-10-08T18:14:33Z INFO [2510/4500] 9e042e85-39ed-437b-ba8b-2dda382fb7b2: cophenetic index 33818; 1.1 s; peak memory 727 MiB.
2026-10-08T18:14:38Z INFO [2511/4500] 9e043c5f-4ebf-4f17-954d-4295714b9c05: cophenetic index 34862; 5.4 s; peak memory 727 MiB.
2026-10-08T18:14:40Z INFO [2512/4500] 9e047b48-9dd4-4684-9219-d84532fd7447: cophenetic index 6609; 1.6 s; peak memory 727 MiB.
2026-10-08T18:14:41Z INFO [2513/4500] 9e04a55a-6640-4478-9997-e0bb9d96dbc3: cophenetic index 2625; 0.8 s; peak memory 727 MiB.
2026-10-08T18:14:41Z INFO [2514/4500] 9e05471d-2a90-4af8-8c2e-60c2c1bfe51a: cophenetic index 624; 0.7 s; peak memory 727 MiB.
2026-10-08T18:14:42Z INFO [2515/4500] 9e05c7df-1638-4864-8ee6-f0a86612708d: cophenetic index 3004; 0.8 s; peak memory 727 MiB.
2026-10-08T18:14:43Z INFO [2516/4500] 9e05edcb-7469-4e88-9a8a-14a92ab1a891: cophenetic index 2625; 0.7 s; peak memory 727 MiB.
2026-10-08T18:14:44Z INFO [2517/4500] 9e060c33-426a-4d45-b50a-4f7af2b32d0f: cophenetic index 624; 0.6 s; peak memory 727 MiB.
2026-10-08T18:14:45Z INFO [2518/4500] 9e06183e-bdfd-490b-b25c-215a827a509b: cophenetic index 2625; 1.1 s; peak memory 727 MiB.
2026-10-08T18:14:45Z INFO [2519/4500] 9e063f67-1825-4443-b9cc-9d05058da1d6: cophenetic index 624; 0.7 s; peak memory 727 MiB.
2026-10-08T18:14:46Z INFO [2520/4500] 9e065cfd-aa0d-4602-a1ce-5e2ab7160a22: cophenetic index 579; 0.5 s; peak memory 727 MiB.
2026-10-08T18:14:47Z INFO [2521/4500] 9e07083c-fff7-401e-b052-d8080ca82a77: cophenetic index 514; 0.7 s; peak memory 727 MiB.
2026-10-08T18:14:52Z INFO [2522/4500] 9e07b970-bd89-4886-9ad7-ea039cab708d: cophenetic index 176743; 5.6 s; peak memory 727 MiB.
2026-10-08T18:14:57Z INFO [2523/4500] 9e08d0a2-eaee-4639-8076-cbb9301fb66f: cophenetic index 94420; 5.2 s; peak memory 727 MiB.
2026-10-08T18:14:58Z INFO [2524/4500] 9e0ae7df-17f9-45f2-abb2-28703f75cdc9: cophenetic index 3004; 0.8 s; peak memory 727 MiB.
2026-10-08T18:14:59Z INFO [2525/4500] 9e0b9321-7899-4510-b642-e4c65a561a18: cophenetic index 3004; 0.8 s; peak memory 727 MiB.
2026-10-08T18:15:00Z INFO [2526/4500] 9e0ba44b-438b-430d-a76d-fa1be1352d80: cophenetic index 33986; 1.0 s; peak memory 727 MiB.
2026-10-08T18:15:01Z INFO [2527/4500] 9e0c5cc8-a886-458d-be2d-0147f60be3fa: cophenetic index 2211; 0.7 s; peak memory 727 MiB.
2026-10-08T18:15:05Z INFO [2528/4500] 9e0c7a30-8acb-4ec3-9294-29b80cbd19ce: cophenetic index 124596; 4.5 s; peak memory 727 MiB.
2026-10-08T18:15:06Z INFO [2529/4500] 9e0ca8cc-df0f-4ac8-a99a-536a0a124391: cophenetic index 581; 0.8 s; peak memory 727 MiB.
2026-10-08T18:15:07Z INFO [2530/4500] 9e0d1b40-26b7-4059-ae0b-a1e8bc8e1225: cophenetic index 624; 0.8 s; peak memory 727 MiB.
2026-10-08T18:15:08Z INFO [2531/4500] 9e0d80e1-42c2-4ef2-a7d7-6d6a5a6e924d: cophenetic index 624; 0.6 s; peak memory 727 MiB.
2026-10-08T18:15:08Z INFO [2532/4500] 9e0daded-48f4-42cd-a582-e59c29331180: cophenetic index 624; 0.7 s; peak memory 727 MiB.
2026-10-08T18:15:15Z INFO [2533/4500] 9e0dbe01-8021-424c-9a6a-2858c31ffddc: cophenetic index 143772; 6.3 s; peak memory 727 MiB.
2026-10-08T18:15:16Z INFO [2534/4500] 9e0de42a-cbf7-4135-b3e5-c4e3662b1fbe: cophenetic index 4015; 1.8 s; peak memory 727 MiB.
2026-10-08T18:15:17Z INFO [2535/4500] 9e0ed9c1-8486-4fe7-8c89-c63a018fde1c: cophenetic index 649; 0.8 s; peak memory 727 MiB.
2026-10-08T18:15:21Z INFO [2536/4500] 9e0eddb8-ff18-4286-b7a4-89d3f757310b: cophenetic index 65595; 4.2 s; peak memory 727 MiB.
2026-10-08T18:15:22Z INFO [2537/4500] 9e0f4b18-cfea-4622-b997-3bd9d73fb7e2: cophenetic index 1087; 1.0 s; peak memory 727 MiB.
2026-10-08T18:15:23Z INFO [2538/4500] 9e0f63ef-a3a5-423f-9df1-d9c988e4fd60: cophenetic index 1192; 0.8 s; peak memory 727 MiB.
2026-10-08T18:15:24Z INFO [2539/4500] 9e0f735d-0896-4dd9-8103-76286ca7a407: cophenetic index 490; 0.5 s; peak memory 727 MiB.
2026-10-08T18:15:26Z INFO [2540/4500] 9e0ffdb1-8f5f-4551-a388-9159f44470c5: cophenetic index 2402; 1.9 s; peak memory 727 MiB.
2026-10-08T18:15:26Z INFO [2541/4500] 9e1033df-3d05-4ee6-b824-27236e2e50f9: cophenetic index 490; 0.4 s; peak memory 727 MiB.
2026-10-08T18:15:27Z INFO [2542/4500] 9e1036e0-8c0c-494c-b4fc-4002e0293aae: cophenetic index 3004; 0.7 s; peak memory 727 MiB.
2026-10-08T18:15:27Z INFO [2543/4500] 9e106af6-9135-4043-9434-d3db0231bfae: cophenetic index 431; 0.7 s; peak memory 727 MiB.
2026-10-08T18:15:29Z INFO [2544/4500] 9e122e5a-7d9d-4364-9804-30a125e9b299: cophenetic index 1087; 1.4 s; peak memory 727 MiB.
2026-10-08T18:15:30Z INFO [2545/4500] 9e123c9b-aaf6-40fb-8621-7efc11592a2f: cophenetic index 33986; 1.3 s; peak memory 727 MiB.
2026-10-08T18:15:31Z INFO [2546/4500] 9e1286ea-1799-4042-bce3-e33f4c531e85: cophenetic index 33986; 0.8 s; peak memory 727 MiB.
2026-10-08T18:15:31Z INFO [2547/4500] 9e129f92-3fa9-47ed-8539-aa361edf2261: cophenetic index 490; 0.4 s; peak memory 727 MiB.
2026-10-08T18:15:32Z INFO [2548/4500] 9e137126-5460-48d9-8fbf-d83c8480244b: cophenetic index 3004; 0.8 s; peak memory 727 MiB.
2026-10-08T18:15:33Z INFO [2549/4500] 9e13b801-f146-4dd4-b0b6-e08d67516e12: cophenetic index 23224; 0.9 s; peak memory 727 MiB.
2026-10-08T18:15:34Z INFO [2550/4500] 9e13fb4d-d805-47ce-b1ce-20a0b4d89260: cophenetic index 649; 0.8 s; peak memory 727 MiB.
2026-10-08T18:15:34Z INFO [2550/4500] 9e13fb4d-d805-47ce-b1ce-20a0b4d89260: checkpointed 122974 new records.
2026-10-08T18:15:34Z INFO [2551/4500] 9e1455d8-1fd2-4bd0-bcb3-5b3fbe793589: cophenetic index 490; 0.4 s; peak memory 727 MiB.
2026-10-08T18:15:35Z INFO [2552/4500] 9e148e81-a214-4cb5-8bca-c398a906436d: cophenetic index 33986; 1.0 s; peak memory 727 MiB.
2026-10-08T18:15:37Z INFO [2553/4500] 9e14fa67-4567-4251-8e46-a0674e9be3ed: cophenetic index 33968; 1.1 s; peak memory 727 MiB.
2026-10-08T18:15:37Z INFO [2554/4500] 9e15536d-3b78-488b-8c60-2ac59ce4e756: cophenetic index 729; 0.5 s; peak memory 727 MiB.
2026-10-08T18:15:38Z INFO [2555/4500] 9e169ea2-bcfc-4d82-b0b3-d5a2fc0fc854: cophenetic index 766; 0.9 s; peak memory 727 MiB.
2026-10-08T18:15:40Z INFO [2556/4500] 9e172b18-54bd-4267-bbc5-ede009c33a21: cophenetic index 2402; 1.8 s; peak memory 727 MiB.
2026-10-08T18:15:40Z INFO [2557/4500] 9e176503-ae46-45c7-8d27-c60e9b404d45: cophenetic index 490; 0.4 s; peak memory 727 MiB.
2026-10-08T18:15:41Z INFO [2558/4500] 9e18741b-f482-4c22-8300-817bf5a3ce4a: cophenetic index 3004; 0.9 s; peak memory 727 MiB.
2026-10-08T18:15:42Z INFO [2559/4500] 9e188b7f-aeba-4093-bc6e-5ca00bf67f93: cophenetic index 2625; 0.9 s; peak memory 727 MiB.
2026-10-08T18:15:43Z INFO [2560/4500] 9e19ea06-2b8f-4387-9a02-3211a9f1fb70: cophenetic index 23864; 1.0 s; peak memory 727 MiB.
2026-10-08T18:15:44Z INFO [2561/4500] 9e1ae18d-6449-4245-b030-7762ac1204c7: cophenetic index 605; 0.9 s; peak memory 727 MiB.
2026-10-08T18:15:45Z INFO [2562/4500] 9e1b252f-68e8-4c0c-aaa3-d09d81778496: cophenetic index 627; 0.6 s; peak memory 727 MiB.
2026-10-08T18:15:45Z INFO [2563/4500] 9e1b7bdc-b648-4b8b-9782-460ee3a1a7c8: cophenetic index 3004; 0.7 s; peak memory 727 MiB.
2026-10-08T18:15:46Z INFO [2564/4500] 9e1cb2bf-12d6-452c-b39b-0d18f611f4fb: cophenetic index 511; 0.4 s; peak memory 727 MiB.
2026-10-08T18:15:47Z INFO [2565/4500] 9e1ccefb-8f60-424b-813e-1de58c78fbba: cophenetic index 99138; 1.1 s; peak memory 727 MiB.
2026-10-08T18:15:48Z INFO [2566/4500] 9e1de845-4391-48f3-bb81-e2bfed5c1281: cophenetic index 605; 0.8 s; peak memory 727 MiB.
2026-10-08T18:15:48Z INFO [2567/4500] 9e1ef85a-d2a4-4cb8-a519-9400c9c27083: cophenetic index 649; 0.6 s; peak memory 727 MiB.
2026-10-08T18:15:51Z INFO [2568/4500] 9e1fa98f-487d-41a0-ba05-ed1103cd4787: cophenetic index 16365; 3.0 s; peak memory 727 MiB.
2026-10-08T18:15:52Z INFO [2569/4500] 9e1fc943-4cc0-4eec-959f-76ecc0d49fa1: cophenetic index 624; 0.6 s; peak memory 727 MiB.
2026-10-08T18:15:53Z INFO [2570/4500] 9e1fe227-1f25-46f5-a827-bcf241bf4434: cophenetic index 2625; 1.1 s; peak memory 727 MiB.
2026-10-08T18:15:57Z INFO [2571/4500] 9e209e0f-f7cb-490d-b7cb-4b09deda1074: cophenetic index 9548; 3.7 s; peak memory 727 MiB.
2026-10-08T18:15:57Z INFO [2572/4500] 9e20b78e-4772-4554-ac97-742050caf14f: cophenetic index 3087; 0.7 s; peak memory 727 MiB.
2026-10-08T18:15:58Z INFO [2573/4500] 9e22fc2f-fc3d-4cff-974f-f68f6b2f079f: cophenetic index 624; 0.7 s; peak memory 727 MiB.
2026-10-08T18:15:59Z INFO [2574/4500] 9e23150a-f567-4980-8b1e-583c1563f5e8: cophenetic index 3004; 0.8 s; peak memory 727 MiB.
2026-10-08T18:16:00Z INFO [2575/4500] 9e240fa8-0c22-48d6-ab8e-aafdec9c7c86: cophenetic index 822; 1.5 s; peak memory 727 MiB.
2026-10-08T18:16:01Z INFO [2576/4500] 9e2461a5-b699-4a5c-ba09-a95f477ab6e3: cophenetic index 624; 0.6 s; peak memory 727 MiB.
2026-10-08T18:16:02Z INFO [2577/4500] 9e26a82b-0c73-4af0-b8bf-c2a1de78b919: cophenetic index 581; 0.6 s; peak memory 727 MiB.
2026-10-08T18:16:04Z INFO [2578/4500] 9e280b20-ca96-40f7-a4df-4bf875c5bfe4: cophenetic index 20532; 2.2 s; peak memory 727 MiB.
2026-10-08T18:16:05Z INFO [2579/4500] 9e28cf5b-65ce-416f-82dd-bff94316de8c: cophenetic index 624; 0.8 s; peak memory 727 MiB.
2026-10-08T18:16:08Z INFO [2580/4500] 9e2996b0-9083-4409-8fbd-195463e3d0b6: cophenetic index 9298; 3.6 s; peak memory 727 MiB.
2026-10-08T18:16:09Z INFO [2581/4500] 9e2ab67f-1191-4aab-b5e0-8bd9e7c684a2: cophenetic index 624; 0.6 s; peak memory 727 MiB.
2026-10-08T18:16:09Z INFO [2582/4500] 9e2af907-6bcd-4cb3-b95c-6cec562f3a0f: cophenetic index 23975; 0.6 s; peak memory 727 MiB.
2026-10-08T18:16:11Z INFO [2583/4500] 9e2b4ccd-d9f2-4cbb-9cfe-1e1d288c9282: cophenetic index 5473; 1.9 s; peak memory 727 MiB.
2026-10-08T18:16:15Z INFO [2584/4500] 9e2bab77-4196-489f-99ab-3b56a02163a2: cophenetic index 9548; 4.2 s; peak memory 727 MiB.
2026-10-08T18:16:16Z INFO [2585/4500] 9e2db9c2-dbba-430c-8acd-512d549cabf7: cophenetic index 690; 0.6 s; peak memory 727 MiB.
2026-10-08T18:16:17Z INFO [2586/4500] 9e2dd313-af70-4bc5-ab0a-5080807a4313: cophenetic index 624; 0.8 s; peak memory 727 MiB.
2026-10-08T18:16:18Z INFO [2587/4500] 9e2e0a0f-fae8-4f13-a808-b3f55be8d687: cophenetic index 3192; 0.8 s; peak memory 727 MiB.
2026-10-08T18:16:19Z INFO [2588/4500] 9e2e384e-4316-4053-9de2-846dedc5a761: cophenetic index 2625; 1.0 s; peak memory 727 MiB.
2026-10-08T18:16:19Z INFO [2589/4500] 9e2ead72-8c69-4213-94fc-4ac666b65d52: cophenetic index 729; 0.5 s; peak memory 727 MiB.
2026-10-08T18:16:20Z INFO [2590/4500] 9e2ebd30-6652-4adb-b407-fb605653e2fe: cophenetic index 605; 1.0 s; peak memory 727 MiB.
2026-10-08T18:16:21Z INFO [2591/4500] 9e303843-d526-476b-81bf-a52973b24924: cophenetic index 624; 0.7 s; peak memory 727 MiB.
2026-10-08T18:16:22Z INFO [2592/4500] 9e306314-952f-4e07-856e-ed457f183353: cophenetic index 2625; 1.0 s; peak memory 727 MiB.
2026-10-08T18:16:22Z INFO [2593/4500] 9e3064f4-4b40-43f1-bb92-5fc4fe20e1d6: cophenetic index 624; 0.7 s; peak memory 727 MiB.
2026-10-08T18:16:30Z INFO [2594/4500] 9e306ebd-1a08-4ec6-9ff8-75be9a94ddb8: cophenetic index 285556; 7.5 s; peak memory 727 MiB.
2026-10-08T18:16:31Z INFO [2595/4500] 9e309cb3-639e-4f51-b068-f5266a7bcfd1: cophenetic index 3004; 0.7 s; peak memory 727 MiB.
2026-10-08T18:16:31Z INFO [2596/4500] 9e3123be-7ebd-49d6-a5c2-d5737ea29607: cophenetic index 433; 0.5 s; peak memory 727 MiB.
2026-10-08T18:16:32Z INFO [2597/4500] 9e314a04-1d51-449b-ad41-c6782d7b7e3f: cophenetic index 624; 0.9 s; peak memory 727 MiB.
2026-10-08T18:16:33Z INFO [2598/4500] 9e31992e-91fe-45ba-a723-451d268f91e1: cophenetic index 3004; 0.8 s; peak memory 727 MiB.
2026-10-08T18:16:33Z INFO [2599/4500] 9e32aead-cb37-42ec-b369-cfd518f4d860: cophenetic index 624; 0.7 s; peak memory 727 MiB.
2026-10-08T18:16:34Z INFO [2600/4500] 9e32b421-5f85-4e2e-96fc-7342541bf33a: cophenetic index 581; 0.6 s; peak memory 727 MiB.
2026-10-08T18:16:34Z INFO [2600/4500] 9e32b421-5f85-4e2e-96fc-7342541bf33a: checkpointed 123024 new records.
2026-10-08T18:16:35Z INFO [2601/4500] 9e3342d6-3b3c-4051-bbc6-7d73085c049f: cophenetic index 3087; 0.8 s; peak memory 727 MiB.
2026-10-08T18:16:37Z INFO [2602/4500] 9e335faf-2e87-4e54-b87f-54c898512928: cophenetic index 42002; 2.1 s; peak memory 727 MiB.
2026-10-08T18:16:39Z INFO [2603/4500] 9e34132e-a476-4d83-9582-92f71fb9baba: cophenetic index 34658; 1.9 s; peak memory 727 MiB.
2026-10-08T18:16:40Z INFO [2604/4500] 9e346017-ff4a-41cf-8f85-9e022098c4f9: cophenetic index 490; 0.6 s; peak memory 727 MiB.
2026-10-08T18:16:40Z INFO [2605/4500] 9e347dc4-230f-49de-8940-8ca68afa7993: cophenetic index 625; 0.8 s; peak memory 727 MiB.
2026-10-08T18:16:42Z INFO [2606/4500] 9e34be89-d94a-4185-b014-54dae2b94701: cophenetic index 4617; 1.5 s; peak memory 727 MiB.
2026-10-08T18:16:42Z INFO [2607/4500] 9e350fb0-2563-4f45-b8b3-2f274ee5272e: cophenetic index 490; 0.4 s; peak memory 727 MiB.
2026-10-08T18:16:43Z INFO [2608/4500] 9e35833a-6c9e-4227-8492-d1b96a26a7ee: cophenetic index 624; 0.6 s; peak memory 727 MiB.
2026-10-08T18:16:44Z INFO [2609/4500] 9e3595a9-1ef5-4c88-a287-d9c58131344e: cophenetic index 30304; 1.1 s; peak memory 727 MiB.
2026-10-08T18:16:45Z INFO [2610/4500] 9e36ddd0-f555-4339-bd07-770493b7b3b9: cophenetic index 3087; 0.8 s; peak memory 727 MiB.
2026-10-08T18:16:45Z INFO [2611/4500] 9e376676-82da-46ad-8cef-e9d7947631d2: cophenetic index 431; 0.9 s; peak memory 727 MiB.
2026-10-08T18:16:46Z INFO [2612/4500] 9e37a962-6c6a-449f-a9d6-8111fdc23aea: cophenetic index 3087; 0.7 s; peak memory 727 MiB.
2026-10-08T18:16:47Z INFO [2613/4500] 9e37b7cd-58f3-4466-b255-36b1f0feff94: cophenetic index 99120; 1.0 s; peak memory 727 MiB.
2026-10-08T18:16:48Z INFO [2614/4500] 9e37e22d-09a3-4ff5-aa48-130b6e9d8b55: cophenetic index 2625; 1.1 s; peak memory 727 MiB.
2026-10-08T18:16:49Z INFO [2615/4500] 9e381e86-fb44-4c5a-9877-e9931bd54353: cophenetic index 23200; 1.1 s; peak memory 727 MiB.
2026-10-08T18:16:52Z INFO [2616/4500] 9e3b0cce-b6ca-4702-8cdc-552ce6e24661: cophenetic index 1580; 3.0 s; peak memory 727 MiB.
2026-10-08T18:16:53Z INFO [2617/4500] 9e3b10a8-57af-457b-a53c-d3d2cc12015b: cophenetic index 433; 0.6 s; peak memory 727 MiB.
2026-10-08T18:16:56Z INFO [2618/4500] 9e3bb95b-2da0-4395-856d-0b9927806333: cophenetic index 15104; 3.1 s; peak memory 727 MiB.
2026-10-08T18:16:57Z INFO [2619/4500] 9e3bfb0a-7e03-42f7-a558-5844405adc36: cophenetic index 729; 0.6 s; peak memory 727 MiB.
2026-10-08T18:16:59Z INFO [2620/4500] 9e3ca7ab-d331-438e-856e-bb76fe4b4190: cophenetic index 5473; 1.9 s; peak memory 727 MiB.
2026-10-08T18:16:59Z INFO [2621/4500] 9e3cf393-2818-4907-a787-e6dc34b50008: cophenetic index 624; 0.7 s; peak memory 727 MiB.
2026-10-08T18:17:00Z INFO [2622/4500] 9e3dc14e-082a-44a6-8287-c0045005e8d7: cophenetic index 490; 0.4 s; peak memory 727 MiB.
2026-10-08T18:17:00Z INFO [2623/4500] 9e3e1883-f771-4f4a-ac49-1db2d34568be: cophenetic index 3087; 0.7 s; peak memory 727 MiB.
2026-10-08T18:17:01Z INFO [2624/4500] 9e400ae5-93d7-4c93-8284-0a5ed258e5dd: cophenetic index 431; 0.7 s; peak memory 727 MiB.
2026-10-08T18:17:02Z INFO [2625/4500] 9e411083-549b-4e9f-be50-97d2929e366c: cophenetic index 37616; 1.1 s; peak memory 727 MiB.
2026-10-08T18:17:03Z INFO [2626/4500] 9e412556-50b3-4884-875e-e979c71e04e8: cophenetic index 646; 0.7 s; peak memory 727 MiB.
2026-10-08T18:17:04Z INFO [2627/4500] 9e416c77-6041-4ed9-b4f2-8f4fba9273f5: cophenetic index 34658; 1.2 s; peak memory 727 MiB.
2026-10-08T18:17:05Z INFO [2628/4500] 9e41d059-cc57-4a44-9ff2-9d9e59305640: cophenetic index 624; 0.6 s; peak memory 727 MiB.
2026-10-08T18:17:08Z INFO [2629/4500] 9e4219a9-dc13-4319-8b35-9107bd7492d1: cophenetic index 85425; 3.7 s; peak memory 727 MiB.
2026-10-08T18:17:09Z INFO [2630/4500] 9e43aaf7-aeb9-41f8-b8dd-796ddf6ed13a: cophenetic index 624; 0.7 s; peak memory 727 MiB.
2026-10-08T18:17:16Z INFO [2631/4500] 9e43bb3c-cd7f-4b77-afcb-9d31fedeff8d: cophenetic index 247301; 7.0 s; peak memory 727 MiB.
2026-10-08T18:17:17Z INFO [2632/4500] 9e444a61-7042-4864-8beb-8177a3b057a3: cophenetic index 624; 0.7 s; peak memory 727 MiB.
2026-10-08T18:17:18Z INFO [2633/4500] 9e44efb5-0d68-460c-b3d7-8d061186b203: cophenetic index 1496; 1.3 s; peak memory 727 MiB.
2026-10-08T18:17:19Z INFO [2634/4500] 9e455310-3697-4d04-b30f-d03dbb3406db: cophenetic index 3004; 0.8 s; peak memory 727 MiB.
2026-10-08T18:17:19Z INFO [2635/4500] 9e4653a5-8690-458f-a5a8-4b583ea2151e: cophenetic index 624; 0.7 s; peak memory 727 MiB.
2026-10-08T18:17:20Z INFO [2636/4500] 9e4653df-6445-4bae-a82c-87b8364c74ea: cophenetic index 624; 0.8 s; peak memory 727 MiB.
2026-10-08T18:17:30Z INFO [2637/4500] 9e46f92a-8cd9-429d-8337-94f252d3fd43: cophenetic index 272787; 9.7 s; peak memory 727 MiB.
2026-10-08T18:17:31Z INFO [2638/4500] 9e48ac76-213c-4708-bb5e-b05d1c42d247: cophenetic index 30304; 1.0 s; peak memory 727 MiB.
2026-10-08T18:17:33Z INFO [2639/4500] 9e48bf2e-e961-47d9-b475-eb251c311205: cophenetic index 33998; 1.9 s; peak memory 727 MiB.
2026-10-08T18:17:34Z INFO [2640/4500] 9e48da75-7fd3-456c-b198-c5c4c1de521b: cophenetic index 624; 0.7 s; peak memory 727 MiB.
2026-10-08T18:17:34Z INFO [2641/4500] 9e493f4c-35da-4a65-b914-79bbcd0ff63e: cophenetic index 646; 0.4 s; peak memory 727 MiB.
2026-10-08T18:17:36Z INFO [2642/4500] 9e4a07ef-f426-4afd-a1df-d0a12df46826: cophenetic index 2682; 1.6 s; peak memory 727 MiB.
2026-10-08T18:17:37Z INFO [2643/4500] 9e4a16ef-16b9-4bc6-b5da-222a4c21f68a: cophenetic index 2625; 0.9 s; peak memory 727 MiB.
2026-10-08T18:17:37Z INFO [2644/4500] 9e4a62ce-b334-406e-9fd0-49962937eadf: cophenetic index 2974; 0.7 s; peak memory 727 MiB.
2026-10-08T18:17:38Z INFO [2645/4500] 9e4a753f-c114-4028-b0d3-b40e29cdd737: cophenetic index 624; 0.8 s; peak memory 727 MiB.
2026-10-08T18:17:40Z INFO [2646/4500] 9e4abf49-3132-4d89-9e54-8535efe69435: cophenetic index 2609; 1.5 s; peak memory 727 MiB.
2026-10-08T18:17:40Z INFO [2647/4500] 9e4aec0d-3168-41f2-a4dd-742850cad034: cophenetic index 3004; 0.7 s; peak memory 727 MiB.
2026-10-08T18:17:41Z INFO [2648/4500] 9e4b0dbf-3b4f-43f4-86fd-bb033a49f04a: cophenetic index 1228; 0.6 s; peak memory 727 MiB.
2026-10-08T18:17:41Z INFO [2649/4500] 9e4b4b36-fa69-453e-b9f7-94893cb497d4: cophenetic index 490; 0.4 s; peak memory 727 MiB.
2026-10-08T18:17:42Z INFO [2650/4500] 9e4b66f6-d92d-4024-8dec-a5b2f09e2714: cophenetic index 788; 0.9 s; peak memory 727 MiB.
2026-10-08T18:17:42Z INFO [2650/4500] 9e4b66f6-d92d-4024-8dec-a5b2f09e2714: checkpointed 123074 new records.
2026-10-08T18:17:44Z INFO [2651/4500] 9e4bcaf3-fec3-4b98-92cc-6d69125ebfa9: cophenetic index 99810; 1.8 s; peak memory 727 MiB.
2026-10-08T18:17:46Z INFO [2652/4500] 9e4bd63e-2502-4945-8643-ee9cd31ecbd1: cophenetic index 959; 1.4 s; peak memory 727 MiB.
2026-10-08T18:17:46Z INFO [2653/4500] 9e4cbd9d-1c04-4ba6-ae66-df2584d4a620: cophenetic index 3004; 0.7 s; peak memory 727 MiB.
2026-10-08T18:17:47Z INFO [2654/4500] 9e4d94cc-cc12-4d79-8ffe-227f564138f4: cophenetic index 433; 0.5 s; peak memory 727 MiB.
2026-10-08T18:17:47Z INFO [2655/4500] 9e4eaaec-425b-4eb1-bced-25318d385d1f: cophenetic index 624; 0.7 s; peak memory 727 MiB.
2026-10-08T18:17:49Z INFO [2656/4500] 9e4fb8fe-a374-46e9-b826-489ae775f0f8: cophenetic index 325333; 1.2 s; peak memory 727 MiB.
2026-10-08T18:17:50Z INFO [2657/4500] 9e50279f-be27-47b1-bfdd-fa03c70d3570: cophenetic index 624; 0.9 s; peak memory 727 MiB.
2026-10-08T18:17:55Z INFO [2658/4500] 9e50c15f-ccf9-47e9-b7b9-9723ebb82ba4: cophenetic index 214411; 5.7 s; peak memory 727 MiB.
2026-10-08T18:17:56Z INFO [2659/4500] 9e51664a-4544-495f-a8f3-85ae0bc148d9: cophenetic index 572; 0.8 s; peak memory 727 MiB.
2026-10-08T18:17:58Z INFO [2660/4500] 9e52dc3d-87e5-48e1-aebf-d77558d9f0fa: cophenetic index 41914; 2.1 s; peak memory 727 MiB.
2026-10-08T18:18:02Z INFO [2661/4500] 9e53be58-e952-44fd-a975-3c490a885ef5: cophenetic index 72225; 4.0 s; peak memory 727 MiB.
2026-10-08T18:18:03Z INFO [2662/4500] 9e5413c9-7e4f-4ddd-821c-6c4932f29b4d: cophenetic index 624; 0.8 s; peak memory 727 MiB.
2026-10-08T18:18:05Z INFO [2663/4500] 9e5435ec-6082-4098-9a24-1b848180eca5: cophenetic index 2391; 1.7 s; peak memory 727 MiB.
2026-10-08T18:18:06Z INFO [2664/4500] 9e549f8f-d2d7-40ec-a06d-000eb8769fe3: cophenetic index 33962; 1.1 s; peak memory 727 MiB.
2026-10-08T18:18:06Z INFO [2665/4500] 9e54f527-cf8c-4f8e-b69c-5c36bebdfdd7: cophenetic index 23788; 0.6 s; peak memory 727 MiB.
2026-10-08T18:18:07Z INFO [2666/4500] 9e57a20e-0a7c-4f4c-bb5f-c3ca9cda6b00: cophenetic index 3004; 0.7 s; peak memory 727 MiB.
2026-10-08T18:18:08Z INFO [2667/4500] 9e57b866-57c9-4075-9e40-e4efc6618142: cophenetic index 33998; 1.1 s; peak memory 727 MiB.
2026-10-08T18:18:09Z INFO [2668/4500] 9e57dd68-1de9-4be6-ad0d-d178369db2af: cophenetic index 624; 0.6 s; peak memory 727 MiB.
2026-10-08T18:18:09Z INFO [2669/4500] 9e5865ad-ab36-4c56-b3ea-52a6b59b32ff: cophenetic index 494; 0.5 s; peak memory 727 MiB.
2026-10-08T18:18:10Z INFO [2670/4500] 9e58add6-8b9d-41c5-8b3e-d27e990fbe74: cophenetic index 624; 0.7 s; peak memory 727 MiB.
2026-10-08T18:18:13Z INFO [2671/4500] 9e58d7e4-00bf-4ed6-8601-f8a745903f52: cophenetic index 9548; 3.6 s; peak memory 727 MiB.
2026-10-08T18:18:17Z INFO [2672/4500] 9e58f8c8-e3f4-4ccf-9569-7317849d38d7: cophenetic index 20638; 3.3 s; peak memory 727 MiB.
2026-10-08T18:18:18Z INFO [2673/4500] 9e5993ad-0ac9-417e-951f-cd328a80f5e1: cophenetic index 8258; 1.7 s; peak memory 727 MiB.
2026-10-08T18:18:19Z INFO [2674/4500] 9e5a497b-a19c-4ced-a5df-155873a9256e: cophenetic index 3087; 0.7 s; peak memory 727 MiB.
2026-10-08T18:18:20Z INFO [2675/4500] 9e5b5bef-5548-4e76-bd85-022deaa56feb: cophenetic index 624; 0.8 s; peak memory 727 MiB.
2026-10-08T18:18:21Z INFO [2676/4500] 9e5c5016-de5d-4638-88a3-b8035fff478b: cophenetic index 517; 0.6 s; peak memory 727 MiB.
2026-10-08T18:18:21Z INFO [2677/4500] 9e5c633f-a696-408b-96ee-5e0852fb131d: cophenetic index 624; 0.6 s; peak memory 727 MiB.
2026-10-08T18:18:22Z INFO [2678/4500] 9e5cc54a-08f1-43fb-8410-f64bfb1a9a7d: cophenetic index 624; 0.7 s; peak memory 727 MiB.
2026-10-08T18:18:23Z INFO [2679/4500] 9e5e3426-42b6-49f7-b562-ae8b331ff5b1: cophenetic index 3004; 0.7 s; peak memory 727 MiB.
2026-10-08T18:18:23Z INFO [2680/4500] 9e5fef24-42e0-4eaa-bbb4-45ce32413a79: cophenetic index 23393; 0.8 s; peak memory 727 MiB.
2026-10-08T18:18:25Z INFO [2681/4500] 9e603b18-a3c2-4417-94e9-766fed45eea3: cophenetic index 1970; 1.7 s; peak memory 727 MiB.
2026-10-08T18:18:26Z INFO [2682/4500] 9e612e59-c982-46ac-8558-afc15c434703: cophenetic index 624; 0.7 s; peak memory 727 MiB.
2026-10-08T18:18:31Z INFO [2683/4500] 9e6156d4-4c54-4e54-bbcb-de2ce032aaef: cophenetic index 104945; 5.2 s; peak memory 727 MiB.
2026-10-08T18:18:31Z INFO [2684/4500] 9e61ab73-b898-4652-9b7e-2ffc1c56cc3a: cophenetic index 490; 0.4 s; peak memory 727 MiB.
2026-10-08T18:18:32Z INFO [2685/4500] 9e61bdca-3777-4c24-b059-d6f96a559454: cophenetic index 624; 0.7 s; peak memory 727 MiB.
2026-10-08T18:18:33Z INFO [2686/4500] 9e622726-b651-4bd5-bd05-99c5928e453b: cophenetic index 2923; 0.8 s; peak memory 727 MiB.
2026-10-08T18:18:35Z INFO [2687/4500] 9e624d2e-4eff-4df4-9d1e-e16d7269a446: cophenetic index 2469; 1.8 s; peak memory 727 MiB.
2026-10-08T18:18:36Z INFO [2688/4500] 9e627e7f-8ecf-4648-98af-f101e03d3781: cophenetic index 2625; 1.0 s; peak memory 727 MiB.
2026-10-08T18:18:37Z INFO [2689/4500] 9e6402db-5890-4e4d-99bb-7ab6f459219f: cophenetic index 2625; 0.9 s; peak memory 727 MiB.
2026-10-08T18:18:37Z INFO [2690/4500] 9e647370-db9d-434a-9aad-97132a736a0a: cophenetic index 624; 0.7 s; peak memory 727 MiB.
2026-10-08T18:18:38Z INFO [2691/4500] 9e647f55-7c78-4c64-9f13-89ab3ad64ecd: cophenetic index 624; 0.6 s; peak memory 727 MiB.
2026-10-08T18:18:39Z INFO [2692/4500] 9e64fb25-f0bf-4519-b920-9a3d802abae7: cophenetic index 26986; 0.8 s; peak memory 727 MiB.
2026-10-08T18:18:41Z INFO [2693/4500] 9e64fb7c-9148-46d8-96b0-a7f6de763e6c: cophenetic index 5473; 1.9 s; peak memory 727 MiB.
2026-10-08T18:18:41Z INFO [2694/4500] 9e654037-611b-4eae-80e3-677f37ee6572: cophenetic index 490; 0.4 s; peak memory 727 MiB.
2026-10-08T18:18:47Z INFO [2695/4500] 9e66dc2c-37f3-4e99-8c43-81a706bf9fec: cophenetic index 199525; 5.6 s; peak memory 727 MiB.
2026-10-08T18:18:48Z INFO [2696/4500] 9e67b52d-2462-47f3-8550-bc54b769dcbe: cophenetic index 2625; 1.0 s; peak memory 727 MiB.
2026-10-08T18:18:49Z INFO [2697/4500] 9e683512-29e5-40b2-8606-ec69657f00e0: cophenetic index 33998; 1.3 s; peak memory 727 MiB.
2026-10-08T18:18:50Z INFO [2698/4500] 9e68809b-06b4-4030-b442-8b495747c0dc: cophenetic index 490; 0.6 s; peak memory 727 MiB.
2026-10-08T18:18:51Z INFO [2699/4500] 9e68dd48-e782-409d-9e09-197848740fba: cophenetic index 605; 1.0 s; peak memory 727 MiB.
2026-10-08T18:18:51Z INFO [2700/4500] 9e68f317-64e6-4a4f-b32e-6f5bc7bd450e: cophenetic index 33968; 0.8 s; peak memory 727 MiB.
2026-10-08T18:18:52Z INFO [2700/4500] 9e68f317-64e6-4a4f-b32e-6f5bc7bd450e: checkpointed 123124 new records.
2026-10-08T18:18:52Z INFO [2701/4500] 9e69694d-f25a-466b-9803-773173169014: cophenetic index 624; 0.6 s; peak memory 727 MiB.
2026-10-08T18:18:53Z INFO [2702/4500] 9e697f5e-400e-47f0-99d2-0a154e86ba82: cophenetic index 1558; 0.8 s; peak memory 727 MiB.
2026-10-08T18:18:57Z INFO [2703/4500] 9e6ae085-3cc8-49d6-a285-5c7954d73e3c: cophenetic index 74345; 4.0 s; peak memory 727 MiB.
2026-10-08T18:18:58Z INFO [2704/4500] 9e6b1faa-ed9c-4549-a244-35a76a508b44: cophenetic index 3087; 0.8 s; peak memory 727 MiB.
2026-10-08T18:18:58Z INFO [2705/4500] 9e6b25fe-aa7d-434b-a7d2-e32b21e7222c: cophenetic index 624; 0.6 s; peak memory 727 MiB.
2026-10-08T18:18:59Z INFO [2706/4500] 9e6b30c3-f29e-445f-8c9e-644ee7fb9290: cophenetic index 3004; 0.6 s; peak memory 727 MiB.
2026-10-08T18:19:00Z INFO [2707/4500] 9e6b4d5e-6041-4c5f-96cf-9b378dce63cb: cophenetic index 833; 1.0 s; peak memory 727 MiB.
2026-10-08T18:19:01Z INFO [2708/4500] 9e6b9ee9-9a17-4b84-b61f-323da4af93d3: cophenetic index 791; 0.9 s; peak memory 727 MiB.
2026-10-08T18:19:02Z INFO [2709/4500] 9e6bf24f-43d5-4f83-9585-ffda2d289d37: cophenetic index 624; 0.7 s; peak memory 727 MiB.
2026-10-08T18:19:02Z INFO [2710/4500] 9e6c6303-f679-48d0-a647-bdf8417277f7: cophenetic index 690; 0.5 s; peak memory 727 MiB.
2026-10-08T18:19:03Z INFO [2711/4500] 9e6cc9e6-f681-44c0-9538-244463496822: cophenetic index 1228; 0.4 s; peak memory 727 MiB.
2026-10-08T18:19:03Z INFO [2712/4500] 9e6d6c26-bd0f-474e-9e10-8fa1431411ec: cophenetic index 624; 0.6 s; peak memory 727 MiB.
2026-10-08T18:19:04Z INFO [2713/4500] 9e6eec5f-b7b8-4d47-8683-61dd0416f2fe: cophenetic index 624; 0.6 s; peak memory 727 MiB.
2026-10-08T18:19:05Z INFO [2714/4500] 9e6f793c-3c51-4ec2-bacf-4b0e518ef09a: cophenetic index 2974; 0.7 s; peak memory 727 MiB.
2026-10-08T18:19:06Z INFO [2715/4500] 9e700755-e6af-4812-b2c5-f9ef1c2082ba: cophenetic index 23423; 1.0 s; peak memory 727 MiB.
2026-10-08T18:19:06Z INFO [2716/4500] 9e70468e-1a07-4df4-ac35-a77c7be6cc95: cophenetic index 646; 0.5 s; peak memory 727 MiB.
2026-10-08T18:19:10Z INFO [2717/4500] 9e7357dd-3a5e-4a54-9e04-173184a6e9f2: cophenetic index 143404; 4.2 s; peak memory 727 MiB.
2026-10-08T18:19:12Z INFO [2718/4500] 9e73d8c4-fe2e-49a1-b235-73a9d96fce9b: cophenetic index 2402; 1.6 s; peak memory 727 MiB.
2026-10-08T18:19:13Z INFO [2719/4500] 9e747d63-23b1-4e29-9226-b3e7edf58da1: cophenetic index 33998; 1.6 s; peak memory 727 MiB.
2026-10-08T18:19:15Z INFO [2720/4500] 9e75421d-377d-43dd-8efd-9355df70bbe5: cophenetic index 2682; 1.4 s; peak memory 727 MiB.
2026-10-08T18:19:16Z INFO [2721/4500] 9e754e2b-d9cb-407d-b6cb-75d4b54895dc: cophenetic index 2625; 0.9 s; peak memory 727 MiB.
2026-10-08T18:19:17Z INFO [2722/4500] 9e7561c2-a676-4a2d-84ea-f14d23eb275f: cophenetic index 1458; 1.6 s; peak memory 727 MiB.
2026-10-08T18:19:24Z INFO [2723/4500] 9e7582b7-782a-43ca-b26d-6be038008975: cophenetic index 808189; 6.5 s; peak memory 727 MiB.
2026-10-08T18:19:25Z INFO [2724/4500] 9e75ea08-505a-4402-ae5c-4a75f50e5725: cophenetic index 624; 0.7 s; peak memory 727 MiB.
2026-10-08T18:19:26Z INFO [2725/4500] 9e76a3f9-4136-44e8-8479-f7d3f8f9e643: cophenetic index 2625; 1.0 s; peak memory 727 MiB.
2026-10-08T18:19:26Z INFO [2726/4500] 9e76ccc4-5b79-43ad-a2f7-6edb80d515fd: cophenetic index 3004; 0.8 s; peak memory 727 MiB.
2026-10-08T18:19:30Z INFO [2727/4500] 9e77cd0d-eee0-420f-9516-f1d42976378f: cophenetic index 9548; 3.8 s; peak memory 727 MiB.
2026-10-08T18:19:31Z INFO [2728/4500] 9e77dcb0-a3dd-4573-b4a7-6691856c739e: cophenetic index 490; 0.4 s; peak memory 727 MiB.
2026-10-08T18:19:32Z INFO [2729/4500] 9e78c080-3347-4266-86ec-172992843d49: cophenetic index 2402; 1.8 s; peak memory 727 MiB.
2026-10-08T18:19:33Z INFO [2730/4500] 9e78f11d-c884-4ee5-84ef-5069e3978c9a: cophenetic index 593; 1.1 s; peak memory 727 MiB.
2026-10-08T18:19:46Z INFO [2731/4500] 9e792d69-c2c6-4c00-a7bb-d0ea3fc2f211: cophenetic index 6396338; 12.9 s; peak memory 727 MiB.
2026-10-08T18:19:47Z INFO [2732/4500] 9e799472-4c3e-4829-98d3-ddf353d45362: cophenetic index 112263; 0.7 s; peak memory 727 MiB.
2026-10-08T18:19:50Z INFO [2733/4500] 9e7a16bc-5743-482f-9c76-0c346783f436: cophenetic index 51855; 3.3 s; peak memory 727 MiB.
2026-10-08T18:19:51Z INFO [2734/4500] 9e7b37e1-62cc-4867-a985-f3126a20340e: cophenetic index 33968; 1.0 s; peak memory 727 MiB.
2026-10-08T18:19:53Z INFO [2735/4500] 9e7bdb2a-dd00-4a0b-a537-d66decc2fb50: cophenetic index 5473; 1.9 s; peak memory 727 MiB.
2026-10-08T18:19:54Z INFO [2736/4500] 9e7c5eee-5fc0-49c9-8789-e029b86f699a: cophenetic index 624; 0.7 s; peak memory 727 MiB.
2026-10-08T18:19:55Z INFO [2737/4500] 9e7de5ad-a3b8-42e8-99d9-72501869402d: cophenetic index 777; 1.2 s; peak memory 727 MiB.
2026-10-08T18:19:56Z INFO [2738/4500] 9e7ed21d-b83b-4621-95e8-2cf0ef9cbee8: cophenetic index 624; 0.6 s; peak memory 727 MiB.
2026-10-08T18:19:56Z INFO [2739/4500] 9e7f3e80-b7b0-49ff-abc5-2ebf27a571cf: cophenetic index 490; 0.5 s; peak memory 727 MiB.
2026-10-08T18:19:57Z INFO [2740/4500] 9e7feb7c-27c3-4bba-b32c-075c6fc0ba69: cophenetic index 3215; 0.6 s; peak memory 727 MiB.
2026-10-08T18:19:58Z INFO [2741/4500] 9e7ff2ba-f5f0-4745-a239-abb73ef7b493: cophenetic index 99114; 1.3 s; peak memory 727 MiB.
2026-10-08T18:19:59Z INFO [2742/4500] 9e81d9b2-f2bc-4bac-8553-cfba614e76f0: cophenetic index 690; 0.6 s; peak memory 727 MiB.
2026-10-08T18:20:01Z INFO [2743/4500] 9e822f43-7279-4717-8af8-fd66ed7f7946: cophenetic index 2402; 1.7 s; peak memory 727 MiB.
2026-10-08T18:20:01Z INFO [2744/4500] 9e82da97-5f42-48ed-a245-de72101f2117: cophenetic index 624; 0.9 s; peak memory 727 MiB.
2026-10-08T18:20:04Z INFO [2745/4500] 9e8303cd-5ada-4c8b-b7ec-64bb98db0360: cophenetic index 1733; 2.9 s; peak memory 727 MiB.
2026-10-08T18:20:05Z INFO [2746/4500] 9e840bf3-0d8b-496b-9b69-909ad796ac62: cophenetic index 2625; 0.8 s; peak memory 727 MiB.
2026-10-08T18:20:06Z INFO [2747/4500] 9e840f97-c487-41f4-96b9-dfd2bf79c581: cophenetic index 99150; 1.2 s; peak memory 727 MiB.
2026-10-08T18:20:07Z INFO [2748/4500] 9e847224-306e-461e-b9d5-e19d04d3db06: cophenetic index 3004; 0.9 s; peak memory 727 MiB.
2026-10-08T18:20:08Z INFO [2749/4500] 9e850065-fe85-49ac-aaf2-adb0269b7ff3: cophenetic index 3004; 0.7 s; peak memory 727 MiB.
2026-10-08T18:20:09Z INFO [2750/4500] 9e853ffc-1a4d-4e9c-b76d-a859e947e96e: cophenetic index 3004; 0.9 s; peak memory 727 MiB.
2026-10-08T18:20:09Z INFO [2750/4500] 9e853ffc-1a4d-4e9c-b76d-a859e947e96e: checkpointed 123174 new records.
2026-10-08T18:20:10Z INFO [2751/4500] 9e862ce3-2472-4b52-aad0-5f4657f6d177: cophenetic index 624; 0.6 s; peak memory 727 MiB.
2026-10-08T18:20:10Z INFO [2752/4500] 9e86bee1-145a-459d-8c4b-09c479927448: cophenetic index 2625; 0.8 s; peak memory 727 MiB.
2026-10-08T18:20:14Z INFO [2753/4500] 9e86e4b6-a338-4af0-a613-fd20b42b7dc9: cophenetic index 76905; 4.0 s; peak memory 727 MiB.
2026-10-08T18:20:18Z INFO [2754/4500] 9e87a2f3-96d3-41bf-bf6e-ad693b3ee118: cophenetic index 9548; 3.1 s; peak memory 727 MiB.
2026-10-08T18:20:24Z INFO [2755/4500] 9e88114e-9fff-4740-9c0e-76bd91fadc9f: cophenetic index 34862; 6.2 s; peak memory 727 MiB.
2026-10-08T18:20:26Z INFO [2756/4500] 9e882fc0-fbfd-4939-922f-91efad00e197: cophenetic index 910; 2.1 s; peak memory 727 MiB.
2026-10-08T18:20:27Z INFO [2757/4500] 9e888614-2d50-4286-a17e-f58905add974: cophenetic index 3004; 0.8 s; peak memory 727 MiB.
2026-10-08T18:20:31Z INFO [2758/4500] 9e88f2c7-9072-49e6-85a7-3aa3efb5b16c: cophenetic index 9548; 4.0 s; peak memory 727 MiB.
2026-10-08T18:20:31Z INFO [2759/4500] 9e897ac3-2e20-4cf3-b95c-2e125e5dc743: cophenetic index 2625; 0.9 s; peak memory 727 MiB.
2026-10-08T18:20:38Z INFO [2760/4500] 9e8a201d-71a7-4d13-a39e-012aecc4d37c: cophenetic index 87188; 6.5 s; peak memory 727 MiB.
2026-10-08T18:20:39Z INFO [2761/4500] 9e8a2d7d-cd21-41c5-b617-b8cbbca07be3: cophenetic index 1025; 0.9 s; peak memory 727 MiB.
2026-10-08T18:20:40Z INFO [2762/4500] 9e8ae8ff-1a1a-481d-9982-9e6ac334a1b1: cophenetic index 624; 0.7 s; peak memory 727 MiB.
2026-10-08T18:20:40Z INFO [2763/4500] 9e8b23aa-ae7f-4868-80e1-75adfd7781dd: cophenetic index 3004; 0.9 s; peak memory 727 MiB.
2026-10-08T18:20:41Z INFO [2764/4500] 9e8b48d3-3ad6-4c1b-8de1-76b9ec889776: cophenetic index 2779; 0.7 s; peak memory 727 MiB.
2026-10-08T18:20:44Z INFO [2765/4500] 9e8bca70-a154-4a3b-b146-b525d1dd3657: cophenetic index 1733; 2.8 s; peak memory 727 MiB.
2026-10-08T18:20:48Z INFO [2766/4500] 9e8c4712-d66a-4f28-b84b-99a9e459e35f: cophenetic index 9548; 3.7 s; peak memory 727 MiB.
2026-10-08T18:20:48Z INFO [2767/4500] 9e8c8dc5-2745-4841-a860-1bde33b3415f: cophenetic index 560; 0.5 s; peak memory 727 MiB.
2026-10-08T18:20:49Z INFO [2768/4500] 9e8ca85c-5da4-4ede-9fd0-52b6c6251fb8: cophenetic index 2625; 0.9 s; peak memory 727 MiB.
2026-10-08T18:20:57Z INFO [2769/4500] 9e8d54d0-b5fc-4c25-9f16-55e9f17a70ca: cophenetic index 48665; 8.2 s; peak memory 727 MiB.
2026-10-08T18:20:59Z INFO [2770/4500] 9e8f7484-5e01-48fb-9eaf-7b371def6813: cophenetic index 42542; 1.7 s; peak memory 727 MiB.
2026-10-08T18:21:00Z INFO [2771/4500] 9e8fd62d-ab14-47ce-ba9d-63792868d9ff: cophenetic index 2923; 0.8 s; peak memory 727 MiB.
2026-10-08T18:21:00Z INFO [2772/4500] 9e8fe6dd-ba23-4e63-a75a-298d7483ba6b: cophenetic index 1228; 0.6 s; peak memory 727 MiB.
2026-10-08T18:21:01Z INFO [2773/4500] 9e8ff609-07a6-4cbd-b4e8-3de7b41f5156: cophenetic index 624; 0.8 s; peak memory 727 MiB.
2026-10-08T18:21:02Z INFO [2774/4500] 9e902c2c-4a2d-44c3-81d2-d7be9d2d1d7f: cophenetic index 3087; 0.7 s; peak memory 727 MiB.
2026-10-08T18:21:03Z INFO [2775/4500] 9e90586d-90b9-40dc-93d5-16e16890c8b4: cophenetic index 1949; 0.9 s; peak memory 727 MiB.
2026-10-08T18:21:05Z INFO [2776/4500] 9e922af4-8597-49a0-9e5e-da49566f2fa9: cophenetic index 2241; 2.3 s; peak memory 727 MiB.
2026-10-08T18:21:06Z INFO [2777/4500] 9e944e27-6d53-48ed-81db-24c9487f7eab: cophenetic index 613; 1.0 s; peak memory 727 MiB.
2026-10-08T18:21:06Z INFO [2778/4500] 9e94b10f-40a2-45bc-bbd7-987d10e9e7ba: cophenetic index 490; 0.4 s; peak memory 727 MiB.
2026-10-08T18:21:07Z INFO [2779/4500] 9e952225-09e7-4ce9-968b-cd20fbc1280f: cophenetic index 624; 0.8 s; peak memory 727 MiB.
2026-10-08T18:21:08Z INFO [2780/4500] 9e96253d-fd7c-45c2-9b3d-95af9da190d7: cophenetic index 3004; 0.6 s; peak memory 727 MiB.
2026-10-08T18:21:09Z INFO [2781/4500] 9e965604-5cae-4d42-a416-acdebb02ea20: cophenetic index 2625; 0.9 s; peak memory 727 MiB.
2026-10-08T18:21:10Z INFO [2782/4500] 9e968d78-1446-4648-b71f-270e153c3321: cophenetic index 2625; 0.8 s; peak memory 727 MiB.
2026-10-08T18:21:14Z INFO [2783/4500] 9e979f96-8b24-4fe1-ae4d-cba647569f74: cophenetic index 87781; 3.9 s; peak memory 727 MiB.
2026-10-08T18:21:14Z INFO [2784/4500] 9e9896db-04ec-4332-ab25-3f5173383cee: cophenetic index 624; 0.8 s; peak memory 727 MiB.
2026-10-08T18:21:15Z INFO [2785/4500] 9e98ca2e-315f-4695-b3f4-8a5cc8ed7592: cophenetic index 624; 0.7 s; peak memory 727 MiB.
2026-10-08T18:21:16Z INFO [2786/4500] 9e997656-8bbb-4a80-9ff0-aa5e5c9a8214: cophenetic index 624; 0.6 s; peak memory 727 MiB.
2026-10-08T18:21:16Z INFO [2787/4500] 9e9a9d5c-689b-47bd-b645-e6f8a6e3ddb8: cophenetic index 624; 0.7 s; peak memory 727 MiB.
2026-10-08T18:21:17Z INFO [2788/4500] 9e9afb51-0170-4682-a8d1-57b6749850af: cophenetic index 2625; 0.9 s; peak memory 727 MiB.
2026-10-08T18:21:19Z INFO [2789/4500] 9e9afddf-548d-481c-bb57-5c0fd1dbb499: cophenetic index 2609; 1.5 s; peak memory 727 MiB.
2026-10-08T18:21:19Z INFO [2790/4500] 9e9b644a-a0be-4bed-92c7-850a792dbe55: cophenetic index 2974; 0.6 s; peak memory 727 MiB.
2026-10-08T18:21:24Z INFO [2791/4500] 9e9c174d-5bdd-43fd-ab99-73467d266799: cophenetic index 155706; 4.6 s; peak memory 727 MiB.
2026-10-08T18:21:30Z INFO [2792/4500] 9e9c6d5f-164c-4988-aa19-cabcc64255bc: cophenetic index 7554; 6.0 s; peak memory 727 MiB.
2026-10-08T18:21:30Z INFO [2793/4500] 9e9d1aaf-8160-4f57-b5ab-814d0660cb40: cophenetic index 490; 0.4 s; peak memory 727 MiB.
2026-10-08T18:21:31Z INFO [2794/4500] 9e9d866b-f339-484a-9c9c-ef7146759443: cophenetic index 490; 0.4 s; peak memory 727 MiB.
2026-10-08T18:21:31Z INFO [2795/4500] 9e9e40e2-142b-4cbf-a447-9627412fe3d4: cophenetic index 624; 0.6 s; peak memory 727 MiB.
2026-10-08T18:21:33Z INFO [2796/4500] 9e9e7d05-52cb-4b5a-a704-e16ee6a842f9: cophenetic index 2625; 1.0 s; peak memory 727 MiB.
2026-10-08T18:21:39Z INFO [2797/4500] 9e9f4513-172f-4a51-b4ea-c49a609ae64d: cophenetic index 156196; 6.0 s; peak memory 727 MiB.
2026-10-08T18:21:41Z INFO [2798/4500] 9e9f76f0-6918-49d0-95dd-cc3802b4dd9e: cophenetic index 2241; 2.3 s; peak memory 727 MiB.
2026-10-08T18:21:43Z INFO [2799/4500] 9ea015ee-3a45-4eb7-bc9b-50400f05e18f: cophenetic index 5473; 2.2 s; peak memory 727 MiB.
2026-10-08T18:21:44Z INFO [2800/4500] 9ea0179e-36f3-495b-87b2-8b76f8749ed4: cophenetic index 3087; 0.7 s; peak memory 727 MiB.
2026-10-08T18:21:44Z INFO [2800/4500] 9ea0179e-36f3-495b-87b2-8b76f8749ed4: checkpointed 123224 new records.
2026-10-08T18:21:45Z INFO [2801/4500] 9ea029a6-d932-486a-aeaf-535ef2345846: cophenetic index 431; 0.9 s; peak memory 727 MiB.
2026-10-08T18:21:49Z INFO [2802/4500] 9ea037d8-07c3-4aea-846b-0238401673d4: cophenetic index 128280; 4.3 s; peak memory 727 MiB.
2026-10-08T18:21:50Z INFO [2803/4500] 9ea3366d-44b5-4bc4-b523-89d75efbbf87: cophenetic index 627; 0.5 s; peak memory 727 MiB.
2026-10-08T18:21:50Z INFO [2804/4500] 9ea3ec72-6598-46ab-b742-eb0c4d957bc4: cophenetic index 624; 0.6 s; peak memory 727 MiB.
2026-10-08T18:21:55Z INFO [2805/4500] 9ea4a805-e12b-4f7e-b0e9-2861fdc8e661: cophenetic index 109372; 4.3 s; peak memory 727 MiB.
2026-10-08T18:21:56Z INFO [2806/4500] 9ea6c772-c54f-4b44-91ce-cf4bfa9621c1: cophenetic index 34658; 1.8 s; peak memory 727 MiB.
2026-10-08T18:22:03Z INFO [2807/4500] 9ea761f8-4500-47b9-a7f4-72571fd8dfac: cophenetic index 231447; 6.6 s; peak memory 727 MiB.
2026-10-08T18:22:04Z INFO [2808/4500] 9ea793d8-7114-4f40-917b-e6aef16b0e37: cophenetic index 788; 1.0 s; peak memory 727 MiB.
2026-10-08T18:22:09Z INFO [2809/4500] 9ea7d701-4fdf-4de7-a473-a1e186f217a6: cophenetic index 12100; 5.2 s; peak memory 727 MiB.
2026-10-08T18:22:10Z INFO [2810/4500] 9ea89cfe-a286-43be-ba28-1f626b49f635: cophenetic index 2570; 0.8 s; peak memory 727 MiB.
2026-10-08T18:22:11Z INFO [2811/4500] 9ea8f4bd-7078-463a-85c9-236e2bd5a47d: cophenetic index 12991; 1.0 s; peak memory 727 MiB.
2026-10-08T18:22:12Z INFO [2812/4500] 9ea90505-4d42-49fb-abd3-bcb814927fb0: cophenetic index 2625; 1.0 s; peak memory 727 MiB.
2026-10-08T18:22:13Z INFO [2813/4500] 9ea91753-875a-44d5-8aaf-ae0ca816c08e: cophenetic index 3004; 0.7 s; peak memory 727 MiB.
2026-10-08T18:22:14Z INFO [2814/4500] 9ea94058-1187-4b5a-bc75-d43d0ddf9c39: cophenetic index 3447; 0.7 s; peak memory 727 MiB.
2026-10-08T18:22:14Z INFO [2815/4500] 9ea95612-e229-4cd4-9a85-59aa00cee8e5: cophenetic index 624; 0.7 s; peak memory 727 MiB.
2026-10-08T18:22:15Z INFO [2816/4500] 9ea9870a-6789-4ec1-9533-19843788919f: cophenetic index 579; 0.4 s; peak memory 727 MiB.
2026-10-08T18:22:15Z INFO [2817/4500] 9ea9d21d-3a42-4bef-aa41-ec8d8e7ec29b: cophenetic index 2625; 0.8 s; peak memory 727 MiB.
2026-10-08T18:22:16Z INFO [2818/4500] 9eaa7efe-47e2-4bb1-ad8a-8a3da3bd2dd1: cophenetic index 431; 1.0 s; peak memory 727 MiB.
2026-10-08T18:22:18Z INFO [2819/4500] 9eab68e7-2372-46fe-87b7-fd0f2bfbcbac: cophenetic index 497; 1.1 s; peak memory 727 MiB.
2026-10-08T18:23:04Z INFO [2820/4500] 9eabaaa3-64db-49f3-925e-60762cf18b89: cophenetic index 15072639; 46.5 s; peak memory 727 MiB.
2026-10-08T18:23:04Z INFO [2821/4500] 9eabbb45-1461-4ed6-84ed-a8779d13ed36: cophenetic index 629; 0.4 s; peak memory 727 MiB.
2026-10-08T18:23:23Z INFO [2822/4500] 9eac29d6-c620-412b-8912-3ad43dea6ac2: cophenetic index 2647206; 18.9 s; peak memory 727 MiB.
2026-10-08T18:23:24Z INFO [2823/4500] 9eac5674-2028-4bc5-9261-d32d9c30453b: cophenetic index 3004; 0.7 s; peak memory 727 MiB.
2026-10-08T18:23:25Z INFO [2824/4500] 9eac5c02-c6ca-4767-bc53-a9946046abff: cophenetic index 3004; 0.8 s; peak memory 727 MiB.
2026-10-08T18:23:29Z INFO [2825/4500] 9eacbf05-3acc-44c6-a991-6530b2ba7c9f: cophenetic index 184403; 3.9 s; peak memory 727 MiB.
2026-10-08T18:23:30Z INFO [2826/4500] 9eae180e-5956-4b65-878a-ea9266338e83: cophenetic index 508; 0.9 s; peak memory 727 MiB.
2026-10-08T18:23:30Z INFO [2827/4500] 9eaf902e-ed7d-42a9-8036-c2b5fcf3ff4f: cophenetic index 23436; 0.8 s; peak memory 727 MiB.
2026-10-08T18:23:32Z INFO [2828/4500] 9eb0511d-5cca-4fd8-9708-d2f2c220e2fe: cophenetic index 99138; 1.3 s; peak memory 727 MiB.
2026-10-08T18:23:33Z INFO [2829/4500] 9eb1d6fd-4372-4a49-82a2-0a050d6f1c2f: cophenetic index 624; 0.7 s; peak memory 727 MiB.
2026-10-08T18:23:33Z INFO [2830/4500] 9eb20d11-9256-4553-9629-636fdcbd334a: cophenetic index 560; 0.6 s; peak memory 727 MiB.
2026-10-08T18:23:34Z INFO [2831/4500] 9eb356d1-2142-4eb5-9763-9bc86d469e90: cophenetic index 3215; 0.5 s; peak memory 727 MiB.
2026-10-08T18:23:38Z INFO [2832/4500] 9eb358b4-120c-4d16-8a0b-80017052d5ce: cophenetic index 162301; 4.1 s; peak memory 727 MiB.
2026-10-08T18:23:39Z INFO [2833/4500] 9eb3c748-4a30-4867-8616-160daf7854e0: cophenetic index 1739; 1.0 s; peak memory 727 MiB.
2026-10-08T18:23:42Z INFO [2834/4500] 9eb419b3-4f22-485c-b89b-398d814b509b: cophenetic index 9548; 3.5 s; peak memory 727 MiB.
2026-10-08T18:23:43Z INFO [2835/4500] 9eb53701-e9a6-439d-92a3-4d37c4ae8066: cophenetic index 624; 0.6 s; peak memory 727 MiB.
2026-10-08T18:23:44Z INFO [2836/4500] 9eb6800a-14db-49c3-927d-f8646e66f456: cophenetic index 2625; 0.9 s; peak memory 727 MiB.
2026-10-08T18:23:51Z INFO [2837/4500] 9eb6fd3c-66c7-42c9-a4ee-160d228a7913: cophenetic index 274790; 7.8 s; peak memory 727 MiB.
2026-10-08T18:23:52Z INFO [2838/4500] 9eb7415f-4238-4cbb-bb25-4e132eee947e: cophenetic index 579; 0.5 s; peak memory 727 MiB.
2026-10-08T18:23:53Z INFO [2839/4500] 9eb77333-1702-4d57-ae60-8d4f094744b5: cophenetic index 2844; 0.6 s; peak memory 727 MiB.
2026-10-08T18:23:54Z INFO [2840/4500] 9eb7e241-cb5a-488c-aa9c-228cd8c985cf: cophenetic index 20938; 1.0 s; peak memory 727 MiB.
2026-10-08T18:23:54Z INFO [2841/4500] 9eb7e725-57de-42f5-8bd7-219150fcbebe: cophenetic index 431; 0.7 s; peak memory 727 MiB.
2026-10-08T18:23:55Z INFO [2842/4500] 9eb81484-f318-43c7-aca5-e566db2a9d8d: cophenetic index 949; 1.2 s; peak memory 727 MiB.
2026-10-08T18:23:57Z INFO [2843/4500] 9eb92a2a-7df5-42fa-8216-8292c3e43e3a: cophenetic index 2682; 1.5 s; peak memory 727 MiB.
2026-10-08T18:23:58Z INFO [2844/4500] 9eb94065-23f1-4439-b8a9-f0ab2d91d361: cophenetic index 624; 0.7 s; peak memory 727 MiB.
2026-10-08T18:23:58Z INFO [2845/4500] 9eb9ded0-f8fc-446d-95f3-43dae703e8f2: cophenetic index 2551; 0.7 s; peak memory 727 MiB.
2026-10-08T18:23:59Z INFO [2846/4500] 9eb9e373-c1e2-4eb0-be8e-b4974e8bc726: cophenetic index 624; 0.7 s; peak memory 727 MiB.
2026-10-08T18:24:00Z INFO [2847/4500] 9eba1546-9446-4903-9c70-c399f4a20e61: cophenetic index 3004; 0.8 s; peak memory 727 MiB.
2026-10-08T18:24:01Z INFO [2848/4500] 9eba933c-ffa1-4575-b324-4a23be7ccdd5: cophenetic index 2570; 1.1 s; peak memory 727 MiB.
2026-10-08T18:24:02Z INFO [2849/4500] 9ebaa03b-885c-414d-992b-b6746574cabf: cophenetic index 3087; 0.9 s; peak memory 727 MiB.
2026-10-08T18:24:03Z INFO [2850/4500] 9ebb3be4-82dd-44ef-b973-bb399ea2e777: cophenetic index 3004; 0.7 s; peak memory 727 MiB.
2026-10-08T18:24:03Z INFO [2850/4500] 9ebb3be4-82dd-44ef-b973-bb399ea2e777: checkpointed 123274 new records.
2026-10-08T18:24:04Z INFO [2851/4500] 9ebbfcab-fe03-4390-ac97-5247a08ee6e6: cophenetic index 761; 1.4 s; peak memory 727 MiB.
2026-10-08T18:24:05Z INFO [2852/4500] 9ebd45a7-e686-45e0-a412-32df121aada8: cophenetic index 433; 0.4 s; peak memory 727 MiB.
2026-10-08T18:24:05Z INFO [2853/4500] 9ebe06c9-56e0-479a-aa19-aa0f849810f4: cophenetic index 2625; 0.7 s; peak memory 727 MiB.
2026-10-08T18:24:07Z INFO [2854/4500] 9ebe5463-fde3-474a-9b7b-6e9d190a1f11: cophenetic index 1614; 1.1 s; peak memory 727 MiB.
2026-10-08T18:24:07Z INFO [2855/4500] 9ebf445c-92dd-46cc-a36c-f4c45fca5d08: cophenetic index 3004; 0.8 s; peak memory 727 MiB.
2026-10-08T18:24:08Z INFO [2856/4500] 9ebf6472-cd3c-46d6-b351-849132d01eb9: cophenetic index 2625; 0.9 s; peak memory 727 MiB.
2026-10-08T18:24:16Z INFO [2857/4500] 9ec00b83-ed16-472f-953d-d461ba14273a: cophenetic index 49783; 7.8 s; peak memory 727 MiB.
2026-10-08T18:24:17Z INFO [2858/4500] 9ec04068-7b2e-4eae-becb-e2facddd79c3: cophenetic index 2625; 1.1 s; peak memory 727 MiB.
2026-10-08T18:24:19Z INFO [2859/4500] 9ec04995-c43b-4162-97fa-a946bada8014: cophenetic index 2391; 1.9 s; peak memory 727 MiB.
2026-10-08T18:24:20Z INFO [2860/4500] 9ec0f666-300a-4a10-889c-f47e1ad3371a: cophenetic index 515; 1.3 s; peak memory 727 MiB.
2026-10-08T18:24:21Z INFO [2861/4500] 9ec10704-5f3d-4bc2-ae37-28148de97d69: cophenetic index 624; 0.6 s; peak memory 727 MiB.
2026-10-08T18:24:22Z INFO [2862/4500] 9ec1864c-708e-4e20-ab54-93fb34db0d9e: cophenetic index 630; 0.7 s; peak memory 727 MiB.
2026-10-08T18:24:22Z INFO [2863/4500] 9ec1dd70-9e14-4c85-87e5-a5fd359eaa56: cophenetic index 33986; 0.8 s; peak memory 727 MiB.
2026-10-08T18:24:24Z INFO [2864/4500] 9ec28c3a-89dd-4e60-a257-f27147025a59: cophenetic index 2625; 1.2 s; peak memory 727 MiB.
2026-10-08T18:24:25Z INFO [2865/4500] 9ec370dc-17a3-41c6-b2ff-ddf5a9f63580: cophenetic index 30304; 1.1 s; peak memory 727 MiB.
2026-10-08T18:24:29Z INFO [2866/4500] 9ec462d3-567a-46c1-9028-d2b479c26147: cophenetic index 9298; 4.1 s; peak memory 727 MiB.
2026-10-08T18:24:30Z INFO [2867/4500] 9ec47c04-91a8-48f1-a900-a774fb9f62de: cophenetic index 2056; 1.2 s; peak memory 727 MiB.
2026-10-08T18:24:32Z INFO [2868/4500] 9ec5881a-a1b2-4555-8959-6a8333a269d9: cophenetic index 2402; 2.0 s; peak memory 727 MiB.
2026-10-08T18:24:39Z INFO [2869/4500] 9ec65972-2a70-4ee8-8e81-ae5b6da1f13e: cophenetic index 48665; 7.4 s; peak memory 727 MiB.
2026-10-08T18:24:40Z INFO [2870/4500] 9ec68876-1542-45f1-93b5-9fcab8e05ff1: cophenetic index 3004; 0.7 s; peak memory 727 MiB.
2026-10-08T18:24:40Z INFO [2871/4500] 9ec75603-7d84-4c2f-8556-1e21a32d4813: cophenetic index 635; 0.5 s; peak memory 727 MiB.
2026-10-08T18:24:41Z INFO [2872/4500] 9ec77d86-ae10-4160-be69-0b64f6909a52: cophenetic index 23975; 0.7 s; peak memory 727 MiB.
2026-10-08T18:24:45Z INFO [2873/4500] 9ec7dedb-8499-4408-84a3-e07d420d8821: cophenetic index 1770903; 3.7 s; peak memory 727 MiB.
2026-10-08T18:24:55Z INFO [2874/4500] 9ec8e0f1-953f-4209-a583-9b9e6f4e270f: cophenetic index 861945; 10.4 s; peak memory 727 MiB.
2026-10-08T18:24:57Z INFO [2875/4500] 9ec8f64d-b80a-403a-84c7-b95719153d16: cophenetic index 2609; 1.9 s; peak memory 727 MiB.
2026-10-08T18:24:58Z INFO [2876/4500] 9ec9dc78-93a7-440a-8e2a-a74657b6daac: cophenetic index 624; 0.8 s; peak memory 727 MiB.
2026-10-08T18:24:59Z INFO [2877/4500] 9eca11e6-96b0-4afc-a40e-ee5b4cfe470d: cophenetic index 2625; 0.9 s; peak memory 727 MiB.
2026-10-08T18:25:00Z INFO [2878/4500] 9eca9993-6e57-4180-91f0-0af3ab3f0f30: cophenetic index 2570; 0.9 s; peak memory 727 MiB.
2026-10-08T18:25:04Z INFO [2879/4500] 9ecac364-2c27-4d3b-9ecb-83d2fe57679e: cophenetic index 56143; 3.9 s; peak memory 727 MiB.
2026-10-08T18:25:05Z INFO [2880/4500] 9ecad6e3-5707-4a72-9578-1d59d767f4a2: cophenetic index 2625; 1.0 s; peak memory 727 MiB.
2026-10-08T18:25:08Z INFO [2881/4500] 9ecb441e-1cc9-4a38-bad3-46b2800e54ef: cophenetic index 53849; 3.3 s; peak memory 727 MiB.
2026-10-08T18:25:08Z INFO [2882/4500] 9ecb9143-c2b1-4dec-aa2d-ed48543aad25: cophenetic index 762; 0.5 s; peak memory 727 MiB.
2026-10-08T18:25:09Z INFO [2883/4500] 9ecbc866-bfe6-4451-90e4-c38801e3dd0d: cophenetic index 766; 0.8 s; peak memory 727 MiB.
2026-10-08T18:25:14Z INFO [2884/4500] 9ecbce22-ba36-478d-aced-dcb109c4a113: cophenetic index 121776; 4.6 s; peak memory 727 MiB.
2026-10-08T18:25:16Z INFO [2885/4500] 9eccc650-a012-4862-a2b4-8a3b5983146b: cophenetic index 6636; 1.6 s; peak memory 727 MiB.
2026-10-08T18:25:16Z INFO [2886/4500] 9ece3ac3-9cf3-4573-9325-483ad2da61a8: cophenetic index 446; 0.4 s; peak memory 727 MiB.
2026-10-08T18:25:18Z INFO [2887/4500] 9ecec70e-181a-4d33-977b-5a10e59f8e2d: cophenetic index 2469; 1.9 s; peak memory 727 MiB.
2026-10-08T18:25:19Z INFO [2888/4500] 9ecee388-6ed2-4e1e-8ed8-2e129931ba6a: cophenetic index 1380; 1.0 s; peak memory 727 MiB.
2026-10-08T18:25:20Z INFO [2889/4500] 9ecf13a9-8f88-4c4d-af8a-12f447be5d32: cophenetic index 3087; 0.8 s; peak memory 727 MiB.
2026-10-08T18:25:21Z INFO [2890/4500] 9ecf7e8d-5248-4e18-84fa-1af0d76b4fd9: cophenetic index 33998; 1.5 s; peak memory 727 MiB.
2026-10-08T18:25:22Z INFO [2891/4500] 9ed0e241-2902-45af-8595-38ead5a42293: cophenetic index 2479; 0.8 s; peak memory 727 MiB.
2026-10-08T18:25:23Z INFO [2892/4500] 9ed1531b-b072-4aa2-95d8-c64a23fc2d50: cophenetic index 949; 0.9 s; peak memory 727 MiB.
2026-10-08T18:25:24Z INFO [2893/4500] 9ed172c0-52c0-4e85-8f88-45955f4162d1: cophenetic index 624; 0.8 s; peak memory 727 MiB.
2026-10-08T18:25:24Z INFO [2894/4500] 9ed1c184-093e-4281-962f-33c9799d0a1c: cophenetic index 560; 0.6 s; peak memory 727 MiB.
2026-10-08T18:25:25Z INFO [2895/4500] 9ed5207d-be89-46ba-ae24-c5ab538f8c42: cophenetic index 624; 0.6 s; peak memory 727 MiB.
2026-10-08T18:25:26Z INFO [2896/4500] 9ed52c9d-79f1-4056-a5ea-4dd684cc909a: cophenetic index 4586; 0.8 s; peak memory 727 MiB.
2026-10-08T18:25:26Z INFO [2897/4500] 9ed5dafc-e805-4fb9-9a07-7c5ed133f7b7: cophenetic index 3087; 0.7 s; peak memory 727 MiB.
2026-10-08T18:25:27Z INFO [2898/4500] 9ed6770c-dd85-481c-91ef-46b26fbd6f4a: cophenetic index 3192; 0.6 s; peak memory 727 MiB.
2026-10-08T18:25:30Z INFO [2899/4500] 9ed691e3-d23d-4053-a3ed-15e9cfe80a57: cophenetic index 95345; 3.5 s; peak memory 727 MiB.
2026-10-08T18:25:32Z INFO [2900/4500] 9ed6964e-8b83-4f3a-8034-c640ca4b65a3: cophenetic index 1165; 1.7 s; peak memory 727 MiB.
2026-10-08T18:25:32Z INFO [2900/4500] 9ed6964e-8b83-4f3a-8034-c640ca4b65a3: checkpointed 123324 new records.
2026-10-08T18:25:33Z INFO [2901/4500] 9ed71180-5eb3-4c5c-a528-c034fa7084bf: cophenetic index 784; 1.2 s; peak memory 727 MiB.
2026-10-08T18:25:40Z INFO [2902/4500] 9ed7164a-14d5-4870-9ac2-e432164d4f21: cophenetic index 183101; 6.3 s; peak memory 727 MiB.
2026-10-08T18:25:42Z INFO [2903/4500] 9ed726cd-2076-4bac-ac5c-d8037952602c: cophenetic index 8488; 2.4 s; peak memory 727 MiB.
2026-10-08T18:25:43Z INFO [2904/4500] 9ed76144-8036-4c5d-9df8-d965acfec83d: cophenetic index 2625; 0.7 s; peak memory 727 MiB.
2026-10-08T18:25:44Z INFO [2905/4500] 9ed768cb-82c9-42dd-b106-2ee17e46401a: cophenetic index 33968; 1.0 s; peak memory 727 MiB.
2026-10-08T18:25:47Z INFO [2906/4500] 9eda34c2-60fe-42ce-957b-2b1bba453796: cophenetic index 56900; 3.6 s; peak memory 727 MiB.
2026-10-08T18:25:48Z INFO [2907/4500] 9edaa19d-9e7a-41ff-9191-f56cd4fced5c: cophenetic index 624; 0.7 s; peak memory 727 MiB.
2026-10-08T18:25:49Z INFO [2908/4500] 9edb1346-5e92-4277-98a0-7dfdb835195a: cophenetic index 624; 0.7 s; peak memory 727 MiB.
2026-10-08T18:25:49Z INFO [2909/4500] 9edb47a3-a9b6-4a96-96d7-c74a13eca4ce: cophenetic index 23358; 0.6 s; peak memory 727 MiB.
2026-10-08T18:25:50Z INFO [2910/4500] 9edb787f-efb0-4f5f-8dad-5e704a0f4ef4: cophenetic index 937; 0.9 s; peak memory 727 MiB.
2026-10-08T18:25:51Z INFO [2911/4500] 9edc2ba0-a081-471f-a6ca-d7ccbf76c8eb: cophenetic index 605; 0.8 s; peak memory 727 MiB.
2026-10-08T18:25:53Z INFO [2912/4500] 9edc4f1b-a59c-4ccc-9128-07ad9dee40c1: cophenetic index 5473; 2.0 s; peak memory 727 MiB.
2026-10-08T18:25:54Z INFO [2913/4500] 9edc7d91-e099-4bcb-8ae5-ebaafa180959: cophenetic index 33998; 1.0 s; peak memory 727 MiB.
2026-10-08T18:25:55Z INFO [2914/4500] 9edcda3c-5961-4884-b78c-abf9b39d0b07: cophenetic index 2932; 0.7 s; peak memory 727 MiB.
2026-10-08T18:25:56Z INFO [2915/4500] 9edd2fca-6f01-401f-87a2-3ed88da67e33: cophenetic index 624; 0.9 s; peak memory 727 MiB.
2026-10-08T18:25:56Z INFO [2916/4500] 9edd8e4e-c0bc-41a9-800c-9f4fd3cb97af: cophenetic index 665; 0.5 s; peak memory 727 MiB.
2026-10-08T18:25:57Z INFO [2917/4500] 9eddc286-e7e0-4c71-8a95-9a1af152326c: cophenetic index 624; 0.6 s; peak memory 727 MiB.
2026-10-08T18:25:58Z INFO [2918/4500] 9ede5e12-6b57-49d5-8a50-35ea9f5f6053: cophenetic index 1372; 1.3 s; peak memory 727 MiB.
2026-10-08T18:25:59Z INFO [2919/4500] 9ede8f94-a9e6-4f94-83e2-9d067d4fb090: cophenetic index 413; 0.7 s; peak memory 727 MiB.
2026-10-08T18:26:01Z INFO [2920/4500] 9edf01fb-d641-42d2-9169-8f5563bb5ced: cophenetic index 30099; 2.5 s; peak memory 727 MiB.
2026-10-08T18:26:07Z INFO [2921/4500] 9edf089b-f6d6-451a-a3c8-a6f7cc652966: cophenetic index 112149; 5.8 s; peak memory 727 MiB.
2026-10-08T18:26:11Z INFO [2922/4500] 9edf39c3-af75-4248-8063-9a84978445e4: cophenetic index 9548; 3.3 s; peak memory 727 MiB.
2026-10-08T18:26:11Z INFO [2923/4500] 9ee07a63-6ef2-4790-acd3-094cb289069b: cophenetic index 490; 0.5 s; peak memory 727 MiB.
2026-10-08T18:26:12Z INFO [2924/4500] 9ee08f07-38cf-4593-9a5b-3194f015ee17: cophenetic index 3004; 0.7 s; peak memory 727 MiB.
2026-10-08T18:26:12Z INFO [2925/4500] 9ee0eb0a-8a8f-49ba-8e60-183e523e888d: cophenetic index 761; 0.4 s; peak memory 727 MiB.
2026-10-08T18:26:17Z INFO [2926/4500] 9ee0f031-f8f7-41b3-9b9b-a2167aa509da: cophenetic index 76604; 4.4 s; peak memory 727 MiB.
2026-10-08T18:26:17Z INFO [2927/4500] 9ee11a56-d757-4e40-81bb-e33e97e5e4b8: cophenetic index 3087; 0.7 s; peak memory 727 MiB.
2026-10-08T18:26:18Z INFO [2928/4500] 9ee12576-89af-4a78-b45a-b1b9971e9c70: cophenetic index 3004; 0.7 s; peak memory 727 MiB.
2026-10-08T18:26:19Z INFO [2929/4500] 9ee1915e-b9b4-4261-9dc9-c78e006a828b: cophenetic index 3004; 0.8 s; peak memory 727 MiB.
2026-10-08T18:26:20Z INFO [2930/4500] 9ee20166-f255-4734-bd35-d4ba1582d6cb: cophenetic index 33998; 1.3 s; peak memory 727 MiB.
2026-10-08T18:26:21Z INFO [2931/4500] 9ee270e9-8ac3-410d-a8cd-c2d91500c38a: cophenetic index 3004; 0.7 s; peak memory 727 MiB.
2026-10-08T18:26:21Z INFO [2932/4500] 9ee27566-2045-42d3-aea1-b784d8243c0c: cophenetic index 624; 0.8 s; peak memory 727 MiB.
2026-10-08T18:26:22Z INFO [2933/4500] 9ee2f1ad-f98a-4046-9a92-912a9903649d: cophenetic index 624; 0.6 s; peak memory 727 MiB.
2026-10-08T18:26:23Z INFO [2934/4500] 9ee387f0-678c-4a27-95f2-7d9fd44cec32: cophenetic index 797; 1.4 s; peak memory 727 MiB.
2026-10-08T18:26:24Z INFO [2935/4500] 9ee45d90-476e-45cf-b263-abc7f89a3175: cophenetic index 99150; 1.0 s; peak memory 727 MiB.
2026-10-08T18:26:26Z INFO [2936/4500] 9ee4a03d-0c82-4d0e-8482-292c5ebae891: cophenetic index 5473; 1.9 s; peak memory 727 MiB.
2026-10-08T18:26:28Z INFO [2937/4500] 9ee5ae12-b708-4628-9ec2-89e14f4eedf2: cophenetic index 33998; 1.2 s; peak memory 727 MiB.
2026-10-08T18:26:28Z INFO [2938/4500] 9ee774c2-62b9-4f5f-905f-92e0f452a570: cophenetic index 624; 0.6 s; peak memory 727 MiB.
2026-10-08T18:26:29Z INFO [2939/4500] 9ee7dca0-a7f1-4e8c-b0b3-9b33939eb96f: cophenetic index 745; 0.5 s; peak memory 727 MiB.
2026-10-08T18:26:33Z INFO [2940/4500] 9ee85cf0-0ce6-4414-9f5d-27666a04efa1: cophenetic index 180043; 4.4 s; peak memory 727 MiB.
2026-10-08T18:26:34Z INFO [2941/4500] 9ee87ec0-4579-4313-be93-38e9c6bf41cf: cophenetic index 2920; 0.6 s; peak memory 727 MiB.
2026-10-08T18:26:34Z INFO [2942/4500] 9ee8a659-aa21-442d-ac8d-054dccba06fa: cophenetic index 1781; 0.5 s; peak memory 727 MiB.
2026-10-08T18:26:35Z INFO [2943/4500] 9eeaba81-f56a-4dd4-9bb9-c97bb6681ea8: cophenetic index 2496; 0.8 s; peak memory 727 MiB.
2026-10-08T18:26:36Z INFO [2944/4500] 9eeacadd-c908-44ef-8467-444b38637146: cophenetic index 433; 0.4 s; peak memory 727 MiB.
2026-10-08T18:26:36Z INFO [2945/4500] 9eeaffb2-40e1-4d4a-b854-a323219dff31: cophenetic index 3004; 0.7 s; peak memory 727 MiB.
2026-10-08T18:26:48Z INFO [2946/4500] 9eec2132-d609-4be0-8a40-96188b2ce861: cophenetic index 42708; 12.0 s; peak memory 727 MiB.
2026-10-08T18:26:49Z INFO [2947/4500] 9eec2a4a-f462-470e-98db-5451c7fd7af1: cophenetic index 3087; 0.6 s; peak memory 727 MiB.
2026-10-08T18:26:50Z INFO [2948/4500] 9eec4899-2951-4058-8a73-33d288a16de6: cophenetic index 3004; 0.7 s; peak memory 727 MiB.
2026-10-08T18:26:50Z INFO [2949/4500] 9eece2c8-b897-41d7-bbda-4e511600dde1: cophenetic index 2502; 0.8 s; peak memory 727 MiB.
2026-10-08T18:26:51Z INFO [2950/4500] 9eedd9e6-9fa2-46a5-8428-b62eceebfe17: cophenetic index 624; 0.6 s; peak memory 727 MiB.
2026-10-08T18:26:51Z INFO [2950/4500] 9eedd9e6-9fa2-46a5-8428-b62eceebfe17: checkpointed 123374 new records.
2026-10-08T18:26:52Z INFO [2951/4500] 9eeea660-8c6e-4031-a37d-146c2f2e1912: cophenetic index 490; 0.3 s; peak memory 727 MiB.
2026-10-08T18:26:53Z INFO [2952/4500] 9eef697e-bf85-48e5-89b0-b45846c490b5: cophenetic index 2402; 1.9 s; peak memory 727 MiB.
2026-10-08T18:26:54Z INFO [2953/4500] 9ef07f03-bd3a-4fc4-91d8-2f1a4b5c89db: cophenetic index 3087; 0.7 s; peak memory 727 MiB.
2026-10-08T18:26:55Z INFO [2954/4500] 9ef10fa5-7ffa-4f63-8806-816fe106c660: cophenetic index 624; 0.6 s; peak memory 727 MiB.
2026-10-08T18:26:56Z INFO [2955/4500] 9ef2764f-b417-4667-8e6a-87e5614832f8: cophenetic index 2570; 0.9 s; peak memory 727 MiB.
2026-10-08T18:26:56Z INFO [2956/4500] 9ef28e8c-2db5-4c6f-bea8-8fbe4f17a74a: cophenetic index 624; 0.6 s; peak memory 727 MiB.
2026-10-08T18:26:57Z INFO [2957/4500] 9ef317a1-2adc-4dd8-a324-0f4608971e3f: cophenetic index 2923; 0.7 s; peak memory 727 MiB.
2026-10-08T18:26:59Z INFO [2958/4500] 9ef37b22-d605-4291-b8a7-ece9c22d2a31: cophenetic index 2402; 1.8 s; peak memory 727 MiB.
2026-10-08T18:26:59Z INFO [2959/4500] 9ef38f35-f06b-40f0-9acb-571e43702214: cophenetic index 690; 0.6 s; peak memory 727 MiB.
2026-10-08T18:27:00Z INFO [2960/4500] 9ef3b67c-a9d6-43f4-8d3d-7db27fe89bbb: cophenetic index 33968; 1.0 s; peak memory 727 MiB.
2026-10-08T18:27:02Z INFO [2961/4500] 9ef42965-dc53-42e0-b6ef-900a3dbe2ff4: cophenetic index 13983; 2.2 s; peak memory 727 MiB.
2026-10-08T18:27:04Z INFO [2962/4500] 9ef4f628-c157-4edd-9306-89115d98adde: cophenetic index 515; 1.3 s; peak memory 727 MiB.
2026-10-08T18:27:11Z INFO [2963/4500] 9ef5bc4c-8944-45a4-940d-be032d2fb147: cophenetic index 26760977; 7.8 s; peak memory 727 MiB.
2026-10-08T18:27:15Z INFO [2964/4500] 9ef6cd40-089d-4ee7-bdd9-253a609264be: cophenetic index 9548; 3.2 s; peak memory 727 MiB.
2026-10-08T18:27:22Z INFO [2965/4500] 9ef6ed58-fffc-4768-a880-4950edcc443c: cophenetic index 233840; 7.4 s; peak memory 727 MiB.
2026-10-08T18:27:23Z INFO [2966/4500] 9ef7da47-9262-4206-9c63-5732d35c95dd: cophenetic index 2625; 0.6 s; peak memory 727 MiB.
2026-10-08T18:27:23Z INFO [2967/4500] 9ef85b73-8e5f-4a92-80c2-c42246a3a8d5: cophenetic index 624; 0.6 s; peak memory 727 MiB.
2026-10-08T18:27:24Z INFO [2968/4500] 9ef8855f-925e-4762-b19a-d7ab8f815249: cophenetic index 2625; 0.8 s; peak memory 727 MiB.
2026-10-08T18:27:25Z INFO [2969/4500] 9ef8e4d3-3bac-449e-a94a-6bd53092e07c: cophenetic index 446; 0.4 s; peak memory 727 MiB.
2026-10-08T18:27:26Z INFO [2970/4500] 9ef95860-eaca-430e-bb9a-aa0ca9fe37a7: cophenetic index 2524; 1.5 s; peak memory 727 MiB.
2026-10-08T18:27:27Z INFO [2971/4500] 9ef9b0be-31c2-42ec-a03e-3c33f79d0857: cophenetic index 624; 0.6 s; peak memory 727 MiB.
2026-10-08T18:27:31Z INFO [2972/4500] 9efa99c6-0a91-41da-82da-af33599717e9: cophenetic index 87401; 4.1 s; peak memory 727 MiB.
2026-10-08T18:27:32Z INFO [2973/4500] 9efb0c88-0e1d-41ca-b209-54ddf72a0cbc: cophenetic index 2625; 0.9 s; peak memory 727 MiB.
2026-10-08T18:27:33Z INFO [2974/4500] 9efb3136-8002-4e61-b4f0-a7f2aebc3b8b: cophenetic index 624; 1.6 s; peak memory 727 MiB.
2026-10-08T18:27:35Z INFO [2975/4500] 9efbb9c0-e411-4af4-a0eb-4c8daad896fe: cophenetic index 653; 1.3 s; peak memory 727 MiB.
2026-10-08T18:27:36Z INFO [2976/4500] 9efc5a70-2144-4406-ae5d-41ce3b1c2023: cophenetic index 1998; 0.9 s; peak memory 727 MiB.
2026-10-08T18:27:51Z INFO [2977/4500] 9efcb40e-8c7a-4100-83b1-66cf873057ec: cophenetic index 58288; 15.7 s; peak memory 727 MiB.
2026-10-08T18:27:52Z INFO [2978/4500] 9efd66a1-1bdb-4a79-a968-34c529ca5f4d: cophenetic index 23794; 0.7 s; peak memory 727 MiB.
2026-10-08T18:27:53Z INFO [2979/4500] 9efe4530-762e-4135-abad-02564f8da077: cophenetic index 2625; 1.0 s; peak memory 727 MiB.
2026-10-08T18:27:56Z INFO [2980/4500] 9efe6456-7c86-4192-9f9b-5f7606459746: cophenetic index 9548; 3.5 s; peak memory 727 MiB.
2026-10-08T18:27:57Z INFO [2981/4500] 9f001a57-5ec4-4600-b297-5588f42b4d80: cophenetic index 624; 0.7 s; peak memory 727 MiB.
2026-10-08T18:27:58Z INFO [2982/4500] 9f013b71-6659-46a0-b4fb-837a858bf8d5: cophenetic index 2625; 0.9 s; peak memory 727 MiB.
2026-10-08T18:28:01Z INFO [2983/4500] 9f018682-c4d3-43d9-9247-023d72fdaad6: cophenetic index 31033; 2.5 s; peak memory 727 MiB.
2026-10-08T18:28:01Z INFO [2984/4500] 9f026035-7468-4fa6-ae9b-02e65134c128: cophenetic index 1380; 0.8 s; peak memory 727 MiB.
2026-10-08T18:28:07Z INFO [2985/4500] 9f02a3b1-1083-4c70-a175-f371d4b96a8a: cophenetic index 52882; 5.5 s; peak memory 727 MiB.
2026-10-08T18:28:08Z INFO [2986/4500] 9f02df49-9063-43d7-bed6-4127c78ba4eb: cophenetic index 431; 0.6 s; peak memory 727 MiB.
2026-10-08T18:28:09Z INFO [2987/4500] 9f035d4f-504b-4fc4-8ea3-adb7339410e0: cophenetic index 34658; 1.6 s; peak memory 727 MiB.
2026-10-08T18:28:10Z INFO [2988/4500] 9f035ee9-27e6-4bf5-b841-784cd2063386: cophenetic index 2551; 0.9 s; peak memory 727 MiB.
2026-10-08T18:28:11Z INFO [2989/4500] 9f040b09-5fb5-4e22-a1bd-19ff14b11cc8: cophenetic index 624; 0.7 s; peak memory 727 MiB.
2026-10-08T18:28:11Z INFO [2990/4500] 9f04c484-d4a2-4b09-a3f8-2241b0aac9a0: cophenetic index 624; 0.6 s; peak memory 727 MiB.
2026-10-08T18:28:12Z INFO [2991/4500] 9f081454-6820-4aa2-bdaa-049bf3060a0e: cophenetic index 1583; 0.7 s; peak memory 727 MiB.
2026-10-08T18:28:13Z INFO [2992/4500] 9f08c278-7f33-422c-b36b-ab58eda111dd: cophenetic index 26986; 0.9 s; peak memory 727 MiB.
2026-10-08T18:28:15Z INFO [2993/4500] 9f093a11-ccb6-4204-81ff-1d72852e7c1d: cophenetic index 1889; 2.2 s; peak memory 727 MiB.
2026-10-08T18:28:16Z INFO [2994/4500] 9f0a47a9-92ca-4eac-b735-ae5c2358ad83: cophenetic index 2701; 0.9 s; peak memory 727 MiB.
2026-10-08T18:28:17Z INFO [2995/4500] 9f0ab585-2616-4fe5-a219-e8bbfa4ad066: cophenetic index 3004; 0.7 s; peak memory 727 MiB.
2026-10-08T18:28:18Z INFO [2996/4500] 9f0ad42d-f1c3-48c3-9e5d-886ad5995429: cophenetic index 624; 0.8 s; peak memory 727 MiB.
2026-10-08T18:28:18Z INFO [2997/4500] 9f0ada6d-23fc-4ea0-8f1c-d75e2f4478ab: cophenetic index 649; 0.7 s; peak memory 727 MiB.
2026-10-08T18:28:19Z INFO [2998/4500] 9f0b52d7-e047-49d2-af20-559aee35f79b: cophenetic index 33986; 0.7 s; peak memory 727 MiB.
2026-10-08T18:28:20Z INFO [2999/4500] 9f0b573a-9470-4921-bc20-fb6db6aa9aaf: cophenetic index 33962; 1.0 s; peak memory 727 MiB.
2026-10-08T18:28:21Z INFO [3000/4500] 9f0ba302-bea2-4e7d-a126-305dfee3e5d1: cophenetic index 2776; 1.0 s; peak memory 727 MiB.
2026-10-08T18:28:21Z INFO [3000/4500] 9f0ba302-bea2-4e7d-a126-305dfee3e5d1: checkpointed 123424 new records.
2026-10-08T18:28:22Z INFO [3001/4500] 9f0bc864-3d8b-4965-b796-c1cb43df1282: cophenetic index 1006; 0.8 s; peak memory 727 MiB.
2026-10-08T18:28:39Z INFO [3002/4500] 9f0be7b5-e8b3-4656-bffd-fa65c2e697f0: cophenetic index 58288; 16.7 s; peak memory 727 MiB.
2026-10-08T18:28:39Z INFO [3003/4500] 9f0c239b-006d-4068-9e88-11622b02ce4d: cophenetic index 624; 0.6 s; peak memory 727 MiB.
2026-10-08T18:28:41Z INFO [3004/4500] 9f0c8299-79bc-4567-9d8c-4b61e1a90129: cophenetic index 33998; 1.3 s; peak memory 727 MiB.
2026-10-08T18:28:42Z INFO [3005/4500] 9f0cb467-6d2f-4baf-b133-e80451e0b35a: cophenetic index 99150; 1.5 s; peak memory 727 MiB.
2026-10-08T18:28:43Z INFO [3006/4500] 9f0d1d44-6594-4745-af91-397110e17b98: cophenetic index 624; 0.6 s; peak memory 727 MiB.
2026-10-08T18:28:44Z INFO [3007/4500] 9f0d6c04-23bb-47ec-b7a3-7ba433643efc: cophenetic index 23364; 0.7 s; peak memory 727 MiB.
2026-10-08T18:28:46Z INFO [3008/4500] 9f0df3aa-2bb9-4756-815e-9011e00d828d: cophenetic index 51378; 2.7 s; peak memory 727 MiB.
2026-10-08T18:28:47Z INFO [3009/4500] 9f0e1229-a89d-45b7-b504-d57c2010c7df: cophenetic index 624; 0.6 s; peak memory 727 MiB.
2026-10-08T18:28:48Z INFO [3010/4500] 9f0e70fc-d11b-4403-b0a9-f6df8f45b937: cophenetic index 624; 0.7 s; peak memory 727 MiB.
2026-10-08T18:28:48Z INFO [3011/4500] 9f0e944b-3bb5-4b75-ae09-800386910d13: cophenetic index 624; 0.8 s; peak memory 727 MiB.
2026-10-08T18:28:49Z INFO [3012/4500] 9f0fbfb5-03cc-483e-afff-a2ba982320a2: cophenetic index 926; 0.6 s; peak memory 727 MiB.
2026-10-08T18:28:50Z INFO [3013/4500] 9f0fdb96-ce2d-462a-a6f7-7f611f3dfa4e: cophenetic index 2496; 0.9 s; peak memory 727 MiB.
2026-10-08T18:28:51Z WARNING 9f0feaa9-adb3-4487-afb9-d4f49f1acdc6: failed while reading the NWB file (KeyError: 'Unable to synchronously open object (component not found)')
2026-10-08T18:28:51Z WARNING [3014/4500] 9f0feaa9-adb3-4487-afb9-d4f49f1acdc6: leaving unrecorded for a later run to retry.
2026-10-08T18:28:51Z INFO [3015/4500] 9f1024b2-5ac3-4910-a585-6a3097256704: cophenetic index 624; 0.7 s; peak memory 727 MiB.
2026-10-08T18:28:52Z INFO [3016/4500] 9f10630d-b121-4537-86d4-94cc812efc62: cophenetic index 649; 0.6 s; peak memory 727 MiB.
2026-10-08T18:28:53Z INFO [3017/4500] 9f10b0ce-cb9b-49c1-92d7-94772316f5ea: cophenetic index 624; 0.5 s; peak memory 727 MiB.
2026-10-08T18:28:53Z INFO [3018/4500] 9f1180c7-e42e-4a46-8138-924d4b2fba33: cophenetic index 490; 0.5 s; peak memory 727 MiB.
2026-10-08T18:28:54Z INFO [3019/4500] 9f130c1f-0aa3-4f96-a3e3-f16eb419188b: cophenetic index 625; 0.5 s; peak memory 727 MiB.
2026-10-08T18:28:57Z INFO [3020/4500] 9f135020-92fd-4536-9985-5920417630c6: cophenetic index 49454; 3.8 s; peak memory 727 MiB.
2026-10-08T18:28:58Z INFO [3021/4500] 9f13605f-345c-4dc1-b907-91ff58b358ea: cophenetic index 3004; 0.7 s; peak memory 727 MiB.
2026-10-08T18:28:59Z INFO [3022/4500] 9f139c0d-9867-461e-80d2-2211028019b8: cophenetic index 3087; 0.7 s; peak memory 727 MiB.
2026-10-08T18:28:59Z INFO [3023/4500] 9f146a81-5938-4f30-aeef-3f826a3fe878: cophenetic index 2974; 0.7 s; peak memory 727 MiB.
2026-10-08T18:29:00Z INFO [3024/4500] 9f147d6d-bf6b-490c-b474-5d529d8f7b3a: cophenetic index 651; 0.4 s; peak memory 727 MiB.
2026-10-08T18:29:05Z INFO [3025/4500] 9f152296-b7b2-4bb5-a82e-ad39f846803c: cophenetic index 141427; 4.8 s; peak memory 727 MiB.
2026-10-08T18:29:05Z INFO [3026/4500] 9f156786-ffcd-40de-b22b-6d69668cad87: cophenetic index 3087; 0.6 s; peak memory 727 MiB.
2026-10-08T18:29:12Z INFO [3027/4500] 9f167c14-047d-4500-927c-6ac046495899: cophenetic index 355317; 6.9 s; peak memory 727 MiB.
2026-10-08T18:29:13Z INFO [3028/4500] 9f16bcf6-d9c2-4e54-ace9-7be6706dc9ba: cophenetic index 690; 0.6 s; peak memory 727 MiB.
2026-10-08T18:29:14Z INFO [3029/4500] 9f16f7a2-ebb8-40a0-8cfb-553280b9abd5: cophenetic index 23510; 0.8 s; peak memory 727 MiB.
2026-10-08T18:29:14Z INFO [3030/4500] 9f178fec-d3d0-42c2-9167-30841c6bb170: cophenetic index 3004; 0.7 s; peak memory 727 MiB.
2026-10-08T18:29:15Z INFO [3031/4500] 9f17f636-06b4-4fd8-8840-febd515963cf: cophenetic index 99114; 1.1 s; peak memory 727 MiB.
2026-10-08T18:29:16Z INFO [3032/4500] 9f1853b0-0077-4248-8fab-eff7ae6004c3: cophenetic index 3087; 0.8 s; peak memory 727 MiB.
2026-10-08T18:29:17Z INFO [3033/4500] 9f188b8a-885f-44d9-9673-b6e5bdd9585d: cophenetic index 3057; 0.6 s; peak memory 727 MiB.
2026-10-08T18:29:18Z INFO [3034/4500] 9f18b06f-62d8-4610-8be1-5dc529514581: cophenetic index 23436; 0.8 s; peak memory 727 MiB.
2026-10-08T18:29:18Z INFO [3035/4500] 9f193a27-010f-4ebc-b26a-71ae9933bf81: cophenetic index 490; 0.4 s; peak memory 727 MiB.
2026-10-08T18:29:25Z INFO [3036/4500] 9f1972f6-4066-4e3e-b8d1-e887af7c0148: cophenetic index 49783; 6.8 s; peak memory 727 MiB.
2026-10-08T18:29:25Z INFO [3037/4500] 9f1990cf-e15f-4a3b-98eb-1ef25cdcf7a5: cophenetic index 624; 0.6 s; peak memory 727 MiB.
2026-10-08T18:29:28Z INFO [3038/4500] 9f1a995b-7f63-499d-88f1-2d0d4d555b74: cophenetic index 33736; 2.9 s; peak memory 727 MiB.
2026-10-08T18:29:29Z INFO [3039/4500] 9f1ac21b-b604-4f77-aebf-0b6b45cdb54d: cophenetic index 1715; 1.3 s; peak memory 727 MiB.
2026-10-08T18:29:43Z INFO [3040/4500] 9f1ad632-3bac-480e-a35c-9f1ddb2505c2: cophenetic index 37660; 13.8 s; peak memory 727 MiB.
2026-10-08T18:29:45Z INFO [3041/4500] 9f1b1232-dc13-4bc1-a635-d6654c908f34: cophenetic index 8258; 1.9 s; peak memory 727 MiB.
2026-10-08T18:29:46Z INFO [3042/4500] 9f1d1c26-3e6c-4ca1-b174-d1002c54fa83: cophenetic index 33968; 1.2 s; peak memory 727 MiB.
2026-10-08T18:29:47Z INFO [3043/4500] 9f1da13e-7dfe-4d56-b277-7f505227e49d: cophenetic index 2625; 0.8 s; peak memory 727 MiB.
2026-10-08T18:29:48Z INFO [3044/4500] 9f1e0575-19bc-453f-a00d-a34dacd1b04e: cophenetic index 624; 0.7 s; peak memory 727 MiB.
2026-10-08T18:29:50Z INFO [3045/4500] 9f1e16a2-9fab-4020-b5b5-0f31e46f36ef: cophenetic index 32755; 1.7 s; peak memory 727 MiB.
2026-10-08T18:29:50Z INFO [3046/4500] 9f1e7848-634b-4c64-9070-38e841b93975: cophenetic index 3004; 0.8 s; peak memory 727 MiB.
2026-10-08T18:29:52Z INFO [3047/4500] 9f1f48b9-f39c-4562-8c22-09588efbbacb: cophenetic index 2682; 1.5 s; peak memory 727 MiB.
2026-10-08T18:29:56Z INFO [3048/4500] 9f20000c-b904-4945-bff3-0cb09f892652: cophenetic index 50581; 3.6 s; peak memory 727 MiB.
2026-10-08T18:29:56Z INFO [3049/4500] 9f20c252-9c17-4000-ad14-2422827e7faf: cophenetic index 3087; 0.8 s; peak memory 727 MiB.
2026-10-08T18:29:57Z INFO [3050/4500] 9f20d4ba-31ca-4ace-91de-673290fc1926: cophenetic index 490; 0.5 s; peak memory 727 MiB.
2026-10-08T18:29:57Z INFO [3050/4500] 9f20d4ba-31ca-4ace-91de-673290fc1926: checkpointed 123473 new records.
2026-10-08T18:30:02Z INFO [3051/4500] 9f215ae1-955f-4e67-8616-aa329e22fc20: cophenetic index 15817; 4.6 s; peak memory 727 MiB.
2026-10-08T18:30:02Z INFO [3052/4500] 9f226add-6736-4bb6-abb0-550bbef3c266: cophenetic index 624; 0.7 s; peak memory 727 MiB.
2026-10-08T18:30:03Z INFO [3053/4500] 9f227211-2cc3-4725-b0df-511fa4351992: cophenetic index 3087; 0.8 s; peak memory 727 MiB.
2026-10-08T18:30:05Z INFO [3054/4500] 9f22ab4b-2a1c-41b9-922e-9cd91fd31bff: cophenetic index 2609; 1.5 s; peak memory 727 MiB.
2026-10-08T18:30:05Z INFO [3055/4500] 9f22e444-dd3a-478e-84cb-cbe2ba98c745: cophenetic index 624; 0.7 s; peak memory 727 MiB.
2026-10-08T18:30:08Z INFO [3056/4500] 9f22eca1-db98-4ab4-a363-386364a2d4d0: cophenetic index 31548; 2.6 s; peak memory 727 MiB.
2026-10-08T18:30:09Z INFO [3057/4500] 9f234b5a-1abb-494f-b062-56f89fcde1ae: cophenetic index 37770; 1.5 s; peak memory 727 MiB.
2026-10-08T18:30:10Z INFO [3058/4500] 9f234cc1-67ac-4fe5-b66c-c0f5b0ca7e3d: cophenetic index 624; 0.7 s; peak memory 727 MiB.
2026-10-08T18:30:11Z INFO [3059/4500] 9f234e12-5c6d-44b7-8cdc-35ac8c86cdaf: cophenetic index 1904; 0.9 s; peak memory 727 MiB.
2026-10-08T18:30:12Z INFO [3060/4500] 9f23bbff-06a6-4e7e-ba9e-bd70f8e50fb1: cophenetic index 2551; 0.9 s; peak memory 727 MiB.
2026-10-08T18:30:16Z INFO [3061/4500] 9f2426c7-f569-49cd-af6b-9678afbc1ba8: cophenetic index 87573; 4.2 s; peak memory 727 MiB.
2026-10-08T18:30:17Z INFO [3062/4500] 9f24f624-f456-40f3-bbec-ee85d670bf5a: cophenetic index 2625; 0.8 s; peak memory 727 MiB.
2026-10-08T18:30:17Z INFO [3063/4500] 9f26a60e-2340-405b-93fe-729eb840d3e4: cophenetic index 624; 0.6 s; peak memory 727 MiB.
2026-10-08T18:30:18Z INFO [3064/4500] 9f26cdf8-08ea-4355-8189-ea6aaffe2966: cophenetic index 624; 0.8 s; peak memory 727 MiB.
2026-10-08T18:30:25Z INFO [3065/4500] 9f270e7a-4eb7-47f5-b84a-f9176d993253: cophenetic index 7888; 7.3 s; peak memory 727 MiB.
2026-10-08T18:30:26Z INFO [3066/4500] 9f2737a0-537c-4e3b-9524-cd7829b898c0: cophenetic index 2625; 0.9 s; peak memory 727 MiB.
2026-10-08T18:30:27Z INFO [3067/4500] 9f276369-483a-471d-9249-fb33493bd5bf: cophenetic index 624; 0.8 s; peak memory 727 MiB.
2026-10-08T18:30:28Z INFO [3068/4500] 9f277297-79e4-4ee3-a4f7-8da326937b2e: cophenetic index 33986; 1.0 s; peak memory 727 MiB.
2026-10-08T18:30:29Z INFO [3069/4500] 9f286e08-d502-4ef0-baef-bd947b0f4eb7: cophenetic index 431; 0.7 s; peak memory 727 MiB.
2026-10-08T18:30:30Z INFO [3070/4500] 9f289673-1759-489c-8d3a-7284b6d9d6b9: cophenetic index 627; 0.6 s; peak memory 727 MiB.
2026-10-08T18:30:30Z INFO [3071/4500] 9f291a64-a288-46d2-a06d-56832d954881: cophenetic index 624; 0.6 s; peak memory 727 MiB.
2026-10-08T18:30:36Z INFO [3072/4500] 9f294b8b-9dee-4bee-9c40-c2dcd20b8ced: cophenetic index 47115; 5.4 s; peak memory 727 MiB.
2026-10-08T18:30:36Z INFO [3073/4500] 9f29a228-1ed4-4607-80df-54e674dae578: cophenetic index 624; 0.7 s; peak memory 727 MiB.
2026-10-08T18:30:37Z INFO [3074/4500] 9f29a86b-869b-4ff3-a4dd-cae0090fb31c: cophenetic index 490; 0.4 s; peak memory 727 MiB.
2026-10-08T18:30:41Z INFO [3075/4500] 9f29acef-9ee6-42e2-a0e7-0ce5a64bc14d: cophenetic index 154066; 3.9 s; peak memory 727 MiB.
2026-10-08T18:30:41Z INFO [3076/4500] 9f2b0e6e-2731-4843-9780-acaa7c84a26f: cophenetic index 3004; 0.8 s; peak memory 727 MiB.
2026-10-08T18:30:42Z INFO [3077/4500] 9f2be091-35bc-4c0f-ba39-f25a46e4765f: cophenetic index 164; 0.5 s; peak memory 727 MiB.
2026-10-08T18:30:47Z INFO [3078/4500] 9f2cc343-1a4f-4832-81af-49bbfd7e4a28: cophenetic index 135528; 5.0 s; peak memory 727 MiB.
2026-10-08T18:30:56Z INFO [3079/4500] 9f2cf071-0b31-4a09-88ce-acf4336f257a: cophenetic index 49686; 8.8 s; peak memory 727 MiB.
2026-10-08T18:30:57Z INFO [3080/4500] 9f2d0439-3759-40ec-a414-ff0a27edf404: cophenetic index 1087; 1.0 s; peak memory 727 MiB.
2026-10-08T18:30:58Z INFO [3081/4500] 9f2d479f-dd99-479e-8908-d05cd5aa88b4: cophenetic index 2496; 1.0 s; peak memory 727 MiB.
2026-10-08T18:31:04Z INFO [3082/4500] 9f2d961d-6296-468a-9a7f-036038a9bc1a: cophenetic index 196852; 6.6 s; peak memory 727 MiB.
2026-10-08T18:31:05Z INFO [3083/4500] 9f2e84b1-d441-4962-a99e-73245788756f: cophenetic index 23358; 0.6 s; peak memory 727 MiB.
2026-10-08T18:31:05Z INFO [3084/4500] 9f2fe181-3d72-4957-8532-4fd179f77d99: cophenetic index 490; 0.6 s; peak memory 727 MiB.
2026-10-08T18:31:06Z INFO [3085/4500] 9f303830-0b41-4a50-ba3e-01d90652b74b: cophenetic index 490; 0.4 s; peak memory 727 MiB.
2026-10-08T18:31:07Z INFO [3086/4500] 9f31217d-b147-4a93-bcbd-035d5b5590fe: cophenetic index 3004; 0.7 s; peak memory 727 MiB.
2026-10-08T18:31:07Z INFO [3087/4500] 9f3186b1-c510-4bb7-8177-86b22389b2e7: cophenetic index 443; 0.7 s; peak memory 727 MiB.
2026-10-08T18:31:08Z INFO [3088/4500] 9f32511f-3ff6-4f17-b3a0-c7f829196014: cophenetic index 624; 0.7 s; peak memory 727 MiB.
2026-10-08T18:31:13Z INFO [3089/4500] 9f3254f2-713a-48b1-b4f8-b7eaf5d99967: cophenetic index 12100; 5.0 s; peak memory 727 MiB.
2026-10-08T18:31:14Z INFO [3090/4500] 9f32696d-7ec8-46fb-9302-9ff8e379d9e6: cophenetic index 649; 0.8 s; peak memory 727 MiB.
2026-10-08T18:31:15Z INFO [3091/4500] 9f3384f2-b354-4688-acb1-5fb3c0b5160f: cophenetic index 1248; 1.1 s; peak memory 727 MiB.
2026-10-08T18:31:15Z INFO [3092/4500] 9f3429b8-146f-46af-a3f2-4b4215e5e815: cophenetic index 649; 0.6 s; peak memory 727 MiB.
2026-10-08T18:31:19Z INFO [3093/4500] 9f345c56-253c-4ee1-8e39-f6a8300cd00d: cophenetic index 5466; 3.8 s; peak memory 727 MiB.
2026-10-08T18:31:20Z INFO [3094/4500] 9f354c6b-8ab4-45b1-b255-283cb34285b1: cophenetic index 646; 0.7 s; peak memory 727 MiB.
2026-10-08T18:31:21Z INFO [3095/4500] 9f3711ce-0e7f-4a83-a309-d1890623de6e: cophenetic index 624; 0.6 s; peak memory 727 MiB.
2026-10-08T18:31:21Z INFO [3096/4500] 9f375a21-b912-43cc-b40e-efdaf0a0597e: cophenetic index 643; 0.6 s; peak memory 727 MiB.
2026-10-08T18:31:27Z INFO [3097/4500] 9f376ca8-6396-49cd-88f3-a4aa4aabcc15: cophenetic index 195172714; 6.3 s; peak memory 727 MiB.
2026-10-08T18:31:31Z INFO [3098/4500] 9f376eb7-711a-4dda-924b-89486a68250a: cophenetic index 9548; 3.6 s; peak memory 727 MiB.
2026-10-08T18:31:32Z INFO [3099/4500] 9f387419-cf7d-4f8c-8948-131d38159786: cophenetic index 1408; 1.4 s; peak memory 727 MiB.
2026-10-08T18:31:33Z INFO [3100/4500] 9f38bb54-5d42-4da3-91a5-0f684f9bb7b9: cophenetic index 624; 0.8 s; peak memory 727 MiB.
2026-10-08T18:31:34Z INFO [3100/4500] 9f38bb54-5d42-4da3-91a5-0f684f9bb7b9: checkpointed 123523 new records.
2026-10-08T18:31:35Z INFO [3101/4500] 9f396fdd-259b-49e1-88d9-ec52c2b63672: cophenetic index 4069; 1.1 s; peak memory 727 MiB.
2026-10-08T18:31:35Z INFO [3102/4500] 9f39f783-c374-422b-a6c6-c6a2d2b9cab1: cophenetic index 1739; 0.8 s; peak memory 727 MiB.
2026-10-08T18:31:39Z INFO [3103/4500] 9f3a1d64-43e2-4524-81e3-42e200f5dfa4: cophenetic index 100229; 3.7 s; peak memory 727 MiB.
2026-10-08T18:31:43Z INFO [3104/4500] 9f3b8192-1a6b-4494-8246-a70f4a4bf0a1: cophenetic index 107905; 4.1 s; peak memory 727 MiB.
2026-10-08T18:31:44Z INFO [3105/4500] 9f3ba120-8bd5-47fb-a817-1c0a81d15372: cophenetic index 34802; 1.0 s; peak memory 727 MiB.
2026-10-08T18:31:45Z INFO [3106/4500] 9f3bb9a1-89bd-4f27-9f96-8923fe66c75f: cophenetic index 624; 0.6 s; peak memory 727 MiB.
2026-10-08T18:31:46Z INFO [3107/4500] 9f3bbfa6-6a9a-4418-a36d-d18de24843e8: cophenetic index 3004; 0.8 s; peak memory 727 MiB.
2026-10-08T18:31:47Z INFO [3108/4500] 9f3cbe24-38c0-4664-910b-64a87aef443f: cophenetic index 2402; 1.7 s; peak memory 727 MiB.
2026-10-08T18:31:57Z INFO [3109/4500] 9f3d3a36-5472-4e84-885f-ad6f73485539: cophenetic index 1757398; 10.1 s; peak memory 727 MiB.
2026-10-08T18:31:58Z INFO [3110/4500] 9f3daf27-8a46-4bf2-99f1-039b78489597: cophenetic index 569; 0.8 s; peak memory 727 MiB.
2026-10-08T18:31:59Z INFO [3111/4500] 9f3e8d3d-4a51-441e-86cc-cb74a531f58b: cophenetic index 33986; 1.1 s; peak memory 727 MiB.
2026-10-08T18:32:04Z INFO [3112/4500] 9f3e982d-7ef5-49e5-abaf-49b855011d2d: cophenetic index 14296; 4.9 s; peak memory 727 MiB.
2026-10-08T18:32:05Z INFO [3113/4500] 9f3eec12-34a3-41c4-8ce8-79b9202f314e: cophenetic index 2974; 0.8 s; peak memory 727 MiB.
2026-10-08T18:32:10Z INFO [3114/4500] 9f3f0ba5-c236-4ff5-9d0c-3b1745a89a40: cophenetic index 14699; 5.2 s; peak memory 727 MiB.
2026-10-08T18:32:11Z INFO [3115/4500] 9f3f9649-b8a2-401d-9fa5-f7459e21d211: cophenetic index 624; 0.8 s; peak memory 727 MiB.
2026-10-08T18:32:12Z INFO [3116/4500] 9f3fa1c8-f8cf-4e10-906f-61511c7362fc: cophenetic index 3004; 0.8 s; peak memory 727 MiB.
2026-10-08T18:32:13Z INFO [3117/4500] 9f404f26-99a0-495c-96b9-6799e8351233: cophenetic index 2682; 1.2 s; peak memory 727 MiB.
2026-10-08T18:32:19Z INFO [3118/4500] 9f40b90d-ee2f-4548-b529-1dbc1965ea23: cophenetic index 195172714; 6.0 s; peak memory 727 MiB.
2026-10-08T18:32:20Z INFO [3119/4500] 9f40f4a2-4176-4ccb-91f9-a0bb17229101: cophenetic index 33998; 0.9 s; peak memory 727 MiB.
2026-10-08T18:32:20Z INFO [3120/4500] 9f416128-9772-4689-8bf4-d505b81e053e: cophenetic index 446; 0.5 s; peak memory 727 MiB.
2026-10-08T18:32:21Z INFO [3121/4500] 9f41b4b2-bea7-4a20-a953-57b1a33069fe: cophenetic index 579; 0.5 s; peak memory 727 MiB.
2026-10-08T18:32:22Z INFO [3122/4500] 9f427c6a-976b-4559-93bf-580768f8956f: cophenetic index 624; 0.7 s; peak memory 727 MiB.
2026-10-08T18:32:26Z INFO [3123/4500] 9f434eb6-8265-46b8-9c85-a0d3ea3923cf: cophenetic index 14699; 4.4 s; peak memory 727 MiB.
2026-10-08T18:32:27Z INFO [3124/4500] 9f4364f6-1620-48a4-aa0a-2b79be32ba9e: cophenetic index 624; 0.7 s; peak memory 727 MiB.
2026-10-08T18:32:27Z INFO [3125/4500] 9f437631-7f9f-49d4-9284-335a5e37ac0a: cophenetic index 490; 0.4 s; peak memory 727 MiB.
2026-10-08T18:32:28Z INFO [3126/4500] 9f43828a-e85c-43ea-8928-5223566eca25: cophenetic index 33998; 1.4 s; peak memory 727 MiB.
2026-10-08T18:32:29Z INFO [3127/4500] 9f4391cc-d43a-4975-aeb4-aec61b24a63a: cophenetic index 2625; 0.8 s; peak memory 727 MiB.
2026-10-08T18:32:30Z INFO [3128/4500] 9f440b4f-f840-42d0-91fb-f9878052c95e: cophenetic index 751; 0.4 s; peak memory 727 MiB.
2026-10-08T18:32:30Z INFO [3129/4500] 9f44353f-b6f2-41b9-aca8-0dda14ffa381: cophenetic index 3004; 0.8 s; peak memory 727 MiB.
2026-10-08T18:32:31Z INFO [3130/4500] 9f4437f1-571d-42cd-9c1a-22a408e95831: cophenetic index 3004; 0.9 s; peak memory 727 MiB.
2026-10-08T18:32:33Z INFO [3131/4500] 9f44a3a0-81e0-4238-862a-d658765e91b7: cophenetic index 2473; 1.5 s; peak memory 727 MiB.
2026-10-08T18:32:34Z INFO [3132/4500] 9f45066f-dd12-4afb-aaf8-e5f6e7927372: cophenetic index 569; 0.8 s; peak memory 727 MiB.
2026-10-08T18:32:34Z INFO [3133/4500] 9f45e2c4-c396-46b0-b909-1cdcc484c6f7: cophenetic index 3087; 0.8 s; peak memory 727 MiB.
2026-10-08T18:32:35Z INFO [3134/4500] 9f473603-1414-4d95-9c72-e9e52cc72b31: cophenetic index 3087; 0.7 s; peak memory 727 MiB.
2026-10-08T18:32:37Z INFO [3135/4500] 9f48562f-1a88-4f2b-b98c-c3da9a2144ff: cophenetic index 2609; 1.9 s; peak memory 727 MiB.
2026-10-08T18:32:38Z INFO [3136/4500] 9f490325-0d3b-4c3a-86c7-113107bd5544: cophenetic index 766; 0.9 s; peak memory 727 MiB.
2026-10-08T18:32:40Z INFO [3137/4500] 9f49e0d7-0d90-4233-a9de-6ca056cc5008: cophenetic index 16828; 2.4 s; peak memory 727 MiB.
2026-10-08T18:32:41Z INFO [3138/4500] 9f49ef9a-f837-4668-875b-23fe82226f47: cophenetic index 624; 0.8 s; peak memory 727 MiB.
2026-10-08T18:32:42Z INFO [3139/4500] 9f49f3da-35d2-4aa8-8296-1443ed834e7b: cophenetic index 624; 0.8 s; peak memory 727 MiB.
2026-10-08T18:32:46Z INFO [3140/4500] 9f4a1fda-eaf9-4901-be2c-3dc2ecc1a019: cophenetic index 87573; 3.7 s; peak memory 727 MiB.
2026-10-08T18:32:50Z INFO [3141/4500] 9f4b0e65-f3ee-41c4-ba37-7b37ba19640d: cophenetic index 87781; 4.0 s; peak memory 727 MiB.
2026-10-08T18:32:51Z INFO [3142/4500] 9f4ba495-adef-4d86-bf85-f68bdefe2eb9: cophenetic index 649; 0.9 s; peak memory 727 MiB.
2026-10-08T18:32:52Z INFO [3143/4500] 9f4cc703-5cc4-48e1-958a-828dca63a8b1: cophenetic index 33998; 0.9 s; peak memory 727 MiB.
2026-10-08T18:32:54Z INFO [3144/4500] 9f4e6733-2ac1-4ec7-8a3f-f33f2d1f1da1: cophenetic index 48827; 2.8 s; peak memory 727 MiB.
2026-10-08T18:32:56Z INFO [3145/4500] 9f4e6811-5ef8-4ac1-a8a5-5b9d1f1f742e: cophenetic index 653; 1.2 s; peak memory 727 MiB.
2026-10-08T18:32:56Z INFO [3146/4500] 9f4ef48e-6fb3-48ca-9988-a7d49daec283: cophenetic index 23510; 0.8 s; peak memory 727 MiB.
2026-10-08T18:32:57Z INFO [3147/4500] 9f4fea99-ff15-4c92-bff6-500c91bd4b7b: cophenetic index 99403; 0.9 s; peak memory 727 MiB.
2026-10-08T18:32:58Z INFO [3148/4500] 9f4ff682-2810-4eea-8562-13cde7855834: cophenetic index 624; 0.8 s; peak memory 727 MiB.
2026-10-08T18:32:59Z INFO [3149/4500] 9f502fd1-2da4-48ce-94a1-27deae7f600a: cophenetic index 809; 1.1 s; peak memory 727 MiB.
2026-10-08T18:33:00Z INFO [3150/4500] 9f50ca86-d21b-47a3-a78f-6f41e54b911e: cophenetic index 2974; 0.8 s; peak memory 727 MiB.
2026-10-08T18:33:00Z INFO [3150/4500] 9f50ca86-d21b-47a3-a78f-6f41e54b911e: checkpointed 123573 new records.
2026-10-08T18:33:29Z INFO [3151/4500] 9f50e536-4f77-4fad-9be2-f32c3d203323: cophenetic index 8548602; 28.9 s; peak memory 727 MiB.
2026-10-08T18:33:30Z INFO [3152/4500] 9f519276-ed99-4d97-a110-8b8f62f9471f: cophenetic index 948; 1.0 s; peak memory 727 MiB.
2026-10-08T18:33:31Z INFO [3153/4500] 9f519c7c-2662-4e91-a0ec-c5808cdd2188: cophenetic index 3004; 0.8 s; peak memory 727 MiB.
2026-10-08T18:33:31Z INFO [3154/4500] 9f51cbf3-a891-4d78-9825-014715b7b08f: cophenetic index 649; 0.6 s; peak memory 727 MiB.
2026-10-08T18:33:32Z INFO [3155/4500] 9f523c3e-017e-47ee-b67c-260bbdbb68b8: cophenetic index 2625; 1.0 s; peak memory 727 MiB.
2026-10-08T18:33:33Z INFO [3156/4500] 9f525492-84d4-4717-86a1-20d626c077a2: cophenetic index 6100; 0.9 s; peak memory 727 MiB.
2026-10-08T18:33:34Z INFO [3157/4500] 9f52a377-e226-4b98-afcf-b05300bce10a: cophenetic index 2570; 0.8 s; peak memory 727 MiB.
2026-10-08T18:33:49Z INFO [3158/4500] 9f531bfe-2bb6-49ce-a360-bb0171b76eae: cophenetic index 42708; 14.7 s; peak memory 727 MiB.
2026-10-08T18:33:56Z INFO [3159/4500] 9f53b3a9-be00-4396-8b62-7efd07e29e87: cophenetic index 219896; 7.3 s; peak memory 727 MiB.
2026-10-08T18:33:57Z INFO [3160/4500] 9f53fdd8-c4d7-4844-b2c5-03b03508ee9a: cophenetic index 581; 0.7 s; peak memory 727 MiB.
2026-10-08T18:33:57Z INFO [3161/4500] 9f5416e8-b0f2-48ca-9a84-2dcf9d0c80ba: cophenetic index 624; 0.7 s; peak memory 727 MiB.
2026-10-08T18:33:58Z INFO [3162/4500] 9f541762-e658-4a0f-9216-eb697c0fbd54: cophenetic index 1781; 0.8 s; peak memory 727 MiB.
2026-10-08T18:33:59Z INFO [3163/4500] 9f54863d-0c66-40cf-968f-6c0e58d4709f: cophenetic index 911; 1.0 s; peak memory 727 MiB.
2026-10-08T18:34:04Z INFO [3164/4500] 9f54a7a3-8ccc-47ca-a45b-4d5a26bfd578: cophenetic index 14389; 4.7 s; peak memory 727 MiB.
2026-10-08T18:34:05Z INFO [3165/4500] 9f554bfd-4a52-4657-8189-351be94c5448: cophenetic index 761; 0.6 s; peak memory 727 MiB.
2026-10-08T18:34:05Z INFO [3166/4500] 9f556e0f-bf56-4c34-a683-0dd8d8cfd715: cophenetic index 624; 0.6 s; peak memory 727 MiB.
2026-10-08T18:34:06Z INFO [3167/4500] 9f55abf9-3755-43ce-87ff-2ec82330f3c5: cophenetic index 2625; 1.1 s; peak memory 727 MiB.
2026-10-08T18:34:07Z INFO [3168/4500] 9f55e6ff-17d4-44e6-acd0-4e3fce393b46: cophenetic index 624; 0.7 s; peak memory 727 MiB.
2026-10-08T18:34:08Z INFO [3169/4500] 9f561dd0-21e7-4f82-a613-19452b3c89c4: cophenetic index 3004; 0.8 s; peak memory 727 MiB.
2026-10-08T18:34:08Z INFO [3170/4500] 9f562627-a057-4ab0-b1a8-51f08eec9256: cophenetic index 1470; 0.8 s; peak memory 727 MiB.
2026-10-08T18:34:10Z INFO [3171/4500] 9f562fed-e1bb-4354-8b1b-38439d914ac6: cophenetic index 33998; 1.1 s; peak memory 727 MiB.
2026-10-08T18:34:10Z INFO [3172/4500] 9f571a7b-ab92-4096-b1e6-157f11911c9f: cophenetic index 624; 0.8 s; peak memory 727 MiB.
2026-10-08T18:34:12Z INFO [3173/4500] 9f592afe-e2c0-486a-99ac-4c22d83a27f0: cophenetic index 5473; 2.0 s; peak memory 727 MiB.
2026-10-08T18:34:13Z INFO [3174/4500] 9f598a32-b644-4dba-a061-04a5b84a5003: cophenetic index 1602; 0.8 s; peak memory 727 MiB.
2026-10-08T18:34:17Z INFO [3175/4500] 9f5aa9f3-ba0c-401e-8ebd-72cfeb9428b0: cophenetic index 5466; 3.9 s; peak memory 727 MiB.
2026-10-08T18:34:19Z INFO [3176/4500] 9f5b489d-347c-40ac-9fec-4b0ee192249e: cophenetic index 4015; 1.7 s; peak memory 727 MiB.
2026-10-08T18:34:20Z INFO [3177/4500] 9f5c1540-cd4e-4eb8-b723-b9343a3db753: cophenetic index 431; 0.9 s; peak memory 727 MiB.
2026-10-08T18:34:23Z INFO [3178/4500] 9f5c41f2-742c-4d23-8896-53a7fc1e86b8: cophenetic index 87573; 3.8 s; peak memory 727 MiB.
2026-10-08T18:34:24Z INFO [3179/4500] 9f5d89f9-4a84-41a4-8f25-278c0ad8004c: cophenetic index 3087; 0.7 s; peak memory 727 MiB.
2026-10-08T18:34:27Z INFO [3180/4500] 9f5e06e7-c3e2-4bd6-997a-982729298e17: cophenetic index 6412; 2.5 s; peak memory 727 MiB.
2026-10-08T18:34:27Z INFO [3181/4500] 9f5e311f-3b18-4777-8b35-368f069f5c01: cophenetic index 2625; 0.8 s; peak memory 727 MiB.
2026-10-08T18:34:28Z INFO [3182/4500] 9f5f25ab-04c0-4da5-9ed1-8c1605dd6089: cophenetic index 624; 0.7 s; peak memory 727 MiB.
2026-10-08T18:34:29Z INFO [3183/4500] 9f621efb-2503-4ed1-ab16-7a68de7ad24d: cophenetic index 486; 0.6 s; peak memory 727 MiB.
2026-10-08T18:34:33Z INFO [3184/4500] 9f625929-4162-4c6b-8fa4-c6a5eaa3cce1: cophenetic index 87573; 3.9 s; peak memory 727 MiB.
2026-10-08T18:34:37Z INFO [3185/4500] 9f629205-1771-4972-8490-6f678de304a5: cophenetic index 59645; 4.0 s; peak memory 727 MiB.
2026-10-08T18:34:38Z INFO [3186/4500] 9f63002d-899e-4242-ab66-7002fbaf375a: cophenetic index 626; 1.1 s; peak memory 727 MiB.
2026-10-08T18:34:38Z INFO [3187/4500] 9f630708-2506-44e6-a3eb-498c263bcfa0: cophenetic index 624; 0.6 s; peak memory 727 MiB.
2026-10-08T18:34:39Z INFO [3188/4500] 9f64ace3-7447-4dea-bb5f-8371e8efdda2: cophenetic index 605; 0.9 s; peak memory 727 MiB.
2026-10-08T18:34:42Z INFO [3189/4500] 9f64f522-5b7c-40b8-85ed-de72b60c4d9d: cophenetic index 57017; 2.3 s; peak memory 727 MiB.
2026-10-08T18:34:43Z INFO [3190/4500] 9f65a270-2dbf-4af7-ba4d-ff4bd8440ad5: cophenetic index 2625; 1.0 s; peak memory 727 MiB.
2026-10-08T18:34:43Z INFO [3191/4500] 9f65c5bd-2019-45c4-ae9c-255891fa1a34: cophenetic index 624; 0.7 s; peak memory 727 MiB.
2026-10-08T18:34:44Z INFO [3192/4500] 9f65cc44-aeb5-488a-ab91-859e9e1d3e3a: cophenetic index 605; 0.8 s; peak memory 727 MiB.
2026-10-08T18:34:45Z INFO [3193/4500] 9f663335-fa95-46f0-ad41-359bb355d6bf: cophenetic index 2570; 1.1 s; peak memory 727 MiB.
2026-10-08T18:34:46Z INFO [3194/4500] 9f6826f2-1490-44e7-8778-e1c21d156ea6: cophenetic index 766; 0.8 s; peak memory 727 MiB.
2026-10-08T18:34:47Z INFO [3195/4500] 9f682996-935f-43ce-a18f-eaa65678e6c4: cophenetic index 1087; 1.0 s; peak memory 727 MiB.
2026-10-08T18:34:47Z INFO [3196/4500] 9f68ae02-6781-4a16-9945-5a63412c8213: cophenetic index 490; 0.4 s; peak memory 727 MiB.
2026-10-08T18:34:48Z INFO [3197/4500] 9f68b3b2-febf-4dd3-930d-b8ffc7742f98: cophenetic index 3087; 0.8 s; peak memory 727 MiB.
2026-10-08T18:34:50Z INFO [3198/4500] 9f68ff72-316d-4314-b6ed-f58107ca17c2: cophenetic index 33998; 1.6 s; peak memory 727 MiB.
2026-10-08T18:34:54Z INFO [3199/4500] 9f699dfa-e0c6-4030-b84c-3dfca23d0216: cophenetic index 101949; 4.6 s; peak memory 727 MiB.
2026-10-08T18:34:56Z INFO [3200/4500] 9f69a191-3958-4246-b8f3-d253cfa19236: cophenetic index 1943; 1.6 s; peak memory 727 MiB.
2026-10-08T18:34:56Z INFO [3200/4500] 9f69a191-3958-4246-b8f3-d253cfa19236: checkpointed 123623 new records.
2026-10-08T18:34:57Z INFO [3201/4500] 9f69ea3e-08b1-4e11-85fb-7609e9a49d80: cophenetic index 2625; 1.0 s; peak memory 727 MiB.
2026-10-08T18:34:58Z INFO [3202/4500] 9f6b7927-d345-4562-9f12-b2d2afd39346: cophenetic index 624; 0.6 s; peak memory 727 MiB.
2026-10-08T18:35:01Z INFO [3203/4500] 9f6ba19a-fd6e-44a9-a066-52cd9f129fc7: cophenetic index 54717; 3.5 s; peak memory 727 MiB.
2026-10-08T18:35:07Z INFO [3204/4500] 9f6c2d5c-b6c0-4c78-a73a-67ed685b75b4: cophenetic index 324714; 5.4 s; peak memory 727 MiB.
2026-10-08T18:35:08Z INFO [3205/4500] 9f6c3991-f2ce-4b6e-9100-abcaf6a13907: cophenetic index 33958; 0.8 s; peak memory 727 MiB.
2026-10-08T18:35:46Z INFO [3206/4500] 9f6c8acd-22ee-4bd3-8f27-970f579677b0: cophenetic index 5879857; 38.7 s; peak memory 727 MiB.
2026-10-08T18:35:47Z INFO [3207/4500] 9f6cdb99-80c0-4303-ae81-396426bf3218: cophenetic index 3004; 0.9 s; peak memory 727 MiB.
2026-10-08T18:35:48Z INFO [3208/4500] 9f6dad7d-5b96-428a-a54c-05075d264863: cophenetic index 793; 1.0 s; peak memory 727 MiB.
2026-10-08T18:35:49Z INFO [3209/4500] 9f6dc311-1c61-4c8a-9f15-3eb2ee6f1a95: cophenetic index 972; 1.0 s; peak memory 727 MiB.
2026-10-08T18:35:50Z INFO [3210/4500] 9f6e1bfb-937d-49c6-bc3e-dcf9c9618950: cophenetic index 2625; 1.0 s; peak memory 727 MiB.
2026-10-08T18:35:51Z INFO [3211/4500] 9f6e7017-4fd7-4659-8942-02e772464dff: cophenetic index 624; 0.6 s; peak memory 727 MiB.
2026-10-08T18:35:54Z INFO [3212/4500] 9f6e7c35-308c-4e49-9d5e-977372ddd46c: cophenetic index 6412; 3.0 s; peak memory 727 MiB.
2026-10-08T18:35:56Z INFO [3213/4500] 9f6ebd82-695a-461a-be92-79a120961199: cophenetic index 99810; 2.0 s; peak memory 727 MiB.
2026-10-08T18:35:57Z INFO [3214/4500] 9f6f23cc-0528-4581-bc23-cbf296f59b65: cophenetic index 581; 1.0 s; peak memory 727 MiB.
2026-10-08T18:35:58Z INFO [3215/4500] 9f6f3f19-68ab-45a0-bc93-176b791f8db1: cophenetic index 624; 0.7 s; peak memory 727 MiB.
2026-10-08T18:35:59Z INFO [3216/4500] 9f6f5a10-c33c-4a23-901e-ab7dbccf8a67: cophenetic index 2625; 0.9 s; peak memory 727 MiB.
2026-10-08T18:36:05Z INFO [3217/4500] 9f6f62fb-4305-456c-a1f0-b00443878201: cophenetic index 211479; 6.4 s; peak memory 727 MiB.
2026-10-08T18:36:06Z INFO [3218/4500] 9f6f7425-25e5-4f69-b773-e815581c62d8: cophenetic index 649; 0.7 s; peak memory 727 MiB.
2026-10-08T18:36:11Z INFO [3219/4500] 9f706b31-c685-49aa-87e8-49becceab4ab: cophenetic index 368600; 4.9 s; peak memory 727 MiB.
2026-10-08T18:36:12Z INFO [3220/4500] 9f70abdd-37e2-4a76-8842-d13feb454698: cophenetic index 4073; 1.3 s; peak memory 727 MiB.
2026-10-08T18:36:16Z INFO [3221/4500] 9f70aec0-59b0-45a4-ad31-c2456bd46d55: cophenetic index 87781; 4.0 s; peak memory 727 MiB.
2026-10-08T18:36:20Z INFO [3222/4500] 9f719c27-2e17-47e6-ad2f-e0e956d35432: cophenetic index 87573; 4.2 s; peak memory 727 MiB.
2026-10-08T18:36:21Z INFO [3223/4500] 9f724763-1666-498a-bfe7-666914e1663e: cophenetic index 23510; 0.8 s; peak memory 727 MiB.
2026-10-08T18:36:22Z INFO [3224/4500] 9f72bb93-1ad2-44a3-862d-da0a00273fcf: cophenetic index 624; 0.8 s; peak memory 727 MiB.
2026-10-08T18:36:22Z INFO [3225/4500] 9f733864-bdb5-4102-9cd0-1aaf6ab84f59: cophenetic index 579; 0.5 s; peak memory 727 MiB.
2026-10-08T18:36:25Z INFO [3226/4500] 9f74163c-b58c-47ee-9f88-152dc7158e6c: cophenetic index 14985; 3.2 s; peak memory 727 MiB.
2026-10-08T18:36:26Z INFO [3227/4500] 9f74b4cd-8b7e-4a00-b88f-61e0054dd373: cophenetic index 651; 0.6 s; peak memory 727 MiB.
2026-10-08T18:36:29Z INFO [3228/4500] 9f74b854-a030-4173-bdde-da398c9de159: cophenetic index 41437; 2.7 s; peak memory 727 MiB.
2026-10-08T18:36:31Z INFO [3229/4500] 9f75154f-1d74-4bdc-916f-32c42cd830bb: cophenetic index 2469; 1.9 s; peak memory 727 MiB.
2026-10-08T18:36:31Z INFO [3230/4500] 9f751de1-69e2-405f-a5d9-613b53c8b8bd: cophenetic index 624; 0.7 s; peak memory 727 MiB.
2026-10-08T18:36:36Z INFO [3231/4500] 9f75d1ee-4d47-44cc-b21d-94140577725e: cophenetic index 107785; 5.0 s; peak memory 727 MiB.
2026-10-08T18:36:37Z INFO [3232/4500] 9f75f45b-15c6-4f78-86c5-11304895371e: cophenetic index 751; 0.5 s; peak memory 727 MiB.
2026-10-08T18:36:41Z INFO [3233/4500] 9f761858-9ec5-46e9-92bd-4d679d8c3970: cophenetic index 130693; 4.7 s; peak memory 727 MiB.
2026-10-08T18:36:42Z INFO [3234/4500] 9f76fefe-27d0-48b6-b33b-bc7f37ba5ba7: cophenetic index 624; 0.7 s; peak memory 727 MiB.
2026-10-08T18:36:43Z INFO [3235/4500] 9f774a70-ef14-4ac8-8c29-833e024d9f44: cophenetic index 6435; 0.9 s; peak memory 727 MiB.
2026-10-08T18:36:44Z INFO [3236/4500] 9f78329f-c00f-4f89-96dd-7cfa6901c8e9: cophenetic index 99150; 1.1 s; peak memory 727 MiB.
2026-10-08T18:36:45Z INFO [3237/4500] 9f78eace-f038-4ae5-883b-3719dde77f7b: cophenetic index 33986; 1.0 s; peak memory 727 MiB.
2026-10-08T18:36:46Z INFO [3238/4500] 9f796ae6-a5ab-4173-a8ed-331d8ecda790: cophenetic index 729; 0.5 s; peak memory 727 MiB.
2026-10-08T18:36:48Z INFO [3239/4500] 9f79dbae-c875-4f04-bea4-737216872d31: cophenetic index 33037; 2.5 s; peak memory 727 MiB.
2026-10-08T18:36:49Z INFO [3240/4500] 9f7a1b44-aafe-4b24-a6e3-3858382b278f: cophenetic index 690; 0.5 s; peak memory 727 MiB.
2026-10-08T18:36:49Z INFO [3241/4500] 9f7a434f-19ef-4999-ae9e-15701657099f: cophenetic index 2776; 0.7 s; peak memory 727 MiB.
2026-10-08T18:36:58Z INFO [3242/4500] 9f7a50a1-f7dd-4bd5-9b41-c2104d10608e: cophenetic index 21815; 8.5 s; peak memory 727 MiB.
2026-10-08T18:36:59Z INFO [3243/4500] 9f7bbe18-6482-4133-a4ed-90c3c607e82a: cophenetic index 649; 0.8 s; peak memory 727 MiB.
2026-10-08T18:37:01Z INFO [3244/4500] 9f7be998-3585-4698-a54e-65f4b503fa4f: cophenetic index 5473; 2.3 s; peak memory 727 MiB.
2026-10-08T18:37:04Z INFO [3245/4500] 9f7c6212-a703-4637-acdc-94222b570cb1: cophenetic index 4797; 2.8 s; peak memory 727 MiB.
2026-10-08T18:37:18Z INFO [3246/4500] 9f7d0ebb-de67-49e6-ab4b-a6af4161eaf7: cophenetic index 39837386; 14.2 s; peak memory 727 MiB.
2026-10-08T18:37:19Z INFO [3247/4500] 9f7d93d4-33e4-483e-9e5e-d8af9510f1a9: cophenetic index 23794; 0.9 s; peak memory 727 MiB.
2026-10-08T18:37:20Z INFO [3248/4500] 9f7e0792-8e8d-4fbd-99e3-cba21b7e826d: cophenetic index 3004; 0.7 s; peak memory 727 MiB.
2026-10-08T18:37:20Z INFO [3249/4500] 9f7ef55e-c8c3-44bf-9f71-7d896e480563: cophenetic index 1265; 0.6 s; peak memory 727 MiB.
2026-10-08T18:37:21Z INFO [3250/4500] 9f7efeb4-0ebc-421d-995b-bd90f95ba577: cophenetic index 466; 0.8 s; peak memory 727 MiB.
2026-10-08T18:37:21Z INFO [3250/4500] 9f7efeb4-0ebc-421d-995b-bd90f95ba577: checkpointed 123673 new records.
2026-10-08T18:37:22Z INFO [3251/4500] 9f7fb362-cbbb-4f2b-9002-7d9ad97d0ebf: cophenetic index 624; 0.7 s; peak memory 727 MiB.
2026-10-08T18:37:23Z INFO [3252/4500] 9f816850-bfb7-4230-9809-0ae77eb8e8dc: cophenetic index 2402; 1.6 s; peak memory 727 MiB.
2026-10-08T18:37:28Z INFO [3253/4500] 9f81cb05-fcf5-45cb-8ab8-782632e4c78b: cophenetic index 152060; 4.8 s; peak memory 727 MiB.
2026-10-08T18:37:29Z INFO [3254/4500] 9f82a233-8a0a-4df0-b668-0cd81d307bab: cophenetic index 490; 0.4 s; peak memory 727 MiB.
2026-10-08T18:37:34Z INFO [3255/4500] 9f83060c-9645-4dcc-b602-db33a0c0d9b9: cophenetic index 46939; 5.6 s; peak memory 727 MiB.
2026-10-08T18:37:35Z INFO [3256/4500] 9f8539c4-6f4c-49fd-a497-80741201e625: cophenetic index 937; 1.0 s; peak memory 727 MiB.
2026-10-08T18:37:36Z INFO [3257/4500] 9f853e54-aecd-49f4-b06d-e44ae800198c: cophenetic index 1228; 0.6 s; peak memory 727 MiB.
2026-10-08T18:37:38Z INFO [3258/4500] 9f86d7c1-b19c-4330-ad84-660948b629e0: cophenetic index 2469; 1.8 s; peak memory 727 MiB.
2026-10-08T18:37:38Z INFO [3259/4500] 9f870330-7b0a-4b94-93b6-bf36b323a631: cophenetic index 627; 0.6 s; peak memory 727 MiB.
2026-10-08T18:37:39Z INFO [3260/4500] 9f871bf0-f277-4584-a625-94ec16a042fa: cophenetic index 649; 0.7 s; peak memory 727 MiB.
2026-10-08T18:37:40Z INFO [3261/4500] 9f875601-6fb2-48f9-80cf-de6b93ee452d: cophenetic index 23510; 0.8 s; peak memory 727 MiB.
2026-10-08T18:37:40Z INFO [3262/4500] 9f876b8b-f4cf-42c1-bb21-209f560f3025: cophenetic index 3077; 0.6 s; peak memory 727 MiB.
2026-10-08T18:37:42Z INFO [3263/4500] 9f8781da-c50f-49ee-a8df-9b906c8ca44c: cophenetic index 4015; 1.7 s; peak memory 727 MiB.
2026-10-08T18:37:43Z INFO [3264/4500] 9f87d243-ac2f-46c1-92fe-ec8303569285: cophenetic index 3087; 0.7 s; peak memory 727 MiB.
2026-10-08T18:37:44Z INFO [3265/4500] 9f887831-80bf-409b-8282-253a94129ee6: cophenetic index 33998; 1.0 s; peak memory 727 MiB.
2026-10-08T18:37:44Z INFO [3266/4500] 9f88a646-0b1f-408a-a57f-e43cc1bbb93d: cophenetic index 23975; 0.6 s; peak memory 727 MiB.
2026-10-08T18:37:45Z INFO [3267/4500] 9f88cd7b-4fea-407b-8d25-5dd0d155716d: cophenetic index 605; 0.8 s; peak memory 727 MiB.
2026-10-08T18:37:49Z INFO [3268/4500] 9f8b3f3e-d0e6-47d9-8010-b83cdd4c7beb: cophenetic index 9548; 3.6 s; peak memory 727 MiB.
2026-10-08T18:37:49Z INFO [3269/4500] 9f8b4642-0a12-4a59-bbf6-5aa0c9cf71a5: cophenetic index 624; 0.9 s; peak memory 727 MiB.
2026-10-08T18:37:50Z INFO [3270/4500] 9f8c6d3c-91c8-4411-8b07-26eba58e05f5: cophenetic index 2974; 0.7 s; peak memory 727 MiB.
2026-10-08T18:37:51Z INFO [3271/4500] 9f8cea04-8b1e-42f4-bd3a-d5d30833b174: cophenetic index 33958; 0.9 s; peak memory 727 MiB.
2026-10-08T18:37:51Z INFO [3272/4500] 9f8cfdaf-73d2-4b93-af25-e314e907580f: cophenetic index 729; 0.5 s; peak memory 727 MiB.
2026-10-08T18:37:52Z INFO [3273/4500] 9f8dfcd8-b237-4dbb-987b-68b0f09c1c24: cophenetic index 3087; 0.8 s; peak memory 727 MiB.
2026-10-08T18:37:53Z INFO [3274/4500] 9f8e22dc-b0b5-4509-b357-db6f36e20f38: cophenetic index 649; 0.7 s; peak memory 727 MiB.
2026-10-08T18:38:06Z INFO [3275/4500] 9f8e4112-fa1b-41e6-8f5e-6ca21316e9e3: cophenetic index 2094115; 12.6 s; peak memory 727 MiB.
2026-10-08T18:38:06Z INFO [3276/4500] 9f8e4f3f-ff34-4e8e-b195-eb42b055e4a0: cophenetic index 624; 0.7 s; peak memory 727 MiB.
2026-10-08T18:38:07Z INFO [3277/4500] 9f8e5fd1-3bd2-4628-9845-82d98033903d: cophenetic index 23788; 0.6 s; peak memory 727 MiB.
2026-10-08T18:38:08Z INFO [3278/4500] 9f8eaf34-e28e-4a87-8a80-b9ec49148531: cophenetic index 33962; 1.0 s; peak memory 727 MiB.
2026-10-08T18:38:09Z INFO [3279/4500] 9f8ee065-dd30-46e6-8ec3-a66619587ca1: cophenetic index 624; 0.8 s; peak memory 727 MiB.
2026-10-08T18:38:09Z INFO [3280/4500] 9f9002c0-6b8d-4f2e-bf8c-f3dcc1c2d6eb: cophenetic index 23975; 0.6 s; peak memory 727 MiB.
2026-10-08T18:38:10Z INFO [3281/4500] 9f905f99-03a6-4c11-98c8-faf05aad35a1: cophenetic index 690; 0.6 s; peak memory 727 MiB.
2026-10-08T18:38:14Z INFO [3282/4500] 9f91b172-8a5c-44b3-b6a0-755851a9fa1e: cophenetic index 435754; 4.2 s; peak memory 727 MiB.
2026-10-08T18:38:15Z INFO [3283/4500] 9f91e326-d475-4d6a-8b1c-ec7f994a749e: cophenetic index 2625; 1.1 s; peak memory 727 MiB.
2026-10-08T18:38:16Z INFO [3284/4500] 9f91ee1e-2385-4345-8e35-4203eca105d2: cophenetic index 2625; 1.0 s; peak memory 727 MiB.
2026-10-08T18:38:20Z INFO [3285/4500] 9f935465-0a91-42da-93e8-e9e61063576c: cophenetic index 9548; 4.1 s; peak memory 727 MiB.
2026-10-08T18:38:21Z INFO [3286/4500] 9f954bed-fea8-42a6-8a25-b37784c7a70e: cophenetic index 624; 0.6 s; peak memory 727 MiB.
2026-10-08T18:38:21Z INFO [3287/4500] 9f967736-ad34-4f1c-a5ce-67541ccc59f5: cophenetic index 446; 0.4 s; peak memory 727 MiB.
2026-10-08T18:38:22Z INFO [3288/4500] 9f9765c7-2697-42c8-aac9-0ee58265a469: cophenetic index 581; 0.6 s; peak memory 727 MiB.
2026-10-08T18:38:23Z INFO [3289/4500] 9f98eee5-c3b8-4957-8a81-7f8fe277b9da: cophenetic index 620; 1.2 s; peak memory 727 MiB.
2026-10-08T18:38:24Z INFO [3290/4500] 9f99091a-0d3e-41c1-9c65-ddabebd07d40: cophenetic index 3004; 0.8 s; peak memory 727 MiB.
2026-10-08T18:38:25Z INFO [3291/4500] 9f9909bc-4434-42fe-aaaf-a49798e5a7a2: cophenetic index 2625; 0.8 s; peak memory 727 MiB.
2026-10-08T18:38:30Z INFO [3292/4500] 9f9ba024-7994-4053-98c3-bd3a1b38ecba: cophenetic index 351426; 5.5 s; peak memory 727 MiB.
2026-10-08T18:38:31Z INFO [3293/4500] 9f9c04c0-2d89-4216-824e-2ccfc7709149: cophenetic index 605; 0.8 s; peak memory 727 MiB.
2026-10-08T18:38:32Z INFO [3294/4500] 9f9c2feb-fdb3-4877-b514-7243a38d5c69: cophenetic index 431; 0.9 s; peak memory 727 MiB.
2026-10-08T18:38:32Z INFO [3295/4500] 9f9c9d95-d216-4d6d-99f1-b5c06b9a08f7: cophenetic index 624; 0.7 s; peak memory 727 MiB.
2026-10-08T18:38:33Z INFO [3296/4500] 9f9cb00b-c050-4e60-a765-acb9a28daaab: cophenetic index 624; 0.7 s; peak memory 727 MiB.
2026-10-08T18:38:34Z INFO [3297/4500] 9f9e0d8e-64ce-4397-85e0-39256125a8e3: cophenetic index 624; 0.6 s; peak memory 727 MiB.
2026-10-08T18:38:34Z INFO [3298/4500] 9f9f4d0d-6aad-4739-8372-3e486f0b5914: cophenetic index 641; 0.4 s; peak memory 727 MiB.
2026-10-08T18:38:36Z INFO [3299/4500] 9f9f7f1d-f470-42cc-bf14-dbd6c125d17e: cophenetic index 2402; 1.6 s; peak memory 727 MiB.
2026-10-08T18:38:37Z INFO [3300/4500] 9f9f9801-a6f8-4410-855a-2804c4736066: cophenetic index 2920; 0.6 s; peak memory 727 MiB.
2026-10-08T18:38:37Z INFO [3300/4500] 9f9f9801-a6f8-4410-855a-2804c4736066: checkpointed 123723 new records.
2026-10-08T18:38:37Z INFO [3301/4500] 9f9fac69-226d-45c4-98e5-1697fe1e95e1: cophenetic index 649; 0.6 s; peak memory 727 MiB.
2026-10-08T18:38:41Z INFO [3302/4500] 9f9ff9df-7a67-4ea4-8e39-01da93cc507c: cophenetic index 9548; 3.8 s; peak memory 727 MiB.
2026-10-08T18:38:44Z INFO [3303/4500] 9fa00885-3c21-406b-97ac-715770fcc752: cophenetic index 4797; 2.8 s; peak memory 727 MiB.
2026-10-08T18:38:45Z INFO [3304/4500] 9fa01b92-8ba3-47e7-b5e4-d217ac6b22c7: cophenetic index 11481; 1.4 s; peak memory 727 MiB.
2026-10-08T18:38:46Z INFO [3305/4500] 9fa04fd2-2b92-4406-9550-f07f18e05e23: cophenetic index 624; 0.7 s; peak memory 727 MiB.
2026-10-08T18:38:48Z INFO [3306/4500] 9fa0af77-c1eb-46b6-b420-555c31a59cc4: cophenetic index 6118; 1.4 s; peak memory 727 MiB.
2026-10-08T18:38:48Z INFO [3307/4500] 9fa0f83e-d8b1-4955-8417-2782e5bdfadd: cophenetic index 710; 0.9 s; peak memory 727 MiB.
2026-10-08T18:38:49Z INFO [3308/4500] 9fa14a7d-27a1-4306-b8c1-8ff09baa8038: cophenetic index 2625; 0.6 s; peak memory 727 MiB.
2026-10-08T18:38:49Z INFO [3309/4500] 9fa26e52-de82-44a3-8064-c4a52a911edd: cophenetic index 635; 0.5 s; peak memory 727 MiB.
2026-10-08T18:38:50Z INFO [3310/4500] 9fa280ae-a289-452b-bc53-70081a645a59: cophenetic index 490; 0.4 s; peak memory 727 MiB.
2026-10-08T18:38:50Z INFO [3311/4500] 9fa3cae0-8ce3-4841-aa71-13554f65a8e0: cophenetic index 469; 0.5 s; peak memory 727 MiB.
2026-10-08T18:38:51Z INFO [3312/4500] 9fa4928c-7e38-4188-bee4-4fac994facbe: cophenetic index 2920; 0.8 s; peak memory 727 MiB.
2026-10-08T18:38:52Z INFO [3313/4500] 9fa60d3c-b5a4-4cac-8604-1f04deb56612: cophenetic index 624; 0.6 s; peak memory 727 MiB.
2026-10-08T18:38:52Z INFO [3314/4500] 9fa71517-ec0f-48b4-b034-0c396fe2e256: cophenetic index 581; 0.6 s; peak memory 727 MiB.
2026-10-08T18:38:53Z INFO [3315/4500] 9fa7bd3d-5cc5-44c7-84cb-bce1a7907b44: cophenetic index 2625; 1.0 s; peak memory 727 MiB.
2026-10-08T18:38:57Z INFO [3316/4500] 9fa8250e-ab37-423e-b254-17011027a291: cophenetic index 87573; 3.9 s; peak memory 727 MiB.
2026-10-08T18:38:58Z INFO [3317/4500] 9fa8343a-ddaf-4495-8d0c-04ce833aed00: cophenetic index 624; 0.5 s; peak memory 727 MiB.
2026-10-08T18:39:02Z INFO [3318/4500] 9faab219-5c02-4eee-aae2-18b20eb06d4e: cophenetic index 110681; 4.0 s; peak memory 727 MiB.
2026-10-08T18:39:02Z INFO [3319/4500] 9faba542-af5e-4881-8083-abf2e288756f: cophenetic index 661; 0.4 s; peak memory 727 MiB.
2026-10-08T18:39:03Z INFO [3320/4500] 9faba601-1641-4705-9875-0429baf158f9: cophenetic index 624; 0.7 s; peak memory 727 MiB.
2026-10-08T18:39:08Z INFO [3321/4500] 9facbd78-0e22-42de-b1ec-5e09b8c23b6e: cophenetic index 420083; 5.4 s; peak memory 727 MiB.
2026-10-08T18:39:09Z INFO [3322/4500] 9fad5e64-ebd3-4a6e-911c-21b3af623de4: cophenetic index 494; 0.5 s; peak memory 727 MiB.
2026-10-08T18:39:09Z INFO [3323/4500] 9faea959-dd33-4228-ad12-f4ff68c97d32: cophenetic index 3087; 0.7 s; peak memory 727 MiB.
2026-10-08T18:39:10Z INFO [3324/4500] 9faf8c5b-9c7d-4fb9-9be1-10ca44d6c3d6: cophenetic index 624; 0.7 s; peak memory 727 MiB.
2026-10-08T18:39:11Z INFO [3325/4500] 9fb09138-622a-4dba-8114-81a4bb496ea3: cophenetic index 624; 0.6 s; peak memory 727 MiB.
2026-10-08T18:39:33Z INFO [3326/4500] 9fb1046a-9b67-4329-957b-a6312c11155e: cophenetic index 7743092; 22.4 s; peak memory 727 MiB.
2026-10-08T18:39:34Z INFO [3327/4500] 9fb16c5d-aaf4-4235-9eca-deab301086b3: cophenetic index 3004; 0.7 s; peak memory 727 MiB.
2026-10-08T18:39:35Z INFO [3328/4500] 9fb20743-469d-432e-96b3-bdc1e702b568: cophenetic index 33962; 0.9 s; peak memory 727 MiB.
2026-10-08T18:39:35Z INFO [3329/4500] 9fb23a3d-aaa0-4e35-9feb-7db7a6ac41bd: cophenetic index 490; 0.4 s; peak memory 727 MiB.
2026-10-08T18:39:36Z INFO [3330/4500] 9fb2684f-5036-4d07-b6a5-8a1c89cf599c: cophenetic index 678; 0.8 s; peak memory 727 MiB.
2026-10-08T18:39:37Z INFO [3331/4500] 9fb2e81f-e5ea-42ec-9aa1-bac1693d6990: cophenetic index 2625; 1.0 s; peak memory 727 MiB.
2026-10-08T18:39:37Z INFO [3332/4500] 9fb2f97c-1a0b-4ab9-915e-c94c85b09772: cophenetic index 490; 0.4 s; peak memory 727 MiB.
2026-10-08T18:39:38Z INFO [3333/4500] 9fb49cc2-1bd7-417e-b993-05e7d877ee1b: cophenetic index 3087; 0.7 s; peak memory 727 MiB.
2026-10-08T18:39:39Z INFO [3334/4500] 9fb4af9d-c708-414d-91c8-4db44fa0323f: cophenetic index 2974; 0.7 s; peak memory 727 MiB.
2026-10-08T18:39:39Z INFO [3335/4500] 9fb58416-eb7c-436c-9b27-c2c1fcd2ffb6: cophenetic index 466; 0.6 s; peak memory 727 MiB.
2026-10-08T18:39:40Z INFO [3336/4500] 9fb65338-a55d-4c8f-a761-480839b9e26d: cophenetic index 2974; 0.6 s; peak memory 727 MiB.
2026-10-08T18:39:41Z INFO [3337/4500] 9fb6e470-2a41-4e31-bae9-f15cf417736d: cophenetic index 2625; 0.9 s; peak memory 727 MiB.
2026-10-08T18:39:42Z INFO [3338/4500] 9fb7670a-059a-4ed7-9479-e32d9d5e8819: cophenetic index 2625; 0.9 s; peak memory 727 MiB.
2026-10-08T18:39:45Z INFO [3339/4500] 9fb79372-a660-4ae6-bfc0-85c615b4afc8: cophenetic index 87781; 3.1 s; peak memory 727 MiB.
2026-10-08T18:39:49Z INFO [3340/4500] 9fb7de4c-5780-45e7-aa99-d6fa78de16ee: cophenetic index 74882; 4.1 s; peak memory 727 MiB.
2026-10-08T18:39:50Z INFO [3341/4500] 9fb84dd3-58b8-4897-ad7e-7c40deb98805: cophenetic index 33968; 0.9 s; peak memory 727 MiB.
2026-10-08T18:39:50Z INFO [3342/4500] 9fb8d609-1f04-465c-84e4-434ec5513ca1: cophenetic index 2974; 0.7 s; peak memory 727 MiB.
2026-10-08T18:39:51Z INFO [3343/4500] 9fb9262c-be85-4b8b-bbb1-d73eeb46689b: cophenetic index 725; 0.7 s; peak memory 727 MiB.
2026-10-08T18:39:52Z INFO [3344/4500] 9fb9ca42-8f11-4fd3-b07d-bb193cafb0e0: cophenetic index 431; 0.9 s; peak memory 727 MiB.
2026-10-08T18:39:53Z INFO [3345/4500] 9fbb1af8-1866-4403-8fec-d23ab70a1865: cophenetic index 624; 0.6 s; peak memory 727 MiB.
2026-10-08T18:39:54Z INFO [3346/4500] 9fbb79fa-8159-4225-a6e4-07e5ff314512: cophenetic index 776; 1.1 s; peak memory 727 MiB.
2026-10-08T18:39:54Z INFO [3347/4500] 9fbb93df-355d-4e29-8113-6037d3fff2aa: cophenetic index 490; 0.4 s; peak memory 727 MiB.
2026-10-08T18:39:55Z INFO [3348/4500] 9fbbbe53-281a-4ef9-bc55-5bdce40839dc: cophenetic index 793; 1.2 s; peak memory 727 MiB.
2026-10-08T18:39:56Z INFO [3349/4500] 9fbc83c5-6ad7-4755-aab1-5932f4dd45ee: cophenetic index 431; 0.6 s; peak memory 727 MiB.
2026-10-08T18:39:57Z INFO [3350/4500] 9fbcb397-e994-4bd6-8b57-801d979957ea: cophenetic index 99120; 1.1 s; peak memory 727 MiB.
2026-10-08T18:39:57Z INFO [3350/4500] 9fbcb397-e994-4bd6-8b57-801d979957ea: checkpointed 123773 new records.
2026-10-08T18:39:58Z INFO [3351/4500] 9fbcd951-378d-4acb-ae1b-cff1123c42a1: cophenetic index 605; 0.8 s; peak memory 727 MiB.
2026-10-08T18:39:59Z INFO [3352/4500] 9fbd2904-d553-455b-9474-ed7f1ce281cf: cophenetic index 627; 0.5 s; peak memory 727 MiB.
2026-10-08T18:39:59Z INFO [3353/4500] 9fbd9e73-ae33-4f17-929f-7649030a30c8: cophenetic index 33968; 0.8 s; peak memory 727 MiB.
2026-10-08T18:40:00Z INFO [3354/4500] 9fbdd613-6917-454b-9793-f3537fcaa45a: cophenetic index 761; 0.5 s; peak memory 727 MiB.
2026-10-08T18:40:00Z INFO [3355/4500] 9fbe1a66-5507-4864-8f30-ae4450f70b65: cophenetic index 590; 0.6 s; peak memory 727 MiB.
2026-10-08T18:40:01Z INFO [3356/4500] 9fbeaf7a-2ff9-4756-88b1-97abf235020e: cophenetic index 3087; 0.8 s; peak memory 727 MiB.
2026-10-08T18:40:02Z INFO [3357/4500] 9fbeaff2-6366-40ed-8d23-29cb608dc1a5: cophenetic index 3004; 0.7 s; peak memory 727 MiB.
2026-10-08T18:40:03Z INFO [3358/4500] 9fbf59ec-1108-4d22-85a6-b04e5fa7912c: cophenetic index 762; 0.5 s; peak memory 727 MiB.
2026-10-08T18:40:03Z INFO [3359/4500] 9fc031fe-10c4-42f8-afcd-123a673fde55: cophenetic index 2974; 0.6 s; peak memory 727 MiB.
2026-10-08T18:40:04Z INFO [3360/4500] 9fc033ef-e4d9-45c5-954e-c4cd0e5e6b98: cophenetic index 33986; 0.8 s; peak memory 727 MiB.
2026-10-08T18:40:05Z INFO [3361/4500] 9fc04588-6988-407c-a030-4615e8affb79: cophenetic index 411; 0.8 s; peak memory 727 MiB.
2026-10-08T18:40:05Z INFO [3362/4500] 9fc04c24-43ad-4f88-af8e-76ef2321e627: cophenetic index 624; 0.6 s; peak memory 727 MiB.
2026-10-08T18:40:06Z INFO [3363/4500] 9fc0ec4e-0fc1-4c97-86e6-0fe0c948144b: cophenetic index 624; 0.6 s; peak memory 727 MiB.
2026-10-08T18:40:07Z INFO [3364/4500] 9fc1828c-2952-4ab8-9b76-552789746a7f: cophenetic index 646; 0.5 s; peak memory 727 MiB.
2026-10-08T18:40:13Z INFO [3365/4500] 9fc1a141-ea32-41f1-96c5-2a813e60890c: cophenetic index 193493; 6.9 s; peak memory 727 MiB.
2026-10-08T18:40:14Z INFO [3366/4500] 9fc1ee91-9f94-421e-96b7-936f2f46b0c8: cophenetic index 624; 0.6 s; peak memory 727 MiB.
2026-10-08T18:40:15Z INFO [3367/4500] 9fc2cb62-9063-4b87-a291-33a6b388f299: cophenetic index 2974; 0.7 s; peak memory 727 MiB.
2026-10-08T18:40:15Z INFO [3368/4500] 9fc32812-8cc5-4fd8-a808-c023f0387624: cophenetic index 3087; 0.7 s; peak memory 727 MiB.
2026-10-08T18:40:19Z INFO [3369/4500] 9fc41724-91b0-4452-8ff2-b9755fac8555: cophenetic index 9548; 3.3 s; peak memory 727 MiB.
2026-10-08T18:40:20Z INFO [3370/4500] 9fc4677a-a2a6-4fe4-8d92-aa99da2b493a: cophenetic index 2923; 0.7 s; peak memory 727 MiB.
2026-10-08T18:40:20Z INFO [3371/4500] 9fc483e2-988e-47d0-8259-7fc7f1585df9: cophenetic index 649; 0.7 s; peak memory 727 MiB.
2026-10-08T18:40:21Z INFO [3372/4500] 9fc4aeaf-a3fd-4bad-ae3c-2f362554416b: cophenetic index 33998; 0.9 s; peak memory 727 MiB.
2026-10-08T18:40:22Z INFO [3373/4500] 9fc4bd4b-8d2d-48be-b4fc-181f4102bbff: cophenetic index 624; 0.6 s; peak memory 727 MiB.
2026-10-08T18:40:23Z INFO [3374/4500] 9fc4dfa8-4e6e-4aed-8af6-a895b73ac254: cophenetic index 6192; 0.9 s; peak memory 727 MiB.
2026-10-08T18:40:23Z INFO [3375/4500] 9fc51dfa-8e06-4fd5-9f52-ed3e08d17946: cophenetic index 1848; 0.6 s; peak memory 727 MiB.
2026-10-08T18:40:24Z INFO [3376/4500] 9fc661f8-3d42-4b20-8319-4d69bc788d56: cophenetic index 517; 0.6 s; peak memory 727 MiB.
2026-10-08T18:40:25Z INFO [3377/4500] 9fc68e0c-bddd-4475-9895-b4810352ac1a: cophenetic index 3004; 0.7 s; peak memory 727 MiB.
2026-10-08T18:40:25Z INFO [3378/4500] 9fc6ac41-55c0-4a26-84e8-88f0c2102cb4: cophenetic index 624; 0.6 s; peak memory 727 MiB.
2026-10-08T18:40:26Z INFO [3379/4500] 9fc6f0eb-8755-4b89-a2ed-07d1ed9cc1ad: cophenetic index 624; 0.8 s; peak memory 727 MiB.
2026-10-08T18:40:27Z INFO [3380/4500] 9fc74a17-5a6a-426c-94aa-8b6451df840a: cophenetic index 624; 0.7 s; peak memory 727 MiB.
2026-10-08T18:40:27Z INFO [3381/4500] 9fc7b2c8-a642-49b4-a935-bc46b38db185: cophenetic index 624; 0.6 s; peak memory 727 MiB.
2026-10-08T18:40:33Z INFO [3382/4500] 9fc87a74-ae95-4a10-bd45-d3480ab4f060: cophenetic index 47115; 5.4 s; peak memory 727 MiB.
2026-10-08T18:40:33Z INFO [3383/4500] 9fc95323-9837-4039-95d5-f8d44a38e9d8: cophenetic index 1904; 0.7 s; peak memory 727 MiB.
2026-10-08T18:40:34Z INFO [3384/4500] 9fc9e789-8f76-4251-ac74-ec891472c47f: cophenetic index 3004; 0.7 s; peak memory 727 MiB.
2026-10-08T18:40:35Z INFO [3385/4500] 9fcae31c-ca22-446c-aecc-4eb8e5d381d6: cophenetic index 624; 0.6 s; peak memory 727 MiB.
2026-10-08T18:40:35Z INFO [3386/4500] 9fcbbe40-2b42-4a9c-b5f2-7fbff55afc1e: cophenetic index 2974; 0.6 s; peak memory 727 MiB.
2026-10-08T18:40:36Z INFO [3387/4500] 9fcc54bb-88fc-4900-bfb0-474f8568d3ce: cophenetic index 624; 0.6 s; peak memory 727 MiB.
2026-10-08T18:40:37Z INFO [3388/4500] 9fcc74ef-bc2d-4503-84c8-33d236988160: cophenetic index 2402; 1.6 s; peak memory 727 MiB.
2026-10-08T18:40:38Z INFO [3389/4500] 9fcd402c-080d-457e-bb02-d50a60107c07: cophenetic index 624; 0.6 s; peak memory 727 MiB.
2026-10-08T18:40:39Z INFO [3390/4500] 9fcd4ff1-cd7b-42c7-8338-18b5b0b35314: cophenetic index 605; 0.7 s; peak memory 727 MiB.
2026-10-08T18:40:40Z INFO [3391/4500] 9fce24cd-2e24-40b6-8397-62f4b6e64343: cophenetic index 33968; 0.9 s; peak memory 727 MiB.
2026-10-08T18:40:44Z INFO [3392/4500] 9fce60ed-0054-4f83-91b7-15e4e98afff7: cophenetic index 6715; 4.4 s; peak memory 727 MiB.
2026-10-08T18:40:45Z INFO [3393/4500] 9fd0055a-2c10-4fa8-8605-76bba27ee362: cophenetic index 2625; 0.9 s; peak memory 727 MiB.
2026-10-08T18:40:46Z INFO [3394/4500] 9fd07528-2746-4171-a832-013aa4f90940: cophenetic index 2625; 0.9 s; peak memory 727 MiB.
2026-10-08T18:40:46Z INFO [3395/4500] 9fd0d079-074a-44fd-9c07-41d327f79b48: cophenetic index 661; 0.5 s; peak memory 727 MiB.
2026-10-08T18:40:48Z INFO [3396/4500] 9fd2b61b-b905-4eb5-8b4d-0267ef92b797: cophenetic index 12244; 1.9 s; peak memory 727 MiB.
2026-10-08T18:40:50Z INFO [3397/4500] 9fd33101-9e21-402d-b0ea-03b9ae12f7c4: cophenetic index 5473; 1.9 s; peak memory 727 MiB.
2026-10-08T18:40:51Z INFO [3398/4500] 9fd33f37-9c16-466a-bf4c-6564d289c583: cophenetic index 649; 0.6 s; peak memory 727 MiB.
2026-10-08T18:40:52Z INFO [3399/4500] 9fd4b558-967a-47d0-a608-85e88393ecf2: cophenetic index 2625; 0.8 s; peak memory 727 MiB.
2026-10-08T18:40:52Z INFO [3400/4500] 9fd5628e-5dbe-41c1-881f-e8ecfe7d3a2e: cophenetic index 33968; 0.8 s; peak memory 727 MiB.
2026-10-08T18:40:53Z INFO [3400/4500] 9fd5628e-5dbe-41c1-881f-e8ecfe7d3a2e: checkpointed 123823 new records.
2026-10-08T18:40:53Z INFO [3401/4500] 9fd691cc-9a1a-4357-be80-b650d268cf7f: cophenetic index 3087; 0.8 s; peak memory 727 MiB.
2026-10-08T18:40:54Z INFO [3402/4500] 9fd70a33-bc8c-42f2-b240-cec6d7fa1f5f: cophenetic index 850; 1.0 s; peak memory 727 MiB.
2026-10-08T18:40:55Z INFO [3403/4500] 9fd75b7f-3425-461c-af95-9b821ba3e32e: cophenetic index 624; 0.7 s; peak memory 727 MiB.
2026-10-08T18:40:56Z INFO [3404/4500] 9fd7f5c0-2402-4dbc-ab62-ae5e05ac23e5: cophenetic index 3004; 0.7 s; peak memory 727 MiB.
2026-10-08T18:40:57Z INFO [3405/4500] 9fd8946d-4f0c-4814-bf02-1fdfc0b8398a: cophenetic index 2974; 0.6 s; peak memory 727 MiB.
2026-10-08T18:40:57Z INFO [3406/4500] 9fd90cb6-2194-44af-875a-2c427808699a: cophenetic index 649; 0.7 s; peak memory 727 MiB.
2026-10-08T18:40:58Z INFO [3407/4500] 9fd93930-0cde-40eb-bac3-531ae509c4e0: cophenetic index 3215; 0.7 s; peak memory 727 MiB.
2026-10-08T18:40:59Z INFO [3408/4500] 9fd95bff-8501-4baf-bc3b-c5fbb0ac326a: cophenetic index 514; 0.7 s; peak memory 727 MiB.
2026-10-08T18:40:59Z INFO [3409/4500] 9fd9b154-e21b-4bd0-80cb-999b0f8802d8: cophenetic index 1949; 0.6 s; peak memory 727 MiB.
2026-10-08T18:41:00Z INFO [3410/4500] 9fda1b60-e486-4d4f-9668-13da3595553e: cophenetic index 466; 0.7 s; peak memory 727 MiB.
2026-10-08T18:41:01Z INFO [3411/4500] 9fda90ac-d779-4a54-a1eb-17994f36b2d3: cophenetic index 3004; 0.6 s; peak memory 727 MiB.
2026-10-08T18:41:01Z INFO [3412/4500] 9fdb5bd9-a2ed-4ae9-ace1-3dc8f5f5f396: cophenetic index 624; 0.6 s; peak memory 727 MiB.
2026-10-08T18:41:02Z INFO [3413/4500] 9fdb8972-b2c4-4f1c-9ce7-26c471114da3: cophenetic index 2625; 0.9 s; peak memory 727 MiB.
2026-10-08T18:41:07Z INFO [3414/4500] 9fdba29d-b596-4b4f-bf37-8dff9cb3d0f1: cophenetic index 193353; 5.1 s; peak memory 727 MiB.
2026-10-08T18:41:08Z INFO [3415/4500] 9fdbad9d-b2c7-44db-bb75-5f8761788e86: cophenetic index 2974; 0.7 s; peak memory 727 MiB.
2026-10-08T18:41:09Z INFO [3416/4500] 9fdc1fb5-52a5-4d0f-bbb4-5c3f4c0a9346: cophenetic index 937; 1.0 s; peak memory 727 MiB.
2026-10-08T18:41:10Z INFO [3417/4500] 9fdc7aa5-efd1-44db-b5ab-8079d8f56584: cophenetic index 2625; 0.9 s; peak memory 727 MiB.
2026-10-08T18:41:11Z INFO [3418/4500] 9fdee626-bb43-4bfe-9f52-ac55b8b370e7: cophenetic index 624; 0.8 s; peak memory 727 MiB.
2026-10-08T18:41:11Z INFO [3419/4500] 9fdfc0aa-ccda-486c-b59c-358c669be89a: cophenetic index 411; 0.8 s; peak memory 727 MiB.
2026-10-08T18:41:12Z INFO [3420/4500] 9fe01a69-748c-4f3b-9bc6-3de04d7bc597: cophenetic index 624; 0.6 s; peak memory 727 MiB.
2026-10-08T18:41:13Z INFO [3421/4500] 9fe0289e-ffdf-4516-8433-b37fcc18deeb: cophenetic index 3192; 0.7 s; peak memory 727 MiB.
2026-10-08T18:41:13Z INFO [3422/4500] 9fe030a3-dac5-4ec9-b952-9c893629d844: cophenetic index 490; 0.4 s; peak memory 727 MiB.
2026-10-08T18:41:14Z INFO [3423/4500] 9fe0d085-940f-4059-ac59-a95882f66175: cophenetic index 624; 0.7 s; peak memory 727 MiB.
2026-10-08T18:41:15Z INFO [3424/4500] 9fe135bb-45e2-4d6b-8d3a-8a38b3a32b7d: cophenetic index 3437; 1.3 s; peak memory 727 MiB.
2026-10-08T18:41:16Z INFO [3425/4500] 9fe156d8-d8f4-402f-bf19-fd7fe9d3a32b: cophenetic index 2005; 1.3 s; peak memory 727 MiB.
2026-10-08T18:41:17Z INFO [3426/4500] 9fe291c3-e29e-4a4f-900f-46ab122e4d52: cophenetic index 624; 0.6 s; peak memory 727 MiB.
2026-10-08T18:41:17Z INFO [3427/4500] 9fe2b55f-2f3a-4a29-b564-b2f39480d28d: cophenetic index 490; 0.3 s; peak memory 727 MiB.
2026-10-08T18:41:18Z INFO [3428/4500] 9fe35081-afeb-452d-be8e-7c07ef3d3970: cophenetic index 624; 0.7 s; peak memory 727 MiB.
2026-10-08T18:41:19Z INFO [3429/4500] 9fe3fc05-2c62-414e-94fb-1972e90919c9: cophenetic index 3004; 0.8 s; peak memory 727 MiB.
2026-10-08T18:41:24Z INFO [3430/4500] 9fe400dd-6b0c-451a-90f7-6199f14da720: cophenetic index 15946; 5.1 s; peak memory 727 MiB.
2026-10-08T18:41:25Z INFO [3431/4500] 9fe40dab-d0aa-49e5-954d-93d45f85eaa7: cophenetic index 766; 0.9 s; peak memory 727 MiB.
2026-10-08T18:41:26Z INFO [3432/4500] 9fe445d5-38be-4855-9e8c-f8bc7b8c3261: cophenetic index 1006; 1.0 s; peak memory 727 MiB.
2026-10-08T18:41:26Z INFO [3433/4500] 9fe4ae2f-41ba-44d4-8539-49fddfa8db6d: cophenetic index 490; 0.4 s; peak memory 727 MiB.
2026-10-08T18:41:27Z INFO [3434/4500] 9fe5a3d1-402b-4fba-8fe4-353612a29bcf: cophenetic index 850; 1.0 s; peak memory 727 MiB.
2026-10-08T18:41:28Z INFO [3435/4500] 9fe613aa-1ed3-4a6b-97fe-8f3ddb61654a: cophenetic index 6435; 0.8 s; peak memory 727 MiB.
2026-10-08T18:41:32Z INFO [3436/4500] 9fe6bb2a-e9f1-4201-8a31-8c6176d71c69: cophenetic index 87573; 4.3 s; peak memory 727 MiB.
2026-10-08T18:41:33Z INFO [3437/4500] 9fe71b0f-0342-4ff0-9dcb-0be6dd0ed8d6: cophenetic index 1751; 0.9 s; peak memory 727 MiB.
2026-10-08T18:41:34Z INFO [3438/4500] 9fe77878-7052-4852-8ef8-05cd88267bfe: cophenetic index 649; 0.7 s; peak memory 727 MiB.
2026-10-08T18:41:34Z INFO [3439/4500] 9fe7f912-8930-48ac-9029-52ef8ab81f78: cophenetic index 222; 0.4 s; peak memory 727 MiB.
2026-10-08T18:41:35Z INFO [3440/4500] 9fe97048-00ab-4bd7-b3d5-28f3bd027883: cophenetic index 2974; 0.6 s; peak memory 727 MiB.
2026-10-08T18:41:35Z INFO [3441/4500] 9fe9990a-b1e6-49e8-b151-973c2a373b3a: cophenetic index 624; 0.7 s; peak memory 727 MiB.
2026-10-08T18:41:37Z INFO [3442/4500] 9fe9c97b-8176-4d1e-88fb-0d6305611610: cophenetic index 33998; 1.8 s; peak memory 727 MiB.
2026-10-08T18:41:38Z INFO [3443/4500] 9fea562e-a0bc-40a2-a36c-84bf31b106a3: cophenetic index 647; 0.5 s; peak memory 727 MiB.
2026-10-08T18:41:38Z INFO [3444/4500] 9fea7d47-714e-4b3a-95cc-db02994f6bd7: cophenetic index 624; 0.7 s; peak memory 727 MiB.
2026-10-08T18:41:39Z INFO [3445/4500] 9fea8b31-a6a8-4870-93c0-64cae4b8b2d7: cophenetic index 1739; 0.8 s; peak memory 727 MiB.
2026-10-08T18:41:40Z INFO [3446/4500] 9feac5e1-c28a-4faf-9d2b-89638055f48c: cophenetic index 624; 0.6 s; peak memory 727 MiB.
2026-10-08T18:41:41Z INFO [3447/4500] 9feaed1c-205a-4c6a-86e4-149100bcbaf0: cophenetic index 3004; 0.7 s; peak memory 727 MiB.
2026-10-08T18:41:43Z INFO [3448/4500] 9febde07-2b1c-47ea-9aea-6299fb1d3d0d: cophenetic index 5473; 2.3 s; peak memory 727 MiB.
2026-10-08T18:41:44Z INFO [3449/4500] 9febfada-7ed7-4e87-9939-ca17350eacca: cophenetic index 624; 0.7 s; peak memory 727 MiB.
2026-10-08T18:41:45Z INFO [3450/4500] 9fec8394-cd47-45aa-823d-5e48dbc37e2d: cophenetic index 2682; 1.4 s; peak memory 727 MiB.
2026-10-08T18:41:45Z INFO [3450/4500] 9fec8394-cd47-45aa-823d-5e48dbc37e2d: checkpointed 123873 new records.
2026-10-08T18:41:46Z INFO [3451/4500] 9fecba5d-2e8b-4ca9-b606-eb5eb76c0618: cophenetic index 624; 0.7 s; peak memory 727 MiB.
2026-10-08T18:41:52Z INFO [3452/4500] 9fed09ad-34bb-41d7-acd8-565ab3a13650: cophenetic index 81347; 6.0 s; peak memory 727 MiB.
2026-10-08T18:41:56Z INFO [3453/4500] 9fee6dce-8545-4c60-b7d9-06fc45ef992a: cophenetic index 81541; 3.7 s; peak memory 727 MiB.
2026-10-08T18:41:58Z INFO [3454/4500] 9fef74c1-acc1-438c-b595-41f945f18a26: cophenetic index 46696; 2.8 s; peak memory 727 MiB.
2026-10-08T18:41:59Z INFO [3455/4500] 9ff0cb69-40ae-4377-be60-69a997d153b7: cophenetic index 624; 0.7 s; peak memory 727 MiB.
2026-10-08T18:42:00Z INFO [3456/4500] 9ff1148e-5d21-4b53-b415-f1a6afceb913: cophenetic index 1739; 0.7 s; peak memory 727 MiB.
2026-10-08T18:42:04Z INFO [3457/4500] 9ff136c7-30c8-4f39-8e74-5aea178afeef: cophenetic index 14389; 4.1 s; peak memory 727 MiB.
2026-10-08T18:42:05Z INFO [3458/4500] 9ff2520e-4c3e-457f-a1db-7f5aff9bdc6e: cophenetic index 3004; 0.7 s; peak memory 727 MiB.
2026-10-08T18:42:09Z INFO [3459/4500] 9ff271fc-89b2-44cc-acd6-32ab4f6371f9: cophenetic index 9181; 3.8 s; peak memory 727 MiB.
2026-10-08T18:42:12Z INFO [3460/4500] 9ff28b9b-5aa3-4418-9606-4ce22847d0b4: cophenetic index 87573; 3.8 s; peak memory 727 MiB.
2026-10-08T18:42:13Z INFO [3461/4500] 9ff2d07e-9474-4011-bb1d-f3780671d9c5: cophenetic index 30304; 1.0 s; peak memory 727 MiB.
2026-10-08T18:42:14Z INFO [3462/4500] 9ff3aa9b-aa17-40b9-8a20-ed4e153f2883: cophenetic index 624; 0.6 s; peak memory 727 MiB.
2026-10-08T18:42:15Z INFO [3463/4500] 9ff4764b-550b-41ee-944b-b2526afaa125: cophenetic index 99150; 1.1 s; peak memory 727 MiB.
2026-10-08T18:42:20Z INFO [3464/4500] 9ff50e5d-b6c8-4352-8feb-c0ea7016e9b9: cophenetic index 6569178; 5.0 s; peak memory 727 MiB.
2026-10-08T18:42:22Z INFO [3465/4500] 9ff641ae-22e4-48f0-80ea-40635d8c9630: cophenetic index 3429; 1.7 s; peak memory 727 MiB.
2026-10-08T18:42:22Z INFO [3466/4500] 9ff66152-71e6-4fb4-99e4-35e41beeeeec: cophenetic index 624; 0.7 s; peak memory 727 MiB.
2026-10-08T18:42:23Z INFO [3467/4500] 9ff68e71-257c-4e04-b548-32a5bb2df8be: cophenetic index 560; 0.6 s; peak memory 727 MiB.
2026-10-08T18:42:25Z INFO [3468/4500] 9ff6d674-1f21-49c5-80f2-da956f20f546: cophenetic index 13983; 2.1 s; peak memory 727 MiB.
2026-10-08T18:42:28Z INFO [3469/4500] 9ff8043b-cfc8-43a1-8b50-cb0e538d49f6: cophenetic index 24708; 2.4 s; peak memory 727 MiB.
2026-10-08T18:42:29Z INFO [3470/4500] 9ff84b4b-5fc3-4aa0-a1f5-88224f4c61d2: cophenetic index 1563; 1.3 s; peak memory 727 MiB.
2026-10-08T18:42:30Z INFO [3471/4500] 9ff896f9-ae7a-47d5-9cde-d96966af45e8: cophenetic index 649; 0.8 s; peak memory 727 MiB.
2026-10-08T18:42:30Z INFO [3472/4500] 9ff8b8b7-10b6-4c9f-89df-7a0c272c8902: cophenetic index 518; 0.6 s; peak memory 727 MiB.
2026-10-08T18:42:31Z INFO [3473/4500] 9ff90c15-8950-408a-af97-48e28a348509: cophenetic index 624; 0.8 s; peak memory 727 MiB.
2026-10-08T18:42:35Z INFO [3474/4500] 9ff931cb-3e30-4a66-b8db-6f487dc1c921: cophenetic index 14699; 4.3 s; peak memory 727 MiB.
2026-10-08T18:42:36Z INFO [3475/4500] 9ff94f9a-3cba-4cc3-a632-eb30d5172e93: cophenetic index 624; 0.7 s; peak memory 727 MiB.
2026-10-08T18:42:37Z INFO [3476/4500] 9ff96b74-a665-4608-a789-49b5f8db03c5: cophenetic index 624; 0.7 s; peak memory 727 MiB.
2026-10-08T18:42:37Z INFO [3477/4500] 9ff97a9c-fefe-40e5-8718-fa49ccaeec41: cophenetic index 624; 0.7 s; peak memory 727 MiB.
2026-10-08T18:42:38Z INFO [3478/4500] 9ffa4ce1-77a8-4719-9ad2-ca95b7340b82: cophenetic index 560; 0.7 s; peak memory 727 MiB.
2026-10-08T18:42:39Z INFO [3479/4500] 9ffa59f6-e53a-47b9-9cb1-5770a3b9ab25: cophenetic index 23358; 0.7 s; peak memory 727 MiB.
2026-10-08T18:42:41Z INFO [3480/4500] 9ffa7d5d-0037-4eb3-83a4-5a5df6367260: cophenetic index 16290; 2.3 s; peak memory 727 MiB.
2026-10-08T18:42:42Z INFO [3481/4500] 9ffa8f1f-901c-4a27-aa84-28b2a1e22a79: cophenetic index 624; 0.6 s; peak memory 727 MiB.
2026-10-08T18:42:42Z INFO [3482/4500] 9ffad1f5-67e8-4134-a4ad-4be6280730b9: cophenetic index 2779; 0.6 s; peak memory 727 MiB.
2026-10-08T18:42:43Z INFO [3483/4500] 9ffbb04b-0b25-46be-bb17-51cfe2f5c175: cophenetic index 624; 0.6 s; peak memory 727 MiB.
2026-10-08T18:42:45Z INFO [3484/4500] 9ffbe69a-1127-4240-9b2d-1f66eacfc3f6: cophenetic index 5473; 2.2 s; peak memory 727 MiB.
2026-10-08T18:42:46Z INFO [3485/4500] 9ffc74a6-a7bd-48ed-9a4c-fe4f7c844ce6: cophenetic index 3004; 0.7 s; peak memory 727 MiB.
2026-10-08T18:42:47Z INFO [3486/4500] 9ffc7e7b-0622-4d38-b47a-392191746f18: cophenetic index 1114; 1.1 s; peak memory 727 MiB.
2026-10-08T18:42:48Z INFO [3487/4500] 9ffcdcd1-7067-4b59-9cdf-db7d1ad68d5e: cophenetic index 3102; 1.0 s; peak memory 727 MiB.
2026-10-08T18:42:53Z INFO [3488/4500] 9ffd8a9e-be7d-49e0-9068-18c46109f549: cophenetic index 195892; 4.9 s; peak memory 727 MiB.
2026-10-08T18:42:53Z INFO [3489/4500] 9ffd9e84-6747-4d5e-b133-caa69bf6346e: cophenetic index 627; 0.6 s; peak memory 727 MiB.
2026-10-08T18:42:54Z INFO [3490/4500] 9ffe596b-6da6-4efc-b300-dd17dfc8ec2c: cophenetic index 3057; 0.7 s; peak memory 727 MiB.
2026-10-08T18:42:55Z INFO [3491/4500] 9fff0223-1383-4710-b30f-eac1f2784686: cophenetic index 469; 0.5 s; peak memory 727 MiB.
2026-10-08T18:43:01Z INFO [3492/4500] a0001fc8-0ba1-4ee4-bacb-f1959c1f24e7: cophenetic index 195173008; 6.6 s; peak memory 727 MiB.
2026-10-08T18:43:02Z INFO [3493/4500] a000559a-318c-4041-918b-7c223d633640: cophenetic index 2814; 0.7 s; peak memory 727 MiB.
2026-10-08T18:43:02Z INFO [3494/4500] a001952c-aa47-4ec3-af3d-75e4ada75dbc: cophenetic index 624; 0.6 s; peak memory 727 MiB.
2026-10-08T18:43:03Z INFO [3495/4500] a001a44e-9fb0-428d-bc1d-44c889fa30df: cophenetic index 3004; 0.7 s; peak memory 727 MiB.
2026-10-08T18:43:08Z INFO [3496/4500] a001ac07-8ca1-49e0-889d-838a62729c14: cophenetic index 14478; 5.0 s; peak memory 727 MiB.
2026-10-08T18:43:09Z INFO [3497/4500] a001c0f5-d23f-4409-ab64-1efa02f8e6f7: cophenetic index 23960; 0.7 s; peak memory 727 MiB.
2026-10-08T18:43:11Z INFO [3498/4500] a001daa6-fbf8-456f-bc60-181834d881af: cophenetic index 33998; 1.6 s; peak memory 727 MiB.
2026-10-08T18:43:16Z INFO [3499/4500] a001f2ae-a771-4196-a007-914724236f7e: cophenetic index 156367; 5.9 s; peak memory 727 MiB.
2026-10-08T18:43:26Z INFO [3500/4500] a0022c95-da35-424d-98c3-0b174ee69412: cophenetic index 253751; 9.1 s; peak memory 727 MiB.
2026-10-08T18:43:26Z INFO [3500/4500] a0022c95-da35-424d-98c3-0b174ee69412: checkpointed 123923 new records.
2026-10-08T18:43:27Z INFO [3501/4500] a0033f2d-8e6c-45b8-bb05-58510bc858b3: cophenetic index 2625; 0.8 s; peak memory 727 MiB.
2026-10-08T18:43:27Z INFO [3502/4500] a00384b3-2226-448a-94ee-f22b3d20cc37: cophenetic index 3004; 0.7 s; peak memory 727 MiB.
2026-10-08T18:43:28Z INFO [3503/4500] a003ada5-b75c-4170-9085-209bcdd8db0b: cophenetic index 624; 0.7 s; peak memory 727 MiB.
2026-10-08T18:43:29Z INFO [3504/4500] a003c64f-c610-426e-9225-bb2482da55b4: cophenetic index 33998; 0.9 s; peak memory 727 MiB.
2026-10-08T18:43:30Z INFO [3505/4500] a0048d14-1d4c-46f7-8cf9-4b66373b4248: cophenetic index 3004; 0.7 s; peak memory 727 MiB.
2026-10-08T18:43:33Z INFO [3506/4500] a00532dc-eec9-4186-902e-11ced1b44bae: cophenetic index 12727; 3.7 s; peak memory 727 MiB.
2026-10-08T18:43:34Z INFO [3507/4500] a0053f36-f45c-4254-94c7-834654a1db6e: cophenetic index 605; 0.7 s; peak memory 727 MiB.
2026-10-08T18:43:35Z INFO [3508/4500] a0059304-5a70-4fa9-83c4-b35cd35dffc4: cophenetic index 2570; 0.9 s; peak memory 727 MiB.
2026-10-08T18:43:39Z INFO [3509/4500] a005f701-7605-45f8-b529-5c0cd0ef107a: cophenetic index 12100; 4.5 s; peak memory 727 MiB.
2026-10-08T18:43:40Z INFO [3510/4500] a006c1da-a222-4c6c-8d78-5b46f9a3338a: cophenetic index 624; 0.8 s; peak memory 727 MiB.
2026-10-08T18:43:41Z INFO [3511/4500] a00763f4-6dc2-4b05-a4bb-0a8b183126a7: cophenetic index 624; 0.8 s; peak memory 727 MiB.
2026-10-08T18:43:44Z INFO [3512/4500] a007fac1-96e7-4028-ad84-31a1b80db089: cophenetic index 4870; 3.1 s; peak memory 727 MiB.
2026-10-08T18:43:45Z INFO [3513/4500] a00827ca-fcd3-4501-bcaa-c763b184f0b1: cophenetic index 624; 0.7 s; peak memory 727 MiB.
2026-10-08T18:43:46Z INFO [3514/4500] a0090186-5be1-4cfa-8502-27d5154d6939: cophenetic index 1985; 0.9 s; peak memory 727 MiB.
2026-10-08T18:43:47Z INFO [3515/4500] a0090ce0-38ea-46a4-b9b2-9537c177198e: cophenetic index 13320; 0.8 s; peak memory 727 MiB.
2026-10-08T18:43:47Z INFO [3516/4500] a0093e74-b467-41ba-ae89-54ac06c8d9cd: cophenetic index 2625; 0.7 s; peak memory 727 MiB.
2026-10-08T18:43:48Z INFO [3517/4500] a00971b7-078f-487a-a469-a4434532bed1: cophenetic index 605; 0.9 s; peak memory 727 MiB.
2026-10-08T18:43:49Z INFO [3518/4500] a0099a3d-f2ae-4f3e-8bd0-93b84079f575: cophenetic index 1380; 0.8 s; peak memory 727 MiB.
2026-10-08T18:43:50Z INFO [3519/4500] a00a8707-d11d-40d6-9bd9-9a13ea00f5c3: cophenetic index 2570; 0.9 s; peak memory 727 MiB.
2026-10-08T18:43:51Z INFO [3520/4500] a00b39e9-f52a-4442-813a-0e29c2679dcc: cophenetic index 3087; 0.7 s; peak memory 727 MiB.
2026-10-08T18:43:51Z INFO [3521/4500] a00b4cea-bff1-46bd-a4d0-1b9097833c4e: cophenetic index 1006; 0.9 s; peak memory 727 MiB.
2026-10-08T18:43:52Z INFO [3522/4500] a00b9c0a-e733-432f-b1a7-0e8efa0d7ebb: cophenetic index 2625; 0.9 s; peak memory 727 MiB.
2026-10-08T18:43:53Z INFO [3523/4500] a00c4b6e-c8c2-49e3-84fe-f6acb444c820: cophenetic index 3004; 0.6 s; peak memory 727 MiB.
2026-10-08T18:43:54Z INFO [3524/4500] a00c5f8e-3626-4386-9855-6ac0455a8541: cophenetic index 1380; 1.1 s; peak memory 727 MiB.
2026-10-08T18:43:55Z INFO [3525/4500] a00c65a8-ffef-4acd-90d6-8ef0c8178b9e: cophenetic index 590; 0.6 s; peak memory 727 MiB.
2026-10-08T18:43:55Z INFO [3526/4500] a00cb7d5-7110-4c39-a615-5e9d91fd3400: cophenetic index 624; 0.7 s; peak memory 727 MiB.
2026-10-08T18:43:56Z INFO [3527/4500] a00d234f-9cfa-4846-a845-26b1b2722086: cophenetic index 2923; 0.8 s; peak memory 727 MiB.
2026-10-08T18:43:57Z INFO [3528/4500] a00d5069-a08d-4d03-ba7a-25ae05b6cc86: cophenetic index 490; 0.4 s; peak memory 727 MiB.
2026-10-08T18:43:58Z INFO [3529/4500] a00d89a2-8557-47a5-90c5-88d5447df647: cophenetic index 624; 0.8 s; peak memory 727 MiB.
2026-10-08T18:43:58Z INFO [3530/4500] a00d8a8c-033f-4572-978c-c98e0a820321: cophenetic index 624; 0.7 s; peak memory 727 MiB.
2026-10-08T18:44:01Z INFO [3531/4500] a00d9a42-3a26-4d6e-bb97-c7c76158342c: cophenetic index 6338; 2.6 s; peak memory 727 MiB.
2026-10-08T18:44:02Z INFO [3532/4500] a00d9b1e-200b-46e9-ae94-67de56c3b199: cophenetic index 512; 0.8 s; peak memory 727 MiB.
2026-10-08T18:44:05Z INFO [3533/4500] a00dbc83-2469-40fb-bd66-f968ba4082f2: cophenetic index 61920; 3.8 s; peak memory 727 MiB.
2026-10-08T18:44:06Z INFO [3534/4500] a00e4d22-36bc-4a44-847d-c4989a33b827: cophenetic index 431; 0.5 s; peak memory 727 MiB.
2026-10-08T18:44:07Z INFO [3535/4500] a00eaf3c-e37d-40cd-9b2d-18a452cbe548: cophenetic index 649; 0.8 s; peak memory 727 MiB.
2026-10-08T18:44:07Z INFO [3536/4500] a0102ee9-0294-4a20-87bc-03da500bb499: cophenetic index 2920; 0.8 s; peak memory 727 MiB.
2026-10-08T18:44:08Z INFO [3537/4500] a0107646-f882-472c-a12b-4341cb984716: cophenetic index 624; 0.7 s; peak memory 727 MiB.
2026-10-08T18:44:10Z INFO [3538/4500] a010d08f-2e8c-4a17-9e2b-8ec410074a89: cophenetic index 5486; 1.8 s; peak memory 727 MiB.
2026-10-08T18:44:10Z INFO [3539/4500] a010d8bc-812d-4833-a290-a88a338b5ac9: cophenetic index 641; 0.4 s; peak memory 727 MiB.
2026-10-08T18:44:12Z INFO [3540/4500] a0111af2-4141-429a-a25b-ccc0b8115074: cophenetic index 20908; 2.0 s; peak memory 727 MiB.
2026-10-08T18:44:13Z INFO [3541/4500] a0115a2a-7461-4b95-bb8a-88e577bc621f: cophenetic index 2625; 0.8 s; peak memory 727 MiB.
2026-10-08T18:44:14Z INFO [3542/4500] a0119be6-c63c-433a-8c97-9a6fe3ff9d88: cophenetic index 649; 0.6 s; peak memory 727 MiB.
2026-10-08T18:44:18Z INFO [3543/4500] a0122cc6-d7b9-423f-bd2f-5044bf31590d: cophenetic index 142303; 4.4 s; peak memory 727 MiB.
2026-10-08T18:44:19Z INFO [3544/4500] a0129c77-7b86-435a-8379-aeedb6802710: cophenetic index 2625; 0.7 s; peak memory 727 MiB.
2026-10-08T18:44:20Z INFO [3545/4500] a012f0be-9a39-400e-bbd0-77bfd599c328: cophenetic index 452; 0.7 s; peak memory 727 MiB.
2026-10-08T18:44:21Z INFO [3546/4500] a0133f53-2be5-42fc-a168-c32cf425e4b9: cophenetic index 21583; 1.2 s; peak memory 727 MiB.
2026-10-08T18:44:28Z INFO [3547/4500] a013ea82-db4f-4774-9608-845296546440: cophenetic index 17625; 6.8 s; peak memory 727 MiB.
2026-10-08T18:44:29Z INFO [3548/4500] a014261a-85c9-479a-94d8-cc4b6dd38ec5: cophenetic index 2609; 1.5 s; peak memory 727 MiB.
2026-10-08T18:44:30Z INFO [3549/4500] a0148a38-8d45-497d-a3c9-fb9c3e0e1fb9: cophenetic index 164; 0.5 s; peak memory 727 MiB.
2026-10-08T18:44:30Z INFO [3550/4500] a014f51b-a8ed-482f-b9b6-3a69a8e43cb3: cophenetic index 3004; 0.7 s; peak memory 727 MiB.
2026-10-08T18:44:31Z INFO [3550/4500] a014f51b-a8ed-482f-b9b6-3a69a8e43cb3: checkpointed 123973 new records.
2026-10-08T18:44:31Z INFO [3551/4500] a0151195-58c1-4f62-a9d2-bb1a00ad9c41: cophenetic index 427; 0.9 s; peak memory 727 MiB.
2026-10-08T18:44:38Z INFO [3552/4500] a0153920-c391-4a49-b8c0-acbd86592d17: cophenetic index 330339; 6.5 s; peak memory 727 MiB.
2026-10-08T18:44:39Z INFO [3553/4500] a017241c-eca6-40e2-9065-e2b352ecce2b: cophenetic index 3004; 0.7 s; peak memory 727 MiB.
2026-10-08T18:44:39Z INFO [3554/4500] a017e52a-bcfa-4ec1-9371-47e790f2750a: cophenetic index 624; 0.7 s; peak memory 727 MiB.
2026-10-08T18:44:40Z INFO [3555/4500] a017fec6-d8a9-48c2-b1d0-c02417880450: cophenetic index 33986; 1.1 s; peak memory 727 MiB.
2026-10-08T18:44:41Z INFO [3556/4500] a01889bd-dde7-43fc-8bfd-3df8d4862e9c: cophenetic index 490; 0.4 s; peak memory 727 MiB.
2026-10-08T18:44:41Z INFO [3557/4500] a018a4a0-acc5-4efd-9885-e5e09d9ec087: cophenetic index 581; 0.6 s; peak memory 727 MiB.
2026-10-08T18:44:44Z INFO [3558/4500] a01991cf-d20c-45a9-84f0-6e5862653b1a: cophenetic index 20213; 2.3 s; peak memory 727 MiB.
2026-10-08T18:44:44Z INFO [3559/4500] a01b6dcc-17c7-465d-917a-16ef697d5e90: cophenetic index 3087; 0.7 s; peak memory 727 MiB.
2026-10-08T18:44:46Z INFO [3560/4500] a01bc51c-c892-4a42-b75c-729977ffb800: cophenetic index 99150; 1.4 s; peak memory 727 MiB.
2026-10-08T18:44:46Z INFO [3561/4500] a01bcf1a-eb5a-4902-9f5c-1574912efcf6: cophenetic index 729; 0.5 s; peak memory 727 MiB.
2026-10-08T18:44:47Z INFO [3562/4500] a01cdbd0-22d5-401f-a152-14b69b809da3: cophenetic index 3087; 0.7 s; peak memory 727 MiB.
2026-10-08T18:44:48Z INFO [3563/4500] a01d2dfd-d33a-4d3a-adf0-5a1d07458a1c: cophenetic index 42542; 1.3 s; peak memory 727 MiB.
2026-10-08T18:44:56Z INFO [3564/4500] a01d7c87-7508-4dd2-a4f7-d74a84f2f64a: cophenetic index 637655; 7.8 s; peak memory 727 MiB.
2026-10-08T18:44:57Z INFO [3565/4500] a01ddb77-1a30-4422-bbe3-d39a53f74760: cophenetic index 3004; 0.7 s; peak memory 727 MiB.
2026-10-08T18:44:58Z INFO [3566/4500] a01e0a1a-7202-4151-b307-167246879b65: cophenetic index 431; 0.7 s; peak memory 727 MiB.
2026-10-08T18:44:58Z INFO [3567/4500] a01ed74c-4c5b-41af-9f82-dbd0c15d8adc: cophenetic index 3087; 0.8 s; peak memory 727 MiB.
2026-10-08T18:44:59Z INFO [3568/4500] a01ee6b2-eeda-40b5-a878-3f1b06025e52: cophenetic index 2814; 0.8 s; peak memory 727 MiB.
2026-10-08T18:45:00Z INFO [3569/4500] a01f0bef-7ff8-4dab-bdb5-fef52f5a8f87: cophenetic index 33962; 1.0 s; peak memory 727 MiB.
2026-10-08T18:45:01Z INFO [3570/4500] a01f5f27-228d-47ff-9183-467a3a195f4e: cophenetic index 2625; 0.7 s; peak memory 727 MiB.
2026-10-08T18:45:02Z INFO [3571/4500] a01fc8bb-b769-4467-9a80-85784a009b48: cophenetic index 26986; 0.8 s; peak memory 727 MiB.
2026-10-08T18:45:02Z INFO [3572/4500] a020a109-429f-4179-b363-235c99cd0db7: cophenetic index 624; 0.7 s; peak memory 727 MiB.
2026-10-08T18:45:03Z INFO [3573/4500] a022037b-2829-4cf6-a09e-d09027b9ce21: cophenetic index 2088; 1.1 s; peak memory 727 MiB.
2026-10-08T18:45:04Z INFO [3574/4500] a0224cfa-2360-46cd-9729-5f86dd28a239: cophenetic index 3087; 0.8 s; peak memory 727 MiB.
2026-10-08T18:45:05Z INFO [3575/4500] a0226ad8-2226-46a0-9820-58835e1e0f76: cophenetic index 33986; 0.9 s; peak memory 727 MiB.
2026-10-08T18:45:05Z INFO [3576/4500] a0226fba-837a-4bbb-8396-f298edfaac91: cophenetic index 446; 0.4 s; peak memory 727 MiB.
2026-10-08T18:45:06Z INFO [3577/4500] a023264d-1838-414e-bad6-1fc59ea6c7a1: cophenetic index 2625; 1.0 s; peak memory 727 MiB.
2026-10-08T18:45:08Z INFO [3578/4500] a0233766-d9c4-4d21-bcbc-81f4810767f0: cophenetic index 2391; 1.6 s; peak memory 727 MiB.
2026-10-08T18:45:09Z INFO [3579/4500] a02399cf-31df-454f-b26a-c1c5d7552228: cophenetic index 2682; 1.3 s; peak memory 727 MiB.
2026-10-08T18:45:10Z INFO [3580/4500] a023a8b0-eb7e-4176-bd9c-9af087f60fcd: cophenetic index 33968; 0.9 s; peak memory 727 MiB.
2026-10-08T18:45:12Z INFO [3581/4500] a023da83-7014-486a-9267-0b093a4b8c8e: cophenetic index 5473; 2.0 s; peak memory 727 MiB.
2026-10-08T18:45:13Z INFO [3582/4500] a024e1b4-6b5f-4395-9b44-ec516b386c9c: cophenetic index 3087; 0.8 s; peak memory 727 MiB.
2026-10-08T18:45:15Z INFO [3583/4500] a025bf4b-1b30-4cdb-98c8-a783416038d8: cophenetic index 2682; 1.8 s; peak memory 727 MiB.
2026-10-08T18:45:16Z INFO [3584/4500] a025c204-ceb7-4d57-b874-89dd71166ee6: cophenetic index 2844; 0.8 s; peak memory 727 MiB.
2026-10-08T18:45:16Z INFO [3585/4500] a0264bca-44ff-43cd-aa80-465bf71817c3: cophenetic index 624; 0.8 s; peak memory 727 MiB.
2026-10-08T18:45:17Z INFO [3586/4500] a0269d0b-3030-427d-ac79-7e4bde798abe: cophenetic index 624; 0.7 s; peak memory 727 MiB.
2026-10-08T18:45:21Z INFO [3587/4500] a026b15c-e455-4975-9723-06299c580d97: cophenetic index 9548; 3.8 s; peak memory 727 MiB.
2026-10-08T18:45:21Z INFO [3588/4500] a026fdbd-2b4f-4806-a252-f60923914564: cophenetic index 1851; 0.6 s; peak memory 727 MiB.
2026-10-08T18:45:22Z INFO [3589/4500] a02729e5-bd06-4535-8ecd-ba34da1a3764: cophenetic index 766; 0.8 s; peak memory 727 MiB.
2026-10-08T18:45:23Z INFO [3590/4500] a027560e-550e-4fe0-9e7b-65b0d69f06b4: cophenetic index 624; 0.7 s; peak memory 727 MiB.
2026-10-08T18:45:24Z INFO [3591/4500] a027eb61-cc65-4812-bae3-5b85c9323366: cophenetic index 560; 0.6 s; peak memory 727 MiB.
2026-10-08T18:45:26Z INFO [3592/4500] a0281e70-acc9-4a76-b8ed-c5a4dcff0a64: cophenetic index 4797; 2.8 s; peak memory 727 MiB.
2026-10-08T18:45:30Z INFO [3593/4500] a0285763-f7c2-479b-9ba5-a68698165976: cophenetic index 38004; 3.3 s; peak memory 727 MiB.
2026-10-08T18:45:31Z INFO [3594/4500] a0290127-d79f-4eed-98c8-78c4f6fb0230: cophenetic index 624; 0.7 s; peak memory 727 MiB.
2026-10-08T18:45:32Z INFO [3595/4500] a029c4b6-95d3-44e1-8ab6-5d59be993467: cophenetic index 1458; 1.6 s; peak memory 727 MiB.
2026-10-08T18:45:33Z INFO [3596/4500] a02b147e-d239-40ef-8092-f57a1644b8da: cophenetic index 3087; 0.7 s; peak memory 727 MiB.
2026-10-08T18:45:33Z INFO [3597/4500] a02b3161-d941-41bb-bd78-4a13d8c8be1c: cophenetic index 494; 0.4 s; peak memory 727 MiB.
2026-10-08T18:45:35Z INFO [3598/4500] a02c676b-a69d-4351-99b5-acb7ae39a367: cophenetic index 2609; 1.8 s; peak memory 727 MiB.
2026-10-08T18:45:36Z INFO [3599/4500] a02c781d-f652-499a-8b37-d7bf9fa0bdb7: cophenetic index 2625; 0.9 s; peak memory 727 MiB.
2026-10-08T18:45:37Z INFO [3600/4500] a02d6cfd-562b-4182-bcc6-9a2f67a41c20: cophenetic index 624; 0.7 s; peak memory 727 MiB.
2026-10-08T18:45:37Z INFO [3600/4500] a02d6cfd-562b-4182-bcc6-9a2f67a41c20: checkpointed 124023 new records.
2026-10-08T18:45:39Z INFO [3601/4500] a02db70c-582f-4884-9cdf-6d5fb88dcaa8: cophenetic index 2469; 2.0 s; peak memory 727 MiB.
2026-10-08T18:45:39Z INFO [3602/4500] a02f35cb-4261-4497-91aa-302197d00c55: cophenetic index 751; 0.4 s; peak memory 727 MiB.
2026-10-08T18:45:40Z INFO [3603/4500] a02fccc2-15c2-4bc3-b9be-595b66ef5993: cophenetic index 624; 0.5 s; peak memory 727 MiB.
2026-10-08T18:45:41Z INFO [3604/4500] a02fe781-f8a6-4120-bb90-8b6e1ed0b2aa: cophenetic index 3004; 0.8 s; peak memory 727 MiB.
2026-10-08T18:45:42Z INFO [3605/4500] a0320b3b-6485-4a10-81e0-eba745187b28: cophenetic index 2570; 0.9 s; peak memory 727 MiB.
2026-10-08T18:45:42Z INFO [3606/4500] a0329485-d0c5-48e4-bd61-506eaae729a5: cophenetic index 729; 0.4 s; peak memory 727 MiB.
2026-10-08T18:45:43Z INFO [3607/4500] a0330266-c2d9-4a6e-af98-e34bcd39c5f8: cophenetic index 446; 0.5 s; peak memory 727 MiB.
2026-10-08T18:45:43Z INFO [3608/4500] a0340d55-d71a-4897-8b9c-5563c649de00: cophenetic index 1975; 0.9 s; peak memory 727 MiB.
2026-10-08T18:45:45Z INFO [3609/4500] a0342383-3327-4a94-9d73-438a1a3de5bd: cophenetic index 5473; 1.9 s; peak memory 727 MiB.
2026-10-08T18:45:46Z INFO [3610/4500] a0342d24-ef68-422a-98d3-8160a022c593: cophenetic index 6598; 0.9 s; peak memory 727 MiB.
2026-10-08T18:45:47Z INFO [3611/4500] a034561d-ea81-4a37-8020-6498c0601647: cophenetic index 466; 0.8 s; peak memory 727 MiB.
2026-10-08T18:45:49Z INFO [3612/4500] a03526c1-51e7-4243-baaf-daad80597d11: cophenetic index 1721; 2.3 s; peak memory 727 MiB.
2026-10-08T18:45:50Z INFO [3613/4500] a0353e1a-5c13-4280-84a2-91a78160ecaa: cophenetic index 994; 0.8 s; peak memory 727 MiB.
2026-10-08T18:45:51Z INFO [3614/4500] a035495a-4663-4167-81ba-3d03580bd917: cophenetic index 624; 0.7 s; peak memory 727 MiB.
2026-10-08T18:45:51Z INFO [3615/4500] a036b6e0-7504-48c2-b206-149aa8d9cd89: cophenetic index 431; 0.6 s; peak memory 727 MiB.
2026-10-08T18:45:52Z INFO [3616/4500] a037598b-7965-47a8-aab6-301822a1d15c: cophenetic index 624; 0.8 s; peak memory 727 MiB.
2026-10-08T18:45:53Z INFO [3617/4500] a0376dfa-34b4-4434-8926-c75f1310d972: cophenetic index 1739; 0.8 s; peak memory 727 MiB.
2026-10-08T18:45:54Z INFO [3618/4500] a0378922-87b4-4e8b-b425-9e239af90288: cophenetic index 3057; 0.9 s; peak memory 727 MiB.
2026-10-08T18:45:59Z INFO [3619/4500] a037a13a-463e-41bc-a6e8-dd5d38bdb4fe: cophenetic index 12100; 4.7 s; peak memory 727 MiB.
2026-10-08T18:45:59Z INFO [3620/4500] a037ce64-0209-4ced-be93-f85271266d05: cophenetic index 2625; 0.9 s; peak memory 727 MiB.
2026-10-08T18:46:00Z INFO [3621/4500] a03818db-e811-421f-b308-e890cd1adbd2: cophenetic index 3004; 0.8 s; peak memory 727 MiB.
2026-10-08T18:46:02Z INFO [3622/4500] a039c878-8732-4c91-a450-ded8e7113fc6: cophenetic index 2402; 1.6 s; peak memory 727 MiB.
2026-10-08T18:46:03Z INFO [3623/4500] a039cb0d-ccb9-4ba3-8add-1914f2b6a2b8: cophenetic index 624; 0.7 s; peak memory 727 MiB.
2026-10-08T18:46:04Z INFO [3624/4500] a039d327-f758-4991-aa2a-3aeb9d1a3593: cophenetic index 30304; 1.1 s; peak memory 727 MiB.
2026-10-08T18:46:04Z INFO [3625/4500] a03a6407-2397-40e3-be04-a8af3dd37c59: cophenetic index 791; 0.9 s; peak memory 727 MiB.
2026-10-08T18:46:05Z INFO [3626/4500] a03aa485-0e99-4061-9f42-aae30ed1bd5a: cophenetic index 3004; 0.7 s; peak memory 727 MiB.
2026-10-08T18:46:06Z INFO [3627/4500] a03ad692-f97d-47f5-9546-6cd6385af1ed: cophenetic index 624; 0.7 s; peak memory 727 MiB.
2026-10-08T18:46:09Z INFO [3628/4500] a03afcc0-c2e6-466b-9a5d-b9ccb3a8cb20: cophenetic index 31929; 2.9 s; peak memory 727 MiB.
2026-10-08T18:46:12Z INFO [3629/4500] a03c1624-84a0-43b4-a423-6bbbf3c06d4f: cophenetic index 9548; 3.7 s; peak memory 727 MiB.
2026-10-08T18:46:13Z INFO [3630/4500] a03c4f10-8c21-4dd1-85ac-f7e7ec85c807: cophenetic index 3087; 0.7 s; peak memory 727 MiB.
2026-10-08T18:46:14Z INFO [3631/4500] a03c8375-8453-4cdd-b067-662eb6c793c8: cophenetic index 2132; 0.8 s; peak memory 727 MiB.
2026-10-08T18:46:15Z INFO [3632/4500] a03d27d4-6e1a-485b-be6a-8189d00dd361: cophenetic index 624; 0.6 s; peak memory 727 MiB.
2026-10-08T18:46:16Z INFO [3633/4500] a03d2ed3-0c55-4c10-b3e6-0e0370c6f934: cophenetic index 2625; 1.1 s; peak memory 727 MiB.
2026-10-08T18:46:23Z INFO [3634/4500] a03e8005-eafc-4c1a-8837-e5cc55932134: cophenetic index 6048; 7.7 s; peak memory 727 MiB.
2026-10-08T18:46:24Z INFO [3635/4500] a03f2f4b-29cc-4463-b603-0cd23c9d4efa: cophenetic index 560; 0.5 s; peak memory 727 MiB.
2026-10-08T18:46:25Z INFO [3636/4500] a03f32aa-48ed-43bf-8cfd-6c318ef58e51: cophenetic index 1904; 0.8 s; peak memory 727 MiB.
2026-10-08T18:46:26Z INFO [3637/4500] a03f549b-615a-4f6a-b7b0-4bbb2a297b95: cophenetic index 1380; 0.9 s; peak memory 727 MiB.
2026-10-08T18:46:26Z INFO [3638/4500] a03fce27-a97a-42e1-a07f-69637c9574d2: cophenetic index 624; 0.6 s; peak memory 727 MiB.
2026-10-08T18:46:27Z INFO [3639/4500] a03fe4d6-3396-4f7f-b10f-3c5fc10da407: cophenetic index 729; 0.4 s; peak memory 727 MiB.
2026-10-08T18:46:27Z INFO [3640/4500] a0401874-fa49-4593-81da-a2d2f7285e16: cophenetic index 490; 0.4 s; peak memory 727 MiB.
2026-10-08T18:46:28Z INFO [3641/4500] a04178e4-d840-481c-9978-2b2955a4d752: cophenetic index 624; 0.6 s; peak memory 727 MiB.
2026-10-08T18:46:28Z INFO [3642/4500] a04227c1-5037-48d5-b302-651eeb4f6cec: cophenetic index 33998; 1.0 s; peak memory 727 MiB.
2026-10-08T18:46:29Z INFO [3643/4500] a042b339-5389-4abd-a826-66a2c6aac386: cophenetic index 645; 0.8 s; peak memory 727 MiB.
2026-10-08T18:46:30Z INFO [3644/4500] a042bfb0-7380-459b-af53-1663753dc042: cophenetic index 624; 0.7 s; peak memory 727 MiB.
2026-10-08T18:46:31Z INFO [3645/4500] a045b2bf-5c94-467e-8414-35de3cf58012: cophenetic index 2625; 0.9 s; peak memory 727 MiB.
2026-10-08T18:46:32Z INFO [3646/4500] a04684a6-2791-42bc-b7bc-a11ca9a7f256: cophenetic index 431; 0.7 s; peak memory 727 MiB.
2026-10-08T18:46:32Z INFO [3647/4500] a04716b7-2275-4bb7-981c-2a8c775e80cc: cophenetic index 6352; 0.7 s; peak memory 727 MiB.
2026-10-08T18:46:34Z INFO [3648/4500] a047634d-5d13-4ecb-8286-cc72173e7b1f: cophenetic index 2682; 1.7 s; peak memory 727 MiB.
2026-10-08T18:46:35Z INFO [3649/4500] a048a389-a691-40ee-8ee3-e6ff7c2dddd5: cophenetic index 1470; 0.8 s; peak memory 727 MiB.
2026-10-08T18:46:36Z INFO [3650/4500] a0490dfd-2915-40e0-9ec5-920b09a65c73: cophenetic index 2524; 1.6 s; peak memory 727 MiB.
2026-10-08T18:46:37Z INFO [3650/4500] a0490dfd-2915-40e0-9ec5-920b09a65c73: checkpointed 124073 new records.
2026-10-08T18:46:41Z INFO [3651/4500] a0499590-2e37-4479-833a-cb5cf76f8cae: cophenetic index 117426; 4.5 s; peak memory 727 MiB.
2026-10-08T18:46:42Z INFO [3652/4500] a04996b1-829d-4cca-a8e5-b621d4387ab1: cophenetic index 442; 0.7 s; peak memory 727 MiB.
2026-10-08T18:46:45Z INFO [3653/4500] a04a0a54-a0e1-4ded-9ff5-0a76bb8fe7db: cophenetic index 48472; 3.4 s; peak memory 727 MiB.
2026-10-08T18:46:46Z INFO [3654/4500] a04a0d53-389c-4afc-9898-1c3b095a0ea0: cophenetic index 2974; 0.7 s; peak memory 727 MiB.
2026-10-08T18:46:47Z INFO [3655/4500] a04b60b6-2c95-4c6f-b7ee-0e090121c424: cophenetic index 2844; 0.7 s; peak memory 727 MiB.
2026-10-08T18:46:48Z INFO [3656/4500] a04b6f7d-7ecc-4400-b984-c2f72faeec28: cophenetic index 6490; 1.5 s; peak memory 727 MiB.
2026-10-08T18:46:49Z INFO [3657/4500] a04b7991-d26e-421e-ab54-6a53ef5c6ce6: cophenetic index 3087; 0.8 s; peak memory 727 MiB.
2026-10-08T18:46:50Z INFO [3658/4500] a04c3f76-2570-44c4-9526-485b503e1efc: cophenetic index 4586; 0.8 s; peak memory 727 MiB.
2026-10-08T18:46:50Z INFO [3659/4500] a04c9642-7d06-40ba-bd75-43f0f7a15b35: cophenetic index 624; 0.6 s; peak memory 727 MiB.
2026-10-08T18:46:51Z INFO [3660/4500] a04d8fc6-d2e8-4787-948d-1207eedcbb00: cophenetic index 791; 1.0 s; peak memory 727 MiB.
2026-10-08T18:46:54Z INFO [3661/4500] a04d961a-27f6-46f8-8d84-e49fbda6dac8: cophenetic index 32103; 2.6 s; peak memory 727 MiB.
2026-10-08T18:47:01Z INFO [3662/4500] a04dd180-5fa5-478d-aa9f-fe76714855f6: cophenetic index 424177; 7.1 s; peak memory 727 MiB.
2026-10-08T18:47:02Z INFO [3663/4500] a04dee03-86f0-425e-9042-08256abc9f3b: cophenetic index 2625; 0.9 s; peak memory 727 MiB.
2026-10-08T18:47:03Z INFO [3664/4500] a04df394-c74e-41db-8e5a-c6543ea4bedc: cophenetic index 1733; 1.4 s; peak memory 727 MiB.
2026-10-08T18:47:04Z INFO [3665/4500] a04e0ab8-3f4d-4283-8bc0-7d2f60f49160: cophenetic index 466; 0.8 s; peak memory 727 MiB.
2026-10-08T18:47:05Z INFO [3666/4500] a04e4fcc-f795-40fc-8960-a86c3ecf8b80: cophenetic index 3087; 0.7 s; peak memory 727 MiB.
2026-10-08T18:47:05Z INFO [3667/4500] a04e7e3f-195e-4786-a42d-8c61b4ee7864: cophenetic index 651; 0.4 s; peak memory 727 MiB.
2026-10-08T18:47:06Z INFO [3668/4500] a04e8c40-79ec-49a0-94da-18667cf99912: cophenetic index 431; 0.5 s; peak memory 727 MiB.
2026-10-08T18:47:06Z INFO [3669/4500] a04f90ce-2510-4e2b-8cf9-bc92c081a505: cophenetic index 431; 0.7 s; peak memory 727 MiB.
2026-10-08T18:47:07Z INFO [3670/4500] a0501e81-0515-4698-b31c-15e6090ef59b: cophenetic index 2625; 0.7 s; peak memory 727 MiB.
2026-10-08T18:47:08Z INFO [3671/4500] a050d4ad-38c0-4754-a894-0732982908dc: cophenetic index 18208; 0.9 s; peak memory 727 MiB.
2026-10-08T18:47:09Z INFO [3672/4500] a050fdc2-6d88-4f1f-989b-8459cf09c592: cophenetic index 766; 1.0 s; peak memory 727 MiB.
2026-10-08T18:47:10Z INFO [3673/4500] a0520721-ba0c-4bf3-9983-5ee17ccf55a6: cophenetic index 624; 0.6 s; peak memory 727 MiB.
2026-10-08T18:47:10Z INFO [3674/4500] a05253a3-b64d-4f95-9e24-3b672b36a06c: cophenetic index 624; 0.6 s; peak memory 727 MiB.
2026-10-08T18:47:12Z INFO [3675/4500] a052575d-acfd-40da-aa22-983c975cdeb2: cophenetic index 26985; 2.3 s; peak memory 727 MiB.
2026-10-08T18:47:13Z INFO [3676/4500] a0536390-63c8-4968-bd8a-65ffdea4d949: cophenetic index 2625; 0.9 s; peak memory 727 MiB.
2026-10-08T18:47:14Z INFO [3677/4500] a054232d-87a3-400c-b8c1-bf893fd9c7e7: cophenetic index 33968; 0.9 s; peak memory 727 MiB.
2026-10-08T18:47:16Z INFO [3678/4500] a054b453-b285-4064-97b4-cde3859ed176: cophenetic index 6490; 1.5 s; peak memory 727 MiB.
2026-10-08T18:47:17Z INFO [3679/4500] a055b2d2-9c42-4215-935a-484145663824: cophenetic index 2625; 0.9 s; peak memory 727 MiB.
2026-10-08T18:47:17Z INFO [3680/4500] a055f2cf-7598-497c-9cc2-b10dd8cbb555: cophenetic index 2974; 0.8 s; peak memory 727 MiB.
2026-10-08T18:47:18Z INFO [3681/4500] a056ed5a-7a22-4f97-b21d-5409218efe04: cophenetic index 1012; 0.6 s; peak memory 727 MiB.
2026-10-08T18:47:19Z INFO [3682/4500] a056f88d-280f-4157-a2f1-125879ae85f4: cophenetic index 791; 1.0 s; peak memory 727 MiB.
2026-10-08T18:47:20Z INFO [3683/4500] a056fcce-514a-4080-8dfa-2516d13f8b59: cophenetic index 2570; 0.9 s; peak memory 727 MiB.
2026-10-08T18:47:22Z INFO [3684/4500] a057d33a-6548-461b-8977-0d84e795d55a: cophenetic index 1970; 1.7 s; peak memory 727 MiB.
2026-10-08T18:47:28Z INFO [3685/4500] a058d0f8-3002-4bb0-8f15-46a74e5995aa: cophenetic index 167566; 6.2 s; peak memory 727 MiB.
2026-10-08T18:47:29Z INFO [3686/4500] a0595343-35f7-4aa6-9e2d-450bf1e2ff67: cophenetic index 2974; 0.7 s; peak memory 727 MiB.
2026-10-08T18:47:29Z INFO [3687/4500] a0598d02-e3e5-47b9-891f-2d1b96f0a137: cophenetic index 624; 0.6 s; peak memory 727 MiB.
2026-10-08T18:47:31Z INFO [3688/4500] a059ffdd-8a41-4cd4-9b26-7d048a9dd84f: cophenetic index 2524; 1.5 s; peak memory 727 MiB.
2026-10-08T18:47:33Z INFO [3689/4500] a05a748b-86c1-48ee-b14f-e8dc0d16c9d7: cophenetic index 2402; 1.7 s; peak memory 727 MiB.
2026-10-08T18:47:33Z INFO [3690/4500] a05ac4e6-030f-49b7-ac62-e1aa74e54dcb: cophenetic index 718; 0.8 s; peak memory 727 MiB.
2026-10-08T18:47:34Z INFO [3691/4500] a05b1a4c-3a58-4bcd-9b9a-a3d041ad7946: cophenetic index 937; 0.8 s; peak memory 727 MiB.
2026-10-08T18:47:35Z INFO [3692/4500] a05b626c-1b54-4b24-9a8d-9040c22f1e70: cophenetic index 624; 0.7 s; peak memory 727 MiB.
2026-10-08T18:47:36Z INFO [3693/4500] a05c78d8-6de0-42b6-9062-259d22aefd77: cophenetic index 23510; 0.8 s; peak memory 727 MiB.
2026-10-08T18:47:36Z INFO [3694/4500] a05dc682-392f-4e79-90de-879d5487e6cc: cophenetic index 2974; 0.7 s; peak memory 727 MiB.
2026-10-08T18:47:37Z INFO [3695/4500] a05dc91a-7747-4bb6-9a76-d2ff79884b8f: cophenetic index 3004; 0.8 s; peak memory 727 MiB.
2026-10-08T18:47:38Z INFO [3696/4500] a05dd6ba-c38d-447c-a559-07fbec1b438c: cophenetic index 3004; 0.7 s; peak memory 727 MiB.
2026-10-08T18:47:39Z INFO [3697/4500] a05df3cf-ca39-4c9a-b521-e9d57f88e2c0: cophenetic index 2625; 0.9 s; peak memory 727 MiB.
2026-10-08T18:47:43Z INFO [3698/4500] a05e199c-c9ae-415f-93f3-b1a40de1250f: cophenetic index 87781; 4.0 s; peak memory 727 MiB.
2026-10-08T18:47:45Z INFO [3699/4500] a05e550a-46ab-45be-a2bc-223b953149c2: cophenetic index 23468; 2.1 s; peak memory 727 MiB.
2026-10-08T18:47:46Z INFO [3700/4500] a05eeb3f-2e81-4426-97eb-fd68d1579462: cophenetic index 879; 0.9 s; peak memory 727 MiB.
2026-10-08T18:47:46Z INFO [3700/4500] a05eeb3f-2e81-4426-97eb-fd68d1579462: checkpointed 124123 new records.
2026-10-08T18:47:50Z INFO [3701/4500] a05f3399-86a2-43df-a0a7-46780f98318d: cophenetic index 9548; 3.9 s; peak memory 727 MiB.
2026-10-08T18:47:56Z INFO [3702/4500] a0601d06-c1e3-4278-9e11-267916083236: cophenetic index 47127; 5.7 s; peak memory 727 MiB.
2026-10-08T18:47:56Z INFO [3703/4500] a0614ce4-98ae-4c96-8caf-61b6538e28bb: cophenetic index 1087; 0.8 s; peak memory 727 MiB.
2026-10-08T18:48:03Z INFO [3704/4500] a062061c-61e2-4ba4-81ef-9170b735c3d4: cophenetic index 453328; 6.6 s; peak memory 727 MiB.
2026-10-08T18:48:05Z INFO [3705/4500] a0621706-a033-40c4-b957-5a7e37bdca34: cophenetic index 1504; 1.8 s; peak memory 727 MiB.
2026-10-08T18:48:07Z INFO [3706/4500] a0625534-d3fc-4464-a1ba-74b488e1d5e0: cophenetic index 6412; 2.4 s; peak memory 727 MiB.
2026-10-08T18:48:08Z INFO [3707/4500] a062af91-dde3-4a00-a492-119c2a309764: cophenetic index 624; 0.8 s; peak memory 727 MiB.
2026-10-08T18:48:09Z INFO [3708/4500] a063b71c-f02f-44fe-a805-4185934dcdca: cophenetic index 2625; 1.0 s; peak memory 727 MiB.
2026-10-08T18:48:11Z INFO [3709/4500] a0645d0c-ae6c-4f05-8006-da39b2aa9510: cophenetic index 34658; 1.7 s; peak memory 727 MiB.
2026-10-08T18:48:11Z INFO [3710/4500] a0646ab6-d022-4b52-b447-0c9f47ca2b3b: cophenetic index 490; 0.4 s; peak memory 727 MiB.
2026-10-08T18:48:12Z INFO [3711/4500] a06486f3-f00a-4b7f-8374-98b093429b44: cophenetic index 624; 0.7 s; peak memory 727 MiB.
2026-10-08T18:48:12Z INFO [3712/4500] a0649dc6-7482-475c-a059-cac8044be968: cophenetic index 3004; 0.7 s; peak memory 727 MiB.
2026-10-08T18:48:13Z INFO [3713/4500] a064fcd8-5862-4a89-a4a5-d8ff9c53542d: cophenetic index 26986; 0.9 s; peak memory 727 MiB.
2026-10-08T18:48:14Z INFO [3714/4500] a0653ece-2cab-4ac2-b75a-ab09c920f4c6: cophenetic index 3004; 0.7 s; peak memory 727 MiB.
2026-10-08T18:48:15Z INFO [3715/4500] a065b8e6-fe36-4d23-9e5f-9373a18000ef: cophenetic index 624; 0.6 s; peak memory 727 MiB.
2026-10-08T18:48:15Z INFO [3716/4500] a065c735-f74e-40e1-9dd0-e50218d22ad5: cophenetic index 23436; 0.8 s; peak memory 727 MiB.
2026-10-08T18:48:16Z INFO [3717/4500] a065cee9-0b5e-4e00-95d1-13c4861ec13d: cophenetic index 3192; 0.7 s; peak memory 727 MiB.
2026-10-08T18:48:17Z INFO [3718/4500] a066ca23-e65a-4ace-bda7-61e56f8b96d7: cophenetic index 723; 0.6 s; peak memory 727 MiB.
2026-10-08T18:48:18Z INFO [3719/4500] a067049b-f026-498d-af5e-b932a3d5d0ce: cophenetic index 34251; 0.9 s; peak memory 727 MiB.
2026-10-08T18:48:18Z INFO [3720/4500] a0678670-0e03-4958-91af-411d6068dc74: cophenetic index 624; 0.6 s; peak memory 727 MiB.
2026-10-08T18:48:19Z INFO [3721/4500] a0679092-610c-43f5-8a59-104e8f32c076: cophenetic index 624; 0.6 s; peak memory 727 MiB.
2026-10-08T18:48:20Z INFO [3722/4500] a06892ec-7b44-40b8-8bf7-5272493b509e: cophenetic index 624; 0.7 s; peak memory 727 MiB.
2026-10-08T18:48:20Z INFO [3723/4500] a068a013-d200-4c05-b4a4-c3289e8c3632: cophenetic index 2625; 0.9 s; peak memory 727 MiB.
2026-10-08T18:48:22Z INFO [3724/4500] a069a334-9a03-421f-9220-bcde334af620: cophenetic index 2682; 2.0 s; peak memory 727 MiB.
2026-10-08T18:48:23Z INFO [3725/4500] a06a54fd-3e61-4a5f-89ac-ed8a50aec942: cophenetic index 2570; 0.9 s; peak memory 727 MiB.
2026-10-08T18:48:24Z INFO [3726/4500] a06a62f6-0c17-4729-918e-bced4962c9e5: cophenetic index 762; 0.4 s; peak memory 727 MiB.
2026-10-08T18:48:25Z INFO [3727/4500] a06aa1d0-2eaa-44b6-8bb1-12177b8462d9: cophenetic index 2570; 1.2 s; peak memory 727 MiB.
2026-10-08T18:48:26Z INFO [3728/4500] a06b11bf-0a9e-49ac-a95c-12452856dd26: cophenetic index 624; 0.7 s; peak memory 727 MiB.
2026-10-08T18:48:26Z INFO [3729/4500] a06b4576-5cc2-41bc-afc3-61d4e89b5181: cophenetic index 624; 0.6 s; peak memory 727 MiB.
2026-10-08T18:48:27Z INFO [3730/4500] a06b6c94-cf7f-40d8-a50f-ec63a0f16ded: cophenetic index 2625; 0.9 s; peak memory 727 MiB.
2026-10-08T18:48:28Z INFO [3731/4500] a06bf85e-4a2d-4630-b46e-a83aa03ddcab: cophenetic index 624; 0.6 s; peak memory 727 MiB.
2026-10-08T18:48:29Z INFO [3732/4500] a06c51d8-e055-4a40-81eb-f333fa845308: cophenetic index 2625; 1.0 s; peak memory 727 MiB.
2026-10-08T18:48:35Z INFO [3733/4500] a06ddf50-6160-4b00-b06b-f9a514f5b4ce: cophenetic index 149198; 6.2 s; peak memory 727 MiB.
2026-10-08T18:48:36Z INFO [3734/4500] a06dec11-c6f9-4e7d-b811-43a3bf6183c0: cophenetic index 33968; 1.4 s; peak memory 727 MiB.
2026-10-08T18:48:37Z INFO [3735/4500] a06ea788-46a1-48c8-8362-e7ab198ce7aa: cophenetic index 624; 0.9 s; peak memory 727 MiB.
2026-10-08T18:48:38Z INFO [3736/4500] a06ec374-be42-4f45-b0d2-e49c701ee5a8: cophenetic index 624; 0.6 s; peak memory 727 MiB.
2026-10-08T18:48:39Z INFO [3737/4500] a06f6756-99e3-4211-b01c-0a1a7b9d177c: cophenetic index 624; 0.9 s; peak memory 727 MiB.
2026-10-08T18:48:43Z INFO [3738/4500] a06f9e89-49cb-4d38-822e-51e4fe52ffa9: cophenetic index 132858; 4.6 s; peak memory 727 MiB.
2026-10-08T18:48:44Z INFO [3739/4500] a0703141-3664-4596-b187-aa14e6f5f1b9: cophenetic index 164; 0.4 s; peak memory 727 MiB.
2026-10-08T18:48:44Z INFO [3740/4500] a070b872-41ed-4b03-aad8-68a7de445579: cophenetic index 624; 0.8 s; peak memory 727 MiB.
2026-10-08T18:48:45Z INFO [3741/4500] a070c62c-fb42-42e9-9384-faf9dffe7bea: cophenetic index 624; 0.7 s; peak memory 727 MiB.
2026-10-08T18:48:46Z INFO [3742/4500] a070caaf-61c6-40d0-b4e3-f28c90fb9ef5: cophenetic index 624; 0.7 s; peak memory 727 MiB.
2026-10-08T18:48:47Z INFO [3743/4500] a0719ec3-10dc-47f8-8615-e2c6f449057a: cophenetic index 23400; 0.8 s; peak memory 727 MiB.
2026-10-08T18:48:49Z INFO [3744/4500] a071b669-0ab5-4ff3-94a6-9301cee3c9d5: cophenetic index 5473; 2.0 s; peak memory 727 MiB.
2026-10-08T18:48:49Z INFO [3745/4500] a071dfd2-6c57-4ee9-a4ab-d6671bd7d667: cophenetic index 747; 0.5 s; peak memory 727 MiB.
2026-10-08T18:48:50Z INFO [3746/4500] a0725c7c-736d-472d-b7ad-519ceaaaa401: cophenetic index 33968; 0.8 s; peak memory 727 MiB.
2026-10-08T18:48:57Z INFO [3747/4500] a073450b-2685-4383-b58d-e20f88bfbf7d: cophenetic index 49912; 7.4 s; peak memory 727 MiB.
2026-10-08T18:49:02Z INFO [3748/4500] a0737ca3-1223-4893-a199-2265b4f7d327: cophenetic index 6715; 5.1 s; peak memory 727 MiB.
2026-10-08T18:49:03Z INFO [3749/4500] a0742e77-cf0a-42fb-b119-1253bad5147f: cophenetic index 2625; 0.9 s; peak memory 727 MiB.
2026-10-08T18:49:04Z INFO [3750/4500] a0764826-3075-4797-b637-241bf162d9ad: cophenetic index 624; 0.6 s; peak memory 727 MiB.
2026-10-08T18:49:04Z INFO [3750/4500] a0764826-3075-4797-b637-241bf162d9ad: checkpointed 124173 new records.
2026-10-08T18:49:05Z INFO [3751/4500] a076658b-3e37-48cf-9e2a-d436b612adfd: cophenetic index 99120; 1.1 s; peak memory 727 MiB.
2026-10-08T18:49:10Z INFO [3752/4500] a07765fc-7151-41de-ba47-6b3939629f3f: cophenetic index 36239; 5.0 s; peak memory 727 MiB.
2026-10-08T18:49:11Z INFO [3753/4500] a07815e2-04cb-49c7-82d2-247791fd2ebc: cophenetic index 624; 0.7 s; peak memory 727 MiB.
2026-10-08T18:49:12Z INFO [3754/4500] a0786f65-3fbf-4d68-a31e-45be1ea7255d: cophenetic index 624; 0.7 s; peak memory 727 MiB.
2026-10-08T18:49:12Z INFO [3755/4500] a078af8d-62ee-44e2-8f41-26dfcf9df5b2: cophenetic index 624; 0.7 s; peak memory 727 MiB.
2026-10-08T18:49:13Z INFO [3756/4500] a07935b3-9a9d-48b5-8ffe-c9fd28aab128: cophenetic index 3087; 0.8 s; peak memory 727 MiB.
2026-10-08T18:49:15Z INFO [3757/4500] a0799d03-4799-4d10-bda1-7ca220517dd4: cophenetic index 107147; 2.2 s; peak memory 727 MiB.
2026-10-08T18:49:16Z INFO [3758/4500] a07ab814-1559-4595-92da-62354b9cc504: cophenetic index 23364; 0.7 s; peak memory 727 MiB.
2026-10-08T18:49:18Z INFO [3759/4500] a07b1b98-1fa4-4723-bf6b-09fa7efe7968: cophenetic index 2391; 1.7 s; peak memory 727 MiB.
2026-10-08T18:49:20Z INFO [3760/4500] a07b2322-4ff7-4f93-882e-4d2e2fd5a21b: cophenetic index 901; 1.8 s; peak memory 727 MiB.
2026-10-08T18:49:21Z INFO [3761/4500] a07b6c43-362f-47c4-81c1-9b2938be6173: cophenetic index 2625; 1.0 s; peak memory 727 MiB.
2026-10-08T18:49:21Z INFO [3762/4500] a07bbd4c-cac9-43f1-b80a-27a80e3666ca: cophenetic index 33986; 0.9 s; peak memory 727 MiB.
2026-10-08T18:49:22Z INFO [3763/4500] a07bd85b-07de-480f-a1fe-020346fbb011: cophenetic index 2625; 0.9 s; peak memory 727 MiB.
2026-10-08T18:49:23Z INFO [3764/4500] a07bee17-3023-4c9f-9dab-d86a30896550: cophenetic index 3087; 0.8 s; peak memory 727 MiB.
2026-10-08T18:49:27Z INFO [3765/4500] a07c4ce3-9c87-4675-a6cb-929eb5ec7efe: cophenetic index 74095; 3.5 s; peak memory 727 MiB.
2026-10-08T18:49:28Z INFO [3766/4500] a07c7c62-a1a1-4bf2-a886-f41265c676a4: cophenetic index 2570; 0.9 s; peak memory 727 MiB.
2026-10-08T18:49:29Z INFO [3767/4500] a07d3433-ed5b-4b8d-bdac-4fe52574c9b7: cophenetic index 3542; 1.4 s; peak memory 727 MiB.
2026-10-08T18:49:30Z INFO [3768/4500] a07d7e9e-baab-4d73-a013-f45168262f1c: cophenetic index 2625; 0.7 s; peak memory 727 MiB.
2026-10-08T18:49:31Z INFO [3769/4500] a07da6be-808d-4dff-8f0e-82d8b2652917: cophenetic index 2402; 1.6 s; peak memory 727 MiB.
2026-10-08T18:49:32Z INFO [3770/4500] a07e4515-13b7-48b2-95d4-ce52524513cb: cophenetic index 490; 0.4 s; peak memory 727 MiB.
2026-10-08T18:49:32Z INFO [3771/4500] a07f8570-f980-4806-aa11-d94c9f7d933f: cophenetic index 1470; 0.6 s; peak memory 727 MiB.
2026-10-08T18:49:33Z INFO [3772/4500] a0801f4b-f743-481c-b770-36b5d12d860c: cophenetic index 2625; 1.2 s; peak memory 727 MiB.
2026-10-08T18:49:34Z INFO [3773/4500] a08096eb-b7c4-408b-8623-39a26df68c14: cophenetic index 3004; 0.8 s; peak memory 727 MiB.
2026-10-08T18:49:35Z INFO [3774/4500] a08225c0-0be3-4ecf-bf16-dc9ef8c91327: cophenetic index 762; 0.5 s; peak memory 727 MiB.
2026-10-08T18:49:36Z INFO [3775/4500] a082938f-10d5-4838-85ee-4750f71863a8: cophenetic index 624; 0.8 s; peak memory 727 MiB.
2026-10-08T18:49:37Z INFO [3776/4500] a082cc22-e079-44da-a8b8-fda72e18964a: cophenetic index 740; 1.3 s; peak memory 727 MiB.
2026-10-08T18:49:38Z INFO [3777/4500] a0834eb3-03bc-4ff2-9b5c-c91a9e2eb9c4: cophenetic index 624; 0.7 s; peak memory 727 MiB.
2026-10-08T18:49:40Z INFO [3778/4500] a0844736-a0f2-49f9-b4cf-c54f1323151e: cophenetic index 18370; 2.1 s; peak memory 727 MiB.
2026-10-08T18:49:41Z INFO [3779/4500] a0849ba2-9857-41c1-844a-3ec1eed649b6: cophenetic index 624; 0.8 s; peak memory 727 MiB.
2026-10-08T18:49:42Z INFO [3780/4500] a0853f0b-ae7d-42e2-8fe5-2c0c6c388950: cophenetic index 2625; 0.9 s; peak memory 727 MiB.
2026-10-08T18:49:45Z INFO [3781/4500] a0856969-deff-4750-bead-1ca7faba1e16: cophenetic index 65446; 3.3 s; peak memory 727 MiB.
2026-10-08T18:49:45Z INFO [3782/4500] a0865ac2-c8c3-4c41-beb0-ad4faffa7d86: cophenetic index 1228; 0.6 s; peak memory 727 MiB.
2026-10-08T18:49:46Z INFO [3783/4500] a0882478-641f-410a-862e-ce94a758baa9: cophenetic index 2496; 0.9 s; peak memory 727 MiB.
2026-10-08T18:49:51Z INFO [3784/4500] a0882c22-3058-4365-a949-1e2f424db9de: cophenetic index 276421; 4.9 s; peak memory 727 MiB.
2026-10-08T18:49:52Z INFO [3785/4500] a088bdcc-5fd9-4d91-b39c-283d6fd90b69: cophenetic index 3087; 0.7 s; peak memory 727 MiB.
2026-10-08T18:49:53Z INFO [3786/4500] a088bf39-b2af-4713-9d4e-24a9d0e16843: cophenetic index 3004; 0.8 s; peak memory 727 MiB.
2026-10-08T18:49:54Z INFO [3787/4500] a089636b-7b3d-4947-ae20-6a9c7e5217aa: cophenetic index 3004; 0.9 s; peak memory 727 MiB.
2026-10-08T18:49:55Z INFO [3788/4500] a0897431-3ca2-462e-a4a6-dd1dc632f5e1: cophenetic index 2570; 0.9 s; peak memory 727 MiB.
2026-10-08T18:49:56Z INFO [3789/4500] a0899521-0c85-4dd0-bd7d-4194a73bd16f: cophenetic index 895; 1.1 s; peak memory 727 MiB.
2026-10-08T18:49:57Z INFO [3790/4500] a08a1110-1d78-472d-a960-3a8982d9ac1e: cophenetic index 3087; 0.9 s; peak memory 727 MiB.
2026-10-08T18:49:57Z INFO [3791/4500] a08e06e3-9e0d-490d-bd2c-2193a71e49dd: cophenetic index 431; 0.7 s; peak memory 727 MiB.
2026-10-08T18:49:58Z INFO [3792/4500] a08ea467-cbba-4823-a9b0-064933b3cbf3: cophenetic index 2625; 0.7 s; peak memory 727 MiB.
2026-10-08T18:49:59Z INFO [3793/4500] a08ee6c4-2133-49c8-86b1-f92c7662e0a7: cophenetic index 624; 0.7 s; peak memory 727 MiB.
2026-10-08T18:49:59Z INFO [3794/4500] a08f8e17-839a-436e-ae23-5575ea9b360c: cophenetic index 490; 0.4 s; peak memory 727 MiB.
2026-10-08T18:50:01Z INFO [3795/4500] a08fca65-a67d-49e6-8b4f-d02d7f2c79db: cophenetic index 5473; 1.9 s; peak memory 727 MiB.
2026-10-08T18:50:05Z INFO [3796/4500] a090ba59-36a7-42e5-a4ef-6949f02bc6b3: cophenetic index 14699; 3.9 s; peak memory 727 MiB.
2026-10-08T18:50:06Z INFO [3797/4500] a091d0c9-1347-4952-947d-b6c77abf8515: cophenetic index 791; 0.9 s; peak memory 727 MiB.
2026-10-08T18:50:11Z INFO [3798/4500] a09245b5-4a67-4493-bc5d-fc4a27542f67: cophenetic index 195172714; 5.5 s; peak memory 727 MiB.
2026-10-08T18:50:13Z INFO [3799/4500] a0926c04-3a4c-408e-a183-bb927d142191: cophenetic index 33998; 1.8 s; peak memory 727 MiB.
2026-10-08T18:50:16Z INFO [3800/4500] a0933308-40d9-480f-a8d8-fca6699a5d13: cophenetic index 2027; 2.7 s; peak memory 727 MiB.
2026-10-08T18:50:16Z INFO [3800/4500] a0933308-40d9-480f-a8d8-fca6699a5d13: checkpointed 124223 new records.
2026-10-08T18:50:17Z INFO [3801/4500] a0935125-3791-441a-a363-6c294b4cd4df: cophenetic index 624; 0.7 s; peak memory 727 MiB.
2026-10-08T18:50:19Z INFO [3802/4500] a0939f34-fc61-405f-8f25-80d95b8e702b: cophenetic index 33612; 2.8 s; peak memory 727 MiB.
2026-10-08T18:50:20Z INFO [3803/4500] a093beee-0796-41c2-ad35-3a9731c3260d: cophenetic index 33998; 1.0 s; peak memory 727 MiB.
2026-10-08T18:50:21Z INFO [3804/4500] a0945bb7-47f9-42e5-8cbc-c88b28d2563b: cophenetic index 1006; 0.8 s; peak memory 727 MiB.
2026-10-08T18:50:22Z INFO [3805/4500] a094842d-270c-4d58-8b5e-17b4dcef93cc: cophenetic index 560; 0.6 s; peak memory 727 MiB.
2026-10-08T18:50:24Z INFO [3806/4500] a095533b-1c50-47e6-8a77-565751f60c9d: cophenetic index 5473; 1.8 s; peak memory 727 MiB.
2026-10-08T18:50:25Z INFO [3807/4500] a0956c39-f525-4481-b048-ca363d548215: cophenetic index 863; 1.0 s; peak memory 727 MiB.
2026-10-08T18:50:26Z INFO [3808/4500] a09617ee-3bb0-43e1-b939-13467900cfde: cophenetic index 653; 1.1 s; peak memory 727 MiB.
2026-10-08T18:50:27Z INFO [3809/4500] a096406e-5a8e-4700-aaf9-501564a5d99e: cophenetic index 2625; 0.9 s; peak memory 727 MiB.
2026-10-08T18:50:27Z INFO [3810/4500] a09675e1-1583-4224-a28c-77dc938025d9: cophenetic index 624; 0.7 s; peak memory 727 MiB.
2026-10-08T18:50:28Z INFO [3811/4500] a0985588-c037-4bc0-abc8-2cdf15b44607: cophenetic index 554; 0.7 s; peak memory 727 MiB.
2026-10-08T18:50:29Z INFO [3812/4500] a098b9bc-baac-4900-90f4-a1306bf64794: cophenetic index 624; 0.6 s; peak memory 727 MiB.
2026-10-08T18:50:29Z INFO [3813/4500] a098f51d-3bc0-4037-b0f4-d5ad5c5582f0: cophenetic index 490; 0.5 s; peak memory 727 MiB.
2026-10-08T18:50:30Z INFO [3814/4500] a0996aee-d5ac-4d07-b62c-dace66780b38: cophenetic index 624; 0.6 s; peak memory 727 MiB.
2026-10-08T18:50:30Z INFO [3815/4500] a099a891-38bf-4398-bb2e-06c16228da1c: cophenetic index 624; 0.7 s; peak memory 727 MiB.
2026-10-08T18:50:32Z INFO [3816/4500] a099eb60-b509-4278-a21e-925b1fe2b885: cophenetic index 2469; 1.8 s; peak memory 727 MiB.
2026-10-08T18:50:33Z INFO [3817/4500] a09a988f-c103-465f-9485-f11b434e67d0: cophenetic index 4042; 1.0 s; peak memory 727 MiB.
2026-10-08T18:50:34Z INFO [3818/4500] a09abcba-8947-454d-8a17-4502848f2772: cophenetic index 624; 0.6 s; peak memory 727 MiB.
2026-10-08T18:50:34Z INFO [3819/4500] a09ac9bf-cc61-42e6-b686-30d53a908c9f: cophenetic index 625; 0.5 s; peak memory 727 MiB.
2026-10-08T18:50:35Z INFO [3820/4500] a09afcda-4b46-4e1f-9bb0-b5a7e718bdb1: cophenetic index 2974; 0.8 s; peak memory 727 MiB.
2026-10-08T18:50:36Z INFO [3821/4500] a09bd434-b5c9-41fd-a7cd-c11ee29c2e1c: cophenetic index 433; 0.4 s; peak memory 727 MiB.
2026-10-08T18:50:37Z INFO [3822/4500] a09bfec5-28fa-465b-b9d1-02cd27b8d5db: cophenetic index 99120; 1.0 s; peak memory 727 MiB.
2026-10-08T18:50:38Z INFO [3823/4500] a09c9f1b-3416-4cee-a520-454233ab9b38: cophenetic index 2005; 1.0 s; peak memory 727 MiB.
2026-10-08T18:50:38Z INFO [3824/4500] a09ca3a2-bc9c-461e-9bd0-23e200e12dd2: cophenetic index 579; 0.5 s; peak memory 727 MiB.
2026-10-08T18:50:39Z INFO [3825/4500] a09cac87-4852-48de-be25-41557c72b8bf: cophenetic index 624; 0.7 s; peak memory 727 MiB.
2026-10-08T18:50:40Z INFO [3826/4500] a09db4c5-015d-47df-b1a6-3c165e148b27: cophenetic index 3057; 0.8 s; peak memory 727 MiB.
2026-10-08T18:50:40Z INFO [3827/4500] a09e1e13-97e1-40c6-90d1-86aab64b91b5: cophenetic index 624; 0.7 s; peak memory 727 MiB.
2026-10-08T18:50:43Z INFO [3828/4500] a0a06c05-7f31-44e7-b9af-83d3af4644e6: cophenetic index 67358; 2.8 s; peak memory 727 MiB.
2026-10-08T18:50:44Z INFO [3829/4500] a0a1814d-10a6-48b1-af7b-2d81942e4bb4: cophenetic index 879; 1.0 s; peak memory 727 MiB.
2026-10-08T18:50:52Z INFO [3830/4500] a0a1f4ff-deea-4ad3-a533-188f17c23a94: cophenetic index 257234; 8.3 s; peak memory 727 MiB.
2026-10-08T18:50:53Z INFO [3831/4500] a0a474ed-f5da-4b06-b6f7-510bb21f74e5: cophenetic index 2974; 0.7 s; peak memory 727 MiB.
2026-10-08T18:50:54Z INFO [3832/4500] a0a48375-4ace-4247-91c0-d7e2babafb1c: cophenetic index 624; 0.7 s; peak memory 727 MiB.
2026-10-08T18:51:00Z INFO [3833/4500] a0a4c0b6-b661-4587-9be0-6bc2260e4aa4: cophenetic index 34862; 6.1 s; peak memory 727 MiB.
2026-10-08T18:51:01Z INFO [3834/4500] a0a4db1f-792b-4188-9e55-e0d8f34bb4aa: cophenetic index 815; 1.0 s; peak memory 727 MiB.
2026-10-08T18:51:02Z INFO [3835/4500] a0a4f0ac-f993-433c-a1cc-edc08479db72: cophenetic index 624; 0.7 s; peak memory 727 MiB.
2026-10-08T18:51:02Z INFO [3836/4500] a0a502bf-c7f9-42f3-8fc4-4a09d3a18c18: cophenetic index 624; 0.6 s; peak memory 727 MiB.
2026-10-08T18:51:03Z INFO [3837/4500] a0a77afd-9fe2-4699-aab8-8b50d2c4d815: cophenetic index 624; 0.6 s; peak memory 727 MiB.
2026-10-08T18:51:03Z INFO [3838/4500] a0a82ac4-812f-4c1c-8b0f-f81fea8d9ff2: cophenetic index 490; 0.4 s; peak memory 727 MiB.
2026-10-08T18:51:04Z INFO [3839/4500] a0a85a45-2cc0-4f59-b462-09307cb3a1cc: cophenetic index 651; 0.5 s; peak memory 727 MiB.
2026-10-08T18:51:04Z INFO [3840/4500] a0a8b1b6-ea87-4a40-9da7-3e70b90f0536: cophenetic index 624; 0.9 s; peak memory 727 MiB.
2026-10-08T18:51:05Z INFO [3841/4500] a0a8bdd6-d5d3-4902-8e51-9b9a3dd484b0: cophenetic index 2570; 0.7 s; peak memory 727 MiB.
2026-10-08T18:51:07Z INFO [3842/4500] a0a936dc-40e8-4077-9dd7-5e7b70b58306: cophenetic index 2402; 1.5 s; peak memory 727 MiB.
2026-10-08T18:51:07Z INFO [3843/4500] a0a95fff-ef92-4996-8952-95e9f761de1a: cophenetic index 590; 0.7 s; peak memory 727 MiB.
2026-10-08T18:51:08Z INFO [3844/4500] a0aa7b8f-3ebf-48ce-b594-21da4dc6422c: cophenetic index 2570; 0.9 s; peak memory 727 MiB.
2026-10-08T18:51:09Z INFO [3845/4500] a0aab6bc-1587-4b25-91be-bb376b03e16e: cophenetic index 627; 0.5 s; peak memory 727 MiB.
2026-10-08T18:51:10Z INFO [3846/4500] a0aaebcd-c3db-445b-aae6-1aca8919716b: cophenetic index 605; 0.9 s; peak memory 727 MiB.
2026-10-08T18:51:15Z INFO [3847/4500] a0ab07d8-b570-46fd-9728-175a59f783e5: cophenetic index 33512; 5.5 s; peak memory 727 MiB.
2026-10-08T18:51:16Z INFO [3848/4500] a0abcf39-a7be-4819-b1c7-9bb609c9904e: cophenetic index 624; 0.7 s; peak memory 727 MiB.
2026-10-08T18:51:16Z INFO [3849/4500] a0acaeab-b811-4128-bb74-54b1ee731d24: cophenetic index 490; 0.5 s; peak memory 727 MiB.
2026-10-08T18:51:17Z INFO [3850/4500] a0aceb9a-f387-4b2d-8c0f-9375b888042c: cophenetic index 2974; 0.7 s; peak memory 727 MiB.
2026-10-08T18:51:17Z INFO [3850/4500] a0aceb9a-f387-4b2d-8c0f-9375b888042c: checkpointed 124273 new records.
2026-10-08T18:51:21Z INFO [3851/4500] a0ae5d9d-0d9c-4b81-8737-1c1477c71ba2: cophenetic index 20638; 3.5 s; peak memory 727 MiB.
2026-10-08T18:51:21Z INFO [3852/4500] a0ae6cc6-2e66-46ce-8dd1-22f44ed377ca: cophenetic index 624; 0.6 s; peak memory 727 MiB.
2026-10-08T18:51:27Z INFO [3853/4500] a0b0c60a-900a-4ab7-b3b4-68dcc63f4e3c: cophenetic index 351079; 5.2 s; peak memory 727 MiB.
2026-10-08T18:51:31Z INFO [3854/4500] a0b15b67-50be-435b-bc8f-e57a8748d815: cophenetic index 175087; 4.5 s; peak memory 727 MiB.
2026-10-08T18:51:32Z INFO [3855/4500] a0b2ba7b-b387-4e98-ba7e-1cfe73077441: cophenetic index 490; 0.5 s; peak memory 727 MiB.
2026-10-08T18:51:32Z INFO [3856/4500] a0b2d272-5ba9-40c7-bda6-97a8fcb408f4: cophenetic index 646; 0.6 s; peak memory 727 MiB.
2026-10-08T18:51:36Z INFO [3857/4500] a0b3230d-d965-4440-b4f8-630809db6d7b: cophenetic index 87573; 3.7 s; peak memory 727 MiB.
2026-10-08T18:51:37Z INFO [3858/4500] a0b4551b-7b07-4c5c-8627-d7ffcd286f61: cophenetic index 2625; 1.0 s; peak memory 727 MiB.
2026-10-08T18:51:38Z INFO [3859/4500] a0b608a0-463d-434b-ba02-3b4e42896cf0: cophenetic index 2625; 1.1 s; peak memory 727 MiB.
2026-10-08T18:51:41Z INFO [3860/4500] a0b6cc1c-290d-4b2c-863e-73d7a93c5003: cophenetic index 28182; 2.5 s; peak memory 727 MiB.
2026-10-08T18:51:42Z INFO [3861/4500] a0b6e009-a935-429b-ad5a-a4a6a4cc48b1: cophenetic index 895; 1.3 s; peak memory 727 MiB.
2026-10-08T18:51:43Z INFO [3862/4500] a0b8e77d-74a6-4ebd-ab1e-9297cf2041e0: cophenetic index 2402; 1.5 s; peak memory 727 MiB.
2026-10-08T18:51:44Z INFO [3863/4500] a0b9b4da-3a44-460b-97fc-a99164c7fdc6: cophenetic index 3004; 0.7 s; peak memory 727 MiB.
2026-10-08T18:51:45Z INFO [3864/4500] a0bb9795-fe57-4a73-8f0c-0eba741f2423: cophenetic index 680; 1.1 s; peak memory 727 MiB.
2026-10-08T18:51:46Z INFO [3865/4500] a0bc074d-3107-4329-9aaf-7c36fca99edd: cophenetic index 624; 0.6 s; peak memory 727 MiB.
2026-10-08T18:51:48Z INFO [3866/4500] a0bc9376-fcf9-4ab5-a297-af25234049cd: cophenetic index 5473; 1.9 s; peak memory 727 MiB.
2026-10-08T18:51:49Z INFO [3867/4500] a0bd0497-828e-4edf-8482-ba069db2048e: cophenetic index 2402; 1.5 s; peak memory 727 MiB.
2026-10-08T18:51:50Z INFO [3868/4500] a0bd461a-00dd-449c-a8af-ceaa5a458e03: cophenetic index 1087; 1.0 s; peak memory 727 MiB.
2026-10-08T18:51:51Z INFO [3869/4500] a0bd6af6-a57e-4567-a469-d987267831c0: cophenetic index 490; 0.4 s; peak memory 727 MiB.
2026-10-08T18:51:51Z INFO [3870/4500] a0bda358-1bb1-4a17-9006-16ea9ca95d9d: cophenetic index 624; 0.5 s; peak memory 727 MiB.
2026-10-08T18:51:53Z INFO [3871/4500] a0be1de7-37b5-478e-ab93-0637fba476c9: cophenetic index 2391; 1.8 s; peak memory 727 MiB.
2026-10-08T18:51:54Z INFO [3872/4500] a0be208d-b7fc-48e2-a5a0-63cccaf5ddff: cophenetic index 624; 0.7 s; peak memory 727 MiB.
2026-10-08T18:51:54Z INFO [3873/4500] a0be3be1-899a-4480-9de8-d497f1644eea: cophenetic index 624; 0.8 s; peak memory 727 MiB.
2026-10-08T18:51:59Z INFO [3874/4500] a0be9c09-fd28-4071-a5dc-196eabac7163: cophenetic index 109372; 4.4 s; peak memory 727 MiB.
2026-10-08T18:52:02Z INFO [3875/4500] a0c00223-96b0-4e9d-b3f7-306898024bb8: cophenetic index 49711; 3.1 s; peak memory 727 MiB.
2026-10-08T18:52:03Z INFO [3876/4500] a0c015db-e71e-484e-8620-1c2f73522545: cophenetic index 33998; 1.3 s; peak memory 727 MiB.
2026-10-08T18:52:04Z INFO [3877/4500] a0c111be-5924-4992-ab79-380f79865fb5: cophenetic index 624; 0.6 s; peak memory 727 MiB.
2026-10-08T18:52:05Z INFO [3878/4500] a0c16963-0572-4a05-be56-2a5ff1cab5c9: cophenetic index 2625; 0.8 s; peak memory 727 MiB.
2026-10-08T18:52:05Z INFO [3879/4500] a0c1da04-04a3-4fe6-b10f-d6dae1223d53: cophenetic index 605; 0.9 s; peak memory 727 MiB.
2026-10-08T18:52:07Z INFO [3880/4500] a0c1e512-fb0a-4ee9-b331-712c70066a0a: cophenetic index 2402; 1.5 s; peak memory 727 MiB.
2026-10-08T18:52:07Z INFO [3881/4500] a0c20835-4194-4e56-8cff-7d160e910ef7: cophenetic index 719; 0.4 s; peak memory 727 MiB.
2026-10-08T18:52:08Z INFO [3882/4500] a0c215a4-4e23-4f02-8748-904cf2275964: cophenetic index 446; 0.4 s; peak memory 727 MiB.
2026-10-08T18:52:08Z INFO [3883/4500] a0c228c6-0a6c-4b2d-91ac-ebb6b215a4ea: cophenetic index 624; 0.7 s; peak memory 727 MiB.
2026-10-08T18:52:10Z INFO [3884/4500] a0c5745c-c33f-4082-9d26-88501bcd7233: cophenetic index 33962; 1.0 s; peak memory 727 MiB.
2026-10-08T18:52:10Z INFO [3885/4500] a0c5c8b8-eeb9-490a-84f4-eb6faace3ae1: cophenetic index 624; 0.8 s; peak memory 727 MiB.
2026-10-08T18:52:11Z INFO [3886/4500] a0c81df5-1947-4466-a77d-e0114c4424b7: cophenetic index 624; 0.8 s; peak memory 727 MiB.
2026-10-08T18:52:12Z INFO [3887/4500] a0c83d3f-486c-416d-a26a-ede60a41a68b: cophenetic index 2932; 0.8 s; peak memory 727 MiB.
2026-10-08T18:52:17Z INFO [3888/4500] a0c8c506-02f5-430d-b4ee-97d5404efe4f: cophenetic index 134734; 5.0 s; peak memory 727 MiB.
2026-10-08T18:52:17Z INFO [3889/4500] a0c90e8f-afa9-4679-a32a-7bf333820549: cophenetic index 651; 0.5 s; peak memory 727 MiB.
2026-10-08T18:52:22Z INFO [3890/4500] a0c92f57-a5b5-4272-89d6-2615bb75781c: cophenetic index 94088; 4.4 s; peak memory 727 MiB.
2026-10-08T18:52:22Z INFO [3891/4500] a0c9de75-2628-4a92-958b-6dad76ebf283: cophenetic index 2814; 0.7 s; peak memory 727 MiB.
2026-10-08T18:52:26Z INFO [3892/4500] a0ca1246-9901-4702-ae42-48d15d076405: cophenetic index 64276; 3.9 s; peak memory 727 MiB.
2026-10-08T18:52:27Z INFO [3893/4500] a0caae74-a4a9-48cd-94fd-6949b424bba9: cophenetic index 1570; 0.8 s; peak memory 727 MiB.
2026-10-08T18:52:34Z INFO [3894/4500] a0cad535-f2f0-42de-bdcd-96e07af99f87: cophenetic index 49912; 6.9 s; peak memory 727 MiB.
2026-10-08T18:52:35Z INFO [3895/4500] a0cb031d-8305-48e8-a010-64fa08ebd622: cophenetic index 2974; 0.6 s; peak memory 727 MiB.
2026-10-08T18:52:35Z INFO [3896/4500] a0cb36a5-0c1a-4b65-96a5-53a1d5025d5f: cophenetic index 624; 0.7 s; peak memory 727 MiB.
2026-10-08T18:52:36Z INFO [3897/4500] a0cb75d0-888e-467b-a536-b226931874f4: cophenetic index 1228; 0.6 s; peak memory 727 MiB.
2026-10-08T18:52:39Z INFO [3898/4500] a0cb945a-6703-4187-83ef-4d3157dc2824: cophenetic index 8488; 3.3 s; peak memory 727 MiB.
2026-10-08T18:52:40Z INFO [3899/4500] a0cbf647-fe4a-404c-8452-00a66f42cf2d: cophenetic index 1038; 0.8 s; peak memory 727 MiB.
2026-10-08T18:52:41Z INFO [3900/4500] a0cc1371-5991-4ac0-b43d-0d7a515c8cc2: cophenetic index 624; 0.6 s; peak memory 727 MiB.
2026-10-08T18:52:41Z INFO [3900/4500] a0cc1371-5991-4ac0-b43d-0d7a515c8cc2: checkpointed 124323 new records.
2026-10-08T18:52:42Z INFO [3901/4500] a0cd74a3-3c80-4e3b-8fc8-cbb717d7c068: cophenetic index 2974; 0.7 s; peak memory 727 MiB.
2026-10-08T18:52:42Z INFO [3902/4500] a0cdf44d-3d54-4294-bc6d-11bb2d0c14b8: cophenetic index 2625; 0.7 s; peak memory 727 MiB.
2026-10-08T18:52:44Z INFO [3903/4500] a0ce8972-0d8b-438b-821b-13737d0354f9: cophenetic index 2005; 1.1 s; peak memory 727 MiB.
2026-10-08T18:52:45Z INFO [3904/4500] a0ce966c-2771-4fe5-a34f-247fca9b47ad: cophenetic index 4015; 1.5 s; peak memory 727 MiB.
2026-10-08T18:52:46Z INFO [3905/4500] a0cf40bf-bccc-4677-93b5-fb3841e13301: cophenetic index 33998; 1.2 s; peak memory 727 MiB.
2026-10-08T18:52:53Z INFO [3906/4500] a0cfb097-c8c3-478b-afc7-9456b06b0b58: cophenetic index 47144; 6.4 s; peak memory 727 MiB.
2026-10-08T18:52:53Z INFO [3907/4500] a0cfbe9c-aa04-46a1-9eaa-dc2dc4b46e2e: cophenetic index 624; 0.6 s; peak memory 727 MiB.
2026-10-08T18:52:54Z INFO [3908/4500] a0d016ef-7ea6-497f-8b98-8b64dba57472: cophenetic index 624; 0.8 s; peak memory 727 MiB.
2026-10-08T18:52:55Z INFO [3909/4500] a0d02c49-c4b5-4185-9c74-4aaaf983ac5e: cophenetic index 624; 1.1 s; peak memory 727 MiB.
2026-10-08T18:53:34Z INFO [3910/4500] a0d13fb4-b98e-4a06-ae9a-938f889d8663: cophenetic index 5879857; 38.9 s; peak memory 727 MiB.
2026-10-08T18:53:35Z INFO [3911/4500] a0d1b313-bfe9-43bf-8831-d66ff3939988: cophenetic index 33986; 1.0 s; peak memory 727 MiB.
2026-10-08T18:53:36Z INFO [3912/4500] a0d22633-4e8a-44b3-aeb9-6e1c3f4ca094: cophenetic index 1496; 1.4 s; peak memory 727 MiB.
2026-10-08T18:53:37Z INFO [3913/4500] a0d3e000-ddc5-4ebf-8e41-8b608e08b1cd: cophenetic index 624; 0.7 s; peak memory 727 MiB.
2026-10-08T18:53:38Z INFO [3914/4500] a0d44e5f-36e0-496a-805b-1fdd47ceecce: cophenetic index 627; 0.6 s; peak memory 727 MiB.
2026-10-08T18:53:38Z INFO [3915/4500] a0d4ee06-6f6e-4c62-a528-cff29c76bbfb: cophenetic index 624; 0.7 s; peak memory 727 MiB.
2026-10-08T18:53:39Z INFO [3916/4500] a0d5982a-8db5-4e72-8737-9e90ac9fcec8: cophenetic index 33962; 0.9 s; peak memory 727 MiB.
2026-10-08T18:53:43Z INFO [3917/4500] a0d5aca5-1e5a-41da-9ad7-48eb72c5085a: cophenetic index 113033; 4.1 s; peak memory 727 MiB.
2026-10-08T18:53:48Z INFO [3918/4500] a0d613af-f304-4183-b855-7d0b83f57df7: cophenetic index 118707; 4.8 s; peak memory 727 MiB.
2026-10-08T18:53:49Z INFO [3919/4500] a0d72f03-0935-4b37-9f5b-d324a99dd789: cophenetic index 649; 0.7 s; peak memory 727 MiB.
2026-10-08T18:53:50Z INFO [3920/4500] a0d8a262-3dfd-4f33-9d16-b384024b82d1: cophenetic index 554; 0.8 s; peak memory 727 MiB.
2026-10-08T18:53:50Z INFO [3921/4500] a0d8a547-af41-4537-ac3d-755b5e7c0b83: cophenetic index 633; 0.5 s; peak memory 727 MiB.
2026-10-08T18:53:52Z INFO [3922/4500] a0d8d04f-77f3-4c31-9394-15e2138ff5a0: cophenetic index 2069; 1.6 s; peak memory 727 MiB.
2026-10-08T18:53:53Z INFO [3923/4500] a0d8dd05-e0de-4c97-b082-5b3bac646b5a: cophenetic index 2570; 0.8 s; peak memory 727 MiB.
2026-10-08T18:53:54Z INFO [3924/4500] a0d8dfdd-2843-4784-83af-cd1febf739d4: cophenetic index 1087; 1.2 s; peak memory 727 MiB.
2026-10-08T18:53:54Z INFO [3925/4500] a0d99936-8e21-4ea3-b8be-4608d031e45f: cophenetic index 3004; 0.7 s; peak memory 727 MiB.
2026-10-08T18:53:55Z INFO [3926/4500] a0da057f-c956-4f76-a505-9730336a1b9a: cophenetic index 164; 0.4 s; peak memory 727 MiB.
2026-10-08T18:53:57Z INFO [3927/4500] a0da340a-e8ea-44f1-8407-ccce12bc9dc2: cophenetic index 5473; 2.0 s; peak memory 727 MiB.
2026-10-08T18:53:58Z INFO [3928/4500] a0da4456-8c40-4e7e-8654-ec461f25e6a3: cophenetic index 1087; 0.9 s; peak memory 727 MiB.
2026-10-08T18:53:59Z INFO [3929/4500] a0da60b0-956f-488d-aa8d-bb0223d1f9a5: cophenetic index 624; 0.8 s; peak memory 727 MiB.
2026-10-08T18:53:59Z INFO [3930/4500] a0da7295-58ff-463c-91a3-d044299bd98d: cophenetic index 624; 0.6 s; peak memory 727 MiB.
2026-10-08T18:54:00Z INFO [3931/4500] a0dc70bc-f11b-4883-be44-49a1ed5623ce: cophenetic index 937; 1.0 s; peak memory 727 MiB.
2026-10-08T18:54:05Z INFO [3932/4500] a0dd3628-fe74-42e3-a1b5-353286d59cfd: cophenetic index 33285; 4.9 s; peak memory 727 MiB.
2026-10-08T18:54:07Z INFO [3933/4500] a0dd49a4-9435-4b70-a127-31c3dbd7a6f3: cophenetic index 6490; 1.5 s; peak memory 727 MiB.
2026-10-08T18:54:08Z INFO [3934/4500] a0ddb43d-e026-4a50-998f-cc3fbacf1647: cophenetic index 3087; 0.8 s; peak memory 727 MiB.
2026-10-08T18:54:09Z INFO [3935/4500] a0ddcb06-e945-4204-a840-6e13ba1d3e74: cophenetic index 2625; 1.0 s; peak memory 727 MiB.
2026-10-08T18:54:09Z INFO [3936/4500] a0de4290-d94d-4946-a9a4-81caccd176e6: cophenetic index 649; 0.6 s; peak memory 727 MiB.
2026-10-08T18:54:17Z INFO [3937/4500] a0de50f7-8d14-4faa-ab4b-25f67a227b00: cophenetic index 306771; 7.5 s; peak memory 727 MiB.
2026-10-08T18:54:17Z INFO [3938/4500] a0de729d-5c10-4883-ab77-5581345fe681: cophenetic index 3087; 0.7 s; peak memory 727 MiB.
2026-10-08T18:54:18Z INFO [3939/4500] a0decb94-ca24-461b-9180-796d621bf1fa: cophenetic index 3087; 0.6 s; peak memory 727 MiB.
2026-10-08T18:54:22Z INFO [3940/4500] a0df6fc1-b72d-46ce-b09e-56babe19a895: cophenetic index 78206; 3.9 s; peak memory 727 MiB.
2026-10-08T18:54:22Z INFO [3941/4500] a0df7da6-8973-470a-916f-b12a0d9f9524: cophenetic index 646; 0.5 s; peak memory 727 MiB.
2026-10-08T18:54:23Z INFO [3942/4500] a0e009cc-cbb1-443f-9378-c7f506bd9cfb: cophenetic index 3004; 0.7 s; peak memory 727 MiB.
2026-10-08T18:54:24Z INFO [3943/4500] a0e16543-ad71-48e9-8421-761ca1ee230e: cophenetic index 33968; 0.9 s; peak memory 727 MiB.
2026-10-08T18:54:28Z INFO [3944/4500] a0e16bbd-e98b-4815-8939-a132a399e23f: cophenetic index 90763; 3.8 s; peak memory 727 MiB.
2026-10-08T18:54:28Z INFO [3945/4500] a0e19a31-b709-45d4-98d5-f5692237dbc9: cophenetic index 3057; 0.6 s; peak memory 727 MiB.
2026-10-08T18:54:29Z INFO [3946/4500] a0e1b65b-7582-4267-b63e-61f16a8b5329: cophenetic index 597; 0.6 s; peak memory 727 MiB.
2026-10-08T18:54:30Z INFO [3947/4500] a0e1de22-266b-4b48-8489-f295e6c37c00: cophenetic index 23788; 0.6 s; peak memory 727 MiB.
2026-10-08T18:54:30Z INFO [3948/4500] a0e1e826-12fa-49da-9328-9e68828c628d: cophenetic index 23206; 0.8 s; peak memory 727 MiB.
2026-10-08T18:54:34Z INFO [3949/4500] a0e32741-fe7b-4208-b0ff-b47775a3ff23: cophenetic index 56260; 3.2 s; peak memory 727 MiB.
2026-10-08T18:54:37Z INFO [3950/4500] a0e3354b-a4fc-4e7b-a738-cdba3feffdc6: cophenetic index 82031; 3.2 s; peak memory 727 MiB.
2026-10-08T18:54:37Z INFO [3950/4500] a0e3354b-a4fc-4e7b-a738-cdba3feffdc6: checkpointed 124373 new records.
2026-10-08T18:54:39Z INFO [3951/4500] a0e3c117-d38f-4b8a-b6e3-9a5160244587: cophenetic index 2469; 1.8 s; peak memory 727 MiB.
2026-10-08T18:54:39Z INFO [3952/4500] a0e4fde1-6f46-40e1-9182-3558dc164dc6: cophenetic index 164; 0.5 s; peak memory 727 MiB.
2026-10-08T18:54:40Z INFO [3953/4500] a0e63704-ed62-4357-8189-9bfee1146f92: cophenetic index 3215; 0.6 s; peak memory 727 MiB.
2026-10-08T18:54:41Z INFO [3954/4500] a0e75ccf-94ac-465f-b2fb-6dcf72df8ce2: cophenetic index 3342; 1.5 s; peak memory 727 MiB.
2026-10-08T18:54:42Z INFO [3955/4500] a0e76f28-2dcd-41bf-91b1-69c919bba79b: cophenetic index 3057; 0.9 s; peak memory 727 MiB.
2026-10-08T18:54:43Z INFO [3956/4500] a0e7ade9-70af-4ee3-bef1-22c8b4703ebf: cophenetic index 624; 0.7 s; peak memory 727 MiB.
2026-10-08T18:54:44Z INFO [3957/4500] a0e7c3a3-f32a-4842-aab0-ecc3651d57dd: cophenetic index 2923; 0.6 s; peak memory 727 MiB.
2026-10-08T18:54:53Z INFO [3958/4500] a0e8edab-0b38-4891-bd33-72a6fb22419f: cophenetic index 657603; 9.0 s; peak memory 727 MiB.
2026-10-08T18:54:53Z INFO [3959/4500] a0e9fea5-cffd-4a14-97b8-a62c90438390: cophenetic index 2974; 0.8 s; peak memory 727 MiB.
2026-10-08T18:54:54Z INFO [3960/4500] a0ea11a7-bade-46fb-ad26-b420d2dce09e: cophenetic index 3004; 0.8 s; peak memory 727 MiB.
2026-10-08T18:54:55Z INFO [3961/4500] a0ea2611-5c6d-4ca5-ad57-e09a681186fb: cophenetic index 2625; 1.0 s; peak memory 727 MiB.
2026-10-08T18:54:56Z INFO [3962/4500] a0eae65a-2ece-482c-9080-c895e582b104: cophenetic index 624; 0.9 s; peak memory 727 MiB.
2026-10-08T18:54:57Z INFO [3963/4500] a0eaf069-a45b-46d8-9e63-6849306cbbcb: cophenetic index 2609; 1.3 s; peak memory 727 MiB.
2026-10-08T18:55:03Z INFO [3964/4500] a0eb5bf9-cd59-4298-b43a-c3a9637e94ee: cophenetic index 149289; 5.5 s; peak memory 727 MiB.
2026-10-08T18:55:04Z INFO [3965/4500] a0eba3c5-ee4b-41c9-be17-3ce247c1bc9a: cophenetic index 3004; 0.9 s; peak memory 727 MiB.
2026-10-08T18:55:05Z INFO [3966/4500] a0ed0e12-d1c7-4310-aff7-d394037242f5: cophenetic index 41788; 0.8 s; peak memory 727 MiB.
2026-10-08T18:55:05Z INFO [3967/4500] a0ed31a6-229a-4f0e-a8bc-7f44fd21c719: cophenetic index 624; 0.8 s; peak memory 727 MiB.
2026-10-08T18:55:06Z INFO [3968/4500] a0ed7309-79c1-456c-b88b-1b2fc0e29bf6: cophenetic index 624; 0.7 s; peak memory 727 MiB.
2026-10-08T18:55:07Z INFO [3969/4500] a0ed76f0-b534-4206-a2ba-738d5d3adcba: cophenetic index 761; 0.5 s; peak memory 727 MiB.
2026-10-08T18:55:10Z INFO [3970/4500] a0ee57e7-80a2-4593-b7b8-130519f3677b: cophenetic index 9548; 3.7 s; peak memory 727 MiB.
2026-10-08T18:55:11Z INFO [3971/4500] a0eef599-f402-4a01-b48b-489fe32d4915: cophenetic index 690; 0.5 s; peak memory 727 MiB.
2026-10-08T18:55:12Z INFO [3972/4500] a0ef0a91-4262-45c7-801a-32d911ea9635: cophenetic index 937; 1.1 s; peak memory 727 MiB.
2026-10-08T18:55:13Z INFO [3973/4500] a0ef43fc-a85f-4592-99ee-651492fe5bd3: cophenetic index 624; 0.7 s; peak memory 727 MiB.
2026-10-08T18:55:13Z INFO [3974/4500] a0f0c3d6-afc3-4cef-93c5-3483123ee964: cophenetic index 3447; 0.8 s; peak memory 727 MiB.
2026-10-08T18:55:17Z INFO [3975/4500] a0f0e123-53a9-42b6-94c1-690d69ede1fd: cophenetic index 9548; 3.3 s; peak memory 727 MiB.
2026-10-08T18:55:19Z INFO [3976/4500] a0f3318a-1d0e-48fc-8833-45f3e7d52f7e: cophenetic index 153257; 2.8 s; peak memory 727 MiB.
2026-10-08T18:55:20Z INFO [3977/4500] a0f34c65-b818-4770-ad86-ee504034abcc: cophenetic index 490; 0.5 s; peak memory 727 MiB.
2026-10-08T18:55:20Z INFO [3978/4500] a0f3a025-fcfe-4d12-805a-e09c9d3ef761: cophenetic index 690; 0.5 s; peak memory 727 MiB.
2026-10-08T18:55:21Z INFO [3979/4500] a0f40dfb-3596-4385-a4a4-e7b9e886fec9: cophenetic index 2625; 0.9 s; peak memory 727 MiB.
2026-10-08T18:55:30Z INFO [3980/4500] a0f4a5cc-5890-4486-86fc-6d71207af2e4: cophenetic index 639665; 8.4 s; peak memory 727 MiB.
2026-10-08T18:55:30Z INFO [3981/4500] a0f4c32f-d8b6-4d6a-aafd-e0e382e14e6d: cophenetic index 3004; 0.7 s; peak memory 727 MiB.
2026-10-08T18:55:31Z INFO [3982/4500] a0f59ee4-48ae-4496-bfe6-af50faed67ef: cophenetic index 2625; 0.9 s; peak memory 727 MiB.
2026-10-08T18:55:32Z INFO [3983/4500] a0f6c43c-8a7a-4748-b1af-a36a8c2a4233: cophenetic index 2625; 0.9 s; peak memory 727 MiB.
2026-10-08T18:55:33Z INFO [3984/4500] a0f72e6b-ca7b-471a-8024-f6ebed5c66ee: cophenetic index 624; 0.6 s; peak memory 727 MiB.
2026-10-08T18:55:34Z INFO [3985/4500] a0f78d3a-a379-4597-94d3-d37223802b8a: cophenetic index 605; 0.8 s; peak memory 727 MiB.
2026-10-08T18:55:35Z INFO [3986/4500] a0f85b0c-5a27-4c6f-8691-bac036765d3f: cophenetic index 2402; 1.7 s; peak memory 727 MiB.
2026-10-08T18:55:36Z INFO [3987/4500] a0f95834-9cac-4f6d-bdb5-db964e0be4f9: cophenetic index 2570; 0.6 s; peak memory 727 MiB.
2026-10-08T18:55:41Z INFO [3988/4500] a0f96744-e13d-418e-a040-1df9ab60de1f: cophenetic index 12796; 5.5 s; peak memory 727 MiB.
2026-10-08T18:55:46Z INFO [3989/4500] a0f9e8e2-dc67-429c-984d-00962644c7bd: cophenetic index 15817; 5.1 s; peak memory 727 MiB.
2026-10-08T18:55:47Z INFO [3990/4500] a0fa106d-a1ae-44f4-9b49-17bc3c5dc5aa: cophenetic index 3004; 0.6 s; peak memory 727 MiB.
2026-10-08T18:55:47Z INFO [3991/4500] a0fa4a38-5c24-4d05-bbba-64c45570fb0e: cophenetic index 490; 0.4 s; peak memory 727 MiB.
2026-10-08T18:55:48Z INFO [3992/4500] a0fb0f8b-6665-4965-abc7-718a1fab5fec: cophenetic index 1904; 0.9 s; peak memory 727 MiB.
2026-10-08T18:55:50Z INFO [3993/4500] a0fc82d3-9d30-4aa9-8c30-367e56aac626: cophenetic index 2682; 1.4 s; peak memory 727 MiB.
2026-10-08T18:55:51Z INFO [3994/4500] a0fc91af-318a-4cc3-ac93-7653d17fed2f: cophenetic index 2625; 0.9 s; peak memory 727 MiB.
2026-10-08T18:55:51Z INFO [3995/4500] a0fc9c8e-a067-47c1-96e8-3506019ee12c: cophenetic index 560; 0.5 s; peak memory 727 MiB.
2026-10-08T18:55:52Z INFO [3996/4500] a0fd9005-54b8-46e6-a99a-00a35ffbfef1: cophenetic index 624; 0.7 s; peak memory 727 MiB.
2026-10-08T18:55:53Z INFO [3997/4500] a0fdf90b-6453-42f2-9de9-4ff29751c5c3: cophenetic index 624; 0.7 s; peak memory 727 MiB.
2026-10-08T18:55:53Z INFO [3998/4500] a0fe427d-573f-4b66-95bd-f337c1b9aaa6: cophenetic index 643; 0.5 s; peak memory 727 MiB.
2026-10-08T18:55:54Z INFO [3999/4500] a0fe8cb3-c0c4-4c63-9aac-5f41ed826b5a: cophenetic index 624; 0.6 s; peak memory 727 MiB.
2026-10-08T18:55:56Z INFO [4000/4500] a0fff2c7-0c51-4d6b-81b6-3d0785458531: cophenetic index 2402; 1.8 s; peak memory 727 MiB.
2026-10-08T18:55:56Z INFO [4000/4500] a0fff2c7-0c51-4d6b-81b6-3d0785458531: checkpointed 124423 new records.
2026-10-08T18:56:00Z INFO [4001/4500] a10108a2-9527-460b-b63c-b203ff0f258e: cophenetic index 109395; 4.0 s; peak memory 727 MiB.
2026-10-08T18:56:00Z INFO [4002/4500] a101757d-77dc-4bba-b442-04fc76c2f5ab: cophenetic index 624; 0.8 s; peak memory 727 MiB.
2026-10-08T18:56:01Z INFO [4003/4500] a10277ec-290d-4591-b006-7be9cc7d1683: cophenetic index 605; 0.9 s; peak memory 727 MiB.
2026-10-08T18:56:03Z INFO [4004/4500] a102bf98-09ec-464f-8d11-fa2604841bde: cophenetic index 41867; 2.0 s; peak memory 727 MiB.
2026-10-08T18:56:04Z INFO [4005/4500] a1036692-5e76-4931-9129-ec804e92f8ac: cophenetic index 490; 0.4 s; peak memory 727 MiB.
2026-10-08T18:56:09Z INFO [4006/4500] a10580c9-ad79-44f8-a699-a64b2d6eba9b: cophenetic index 15946; 4.8 s; peak memory 727 MiB.
2026-10-08T18:56:10Z INFO [4007/4500] a1062dc8-3836-4467-a08d-1882181e12d9: cophenetic index 1087; 1.0 s; peak memory 727 MiB.
2026-10-08T18:56:25Z INFO [4008/4500] a10651a0-891b-43f0-9ce5-2d154605d7c6: cophenetic index 42755; 15.3 s; peak memory 727 MiB.
2026-10-08T18:56:26Z INFO [4009/4500] a10660b1-1f1a-45a2-bfb0-22dc1ca3412a: cophenetic index 624; 0.7 s; peak memory 727 MiB.
2026-10-08T18:56:26Z INFO [4010/4500] a106937f-c7d3-41cf-9757-4e96a2f4a21c: cophenetic index 624; 0.7 s; peak memory 727 MiB.
2026-10-08T18:56:27Z INFO [4011/4500] a106f386-e10b-4791-9ea7-102b1924687e: cophenetic index 623; 0.7 s; peak memory 727 MiB.
2026-10-08T18:56:29Z INFO [4012/4500] a107626e-2a81-4264-9a93-32be34a632cc: cophenetic index 2682; 1.4 s; peak memory 727 MiB.
2026-10-08T18:56:29Z INFO [4013/4500] a1077be7-5951-4ae0-9900-7ee67f678996: cophenetic index 624; 0.7 s; peak memory 727 MiB.
2026-10-08T18:56:30Z INFO [4014/4500] a108930b-82b6-43ff-b14e-ffc87fe090d5: cophenetic index 695; 0.9 s; peak memory 727 MiB.
2026-10-08T18:56:31Z INFO [4015/4500] a10967ce-6152-473b-8ce3-2cedd4a9f602: cophenetic index 624; 0.7 s; peak memory 727 MiB.
2026-10-08T18:56:32Z INFO [4016/4500] a10ab0dc-0f14-439d-be85-e0d8749c1032: cophenetic index 605; 1.0 s; peak memory 727 MiB.
2026-10-08T18:56:34Z INFO [4017/4500] a10ad843-7cc6-46ff-b330-943e4fdfa5d6: cophenetic index 2469; 2.0 s; peak memory 727 MiB.
2026-10-08T18:56:37Z INFO [4018/4500] a10bc6ab-881f-45e7-a432-3ee54dd7d2f4: cophenetic index 50061; 2.8 s; peak memory 727 MiB.
2026-10-08T18:56:37Z INFO [4019/4500] a10c64de-6181-47bf-81c1-c4c166618c8d: cophenetic index 624; 0.7 s; peak memory 727 MiB.
2026-10-08T18:56:38Z INFO [4020/4500] a10d3ddf-8a5b-49d2-ad25-102c9b30c265: cophenetic index 624; 0.7 s; peak memory 727 MiB.
2026-10-08T18:56:39Z INFO [4021/4500] a10dd2d3-5f1b-4d4c-a594-a915c5bbe70d: cophenetic index 718; 1.1 s; peak memory 727 MiB.
2026-10-08T18:56:40Z INFO [4022/4500] a10df506-5b0a-4e8f-a06e-87ebc92a4749: cophenetic index 624; 0.6 s; peak memory 727 MiB.
2026-10-08T18:56:40Z INFO [4023/4500] a10e5df7-e2fd-407c-8f4d-b98104c631fb: cophenetic index 646; 0.7 s; peak memory 727 MiB.
2026-10-08T18:56:41Z INFO [4024/4500] a10f3ed6-faf4-49c2-9e25-f1871ba1d07c: cophenetic index 554; 0.7 s; peak memory 727 MiB.
2026-10-08T18:56:49Z INFO [4025/4500] a10fa0b0-70fe-4d15-8320-2dd3316cbd8f: cophenetic index 557327; 8.2 s; peak memory 727 MiB.
2026-10-08T18:56:50Z INFO [4026/4500] a10fdd11-1c2d-4fc8-bb73-d4ba82ced3ee: cophenetic index 624; 0.7 s; peak memory 727 MiB.
2026-10-08T18:56:51Z INFO [4027/4500] a1110eb1-2ae3-49fa-a06b-e82b115c4b31: cophenetic index 725; 0.6 s; peak memory 727 MiB.
2026-10-08T18:56:51Z INFO [4028/4500] a1112b54-ed7e-4e31-93dd-ae94a1dea045: cophenetic index 739; 0.5 s; peak memory 727 MiB.
2026-10-08T18:56:51Z INFO [4029/4500] a11203e6-431c-4480-8384-68253bf988ea: cophenetic index 490; 0.4 s; peak memory 727 MiB.
2026-10-08T18:56:52Z INFO [4030/4500] a112f05e-8405-47b9-b4e1-0c27b2f8a270: cophenetic index 3004; 0.8 s; peak memory 727 MiB.
2026-10-08T18:56:53Z INFO [4031/4500] a11332df-10f7-4d16-bb4d-c932963b9a1a: cophenetic index 3004; 0.8 s; peak memory 727 MiB.
2026-10-08T18:56:54Z INFO [4032/4500] a113add5-6745-4128-92b2-20e9993266d8: cophenetic index 624; 0.6 s; peak memory 727 MiB.
2026-10-08T18:56:55Z INFO [4033/4500] a113c7b4-3b10-4f55-8537-b1e8eb1413fb: cophenetic index 2682; 1.7 s; peak memory 727 MiB.
2026-10-08T18:56:56Z INFO [4034/4500] a113cabf-ba70-420b-a9dd-5674cd388c00: cophenetic index 2625; 0.9 s; peak memory 727 MiB.
2026-10-08T18:57:01Z INFO [4035/4500] a1144514-1e13-420e-9994-3fe44e7cce7f: cophenetic index 118326; 4.3 s; peak memory 727 MiB.
2026-10-08T18:57:01Z INFO [4036/4500] a1166b46-f207-4e22-83c6-77e88d7388f2: cophenetic index 643; 0.4 s; peak memory 727 MiB.
2026-10-08T18:57:02Z INFO [4037/4500] a116a7eb-e277-44af-abad-34885913d998: cophenetic index 107822; 1.4 s; peak memory 727 MiB.
2026-10-08T18:57:06Z INFO [4038/4500] a1176e01-0647-42dc-8926-c2a87dd5bc18: cophenetic index 5466; 3.8 s; peak memory 727 MiB.
2026-10-08T18:57:09Z INFO [4039/4500] a117b22c-0090-4167-be55-ecae1525a138: cophenetic index 9298; 3.2 s; peak memory 727 MiB.
2026-10-08T18:57:10Z INFO [4040/4500] a11805c9-d5ee-49c4-84d4-28d3263674f6: cophenetic index 624; 0.7 s; peak memory 727 MiB.
2026-10-08T18:57:12Z INFO [4041/4500] a1180edb-4456-43cd-8b12-5445fdb71ed8: cophenetic index 5473; 1.8 s; peak memory 727 MiB.
2026-10-08T18:57:13Z INFO [4042/4500] a1184571-7e74-49f4-9e1e-775516f72144: cophenetic index 624; 0.7 s; peak memory 727 MiB.
2026-10-08T18:57:16Z INFO [4043/4500] a1189ac0-f9fd-458a-885b-51bdcbd9625c: cophenetic index 42301; 3.0 s; peak memory 727 MiB.
2026-10-08T18:57:22Z INFO [4044/4500] a1189fb2-1726-49d6-ad87-4e39a8bbe0c8: cophenetic index 205716; 6.8 s; peak memory 727 MiB.
2026-10-08T18:57:24Z INFO [4045/4500] a11b1a40-094b-4478-8e3a-835b7e4a0dc0: cophenetic index 326483; 1.3 s; peak memory 727 MiB.
2026-10-08T18:57:26Z INFO [4046/4500] a11b2e1b-d138-4826-baf4-105f95f9a0e6: cophenetic index 3045; 2.6 s; peak memory 727 MiB.
2026-10-08T18:57:27Z INFO [4047/4500] a11ba8a8-0ec7-4966-8600-395f56ec41b7: cophenetic index 26986; 0.9 s; peak memory 727 MiB.
2026-10-08T18:57:28Z INFO [4048/4500] a11ba9a3-8d11-4c4b-befa-1a6cd7c831b5: cophenetic index 1751; 1.0 s; peak memory 727 MiB.
2026-10-08T18:57:29Z INFO [4049/4500] a11ce223-8a46-47f6-a9b6-dcf63fde2524: cophenetic index 2625; 0.8 s; peak memory 727 MiB.
2026-10-08T18:57:31Z INFO [4050/4500] a11d40d7-dd2a-4172-86cb-b9fc5a372186: cophenetic index 2402; 1.8 s; peak memory 727 MiB.
2026-10-08T18:57:31Z INFO [4050/4500] a11d40d7-dd2a-4172-86cb-b9fc5a372186: checkpointed 124473 new records.
2026-10-08T18:57:32Z INFO [4051/4500] a11ded36-7819-4f00-8063-2651dad522bc: cophenetic index 23370; 0.7 s; peak memory 727 MiB.
2026-10-08T18:57:33Z INFO [4052/4500] a11e6137-9df9-4e69-bfd5-61aa863d9c87: cophenetic index 605; 0.8 s; peak memory 727 MiB.
2026-10-08T18:57:33Z INFO [4053/4500] a11ec2cf-8868-49fd-a743-2fbddc9901de: cophenetic index 3087; 0.7 s; peak memory 727 MiB.
2026-10-08T18:57:34Z INFO [4054/4500] a11f60f9-c150-44ab-ac08-714ff355cae2: cophenetic index 624; 0.6 s; peak memory 727 MiB.
2026-10-08T18:57:34Z INFO [4055/4500] a11f9b2c-2cbc-4622-99d8-0b4aa774dfc2: cophenetic index 646; 0.5 s; peak memory 727 MiB.
2026-10-08T18:57:39Z INFO [4056/4500] a11fc9fa-8b37-4526-be5a-aad2b3521fcc: cophenetic index 102685; 5.2 s; peak memory 727 MiB.
2026-10-08T18:57:40Z INFO [4057/4500] a11fe2a6-27c0-487c-978b-a6e0f38788c3: cophenetic index 33998; 1.0 s; peak memory 727 MiB.
2026-10-08T18:57:41Z INFO [4058/4500] a120354f-992f-4220-9efb-7505ec242d09: cophenetic index 560; 0.6 s; peak memory 727 MiB.
2026-10-08T18:57:42Z INFO [4059/4500] a120b91b-8b0a-4026-8835-279e89ff22e6: cophenetic index 2625; 1.0 s; peak memory 727 MiB.
2026-10-08T18:57:43Z INFO [4060/4500] a1210996-3bc3-4ab9-abab-a4cf989883c8: cophenetic index 624; 0.7 s; peak memory 727 MiB.
2026-10-08T18:57:43Z INFO [4061/4500] a1211887-26a8-46d2-af19-93a69992ebf5: cophenetic index 3087; 0.7 s; peak memory 727 MiB.
2026-10-08T18:57:45Z INFO [4062/4500] a1212f27-0fe5-4baa-b0b0-9fb778bf884a: cophenetic index 6490; 1.5 s; peak memory 727 MiB.
2026-10-08T18:57:46Z INFO [4063/4500] a121fb9e-eb6d-48a4-9683-dab8f14b8490: cophenetic index 23367; 0.8 s; peak memory 727 MiB.
2026-10-08T18:57:47Z INFO [4064/4500] a121fcb9-efe2-48f6-a706-53dcbf97a9ce: cophenetic index 1456; 0.8 s; peak memory 727 MiB.
2026-10-08T18:57:47Z INFO [4065/4500] a122658a-b3cf-414d-b8a4-fa5b41d88c26: cophenetic index 560; 0.7 s; peak memory 727 MiB.
2026-10-08T18:57:49Z INFO [4066/4500] a1228659-0288-4ae3-b1e2-9999f1215f15: cophenetic index 895; 1.4 s; peak memory 727 MiB.
2026-10-08T18:57:55Z INFO [4067/4500] a1236b95-0ae7-4463-be43-89ce98a4aa90: cophenetic index 49783; 6.0 s; peak memory 727 MiB.
2026-10-08T18:57:56Z INFO [4068/4500] a1237f5d-9e3d-44b2-94d2-fba9b910e5f4: cophenetic index 23864; 0.9 s; peak memory 727 MiB.
2026-10-08T18:57:56Z INFO [4069/4500] a1240b95-7f84-4ec3-bfd9-2e6f5d6de035: cophenetic index 2920; 0.7 s; peak memory 727 MiB.
2026-10-08T18:57:57Z INFO [4070/4500] a12479dc-f8cd-4baa-bcc9-38503e56a630: cophenetic index 624; 0.6 s; peak memory 727 MiB.
2026-10-08T18:57:58Z INFO [4071/4500] a124c4cd-c9ce-41eb-8ffb-be385ff8d9ee: cophenetic index 624; 0.6 s; peak memory 727 MiB.
2026-10-08T18:57:58Z INFO [4072/4500] a1254736-35ac-4f77-8cbe-be524768b689: cophenetic index 2625; 0.8 s; peak memory 727 MiB.
2026-10-08T18:58:06Z INFO [4073/4500] a125a2b8-0e23-42fc-93de-1dfc91d56604: cophenetic index 855103; 7.5 s; peak memory 727 MiB.
2026-10-08T18:58:06Z INFO [4074/4500] a125cea6-848d-4885-adc2-679979ad53a2: cophenetic index 624; 0.7 s; peak memory 727 MiB.
2026-10-08T18:58:10Z INFO [4075/4500] a125d7f2-8d34-43ee-88eb-35813448a067: cophenetic index 9548; 3.5 s; peak memory 727 MiB.
2026-10-08T18:58:11Z INFO [4076/4500] a1264c9b-3ded-4b49-ba48-d5f9f2db4a34: cophenetic index 33986; 1.1 s; peak memory 727 MiB.
2026-10-08T18:58:12Z INFO [4077/4500] a126bd19-d0f2-407e-b2c1-ea6e3eb7cb58: cophenetic index 2570; 0.6 s; peak memory 727 MiB.
2026-10-08T18:58:15Z INFO [4078/4500] a126d46e-0a2b-45a9-b83c-565d47415034: cophenetic index 16669; 3.0 s; peak memory 727 MiB.
2026-10-08T18:58:15Z INFO [4079/4500] a126d49a-d161-4904-9f14-15eede5281ff: cophenetic index 2625; 0.8 s; peak memory 727 MiB.
2026-10-08T18:58:16Z INFO [4080/4500] a127b7f4-fbe5-420b-873e-62e26f02eb4d: cophenetic index 3087; 0.8 s; peak memory 727 MiB.
2026-10-08T18:58:17Z INFO [4081/4500] a127d867-81a7-46d4-9abf-de152e856a45: cophenetic index 624; 0.7 s; peak memory 727 MiB.
2026-10-08T18:58:18Z INFO [4082/4500] a1282f22-b088-41e3-b7ca-3296bc9a48ba: cophenetic index 2625; 1.0 s; peak memory 727 MiB.
2026-10-08T18:58:18Z INFO [4083/4500] a128bc66-30cf-473f-bd27-5045fc4b3da7: cophenetic index 1265; 0.5 s; peak memory 727 MiB.
2026-10-08T18:58:20Z INFO [4084/4500] a12aa208-fed3-42fe-98e3-6bda5ab23bd1: cophenetic index 620; 1.3 s; peak memory 727 MiB.
2026-10-08T18:58:20Z INFO [4085/4500] a12b13ea-0f61-44b3-9b18-b46dbd63a2a9: cophenetic index 590; 0.7 s; peak memory 727 MiB.
2026-10-08T18:58:22Z INFO [4086/4500] a12bc040-db3f-4eb0-800f-1d98fa694aca: cophenetic index 4677; 1.3 s; peak memory 727 MiB.
2026-10-08T18:58:23Z INFO [4087/4500] a12c0fe3-0476-4150-ba8e-461af0014ab4: cophenetic index 6100; 0.8 s; peak memory 727 MiB.
2026-10-08T18:58:23Z INFO [4088/4500] a12d7d30-d670-4d8a-a508-fd7c561827c9: cophenetic index 23960; 0.8 s; peak memory 727 MiB.
2026-10-08T18:58:25Z INFO [4089/4500] a12d8559-161b-4a6e-98b0-901607ab6888: cophenetic index 1114; 1.3 s; peak memory 727 MiB.
2026-10-08T18:58:27Z INFO [4090/4500] a12e68c2-7e05-4c30-b6c6-ef93a96e17b3: cophenetic index 21642; 2.4 s; peak memory 727 MiB.
2026-10-08T18:58:28Z INFO [4091/4500] a12fc3d3-53b2-431d-9b4c-99e9480d72c2: cophenetic index 3087; 0.7 s; peak memory 727 MiB.
2026-10-08T18:58:29Z INFO [4092/4500] a12fd90b-8e8f-4f6c-bc00-1cc980757793: cophenetic index 1255; 1.7 s; peak memory 727 MiB.
2026-10-08T18:58:30Z INFO [4093/4500] a130aca9-b653-4363-b11a-51d1e6b553e6: cophenetic index 554; 0.9 s; peak memory 727 MiB.
2026-10-08T18:58:31Z INFO [4094/4500] a130ce4c-cefa-4602-902e-93039e123d17: cophenetic index 6352; 0.7 s; peak memory 727 MiB.
2026-10-08T18:58:32Z INFO [4095/4500] a130d115-6ed2-4890-b5f1-1d7d44792bb0: cophenetic index 1380; 0.9 s; peak memory 727 MiB.
2026-10-08T18:58:36Z INFO [4096/4500] a1314e1a-27a8-4d6b-9460-9b8d16c0d103: cophenetic index 64976; 3.7 s; peak memory 727 MiB.
2026-10-08T18:58:37Z INFO [4097/4500] a131d79d-9a88-4271-ab1e-65b9c2706100: cophenetic index 6636; 1.7 s; peak memory 727 MiB.
2026-10-08T18:58:38Z INFO [4098/4500] a1321848-ef41-46df-b24b-98a9cd6c4d4a: cophenetic index 624; 0.5 s; peak memory 727 MiB.
2026-10-08T18:58:38Z INFO [4099/4500] a132429a-1dc2-4ec7-9d5c-e80c2ac24fee: cophenetic index 725; 0.7 s; peak memory 727 MiB.
2026-10-08T18:58:42Z INFO [4100/4500] a1329ab3-790d-42bd-ac53-9eb22ab9f46e: cophenetic index 87573; 4.1 s; peak memory 727 MiB.
2026-10-08T18:58:43Z INFO [4100/4500] a1329ab3-790d-42bd-ac53-9eb22ab9f46e: checkpointed 124523 new records.
2026-10-08T18:58:51Z INFO [4101/4500] a1338f72-0342-4afe-aa01-07edb56507bf: cophenetic index 588695; 7.9 s; peak memory 727 MiB.
2026-10-08T18:58:52Z INFO [4102/4500] a1349b16-db94-453f-9474-bd07a4732d57: cophenetic index 2469; 1.5 s; peak memory 727 MiB.
2026-10-08T18:58:53Z INFO [4103/4500] a134d782-8d7b-4342-813d-30b69808ab39: cophenetic index 1602; 0.7 s; peak memory 727 MiB.
2026-10-08T18:58:54Z INFO [4104/4500] a1359201-9cfd-4159-81bb-c5c5067ddbba: cophenetic index 1380; 1.0 s; peak memory 727 MiB.
2026-10-08T18:58:54Z INFO [4105/4500] a1367257-a44b-4307-a25c-d33a982148dd: cophenetic index 431; 0.6 s; peak memory 727 MiB.
2026-10-08T18:58:55Z INFO [4106/4500] a1371fc2-2935-406d-b651-4f4ca7c54750: cophenetic index 23206; 0.8 s; peak memory 727 MiB.
2026-10-08T18:58:56Z INFO [4107/4500] a1372ccd-80b3-46d1-b56c-74fa9e0ef35c: cophenetic index 624; 0.7 s; peak memory 727 MiB.
2026-10-08T18:58:57Z INFO [4108/4500] a138205b-01b2-47bc-8e07-669c5543aa64: cophenetic index 2974; 0.6 s; peak memory 727 MiB.
2026-10-08T18:58:57Z INFO [4109/4500] a1385236-9d99-46e9-b348-8c311bc346ac: cophenetic index 2625; 0.8 s; peak memory 727 MiB.
2026-10-08T18:59:01Z INFO [4110/4500] a138bd5c-1dd8-4348-87ea-156c05e4b42d: cophenetic index 116363; 3.4 s; peak memory 727 MiB.
2026-10-08T18:59:01Z INFO [4111/4500] a138f5a2-038a-452a-b3f4-8cb042a24a3b: cophenetic index 433; 0.5 s; peak memory 727 MiB.
2026-10-08T18:59:02Z INFO [4112/4500] a138f86a-ed09-4f10-99b7-3330a96cf61b: cophenetic index 761; 0.5 s; peak memory 727 MiB.
2026-10-08T18:59:03Z INFO [4113/4500] a1392a16-a51e-4a08-9906-63ab0104dac4: cophenetic index 624; 0.9 s; peak memory 727 MiB.
2026-10-08T18:59:03Z INFO [4114/4500] a13a8e9c-2ba4-429c-9ec4-e762a5a7de5e: cophenetic index 1228; 0.4 s; peak memory 727 MiB.
2026-10-08T18:59:04Z INFO [4115/4500] a13adda7-16f3-438d-ba62-29e08b7ad575: cophenetic index 2625; 1.1 s; peak memory 727 MiB.
2026-10-08T18:59:05Z INFO [4116/4500] a13b6088-1bba-4224-9c7d-e5bbe1066ccf: cophenetic index 23406; 0.7 s; peak memory 727 MiB.
2026-10-08T18:59:05Z INFO [4117/4500] a13b825c-291a-40f6-bb1f-fed4307f1b5f: cophenetic index 3004; 0.7 s; peak memory 727 MiB.
2026-10-08T18:59:06Z INFO [4118/4500] a13c6c6f-8033-4dc4-b77f-40658d82d01f: cophenetic index 766; 0.8 s; peak memory 727 MiB.
2026-10-08T18:59:07Z INFO [4119/4500] a13d080d-45b3-40d0-a414-f22d57d82828: cophenetic index 33968; 0.8 s; peak memory 727 MiB.
2026-10-08T18:59:08Z INFO [4120/4500] a13d70ba-a8e0-41a2-a8e2-160b472cda31: cophenetic index 38460; 1.0 s; peak memory 727 MiB.
2026-10-08T18:59:09Z INFO [4121/4500] a13d8f4a-e905-441a-b77e-32643b6b6859: cophenetic index 325333; 1.3 s; peak memory 727 MiB.
2026-10-08T18:59:12Z INFO [4122/4500] a13e1e3a-a891-4b5c-8018-c02057603589: cophenetic index 2027; 2.6 s; peak memory 727 MiB.
2026-10-08T18:59:12Z INFO [4123/4500] a13efb72-0199-4ef6-948b-5c86f33658f0: cophenetic index 433; 0.4 s; peak memory 727 MiB.
2026-10-08T18:59:14Z INFO [4124/4500] a13efe22-6968-4697-b081-71b06e100529: cophenetic index 2469; 1.7 s; peak memory 727 MiB.
2026-10-08T18:59:15Z INFO [4125/4500] a13f197a-4c0f-4435-b347-07da1b66a21f: cophenetic index 3087; 0.8 s; peak memory 727 MiB.
2026-10-08T18:59:15Z INFO [4126/4500] a13f3fc8-5717-48ac-8922-d40711a2ba07: cophenetic index 624; 0.6 s; peak memory 727 MiB.
2026-10-08T18:59:16Z INFO [4127/4500] a1402f55-a569-408f-8680-fbca52942381: cophenetic index 466; 0.7 s; peak memory 727 MiB.
2026-10-08T18:59:17Z INFO [4128/4500] a1404363-3570-44dd-9dc6-0891675f31cc: cophenetic index 1265; 0.6 s; peak memory 727 MiB.
2026-10-08T18:59:17Z INFO [4129/4500] a140c55c-f81e-46f8-be02-38c1aceadf47: cophenetic index 624; 0.7 s; peak memory 727 MiB.
2026-10-08T18:59:18Z INFO [4130/4500] a142b1a7-0f7d-49db-8693-8f66e97c8eb1: cophenetic index 1002; 0.9 s; peak memory 727 MiB.
2026-10-08T18:59:19Z INFO [4131/4500] a142cb68-59d8-43d9-b1af-99c3360a768d: cophenetic index 690; 0.5 s; peak memory 727 MiB.
2026-10-08T18:59:20Z INFO [4132/4500] a142e047-d8ec-44e3-a5a3-bc51900eb674: cophenetic index 649; 0.8 s; peak memory 727 MiB.
2026-10-08T18:59:21Z INFO [4133/4500] a143987b-5f69-4e45-a4d2-ac61760fc917: cophenetic index 1751; 1.2 s; peak memory 727 MiB.
2026-10-08T18:59:22Z INFO [4134/4500] a1445455-4d3a-40aa-930c-3b89db2d6176: cophenetic index 649; 0.7 s; peak memory 727 MiB.
2026-10-08T18:59:22Z INFO [4135/4500] a14532ed-aa29-42e5-ba9a-e8ff6dcfc3df: cophenetic index 3004; 0.7 s; peak memory 727 MiB.
2026-10-08T18:59:23Z INFO [4136/4500] a145831a-7240-4049-b1d4-6497b497a170: cophenetic index 579; 0.4 s; peak memory 727 MiB.
2026-10-08T18:59:23Z INFO [4137/4500] a146e34b-cbee-4dd0-949d-95d49a12cbe1: cophenetic index 624; 0.7 s; peak memory 727 MiB.
2026-10-08T18:59:24Z INFO [4138/4500] a14793e7-11fd-46d2-a61b-1b21883c5de7: cophenetic index 2625; 0.9 s; peak memory 727 MiB.
2026-10-08T18:59:25Z INFO [4139/4500] a1484d5b-607c-4200-987f-8c1b6e67e034: cophenetic index 649; 0.8 s; peak memory 727 MiB.
2026-10-08T18:59:26Z INFO [4140/4500] a1494658-ac37-4baa-b991-7f06ec57ddd2: cophenetic index 2974; 0.7 s; peak memory 727 MiB.
2026-10-08T18:59:26Z INFO [4141/4500] a149e520-65ec-496e-aa06-1ba399ac6f42: cophenetic index 605; 0.8 s; peak memory 727 MiB.
2026-10-08T18:59:30Z INFO [4142/4500] a14a1f94-c2de-446b-938c-4de7ac945db2: cophenetic index 68468; 3.8 s; peak memory 727 MiB.
2026-10-08T18:59:31Z INFO [4143/4500] a14a1f9a-ce64-4c0c-856c-70d19847b1e8: cophenetic index 3004; 0.8 s; peak memory 727 MiB.
2026-10-08T18:59:32Z INFO [4144/4500] a14a683d-adad-479b-a5b9-63921fd60b8b: cophenetic index 7055; 1.4 s; peak memory 727 MiB.
2026-10-08T18:59:33Z INFO [4145/4500] a14b41d6-7e1b-4889-a24a-f0871bd6360e: cophenetic index 2625; 1.1 s; peak memory 727 MiB.
2026-10-08T18:59:35Z INFO [4146/4500] a14c4a0e-5a13-4a6d-80af-8dba169b3647: cophenetic index 34658; 1.8 s; peak memory 727 MiB.
2026-10-08T18:59:36Z INFO [4147/4500] a14c8f5c-cb40-4802-8e55-e0a14985e000: cophenetic index 2974; 0.8 s; peak memory 727 MiB.
2026-10-08T18:59:37Z INFO [4148/4500] a14c9421-ec3a-4c02-bbff-b21e167ff799: cophenetic index 3004; 0.8 s; peak memory 727 MiB.
2026-10-08T18:59:38Z INFO [4149/4500] a14cd7be-454b-4e89-8937-b1ea671966c4: cophenetic index 2724; 0.9 s; peak memory 727 MiB.
2026-10-08T18:59:39Z INFO [4150/4500] a14ced46-d23b-4039-b83f-f5fc6ab9283a: cophenetic index 2625; 1.0 s; peak memory 727 MiB.
2026-10-08T18:59:39Z INFO [4150/4500] a14ced46-d23b-4039-b83f-f5fc6ab9283a: checkpointed 124573 new records.
2026-10-08T18:59:40Z INFO [4151/4500] a14d8494-85fb-421e-99c7-67b1c52627ab: cophenetic index 3012; 0.6 s; peak memory 727 MiB.
2026-10-08T18:59:40Z INFO [4152/4500] a14dc642-f0b8-42a3-9eb6-551f1ae2820f: cophenetic index 624; 0.5 s; peak memory 727 MiB.
2026-10-08T18:59:41Z INFO [4153/4500] a14e4510-5e0e-4d23-96ed-a37b34d98921: cophenetic index 3023; 1.0 s; peak memory 727 MiB.
2026-10-08T18:59:42Z INFO [4154/4500] a14e84eb-aacc-4dad-9cd2-5140c66680ca: cophenetic index 2625; 1.0 s; peak memory 727 MiB.
2026-10-08T18:59:43Z INFO [4155/4500] a14eae53-2b69-4e1e-8a41-27a8e070e15f: cophenetic index 624; 0.7 s; peak memory 727 MiB.
2026-10-08T18:59:43Z INFO [4156/4500] a14ecf70-0386-4bba-9dde-cad47b8d4a35: cophenetic index 624; 0.5 s; peak memory 727 MiB.
2026-10-08T18:59:44Z INFO [4157/4500] a14f1561-e98f-4325-b92a-962b20437226: cophenetic index 1378; 1.2 s; peak memory 727 MiB.
2026-10-08T18:59:45Z INFO [4158/4500] a1517dc4-3a35-44f7-974f-a3857dd813e6: cophenetic index 33962; 0.9 s; peak memory 727 MiB.
2026-10-08T19:00:00Z INFO [4159/4500] a1519139-9882-4748-b25a-a744829eddaa: cophenetic index 52360193; 14.2 s; peak memory 727 MiB.
2026-10-08T19:00:01Z INFO [4160/4500] a151c20e-2d39-4eef-a977-474a3b073581: cophenetic index 2609; 1.6 s; peak memory 727 MiB.
2026-10-08T19:00:02Z INFO [4161/4500] a1521f5b-29b7-44d7-b544-0526e021e975: cophenetic index 1087; 1.0 s; peak memory 727 MiB.
2026-10-08T19:00:04Z INFO [4162/4500] a1526cea-bcf1-47df-99e8-3d785b3b5484: cophenetic index 3429; 1.9 s; peak memory 727 MiB.
2026-10-08T19:00:05Z INFO [4163/4500] a15307b1-b2d9-4b07-a786-2b3439562144: cophenetic index 624; 0.9 s; peak memory 727 MiB.
2026-10-08T19:00:05Z INFO [4164/4500] a153f7b8-2ee2-4c52-9abc-49d7c1272006: cophenetic index 560; 0.5 s; peak memory 727 MiB.
2026-10-08T19:00:07Z INFO [4165/4500] a1544da8-d513-4c2b-bc99-0e00bb58317f: cophenetic index 2402; 1.7 s; peak memory 727 MiB.
2026-10-08T19:00:08Z INFO [4166/4500] a1548cce-b6f6-4e8b-b3a9-de5a16ebb703: cophenetic index 579; 0.5 s; peak memory 727 MiB.
2026-10-08T19:00:12Z INFO [4167/4500] a1549bfd-eae6-4f3b-b82d-3033b4b09659: cophenetic index 73466; 4.2 s; peak memory 727 MiB.
2026-10-08T19:00:12Z INFO [4168/4500] a15515af-0e93-4f33-854f-f5434647661e: cophenetic index 624; 0.6 s; peak memory 727 MiB.
2026-10-08T19:00:13Z INFO [4169/4500] a156c1a9-00f7-48ea-a393-caf1172f3713: cophenetic index 2570; 0.8 s; peak memory 727 MiB.
2026-10-08T19:00:21Z INFO [4170/4500] a156f2b5-d313-43bc-9388-7cd71fca22ea: cophenetic index 357658; 7.8 s; peak memory 727 MiB.
2026-10-08T19:00:22Z INFO [4171/4500] a158bccd-6696-4968-a3c0-f6fb0db4d93c: cophenetic index 2625; 0.8 s; peak memory 727 MiB.
2026-10-08T19:00:23Z INFO [4172/4500] a159def5-a0a7-4e8c-a90e-d85223a8a5ba: cophenetic index 1087; 1.1 s; peak memory 727 MiB.
2026-10-08T19:00:24Z INFO [4173/4500] a15a0ab6-7ed9-4cb4-86b4-092a7ba5b9f9: cophenetic index 20938; 0.9 s; peak memory 727 MiB.
2026-10-08T19:00:25Z INFO [4174/4500] a15a9ca7-8490-48c2-aad1-e18dee3effdb: cophenetic index 1403; 1.3 s; peak memory 727 MiB.
2026-10-08T19:00:29Z INFO [4175/4500] a15ab832-b711-4787-88c9-c83062ceaf0e: cophenetic index 69219; 3.7 s; peak memory 727 MiB.
2026-10-08T19:00:30Z INFO [4176/4500] a15b084b-ad92-4959-9c59-99637a70bec2: cophenetic index 2625; 0.9 s; peak memory 727 MiB.
2026-10-08T19:00:31Z INFO [4177/4500] a15bab2b-7a3c-4e27-ae51-cfa05bb68d99: cophenetic index 624; 0.7 s; peak memory 727 MiB.
2026-10-08T19:00:35Z INFO [4178/4500] a15bafca-2fce-4620-b779-a3c91112f7be: cophenetic index 9181; 4.3 s; peak memory 727 MiB.
2026-10-08T19:00:36Z INFO [4179/4500] a15c247f-dac5-4243-a68b-b186cd206a00: cophenetic index 634; 0.9 s; peak memory 727 MiB.
2026-10-08T19:00:37Z INFO [4180/4500] a15c459f-dc62-488e-83e8-c28b4abd3faa: cophenetic index 624; 0.6 s; peak memory 727 MiB.
2026-10-08T19:00:38Z INFO [4181/4500] a15ca3e5-4e62-4bdd-b412-b419ae3d3168: cophenetic index 99150; 1.1 s; peak memory 727 MiB.
2026-10-08T19:00:39Z INFO [4182/4500] a15ce128-eb7d-4963-a366-4c86b30c703a: cophenetic index 2682; 1.2 s; peak memory 727 MiB.
2026-10-08T19:00:45Z INFO [4183/4500] a15d71b5-ef7f-435c-88de-3f709009f900: cophenetic index 627749; 6.5 s; peak memory 727 MiB.
2026-10-08T19:00:46Z INFO [4184/4500] a15dd9f3-cf58-4b98-b459-2c6a12c08238: cophenetic index 1087; 0.9 s; peak memory 727 MiB.
2026-10-08T19:00:48Z INFO [4185/4500] a15f6509-6ebe-49e8-be3d-b8346faf510c: cophenetic index 972; 1.3 s; peak memory 727 MiB.
2026-10-08T19:00:48Z INFO [4186/4500] a1608736-4ac3-4e6a-9154-6351ccfda4ae: cophenetic index 3004; 0.9 s; peak memory 727 MiB.
2026-10-08T19:00:49Z INFO [4187/4500] a160a606-292d-4b20-9324-2f1fa62fd6de: cophenetic index 937; 0.9 s; peak memory 727 MiB.
2026-10-08T19:00:50Z INFO [4188/4500] a161ba66-b584-4c71-8303-8babfa55944f: cophenetic index 624; 0.7 s; peak memory 727 MiB.
2026-10-08T19:00:50Z INFO [4189/4500] a161cc0c-bc83-478a-ae40-42721280cfcf: cophenetic index 761; 0.4 s; peak memory 727 MiB.
2026-10-08T19:00:52Z INFO [4190/4500] a161d0bb-0e65-4d33-98d7-f02ac9c57c67: cophenetic index 5473; 1.8 s; peak memory 727 MiB.
2026-10-08T19:00:53Z INFO [4191/4500] a161d110-17b3-4164-a628-ad22bc4a343c: cophenetic index 624; 0.7 s; peak memory 727 MiB.
2026-10-08T19:00:54Z INFO [4192/4500] a1627039-5f0f-4b24-8836-1b425381458e: cophenetic index 3004; 0.8 s; peak memory 727 MiB.
2026-10-08T19:00:54Z INFO [4193/4500] a162a505-f972-4378-8fea-d78691a08707: cophenetic index 3135; 0.5 s; peak memory 727 MiB.
2026-10-08T19:00:55Z INFO [4194/4500] a1633ffd-dbee-4c2c-800a-19af5b3c31e4: cophenetic index 2570; 0.9 s; peak memory 727 MiB.
2026-10-08T19:00:56Z INFO [4195/4500] a16467a4-49e4-4b57-88a4-f2d4faa7ac5e: cophenetic index 2609; 1.2 s; peak memory 727 MiB.
2026-10-08T19:01:00Z INFO [4196/4500] a1652662-a068-4fb6-992e-be52304b2ca7: cophenetic index 64478; 3.5 s; peak memory 727 MiB.
2026-10-08T19:01:01Z INFO [4197/4500] a1652e1f-802d-4559-b014-8cca766ea39a: cophenetic index 3972; 0.9 s; peak memory 727 MiB.
2026-10-08T19:01:02Z INFO [4198/4500] a165e853-0dc3-4ccd-a95e-926c2d173bf2: cophenetic index 2625; 0.8 s; peak memory 727 MiB.
2026-10-08T19:01:03Z INFO [4199/4500] a166766b-e752-4406-86b6-5e5216c28225: cophenetic index 2625; 0.9 s; peak memory 727 MiB.
2026-10-08T19:01:04Z INFO [4200/4500] a1675a46-ec4c-40e3-9e63-5ca4f0f288e8: cophenetic index 4015; 1.8 s; peak memory 727 MiB.
2026-10-08T19:01:05Z INFO [4200/4500] a1675a46-ec4c-40e3-9e63-5ca4f0f288e8: checkpointed 124623 new records.
2026-10-08T19:01:07Z INFO [4201/4500] a167cecc-ea02-4e4a-a90d-e0e9454140e4: cophenetic index 2402; 1.9 s; peak memory 727 MiB.
2026-10-08T19:01:09Z INFO [4202/4500] a168d04d-04d1-4ae6-bc23-fae2df1c2ae7: cophenetic index 5473; 2.1 s; peak memory 727 MiB.
2026-10-08T19:01:11Z INFO [4203/4500] a16a22aa-251f-42c8-b04e-b22420894b13: cophenetic index 2069; 2.0 s; peak memory 727 MiB.
2026-10-08T19:01:12Z INFO [4204/4500] a16a6165-b765-4f4c-9d0e-580001a12fe2: cophenetic index 554; 1.0 s; peak memory 727 MiB.
2026-10-08T19:01:12Z INFO [4205/4500] a16a8cae-cbbe-41d9-ab17-818b68944c0c: cophenetic index 2625; 0.9 s; peak memory 727 MiB.
2026-10-08T19:01:13Z INFO [4206/4500] a16a9977-687a-44f7-879e-f370fe4c6792: cophenetic index 494; 0.6 s; peak memory 727 MiB.
2026-10-08T19:01:14Z INFO [4207/4500] a16bb114-a54e-4156-91de-d6db797ecb64: cophenetic index 1006; 0.8 s; peak memory 727 MiB.
2026-10-08T19:01:15Z INFO [4208/4500] a16c7caa-de7d-415c-a73d-ca38b8e53ee8: cophenetic index 3087; 0.8 s; peak memory 727 MiB.
2026-10-08T19:01:15Z INFO [4209/4500] a16c7f38-4615-433e-a8bc-1aba523384b9: cophenetic index 3087; 0.7 s; peak memory 727 MiB.
2026-10-08T19:01:17Z INFO [4210/4500] a16cfb86-3cda-465e-bf5b-cca98f7ad94e: cophenetic index 33998; 1.2 s; peak memory 727 MiB.
2026-10-08T19:01:17Z INFO [4211/4500] a16f8cb2-a43b-4765-b775-8fc4b1391c0d: cophenetic index 2974; 0.8 s; peak memory 727 MiB.
2026-10-08T19:01:22Z INFO [4212/4500] a1701337-1702-4943-a9cd-8b74cb9e49d8: cophenetic index 283873; 4.6 s; peak memory 727 MiB.
2026-10-08T19:01:23Z INFO [4213/4500] a1703c7d-43c2-4286-922b-78cf3362c6e1: cophenetic index 624; 1.0 s; peak memory 727 MiB.
2026-10-08T19:01:23Z INFO [4214/4500] a1710013-5cef-405d-877c-20b29e1f6356: cophenetic index 690; 0.5 s; peak memory 727 MiB.
2026-10-08T19:01:24Z INFO [4215/4500] a1714f0f-1248-4ad6-9173-63b60d60cdf0: cophenetic index 624; 0.6 s; peak memory 727 MiB.
2026-10-08T19:01:26Z INFO [4216/4500] a1718352-6017-4f18-9d01-8787104544f6: cophenetic index 1130; 1.4 s; peak memory 727 MiB.
2026-10-08T19:01:26Z INFO [4217/4500] a172af4c-a536-4855-98c3-18a42f79c5ec: cophenetic index 3087; 0.8 s; peak memory 727 MiB.
2026-10-08T19:01:27Z INFO [4218/4500] a17472ed-1564-4140-ae06-cea0ce49c887: cophenetic index 1855; 0.8 s; peak memory 727 MiB.
2026-10-08T19:01:28Z INFO [4219/4500] a174d993-668b-4b22-be38-2c4a1ec7be2d: cophenetic index 431; 0.9 s; peak memory 727 MiB.
2026-10-08T19:01:28Z INFO [4220/4500] a1751178-5ee0-4eab-b4d1-8b4b0e5b8068: cophenetic index 729; 0.5 s; peak memory 727 MiB.
2026-10-08T19:01:29Z INFO [4221/4500] a1751b02-6daf-404f-8791-0f2766915688: cophenetic index 3004; 0.7 s; peak memory 727 MiB.
2026-10-08T19:01:33Z INFO [4222/4500] a175f9b5-8732-470d-963f-94cfd14a3fa4: cophenetic index 50593; 3.7 s; peak memory 727 MiB.
2026-10-08T19:01:34Z INFO [4223/4500] a176001c-f946-4d66-a323-125f1db1d89c: cophenetic index 2625; 1.0 s; peak memory 727 MiB.
2026-10-08T19:01:35Z INFO [4224/4500] a177a90e-8f1c-4082-99fa-3ee7ddb777fa: cophenetic index 624; 0.7 s; peak memory 727 MiB.
2026-10-08T19:01:35Z INFO [4225/4500] a17809ab-b903-4cf1-bc7b-62c4e952c4b3: cophenetic index 3004; 0.7 s; peak memory 727 MiB.
2026-10-08T19:01:36Z INFO [4226/4500] a178901f-321a-41c9-a6cc-34c1a3884a1a: cophenetic index 3087; 0.7 s; peak memory 727 MiB.
2026-10-08T19:01:38Z INFO [4227/4500] a178e6a8-9fc7-49aa-b85a-993c27c1dc52: cophenetic index 3437; 1.8 s; peak memory 727 MiB.
2026-10-08T19:01:39Z INFO [4228/4500] a178f5c2-6a95-45d7-b630-d0c43c7f07fc: cophenetic index 2625; 1.0 s; peak memory 727 MiB.
2026-10-08T19:01:40Z INFO [4229/4500] a1792dd8-c261-44e2-ac53-ee831c53fe69: cophenetic index 466; 0.8 s; peak memory 727 MiB.
2026-10-08T19:01:41Z INFO [4230/4500] a1793a49-2f19-4abb-a467-4f9a6ddc2c07: cophenetic index 2625; 1.0 s; peak memory 727 MiB.
2026-10-08T19:01:41Z INFO [4231/4500] a179dded-c183-4885-bdfd-08999586d25d: cophenetic index 624; 0.7 s; peak memory 727 MiB.
2026-10-08T19:01:43Z INFO [4232/4500] a17a2c06-8f45-42a8-a692-d65e283c2097: cophenetic index 2469; 1.5 s; peak memory 727 MiB.
2026-10-08T19:01:53Z INFO [4233/4500] a17a691a-7f62-445c-b048-ac0571fe0351: cophenetic index 51243; 10.1 s; peak memory 727 MiB.
2026-10-08T19:01:54Z INFO [4234/4500] a17a8890-4fb6-48fe-a311-8c6ea3294d77: cophenetic index 33986; 1.0 s; peak memory 727 MiB.
2026-10-08T19:01:55Z INFO [4235/4500] a17a98f9-481f-425a-9ec2-6cb8de70fcea: cophenetic index 431; 0.9 s; peak memory 727 MiB.
2026-10-08T19:01:56Z INFO [4236/4500] a17b41f2-1078-4054-a934-66d712c81bc2: cophenetic index 2625; 0.8 s; peak memory 727 MiB.
2026-10-08T19:01:56Z INFO [4237/4500] a17b8a2b-df86-457e-a601-41c7872ec51b: cophenetic index 33968; 1.0 s; peak memory 727 MiB.
2026-10-08T19:01:57Z INFO [4238/4500] a17bd936-9ecb-48a8-9a09-04521e972276: cophenetic index 2923; 0.7 s; peak memory 727 MiB.
2026-10-08T19:01:59Z INFO [4239/4500] a17bdf3b-bc11-4705-bb47-39401d3701ce: cophenetic index 33998; 1.8 s; peak memory 727 MiB.
2026-10-08T19:02:00Z INFO [4240/4500] a17c4b61-2c15-48a3-800a-4114832d0566: cophenetic index 2974; 0.8 s; peak memory 727 MiB.
2026-10-08T19:02:02Z INFO [4241/4500] a17c9d1f-daac-4999-95b4-d71e9ee7eb2e: cophenetic index 797; 1.9 s; peak memory 727 MiB.
2026-10-08T19:02:02Z INFO [4242/4500] a17ce754-e525-4c58-a3c2-fbb8c60cc78c: cophenetic index 3004; 0.8 s; peak memory 727 MiB.
2026-10-08T19:02:04Z INFO [4243/4500] a17d44c1-3668-48af-a228-20ae348e3c34: cophenetic index 2625; 1.0 s; peak memory 727 MiB.
2026-10-08T19:02:04Z INFO [4244/4500] a17d6e91-244d-4347-a010-0bd31cc79b47: cophenetic index 3087; 1.0 s; peak memory 727 MiB.
2026-10-08T19:02:06Z INFO [4245/4500] a17dc04d-6176-490b-bca0-6e912c109815: cophenetic index 4677; 1.2 s; peak memory 727 MiB.
2026-10-08T19:02:06Z INFO [4246/4500] a17e5f77-1aee-4ba2-b862-7f1b2c545dbd: cophenetic index 3004; 0.8 s; peak memory 727 MiB.
2026-10-08T19:02:09Z INFO [4247/4500] a17e8483-f320-4dcf-8692-f7bfd40c72f4: cophenetic index 1970; 2.2 s; peak memory 727 MiB.
2026-10-08T19:02:09Z INFO [4248/4500] a17e912d-821c-447c-a45b-4dc8c0350ebd: cophenetic index 33986; 0.8 s; peak memory 727 MiB.
2026-10-08T19:02:11Z INFO [4249/4500] a17f4dc0-a8f2-43e8-8250-7b64f05782cd: cophenetic index 653; 1.3 s; peak memory 727 MiB.
2026-10-08T19:02:13Z INFO [4250/4500] a17f8f6b-e973-4dbe-bfac-32b47e80216c: cophenetic index 20273; 2.0 s; peak memory 727 MiB.
2026-10-08T19:02:13Z INFO [4250/4500] a17f8f6b-e973-4dbe-bfac-32b47e80216c: checkpointed 124673 new records.
2026-10-08T19:02:14Z INFO [4251/4500] a180f07a-bcc4-4909-b052-24f2c8783259: cophenetic index 649; 0.7 s; peak memory 727 MiB.
2026-10-08T19:02:16Z INFO [4252/4500] a1815a9b-9b4e-4836-a233-a589210179a3: cophenetic index 34658; 1.9 s; peak memory 727 MiB.
2026-10-08T19:02:17Z INFO [4253/4500] a1821257-661e-4e2e-8405-0fc5d5e6737f: cophenetic index 3004; 0.8 s; peak memory 727 MiB.
2026-10-08T19:02:17Z INFO [4254/4500] a1827762-446f-4bf7-adf6-5bbca0c04690: cophenetic index 1380; 0.9 s; peak memory 727 MiB.
2026-10-08T19:02:18Z INFO [4255/4500] a184499b-17fe-4f6e-8666-ed6dc6adf3eb: cophenetic index 718; 1.0 s; peak memory 727 MiB.
2026-10-08T19:02:19Z INFO [4256/4500] a1845c13-a8d1-424b-8ad1-f0150a133646: cophenetic index 33968; 1.0 s; peak memory 727 MiB.
2026-10-08T19:02:20Z INFO [4257/4500] a184d8d4-2be4-4940-ab08-325daf8f0ba6: cophenetic index 624; 0.6 s; peak memory 727 MiB.
2026-10-08T19:02:24Z INFO [4258/4500] a1858737-9294-47e4-8098-a26c04cd12bf: cophenetic index 87573; 4.0 s; peak memory 727 MiB.
2026-10-08T19:02:25Z INFO [4259/4500] a1861c48-3f9b-4347-a52b-404c074a06b0: cophenetic index 2776; 0.7 s; peak memory 727 MiB.
2026-10-08T19:02:25Z INFO [4260/4500] a18661f7-e7a7-402c-824e-33e3cb3d2000: cophenetic index 624; 0.8 s; peak memory 727 MiB.
2026-10-08T19:02:26Z INFO [4261/4500] a1868847-88cd-4d35-88a2-23d3e189917a: cophenetic index 649; 0.6 s; peak memory 727 MiB.
2026-10-08T19:02:30Z INFO [4262/4500] a1872144-9a8a-4810-b3d2-685f3ad77294: cophenetic index 6625; 4.4 s; peak memory 727 MiB.
2026-10-08T19:02:32Z INFO [4263/4500] a1873817-533c-4a31-ba8d-e4ebe8c4a27f: cophenetic index 646; 1.8 s; peak memory 727 MiB.
2026-10-08T19:02:33Z INFO [4264/4500] a1873d8b-655d-44c8-9aca-c35896f1d1ee: cophenetic index 23364; 0.8 s; peak memory 727 MiB.
2026-10-08T19:02:34Z INFO [4265/4500] a1874254-0d65-49d9-bca5-771485b545d3: cophenetic index 624; 0.8 s; peak memory 727 MiB.
2026-10-08T19:02:34Z INFO [4266/4500] a187a431-1545-4156-9ee4-639ae99523bb: cophenetic index 624; 0.6 s; peak memory 727 MiB.
2026-10-08T19:02:36Z INFO [4267/4500] a188633f-8ff2-4bc9-bba3-6364582ead60: cophenetic index 1479; 1.9 s; peak memory 727 MiB.
2026-10-08T19:02:37Z INFO [4268/4500] a1887169-434b-443d-a037-fea750068b6a: cophenetic index 624; 0.7 s; peak memory 727 MiB.
2026-10-08T19:02:39Z INFO [4269/4500] a188a153-a75f-472c-b916-41cbac60ab2e: cophenetic index 1733; 1.8 s; peak memory 727 MiB.
2026-10-08T19:02:43Z INFO [4270/4500] a189b7b7-bd0f-4740-a592-f8f1c3927666: cophenetic index 14296; 4.6 s; peak memory 727 MiB.
2026-10-08T19:02:44Z INFO [4271/4500] a189efea-5f08-486e-9358-54f8520ad3f9: cophenetic index 490; 0.4 s; peak memory 727 MiB.
2026-10-08T19:02:44Z INFO [4272/4500] a18a4a5c-c08c-42fc-bb00-ec436be02693: cophenetic index 431; 0.7 s; peak memory 727 MiB.
2026-10-08T19:02:45Z INFO [4273/4500] a18a8d50-8c7a-4da6-a2c4-8e53db5d5c71: cophenetic index 3004; 0.7 s; peak memory 727 MiB.
2026-10-08T19:02:46Z INFO [4274/4500] a18b7fab-a41f-4eb7-bf5b-8e1a91e09295: cophenetic index 757; 0.6 s; peak memory 727 MiB.
2026-10-08T19:02:47Z INFO [4275/4500] a18b9a3a-7eb9-4441-a447-bf506e44fca2: cophenetic index 3045; 1.1 s; peak memory 727 MiB.
2026-10-08T19:02:48Z INFO [4276/4500] a18ba2ab-c0cc-4a97-8d82-934f46891800: cophenetic index 2625; 0.9 s; peak memory 727 MiB.
2026-10-08T19:02:49Z INFO [4277/4500] a18bbee2-8635-47aa-b1f0-15b8d7d80a63: cophenetic index 2516; 1.7 s; peak memory 727 MiB.
2026-10-08T19:02:50Z INFO [4278/4500] a18bced2-3b4a-4960-b069-19fc78eb5ad5: cophenetic index 624; 0.6 s; peak memory 727 MiB.
2026-10-08T19:02:50Z INFO [4279/4500] a18c5b48-380d-461a-b0bc-bf745a98455a: cophenetic index 490; 0.4 s; peak memory 727 MiB.
2026-10-08T19:02:51Z INFO [4280/4500] a18ca84c-f974-4513-bdcc-432bfe0b63f6: cophenetic index 554; 0.8 s; peak memory 727 MiB.
2026-10-08T19:02:52Z INFO [4281/4500] a18d1591-8cfd-4fac-97c2-f629546bf9a5: cophenetic index 2570; 1.0 s; peak memory 727 MiB.
2026-10-08T19:02:53Z INFO [4282/4500] a18da043-03b3-4467-8712-6716dec218ce: cophenetic index 2974; 0.8 s; peak memory 727 MiB.
2026-10-08T19:02:54Z INFO [4283/4500] a18dfe86-3c2f-4493-b78c-a74b5a70b0e5: cophenetic index 2974; 0.7 s; peak memory 727 MiB.
2026-10-08T19:02:55Z INFO [4284/4500] a18e33a8-a2e0-4816-904f-30595e287538: cophenetic index 2162; 1.4 s; peak memory 727 MiB.
2026-10-08T19:03:01Z INFO [4285/4500] a18ed8e4-1de1-4f3c-8aed-e8333d5b7a67: cophenetic index 226518; 6.0 s; peak memory 727 MiB.
2026-10-08T19:03:07Z INFO [4286/4500] a19055e0-3453-4010-8231-f5a8333de4dd: cophenetic index 49783; 6.2 s; peak memory 727 MiB.
2026-10-08T19:03:08Z INFO [4287/4500] a190895a-568a-40e3-ac11-11345c397dc5: cophenetic index 99114; 1.1 s; peak memory 727 MiB.
2026-10-08T19:03:10Z INFO [4288/4500] a191f0c0-a8f1-4e0f-8236-6fe59a92c376: cophenetic index 2570; 1.3 s; peak memory 727 MiB.
2026-10-08T19:03:11Z INFO [4289/4500] a1925034-aad6-4d08-8f26-9ae6ad274362: cophenetic index 431; 0.9 s; peak memory 727 MiB.
2026-10-08T19:03:11Z INFO [4290/4500] a1929157-a343-40eb-9650-455d4b86b98b: cophenetic index 624; 0.7 s; peak memory 727 MiB.
2026-10-08T19:03:12Z INFO [4291/4500] a192e2ab-47db-43b1-82ec-13b8214a3bb9: cophenetic index 2625; 1.0 s; peak memory 727 MiB.
2026-10-08T19:03:13Z INFO [4292/4500] a19329e7-5b98-4995-840f-5ba86371ba14: cophenetic index 2625; 0.8 s; peak memory 727 MiB.
2026-10-08T19:03:14Z INFO [4293/4500] a1941c94-8e24-41e0-b184-900e1074f561: cophenetic index 791; 0.9 s; peak memory 727 MiB.
2026-10-08T19:03:20Z INFO [4294/4500] a194268b-453f-4954-a41c-793f99f2fa5f: cophenetic index 191206; 6.0 s; peak memory 727 MiB.
2026-10-08T19:03:21Z INFO [4295/4500] a194e469-9004-4e88-bf1c-9fa94d18a809: cophenetic index 3215; 0.6 s; peak memory 727 MiB.
2026-10-08T19:03:22Z INFO [4296/4500] a195efcd-a3e5-4211-9f08-3135b33ccb01: cophenetic index 2682; 1.5 s; peak memory 727 MiB.
2026-10-08T19:03:24Z INFO [4297/4500] a1965278-5ba2-4689-a013-7d8b90e88b03: cophenetic index 16320; 2.0 s; peak memory 727 MiB.
2026-10-08T19:03:27Z INFO [4298/4500] a196a079-0464-469e-9cf3-67cb89b113f8: cophenetic index 1850; 2.6 s; peak memory 727 MiB.
2026-10-08T19:03:28Z INFO [4299/4500] a196c8c3-c3c1-4496-8cf7-b30220efa29a: cophenetic index 613; 1.2 s; peak memory 727 MiB.
2026-10-08T19:03:29Z INFO [4300/4500] a196d403-d81b-466b-b496-4bb382556c4f: cophenetic index 23224; 1.1 s; peak memory 727 MiB.
2026-10-08T19:03:29Z INFO [4300/4500] a196d403-d81b-466b-b496-4bb382556c4f: checkpointed 124723 new records.
2026-10-08T19:03:30Z INFO [4301/4500] a197a5f6-e411-4728-81d6-513901e88343: cophenetic index 624; 0.8 s; peak memory 727 MiB.
2026-10-08T19:03:31Z INFO [4302/4500] a1981516-dbc5-43b4-8f6d-a743cda53d1b: cophenetic index 2114; 0.9 s; peak memory 727 MiB.
2026-10-08T19:03:32Z INFO [4303/4500] a198e8bc-db84-4411-b507-367dcabaab01: cophenetic index 3004; 0.8 s; peak memory 727 MiB.
2026-10-08T19:03:35Z INFO [4304/4500] a199c0ca-7b3f-4b92-a301-9205f10ff1a5: cophenetic index 20899; 2.9 s; peak memory 727 MiB.
2026-10-08T19:03:35Z INFO [4305/4500] a19a1399-b160-4752-9bef-14def0cf797b: cophenetic index 579; 0.6 s; peak memory 727 MiB.
2026-10-08T19:03:36Z INFO [4306/4500] a19ae504-bb63-49bf-a3f9-4fd306b6fde6: cophenetic index 569; 0.7 s; peak memory 727 MiB.
2026-10-08T19:03:37Z INFO [4307/4500] a19bc5c1-2a11-4d77-88ed-d7f32316f108: cophenetic index 605; 1.1 s; peak memory 727 MiB.
2026-10-08T19:03:40Z INFO [4308/4500] a19d2e98-f4f5-40ce-9908-3630db04525d: cophenetic index 15114; 2.9 s; peak memory 727 MiB.
2026-10-08T19:03:41Z INFO [4309/4500] a19d9589-08a3-400c-a5b0-424ee171332f: cophenetic index 33998; 1.0 s; peak memory 727 MiB.
2026-10-08T19:03:42Z INFO [4310/4500] a19dbdc7-449e-4467-b76d-745bf57d5f5c: cophenetic index 2974; 0.6 s; peak memory 727 MiB.
2026-10-08T19:03:42Z INFO [4311/4500] a19eaa34-9cf2-4538-885e-ed710c32df16: cophenetic index 649; 0.6 s; peak memory 727 MiB.
2026-10-08T19:03:44Z INFO [4312/4500] a19f3bf6-4faa-4e80-8890-73885f796b5c: cophenetic index 99150; 1.5 s; peak memory 727 MiB.
2026-10-08T19:03:45Z INFO [4313/4500] a19fcdd9-f7a4-494c-958f-943b6c55ac8e: cophenetic index 2625; 1.0 s; peak memory 727 MiB.
2026-10-08T19:03:45Z INFO [4314/4500] a19fe793-52cc-4345-bf6d-95df8c08bfbb: cophenetic index 164; 0.4 s; peak memory 727 MiB.
2026-10-08T19:03:46Z INFO [4315/4500] a1a039f9-1420-41c3-93d8-f1c1dc16769a: cophenetic index 3087; 0.8 s; peak memory 727 MiB.
2026-10-08T19:03:53Z INFO [4316/4500] a1a0701a-fe39-45d5-bd8c-af7cb68c8443: cophenetic index 202993; 7.0 s; peak memory 727 MiB.
2026-10-08T19:03:54Z INFO [4317/4500] a1a10a61-3c03-4080-991f-fdb26c57af01: cophenetic index 958; 1.0 s; peak memory 727 MiB.
2026-10-08T19:03:58Z INFO [4318/4500] a1a12d4d-7fa0-4714-8cf3-00e42c1bd366: cophenetic index 87573; 4.2 s; peak memory 727 MiB.
2026-10-08T19:03:59Z INFO [4319/4500] a1a28261-e0b8-40c7-8a50-7486625f203f: cophenetic index 431; 0.6 s; peak memory 727 MiB.
2026-10-08T19:03:59Z INFO [4320/4500] a1a3367e-4980-4d7d-9ddf-4c7b7536ef86: cophenetic index 3004; 0.8 s; peak memory 727 MiB.
2026-10-08T19:04:00Z INFO [4321/4500] a1a35faa-5f54-4089-b5b8-50524c183f5a: cophenetic index 33962; 1.0 s; peak memory 727 MiB.
2026-10-08T19:04:02Z INFO [4322/4500] a1a396dd-ac42-4de4-8612-1df0f7d7ed06: cophenetic index 777; 1.3 s; peak memory 727 MiB.
2026-10-08T19:04:03Z INFO [4323/4500] a1a462d6-1e53-4860-8e0a-03be9cee0fee: cophenetic index 624; 0.7 s; peak memory 727 MiB.
2026-10-08T19:04:03Z INFO [4324/4500] a1a610f3-010f-4172-87ea-f670c7c5de15: cophenetic index 624; 0.8 s; peak memory 727 MiB.
2026-10-08T19:04:05Z INFO [4325/4500] a1a6c469-5d02-4669-b8d1-94df63c936a5: cophenetic index 2027; 1.8 s; peak memory 727 MiB.
2026-10-08T19:04:06Z INFO [4326/4500] a1a714dc-c20d-4e4c-83ac-0107cf0ae3c0: cophenetic index 624; 0.6 s; peak memory 727 MiB.
2026-10-08T19:04:07Z INFO [4327/4500] a1a79fce-42cd-4183-92af-12af3092791c: cophenetic index 99138; 1.0 s; peak memory 727 MiB.
2026-10-08T19:04:08Z INFO [4328/4500] a1a7bfa0-cd92-408c-9353-8bf51420778d: cophenetic index 1006; 0.9 s; peak memory 727 MiB.
2026-10-08T19:04:09Z INFO [4329/4500] a1a819b8-1834-41a5-947c-2e7ddb7f006f: cophenetic index 1936; 1.1 s; peak memory 727 MiB.
2026-10-08T19:04:09Z INFO [4330/4500] a1a883ed-d974-4873-819e-0aa7dfe69d8f: cophenetic index 624; 0.7 s; peak memory 727 MiB.
2026-10-08T19:04:10Z INFO [4331/4500] a1a8bcd4-e08f-4d55-b91c-0a1d5ab5ec00: cophenetic index 2776; 0.8 s; peak memory 727 MiB.
2026-10-08T19:04:11Z INFO [4332/4500] a1a963cc-b0e7-404d-b0ea-c1ec01e294e7: cophenetic index 624; 0.8 s; peak memory 727 MiB.
2026-10-08T19:04:12Z INFO [4333/4500] a1aa4ffb-3242-4103-821c-664a13a9c614: cophenetic index 998; 0.7 s; peak memory 727 MiB.
2026-10-08T19:04:12Z INFO [4334/4500] a1aa7dc9-b5b0-4be6-95d0-6faa2fe1557a: cophenetic index 624; 0.7 s; peak memory 727 MiB.
2026-10-08T19:04:13Z INFO [4335/4500] a1aa846e-9d11-4f58-b2b7-621dbc1d3a7f: cophenetic index 3004; 0.8 s; peak memory 727 MiB.
2026-10-08T19:04:15Z INFO [4336/4500] a1aab383-be68-476a-b224-e6384685ff9b: cophenetic index 2609; 2.1 s; peak memory 727 MiB.
2026-10-08T19:04:16Z INFO [4337/4500] a1aae5e9-8552-4d80-82f8-f4bcec6a7e16: cophenetic index 3004; 0.7 s; peak memory 727 MiB.
2026-10-08T19:04:17Z INFO [4338/4500] a1aaea69-7b99-4e6b-8c73-08601425660f: cophenetic index 3087; 0.7 s; peak memory 727 MiB.
2026-10-08T19:04:17Z INFO [4339/4500] a1ab0fa0-5ac0-4bac-a8d1-9da0ff6823a3: cophenetic index 739; 0.6 s; peak memory 727 MiB.
2026-10-08T19:04:18Z INFO [4340/4500] a1ab9690-47d2-485e-9e82-e904091ab54f: cophenetic index 649; 0.7 s; peak memory 727 MiB.
2026-10-08T19:04:19Z INFO [4341/4500] a1aba48f-a56e-400c-873e-d5128f032f36: cophenetic index 1006; 0.9 s; peak memory 727 MiB.
2026-10-08T19:04:20Z INFO [4342/4500] a1ad07d9-c9db-424a-b412-0e15d0a4aba0: cophenetic index 33998; 1.0 s; peak memory 727 MiB.
2026-10-08T19:04:21Z INFO [4343/4500] a1ad2926-a494-4c18-880d-c067e5aff13a: cophenetic index 624; 0.8 s; peak memory 727 MiB.
2026-10-08T19:04:22Z INFO [4344/4500] a1ad34ff-ba78-4882-830b-724bec7bddae: cophenetic index 3004; 0.7 s; peak memory 727 MiB.
2026-10-08T19:04:23Z INFO [4345/4500] a1ad7c0c-dceb-4c52-9433-fb85c84d414f: cophenetic index 33968; 1.4 s; peak memory 727 MiB.
2026-10-08T19:04:25Z INFO [4346/4500] a1ae7f7b-b7aa-4c3e-bac1-861cb0bb5d2f: cophenetic index 2391; 2.0 s; peak memory 727 MiB.
2026-10-08T19:04:26Z INFO [4347/4500] a1ae84fc-df30-451c-8352-29c6cec3d773: cophenetic index 624; 0.8 s; peak memory 727 MiB.
2026-10-08T19:04:27Z INFO [4348/4500] a1aeb959-1500-4f8d-b433-75d26df260ff: cophenetic index 4586; 1.1 s; peak memory 727 MiB.
2026-10-08T19:04:28Z INFO [4349/4500] a1b041ae-346d-4610-9837-aa48e2abbe95: cophenetic index 3004; 0.9 s; peak memory 727 MiB.
2026-10-08T19:04:30Z INFO [4350/4500] a1b09339-5e14-4a39-a559-0029fb54d0b0: cophenetic index 2391; 2.0 s; peak memory 727 MiB.
2026-10-08T19:04:30Z INFO [4350/4500] a1b09339-5e14-4a39-a559-0029fb54d0b0: checkpointed 124773 new records.
2026-10-08T19:04:31Z INFO [4351/4500] a1b0f5c5-0d42-4564-890a-461f99fed27e: cophenetic index 33998; 1.3 s; peak memory 727 MiB.
2026-10-08T19:04:34Z INFO [4352/4500] a1b1bdff-d807-49c5-9f44-a21afa41f72f: cophenetic index 11150; 2.4 s; peak memory 727 MiB.
2026-10-08T19:04:34Z INFO [4353/4500] a1b2c8f1-26bf-48d5-8b2b-0eab3c0cb627: cophenetic index 560; 0.6 s; peak memory 727 MiB.
2026-10-08T19:04:35Z INFO [4354/4500] a1b30870-fb7f-4ba0-95b9-d86758e3f905: cophenetic index 3004; 0.7 s; peak memory 727 MiB.
2026-10-08T19:04:36Z INFO [4355/4500] a1b33198-0980-41f4-9ca0-3177e6adfc97: cophenetic index 2625; 0.9 s; peak memory 727 MiB.
2026-10-08T19:04:37Z INFO [4356/4500] a1b35ed5-ddfc-4059-b423-ed2601f015a9: cophenetic index 33986; 1.1 s; peak memory 727 MiB.
2026-10-08T19:04:37Z INFO [4357/4500] a1b3629e-ba64-4128-b0fa-9f76fa90f174: cophenetic index 490; 0.4 s; peak memory 727 MiB.
2026-10-08T19:04:38Z INFO [4358/4500] a1b3d93e-d044-438f-8b51-c50e1a4ce6d9: cophenetic index 624; 0.7 s; peak memory 727 MiB.
2026-10-08T19:04:39Z INFO [4359/4500] a1b526f5-1a96-4cbd-9849-76161eb673fd: cophenetic index 579; 0.4 s; peak memory 727 MiB.
2026-10-08T19:04:40Z INFO [4360/4500] a1b5f2fa-7822-46c9-8583-68cb6fe0641d: cophenetic index 2682; 1.7 s; peak memory 727 MiB.
2026-10-08T19:04:41Z INFO [4361/4500] a1b62c10-5f78-4557-b04c-d4e727e9d4d8: cophenetic index 3057; 0.8 s; peak memory 727 MiB.
2026-10-08T19:04:43Z INFO [4362/4500] a1b640e3-0cc5-47c6-b992-72c5a999c2e4: cophenetic index 5473; 2.0 s; peak memory 727 MiB.
2026-10-08T19:04:44Z INFO [4363/4500] a1b65a94-5731-458f-bc3d-bd127ae30871: cophenetic index 2625; 1.1 s; peak memory 727 MiB.
2026-10-08T19:04:45Z INFO [4364/4500] a1b6a484-02e2-4b55-9d39-c8daff7e1172: cophenetic index 624; 0.7 s; peak memory 727 MiB.
2026-10-08T19:04:46Z INFO [4365/4500] a1b6ddfe-edf9-4373-bb72-14db5250c3e1: cophenetic index 4050; 1.4 s; peak memory 727 MiB.
2026-10-08T19:04:47Z INFO [4366/4500] a1b7726e-5857-41f9-a922-bf4578ecb606: cophenetic index 1087; 1.0 s; peak memory 727 MiB.
2026-10-08T19:04:48Z INFO [4367/4500] a1b8de47-eb38-4c42-a7cf-f0399bbf2b00: cophenetic index 413; 0.5 s; peak memory 727 MiB.
2026-10-08T19:04:49Z INFO [4368/4500] a1b8ff2f-40f2-4c80-8879-4ec41303055f: cophenetic index 6490; 1.4 s; peak memory 727 MiB.
2026-10-08T19:04:53Z INFO [4369/4500] a1b925b1-6f97-448d-842a-a26038e4e8b5: cophenetic index 9548; 3.8 s; peak memory 727 MiB.
2026-10-08T19:04:58Z INFO [4370/4500] a1ba0d5b-1fba-46e3-a4d5-bfe060741f5e: cophenetic index 1518261; 5.1 s; peak memory 727 MiB.
2026-10-08T19:04:59Z INFO [4371/4500] a1ba2125-23d7-4c21-a763-67c391367a14: cophenetic index 2570; 1.1 s; peak memory 727 MiB.
2026-10-08T19:05:03Z INFO [4372/4500] a1bb7f62-0afe-4a76-bca2-f78a5ba8381a: cophenetic index 1973142; 3.8 s; peak memory 727 MiB.
2026-10-08T19:05:04Z INFO [4373/4500] a1bbd75b-8ff9-4830-9209-cd8474c7d0c9: cophenetic index 494; 0.6 s; peak memory 727 MiB.
2026-10-08T19:05:04Z INFO [4374/4500] a1bc520b-06c7-441d-bc08-c22fb66fa7fd: cophenetic index 624; 0.8 s; peak memory 727 MiB.
2026-10-08T19:05:05Z INFO [4375/4500] a1bc8b32-da73-4c15-a53c-10f82b9d2bb8: cophenetic index 2625; 1.0 s; peak memory 727 MiB.
2026-10-08T19:05:06Z INFO [4376/4500] a1bd2e8f-1fea-47da-b3e8-a9be3aba11ba: cophenetic index 33986; 0.8 s; peak memory 727 MiB.
2026-10-08T19:05:07Z INFO [4377/4500] a1bd4a1a-e0c8-419a-91ff-5770cb853af8: cophenetic index 2776; 0.8 s; peak memory 727 MiB.
2026-10-08T19:05:09Z INFO [4378/4500] a1bd8f76-00fe-4ee0-99fa-dd9285aed611: cophenetic index 4617; 1.8 s; peak memory 727 MiB.
2026-10-08T19:05:10Z INFO [4379/4500] a1bda702-2a32-410b-9731-e20d23ac575a: cophenetic index 2682; 1.6 s; peak memory 727 MiB.
2026-10-08T19:05:11Z INFO [4380/4500] a1bdc92c-dc30-4003-ba43-cd68c6ed566a: cophenetic index 2974; 0.7 s; peak memory 727 MiB.
2026-10-08T19:05:12Z INFO [4381/4500] a1beda80-8109-4218-ba07-449250b1f093: cophenetic index 624; 0.7 s; peak memory 727 MiB.
2026-10-08T19:05:13Z INFO [4382/4500] a1bfe31d-7dc8-4595-b64d-20ab1d522a3f: cophenetic index 3004; 0.8 s; peak memory 727 MiB.
2026-10-08T19:05:13Z INFO [4383/4500] a1c0d5b3-e2f2-40b2-a533-9dbc63235196: cophenetic index 649; 0.9 s; peak memory 727 MiB.
2026-10-08T19:05:14Z INFO [4384/4500] a1c2ad00-fabc-4086-af67-98b634de7aa4: cophenetic index 2625; 0.7 s; peak memory 727 MiB.
2026-10-08T19:05:15Z INFO [4385/4500] a1c33901-fcd2-4577-8466-02b7d3a81c52: cophenetic index 624; 0.7 s; peak memory 727 MiB.
2026-10-08T19:05:16Z INFO [4386/4500] a1c35106-8ddf-4e48-8aa3-157a1e7a029c: cophenetic index 624; 0.7 s; peak memory 727 MiB.
2026-10-08T19:05:16Z INFO [4387/4500] a1c4e74e-b738-4512-b209-787af1037972: cophenetic index 624; 0.6 s; peak memory 727 MiB.
2026-10-08T19:05:22Z INFO [4388/4500] a1c4eef9-a319-44ec-af00-03235d36dbe7: cophenetic index 33579; 5.8 s; peak memory 727 MiB.
2026-10-08T19:05:26Z INFO [4389/4500] a1c53ad8-7146-4b33-bfee-b97091c9328f: cophenetic index 9298; 4.1 s; peak memory 727 MiB.
2026-10-08T19:05:27Z INFO [4390/4500] a1c54ada-5750-4a53-817e-a51682768566: cophenetic index 641; 0.6 s; peak memory 727 MiB.
2026-10-08T19:05:27Z INFO [4391/4500] a1c60c93-1877-4f99-a992-1243136eca92: cophenetic index 490; 0.5 s; peak memory 727 MiB.
2026-10-08T19:05:28Z INFO [4392/4500] a1c703f2-1166-4da2-a044-be610e99f9cf: cophenetic index 33998; 1.0 s; peak memory 727 MiB.
2026-10-08T19:05:30Z INFO [4393/4500] a1ca0f5d-10a7-433f-b7d9-c8b5f48470c1: cophenetic index 754; 1.3 s; peak memory 727 MiB.
2026-10-08T19:05:30Z INFO [4394/4500] a1ca52e9-c3ff-49d9-a14b-81a2d943feaf: cophenetic index 624; 0.6 s; peak memory 727 MiB.
2026-10-08T19:05:33Z INFO [4395/4500] a1ca7f03-6fed-4e8f-8960-8297b0281fd7: cophenetic index 24832; 3.2 s; peak memory 727 MiB.
2026-10-08T19:05:34Z INFO [4396/4500] a1cd6a85-4a0b-4a8e-97c5-81a24ec95d88: cophenetic index 3004; 0.8 s; peak memory 727 MiB.
2026-10-08T19:05:35Z INFO [4397/4500] a1cdbf9d-fe79-4d9b-a9f7-d9bfa3365a17: cophenetic index 23794; 0.8 s; peak memory 727 MiB.
2026-10-08T19:05:37Z INFO [4398/4500] a1cdee35-f21c-48ab-844b-2d9aa2b26e74: cophenetic index 8258; 2.1 s; peak memory 727 MiB.
2026-10-08T19:05:38Z INFO [4399/4500] a1ce310f-a849-418e-b61a-970c048f2aba: cophenetic index 3004; 0.7 s; peak memory 727 MiB.
2026-10-08T19:05:40Z INFO [4400/4500] a1cebc56-0ae5-47b7-ad6c-08d7f8fd76ff: cophenetic index 3347; 2.2 s; peak memory 727 MiB.
2026-10-08T19:05:40Z INFO [4400/4500] a1cebc56-0ae5-47b7-ad6c-08d7f8fd76ff: checkpointed 124823 new records.
2026-10-08T19:05:41Z INFO [4401/4500] a1cf9fd3-5d74-4b5c-a851-66a368c9fdda: cophenetic index 624; 0.7 s; peak memory 727 MiB.
2026-10-08T19:05:42Z INFO [4402/4500] a1cfab0b-2389-404b-b4a7-6afb5570f62f: cophenetic index 2923; 0.7 s; peak memory 727 MiB.
2026-10-08T19:05:42Z INFO [4403/4500] a1cfbfdf-7f38-494c-ba5e-e5267622db6a: cophenetic index 651; 0.5 s; peak memory 727 MiB.
2026-10-08T19:05:44Z INFO [4404/4500] a1d0dfcb-9bd1-4c2c-9855-2f6373983d53: cophenetic index 612; 1.4 s; peak memory 727 MiB.
2026-10-08T19:05:44Z INFO [4405/4500] a1d18305-e52f-4c20-82d5-d801a3797a95: cophenetic index 466; 0.8 s; peak memory 727 MiB.
2026-10-08T19:05:45Z INFO [4406/4500] a1d1e7c4-5204-45a6-970a-0d8e8e1b0dcc: cophenetic index 132759; 0.5 s; peak memory 727 MiB.
2026-10-08T19:05:47Z INFO [4407/4500] a1d2b14c-ee0d-46c2-99ac-13c3c1f64922: cophenetic index 1255; 2.0 s; peak memory 727 MiB.
2026-10-08T19:06:28Z INFO [4408/4500] a1d2d51a-720d-4f25-b4e4-848d473260e0: cophenetic index 5879857; 41.4 s; peak memory 727 MiB.
2026-10-08T19:06:29Z INFO [4409/4500] a1d2f2e4-13ff-4780-ba8e-793e3857181a: cophenetic index 33986; 1.1 s; peak memory 727 MiB.
2026-10-08T19:06:30Z INFO [4410/4500] a1d362e4-d62a-49ac-bf0b-61e00ab9bbeb: cophenetic index 3192; 0.8 s; peak memory 727 MiB.
2026-10-08T19:06:31Z INFO [4411/4500] a1d41702-6c7b-4ba1-bf4e-767df964b665: cophenetic index 1087; 1.2 s; peak memory 727 MiB.
2026-10-08T19:06:35Z INFO [4412/4500] a1d4c866-9f1c-4add-9ab1-25f66b9d6625: cophenetic index 87573; 4.1 s; peak memory 727 MiB.
2026-10-08T19:06:36Z INFO [4413/4500] a1d4d36f-87fc-4a58-b06b-0c5ab69ee80d: cophenetic index 624; 0.6 s; peak memory 727 MiB.
2026-10-08T19:06:37Z INFO [4414/4500] a1d53773-2023-4929-b70e-852684ffe207: cophenetic index 3087; 0.9 s; peak memory 727 MiB.
2026-10-08T19:06:38Z INFO [4415/4500] a1d58c17-f308-4ff2-98ed-8fcafca23ad2: cophenetic index 624; 0.8 s; peak memory 727 MiB.
2026-10-08T19:06:39Z INFO [4416/4500] a1d5cff5-6acc-45d4-a285-4bd6d033b828: cophenetic index 33986; 1.0 s; peak memory 727 MiB.
2026-10-08T19:06:39Z INFO [4417/4500] a1d6012e-a46d-42d2-b9b8-aa0248840699: cophenetic index 624; 0.7 s; peak memory 727 MiB.
2026-10-08T19:06:40Z INFO [4418/4500] a1d6668a-9986-499c-a5f5-a4e7a8e10f34: cophenetic index 2625; 1.0 s; peak memory 727 MiB.
2026-10-08T19:06:41Z INFO [4419/4500] a1d68921-cf90-49e9-a1d3-c02cef0c7b4c: cophenetic index 624; 0.7 s; peak memory 727 MiB.
2026-10-08T19:06:42Z INFO [4420/4500] a1d77703-f057-43e8-9c37-8cd8b653dfb1: cophenetic index 3004; 0.7 s; peak memory 727 MiB.
2026-10-08T19:06:43Z INFO [4421/4500] a1d83ee8-bae7-4f27-91f4-a0834ea73b40: cophenetic index 1751; 1.2 s; peak memory 727 MiB.
2026-10-08T19:06:44Z INFO [4422/4500] a1d88a9d-204a-439e-b898-ab539cb7a5b5: cophenetic index 626; 0.8 s; peak memory 727 MiB.
2026-10-08T19:06:44Z INFO [4423/4500] a1d891d1-b9e5-4983-9beb-d2f70075148f: cophenetic index 624; 0.7 s; peak memory 727 MiB.
2026-10-08T19:06:45Z INFO [4424/4500] a1d8ce1e-6367-4955-ae1a-f98d3e0df707: cophenetic index 624; 0.8 s; peak memory 727 MiB.
2026-10-08T19:06:46Z INFO [4425/4500] a1d91929-2076-4255-acf9-f5f5404b7e3f: cophenetic index 624; 0.8 s; peak memory 727 MiB.
2026-10-08T19:06:47Z INFO [4426/4500] a1d96bbb-cdf5-4cb3-a1bb-b6e3c823db68: cophenetic index 490; 0.5 s; peak memory 727 MiB.
2026-10-08T19:06:47Z INFO [4427/4500] a1d9d9af-ee40-42be-9c30-6a362e7d613b: cophenetic index 624; 0.7 s; peak memory 727 MiB.
2026-10-08T19:06:48Z INFO [4428/4500] a1d9e64d-44cc-42f9-87b0-4d284be059b9: cophenetic index 690; 0.7 s; peak memory 727 MiB.
2026-10-08T19:06:49Z INFO [4429/4500] a1dbea9b-cbf3-400a-a8b7-0b9863b2e671: cophenetic index 494; 0.5 s; peak memory 727 MiB.
2026-10-08T19:06:49Z INFO [4430/4500] a1dcd0d2-bd0a-4df7-8aa0-2ac7a4c9cf29: cophenetic index 448; 0.6 s; peak memory 727 MiB.
2026-10-08T19:06:59Z INFO [4431/4500] a1dd8c2c-4178-4973-bbe1-ed6c18627dbb: cophenetic index 433749; 10.2 s; peak memory 727 MiB.
2026-10-08T19:07:00Z INFO [4432/4500] a1dda9e6-31d2-4994-9e04-9b430a71b6ef: cophenetic index 448; 0.8 s; peak memory 727 MiB.
2026-10-08T19:07:01Z INFO [4433/4500] a1ded1c4-721b-43a1-b8a6-c3d5378610a3: cophenetic index 649; 0.8 s; peak memory 727 MiB.
2026-10-08T19:07:02Z INFO [4434/4500] a1dedcd9-dc2b-4c8c-95ad-170c80a3105e: cophenetic index 3004; 0.9 s; peak memory 727 MiB.
2026-10-08T19:07:04Z INFO [4435/4500] a1df3306-6141-4bb6-9caa-fe3a526c0188: cophenetic index 2609; 1.7 s; peak memory 727 MiB.
2026-10-08T19:07:05Z INFO [4436/4500] a1dfcef9-5691-4532-9d09-569ece1e40e3: cophenetic index 809; 1.5 s; peak memory 727 MiB.
2026-10-08T19:07:06Z INFO [4437/4500] a1dfdb43-0bdd-4a8b-970c-446ed6413e1e: cophenetic index 3004; 0.9 s; peak memory 727 MiB.
2026-10-08T19:07:07Z INFO [4438/4500] a1dfdb6e-1b1d-46f3-b030-a002866e2146: cophenetic index 516; 1.2 s; peak memory 727 MiB.
2026-10-08T19:07:08Z INFO [4439/4500] a1dff7c1-8e32-43ec-9155-a937588c661a: cophenetic index 624; 0.8 s; peak memory 727 MiB.
2026-10-08T19:07:16Z INFO [4440/4500] a1e05768-0a8b-4175-b282-082799703ba1: cophenetic index 216438; 7.7 s; peak memory 727 MiB.
2026-10-08T19:07:17Z INFO [4441/4500] a1e101d4-a9a6-4979-9d97-1d416af966d7: cophenetic index 1979; 1.3 s; peak memory 727 MiB.
2026-10-08T19:07:17Z INFO [4442/4500] a1e12866-deac-4bf5-8de2-f413c9afd382: cophenetic index 751; 0.4 s; peak memory 727 MiB.
2026-10-08T19:07:18Z INFO [4443/4500] a1e14842-9c76-41c3-a1c2-91f763137fdc: cophenetic index 497; 0.7 s; peak memory 727 MiB.
2026-10-08T19:07:19Z INFO [4444/4500] a1e264ce-c00e-469e-8144-12b634e6cedb: cophenetic index 517; 0.7 s; peak memory 727 MiB.
2026-10-08T19:07:20Z INFO [4445/4500] a1e32d06-66f7-4ba9-84b1-5d7bbc071ed0: cophenetic index 33968; 1.2 s; peak memory 727 MiB.
2026-10-08T19:07:21Z INFO [4446/4500] a1e335f3-47a9-44d9-ba33-14c2929aa293: cophenetic index 23502; 0.8 s; peak memory 727 MiB.
2026-10-08T19:07:21Z INFO [4447/4500] a1e39431-e954-42fc-bfff-3483b62afe85: cophenetic index 624; 0.8 s; peak memory 727 MiB.
2026-10-08T19:07:22Z INFO [4448/4500] a1e41ed5-68b9-4256-85c5-f80c197942e9: cophenetic index 3087; 0.8 s; peak memory 727 MiB.
2026-10-08T19:07:23Z INFO [4449/4500] a1e47904-5ea9-4487-969f-d508b9c300c3: cophenetic index 3004; 0.8 s; peak memory 727 MiB.
2026-10-08T19:07:24Z INFO [4450/4500] a1e587e2-ad6b-4931-8359-d1f3da63c363: cophenetic index 1087; 1.1 s; peak memory 727 MiB.
2026-10-08T19:07:24Z INFO [4450/4500] a1e587e2-ad6b-4931-8359-d1f3da63c363: checkpointed 124873 new records.
2026-10-08T19:07:25Z INFO [4451/4500] a1e6d216-b2e7-4f79-a11d-4ff6fc166cfe: cophenetic index 3004; 0.9 s; peak memory 727 MiB.
2026-10-08T19:07:26Z INFO [4452/4500] a1e78e06-8ea5-49a8-a6ba-0ef86e52cca5: cophenetic index 3004; 0.7 s; peak memory 727 MiB.
2026-10-08T19:07:27Z INFO [4453/4500] a1e7965d-f82e-4c81-b9bd-54a646a76086: cophenetic index 624; 0.9 s; peak memory 727 MiB.
2026-10-08T19:07:28Z INFO [4454/4500] a1e8d4d6-8d5c-4de5-a173-82a1a5da1482: cophenetic index 3192; 0.9 s; peak memory 727 MiB.
2026-10-08T19:07:29Z INFO [4455/4500] a1ea85eb-e35d-4ae5-90ab-1e4ad2826db3: cophenetic index 99150; 1.6 s; peak memory 727 MiB.
2026-10-08T19:07:30Z INFO [4456/4500] a1ebdbd4-7faf-4caa-8cc2-e8c38fafb35e: cophenetic index 486; 0.7 s; peak memory 727 MiB.
2026-10-08T19:07:32Z INFO [4457/4500] a1ec73ae-fa3b-44aa-a46d-ee5ff3cb2592: cophenetic index 2402; 1.9 s; peak memory 727 MiB.
2026-10-08T19:07:34Z INFO [4458/4500] a1ec74a5-dc80-4b2b-b51a-231f7c9c22a9: cophenetic index 797; 1.6 s; peak memory 727 MiB.
2026-10-08T19:07:34Z INFO [4459/4500] a1ecba93-ed74-4d5b-9276-0c666bc7c9f1: cophenetic index 873; 0.7 s; peak memory 727 MiB.
2026-10-08T19:07:35Z INFO [4460/4500] a1edbb76-4c62-4c67-af2d-9c417bbbc79f: cophenetic index 2625; 0.8 s; peak memory 727 MiB.
2026-10-08T19:07:36Z INFO [4461/4500] a1edc2b9-d6d7-4524-ab76-5dc6baa639a3: cophenetic index 1192; 0.6 s; peak memory 727 MiB.
2026-10-08T19:07:36Z INFO [4462/4500] a1edea23-4ff2-43d3-9b8b-d05ea59ed162: cophenetic index 624; 0.7 s; peak memory 727 MiB.
2026-10-08T19:07:37Z INFO [4463/4500] a1ee11a8-3b60-4082-a726-8c9c5d587811: cophenetic index 2625; 0.9 s; peak memory 727 MiB.
2026-10-08T19:07:39Z INFO [4464/4500] a1ee8f0c-9788-4732-bdb2-dd6973d950cd: cophenetic index 5473; 2.2 s; peak memory 727 MiB.
2026-10-08T19:07:43Z INFO [4465/4500] a1eec584-3c29-4645-99f4-08a65af80e65: cophenetic index 2333; 3.5 s; peak memory 727 MiB.
2026-10-08T19:07:44Z INFO [4466/4500] a1efceb9-0ff1-44e2-ae76-d8a199e851d4: cophenetic index 2470; 1.4 s; peak memory 727 MiB.
2026-10-08T19:07:45Z INFO [4467/4500] a1efff43-78bb-40b7-beb2-ca8d05768f37: cophenetic index 3004; 0.7 s; peak memory 727 MiB.
2026-10-08T19:07:46Z INFO [4468/4500] a1f087a5-5116-4e83-827e-221fc84cd02e: cophenetic index 624; 0.6 s; peak memory 727 MiB.
2026-10-08T19:07:47Z INFO [4469/4500] a1f0959f-68c3-43cb-84ec-871bc11d565c: cophenetic index 2469; 1.8 s; peak memory 727 MiB.
2026-10-08T19:07:48Z INFO [4470/4500] a1f0a0af-be43-462b-a3cd-b8220d8b0cd0: cophenetic index 2625; 0.8 s; peak memory 727 MiB.
2026-10-08T19:07:50Z INFO [4471/4500] a1f0de30-0d70-4ee7-96b3-290a19a08721: cophenetic index 33998; 1.3 s; peak memory 727 MiB.
2026-10-08T19:07:51Z INFO [4472/4500] a1f0f7a9-fe29-4fe1-9c7b-e352d6f9c00f: cophenetic index 99150; 1.7 s; peak memory 727 MiB.
2026-10-08T19:07:52Z INFO [4473/4500] a1f1907f-de18-4c48-b8c3-051647fb5e5b: cophenetic index 624; 0.7 s; peak memory 727 MiB.
2026-10-08T19:07:53Z INFO [4474/4500] a1f215ee-1823-4ba9-9bdb-ec38aacde1a1: cophenetic index 412; 0.7 s; peak memory 727 MiB.
2026-10-08T19:07:58Z INFO [4475/4500] a1f2b1ac-63a7-4ecb-ad95-7fc4cee59393: cophenetic index 152140; 4.9 s; peak memory 727 MiB.
2026-10-08T19:07:58Z INFO [4476/4500] a1f34e92-3555-4c33-b8d3-24cd24b64311: cophenetic index 3087; 0.8 s; peak memory 727 MiB.
2026-10-08T19:08:04Z INFO [4477/4500] a1f35059-08c4-48f2-a4da-861ade7da523: cophenetic index 14478; 5.9 s; peak memory 727 MiB.
2026-10-08T19:08:06Z INFO [4478/4500] a1f5fb4b-4fb7-43d0-9de1-015f9ff0eca8: cophenetic index 3420; 2.3 s; peak memory 727 MiB.
2026-10-08T19:08:07Z INFO [4479/4500] a1f6321c-987f-41db-9c1b-be8384e2caa2: cophenetic index 530; 0.7 s; peak memory 727 MiB.
2026-10-08T19:08:08Z INFO [4480/4500] a1f8f2e5-de8c-4661-b3bb-847f488ddd6c: cophenetic index 729; 0.5 s; peak memory 727 MiB.
2026-10-08T19:08:08Z INFO [4481/4500] a1f9e2ac-98ae-4df6-bff4-0bc800416624: cophenetic index 3087; 0.8 s; peak memory 727 MiB.
2026-10-08T19:08:09Z INFO [4482/4500] a1f9ebbd-eca3-4c4c-8208-972da4c33382: cophenetic index 3004; 0.9 s; peak memory 727 MiB.
2026-10-08T19:08:11Z INFO [4483/4500] a1f9f6be-6188-4a3c-aa74-7553172b9877: cophenetic index 99114; 1.3 s; peak memory 727 MiB.
2026-10-08T19:08:12Z INFO [4484/4500] a1fb9e9c-2f37-4606-a338-77094015d6c0: cophenetic index 2625; 1.0 s; peak memory 727 MiB.
2026-10-08T19:08:13Z INFO [4485/4500] a1fc198f-ac1d-4b68-8d14-4a06f74619d1: cophenetic index 2625; 1.0 s; peak memory 727 MiB.
2026-10-08T19:08:14Z INFO [4486/4500] a1fc806e-0077-40fc-8b9b-f8b7fca39274: cophenetic index 103740; 1.6 s; peak memory 727 MiB.
2026-10-08T19:08:15Z INFO [4487/4500] a1fd2613-f1e1-4d74-a01b-d179cd86f6af: cophenetic index 624; 0.6 s; peak memory 727 MiB.
2026-10-08T19:08:16Z INFO [4488/4500] a1fd4008-eef1-47b0-bb26-580ac4e009bc: cophenetic index 26986; 1.0 s; peak memory 727 MiB.
2026-10-08T19:08:24Z INFO [4489/4500] a1fdd4e3-1485-4089-9862-ad9337936113: cophenetic index 239250; 8.1 s; peak memory 727 MiB.
2026-10-08T19:08:25Z INFO [4490/4500] a1fe5dfb-b0d1-4e02-affe-e7cf165da02f: cophenetic index 2682; 1.4 s; peak memory 727 MiB.
2026-10-08T19:08:27Z INFO [4491/4500] a1ff07de-4963-4e14-b364-e8e5d277b6da: cophenetic index 2402; 1.7 s; peak memory 727 MiB.
2026-10-08T19:08:28Z INFO [4492/4500] a1ffc782-9913-4d26-9ce2-c00fac473688: cophenetic index 624; 0.7 s; peak memory 727 MiB.
2026-10-08T19:08:32Z INFO [4493/4500] a1ffebfd-a28e-426f-af35-a387f708ab11: cophenetic index 9548; 4.3 s; peak memory 727 MiB.
2026-10-08T19:08:33Z INFO [4494/4500] a2000442-a08d-43df-b6c8-a0d51a971d5f: cophenetic index 490; 0.4 s; peak memory 727 MiB.
2026-10-08T19:08:33Z INFO [4495/4500] a2000c5c-ebae-4260-a30f-e0cec87201a0: cophenetic index 624; 0.6 s; peak memory 727 MiB.
2026-10-08T19:08:34Z INFO [4496/4500] a2008df7-7f9c-4d92-bada-e53692092042: cophenetic index 3215; 0.7 s; peak memory 727 MiB.
2026-10-08T19:08:41Z INFO [4497/4500] a2008ff4-8ebd-49ab-bfb9-9857395d65c5: cophenetic index 191804; 7.7 s; peak memory 727 MiB.
2026-10-08T19:08:42Z INFO [4498/4500] a201b3ae-9c75-4184-b334-311f0f887c3e: cophenetic index 24032; 0.7 s; peak memory 727 MiB.
2026-10-08T19:08:43Z INFO [4499/4500] a202cfab-0991-4d60-9b23-37d28057b79c: cophenetic index 2132; 0.9 s; peak memory 727 MiB.
2026-10-08T19:08:44Z INFO [4500/4500] a20319cf-d2ac-47fa-acdd-831ce1016a2b: cophenetic index 23378; 0.9 s; peak memory 727 MiB.
2026-10-08T19:08:44Z INFO [4500/4500] a20319cf-d2ac-47fa-acdd-831ce1016a2b: checkpointed 124923 new records.
2026-10-08T19:08:44Z INFO Wrote 124923 records to /tmp/derivatives/valid_nwb_file_to_cophenetic_index.jsonl (4459 new, 41 failed) in 130.4 min (peak memory 727 MiB).
