2026-10-09T02:35:20Z INFO Logging to /tmp/logs/update_2026-10-09T02-35-20Z.log.
2026-10-09T02:35:20Z INFO Update valid-nwb-file-to-cophenetic-index (base directory /tmp).
2026-10-09T02:35:20Z INFO Processing 3350 items (129380 already recorded).
2026-10-09T02:35:22Z WARNING 024ef50f-ac6f-49ea-806b-93ef4b5e8644: failed while reading the NWB file (KeyError: 'Unable to synchronously open object (component not found)')
2026-10-09T02:35:22Z WARNING [1/3350] 024ef50f-ac6f-49ea-806b-93ef4b5e8644: leaving unrecorded for a later run to retry.
2026-10-09T02:35:24Z WARNING 09073220-fbea-45d2-9a39-2cc61fcdc2a1: failed while reading the NWB file (KeyError: 'Unable to synchronously open object (component not found)')
2026-10-09T02:35:24Z WARNING [2/3350] 09073220-fbea-45d2-9a39-2cc61fcdc2a1: leaving unrecorded for a later run to retry.
2026-10-09T02:35:25Z WARNING 0dec427d-4db4-44c3-988a-c37959ceaff3: failed while reading the NWB file (KeyError: 'Unable to synchronously open object (component not found)')
2026-10-09T02:35:25Z WARNING [3/3350] 0dec427d-4db4-44c3-988a-c37959ceaff3: leaving unrecorded for a later run to retry.
2026-10-09T02:35:27Z WARNING 0f7396ad-67ec-468a-b6a6-5599cb507f54: failed while reading the NWB file (KeyError: 'Unable to synchronously open object (component not found)')
2026-10-09T02:35:27Z WARNING [4/3350] 0f7396ad-67ec-468a-b6a6-5599cb507f54: leaving unrecorded for a later run to retry.
2026-10-09T02:35:29Z WARNING 1066b3ba-83d9-4cb3-bfe3-ecf8539e2334: failed while reading the NWB file (KeyError: 'Unable to synchronously open object (component not found)')
2026-10-09T02:35:29Z WARNING [5/3350] 1066b3ba-83d9-4cb3-bfe3-ecf8539e2334: leaving unrecorded for a later run to retry.
2026-10-09T02:35:31Z WARNING 17a546c4-6425-4c56-a43e-9f9f272d299c: failed while reading the NWB file (KeyError: 'Unable to synchronously open object (component not found)')
2026-10-09T02:35:31Z WARNING [6/3350] 17a546c4-6425-4c56-a43e-9f9f272d299c: leaving unrecorded for a later run to retry.
2026-10-09T02:35:33Z WARNING 19998990-d06f-40db-8d07-c5121b317b6a: failed while reading the NWB file (KeyError: 'Unable to synchronously open object (component not found)')
2026-10-09T02:35:33Z WARNING [7/3350] 19998990-d06f-40db-8d07-c5121b317b6a: leaving unrecorded for a later run to retry.
2026-10-09T02:35:34Z WARNING 1a18ed31-9155-4512-919f-b6875d14b9f3: failed while reading the NWB file (KeyError: 'Unable to synchronously open object (component not found)')
2026-10-09T02:35:34Z WARNING [8/3350] 1a18ed31-9155-4512-919f-b6875d14b9f3: leaving unrecorded for a later run to retry.
2026-10-09T02:35:36Z WARNING 1c2fff6f-f3a7-43fb-b7e2-a33218d41614: failed while reading the NWB file (KeyError: 'Unable to synchronously open object (component not found)')
2026-10-09T02:35:36Z WARNING [9/3350] 1c2fff6f-f3a7-43fb-b7e2-a33218d41614: leaving unrecorded for a later run to retry.
2026-10-09T02:35:38Z WARNING 20b5d243-5a61-4246-a5d5-ac9d9068183d: failed while reading the NWB file (KeyError: 'Unable to synchronously open object (component not found)')
2026-10-09T02:35:38Z WARNING [10/3350] 20b5d243-5a61-4246-a5d5-ac9d9068183d: leaving unrecorded for a later run to retry.
2026-10-09T02:35:39Z WARNING 20e4b649-b593-4ee3-bd02-f0645aad7021: failed while reading the NWB file (KeyError: 'Unable to synchronously open object (component not found)')
2026-10-09T02:35:39Z WARNING [11/3350] 20e4b649-b593-4ee3-bd02-f0645aad7021: leaving unrecorded for a later run to retry.
2026-10-09T02:35:41Z WARNING 2420003b-b350-4a69-b1aa-b27f68179823: failed while reading the NWB file (KeyError: 'Unable to synchronously open object (component not found)')
2026-10-09T02:35:41Z WARNING [12/3350] 2420003b-b350-4a69-b1aa-b27f68179823: leaving unrecorded for a later run to retry.
2026-10-09T02:35:43Z WARNING 2a76c0ae-11ba-4712-bfc9-5a1534c26aeb: failed while reading the NWB file (KeyError: 'Unable to synchronously open object (component not found)')
2026-10-09T02:35:43Z WARNING [13/3350] 2a76c0ae-11ba-4712-bfc9-5a1534c26aeb: leaving unrecorded for a later run to retry.
2026-10-09T02:35:45Z WARNING 319d22c8-6c6e-41bb-9bf9-9c6773d2b2ad: failed while reading the NWB file (KeyError: 'Unable to synchronously open object (component not found)')
2026-10-09T02:35:45Z WARNING [14/3350] 319d22c8-6c6e-41bb-9bf9-9c6773d2b2ad: leaving unrecorded for a later run to retry.
2026-10-09T02:35:46Z WARNING 324ccb4d-b81e-4dbb-a29d-ef474eef0d50: failed while reading the NWB file (KeyError: 'Unable to synchronously open object (component not found)')
2026-10-09T02:35:46Z WARNING [15/3350] 324ccb4d-b81e-4dbb-a29d-ef474eef0d50: leaving unrecorded for a later run to retry.
2026-10-09T02:35:48Z WARNING 3b2672c0-01e2-4e2a-a6fd-09535b8afd67: failed while reading the NWB file (KeyError: 'Unable to synchronously open object (component not found)')
2026-10-09T02:35:48Z WARNING [16/3350] 3b2672c0-01e2-4e2a-a6fd-09535b8afd67: leaving unrecorded for a later run to retry.
2026-10-09T02:35:50Z WARNING 3dec1e5e-7a4c-4aaa-95eb-7a953aa18d59: failed while reading the NWB file (KeyError: 'Unable to synchronously open object (component not found)')
2026-10-09T02:35:50Z WARNING [17/3350] 3dec1e5e-7a4c-4aaa-95eb-7a953aa18d59: leaving unrecorded for a later run to retry.
2026-10-09T02:35:51Z WARNING 40d7f442-8923-4dd5-87cb-af432218c083: failed while reading the NWB file (KeyError: 'Unable to synchronously open object (component not found)')
2026-10-09T02:35:51Z WARNING [18/3350] 40d7f442-8923-4dd5-87cb-af432218c083: leaving unrecorded for a later run to retry.
2026-10-09T02:35:53Z WARNING 4255c687-2c9c-4ffc-83b6-08157b521931: failed while reading the NWB file (KeyError: 'Unable to synchronously open object (component not found)')
2026-10-09T02:35:53Z WARNING [19/3350] 4255c687-2c9c-4ffc-83b6-08157b521931: leaving unrecorded for a later run to retry.
2026-10-09T02:35:55Z WARNING 43addd0b-0674-4137-8eaa-9df790dee1ce: failed while reading the NWB file (KeyError: 'Unable to synchronously open object (component not found)')
2026-10-09T02:35:55Z WARNING [20/3350] 43addd0b-0674-4137-8eaa-9df790dee1ce: leaving unrecorded for a later run to retry.
2026-10-09T02:35:56Z WARNING 59beae01-8c63-4353-a90b-e97078f0ecde: failed while reading the NWB file (KeyError: 'Unable to synchronously open object (component not found)')
2026-10-09T02:35:56Z WARNING [21/3350] 59beae01-8c63-4353-a90b-e97078f0ecde: leaving unrecorded for a later run to retry.
2026-10-09T02:35:58Z WARNING 6a997180-d683-4d9d-9b90-05b7dc97c11c: failed while reading the NWB file (KeyError: 'Unable to synchronously open object (component not found)')
2026-10-09T02:35:58Z WARNING [22/3350] 6a997180-d683-4d9d-9b90-05b7dc97c11c: leaving unrecorded for a later run to retry.
2026-10-09T02:36:00Z WARNING 6aa6bd0b-2ee9-4b1c-ae04-8288b68d12ff: failed while reading the NWB file (KeyError: 'Unable to synchronously open object (component not found)')
2026-10-09T02:36:00Z WARNING [23/3350] 6aa6bd0b-2ee9-4b1c-ae04-8288b68d12ff: leaving unrecorded for a later run to retry.
2026-10-09T02:36:01Z WARNING 6aae1939-4782-4088-b5f7-42ef42d4db39: failed while reading the NWB file (KeyError: 'Unable to synchronously open object (component not found)')
2026-10-09T02:36:01Z WARNING [24/3350] 6aae1939-4782-4088-b5f7-42ef42d4db39: leaving unrecorded for a later run to retry.
2026-10-09T02:36:03Z WARNING 6d423b55-67f8-42c9-9dee-caa73708d896: failed while reading the NWB file (KeyError: 'Unable to synchronously open object (component not found)')
2026-10-09T02:36:03Z WARNING [25/3350] 6d423b55-67f8-42c9-9dee-caa73708d896: leaving unrecorded for a later run to retry.
2026-10-09T02:36:05Z WARNING 735c7449-7e23-44fa-8990-d5c55f725aa2: failed while reading the NWB file (KeyError: 'Unable to synchronously open object (component not found)')
2026-10-09T02:36:05Z WARNING [26/3350] 735c7449-7e23-44fa-8990-d5c55f725aa2: leaving unrecorded for a later run to retry.
2026-10-09T02:36:06Z WARNING 75dc9b6e-40d1-4c10-8d75-71e6d60a1109: failed while reading the NWB file (KeyError: 'Unable to synchronously open object (component not found)')
2026-10-09T02:36:06Z WARNING [27/3350] 75dc9b6e-40d1-4c10-8d75-71e6d60a1109: leaving unrecorded for a later run to retry.
2026-10-09T02:36:08Z WARNING 75e93a30-06d1-4377-ac24-e439b70138bf: failed while reading the NWB file (KeyError: 'Unable to synchronously open object (component not found)')
2026-10-09T02:36:08Z WARNING [28/3350] 75e93a30-06d1-4377-ac24-e439b70138bf: leaving unrecorded for a later run to retry.
2026-10-09T02:36:09Z INFO [29/3350] 7632d81b-2819-473d-8946-34dc939e6028: cophenetic index 914; 1.2 s; peak memory 129 MiB.
2026-10-09T02:36:11Z WARNING 79d6c03f-a5ad-43d3-a8c3-a13e7b361f24: failed while reading the NWB file (KeyError: 'Unable to synchronously open object (component not found)')
2026-10-09T02:36:11Z WARNING [30/3350] 79d6c03f-a5ad-43d3-a8c3-a13e7b361f24: leaving unrecorded for a later run to retry.
2026-10-09T02:36:13Z WARNING 80e5eff2-6863-4038-9302-675d85163951: failed while reading the NWB file (KeyError: 'Unable to synchronously open object (component not found)')
2026-10-09T02:36:13Z WARNING [31/3350] 80e5eff2-6863-4038-9302-675d85163951: leaving unrecorded for a later run to retry.
2026-10-09T02:36:14Z WARNING 8485f502-7092-4934-80fe-dc37dd3a4c16: failed while reading the NWB file (KeyError: 'Unable to synchronously open object (component not found)')
2026-10-09T02:36:14Z WARNING [32/3350] 8485f502-7092-4934-80fe-dc37dd3a4c16: leaving unrecorded for a later run to retry.
2026-10-09T02:36:16Z WARNING 85df85c4-6672-4675-9bb8-5e82e44e0f88: failed while reading the NWB file (KeyError: 'Unable to synchronously open object (component not found)')
2026-10-09T02:36:16Z WARNING [33/3350] 85df85c4-6672-4675-9bb8-5e82e44e0f88: leaving unrecorded for a later run to retry.
2026-10-09T02:36:18Z WARNING 87fdf428-ebbd-4376-85b5-341f14f18593: failed while reading the NWB file (KeyError: 'Unable to synchronously open object (component not found)')
2026-10-09T02:36:18Z WARNING [34/3350] 87fdf428-ebbd-4376-85b5-341f14f18593: leaving unrecorded for a later run to retry.
2026-10-09T02:36:19Z WARNING 8f0183a2-f90f-4b15-8fac-1ca3a404a100: failed while reading the NWB file (KeyError: 'Unable to synchronously open object (component not found)')
2026-10-09T02:36:19Z WARNING [35/3350] 8f0183a2-f90f-4b15-8fac-1ca3a404a100: leaving unrecorded for a later run to retry.
2026-10-09T02:36:21Z WARNING 9078e86c-42d8-47e9-a68b-72aaef5868b8: failed while reading the NWB file (KeyError: 'Unable to synchronously open object (component not found)')
2026-10-09T02:36:21Z WARNING [36/3350] 9078e86c-42d8-47e9-a68b-72aaef5868b8: leaving unrecorded for a later run to retry.
2026-10-09T02:36:23Z WARNING 907b3a91-92b0-49da-9d8a-a9ce5b752d18: failed while reading the NWB file (KeyError: 'Unable to synchronously open object (component not found)')
2026-10-09T02:36:23Z WARNING [37/3350] 907b3a91-92b0-49da-9d8a-a9ce5b752d18: leaving unrecorded for a later run to retry.
2026-10-09T02:36:24Z WARNING 91d0f104-6918-47ae-8959-2116c86ee157: failed while reading the NWB file (KeyError: 'Unable to synchronously open object (component not found)')
2026-10-09T02:36:24Z WARNING [38/3350] 91d0f104-6918-47ae-8959-2116c86ee157: leaving unrecorded for a later run to retry.
2026-10-09T02:36:26Z WARNING 969e4747-5a03-4948-bad1-05be9db18f9a: failed while reading the NWB file (KeyError: 'Unable to synchronously open object (component not found)')
2026-10-09T02:36:26Z WARNING [39/3350] 969e4747-5a03-4948-bad1-05be9db18f9a: leaving unrecorded for a later run to retry.
2026-10-09T02:36:28Z WARNING 96fcc9d3-cbe9-4aaa-986b-aaaf8831ed40: failed while reading the NWB file (KeyError: 'Unable to synchronously open object (component not found)')
2026-10-09T02:36:28Z WARNING [40/3350] 96fcc9d3-cbe9-4aaa-986b-aaaf8831ed40: leaving unrecorded for a later run to retry.
2026-10-09T02:36:30Z WARNING 98c46e12-f90f-4286-b1c2-15acdc057e25: failed while reading the NWB file (KeyError: 'Unable to synchronously open object (component not found)')
2026-10-09T02:36:30Z WARNING [41/3350] 98c46e12-f90f-4286-b1c2-15acdc057e25: leaving unrecorded for a later run to retry.
2026-10-09T02:36:31Z WARNING 9f0feaa9-adb3-4487-afb9-d4f49f1acdc6: failed while reading the NWB file (KeyError: 'Unable to synchronously open object (component not found)')
2026-10-09T02:36:31Z WARNING [42/3350] 9f0feaa9-adb3-4487-afb9-d4f49f1acdc6: leaving unrecorded for a later run to retry.
2026-10-09T02:36:33Z WARNING a5c144c2-f4f0-4c1e-9c08-2b521f863a3b: failed while reading the NWB file (KeyError: 'Unable to synchronously open object (component not found)')
2026-10-09T02:36:33Z WARNING [43/3350] a5c144c2-f4f0-4c1e-9c08-2b521f863a3b: leaving unrecorded for a later run to retry.
2026-10-09T02:36:35Z WARNING a8b6a037-6a71-4569-91a5-b9a166b789a9: failed while reading the NWB file (KeyError: 'Unable to synchronously open object (component not found)')
2026-10-09T02:36:35Z WARNING [44/3350] a8b6a037-6a71-4569-91a5-b9a166b789a9: leaving unrecorded for a later run to retry.
2026-10-09T02:36:46Z INFO [45/3350] ab6f092f-2c1b-4909-8d45-99f8ba62b12b: cophenetic index 49783; 10.8 s; peak memory 152 MiB.
2026-10-09T02:36:47Z INFO [46/3350] ab6f0f0f-8a7e-4514-9667-710504524963: cophenetic index 23866; 1.3 s; peak memory 152 MiB.
2026-10-09T02:36:55Z INFO [47/3350] ab6f846d-b647-4c5b-9db1-7cba8ea21d74: cophenetic index 163072; 8.6 s; peak memory 157 MiB.
2026-10-09T02:36:57Z INFO [48/3350] ab6fbe14-7cd4-4045-90d4-b1d01dffeb39: cophenetic index 815; 1.7 s; peak memory 157 MiB.
2026-10-09T02:36:58Z INFO [49/3350] ab6fd5d6-6a14-4a8d-90e2-e63fb8896078: cophenetic index 624; 1.1 s; peak memory 157 MiB.
2026-10-09T02:37:02Z INFO [50/3350] ab707c5a-7b96-4c5d-8e97-ab6c3e1c9aae: cophenetic index 4761; 4.1 s; peak memory 157 MiB.
2026-10-09T02:37:03Z INFO [50/3350] ab707c5a-7b96-4c5d-8e97-ab6c3e1c9aae: checkpointed 129387 new records.
2026-10-09T02:37:05Z INFO [51/3350] ab70adaf-af98-4fbb-8429-a8eb66c07e2e: cophenetic index 879; 1.8 s; peak memory 158 MiB.
2026-10-09T02:37:06Z INFO [52/3350] ab713584-6730-4c4e-88e4-3dce033a132a: cophenetic index 2570; 1.6 s; peak memory 158 MiB.
2026-10-09T02:37:08Z INFO [53/3350] ab723781-044c-4954-9f2c-7ac66fb69c84: cophenetic index 3004; 1.5 s; peak memory 158 MiB.
2026-10-09T02:37:09Z INFO [54/3350] ab737d1c-eddd-49cf-9229-aa3da62ec342: cophenetic index 624; 1.4 s; peak memory 158 MiB.
2026-10-09T02:37:15Z INFO [55/3350] ab748005-7d2d-4963-a4de-542446754770: cophenetic index 9548; 5.8 s; peak memory 158 MiB.
2026-10-09T02:37:16Z INFO [56/3350] ab7484f9-f513-45d3-9453-f48452802437: cophenetic index 554; 1.3 s; peak memory 158 MiB.
2026-10-09T02:37:18Z INFO [57/3350] ab749a12-d20c-430d-b225-a4fa1a56338e: cophenetic index 33968; 1.8 s; peak memory 158 MiB.
2026-10-09T02:37:21Z INFO [58/3350] ab752847-c245-4571-b0e5-070962d41351: cophenetic index 5473; 3.4 s; peak memory 158 MiB.
2026-10-09T02:37:22Z INFO [59/3350] ab7530af-353e-41d2-a1eb-300da037c9a0: cophenetic index 624; 1.1 s; peak memory 158 MiB.
2026-10-09T02:37:24Z INFO [60/3350] ab759fb6-10af-432b-8a6f-c6f376c1f5da: cophenetic index 3447; 1.5 s; peak memory 158 MiB.
2026-10-09T02:37:26Z INFO [61/3350] ab76779b-d595-4f73-b5d6-ef6995500ff5: cophenetic index 33998; 2.0 s; peak memory 158 MiB.
2026-10-09T02:37:27Z INFO [62/3350] ab76f5fe-032f-4a6f-8ca5-30e020c6d81b: cophenetic index 624; 1.2 s; peak memory 158 MiB.
2026-10-09T02:37:29Z INFO [63/3350] ab781433-896b-4aea-8fc6-8c94bcafb53b: cophenetic index 2625; 1.6 s; peak memory 158 MiB.
2026-10-09T02:37:30Z INFO [64/3350] ab796f59-80ac-4e12-823a-b68eea012c64: cophenetic index 649; 1.3 s; peak memory 158 MiB.
2026-10-09T02:37:32Z INFO [65/3350] ab7b0d43-3ce6-4e01-bbee-e686ad1a9adb: cophenetic index 949; 1.7 s; peak memory 158 MiB.
2026-10-09T02:37:34Z INFO [66/3350] ab7b138b-7509-4f56-9226-24b631c2b504: cophenetic index 940; 2.2 s; peak memory 158 MiB.
2026-10-09T02:37:36Z INFO [67/3350] ab7b2fca-4edc-4938-bf46-1e337dcc9dcd: cophenetic index 2019; 2.4 s; peak memory 158 MiB.
2026-10-09T02:38:12Z INFO [68/3350] ab7c625b-861a-4e9e-8187-4654451007fc: cophenetic index 12500003; 35.9 s; peak memory 206 MiB.
2026-10-09T02:38:14Z INFO [69/3350] ab7cc597-27df-4806-82e7-08a0d98c5c0d: cophenetic index 431; 1.3 s; peak memory 206 MiB.
2026-10-09T02:38:20Z INFO [70/3350] ab7cd572-f8e7-4165-a8de-e3f2cad25176: cophenetic index 9181; 6.4 s; peak memory 206 MiB.
2026-10-09T02:38:22Z INFO [71/3350] ab7ce132-bf07-4ea0-b889-923d967a8710: cophenetic index 33998; 2.2 s; peak memory 206 MiB.
2026-10-09T02:38:31Z INFO [72/3350] ab7d0fb0-0290-4137-986d-0146c2e6d2ae: cophenetic index 168744; 8.4 s; peak memory 206 MiB.
2026-10-09T02:38:32Z INFO [73/3350] ab7f514e-4c23-4380-9243-7ec4679e0cc3: cophenetic index 624; 1.1 s; peak memory 206 MiB.
2026-10-09T02:38:33Z INFO [74/3350] ab7f8b5e-89f1-4e53-92fe-3c5926aebbde: cophenetic index 624; 1.2 s; peak memory 206 MiB.
2026-10-09T02:38:34Z INFO [75/3350] ab80a4a1-654d-42e1-917a-2a760f71ec26: cophenetic index 649; 1.3 s; peak memory 206 MiB.
2026-10-09T02:38:37Z INFO [76/3350] ab81f217-42be-4d9c-b17a-1101e4f69e5c: cophenetic index 4646; 2.9 s; peak memory 206 MiB.
2026-10-09T02:38:39Z INFO [77/3350] ab8247d6-3c29-4b5c-ba6e-1351c03e6b98: cophenetic index 809; 2.1 s; peak memory 206 MiB.
2026-10-09T02:38:45Z INFO [78/3350] ab82f4df-23ee-4e48-9255-f9ab390e0b39: cophenetic index 9298; 5.5 s; peak memory 208 MiB.
2026-10-09T02:38:46Z INFO [79/3350] ab843c93-336c-4ad7-95a7-d98617dbbcf1: cophenetic index 937; 1.3 s; peak memory 208 MiB.
2026-10-09T02:38:47Z INFO [80/3350] ab844a43-9e48-4d54-955b-cdcd7d31266e: cophenetic index 2570; 1.3 s; peak memory 208 MiB.
2026-10-09T02:38:49Z INFO [81/3350] ab853fa5-96c2-475c-b3d3-fc07b44eb305: cophenetic index 937; 1.3 s; peak memory 208 MiB.
2026-10-09T02:38:52Z INFO [82/3350] ab8555dc-e26a-419a-a4d5-cbd07ecb692e: cophenetic index 3045; 3.5 s; peak memory 208 MiB.
2026-10-09T02:38:54Z INFO [83/3350] ab8611dc-4ae7-4418-b293-6b0a3d92a2d0: cophenetic index 3087; 1.5 s; peak memory 208 MiB.
2026-10-09T02:38:56Z INFO [84/3350] ab870003-b739-4461-8dfd-6dbbe008c3fd: cophenetic index 99150; 2.5 s; peak memory 208 MiB.
2026-10-09T02:39:03Z INFO [85/3350] ab875cf2-c4f4-454a-ac44-84dbea845fe9: cophenetic index 64553; 7.1 s; peak memory 208 MiB.
2026-10-09T02:39:04Z INFO [86/3350] ab8772d1-6ade-4cd5-8e3a-db41d386cefe: cophenetic index 624; 1.2 s; peak memory 208 MiB.
2026-10-09T02:39:06Z INFO [87/3350] ab884864-d5fe-4664-b0e1-698902043b01: cophenetic index 2625; 1.7 s; peak memory 208 MiB.
2026-10-09T02:39:07Z INFO [88/3350] ab885b1c-478a-463e-8257-2c9f5400fe08: cophenetic index 624; 1.1 s; peak memory 208 MiB.
2026-10-09T02:39:08Z INFO [89/3350] ab8a55a8-0ce3-4694-a5ad-12a87c9acf2c: cophenetic index 448; 1.2 s; peak memory 208 MiB.
2026-10-09T02:39:10Z INFO [90/3350] ab8a724a-c33a-4da7-8ab8-fd9f21d1ae51: cophenetic index 431; 1.2 s; peak memory 208 MiB.
2026-10-09T02:39:10Z INFO [91/3350] ab8b0add-ce70-4672-a0b2-d38707c05dc3: cophenetic index 446; 0.8 s; peak memory 208 MiB.
2026-10-09T02:39:12Z INFO [92/3350] ab8b3ab3-c644-4b8f-89a2-8fbd061a161d: cophenetic index 624; 1.2 s; peak memory 208 MiB.
2026-10-09T02:39:13Z INFO [93/3350] ab8c35ec-e0bf-4a02-92f1-bdc168913f9c: cophenetic index 624; 1.1 s; peak memory 208 MiB.
2026-10-09T02:39:14Z INFO [94/3350] ab8c7af7-c24d-442d-8064-6c091bfa067f: cophenetic index 452; 1.2 s; peak memory 208 MiB.
2026-10-09T02:39:16Z INFO [95/3350] ab8d46ba-0d31-477f-932a-27d9b9cdbee3: cophenetic index 99114; 2.0 s; peak memory 208 MiB.
2026-10-09T02:39:17Z INFO [96/3350] ab8da487-001e-4cb8-82fa-59eb45408cc3: cophenetic index 3004; 1.2 s; peak memory 208 MiB.
2026-10-09T02:39:18Z INFO [97/3350] ab8ee77e-315d-4864-97dc-b0fd43ae769d: cophenetic index 624; 1.1 s; peak memory 208 MiB.
2026-10-09T02:39:20Z INFO [98/3350] ab8f6b5c-3596-4ffc-9a35-49ee728e1d1f: cophenetic index 33998; 1.9 s; peak memory 208 MiB.
2026-10-09T02:39:21Z INFO [99/3350] ab8fb28a-ce78-4f7a-9dee-f4a2a5b29f03: cophenetic index 560; 1.1 s; peak memory 208 MiB.
2026-10-09T02:39:22Z INFO [100/3350] ab90277e-4383-4e8f-8219-35880760d2dc: cophenetic index 624; 1.0 s; peak memory 208 MiB.
2026-10-09T02:39:22Z INFO [100/3350] ab90277e-4383-4e8f-8219-35880760d2dc: checkpointed 129437 new records.
2026-10-09T02:39:24Z INFO [101/3350] ab90a20a-ebd8-45a1-9462-c2cc670c88f0: cophenetic index 33968; 1.7 s; peak memory 209 MiB.
2026-10-09T02:39:26Z INFO [102/3350] ab90ba97-d60a-42c9-955a-10ca4fdb6be8: cophenetic index 2609; 2.1 s; peak memory 209 MiB.
2026-10-09T02:39:28Z INFO [103/3350] ab90d8dc-ae29-41fe-8a09-58ed3becdf15: cophenetic index 3087; 1.6 s; peak memory 209 MiB.
2026-10-09T02:39:29Z INFO [104/3350] ab92a11e-3620-4852-af71-3e69a9fec4c3: cophenetic index 624; 1.1 s; peak memory 209 MiB.
2026-10-09T02:39:30Z INFO [105/3350] ab92a529-bcd4-4594-b68d-db3478bbd475: cophenetic index 624; 1.2 s; peak memory 209 MiB.
2026-10-09T02:40:55Z INFO [106/3350] ab92aab6-790d-43c6-a82c-d7ca9e88da72: cophenetic index 844830; 84.4 s; peak memory 220 MiB.
2026-10-09T02:40:58Z INFO [107/3350] ab92f96f-3c4e-4842-9a82-0f289e4725c0: cophenetic index 2402; 2.9 s; peak memory 220 MiB.
2026-10-09T02:41:05Z INFO [108/3350] ab936ac5-c4b1-4a61-8ce6-f529f5d7347a: cophenetic index 33579; 7.3 s; peak memory 220 MiB.
2026-10-09T02:41:06Z INFO [109/3350] ab936c97-f5d7-4f14-9879-3aa501a8bed5: cophenetic index 646; 1.2 s; peak memory 220 MiB.
2026-10-09T02:41:08Z INFO [110/3350] ab93b85c-134c-47ae-9877-8400db0034a7: cophenetic index 2056; 2.3 s; peak memory 220 MiB.
2026-10-09T02:41:09Z INFO [111/3350] ab944999-364f-49b5-85c2-6d431cdc8b41: cophenetic index 624; 1.1 s; peak memory 220 MiB.
2026-10-09T02:41:11Z INFO [112/3350] ab9499e8-e24a-436c-9f0f-4047c6778862: cophenetic index 3087; 1.6 s; peak memory 220 MiB.
2026-10-09T02:41:12Z INFO [113/3350] ab952804-6485-4a5a-b736-7ffa718ae844: cophenetic index 626; 1.4 s; peak memory 220 MiB.
2026-10-09T02:41:19Z INFO [114/3350] ab956112-8c1f-4364-b8e1-9be52b6bb45b: cophenetic index 61016; 6.4 s; peak memory 220 MiB.
2026-10-09T02:41:20Z INFO [115/3350] ab9570f2-2057-4a84-ba27-6f19a8f51a46: cophenetic index 3004; 1.5 s; peak memory 220 MiB.
2026-10-09T02:41:22Z INFO [116/3350] ab957534-bc47-4113-8bc4-e1f8748be96f: cophenetic index 23364; 1.4 s; peak memory 220 MiB.
2026-10-09T02:41:23Z INFO [117/3350] ab958b0e-68b0-4de0-bc3b-94b760557d56: cophenetic index 3087; 1.5 s; peak memory 220 MiB.
2026-10-09T02:41:25Z INFO [118/3350] ab95f785-0567-42f3-bec0-96ce48df42a7: cophenetic index 3087; 1.4 s; peak memory 220 MiB.
2026-10-09T02:41:26Z INFO [119/3350] ab98077f-da4e-4366-a64e-06b73f03829b: cophenetic index 725; 0.8 s; peak memory 220 MiB.
2026-10-09T02:41:27Z INFO [120/3350] ab9861c8-f44e-49c7-b008-025d3f3cdc70: cophenetic index 624; 1.1 s; peak memory 220 MiB.
2026-10-09T02:41:28Z INFO [121/3350] ab98ab71-8a88-4f12-ab47-20e1e2940f53: cophenetic index 3087; 1.4 s; peak memory 220 MiB.
2026-10-09T02:41:30Z INFO [122/3350] ab990b86-2509-4071-b454-0f55194763b5: cophenetic index 33998; 2.2 s; peak memory 220 MiB.
2026-10-09T02:41:31Z INFO [123/3350] ab998e02-33b5-4c99-bea4-34c74a530748: cophenetic index 504; 1.0 s; peak memory 220 MiB.
2026-10-09T02:41:34Z INFO [124/3350] ab9a7aed-0ec0-4530-b134-e35674e8483c: cophenetic index 2682; 2.8 s; peak memory 220 MiB.
2026-10-09T02:41:35Z INFO [125/3350] ab9b12e1-5397-4a29-8a49-28da694fe7fa: cophenetic index 431; 1.1 s; peak memory 220 MiB.
2026-10-09T02:41:37Z INFO [126/3350] ab9b14b8-233e-454e-a9f1-ae52696d7758: cophenetic index 3004; 1.4 s; peak memory 220 MiB.
2026-10-09T02:41:38Z INFO [127/3350] ab9b56d3-66f8-4b19-bfd6-8392571ce708: cophenetic index 624; 1.1 s; peak memory 220 MiB.
2026-10-09T02:41:40Z INFO [128/3350] ab9b6f17-dd14-4d98-be7b-ab1859a3a2aa: cophenetic index 33998; 1.8 s; peak memory 220 MiB.
2026-10-09T02:41:40Z INFO [129/3350] ab9ca8e0-3069-4810-9e29-a71223fd50d8: cophenetic index 401; 0.9 s; peak memory 220 MiB.
2026-10-09T02:41:41Z INFO [130/3350] ab9d58cb-0bf1-4e48-b77c-ca71e2ef972e: cophenetic index 490; 0.8 s; peak memory 220 MiB.
2026-10-09T02:41:48Z INFO [131/3350] ab9e0000-54af-44f9-8098-110f47e19bc7: cophenetic index 87573; 7.2 s; peak memory 220 MiB.
2026-10-09T02:41:49Z INFO [132/3350] ab9e2aa4-0ef5-4112-baba-ca2ab575729e: cophenetic index 164; 1.0 s; peak memory 220 MiB.
2026-10-09T02:41:52Z INFO [133/3350] ab9e9bfa-c214-4be0-8a19-e4a147d7216a: cophenetic index 1255; 2.7 s; peak memory 220 MiB.
2026-10-09T02:41:54Z INFO [134/3350] ab9f1222-99f8-44b7-82fd-24c2bdd843c5: cophenetic index 2625; 2.0 s; peak memory 220 MiB.
2026-10-09T02:42:10Z INFO [135/3350] ab9f7502-6a42-42a2-83fd-c15fcc143f03: cophenetic index 468323; 15.7 s; peak memory 220 MiB.
2026-10-09T02:42:11Z INFO [136/3350] ab9feaa6-335d-424e-8c5d-fb18cc50fa9d: cophenetic index 490; 0.8 s; peak memory 220 MiB.
2026-10-09T02:42:12Z INFO [137/3350] aba1bde4-b586-46e7-aae5-22692cac6379: cophenetic index 2625; 1.6 s; peak memory 220 MiB.
2026-10-09T02:42:15Z INFO [138/3350] aba1d209-ef66-434c-9720-1c6d4e946a0c: cophenetic index 2402; 2.9 s; peak memory 220 MiB.
2026-10-09T02:42:24Z INFO [139/3350] aba25ded-b7a1-468a-940e-9d98ce54f580: cophenetic index 33579; 8.7 s; peak memory 220 MiB.
2026-10-09T02:42:26Z INFO [140/3350] aba6f276-501c-43d6-bf93-80e4f357e1b6: cophenetic index 2625; 1.8 s; peak memory 220 MiB.
2026-10-09T02:42:27Z INFO [141/3350] aba88f78-1395-4de6-b598-fa700087bb3e: cophenetic index 3004; 1.4 s; peak memory 220 MiB.
2026-10-09T02:42:28Z INFO [142/3350] aba90aac-830f-4e76-8b48-085aa25f665c: cophenetic index 749; 1.0 s; peak memory 220 MiB.
2026-10-09T02:42:37Z INFO [143/3350] aba9433f-2341-4312-9884-25abc7baeeaf: cophenetic index 70649; 8.7 s; peak memory 220 MiB.
2026-10-09T02:42:38Z INFO [144/3350] aba999ac-ec81-488f-8c13-757bcd65119b: cophenetic index 1904; 1.3 s; peak memory 220 MiB.
2026-10-09T02:42:41Z INFO [145/3350] abaaa7e7-b4d3-4a78-9249-770ec4d9d9fe: cophenetic index 2609; 2.7 s; peak memory 220 MiB.
2026-10-09T02:42:42Z INFO [146/3350] abac233c-a483-4f47-b5ed-8fe2fddccd51: cophenetic index 2570; 1.7 s; peak memory 220 MiB.
2026-10-09T02:42:44Z INFO [147/3350] abace59a-2d5d-4341-8f24-483df7f9d414: cophenetic index 626; 1.5 s; peak memory 220 MiB.
2026-10-09T02:42:45Z INFO [148/3350] abada84e-91aa-46d2-a323-762c7e0cb8a0: cophenetic index 3004; 1.5 s; peak memory 220 MiB.
2026-10-09T02:43:02Z INFO [149/3350] abadbbbb-c2c3-4bfd-bb39-a60a7434592b: cophenetic index 527093; 16.3 s; peak memory 220 MiB.
2026-10-09T02:43:03Z INFO [150/3350] abadbd8b-582a-4b28-8ecd-94dd9707df71: cophenetic index 517; 1.0 s; peak memory 220 MiB.
2026-10-09T02:43:03Z INFO [150/3350] abadbd8b-582a-4b28-8ecd-94dd9707df71: checkpointed 129487 new records.
2026-10-09T02:43:08Z INFO [151/3350] abaf87bb-709e-4619-8389-d45e8c181f8e: cophenetic index 76594; 4.5 s; peak memory 220 MiB.
2026-10-09T02:43:09Z INFO [152/3350] abafc404-c0e8-405f-a82a-77342a288ade: cophenetic index 2625; 1.6 s; peak memory 220 MiB.
2026-10-09T02:43:11Z INFO [153/3350] abb004e1-6639-42a8-bb3b-0fb6f11066a7: cophenetic index 2625; 1.8 s; peak memory 220 MiB.
2026-10-09T02:43:12Z INFO [154/3350] abb05972-c9a2-4b49-a63e-be2e76e0e595: cophenetic index 3004; 1.3 s; peak memory 220 MiB.
2026-10-09T02:43:18Z INFO [155/3350] abb07df7-c98e-4515-8ca8-e501a459eeaf: cophenetic index 9556; 5.9 s; peak memory 220 MiB.
2026-10-09T02:43:19Z INFO [156/3350] abb10946-8a2b-42a4-af7a-7c8ad25b7855: cophenetic index 624; 1.2 s; peak memory 220 MiB.
2026-10-09T02:43:21Z INFO [157/3350] abb196de-d060-4d9e-b1b5-8940832b0140: cophenetic index 590; 1.2 s; peak memory 220 MiB.
2026-10-09T02:43:22Z INFO [158/3350] abb314d2-efcb-4cff-88bd-c0c153578cb6: cophenetic index 477; 1.2 s; peak memory 220 MiB.
2026-10-09T02:43:28Z INFO [159/3350] abb44e49-43fb-4803-af7f-960e5410cd87: cophenetic index 9298; 6.1 s; peak memory 220 MiB.
2026-10-09T02:43:29Z INFO [160/3350] abb4a7d0-27e4-4209-a1e5-8981e39fa20a: cophenetic index 3004; 1.5 s; peak memory 220 MiB.
2026-10-09T02:43:32Z INFO [161/3350] abb4ca61-08cb-4a7a-984b-8fd3add7ea25: cophenetic index 99150; 2.2 s; peak memory 220 MiB.
2026-10-09T02:43:33Z INFO [162/3350] abb4f6d7-19df-4312-9ba2-43ae19d7d88c: cophenetic index 23800; 1.6 s; peak memory 220 MiB.
2026-10-09T02:43:43Z INFO [163/3350] abb591a4-0b5b-485a-bc7c-42fc31092f8b: cophenetic index 195172714; 9.8 s; peak memory 225 MiB.
2026-10-09T02:43:44Z INFO [164/3350] abb5da33-9dad-4661-9169-64c9b04b74ec: cophenetic index 3004; 1.5 s; peak memory 225 MiB.
2026-10-09T02:43:46Z INFO [165/3350] abb658be-9ae6-40bb-ad2a-4625b9c81b9c: cophenetic index 2625; 1.8 s; peak memory 225 MiB.
2026-10-09T02:43:47Z INFO [166/3350] abb730c7-91be-4b74-b89b-5d612df91950: cophenetic index 624; 1.1 s; peak memory 225 MiB.
2026-10-09T02:43:49Z INFO [167/3350] abb74b78-1f86-4ab6-b57d-c4db18eee4b9: cophenetic index 431; 1.2 s; peak memory 225 MiB.
2026-10-09T02:43:50Z INFO [168/3350] abb765ff-6f68-4ff5-b9bf-51e2f928ce6a: cophenetic index 2625; 1.7 s; peak memory 225 MiB.
2026-10-09T02:43:51Z INFO [169/3350] abb7867c-8e44-4cbe-a38b-83a2803fa287: cophenetic index 624; 1.1 s; peak memory 225 MiB.
2026-10-09T02:44:01Z INFO [170/3350] abb805ff-dd8c-4db7-aeda-ff7dfdc800cc: cophenetic index 167798; 10.0 s; peak memory 225 MiB.
2026-10-09T02:44:03Z INFO [171/3350] abb872d1-c3e3-4f15-99d2-02fa2c6b26f7: cophenetic index 1309; 1.5 s; peak memory 225 MiB.
2026-10-09T02:44:07Z INFO [172/3350] abb8e7c4-03a4-4966-869f-fe988b214b4b: cophenetic index 24567; 4.4 s; peak memory 225 MiB.
2026-10-09T02:44:09Z INFO [173/3350] abb9a516-f7e1-47d2-8160-b19bcac24b9b: cophenetic index 33968; 1.7 s; peak memory 225 MiB.
2026-10-09T02:44:10Z INFO [174/3350] abb9dbe2-da98-4b5c-bce2-4014be775f81: cophenetic index 627; 1.0 s; peak memory 225 MiB.
2026-10-09T02:44:11Z INFO [175/3350] abbadacf-5c3b-407a-b7a8-11aa32197fb2: cophenetic index 624; 1.1 s; peak memory 225 MiB.
2026-10-09T02:44:13Z INFO [176/3350] abbb4956-b795-401c-9df9-11c274adf9dd: cophenetic index 3004; 1.6 s; peak memory 225 MiB.
2026-10-09T02:44:14Z INFO [177/3350] abbbba72-5088-417d-800f-0509692f7fa1: cophenetic index 3004; 1.5 s; peak memory 225 MiB.
2026-10-09T02:44:15Z INFO [178/3350] abbbcbbd-8021-462f-a8f3-fe65af7ada7f: cophenetic index 2859; 1.2 s; peak memory 225 MiB.
2026-10-09T02:44:17Z INFO [179/3350] abbc0af4-fa1e-45f8-89b3-9c3589b1421e: cophenetic index 2056; 2.1 s; peak memory 225 MiB.
2026-10-09T02:44:19Z INFO [180/3350] abbca1af-aa2f-4f09-b18c-14911746e761: cophenetic index 1087; 1.5 s; peak memory 226 MiB.
2026-10-09T02:44:20Z INFO [181/3350] abbd460f-e963-4a48-afe6-c52234299ad4: cophenetic index 3057; 1.3 s; peak memory 226 MiB.
2026-10-09T02:44:33Z INFO [182/3350] abbd670a-e8d7-42c0-a744-32971a5fbf85: cophenetic index 48355; 12.7 s; peak memory 226 MiB.
2026-10-09T02:44:36Z INFO [183/3350] abbd8f84-5ae6-4612-9506-ce6bd3515978: cophenetic index 6490; 3.2 s; peak memory 226 MiB.
2026-10-09T02:44:38Z INFO [184/3350] abbddcf3-520f-4b2b-af7c-7e725fb28340: cophenetic index 33986; 1.5 s; peak memory 226 MiB.
2026-10-09T02:44:41Z INFO [185/3350] abbedc30-b370-4b04-9f93-c9e199cd7416: cophenetic index 99810; 3.0 s; peak memory 226 MiB.
2026-10-09T02:44:42Z INFO [186/3350] abc02df4-a22c-440b-b0ee-a9aa70f5e7c6: cophenetic index 624; 1.1 s; peak memory 226 MiB.
2026-10-09T02:44:44Z INFO [187/3350] abc033b7-3c8d-43c5-b488-062c9fc52107: cophenetic index 2570; 1.8 s; peak memory 226 MiB.
2026-10-09T02:44:45Z INFO [188/3350] abc05e07-f3b8-4292-9d6e-97872aedbc7a: cophenetic index 624; 1.2 s; peak memory 226 MiB.
2026-10-09T02:44:46Z INFO [189/3350] abc0e7bc-30f4-4090-912c-c1cc1a4a848c: cophenetic index 33986; 1.7 s; peak memory 226 MiB.
2026-10-09T02:44:49Z INFO [190/3350] abc0e91a-5732-422e-9423-37cebaee5a23: cophenetic index 33998; 2.3 s; peak memory 226 MiB.
2026-10-09T02:44:50Z INFO [191/3350] abc0f783-ab5a-4f7a-a7e8-7156e2eff437: cophenetic index 33958; 1.4 s; peak memory 226 MiB.
2026-10-09T02:44:52Z INFO [192/3350] abc3510a-f805-48c2-9796-cc60f344086c: cophenetic index 33968; 1.7 s; peak memory 226 MiB.
2026-10-09T02:44:53Z INFO [193/3350] abc3aef3-c533-4f6e-9261-d895a2d937e0: cophenetic index 624; 1.1 s; peak memory 226 MiB.
2026-10-09T02:44:54Z INFO [194/3350] abc3d05f-35cd-47ae-b694-6dd6f02f0be0: cophenetic index 2570; 1.4 s; peak memory 226 MiB.
2026-10-09T02:45:02Z INFO [195/3350] abc3e37c-d75d-4dc5-98d0-cf34120a4655: cophenetic index 7554; 7.9 s; peak memory 226 MiB.
2026-10-09T02:45:04Z INFO [196/3350] abc5c025-732a-4eb7-94cc-5e0768df78a1: cophenetic index 2625; 2.0 s; peak memory 226 MiB.
2026-10-09T02:45:07Z INFO [197/3350] abc60a65-13e2-4a7d-9772-8f339032b4ae: cophenetic index 3644; 3.1 s; peak memory 226 MiB.
2026-10-09T02:45:08Z INFO [198/3350] abc692ca-3ce3-4c75-b35f-75f2825b874d: cophenetic index 624; 1.1 s; peak memory 226 MiB.
2026-10-09T02:45:10Z INFO [199/3350] abc6a09f-0619-429c-9cfd-2bcdd23a07b8: cophenetic index 1904; 1.5 s; peak memory 226 MiB.
2026-10-09T02:45:12Z INFO [200/3350] abc6a5b9-a0d0-4f18-8b62-03f58905393c: cophenetic index 30304; 1.9 s; peak memory 226 MiB.
2026-10-09T02:45:12Z INFO [200/3350] abc6a5b9-a0d0-4f18-8b62-03f58905393c: checkpointed 129537 new records.
2026-10-09T02:45:13Z INFO [201/3350] abc6bf81-920c-4cd6-944b-f4c546e5bde1: cophenetic index 624; 1.3 s; peak memory 226 MiB.
2026-10-09T02:45:14Z INFO [202/3350] abc6f429-4044-40db-a913-105ad65708b4: cophenetic index 3004; 1.3 s; peak memory 226 MiB.
2026-10-09T02:45:23Z INFO [203/3350] abc73d00-1d0e-4ec5-b040-298e2c99f211: cophenetic index 148657; 8.4 s; peak memory 229 MiB.
2026-10-09T02:45:24Z INFO [204/3350] abc78c33-6c31-4eae-bdc4-277406daa403: cophenetic index 624; 1.1 s; peak memory 229 MiB.
2026-10-09T02:45:25Z INFO [205/3350] abc7be5e-6647-4fae-8d2d-4574337c7182: cophenetic index 624; 1.1 s; peak memory 229 MiB.
2026-10-09T02:45:26Z INFO [206/3350] abc9cdc2-3260-479f-a8ee-19d57fe7a8bb: cophenetic index 23358; 1.2 s; peak memory 229 MiB.
2026-10-09T02:45:32Z INFO [207/3350] abcb5fda-eeed-4605-80c6-d1130996631a: cophenetic index 14234; 5.3 s; peak memory 229 MiB.
2026-10-09T02:45:37Z INFO [208/3350] abcc1c13-fd87-4574-928b-914e4ee9a153: cophenetic index 9298; 5.0 s; peak memory 229 MiB.
2026-10-09T02:45:49Z INFO [209/3350] abcc8747-919a-492a-a037-72a6aa2074b8: cophenetic index 23005; 12.5 s; peak memory 229 MiB.
2026-10-09T02:45:51Z INFO [210/3350] abcca043-77e5-49ee-a3e2-e93c58b35728: cophenetic index 1614; 2.0 s; peak memory 229 MiB.
2026-10-09T02:46:01Z INFO [211/3350] abcd00b8-1002-4e01-bdc1-7a07e8d7d377: cophenetic index 101807; 10.2 s; peak memory 229 MiB.
2026-10-09T02:46:07Z INFO [212/3350] abcf7194-7cba-43e3-8d2e-ca54163ff4d6: cophenetic index 9548; 5.7 s; peak memory 229 MiB.
2026-10-09T02:46:10Z INFO [213/3350] abd04c6e-abb4-4b1b-9f48-d9184640b381: cophenetic index 41788; 2.6 s; peak memory 229 MiB.
2026-10-09T02:46:11Z INFO [214/3350] abd09843-d45d-4ae4-98f2-8bae2b8b7b0d: cophenetic index 490; 0.9 s; peak memory 229 MiB.
2026-10-09T02:46:12Z INFO [215/3350] abd0b4cf-221e-4216-bfc2-e0198405c201: cophenetic index 33962; 1.5 s; peak memory 229 MiB.
2026-10-09T02:46:14Z INFO [216/3350] abd0e0f6-402e-4c15-8065-6c38938caacb: cophenetic index 99120; 1.7 s; peak memory 229 MiB.
2026-10-09T02:46:15Z INFO [217/3350] abd103da-68dd-4d8b-82e7-49b231027a4b: cophenetic index 23364; 1.5 s; peak memory 229 MiB.
2026-10-09T02:46:18Z INFO [218/3350] abd11e71-f9cc-4946-8e8d-390c9714607b: cophenetic index 895; 2.3 s; peak memory 229 MiB.
2026-10-09T02:46:20Z INFO [219/3350] abd150bf-f32c-4455-ba91-4e719e011360: cophenetic index 99150; 2.4 s; peak memory 229 MiB.
2026-10-09T02:46:21Z INFO [220/3350] abd16d4e-bd9b-49a3-a449-1561454e872a: cophenetic index 624; 1.1 s; peak memory 229 MiB.
2026-10-09T02:46:23Z INFO [221/3350] abd193d9-d3c9-449b-92b9-6db256bfc6c1: cophenetic index 3004; 1.5 s; peak memory 229 MiB.
2026-10-09T02:46:33Z INFO [222/3350] abd1ccd1-518f-43be-827c-57626b2bb211: cophenetic index 552076; 10.2 s; peak memory 234 MiB.
2026-10-09T02:46:34Z INFO [223/3350] abd1da97-688b-47ca-900e-f3ac0574d275: cophenetic index 649; 1.2 s; peak memory 234 MiB.
2026-10-09T02:46:39Z INFO [224/3350] abd20c29-3950-4a48-9b6e-1b7ecc6e785a: cophenetic index 25176; 4.7 s; peak memory 234 MiB.
2026-10-09T02:46:43Z INFO [225/3350] abd47670-2838-4c58-a0de-58efdec29d8c: cophenetic index 5473; 3.8 s; peak memory 234 MiB.
2026-10-09T02:46:54Z INFO [226/3350] abd4bd7f-bff1-4546-9f32-4e5083043c76: cophenetic index 49783; 11.6 s; peak memory 234 MiB.
2026-10-09T02:46:55Z INFO [227/3350] abd4f574-5c88-45e0-8483-7244cccd93b9: cophenetic index 624; 1.1 s; peak memory 234 MiB.
2026-10-09T02:46:57Z INFO [228/3350] abd52822-288f-4e77-90db-a3051bf80c4d: cophenetic index 2625; 1.7 s; peak memory 234 MiB.
2026-10-09T02:46:58Z INFO [229/3350] abd6c021-4626-49a5-b924-d3b8a8b125bf: cophenetic index 494; 1.0 s; peak memory 234 MiB.
2026-10-09T02:46:59Z INFO [230/3350] abd79769-ba65-4721-86ef-aa49eaf7caf3: cophenetic index 624; 1.1 s; peak memory 234 MiB.
2026-10-09T02:47:03Z INFO [231/3350] abd852b9-9c3f-44bb-9b7f-9b11823df0ab: cophenetic index 2469; 3.3 s; peak memory 234 MiB.
2026-10-09T02:47:04Z INFO [232/3350] abd880b4-a46e-457a-99f6-3a0dcda14bf7: cophenetic index 560; 1.0 s; peak memory 234 MiB.
2026-10-09T02:47:05Z INFO [233/3350] abd8813e-8175-4b9d-91e3-58ad2c34bcfe: cophenetic index 3004; 1.3 s; peak memory 234 MiB.
2026-10-09T02:47:15Z INFO [234/3350] abd8a0a3-59fe-4df9-baec-f94e6a5b1768: cophenetic index 195172714; 9.8 s; peak memory 234 MiB.
2026-10-09T02:47:23Z INFO [235/3350] abd8bb59-d387-4887-9002-bd283904a4f5: cophenetic index 104697; 8.4 s; peak memory 234 MiB.
2026-10-09T02:47:25Z INFO [236/3350] abd98e71-22ca-468f-8894-8679dda4dd43: cophenetic index 2625; 1.9 s; peak memory 234 MiB.
2026-10-09T02:47:26Z INFO [237/3350] abd99d02-8433-497f-827b-cd57186aca48: cophenetic index 494; 0.9 s; peak memory 234 MiB.
2026-10-09T02:47:32Z INFO [238/3350] abd9f59b-005a-447c-86f8-a540fd50ea95: cophenetic index 9548; 6.4 s; peak memory 234 MiB.
2026-10-09T02:47:47Z INFO [239/3350] abda8a1f-8a89-4934-b2b6-9b83815c1fea: cophenetic index 247135; 14.8 s; peak memory 234 MiB.
2026-10-09T02:47:49Z INFO [240/3350] abdbc603-3fb6-4a52-b3ae-75af84aa7a49: cophenetic index 605; 1.6 s; peak memory 234 MiB.
2026-10-09T02:48:02Z INFO [241/3350] abdca884-e3b1-4c94-b413-ae7351ba8b05: cophenetic index 205656; 13.4 s; peak memory 234 MiB.
2026-10-09T02:48:04Z INFO [242/3350] abdd1e0b-8fc2-405a-af97-ee15bc58f246: cophenetic index 2625; 1.7 s; peak memory 234 MiB.
2026-10-09T02:48:05Z INFO [243/3350] abdd7483-8f7e-4c8e-ae82-79337d907ae7: cophenetic index 3004; 1.3 s; peak memory 234 MiB.
2026-10-09T02:48:06Z INFO [244/3350] abde4e27-93c9-4018-b028-8423e4bf19ce: cophenetic index 33998; 1.5 s; peak memory 234 MiB.
2026-10-09T02:48:07Z INFO [245/3350] abdebc06-7eae-41a9-a7be-ea51bed092a7: cophenetic index 494; 1.0 s; peak memory 234 MiB.
2026-10-09T02:48:17Z INFO [246/3350] abded57c-50da-446c-9fd1-ab67453be133: cophenetic index 195172714; 9.4 s; peak memory 234 MiB.
2026-10-09T02:48:27Z INFO [247/3350] abdee3f9-2302-4acd-98d8-8ae8871e9ccb: cophenetic index 320418; 10.3 s; peak memory 234 MiB.
2026-10-09T02:48:29Z INFO [248/3350] abe21243-072d-4c82-9d6a-fffbe08965cb: cophenetic index 2625; 1.8 s; peak memory 234 MiB.
2026-10-09T02:48:30Z INFO [249/3350] abe251e8-8dcd-44dd-b88d-f9227d7a55b8: cophenetic index 3004; 1.4 s; peak memory 234 MiB.
2026-10-09T02:48:32Z INFO [250/3350] abe27f2f-70cf-430c-8a76-c67d390888a0: cophenetic index 3087; 1.5 s; peak memory 234 MiB.
2026-10-09T02:48:32Z INFO [250/3350] abe27f2f-70cf-430c-8a76-c67d390888a0: checkpointed 129587 new records.
2026-10-09T02:48:33Z INFO [251/3350] abe344f8-0a1f-47bf-80c3-0dc419cd819d: cophenetic index 690; 1.1 s; peak memory 234 MiB.
2026-10-09T02:48:35Z INFO [252/3350] abe45d5d-4919-45a4-b82e-247a56d2c484: cophenetic index 3004; 1.4 s; peak memory 234 MiB.
2026-10-09T02:48:36Z INFO [253/3350] abe4bc03-61f8-4925-b4cb-262d2731fee6: cophenetic index 624; 1.1 s; peak memory 234 MiB.
2026-10-09T02:48:36Z INFO [254/3350] abe4be3c-7514-444b-bf71-457466e28005: cophenetic index 651; 0.8 s; peak memory 234 MiB.
2026-10-09T02:48:43Z INFO [255/3350] abe55c28-b15b-4e85-81ca-bb13f743f9f0: cophenetic index 125813; 6.3 s; peak memory 234 MiB.
2026-10-09T02:48:44Z INFO [256/3350] abe69dca-d9cb-4ca0-86cf-ee6fae11719d: cophenetic index 692; 1.2 s; peak memory 234 MiB.
2026-10-09T02:48:52Z INFO [257/3350] abe7155f-9454-403b-b7da-82c3f2f2b42c: cophenetic index 79198; 7.5 s; peak memory 234 MiB.
2026-10-09T02:48:52Z INFO [258/3350] abe72baa-f56c-4ed2-b6ee-179b1516920c: cophenetic index 490; 0.8 s; peak memory 234 MiB.
2026-10-09T02:48:55Z INFO [259/3350] abe7df07-72a4-48f1-9032-fa8cc007f827: cophenetic index 37616; 2.2 s; peak memory 234 MiB.
2026-10-09T02:49:05Z INFO [260/3350] abe7f195-13bf-471a-88f8-c5acca65de6b: cophenetic index 34862; 10.4 s; peak memory 234 MiB.
2026-10-09T02:49:06Z INFO [261/3350] abe825aa-1c5f-4e95-9042-995659f0d4ac: cophenetic index 624; 1.1 s; peak memory 234 MiB.
2026-10-09T02:49:08Z INFO [262/3350] abe827d5-a868-4dc4-9603-d751fff01e34: cophenetic index 1602; 1.5 s; peak memory 234 MiB.
2026-10-09T02:49:09Z INFO [263/3350] abe8b2f9-4574-4689-b53c-106c15ac98ed: cophenetic index 3087; 1.4 s; peak memory 234 MiB.
2026-10-09T02:49:16Z INFO [264/3350] abe929d8-9b26-4cb0-b245-923c70353ec0: cophenetic index 87573; 6.9 s; peak memory 234 MiB.
2026-10-09T02:49:23Z INFO [265/3350] abe92f0b-910f-4496-978c-f92b1ae76530: cophenetic index 86562; 7.3 s; peak memory 234 MiB.
2026-10-09T02:49:25Z INFO [266/3350] abe950d9-6e18-45ed-989e-1ea0e9d8c5ec: cophenetic index 605; 1.4 s; peak memory 234 MiB.
2026-10-09T02:49:26Z INFO [267/3350] abe9ae41-0d4f-4ccd-9893-be5e29ea5f26: cophenetic index 2625; 1.8 s; peak memory 234 MiB.
2026-10-09T02:49:28Z INFO [268/3350] abeb88ef-f423-4659-9260-3b6d3f6e040f: cophenetic index 3004; 1.3 s; peak memory 234 MiB.
2026-10-09T02:49:29Z INFO [269/3350] abeb8d8f-796f-4e65-8125-3ada82068a46: cophenetic index 33998; 1.8 s; peak memory 234 MiB.
2026-10-09T02:49:31Z INFO [270/3350] abeba8ae-0791-47e9-bd42-771611680f83: cophenetic index 624; 1.1 s; peak memory 234 MiB.
2026-10-09T02:49:32Z INFO [271/3350] abebfb10-f560-4ad1-bc66-0d67c1250933: cophenetic index 1087; 1.6 s; peak memory 234 MiB.
2026-10-09T02:49:35Z INFO [272/3350] abed216f-0334-45de-bf57-884d50baaa89: cophenetic index 99150; 2.4 s; peak memory 234 MiB.
2026-10-09T02:49:36Z INFO [273/3350] abedae62-2609-49a5-9819-d9d366b261bb: cophenetic index 2625; 1.9 s; peak memory 234 MiB.
2026-10-09T02:49:38Z INFO [274/3350] abee470c-ee82-456f-8783-f1d5af5e591e: cophenetic index 937; 1.7 s; peak memory 234 MiB.
2026-10-09T02:49:40Z INFO [275/3350] abeffa35-b2ad-4bf8-83dd-b377043ccf0b: cophenetic index 2570; 1.6 s; peak memory 234 MiB.
2026-10-09T02:49:42Z INFO [276/3350] abf08a3f-19db-4c77-8070-73d2315ba817: cophenetic index 809; 2.4 s; peak memory 234 MiB.
2026-10-09T02:49:44Z INFO [277/3350] abf0c8db-133c-413b-a5f6-cac937aa0c83: cophenetic index 6435; 1.6 s; peak memory 234 MiB.
2026-10-09T02:49:46Z INFO [278/3350] abf17b8a-dfff-48e9-bfef-10aed122df47: cophenetic index 33998; 1.9 s; peak memory 234 MiB.
2026-10-09T02:49:47Z INFO [279/3350] abf1e483-fe40-4df0-9c4f-a34ead7d5875: cophenetic index 3004; 1.6 s; peak memory 234 MiB.
2026-10-09T02:49:48Z INFO [280/3350] abf21853-df4c-4f9f-bb29-28eefda40841: cophenetic index 23272; 1.4 s; peak memory 234 MiB.
2026-10-09T02:49:49Z INFO [281/3350] abf26d9d-bfcf-46d0-b304-64401f4a3447: cophenetic index 490; 1.0 s; peak memory 234 MiB.
2026-10-09T02:49:50Z INFO [282/3350] abf2a342-ad09-40f7-982b-c8181edcb7f1: cophenetic index 490; 1.0 s; peak memory 234 MiB.
2026-10-09T02:49:52Z INFO [283/3350] abf3061d-cc66-45de-b735-ec9a6ec488eb: cophenetic index 624; 1.1 s; peak memory 234 MiB.
2026-10-09T02:49:54Z INFO [284/3350] abf3356b-395a-4e42-b785-b8f979b630ee: cophenetic index 2402; 2.8 s; peak memory 234 MiB.
2026-10-09T02:49:57Z INFO [285/3350] abf3605e-1a57-4d65-bb1b-8557ad1d47b6: cophenetic index 895; 2.4 s; peak memory 234 MiB.
2026-10-09T02:49:59Z INFO [286/3350] abf3be55-aacb-46d8-81b8-0c7fee6f4aad: cophenetic index 34658; 2.6 s; peak memory 234 MiB.
2026-10-09T02:50:00Z INFO [287/3350] abf3f58e-ca0c-472e-b8be-3b438984a819: cophenetic index 751; 0.9 s; peak memory 234 MiB.
2026-10-09T02:50:01Z INFO [288/3350] abf4ddfc-08d1-4c0b-9e86-1b9fbbcd91f2: cophenetic index 624; 1.1 s; peak memory 234 MiB.
2026-10-09T02:50:02Z INFO [289/3350] abf4fb2f-4af0-4168-9ade-621bb3350973: cophenetic index 630; 1.1 s; peak memory 234 MiB.
2026-10-09T02:50:03Z INFO [290/3350] abf53096-9761-4c7c-8e57-de95eb8066b0: cophenetic index 431; 1.0 s; peak memory 234 MiB.
2026-10-09T02:50:10Z INFO [291/3350] abf563b4-ee35-4ac8-8916-b9f56bf24572: cophenetic index 13178; 7.0 s; peak memory 234 MiB.
2026-10-09T02:50:12Z INFO [292/3350] abf5c5de-6da8-4744-9d97-ff3906ecee34: cophenetic index 3004; 1.3 s; peak memory 234 MiB.
2026-10-09T02:50:21Z INFO [293/3350] abf630a8-8c53-4e49-9205-5ae24d829ae4: cophenetic index 151304; 9.6 s; peak memory 234 MiB.
2026-10-09T02:50:23Z INFO [294/3350] abf7586e-52e1-4929-bf6c-db980db33ca6: cophenetic index 33998; 1.9 s; peak memory 234 MiB.
2026-10-09T02:50:25Z INFO [295/3350] abf76958-a138-470c-a171-5fa8f6bb6150: cophenetic index 33986; 1.8 s; peak memory 234 MiB.
2026-10-09T02:50:26Z INFO [296/3350] abf79298-8212-4b9e-a578-e1281929a0e2: cophenetic index 3004; 1.3 s; peak memory 234 MiB.
2026-10-09T02:50:27Z INFO [297/3350] abf7d027-5bfb-405c-b420-d5948abf907e: cophenetic index 624; 1.1 s; peak memory 234 MiB.
2026-10-09T02:50:28Z INFO [298/3350] abf8da35-77ae-4870-a1a4-5e7ef849a372: cophenetic index 729; 1.0 s; peak memory 234 MiB.
2026-10-09T02:50:29Z INFO [299/3350] abf9af5e-52e9-434a-8108-1d079f62cddf: cophenetic index 624; 1.0 s; peak memory 234 MiB.
2026-10-09T02:50:31Z INFO [300/3350] abfb81e3-7e04-43a5-9c9b-71f0912d2a39: cophenetic index 2804; 1.3 s; peak memory 234 MiB.
2026-10-09T02:50:31Z INFO [300/3350] abfb81e3-7e04-43a5-9c9b-71f0912d2a39: checkpointed 129637 new records.
2026-10-09T02:50:35Z INFO [301/3350] abfcb250-caae-40f7-b239-9444b03be2ff: cophenetic index 2564; 4.3 s; peak memory 234 MiB.
2026-10-09T02:50:37Z INFO [302/3350] abfdd6e8-2a21-4f49-8549-c138247cfcea: cophenetic index 3004; 1.3 s; peak memory 234 MiB.
2026-10-09T02:50:39Z INFO [303/3350] abfe784f-6954-42a7-aacb-78a5295af5db: cophenetic index 2391; 2.7 s; peak memory 234 MiB.
2026-10-09T02:50:41Z INFO [304/3350] abfe8d4c-0088-4b4a-b8e5-22c90988de43: cophenetic index 3087; 1.3 s; peak memory 234 MiB.
2026-10-09T02:50:48Z INFO [305/3350] abfedfce-8041-4e8f-ab13-ff6740cceb4b: cophenetic index 64474; 7.4 s; peak memory 234 MiB.
2026-10-09T02:50:49Z INFO [306/3350] abff2293-321c-4b2b-bc72-441ccac80b1a: cophenetic index 3192; 1.4 s; peak memory 234 MiB.
2026-10-09T02:50:51Z INFO [307/3350] abff5a49-d8d5-4558-b917-d6d84a6ae36c: cophenetic index 2625; 1.6 s; peak memory 234 MiB.
2026-10-09T02:50:52Z INFO [308/3350] abffdfe2-571d-45d8-9bc3-bc29eff41beb: cophenetic index 2923; 1.4 s; peak memory 234 MiB.
2026-10-09T02:50:54Z INFO [309/3350] ac0219d2-905f-40ca-9488-6bb3fdcaf786: cophenetic index 33968; 1.6 s; peak memory 234 MiB.
2026-10-09T02:50:56Z INFO [310/3350] ac022a01-9175-48b7-9dd8-eac081adf81d: cophenetic index 33968; 1.6 s; peak memory 234 MiB.
2026-10-09T02:51:03Z INFO [311/3350] ac038f55-02b3-4b76-83a9-f9f7e8d99208: cophenetic index 5466; 7.1 s; peak memory 234 MiB.
2026-10-09T02:51:05Z INFO [312/3350] ac03c034-426d-487f-9b49-f551be3a3386: cophenetic index 99150; 2.6 s; peak memory 234 MiB.
2026-10-09T02:51:07Z INFO [313/3350] ac054c29-318d-4b70-ba48-2e0da8cd9513: cophenetic index 33998; 2.3 s; peak memory 234 MiB.
2026-10-09T02:51:15Z INFO [314/3350] ac05717c-bd4a-4dde-876e-34ddc8065af7: cophenetic index 126463; 7.8 s; peak memory 234 MiB.
2026-10-09T02:51:17Z INFO [315/3350] ac05a764-ce25-4c19-bb4f-cad288c112bf: cophenetic index 26986; 1.7 s; peak memory 234 MiB.
2026-10-09T02:51:19Z INFO [316/3350] ac060769-7ce3-407b-a183-2284207109ae: cophenetic index 2570; 1.7 s; peak memory 234 MiB.
2026-10-09T02:51:20Z INFO [317/3350] ac063303-16b5-487f-b000-432a5d1a4b81: cophenetic index 2625; 1.6 s; peak memory 234 MiB.
2026-10-09T02:51:42Z INFO [318/3350] ac06501f-085b-42d1-921a-2b3232daf45a: cophenetic index 111172; 21.6 s; peak memory 250 MiB.
2026-10-09T02:51:43Z INFO [319/3350] ac06c799-7693-4dbb-948f-3d4631004137: cophenetic index 514; 1.3 s; peak memory 250 MiB.
2026-10-09T02:51:44Z INFO [320/3350] ac06cd4a-bc96-49c5-9830-5949b9046759: cophenetic index 2923; 1.4 s; peak memory 250 MiB.
2026-10-09T02:51:53Z INFO [321/3350] ac070fae-fcd6-49f1-b924-2290d6f4cabc: cophenetic index 89837; 8.3 s; peak memory 250 MiB.
2026-10-09T02:51:54Z INFO [322/3350] ac07f336-4def-45da-8a5d-acadba741122: cophenetic index 624; 1.3 s; peak memory 250 MiB.
2026-10-09T02:51:55Z INFO [323/3350] ac08e4d9-827a-477a-9835-76eec6021bfe: cophenetic index 2920; 1.2 s; peak memory 250 MiB.
2026-10-09T02:51:56Z INFO [324/3350] ac0a3256-4df7-4f3e-8e0a-5c847c90d6fa: cophenetic index 624; 1.1 s; peak memory 250 MiB.
2026-10-09T02:51:58Z INFO [325/3350] ac0a4ca9-efad-440d-b610-e3626b556af8: cophenetic index 554; 1.5 s; peak memory 250 MiB.
2026-10-09T02:52:00Z INFO [326/3350] ac0a67cd-41a5-4768-8afa-ddb3698b711c: cophenetic index 33968; 2.0 s; peak memory 250 MiB.
2026-10-09T02:52:01Z INFO [327/3350] ac0ae352-3157-4272-8e8f-31df8e0908ad: cophenetic index 23200; 1.7 s; peak memory 250 MiB.
2026-10-09T02:52:04Z INFO [328/3350] ac0cc675-5a9a-4203-baae-25f4266f09aa: cophenetic index 2625; 2.2 s; peak memory 250 MiB.
2026-10-09T02:52:05Z INFO [329/3350] ac0cc854-1f9b-4161-9af1-1a3d714511de: cophenetic index 26986; 1.8 s; peak memory 250 MiB.
2026-10-09T02:52:07Z INFO [330/3350] ac0d3ad6-1f96-47fa-8fa9-5399f8dcad37: cophenetic index 1751; 1.7 s; peak memory 250 MiB.
2026-10-09T02:52:08Z INFO [331/3350] ac0da2e3-d240-4158-a1c6-e4db3aace2ab: cophenetic index 624; 1.0 s; peak memory 250 MiB.
2026-10-09T02:52:21Z INFO [332/3350] ac0e8a53-7ffb-43ef-a912-49969dcea215: cophenetic index 271404; 12.6 s; peak memory 250 MiB.
2026-10-09T02:52:22Z INFO [333/3350] ac0ea1a5-5e4a-4bad-8fb3-3b89efa72c4a: cophenetic index 490; 0.9 s; peak memory 250 MiB.
2026-10-09T02:52:23Z INFO [334/3350] ac0ec3b3-537f-4f53-a815-a09e90697e9d: cophenetic index 624; 1.1 s; peak memory 250 MiB.
2026-10-09T02:52:24Z INFO [335/3350] ac0fd552-6e61-473f-8f09-28a4e88add45: cophenetic index 33986; 1.5 s; peak memory 250 MiB.
2026-10-09T02:53:00Z INFO [336/3350] ac0fff8e-dfea-49ff-9e96-1f4a4a3ed146: cophenetic index 13072262; 36.1 s; peak memory 275 MiB.
2026-10-09T02:53:02Z INFO [337/3350] ac1130f8-696e-4ca4-946a-b9377a073fa2: cophenetic index 624; 1.1 s; peak memory 275 MiB.
2026-10-09T02:53:04Z INFO [338/3350] ac114775-4836-436f-bb98-1fb3a1484ae3: cophenetic index 99150; 2.3 s; peak memory 275 MiB.
2026-10-09T02:53:05Z INFO [339/3350] ac11b65c-5e71-4d7f-9cc6-e1d1015b470d: cophenetic index 431; 1.3 s; peak memory 275 MiB.
2026-10-09T02:53:16Z INFO [340/3350] ac127c5c-2be5-4c86-af1f-14a434a61481: cophenetic index 23077; 10.5 s; peak memory 275 MiB.
2026-10-09T02:53:30Z INFO [341/3350] ac139124-d2c9-4229-b8ae-fe0f9fd7bef2: cophenetic index 242991; 14.8 s; peak memory 275 MiB.
2026-10-09T02:53:32Z INFO [342/3350] ac13d20b-060c-411b-94ff-7b1629293c26: cophenetic index 2625; 1.8 s; peak memory 275 MiB.
2026-10-09T02:53:34Z INFO [343/3350] ac14363e-85a3-40f4-bbef-3403be442352: cophenetic index 3004; 1.4 s; peak memory 275 MiB.
2026-10-09T02:53:35Z INFO [344/3350] ac14466d-f18d-4e62-8884-6885475c3687: cophenetic index 1949; 1.4 s; peak memory 275 MiB.
2026-10-09T02:53:42Z INFO [345/3350] ac14f2f3-3e8b-43f0-b276-83ec6642c6a0: cophenetic index 87573; 7.1 s; peak memory 275 MiB.
2026-10-09T02:53:47Z INFO [346/3350] ac150a39-ec03-4ed9-9451-40d2785510bb: cophenetic index 4797; 4.8 s; peak memory 275 MiB.
2026-10-09T02:53:48Z INFO [347/3350] ac15f0bd-ea2a-483e-9632-d22e101eeaa0: cophenetic index 490; 0.8 s; peak memory 275 MiB.
2026-10-09T02:53:49Z INFO [348/3350] ac162d43-08ef-4793-81d7-3e1c2f787a1f: cophenetic index 651; 1.0 s; peak memory 275 MiB.
2026-10-09T02:53:50Z INFO [349/3350] ac165d1d-3836-4a19-90b0-b831ab6428e2: cophenetic index 624; 1.0 s; peak memory 275 MiB.
2026-10-09T02:53:50Z INFO [350/3350] ac169b6e-32a5-42b4-b44c-5fecfe74d5ff: cophenetic index 579; 0.8 s; peak memory 275 MiB.
2026-10-09T02:53:51Z INFO [350/3350] ac169b6e-32a5-42b4-b44c-5fecfe74d5ff: checkpointed 129687 new records.
2026-10-09T02:53:52Z INFO [351/3350] ac170f21-184b-4627-b75c-8f4a0635de8a: cophenetic index 624; 1.0 s; peak memory 275 MiB.
2026-10-09T02:53:59Z INFO [352/3350] ac1a37ff-b04f-4ca4-97e9-bd9bfdf0c871: cophenetic index 84702; 7.7 s; peak memory 275 MiB.
2026-10-09T02:54:01Z INFO [353/3350] ac1a6aaf-8d4d-4ba6-b6d3-86f6a9f09012: cophenetic index 1087; 1.6 s; peak memory 275 MiB.
2026-10-09T02:54:03Z INFO [354/3350] ac1ac0af-db52-42b6-b56e-d6aa60aa6b91: cophenetic index 1194; 2.3 s; peak memory 275 MiB.
2026-10-09T02:54:18Z INFO [355/3350] ac1c4fb0-b725-47e3-83bd-6b3295f00a38: cophenetic index 29936; 15.0 s; peak memory 275 MiB.
2026-10-09T02:54:20Z INFO [356/3350] ac1c6301-ff05-4f34-9dfe-d41165435acb: cophenetic index 3004; 1.4 s; peak memory 275 MiB.
2026-10-09T02:54:22Z INFO [357/3350] ac1d932a-d308-4686-8b42-ab51409dadb6: cophenetic index 33998; 2.0 s; peak memory 275 MiB.
2026-10-09T02:54:23Z INFO [358/3350] ac1f9ed2-d95a-4cd2-b5ae-5b51c7a67647: cophenetic index 431; 1.4 s; peak memory 275 MiB.
2026-10-09T02:54:24Z INFO [359/3350] ac200ddf-06ab-4e48-9861-7f03ca3703fa: cophenetic index 624; 1.0 s; peak memory 275 MiB.
2026-10-09T02:54:25Z INFO [360/3350] ac2012db-fb33-4306-8bee-cf6386d4c73a: cophenetic index 624; 1.0 s; peak memory 275 MiB.
2026-10-09T02:54:28Z INFO [361/3350] ac2038f8-cd13-40cf-baa2-b5de8ea78abb: cophenetic index 6490; 3.2 s; peak memory 275 MiB.
2026-10-09T02:54:30Z INFO [362/3350] ac205722-f967-453b-9367-de66fadaf32a: cophenetic index 2625; 1.5 s; peak memory 275 MiB.
2026-10-09T02:54:31Z INFO [363/3350] ac207c61-3bd7-4110-a6ff-20452e0d38f8: cophenetic index 641; 0.9 s; peak memory 275 MiB.
2026-10-09T02:54:32Z INFO [364/3350] ac20ce6a-01db-436e-8a70-aabecbdfdbcb: cophenetic index 431; 1.2 s; peak memory 275 MiB.
2026-10-09T02:54:33Z INFO [365/3350] ac23a055-2eae-4aec-bdbe-f9106db45d3b: cophenetic index 690; 1.0 s; peak memory 275 MiB.
2026-10-09T02:54:40Z INFO [366/3350] ac24287f-1a3b-49d2-bf7b-b4bab892a585: cophenetic index 9548; 6.9 s; peak memory 275 MiB.
2026-10-09T02:54:41Z INFO [367/3350] ac245eb6-82ac-4056-ba78-f0a7cf856bc3: cophenetic index 907; 1.1 s; peak memory 275 MiB.
2026-10-09T02:54:42Z INFO [368/3350] ac24783e-813c-4b08-a59b-259e436876a9: cophenetic index 624; 1.1 s; peak memory 275 MiB.
2026-10-09T02:54:44Z INFO [369/3350] ac24ebe4-eae4-4e4a-8b32-b6802746f75b: cophenetic index 13320; 1.8 s; peak memory 275 MiB.
2026-10-09T02:54:46Z INFO [370/3350] ac253351-7ecc-49d7-933c-32818d9a15b4: cophenetic index 2609; 2.3 s; peak memory 275 MiB.
2026-10-09T02:54:48Z INFO [371/3350] ac25d1a7-c187-41ae-8e7f-5e7639121047: cophenetic index 2570; 1.6 s; peak memory 275 MiB.
2026-10-09T02:54:49Z INFO [372/3350] ac26140d-142e-40b1-bf51-e6ef4a3a2db3: cophenetic index 624; 1.1 s; peak memory 275 MiB.
2026-10-09T02:54:50Z INFO [373/3350] ac26265a-21e8-4637-ae49-aa1dacbf951d: cophenetic index 649; 1.2 s; peak memory 275 MiB.
2026-10-09T02:54:56Z INFO [374/3350] ac268e92-9e42-47b0-9347-993e77dbcac0: cophenetic index 9548; 5.7 s; peak memory 275 MiB.
2026-10-09T02:54:57Z INFO [375/3350] ac26bef9-f4a4-4ffb-a94c-7ce2f660ff7c: cophenetic index 2570; 1.4 s; peak memory 275 MiB.
2026-10-09T02:54:58Z INFO [376/3350] ac271231-0707-44e6-a9bf-3c6ac6858b56: cophenetic index 579; 0.8 s; peak memory 275 MiB.
2026-10-09T02:54:59Z INFO [377/3350] ac279784-4a15-47ff-9e58-8acdf0453bf0: cophenetic index 624; 1.1 s; peak memory 275 MiB.
2026-10-09T02:55:00Z INFO [378/3350] ac27f4de-385f-4219-8fca-20f1bad535ca: cophenetic index 3004; 1.3 s; peak memory 275 MiB.
2026-10-09T02:55:02Z INFO [379/3350] ac284353-3360-4bfe-901d-138feba4dfc0: cophenetic index 649; 1.2 s; peak memory 275 MiB.
2026-10-09T02:55:03Z INFO [380/3350] ac284f2f-2aff-465a-a7c6-cf99db789324: cophenetic index 2974; 1.5 s; peak memory 275 MiB.
2026-10-09T02:55:06Z INFO [381/3350] ac285883-10f7-4a0e-8cf3-ea696de07796: cophenetic index 1970; 2.8 s; peak memory 275 MiB.
2026-10-09T02:55:07Z INFO [382/3350] ac287065-88b0-4198-b328-f34930a00c80: cophenetic index 2625; 1.4 s; peak memory 275 MiB.
2026-10-09T02:55:09Z INFO [383/3350] ac28f5cd-c1c7-478f-bbe9-a0311633f1d9: cophenetic index 2496; 1.6 s; peak memory 275 MiB.
2026-10-09T02:55:10Z INFO [384/3350] ac290031-c7c5-4d4f-9e17-b1b03af4b190: cophenetic index 624; 1.0 s; peak memory 275 MiB.
2026-10-09T02:55:11Z INFO [385/3350] ac299e4b-9998-4689-b75c-2e08e0488f42: cophenetic index 745; 0.9 s; peak memory 275 MiB.
2026-10-09T02:55:12Z INFO [386/3350] ac2b4225-97fc-4de3-bec5-114a95a144d6: cophenetic index 725; 1.1 s; peak memory 275 MiB.
2026-10-09T02:55:25Z INFO [387/3350] ac2bf157-fe7e-4f1e-a4f8-658ac170796a: cophenetic index 272680; 13.3 s; peak memory 275 MiB.
2026-10-09T02:55:27Z INFO [388/3350] ac2c1246-35f9-487c-a542-720e1fb48656: cophenetic index 1380; 1.7 s; peak memory 275 MiB.
2026-10-09T02:55:28Z INFO [389/3350] ac2c144c-9cb8-4df8-a77f-f91d98d62d04: cophenetic index 624; 1.1 s; peak memory 275 MiB.
2026-10-09T02:55:49Z INFO [390/3350] ac2c612d-8ce6-47cc-987c-384c69e26022: cophenetic index 23586906; 20.9 s; peak memory 275 MiB.
2026-10-09T02:55:50Z INFO [391/3350] ac2c7dfd-7e85-4892-a98c-d02d87f5058b: cophenetic index 627; 1.0 s; peak memory 275 MiB.
2026-10-09T02:55:51Z INFO [392/3350] ac2d23da-7bed-407d-8d4a-c0a6997c14fa: cophenetic index 624; 1.0 s; peak memory 275 MiB.
2026-10-09T02:55:52Z INFO [393/3350] ac2e1558-b66b-4c99-938d-666ccb4e1645: cophenetic index 490; 0.8 s; peak memory 275 MiB.
2026-10-09T02:55:53Z INFO [394/3350] ac2e3b39-9f32-4108-8a02-8d7018d655c1: cophenetic index 3004; 1.6 s; peak memory 275 MiB.
2026-10-09T02:55:55Z INFO [395/3350] ac2e4ca0-f0a7-46fd-810d-36e0bf985278: cophenetic index 2521; 2.2 s; peak memory 275 MiB.
2026-10-09T02:55:57Z INFO [396/3350] ac2ec564-f283-4c51-9bc0-a3528b322174: cophenetic index 23400; 1.5 s; peak memory 275 MiB.
2026-10-09T02:56:05Z INFO [397/3350] ac2ee905-d820-4389-bfaa-ce307ac197f0: cophenetic index 97921; 7.5 s; peak memory 275 MiB.
2026-10-09T02:56:16Z INFO [398/3350] ac3183fc-b84b-4d83-a42c-5df722f1d322: cophenetic index 222934; 11.8 s; peak memory 275 MiB.
2026-10-09T02:56:18Z INFO [399/3350] ac31fb70-24e3-4d3f-87fd-5f667068aab2: cophenetic index 624; 1.2 s; peak memory 275 MiB.
2026-10-09T02:56:19Z INFO [400/3350] ac32a509-5fc1-4030-8f79-868e88b95c44: cophenetic index 624; 1.3 s; peak memory 275 MiB.
2026-10-09T02:56:19Z INFO [400/3350] ac32a509-5fc1-4030-8f79-868e88b95c44: checkpointed 129737 new records.
2026-10-09T02:56:20Z INFO [401/3350] ac32d26b-3f29-4ee5-81b3-4b833207156e: cophenetic index 3087; 1.2 s; peak memory 275 MiB.
2026-10-09T02:56:21Z INFO [402/3350] ac340751-87cb-401a-8b2a-d577e7cbd233: cophenetic index 490; 0.9 s; peak memory 275 MiB.
2026-10-09T02:56:23Z INFO [403/3350] ac3481c3-b642-49c4-8f8e-dfe5badc0a3e: cophenetic index 2814; 1.6 s; peak memory 275 MiB.
2026-10-09T02:56:26Z INFO [404/3350] ac350abd-19ce-4537-8213-f5065b0276ac: cophenetic index 41914; 3.5 s; peak memory 275 MiB.
2026-10-09T02:56:27Z INFO [405/3350] ac35eced-f3e7-41fe-ac2e-65e462d2f61d: cophenetic index 649; 1.2 s; peak memory 275 MiB.
2026-10-09T02:56:29Z INFO [406/3350] ac3603bd-562e-43d6-8328-ab4a1d01f406: cophenetic index 33962; 1.7 s; peak memory 275 MiB.
2026-10-09T02:56:30Z INFO [407/3350] ac3676fc-c67c-4955-996b-810bede46d54: cophenetic index 23794; 1.4 s; peak memory 275 MiB.
2026-10-09T02:56:32Z INFO [408/3350] ac36a0f4-fbba-4203-8d00-e8258130da03: cophenetic index 3004; 1.3 s; peak memory 275 MiB.
2026-10-09T02:56:33Z INFO [409/3350] ac36e3b7-5fdf-41d4-8600-6d0d1710ec97: cophenetic index 649; 1.5 s; peak memory 275 MiB.
2026-10-09T02:56:34Z INFO [410/3350] ac37280b-968d-42ad-bb7f-d5ef7a567263: cophenetic index 624; 1.0 s; peak memory 275 MiB.
2026-10-09T02:56:35Z INFO [411/3350] ac392de5-d79a-4e72-b965-5830fb8bba5a: cophenetic index 1228; 1.1 s; peak memory 275 MiB.
2026-10-09T02:56:36Z INFO [412/3350] ac39bd5c-d4b9-4d21-84f8-240de10527ce: cophenetic index 624; 1.1 s; peak memory 275 MiB.
2026-10-09T02:56:37Z INFO [413/3350] ac3a2841-4e72-4883-8971-f651d9b9ff78: cophenetic index 751; 0.9 s; peak memory 275 MiB.
2026-10-09T02:56:39Z INFO [414/3350] ac3ae11d-a63a-4ce5-af75-7243ab93009f: cophenetic index 1851; 1.4 s; peak memory 275 MiB.
2026-10-09T02:56:48Z INFO [415/3350] ac3b3475-cc8e-4391-bc8a-294dc6ab4f4f: cophenetic index 146967; 9.5 s; peak memory 275 MiB.
2026-10-09T02:56:50Z INFO [416/3350] ac3b5414-c662-40c3-a091-9e4278a99fa6: cophenetic index 2609; 2.2 s; peak memory 275 MiB.
2026-10-09T02:56:52Z INFO [417/3350] ac3bf441-5ce3-4303-9927-3a0ac0f74fc7: cophenetic index 624; 1.2 s; peak memory 275 MiB.
2026-10-09T02:56:53Z INFO [418/3350] ac3cb638-e386-479d-b910-71d6ce246dff: cophenetic index 3004; 1.6 s; peak memory 275 MiB.
2026-10-09T02:56:55Z INFO [419/3350] ac3cc7d4-484a-450f-9bb6-b3ee21c28d39: cophenetic index 497; 1.2 s; peak memory 275 MiB.
2026-10-09T02:56:56Z INFO [420/3350] ac3dc9f9-3a3d-4ec3-b9c1-66ecf226466b: cophenetic index 2932; 1.2 s; peak memory 275 MiB.
2026-10-09T02:56:57Z INFO [421/3350] ac3e83e5-3333-4a3a-8405-201202629599: cophenetic index 3004; 1.4 s; peak memory 275 MiB.
2026-10-09T02:56:59Z INFO [422/3350] ac3e8aae-12ea-4fb9-8b98-ed8c079d6835: cophenetic index 829; 1.5 s; peak memory 275 MiB.
2026-10-09T02:56:59Z INFO [423/3350] ac401a7b-9cd1-4a22-9686-b860e57b0855: cophenetic index 490; 0.7 s; peak memory 275 MiB.
2026-10-09T02:57:01Z INFO [424/3350] ac406343-72c6-4532-abaf-a20621a9fb21: cophenetic index 2551; 2.0 s; peak memory 275 MiB.
2026-10-09T02:57:03Z INFO [425/3350] ac40636f-1b2b-443f-bc99-befb03130058: cophenetic index 624; 1.1 s; peak memory 275 MiB.
2026-10-09T02:57:04Z INFO [426/3350] ac410ce9-736e-4faf-a062-c985a0571ba9: cophenetic index 3087; 1.4 s; peak memory 275 MiB.
2026-10-09T02:57:06Z INFO [427/3350] ac411191-e48f-4e92-a186-916a9ba71952: cophenetic index 2056; 1.9 s; peak memory 275 MiB.
2026-10-09T02:57:07Z INFO [428/3350] ac41ffc2-d6c6-4e3a-8d88-cc5c4b7e4a8c: cophenetic index 2920; 1.3 s; peak memory 275 MiB.
2026-10-09T02:57:08Z INFO [429/3350] ac423336-2f21-4c7e-8ddd-76ebf7f79547: cophenetic index 624; 1.1 s; peak memory 275 MiB.
2026-10-09T02:57:10Z INFO [430/3350] ac42e005-0291-4124-9766-6f355d4cdf25: cophenetic index 2570; 1.5 s; peak memory 275 MiB.
2026-10-09T02:57:11Z INFO [431/3350] ac42f15b-41d7-4e81-9e59-1aacfa6fa91b: cophenetic index 2625; 1.7 s; peak memory 275 MiB.
2026-10-09T02:57:13Z INFO [432/3350] ac43ce2a-bd3d-48a0-aad5-d4b609031aa8: cophenetic index 2625; 1.8 s; peak memory 275 MiB.
2026-10-09T02:57:15Z INFO [433/3350] ac454d55-0388-4183-85d8-8108c00b9ddc: cophenetic index 2974; 1.4 s; peak memory 275 MiB.
2026-10-09T02:57:23Z INFO [434/3350] ac465055-da5e-453c-8226-19e0b5fa4080: cophenetic index 7554; 8.0 s; peak memory 275 MiB.
2026-10-09T02:57:24Z INFO [435/3350] ac48ea72-3117-4327-b83a-96e8ef4b517b: cophenetic index 2776; 1.4 s; peak memory 275 MiB.
2026-10-09T02:57:25Z INFO [436/3350] ac48ed7c-4aaf-4c8b-8322-2ce2d20d6d0b: cophenetic index 3004; 1.4 s; peak memory 275 MiB.
2026-10-09T02:57:27Z INFO [437/3350] ac4911dc-6da0-4aae-a9e4-f7e38692c168: cophenetic index 624; 1.0 s; peak memory 275 MiB.
2026-10-09T02:57:28Z INFO [438/3350] ac495c1c-9054-4ba9-a139-b15430ec1a78: cophenetic index 1087; 1.5 s; peak memory 275 MiB.
2026-10-09T02:57:29Z INFO [439/3350] ac4a2e20-ff29-463f-905d-19928c495cc8: cophenetic index 725; 1.3 s; peak memory 275 MiB.
2026-10-09T02:57:30Z INFO [440/3350] ac4a8e5b-6fbb-4973-9340-668b20b2f6b6: cophenetic index 624; 1.1 s; peak memory 275 MiB.
2026-10-09T02:57:32Z INFO [441/3350] ac4ae729-3164-436b-b296-6fe347ab595d: cophenetic index 3004; 1.6 s; peak memory 275 MiB.
2026-10-09T02:57:36Z INFO [442/3350] ac4b6155-3cc0-419b-bfd0-57e7c680d7cf: cophenetic index 3045; 4.0 s; peak memory 275 MiB.
2026-10-09T02:57:37Z INFO [443/3350] ac4c281f-49f2-4f11-94c5-a9644189dd8d: cophenetic index 33968; 1.5 s; peak memory 275 MiB.
2026-10-09T02:57:39Z INFO [444/3350] ac4c577e-2194-42a6-9432-6873949b4a53: cophenetic index 466; 1.4 s; peak memory 275 MiB.
2026-10-09T02:57:40Z INFO [445/3350] ac4ca333-16ba-4ef0-8505-3179f0ea2ac0: cophenetic index 624; 1.1 s; peak memory 275 MiB.
2026-10-09T02:57:41Z INFO [446/3350] ac4d0f6e-d82b-42b8-84bc-c7f74a4c0564: cophenetic index 624; 1.2 s; peak memory 275 MiB.
2026-10-09T02:57:45Z INFO [447/3350] ac4d1ebc-56ec-47e9-99d4-4f2e9f7ca339: cophenetic index 11202; 3.8 s; peak memory 275 MiB.
2026-10-09T02:57:46Z INFO [448/3350] ac4dcc17-8930-4589-a771-02e4490b3d44: cophenetic index 2974; 1.3 s; peak memory 275 MiB.
2026-10-09T02:57:48Z INFO [449/3350] ac4de32e-8693-47bb-b1b9-18c127aac771: cophenetic index 33968; 1.7 s; peak memory 275 MiB.
2026-10-09T02:57:49Z INFO [450/3350] ac4e6228-499e-47cf-9a19-617378d8f348: cophenetic index 2974; 1.3 s; peak memory 275 MiB.
2026-10-09T02:57:49Z INFO [450/3350] ac4e6228-499e-47cf-9a19-617378d8f348: checkpointed 129787 new records.
2026-10-09T02:57:52Z INFO [451/3350] ac4ebc3b-e474-4f65-b859-e026a2dbfdd2: cophenetic index 2609; 2.9 s; peak memory 275 MiB.
2026-10-09T02:57:53Z INFO [452/3350] ac4fa864-2e05-4613-bb94-776e6909d72f: cophenetic index 681; 1.1 s; peak memory 275 MiB.
2026-10-09T02:57:54Z INFO [453/3350] ac507d65-fa6c-4628-84ae-a87021918b7f: cophenetic index 690; 0.9 s; peak memory 275 MiB.
2026-10-09T02:57:55Z INFO [454/3350] ac50ad45-726b-48b8-9792-2906c6751ad7: cophenetic index 651; 0.8 s; peak memory 275 MiB.
2026-10-09T02:57:57Z INFO [455/3350] ac50fbe5-9160-4f10-ac55-48577b2eff69: cophenetic index 2625; 1.5 s; peak memory 275 MiB.
2026-10-09T02:57:58Z INFO [456/3350] ac515bb2-94d3-4235-a19d-cbe854f815cb: cophenetic index 624; 1.2 s; peak memory 275 MiB.
2026-10-09T02:57:59Z INFO [457/3350] ac518486-43d9-4b4d-806e-d3664f495215: cophenetic index 1087; 1.5 s; peak memory 275 MiB.
2026-10-09T02:58:00Z INFO [458/3350] ac5230f0-0679-43f3-ad66-227c9f770aa4: cophenetic index 624; 1.1 s; peak memory 275 MiB.
2026-10-09T02:58:02Z INFO [459/3350] ac5271dd-e3b7-43b1-8e4f-b346a2ddc90b: cophenetic index 2570; 1.7 s; peak memory 275 MiB.
2026-10-09T02:58:03Z INFO [460/3350] ac532f55-ad82-437a-b865-eb8c10a7c22c: cophenetic index 3004; 1.3 s; peak memory 275 MiB.
2026-10-09T02:58:05Z INFO [461/3350] ac537666-2f1d-4133-9fe4-825cbd474f55: cophenetic index 624; 1.2 s; peak memory 275 MiB.
2026-10-09T02:58:05Z INFO [462/3350] ac53a33d-e0df-4ec6-a554-dc8e4e5cd900: cophenetic index 164; 0.9 s; peak memory 275 MiB.
2026-10-09T02:58:07Z INFO [463/3350] ac540a4d-7bd3-45d1-8b5c-98c63d868a13: cophenetic index 3004; 1.4 s; peak memory 275 MiB.
2026-10-09T02:58:10Z INFO [464/3350] ac5413bc-38e9-4899-9dcb-5332039dda02: cophenetic index 4646; 3.3 s; peak memory 275 MiB.
2026-10-09T02:58:11Z INFO [465/3350] ac556125-4765-4d36-8169-23def1dd6920: cophenetic index 745; 0.8 s; peak memory 275 MiB.
2026-10-09T02:58:12Z INFO [466/3350] ac55744b-773b-4d05-83dd-036c74f83f78: cophenetic index 581; 1.2 s; peak memory 275 MiB.
2026-10-09T02:58:13Z INFO [467/3350] ac5618fb-f1a1-4072-8824-e0e0bfcd7709: cophenetic index 1265; 1.1 s; peak memory 275 MiB.
2026-10-09T02:58:14Z INFO [468/3350] ac56450c-1263-47dc-b010-5e6a4e8f335a: cophenetic index 649; 1.3 s; peak memory 275 MiB.
2026-10-09T02:58:15Z INFO [469/3350] ac56cf88-e09e-426d-9b04-d0d8368aa055: cophenetic index 490; 0.8 s; peak memory 275 MiB.
2026-10-09T02:58:17Z INFO [470/3350] ac56de1f-a5a3-4612-8ba0-041ac365fd49: cophenetic index 33968; 1.6 s; peak memory 275 MiB.
2026-10-09T02:58:18Z INFO [471/3350] ac56e66a-88a1-4f9f-bddf-c90b5f04a371: cophenetic index 733; 0.9 s; peak memory 275 MiB.
2026-10-09T02:58:19Z INFO [472/3350] ac5728b2-6b58-4d3f-bc4f-e916737a6f6a: cophenetic index 624; 1.1 s; peak memory 275 MiB.
2026-10-09T02:58:20Z INFO [473/3350] ac57bce1-b91b-46f9-bc1e-c4fb1db6b2bb: cophenetic index 3087; 1.4 s; peak memory 275 MiB.
2026-10-09T02:58:22Z INFO [474/3350] ac5936d9-8e75-441f-a47d-465c988ca7e6: cophenetic index 2625; 1.5 s; peak memory 275 MiB.
2026-10-09T02:58:36Z INFO [475/3350] ac5a0552-16fa-47ad-a75a-f2ff266f42d1: cophenetic index 108951; 14.5 s; peak memory 275 MiB.
2026-10-09T02:58:38Z INFO [476/3350] ac5a3e01-dd99-40d8-ae04-4b9664e4a586: cophenetic index 23379; 1.5 s; peak memory 275 MiB.
2026-10-09T02:58:39Z INFO [477/3350] ac5a5166-b8d7-4bf7-86dc-75a750bea3c3: cophenetic index 3192; 1.4 s; peak memory 275 MiB.
2026-10-09T02:58:41Z INFO [478/3350] ac5a9827-f021-4e73-aa0d-6631ee8c0769: cophenetic index 2570; 1.8 s; peak memory 275 MiB.
2026-10-09T02:58:47Z INFO [479/3350] ac5a9eb9-8df4-4bc7-b381-6538bade6972: cophenetic index 9548; 5.6 s; peak memory 275 MiB.
2026-10-09T02:58:48Z INFO [480/3350] ac5b132f-2e51-4587-973d-d1d8daad5b38: cophenetic index 431; 1.3 s; peak memory 275 MiB.
2026-10-09T02:59:15Z INFO [481/3350] ac5e63b9-77e5-444c-ac6b-8e5c85ad45f8: cophenetic index 40755953; 26.9 s; peak memory 292 MiB.
2026-10-09T02:59:16Z INFO [482/3350] ac5e681e-fb54-498a-a49a-08655967a1db: cophenetic index 690; 1.0 s; peak memory 292 MiB.
2026-10-09T02:59:17Z INFO [483/3350] ac5e6eb2-1a1e-405e-a73a-1504381ed437: cophenetic index 624; 1.1 s; peak memory 292 MiB.
2026-10-09T02:59:18Z INFO [484/3350] ac5ecfb8-7b08-4d28-b32e-b98b5fd3b2b6: cophenetic index 2034; 1.7 s; peak memory 292 MiB.
2026-10-09T02:59:20Z INFO [485/3350] ac5edb80-8f3b-4189-b556-45d5ddea90d1: cophenetic index 3004; 1.3 s; peak memory 292 MiB.
2026-10-09T02:59:21Z INFO [486/3350] ac5fc446-27d1-4d3f-a37b-13c0aabd9cb9: cophenetic index 3004; 1.3 s; peak memory 292 MiB.
2026-10-09T02:59:22Z INFO [487/3350] ac609120-b1db-491a-9fd4-02b0f2070ac6: cophenetic index 2119; 0.9 s; peak memory 292 MiB.
2026-10-09T02:59:23Z INFO [488/3350] ac60c422-e4a0-4fd3-8e4f-21b742cb290f: cophenetic index 23975; 1.3 s; peak memory 292 MiB.
2026-10-09T02:59:25Z INFO [489/3350] ac616c87-8099-4003-bb84-4e73e34cf250: cophenetic index 766; 1.3 s; peak memory 292 MiB.
2026-10-09T02:59:26Z INFO [490/3350] ac61f636-acaa-4e1c-9d2c-f69f69d201e6: cophenetic index 624; 1.0 s; peak memory 292 MiB.
2026-10-09T02:59:27Z INFO [491/3350] ac62adbd-db18-4546-a803-e8832de55b97: cophenetic index 543; 1.0 s; peak memory 292 MiB.
2026-10-09T02:59:28Z INFO [492/3350] ac62d228-a23c-4b7b-a179-0071c39e52f8: cophenetic index 2625; 1.7 s; peak memory 292 MiB.
2026-10-09T02:59:29Z INFO [493/3350] ac6388e3-6013-45d8-9042-4dfee946cacb: cophenetic index 494; 1.0 s; peak memory 292 MiB.
2026-10-09T02:59:31Z INFO [494/3350] ac6412d4-6117-458f-b8c6-1ebf315139ee: cophenetic index 613; 2.0 s; peak memory 292 MiB.
2026-10-09T02:59:32Z INFO [495/3350] ac651ad0-b720-484d-b8fd-083a09f598ae: cophenetic index 3004; 1.2 s; peak memory 292 MiB.
2026-10-09T02:59:34Z INFO [496/3350] ac651f93-2d59-490d-bd3f-83b14b0f49aa: cophenetic index 3087; 1.5 s; peak memory 292 MiB.
2026-10-09T02:59:36Z INFO [497/3350] ac653d6a-ffb6-4569-8256-44b02afd4df2: cophenetic index 2625; 1.8 s; peak memory 292 MiB.
2026-10-09T02:59:44Z INFO [498/3350] ac662fdd-10c3-4840-a587-b1b3c5eb6826: cophenetic index 187563; 8.8 s; peak memory 292 MiB.
2026-10-09T02:59:51Z INFO [499/3350] ac673f33-6460-41bd-91a1-d6ffff8e77c1: cophenetic index 75802; 6.5 s; peak memory 292 MiB.
2026-10-09T02:59:52Z INFO [500/3350] ac67a163-3d58-4cbc-9d63-d71dfe9c4a6f: cophenetic index 649; 1.2 s; peak memory 292 MiB.
2026-10-09T02:59:52Z INFO [500/3350] ac67a163-3d58-4cbc-9d63-d71dfe9c4a6f: checkpointed 129837 new records.
2026-10-09T02:59:54Z INFO [501/3350] ac68d06f-7c47-41a2-9920-29152f2f5ed1: cophenetic index 3004; 1.4 s; peak memory 292 MiB.
2026-10-09T03:00:03Z INFO [502/3350] ac68ff48-53ec-41e9-8863-883cfc55763b: cophenetic index 20821; 8.9 s; peak memory 292 MiB.
2026-10-09T03:00:04Z INFO [503/3350] ac694213-817c-48c9-be96-0ed0a44947c6: cophenetic index 413; 1.1 s; peak memory 292 MiB.
2026-10-09T03:00:06Z INFO [504/3350] ac69aa56-3961-491f-a556-2e5bfc31d600: cophenetic index 1751; 1.7 s; peak memory 292 MiB.
2026-10-09T03:00:15Z INFO [505/3350] ac69c844-a573-4a9f-912b-a24cda19a196: cophenetic index 47115; 9.9 s; peak memory 292 MiB.
2026-10-09T03:00:17Z INFO [506/3350] ac6a73b7-dbdd-47f2-aa53-3b2a2ac8d906: cophenetic index 1949; 1.5 s; peak memory 292 MiB.
2026-10-09T03:00:18Z INFO [507/3350] ac6a76fd-38f8-45a2-85ae-3808d64c09e1: cophenetic index 624; 1.2 s; peak memory 292 MiB.
2026-10-09T03:00:19Z INFO [508/3350] ac6aa9ce-96b2-4f45-b421-b1c28d3fa7f9: cophenetic index 624; 1.3 s; peak memory 292 MiB.
2026-10-09T03:00:26Z INFO [509/3350] ac6b3d14-65a9-4205-abca-118ee5e4f435: cophenetic index 87573; 7.1 s; peak memory 292 MiB.
2026-10-09T03:00:27Z INFO [510/3350] ac6b4856-4a05-478e-b286-df552d57c6a5: cophenetic index 624; 1.1 s; peak memory 292 MiB.
2026-10-09T03:00:29Z INFO [511/3350] ac6b52fd-4227-4fbf-be1f-36186f5cc7c9: cophenetic index 3004; 1.3 s; peak memory 292 MiB.
2026-10-09T03:00:31Z INFO [512/3350] ac6cc071-1874-4aa2-a92b-aa81f1ee2635: cophenetic index 2105; 2.0 s; peak memory 292 MiB.
2026-10-09T03:00:32Z INFO [513/3350] ac6cea26-ef46-4436-8d9e-2ac1da802d4e: cophenetic index 431; 1.0 s; peak memory 292 MiB.
2026-10-09T03:00:34Z INFO [514/3350] ac6d16e4-86b1-46a9-a4b2-ac355fedf661: cophenetic index 930; 1.7 s; peak memory 292 MiB.
2026-10-09T03:00:35Z INFO [515/3350] ac6e1938-75ba-487f-8583-bf741a1874f9: cophenetic index 624; 1.2 s; peak memory 292 MiB.
2026-10-09T03:00:37Z INFO [516/3350] ac6f9c95-1370-4852-916d-4258c50dacf6: cophenetic index 613; 2.0 s; peak memory 292 MiB.
2026-10-09T03:00:38Z INFO [517/3350] ac70079f-0554-46cc-b99a-52752a247597: cophenetic index 624; 1.1 s; peak memory 292 MiB.
2026-10-09T03:00:39Z INFO [518/3350] ac7039a7-d2f8-475b-ad4a-769365c93527: cophenetic index 722; 1.4 s; peak memory 292 MiB.
2026-10-09T03:00:41Z INFO [519/3350] ac70520e-682d-47f8-b28f-b9b0beecc46d: cophenetic index 2893; 1.4 s; peak memory 292 MiB.
2026-10-09T03:00:42Z INFO [520/3350] ac70e9bf-7a10-4174-9ffb-0bf3426a95d1: cophenetic index 624; 1.2 s; peak memory 292 MiB.
2026-10-09T03:00:43Z INFO [521/3350] ac72a05f-e1a1-427b-aaa0-6009c95c7dd0: cophenetic index 3087; 1.3 s; peak memory 292 MiB.
2026-10-09T03:00:45Z INFO [522/3350] ac736daa-7382-4009-810c-273b922ce21c: cophenetic index 20938; 1.6 s; peak memory 292 MiB.
2026-10-09T03:00:46Z INFO [523/3350] ac743499-d121-4cc3-8e2f-08aeff0d5239: cophenetic index 624; 1.2 s; peak memory 292 MiB.
2026-10-09T03:00:48Z INFO [524/3350] ac745bb3-a8db-4200-8a34-f8abe8d6b47f: cophenetic index 99120; 2.1 s; peak memory 292 MiB.
2026-10-09T03:00:58Z INFO [525/3350] ac74fbf1-7fc2-4d78-8135-f11c6397340e: cophenetic index 47115; 10.5 s; peak memory 292 MiB.
2026-10-09T03:01:00Z INFO [526/3350] ac75da39-5eb2-4452-8305-16e894958cd5: cophenetic index 2625; 1.6 s; peak memory 292 MiB.
2026-10-09T03:01:01Z INFO [527/3350] ac762308-d017-44ca-a5cb-4e50a846385b: cophenetic index 3004; 1.4 s; peak memory 292 MiB.
2026-10-09T03:01:04Z INFO [528/3350] ac76edb7-a2e7-4df6-ab06-a325b3f2b657: cophenetic index 34658; 2.7 s; peak memory 292 MiB.
2026-10-09T03:01:08Z INFO [529/3350] ac775137-5d0b-4348-a0e7-4d531c1c7791: cophenetic index 5473; 3.6 s; peak memory 292 MiB.
2026-10-09T03:01:09Z INFO [530/3350] ac78c5d9-6f93-45ba-9fd0-af7f8de47901: cophenetic index 624; 1.3 s; peak memory 292 MiB.
2026-10-09T03:01:11Z INFO [531/3350] ac78db04-6c14-4241-aaa6-ee4a44c78b36: cophenetic index 710; 1.9 s; peak memory 292 MiB.
2026-10-09T03:01:13Z INFO [532/3350] ac78eebc-6182-4d17-84fa-017c0d0846d5: cophenetic index 4609; 2.6 s; peak memory 292 MiB.
2026-10-09T03:01:15Z INFO [533/3350] ac799422-2b70-4f3f-acaa-b6d7338c5688: cophenetic index 2974; 1.5 s; peak memory 292 MiB.
2026-10-09T03:01:23Z INFO [534/3350] ac79c7a1-c782-40b2-8719-77b8ddb27b5f: cophenetic index 50764; 8.1 s; peak memory 292 MiB.
2026-10-09T03:01:24Z INFO [535/3350] ac7a064a-42ad-41fe-8422-5244b5acff3e: cophenetic index 624; 1.2 s; peak memory 292 MiB.
2026-10-09T03:01:26Z INFO [536/3350] ac7a46d3-5126-4692-9f3e-a8cd78f6554e: cophenetic index 2625; 1.8 s; peak memory 292 MiB.
2026-10-09T03:01:28Z INFO [537/3350] ac7a7ea6-c840-4126-bd52-ec9e29fca670: cophenetic index 23376; 1.6 s; peak memory 292 MiB.
2026-10-09T03:01:29Z INFO [538/3350] ac7c68c9-467c-44c4-8b92-636743012c4e: cophenetic index 624; 1.1 s; peak memory 292 MiB.
2026-10-09T03:01:36Z INFO [539/3350] ac7c98e7-385d-4ea7-a6a7-c2ac946bfdf5: cophenetic index 85995; 7.6 s; peak memory 292 MiB.
2026-10-09T03:01:38Z INFO [540/3350] ac7ce198-0efd-437a-aa2f-c656b22f981f: cophenetic index 937; 1.4 s; peak memory 292 MiB.
2026-10-09T03:01:39Z INFO [541/3350] ac7da8e2-ee1a-417f-a866-679005f97849: cophenetic index 624; 1.2 s; peak memory 292 MiB.
2026-10-09T03:01:40Z INFO [542/3350] ac7df42b-4a39-46bf-a3bd-25f776eaa575: cophenetic index 23379; 1.5 s; peak memory 292 MiB.
2026-10-09T03:01:52Z INFO [543/3350] ac7e3036-38c2-412b-875b-495535e8ee51: cophenetic index 307469; 12.0 s; peak memory 292 MiB.
2026-10-09T03:01:58Z INFO [544/3350] ac7e8fef-2d94-4c56-acbb-33dc3d3cb435: cophenetic index 9548; 5.2 s; peak memory 292 MiB.
2026-10-09T03:01:59Z INFO [545/3350] ac7f7ffe-d473-4895-b6ac-893719c28e83: cophenetic index 2132; 1.6 s; peak memory 292 MiB.
2026-10-09T03:02:01Z INFO [546/3350] ac804588-35f8-4536-854f-e5ac848dc95a: cophenetic index 777; 2.0 s; peak memory 292 MiB.
2026-10-09T03:02:03Z INFO [547/3350] ac80c81f-df99-4655-8e7c-dd4277dd0faa: cophenetic index 2570; 1.5 s; peak memory 292 MiB.
2026-10-09T03:02:06Z INFO [548/3350] ac81cf1c-dbab-4489-aae8-f44f6d0161ac: cophenetic index 2402; 2.9 s; peak memory 292 MiB.
2026-10-09T03:02:07Z INFO [549/3350] ac82df3f-c1ef-4b67-a442-d58a8123cc4a: cophenetic index 624; 1.1 s; peak memory 292 MiB.
2026-10-09T03:02:13Z INFO [550/3350] ac835f8b-683e-4355-a557-e963581a0424: cophenetic index 55902; 6.0 s; peak memory 292 MiB.
2026-10-09T03:02:13Z INFO [550/3350] ac835f8b-683e-4355-a557-e963581a0424: checkpointed 129887 new records.
2026-10-09T03:02:14Z INFO [551/3350] ac850afc-71af-4921-8992-c2ede6a2389d: cophenetic index 490; 1.0 s; peak memory 292 MiB.
2026-10-09T03:02:15Z INFO [552/3350] ac85672c-554a-4bb9-b775-a42e65a90643: cophenetic index 624; 1.1 s; peak memory 292 MiB.
2026-10-09T03:02:17Z INFO [553/3350] ac85e2ee-592f-49bb-8ced-67133a1235ac: cophenetic index 18208; 1.7 s; peak memory 292 MiB.
2026-10-09T03:02:18Z INFO [554/3350] ac85e76a-66c6-46fb-8745-54aa6071809c: cophenetic index 3004; 1.3 s; peak memory 292 MiB.
2026-10-09T03:02:19Z INFO [555/3350] ac871f8d-77a3-44ae-93b9-0307647bd989: cophenetic index 761; 0.9 s; peak memory 292 MiB.
2026-10-09T03:02:20Z INFO [556/3350] ac87e8f7-3e8d-40b1-b3c9-deaf71c9848b: cophenetic index 624; 1.1 s; peak memory 292 MiB.
2026-10-09T03:02:21Z INFO [557/3350] ac887f82-18c7-499f-a976-6806d7625a7c: cophenetic index 624; 1.0 s; peak memory 292 MiB.
2026-10-09T03:02:26Z INFO [558/3350] ac895706-d768-489f-92d9-5b4f50a1474c: cophenetic index 36278; 5.0 s; peak memory 292 MiB.
2026-10-09T03:02:27Z INFO [559/3350] ac8b7a5f-07c7-4d4e-bb00-6d839c384cf9: cophenetic index 431; 1.1 s; peak memory 292 MiB.
2026-10-09T03:02:35Z INFO [560/3350] ac8c3fb4-3b5e-43e0-b711-66bc91ab6f83: cophenetic index 172902; 8.3 s; peak memory 292 MiB.
2026-10-09T03:02:37Z INFO [561/3350] ac8e4b41-10ca-49e0-9458-f8abf586df84: cophenetic index 624; 1.1 s; peak memory 292 MiB.
2026-10-09T03:02:39Z INFO [562/3350] ac9116e9-5b82-4f6c-9f9b-cc87824f5aa2: cophenetic index 2625; 2.1 s; peak memory 292 MiB.
2026-10-09T03:02:40Z INFO [563/3350] ac92c03d-5285-4b75-a9c9-542558210e17: cophenetic index 33968; 1.6 s; peak memory 292 MiB.
2026-10-09T03:02:42Z INFO [564/3350] ac92d944-d75f-4b4e-b47a-7bbf6d172668: cophenetic index 99138; 2.1 s; peak memory 292 MiB.
2026-10-09T03:02:43Z INFO [565/3350] ac93a78c-5069-47ac-be0a-0fec6b5e5cf8: cophenetic index 624; 1.1 s; peak memory 292 MiB.
2026-10-09T03:02:46Z INFO [566/3350] ac93c179-c869-40ab-93dd-82463d92dc4d: cophenetic index 33998; 2.1 s; peak memory 292 MiB.
2026-10-09T03:02:47Z INFO [567/3350] ac93e98f-3853-472f-b8bf-806647977cd4: cophenetic index 33986; 1.5 s; peak memory 292 MiB.
2026-10-09T03:02:48Z INFO [568/3350] ac94c202-5bb3-47c9-b72c-c04b474662a8: cophenetic index 624; 1.1 s; peak memory 292 MiB.
2026-10-09T03:02:49Z INFO [569/3350] ac94ee76-ff78-4c0e-8433-6db2f4e1d165: cophenetic index 490; 1.0 s; peak memory 292 MiB.
2026-10-09T03:02:51Z INFO [570/3350] ac954783-2f02-45f7-abe1-22e8ccb11cb8: cophenetic index 33998; 1.8 s; peak memory 292 MiB.
2026-10-09T03:02:52Z INFO [571/3350] ac9557fa-eb23-4077-8355-5b60e1ccc395: cophenetic index 649; 1.4 s; peak memory 292 MiB.
2026-10-09T03:02:53Z INFO [572/3350] ac9582f7-36d7-4bc4-abb0-37551f9072f2: cophenetic index 590; 1.1 s; peak memory 292 MiB.
2026-10-09T03:02:55Z INFO [573/3350] ac95ebf4-4ca7-4b4a-a9df-bd63641e9b76: cophenetic index 2625; 1.5 s; peak memory 292 MiB.
2026-10-09T03:02:56Z INFO [574/3350] ac96646e-c3e1-4efe-b235-a49d284cbd29: cophenetic index 624; 1.2 s; peak memory 292 MiB.
2026-10-09T03:02:57Z INFO [575/3350] ac96b77c-b98d-45ed-a465-6fdb87159ab0: cophenetic index 581; 1.2 s; peak memory 292 MiB.
2026-10-09T03:02:58Z INFO [576/3350] ac971253-60b8-48e7-93d7-64699c97ba3d: cophenetic index 624; 1.1 s; peak memory 292 MiB.
2026-10-09T03:03:00Z INFO [577/3350] ac97efed-f808-411a-958c-87e9000ff068: cophenetic index 581; 1.2 s; peak memory 292 MiB.
2026-10-09T03:03:01Z INFO [578/3350] ac9898b3-98d1-4335-8fcc-64f722a43890: cophenetic index 2625; 1.7 s; peak memory 292 MiB.
2026-10-09T03:03:03Z INFO [579/3350] ac9917e2-a184-4444-a0a6-f0631bdce833: cophenetic index 99114; 1.9 s; peak memory 292 MiB.
2026-10-09T03:03:05Z INFO [580/3350] ac999ec5-4161-439f-8cf8-4197c534c235: cophenetic index 3087; 1.4 s; peak memory 292 MiB.
2026-10-09T03:03:06Z INFO [581/3350] ac99bfe1-b069-4543-82a3-6ae83b380d63: cophenetic index 624; 1.2 s; peak memory 292 MiB.
2026-10-09T03:03:09Z INFO [582/3350] ac9a4809-2c8b-4144-9762-262ec77a06be: cophenetic index 8258; 3.5 s; peak memory 292 MiB.
2026-10-09T03:03:11Z INFO [583/3350] ac9add8b-c0aa-4aaf-96c6-6de8c3d7479a: cophenetic index 3169; 1.3 s; peak memory 292 MiB.
2026-10-09T03:03:19Z INFO [584/3350] ac9b4be5-3f0c-42a8-9643-da09fccd4e22: cophenetic index 70255929; 8.3 s; peak memory 292 MiB.
2026-10-09T03:03:20Z INFO [585/3350] ac9b849d-3728-41cc-aab1-d2ba67bd83af: cophenetic index 624; 1.3 s; peak memory 292 MiB.
2026-10-09T03:03:23Z INFO [586/3350] ac9b8e2a-6c37-4386-a941-42386b03fffd: cophenetic index 33998; 2.4 s; peak memory 292 MiB.
2026-10-09T03:03:23Z INFO [587/3350] ac9c0259-f50a-4949-a634-b4377b5738cf: cophenetic index 490; 0.7 s; peak memory 292 MiB.
2026-10-09T03:03:24Z INFO [588/3350] ac9c0c05-16c1-408f-be35-d874be08a0c6: cophenetic index 494; 1.1 s; peak memory 292 MiB.
2026-10-09T03:03:25Z INFO [589/3350] ac9e50f9-31a7-428a-b97d-1c5b3417942e: cophenetic index 624; 1.1 s; peak memory 292 MiB.
2026-10-09T03:03:26Z INFO [590/3350] ac9ef993-b818-4b3a-8dd1-f9b58ebf4f5c: cophenetic index 624; 0.9 s; peak memory 292 MiB.
2026-10-09T03:03:27Z INFO [591/3350] aca06e06-9a69-4571-9be0-6f24a392a133: cophenetic index 624; 1.1 s; peak memory 292 MiB.
2026-10-09T03:03:28Z INFO [592/3350] aca07b3e-f791-449b-a5cd-007ca36cc580: cophenetic index 498; 1.0 s; peak memory 292 MiB.
2026-10-09T03:03:30Z INFO [593/3350] aca0d4ac-0d57-4c92-aef0-1f935bebf60f: cophenetic index 634; 1.3 s; peak memory 292 MiB.
2026-10-09T03:03:31Z INFO [594/3350] aca2eda4-3384-4029-bec6-450e1b595bd0: cophenetic index 23794; 1.5 s; peak memory 292 MiB.
2026-10-09T03:03:32Z INFO [595/3350] aca2fb84-c7fe-488f-af44-0210e49f0394: cophenetic index 624; 1.1 s; peak memory 292 MiB.
2026-10-09T03:03:34Z INFO [596/3350] aca3255c-1526-4d9e-92b3-5207ee180b6c: cophenetic index 605; 1.4 s; peak memory 292 MiB.
2026-10-09T03:03:37Z INFO [597/3350] aca43521-4040-4b93-a2c3-0392cfa2b5c4: cophenetic index 5473; 3.4 s; peak memory 292 MiB.
2026-10-09T03:03:38Z INFO [598/3350] aca44d55-c279-4358-bb9c-2c79041c46e4: cophenetic index 3004; 1.2 s; peak memory 292 MiB.
2026-10-09T03:03:40Z INFO [599/3350] aca4cbfc-9e51-4277-bf16-577429b84f4b: cophenetic index 624; 1.2 s; peak memory 292 MiB.
2026-10-09T03:03:41Z INFO [600/3350] aca56992-f726-4d14-b9d7-0e0e5e80fbe2: cophenetic index 3004; 1.3 s; peak memory 292 MiB.
2026-10-09T03:03:41Z INFO [600/3350] aca56992-f726-4d14-b9d7-0e0e5e80fbe2: checkpointed 129937 new records.
2026-10-09T03:03:44Z INFO [601/3350] aca5733b-58fa-4633-ad3d-82d21c813c3e: cophenetic index 1970; 3.4 s; peak memory 292 MiB.
2026-10-09T03:03:46Z INFO [602/3350] aca70dd4-2ca2-4f3c-a079-ee5f783ae7c1: cophenetic index 624; 1.4 s; peak memory 292 MiB.
2026-10-09T03:03:47Z INFO [603/3350] aca8085a-f974-46ad-92d0-ff6209d605f2: cophenetic index 2625; 1.6 s; peak memory 292 MiB.
2026-10-09T03:03:54Z INFO [604/3350] aca88718-3614-4b7d-8d57-6659ae87cd35: cophenetic index 87401; 6.6 s; peak memory 292 MiB.
2026-10-09T03:03:56Z INFO [605/3350] aca94393-9be1-4a58-b13c-3d17f4f6b720: cophenetic index 33998; 2.3 s; peak memory 292 MiB.
2026-10-09T03:03:58Z INFO [606/3350] aca98138-efcd-4a13-b653-32863b19683f: cophenetic index 34712; 1.6 s; peak memory 292 MiB.
2026-10-09T03:04:00Z INFO [607/3350] aca9cb2c-1071-4c41-aaa7-b8f88e318b6c: cophenetic index 2625; 1.7 s; peak memory 292 MiB.
2026-10-09T03:04:01Z INFO [608/3350] acaa6cd6-b367-4fd0-aba1-e962c8c24846: cophenetic index 560; 1.0 s; peak memory 292 MiB.
2026-10-09T03:04:12Z INFO [609/3350] acaac74c-953d-401e-bc72-097d749b8576: cophenetic index 183898; 11.7 s; peak memory 292 MiB.
2026-10-09T03:04:13Z INFO [610/3350] acaacad6-f178-4c4e-98c3-73595a0a8e34: cophenetic index 567; 0.9 s; peak memory 292 MiB.
2026-10-09T03:04:15Z INFO [611/3350] acac217e-9a80-4bd4-808b-c18015e2630e: cophenetic index 33962; 1.7 s; peak memory 292 MiB.
2026-10-09T03:04:16Z INFO [612/3350] acacefdc-bbbd-4982-8e2d-d7be8f316e4c: cophenetic index 624; 1.1 s; peak memory 292 MiB.
2026-10-09T03:04:17Z INFO [613/3350] acad9763-3cd4-48ad-8f3b-a9733894bab6: cophenetic index 560; 1.1 s; peak memory 292 MiB.
2026-10-09T03:04:20Z INFO [614/3350] acae582e-f25a-4435-ae0d-b21feac5f6e9: cophenetic index 959; 2.5 s; peak memory 292 MiB.
2026-10-09T03:04:21Z INFO [615/3350] acaf4b4b-ca00-4898-9b17-dd01d3680444: cophenetic index 649; 1.5 s; peak memory 292 MiB.
2026-10-09T03:04:31Z INFO [616/3350] acaf56cc-33d5-421f-9f1b-31bae27f63b0: cophenetic index 195172714; 9.7 s; peak memory 292 MiB.
2026-10-09T03:04:32Z INFO [617/3350] acaf90be-3f7c-400d-b50b-ae47972662cc: cophenetic index 722; 1.2 s; peak memory 292 MiB.
2026-10-09T03:04:34Z INFO [618/3350] acafd4f9-f39f-44c1-815c-6b025ace94bc: cophenetic index 33962; 1.9 s; peak memory 292 MiB.
2026-10-09T03:04:37Z INFO [619/3350] acb03ad9-1fde-4f34-8b90-75ef24bc66b9: cophenetic index 5473; 3.4 s; peak memory 292 MiB.
2026-10-09T03:04:43Z INFO [620/3350] acb10480-087a-44be-bf10-c008290f1f59: cophenetic index 37311; 6.2 s; peak memory 292 MiB.
2026-10-09T03:04:44Z INFO [621/3350] acb1e267-9c31-4709-a45f-5d5aa99a573b: cophenetic index 560; 1.0 s; peak memory 292 MiB.
2026-10-09T03:04:46Z INFO [622/3350] acb1f8ff-c75e-48a0-a18a-a8de5217df9d: cophenetic index 624; 1.2 s; peak memory 292 MiB.
2026-10-09T03:04:54Z INFO [623/3350] acb306ee-909b-48a2-8f31-beaeffc06cfe: cophenetic index 191256; 8.3 s; peak memory 292 MiB.
2026-10-09T03:04:55Z INFO [624/3350] acb38f37-c184-49ed-8b00-18c5ab1c4158: cophenetic index 624; 1.2 s; peak memory 292 MiB.
2026-10-09T03:04:56Z INFO [625/3350] acb3c40a-c00b-413d-8831-3a33e4971161: cophenetic index 755; 0.9 s; peak memory 292 MiB.
2026-10-09T03:04:57Z INFO [626/3350] acb3df57-e253-4bfb-bd66-cd01204c49c1: cophenetic index 624; 1.2 s; peak memory 292 MiB.
2026-10-09T03:04:58Z INFO [627/3350] acb42637-ca97-4810-8a52-1df05bfd3a90: cophenetic index 646; 1.2 s; peak memory 292 MiB.
2026-10-09T03:04:59Z INFO [628/3350] acb48fe0-90eb-4f37-8cd0-077e096a7157: cophenetic index 624; 1.0 s; peak memory 292 MiB.
2026-10-09T03:05:01Z INFO [629/3350] acb5d597-34aa-47c3-a2a4-2471f2e45468: cophenetic index 431; 1.3 s; peak memory 292 MiB.
2026-10-09T03:05:02Z INFO [630/3350] acb67ef0-d94c-482c-a01b-957de14a81c8: cophenetic index 3004; 1.2 s; peak memory 292 MiB.
2026-10-09T03:05:47Z INFO [631/3350] acb773c2-5624-4810-9e0e-d86f916dd1fd: cophenetic index 59906672; 44.9 s; peak memory 304 MiB.
2026-10-09T03:05:48Z INFO [632/3350] acb7a9e0-3e42-4dd3-b958-832e6fbded9a: cophenetic index 729; 1.0 s; peak memory 304 MiB.
2026-10-09T03:05:49Z INFO [633/3350] acb7e9dc-a68c-46da-a88c-6859a1d60b77: cophenetic index 2974; 1.6 s; peak memory 304 MiB.
2026-10-09T03:05:51Z INFO [634/3350] acb86ca7-b904-4c68-a7bc-82c9060df5b5: cophenetic index 2053; 1.9 s; peak memory 304 MiB.
2026-10-09T03:05:53Z INFO [635/3350] acb89b57-028d-4e99-a636-8cf2bddcc37c: cophenetic index 573; 2.0 s; peak memory 304 MiB.
2026-10-09T03:05:54Z INFO [636/3350] acb8cea1-7fdc-42a0-a6e2-1bd74926290f: cophenetic index 490; 0.9 s; peak memory 304 MiB.
2026-10-09T03:05:55Z INFO [637/3350] acb963c4-8643-4f7b-a40e-dd0d85a7f67d: cophenetic index 624; 1.1 s; peak memory 304 MiB.
2026-10-09T03:05:57Z INFO [638/3350] acb99b3c-eb38-43d0-a945-f1288e255cb2: cophenetic index 624; 1.3 s; peak memory 304 MiB.
2026-10-09T03:05:57Z INFO [639/3350] acba725c-9140-43d6-aab2-229f8a53cd10: cophenetic index 729; 0.9 s; peak memory 304 MiB.
2026-10-09T03:05:58Z INFO [640/3350] acbb7188-9a37-4e00-a95e-c0c94dc903fb: cophenetic index 739; 0.8 s; peak memory 304 MiB.
2026-10-09T03:05:59Z INFO [641/3350] acbcb2b2-d2d4-4301-852a-3ee112f4e922: cophenetic index 649; 1.2 s; peak memory 304 MiB.
2026-10-09T03:06:03Z INFO [642/3350] acbcf294-a003-4506-97d5-4bcf1f15d8a8: cophenetic index 2236; 3.3 s; peak memory 304 MiB.
2026-10-09T03:06:04Z INFO [643/3350] acbe41d1-3a24-460f-a627-0a93c8fc6d67: cophenetic index 605; 1.4 s; peak memory 304 MiB.
2026-10-09T03:06:08Z INFO [644/3350] acbede8e-98e2-45ce-bacb-a7ada4b1b927: cophenetic index 5473; 3.8 s; peak memory 304 MiB.
2026-10-09T03:06:59Z INFO [645/3350] acbf72d6-d4cf-42f9-bd79-7d2f834db66f: cophenetic index 846746; 51.3 s; peak memory 304 MiB.
2026-10-09T03:07:06Z INFO [646/3350] acbfe5a9-b70a-43ef-a4ec-ec808b7e2516: cophenetic index 124924; 6.9 s; peak memory 304 MiB.
2026-10-09T03:07:08Z INFO [647/3350] acc08296-a81a-4d46-bc2d-d2a2526e8a45: cophenetic index 2974; 1.4 s; peak memory 304 MiB.
2026-10-09T03:07:09Z INFO [648/3350] acc089cc-6fd2-456f-8b5d-14a57a8d8813: cophenetic index 784; 1.8 s; peak memory 304 MiB.
2026-10-09T03:07:10Z INFO [649/3350] acc0abdf-8071-40a9-9f17-29c4c66eccc8: cophenetic index 1002; 1.1 s; peak memory 304 MiB.
2026-10-09T03:07:11Z INFO [650/3350] acc1241b-b974-407d-87d8-31226bb3f9a8: cophenetic index 490; 1.0 s; peak memory 304 MiB.
2026-10-09T03:07:12Z INFO [650/3350] acc1241b-b974-407d-87d8-31226bb3f9a8: checkpointed 129987 new records.
2026-10-09T03:07:14Z INFO [651/3350] acc310c5-87a2-4e95-a467-a63a18e0e789: cophenetic index 2625; 2.1 s; peak memory 304 MiB.
2026-10-09T03:07:15Z INFO [652/3350] acc39d96-06b1-451e-8a55-f91c87d286b9: cophenetic index 3004; 1.4 s; peak memory 304 MiB.
2026-10-09T03:07:18Z INFO [653/3350] acc3b92d-cf7a-468c-ab53-ff42804a634c: cophenetic index 2402; 2.9 s; peak memory 304 MiB.
2026-10-09T03:07:24Z INFO [654/3350] acc4e583-53ce-4d36-9729-58662f11d157: cophenetic index 9181; 5.8 s; peak memory 304 MiB.
2026-10-09T03:07:25Z INFO [655/3350] acc53cd2-e6ce-4d50-892c-f6bf2b47baaf: cophenetic index 2570; 1.6 s; peak memory 304 MiB.
2026-10-09T03:07:27Z INFO [656/3350] acc56bf2-e8aa-4972-aa37-8ef2b19cd2d9: cophenetic index 850; 1.7 s; peak memory 304 MiB.
2026-10-09T03:07:28Z INFO [657/3350] acc5c5f0-8e05-4801-ad6d-3ac0d4012f7a: cophenetic index 624; 1.3 s; peak memory 304 MiB.
2026-10-09T03:07:30Z INFO [658/3350] acc5e9ee-b7a4-4efe-84c0-4bb2f56b63f6: cophenetic index 624; 1.2 s; peak memory 304 MiB.
2026-10-09T03:07:38Z INFO [659/3350] acc69556-e2a7-430e-937d-d53fd0ef64c8: cophenetic index 7554; 7.9 s; peak memory 304 MiB.
2026-10-09T03:07:39Z INFO [660/3350] acc7166a-77df-4e5c-81b9-84fcac687e07: cophenetic index 624; 1.1 s; peak memory 304 MiB.
2026-10-09T03:07:46Z INFO [661/3350] acc72d81-4d62-419c-af6f-74225935c1b0: cophenetic index 14677; 7.5 s; peak memory 304 MiB.
2026-10-09T03:07:47Z INFO [662/3350] acc761b4-45b2-4b83-a5ee-7af813589cd6: cophenetic index 624; 1.2 s; peak memory 304 MiB.
2026-10-09T03:07:58Z INFO [663/3350] acc8dc4d-3150-4fed-aeae-a2b0d3ee6fa8: cophenetic index 167340; 10.9 s; peak memory 304 MiB.
2026-10-09T03:07:59Z INFO [664/3350] acc93698-1fa6-4d9f-8797-991521e06a6a: cophenetic index 624; 1.2 s; peak memory 304 MiB.
2026-10-09T03:08:01Z INFO [665/3350] acc93825-77aa-4b58-9ed8-f7d9e93e0c70: cophenetic index 3004; 1.5 s; peak memory 304 MiB.
2026-10-09T03:08:02Z INFO [666/3350] acc9e961-374e-4f40-ae73-0db9bf8d2415: cophenetic index 651; 0.9 s; peak memory 304 MiB.
2026-10-09T03:08:03Z INFO [667/3350] accca2ef-7a42-4cee-b279-c32cb6da7459: cophenetic index 2974; 1.4 s; peak memory 304 MiB.
2026-10-09T03:08:05Z INFO [668/3350] accdde1f-d599-4dce-8820-145d425f2fbc: cophenetic index 3087; 1.4 s; peak memory 304 MiB.
2026-10-09T03:08:06Z INFO [669/3350] acce1774-6579-4dbb-9fef-dab1d72cc55e: cophenetic index 2551; 1.7 s; peak memory 304 MiB.
2026-10-09T03:08:07Z INFO [670/3350] acce2ebf-f871-4cc6-822f-9d70564906ad: cophenetic index 490; 0.8 s; peak memory 304 MiB.
2026-10-09T03:08:08Z INFO [671/3350] acce8435-b7e5-4865-90bd-b89529f3dc48: cophenetic index 624; 1.1 s; peak memory 304 MiB.
2026-10-09T03:08:10Z INFO [672/3350] acceea26-dc88-4991-a51e-6c68ac99a798: cophenetic index 33968; 1.4 s; peak memory 304 MiB.
2026-10-09T03:08:11Z INFO [673/3350] acd052f5-3bea-4e03-875f-f49b635be81d: cophenetic index 33998; 1.8 s; peak memory 304 MiB.
2026-10-09T03:08:12Z INFO [674/3350] acd0ea88-f6d8-43ee-a7a1-4ccaa71c1f54: cophenetic index 490; 0.9 s; peak memory 304 MiB.
2026-10-09T03:08:13Z INFO [675/3350] acd24c49-3f28-412b-9a7f-0ce6e6a70ce5: cophenetic index 762; 0.9 s; peak memory 304 MiB.
2026-10-09T03:08:14Z INFO [676/3350] acd2520c-350e-4688-80bc-3c3171f75017: cophenetic index 729; 0.8 s; peak memory 304 MiB.
2026-10-09T03:08:15Z INFO [677/3350] acd3033d-d19f-4d6e-a5e0-7dff9053fd10: cophenetic index 2625; 1.4 s; peak memory 304 MiB.
2026-10-09T03:08:17Z INFO [678/3350] acd343ce-873b-4408-907b-90f89f0272c9: cophenetic index 3004; 1.4 s; peak memory 304 MiB.
2026-10-09T03:08:18Z INFO [679/3350] acd354d6-8bb4-45ee-9921-f8bb71fe604c: cophenetic index 1012; 1.4 s; peak memory 304 MiB.
2026-10-09T03:08:20Z INFO [680/3350] acd3a31d-05fb-4e39-90d3-418d6c526d36: cophenetic index 3087; 1.4 s; peak memory 304 MiB.
2026-10-09T03:08:21Z INFO [681/3350] acd44eb9-78b1-44c1-b2dc-ea9979ee7cee: cophenetic index 624; 1.2 s; peak memory 304 MiB.
2026-10-09T03:08:22Z INFO [682/3350] acd4f907-fafc-44df-be2f-33276b5a437f: cophenetic index 624; 1.2 s; peak memory 304 MiB.
2026-10-09T03:08:42Z INFO [683/3350] acd52a9b-c911-4e13-96f3-e04c23454bdd: cophenetic index 42755; 20.3 s; peak memory 304 MiB.
2026-10-09T03:08:51Z INFO [684/3350] acd5a84e-6286-4a2e-9c96-ba6c29468e75: cophenetic index 91632; 8.4 s; peak memory 304 MiB.
2026-10-09T03:08:54Z INFO [685/3350] acd5a907-0dbe-420d-899c-56af0705e027: cophenetic index 5473; 3.5 s; peak memory 304 MiB.
2026-10-09T03:08:56Z INFO [686/3350] acd5eb1f-ba4a-4dac-8c3d-b668d156d355: cophenetic index 33968; 1.7 s; peak memory 304 MiB.
2026-10-09T03:08:57Z INFO [687/3350] acd6644d-eed5-40e8-a5bb-02afaf273576: cophenetic index 494; 1.0 s; peak memory 304 MiB.
2026-10-09T03:09:06Z INFO [688/3350] acd6f91a-e704-4190-9468-e600462cb12d: cophenetic index 187903; 9.5 s; peak memory 304 MiB.
2026-10-09T03:09:08Z INFO [689/3350] acd79148-78e0-48b8-8c32-231c27ba7c8b: cophenetic index 33977; 1.5 s; peak memory 304 MiB.
2026-10-09T03:09:09Z INFO [690/3350] acd8cdcb-76df-4e05-8258-f6642b646c7d: cophenetic index 2625; 1.3 s; peak memory 304 MiB.
2026-10-09T03:09:11Z INFO [691/3350] acd93062-0387-4f08-a515-07afd9075596: cophenetic index 2625; 2.1 s; peak memory 304 MiB.
2026-10-09T03:09:20Z INFO [692/3350] acd9d460-4a27-4f6d-9557-e78eb4988de5: cophenetic index 181766; 8.8 s; peak memory 304 MiB.
2026-10-09T03:09:21Z INFO [693/3350] acdac5f1-149d-468d-a683-443de4b42722: cophenetic index 560; 1.2 s; peak memory 304 MiB.
2026-10-09T03:09:23Z INFO [694/3350] acdb6154-f58d-453f-a839-1fea2ad58387: cophenetic index 1228; 1.2 s; peak memory 304 MiB.
2026-10-09T03:09:24Z INFO [695/3350] acdc06e0-9772-4397-ac27-236e48b7bcdb: cophenetic index 624; 1.2 s; peak memory 304 MiB.
2026-10-09T03:09:25Z INFO [696/3350] acdc140a-8f85-435f-9330-492b0b416e4e: cophenetic index 649; 1.4 s; peak memory 304 MiB.
2026-10-09T03:09:28Z INFO [697/3350] acdc4b35-740a-4cb8-80f3-cd1403b4141a: cophenetic index 33998; 2.5 s; peak memory 304 MiB.
2026-10-09T03:09:29Z INFO [698/3350] acdce374-5115-4ee0-a047-82e13a813af1: cophenetic index 1087; 1.4 s; peak memory 304 MiB.
2026-10-09T03:09:32Z INFO [699/3350] acddbb5f-c51a-400c-99de-b8ae674cf1b9: cophenetic index 2402; 2.8 s; peak memory 304 MiB.
2026-10-09T03:09:33Z INFO [700/3350] acde9bff-4239-4a3e-b094-f4d3c26b45af: cophenetic index 2625; 1.6 s; peak memory 304 MiB.
2026-10-09T03:09:34Z INFO [700/3350] acde9bff-4239-4a3e-b094-f4d3c26b45af: checkpointed 130037 new records.
2026-10-09T03:09:35Z INFO [701/3350] acdee4ee-5917-4630-8fae-37f5e9ad44d4: cophenetic index 2974; 1.4 s; peak memory 304 MiB.
2026-10-09T03:09:36Z INFO [702/3350] acdf492d-5ac1-4ba0-be73-574194691ffb: cophenetic index 624; 1.1 s; peak memory 304 MiB.
2026-10-09T03:09:38Z INFO [703/3350] acdfb8d9-c900-4c7c-977f-827ee22aabde: cophenetic index 33968; 1.5 s; peak memory 304 MiB.
2026-10-09T03:09:44Z INFO [704/3350] acdfdb95-df71-49f0-aeb7-549a6ccf3f62: cophenetic index 9548; 6.2 s; peak memory 304 MiB.
2026-10-09T03:09:45Z INFO [705/3350] ace064d5-04fe-4e90-b73b-38b867e3828d: cophenetic index 3004; 1.2 s; peak memory 304 MiB.
2026-10-09T03:09:46Z INFO [706/3350] ace1726b-15aa-4dd9-806a-be464fab173c: cophenetic index 490; 0.9 s; peak memory 304 MiB.
2026-10-09T03:09:47Z INFO [707/3350] ace2057d-f739-4da0-8b16-88130abd5b13: cophenetic index 579; 1.0 s; peak memory 304 MiB.
2026-10-09T03:09:48Z INFO [708/3350] ace228d2-e9f1-4dfe-8ff0-52b79ced1ec6: cophenetic index 1228; 1.1 s; peak memory 304 MiB.
2026-10-09T03:09:49Z INFO [709/3350] ace33ba8-0d62-42a3-9f9d-450eb59786a2: cophenetic index 624; 1.3 s; peak memory 304 MiB.
2026-10-09T03:09:51Z INFO [710/3350] ace39120-7d8d-4b3f-98d7-fed1d02b3f94: cophenetic index 3004; 1.5 s; peak memory 304 MiB.
2026-10-09T03:09:52Z INFO [711/3350] ace39351-1ff4-484d-aee3-02590b37fec9: cophenetic index 624; 1.1 s; peak memory 304 MiB.
2026-10-09T03:09:54Z INFO [712/3350] ace3e926-376a-4d87-8d3a-2fe530501de6: cophenetic index 2625; 1.7 s; peak memory 304 MiB.
2026-10-09T03:09:55Z INFO [713/3350] ace3fc3f-ab5b-4eb5-8c5f-aea748629bcf: cophenetic index 624; 1.3 s; peak memory 304 MiB.
2026-10-09T03:09:56Z INFO [714/3350] ace44838-ac84-4436-b671-cf106094ecbd: cophenetic index 729; 0.9 s; peak memory 304 MiB.
2026-10-09T03:09:57Z INFO [715/3350] ace468b4-73aa-42e2-bd90-5098919600b2: cophenetic index 624; 1.0 s; peak memory 304 MiB.
2026-10-09T03:09:58Z INFO [716/3350] ace4d199-6081-4b92-917e-57fb0056b783: cophenetic index 3004; 1.3 s; peak memory 304 MiB.
2026-10-09T03:10:00Z INFO [717/3350] ace52a64-4159-4539-93ae-86985f60cc12: cophenetic index 3004; 1.4 s; peak memory 304 MiB.
2026-10-09T03:10:01Z INFO [718/3350] ace55469-c940-4363-80f4-2f6107620736: cophenetic index 624; 1.3 s; peak memory 304 MiB.
2026-10-09T03:10:03Z INFO [719/3350] ace5a0d0-caa6-420d-80fd-bb9943af3d4d: cophenetic index 2625; 1.9 s; peak memory 304 MiB.
2026-10-09T03:10:04Z INFO [720/3350] ace60319-a87f-4724-ace1-a6a9c092da95: cophenetic index 1228; 1.0 s; peak memory 304 MiB.
2026-10-09T03:10:05Z INFO [721/3350] ace61c11-7ae5-4a13-8ff5-1e84f82352b4: cophenetic index 624; 1.1 s; peak memory 304 MiB.
2026-10-09T03:10:07Z INFO [722/3350] ace6ba87-1b95-43fc-8da8-6f49ab5d51c7: cophenetic index 3004; 2.3 s; peak memory 304 MiB.
2026-10-09T03:10:09Z INFO [723/3350] ace8614c-4387-4559-956d-8a46a9abc5e3: cophenetic index 766; 1.4 s; peak memory 304 MiB.
2026-10-09T03:10:10Z INFO [724/3350] ace8ee4f-2aa8-481b-a9a4-8ac117360a49: cophenetic index 3004; 1.4 s; peak memory 304 MiB.
2026-10-09T03:10:23Z INFO [725/3350] acea69a2-853b-4f93-bd49-59e38534bcbd: cophenetic index 177842; 13.2 s; peak memory 304 MiB.
2026-10-09T03:10:24Z INFO [726/3350] aceb2170-7c56-40e4-9be1-cb4fe81f6cab: cophenetic index 624; 1.2 s; peak memory 304 MiB.
2026-10-09T03:10:25Z INFO [727/3350] acebcc4a-208d-44c1-8ee9-4ec3038954e3: cophenetic index 624; 1.1 s; peak memory 304 MiB.
2026-10-09T03:10:27Z INFO [728/3350] acebfd58-6893-4fc5-a927-238134d863e8: cophenetic index 624; 1.1 s; peak memory 304 MiB.
2026-10-09T03:10:27Z INFO [729/3350] acec950d-9ad3-4a4d-b251-135c6924f1b9: cophenetic index 490; 0.9 s; peak memory 304 MiB.
2026-10-09T03:10:31Z INFO [730/3350] aced5273-08fb-49d2-8b82-6c892a4f9e4b: cophenetic index 5473; 3.3 s; peak memory 304 MiB.
2026-10-09T03:10:33Z INFO [731/3350] aceda2ae-c572-45ed-8cbb-fcbe3ed56611: cophenetic index 16190; 2.7 s; peak memory 304 MiB.
2026-10-09T03:10:35Z INFO [732/3350] acee4c73-6cad-4cf9-9b54-eebd3ccd6bd0: cophenetic index 3004; 1.5 s; peak memory 304 MiB.
2026-10-09T03:10:36Z INFO [733/3350] acee7f1f-6e92-4ea7-8b21-aa80c6a3603c: cophenetic index 433; 0.8 s; peak memory 304 MiB.
2026-10-09T03:10:38Z INFO [734/3350] aceeb414-3750-408a-bc91-b941737e9b7c: cophenetic index 99150; 2.1 s; peak memory 304 MiB.
2026-10-09T03:10:40Z INFO [735/3350] acef751e-5d29-49b3-add6-028547c1acbb: cophenetic index 2625; 1.8 s; peak memory 304 MiB.
2026-10-09T03:10:55Z INFO [736/3350] acefb279-b40a-4bc0-9007-dbfaf08ff5d5: cophenetic index 313630; 15.0 s; peak memory 304 MiB.
2026-10-09T03:11:10Z INFO [737/3350] acefb789-e43f-4885-a6df-1c8f849a1e25: cophenetic index 527256; 15.7 s; peak memory 304 MiB.
2026-10-09T03:11:12Z INFO [738/3350] acefe667-f5e1-497d-9766-ab961e2a8e9e: cophenetic index 649; 1.3 s; peak memory 304 MiB.
2026-10-09T03:11:14Z INFO [739/3350] acf026d6-0f2c-47e7-8a96-59e57b5e90bd: cophenetic index 33998; 2.1 s; peak memory 304 MiB.
2026-10-09T03:11:21Z INFO [740/3350] acf0b42a-6df7-40f2-b9fd-57e70ce01154: cophenetic index 9548; 6.9 s; peak memory 304 MiB.
2026-10-09T03:11:27Z INFO [741/3350] acf0bbe3-eaf5-4bd4-8182-f3e6b2d21bd8: cophenetic index 9298; 6.1 s; peak memory 304 MiB.
2026-10-09T03:11:34Z INFO [742/3350] acf0f68f-2c48-4d56-8162-b8b5a17df67d: cophenetic index 7554; 7.3 s; peak memory 304 MiB.
2026-10-09T03:11:35Z INFO [743/3350] acf12f9b-141d-4e84-b8f6-387a25523734: cophenetic index 751; 1.0 s; peak memory 304 MiB.
2026-10-09T03:11:38Z INFO [744/3350] acf1ea9e-9b86-499e-800c-2c669037a84e: cophenetic index 4023; 2.7 s; peak memory 304 MiB.
2026-10-09T03:11:39Z INFO [745/3350] acf2296e-65ee-49ac-b265-05559261dd8c: cophenetic index 2974; 1.6 s; peak memory 304 MiB.
2026-10-09T03:11:40Z INFO [746/3350] acf267b1-68f2-41a5-9463-784af243c799: cophenetic index 490; 0.9 s; peak memory 304 MiB.
2026-10-09T03:11:41Z INFO [747/3350] acf32382-4725-42c2-8159-b57ea7c3647b: cophenetic index 514; 1.1 s; peak memory 304 MiB.
2026-10-09T03:11:43Z INFO [748/3350] acf433fb-ff57-4445-9330-19c33618ce97: cophenetic index 3004; 1.4 s; peak memory 304 MiB.
2026-10-09T03:11:45Z INFO [749/3350] acf4c420-25cc-4ed2-92ac-15ff5a8323b4: cophenetic index 33962; 2.0 s; peak memory 304 MiB.
2026-10-09T03:11:46Z INFO [750/3350] acf5a938-efa2-476b-85b0-5fbb25d9ff2d: cophenetic index 624; 1.1 s; peak memory 304 MiB.
2026-10-09T03:11:46Z INFO [750/3350] acf5a938-efa2-476b-85b0-5fbb25d9ff2d: checkpointed 130087 new records.
2026-10-09T03:11:47Z INFO [751/3350] acf5bb88-9282-4fa3-96db-eef0b018c371: cophenetic index 3004; 1.4 s; peak memory 304 MiB.
2026-10-09T03:11:51Z INFO [752/3350] acf5d11a-dae7-403b-81c1-3799f98e7714: cophenetic index 5473; 3.6 s; peak memory 304 MiB.
2026-10-09T03:11:52Z INFO [753/3350] acf617f4-be91-4b68-aaf1-a66f65f8448a: cophenetic index 3004; 1.5 s; peak memory 304 MiB.
2026-10-09T03:11:55Z INFO [754/3350] acf6f68c-75fc-43a9-899f-17ca20b66ca4: cophenetic index 2625; 2.2 s; peak memory 304 MiB.
2026-10-09T03:11:56Z INFO [755/3350] acf771ef-1aa5-4804-ac11-ce339a7fd15b: cophenetic index 624; 1.1 s; peak memory 304 MiB.
2026-10-09T03:11:57Z INFO [756/3350] acf78d39-465c-41c1-98b8-0ac2bd5898e3: cophenetic index 1949; 1.5 s; peak memory 304 MiB.
2026-10-09T03:12:03Z INFO [757/3350] acf795a9-6449-4b46-b8e6-8cace52c8a7e: cophenetic index 9548; 6.3 s; peak memory 304 MiB.
2026-10-09T03:12:05Z INFO [758/3350] acf7d323-a613-488c-9269-be99ac32d315: cophenetic index 3087; 1.3 s; peak memory 304 MiB.
2026-10-09T03:12:07Z INFO [759/3350] acf92d59-e5cf-43ff-806e-a83634690af1: cophenetic index 2477; 2.5 s; peak memory 304 MiB.
2026-10-09T03:12:08Z INFO [760/3350] acf98319-dbbc-4848-9032-98ccaf3cff15: cophenetic index 624; 1.1 s; peak memory 304 MiB.
2026-10-09T03:12:18Z INFO [761/3350] acf9f497-140b-44a8-afb5-3c58b0deb7d7: cophenetic index 32189; 9.6 s; peak memory 304 MiB.
2026-10-09T03:12:21Z INFO [762/3350] acf9f894-e220-496b-a492-d797d8707589: cophenetic index 2402; 2.8 s; peak memory 304 MiB.
2026-10-09T03:12:22Z INFO [763/3350] acfa0734-ea08-48f1-aa1d-152a955595fe: cophenetic index 490; 1.0 s; peak memory 304 MiB.
2026-10-09T03:12:23Z INFO [764/3350] acfc435d-687d-44a0-9019-68b4a2b9af77: cophenetic index 579; 0.9 s; peak memory 304 MiB.
2026-10-09T03:12:26Z INFO [765/3350] acfc7e3e-6ffb-4100-b520-5d8cc43bdf81: cophenetic index 2469; 2.9 s; peak memory 304 MiB.
2026-10-09T03:12:31Z INFO [766/3350] acfc9684-800e-4f7d-9fe3-fc1b1094d6a5: cophenetic index 38844; 5.4 s; peak memory 304 MiB.
2026-10-09T03:12:38Z INFO [767/3350] acfcee36-9e5e-4a02-990d-028f8dde11ee: cophenetic index 5466; 6.9 s; peak memory 304 MiB.
2026-10-09T03:12:39Z INFO [768/3350] acfd3014-3239-4458-907d-c7558ef02d29: cophenetic index 766; 1.6 s; peak memory 304 MiB.
2026-10-09T03:12:41Z INFO [769/3350] acff20f1-dec1-4d2c-923b-c15e01dfd883: cophenetic index 624; 1.0 s; peak memory 304 MiB.
2026-10-09T03:12:42Z INFO [770/3350] ad0011ad-db6a-44af-bf53-26488fe9dbc6: cophenetic index 3087; 1.5 s; peak memory 304 MiB.
2026-10-09T03:12:43Z INFO [771/3350] ad0020e1-0b8c-4c29-8310-5b94ea2f9082: cophenetic index 2974; 1.4 s; peak memory 304 MiB.
2026-10-09T03:12:50Z INFO [772/3350] ad00dab5-30f6-4b1c-b107-6bb1948d2022: cophenetic index 9181; 6.8 s; peak memory 304 MiB.
2026-10-09T03:12:56Z INFO [773/3350] ad010dd2-394c-4d6e-93f4-ae89ece4bdc7: cophenetic index 9548; 5.4 s; peak memory 304 MiB.
2026-10-09T03:12:57Z INFO [774/3350] ad013e31-ac05-43be-ade7-b5d74afd198c: cophenetic index 624; 1.2 s; peak memory 304 MiB.
2026-10-09T03:13:09Z INFO [775/3350] ad014443-d944-44eb-8407-b3a1a43360e8: cophenetic index 49912; 12.3 s; peak memory 304 MiB.
2026-10-09T03:13:10Z INFO [776/3350] ad016caf-0b70-4bcd-aea0-5bee0b977a5f: cophenetic index 1949; 1.1 s; peak memory 304 MiB.
2026-10-09T03:13:15Z INFO [777/3350] ad01b664-29a5-4c97-8b67-e99d9036d0ac: cophenetic index 27238; 5.0 s; peak memory 304 MiB.
2026-10-09T03:13:18Z INFO [778/3350] ad0305ea-37db-47b1-8a16-4a2d38929003: cophenetic index 99150; 2.6 s; peak memory 304 MiB.
2026-10-09T03:13:20Z INFO [779/3350] ad03c445-5419-4f12-9dbc-671db2ba9f9f: cophenetic index 3004; 1.7 s; peak memory 304 MiB.
2026-10-09T03:13:26Z INFO [780/3350] ad0592b8-3fa3-4015-9861-cc5a1a4d8657: cophenetic index 9548; 6.8 s; peak memory 304 MiB.
2026-10-09T03:13:28Z INFO [781/3350] ad05f7a6-8f1c-486d-912b-8af3e91cd539: cophenetic index 624; 1.3 s; peak memory 304 MiB.
2026-10-09T03:13:29Z INFO [782/3350] ad06313f-0073-40c3-a25a-35eb2e0a805b: cophenetic index 1042; 1.4 s; peak memory 304 MiB.
2026-10-09T03:13:31Z INFO [783/3350] ad068d68-8b25-4d1e-8339-f736587512b6: cophenetic index 2625; 1.7 s; peak memory 304 MiB.
2026-10-09T03:13:32Z INFO [784/3350] ad0706fc-d308-4f30-bdda-5c1a20f0c8ea: cophenetic index 624; 1.2 s; peak memory 304 MiB.
2026-10-09T03:13:33Z INFO [785/3350] ad079a25-1aaa-47cd-8af0-f1f57e19eac8: cophenetic index 624; 1.4 s; peak memory 304 MiB.
2026-10-09T03:13:35Z INFO [786/3350] ad07ade8-5958-4401-8b9d-f27dbc920129: cophenetic index 2625; 1.7 s; peak memory 304 MiB.
2026-10-09T03:13:37Z INFO [787/3350] ad07cc7e-d4f0-44a5-a604-fcce3b8e5495: cophenetic index 23502; 1.6 s; peak memory 304 MiB.
2026-10-09T03:13:39Z INFO [788/3350] ad07fd31-ec6b-4339-b0cd-36087aa75161: cophenetic index 2625; 2.0 s; peak memory 304 MiB.
2026-10-09T03:13:42Z INFO [789/3350] ad08a74a-6817-4d61-b8dd-93430c48292d: cophenetic index 2391; 3.2 s; peak memory 304 MiB.
2026-10-09T03:13:53Z INFO [790/3350] ad08ae4c-f896-46d9-bd5d-68c925d5cfdd: cophenetic index 163510; 11.0 s; peak memory 304 MiB.
2026-10-09T03:13:59Z INFO [791/3350] ad0a2cc4-b2d6-49da-98f9-b89e65482b73: cophenetic index 9548; 6.1 s; peak memory 304 MiB.
2026-10-09T03:14:00Z INFO [792/3350] ad0a3cdb-fc5a-419f-9df7-894505434daa: cophenetic index 2570; 1.2 s; peak memory 304 MiB.
2026-10-09T03:14:01Z INFO [793/3350] ad0aa08a-a8fe-48b3-88f1-2e4f02999a66: cophenetic index 3004; 1.3 s; peak memory 304 MiB.
2026-10-09T03:14:06Z INFO [794/3350] ad0ab892-3448-4a33-b8e4-460b2fd0f4d4: cophenetic index 16923; 4.4 s; peak memory 304 MiB.
2026-10-09T03:14:07Z INFO [795/3350] ad0aea0e-69b4-48c6-8d0d-fadf87822696: cophenetic index 3004; 1.3 s; peak memory 304 MiB.
2026-10-09T03:14:09Z INFO [796/3350] ad0e8925-cdd3-4884-a473-4907aadcd971: cophenetic index 33998; 1.6 s; peak memory 304 MiB.
2026-10-09T03:14:19Z INFO [797/3350] ad0ee844-f51e-4933-96f4-4b376acde5dd: cophenetic index 759079; 10.8 s; peak memory 304 MiB.
2026-10-09T03:14:20Z INFO [798/3350] ad0efaf6-e6da-4cba-a853-4db1994ace64: cophenetic index 733; 1.1 s; peak memory 304 MiB.
2026-10-09T03:14:22Z INFO [799/3350] ad0ff6d2-85a3-4c61-b39f-4125324592c0: cophenetic index 2570; 2.0 s; peak memory 304 MiB.
2026-10-09T03:14:24Z INFO [800/3350] ad101fc3-e810-40eb-bf97-b18ed9e648d3: cophenetic index 2923; 1.3 s; peak memory 304 MiB.
2026-10-09T03:14:24Z INFO [800/3350] ad101fc3-e810-40eb-bf97-b18ed9e648d3: checkpointed 130137 new records.
2026-10-09T03:14:25Z INFO [801/3350] ad102d41-06a3-458c-8d50-63eeaad694a1: cophenetic index 624; 1.2 s; peak memory 304 MiB.
2026-10-09T03:14:26Z INFO [802/3350] ad114a11-7b19-487c-a862-fa9d43902a0e: cophenetic index 590; 1.1 s; peak memory 304 MiB.
2026-10-09T03:14:27Z INFO [803/3350] ad11642e-c982-43e2-8cf1-aab221c90ca0: cophenetic index 624; 1.1 s; peak memory 304 MiB.
2026-10-09T03:14:29Z INFO [804/3350] ad11a3e4-20fd-4857-b1c5-a965915b22cd: cophenetic index 2570; 1.5 s; peak memory 304 MiB.
2026-10-09T03:14:30Z INFO [805/3350] ad11f6b7-caa8-458f-8c64-9ac50de6a109: cophenetic index 3087; 1.3 s; peak memory 304 MiB.
2026-10-09T03:14:34Z INFO [806/3350] ad1296eb-9482-4d9d-a643-d3ad1cd9bfd3: cophenetic index 5473; 3.5 s; peak memory 304 MiB.
2026-10-09T03:14:35Z INFO [807/3350] ad129b3a-f13d-46a3-af46-8cc298bd9728: cophenetic index 624; 1.2 s; peak memory 304 MiB.
2026-10-09T03:14:36Z INFO [808/3350] ad1303e1-60a9-489a-b115-dc751d686a75: cophenetic index 624; 1.1 s; peak memory 304 MiB.
2026-10-09T03:14:44Z INFO [809/3350] ad133a3c-9f95-4f26-9806-e65ccbe80e06: cophenetic index 14478; 7.5 s; peak memory 304 MiB.
2026-10-09T03:14:45Z INFO [810/3350] ad135e67-8b28-49f5-822c-9259864e5867: cophenetic index 690; 1.0 s; peak memory 304 MiB.
2026-10-09T03:14:47Z INFO [811/3350] ad141660-cef0-4e02-80e9-956177dd891f: cophenetic index 2654; 2.1 s; peak memory 304 MiB.
2026-10-09T03:14:55Z INFO [812/3350] ad151c90-8eec-4130-9ee1-5db0a47575e3: cophenetic index 170721; 8.6 s; peak memory 304 MiB.
2026-10-09T03:14:57Z INFO [813/3350] ad16bc2d-c07e-4a86-9f59-835e7a5f0a75: cophenetic index 3004; 1.3 s; peak memory 304 MiB.
2026-10-09T03:15:02Z INFO [814/3350] ad16eb64-9e7d-426b-8cad-aee232ff1d9d: cophenetic index 51492; 5.7 s; peak memory 304 MiB.
2026-10-09T03:15:04Z INFO [815/3350] ad16f93c-0c31-443e-a577-6f6e24894a37: cophenetic index 3004; 1.6 s; peak memory 304 MiB.
2026-10-09T03:15:07Z INFO [816/3350] ad171393-361a-48bd-bbbc-e722e645c664: cophenetic index 1255; 2.8 s; peak memory 304 MiB.
2026-10-09T03:15:08Z INFO [817/3350] ad173c21-1b0e-444a-810c-c8d5fc9081a0: cophenetic index 624; 1.2 s; peak memory 304 MiB.
2026-10-09T03:15:11Z INFO [818/3350] ad175524-09b9-47a3-835b-4a8f2b55a760: cophenetic index 3844; 3.4 s; peak memory 304 MiB.
2026-10-09T03:15:14Z INFO [819/3350] ad1814d7-252c-49e5-b056-82b41a563bbc: cophenetic index 2570; 2.4 s; peak memory 304 MiB.
2026-10-09T03:15:15Z INFO [820/3350] ad1856fc-3dd8-4104-83fa-605572e301e1: cophenetic index 490; 0.8 s; peak memory 304 MiB.
2026-10-09T03:15:17Z INFO [821/3350] ad18e807-c662-45de-89c2-148d3bfe799b: cophenetic index 6490; 2.8 s; peak memory 304 MiB.
2026-10-09T03:15:19Z INFO [822/3350] ad18eecc-b2ed-4bb6-984f-7428580ea041: cophenetic index 624; 1.1 s; peak memory 304 MiB.
2026-10-09T03:15:20Z INFO [823/3350] ad19012c-262e-4e46-b7c2-4e4d7d8dc3cd: cophenetic index 560; 1.0 s; peak memory 304 MiB.
2026-10-09T03:15:22Z INFO [824/3350] ad196b89-e8ab-4230-831d-6128cdf9d05c: cophenetic index 99138; 2.0 s; peak memory 304 MiB.
2026-10-09T03:15:23Z INFO [825/3350] ad196da6-0d75-439b-a0e6-ec053c3f64e8: cophenetic index 1006; 1.6 s; peak memory 304 MiB.
2026-10-09T03:15:24Z INFO [826/3350] ad1994a7-f6c6-40c9-a1ef-7b8f81b7fdff: cophenetic index 490; 0.9 s; peak memory 304 MiB.
2026-10-09T03:15:26Z INFO [827/3350] ad1a1be9-c281-49d1-bee1-4151aab75fab: cophenetic index 2682; 2.4 s; peak memory 304 MiB.
2026-10-09T03:15:28Z INFO [828/3350] ad1a4539-5e68-47cf-8867-640a4892b59d: cophenetic index 624; 1.1 s; peak memory 304 MiB.
2026-10-09T03:15:29Z INFO [829/3350] ad1a51da-c654-421f-8a21-10428f18e031: cophenetic index 33986; 1.8 s; peak memory 304 MiB.
2026-10-09T03:15:30Z INFO [830/3350] ad1a5218-4dd7-440d-9428-4be94e147e62: cophenetic index 490; 1.0 s; peak memory 304 MiB.
2026-10-09T03:15:32Z INFO [831/3350] ad1a797a-6db7-4704-ba5d-1ec7918e7779: cophenetic index 581; 1.2 s; peak memory 304 MiB.
2026-10-09T03:15:33Z INFO [832/3350] ad1a7d84-c90f-4be7-8c19-ce06bcb6e86b: cophenetic index 624; 1.0 s; peak memory 304 MiB.
2026-10-09T03:15:34Z INFO [833/3350] ad1a9670-99ca-4839-bbe6-1e74b37b320a: cophenetic index 3004; 1.4 s; peak memory 304 MiB.
2026-10-09T03:15:40Z INFO [834/3350] ad1b01e8-cb2c-4b4a-8ba3-a518ac590835: cophenetic index 20638; 6.4 s; peak memory 304 MiB.
2026-10-09T03:15:42Z INFO [835/3350] ad1c505d-f66b-41de-93b5-d38b24eb183d: cophenetic index 3004; 1.2 s; peak memory 304 MiB.
2026-10-09T03:15:43Z INFO [836/3350] ad1c8be8-7c6f-4af8-b522-f526e894adb9: cophenetic index 624; 1.2 s; peak memory 304 MiB.
2026-10-09T03:15:45Z INFO [837/3350] ad1cd342-a5ee-488e-8935-7ee2e32b2774: cophenetic index 2625; 1.7 s; peak memory 304 MiB.
2026-10-09T03:15:46Z INFO [838/3350] ad1ce54c-9987-441a-b481-ce28e95ac2e5: cophenetic index 3087; 1.4 s; peak memory 304 MiB.
2026-10-09T03:15:48Z INFO [839/3350] ad1d1783-63ec-4714-be28-b584c13b011f: cophenetic index 1087; 1.7 s; peak memory 304 MiB.
2026-10-09T03:15:49Z INFO [840/3350] ad1dd884-bee5-4adb-addf-d19ddb662cdf: cophenetic index 33986; 1.6 s; peak memory 304 MiB.
2026-10-09T03:15:51Z INFO [841/3350] ad1f5c9e-2b2a-442d-a809-59725e6e509a: cophenetic index 624; 1.3 s; peak memory 304 MiB.
2026-10-09T03:15:57Z INFO [842/3350] ad209b1f-197f-418c-8787-ce499db27aaa: cophenetic index 9181; 6.2 s; peak memory 304 MiB.
2026-10-09T03:15:58Z INFO [843/3350] ad20e97b-8b69-4d4f-b90b-f06f6148d29f: cophenetic index 23194; 1.4 s; peak memory 304 MiB.
2026-10-09T03:16:00Z INFO [844/3350] ad2151d1-e250-4f75-afd9-8e8669b9278d: cophenetic index 1739; 1.4 s; peak memory 304 MiB.
2026-10-09T03:16:01Z INFO [845/3350] ad21a465-2946-4d56-b4fb-b0f5cc617e0f: cophenetic index 3004; 1.4 s; peak memory 304 MiB.
2026-10-09T03:16:13Z INFO [846/3350] ad21be8a-5e2e-4010-bea7-77594f601404: cophenetic index 48665; 12.3 s; peak memory 304 MiB.
2026-10-09T03:16:15Z INFO [847/3350] ad226ec6-3f64-44e6-add8-cc47a318b8da: cophenetic index 581; 1.3 s; peak memory 304 MiB.
2026-10-09T03:16:16Z INFO [848/3350] ad229a6a-040e-4caf-ab6d-d8beee525828: cophenetic index 624; 1.2 s; peak memory 304 MiB.
2026-10-09T03:16:17Z INFO [849/3350] ad233fa7-9749-4a20-b5aa-135a1512a914: cophenetic index 690; 1.0 s; peak memory 304 MiB.
2026-10-09T03:16:18Z INFO [850/3350] ad234e83-94c8-432a-ab30-1d3110b00f3d: cophenetic index 2625; 1.4 s; peak memory 304 MiB.
2026-10-09T03:16:18Z INFO [850/3350] ad234e83-94c8-432a-ab30-1d3110b00f3d: checkpointed 130187 new records.
2026-10-09T03:16:19Z INFO [851/3350] ad23e8f6-330a-493f-8c8e-3452ef6ecaf6: cophenetic index 579; 0.9 s; peak memory 304 MiB.
2026-10-09T03:16:34Z INFO [852/3350] ad243f81-be10-4cf1-b23b-39081dce737d: cophenetic index 250060; 14.5 s; peak memory 304 MiB.
2026-10-09T03:20:02Z INFO [853/3350] ad248ad8-60dd-4a51-9d54-cd052fae4119: cophenetic index 42019484; 207.7 s; peak memory 507 MiB.
2026-10-09T03:20:10Z INFO [854/3350] ad248b59-5828-4088-8c63-0adabcf00826: cophenetic index 14699; 8.5 s; peak memory 507 MiB.
2026-10-09T03:20:12Z INFO [855/3350] ad24e979-0870-46ac-b913-ab2dc97108cf: cophenetic index 809; 2.3 s; peak memory 507 MiB.
2026-10-09T03:20:13Z INFO [856/3350] ad25a6d0-9743-40a6-9fa3-b3b325ae2e3a: cophenetic index 624; 1.1 s; peak memory 507 MiB.
2026-10-09T03:20:15Z INFO [857/3350] ad266c36-b2be-40d8-8422-74f80e260a28: cophenetic index 33986; 1.6 s; peak memory 507 MiB.
2026-10-09T03:20:16Z INFO [858/3350] ad2762a0-d639-4673-adfd-99c83912d23e: cophenetic index 624; 1.1 s; peak memory 507 MiB.
2026-10-09T03:20:18Z INFO [859/3350] ad27de3f-f9cb-4c0c-a95a-158c59d00e5e: cophenetic index 2636; 2.0 s; peak memory 507 MiB.
2026-10-09T03:20:20Z INFO [860/3350] ad27f61a-0a02-4afe-80f4-c904f9d9690d: cophenetic index 3004; 1.5 s; peak memory 507 MiB.
2026-10-09T03:20:23Z INFO [861/3350] ad286f59-8126-42e2-9a09-15d78c128885: cophenetic index 37770; 2.9 s; peak memory 507 MiB.
2026-10-09T03:20:24Z INFO [862/3350] ad29036b-e232-4540-8d1c-90e99b804f8a: cophenetic index 649; 1.2 s; peak memory 507 MiB.
2026-10-09T03:20:26Z INFO [863/3350] ad292cc1-44be-48ed-abcf-5d62fd8954ac: cophenetic index 879; 2.0 s; peak memory 507 MiB.
2026-10-09T03:20:27Z INFO [864/3350] ad2967c2-c279-4f05-89b9-8389e41ebe48: cophenetic index 624; 1.1 s; peak memory 507 MiB.
2026-10-09T03:20:28Z INFO [865/3350] ad29ba1b-1aec-4302-b50f-d95c26192494: cophenetic index 624; 1.2 s; peak memory 507 MiB.
2026-10-09T03:20:30Z INFO [866/3350] ad2a6172-a6f8-480e-998a-fb53837668bd: cophenetic index 33986; 1.6 s; peak memory 507 MiB.
2026-10-09T03:20:31Z INFO [867/3350] ad2a69e1-7b0f-44b4-8b31-87972bc5a096: cophenetic index 3004; 1.5 s; peak memory 507 MiB.
2026-10-09T03:20:33Z INFO [868/3350] ad2aa3da-e821-4679-b830-2e8f00f52df0: cophenetic index 2625; 1.8 s; peak memory 507 MiB.
2026-10-09T03:20:34Z INFO [869/3350] ad2b4806-1f6f-44ac-a396-0c27f0c1bc76: cophenetic index 581; 1.2 s; peak memory 507 MiB.
2026-10-09T03:20:36Z INFO [870/3350] ad2e5c54-342e-4dd6-94ab-839498db59cd: cophenetic index 41788; 2.2 s; peak memory 507 MiB.
2026-10-09T03:20:38Z INFO [871/3350] ad2e72d7-37f1-4dd5-ad99-41cee27fce2f: cophenetic index 624; 1.2 s; peak memory 507 MiB.
2026-10-09T03:23:00Z INFO [872/3350] ad2f36d4-4130-4b3f-aa10-30ab3a161a17: cophenetic index 30538436; 141.9 s; peak memory 507 MiB.
2026-10-09T03:23:10Z INFO [873/3350] ad306861-45e2-4340-abe4-94f389ae9332: cophenetic index 163704; 10.4 s; peak memory 507 MiB.
2026-10-09T03:23:11Z INFO [874/3350] ad306c68-c427-440e-ad78-8e7e5bf11537: cophenetic index 651; 0.8 s; peak memory 507 MiB.
2026-10-09T03:23:12Z INFO [875/3350] ad3161bc-b827-4f29-94e5-d9498d9039ff: cophenetic index 3087; 1.4 s; peak memory 507 MiB.
2026-10-09T03:23:14Z INFO [876/3350] ad317b05-4cab-4a98-a54b-d32a7cf0da16: cophenetic index 3087; 1.4 s; peak memory 507 MiB.
2026-10-09T03:23:16Z INFO [877/3350] ad31ec66-ab0a-451b-841f-b6fba1af1192: cophenetic index 2609; 2.8 s; peak memory 507 MiB.
2026-10-09T03:23:19Z INFO [878/3350] ad322f86-15f1-4f99-a3a1-bc1f372f3ca6: cophenetic index 42002; 2.3 s; peak memory 507 MiB.
2026-10-09T03:23:20Z INFO [879/3350] ad3267b7-dbb3-4eb6-8834-0b1f8f6f93fd: cophenetic index 431; 1.4 s; peak memory 507 MiB.
2026-10-09T03:23:21Z INFO [880/3350] ad328213-53e8-43d9-b951-915b48822c9b: cophenetic index 3057; 1.2 s; peak memory 507 MiB.
2026-10-09T03:23:23Z INFO [881/3350] ad32b873-19be-43e7-a3fd-1712c30a5366: cophenetic index 99120; 2.0 s; peak memory 507 MiB.
2026-10-09T03:23:25Z INFO [882/3350] ad332163-43c9-474e-ab49-d5173e502a24: cophenetic index 833; 1.8 s; peak memory 507 MiB.
2026-10-09T03:23:29Z INFO [883/3350] ad33540e-9a31-4485-b52e-4ec9848893b7: cophenetic index 13983; 3.5 s; peak memory 507 MiB.
2026-10-09T03:23:30Z INFO [884/3350] ad33b21d-8491-4a1a-ba29-1e83c723be92: cophenetic index 624; 1.3 s; peak memory 507 MiB.
2026-10-09T03:23:31Z INFO [885/3350] ad33b40a-0cd0-4752-97e7-983db3c410e0: cophenetic index 624; 1.1 s; peak memory 507 MiB.
2026-10-09T03:23:33Z INFO [886/3350] ad34aa58-4b56-4a3e-b016-c3d59bd5d210: cophenetic index 2105; 2.3 s; peak memory 507 MiB.
2026-10-09T03:23:35Z INFO [887/3350] ad350e89-a323-40a1-bed9-6be0b431828c: cophenetic index 3004; 1.8 s; peak memory 507 MiB.
2026-10-09T03:23:37Z INFO [888/3350] ad359bbe-1fdc-4ffa-964c-0f5259bdeb12: cophenetic index 33998; 1.7 s; peak memory 507 MiB.
2026-10-09T03:23:43Z INFO [889/3350] ad369508-5dc1-4725-8626-fd4be3b538ca: cophenetic index 9181; 5.7 s; peak memory 507 MiB.
2026-10-09T03:23:45Z INFO [890/3350] ad37478a-8d99-4939-8dcd-667644958d3b: cophenetic index 41788; 2.6 s; peak memory 507 MiB.
2026-10-09T03:23:47Z INFO [891/3350] ad37a119-4d53-491a-a0b0-1b614d8b6982: cophenetic index 1904; 1.4 s; peak memory 507 MiB.
2026-10-09T03:23:48Z INFO [892/3350] ad37fbb1-9d0c-4d10-b927-9992ef1797aa: cophenetic index 624; 1.2 s; peak memory 507 MiB.
2026-10-09T03:23:55Z INFO [893/3350] ad38b713-fc04-46f2-89cd-6384c96d7664: cophenetic index 87601; 7.1 s; peak memory 507 MiB.
2026-10-09T03:23:58Z INFO [894/3350] ad38eec6-a631-412d-9e23-6f1a16800a93: cophenetic index 3644; 3.0 s; peak memory 507 MiB.
2026-10-09T03:23:59Z INFO [895/3350] ad390298-f91f-41f2-868b-346455771a75: cophenetic index 624; 1.3 s; peak memory 507 MiB.
2026-10-09T03:24:00Z INFO [896/3350] ad397abe-2dd7-4ab2-adaa-188ab153c3ac: cophenetic index 729; 0.8 s; peak memory 507 MiB.
2026-10-09T03:24:02Z INFO [897/3350] ad39e249-5502-43e5-b705-b7100a5cd963: cophenetic index 33998; 2.5 s; peak memory 507 MiB.
2026-10-09T03:24:04Z INFO [898/3350] ad3a87a7-9ed9-4ef0-8535-bbc3bf39f466: cophenetic index 624; 1.3 s; peak memory 507 MiB.
2026-10-09T03:24:05Z INFO [899/3350] ad3c0397-2719-4ae7-947a-3388b723aaf8: cophenetic index 3004; 1.3 s; peak memory 507 MiB.
2026-10-09T03:24:16Z INFO [900/3350] ad3cc2b4-c53a-4397-b2de-ea71732097ec: cophenetic index 75964; 10.8 s; peak memory 507 MiB.
2026-10-09T03:24:16Z INFO [900/3350] ad3cc2b4-c53a-4397-b2de-ea71732097ec: checkpointed 130237 new records.
2026-10-09T03:24:18Z INFO [901/3350] ad3d0825-1813-4934-b8e2-b1ef6a2ee69a: cophenetic index 2625; 1.7 s; peak memory 507 MiB.
2026-10-09T03:24:20Z INFO [902/3350] ad3d8d17-648e-4d9e-92f0-097e152f1743: cophenetic index 2625; 2.1 s; peak memory 507 MiB.
2026-10-09T03:24:22Z INFO [903/3350] ad3da56f-9c8c-424f-b9bb-334f7ec35f64: cophenetic index 41788; 2.4 s; peak memory 507 MiB.
2026-10-09T03:24:30Z INFO [904/3350] ad3dfb2b-401d-44c4-9b3e-e46a1dd00f67: cophenetic index 6591; 7.4 s; peak memory 507 MiB.
2026-10-09T03:24:31Z INFO [905/3350] ad405e06-3a89-4b7a-bf21-72cf6881a972: cophenetic index 624; 1.1 s; peak memory 507 MiB.
2026-10-09T03:24:32Z INFO [906/3350] ad407da6-e04d-4edb-85cd-d2f30f400f1e: cophenetic index 413; 1.2 s; peak memory 507 MiB.
2026-10-09T03:24:34Z INFO [907/3350] ad40a994-b1f2-4970-910e-966fb4f16dea: cophenetic index 911; 1.5 s; peak memory 507 MiB.
2026-10-09T03:24:37Z INFO [908/3350] ad40efda-42d2-486f-9902-e80a3ad2cc0e: cophenetic index 5473; 3.4 s; peak memory 507 MiB.
2026-10-09T03:24:43Z INFO [909/3350] ad418b15-73e1-4136-8b46-ad9c1a5ca4b3: cophenetic index 9548; 5.6 s; peak memory 507 MiB.
2026-10-09T03:24:44Z INFO [910/3350] ad41c569-659e-4ef3-a370-2cd2130604ab: cophenetic index 3004; 1.5 s; peak memory 507 MiB.
2026-10-09T03:24:46Z INFO [911/3350] ad4379e3-acc7-450e-9ed4-ec5ccfbb491e: cophenetic index 2625; 1.5 s; peak memory 507 MiB.
2026-10-09T03:24:47Z INFO [912/3350] ad4463df-c395-450d-84a4-5f22b23b0a81: cophenetic index 2625; 1.7 s; peak memory 507 MiB.
2026-10-09T03:24:48Z INFO [913/3350] ad448979-bef9-456f-aaf4-0f57ddcf8a15: cophenetic index 1949; 1.1 s; peak memory 507 MiB.
2026-10-09T03:24:50Z INFO [914/3350] ad44f47c-5f96-44bc-b428-421b9a1ab33e: cophenetic index 624; 1.1 s; peak memory 507 MiB.
2026-10-09T03:24:51Z INFO [915/3350] ad463b06-30ef-43e6-ac1c-8e5778ee407f: cophenetic index 690; 1.0 s; peak memory 507 MiB.
2026-10-09T03:24:52Z INFO [916/3350] ad472cfb-02d7-4eca-9282-32f3a05aa3f5: cophenetic index 624; 1.2 s; peak memory 507 MiB.
2026-10-09T03:24:54Z INFO [917/3350] ad47ccab-02f3-428f-a01a-62286b42d60f: cophenetic index 30304; 1.9 s; peak memory 507 MiB.
2026-10-09T03:24:55Z INFO [918/3350] ad481aac-8c12-4eca-8382-abf37edf0e4d: cophenetic index 554; 1.4 s; peak memory 507 MiB.
2026-10-09T03:25:01Z INFO [919/3350] ad492c1a-31e4-4ae0-ab09-c274305c3cb9: cophenetic index 9548; 6.3 s; peak memory 507 MiB.
2026-10-09T03:25:03Z INFO [920/3350] ad49dae8-71bc-46b1-b95c-2822276b2868: cophenetic index 33968; 1.7 s; peak memory 507 MiB.
2026-10-09T03:25:04Z INFO [921/3350] ad49e633-c184-4beb-992f-aa8deda67ce0: cophenetic index 624; 1.2 s; peak memory 507 MiB.
2026-10-09T03:25:05Z INFO [922/3350] ad4af4c2-12a3-44a8-b096-addbcbe62652: cophenetic index 624; 1.1 s; peak memory 507 MiB.
2026-10-09T03:25:15Z INFO [923/3350] ad4bf5ce-1e45-4e2c-8b23-389f3d1af544: cophenetic index 122020; 9.9 s; peak memory 507 MiB.
2026-10-09T03:25:37Z INFO [924/3350] ad4cc3aa-2175-4a52-8dfb-20d74f394701: cophenetic index 14683896; 22.1 s; peak memory 507 MiB.
2026-10-09T03:25:39Z INFO [925/3350] ad4cfed1-3916-4ec7-b992-572599bf66c6: cophenetic index 624; 1.2 s; peak memory 507 MiB.
2026-10-09T03:25:40Z INFO [926/3350] ad4d880c-4420-44fb-9bb3-54aa6d838cdc: cophenetic index 624; 1.2 s; peak memory 507 MiB.
2026-10-09T03:25:41Z INFO [927/3350] ad4e4001-187b-4c1f-8e0b-0c6e97368ba3: cophenetic index 2625; 1.4 s; peak memory 507 MiB.
2026-10-09T03:25:42Z INFO [928/3350] ad4e9128-7513-40b7-ab08-99d7135d2aa3: cophenetic index 624; 1.1 s; peak memory 507 MiB.
2026-10-09T03:25:43Z INFO [929/3350] ad4f1a32-522d-4ade-b748-730859df7739: cophenetic index 164; 0.9 s; peak memory 507 MiB.
2026-10-09T03:25:44Z INFO [930/3350] ad4f3617-4b80-4d94-bd6d-dc676c2d4dc5: cophenetic index 2974; 1.3 s; peak memory 507 MiB.
2026-10-09T03:25:46Z INFO [931/3350] ad50646d-16fd-4c24-a837-3ee42e09fff2: cophenetic index 448; 1.2 s; peak memory 507 MiB.
2026-10-09T03:25:47Z INFO [932/3350] ad522b62-4370-49e5-93c1-f09b253da1bf: cophenetic index 3004; 1.8 s; peak memory 507 MiB.
2026-10-09T03:25:49Z INFO [933/3350] ad533a30-e07a-40fb-959b-da5076e7cca2: cophenetic index 2570; 2.0 s; peak memory 507 MiB.
2026-10-09T03:25:51Z INFO [934/3350] ad5429b4-af92-4457-b30b-00def9a9fb47: cophenetic index 605; 1.4 s; peak memory 507 MiB.
2026-10-09T03:25:52Z INFO [935/3350] ad546f2d-79df-491e-b6d5-cad150e00377: cophenetic index 2570; 1.3 s; peak memory 507 MiB.
2026-10-09T03:26:02Z INFO [936/3350] ad54852f-0477-4429-adcd-19189b5da48a: cophenetic index 395650; 10.2 s; peak memory 507 MiB.
2026-10-09T03:26:06Z INFO [937/3350] ad549c26-5048-4112-95bf-098c19f861b2: cophenetic index 5473; 3.7 s; peak memory 507 MiB.
2026-10-09T03:26:09Z INFO [938/3350] ad54dc9e-8cf9-48d7-86e1-18c1dce88e85: cophenetic index 6490; 3.1 s; peak memory 507 MiB.
2026-10-09T03:26:19Z INFO [939/3350] ad54f9bd-70d7-4c35-9d44-3a74556dc976: cophenetic index 24071; 10.1 s; peak memory 507 MiB.
2026-10-09T03:26:21Z INFO [940/3350] ad558b12-4a46-4d0c-9559-f759770e8aa0: cophenetic index 2551; 1.6 s; peak memory 507 MiB.
2026-10-09T03:26:23Z INFO [941/3350] ad588943-e213-425c-9d34-9d289a734df1: cophenetic index 33986; 1.8 s; peak memory 507 MiB.
2026-10-09T03:26:24Z INFO [942/3350] ad5891a0-b887-4138-8a4f-3fadc32f3bbe: cophenetic index 33968; 1.6 s; peak memory 507 MiB.
2026-10-09T03:26:25Z INFO [943/3350] ad5a27f4-7b17-4f1c-864d-ae17eee83e8f: cophenetic index 490; 0.9 s; peak memory 507 MiB.
2026-10-09T03:26:27Z INFO [944/3350] ad5a4d54-5852-451b-8768-703880db80d2: cophenetic index 2570; 2.0 s; peak memory 507 MiB.
2026-10-09T03:26:28Z INFO [945/3350] ad5a5ea4-3d4d-46c5-8a4b-57798630c694: cophenetic index 3004; 1.4 s; peak memory 507 MiB.
2026-10-09T03:26:30Z WARNING ad5b0970-92ee-45ed-9ade-ec72ab7c0c43: failed while reading the NWB file (KeyError: 'Unable to synchronously open object (component not found)')
2026-10-09T03:26:30Z WARNING [946/3350] ad5b0970-92ee-45ed-9ade-ec72ab7c0c43: leaving unrecorded for a later run to retry.
2026-10-09T03:26:31Z INFO [947/3350] ad5b8d17-c5aa-4c11-a2a4-4aae5cacb151: cophenetic index 624; 1.2 s; peak memory 507 MiB.
2026-10-09T03:26:33Z INFO [948/3350] ad5c8f0e-9a71-471f-a09d-ee1e89b332e5: cophenetic index 3004; 1.4 s; peak memory 507 MiB.
2026-10-09T03:26:34Z INFO [949/3350] ad5cc136-543f-4d41-9cb9-4f2a0a3dc2f8: cophenetic index 33998; 1.9 s; peak memory 507 MiB.
2026-10-09T03:26:36Z INFO [950/3350] ad5df31f-8e5e-495c-a2b5-aa8aafc35f7e: cophenetic index 624; 1.0 s; peak memory 507 MiB.
2026-10-09T03:26:36Z INFO [950/3350] ad5df31f-8e5e-495c-a2b5-aa8aafc35f7e: checkpointed 130286 new records.
2026-10-09T03:26:37Z INFO [951/3350] ad5e7d58-056e-4695-967b-e70565e19605: cophenetic index 1006; 1.7 s; peak memory 507 MiB.
2026-10-09T03:26:39Z INFO [952/3350] ad5f0e09-ba47-4b1a-aa41-d026ef77696f: cophenetic index 649; 1.2 s; peak memory 507 MiB.
2026-10-09T03:26:45Z INFO [953/3350] ad5f37e2-ceec-45de-a130-719c237fc79f: cophenetic index 47467; 6.2 s; peak memory 507 MiB.
2026-10-09T03:26:46Z INFO [954/3350] ad5fdfb5-c719-4eef-8722-28c6de66e937: cophenetic index 766; 1.4 s; peak memory 507 MiB.
2026-10-09T03:26:47Z INFO [955/3350] ad60e5c2-1fa2-458c-b872-c1fa19420106: cophenetic index 164; 0.8 s; peak memory 507 MiB.
2026-10-09T03:26:53Z INFO [956/3350] ad60e704-60eb-4d6d-aece-7c95a649acd6: cophenetic index 42517; 5.6 s; peak memory 507 MiB.
2026-10-09T03:26:54Z INFO [957/3350] ad613799-b0c2-4931-82a8-1fb64aaf137b: cophenetic index 624; 1.1 s; peak memory 507 MiB.
2026-10-09T03:27:16Z INFO [958/3350] ad61b5c0-f853-4707-b2dc-5225eaf77faa: cophenetic index 11799722; 22.4 s; peak memory 507 MiB.
2026-10-09T03:27:18Z INFO [959/3350] ad6218b7-2326-44c2-a2ca-ecfa526ade90: cophenetic index 3004; 1.5 s; peak memory 507 MiB.
2026-10-09T03:27:19Z INFO [960/3350] ad62767d-0189-49d9-83a2-1025e3af3b2b: cophenetic index 3087; 1.2 s; peak memory 507 MiB.
2026-10-09T03:27:20Z INFO [961/3350] ad627949-625c-4b0e-8c22-b99eb8bcbb48: cophenetic index 937; 1.4 s; peak memory 507 MiB.
2026-10-09T03:27:22Z INFO [962/3350] ad635944-51cc-4d40-aa16-33043e6225c9: cophenetic index 2625; 1.7 s; peak memory 507 MiB.
2026-10-09T03:27:24Z INFO [963/3350] ad63c1e4-0b23-4078-92bc-bc8f68a7a9e1: cophenetic index 1400; 1.7 s; peak memory 507 MiB.
2026-10-09T03:27:25Z INFO [964/3350] ad6652fe-ff5a-4f93-8e09-cc50dda8c86a: cophenetic index 2932; 1.7 s; peak memory 507 MiB.
2026-10-09T03:27:27Z INFO [965/3350] ad66d608-26c7-44f3-ab50-e5e7cacdb8bb: cophenetic index 2974; 1.4 s; peak memory 507 MiB.
2026-10-09T03:27:32Z INFO [966/3350] ad673308-b073-4c45-9fd4-de0090c32f63: cophenetic index 9548; 5.5 s; peak memory 507 MiB.
2026-10-09T03:27:34Z INFO [967/3350] ad675ae1-3b1d-4b25-8d08-93d142ee8505: cophenetic index 3004; 1.4 s; peak memory 507 MiB.
2026-10-09T03:27:35Z INFO [968/3350] ad67d5d4-3764-405f-8a14-8b3b49f929a0: cophenetic index 791; 1.3 s; peak memory 507 MiB.
2026-10-09T03:27:37Z INFO [969/3350] ad687453-012a-4cba-94f8-787211ece40b: cophenetic index 3004; 1.4 s; peak memory 507 MiB.
2026-10-09T03:27:38Z INFO [970/3350] ad69088c-4340-481c-b9c4-0f796b12fceb: cophenetic index 624; 1.0 s; peak memory 507 MiB.
2026-10-09T03:27:39Z INFO [971/3350] ad696d33-e06b-4e03-919d-1e6736d2f3aa: cophenetic index 494; 1.1 s; peak memory 507 MiB.
2026-10-09T03:27:41Z INFO [972/3350] ad69ce52-0975-48b3-a9f9-0c87e8a45c8d: cophenetic index 895; 2.3 s; peak memory 507 MiB.
2026-10-09T03:27:42Z INFO [973/3350] ad6a4714-3f0c-4c62-8509-af4c27b5f905: cophenetic index 624; 1.0 s; peak memory 507 MiB.
2026-10-09T03:27:44Z INFO [974/3350] ad6a7083-4af4-42fc-ad91-8d15a5cd5b49: cophenetic index 33968; 1.8 s; peak memory 507 MiB.
2026-10-09T03:27:45Z INFO [975/3350] ad6a7ee9-0014-4dd4-a898-a32a609c8f76: cophenetic index 625; 0.9 s; peak memory 507 MiB.
2026-10-09T03:27:46Z INFO [976/3350] ad6b13cc-3f8d-4c9e-8b0e-5d96ef9cb2ea: cophenetic index 624; 1.1 s; peak memory 507 MiB.
2026-10-09T03:27:53Z INFO [977/3350] ad6b7bd8-0836-4e3d-9f4f-e285c82aabde: cophenetic index 62586; 6.8 s; peak memory 507 MiB.
2026-10-09T03:27:55Z INFO [978/3350] ad6c416f-9ab4-49df-9234-8f36a599fd93: cophenetic index 797; 2.1 s; peak memory 507 MiB.
2026-10-09T03:27:56Z INFO [979/3350] ad6c661d-19c6-44a6-a32b-d7caffdb0464: cophenetic index 1751; 1.6 s; peak memory 507 MiB.
2026-10-09T03:27:57Z INFO [980/3350] ad6caa7b-b8eb-47ec-8436-5aa9cb051f8d: cophenetic index 624; 1.2 s; peak memory 507 MiB.
2026-10-09T03:27:58Z INFO [981/3350] ad6deef3-698f-459a-aedd-4a408e690408: cophenetic index 579; 0.9 s; peak memory 507 MiB.
2026-10-09T03:27:59Z INFO [982/3350] ad6f6a8d-767b-43f0-affc-8bce404da064: cophenetic index 490; 0.9 s; peak memory 507 MiB.
2026-10-09T03:28:00Z INFO [983/3350] ad707354-8602-433a-923b-2751f60fffcc: cophenetic index 624; 1.0 s; peak memory 507 MiB.
2026-10-09T03:28:02Z INFO [984/3350] ad70c3d7-8bc5-471c-923d-c108f38926f6: cophenetic index 621; 1.5 s; peak memory 507 MiB.
2026-10-09T03:28:04Z INFO [985/3350] ad70d4af-28d4-4980-8b12-46c8722270ca: cophenetic index 815; 1.9 s; peak memory 507 MiB.
2026-10-09T03:28:05Z INFO [986/3350] ad731979-f50e-4c94-b396-f64bf9210fd0: cophenetic index 624; 1.1 s; peak memory 507 MiB.
2026-10-09T03:28:07Z INFO [987/3350] ad733b1c-201f-4568-8262-64e79992a803: cophenetic index 2477; 2.5 s; peak memory 507 MiB.
2026-10-09T03:28:09Z INFO [988/3350] ad735c3e-f96f-4258-bd43-1198e983f9ac: cophenetic index 605; 1.4 s; peak memory 507 MiB.
2026-10-09T03:28:09Z INFO [989/3350] ad735d7c-c22d-42f5-b740-9ef24c37800e: cophenetic index 490; 0.8 s; peak memory 507 MiB.
2026-10-09T03:28:15Z INFO [990/3350] ad7585de-f010-478d-b9ce-d67101a51884: cophenetic index 45000; 5.7 s; peak memory 507 MiB.
2026-10-09T03:28:17Z INFO [991/3350] ad75e85f-817a-4333-8d6f-2801f192a809: cophenetic index 3004; 1.4 s; peak memory 507 MiB.
2026-10-09T03:28:18Z INFO [992/3350] ad76f5eb-9d67-405b-8593-f984e1a3bfa5: cophenetic index 624; 1.1 s; peak memory 507 MiB.
2026-10-09T03:28:20Z INFO [993/3350] ad795826-02a3-4255-9f3d-caf15471fa46: cophenetic index 33986; 1.9 s; peak memory 507 MiB.
2026-10-09T03:28:20Z INFO [994/3350] ad797aca-4670-4c74-8fd1-24ccef8f31ec: cophenetic index 761; 0.9 s; peak memory 507 MiB.
2026-10-09T03:28:22Z INFO [995/3350] ad79940f-0357-41a5-907d-fdbf4194a8fe: cophenetic index 431; 1.2 s; peak memory 507 MiB.
2026-10-09T03:28:23Z INFO [996/3350] ad799fd8-9bae-4fc5-979a-21be58e8db62: cophenetic index 624; 1.2 s; peak memory 507 MiB.
2026-10-09T03:28:24Z INFO [997/3350] ad7a4361-1bf3-4c9d-99e7-7d7689344908: cophenetic index 624; 1.0 s; peak memory 507 MiB.
2026-10-09T03:28:25Z INFO [998/3350] ad7b1777-9dcc-4af8-92a0-4e88f0ed81c7: cophenetic index 605; 1.5 s; peak memory 507 MiB.
2026-10-09T03:28:27Z INFO [999/3350] ad7b70ec-372e-4534-b965-058e0418ab03: cophenetic index 2625; 1.5 s; peak memory 507 MiB.
2026-10-09T03:28:28Z INFO [1000/3350] ad7ce85d-c907-4b8f-96dc-8da6a9f5bc91: cophenetic index 33986; 1.4 s; peak memory 507 MiB.
2026-10-09T03:28:29Z INFO [1000/3350] ad7ce85d-c907-4b8f-96dc-8da6a9f5bc91: checkpointed 130336 new records.
2026-10-09T03:28:30Z INFO [1001/3350] ad7d2d1a-fc4a-4719-b1e6-e34dfc31de45: cophenetic index 624; 1.1 s; peak memory 507 MiB.
2026-10-09T03:28:31Z INFO [1002/3350] ad7d3f26-2ad3-4b45-b3ca-a986e228fc52: cophenetic index 569; 1.3 s; peak memory 507 MiB.
2026-10-09T03:28:33Z INFO [1003/3350] ad7d5647-7ac2-4cab-a90a-1eb58862adfe: cophenetic index 33968; 1.8 s; peak memory 507 MiB.
2026-10-09T03:28:33Z INFO [1004/3350] ad7d80dd-53fa-43f0-8c90-7e0afc6113ba: cophenetic index 729; 0.8 s; peak memory 507 MiB.
2026-10-09T03:28:35Z INFO [1005/3350] ad7d8526-f1e1-4534-9ac2-b38df1c311d3: cophenetic index 2570; 1.3 s; peak memory 507 MiB.
2026-10-09T03:28:36Z INFO [1006/3350] ad7daa62-20de-4e33-975c-c6e2fa981899: cophenetic index 3087; 1.3 s; peak memory 507 MiB.
2026-10-09T03:28:38Z INFO [1007/3350] ad7dd06c-3a5d-4ff4-a1fd-012c06c22562: cophenetic index 23711; 1.4 s; peak memory 507 MiB.
2026-10-09T03:28:39Z INFO [1008/3350] ad7e0ee3-5201-40b8-83f2-b635b8a7ce50: cophenetic index 2840; 1.2 s; peak memory 507 MiB.
2026-10-09T03:28:40Z INFO [1009/3350] ad7e57c8-4be9-46b3-9fc3-0ef8943527d8: cophenetic index 2625; 1.5 s; peak memory 507 MiB.
2026-10-09T03:28:43Z INFO [1010/3350] ad7e6386-af3b-49a4-9815-31d912a4ca90: cophenetic index 2056; 2.4 s; peak memory 507 MiB.
2026-10-09T03:28:44Z INFO [1011/3350] ad7eecb0-f9e8-4ffe-824f-24c793c54a3d: cophenetic index 33986; 1.8 s; peak memory 507 MiB.
2026-10-09T03:28:46Z INFO [1012/3350] ad7fa3e3-6274-4dae-b787-566205eaf962: cophenetic index 625; 1.2 s; peak memory 507 MiB.
2026-10-09T03:28:52Z INFO [1013/3350] ad7fe55d-0c6a-4e0e-b635-c1eaffdf45b6: cophenetic index 9548; 6.0 s; peak memory 507 MiB.
2026-10-09T03:28:53Z INFO [1014/3350] ad809a87-d106-493a-a492-922453fdd3ed: cophenetic index 651; 0.9 s; peak memory 507 MiB.
2026-10-09T03:28:56Z INFO [1015/3350] ad80efc8-ff89-4da2-aaf4-0273ddc6949b: cophenetic index 2469; 3.3 s; peak memory 507 MiB.
2026-10-09T03:28:57Z INFO [1016/3350] ad80f41d-7cce-4b29-b885-d3759136baab: cophenetic index 624; 1.2 s; peak memory 507 MiB.
2026-10-09T03:29:08Z INFO [1017/3350] ad82bce5-c28d-4ce9-b02e-0ddda8173b10: cophenetic index 18691; 10.9 s; peak memory 507 MiB.
2026-10-09T03:29:11Z INFO [1018/3350] ad82c0a1-e09f-4923-9384-523653dd4046: cophenetic index 106940; 2.8 s; peak memory 507 MiB.
2026-10-09T03:29:12Z INFO [1019/3350] ad82f85b-0abd-403b-9422-f7979ffe7732: cophenetic index 624; 1.3 s; peak memory 507 MiB.
2026-10-09T03:29:14Z INFO [1020/3350] ad832dba-c0d8-46b2-affe-a113c0ca3da3: cophenetic index 626; 1.6 s; peak memory 507 MiB.
2026-10-09T03:29:17Z INFO [1021/3350] ad839717-2ad6-4672-9bc6-7daf37240589: cophenetic index 5473; 3.5 s; peak memory 507 MiB.
2026-10-09T03:29:18Z INFO [1022/3350] ad84b751-eb04-40e5-b5ef-95bad6a2f876: cophenetic index 624; 1.2 s; peak memory 507 MiB.
2026-10-09T03:29:20Z INFO [1023/3350] ad85f6bf-ce13-4dcc-89ad-651cf3ffe92d: cophenetic index 3087; 1.4 s; peak memory 507 MiB.
2026-10-09T03:29:21Z INFO [1024/3350] ad85f981-921a-4b93-ac34-297582ad02a6: cophenetic index 431; 1.3 s; peak memory 507 MiB.
2026-10-09T03:29:22Z INFO [1025/3350] ad863845-164a-4556-b2b6-f72432c83819: cophenetic index 3004; 1.3 s; peak memory 507 MiB.
2026-10-09T03:29:23Z INFO [1026/3350] ad868843-f57a-4706-abe0-8c287628be18: cophenetic index 3057; 1.2 s; peak memory 507 MiB.
2026-10-09T03:29:30Z INFO [1027/3350] ad86cf1f-533b-4fbe-8fce-31c570797424: cophenetic index 65876; 6.1 s; peak memory 507 MiB.
2026-10-09T03:29:32Z INFO [1028/3350] ad87399c-6034-4b96-8bdb-8a2b409a5826: cophenetic index 1378; 2.2 s; peak memory 507 MiB.
2026-10-09T03:29:33Z INFO [1029/3350] ad888f8d-4785-4e93-8b48-59f4625b5474: cophenetic index 494; 1.0 s; peak memory 507 MiB.
2026-10-09T03:29:34Z INFO [1030/3350] ad88fae0-fa7f-434d-8944-6d19c29ee09f: cophenetic index 626; 1.4 s; peak memory 507 MiB.
2026-10-09T03:29:36Z INFO [1031/3350] ad8a3fb9-1c78-4a18-ad1e-90f0d180c829: cophenetic index 33968; 1.8 s; peak memory 507 MiB.
2026-10-09T03:29:37Z INFO [1032/3350] ad8a9f41-c2be-4e81-af9a-51cd73e32584: cophenetic index 649; 1.2 s; peak memory 507 MiB.
2026-10-09T03:29:39Z INFO [1033/3350] ad8ad1fa-403f-4067-98fb-9cfe8bdfe315: cophenetic index 3192; 1.5 s; peak memory 507 MiB.
2026-10-09T03:29:40Z INFO [1034/3350] ad8b705a-9e75-46f7-8263-da5b1f1574ff: cophenetic index 2625; 1.8 s; peak memory 507 MiB.
2026-10-09T03:29:41Z INFO [1035/3350] ad8bc4fc-cb53-479d-b9bd-56b3f28f7e5f: cophenetic index 490; 0.8 s; peak memory 507 MiB.
2026-10-09T03:29:42Z INFO [1036/3350] ad8c4f20-e153-4e76-b590-2cf092044b74: cophenetic index 624; 1.1 s; peak memory 507 MiB.
2026-10-09T03:29:49Z INFO [1037/3350] ad8d2d9f-daea-4153-9ca7-2dbd442b30bc: cophenetic index 87573; 6.9 s; peak memory 507 MiB.
2026-10-09T03:29:51Z INFO [1038/3350] ad8d45e0-3db2-4cbe-8597-9833b56c709c: cophenetic index 3004; 1.4 s; peak memory 507 MiB.
2026-10-09T03:29:52Z INFO [1039/3350] ad8d71fd-2eee-4412-a5ce-8c73749bd919: cophenetic index 624; 1.2 s; peak memory 507 MiB.
2026-10-09T03:29:53Z INFO [1040/3350] ad8d7712-4f47-4d5d-911b-be2a065ddf26: cophenetic index 2974; 1.4 s; peak memory 507 MiB.
2026-10-09T03:29:55Z INFO [1041/3350] ad8d7e70-f5f4-4bd4-b346-157bcae542cf: cophenetic index 2625; 1.6 s; peak memory 507 MiB.
2026-10-09T03:29:56Z INFO [1042/3350] ad8e1e9d-3b65-44f2-b2be-ee6161780d57: cophenetic index 3087; 1.4 s; peak memory 507 MiB.
2026-10-09T03:29:57Z INFO [1043/3350] ad8e31c6-756b-4c46-9ab8-2725f31f4239: cophenetic index 681; 0.9 s; peak memory 507 MiB.
2026-10-09T03:29:58Z INFO [1044/3350] ad8e442b-fb28-43b3-9cea-f29430a7bc25: cophenetic index 507; 1.1 s; peak memory 507 MiB.
2026-10-09T03:30:00Z INFO [1045/3350] ad8e58d8-b2ab-44fd-a778-5846db249e50: cophenetic index 3087; 1.3 s; peak memory 507 MiB.
2026-10-09T03:30:01Z INFO [1046/3350] ad8e6108-1d9b-4dd6-9519-57b207497665: cophenetic index 624; 1.1 s; peak memory 507 MiB.
2026-10-09T03:30:02Z INFO [1047/3350] ad8e8c57-f40b-4052-be8c-4d0c9a337d51: cophenetic index 3057; 1.3 s; peak memory 507 MiB.
2026-10-09T03:30:03Z INFO [1048/3350] ad8f4035-8684-419f-8266-e42e9b4aecf9: cophenetic index 619; 1.1 s; peak memory 507 MiB.
2026-10-09T03:30:04Z INFO [1049/3350] ad90de6f-dbc8-4563-890d-8692eb60569b: cophenetic index 624; 1.1 s; peak memory 507 MiB.
2026-10-09T03:30:15Z INFO [1050/3350] ad912b31-742f-4297-b71d-c76a754ce5bc: cophenetic index 34862; 10.8 s; peak memory 507 MiB.
2026-10-09T03:30:15Z INFO [1050/3350] ad912b31-742f-4297-b71d-c76a754ce5bc: checkpointed 130386 new records.
2026-10-09T03:30:24Z INFO [1051/3350] ad9141f8-4121-43c4-a28f-f9333fc9736b: cophenetic index 14478; 8.9 s; peak memory 507 MiB.
2026-10-09T03:30:26Z INFO [1052/3350] ad91b0cc-728a-4615-8681-3b2b6b82af76: cophenetic index 466; 1.4 s; peak memory 507 MiB.
2026-10-09T03:30:27Z INFO [1053/3350] ad91bea7-dca1-4e7a-b13c-975a9f292b46: cophenetic index 972; 1.8 s; peak memory 507 MiB.
2026-10-09T03:30:54Z INFO [1054/3350] ad91d41f-dd49-4d31-bdb5-c70a362b1654: cophenetic index 3143763; 26.8 s; peak memory 507 MiB.
2026-10-09T03:30:56Z INFO [1055/3350] ad92b9da-c2c6-471f-9020-7aa252c3871d: cophenetic index 649; 1.4 s; peak memory 507 MiB.
2026-10-09T03:31:02Z INFO [1056/3350] ad92bd9d-c7de-4418-a27f-b274ca8c86eb: cophenetic index 5466; 6.7 s; peak memory 507 MiB.
2026-10-09T03:31:03Z INFO [1057/3350] ad931820-ea3e-40c7-902d-22f719de1d6d: cophenetic index 690; 1.1 s; peak memory 507 MiB.
2026-10-09T03:31:05Z INFO [1058/3350] ad936a28-db4e-435b-b180-2470115e8495: cophenetic index 624; 1.1 s; peak memory 507 MiB.
2026-10-09T03:31:06Z INFO [1059/3350] ad93c542-3f3b-4231-a0db-9c6645fcf59a: cophenetic index 490; 1.0 s; peak memory 507 MiB.
2026-10-09T03:31:08Z INFO [1060/3350] ad9433da-d7ad-4a25-a6fa-cf3550419ef8: cophenetic index 107282; 2.3 s; peak memory 507 MiB.
2026-10-09T03:31:11Z INFO [1061/3350] ad94683b-67d1-40a7-a900-1ecf51cb300a: cophenetic index 1929; 2.7 s; peak memory 507 MiB.
2026-10-09T03:31:12Z INFO [1062/3350] ad9509a1-8fa1-476b-8a7e-2f9ef913b31b: cophenetic index 3004; 1.5 s; peak memory 507 MiB.
2026-10-09T03:31:13Z INFO [1063/3350] ad95d0d8-dbc3-4fdd-9a22-a168ae4be515: cophenetic index 741; 1.0 s; peak memory 507 MiB.
2026-10-09T03:31:15Z INFO [1064/3350] ad961da3-5cfe-4db8-815c-5159123abb29: cophenetic index 1751; 1.8 s; peak memory 507 MiB.
2026-10-09T03:31:16Z INFO [1065/3350] ad96ccde-976f-4ed1-b3cd-439174990bb2: cophenetic index 3004; 1.4 s; peak memory 507 MiB.
2026-10-09T03:31:18Z INFO [1066/3350] ad975f7a-68c8-41e0-b63a-4c1e54d74ed8: cophenetic index 624; 1.2 s; peak memory 507 MiB.
2026-10-09T03:31:20Z INFO [1067/3350] ad9966a7-5380-4789-b595-e9d68deea015: cophenetic index 2402; 2.6 s; peak memory 507 MiB.
2026-10-09T03:31:22Z INFO [1068/3350] ad9a06af-07f5-4770-bafb-20a8338d62f8: cophenetic index 2625; 1.7 s; peak memory 507 MiB.
2026-10-09T03:31:23Z INFO [1069/3350] ad9ae262-9b4e-464f-be37-be1df35cb827: cophenetic index 581; 1.4 s; peak memory 507 MiB.
2026-10-09T03:31:26Z INFO [1070/3350] ad9b0a66-545c-4a2a-ad18-06c2dbc9a776: cophenetic index 2682; 2.3 s; peak memory 507 MiB.
2026-10-09T03:31:26Z INFO [1071/3350] ad9b487d-7d6d-46e7-b133-a698ff2334c5: cophenetic index 490; 0.9 s; peak memory 507 MiB.
2026-10-09T03:31:28Z INFO [1072/3350] ad9b5346-010e-45f5-80f8-76d239cac7b9: cophenetic index 99138; 2.0 s; peak memory 507 MiB.
2026-10-09T03:31:31Z INFO [1073/3350] ad9b5d77-5803-4ad5-8fc2-cb2e88255632: cophenetic index 2609; 2.3 s; peak memory 507 MiB.
2026-10-09T03:31:32Z INFO [1074/3350] ad9bb29e-cfac-4967-9e53-332acb52b790: cophenetic index 458; 1.5 s; peak memory 507 MiB.
2026-10-09T03:31:41Z INFO [1075/3350] ad9bcd10-467e-455b-a117-c087f4070d28: cophenetic index 16035; 8.3 s; peak memory 507 MiB.
2026-10-09T03:31:44Z INFO [1076/3350] ad9ca46e-3098-431e-a79f-21f491e5ce14: cophenetic index 5473; 3.6 s; peak memory 507 MiB.
2026-10-09T03:31:46Z INFO [1077/3350] ad9eab1d-3650-4c5f-87a8-1027d8e921e3: cophenetic index 3087; 1.4 s; peak memory 507 MiB.
2026-10-09T03:31:53Z INFO [1078/3350] ad9eb83e-0671-4250-bfb4-3be45392733f: cophenetic index 95515; 7.7 s; peak memory 507 MiB.
2026-10-09T03:31:54Z INFO [1079/3350] ad9f3d42-a730-4605-8664-a20e235143a9: cophenetic index 690; 1.1 s; peak memory 507 MiB.
2026-10-09T03:31:56Z INFO [1080/3350] ad9f6839-3eea-4ede-84d2-0bfeb1ef4315: cophenetic index 624; 1.2 s; peak memory 507 MiB.
2026-10-09T03:32:09Z INFO [1081/3350] ad9fab66-2328-40d4-88a0-7557e18520ee: cophenetic index 49912; 13.4 s; peak memory 507 MiB.
2026-10-09T03:32:10Z INFO [1082/3350] ad9fbf0e-2fdb-4203-a7f9-9cb148c9e11b: cophenetic index 2923; 1.3 s; peak memory 507 MiB.
2026-10-09T03:32:15Z INFO [1083/3350] ada011fc-e8d0-4f2b-9a8c-3fab44e92095: cophenetic index 1850; 4.6 s; peak memory 507 MiB.
2026-10-09T03:32:22Z INFO [1084/3350] ada21eef-694b-4158-af5e-16499648d828: cophenetic index 72476; 6.8 s; peak memory 507 MiB.
2026-10-09T03:33:22Z INFO [1085/3350] ada26d3f-9a48-46d9-8971-9dd8863a8a53: cophenetic index 4273371; 60.0 s; peak memory 507 MiB.
2026-10-09T03:33:25Z INFO [1086/3350] ada3a6de-502a-42b4-8847-e17985de9111: cophenetic index 6636; 3.1 s; peak memory 507 MiB.
2026-10-09T03:33:30Z INFO [1087/3350] ada40ee3-6f91-4ff0-a8d8-a9e8ba98ef36: cophenetic index 3945; 4.9 s; peak memory 507 MiB.
2026-10-09T03:33:40Z INFO [1088/3350] ada54b84-1be9-42f2-baff-579611110483: cophenetic index 20749; 10.6 s; peak memory 507 MiB.
2026-10-09T03:33:42Z INFO [1089/3350] ada553aa-9747-4257-8bb7-127234cf79d5: cophenetic index 2625; 1.8 s; peak memory 507 MiB.
2026-10-09T03:33:44Z INFO [1090/3350] ada5faf4-a588-41ca-9743-5ccc170e2e10: cophenetic index 517; 1.3 s; peak memory 507 MiB.
2026-10-09T03:33:50Z INFO [1091/3350] ada67b1f-58d7-4fba-9fd2-c2a450b0dbc7: cophenetic index 71145; 6.9 s; peak memory 507 MiB.
2026-10-09T03:33:54Z INFO [1092/3350] ada68a41-9a20-4b08-b914-a5dbd21ac0b9: cophenetic index 5486; 3.3 s; peak memory 507 MiB.
2026-10-09T03:33:55Z INFO [1093/3350] ada695f5-c881-4b20-858f-1ddecd884d5f: cophenetic index 624; 1.3 s; peak memory 507 MiB.
2026-10-09T03:33:59Z INFO [1094/3350] ada6dbcc-b0ad-4636-96e1-d8881543cb52: cophenetic index 3045; 3.7 s; peak memory 507 MiB.
2026-10-09T03:34:11Z INFO [1095/3350] ada716eb-2098-4b9d-b64a-481446b6052a: cophenetic index 48355; 12.3 s; peak memory 507 MiB.
2026-10-09T03:34:12Z INFO [1096/3350] ada80ebe-1e60-4dfb-a7b9-46f4ab54f8bf: cophenetic index 3004; 1.3 s; peak memory 507 MiB.
2026-10-09T03:34:16Z INFO [1097/3350] ada87709-b76f-4afc-9851-5939430abee8: cophenetic index 1733; 4.0 s; peak memory 507 MiB.
2026-10-09T03:38:32Z INFO [1098/3350] ada8a50a-8583-4172-af1a-6d4235a5ebb6: cophenetic index 199537106; 255.9 s; peak memory 633 MiB.
2026-10-09T03:38:34Z INFO [1099/3350] ada8c65f-c8bd-4cb0-a835-9055e123ca34: cophenetic index 3004; 1.6 s; peak memory 633 MiB.
2026-10-09T03:38:35Z INFO [1100/3350] ada9dbbc-0da8-48cc-9752-32ccb80c6cd9: cophenetic index 624; 1.2 s; peak memory 633 MiB.
2026-10-09T03:38:35Z INFO [1100/3350] ada9dbbc-0da8-48cc-9752-32ccb80c6cd9: checkpointed 130436 new records.
2026-10-09T03:38:36Z INFO [1101/3350] adaa9a33-ec07-4363-a50f-e0a50ffaf745: cophenetic index 539; 1.3 s; peak memory 633 MiB.
2026-10-09T03:38:38Z INFO [1102/3350] adabd591-7acb-4d70-9bd9-6ce57b205529: cophenetic index 3004; 1.6 s; peak memory 633 MiB.
2026-10-09T03:38:40Z INFO [1103/3350] adac3d99-f36d-477c-a87a-1adadd124c99: cophenetic index 2682; 2.2 s; peak memory 633 MiB.
2026-10-09T03:38:41Z INFO [1104/3350] adaca4b8-23a9-4646-b3cc-7c583e5bf8be: cophenetic index 624; 1.1 s; peak memory 633 MiB.
2026-10-09T03:38:43Z INFO [1105/3350] adad2a52-dc31-40f6-bf4b-02838de32b5d: cophenetic index 624; 1.3 s; peak memory 633 MiB.
2026-10-09T03:38:44Z INFO [1106/3350] adada6c0-0e4d-4cda-82c2-86981b7fc01f: cophenetic index 766; 1.3 s; peak memory 633 MiB.
2026-10-09T03:38:45Z INFO [1107/3350] adae81fe-e521-4a4e-ae38-a5189f6b9239: cophenetic index 751; 0.8 s; peak memory 633 MiB.
2026-10-09T03:38:46Z INFO [1108/3350] adaeb85f-5c94-42c4-976a-d788709fd1ee: cophenetic index 401; 0.9 s; peak memory 633 MiB.
2026-10-09T03:38:49Z INFO [1109/3350] adb03b41-e530-4f52-9369-015ec70154bf: cophenetic index 2402; 2.8 s; peak memory 633 MiB.
2026-10-09T03:38:50Z INFO [1110/3350] adb08d4b-a7fc-4163-8c62-bd5e78f6f82c: cophenetic index 2724; 1.9 s; peak memory 633 MiB.
2026-10-09T03:38:52Z INFO [1111/3350] adb175ec-7a3b-40e0-b8db-353c85403adb: cophenetic index 624; 1.1 s; peak memory 633 MiB.
2026-10-09T03:38:53Z INFO [1112/3350] adb1a9e3-d2e8-4554-84d8-3d95eecf0d1e: cophenetic index 581; 1.3 s; peak memory 633 MiB.
2026-10-09T03:38:55Z INFO [1113/3350] adb1c879-a315-447d-8cae-5785af35bcfa: cophenetic index 2570; 1.8 s; peak memory 633 MiB.
2026-10-09T03:38:56Z INFO [1114/3350] adb22735-036e-4bb9-87f2-20673f2bce6a: cophenetic index 3004; 1.3 s; peak memory 633 MiB.
2026-10-09T03:38:57Z INFO [1115/3350] adb25853-cdd2-4908-bd96-5e472100b371: cophenetic index 3087; 1.5 s; peak memory 633 MiB.
2026-10-09T03:38:58Z INFO [1116/3350] adb26e66-58bc-475a-a9c9-f29b153f2e84: cophenetic index 624; 1.0 s; peak memory 633 MiB.
2026-10-09T03:39:00Z INFO [1117/3350] adb27b5e-0722-4b52-ba9f-31003a48a082: cophenetic index 624; 1.2 s; peak memory 633 MiB.
2026-10-09T03:39:01Z INFO [1118/3350] adb35732-d383-4a05-8b9d-61781dc05331: cophenetic index 2920; 1.2 s; peak memory 633 MiB.
2026-10-09T03:39:02Z INFO [1119/3350] adb36afa-b019-4283-b431-280dc4cc267a: cophenetic index 2625; 1.6 s; peak memory 633 MiB.
2026-10-09T03:39:04Z INFO [1120/3350] adb3fafe-c35b-4894-8553-e544efbb67c5: cophenetic index 2625; 1.6 s; peak memory 633 MiB.
2026-10-09T03:39:05Z INFO [1121/3350] adb412d3-f37a-40aa-a320-9b94c559add6: cophenetic index 624; 1.1 s; peak memory 633 MiB.
2026-10-09T03:39:07Z INFO [1122/3350] adb41454-206f-490a-83ff-a155ac739c22: cophenetic index 33998; 1.7 s; peak memory 633 MiB.
2026-10-09T03:39:09Z INFO [1123/3350] adb47412-544a-430f-a0be-f0337553c18f: cophenetic index 809; 2.2 s; peak memory 633 MiB.
2026-10-09T03:39:11Z INFO [1124/3350] adb53bf4-45cf-4466-b1da-dc62d13dc2f7: cophenetic index 2625; 1.7 s; peak memory 633 MiB.
2026-10-09T03:39:14Z INFO [1125/3350] adb54be1-e940-4267-b8c8-dfe4a039e395: cophenetic index 11862; 3.2 s; peak memory 633 MiB.
2026-10-09T03:39:15Z INFO [1126/3350] adb64a81-4e6d-484f-901c-6fabb556f702: cophenetic index 3087; 1.3 s; peak memory 633 MiB.
2026-10-09T03:39:17Z INFO [1127/3350] adb6aa73-8e1b-470d-9ffe-96a51290ce90: cophenetic index 3087; 1.6 s; peak memory 633 MiB.
2026-10-09T03:39:18Z INFO [1128/3350] adb73b01-7482-4a6e-87f9-fdfb64d53a38: cophenetic index 722; 1.2 s; peak memory 633 MiB.
2026-10-09T03:39:19Z INFO [1129/3350] adb74d99-d626-436f-80fb-371d2d6a0a8a: cophenetic index 624; 1.2 s; peak memory 633 MiB.
2026-10-09T03:39:20Z INFO [1130/3350] adb78925-3fe8-43b4-be90-8556202620f8: cophenetic index 605; 1.3 s; peak memory 633 MiB.
2026-10-09T03:39:22Z INFO [1131/3350] adb7ab25-c87d-4e5a-a86c-38618ccd379f: cophenetic index 624; 1.1 s; peak memory 633 MiB.
2026-10-09T03:39:23Z INFO [1132/3350] adb821d4-6a65-49f8-817e-b3c796894c72: cophenetic index 3057; 1.3 s; peak memory 633 MiB.
2026-10-09T03:39:26Z INFO [1133/3350] adb84270-b2c7-4b07-be67-49299fbf28cd: cophenetic index 688; 2.7 s; peak memory 633 MiB.
2026-10-09T03:39:30Z INFO [1134/3350] adb8951d-c422-405c-892d-bda3a39a0a4b: cophenetic index 4661; 4.5 s; peak memory 633 MiB.
2026-10-09T03:39:31Z INFO [1135/3350] adb8a9e1-66b7-4df5-aaeb-a44df90743d2: cophenetic index 490; 0.8 s; peak memory 633 MiB.
2026-10-09T03:39:33Z INFO [1136/3350] adb8ec26-dd8f-4782-a64f-6c8c43e2e5c3: cophenetic index 2402; 2.6 s; peak memory 633 MiB.
2026-10-09T03:39:41Z INFO [1137/3350] adb9abf4-5660-42a3-ac63-870ef46c6208: cophenetic index 87781; 7.2 s; peak memory 633 MiB.
2026-10-09T03:39:42Z INFO [1138/3350] adb9b6ce-60e7-4055-9278-fae803c2224e: cophenetic index 624; 1.1 s; peak memory 633 MiB.
2026-10-09T03:39:43Z INFO [1139/3350] adbac2b7-6fc6-48bb-8c7f-a51bc76a7b30: cophenetic index 490; 1.0 s; peak memory 633 MiB.
2026-10-09T03:39:44Z INFO [1140/3350] adbb0d0b-f09b-42e9-89ed-0d03e8d797e2: cophenetic index 413; 1.1 s; peak memory 633 MiB.
2026-10-09T03:39:45Z INFO [1141/3350] adbbeaf5-7a2d-4314-bace-17363df0c11d: cophenetic index 624; 1.1 s; peak memory 633 MiB.
2026-10-09T03:39:47Z INFO [1142/3350] adbc11ff-fcc3-4494-ae45-bcfe0589c46d: cophenetic index 2570; 1.6 s; peak memory 633 MiB.
2026-10-09T03:39:48Z INFO [1143/3350] adbc393b-42f8-4763-b64a-75e90301ed78: cophenetic index 1025; 1.1 s; peak memory 633 MiB.
2026-10-09T03:39:49Z INFO [1144/3350] adbc6572-7c18-42c9-9fd7-6144966d2af5: cophenetic index 2625; 1.6 s; peak memory 633 MiB.
2026-10-09T03:39:51Z INFO [1145/3350] adbe6230-8a71-4397-bf80-65dc20b84dfc: cophenetic index 649; 1.3 s; peak memory 633 MiB.
2026-10-09T03:39:59Z INFO [1146/3350] adbeb47a-f2b7-4acf-9fbe-c9681b4b6cfa: cophenetic index 162235563; 8.3 s; peak memory 635 MiB.
2026-10-09T03:40:04Z INFO [1147/3350] adbee5a0-4952-4cb3-9682-69d7c53bedeb: cophenetic index 87573; 5.3 s; peak memory 635 MiB.
2026-10-09T03:40:06Z INFO [1148/3350] adbfd50a-7360-42b5-b0ca-fd532258c5ff: cophenetic index 3240; 1.8 s; peak memory 635 MiB.
2026-10-09T03:40:07Z INFO [1149/3350] adc00615-77df-4118-ba8f-b38f7b0a7b3d: cophenetic index 624; 1.2 s; peak memory 635 MiB.
2026-10-09T03:40:28Z INFO [1150/3350] adc0894f-b220-4c21-9ef9-59bdaa818201: cophenetic index 1836626; 21.3 s; peak memory 635 MiB.
2026-10-09T03:40:29Z INFO [1150/3350] adc0894f-b220-4c21-9ef9-59bdaa818201: checkpointed 130486 new records.
2026-10-09T03:40:30Z INFO [1151/3350] adc14b8a-4ef9-4e2d-87e3-f1b3a62c6d2c: cophenetic index 624; 1.1 s; peak memory 635 MiB.
2026-10-09T03:40:33Z INFO [1152/3350] adc199a7-1fc2-4628-a29e-719366ec1088: cophenetic index 2682; 3.3 s; peak memory 635 MiB.
2026-10-09T03:40:35Z INFO [1153/3350] adc1b5f4-5cef-4e25-b3f2-19c9ade73145: cophenetic index 573; 1.7 s; peak memory 635 MiB.
2026-10-09T03:40:38Z INFO [1154/3350] adc214c6-a988-41d2-a9b9-42ae8f272a77: cophenetic index 2469; 3.3 s; peak memory 635 MiB.
2026-10-09T03:40:39Z INFO [1155/3350] adc24e19-25bc-4626-9a1e-8eea245f0a8f: cophenetic index 23788; 1.2 s; peak memory 635 MiB.
2026-10-09T03:40:41Z INFO [1156/3350] adc2668d-8e58-449f-8f10-4f8c8848ef55: cophenetic index 2625; 1.7 s; peak memory 635 MiB.
2026-10-09T03:40:42Z INFO [1157/3350] adc2670a-fe1b-48bb-a550-31142e5c6c58: cophenetic index 624; 1.2 s; peak memory 635 MiB.
2026-10-09T03:40:43Z INFO [1158/3350] adc3b296-b557-445b-a67f-4022e83ed488: cophenetic index 624; 1.2 s; peak memory 635 MiB.
2026-10-09T03:40:45Z INFO [1159/3350] adc4508d-8f24-4aab-a55d-b4c377022029: cophenetic index 33968; 1.8 s; peak memory 635 MiB.
2026-10-09T03:40:47Z INFO [1160/3350] adc46ac5-3bae-466f-a92e-a19e10a4d6af: cophenetic index 2625; 2.0 s; peak memory 635 MiB.
2026-10-09T03:40:48Z INFO [1161/3350] adc4cff2-60af-4952-9196-75b19ec7cb79: cophenetic index 624; 1.3 s; peak memory 635 MiB.
2026-10-09T03:40:50Z INFO [1162/3350] adc619b5-775e-4cfe-9580-dfb7ee79046d: cophenetic index 624; 1.1 s; peak memory 635 MiB.
2026-10-09T03:40:51Z INFO [1163/3350] adc6b198-f107-4424-829c-61a38559d736: cophenetic index 624; 1.1 s; peak memory 635 MiB.
2026-10-09T03:40:52Z INFO [1164/3350] adc6de56-f2ef-4b83-9f5d-0e8918ddb500: cophenetic index 2974; 1.3 s; peak memory 635 MiB.
2026-10-09T03:40:54Z INFO [1165/3350] adc76b3f-87ea-402a-ad02-957e30d16efb: cophenetic index 33998; 2.4 s; peak memory 635 MiB.
2026-10-09T03:40:56Z INFO [1166/3350] adc7ef49-84a5-41e9-a194-b88a097ee3a6: cophenetic index 33998; 1.9 s; peak memory 635 MiB.
2026-10-09T03:40:58Z INFO [1167/3350] adc847d6-33a2-4e51-a385-331984937c4d: cophenetic index 3004; 1.4 s; peak memory 635 MiB.
2026-10-09T03:41:00Z INFO [1168/3350] adc8a4f6-7d02-4c80-9373-5447cd272425: cophenetic index 3045; 2.0 s; peak memory 635 MiB.
2026-10-09T03:41:01Z INFO [1169/3350] adc926cd-bc01-4596-992e-47f8d79b45eb: cophenetic index 2496; 1.3 s; peak memory 635 MiB.
2026-10-09T03:41:02Z INFO [1170/3350] adc96487-6815-4229-8fc4-74ce0d7c8fa3: cophenetic index 624; 1.1 s; peak memory 635 MiB.
2026-10-09T03:41:03Z INFO [1171/3350] adc9b819-a065-4661-8021-b81b83ad35c1: cophenetic index 624; 1.2 s; peak memory 635 MiB.
2026-10-09T03:41:04Z INFO [1172/3350] adc9fc8d-6161-489d-a310-f38d4a5d0734: cophenetic index 624; 1.1 s; peak memory 635 MiB.
2026-10-09T03:41:05Z INFO [1173/3350] adcab695-aa40-4c5c-888d-641cb38ad83e: cophenetic index 624; 1.1 s; peak memory 635 MiB.
2026-10-09T03:41:09Z INFO [1174/3350] adcce255-b57a-496f-b7e7-6906e3e70762: cophenetic index 2241; 3.2 s; peak memory 635 MiB.
2026-10-09T03:41:10Z INFO [1175/3350] adcdde6f-337f-4cd3-881a-185dd3e0a35a: cophenetic index 2625; 1.8 s; peak memory 635 MiB.
2026-10-09T03:41:12Z INFO [1176/3350] adce7921-7e0b-4689-994a-34a41a3944f9: cophenetic index 447; 1.0 s; peak memory 635 MiB.
2026-10-09T03:41:13Z INFO [1177/3350] adceb806-fb39-41ab-b95e-95b39fa488b0: cophenetic index 581; 1.1 s; peak memory 635 MiB.
2026-10-09T03:41:14Z INFO [1178/3350] adcf1a2b-ecda-4d23-a941-729096b10942: cophenetic index 624; 1.2 s; peak memory 635 MiB.
2026-10-09T03:41:15Z INFO [1179/3350] adcfbe98-2a5e-4e94-9674-d18b37dbf9da: cophenetic index 627; 1.0 s; peak memory 635 MiB.
2026-10-09T03:41:20Z INFO [1180/3350] add006b5-e15d-4590-9f5c-05838038d579: cophenetic index 35315; 4.8 s; peak memory 635 MiB.
2026-10-09T03:41:39Z INFO [1181/3350] add0ced8-10ec-49f2-a5d8-eee8240e79e5: cophenetic index 506681; 19.8 s; peak memory 635 MiB.
2026-10-09T03:41:41Z INFO [1182/3350] add0d7a5-3c02-4a4c-97ef-730bc5404af0: cophenetic index 2570; 1.9 s; peak memory 635 MiB.
2026-10-09T03:41:47Z INFO [1183/3350] add28648-a2db-44c0-936c-1ff4fa695616: cophenetic index 9548; 5.9 s; peak memory 635 MiB.
2026-10-09T03:41:49Z INFO [1184/3350] add2ca9d-cff2-47da-8845-1fdac849cfb6: cophenetic index 13320; 1.5 s; peak memory 635 MiB.
2026-10-09T03:41:50Z INFO [1185/3350] add33d9e-24f9-44ae-92c2-a61774257d3b: cophenetic index 1602; 1.4 s; peak memory 635 MiB.
2026-10-09T03:41:52Z INFO [1186/3350] add36e64-3a3a-438e-8de9-7313f6ece0b3: cophenetic index 850; 1.5 s; peak memory 635 MiB.
2026-10-09T03:41:53Z INFO [1187/3350] add3b1e2-7852-4f31-95fd-d7553066b7e7: cophenetic index 3087; 1.5 s; peak memory 635 MiB.
2026-10-09T03:41:54Z INFO [1188/3350] add440a9-4e9f-4488-935f-4c81ccba958d: cophenetic index 579; 0.9 s; peak memory 635 MiB.
2026-10-09T03:41:56Z INFO [1189/3350] add46aee-dd28-4658-9b69-649441705c9b: cophenetic index 23224; 1.7 s; peak memory 635 MiB.
2026-10-09T03:41:57Z INFO [1190/3350] add4ae54-d401-40ac-9b6d-62596a8c8634: cophenetic index 563; 1.5 s; peak memory 635 MiB.
2026-10-09T03:42:01Z INFO [1191/3350] add51802-e7fa-4ae5-8c47-a0bc7afb29af: cophenetic index 444053; 3.4 s; peak memory 635 MiB.
2026-10-09T03:42:02Z INFO [1192/3350] add6056d-a9bb-43f3-98d7-ff3db9aa978e: cophenetic index 624; 1.2 s; peak memory 635 MiB.
2026-10-09T03:42:03Z INFO [1193/3350] add66448-c6df-4ee7-89d3-e4ca49307031: cophenetic index 1192; 0.9 s; peak memory 635 MiB.
2026-10-09T03:42:06Z INFO [1194/3350] add71045-2d45-43b7-8f43-e8e3aae32030: cophenetic index 34658; 3.1 s; peak memory 635 MiB.
2026-10-09T03:42:08Z INFO [1195/3350] add8b3f1-5e44-4244-bcf8-41503da8e2aa: cophenetic index 33968; 2.0 s; peak memory 635 MiB.
2026-10-09T03:42:09Z INFO [1196/3350] add9bbb6-d673-4c42-9989-ab55234d3c59: cophenetic index 565; 1.1 s; peak memory 635 MiB.
2026-10-09T03:42:11Z INFO [1197/3350] addafd07-53ca-4539-a9e4-5db1033c7c2b: cophenetic index 3004; 1.6 s; peak memory 635 MiB.
2026-10-09T03:42:12Z INFO [1198/3350] addcacb0-5c2d-4b0a-951c-a0c4b3944938: cophenetic index 1626; 1.2 s; peak memory 635 MiB.
2026-10-09T03:42:14Z INFO [1199/3350] addcc6cd-f165-4e70-a21f-2cfe7ffc2219: cophenetic index 613; 2.1 s; peak memory 635 MiB.
2026-10-09T03:42:15Z INFO [1200/3350] adde0ecf-99e5-4a6d-a515-3242279dd00c: cophenetic index 605; 1.6 s; peak memory 635 MiB.
2026-10-09T03:42:16Z INFO [1200/3350] adde0ecf-99e5-4a6d-a515-3242279dd00c: checkpointed 130536 new records.
2026-10-09T03:42:17Z INFO [1201/3350] adde7796-4aff-4c69-9762-826977317ba0: cophenetic index 518; 1.0 s; peak memory 635 MiB.
2026-10-09T03:42:18Z INFO [1202/3350] addec8cc-2077-47bf-a86e-a14ded55cc33: cophenetic index 624; 1.2 s; peak memory 635 MiB.
2026-10-09T03:42:20Z INFO [1203/3350] addee158-d731-4bb8-b974-7cb73bd1f113: cophenetic index 1929; 1.8 s; peak memory 635 MiB.
2026-10-09T03:42:21Z INFO [1204/3350] addee4e5-767a-4d5b-9bbe-64c7d77ba875: cophenetic index 624; 1.1 s; peak memory 635 MiB.
2026-10-09T03:42:22Z INFO [1205/3350] addf05d4-40e8-446b-b16f-0a4148a90962: cophenetic index 624; 1.2 s; peak memory 635 MiB.
2026-10-09T03:42:23Z INFO [1206/3350] ade01e55-0fe4-43a1-b4eb-495a6f46133a: cophenetic index 624; 1.3 s; peak memory 635 MiB.
2026-10-09T03:42:25Z INFO [1207/3350] ade01ec4-ac36-4522-9c8f-ea7474a0fecf: cophenetic index 630; 1.5 s; peak memory 635 MiB.
2026-10-09T03:42:26Z INFO [1208/3350] ade07602-42a4-4036-a348-d7ae8d482cfd: cophenetic index 756; 1.1 s; peak memory 635 MiB.
2026-10-09T03:42:28Z INFO [1209/3350] ade0e5f7-3790-44af-bd7f-641e9ce2a367: cophenetic index 515; 2.2 s; peak memory 635 MiB.
2026-10-09T03:42:29Z INFO [1210/3350] ade129d3-4ca9-431e-b55b-7d6d948357ee: cophenetic index 490; 0.9 s; peak memory 635 MiB.
2026-10-09T03:42:30Z INFO [1211/3350] ade12e3e-5ecb-41f2-b06b-313831121e1f: cophenetic index 3004; 1.2 s; peak memory 635 MiB.
2026-10-09T03:42:32Z INFO [1212/3350] ade136ef-5d90-4f7c-9127-7e1e1aa3c107: cophenetic index 584; 2.0 s; peak memory 635 MiB.
2026-10-09T03:42:33Z INFO [1213/3350] ade16399-7ca7-4e61-a5f0-de684bd3d546: cophenetic index 729; 0.9 s; peak memory 635 MiB.
2026-10-09T03:42:36Z INFO [1214/3350] ade25958-8a12-4809-bd17-101346ade23b: cophenetic index 2391; 2.9 s; peak memory 635 MiB.
2026-10-09T03:42:37Z INFO [1215/3350] ade25db5-3d74-46ec-b742-aaf11cc77c34: cophenetic index 2625; 1.6 s; peak memory 635 MiB.
2026-10-09T03:42:39Z INFO [1216/3350] ade2d5af-4bdf-4612-b768-966f9f79c2bf: cophenetic index 3004; 1.4 s; peak memory 635 MiB.
2026-10-09T03:42:41Z INFO [1217/3350] ade2fdc3-bee1-412d-92f1-972170413b46: cophenetic index 797; 1.8 s; peak memory 635 MiB.
2026-10-09T03:42:43Z INFO [1218/3350] ade3cf82-f39d-4fac-b921-5ea697e7c500: cophenetic index 688; 2.2 s; peak memory 635 MiB.
2026-10-09T03:42:53Z INFO [1219/3350] ade3fc14-0c15-4cef-85fc-dd6702747c54: cophenetic index 46693; 10.2 s; peak memory 635 MiB.
2026-10-09T03:42:56Z INFO [1220/3350] ade40156-1117-4d0b-9505-18d4a85512e9: cophenetic index 5473; 3.2 s; peak memory 635 MiB.
2026-10-09T03:42:59Z INFO [1221/3350] ade4068d-3642-431f-8e67-4f87a5298f1c: cophenetic index 34658; 2.8 s; peak memory 635 MiB.
2026-10-09T03:43:02Z INFO [1222/3350] ade4c931-81d6-4900-8fc9-a9abf6cf0db6: cophenetic index 2402; 3.0 s; peak memory 635 MiB.
2026-10-09T03:43:03Z INFO [1223/3350] ade4ff8b-a26d-40ed-8984-4a205099e33c: cophenetic index 423; 1.1 s; peak memory 635 MiB.
2026-10-09T03:43:04Z INFO [1224/3350] ade50327-5389-4baa-80ad-ba2c4ab32e60: cophenetic index 6673; 1.3 s; peak memory 635 MiB.
2026-10-09T03:43:06Z INFO [1225/3350] ade50a08-ac47-4eeb-883e-6b43e4e77d3e: cophenetic index 3004; 1.4 s; peak memory 635 MiB.
2026-10-09T03:43:10Z INFO [1226/3350] ade59839-43e3-41bf-959a-f1a048e16efb: cophenetic index 3045; 3.9 s; peak memory 635 MiB.
2026-10-09T03:43:11Z INFO [1227/3350] ade5c120-6d67-4e7a-8fea-58691ac72bf1: cophenetic index 431; 1.1 s; peak memory 635 MiB.
2026-10-09T03:43:12Z INFO [1228/3350] ade5e721-9ed3-4594-b569-4788bf008d71: cophenetic index 624; 1.2 s; peak memory 635 MiB.
2026-10-09T03:43:13Z INFO [1229/3350] ade64299-e380-4f9d-9780-092b2b650016: cophenetic index 1264; 1.4 s; peak memory 635 MiB.
2026-10-09T03:43:16Z INFO [1230/3350] ade65892-c046-490d-aa7c-0f0aa0ac9c1a: cophenetic index 2473; 2.6 s; peak memory 635 MiB.
2026-10-09T03:43:27Z INFO [1231/3350] ade67cce-065a-41b3-809d-2e987dc4e7a8: cophenetic index 34862; 10.9 s; peak memory 635 MiB.
2026-10-09T03:43:28Z INFO [1232/3350] ade73fd0-b098-4270-b298-62fcff3f2f68: cophenetic index 634; 1.3 s; peak memory 635 MiB.
2026-10-09T03:43:29Z INFO [1233/3350] ade76c69-a363-4cb9-89fd-98f63a24f194: cophenetic index 3057; 1.4 s; peak memory 635 MiB.
2026-10-09T03:43:40Z INFO [1234/3350] ade77f7a-c23f-4986-8101-4f68489a6c1f: cophenetic index 135406; 10.4 s; peak memory 635 MiB.
2026-10-09T03:43:42Z INFO [1235/3350] ade7963a-b319-4902-8206-063c7f98da7d: cophenetic index 2570; 1.9 s; peak memory 635 MiB.
2026-10-09T03:43:43Z INFO [1236/3350] ade7c5b2-4414-4ec2-9003-1a831a08122c: cophenetic index 479; 1.1 s; peak memory 635 MiB.
2026-10-09T03:43:44Z INFO [1237/3350] ade8a8e5-80c0-497b-9847-c11c058146f6: cophenetic index 446; 0.8 s; peak memory 635 MiB.
2026-10-09T03:43:46Z INFO [1238/3350] ade8eef3-533c-4655-8967-781df73b81ef: cophenetic index 1733; 2.8 s; peak memory 635 MiB.
2026-10-09T03:43:48Z INFO [1239/3350] ade917ff-0916-4e4e-8623-2ef9f0ea9c7b: cophenetic index 2570; 1.9 s; peak memory 635 MiB.
2026-10-09T03:43:50Z INFO [1240/3350] ade97a10-ced5-45d3-88be-bd2ecca23185: cophenetic index 2625; 1.9 s; peak memory 635 MiB.
2026-10-09T03:43:58Z INFO [1241/3350] ade9f8e0-3d4c-47f0-aae2-b0aead6e1d91: cophenetic index 12100; 7.9 s; peak memory 635 MiB.
2026-10-09T03:44:00Z INFO [1242/3350] adea201c-1b1f-485b-afce-ff738b1d716f: cophenetic index 2625; 1.8 s; peak memory 635 MiB.
2026-10-09T03:44:01Z INFO [1243/3350] adeaf3e2-80e0-42e2-af2c-9e0e11e6eb23: cophenetic index 496; 1.2 s; peak memory 635 MiB.
2026-10-09T03:44:02Z INFO [1244/3350] adebf67c-6fa4-4f9f-a5c5-4d4ca5296928: cophenetic index 3004; 1.3 s; peak memory 635 MiB.
2026-10-09T03:44:04Z INFO [1245/3350] adec2b32-7851-47c6-8970-301cf9fa935b: cophenetic index 3192; 1.4 s; peak memory 635 MiB.
2026-10-09T03:44:05Z INFO [1246/3350] adec9d9f-8ecf-40b0-985b-248d67852eb6: cophenetic index 624; 1.0 s; peak memory 635 MiB.
2026-10-09T03:44:06Z INFO [1247/3350] aded9046-b311-49e6-950c-50a5d600bae0: cophenetic index 3087; 1.5 s; peak memory 635 MiB.
2026-10-09T03:44:08Z INFO [1248/3350] adee6283-78fa-4bae-9b19-5b4a4c7c6939: cophenetic index 3045; 1.7 s; peak memory 635 MiB.
2026-10-09T03:44:09Z INFO [1249/3350] adee83fa-f715-4068-a789-6071f4d1c6e7: cophenetic index 2974; 1.3 s; peak memory 635 MiB.
2026-10-09T03:44:11Z INFO [1250/3350] adee8648-9095-4288-b09f-0037e76c1113: cophenetic index 649; 1.3 s; peak memory 635 MiB.
2026-10-09T03:44:11Z INFO [1250/3350] adee8648-9095-4288-b09f-0037e76c1113: checkpointed 130586 new records.
2026-10-09T03:44:13Z INFO [1251/3350] adef165a-5055-4fb8-ba0d-91518dc310b1: cophenetic index 33986; 1.8 s; peak memory 635 MiB.
2026-10-09T03:44:14Z INFO [1252/3350] adf038bc-7f90-4774-9d03-cd983115d676: cophenetic index 624; 1.1 s; peak memory 635 MiB.
2026-10-09T03:44:15Z INFO [1253/3350] adf05b12-ae09-4671-9604-f2e27f31e6a4: cophenetic index 1973; 1.5 s; peak memory 635 MiB.
2026-10-09T03:44:17Z INFO [1254/3350] adf061ba-c8bb-48cf-9d1e-2f39c3bf3f9f: cophenetic index 1087; 1.5 s; peak memory 635 MiB.
2026-10-09T03:44:18Z INFO [1255/3350] adf06a8b-c9da-4ef6-8eea-ea6ef5e5e546: cophenetic index 624; 1.2 s; peak memory 635 MiB.
2026-10-09T03:44:20Z INFO [1256/3350] adf1c569-c2e9-49af-ae95-474016c0fe5c: cophenetic index 37616; 2.2 s; peak memory 635 MiB.
2026-10-09T03:44:21Z INFO [1257/3350] adf254ea-0523-42ef-bce4-47da4e63def6: cophenetic index 494; 1.1 s; peak memory 635 MiB.
2026-10-09T03:44:23Z INFO [1258/3350] adf267f1-7c4e-4703-ac13-ddb02328d328: cophenetic index 33968; 1.6 s; peak memory 635 MiB.
2026-10-09T03:44:33Z INFO [1259/3350] adf29166-da6d-44d9-b9e1-5b8d446ddc25: cophenetic index 16035; 10.0 s; peak memory 635 MiB.
2026-10-09T03:44:34Z INFO [1260/3350] adf35a75-a639-49d4-8583-f8d2fc769e53: cophenetic index 624; 1.1 s; peak memory 635 MiB.
2026-10-09T03:44:36Z INFO [1261/3350] adf426a6-1eeb-4fcb-b036-84a01e188121: cophenetic index 1087; 1.6 s; peak memory 635 MiB.
2026-10-09T03:44:44Z INFO [1262/3350] adf4a67a-dfa9-461a-8b78-f87e4ef0dd28: cophenetic index 177562; 8.7 s; peak memory 635 MiB.
2026-10-09T03:44:46Z INFO [1263/3350] adf4cbff-7db9-481c-8311-d45cd5bd9263: cophenetic index 3087; 1.5 s; peak memory 635 MiB.
2026-10-09T03:44:47Z INFO [1264/3350] adf52b8c-5370-44da-8d74-dd9ad8b716c2: cophenetic index 2625; 1.4 s; peak memory 635 MiB.
2026-10-09T03:44:54Z INFO [1265/3350] adf71874-4bcd-4aa5-bd50-fd7871088a1b: cophenetic index 6715; 6.3 s; peak memory 635 MiB.
2026-10-09T03:44:55Z INFO [1266/3350] adf77f0e-a24c-4800-8b6b-1062eaa6a92e: cophenetic index 1006; 1.4 s; peak memory 635 MiB.
2026-10-09T03:44:57Z INFO [1267/3350] adf800b6-774b-4089-b35b-697108db363a: cophenetic index 3333; 2.0 s; peak memory 635 MiB.
2026-10-09T03:44:58Z INFO [1268/3350] adf85308-222c-4dac-a9f8-049e067da341: cophenetic index 3004; 1.3 s; peak memory 635 MiB.
2026-10-09T03:45:00Z INFO [1269/3350] adf96798-fea8-414d-8452-19f080310dfd: cophenetic index 1949; 1.5 s; peak memory 635 MiB.
2026-10-09T03:45:11Z INFO [1270/3350] adf98d72-0c14-46a8-b229-4f07ee50e46d: cophenetic index 48355; 11.0 s; peak memory 635 MiB.
2026-10-09T03:45:12Z INFO [1271/3350] adfac351-29bc-4834-acd9-3f7378c69562: cophenetic index 624; 1.2 s; peak memory 635 MiB.
2026-10-09T03:45:13Z INFO [1272/3350] adfb9efa-53ae-4c43-af4d-cfa95b345494: cophenetic index 649; 1.3 s; peak memory 635 MiB.
2026-10-09T03:45:35Z INFO [1273/3350] adfc0e3e-2683-4bdf-8320-eb3ff67c800f: cophenetic index 372543; 21.6 s; peak memory 635 MiB.
2026-10-09T03:45:36Z INFO [1274/3350] adfc37bb-1dcd-4c85-81c9-c5834439eab2: cophenetic index 3087; 1.5 s; peak memory 635 MiB.
2026-10-09T03:45:38Z INFO [1275/3350] adfc5ada-86d8-41fc-be9a-3c9977ef74e5: cophenetic index 2570; 1.6 s; peak memory 635 MiB.
2026-10-09T03:45:39Z INFO [1276/3350] adfc9532-e134-490f-8cec-f3e061c9c09d: cophenetic index 624; 1.2 s; peak memory 635 MiB.
2026-10-09T03:45:40Z INFO [1277/3350] adfce24c-a76e-434d-974b-30f5673f5373: cophenetic index 624; 1.1 s; peak memory 635 MiB.
2026-10-09T03:45:42Z INFO [1278/3350] adfcf500-cc8f-47da-83b8-e55f7dc65eeb: cophenetic index 2724; 1.6 s; peak memory 635 MiB.
2026-10-09T03:45:43Z INFO [1279/3350] adfdf8cd-7b3b-4847-ad19-e0203a174a57: cophenetic index 2625; 1.3 s; peak memory 635 MiB.
2026-10-09T03:45:50Z INFO [1280/3350] adff52d1-5b69-4447-bbcc-4a7db52778e7: cophenetic index 86279; 6.9 s; peak memory 635 MiB.
2026-10-09T03:45:51Z INFO [1281/3350] ae002c71-254f-447c-9f8a-9cc258b16635: cophenetic index 624; 1.1 s; peak memory 635 MiB.
2026-10-09T03:45:53Z INFO [1282/3350] ae003917-fa4c-4394-97ea-bf38931e459a: cophenetic index 949; 1.6 s; peak memory 635 MiB.
2026-10-09T03:45:54Z INFO [1283/3350] ae00b0a9-eafe-46c7-a8f7-8e66139630ba: cophenetic index 624; 1.0 s; peak memory 635 MiB.
2026-10-09T03:45:56Z INFO [1284/3350] ae0146e3-1395-4ccd-9caa-1de898f83174: cophenetic index 325333; 2.5 s; peak memory 635 MiB.
2026-10-09T03:46:09Z INFO [1285/3350] ae018431-2d3e-477e-bed2-1625f17b9207: cophenetic index 219273; 12.2 s; peak memory 635 MiB.
2026-10-09T03:46:10Z INFO [1286/3350] ae02412f-21b1-4044-9466-e1137f654c9c: cophenetic index 3004; 1.3 s; peak memory 635 MiB.
2026-10-09T03:46:11Z INFO [1287/3350] ae0245b6-3988-40ac-847c-3bb5e9df83f6: cophenetic index 624; 1.3 s; peak memory 635 MiB.
2026-10-09T03:46:15Z INFO [1288/3350] ae025b81-2318-47ca-9365-5df811ecef59: cophenetic index 5473; 3.4 s; peak memory 635 MiB.
2026-10-09T03:46:16Z INFO [1289/3350] ae0281ae-42fc-4a98-8084-1fce8b9df7cb: cophenetic index 624; 1.2 s; peak memory 635 MiB.
2026-10-09T03:46:23Z INFO [1290/3350] ae02ae49-4681-4390-8066-3c54050fdbf4: cophenetic index 9548; 6.9 s; peak memory 635 MiB.
2026-10-09T03:46:24Z INFO [1291/3350] ae02fc92-486d-47c3-9e34-eda8ade26299: cophenetic index 605; 1.4 s; peak memory 635 MiB.
2026-10-09T03:46:26Z INFO [1292/3350] ae03dfaa-51f8-4a1c-9202-330351db0663: cophenetic index 99120; 2.1 s; peak memory 635 MiB.
2026-10-09T03:46:27Z INFO [1293/3350] ae03f632-8bfa-4bf5-beba-0feab2eb5a67: cophenetic index 624; 1.1 s; peak memory 635 MiB.
2026-10-09T03:46:28Z INFO [1294/3350] ae045917-d82c-4e71-989f-ff677d04b99a: cophenetic index 624; 1.2 s; peak memory 635 MiB.
2026-10-09T03:46:30Z INFO [1295/3350] ae04f775-c16b-4ac4-9368-ac1750cc8347: cophenetic index 33968; 1.6 s; peak memory 635 MiB.
2026-10-09T03:46:32Z INFO [1296/3350] ae063d9a-5125-4a43-b8ae-83046cd27f65: cophenetic index 3004; 1.7 s; peak memory 635 MiB.
2026-10-09T03:46:32Z INFO [1297/3350] ae066d6c-56a5-498a-b49a-9bc015c781e0: cophenetic index 490; 0.8 s; peak memory 635 MiB.
2026-10-09T03:46:34Z INFO [1298/3350] ae07b8fc-2f90-4958-8f38-0b76578e6e56: cophenetic index 33986; 1.8 s; peak memory 635 MiB.
2026-10-09T03:46:36Z INFO [1299/3350] ae08431c-0602-4fe9-9d87-82b0adac7ff1: cophenetic index 26986; 1.8 s; peak memory 635 MiB.
2026-10-09T03:46:38Z INFO [1300/3350] ae08e235-de61-4330-9c38-1f460a3a56b0: cophenetic index 2114; 1.6 s; peak memory 635 MiB.
2026-10-09T03:46:38Z INFO [1300/3350] ae08e235-de61-4330-9c38-1f460a3a56b0: checkpointed 130636 new records.
2026-10-09T03:46:40Z INFO [1301/3350] ae0944f8-b0a2-4f10-9570-164dbd7d4a14: cophenetic index 1130; 1.9 s; peak memory 635 MiB.
2026-10-09T03:46:41Z INFO [1302/3350] ae0a404f-2342-49c6-bdc7-1fe2c72897dd: cophenetic index 431; 1.3 s; peak memory 635 MiB.
2026-10-09T03:46:44Z INFO [1303/3350] ae0a66f8-ccab-4fa9-a21d-077a89080a7d: cophenetic index 1299; 2.5 s; peak memory 635 MiB.
2026-10-09T03:46:53Z INFO [1304/3350] ae0aac1f-842f-4a84-828e-e7bdf4e21adf: cophenetic index 144396; 9.2 s; peak memory 635 MiB.
2026-10-09T03:47:04Z INFO [1305/3350] ae0afa90-f1d6-4331-abe0-98bcfe0d6922: cophenetic index 48355; 10.8 s; peak memory 635 MiB.
2026-10-09T03:47:10Z INFO [1306/3350] ae0b0120-7065-4153-9b31-5045f89a548f: cophenetic index 9548; 6.2 s; peak memory 635 MiB.
2026-10-09T03:47:11Z INFO [1307/3350] ae0b055a-f667-48d7-97aa-48df61fbdaed: cophenetic index 719; 1.0 s; peak memory 635 MiB.
2026-10-09T03:47:13Z INFO [1308/3350] ae0b1784-1bb0-442b-95dd-91ca389a56ef: cophenetic index 99138; 1.7 s; peak memory 635 MiB.
2026-10-09T03:47:19Z INFO [1309/3350] ae0bba6f-d414-429b-9eba-4855c5bdff10: cophenetic index 69738; 6.3 s; peak memory 635 MiB.
2026-10-09T03:47:20Z INFO [1310/3350] ae0bdf53-8da9-4877-a04c-f869984f8ce9: cophenetic index 690; 1.1 s; peak memory 635 MiB.
2026-10-09T03:47:21Z INFO [1311/3350] ae0bf3e2-c2fe-4425-b551-ac956f5c338b: cophenetic index 431; 1.0 s; peak memory 635 MiB.
2026-10-09T03:47:22Z INFO [1312/3350] ae0c7001-c264-4223-8890-0226bf969d73: cophenetic index 624; 1.0 s; peak memory 635 MiB.
2026-10-09T03:47:28Z INFO [1313/3350] ae0d22a9-f749-45b3-94c1-9e32fc17fdd8: cophenetic index 9548; 5.7 s; peak memory 635 MiB.
2026-10-09T03:47:29Z INFO [1314/3350] ae0e4ad6-91b0-43ec-9dff-a0e4605e39e4: cophenetic index 605; 1.3 s; peak memory 635 MiB.
2026-10-09T03:47:31Z INFO [1315/3350] ae0e9add-c550-4afe-9aaf-018e32b5c373: cophenetic index 2609; 2.2 s; peak memory 635 MiB.
2026-10-09T03:47:41Z INFO [1316/3350] ae0f1558-1fa1-4184-8a6d-78771c0b4368: cophenetic index 195173008; 10.2 s; peak memory 635 MiB.
2026-10-09T03:47:47Z INFO [1317/3350] ae0f1c23-c699-4c13-b35a-1d103db27a4d: cophenetic index 87573; 5.6 s; peak memory 635 MiB.
2026-10-09T03:47:49Z INFO [1318/3350] ae0f1f5f-e620-46d2-ba0d-42a9aaca450b: cophenetic index 23853; 2.0 s; peak memory 635 MiB.
2026-10-09T03:47:51Z INFO [1319/3350] ae0f5b64-d834-4af5-a180-995abe016591: cophenetic index 2570; 1.7 s; peak memory 635 MiB.
2026-10-09T03:47:52Z INFO [1320/3350] ae0fcad4-4bcc-43bc-bac7-57bc88e66ecd: cophenetic index 627; 1.2 s; peak memory 635 MiB.
2026-10-09T03:47:53Z INFO [1321/3350] ae1020fe-6074-4d11-806f-832a1e2de038: cophenetic index 2974; 1.3 s; peak memory 635 MiB.
2026-10-09T03:47:55Z INFO [1322/3350] ae107b80-a8f4-41df-a72d-fa6058ba69cd: cophenetic index 2701; 1.8 s; peak memory 635 MiB.
2026-10-09T03:47:56Z INFO [1323/3350] ae10e7cb-0844-4b4e-a0b9-c401596fa0ff: cophenetic index 624; 1.1 s; peak memory 635 MiB.
2026-10-09T03:47:57Z INFO [1324/3350] ae113fb3-2eee-4ba5-b355-b3613cec5f15: cophenetic index 624; 1.2 s; peak memory 635 MiB.
2026-10-09T03:48:03Z INFO [1325/3350] ae11494a-d304-48c9-8fcb-804a373b59a6: cophenetic index 9548; 6.2 s; peak memory 635 MiB.
2026-10-09T03:48:04Z INFO [1326/3350] ae116611-e4df-4ff1-996e-759f664a839a: cophenetic index 624; 1.2 s; peak memory 635 MiB.
2026-10-09T03:48:06Z INFO [1327/3350] ae11f0a3-a4ac-47f5-bd11-f887eeb94ebb: cophenetic index 624; 1.2 s; peak memory 635 MiB.
2026-10-09T03:48:07Z INFO [1328/3350] ae123189-90f4-48e9-a925-e43dbb4cb358: cophenetic index 1949; 1.7 s; peak memory 635 MiB.
2026-10-09T03:48:09Z INFO [1329/3350] ae12d889-c8da-44f4-a8b5-ab3bce3d5e1e: cophenetic index 3087; 1.6 s; peak memory 635 MiB.
2026-10-09T03:48:10Z INFO [1330/3350] ae131358-dc83-4e85-b730-6966aa6650ca: cophenetic index 1006; 1.4 s; peak memory 635 MiB.
2026-10-09T03:48:16Z INFO [1331/3350] ae139bd0-43c4-4290-9925-e4402facdcf9: cophenetic index 9298; 6.0 s; peak memory 635 MiB.
2026-10-09T03:48:18Z INFO [1332/3350] ae140096-5a8a-4c26-abb0-2b39cde00905: cophenetic index 624; 1.6 s; peak memory 635 MiB.
2026-10-09T03:48:19Z INFO [1333/3350] ae140183-e1aa-496d-afb8-8f29b809f146: cophenetic index 2920; 0.9 s; peak memory 635 MiB.
2026-10-09T03:48:20Z INFO [1334/3350] ae1473ae-ef54-436d-b6bd-393f21986c6b: cophenetic index 3192; 1.4 s; peak memory 635 MiB.
2026-10-09T03:48:22Z INFO [1335/3350] ae149e73-5ee9-4086-a2fb-a341ab1740ab: cophenetic index 23272; 1.3 s; peak memory 635 MiB.
2026-10-09T03:48:27Z INFO [1336/3350] ae14a051-76db-475f-a33d-a80af2f88f92: cophenetic index 58188; 5.6 s; peak memory 635 MiB.
2026-10-09T03:48:29Z INFO [1337/3350] ae155e9c-d9a6-4146-b2a5-80ef958485fc: cophenetic index 3004; 1.3 s; peak memory 635 MiB.
2026-10-09T03:48:54Z INFO [1338/3350] ae156cc7-b9a5-4d21-8eea-32433e904e39: cophenetic index 262884; 25.3 s; peak memory 635 MiB.
2026-10-09T03:48:55Z INFO [1339/3350] ae158531-98f7-486b-aee9-7447038587dc: cophenetic index 3215; 1.1 s; peak memory 635 MiB.
2026-10-09T03:48:56Z INFO [1340/3350] ae161529-6e4f-4cb4-b10d-d57013153fc9: cophenetic index 23510; 1.5 s; peak memory 635 MiB.
2026-10-09T03:48:58Z INFO [1341/3350] ae161fe4-061b-486a-9cb1-6be4c60c0344: cophenetic index 434; 1.2 s; peak memory 635 MiB.
2026-10-09T03:49:10Z INFO [1342/3350] ae1711f2-6804-4daf-a324-cfa083b5de21: cophenetic index 677263; 12.7 s; peak memory 635 MiB.
2026-10-09T03:49:14Z INFO [1343/3350] ae17da00-720f-4d15-a707-b9aa907623d2: cophenetic index 8258; 3.8 s; peak memory 635 MiB.
2026-10-09T03:49:16Z INFO [1344/3350] ae17ec65-cffb-4989-b004-eef06a65c580: cophenetic index 3004; 1.4 s; peak memory 635 MiB.
2026-10-09T03:49:18Z INFO [1345/3350] ae18adfe-1d4e-41b1-9318-894e76642eb8: cophenetic index 895; 2.3 s; peak memory 635 MiB.
2026-10-09T03:49:19Z INFO [1346/3350] ae18b17e-cef9-4503-8e6e-6d454df82704: cophenetic index 2625; 1.5 s; peak memory 635 MiB.
2026-10-09T03:49:21Z INFO [1347/3350] ae1a0602-e319-4fe2-982e-acaabc1cabaa: cophenetic index 626; 1.6 s; peak memory 635 MiB.
2026-10-09T03:49:22Z INFO [1348/3350] ae1b0768-9733-4362-8494-c995d5bb3620: cophenetic index 739; 0.8 s; peak memory 635 MiB.
2026-10-09T03:49:55Z INFO [1349/3350] ae1b7f05-a17c-4270-89a6-e791eb4f3a92: cophenetic index 54354032; 33.6 s; peak memory 635 MiB.
2026-10-09T03:49:57Z INFO [1350/3350] ae1b88ac-a7ef-4332-b0b6-fb362d7ef0ee: cophenetic index 3192; 1.5 s; peak memory 635 MiB.
2026-10-09T03:49:57Z INFO [1350/3350] ae1b88ac-a7ef-4332-b0b6-fb362d7ef0ee: checkpointed 130686 new records.
2026-10-09T03:49:58Z INFO [1351/3350] ae1bf98a-c407-4740-b616-da89ffa2cbdd: cophenetic index 641; 0.9 s; peak memory 635 MiB.
2026-10-09T03:50:00Z INFO [1352/3350] ae1c16b8-87a8-4a45-b0c3-44dcbb6e1add: cophenetic index 2625; 1.8 s; peak memory 635 MiB.
2026-10-09T03:50:01Z INFO [1353/3350] ae1d41bc-99b6-4b47-9bef-220aeb928c4a: cophenetic index 3057; 1.5 s; peak memory 635 MiB.
2026-10-09T03:50:02Z INFO [1354/3350] ae1e0082-05ba-4019-87d1-6b8238fbbfc3: cophenetic index 624; 1.1 s; peak memory 635 MiB.
2026-10-09T03:50:04Z INFO [1355/3350] ae1f0726-7d9d-4806-9fb7-dc9a35651e0d: cophenetic index 33986; 1.9 s; peak memory 635 MiB.
2026-10-09T03:50:13Z INFO [1356/3350] ae1fc9f0-ef6c-4504-860a-e48433da80f0: cophenetic index 228313; 9.1 s; peak memory 635 MiB.
2026-10-09T03:50:15Z INFO [1357/3350] ae1fe39a-e41e-4a58-a80a-be9af4f5c0df: cophenetic index 2625; 1.6 s; peak memory 635 MiB.
2026-10-09T03:50:16Z INFO [1358/3350] ae201abd-3240-4851-ac83-09324986dc16: cophenetic index 3087; 1.4 s; peak memory 635 MiB.
2026-10-09T03:50:18Z INFO [1359/3350] ae211b60-b29b-4621-9c04-6bd658114f4f: cophenetic index 624; 1.3 s; peak memory 635 MiB.
2026-10-09T03:50:19Z INFO [1360/3350] ae216ea8-1c35-485e-a314-edac0b038b0b: cophenetic index 624; 1.1 s; peak memory 635 MiB.
2026-10-09T03:50:21Z INFO [1361/3350] ae21d0c5-8823-49a8-af03-e558349dc958: cophenetic index 2625; 1.8 s; peak memory 635 MiB.
2026-10-09T03:50:28Z INFO [1362/3350] ae2281b3-f712-4011-b5ca-fc1a3db5a0e9: cophenetic index 96173; 7.4 s; peak memory 635 MiB.
2026-10-09T03:50:30Z INFO [1363/3350] ae22a18d-e76b-4cb3-817e-19dc10282a91: cophenetic index 2625; 1.8 s; peak memory 635 MiB.
2026-10-09T03:50:31Z INFO [1364/3350] ae22f83b-d9b7-4858-bd25-e72d2b5a41a8: cophenetic index 431; 1.2 s; peak memory 635 MiB.
2026-10-09T03:50:34Z INFO [1365/3350] ae2332f3-0860-446f-9d69-f0af965c5b18: cophenetic index 2682; 2.9 s; peak memory 635 MiB.
2026-10-09T03:50:36Z INFO [1366/3350] ae24acfc-7afa-490f-8ebc-e8864e7d6afb: cophenetic index 2625; 2.0 s; peak memory 635 MiB.
2026-10-09T03:50:37Z INFO [1367/3350] ae24d421-fa40-49a8-b928-fbe0ea0e8f8c: cophenetic index 649; 1.4 s; peak memory 635 MiB.
2026-10-09T03:50:39Z INFO [1368/3350] ae25df88-485f-452a-b8d1-7d230a7bd43f: cophenetic index 33998; 1.8 s; peak memory 635 MiB.
2026-10-09T03:50:41Z INFO [1369/3350] ae273bd4-e85e-45a1-afb7-a55437a8256d: cophenetic index 2625; 1.7 s; peak memory 635 MiB.
2026-10-09T03:50:42Z INFO [1370/3350] ae277873-e5be-4afe-b31c-e0c5e3209d41: cophenetic index 2724; 1.5 s; peak memory 635 MiB.
2026-10-09T03:50:43Z INFO [1371/3350] ae27d257-9ce4-4050-a739-c74b734e3de8: cophenetic index 624; 1.1 s; peak memory 635 MiB.
2026-10-09T03:50:45Z INFO [1372/3350] ae28b61f-7b5a-4114-a0c7-c230c77d0670: cophenetic index 581; 1.3 s; peak memory 635 MiB.
2026-10-09T03:50:46Z INFO [1373/3350] ae297374-5cd1-4601-92ea-389bb92ae040: cophenetic index 624; 1.2 s; peak memory 635 MiB.
2026-10-09T03:51:02Z INFO [1374/3350] ae29b18a-0373-40bc-b540-dc98c1beaaea: cophenetic index 492009; 15.9 s; peak memory 635 MiB.
2026-10-09T03:51:04Z INFO [1375/3350] ae29eefe-50b8-4c4b-aadd-d80f408ffc8a: cophenetic index 99114; 2.0 s; peak memory 635 MiB.
2026-10-09T03:51:05Z INFO [1376/3350] ae2c38d5-d5ea-4019-9f1a-e062abbccbac: cophenetic index 624; 1.2 s; peak memory 635 MiB.
2026-10-09T03:51:06Z INFO [1377/3350] ae2c9ece-1329-4d44-bb10-ac0674c2e0e8: cophenetic index 651; 0.9 s; peak memory 635 MiB.
2026-10-09T03:51:15Z INFO [1378/3350] ae2d1a6a-0a7f-49ee-b0cc-d8e81612bab6: cophenetic index 173584; 8.8 s; peak memory 635 MiB.
2026-10-09T03:51:17Z INFO [1379/3350] ae2e79f6-23ae-4624-a970-e8a2af900017: cophenetic index 930; 1.8 s; peak memory 635 MiB.
2026-10-09T03:51:18Z INFO [1380/3350] ae2f1340-1caa-4f66-8918-4f346f33eb60: cophenetic index 624; 1.1 s; peak memory 635 MiB.
2026-10-09T03:51:19Z INFO [1381/3350] ae2fb085-0f99-48d2-8c91-d5480d32d32d: cophenetic index 2779; 1.1 s; peak memory 635 MiB.
2026-10-09T03:51:21Z INFO [1382/3350] ae2ff6af-b846-4240-996f-b10e2ed4241b: cophenetic index 638; 1.8 s; peak memory 635 MiB.
2026-10-09T03:51:27Z INFO [1383/3350] ae304034-f16f-4fb5-9b89-7efc5b2dedae: cophenetic index 46772; 6.2 s; peak memory 635 MiB.
2026-10-09T03:51:28Z INFO [1384/3350] ae30b66e-58c7-4868-8a7a-653434937356: cophenetic index 2570; 1.5 s; peak memory 635 MiB.
2026-10-09T03:51:29Z INFO [1385/3350] ae31176e-cd6b-4151-8373-956c00eb9772: cophenetic index 624; 1.3 s; peak memory 635 MiB.
2026-10-09T03:51:31Z INFO [1386/3350] ae31c476-35d2-4ac2-ab87-2fc034750211: cophenetic index 3192; 1.4 s; peak memory 635 MiB.
2026-10-09T03:51:43Z INFO [1387/3350] ae3208e4-a4cb-4470-9863-3a4ea538ead0: cophenetic index 46939; 11.7 s; peak memory 635 MiB.
2026-10-09T03:51:51Z INFO [1388/3350] ae322d3a-0ed8-4cf1-bcd3-9f0e568b9fbd: cophenetic index 106693; 8.3 s; peak memory 635 MiB.
2026-10-09T03:51:52Z INFO [1389/3350] ae337c36-b295-4331-b7e1-f67857cd5a47: cophenetic index 627; 1.0 s; peak memory 635 MiB.
2026-10-09T03:51:59Z INFO [1390/3350] ae337fbb-4a8e-43c1-8175-cc8ac0780033: cophenetic index 33285; 7.1 s; peak memory 635 MiB.
2026-10-09T03:52:00Z INFO [1391/3350] ae33c66e-7e58-4b20-b7ea-f7e69a6ba497: cophenetic index 446; 1.0 s; peak memory 635 MiB.
2026-10-09T03:52:01Z INFO [1392/3350] ae33d0a9-e5e1-442b-8491-752ea29f0c12: cophenetic index 1736; 1.2 s; peak memory 635 MiB.
2026-10-09T03:52:04Z INFO [1393/3350] ae344136-3cc0-4737-8c90-0518d3c2c9e7: cophenetic index 2402; 2.6 s; peak memory 635 MiB.
2026-10-09T03:52:05Z INFO [1394/3350] ae3448dc-3665-4566-8654-e9e19590333e: cophenetic index 1228; 1.2 s; peak memory 635 MiB.
2026-10-09T03:52:07Z INFO [1395/3350] ae350193-d246-416c-b9c2-c3f3d63608d6: cophenetic index 2625; 1.8 s; peak memory 635 MiB.
2026-10-09T03:52:08Z INFO [1396/3350] ae35b79c-fb11-4aee-9747-8150751581a5: cophenetic index 624; 1.2 s; peak memory 635 MiB.
2026-10-09T03:52:10Z INFO [1397/3350] ae35e3a2-373f-4b8c-a3cb-ce6af2a45603: cophenetic index 18146; 1.8 s; peak memory 635 MiB.
2026-10-09T03:52:11Z INFO [1398/3350] ae36034b-73fa-4da8-8d00-7db0ec99a99e: cophenetic index 427; 1.3 s; peak memory 635 MiB.
2026-10-09T03:52:13Z INFO [1399/3350] ae37dfdf-3fd9-4fb6-ac49-a168763423c0: cophenetic index 2923; 1.5 s; peak memory 635 MiB.
2026-10-09T03:52:14Z INFO [1400/3350] ae38a4d6-2aa8-47a6-8a77-869ecfe91672: cophenetic index 1436; 1.5 s; peak memory 635 MiB.
2026-10-09T03:52:14Z INFO [1400/3350] ae38a4d6-2aa8-47a6-8a77-869ecfe91672: checkpointed 130736 new records.
2026-10-09T03:52:15Z INFO [1401/3350] ae38d9fa-e541-4a39-84c8-1283917b4c47: cophenetic index 661; 0.9 s; peak memory 635 MiB.
2026-10-09T03:52:29Z INFO [1402/3350] ae394293-88f2-4254-b522-851aea80d8fc: cophenetic index 48024; 13.9 s; peak memory 635 MiB.
2026-10-09T03:52:31Z INFO [1403/3350] ae39a86a-db11-41c1-a2a2-b572761bb859: cophenetic index 3004; 1.4 s; peak memory 635 MiB.
2026-10-09T03:52:32Z INFO [1404/3350] ae39cc8b-a6c9-4b2d-a5d5-ea4206b0043a: cophenetic index 3004; 1.5 s; peak memory 635 MiB.
2026-10-09T03:52:34Z INFO [1405/3350] ae3a2334-cb10-4d06-a645-b0bcd2b5930b: cophenetic index 766; 1.5 s; peak memory 635 MiB.
2026-10-09T03:52:35Z INFO [1406/3350] ae3a8161-1f60-40b3-9a88-dff2067fd761: cophenetic index 714; 1.8 s; peak memory 635 MiB.
2026-10-09T03:52:37Z INFO [1407/3350] ae3acd0d-ce05-4e03-affc-a8ceff3c8387: cophenetic index 2625; 1.4 s; peak memory 635 MiB.
2026-10-09T03:52:38Z INFO [1408/3350] ae3b2c8c-2f74-4316-bb9e-5a7a60eef4ef: cophenetic index 2625; 1.6 s; peak memory 635 MiB.
2026-10-09T03:52:46Z INFO [1409/3350] ae3b60ce-aca0-4b2f-aaf8-e48742efd5e2: cophenetic index 46230; 7.2 s; peak memory 635 MiB.
2026-10-09T03:52:47Z INFO [1410/3350] ae3ce276-809a-4cdf-8140-6d99d7193520: cophenetic index 649; 1.1 s; peak memory 635 MiB.
2026-10-09T03:52:49Z INFO [1411/3350] ae3ce454-77f4-4fe3-bf5a-55946ce2ca16: cophenetic index 1130; 2.1 s; peak memory 635 MiB.
2026-10-09T03:52:50Z INFO [1412/3350] ae3d5faa-fc87-46d2-b00f-5df56d7e2bb9: cophenetic index 3004; 1.4 s; peak memory 635 MiB.
2026-10-09T03:52:56Z INFO [1413/3350] ae3dee0f-721f-4f38-a7e8-2832dd8b825d: cophenetic index 36976; 5.9 s; peak memory 635 MiB.
2026-10-09T03:53:01Z INFO [1414/3350] ae3ea3c3-fb3f-414c-aabe-f77ef8d6d3b2: cophenetic index 21984; 4.8 s; peak memory 635 MiB.
2026-10-09T03:53:02Z INFO [1415/3350] ae3ed550-4180-4587-8d53-4a83eab16a62: cophenetic index 624; 1.1 s; peak memory 635 MiB.
2026-10-09T03:53:04Z INFO [1416/3350] ae3f2f47-df27-42ca-b054-95df62126b2a: cophenetic index 2570; 1.9 s; peak memory 635 MiB.
2026-10-09T03:53:05Z INFO [1417/3350] ae3f3348-c31c-417a-8130-ae1e24b9b5ec: cophenetic index 723; 1.0 s; peak memory 635 MiB.
2026-10-09T03:53:21Z INFO [1418/3350] ae3f828f-b0ff-4a1b-acfb-92c3877c7568: cophenetic index 14507294; 15.6 s; peak memory 635 MiB.
2026-10-09T03:53:23Z INFO [1419/3350] ae401676-f7e0-47f6-ba55-95329493fa2c: cophenetic index 895; 2.0 s; peak memory 635 MiB.
2026-10-09T03:53:29Z INFO [1420/3350] ae404f70-6bde-4462-8e96-b3c9eeab7d1b: cophenetic index 33285; 6.7 s; peak memory 635 MiB.
2026-10-09T03:53:37Z INFO [1421/3350] ae40e64f-15b1-46f0-850f-1a621f1a0c89: cophenetic index 97871; 8.0 s; peak memory 635 MiB.
2026-10-09T03:53:39Z INFO [1422/3350] ae41f036-6a9b-4ca0-9364-d561ff7745f7: cophenetic index 665; 1.3 s; peak memory 635 MiB.
2026-10-09T03:53:40Z INFO [1423/3350] ae41fb53-3a41-4275-94a3-14986f36ac7e: cophenetic index 624; 1.2 s; peak memory 635 MiB.
2026-10-09T03:53:43Z INFO [1424/3350] ae426cf7-4d16-4abe-91a5-8be881913982: cophenetic index 2391; 2.8 s; peak memory 635 MiB.
2026-10-09T03:53:44Z INFO [1425/3350] ae426e7c-1c13-48ce-bba2-f63bf302b64b: cophenetic index 2625; 1.6 s; peak memory 635 MiB.
2026-10-09T03:53:45Z INFO [1426/3350] ae430bf9-01fb-4b78-a935-ebb97af37a04: cophenetic index 3087; 1.2 s; peak memory 635 MiB.
2026-10-09T03:53:47Z INFO [1427/3350] ae45a38b-319a-4655-80b9-4a350e4ac3e6: cophenetic index 624; 1.1 s; peak memory 635 MiB.
2026-10-09T03:53:59Z INFO [1428/3350] ae46bb9c-760b-4baf-ae5f-2d3583f63778: cophenetic index 91252; 12.8 s; peak memory 635 MiB.
2026-10-09T03:54:01Z INFO [1429/3350] ae46de02-6c37-42a7-920d-c0f2f485fbf9: cophenetic index 624; 1.2 s; peak memory 635 MiB.
2026-10-09T03:54:02Z INFO [1430/3350] ae47a45b-7adc-4c8d-b14b-fff8f49cf5da: cophenetic index 2974; 1.4 s; peak memory 635 MiB.
2026-10-09T03:54:04Z INFO [1431/3350] ae47fb59-9d91-4158-87de-0f81092eead6: cophenetic index 3471; 2.0 s; peak memory 635 MiB.
2026-10-09T03:54:06Z INFO [1432/3350] ae485755-5e9d-43ff-b3d8-310b44e800bc: cophenetic index 42542; 2.4 s; peak memory 635 MiB.
2026-10-09T03:54:08Z INFO [1433/3350] ae4970b9-908c-4004-b27c-f45aae1c594e: cophenetic index 3004; 1.3 s; peak memory 635 MiB.
2026-10-09T03:54:10Z INFO [1434/3350] ae49c51f-1ee4-41b2-8872-76e456e3ffb2: cophenetic index 2682; 2.9 s; peak memory 635 MiB.
2026-10-09T03:54:12Z INFO [1435/3350] ae4a7797-8802-48e2-8a08-4043d0b6fcd6: cophenetic index 2105; 1.7 s; peak memory 635 MiB.
2026-10-09T03:54:14Z INFO [1436/3350] ae4af3c6-5dbc-44ba-8836-ae4e61335628: cophenetic index 3004; 1.3 s; peak memory 635 MiB.
2026-10-09T03:54:16Z INFO [1437/3350] ae4b1ab8-c2bd-4e1e-b819-cddedea1d4bf: cophenetic index 2682; 2.2 s; peak memory 635 MiB.
2026-10-09T03:54:17Z INFO [1438/3350] ae4b24bf-7243-4658-bd5b-d5740892a159: cophenetic index 624; 1.2 s; peak memory 635 MiB.
2026-10-09T03:54:27Z INFO [1439/3350] ae4bcfee-7255-4bcf-aa80-41ef9ff59045: cophenetic index 145307; 9.6 s; peak memory 635 MiB.
2026-10-09T03:54:27Z INFO [1440/3350] ae4bea37-48ed-46ff-a757-b1c1600be286: cophenetic index 490; 0.9 s; peak memory 635 MiB.
2026-10-09T03:54:34Z INFO [1441/3350] ae4ce664-5c18-4c05-b493-70e2512c0cb9: cophenetic index 13178; 6.6 s; peak memory 635 MiB.
2026-10-09T03:54:42Z INFO [1442/3350] ae4d9214-acd3-4bab-8de9-0e565df5a5aa: cophenetic index 87573; 8.4 s; peak memory 635 MiB.
2026-10-09T03:54:44Z INFO [1443/3350] ae4e6174-7338-4bb1-ae26-0663b1179cef: cophenetic index 2625; 1.7 s; peak memory 635 MiB.
2026-10-09T03:54:46Z INFO [1444/3350] ae4e87c4-127c-44fc-9943-c6db942930d6: cophenetic index 33968; 1.7 s; peak memory 635 MiB.
2026-10-09T03:54:48Z INFO [1445/3350] ae4eaca8-9636-4c02-ab9b-0577c9efd856: cophenetic index 3004; 1.7 s; peak memory 635 MiB.
2026-10-09T03:54:49Z INFO [1446/3350] ae4ebe7b-15ba-4081-9c7f-d40e8cfa8279: cophenetic index 3004; 1.6 s; peak memory 635 MiB.
2026-10-09T03:55:36Z INFO [1447/3350] ae4f13b6-9a5e-4ced-b49a-60dbfac10321: cophenetic index 322071; 47.1 s; peak memory 635 MiB.
2026-10-09T03:55:37Z INFO [1448/3350] ae4f4423-6686-472e-b7d7-cb15b79cd60f: cophenetic index 23788; 1.1 s; peak memory 635 MiB.
2026-10-09T03:55:38Z INFO [1449/3350] ae4f9e80-0744-4ba0-8e5b-dc375168a0da: cophenetic index 579; 0.9 s; peak memory 635 MiB.
2026-10-09T03:55:39Z INFO [1450/3350] ae501ccc-cb7c-4640-a6a8-65fb675a5b03: cophenetic index 624; 1.1 s; peak memory 635 MiB.
2026-10-09T03:55:40Z INFO [1450/3350] ae501ccc-cb7c-4640-a6a8-65fb675a5b03: checkpointed 130786 new records.
2026-10-09T03:55:41Z INFO [1451/3350] ae504bb6-e053-4481-8441-8a1b72c23a02: cophenetic index 605; 1.3 s; peak memory 635 MiB.
2026-10-09T03:55:43Z INFO [1452/3350] ae521106-c832-423d-8eb1-4fab6ff01202: cophenetic index 1318; 1.8 s; peak memory 635 MiB.
2026-10-09T03:55:44Z INFO [1453/3350] ae529751-9613-4145-a221-12e906044eb3: cophenetic index 431; 1.1 s; peak memory 635 MiB.
2026-10-09T03:55:45Z INFO [1454/3350] ae52ca1f-eedd-4a3f-857a-25fb3f73ff78: cophenetic index 431; 1.1 s; peak memory 635 MiB.
2026-10-09T03:55:47Z INFO [1455/3350] ae52dda0-fa6d-4d24-b95f-b1dbc1458fe9: cophenetic index 33998; 2.4 s; peak memory 635 MiB.
2026-10-09T03:55:49Z INFO [1456/3350] ae544819-9627-4e3b-ab52-e9783d66ef7e: cophenetic index 23200; 1.7 s; peak memory 635 MiB.
2026-10-09T03:55:50Z INFO [1457/3350] ae5448a5-3fce-46e7-ad8c-98336345f9c7: cophenetic index 3004; 1.2 s; peak memory 635 MiB.
2026-10-09T03:55:54Z INFO [1458/3350] ae546913-7a54-4532-ab76-1f71c334a7e8: cophenetic index 164522; 4.1 s; peak memory 635 MiB.
2026-10-09T03:55:56Z INFO [1459/3350] ae5474a0-3e8a-4acb-9414-53fe3ab5bdba: cophenetic index 1614; 1.8 s; peak memory 635 MiB.
2026-10-09T03:55:58Z INFO [1460/3350] ae548667-962d-4978-becf-da2b4100319d: cophenetic index 33818; 1.9 s; peak memory 635 MiB.
2026-10-09T03:56:02Z INFO [1461/3350] ae55fb4c-9eea-49c9-b2aa-42c9dd964506: cophenetic index 6309; 4.4 s; peak memory 635 MiB.
2026-10-09T03:56:06Z INFO [1462/3350] ae5638d4-29b1-4eb6-9382-c81aabc71f64: cophenetic index 910; 3.3 s; peak memory 635 MiB.
2026-10-09T03:56:07Z INFO [1463/3350] ae57d805-eab3-4245-aeb3-e99d42c05732: cophenetic index 431; 1.0 s; peak memory 635 MiB.
2026-10-09T03:56:08Z INFO [1464/3350] ae587f8c-8e75-47ba-b00f-980381525dc6: cophenetic index 2625; 1.8 s; peak memory 635 MiB.
2026-10-09T03:56:16Z INFO [1465/3350] ae58bc73-1f22-4e3d-9205-c37fd0edd42a: cophenetic index 98877; 8.0 s; peak memory 635 MiB.
2026-10-09T03:56:18Z INFO [1466/3350] ae58f5fe-2dff-4a76-ab83-4d555247dd0b: cophenetic index 99120; 1.8 s; peak memory 635 MiB.
2026-10-09T03:56:20Z INFO [1467/3350] ae5979ab-c148-4b9f-862f-c85ce5eef914: cophenetic index 3087; 1.3 s; peak memory 635 MiB.
2026-10-09T03:56:21Z INFO [1468/3350] ae598746-f52c-4113-b5f6-a538c9f542e1: cophenetic index 2974; 1.3 s; peak memory 635 MiB.
2026-10-09T03:56:37Z INFO [1469/3350] ae59b106-9e80-43a5-897e-c3b311573eb4: cophenetic index 468628; 15.7 s; peak memory 635 MiB.
2026-10-09T03:56:38Z INFO [1470/3350] ae5adb5e-4210-4cca-9674-b9af6912d490: cophenetic index 791; 1.5 s; peak memory 635 MiB.
2026-10-09T03:56:40Z INFO [1471/3350] ae5adb7a-c74f-4952-a874-67b3e79819b8: cophenetic index 2570; 1.5 s; peak memory 635 MiB.
2026-10-09T03:56:41Z INFO [1472/3350] ae5c2e51-fb5e-4aa3-b41e-d31e25edbb01: cophenetic index 624; 1.2 s; peak memory 635 MiB.
2026-10-09T03:56:42Z INFO [1473/3350] ae5c6a5b-163c-41bd-8cb6-8c04b691e272: cophenetic index 433; 0.8 s; peak memory 635 MiB.
2026-10-09T03:56:44Z INFO [1474/3350] ae5c83ef-3fb1-48e0-8696-f28daa2a1a49: cophenetic index 2682; 2.7 s; peak memory 635 MiB.
2026-10-09T03:56:47Z INFO [1475/3350] ae5d3595-1d12-4b58-b614-525e3f6b40f6: cophenetic index 99150; 2.5 s; peak memory 635 MiB.
2026-10-09T03:56:54Z INFO [1476/3350] ae5d47ac-d900-49ed-b9a2-b97ec2800364: cophenetic index 6715; 6.9 s; peak memory 635 MiB.
2026-10-09T03:56:55Z INFO [1477/3350] ae5d9172-d3f9-4ccd-9137-efaddb327c9b: cophenetic index 2625; 1.6 s; peak memory 635 MiB.
2026-10-09T03:56:57Z INFO [1478/3350] ae5e98be-b245-4509-9e10-ccce8c98299b: cophenetic index 431; 1.3 s; peak memory 635 MiB.
2026-10-09T03:56:58Z INFO [1479/3350] ae5ee4d2-2ab5-4fc6-a614-88ddcbec86c5: cophenetic index 2119; 1.0 s; peak memory 635 MiB.
2026-10-09T03:56:59Z INFO [1480/3350] ae5f0f3b-9496-426c-88ba-95aa35ebab23: cophenetic index 2625; 1.6 s; peak memory 635 MiB.
2026-10-09T03:57:01Z INFO [1481/3350] ae5f3e8a-8c6f-42d7-a9cd-1a18ed40e6f0: cophenetic index 3004; 1.4 s; peak memory 635 MiB.
2026-10-09T03:57:01Z INFO [1482/3350] ae5fb8b3-dc97-4ef4-9c3d-9c126c7f9983: cophenetic index 651; 0.8 s; peak memory 635 MiB.
2026-10-09T03:57:03Z INFO [1483/3350] ae5fef48-ae47-4d8b-9c86-5d6976871493: cophenetic index 2625; 1.7 s; peak memory 635 MiB.
2026-10-09T03:57:08Z INFO [1484/3350] ae605dc1-d4bf-4d3b-8ffc-efbd417d1431: cophenetic index 15476; 4.8 s; peak memory 635 MiB.
2026-10-09T03:57:09Z INFO [1485/3350] ae6155ba-d1b2-4690-a352-ba0a1e805f85: cophenetic index 433; 0.9 s; peak memory 635 MiB.
2026-10-09T03:57:11Z INFO [1486/3350] ae63d9f1-7056-4200-915d-9bbcfe0aef68: cophenetic index 33968; 1.7 s; peak memory 635 MiB.
2026-10-09T03:57:13Z INFO [1487/3350] ae64d4ba-d95f-4c76-ae5c-46724a001c25: cophenetic index 23853; 2.0 s; peak memory 635 MiB.
2026-10-09T03:57:15Z INFO [1488/3350] ae64f657-0b1d-41eb-afcf-1a5e14f42aa4: cophenetic index 2477; 2.5 s; peak memory 635 MiB.
2026-10-09T03:57:23Z INFO [1489/3350] ae65d9d0-93f7-484e-b583-8cd7bb2259f6: cophenetic index 33579; 7.5 s; peak memory 635 MiB.
2026-10-09T03:57:24Z INFO [1490/3350] ae66c069-6feb-4bb3-b820-130e3b3fdadd: cophenetic index 447; 1.2 s; peak memory 635 MiB.
2026-10-09T03:57:26Z INFO [1491/3350] ae676f62-06e6-471d-a368-a457ea31636c: cophenetic index 33998; 2.1 s; peak memory 635 MiB.
2026-10-09T03:57:28Z INFO [1492/3350] ae67804e-3273-4898-b567-580a8c9396c4: cophenetic index 1558; 1.5 s; peak memory 635 MiB.
2026-10-09T03:57:29Z INFO [1493/3350] ae67e1e8-2c5b-4c75-b782-813349e93fb5: cophenetic index 2625; 1.6 s; peak memory 635 MiB.
2026-10-09T03:57:30Z INFO [1494/3350] ae685096-e64b-4683-8dfb-288984f8f281: cophenetic index 3004; 1.4 s; peak memory 635 MiB.
2026-10-09T03:57:36Z INFO [1495/3350] ae69048a-5ecc-468a-933a-64d0a3a24445: cophenetic index 9181; 5.6 s; peak memory 635 MiB.
2026-10-09T03:57:38Z INFO [1496/3350] ae690bcf-d9e1-497e-8d5e-f3324da72de6: cophenetic index 2570; 2.1 s; peak memory 635 MiB.
2026-10-09T03:57:42Z INFO [1497/3350] ae693288-846a-4722-a88a-82917d399ae9: cophenetic index 12065; 3.6 s; peak memory 635 MiB.
2026-10-09T03:57:43Z INFO [1498/3350] ae693ea1-ae4d-4cd9-bfc0-88406a1cbd56: cophenetic index 2932; 1.5 s; peak memory 635 MiB.
2026-10-09T03:57:47Z INFO [1499/3350] ae694758-02e6-41db-84e5-e5116e11fc0b: cophenetic index 4015; 3.5 s; peak memory 635 MiB.
2026-10-09T03:57:48Z INFO [1500/3350] ae69559f-5cd0-46ce-83b8-ec3d0c92774c: cophenetic index 624; 1.3 s; peak memory 635 MiB.
2026-10-09T03:57:48Z INFO [1500/3350] ae69559f-5cd0-46ce-83b8-ec3d0c92774c: checkpointed 130836 new records.
2026-10-09T03:57:51Z INFO [1501/3350] ae696a1c-a2db-426d-b677-07e8310bcf01: cophenetic index 2573; 2.9 s; peak memory 635 MiB.
2026-10-09T03:57:52Z INFO [1502/3350] ae69ff7b-2382-4ca8-bc8a-3faf6fc3978a: cophenetic index 624; 1.1 s; peak memory 635 MiB.
2026-10-09T03:57:54Z INFO [1503/3350] ae6a216c-497b-4574-a9c2-73db80cb44f3: cophenetic index 33998; 1.8 s; peak memory 635 MiB.
2026-10-09T03:58:01Z INFO [1504/3350] ae6a2df8-62ca-4419-9037-78bd7f8aaaf7: cophenetic index 113850; 7.3 s; peak memory 635 MiB.
2026-10-09T03:58:03Z INFO [1505/3350] ae6aaae2-cc0f-4def-95dc-b19f37366bbc: cophenetic index 33986; 1.6 s; peak memory 635 MiB.
2026-10-09T03:58:04Z INFO [1506/3350] ae6aacec-26c6-495f-8958-6eed81d53de6: cophenetic index 624; 1.1 s; peak memory 635 MiB.
2026-10-09T03:58:06Z INFO [1507/3350] ae6ac843-26b3-4b5f-b2db-e6000c3297d4: cophenetic index 2625; 1.9 s; peak memory 635 MiB.
2026-10-09T03:58:07Z INFO [1508/3350] ae6ae585-73e8-4611-8af5-98e4aa9fa315: cophenetic index 3087; 1.6 s; peak memory 635 MiB.
2026-10-09T03:58:09Z INFO [1509/3350] ae6aeca5-9959-400a-9219-f8989baeb4c5: cophenetic index 624; 1.2 s; peak memory 635 MiB.
2026-10-09T03:58:10Z INFO [1510/3350] ae6bf28b-47e0-42bc-b084-54461be75848: cophenetic index 624; 1.2 s; peak memory 635 MiB.
2026-10-09T03:58:12Z INFO [1511/3350] ae6c332b-5efb-4f37-92fd-79b3b081caa4: cophenetic index 972; 1.7 s; peak memory 635 MiB.
2026-10-09T03:58:17Z INFO [1512/3350] ae6c6273-cbea-48bb-aec1-e51fde2d5cc4: cophenetic index 14234; 5.0 s; peak memory 635 MiB.
2026-10-09T03:58:21Z INFO [1513/3350] ae6e1462-9ea5-4b1b-a05a-6974543289c9: cophenetic index 27647; 4.8 s; peak memory 635 MiB.
2026-10-09T03:58:23Z INFO [1514/3350] ae6e7013-ffe9-4b25-a3a4-8b159846996b: cophenetic index 2056; 1.9 s; peak memory 635 MiB.
2026-10-09T03:58:25Z INFO [1515/3350] ae6e7c7d-ff24-4ff2-ad7e-69fe656d7eec: cophenetic index 99138; 2.2 s; peak memory 635 MiB.
2026-10-09T03:58:28Z INFO [1516/3350] ae6e8b61-473f-4a39-9b8a-98b23e888120: cophenetic index 1255; 2.9 s; peak memory 635 MiB.
2026-10-09T03:58:36Z INFO [1517/3350] ae6f7b6c-b29c-4f42-876d-df977d025e59: cophenetic index 59728; 8.1 s; peak memory 635 MiB.
2026-10-09T03:58:42Z INFO [1518/3350] ae6fad95-c95f-4a2f-838e-7c29e750ef5b: cophenetic index 46397; 5.6 s; peak memory 635 MiB.
2026-10-09T03:58:45Z INFO [1519/3350] ae6fc64e-7fa0-4219-b34a-ac309b4ceee1: cophenetic index 4015; 3.3 s; peak memory 635 MiB.
2026-10-09T03:58:46Z INFO [1520/3350] ae6fed85-984e-472b-a436-e1a5799aa2ce: cophenetic index 164; 0.9 s; peak memory 635 MiB.
2026-10-09T03:58:47Z INFO [1521/3350] ae704b05-a2e9-4865-902e-6caf20a080e6: cophenetic index 560; 0.9 s; peak memory 635 MiB.
2026-10-09T03:58:49Z INFO [1522/3350] ae706011-e37c-4653-8a14-a4d1651a7be8: cophenetic index 2974; 1.6 s; peak memory 635 MiB.
2026-10-09T03:58:50Z INFO [1523/3350] ae707414-0215-461a-b050-6924f4520df7: cophenetic index 624; 1.2 s; peak memory 635 MiB.
2026-10-09T03:58:51Z INFO [1524/3350] ae70b210-a3b9-4c4a-8623-f775780ad2dd: cophenetic index 431; 1.3 s; peak memory 635 MiB.
2026-10-09T03:58:53Z INFO [1525/3350] ae70c62f-9900-4dc5-96da-326ece76781a: cophenetic index 33968; 1.7 s; peak memory 635 MiB.
2026-10-09T03:58:54Z INFO [1526/3350] ae710c46-db29-45ea-ba54-b55e4f12b207: cophenetic index 164; 0.8 s; peak memory 635 MiB.
2026-10-09T03:58:55Z INFO [1527/3350] ae715e80-901f-4493-8a6a-652b576e9b32: cophenetic index 2570; 2.0 s; peak memory 635 MiB.
2026-10-09T03:58:57Z INFO [1528/3350] ae71c2a0-e593-4abe-a192-f698ef2b64f0: cophenetic index 3004; 1.4 s; peak memory 635 MiB.
2026-10-09T03:58:58Z INFO [1529/3350] ae735f85-55ef-4668-a303-106f5f039fc8: cophenetic index 624; 1.1 s; peak memory 635 MiB.
2026-10-09T03:59:04Z INFO [1530/3350] ae73889e-1302-480b-8d6c-f9de60acf116: cophenetic index 9298; 6.1 s; peak memory 635 MiB.
2026-10-09T03:59:06Z INFO [1531/3350] ae7413b7-0e00-4595-bd79-2f270241ed67: cophenetic index 2570; 1.5 s; peak memory 635 MiB.
2026-10-09T03:59:07Z INFO [1532/3350] ae76c6fa-d851-421b-b7e0-1203635cf685: cophenetic index 624; 1.1 s; peak memory 635 MiB.
2026-10-09T03:59:08Z INFO [1533/3350] ae76e1e6-eaa3-4b20-be81-13c5884148cf: cophenetic index 3004; 1.4 s; peak memory 635 MiB.
2026-10-09T03:59:10Z INFO [1534/3350] ae778f65-ad0e-4ca4-b8d4-fc04a7e1aede: cophenetic index 2625; 1.6 s; peak memory 635 MiB.
2026-10-09T03:59:11Z INFO [1535/3350] ae77b7a6-6b61-4295-ae9a-90dcd3ddeb6a: cophenetic index 2551; 1.2 s; peak memory 635 MiB.
2026-10-09T03:59:12Z INFO [1536/3350] ae78e762-b39c-4a3d-9ddf-64fac10e95fd: cophenetic index 624; 1.3 s; peak memory 635 MiB.
2026-10-09T03:59:14Z INFO [1537/3350] ae798f78-c53d-4bf8-845c-8eb83c21cdee: cophenetic index 33998; 2.0 s; peak memory 635 MiB.
2026-10-09T03:59:16Z INFO [1538/3350] ae7990f9-0151-48b9-95a0-ef6bd299f591: cophenetic index 23250; 1.4 s; peak memory 635 MiB.
2026-10-09T03:59:18Z INFO [1539/3350] ae79967e-b1db-4ea0-80c6-447cceee535e: cophenetic index 2469; 2.9 s; peak memory 635 MiB.
2026-10-09T03:59:20Z INFO [1540/3350] ae79e129-fcd9-410c-b070-29aa3167ac52: cophenetic index 2625; 2.0 s; peak memory 635 MiB.
2026-10-09T03:59:21Z INFO [1541/3350] ae79e139-1f50-44e7-805b-fd54299e4679: cophenetic index 490; 0.8 s; peak memory 635 MiB.
2026-10-09T03:59:24Z INFO [1542/3350] ae7a0d9e-c6c7-4c04-85d9-e7289ff84549: cophenetic index 2402; 2.7 s; peak memory 635 MiB.
2026-10-09T03:59:25Z INFO [1543/3350] ae7ab851-6410-43ec-978f-f0180abcd878: cophenetic index 624; 1.2 s; peak memory 635 MiB.
2026-10-09T04:01:01Z INFO [1544/3350] ae7af48c-465b-4ae8-af29-c773c9e2aff2: cophenetic index 30194834; 95.8 s; peak memory 635 MiB.
2026-10-09T04:01:03Z INFO [1545/3350] ae7c7948-a173-4c57-8e60-0e854a010528: cophenetic index 3087; 1.6 s; peak memory 635 MiB.
2026-10-09T04:01:03Z INFO [1546/3350] ae7c9e2f-a32c-4dd1-8837-53b252439ebc: cophenetic index 567; 0.9 s; peak memory 635 MiB.
2026-10-09T04:01:05Z INFO [1547/3350] ae7deb82-164d-4fa9-9f20-a11141d42ae1: cophenetic index 2625; 1.7 s; peak memory 635 MiB.
2026-10-09T04:01:07Z INFO [1548/3350] ae7df4eb-19b5-4261-a4dd-51cc8bfa3e82: cophenetic index 3004; 1.4 s; peak memory 635 MiB.
2026-10-09T04:01:08Z INFO [1549/3350] ae7e2751-12e4-4b5f-9e60-4b938ace949e: cophenetic index 624; 1.2 s; peak memory 635 MiB.
2026-10-09T04:01:09Z INFO [1550/3350] ae7e411c-ad3f-4fed-935a-c53c6206c912: cophenetic index 3004; 1.6 s; peak memory 635 MiB.
2026-10-09T04:01:10Z INFO [1550/3350] ae7e411c-ad3f-4fed-935a-c53c6206c912: checkpointed 130886 new records.
2026-10-09T04:01:17Z INFO [1551/3350] ae7e6c97-f465-4378-abd7-3e4456633cd0: cophenetic index 87573; 7.8 s; peak memory 635 MiB.
2026-10-09T04:01:19Z INFO [1552/3350] ae7eb518-6832-4875-869f-d8b22b0d9661: cophenetic index 573; 1.7 s; peak memory 635 MiB.
2026-10-09T04:01:21Z INFO [1553/3350] ae7f7baa-050c-49a4-a232-6fa483f3f657: cophenetic index 1781; 1.3 s; peak memory 635 MiB.
2026-10-09T04:01:24Z INFO [1554/3350] ae7fc47e-f589-43dd-a261-03a2beb4b13e: cophenetic index 8258; 3.4 s; peak memory 635 MiB.
2026-10-09T04:01:25Z INFO [1555/3350] ae804fd4-b267-4642-ab7a-af74bd6f2cbf: cophenetic index 3192; 1.4 s; peak memory 635 MiB.
2026-10-09T04:01:31Z INFO [1556/3350] ae8163ae-4517-4be0-9e40-6f6e2de7bbe9: cophenetic index 37688; 5.4 s; peak memory 635 MiB.
2026-10-09T04:01:32Z INFO [1557/3350] ae81c9f1-82ad-4a0f-8848-321b2bd0cde7: cophenetic index 3004; 1.3 s; peak memory 635 MiB.
2026-10-09T04:01:34Z INFO [1558/3350] ae81fd66-95e6-4076-baec-d9bfedec2d75: cophenetic index 33968; 1.6 s; peak memory 635 MiB.
2026-10-09T04:01:35Z INFO [1559/3350] ae830ee8-d263-4fe1-aff8-8ee01a3af5d7: cophenetic index 1949; 1.6 s; peak memory 635 MiB.
2026-10-09T04:01:36Z INFO [1560/3350] ae832987-3bf8-416f-b4f4-294921be94ef: cophenetic index 605; 1.2 s; peak memory 635 MiB.
2026-10-09T04:01:38Z INFO [1561/3350] ae8377ef-c94d-47f8-9c93-76804500dd13: cophenetic index 3057; 1.4 s; peak memory 635 MiB.
2026-10-09T04:01:39Z INFO [1562/3350] ae839db6-1326-42db-a3dd-461e72642fab: cophenetic index 624; 1.2 s; peak memory 635 MiB.
2026-10-09T04:01:40Z INFO [1563/3350] ae83b706-0742-4be3-abed-8dcba2e05695: cophenetic index 1228; 1.1 s; peak memory 635 MiB.
2026-10-09T04:01:41Z INFO [1564/3350] ae84bcd6-497c-4a3c-9029-fd4ce35fcf85: cophenetic index 494; 1.1 s; peak memory 635 MiB.
2026-10-09T04:01:43Z INFO [1565/3350] ae85b93d-ebc7-43d7-aec8-6ab067c71637: cophenetic index 2974; 1.4 s; peak memory 635 MiB.
2026-10-09T04:01:44Z INFO [1566/3350] ae85bd46-a00f-4c6c-8feb-1ec7022d760b: cophenetic index 624; 1.1 s; peak memory 635 MiB.
2026-10-09T04:01:45Z INFO [1567/3350] ae85ec1e-7a3e-421a-840e-9daa3cec780b: cophenetic index 3004; 1.3 s; peak memory 635 MiB.
2026-10-09T04:01:46Z INFO [1568/3350] ae8651c9-0218-42a3-ad4c-22607ef0bb95: cophenetic index 579; 0.9 s; peak memory 635 MiB.
2026-10-09T04:01:47Z INFO [1569/3350] ae872212-c30e-490c-97d6-597488893ddf: cophenetic index 958; 1.3 s; peak memory 635 MiB.
2026-10-09T04:01:56Z INFO [1570/3350] ae87f934-c993-4fa3-b2a5-5c7ae6809524: cophenetic index 128317; 9.0 s; peak memory 635 MiB.
2026-10-09T04:01:58Z INFO [1571/3350] ae88246e-0aa2-4d7a-9cf2-1b5500239b9a: cophenetic index 1087; 1.7 s; peak memory 635 MiB.
2026-10-09T04:02:00Z INFO [1572/3350] ae887c9f-d908-4cec-a4c4-4c076ec92e13: cophenetic index 3004; 1.5 s; peak memory 635 MiB.
2026-10-09T04:02:08Z INFO [1573/3350] ae8947fe-b965-4c7a-a42e-aeaed3b5c126: cophenetic index 77230; 8.0 s; peak memory 635 MiB.
2026-10-09T04:02:09Z INFO [1574/3350] ae899e94-1d4e-4338-84bc-a8aed92c57d0: cophenetic index 379; 0.9 s; peak memory 635 MiB.
2026-10-09T04:02:10Z INFO [1575/3350] ae89c241-be93-495d-9227-f1ef13298012: cophenetic index 2625; 1.5 s; peak memory 635 MiB.
2026-10-09T04:02:11Z INFO [1576/3350] ae8a2352-8259-46ab-a8ae-c9af7ee92ff2: cophenetic index 665; 1.2 s; peak memory 635 MiB.
2026-10-09T04:02:13Z INFO [1577/3350] ae8a30f1-74f9-4190-be34-19ac8abd6c90: cophenetic index 1087; 1.6 s; peak memory 635 MiB.
2026-10-09T04:02:14Z INFO [1578/3350] ae8a42ad-86ad-4cb8-b161-0df165fb18c4: cophenetic index 620; 1.6 s; peak memory 635 MiB.
2026-10-09T04:02:16Z INFO [1579/3350] ae8b4e2f-ac89-49f5-9a9c-cc335953c3f9: cophenetic index 33968; 1.8 s; peak memory 635 MiB.
2026-10-09T04:02:17Z INFO [1580/3350] ae8b555b-62e9-42d0-8480-7c1b90159383: cophenetic index 431; 1.2 s; peak memory 635 MiB.
2026-10-09T04:02:19Z INFO [1581/3350] ae8c3508-f07d-4394-b988-ff9f69835c5e: cophenetic index 1470; 1.3 s; peak memory 635 MiB.
2026-10-09T04:02:20Z INFO [1582/3350] ae8c7df0-5bd1-4298-acd0-ab14027d5374: cophenetic index 624; 1.3 s; peak memory 635 MiB.
2026-10-09T04:02:21Z INFO [1583/3350] ae8cc296-4e69-42e0-bdcd-de1871e4c781: cophenetic index 690; 1.1 s; peak memory 635 MiB.
2026-10-09T04:02:23Z INFO [1584/3350] ae8d5e6e-f5d4-48ff-9165-b60de66eae25: cophenetic index 1949; 1.6 s; peak memory 635 MiB.
2026-10-09T04:02:24Z INFO [1585/3350] ae8d8f4c-9100-4f6f-b816-62f19a8f2e7d: cophenetic index 624; 1.1 s; peak memory 635 MiB.
2026-10-09T04:02:30Z INFO [1586/3350] ae8deb43-d8c0-4611-840c-fb47f036689d: cophenetic index 9548; 6.5 s; peak memory 635 MiB.
2026-10-09T04:02:32Z INFO [1587/3350] ae8ed6ae-dab8-46bf-b37e-633fbe928c06: cophenetic index 33818; 1.8 s; peak memory 635 MiB.
2026-10-09T04:02:33Z INFO [1588/3350] ae8ef061-3437-4b2c-a7cb-dbe928975003: cophenetic index 490; 0.8 s; peak memory 635 MiB.
2026-10-09T04:02:34Z INFO [1589/3350] ae8f6a50-4a69-49d7-bc93-871b8690640c: cophenetic index 624; 1.2 s; peak memory 635 MiB.
2026-10-09T04:02:36Z INFO [1590/3350] ae8f75f0-02c3-4084-9269-36e1af67e1f9: cophenetic index 23393; 1.6 s; peak memory 635 MiB.
2026-10-09T04:02:37Z INFO [1591/3350] ae8f81ec-e3a5-4dac-a63b-1f67d64b4466: cophenetic index 3004; 1.3 s; peak memory 635 MiB.
2026-10-09T04:02:46Z INFO [1592/3350] ae905014-082c-4a0c-8add-80815e3ae2cc: cophenetic index 252064; 9.2 s; peak memory 635 MiB.
2026-10-09T04:02:48Z INFO [1593/3350] ae906253-76bd-44a5-bb38-22721ec717f2: cophenetic index 2625; 1.6 s; peak memory 635 MiB.
2026-10-09T04:02:49Z INFO [1594/3350] ae90c0c5-646c-4b5a-93f2-51c91e9d6b9a: cophenetic index 3004; 1.6 s; peak memory 635 MiB.
2026-10-09T04:02:59Z INFO [1595/3350] ae90e3a4-c73c-4fcc-8967-b56e97b073ab: cophenetic index 153936; 9.8 s; peak memory 635 MiB.
2026-10-09T04:03:01Z INFO [1596/3350] ae90fdfe-2881-444c-bdd9-b7c13d1e110a: cophenetic index 2974; 1.4 s; peak memory 635 MiB.
2026-10-09T04:03:06Z INFO [1597/3350] ae913d25-e6ce-4892-8c5d-1850c8924118: cophenetic index 18735; 5.1 s; peak memory 635 MiB.
2026-10-09T04:03:08Z INFO [1598/3350] ae919b94-e2b7-4b8c-8b97-8f6b9b11d33e: cophenetic index 33998; 1.9 s; peak memory 635 MiB.
2026-10-09T04:03:09Z INFO [1599/3350] ae91c16c-3232-49fc-9e81-6c214a230f94: cophenetic index 3087; 1.2 s; peak memory 635 MiB.
2026-10-09T04:03:10Z INFO [1600/3350] ae92bb31-2d0e-4931-a715-fdb00b667385: cophenetic index 3004; 1.5 s; peak memory 635 MiB.
2026-10-09T04:03:11Z INFO [1600/3350] ae92bb31-2d0e-4931-a715-fdb00b667385: checkpointed 130936 new records.
2026-10-09T04:03:12Z INFO [1601/3350] ae930b03-2361-4c56-a986-469018cdf9b7: cophenetic index 624; 1.0 s; peak memory 635 MiB.
2026-10-09T04:03:13Z INFO [1602/3350] ae934344-a3b2-484c-acbe-601f1b9b80a8: cophenetic index 3004; 1.4 s; peak memory 635 MiB.
2026-10-09T04:03:23Z INFO [1603/3350] ae93527a-9d13-408b-9cbe-80d5b69b3a2c: cophenetic index 520159; 9.6 s; peak memory 635 MiB.
2026-10-09T04:03:35Z INFO [1604/3350] ae944543-433f-4168-a69e-e5424f62f252: cophenetic index 195172714; 11.9 s; peak memory 635 MiB.
2026-10-09T04:03:36Z INFO [1605/3350] ae944699-4fc8-40bb-b7cc-103875d65ac1: cophenetic index 624; 1.1 s; peak memory 635 MiB.
2026-10-09T04:03:37Z INFO [1606/3350] ae948775-15fe-460b-a510-ece7a43dce14: cophenetic index 624; 1.0 s; peak memory 635 MiB.
2026-10-09T04:03:38Z INFO [1607/3350] ae94e65a-31d9-493c-93e1-4e8e6de11a37: cophenetic index 766; 1.4 s; peak memory 635 MiB.
2026-10-09T04:03:40Z INFO [1608/3350] ae956878-0605-4087-8a4f-944ccdd14aa1: cophenetic index 2974; 1.5 s; peak memory 635 MiB.
2026-10-09T04:03:43Z INFO [1609/3350] ae966b42-50e1-40e0-8c20-6c407d05bca5: cophenetic index 5499; 3.5 s; peak memory 635 MiB.
2026-10-09T04:03:44Z INFO [1610/3350] ae985111-6db7-4170-998d-e100f543ec5e: cophenetic index 665; 1.2 s; peak memory 635 MiB.
2026-10-09T04:03:46Z INFO [1611/3350] ae993798-6d51-4b43-96f7-306b0a680fa4: cophenetic index 581; 1.6 s; peak memory 635 MiB.
2026-10-09T04:03:47Z INFO [1612/3350] ae996816-9fab-4db8-994f-c63a1a215568: cophenetic index 23720; 1.7 s; peak memory 635 MiB.
2026-10-09T04:03:49Z INFO [1613/3350] ae99bb14-4a76-4917-8659-7d41f7167d22: cophenetic index 624; 1.1 s; peak memory 635 MiB.
2026-10-09T04:03:49Z INFO [1614/3350] ae99cf6d-b44d-4624-9575-2d76ca3662cf: cophenetic index 490; 0.8 s; peak memory 635 MiB.
2026-10-09T04:03:51Z INFO [1615/3350] ae9aadcf-0ed4-48ec-8f5f-76dfa0493787: cophenetic index 766; 1.5 s; peak memory 635 MiB.
2026-10-09T04:04:02Z INFO [1616/3350] ae9b7009-3a1b-4414-8020-e4d0a74e8097: cophenetic index 47144; 11.5 s; peak memory 635 MiB.
2026-10-09T04:04:04Z INFO [1617/3350] ae9c1ea1-96ce-462c-9f8b-073ef926f007: cophenetic index 23364; 1.4 s; peak memory 635 MiB.
2026-10-09T04:04:06Z INFO [1618/3350] ae9c4e76-5c66-4100-a3df-4fdc99bbb79d: cophenetic index 613; 2.2 s; peak memory 635 MiB.
2026-10-09T04:04:07Z INFO [1619/3350] ae9c5509-5bf9-492c-adf7-14d3eb299618: cophenetic index 490; 0.8 s; peak memory 635 MiB.
2026-10-09T04:04:08Z INFO [1620/3350] ae9ce5db-4f7f-4b11-9f19-242bd38e79d6: cophenetic index 624; 1.1 s; peak memory 635 MiB.
2026-10-09T04:04:09Z INFO [1621/3350] ae9dbde6-4719-4d33-be90-69327bd5dd49: cophenetic index 624; 1.1 s; peak memory 635 MiB.
2026-10-09T04:04:12Z INFO [1622/3350] ae9dcc58-79d4-4d56-b253-77a8bcde99f8: cophenetic index 2402; 3.2 s; peak memory 635 MiB.
2026-10-09T04:04:15Z INFO [1623/3350] ae9e28f5-30f0-4bd0-ad99-be9448113874: cophenetic index 2402; 2.9 s; peak memory 635 MiB.
2026-10-09T04:04:21Z INFO [1624/3350] ae9ece93-388f-482f-94d7-cd3d90689c9d: cophenetic index 33273; 6.0 s; peak memory 635 MiB.
2026-10-09T04:04:28Z INFO [1625/3350] ae9fc466-5de0-42f2-92aa-eee12ad0290f: cophenetic index 6800; 6.4 s; peak memory 635 MiB.
2026-10-09T04:04:29Z INFO [1626/3350] aea0eaa8-380c-4847-9b83-76bca1905e8f: cophenetic index 624; 1.1 s; peak memory 635 MiB.
2026-10-09T04:04:36Z INFO [1627/3350] aea11ffb-647d-4caa-a765-6dfc4af391a7: cophenetic index 108702; 7.8 s; peak memory 635 MiB.
2026-10-09T04:04:38Z INFO [1628/3350] aea1d582-44f8-40ba-9bf4-e1091e3a6306: cophenetic index 624; 1.1 s; peak memory 635 MiB.
2026-10-09T04:04:39Z INFO [1629/3350] aea221a8-cb31-4709-8022-2177094f9aca: cophenetic index 2974; 1.7 s; peak memory 635 MiB.
2026-10-09T04:04:45Z INFO [1630/3350] aea22b70-0b7a-4630-96d5-39a596051495: cophenetic index 9548; 5.6 s; peak memory 635 MiB.
2026-10-09T04:04:47Z INFO [1631/3350] aea25dd3-b5ca-4869-bbb3-426327da7cca: cophenetic index 2132; 1.9 s; peak memory 635 MiB.
2026-10-09T04:04:48Z INFO [1632/3350] aea27820-a7fc-4beb-b6fa-8f0782906164: cophenetic index 23510; 1.6 s; peak memory 635 MiB.
2026-10-09T04:04:50Z INFO [1633/3350] aea283c2-b2bb-456d-b266-1cc5235aa56b: cophenetic index 8788; 1.6 s; peak memory 635 MiB.
2026-10-09T04:04:52Z INFO [1634/3350] aea3fad1-4924-4a49-97d1-caa52c8aa5af: cophenetic index 2019; 2.4 s; peak memory 635 MiB.
2026-10-09T04:04:54Z INFO [1635/3350] aea449a9-cd2f-47b4-9029-b087f4b7052e: cophenetic index 3004; 1.4 s; peak memory 635 MiB.
2026-10-09T04:04:55Z INFO [1636/3350] aea4d503-4371-4e07-8203-e7abb5a82fd9: cophenetic index 624; 1.2 s; peak memory 635 MiB.
2026-10-09T04:05:01Z INFO [1637/3350] aea52328-ae9f-4777-a771-e4d41eadaf75: cophenetic index 58694; 6.0 s; peak memory 635 MiB.
2026-10-09T04:05:07Z INFO [1638/3350] aea5c4c6-3532-4687-8e09-53ca0c7d8a46: cophenetic index 9548; 6.0 s; peak memory 635 MiB.
2026-10-09T04:05:11Z INFO [1639/3350] aea877b2-a6fc-4d39-b0ee-f58e5ee3f1bb: cophenetic index 5473; 3.6 s; peak memory 635 MiB.
2026-10-09T04:05:13Z INFO [1640/3350] aea919f1-1f7e-4bed-adc7-fbd33ddaf967: cophenetic index 1408; 1.9 s; peak memory 635 MiB.
2026-10-09T04:05:22Z INFO [1641/3350] aea91f27-9cc6-4a96-b6c6-88997f2b11e3: cophenetic index 111111; 9.5 s; peak memory 635 MiB.
2026-10-09T04:05:30Z INFO [1642/3350] aeaa3f10-a73d-4cd4-9ac0-556aff0e6a88: cophenetic index 14832; 8.3 s; peak memory 635 MiB.
2026-10-09T04:05:31Z INFO [1643/3350] aeaab486-c0f8-4825-86eb-c883eac91aea: cophenetic index 490; 0.9 s; peak memory 635 MiB.
2026-10-09T04:05:34Z INFO [1644/3350] aeac7416-ab30-440e-bfa1-4c519e5bccbf: cophenetic index 515; 2.2 s; peak memory 635 MiB.
2026-10-09T04:05:35Z INFO [1645/3350] aeac82fb-89a9-4af6-80fc-ef4ecb40ffbd: cophenetic index 788; 1.5 s; peak memory 635 MiB.
2026-10-09T04:05:44Z INFO [1646/3350] aeacd308-a615-4fd5-b0ff-b9d0441f9d6c: cophenetic index 117467; 8.6 s; peak memory 635 MiB.
2026-10-09T04:05:45Z INFO [1647/3350] aead1889-eba0-405d-a1db-0d433d5fe32d: cophenetic index 624; 1.3 s; peak memory 635 MiB.
2026-10-09T04:05:46Z INFO [1648/3350] aeadc554-74b8-48cb-a335-d006c427b44c: cophenetic index 624; 1.0 s; peak memory 635 MiB.
2026-10-09T04:05:47Z INFO [1649/3350] aeae5303-6a09-4041-b312-a62baf52cffc: cophenetic index 431; 1.1 s; peak memory 635 MiB.
2026-10-09T04:05:48Z INFO [1650/3350] aeb084e5-b839-4b8b-9215-10b9ffcdc02c: cophenetic index 494; 1.1 s; peak memory 635 MiB.
2026-10-09T04:05:49Z INFO [1650/3350] aeb084e5-b839-4b8b-9215-10b9ffcdc02c: checkpointed 130986 new records.
2026-10-09T04:05:50Z INFO [1651/3350] aeb0bacd-4b19-4802-9996-eed97a1b3403: cophenetic index 2974; 1.5 s; peak memory 635 MiB.
2026-10-09T04:05:51Z INFO [1652/3350] aeb198f2-65d8-4360-82d7-5a4a495bf6cb: cophenetic index 624; 1.2 s; peak memory 635 MiB.
2026-10-09T04:05:52Z INFO [1653/3350] aeb1b924-2b08-4803-b7b4-6fb434e54f2b: cophenetic index 624; 1.2 s; peak memory 635 MiB.
2026-10-09T04:06:01Z INFO [1654/3350] aeb1d37a-f354-4379-a824-5b6b1ea84977: cophenetic index 234621; 8.9 s; peak memory 635 MiB.
2026-10-09T04:06:07Z INFO [1655/3350] aeb2ad1d-d58a-40ad-abbd-1cad82267bd1: cophenetic index 9548; 5.9 s; peak memory 635 MiB.
2026-10-09T04:06:09Z INFO [1656/3350] aeb30560-b3ff-4ce9-9715-964c3862c593: cophenetic index 605; 1.4 s; peak memory 635 MiB.
2026-10-09T04:06:15Z INFO [1657/3350] aeb30fd0-0830-4701-b5c7-28001e4e07c9: cophenetic index 19526; 6.2 s; peak memory 635 MiB.
2026-10-09T04:06:16Z INFO [1658/3350] aeb33622-86b2-4bd2-8852-6b8f09035e26: cophenetic index 3004; 1.3 s; peak memory 635 MiB.
2026-10-09T04:06:17Z INFO [1659/3350] aeb35246-ab09-40e2-ba9a-ae39628b290d: cophenetic index 1851; 1.3 s; peak memory 635 MiB.
2026-10-09T04:06:18Z INFO [1660/3350] aeb3cb25-a68a-4560-a147-a4bc3c4bb9eb: cophenetic index 624; 1.1 s; peak memory 635 MiB.
2026-10-09T04:06:35Z INFO [1661/3350] aeb435a6-1297-47f6-ac2e-5618aee849ab: cophenetic index 51243; 17.0 s; peak memory 635 MiB.
2026-10-09T04:06:42Z INFO [1662/3350] aeb44e45-1eab-478f-84f7-fd69d9ba2a1d: cophenetic index 6715; 6.7 s; peak memory 635 MiB.
2026-10-09T04:06:44Z INFO [1663/3350] aeb60c54-74f8-4c3c-9873-95176703cceb: cophenetic index 18208; 1.8 s; peak memory 635 MiB.
2026-10-09T04:06:48Z INFO [1664/3350] aeb7b0ec-69b1-426a-8fb6-fe9e80e94911: cophenetic index 2236; 3.8 s; peak memory 635 MiB.
2026-10-09T04:06:49Z INFO [1665/3350] aeb7f4fa-508d-4688-8468-98e2c542a1da: cophenetic index 729; 1.0 s; peak memory 635 MiB.
2026-10-09T04:06:50Z INFO [1666/3350] aeb7fc03-4520-4120-a701-dd3342d3e8bc: cophenetic index 494; 1.2 s; peak memory 635 MiB.
2026-10-09T04:06:56Z INFO [1667/3350] aeb89396-83ee-4473-bcb0-8299288f3af5: cophenetic index 43460; 6.0 s; peak memory 635 MiB.
2026-10-09T04:07:00Z INFO [1668/3350] aeb92b89-5b8c-4fe1-bfb2-5a7e9a6e99b2: cophenetic index 5473; 4.0 s; peak memory 635 MiB.
2026-10-09T04:07:01Z INFO [1669/3350] aeb94e87-d6ba-495c-8c88-9fe0557421f0: cophenetic index 624; 1.2 s; peak memory 635 MiB.
2026-10-09T04:07:03Z INFO [1670/3350] aeb9747c-0450-4f91-91fb-7ae978354fde: cophenetic index 33986; 1.5 s; peak memory 635 MiB.
2026-10-09T04:07:04Z INFO [1671/3350] aeb9e218-180d-48a0-a670-42b9324f7a77: cophenetic index 99120; 1.8 s; peak memory 635 MiB.
2026-10-09T04:07:06Z INFO [1672/3350] aebcb0a9-8130-4a49-8f43-25266c4857f0: cophenetic index 3087; 1.4 s; peak memory 635 MiB.
2026-10-09T04:07:07Z INFO [1673/3350] aebdd158-0ad2-46ff-887c-dfe7cfea63d2: cophenetic index 431; 1.5 s; peak memory 635 MiB.
2026-10-09T04:07:09Z INFO [1674/3350] aebdd2c8-3b8d-4bc7-a5d2-8a80e5aa691c: cophenetic index 3057; 1.6 s; peak memory 635 MiB.
2026-10-09T04:07:11Z INFO [1675/3350] aebec008-75c4-495f-95bf-039eeef647b0: cophenetic index 766; 1.6 s; peak memory 635 MiB.
2026-10-09T04:07:13Z INFO [1676/3350] aebed839-9265-46c1-b589-a41141b5db17: cophenetic index 99150; 2.4 s; peak memory 635 MiB.
2026-10-09T04:07:14Z INFO [1677/3350] aebf1af5-edec-498b-9832-e7b91131cd42: cophenetic index 624; 1.2 s; peak memory 635 MiB.
2026-10-09T04:07:15Z INFO [1678/3350] aec04bae-fcb6-41c0-8ebb-42db49123a55: cophenetic index 579; 1.0 s; peak memory 635 MiB.
2026-10-09T04:07:16Z INFO [1679/3350] aec119af-730a-4a43-b7bf-042569cc92b5: cophenetic index 749; 1.0 s; peak memory 635 MiB.
2026-10-09T04:07:18Z INFO [1680/3350] aec11fc4-f2a0-43ad-86c6-84f32e96f51c: cophenetic index 41788; 1.8 s; peak memory 635 MiB.
2026-10-09T04:07:20Z INFO [1681/3350] aec17a66-40bd-42f3-b889-e91836742e29: cophenetic index 1299; 2.6 s; peak memory 635 MiB.
2026-10-09T04:07:22Z INFO [1682/3350] aec1fce4-d920-497f-aa7f-1dbbf90e7df7: cophenetic index 952; 1.3 s; peak memory 635 MiB.
2026-10-09T04:07:23Z INFO [1683/3350] aec2176a-ea9d-4e27-b420-0b13f8dccc6e: cophenetic index 560; 1.1 s; peak memory 635 MiB.
2026-10-09T04:07:26Z INFO [1684/3350] aec2beb7-e047-4435-8edd-82668efa59d6: cophenetic index 2402; 2.7 s; peak memory 635 MiB.
2026-10-09T04:07:27Z INFO [1685/3350] aec52c69-b3df-44cc-8093-e369996e6130: cophenetic index 413; 1.2 s; peak memory 635 MiB.
2026-10-09T04:07:28Z INFO [1686/3350] aec6ae4f-3540-4006-aee6-9407748d99cc: cophenetic index 3087; 1.4 s; peak memory 635 MiB.
2026-10-09T04:07:36Z INFO [1687/3350] aec70fb3-1b78-47a7-b3cb-eec9e0e08279: cophenetic index 93016; 7.9 s; peak memory 635 MiB.
2026-10-09T04:07:38Z INFO [1688/3350] aec99d2b-5ba2-458e-8858-395229517e7d: cophenetic index 13320; 1.7 s; peak memory 635 MiB.
2026-10-09T04:07:42Z INFO [1689/3350] aeca7802-0199-4565-972b-e4227e0fbd34: cophenetic index 54678; 4.9 s; peak memory 635 MiB.
2026-10-09T04:07:44Z INFO [1690/3350] aecac2c9-9f40-440a-a5b5-8c22b96ee702: cophenetic index 624; 1.3 s; peak memory 635 MiB.
2026-10-09T04:07:45Z INFO [1691/3350] aecb47ad-db37-4153-a33e-6137a6de6568: cophenetic index 624; 1.2 s; peak memory 635 MiB.
2026-10-09T04:07:46Z INFO [1692/3350] aecb875d-c03c-45c6-b4a7-93ab88d39fa0: cophenetic index 3004; 1.4 s; peak memory 635 MiB.
2026-10-09T04:07:47Z INFO [1693/3350] aecb8aa4-3284-4d06-b1d4-75844ada5c6f: cophenetic index 579; 0.9 s; peak memory 635 MiB.
2026-10-09T04:07:49Z INFO [1694/3350] aecc194b-17c4-4a4f-97fb-515e30514e83: cophenetic index 2625; 1.6 s; peak memory 635 MiB.
2026-10-09T04:08:03Z INFO [1695/3350] aecc26c3-28d2-40db-8337-7234714b0e95: cophenetic index 49912; 13.9 s; peak memory 635 MiB.
2026-10-09T04:08:05Z INFO [1696/3350] aecc7868-ada6-4b9b-b27d-f865d578b8f2: cophenetic index 99120; 2.2 s; peak memory 635 MiB.
2026-10-09T04:08:07Z INFO [1697/3350] aeccaf75-4371-4226-b54f-2431922039e8: cophenetic index 2570; 1.6 s; peak memory 635 MiB.
2026-10-09T04:08:13Z INFO [1698/3350] aecd1e16-2758-4cd7-a353-33240b4d8f4a: cophenetic index 87573; 6.5 s; peak memory 635 MiB.
2026-10-09T04:08:15Z INFO [1699/3350] aecd6ad2-faf2-47f8-a395-89bfc0b0847f: cophenetic index 3004; 1.4 s; peak memory 635 MiB.
2026-10-09T04:08:17Z INFO [1700/3350] aecd988d-bf86-404d-9a91-073b4833e22d: cophenetic index 2402; 2.9 s; peak memory 635 MiB.
2026-10-09T04:08:18Z INFO [1700/3350] aecd988d-bf86-404d-9a91-073b4833e22d: checkpointed 131036 new records.
2026-10-09T04:08:19Z INFO [1701/3350] aecdb79b-1c3b-4b06-8844-8983f727557e: cophenetic index 651; 0.9 s; peak memory 635 MiB.
2026-10-09T04:08:21Z INFO [1702/3350] aecdedb5-5a8d-4aec-a003-b6913a730a13: cophenetic index 99150; 2.3 s; peak memory 635 MiB.
2026-10-09T04:08:22Z INFO [1703/3350] aed0272e-5849-4cde-a74c-7f1e072e6cce: cophenetic index 624; 1.1 s; peak memory 635 MiB.
2026-10-09T04:08:32Z INFO [1704/3350] aed0d9cf-b981-4901-90f6-16da1f6a7e8b: cophenetic index 195172714; 10.4 s; peak memory 635 MiB.
2026-10-09T04:08:46Z INFO [1705/3350] aed0f346-5839-4c0d-a67d-b0eed34945d3: cophenetic index 114606; 13.5 s; peak memory 635 MiB.
2026-10-09T04:08:49Z INFO [1706/3350] aed2c05e-874d-46de-bba2-c8f7c42f0539: cophenetic index 901; 2.7 s; peak memory 635 MiB.
2026-10-09T04:08:50Z INFO [1707/3350] aed2c4ba-4aae-4eaf-b223-354f2046d3af: cophenetic index 624; 1.1 s; peak memory 635 MiB.
2026-10-09T04:08:51Z INFO [1708/3350] aed3297b-905d-4682-9d0a-5bea5b2f6e97: cophenetic index 3087; 1.6 s; peak memory 635 MiB.
2026-10-09T04:08:53Z INFO [1709/3350] aed35787-fe68-4409-b06d-fa82ce066c86: cophenetic index 2724; 1.8 s; peak memory 635 MiB.
2026-10-09T04:08:57Z INFO [1710/3350] aed3d278-96a4-4d32-9a92-b2ff4e1e5227: cophenetic index 5473; 3.6 s; peak memory 635 MiB.
2026-10-09T04:08:58Z INFO [1711/3350] aed3d6ea-767f-42ce-b05c-62a3cd344072: cophenetic index 624; 1.2 s; peak memory 635 MiB.
2026-10-09T04:08:59Z INFO [1712/3350] aed43f60-f5b4-44da-aadd-f014ba1e4e94: cophenetic index 581; 1.1 s; peak memory 635 MiB.
2026-10-09T04:09:01Z INFO [1713/3350] aed463d0-4866-412d-883d-694e480cf8ae: cophenetic index 33998; 1.7 s; peak memory 635 MiB.
2026-10-09T04:09:04Z INFO [1714/3350] aed485b1-895b-4c86-81ea-fc9029c21820: cophenetic index 2682; 3.4 s; peak memory 635 MiB.
2026-10-09T04:09:08Z INFO [1715/3350] aed4a22a-3ddb-46e1-b215-ce6b6d1c82f3: cophenetic index 5473; 3.7 s; peak memory 635 MiB.
2026-10-09T04:09:15Z INFO [1716/3350] aed54559-4bdb-4f43-8a30-7a9245bd7806: cophenetic index 6591; 7.3 s; peak memory 635 MiB.
2026-10-09T04:09:16Z INFO [1717/3350] aed54812-61b3-4344-ad62-15d768f84d65: cophenetic index 624; 1.1 s; peak memory 635 MiB.
2026-10-09T04:09:18Z INFO [1718/3350] aed56d97-aade-4b7d-969c-43f1908d8239: cophenetic index 797; 1.8 s; peak memory 635 MiB.
2026-10-09T04:09:22Z INFO [1719/3350] aed67949-11c2-4ed0-a38f-ed518c9fc5d6: cophenetic index 8258; 3.4 s; peak memory 635 MiB.
2026-10-09T04:09:23Z INFO [1720/3350] aed68205-c232-4513-88b1-d24811ec0202: cophenetic index 766; 1.4 s; peak memory 635 MiB.
2026-10-09T04:09:24Z INFO [1721/3350] aed6dd19-d8ac-4d85-a352-2a76e72b53c2: cophenetic index 3087; 1.4 s; peak memory 635 MiB.
2026-10-09T04:09:26Z INFO [1722/3350] aed716fb-176c-4a5e-a86a-bf00243faf65: cophenetic index 2625; 1.5 s; peak memory 635 MiB.
2026-10-09T04:09:29Z INFO [1723/3350] aed807e3-99ee-4fbf-b1dc-0baa090aa436: cophenetic index 3721; 3.3 s; peak memory 635 MiB.
2026-10-09T04:09:30Z INFO [1724/3350] aed8aca3-a13b-4b3d-b0da-74addc987671: cophenetic index 624; 1.3 s; peak memory 635 MiB.
2026-10-09T04:09:31Z INFO [1725/3350] aed90de3-93a5-42ad-83db-780b9ba70de4: cophenetic index 521; 1.1 s; peak memory 635 MiB.
2026-10-09T04:09:42Z INFO [1726/3350] aed995e1-ed6c-496b-a080-5994bcb723ef: cophenetic index 194992; 10.6 s; peak memory 635 MiB.
2026-10-09T04:09:43Z INFO [1727/3350] aeda3b77-f31b-446c-aa6b-a406166d01db: cophenetic index 560; 1.2 s; peak memory 635 MiB.
2026-10-09T04:09:45Z INFO [1728/3350] aedaa615-ee23-42ab-afb1-9c218a1834d6: cophenetic index 1087; 1.5 s; peak memory 635 MiB.
2026-10-09T04:09:46Z INFO [1729/3350] aedb1efa-9b80-44d9-861b-fc57a256752e: cophenetic index 590; 1.1 s; peak memory 635 MiB.
2026-10-09T04:09:47Z INFO [1730/3350] aedb8bb0-ce8d-4283-9910-b9083d5a8101: cophenetic index 649; 1.5 s; peak memory 635 MiB.
2026-10-09T04:09:49Z INFO [1731/3350] aedd21b2-fbaf-487d-a7b5-7c9aa9149c9f: cophenetic index 624; 1.2 s; peak memory 635 MiB.
2026-10-09T04:09:50Z INFO [1732/3350] aedd5203-3e68-459b-a86a-341d10cb8934: cophenetic index 634; 1.4 s; peak memory 635 MiB.
2026-10-09T04:09:51Z INFO [1733/3350] aedd6e26-4b10-45f4-b764-3bcc5d44162d: cophenetic index 624; 1.2 s; peak memory 635 MiB.
2026-10-09T04:09:54Z INFO [1734/3350] aeddd36a-e836-47a1-93f0-2fffa6879029: cophenetic index 2682; 2.5 s; peak memory 635 MiB.
2026-10-09T04:09:55Z INFO [1735/3350] aede0224-0c7f-4081-a3e5-a4d2b324eb3b: cophenetic index 23379; 1.2 s; peak memory 635 MiB.
2026-10-09T04:09:56Z INFO [1736/3350] aede4b32-9f15-4aa3-a80d-23bb00ee8c6a: cophenetic index 624; 1.2 s; peak memory 635 MiB.
2026-10-09T04:10:00Z INFO [1737/3350] aedf9766-3e0b-448c-b72e-de8e8590b8b6: cophenetic index 5473; 3.7 s; peak memory 635 MiB.
2026-10-09T04:10:01Z INFO [1738/3350] aedfa76b-6d60-413d-9f65-1fff85eb9a70: cophenetic index 23510; 1.5 s; peak memory 635 MiB.
2026-10-09T04:10:04Z INFO [1739/3350] aedfed31-d591-4ef6-b46b-0a2a797f0289: cophenetic index 895; 2.4 s; peak memory 635 MiB.
2026-10-09T04:10:07Z INFO [1740/3350] aee07b87-6c71-4362-b601-c9440f45bb37: cophenetic index 3045; 3.7 s; peak memory 635 MiB.
2026-10-09T04:10:08Z INFO [1741/3350] aee103b1-49c6-45e9-9d49-a0da965e9038: cophenetic index 2974; 1.2 s; peak memory 635 MiB.
2026-10-09T04:10:09Z INFO [1742/3350] aee1a77f-05b0-4e5d-a9b2-22585f9d3c9f: cophenetic index 490; 0.9 s; peak memory 635 MiB.
2026-10-09T04:10:11Z INFO [1743/3350] aee346e1-aa19-4a88-9843-669613691f77: cophenetic index 797; 1.9 s; peak memory 635 MiB.
2026-10-09T04:10:12Z INFO [1744/3350] aee501ae-bc9f-4bc7-a4ba-be868e2561f6: cophenetic index 624; 1.3 s; peak memory 635 MiB.
2026-10-09T04:10:15Z INFO [1745/3350] aee69802-201b-4dcf-9080-e802242ce856: cophenetic index 99120; 2.1 s; peak memory 635 MiB.
2026-10-09T04:10:16Z INFO [1746/3350] aee6d0ef-fc37-4b38-a6e9-ca53617b597e: cophenetic index 3004; 1.5 s; peak memory 635 MiB.
2026-10-09T04:10:18Z INFO [1747/3350] aee74c3a-83de-4d73-a6ca-1af15819f100: cophenetic index 515; 2.1 s; peak memory 635 MiB.
2026-10-09T04:10:19Z INFO [1748/3350] aee75cf3-b57a-4c0a-80ff-cc5f5fac0f76: cophenetic index 729; 0.9 s; peak memory 635 MiB.
2026-10-09T04:10:20Z INFO [1749/3350] aee8be7f-180b-4343-8d86-34d75bee9f04: cophenetic index 729; 1.0 s; peak memory 635 MiB.
2026-10-09T04:10:24Z INFO [1750/3350] aee91f13-c3ed-4019-b4b5-aaf17f09edd7: cophenetic index 2162; 3.5 s; peak memory 635 MiB.
2026-10-09T04:10:24Z INFO [1750/3350] aee91f13-c3ed-4019-b4b5-aaf17f09edd7: checkpointed 131086 new records.
2026-10-09T04:10:26Z INFO [1751/3350] aee9bd2e-e8b2-4070-91df-f92e85cf5bbd: cophenetic index 797; 2.5 s; peak memory 635 MiB.
2026-10-09T04:10:30Z INFO [1752/3350] aee9f1b5-777a-4e20-8dc2-588ce734312c: cophenetic index 3635; 3.1 s; peak memory 635 MiB.
2026-10-09T04:10:31Z INFO [1753/3350] aeea2eea-0b83-46d9-9924-bdc47dcd5a07: cophenetic index 1583; 1.6 s; peak memory 635 MiB.
2026-10-09T04:10:33Z INFO [1754/3350] aeea65aa-4dd3-4158-93ad-69dbca46b6ae: cophenetic index 2625; 1.8 s; peak memory 635 MiB.
2026-10-09T04:10:34Z INFO [1755/3350] aeea9035-d4dd-4d2d-bff6-fb4658afc1da: cophenetic index 490; 0.9 s; peak memory 635 MiB.
2026-10-09T04:10:35Z INFO [1756/3350] aeeab33e-713f-4196-98ad-0923226c28c8: cophenetic index 624; 1.4 s; peak memory 635 MiB.
2026-10-09T04:10:37Z INFO [1757/3350] aeeadad3-577c-455b-aa10-633c299dd1f8: cophenetic index 2105; 2.1 s; peak memory 635 MiB.
2026-10-09T04:10:40Z INFO [1758/3350] aeeafa47-c5ae-4539-a0d6-d1e5f3051ea1: cophenetic index 2391; 3.0 s; peak memory 635 MiB.
2026-10-09T04:10:41Z INFO [1759/3350] aeeb7b75-0fff-4b00-9c7a-22bcc34d3db2: cophenetic index 590; 1.1 s; peak memory 635 MiB.
2026-10-09T04:10:43Z INFO [1760/3350] aeebad81-1292-43c4-8b14-394a6f9a20c9: cophenetic index 2923; 1.3 s; peak memory 635 MiB.
2026-10-09T04:10:44Z INFO [1761/3350] aeebe5e3-9c55-490d-9523-761cb84df19f: cophenetic index 3087; 1.6 s; peak memory 635 MiB.
2026-10-09T04:10:46Z INFO [1762/3350] aeebe82e-a433-411a-a4aa-3d0f31d1eb72: cophenetic index 2625; 1.8 s; peak memory 635 MiB.
2026-10-09T04:10:47Z INFO [1763/3350] aeec8968-db1b-4b0c-97e6-e45d60f50f0f: cophenetic index 624; 1.3 s; peak memory 635 MiB.
2026-10-09T04:10:53Z INFO [1764/3350] aeed3a7a-054a-46fe-bf50-eae8c4412272: cophenetic index 38768; 5.6 s; peak memory 635 MiB.
2026-10-09T04:10:54Z INFO [1765/3350] aeed7200-c195-4298-802e-0690c61c6a3a: cophenetic index 431; 1.0 s; peak memory 635 MiB.
2026-10-09T04:11:00Z INFO [1766/3350] aeeeff2c-7873-428b-b054-f1e63bb8565f: cophenetic index 73717; 5.9 s; peak memory 635 MiB.
2026-10-09T04:11:01Z INFO [1767/3350] aef0b09c-c975-4ceb-ac1e-2550c2f06f4f: cophenetic index 3004; 1.5 s; peak memory 635 MiB.
2026-10-09T04:11:03Z INFO [1768/3350] aef18d4e-3911-4e8b-9812-794c3b316f7d: cophenetic index 722; 1.2 s; peak memory 635 MiB.
2026-10-09T04:11:04Z INFO [1769/3350] aef1c95e-8963-4979-861c-56ca443eccad: cophenetic index 624; 1.2 s; peak memory 635 MiB.
2026-10-09T04:11:05Z INFO [1770/3350] aef26ee5-c69e-4ba0-8546-9c1eb1162e69: cophenetic index 624; 1.1 s; peak memory 635 MiB.
2026-10-09T04:11:07Z INFO [1771/3350] aef36ef1-9a90-45da-8d2b-ffa3e66c8a85: cophenetic index 515; 2.4 s; peak memory 635 MiB.
2026-10-09T04:11:08Z INFO [1772/3350] aef4d6d2-3944-4218-b339-90ab6b6e712d: cophenetic index 624; 1.1 s; peak memory 635 MiB.
2026-10-09T04:11:10Z INFO [1773/3350] aef4d967-be41-4aba-95b1-6bb33307377d: cophenetic index 33968; 1.7 s; peak memory 635 MiB.
2026-10-09T04:11:11Z INFO [1774/3350] aef64280-8d76-4132-9fdc-9584b758dbef: cophenetic index 3057; 1.2 s; peak memory 635 MiB.
2026-10-09T04:11:13Z INFO [1775/3350] aef70485-ab21-445c-ac11-889f7f533baa: cophenetic index 23272; 1.3 s; peak memory 635 MiB.
2026-10-09T04:11:14Z INFO [1776/3350] aef74905-85d0-42e5-ae32-6df6f1f35340: cophenetic index 33986; 1.6 s; peak memory 635 MiB.
2026-10-09T04:11:15Z INFO [1777/3350] aef7a6b4-ac52-4bbd-9288-2074e4c6a337: cophenetic index 624; 1.2 s; peak memory 635 MiB.
2026-10-09T04:11:25Z INFO [1778/3350] aef7b890-80e3-4121-82ee-1a66b39d6815: cophenetic index 182750; 9.6 s; peak memory 635 MiB.
2026-10-09T04:11:26Z INFO [1779/3350] aef80da6-ecc4-4ade-aa9f-f4a05d455fcb: cophenetic index 624; 1.2 s; peak memory 635 MiB.
2026-10-09T04:11:27Z INFO [1780/3350] aef850e5-3242-4fa7-add1-2bf5bb661ff3: cophenetic index 490; 0.7 s; peak memory 635 MiB.
2026-10-09T04:11:29Z INFO [1781/3350] aef90ba4-a099-4d5f-aec0-08f4ecc38eb8: cophenetic index 754; 1.4 s; peak memory 635 MiB.
2026-10-09T04:11:32Z INFO [1782/3350] aef9bfc9-50c2-4c43-bd0f-d505b4543a96: cophenetic index 2391; 3.2 s; peak memory 635 MiB.
2026-10-09T04:11:33Z INFO [1783/3350] aef9e45d-dca2-42ba-9fa7-aa481abdeac6: cophenetic index 3004; 1.4 s; peak memory 635 MiB.
2026-10-09T04:11:34Z INFO [1784/3350] aefad703-c37f-4190-b0b8-dc099236bf59: cophenetic index 624; 1.2 s; peak memory 635 MiB.
2026-10-09T04:11:41Z INFO [1785/3350] aefaef2e-050a-4c2c-b4ca-d2251293c133: cophenetic index 5466; 6.8 s; peak memory 635 MiB.
2026-10-09T04:11:42Z INFO [1786/3350] aefbb7fd-e5e8-4ea9-b8a8-fe30b69d5acf: cophenetic index 3004; 1.2 s; peak memory 635 MiB.
2026-10-09T04:11:44Z INFO [1787/3350] aefbc2d8-598d-4c68-90a4-8f53923cd45d: cophenetic index 1248; 1.7 s; peak memory 635 MiB.
2026-10-09T04:11:45Z INFO [1788/3350] aefc0e8d-52a0-4c8f-9d25-3d055d6f9ca9: cophenetic index 6673; 1.4 s; peak memory 635 MiB.
2026-10-09T04:11:47Z INFO [1789/3350] aefc5c2e-e029-4459-88d8-df5391b21dee: cophenetic index 3004; 1.3 s; peak memory 635 MiB.
2026-10-09T04:11:51Z INFO [1790/3350] aefd5b0c-ce09-4f50-b244-d1228c139715: cophenetic index 21846; 4.3 s; peak memory 635 MiB.
2026-10-09T04:11:52Z INFO [1791/3350] aefdabe8-b5ad-4f4a-95ba-4a83bf51357c: cophenetic index 23272; 1.4 s; peak memory 635 MiB.
2026-10-09T04:11:54Z INFO [1792/3350] aefdad11-0980-489a-998b-b730ce0f7adc: cophenetic index 3004; 1.4 s; peak memory 635 MiB.
2026-10-09T04:11:55Z INFO [1793/3350] aefddd42-f6f8-41df-87fa-cbcd713bf12c: cophenetic index 3087; 1.5 s; peak memory 635 MiB.
2026-10-09T04:12:02Z INFO [1794/3350] aefde754-f839-4951-bb14-7525ea9050b8: cophenetic index 19365; 6.9 s; peak memory 635 MiB.
2026-10-09T04:12:04Z INFO [1795/3350] aefe98d0-ffbd-4826-b8d1-4a13f7ce9479: cophenetic index 3447; 1.3 s; peak memory 635 MiB.
2026-10-09T04:12:06Z INFO [1796/3350] aefea712-ea17-4cf2-89ec-290b7d9668e2: cophenetic index 2391; 2.9 s; peak memory 635 MiB.
2026-10-09T04:12:15Z INFO [1797/3350] aeffa980-bddb-4ec2-bd3b-f489ef43a438: cophenetic index 7554; 8.5 s; peak memory 635 MiB.
2026-10-09T04:12:17Z INFO [1798/3350] af00def2-8ebd-49e9-b519-44f7bce34979: cophenetic index 2625; 1.9 s; peak memory 635 MiB.
2026-10-09T04:12:18Z INFO [1799/3350] af016e78-cbbd-4413-bc6f-cf97feb0a978: cophenetic index 729; 0.9 s; peak memory 635 MiB.
2026-10-09T04:12:19Z INFO [1800/3350] af017cd7-fe3f-4aee-adbd-2d6ae4f300b9: cophenetic index 624; 1.1 s; peak memory 635 MiB.
2026-10-09T04:12:19Z INFO [1800/3350] af017cd7-fe3f-4aee-adbd-2d6ae4f300b9: checkpointed 131136 new records.
2026-10-09T04:12:21Z INFO [1801/3350] af02e4c1-8021-4602-bf21-1224acc46e81: cophenetic index 2105; 2.2 s; peak memory 635 MiB.
2026-10-09T04:12:22Z INFO [1802/3350] af0364d2-ba33-4d90-b7a5-8975af7a6a4e: cophenetic index 624; 1.2 s; peak memory 635 MiB.
2026-10-09T04:12:24Z INFO [1803/3350] af0376bc-b927-4e57-9c38-431fba667aa1: cophenetic index 3004; 1.2 s; peak memory 635 MiB.
2026-10-09T04:12:25Z INFO [1804/3350] af047ba6-16bb-4537-b9d9-9ddb486f449c: cophenetic index 624; 1.1 s; peak memory 635 MiB.
2026-10-09T04:12:33Z INFO [1805/3350] af064ccb-77b4-47f9-a8fa-a77b107dc51f: cophenetic index 14699; 8.7 s; peak memory 635 MiB.
2026-10-09T04:12:50Z INFO [1806/3350] af06cc10-e3cd-4f31-8585-4974592b206b: cophenetic index 342917; 16.5 s; peak memory 635 MiB.
2026-10-09T04:12:53Z INFO [1807/3350] af06f3eb-fb65-4636-bd15-6d1d1d5597bb: cophenetic index 4015; 3.0 s; peak memory 635 MiB.
2026-10-09T04:13:04Z INFO [1808/3350] af0709f6-97fc-4653-9a48-ac7ce1f40c60: cophenetic index 189289; 10.9 s; peak memory 635 MiB.
2026-10-09T04:13:13Z INFO [1809/3350] af073fef-b538-4ee2-9c10-15cbccfd6e58: cophenetic index 13016; 9.3 s; peak memory 635 MiB.
2026-10-09T04:13:14Z INFO [1810/3350] af07d2b9-c301-42a0-9049-8bfa16e193ff: cophenetic index 3004; 1.3 s; peak memory 635 MiB.
2026-10-09T04:13:16Z INFO [1811/3350] af08477e-a6c0-40d7-92aa-db9ad17faf7a: cophenetic index 2682; 2.0 s; peak memory 635 MiB.
2026-10-09T04:13:18Z INFO [1812/3350] af094ba6-438e-4e50-a576-e46892a6237f: cophenetic index 1006; 1.4 s; peak memory 635 MiB.
2026-10-09T04:13:21Z INFO [1813/3350] af09f105-600a-4508-a213-d1425582a658: cophenetic index 1733; 3.2 s; peak memory 635 MiB.
2026-10-09T04:13:22Z INFO [1814/3350] af0abd76-fed6-4f92-a530-f25289edb736: cophenetic index 490; 0.9 s; peak memory 635 MiB.
2026-10-09T04:13:23Z INFO [1815/3350] af0ad1eb-b05d-4674-afe6-cc7b591b80fb: cophenetic index 2974; 1.5 s; peak memory 635 MiB.
2026-10-09T04:13:37Z INFO [1816/3350] af0b8936-1ec3-4a97-a123-927dd75ed262: cophenetic index 86617; 13.3 s; peak memory 635 MiB.
2026-10-09T04:13:39Z INFO [1817/3350] af0bfb49-a1e9-4914-8754-a09275650ee3: cophenetic index 2625; 2.1 s; peak memory 635 MiB.
2026-10-09T04:13:55Z INFO [1818/3350] af0c0b65-bc1b-457d-b401-d964cafe00cc: cophenetic index 51243; 16.1 s; peak memory 635 MiB.
2026-10-09T04:13:58Z INFO [1819/3350] af0c1cdb-85a1-40e2-9c28-88b9f193c2e9: cophenetic index 1183; 2.7 s; peak memory 635 MiB.
2026-10-09T04:14:01Z INFO [1820/3350] af0d3c7e-111f-4f19-a5d6-6f27961f5295: cophenetic index 5473; 3.7 s; peak memory 635 MiB.
2026-10-09T04:14:08Z INFO [1821/3350] af0d90f9-049e-4371-8b0d-4e57929ef987: cophenetic index 3837; 7.0 s; peak memory 635 MiB.
2026-10-09T04:14:09Z INFO [1822/3350] af0dbd62-ee78-4f07-bfbc-4019219a971e: cophenetic index 624; 1.1 s; peak memory 635 MiB.
2026-10-09T04:14:10Z INFO [1823/3350] af0dd76d-bb43-4869-bbd5-74d27d64b332: cophenetic index 3215; 1.1 s; peak memory 635 MiB.
2026-10-09T04:14:12Z INFO [1824/3350] af0e166d-d1ab-4d6b-b1a6-8ee123768b12: cophenetic index 624; 1.2 s; peak memory 635 MiB.
2026-10-09T04:14:13Z INFO [1825/3350] af0f9216-3ee9-47c7-a977-0061c439360c: cophenetic index 2974; 1.6 s; peak memory 635 MiB.
2026-10-09T04:14:15Z INFO [1826/3350] af0f93e6-f9fe-4bbe-82d0-945b38db4e8c: cophenetic index 687; 1.5 s; peak memory 635 MiB.
2026-10-09T04:14:18Z INFO [1827/3350] af10aeee-61a6-4508-b7c5-ff4e4f0a9439: cophenetic index 6490; 3.1 s; peak memory 635 MiB.
2026-10-09T04:14:20Z INFO [1828/3350] af11db81-5f72-42d8-9989-e73d783e48b5: cophenetic index 653; 2.0 s; peak memory 635 MiB.
2026-10-09T04:14:22Z INFO [1829/3350] af120924-b59c-4976-9e0e-acd1dd538ca7: cophenetic index 23376; 1.7 s; peak memory 635 MiB.
2026-10-09T04:14:25Z INFO [1830/3350] af121e9e-4f03-45dc-b94d-ccf9219364d1: cophenetic index 5473; 3.8 s; peak memory 635 MiB.
2026-10-09T04:14:27Z INFO [1831/3350] af12351d-bbe1-4fa0-80ee-eb5d8fb59266: cophenetic index 33968; 1.7 s; peak memory 635 MiB.
2026-10-09T04:14:28Z INFO [1832/3350] af12a15a-d696-4f2f-85cc-1447721a73a6: cophenetic index 624; 1.2 s; peak memory 635 MiB.
2026-10-09T04:14:30Z INFO [1833/3350] af153d7e-61b1-4b85-9ca1-c08c368e9c46: cophenetic index 3004; 1.4 s; peak memory 635 MiB.
2026-10-09T04:14:31Z INFO [1834/3350] af15acd5-d78a-4dfa-94b3-7348e5f40cd7: cophenetic index 3004; 1.2 s; peak memory 635 MiB.
2026-10-09T04:14:33Z INFO [1835/3350] af15b9aa-727f-4f00-a0b8-34f9abb352d9: cophenetic index 2701; 1.8 s; peak memory 635 MiB.
2026-10-09T04:14:34Z INFO [1836/3350] af160bb8-b981-47de-a236-196413e9e2b2: cophenetic index 766; 1.6 s; peak memory 635 MiB.
2026-10-09T04:14:36Z INFO [1837/3350] af16a250-6843-456c-8d9c-6e887724681f: cophenetic index 1570; 2.3 s; peak memory 635 MiB.
2026-10-09T04:14:38Z INFO [1838/3350] af1701c3-4604-4a94-b281-1f54b47d7ddc: cophenetic index 3192; 1.3 s; peak memory 635 MiB.
2026-10-09T04:14:39Z INFO [1839/3350] af171897-3d62-4afd-a76d-1940b5bf0c04: cophenetic index 690; 1.1 s; peak memory 635 MiB.
2026-10-09T04:14:40Z INFO [1840/3350] af178804-9493-4324-b8d3-d92136bfb13e: cophenetic index 1025; 1.3 s; peak memory 635 MiB.
2026-10-09T04:14:41Z INFO [1841/3350] af183471-27d7-4258-897d-616845309c00: cophenetic index 624; 1.1 s; peak memory 635 MiB.
2026-10-09T04:14:43Z INFO [1842/3350] af188294-5f6c-4f80-9527-26162e943c67: cophenetic index 3004; 1.4 s; peak memory 635 MiB.
2026-10-09T04:14:46Z INFO [1843/3350] af1957ff-fa97-4cf7-a37a-d72175e48e33: cophenetic index 5473; 3.5 s; peak memory 635 MiB.
2026-10-09T04:14:48Z INFO [1844/3350] af19bea8-9519-44d1-9113-2b0fcfd8328f: cophenetic index 3087; 1.3 s; peak memory 635 MiB.
2026-10-09T04:14:54Z INFO [1845/3350] af1a1ced-39e8-4ec7-8f97-cc0d32490577: cophenetic index 2570; 6.4 s; peak memory 635 MiB.
2026-10-09T04:14:56Z INFO [1846/3350] af1a8282-b1ba-4428-b1a7-ef482759fe65: cophenetic index 1380; 1.6 s; peak memory 635 MiB.
2026-10-09T04:15:03Z INFO [1847/3350] af1ad797-e643-498d-a9ca-225030c96056: cophenetic index 20638; 7.4 s; peak memory 635 MiB.
2026-10-09T04:15:04Z INFO [1848/3350] af1bbc17-e034-426b-af30-a3d0b70a9bd8: cophenetic index 646; 1.1 s; peak memory 635 MiB.
2026-10-09T04:15:05Z INFO [1849/3350] af1bcdd1-9393-4395-8923-6bb10238a64a: cophenetic index 3192; 1.3 s; peak memory 635 MiB.
2026-10-09T04:15:07Z INFO [1850/3350] af1c364c-923f-4aab-aee4-9c9c7700163c: cophenetic index 33998; 2.0 s; peak memory 635 MiB.
2026-10-09T04:15:08Z INFO [1850/3350] af1c364c-923f-4aab-aee4-9c9c7700163c: checkpointed 131186 new records.
2026-10-09T04:15:09Z INFO [1851/3350] af1cecf8-731d-402a-8f67-05a114a9d301: cophenetic index 3004; 1.3 s; peak memory 635 MiB.
2026-10-09T04:15:10Z INFO [1852/3350] af1d3219-e83b-4775-8980-4718c791b985: cophenetic index 624; 1.0 s; peak memory 635 MiB.
2026-10-09T04:15:17Z INFO [1853/3350] af1d9902-b64f-4424-a4eb-e43b153c6173: cophenetic index 48770; 6.7 s; peak memory 635 MiB.
2026-10-09T04:15:18Z INFO [1854/3350] af1dad4c-47f0-4d52-8560-f963369866f9: cophenetic index 624; 1.2 s; peak memory 635 MiB.
2026-10-09T04:15:19Z INFO [1855/3350] af1f9aa4-55f6-4ee6-8c79-d2d03afda82f: cophenetic index 6435; 1.5 s; peak memory 635 MiB.
2026-10-09T04:15:21Z INFO [1856/3350] af200d6e-1d7c-4654-809c-62251ff83bca: cophenetic index 624; 1.2 s; peak memory 635 MiB.
2026-10-09T04:15:21Z INFO [1857/3350] af202afa-39e1-475d-accd-56fbbb74da38: cophenetic index 490; 0.8 s; peak memory 635 MiB.
2026-10-09T04:15:23Z INFO [1858/3350] af204098-2e89-4e12-8a42-c993e1c2aec3: cophenetic index 2570; 1.9 s; peak memory 635 MiB.
2026-10-09T04:15:27Z INFO [1859/3350] af2056a8-283e-480b-bdc7-1eb22fff893f: cophenetic index 8258; 3.5 s; peak memory 635 MiB.
2026-10-09T04:15:28Z INFO [1860/3350] af207521-8242-41a8-b4b5-ed4f08cf7c0c: cophenetic index 379; 0.9 s; peak memory 635 MiB.
2026-10-09T04:15:29Z INFO [1861/3350] af21126e-d710-48f0-b0fb-602f3832578d: cophenetic index 651; 0.9 s; peak memory 635 MiB.
2026-10-09T04:15:30Z INFO [1862/3350] af21a957-c40e-4d76-9497-71364bc6b97c: cophenetic index 2625; 1.4 s; peak memory 635 MiB.
2026-10-09T04:15:31Z INFO [1863/3350] af21fe92-53f0-4468-938b-ef0da08ca62e: cophenetic index 496; 1.2 s; peak memory 635 MiB.
2026-10-09T04:15:33Z INFO [1864/3350] af225a05-279f-4c85-804b-ffc013dd3061: cophenetic index 1087; 1.7 s; peak memory 635 MiB.
2026-10-09T04:15:37Z INFO [1865/3350] af22990e-edf8-4c58-bc70-2d063c942db4: cophenetic index 27647; 4.3 s; peak memory 635 MiB.
2026-10-09T04:15:39Z INFO [1866/3350] af22e955-a657-4a36-9f0d-7d04691e2d44: cophenetic index 33986; 1.8 s; peak memory 635 MiB.
2026-10-09T04:15:41Z INFO [1867/3350] af22ef12-bbca-48f1-92fa-674d87349e53: cophenetic index 2570; 1.7 s; peak memory 635 MiB.
2026-10-09T04:15:42Z INFO [1868/3350] af231226-f8a7-4099-b247-a58cf5b3b061: cophenetic index 490; 0.9 s; peak memory 635 MiB.
2026-10-09T04:16:21Z INFO [1869/3350] af2349d7-7195-4280-8134-0323d68d6927: cophenetic index 67342955; 39.8 s; peak memory 635 MiB.
2026-10-09T04:16:22Z INFO [1870/3350] af23930e-8850-4f3a-bd84-41a5154568b4: cophenetic index 490; 0.9 s; peak memory 635 MiB.
2026-10-09T04:16:23Z INFO [1871/3350] af242e37-b7a6-4f7b-b6c0-314a9467181a: cophenetic index 630; 1.0 s; peak memory 635 MiB.
2026-10-09T04:16:26Z INFO [1872/3350] af2436c0-bf3a-4721-b430-88abd9337e88: cophenetic index 2391; 2.8 s; peak memory 635 MiB.
2026-10-09T04:16:27Z INFO [1873/3350] af2527fa-493a-46a8-b958-b6f440cd1962: cophenetic index 624; 1.1 s; peak memory 635 MiB.
2026-10-09T04:16:29Z INFO [1874/3350] af25367d-9871-4836-803c-f824a946d533: cophenetic index 99120; 2.0 s; peak memory 635 MiB.
2026-10-09T04:16:30Z INFO [1875/3350] af25412d-3834-4fc8-a312-23cebf5746b4: cophenetic index 649; 1.2 s; peak memory 635 MiB.
2026-10-09T04:16:32Z INFO [1876/3350] af2557e6-d718-4e2f-a332-52ca97ff247b: cophenetic index 2056; 2.1 s; peak memory 635 MiB.
2026-10-09T04:16:34Z INFO [1877/3350] af25c681-243e-4754-b107-62dbb7eaedf0: cophenetic index 33998; 2.0 s; peak memory 635 MiB.
2026-10-09T04:16:36Z INFO [1878/3350] af25cb8b-b247-4644-a1d0-30c0d8ff34c5: cophenetic index 624; 1.1 s; peak memory 635 MiB.
2026-10-09T04:16:37Z INFO [1879/3350] af265521-4cb4-4215-802a-9302f0e5d562: cophenetic index 649; 1.4 s; peak memory 635 MiB.
2026-10-09T04:16:38Z INFO [1880/3350] af27d54c-6317-49cc-9848-b3fd46b38ed2: cophenetic index 466; 1.3 s; peak memory 635 MiB.
2026-10-09T04:16:42Z INFO [1881/3350] af2851cd-1f9d-41b8-8c3c-670a8aacc4d5: cophenetic index 2236; 3.4 s; peak memory 635 MiB.
2026-10-09T04:16:43Z INFO [1882/3350] af287b4c-9650-400c-97df-d136be79fdb7: cophenetic index 3057; 1.3 s; peak memory 635 MiB.
2026-10-09T04:16:45Z INFO [1883/3350] af2a2d72-ed18-4900-85f8-072a268b65bb: cophenetic index 33968; 1.7 s; peak memory 635 MiB.
2026-10-09T04:16:47Z INFO [1884/3350] af2a969a-fc4c-4c23-846c-a9d3219b2b4d: cophenetic index 30304; 1.9 s; peak memory 635 MiB.
2026-10-09T04:16:49Z INFO [1885/3350] af2b033a-a521-446b-bfec-e6717a1ccce3: cophenetic index 2625; 2.1 s; peak memory 635 MiB.
2026-10-09T04:16:51Z INFO [1886/3350] af2b2e1d-fd7a-4cd4-a890-bdc8bd44c1fd: cophenetic index 895; 2.5 s; peak memory 635 MiB.
2026-10-09T04:16:53Z INFO [1887/3350] af2c1d8e-8be4-4e7f-8034-aca50e660425: cophenetic index 3087; 1.7 s; peak memory 635 MiB.
2026-10-09T04:16:54Z INFO [1888/3350] af2d183d-d5fb-409f-aa11-45c2853e21d4: cophenetic index 23809; 1.4 s; peak memory 635 MiB.
2026-10-09T04:16:56Z INFO [1889/3350] af2d54a8-2163-4fd2-9a1b-396c6393c28f: cophenetic index 33998; 1.9 s; peak memory 635 MiB.
2026-10-09T04:16:58Z INFO [1890/3350] af2d7df1-3732-4dc0-b9d9-6e65f898c885: cophenetic index 1312; 1.5 s; peak memory 635 MiB.
2026-10-09T04:16:59Z INFO [1891/3350] af2da96f-e3de-43d6-857b-cb2d66ee7d87: cophenetic index 624; 1.2 s; peak memory 635 MiB.
2026-10-09T04:17:01Z INFO [1892/3350] af2eec69-6c7d-4abe-a539-021468bdc6cc: cophenetic index 2625; 1.6 s; peak memory 635 MiB.
2026-10-09T04:17:02Z INFO [1893/3350] af2f2c42-6248-4e88-8948-faaf06d07857: cophenetic index 2625; 1.7 s; peak memory 635 MiB.
2026-10-09T04:17:04Z INFO [1894/3350] af2f2f7e-11af-48e2-82d8-8670302b00f5: cophenetic index 766; 1.6 s; peak memory 635 MiB.
2026-10-09T04:17:05Z INFO [1895/3350] af2fbd75-6315-45c9-8653-31f1bbaee192: cophenetic index 490; 0.7 s; peak memory 635 MiB.
2026-10-09T04:17:16Z INFO [1896/3350] af30df6b-5503-403d-9ac5-f12933fc6bc1: cophenetic index 20749; 11.2 s; peak memory 635 MiB.
2026-10-09T04:17:23Z INFO [1897/3350] af3157e7-b8ac-412f-b76f-ef3d986b9659: cophenetic index 13178; 6.7 s; peak memory 635 MiB.
2026-10-09T04:17:24Z INFO [1898/3350] af322093-6036-45e6-bb8d-fea00eacbcc2: cophenetic index 624; 1.2 s; peak memory 635 MiB.
2026-10-09T04:17:26Z INFO [1899/3350] af32e699-adb0-499e-8afd-b0c25d7390c3: cophenetic index 1130; 2.3 s; peak memory 635 MiB.
2026-10-09T04:17:27Z INFO [1900/3350] af346ef0-b351-4b2c-b9b5-6a3bbb27fe4e: cophenetic index 2974; 1.4 s; peak memory 635 MiB.
2026-10-09T04:17:28Z INFO [1900/3350] af346ef0-b351-4b2c-b9b5-6a3bbb27fe4e: checkpointed 131236 new records.
2026-10-09T04:17:29Z INFO [1901/3350] af35aef0-0b68-43f6-9b53-4d4212e3d72c: cophenetic index 739; 0.9 s; peak memory 635 MiB.
2026-10-09T04:17:29Z INFO [1902/3350] af35fca7-b06e-4767-badb-12b96f790534: cophenetic index 560; 1.0 s; peak memory 635 MiB.
2026-10-09T04:17:38Z INFO [1903/3350] af36d13d-afb9-4463-90b3-95f7fd5e1b3e: cophenetic index 366286; 8.7 s; peak memory 635 MiB.
2026-10-09T04:17:41Z INFO [1904/3350] af370f2a-c652-46e4-93ad-01161b8b7104: cophenetic index 4677; 3.2 s; peak memory 635 MiB.
2026-10-09T04:17:43Z INFO [1905/3350] af3715c7-6bc8-48dc-b6c4-8ef2095d0601: cophenetic index 692; 1.3 s; peak memory 635 MiB.
2026-10-09T04:17:50Z INFO [1906/3350] af374abe-b9da-4e82-9022-d053d062e1a0: cophenetic index 41588; 6.8 s; peak memory 635 MiB.
2026-10-09T04:17:52Z INFO [1907/3350] af39e12a-b78c-4a85-b43a-4a0527afe95d: cophenetic index 2625; 2.1 s; peak memory 635 MiB.
2026-10-09T04:17:53Z INFO [1908/3350] af39f9e4-5aae-4e33-a19f-77a2ec8276bd: cophenetic index 3004; 1.4 s; peak memory 635 MiB.
2026-10-09T04:17:54Z INFO [1909/3350] af3ab83e-6859-4c8a-807e-8778b79d9567: cophenetic index 3192; 1.4 s; peak memory 635 MiB.
2026-10-09T04:17:56Z INFO [1910/3350] af3d3747-9e03-4c62-90a4-38f0a2f0cf32: cophenetic index 573; 1.7 s; peak memory 635 MiB.
2026-10-09T04:17:58Z INFO [1911/3350] af3dbf45-fc6a-4c0c-8484-a6830c4349d1: cophenetic index 1751; 1.9 s; peak memory 635 MiB.
2026-10-09T04:17:59Z INFO [1912/3350] af3eb29e-e03b-4a60-8e72-c451511808e5: cophenetic index 624; 1.2 s; peak memory 635 MiB.
2026-10-09T04:18:00Z INFO [1913/3350] af3f0da4-ec45-4132-8ecb-b4ea376447b2: cophenetic index 490; 0.8 s; peak memory 635 MiB.
2026-10-09T04:18:03Z INFO [1914/3350] af3f15c0-9a7c-4e19-9cad-4b97304f301c: cophenetic index 5473; 3.3 s; peak memory 635 MiB.
2026-10-09T04:18:06Z INFO [1915/3350] af3f3cd8-ccfb-4e86-b992-4b2a28663092: cophenetic index 2124; 2.3 s; peak memory 635 MiB.
2026-10-09T04:18:07Z INFO [1916/3350] af3ff7a9-f1c9-4400-ac48-ccf1b644cd35: cophenetic index 624; 1.2 s; peak memory 635 MiB.
2026-10-09T04:18:08Z INFO [1917/3350] af404c3c-502d-40f7-822b-0d89288bb2ee: cophenetic index 791; 1.5 s; peak memory 635 MiB.
2026-10-09T04:18:10Z INFO [1918/3350] af40e117-01e1-4fa8-b284-1812ab95cde6: cophenetic index 3004; 1.4 s; peak memory 635 MiB.
2026-10-09T04:18:11Z INFO [1919/3350] af417657-a4d7-47f1-ab84-a1817aa50753: cophenetic index 624; 1.0 s; peak memory 635 MiB.
2026-10-09T04:18:12Z INFO [1920/3350] af420912-7bb3-4685-9c74-fe8d8ebe9e84: cophenetic index 624; 1.1 s; peak memory 635 MiB.
2026-10-09T04:18:13Z INFO [1921/3350] af42a2e3-24b4-4bf0-8e6a-8b15bc147ee6: cophenetic index 1025; 1.2 s; peak memory 635 MiB.
2026-10-09T04:18:14Z INFO [1922/3350] af42a8c2-b1da-4056-bf1a-a33860b8f3f9: cophenetic index 3004; 1.4 s; peak memory 635 MiB.
2026-10-09T04:18:16Z INFO [1923/3350] af42b7fe-c0da-477a-958e-9a2622d5932c: cophenetic index 431; 1.3 s; peak memory 635 MiB.
2026-10-09T04:18:29Z INFO [1924/3350] af42f4ea-8fe2-415d-b2f6-e3997c6576c1: cophenetic index 217413; 12.8 s; peak memory 635 MiB.
2026-10-09T04:21:09Z INFO [1925/3350] af43620a-f5de-4ba1-b2d9-16814922c8ec: cophenetic index 123823166; 160.4 s; peak memory 635 MiB.
2026-10-09T04:21:10Z INFO [1926/3350] af43b254-3699-4f96-bd89-674cbd9184ea: cophenetic index 646; 1.1 s; peak memory 635 MiB.
2026-10-09T04:21:12Z INFO [1927/3350] af443cf8-9f93-411f-a382-af7fdd94dfb8: cophenetic index 33998; 1.8 s; peak memory 635 MiB.
2026-10-09T04:21:13Z INFO [1928/3350] af44822f-e17d-49c1-9b6e-a24aba882c5a: cophenetic index 3004; 1.4 s; peak memory 635 MiB.
2026-10-09T04:21:14Z INFO [1929/3350] af448c6e-48e6-424f-baef-b262b4057de0: cophenetic index 490; 0.9 s; peak memory 635 MiB.
2026-10-09T04:21:15Z INFO [1930/3350] af44fd97-a5f7-428b-84f7-7bbe15d9c716: cophenetic index 624; 1.2 s; peak memory 635 MiB.
2026-10-09T04:21:16Z INFO [1931/3350] af4611b2-6236-4c8a-a8f1-cfab1f31ca81: cophenetic index 579; 0.8 s; peak memory 635 MiB.
2026-10-09T04:21:17Z INFO [1932/3350] af4794d9-e09d-4887-8a59-44894d6d9837: cophenetic index 431; 1.1 s; peak memory 635 MiB.
2026-10-09T04:21:19Z INFO [1933/3350] af483bc9-9db8-4b7f-a748-5e611b9339b5: cophenetic index 2923; 1.5 s; peak memory 635 MiB.
2026-10-09T04:21:22Z INFO [1934/3350] af48b2e7-bbd9-497a-826a-1d2776c86fe8: cophenetic index 5473; 3.4 s; peak memory 635 MiB.
2026-10-09T04:21:23Z INFO [1935/3350] af490b35-07d1-4c93-9256-f0dcdaa9c7d0: cophenetic index 624; 1.2 s; peak memory 635 MiB.
2026-10-09T04:21:32Z INFO [1936/3350] af491200-4e49-48be-a614-6b1cb1f4b4db: cophenetic index 7888; 9.2 s; peak memory 635 MiB.
2026-10-09T04:21:34Z INFO [1937/3350] af4918e7-ec02-4e82-80c5-3f1c7cad15a1: cophenetic index 624; 1.3 s; peak memory 635 MiB.
2026-10-09T04:21:35Z INFO [1938/3350] af4981d8-4906-4b59-9a0f-2692a2a3ffcb: cophenetic index 605; 1.4 s; peak memory 635 MiB.
2026-10-09T04:21:37Z INFO [1939/3350] af49eb3f-9708-4260-b8b0-154f18643b4e: cophenetic index 107282; 2.4 s; peak memory 635 MiB.
2026-10-09T04:21:39Z INFO [1940/3350] af4a53a4-a3ac-4d09-8818-d830006a8cb0: cophenetic index 23960; 1.4 s; peak memory 635 MiB.
2026-10-09T04:21:40Z INFO [1941/3350] af4a563d-2d5a-4d2d-9f56-19ab259f3bf7: cophenetic index 2625; 1.5 s; peak memory 635 MiB.
2026-10-09T04:21:42Z INFO [1942/3350] af4a9abb-5ff5-4163-b929-835b7ab20a67: cophenetic index 2625; 1.7 s; peak memory 635 MiB.
2026-10-09T04:21:44Z INFO [1943/3350] af4b1177-839a-40f1-833b-e43968272e66: cophenetic index 1087; 1.5 s; peak memory 635 MiB.
2026-10-09T04:21:45Z INFO [1944/3350] af4b1ffb-38e5-43a0-80d4-68c2ff3d04d8: cophenetic index 624; 1.1 s; peak memory 635 MiB.
2026-10-09T04:21:48Z INFO [1945/3350] af4b793c-22c9-4220-87d8-691fab809894: cophenetic index 2391; 2.9 s; peak memory 635 MiB.
2026-10-09T04:21:49Z INFO [1946/3350] af4b9972-0bab-4034-b9e8-ff4a36dca2b3: cophenetic index 624; 1.2 s; peak memory 635 MiB.
2026-10-09T04:21:50Z INFO [1947/3350] af4d063d-08e7-4d99-8551-4dbfbe2d4425: cophenetic index 2974; 1.5 s; peak memory 635 MiB.
2026-10-09T04:21:52Z INFO [1948/3350] af4d06c3-5b52-4e7f-866d-e02947960e75: cophenetic index 33986; 1.9 s; peak memory 635 MiB.
2026-10-09T04:22:04Z INFO [1949/3350] af4da9e2-19c0-49db-a886-793358e37418: cophenetic index 24071; 11.9 s; peak memory 635 MiB.
2026-10-09T04:22:05Z INFO [1950/3350] af4de002-0d4a-4a57-b809-53e1a8e144a7: cophenetic index 649; 1.3 s; peak memory 635 MiB.
2026-10-09T04:22:06Z INFO [1950/3350] af4de002-0d4a-4a57-b809-53e1a8e144a7: checkpointed 131286 new records.
2026-10-09T04:22:07Z INFO [1951/3350] af4e2334-252c-4518-b948-eb9533207ff9: cophenetic index 3004; 1.3 s; peak memory 635 MiB.
2026-10-09T04:22:08Z INFO [1952/3350] af4fa04f-863c-49c1-8c98-22ce661facf5: cophenetic index 466; 1.3 s; peak memory 635 MiB.
2026-10-09T04:22:09Z INFO [1953/3350] af508945-da6a-4334-82c0-765433ce7179: cophenetic index 649; 1.2 s; peak memory 635 MiB.
2026-10-09T04:22:11Z INFO [1954/3350] af5144ab-9c54-4f94-ad01-f0bcf0a22021: cophenetic index 2625; 1.6 s; peak memory 635 MiB.
2026-10-09T04:22:12Z INFO [1955/3350] af51a509-cf39-4461-be3c-5cfc9d399340: cophenetic index 2974; 1.3 s; peak memory 635 MiB.
2026-10-09T04:22:21Z INFO [1956/3350] af51eef3-96a5-4024-9922-63c2eb0a3925: cophenetic index 133266; 9.1 s; peak memory 635 MiB.
2026-10-09T04:22:23Z INFO [1957/3350] af521332-46d3-4c0f-9a39-b9b9a9dbb37f: cophenetic index 797; 1.8 s; peak memory 635 MiB.
2026-10-09T04:22:24Z INFO [1958/3350] af523085-4cd5-41c3-b1d7-a4bdf9e2af7a: cophenetic index 3004; 1.4 s; peak memory 635 MiB.
2026-10-09T04:22:25Z INFO [1959/3350] af524975-ba06-4639-a915-e92bb236d5a2: cophenetic index 431; 1.0 s; peak memory 635 MiB.
2026-10-09T04:22:29Z INFO [1960/3350] af525550-d46e-4379-8e43-d87f0bb4c153: cophenetic index 5473; 3.2 s; peak memory 635 MiB.
2026-10-09T04:22:30Z INFO [1961/3350] af527769-6270-43ed-811f-89fa3dcfff16: cophenetic index 624; 1.2 s; peak memory 635 MiB.
2026-10-09T04:22:32Z INFO [1962/3350] af52907d-4ab0-48b2-8ddf-5417c9525085: cophenetic index 2625; 1.9 s; peak memory 635 MiB.
2026-10-09T04:22:33Z INFO [1963/3350] af560cd5-d1bd-4e9e-9fe1-def520678688: cophenetic index 624; 1.2 s; peak memory 635 MiB.
2026-10-09T04:22:34Z INFO [1964/3350] af56d9d4-f676-4a26-95fd-7ed1f450cce6: cophenetic index 3004; 1.2 s; peak memory 635 MiB.
2026-10-09T04:22:43Z INFO [1965/3350] af56e516-68e6-4262-9b74-b631068a5631: cophenetic index 162235857; 8.9 s; peak memory 635 MiB.
2026-10-09T04:22:45Z INFO [1966/3350] af56ff4e-2a35-4371-92ba-e6b353176399: cophenetic index 33968; 2.1 s; peak memory 635 MiB.
2026-10-09T04:22:47Z INFO [1967/3350] af5701c9-4dbd-4f78-8437-53014a376549: cophenetic index 2625; 2.2 s; peak memory 635 MiB.
2026-10-09T04:22:49Z INFO [1968/3350] af57025f-50a3-4abc-b530-6eaffe7eed60: cophenetic index 33962; 1.7 s; peak memory 635 MiB.
2026-10-09T04:22:58Z INFO [1969/3350] af578a17-3b54-4a43-9172-a5b71eba497c: cophenetic index 13016; 9.3 s; peak memory 635 MiB.
2026-10-09T04:23:00Z INFO [1970/3350] af5792eb-69d1-48c7-9f8a-72911b6f1915: cophenetic index 99150; 1.9 s; peak memory 635 MiB.
2026-10-09T04:23:09Z INFO [1971/3350] af57a223-afe8-4b05-a791-e38d8d01cbe2: cophenetic index 56642; 8.1 s; peak memory 635 MiB.
2026-10-09T04:23:10Z INFO [1972/3350] af57b94f-6000-4f17-8d83-5d19a55cc861: cophenetic index 2625; 1.7 s; peak memory 635 MiB.
2026-10-09T04:23:12Z INFO [1973/3350] af58ec40-bb0f-4a69-b910-7593f775e546: cophenetic index 3004; 1.3 s; peak memory 635 MiB.
2026-10-09T04:23:13Z INFO [1974/3350] af598c59-63f0-48a5-a327-b6f5681d6e2e: cophenetic index 766; 1.6 s; peak memory 635 MiB.
2026-10-09T04:23:14Z INFO [1975/3350] af599254-6f9d-4755-948e-ab687b6f193a: cophenetic index 624; 1.1 s; peak memory 635 MiB.
2026-10-09T04:23:16Z INFO [1976/3350] af59bb34-0e17-499f-9050-5ac0f957ea18: cophenetic index 24032; 1.5 s; peak memory 635 MiB.
2026-10-09T04:23:17Z INFO [1977/3350] af5a561a-4d37-4e04-9025-ad92e21554b8: cophenetic index 517; 1.0 s; peak memory 635 MiB.
2026-10-09T04:23:18Z INFO [1978/3350] af5a68e6-5e1d-4575-9b09-5f1643cbd9f8: cophenetic index 624; 1.1 s; peak memory 635 MiB.
2026-10-09T04:23:19Z INFO [1979/3350] af5a7ce4-3777-4745-84a7-e8a7b05b0b6a: cophenetic index 624; 1.0 s; peak memory 635 MiB.
2026-10-09T04:23:20Z INFO [1980/3350] af5a8c08-0cc8-4c8d-8bf4-0a0fc90c4a94: cophenetic index 762; 0.8 s; peak memory 635 MiB.
2026-10-09T04:23:21Z INFO [1981/3350] af5ad0bd-ad85-46fc-a4fc-2a1105d224b9: cophenetic index 624; 1.0 s; peak memory 635 MiB.
2026-10-09T04:23:24Z INFO [1982/3350] af5cb5a9-7d45-4cee-a632-816cf1008b23: cophenetic index 2391; 3.2 s; peak memory 635 MiB.
2026-10-09T04:23:26Z INFO [1983/3350] af5d3ecf-bcb0-410f-8680-d017eaa25637: cophenetic index 2625; 1.6 s; peak memory 635 MiB.
2026-10-09T04:23:33Z INFO [1984/3350] af5e2f17-6f79-4406-bd16-4d2eefb9af8d: cophenetic index 79177; 7.0 s; peak memory 635 MiB.
2026-10-09T04:23:40Z INFO [1985/3350] af5f26ae-5e9c-4909-ba73-e36b52b36375: cophenetic index 106351; 7.6 s; peak memory 635 MiB.
2026-10-09T04:23:41Z INFO [1986/3350] af5f6fbf-75d9-4cda-be92-9d7333dacee9: cophenetic index 624; 1.2 s; peak memory 635 MiB.
2026-10-09T04:23:42Z INFO [1987/3350] af5fe3e9-ad3f-4cf5-80a0-19038319085e: cophenetic index 665; 1.0 s; peak memory 635 MiB.
2026-10-09T04:23:44Z INFO [1988/3350] af6038b4-fe5d-4fd6-b7e5-8e63424fa254: cophenetic index 972; 1.9 s; peak memory 635 MiB.
2026-10-09T04:23:45Z INFO [1989/3350] af606c05-f41f-4e5e-ab98-be9f8fded068: cophenetic index 624; 1.1 s; peak memory 635 MiB.
2026-10-09T04:23:47Z INFO [1990/3350] af60e5ef-bccb-459e-ad98-324b208322f8: cophenetic index 3004; 1.2 s; peak memory 635 MiB.
2026-10-09T04:24:19Z INFO [1991/3350] af612ba6-e191-4e75-b4af-7a3f42bd5ebe: cophenetic index 531087; 32.2 s; peak memory 635 MiB.
2026-10-09T04:24:20Z INFO [1992/3350] af618282-d1a5-4cfd-b6b8-d3f65c366714: cophenetic index 624; 1.1 s; peak memory 635 MiB.
2026-10-09T04:24:22Z INFO [1993/3350] af61ad6d-7e79-46ed-9245-aa9dcaf737da: cophenetic index 2402; 2.6 s; peak memory 635 MiB.
2026-10-09T04:24:24Z INFO [1994/3350] af634a83-27de-471f-b256-ad5376b1d414: cophenetic index 624; 1.3 s; peak memory 635 MiB.
2026-10-09T04:24:38Z INFO [1995/3350] af64139c-6d1f-408b-8a92-66f7789e1c0d: cophenetic index 258467; 14.7 s; peak memory 635 MiB.
2026-10-09T04:24:40Z INFO [1996/3350] af646c48-07aa-406a-9ac1-07d9110f3f38: cophenetic index 23272; 1.5 s; peak memory 635 MiB.
2026-10-09T04:24:49Z INFO [1997/3350] af64d000-1633-4eab-916e-0196cbed5feb: cophenetic index 46939; 9.2 s; peak memory 635 MiB.
2026-10-09T04:24:51Z INFO [1998/3350] af658a71-3802-47b3-93b3-48d30c3120db: cophenetic index 3087; 1.4 s; peak memory 635 MiB.
2026-10-09T04:24:52Z INFO [1999/3350] af65b484-3413-40f2-8f75-a5cede799215: cophenetic index 624; 1.1 s; peak memory 635 MiB.
2026-10-09T04:24:53Z INFO [2000/3350] af65fae3-1cfa-4f84-ad55-09a5fabd1d20: cophenetic index 624; 1.1 s; peak memory 635 MiB.
2026-10-09T04:24:53Z INFO [2000/3350] af65fae3-1cfa-4f84-ad55-09a5fabd1d20: checkpointed 131336 new records.
2026-10-09T04:25:03Z INFO [2001/3350] af668879-1e14-4d62-bb25-ee971e5ab40f: cophenetic index 166804; 10.3 s; peak memory 635 MiB.
2026-10-09T04:25:05Z INFO [2002/3350] af66c9ce-9714-45b2-9081-ab5540a90d30: cophenetic index 33998; 1.9 s; peak memory 635 MiB.
2026-10-09T04:25:13Z INFO [2003/3350] af675a75-d78d-41fe-ac96-bfd6f5a9d379: cophenetic index 87527; 7.4 s; peak memory 635 MiB.
2026-10-09T04:25:15Z INFO [2004/3350] af678c0c-6857-4b6d-bea8-61806c33dd75: cophenetic index 959; 2.3 s; peak memory 635 MiB.
2026-10-09T04:25:19Z INFO [2005/3350] af692806-bcd8-4398-a3e1-21361648c2fe: cophenetic index 13983; 3.6 s; peak memory 635 MiB.
2026-10-09T04:25:20Z INFO [2006/3350] af69491b-a4b8-4306-9d0b-6d3c08eed9b8: cophenetic index 554; 1.3 s; peak memory 635 MiB.
2026-10-09T04:25:21Z INFO [2007/3350] af6a3188-77f9-4f35-840b-93a60fbdeea3: cophenetic index 581; 1.1 s; peak memory 635 MiB.
2026-10-09T04:25:22Z INFO [2008/3350] af6a36fb-9ac3-4969-a859-6108cb8c75c0: cophenetic index 624; 1.3 s; peak memory 635 MiB.
2026-10-09T04:25:23Z INFO [2009/3350] af6b3bdb-5042-44b0-9f01-a8270c1ef844: cophenetic index 762; 0.9 s; peak memory 635 MiB.
2026-10-09T04:25:24Z INFO [2010/3350] af6baf37-f646-4a8e-af41-20655fa2cb59: cophenetic index 479; 1.0 s; peak memory 635 MiB.
2026-10-09T04:25:32Z INFO [2011/3350] af6c5f48-eb8c-435d-85ca-0a0c1ccceff9: cophenetic index 65117; 8.3 s; peak memory 635 MiB.
2026-10-09T04:25:34Z INFO [2012/3350] af6cbd5c-dbce-4e38-9435-fe266f66eee3: cophenetic index 33998; 2.0 s; peak memory 635 MiB.
2026-10-09T04:25:37Z INFO [2013/3350] af6d0a6d-31b6-482e-af60-721ffa294413: cophenetic index 2682; 3.0 s; peak memory 635 MiB.
2026-10-09T04:25:45Z INFO [2014/3350] af6de56f-34a9-4eb0-b634-2bd61f145286: cophenetic index 173107; 7.7 s; peak memory 635 MiB.
2026-10-09T04:25:47Z INFO [2015/3350] af6dff4d-5534-4a13-802c-b76d93d4228b: cophenetic index 33998; 2.0 s; peak memory 635 MiB.
2026-10-09T04:25:48Z INFO [2016/3350] af6e93f8-9b15-4924-a0dd-8709732c73f4: cophenetic index 624; 1.0 s; peak memory 635 MiB.
2026-10-09T04:25:50Z INFO [2017/3350] af6fa04a-f7ef-4769-b63e-dffd57b844be: cophenetic index 2496; 1.6 s; peak memory 635 MiB.
2026-10-09T04:25:51Z INFO [2018/3350] af705c07-6bcb-4970-b9a3-9ea1f1d165be: cophenetic index 624; 1.2 s; peak memory 635 MiB.
2026-10-09T04:25:52Z INFO [2019/3350] af72269f-edbd-4177-b3df-eb2dbc875edd: cophenetic index 2570; 1.3 s; peak memory 635 MiB.
2026-10-09T04:25:53Z INFO [2020/3350] af72d258-b669-437a-99d5-057a64569a8f: cophenetic index 446; 0.8 s; peak memory 635 MiB.
2026-10-09T04:25:54Z INFO [2021/3350] af7315a1-2bd9-446e-9570-fdb8d4866557: cophenetic index 624; 1.1 s; peak memory 635 MiB.
2026-10-09T04:25:55Z INFO [2022/3350] af73b66a-3c76-4263-ad4c-1055255f0945: cophenetic index 2920; 1.1 s; peak memory 635 MiB.
2026-10-09T04:25:56Z INFO [2023/3350] af748b59-a1cb-4090-9711-96296b3a2722: cophenetic index 3004; 1.3 s; peak memory 635 MiB.
2026-10-09T04:26:07Z INFO [2024/3350] af7550e9-2a2c-433a-969c-1b143740420e: cophenetic index 510430; 11.0 s; peak memory 635 MiB.
2026-10-09T04:26:09Z INFO [2025/3350] af769ee1-2e63-453e-8eba-7850348774c8: cophenetic index 3004; 1.5 s; peak memory 635 MiB.
2026-10-09T04:26:19Z INFO [2026/3350] af777373-8889-4e18-ad38-bc02ac527004: cophenetic index 34862; 10.1 s; peak memory 635 MiB.
2026-10-09T04:26:20Z INFO [2027/3350] af77e66a-ad76-450f-856b-7fbb5701f2e2: cophenetic index 560; 1.0 s; peak memory 635 MiB.
2026-10-09T04:26:22Z INFO [2028/3350] af786209-76d9-4244-a5b3-9c44263b08b1: cophenetic index 777; 2.0 s; peak memory 635 MiB.
2026-10-09T04:26:23Z INFO [2029/3350] af78e8c9-c73e-4e37-a49e-b26b5e975742: cophenetic index 579; 0.9 s; peak memory 635 MiB.
2026-10-09T04:26:25Z INFO [2030/3350] af796713-f784-4385-89a7-d19274417ac3: cophenetic index 3972; 1.7 s; peak memory 635 MiB.
2026-10-09T04:26:26Z INFO [2031/3350] af79b668-e9e7-401c-ad6e-3a9959f20bb0: cophenetic index 2625; 1.9 s; peak memory 635 MiB.
2026-10-09T04:26:28Z INFO [2032/3350] af79bbab-75f6-48ab-99e8-cf17599e9904: cophenetic index 624; 1.2 s; peak memory 635 MiB.
2026-10-09T04:26:29Z INFO [2033/3350] af7b34b1-7a74-469a-9a18-c1d719d9fc73: cophenetic index 739; 0.8 s; peak memory 635 MiB.
2026-10-09T04:26:30Z INFO [2034/3350] af7b8ea5-c746-429b-a064-8ee1726917e6: cophenetic index 2625; 1.7 s; peak memory 635 MiB.
2026-10-09T04:26:31Z INFO [2035/3350] af7c1ec1-6449-482f-b908-115383c255fb: cophenetic index 3004; 1.2 s; peak memory 635 MiB.
2026-10-09T04:26:33Z INFO [2036/3350] af7ca3ae-63c4-46ff-ac48-1ce58aec97f6: cophenetic index 2974; 1.4 s; peak memory 635 MiB.
2026-10-09T04:26:43Z INFO [2037/3350] af7ce746-b20a-4aa9-9c53-a12e0f17e415: cophenetic index 166954; 10.3 s; peak memory 635 MiB.
2026-10-09T04:26:44Z INFO [2038/3350] af7e1a48-3d39-44a5-b8af-ecee8a2e5639: cophenetic index 624; 1.1 s; peak memory 635 MiB.
2026-10-09T04:26:45Z INFO [2039/3350] af7e7c03-dca9-44a7-9050-abd51aa96cb0: cophenetic index 431; 1.2 s; peak memory 635 MiB.
2026-10-09T04:26:46Z INFO [2040/3350] af7f6f58-9c34-4555-8944-1c841d55dfc9: cophenetic index 490; 1.0 s; peak memory 635 MiB.
2026-10-09T04:26:50Z INFO [2041/3350] af7f86b3-93a9-4549-9988-2a5c81211643: cophenetic index 2027; 3.6 s; peak memory 635 MiB.
2026-10-09T04:26:51Z INFO [2042/3350] af8098b6-3815-4b95-bfc9-efcaf2d7c2f8: cophenetic index 3087; 1.3 s; peak memory 635 MiB.
2026-10-09T04:26:53Z INFO [2043/3350] af815425-4ed0-4ac3-9195-4127e2de8160: cophenetic index 2570; 1.7 s; peak memory 635 MiB.
2026-10-09T04:26:54Z INFO [2044/3350] af83b92c-57d1-492f-b6cd-3bcab0aad545: cophenetic index 605; 1.3 s; peak memory 635 MiB.
2026-10-09T04:26:56Z INFO [2045/3350] af842378-d86e-4c01-aae6-d288b4af1fd2: cophenetic index 2625; 1.7 s; peak memory 635 MiB.
2026-10-09T04:26:58Z INFO [2046/3350] af843d4b-4414-4405-92ae-0aecbd89b66a: cophenetic index 3087; 1.6 s; peak memory 635 MiB.
2026-10-09T04:26:59Z INFO [2047/3350] af856504-727e-4907-a3bd-d380bffddb5d: cophenetic index 624; 1.2 s; peak memory 635 MiB.
2026-10-09T04:27:01Z INFO [2048/3350] af85666a-0cf5-49cd-9077-2df4ecb407e4: cophenetic index 3045; 1.9 s; peak memory 635 MiB.
2026-10-09T04:27:03Z INFO [2049/3350] af857f7f-e3b6-45b2-b957-7b4389e7ec75: cophenetic index 2625; 2.2 s; peak memory 635 MiB.
2026-10-09T04:27:04Z INFO [2050/3350] af8587bd-edc7-43e2-861b-0c54a598ff18: cophenetic index 624; 1.2 s; peak memory 635 MiB.
2026-10-09T04:27:04Z INFO [2050/3350] af8587bd-edc7-43e2-861b-0c54a598ff18: checkpointed 131386 new records.
2026-10-09T04:27:05Z INFO [2051/3350] af86791f-e399-4507-8095-368d76594b38: cophenetic index 624; 1.2 s; peak memory 635 MiB.
2026-10-09T04:27:06Z INFO [2052/3350] af868c71-e1f1-4d4d-b044-00ce9f61ed97: cophenetic index 749; 0.8 s; peak memory 635 MiB.
2026-10-09T04:27:08Z INFO [2053/3350] af869925-f549-43d4-b2f8-adf9d7df636f: cophenetic index 649; 1.3 s; peak memory 635 MiB.
2026-10-09T04:27:11Z INFO [2054/3350] af885246-fe8b-4092-87e7-0670922ddee6: cophenetic index 6636; 3.3 s; peak memory 635 MiB.
2026-10-09T04:27:12Z INFO [2055/3350] af88bc5c-3f81-4bb7-8b8c-5ff9651afcaf: cophenetic index 3004; 1.4 s; peak memory 635 MiB.
2026-10-09T04:27:14Z INFO [2056/3350] af88cdf6-ed6c-4294-a440-ac202c7932e9: cophenetic index 2923; 1.5 s; peak memory 635 MiB.
2026-10-09T04:27:15Z INFO [2057/3350] af893895-b7dc-45bf-a47e-3bea12d44c6c: cophenetic index 2974; 1.4 s; peak memory 635 MiB.
2026-10-09T04:27:17Z INFO [2058/3350] af893b96-d2d0-4e08-8dbd-6e30119ea8f6: cophenetic index 3087; 1.3 s; peak memory 635 MiB.
2026-10-09T04:27:18Z INFO [2059/3350] af8a06f8-a841-469e-90b1-31c3679e2c05: cophenetic index 624; 1.1 s; peak memory 635 MiB.
2026-10-09T04:27:19Z INFO [2060/3350] af8a4341-fc0e-43ab-b373-4afdeec91a2e: cophenetic index 3004; 1.4 s; peak memory 635 MiB.
2026-10-09T04:27:20Z INFO [2061/3350] af8a453c-0410-4121-a434-c4bc5ab9999e: cophenetic index 2974; 1.1 s; peak memory 635 MiB.
2026-10-09T04:27:22Z INFO [2062/3350] af8ac13d-63d1-47b8-a309-5a7850e69a99: cophenetic index 2625; 1.5 s; peak memory 635 MiB.
2026-10-09T04:27:23Z INFO [2063/3350] af8aea76-1615-48f6-83b9-51c9d672da54: cophenetic index 2974; 1.6 s; peak memory 635 MiB.
2026-10-09T04:27:25Z INFO [2064/3350] af8af129-9887-45b7-8a92-9be1c1eebe08: cophenetic index 33998; 1.6 s; peak memory 635 MiB.
2026-10-09T04:27:31Z INFO [2065/3350] af8affe2-bb19-44ff-8828-a87b87bc58b1: cophenetic index 9548; 6.4 s; peak memory 635 MiB.
2026-10-09T04:28:39Z INFO [2066/3350] af8b5bcb-e43b-4628-a533-611a76f9f1d5: cophenetic index 149679662; 68.0 s; peak memory 635 MiB.
2026-10-09T04:28:48Z INFO [2067/3350] af8c028e-d163-49cd-9a68-e96144a7cefe: cophenetic index 14699; 8.3 s; peak memory 635 MiB.
2026-10-09T04:28:49Z INFO [2068/3350] af8ce8f2-4548-4b21-b744-48011e88197c: cophenetic index 3192; 1.4 s; peak memory 635 MiB.
2026-10-09T04:28:50Z INFO [2069/3350] af8d2c74-6a2d-4588-9c3d-ae389eb4816c: cophenetic index 446; 0.8 s; peak memory 635 MiB.
2026-10-09T04:28:52Z INFO [2070/3350] af8d580e-6c91-4955-97b9-e30705f63e63: cophenetic index 2625; 1.9 s; peak memory 635 MiB.
2026-10-09T04:28:53Z INFO [2071/3350] af8d71fd-d968-4650-8a4c-ef6a1842e958: cophenetic index 624; 1.1 s; peak memory 635 MiB.
2026-10-09T04:28:56Z INFO [2072/3350] af8d7e87-a6e0-447b-b39c-8f4d68b09400: cophenetic index 4617; 2.9 s; peak memory 635 MiB.
2026-10-09T04:28:57Z INFO [2073/3350] af8d84b1-3938-4428-8e38-b0d60d35050e: cophenetic index 385; 1.2 s; peak memory 635 MiB.
2026-10-09T04:28:59Z INFO [2074/3350] af8e8bd6-b649-465a-8ae5-42340cc324e0: cophenetic index 33998; 2.2 s; peak memory 635 MiB.
2026-10-09T04:29:03Z INFO [2075/3350] af8ef1db-1816-4ffe-8948-537b2cf7b24b: cophenetic index 2027; 4.0 s; peak memory 635 MiB.
2026-10-09T04:29:05Z WARNING af8f8d1e-890e-40fb-8b99-bcfbd9dafa86: failed while reading the NWB file (KeyError: 'Unable to synchronously open object (component not found)')
2026-10-09T04:29:05Z WARNING [2076/3350] af8f8d1e-890e-40fb-8b99-bcfbd9dafa86: leaving unrecorded for a later run to retry.
2026-10-09T04:29:06Z INFO [2077/3350] af8fbdcc-5546-4fdd-b346-e1cc12678625: cophenetic index 624; 1.1 s; peak memory 635 MiB.
2026-10-09T04:29:07Z INFO [2078/3350] af9035f0-21a1-42fb-923c-de9351e86047: cophenetic index 937; 1.2 s; peak memory 635 MiB.
2026-10-09T04:29:09Z INFO [2079/3350] af910dee-b146-4169-a290-014ecfbcf448: cophenetic index 33962; 1.4 s; peak memory 635 MiB.
2026-10-09T04:29:15Z INFO [2080/3350] af91d0c4-f659-4a9d-b47d-5fb10aab2c83: cophenetic index 5466; 6.4 s; peak memory 635 MiB.
2026-10-09T04:29:17Z INFO [2081/3350] af91f21b-b192-45f7-abf4-085ae607ce82: cophenetic index 3087; 1.9 s; peak memory 635 MiB.
2026-10-09T04:29:28Z INFO [2082/3350] af921838-ff07-4c9a-a415-e80bb5b8bd8c: cophenetic index 12810117; 10.9 s; peak memory 635 MiB.
2026-10-09T04:29:29Z INFO [2083/3350] af926281-4968-49d3-8a6f-e51597a2f073: cophenetic index 626; 1.5 s; peak memory 635 MiB.
2026-10-09T04:29:31Z INFO [2084/3350] af92681b-5aac-454a-8779-91f5713438aa: cophenetic index 33986; 1.5 s; peak memory 635 MiB.
2026-10-09T04:29:32Z INFO [2085/3350] af93f7ae-6a57-4206-823a-af73a4c0967d: cophenetic index 2844; 1.4 s; peak memory 635 MiB.
2026-10-09T04:29:35Z INFO [2086/3350] af94feae-4685-417e-b38f-aa1e2f870cc8: cophenetic index 1733; 3.2 s; peak memory 635 MiB.
2026-10-09T04:29:37Z INFO [2087/3350] af95d55a-d985-44a9-82ca-e1fbdfc61208: cophenetic index 2974; 1.5 s; peak memory 635 MiB.
2026-10-09T04:29:44Z INFO [2088/3350] af95d914-3cd0-4d5e-ae94-07a9aea8815b: cophenetic index 20345; 6.7 s; peak memory 635 MiB.
2026-10-09T04:29:45Z INFO [2089/3350] af975700-db76-46fe-a218-ac4a715eddb7: cophenetic index 624; 1.1 s; peak memory 635 MiB.
2026-10-09T04:29:46Z INFO [2090/3350] af9861f3-8af6-4452-a907-f346d3c4b40a: cophenetic index 624; 1.2 s; peak memory 635 MiB.
2026-10-09T04:29:57Z INFO [2091/3350] af986b71-6e9a-4047-9b4b-803d5a7dfd11: cophenetic index 48355; 11.3 s; peak memory 635 MiB.
2026-10-09T04:29:58Z INFO [2092/3350] af988a4b-9eb2-4fc6-a273-3717c394b4f4: cophenetic index 624; 1.2 s; peak memory 635 MiB.
2026-10-09T04:29:59Z INFO [2093/3350] af993756-4064-422c-b29d-0e9cd6cb9969: cophenetic index 624; 1.0 s; peak memory 635 MiB.
2026-10-09T04:30:01Z INFO [2094/3350] af9984c9-fa10-4b49-9936-efce01c5bb73: cophenetic index 624; 1.1 s; peak memory 635 MiB.
2026-10-09T04:30:04Z INFO [2095/3350] af9a647d-d9d2-4de0-a486-70592e1057aa: cophenetic index 5473; 3.3 s; peak memory 635 MiB.
2026-10-09T04:30:06Z INFO [2096/3350] af9b618e-f892-4f51-96d1-6f847fca2d1c: cophenetic index 2570; 1.8 s; peak memory 635 MiB.
2026-10-09T04:30:07Z INFO [2097/3350] af9b98bd-ae8f-49e4-b04a-bdb4f7a2d6a3: cophenetic index 490; 1.0 s; peak memory 635 MiB.
2026-10-09T04:30:08Z INFO [2098/3350] af9cae6d-e000-4261-91af-8ef6e52dc6d6: cophenetic index 2625; 1.9 s; peak memory 635 MiB.
2026-10-09T04:30:10Z INFO [2099/3350] af9d126c-2f9b-4597-b210-af4653e9e27a: cophenetic index 2496; 1.3 s; peak memory 635 MiB.
2026-10-09T04:30:11Z INFO [2100/3350] af9d6a4d-caab-4823-97cf-98a062ba3f78: cophenetic index 624; 1.1 s; peak memory 635 MiB.
2026-10-09T04:30:11Z INFO [2100/3350] af9d6a4d-caab-4823-97cf-98a062ba3f78: checkpointed 131435 new records.
2026-10-09T04:30:13Z INFO [2101/3350] af9f73f3-a89a-4e85-b4e7-6116b85c086d: cophenetic index 2625; 1.4 s; peak memory 635 MiB.
2026-10-09T04:30:13Z INFO [2102/3350] af9f92ea-d3e4-4c88-8821-b1d9f991eadb: cophenetic index 797; 0.9 s; peak memory 635 MiB.
2026-10-09T04:30:15Z INFO [2103/3350] af9fc35f-8cad-43d9-830a-98e89e9b5bcb: cophenetic index 624; 1.1 s; peak memory 635 MiB.
2026-10-09T04:30:16Z INFO [2104/3350] afa00e59-a429-4340-838e-5d29eb0a5f1c: cophenetic index 624; 1.1 s; peak memory 635 MiB.
2026-10-09T04:30:17Z INFO [2105/3350] afa0bb02-5c9d-4bcc-9fb0-633b1841e98d: cophenetic index 579; 0.9 s; peak memory 635 MiB.
2026-10-09T04:30:19Z INFO [2106/3350] afa0c5f8-68ce-4162-b023-24c0f08604ac: cophenetic index 972; 2.0 s; peak memory 635 MiB.
2026-10-09T04:30:20Z INFO [2107/3350] afa254e5-a892-4b04-9531-bdced7f66745: cophenetic index 490; 1.0 s; peak memory 635 MiB.
2026-10-09T04:30:22Z INFO [2108/3350] afa26e9c-7811-420e-bc20-d89a8e29973a: cophenetic index 1751; 2.2 s; peak memory 635 MiB.
2026-10-09T04:30:23Z INFO [2109/3350] afa29f63-f336-4036-b85e-b2110ca0ba45: cophenetic index 624; 1.2 s; peak memory 635 MiB.
2026-10-09T04:30:32Z INFO [2110/3350] afa32ae4-9540-4dbf-9aa1-d9edc622d794: cophenetic index 105396; 8.9 s; peak memory 635 MiB.
2026-10-09T04:30:34Z INFO [2111/3350] afa348e0-98e0-47d7-bba4-56eb58688699: cophenetic index 33998; 2.6 s; peak memory 635 MiB.
2026-10-09T04:30:36Z INFO [2112/3350] afa4c61d-f6b9-4eea-a376-224210e46a34: cophenetic index 23206; 1.3 s; peak memory 635 MiB.
2026-10-09T04:30:37Z INFO [2113/3350] afa57d54-67f2-4aed-8075-4c366aece313: cophenetic index 385; 1.2 s; peak memory 635 MiB.
2026-10-09T04:30:38Z INFO [2114/3350] afa6c742-891a-48c9-b884-16c2540da6de: cophenetic index 3004; 1.4 s; peak memory 635 MiB.
2026-10-09T04:30:40Z INFO [2115/3350] afa7057a-451f-4f16-bcd8-5a383b520846: cophenetic index 99138; 2.1 s; peak memory 635 MiB.
2026-10-09T04:30:42Z INFO [2116/3350] afa7078f-ade4-4e74-8ec2-98e0db12d463: cophenetic index 3087; 1.3 s; peak memory 635 MiB.
2026-10-09T04:30:43Z INFO [2117/3350] afa73fba-d24f-4336-a63d-92e28646722e: cophenetic index 3087; 1.4 s; peak memory 635 MiB.
2026-10-09T04:30:44Z INFO [2118/3350] afa766fb-95b8-4e68-9304-7002bff731f9: cophenetic index 431; 1.2 s; peak memory 635 MiB.
2026-10-09T04:30:46Z INFO [2119/3350] afa78c04-b1e8-4d8f-9d8b-77cd8b48569c: cophenetic index 30304; 1.7 s; peak memory 635 MiB.
2026-10-09T04:30:50Z INFO [2120/3350] afa7d1c7-f516-43fe-ab72-d251ccaa7863: cophenetic index 5473; 3.6 s; peak memory 635 MiB.
2026-10-09T04:31:02Z INFO [2121/3350] afa8c6bd-518f-4daf-a2b1-67cbcdd0af65: cophenetic index 40679; 12.5 s; peak memory 635 MiB.
2026-10-09T04:31:04Z INFO [2122/3350] afa9b84e-704f-462a-9f23-19e9d5e4f495: cophenetic index 33998; 1.8 s; peak memory 635 MiB.
2026-10-09T04:31:05Z INFO [2123/3350] afaadd13-f3d4-4303-bed0-79dc7e10b8ba: cophenetic index 994; 1.3 s; peak memory 635 MiB.
2026-10-09T04:31:07Z INFO [2124/3350] afabae07-6f56-4f62-8f38-0969eeb65769: cophenetic index 3087; 1.4 s; peak memory 635 MiB.
2026-10-09T04:31:08Z INFO [2125/3350] afabc150-cf64-466b-8488-5a4e65cdd858: cophenetic index 33962; 1.8 s; peak memory 635 MiB.
2026-10-09T04:31:10Z INFO [2126/3350] afac557e-6b7d-46ab-9907-38dfd17b4e46: cophenetic index 3087; 1.9 s; peak memory 635 MiB.
2026-10-09T04:31:12Z INFO [2127/3350] afac6744-f148-45b7-b848-a20074a9fdba: cophenetic index 2625; 1.7 s; peak memory 635 MiB.
2026-10-09T04:31:13Z INFO [2128/3350] afac76de-fd25-49e0-8dd8-f9640f61ad11: cophenetic index 624; 1.3 s; peak memory 635 MiB.
2026-10-09T04:31:15Z INFO [2129/3350] afac9639-f4a3-4a22-8544-ce2d18644700: cophenetic index 605; 1.5 s; peak memory 635 MiB.
2026-10-09T04:31:16Z INFO [2130/3350] afad118e-77bf-4693-a442-6e43e146e158: cophenetic index 385; 1.2 s; peak memory 635 MiB.
2026-10-09T04:31:21Z INFO [2131/3350] afae98b1-b272-421d-80f8-e1bdfc36a311: cophenetic index 41994; 5.0 s; peak memory 635 MiB.
2026-10-09T04:31:23Z INFO [2132/3350] afaefd75-5fb4-480d-98ad-f9debfb1979d: cophenetic index 1087; 1.5 s; peak memory 635 MiB.
2026-10-09T04:31:25Z INFO [2133/3350] afaf5221-3b99-42be-b100-a7afac880ea9: cophenetic index 1570; 2.1 s; peak memory 635 MiB.
2026-10-09T04:31:27Z INFO [2134/3350] afaf536e-45bc-400d-8d0b-623bc7952bc9: cophenetic index 33998; 1.9 s; peak memory 635 MiB.
2026-10-09T04:31:28Z INFO [2135/3350] afaf8037-d0d2-4ed1-a823-ec42f2a6c5c4: cophenetic index 2056; 1.8 s; peak memory 635 MiB.
2026-10-09T04:31:29Z INFO [2136/3350] afaf8cc8-0236-4f75-a7b6-3849dc299a1f: cophenetic index 725; 1.1 s; peak memory 635 MiB.
2026-10-09T04:31:36Z INFO [2137/3350] afb05b30-f3fc-4c88-93df-08cbe06a25ea: cophenetic index 78660; 6.4 s; peak memory 635 MiB.
2026-10-09T04:31:37Z INFO [2138/3350] afb06734-1571-46b8-851b-a0c79bab1b4d: cophenetic index 3004; 1.4 s; peak memory 635 MiB.
2026-10-09T04:31:39Z INFO [2139/3350] afb07e82-b109-4eed-9758-fddc1cbc684d: cophenetic index 2625; 2.1 s; peak memory 635 MiB.
2026-10-09T04:31:40Z INFO [2140/3350] afb104fc-920d-4718-8916-1ddb06f99fc4: cophenetic index 490; 1.1 s; peak memory 635 MiB.
2026-10-09T04:31:43Z INFO [2141/3350] afb1bc27-0f14-41a2-8204-08362bcf9a84: cophenetic index 3243; 3.0 s; peak memory 635 MiB.
2026-10-09T04:31:45Z INFO [2142/3350] afb2e10f-ec25-45df-81f2-36a5415f7616: cophenetic index 994; 1.4 s; peak memory 635 MiB.
2026-10-09T04:31:46Z INFO [2143/3350] afb323d9-8f20-4950-bf3d-f560137d4cd8: cophenetic index 33968; 1.6 s; peak memory 635 MiB.
2026-10-09T04:31:48Z INFO [2144/3350] afb332ac-85c7-438f-9411-1ede07ec7040: cophenetic index 645; 1.3 s; peak memory 635 MiB.
2026-10-09T04:31:49Z INFO [2145/3350] afb34788-1c77-47df-bf43-e7b5dc4ca7e0: cophenetic index 33968; 1.6 s; peak memory 635 MiB.
2026-10-09T04:31:50Z INFO [2146/3350] afb36beb-0204-4ccc-aa4b-91e30e8c39e9: cophenetic index 624; 1.1 s; peak memory 635 MiB.
2026-10-09T04:33:56Z INFO [2147/3350] afb36def-ac7d-4950-8e74-05a5838f8711: cophenetic index 1139505407; 125.9 s; peak memory 697 MiB.
2026-10-09T04:33:57Z INFO [2148/3350] afb370a5-8a1a-4ece-8acd-67d03a97c800: cophenetic index 446; 0.8 s; peak memory 697 MiB.
2026-10-09T04:33:58Z INFO [2149/3350] afb3fe43-be14-4cbb-a501-792e35c83593: cophenetic index 3087; 1.3 s; peak memory 697 MiB.
2026-10-09T04:34:00Z INFO [2150/3350] afb43e85-6cf3-4348-95a7-330743e97ca9: cophenetic index 624; 1.2 s; peak memory 697 MiB.
2026-10-09T04:34:00Z INFO [2150/3350] afb43e85-6cf3-4348-95a7-330743e97ca9: checkpointed 131485 new records.
2026-10-09T04:34:01Z INFO [2151/3350] afb4dfef-907f-4c90-819c-5b7426506db0: cophenetic index 566; 0.9 s; peak memory 697 MiB.
2026-10-09T04:34:02Z INFO [2152/3350] afb522db-084e-41df-b968-4c75792c713b: cophenetic index 2724; 1.6 s; peak memory 697 MiB.
2026-10-09T04:34:04Z INFO [2153/3350] afb55740-54dc-4242-83f0-5af49657656c: cophenetic index 3004; 1.4 s; peak memory 697 MiB.
2026-10-09T04:34:17Z INFO [2154/3350] afb6791c-69ed-48a2-b40b-33bfb5ae8374: cophenetic index 49783; 13.3 s; peak memory 697 MiB.
2026-10-09T04:34:18Z INFO [2155/3350] afb76fc1-eb61-4511-99d1-e09b5bb18ec6: cophenetic index 554; 1.4 s; peak memory 697 MiB.
2026-10-09T04:34:20Z INFO [2156/3350] afb7c38c-fa76-4e9e-b599-3faa74c5c601: cophenetic index 3004; 1.7 s; peak memory 697 MiB.
2026-10-09T04:34:21Z INFO [2157/3350] afb8232a-9d55-4e43-acd3-7ff30901422b: cophenetic index 690; 1.0 s; peak memory 697 MiB.
2026-10-09T04:34:23Z INFO [2158/3350] afb92775-3bd6-487d-926f-f5ec99123859: cophenetic index 3087; 1.5 s; peak memory 697 MiB.
2026-10-09T04:34:24Z INFO [2159/3350] afb966fa-78f1-4885-8080-0c83d1ea9379: cophenetic index 1058; 1.2 s; peak memory 697 MiB.
2026-10-09T04:34:38Z INFO [2160/3350] afb9ae5e-b736-43b8-942e-9b1acdfb6f1e: cophenetic index 309509; 14.5 s; peak memory 697 MiB.
2026-10-09T04:34:45Z INFO [2161/3350] afbafa70-7614-4ec5-b300-1faf9158c3ca: cophenetic index 14389; 6.9 s; peak memory 697 MiB.
2026-10-09T04:34:47Z INFO [2162/3350] afbb8c7f-2cb3-4fcf-9b24-71cf26286ddf: cophenetic index 2034; 1.6 s; peak memory 697 MiB.
2026-10-09T04:34:48Z INFO [2163/3350] afbb9776-4363-443a-ba92-48a5bdfbcbe1: cophenetic index 3004; 1.4 s; peak memory 697 MiB.
2026-10-09T04:34:50Z INFO [2164/3350] afbbf060-3b39-46c2-8da9-4927efcfc213: cophenetic index 2974; 1.7 s; peak memory 697 MiB.
2026-10-09T04:34:51Z INFO [2165/3350] afbceddc-9b67-4c0d-ad8c-a0a077d6bfa8: cophenetic index 624; 1.2 s; peak memory 697 MiB.
2026-10-09T04:34:52Z INFO [2166/3350] afbdde45-609b-4468-9374-1afeee50fba7: cophenetic index 490; 1.0 s; peak memory 697 MiB.
2026-10-09T04:34:53Z INFO [2167/3350] afbe8c99-c7d9-4630-b2e6-bdfede28ad19: cophenetic index 3004; 1.4 s; peak memory 697 MiB.
2026-10-09T04:34:55Z INFO [2168/3350] afc019d6-f14e-4977-bfd5-10f24004b6ae: cophenetic index 725; 1.3 s; peak memory 697 MiB.
2026-10-09T04:34:56Z INFO [2169/3350] afc0fe84-da0d-4ca0-98af-57aa5708b8f2: cophenetic index 624; 1.1 s; peak memory 697 MiB.
2026-10-09T04:35:02Z INFO [2170/3350] afc1d596-fa4f-480b-a654-13e978d7c619: cophenetic index 65333; 6.8 s; peak memory 697 MiB.
2026-10-09T04:35:04Z INFO [2171/3350] afc2e256-0d03-4ffe-b1aa-8cf5bb174222: cophenetic index 99415; 1.6 s; peak memory 697 MiB.
2026-10-09T04:35:07Z INFO [2172/3350] afc42754-327a-47c1-8a97-38bcbc44fbd0: cophenetic index 2469; 2.9 s; peak memory 697 MiB.
2026-10-09T04:35:08Z INFO [2173/3350] afc517de-8c7e-47e1-b04c-78a4d6fd19d2: cophenetic index 2625; 1.3 s; peak memory 697 MiB.
2026-10-09T04:35:15Z INFO [2174/3350] afc55e7e-4887-4d74-a14c-86d7bfa9dfe4: cophenetic index 12152; 6.6 s; peak memory 697 MiB.
2026-10-09T04:35:22Z INFO [2175/3350] afc5d67d-5bb9-4776-87f0-b4c5f2752a55: cophenetic index 98028; 7.3 s; peak memory 697 MiB.
2026-10-09T04:35:23Z INFO [2176/3350] afc63978-c5f2-4114-8aa5-9eda4f32341f: cophenetic index 490; 0.8 s; peak memory 697 MiB.
2026-10-09T04:35:24Z INFO [2177/3350] afc6ed2a-e943-42e7-863f-09a840496393: cophenetic index 624; 1.2 s; peak memory 697 MiB.
2026-10-09T04:35:26Z INFO [2178/3350] afc78956-9f96-438f-9606-14783f4cc22b: cophenetic index 22905; 1.6 s; peak memory 697 MiB.
2026-10-09T04:35:29Z INFO [2179/3350] afc7b0c4-5abd-43fc-8acc-3dfd19292a53: cophenetic index 2469; 3.2 s; peak memory 697 MiB.
2026-10-09T04:35:31Z INFO [2180/3350] afc7ca38-a21b-4a74-b471-dca0e65d9372: cophenetic index 23809; 1.5 s; peak memory 697 MiB.
2026-10-09T04:35:32Z INFO [2181/3350] afc8d6e1-8cc3-44b1-975f-d1b63c75c9f8: cophenetic index 2625; 1.0 s; peak memory 697 MiB.
2026-10-09T04:35:33Z INFO [2182/3350] afc91eaa-b493-4dd9-a95f-1da75bbc77ae: cophenetic index 431; 0.9 s; peak memory 697 MiB.
2026-10-09T04:35:34Z INFO [2183/3350] afc9464b-edfe-4850-a1b1-51e91e7ec99a: cophenetic index 573; 1.8 s; peak memory 697 MiB.
2026-10-09T04:35:47Z INFO [2184/3350] afc9cf0f-6d85-43b2-b175-9c99e0bfcba0: cophenetic index 188705; 12.9 s; peak memory 697 MiB.
2026-10-09T04:35:48Z INFO [2185/3350] afca2835-05a2-4501-8548-0a93fd3acfe4: cophenetic index 641; 0.9 s; peak memory 697 MiB.
2026-10-09T04:35:55Z INFO [2186/3350] afca2fa7-8271-457e-84b6-43a9ce3bdefa: cophenetic index 6715; 7.0 s; peak memory 697 MiB.
2026-10-09T04:35:58Z INFO [2187/3350] afca961d-722e-4ec3-a848-94defd6df07f: cophenetic index 5473; 3.1 s; peak memory 697 MiB.
2026-10-09T04:36:07Z INFO [2188/3350] afcb2c1c-ae3a-43fa-a1a7-a3fe869bd966: cophenetic index 83022; 8.2 s; peak memory 697 MiB.
2026-10-09T04:36:08Z INFO [2189/3350] afcbd181-cdb9-43e4-b8b9-dd9df963b09a: cophenetic index 3004; 1.4 s; peak memory 697 MiB.
2026-10-09T04:36:09Z INFO [2190/3350] afcbdb87-0783-4315-b0d3-649330d6e524: cophenetic index 649; 1.2 s; peak memory 697 MiB.
2026-10-09T04:36:18Z INFO [2191/3350] afcc2b4c-a731-4d53-830d-0bf3f42576ec: cophenetic index 130219; 9.0 s; peak memory 697 MiB.
2026-10-09T04:36:21Z INFO [2192/3350] afcc5fb2-6310-4b4d-9569-90a7c0f189cd: cophenetic index 2391; 3.1 s; peak memory 697 MiB.
2026-10-09T04:36:23Z INFO [2193/3350] afccad96-6e84-4569-9061-b9452a879809: cophenetic index 3087; 1.4 s; peak memory 697 MiB.
2026-10-09T04:36:24Z INFO [2194/3350] afcd0f57-0c2e-4d21-a59b-136b8795e920: cophenetic index 10242; 1.6 s; peak memory 697 MiB.
2026-10-09T04:36:31Z INFO [2195/3350] afcdaf3a-bae7-462d-998a-ae5731b93e9e: cophenetic index 161388; 6.5 s; peak memory 697 MiB.
2026-10-09T04:36:32Z INFO [2196/3350] afcde1fb-453b-4e0f-bab5-8b6f396636e3: cophenetic index 431; 1.0 s; peak memory 697 MiB.
2026-10-09T04:36:39Z INFO [2197/3350] afcf3888-5885-4333-b153-95a747d32b05: cophenetic index 14389; 7.6 s; peak memory 697 MiB.
2026-10-09T04:36:41Z INFO [2198/3350] afcf4129-e705-4115-8fe0-3f52cc5cb19c: cophenetic index 3004; 1.3 s; peak memory 697 MiB.
2026-10-09T04:36:49Z INFO [2199/3350] afcfb330-10be-49bb-9439-b25b78270043: cophenetic index 14478; 8.4 s; peak memory 697 MiB.
2026-10-09T04:36:50Z INFO [2200/3350] afcfe14c-554a-456a-91d1-37a6105ace4c: cophenetic index 624; 1.0 s; peak memory 697 MiB.
2026-10-09T04:36:50Z INFO [2200/3350] afcfe14c-554a-456a-91d1-37a6105ace4c: checkpointed 131535 new records.
2026-10-09T04:36:52Z INFO [2201/3350] afd2a44b-af1e-47e8-9e0a-f4f22e693c6b: cophenetic index 431; 1.2 s; peak memory 697 MiB.
2026-10-09T04:36:53Z INFO [2202/3350] afd2ee59-582f-447c-bff8-fff61e202b8c: cophenetic index 2625; 1.7 s; peak memory 697 MiB.
2026-10-09T04:36:55Z INFO [2203/3350] afd33128-7d11-4df5-8e31-fca23848490b: cophenetic index 99138; 2.1 s; peak memory 697 MiB.
2026-10-09T04:36:56Z INFO [2204/3350] afd41218-e968-4c82-a7e2-cb8bedfa484c: cophenetic index 624; 1.0 s; peak memory 697 MiB.
2026-10-09T04:36:58Z INFO [2205/3350] afd4693a-7e28-474f-a5e2-1092a053adb8: cophenetic index 33986; 1.5 s; peak memory 697 MiB.
2026-10-09T04:37:00Z INFO [2206/3350] afd4d4b2-15e8-4acf-9155-023c165f82a3: cophenetic index 766; 1.9 s; peak memory 697 MiB.
2026-10-09T04:37:01Z INFO [2207/3350] afd510b2-cbb6-4fe8-bb96-9004dc4b8964: cophenetic index 624; 1.0 s; peak memory 697 MiB.
2026-10-09T04:37:17Z INFO [2208/3350] afd51d6b-d68c-4feb-968f-a0017f10cb93: cophenetic index 20704; 16.4 s; peak memory 697 MiB.
2026-10-09T04:37:18Z INFO [2209/3350] afd55409-752c-4eae-98cb-7fe205be52f5: cophenetic index 646; 1.0 s; peak memory 697 MiB.
2026-10-09T04:37:20Z INFO [2210/3350] afd6325e-91f4-49bd-840a-4139970e07c3: cophenetic index 33986; 1.8 s; peak memory 697 MiB.
2026-10-09T04:37:22Z INFO [2211/3350] afd65857-4dea-48a0-9215-4e2154a7cf77: cophenetic index 1372; 1.8 s; peak memory 697 MiB.
2026-10-09T04:37:23Z INFO [2212/3350] afd69023-f953-4ff4-b756-6afe76d59582: cophenetic index 2974; 1.3 s; peak memory 697 MiB.
2026-10-09T04:37:24Z INFO [2213/3350] afd9ea78-6d7f-46d6-a158-4e6346f4e7bc: cophenetic index 590; 1.2 s; peak memory 697 MiB.
2026-10-09T04:37:26Z INFO [2214/3350] afd9f882-59f3-4a9a-9b82-06cecc9ecaaa: cophenetic index 2570; 1.5 s; peak memory 697 MiB.
2026-10-09T04:37:27Z INFO [2215/3350] afda031e-ae6c-4311-be24-8b52da28a948: cophenetic index 690; 0.9 s; peak memory 697 MiB.
2026-10-09T04:37:28Z INFO [2216/3350] afda938f-d0fe-4db4-a62a-12d83ce53853: cophenetic index 2625; 1.5 s; peak memory 697 MiB.
2026-10-09T04:37:30Z INFO [2217/3350] afda9ef1-43b1-43d5-b4cf-2a770a804bf1: cophenetic index 2625; 1.6 s; peak memory 697 MiB.
2026-10-09T04:37:31Z INFO [2218/3350] afdac075-91d5-4b4a-8eb6-37131dc85a0d: cophenetic index 33962; 1.6 s; peak memory 697 MiB.
2026-10-09T04:37:33Z INFO [2219/3350] afdbc75a-6fa6-400b-b6eb-075b9560d3d8: cophenetic index 624; 1.1 s; peak memory 697 MiB.
2026-10-09T04:37:40Z INFO [2220/3350] afdc7958-9b78-4839-ad96-dd529dffcdd8: cophenetic index 33285; 7.0 s; peak memory 697 MiB.
2026-10-09T04:37:41Z INFO [2221/3350] afdd0cf8-f1e7-4969-b498-4d202dc1756e: cophenetic index 33968; 1.7 s; peak memory 697 MiB.
2026-10-09T04:37:43Z INFO [2222/3350] afdd5a21-faaa-4624-bc68-80854df2645f: cophenetic index 33962; 1.9 s; peak memory 697 MiB.
2026-10-09T04:37:51Z INFO [2223/3350] afdd7904-8dae-4109-ac30-a3d51dec464b: cophenetic index 81577; 7.5 s; peak memory 697 MiB.
2026-10-09T04:37:57Z INFO [2224/3350] afde266b-bb20-4531-ba72-2300bf856508: cophenetic index 62291; 6.7 s; peak memory 697 MiB.
2026-10-09T04:37:58Z INFO [2225/3350] afde322d-d3ad-4806-8b80-24ed3d94281b: cophenetic index 690; 1.0 s; peak memory 697 MiB.
2026-10-09T04:38:00Z INFO [2226/3350] afdeb1ff-0469-49b3-ba28-ec83638fbe85: cophenetic index 3215; 1.4 s; peak memory 697 MiB.
2026-10-09T04:38:01Z INFO [2227/3350] afdee9c2-f53f-47cd-95d8-40eaf2617b07: cophenetic index 490; 1.0 s; peak memory 697 MiB.
2026-10-09T04:38:02Z INFO [2228/3350] afdf1832-5fc0-4346-95d7-902edae6b6d0: cophenetic index 580; 1.2 s; peak memory 697 MiB.
2026-10-09T04:38:15Z INFO [2229/3350] afdfac10-2b0b-440c-9612-925a73c0b0d0: cophenetic index 360681; 12.7 s; peak memory 697 MiB.
2026-10-09T04:38:16Z INFO [2230/3350] afe11bd6-3944-41fa-92b2-ff3eeed60d28: cophenetic index 432; 1.0 s; peak memory 697 MiB.
2026-10-09T04:38:23Z INFO [2231/3350] afe15f79-c44a-4caa-a6f2-1375f2f19416: cophenetic index 87573; 7.2 s; peak memory 697 MiB.
2026-10-09T04:38:25Z INFO [2232/3350] afe34a26-02ab-46ee-822b-e1503296a69e: cophenetic index 26986; 1.8 s; peak memory 697 MiB.
2026-10-09T04:38:26Z INFO [2233/3350] afe3d62c-bfa6-434f-b5aa-5724ee688c61: cophenetic index 624; 1.1 s; peak memory 697 MiB.
2026-10-09T04:38:29Z INFO [2234/3350] afe40c08-8ba2-4752-b1a3-d49601b1df01: cophenetic index 1859; 3.3 s; peak memory 697 MiB.
2026-10-09T04:38:31Z INFO [2235/3350] afe45016-4266-4538-a4d3-7d1015aab17d: cophenetic index 2625; 1.6 s; peak memory 697 MiB.
2026-10-09T04:38:45Z INFO [2236/3350] afe4a946-a34d-4942-861b-e671e0648f52: cophenetic index 271295; 14.4 s; peak memory 697 MiB.
2026-10-09T04:38:46Z INFO [2237/3350] afe558af-7dda-459d-90f6-6542c1ce051e: cophenetic index 641; 0.9 s; peak memory 697 MiB.
2026-10-09T04:38:48Z INFO [2238/3350] afe642b1-1f62-4233-9f91-6a3c18a38d57: cophenetic index 3972; 1.7 s; peak memory 697 MiB.
2026-10-09T04:38:49Z INFO [2239/3350] afe71a99-d408-42ad-8d92-870e15301961: cophenetic index 33962; 1.5 s; peak memory 697 MiB.
2026-10-09T04:39:00Z INFO [2240/3350] afe79c2b-e6bf-446f-9c7d-e7e68aca9428: cophenetic index 140335; 10.8 s; peak memory 697 MiB.
2026-10-09T04:39:02Z INFO [2241/3350] afe7ed5c-f164-47e7-b3bf-a87d9d5f6780: cophenetic index 2570; 1.6 s; peak memory 697 MiB.
2026-10-09T04:39:12Z INFO [2242/3350] afe852e1-3825-4fd9-9661-7826999e4ece: cophenetic index 520159; 10.0 s; peak memory 697 MiB.
2026-10-09T04:39:12Z INFO [2243/3350] afe8a636-0647-4db6-92cd-9865c9a3436c: cophenetic index 723; 0.9 s; peak memory 697 MiB.
2026-10-09T04:39:14Z INFO [2244/3350] afe9688c-bcd5-463d-aa1c-6c2d02116478: cophenetic index 2056; 2.0 s; peak memory 697 MiB.
2026-10-09T04:39:16Z INFO [2245/3350] afe99c67-633e-4d65-9216-3e7e63eb06b2: cophenetic index 497; 1.6 s; peak memory 697 MiB.
2026-10-09T04:39:17Z INFO [2246/3350] afe9a48a-0e2e-479b-a939-72aa30f9a89b: cophenetic index 624; 1.1 s; peak memory 697 MiB.
2026-10-09T04:39:20Z INFO [2247/3350] afe9e919-872f-4bcb-82a5-6bb39dd17f5c: cophenetic index 107822; 2.8 s; peak memory 697 MiB.
2026-10-09T04:39:21Z INFO [2248/3350] afeadf81-4b79-42a2-8d30-6f8c74df2ad4: cophenetic index 590; 1.1 s; peak memory 697 MiB.
2026-10-09T04:39:29Z INFO [2249/3350] afeb3d94-6328-4230-9af2-256f8d47f063: cophenetic index 207812; 8.0 s; peak memory 697 MiB.
2026-10-09T04:39:31Z INFO [2250/3350] afeb514a-efe2-4af4-968d-a12399133e4f: cophenetic index 2625; 2.0 s; peak memory 697 MiB.
2026-10-09T04:39:31Z INFO [2250/3350] afeb514a-efe2-4af4-968d-a12399133e4f: checkpointed 131585 new records.
2026-10-09T04:39:32Z INFO [2251/3350] afebb22a-6c7d-47cc-8441-c2ccc5b64273: cophenetic index 627; 1.0 s; peak memory 697 MiB.
2026-10-09T04:39:34Z INFO [2252/3350] afec41f5-5ad6-43e2-973e-69274d303288: cophenetic index 33962; 1.7 s; peak memory 697 MiB.
2026-10-09T04:39:35Z INFO [2253/3350] afed13bb-56df-4c72-bf59-cbfe8379c3f7: cophenetic index 624; 1.2 s; peak memory 697 MiB.
2026-10-09T04:39:37Z INFO [2254/3350] afed4ea7-8d60-43b5-9ceb-4d992f9e8993: cophenetic index 2724; 1.9 s; peak memory 697 MiB.
2026-10-09T04:39:40Z INFO [2255/3350] afef9b6b-4838-4008-941d-3abcea7dece3: cophenetic index 3721; 3.2 s; peak memory 697 MiB.
2026-10-09T04:39:42Z INFO [2256/3350] afeff179-b3f9-4365-8a72-58133511fd81: cophenetic index 23370; 1.2 s; peak memory 697 MiB.
2026-10-09T04:39:43Z INFO [2257/3350] afeffc2d-ef7e-4e34-8aa3-2e7106aa2959: cophenetic index 624; 1.1 s; peak memory 697 MiB.
2026-10-09T04:39:44Z INFO [2258/3350] aff0eb92-3327-42f5-887f-21df2b70c9a2: cophenetic index 624; 1.2 s; peak memory 697 MiB.
2026-10-09T04:39:46Z INFO [2259/3350] aff0f3cc-e9cc-41e0-88b0-19feb0df7674: cophenetic index 2625; 1.9 s; peak memory 697 MiB.
2026-10-09T04:39:49Z INFO [2260/3350] aff10979-95b3-46ec-9dea-f82fe2acce4c: cophenetic index 2469; 3.3 s; peak memory 697 MiB.
2026-10-09T04:39:51Z INFO [2261/3350] aff16519-28cd-4598-9723-2df3642192ac: cophenetic index 605; 1.3 s; peak memory 697 MiB.
2026-10-09T04:39:51Z INFO [2262/3350] aff1e416-b10c-4768-807c-d50311406ef2: cophenetic index 490; 0.7 s; peak memory 697 MiB.
2026-10-09T04:39:52Z INFO [2263/3350] aff208fb-ba4d-4931-beb0-5f6a77d93a47: cophenetic index 3004; 1.2 s; peak memory 697 MiB.
2026-10-09T04:39:54Z INFO [2264/3350] aff21f18-74b3-4495-acc8-814624d0a1d1: cophenetic index 605; 1.3 s; peak memory 697 MiB.
2026-10-09T04:39:55Z INFO [2265/3350] aff29388-1471-4a3e-b421-7a7bf1cd7899: cophenetic index 2923; 1.2 s; peak memory 697 MiB.
2026-10-09T04:39:56Z INFO [2266/3350] aff320f1-44b5-4a82-bd9f-613b4fd675c3: cophenetic index 624; 1.2 s; peak memory 697 MiB.
2026-10-09T04:39:58Z INFO [2267/3350] aff33366-fd53-460a-94ca-676a9958909f: cophenetic index 18208; 1.7 s; peak memory 697 MiB.
2026-10-09T04:39:59Z INFO [2268/3350] aff3b5a4-cf62-4c98-94ba-8dac03378266: cophenetic index 3004; 1.5 s; peak memory 697 MiB.
2026-10-09T04:40:13Z INFO [2269/3350] aff3c039-570f-4bfa-9d51-4099d7fc700d: cophenetic index 199595; 13.8 s; peak memory 697 MiB.
2026-10-09T04:40:14Z INFO [2270/3350] aff4a2f2-d470-4e41-9858-27833e5a7afb: cophenetic index 3004; 1.2 s; peak memory 697 MiB.
2026-10-09T04:40:17Z INFO [2271/3350] aff56cc9-1e7d-4b6c-a67a-d541b7a5b61d: cophenetic index 5473; 3.2 s; peak memory 697 MiB.
2026-10-09T04:40:19Z INFO [2272/3350] aff5a6d1-164a-41d9-924d-e22d8d30f91b: cophenetic index 573; 1.8 s; peak memory 697 MiB.
2026-10-09T04:40:20Z INFO [2273/3350] aff5c9c8-ac7d-49b4-bea0-e4b7e1690a4b: cophenetic index 624; 1.2 s; peak memory 697 MiB.
2026-10-09T04:40:22Z INFO [2274/3350] aff75108-639c-4497-8920-75d2bedb7772: cophenetic index 605; 1.2 s; peak memory 697 MiB.
2026-10-09T04:40:23Z INFO [2275/3350] aff7a9d5-afd6-49be-93a0-85bf0dc86a00: cophenetic index 33968; 1.6 s; peak memory 697 MiB.
2026-10-09T04:40:25Z INFO [2276/3350] aff86480-ea85-4e56-b9fa-30d0da47e579: cophenetic index 99120; 1.9 s; peak memory 697 MiB.
2026-10-09T04:40:28Z INFO [2277/3350] aff9537c-2da8-48a6-8a30-675163e87846: cophenetic index 34658; 2.6 s; peak memory 697 MiB.
2026-10-09T04:40:29Z INFO [2278/3350] affa8fba-38e6-449d-ac83-05f492cb1e8c: cophenetic index 624; 1.1 s; peak memory 697 MiB.
2026-10-09T04:40:30Z INFO [2279/3350] affb4958-3c02-4fc4-93d8-2b38948498d2: cophenetic index 624; 1.1 s; peak memory 697 MiB.
2026-10-09T04:40:31Z INFO [2280/3350] affc5738-d837-4139-8ba5-cfea8c941167: cophenetic index 624; 1.1 s; peak memory 697 MiB.
2026-10-09T04:40:32Z INFO [2281/3350] affd5382-9145-4ba5-b07b-ea4572687b8b: cophenetic index 3087; 1.4 s; peak memory 697 MiB.
2026-10-09T04:40:40Z INFO [2282/3350] affe6456-9810-44eb-9d07-9421ebf2d124: cophenetic index 45212; 7.4 s; peak memory 697 MiB.
2026-10-09T04:41:14Z INFO [2283/3350] afff7630-07ce-4e44-aef4-f2018342de04: cophenetic index 8974076; 34.2 s; peak memory 697 MiB.
2026-10-09T04:41:16Z INFO [2284/3350] afffb038-abcc-4893-9a63-fdbb66ea4c93: cophenetic index 2056; 2.3 s; peak memory 697 MiB.
2026-10-09T04:41:17Z INFO [2285/3350] b0005f1a-243e-47cd-8444-41da8bc960b5: cophenetic index 560; 1.0 s; peak memory 697 MiB.
2026-10-09T04:41:20Z INFO [2286/3350] b000a7d7-d269-4c69-be05-270ab7708fc9: cophenetic index 2469; 2.8 s; peak memory 697 MiB.
2026-10-09T04:41:22Z INFO [2287/3350] b0017300-8cd0-40c4-9513-83857af7d8d5: cophenetic index 3004; 1.4 s; peak memory 697 MiB.
2026-10-09T04:41:24Z INFO [2288/3350] b001af0e-f110-4b30-9e92-74ccd0c3695f: cophenetic index 850; 2.0 s; peak memory 697 MiB.
2026-10-09T04:41:25Z INFO [2289/3350] b001d439-6e49-45f8-babc-768dc1ae9c70: cophenetic index 624; 1.2 s; peak memory 697 MiB.
2026-10-09T04:41:26Z INFO [2290/3350] b0039347-494e-4919-b46d-29a6fa5e6d1c: cophenetic index 1544; 1.3 s; peak memory 697 MiB.
2026-10-09T04:41:28Z INFO [2291/3350] b003dd63-42eb-4614-a855-0de76217bf20: cophenetic index 2974; 1.6 s; peak memory 697 MiB.
2026-10-09T04:41:38Z INFO [2292/3350] b0058b4c-1216-41f6-b7ae-f42bdd9a606f: cophenetic index 228970; 10.5 s; peak memory 697 MiB.
2026-10-09T04:41:40Z INFO [2293/3350] b0059f1b-bc1e-4007-8c67-dd5e211478d9: cophenetic index 33968; 1.6 s; peak memory 697 MiB.
2026-10-09T04:41:41Z INFO [2294/3350] b005e14a-a7dd-4dd9-af1a-a1c6ce6d4bfb: cophenetic index 3087; 1.4 s; peak memory 697 MiB.
2026-10-09T04:41:43Z INFO [2295/3350] b0060a80-8aed-418a-ae69-3a2a68376ac8: cophenetic index 33998; 2.2 s; peak memory 697 MiB.
2026-10-09T04:41:45Z INFO [2296/3350] b006ba19-30b6-4ce8-a58a-9b08c207b061: cophenetic index 624; 1.2 s; peak memory 697 MiB.
2026-10-09T04:41:52Z INFO [2297/3350] b006be33-e033-4f23-87dc-fe58a6929510: cophenetic index 6715; 7.5 s; peak memory 697 MiB.
2026-10-09T04:41:53Z INFO [2298/3350] b0075b0e-b3d8-4759-9b53-667c60c80804: cophenetic index 427; 1.1 s; peak memory 697 MiB.
2026-10-09T04:41:55Z INFO [2299/3350] b007649c-5802-4a0d-a690-9fac571cee52: cophenetic index 3972; 1.7 s; peak memory 697 MiB.
2026-10-09T04:42:48Z INFO [2300/3350] b007d932-2ce6-4ef8-a323-5546dc716da8: cophenetic index 8634902; 53.1 s; peak memory 697 MiB.
2026-10-09T04:42:48Z INFO [2300/3350] b007d932-2ce6-4ef8-a323-5546dc716da8: checkpointed 131635 new records.
2026-10-09T04:42:50Z INFO [2301/3350] b008536d-6c45-45e8-b86c-5e44efc91094: cophenetic index 3004; 1.5 s; peak memory 697 MiB.
2026-10-09T04:42:56Z INFO [2302/3350] b008b353-6fd5-4f39-a122-f3cb8fe4e2ad: cophenetic index 65681; 6.5 s; peak memory 697 MiB.
2026-10-09T04:42:58Z INFO [2303/3350] b0095898-5d25-4e36-a882-f957bc4b0335: cophenetic index 624; 1.4 s; peak memory 697 MiB.
2026-10-09T04:42:59Z INFO [2304/3350] b00a122f-75cc-4df7-a6f3-32fc40d34b6e: cophenetic index 624; 1.3 s; peak memory 697 MiB.
2026-10-09T04:43:01Z INFO [2305/3350] b00a176a-f421-42a2-9586-dd084439528a: cophenetic index 3004; 1.7 s; peak memory 697 MiB.
2026-10-09T04:43:04Z INFO [2306/3350] b00a9e4f-17e8-475f-a0eb-472b630025d0: cophenetic index 2402; 3.0 s; peak memory 697 MiB.
2026-10-09T04:43:09Z INFO [2307/3350] b00be591-b5a7-400d-9b15-56104c02b429: cophenetic index 9548; 5.6 s; peak memory 697 MiB.
2026-10-09T04:43:10Z INFO [2308/3350] b00c1eaa-b098-4be8-b51b-0e204fe6faf4: cophenetic index 624; 1.1 s; peak memory 697 MiB.
2026-10-09T04:43:11Z INFO [2309/3350] b00c699c-4cec-4ee5-87f1-d71618908a5b: cophenetic index 433; 1.0 s; peak memory 697 MiB.
2026-10-09T04:43:14Z INFO [2310/3350] b00cb456-aaf9-49dd-96a9-e1635788feb4: cophenetic index 2088; 2.5 s; peak memory 697 MiB.
2026-10-09T04:43:15Z INFO [2311/3350] b00cdcc6-d57b-423f-933c-5214710c1bbe: cophenetic index 624; 1.2 s; peak memory 697 MiB.
2026-10-09T04:43:16Z INFO [2312/3350] b00d1335-4c60-495c-a986-ad91da5722d2: cophenetic index 690; 1.0 s; peak memory 697 MiB.
2026-10-09T04:43:17Z INFO [2313/3350] b00df924-3942-4e2b-95c3-e3605347f7ab: cophenetic index 624; 1.2 s; peak memory 697 MiB.
2026-10-09T04:43:19Z INFO [2314/3350] b00f4e88-84af-4389-a3f8-dffe87f5d710: cophenetic index 3004; 1.4 s; peak memory 697 MiB.
2026-10-09T04:43:20Z INFO [2315/3350] b0109fb7-3f47-4b27-b2a1-b029129b860f: cophenetic index 23250; 1.5 s; peak memory 697 MiB.
2026-10-09T04:43:21Z INFO [2316/3350] b0113142-4599-48d3-b615-321085d94563: cophenetic index 490; 0.8 s; peak memory 697 MiB.
2026-10-09T04:43:22Z INFO [2317/3350] b011b08c-529e-4775-ac2b-23a8ecf8b4cf: cophenetic index 3004; 1.4 s; peak memory 697 MiB.
2026-10-09T04:43:24Z INFO [2318/3350] b0124752-f3dc-45db-a669-92e12dbe25bf: cophenetic index 649; 1.2 s; peak memory 697 MiB.
2026-10-09T04:43:25Z INFO [2319/3350] b0141a46-bdbb-45b7-b825-f8a61300e9be: cophenetic index 2974; 1.4 s; peak memory 697 MiB.
2026-10-09T04:43:26Z INFO [2320/3350] b01491c6-8b03-4b97-8c71-26ab84b4993f: cophenetic index 2974; 1.4 s; peak memory 697 MiB.
2026-10-09T04:43:28Z INFO [2321/3350] b0151a27-2971-42c3-83b4-96d37f703f7a: cophenetic index 1087; 1.6 s; peak memory 697 MiB.
2026-10-09T04:43:37Z INFO [2322/3350] b0156791-fca5-4baa-af40-d1650c695043: cophenetic index 65121; 9.0 s; peak memory 697 MiB.
2026-10-09T04:43:38Z INFO [2323/3350] b016e2a4-52b9-4664-b0b4-7d30f157f87a: cophenetic index 581; 1.2 s; peak memory 697 MiB.
2026-10-09T04:43:40Z INFO [2324/3350] b0170795-7cf2-4efe-8f0c-d0c6c1b774d6: cophenetic index 99120; 1.9 s; peak memory 697 MiB.
2026-10-09T04:43:42Z INFO [2325/3350] b0181f4f-e9cd-4588-8746-7d5ead21201a: cophenetic index 99150; 2.3 s; peak memory 697 MiB.
2026-10-09T04:43:54Z INFO [2326/3350] b018d61e-3900-4ccf-8fa0-5324e9c2dd75: cophenetic index 48262; 12.0 s; peak memory 697 MiB.
2026-10-09T04:43:55Z INFO [2327/3350] b018e04b-e9c9-48cd-8bad-686b47f4f6b7: cophenetic index 469; 1.0 s; peak memory 697 MiB.
2026-10-09T04:43:56Z INFO [2328/3350] b018e4dc-f6fb-47b6-9443-3b32c90d67a7: cophenetic index 517; 1.1 s; peak memory 697 MiB.
2026-10-09T04:43:58Z INFO [2329/3350] b0191ae9-2cfc-4412-84ce-e316db86c8e3: cophenetic index 33998; 2.0 s; peak memory 697 MiB.
2026-10-09T04:44:01Z INFO [2330/3350] b0194c58-5136-42d6-aed8-74e81215894d: cophenetic index 1458; 2.8 s; peak memory 697 MiB.
2026-10-09T04:44:03Z INFO [2331/3350] b01a59a1-b2e1-4a8c-a127-ab4906e5e593: cophenetic index 2625; 1.5 s; peak memory 697 MiB.
2026-10-09T04:44:04Z INFO [2332/3350] b01a6315-2426-4c1a-9ff2-d1ecf85bfc22: cophenetic index 665; 1.2 s; peak memory 697 MiB.
2026-10-09T04:44:11Z INFO [2333/3350] b01a9709-57ed-4a75-a3c7-5d25074a0fab: cophenetic index 6715; 7.2 s; peak memory 697 MiB.
2026-10-09T04:44:13Z INFO [2334/3350] b01ac4b0-65c6-44b4-a1bd-e840dc5c2705: cophenetic index 33998; 2.0 s; peak memory 697 MiB.
2026-10-09T04:44:14Z INFO [2335/3350] b01b6184-ae61-41e1-bac6-42670034df9d: cophenetic index 490; 0.9 s; peak memory 697 MiB.
2026-10-09T04:44:15Z INFO [2336/3350] b01b7779-cada-476a-ba76-946a952f0e09: cophenetic index 649; 1.2 s; peak memory 697 MiB.
2026-10-09T04:44:17Z INFO [2337/3350] b01d2f80-290f-48c1-9e0b-ad2d9f5b9cf7: cophenetic index 624; 1.1 s; peak memory 697 MiB.
2026-10-09T04:44:18Z INFO [2338/3350] b01d3b23-d3f5-432b-91db-309d62ecdd6d: cophenetic index 2974; 1.2 s; peak memory 697 MiB.
2026-10-09T04:44:24Z INFO [2339/3350] b01d9864-a32f-4c04-9d1a-1c6ec6cc1879: cophenetic index 9548; 6.6 s; peak memory 697 MiB.
2026-10-09T04:44:27Z INFO [2340/3350] b01e5787-4042-4043-8092-9e70f153e75b: cophenetic index 2402; 2.9 s; peak memory 697 MiB.
2026-10-09T04:44:29Z INFO [2341/3350] b01fcf5a-3812-4e2e-9e4a-e9b533654bea: cophenetic index 3087; 1.4 s; peak memory 697 MiB.
2026-10-09T04:44:30Z INFO [2342/3350] b021f7bf-16e6-473c-a799-721a5e2e7099: cophenetic index 649; 1.1 s; peak memory 697 MiB.
2026-10-09T04:44:31Z INFO [2343/3350] b022c01b-c24f-4a11-933f-099ec2df427b: cophenetic index 624; 1.1 s; peak memory 697 MiB.
2026-10-09T04:44:40Z INFO [2344/3350] b0238f8e-9514-465c-baca-887d84cd1972: cophenetic index 14699; 9.1 s; peak memory 697 MiB.
2026-10-09T04:44:41Z INFO [2345/3350] b02398b8-addb-44fc-9fc7-2d5152014105: cophenetic index 624; 1.1 s; peak memory 697 MiB.
2026-10-09T04:44:42Z INFO [2346/3350] b0242768-c723-44ae-b3c8-77daef259f60: cophenetic index 452; 1.2 s; peak memory 697 MiB.
2026-10-09T04:44:44Z INFO [2347/3350] b026478d-f600-4042-b5e1-cca0c39d0567: cophenetic index 1949; 1.6 s; peak memory 697 MiB.
2026-10-09T04:44:45Z INFO [2348/3350] b0279a46-b953-4f82-9d95-8ff344dc8648: cophenetic index 624; 1.1 s; peak memory 697 MiB.
2026-10-09T04:44:46Z INFO [2349/3350] b0282d36-f51f-47c5-9cdb-938622dddbc0: cophenetic index 490; 0.8 s; peak memory 697 MiB.
2026-10-09T04:44:47Z INFO [2350/3350] b028b8af-a65e-48c6-be9a-4c1a8c88faad: cophenetic index 33986; 1.7 s; peak memory 697 MiB.
2026-10-09T04:44:48Z INFO [2350/3350] b028b8af-a65e-48c6-be9a-4c1a8c88faad: checkpointed 131685 new records.
2026-10-09T04:44:49Z INFO [2351/3350] b029fc3c-9425-4466-b46f-c35f6fec1bb2: cophenetic index 2625; 1.4 s; peak memory 697 MiB.
2026-10-09T04:44:50Z INFO [2352/3350] b02a319b-9058-48e1-aece-85f40dadf50b: cophenetic index 624; 1.1 s; peak memory 697 MiB.
2026-10-09T04:44:51Z INFO [2353/3350] b02bfe59-824b-4d81-a586-177ba76d4d3c: cophenetic index 572; 1.2 s; peak memory 697 MiB.
2026-10-09T04:45:00Z INFO [2354/3350] b02c8d40-eb3a-4387-a3b6-6f0a84109488: cophenetic index 31706; 9.0 s; peak memory 697 MiB.
2026-10-09T04:45:02Z INFO [2355/3350] b02daa2e-2f72-4506-a288-e89380f1a0c6: cophenetic index 23423; 1.8 s; peak memory 697 MiB.
2026-10-09T04:45:04Z INFO [2356/3350] b02ee93e-30b1-4a6a-916d-5d8a09b7af60: cophenetic index 788; 1.4 s; peak memory 697 MiB.
2026-10-09T04:45:05Z INFO [2357/3350] b02f0c53-37cc-4e70-8d9b-5eeeb25168e7: cophenetic index 2625; 1.8 s; peak memory 697 MiB.
2026-10-09T04:45:06Z INFO [2358/3350] b02f7f96-eb91-46b3-9d83-35e98b9a0515: cophenetic index 729; 0.9 s; peak memory 697 MiB.
2026-10-09T04:45:09Z INFO [2359/3350] b02fab86-225a-4a75-a9d1-ba88709a92ba: cophenetic index 1458; 2.5 s; peak memory 697 MiB.
2026-10-09T04:45:18Z INFO [2360/3350] b02fc5d2-71f1-4a2c-9d54-411035f40241: cophenetic index 10364; 8.7 s; peak memory 697 MiB.
2026-10-09T04:45:19Z INFO [2361/3350] b02fd851-0b58-4e71-9ce5-03987e506597: cophenetic index 33986; 1.6 s; peak memory 697 MiB.
2026-10-09T04:45:20Z INFO [2362/3350] b02fe0d0-0455-41d2-9c32-11eca90a14c5: cophenetic index 761; 1.0 s; peak memory 697 MiB.
2026-10-09T04:45:21Z INFO [2363/3350] b0309785-a3b7-489c-837b-84674d2bc2e0: cophenetic index 624; 1.0 s; peak memory 697 MiB.
2026-10-09T04:45:23Z INFO [2364/3350] b0327ed2-d43d-4e58-bd93-fca7af814886: cophenetic index 2814; 1.4 s; peak memory 697 MiB.
2026-10-09T04:45:24Z INFO [2365/3350] b033aef7-4fe6-48ee-9f34-4a700ec2ba58: cophenetic index 2625; 1.8 s; peak memory 697 MiB.
2026-10-09T04:45:25Z INFO [2366/3350] b034ef9d-cb53-41e5-b086-0443c9b2e944: cophenetic index 741; 1.1 s; peak memory 697 MiB.
2026-10-09T04:45:27Z INFO [2367/3350] b0356fab-7e73-4e17-b240-dae59d8ade12: cophenetic index 33986; 1.6 s; peak memory 697 MiB.
2026-10-09T04:45:28Z INFO [2368/3350] b035d897-dad4-4330-8d53-b2c4771cfbb7: cophenetic index 605; 1.2 s; peak memory 697 MiB.
2026-10-09T04:45:29Z INFO [2369/3350] b03738f3-fdbf-4da8-ac72-5afb24ce3c55: cophenetic index 624; 1.1 s; peak memory 697 MiB.
2026-10-09T04:45:31Z INFO [2370/3350] b0374596-639c-4690-afe9-9c89d9e1c489: cophenetic index 439; 1.5 s; peak memory 697 MiB.
2026-10-09T04:45:33Z INFO [2371/3350] b0381541-671c-40fc-86ce-88c26dc55155: cophenetic index 2625; 1.8 s; peak memory 697 MiB.
2026-10-09T04:45:34Z INFO [2372/3350] b0385c80-1984-405e-b844-4c3a0c3f9434: cophenetic index 3087; 1.4 s; peak memory 697 MiB.
2026-10-09T04:45:35Z INFO [2373/3350] b0391fe4-8189-405a-a5b1-41ecf82445d8: cophenetic index 2625; 1.4 s; peak memory 697 MiB.
2026-10-09T04:46:13Z INFO [2374/3350] b03a8b4c-735e-47dd-915f-f932286275df: cophenetic index 48728826; 37.1 s; peak memory 697 MiB.
2026-10-09T04:46:14Z INFO [2375/3350] b03b2801-773a-4725-9b1d-9081ab2603aa: cophenetic index 624; 1.2 s; peak memory 697 MiB.
2026-10-09T04:46:15Z INFO [2376/3350] b03bc5ae-f90e-4036-9061-89bcb157a424: cophenetic index 1087; 1.6 s; peak memory 697 MiB.
2026-10-09T04:46:22Z INFO [2377/3350] b03c1fdd-be74-4f5c-a0f8-bafbfd0cd734: cophenetic index 12100; 6.4 s; peak memory 697 MiB.
2026-10-09T04:46:23Z INFO [2378/3350] b03c3b88-25ab-4609-96a4-c9e0de422bb0: cophenetic index 3077; 1.0 s; peak memory 697 MiB.
2026-10-09T04:46:24Z INFO [2379/3350] b03cb0d0-de00-4595-9ca4-e41a6c931db3: cophenetic index 1012; 1.2 s; peak memory 697 MiB.
2026-10-09T04:46:26Z INFO [2380/3350] b03d6358-9a15-4797-a550-7f86e8f36bdc: cophenetic index 2625; 1.5 s; peak memory 697 MiB.
2026-10-09T04:46:27Z INFO [2381/3350] b03e049a-8961-4379-bf76-400b32236774: cophenetic index 33968; 1.3 s; peak memory 697 MiB.
2026-10-09T04:46:29Z INFO [2382/3350] b03e19ae-397a-43a4-958c-e189fafae9ce: cophenetic index 2625; 1.6 s; peak memory 697 MiB.
2026-10-09T04:46:30Z INFO [2383/3350] b03e8b37-e6c8-46b9-8a43-1667ef0ab8cb: cophenetic index 494; 1.0 s; peak memory 697 MiB.
2026-10-09T04:46:31Z INFO [2384/3350] b03ec86f-5cc4-4de8-a680-f2cf2dd56a05: cophenetic index 1380; 1.8 s; peak memory 697 MiB.
2026-10-09T04:46:32Z INFO [2385/3350] b03f1947-cf9e-4dd4-8e48-fd9b2cea2d88: cophenetic index 2119; 1.0 s; peak memory 697 MiB.
2026-10-09T04:46:34Z INFO [2386/3350] b03f250f-9a68-4269-9991-3bb4c5046235: cophenetic index 1614; 1.4 s; peak memory 697 MiB.
2026-10-09T04:46:38Z INFO [2387/3350] b03f43fc-c540-455c-95ca-6872afec2c15: cophenetic index 5473; 3.8 s; peak memory 697 MiB.
2026-10-09T04:46:40Z INFO [2388/3350] b03f745f-fbfc-4e14-8887-e8ccbf5a11a2: cophenetic index 33998; 2.2 s; peak memory 697 MiB.
2026-10-09T04:46:41Z INFO [2389/3350] b03faa5e-e949-4e17-bca8-5cad05a8e986: cophenetic index 1366; 1.4 s; peak memory 697 MiB.
2026-10-09T04:46:50Z INFO [2390/3350] b03ff6ed-dccf-448e-8a2e-6758d7e7ea49: cophenetic index 162401; 9.1 s; peak memory 697 MiB.
2026-10-09T04:46:52Z INFO [2391/3350] b040aa0c-8be5-47f7-b24f-0aa6a77ff02a: cophenetic index 569; 1.2 s; peak memory 697 MiB.
2026-10-09T04:46:53Z INFO [2392/3350] b040d270-6f6b-4118-8b1e-0a3b2ca3c8a5: cophenetic index 379; 0.9 s; peak memory 697 MiB.
2026-10-09T04:46:56Z INFO [2393/3350] b0410ce4-cd9b-43a6-8c9f-ef6cad83c931: cophenetic index 3767; 3.1 s; peak memory 697 MiB.
2026-10-09T04:46:57Z INFO [2394/3350] b0412b91-afd7-4815-bca6-26514aac13f5: cophenetic index 624; 1.1 s; peak memory 697 MiB.
2026-10-09T04:46:59Z INFO [2395/3350] b041ead6-7ac6-4837-9d37-21dd74dbd339: cophenetic index 2625; 1.9 s; peak memory 697 MiB.
2026-10-09T04:47:00Z INFO [2396/3350] b0423a53-304b-4692-9e0f-664bab1909f4: cophenetic index 624; 1.1 s; peak memory 697 MiB.
2026-10-09T04:47:08Z INFO [2397/3350] b042ce68-c1d8-46df-9778-37ff97c5608c: cophenetic index 14699; 7.8 s; peak memory 697 MiB.
2026-10-09T04:47:11Z INFO [2398/3350] b042fa03-c9ba-4cff-9da0-6dd7ee11f959: cophenetic index 2469; 3.1 s; peak memory 697 MiB.
2026-10-09T04:47:12Z INFO [2399/3350] b0439199-d851-4854-a43b-5528784f83b4: cophenetic index 579; 1.0 s; peak memory 697 MiB.
2026-10-09T04:48:10Z INFO [2400/3350] b043dc0c-92a4-49d6-a6ff-c4bc243f6cb3: cophenetic index 6656396; 58.1 s; peak memory 697 MiB.
2026-10-09T04:48:10Z INFO [2400/3350] b043dc0c-92a4-49d6-a6ff-c4bc243f6cb3: checkpointed 131735 new records.
2026-10-09T04:48:16Z INFO [2401/3350] b0445931-461d-4d54-877c-f538a66a51e1: cophenetic index 29084; 6.5 s; peak memory 697 MiB.
2026-10-09T04:48:17Z INFO [2402/3350] b04509fb-7cf2-4d0b-9011-de26328b3b5f: cophenetic index 431; 1.0 s; peak memory 697 MiB.
2026-10-09T04:48:27Z INFO [2403/3350] b0452b88-1dc9-4c84-b55f-a3c5f47a6e7b: cophenetic index 16035; 9.3 s; peak memory 697 MiB.
2026-10-09T04:48:33Z INFO [2404/3350] b0456e2a-5e3d-4578-a315-3c83e10bf715: cophenetic index 9548; 6.2 s; peak memory 697 MiB.
2026-10-09T04:48:34Z INFO [2405/3350] b047fa59-f93f-4300-ab2f-8bab399e8796: cophenetic index 490; 0.8 s; peak memory 697 MiB.
2026-10-09T04:48:35Z INFO [2406/3350] b0480caf-581b-44fd-8f14-750a4e77da68: cophenetic index 490; 0.9 s; peak memory 697 MiB.
2026-10-09T04:48:36Z INFO [2407/3350] b0484b6d-2bbc-4bd1-b63f-2e52a5363dc4: cophenetic index 490; 0.9 s; peak memory 697 MiB.
2026-10-09T04:48:39Z INFO [2408/3350] b048c3e9-34de-4656-9535-03eec0bd4b2b: cophenetic index 2524; 2.9 s; peak memory 697 MiB.
2026-10-09T04:48:46Z INFO [2409/3350] b049881b-f696-4580-9056-2d34fb8089a6: cophenetic index 75280; 7.4 s; peak memory 697 MiB.
2026-10-09T04:48:47Z INFO [2410/3350] b049ef1b-f9df-44af-9a6b-68c726684143: cophenetic index 695; 1.2 s; peak memory 697 MiB.
2026-10-09T04:48:49Z INFO [2411/3350] b04a3b15-ad62-4d45-af02-25d6ff63b4cd: cophenetic index 605; 1.3 s; peak memory 697 MiB.
2026-10-09T04:48:50Z INFO [2412/3350] b04acfbc-68eb-4a5f-90b8-6eb66cc5a420: cophenetic index 624; 1.1 s; peak memory 697 MiB.
2026-10-09T04:48:52Z INFO [2413/3350] b04bc840-028a-46fd-873a-aa7a26a5f974: cophenetic index 3575; 2.0 s; peak memory 697 MiB.
2026-10-09T04:48:53Z INFO [2414/3350] b04bd22c-da33-44a5-9ec3-4ab2eec83d77: cophenetic index 490; 0.9 s; peak memory 697 MiB.
2026-10-09T04:48:53Z INFO [2415/3350] b04bf127-d20a-4f99-9071-6f67853954e2: cophenetic index 739; 0.8 s; peak memory 697 MiB.
2026-10-09T04:48:54Z INFO [2416/3350] b04c59fb-9dab-47f5-8d4f-d0b2a4d511b3: cophenetic index 490; 0.8 s; peak memory 697 MiB.
2026-10-09T04:48:56Z INFO [2417/3350] b04d7223-2784-492f-aa3a-3a0bce1027df: cophenetic index 3004; 1.5 s; peak memory 697 MiB.
2026-10-09T04:48:58Z INFO [2418/3350] b04db200-76c4-4d0f-b58a-72984939095a: cophenetic index 33998; 2.5 s; peak memory 697 MiB.
2026-10-09T04:48:59Z INFO [2419/3350] b04db263-e575-4574-b27e-a3ce2b42828b: cophenetic index 581; 1.0 s; peak memory 697 MiB.
2026-10-09T04:49:00Z INFO [2420/3350] b04db7fb-9d5e-4b2d-9c2f-774b20e8739d: cophenetic index 490; 0.9 s; peak memory 697 MiB.
2026-10-09T04:49:01Z INFO [2421/3350] b04e705a-4c36-4fc7-9c48-019e1da6a2d9: cophenetic index 624; 1.2 s; peak memory 697 MiB.
2026-10-09T04:49:18Z INFO [2422/3350] b04f1101-10e9-4b01-b7a0-512ca6231c8e: cophenetic index 480041; 16.7 s; peak memory 697 MiB.
2026-10-09T04:49:21Z INFO [2423/3350] b04f136b-5155-48bb-99ae-dd3543b73ff6: cophenetic index 4015; 3.1 s; peak memory 697 MiB.
2026-10-09T04:49:23Z INFO [2424/3350] b04f6c23-c2fa-42a9-b602-20c8e540f6df: cophenetic index 3004; 1.6 s; peak memory 697 MiB.
2026-10-09T04:49:26Z INFO [2425/3350] b04fb7a4-0379-4403-956a-db138dc76070: cophenetic index 6118; 3.0 s; peak memory 697 MiB.
2026-10-09T04:49:27Z INFO [2426/3350] b0502a27-23be-452b-af9e-f820d62dadee: cophenetic index 431; 1.3 s; peak memory 697 MiB.
2026-10-09T04:49:28Z INFO [2427/3350] b0515ddf-c6fc-4cbb-a891-33641bf13676: cophenetic index 624; 1.1 s; peak memory 697 MiB.
2026-10-09T04:49:29Z INFO [2428/3350] b05161ce-6eb7-4a5e-a583-52555b490b4b: cophenetic index 3004; 1.2 s; peak memory 697 MiB.
2026-10-09T04:49:30Z INFO [2429/3350] b0516a42-f91c-448f-ace6-73875c576a1e: cophenetic index 624; 1.1 s; peak memory 697 MiB.
2026-10-09T04:49:31Z INFO [2430/3350] b051b44d-81b8-4ab4-abbc-0610f10663c3: cophenetic index 379; 0.8 s; peak memory 697 MiB.
2026-10-09T04:49:39Z INFO [2431/3350] b051bb4c-1805-4d0f-b811-6769b5358b4d: cophenetic index 62931; 7.5 s; peak memory 697 MiB.
2026-10-09T04:49:45Z INFO [2432/3350] b051f3ee-77cf-414d-a986-9f2d04de2a36: cophenetic index 33285; 6.7 s; peak memory 697 MiB.
2026-10-09T04:49:48Z INFO [2433/3350] b05242b3-73b3-49c5-885c-27543b7ac771: cophenetic index 99150; 2.2 s; peak memory 697 MiB.
2026-10-09T04:49:49Z INFO [2434/3350] b052635d-e980-44a3-9fc5-3dd65c76253f: cophenetic index 624; 1.2 s; peak memory 697 MiB.
2026-10-09T04:49:50Z INFO [2435/3350] b052ce51-dd55-4d36-80a0-a048cada98a9: cophenetic index 466; 1.4 s; peak memory 697 MiB.
2026-10-09T04:49:52Z INFO [2436/3350] b053d14c-f70c-4622-a435-637f4526ac74: cophenetic index 2625; 1.5 s; peak memory 697 MiB.
2026-10-09T04:49:53Z INFO [2437/3350] b0545a29-a86e-4a1b-9fad-bcb46ca27c5f: cophenetic index 2625; 1.8 s; peak memory 697 MiB.
2026-10-09T04:49:55Z INFO [2438/3350] b0547863-441c-4dc8-9a68-50247901f134: cophenetic index 569; 1.3 s; peak memory 697 MiB.
2026-10-09T04:49:55Z INFO [2439/3350] b0549abc-8175-4f60-81a1-46ce5d1e1390: cophenetic index 433; 0.8 s; peak memory 697 MiB.
2026-10-09T04:50:03Z INFO [2440/3350] b05582e8-a563-4223-bbf9-cc0a7b9f7982: cophenetic index 6715; 7.1 s; peak memory 697 MiB.
2026-10-09T04:50:05Z INFO [2441/3350] b0563ace-f481-4e65-9da0-3eceb60fd7e6: cophenetic index 2654; 1.9 s; peak memory 697 MiB.
2026-10-09T04:50:06Z INFO [2442/3350] b0569f4f-5b50-486c-8c5f-d19b7a3fd5c5: cophenetic index 23960; 1.2 s; peak memory 697 MiB.
2026-10-09T04:50:12Z INFO [2443/3350] b056babf-d141-48e9-8973-e2f38762cdab: cophenetic index 33285; 6.7 s; peak memory 697 MiB.
2026-10-09T04:50:14Z INFO [2444/3350] b0577372-74ab-4877-9d42-8db23e9506a6: cophenetic index 624; 1.2 s; peak memory 697 MiB.
2026-10-09T04:50:15Z INFO [2445/3350] b057e22e-f189-4fc0-8a11-6babc6c6ad55: cophenetic index 33968; 1.5 s; peak memory 697 MiB.
2026-10-09T04:50:16Z INFO [2446/3350] b058c8af-11f8-44e7-a641-4c4eefe24314: cophenetic index 624; 1.2 s; peak memory 697 MiB.
2026-10-09T04:50:18Z INFO [2447/3350] b0591de1-8eaa-4604-b4cf-50f6aa04d9b3: cophenetic index 2974; 1.3 s; peak memory 697 MiB.
2026-10-09T04:50:20Z INFO [2448/3350] b059b196-91f0-4085-895a-4c603becfe82: cophenetic index 99120; 1.9 s; peak memory 697 MiB.
2026-10-09T04:50:53Z INFO [2449/3350] b059d942-8c0e-44e4-8baa-8b55fcbcc075: cophenetic index 35316898; 33.7 s; peak memory 697 MiB.
2026-10-09T04:50:55Z INFO [2450/3350] b059f216-207d-4e1d-ab63-3f5b8d37f485: cophenetic index 2625; 1.7 s; peak memory 697 MiB.
2026-10-09T04:50:55Z INFO [2450/3350] b059f216-207d-4e1d-ab63-3f5b8d37f485: checkpointed 131785 new records.
2026-10-09T04:50:58Z INFO [2451/3350] b05a13d3-8324-46ab-bf76-ba8cbc1b2e2b: cophenetic index 2469; 3.1 s; peak memory 697 MiB.
2026-10-09T04:51:00Z INFO [2452/3350] b05a3949-6169-478d-bab8-6728b2d9d7f0: cophenetic index 2625; 1.6 s; peak memory 697 MiB.
2026-10-09T04:51:03Z INFO [2453/3350] b05b88ce-468d-4a0a-96ab-38f3522f8a69: cophenetic index 99810; 3.5 s; peak memory 697 MiB.
2026-10-09T04:51:04Z INFO [2454/3350] b05c7ad4-7538-4bcb-b7c1-6f0c0c2b9c23: cophenetic index 624; 1.0 s; peak memory 697 MiB.
2026-10-09T04:51:15Z INFO [2455/3350] b05d968e-b553-4aff-889e-0218010aedf9: cophenetic index 128024; 11.1 s; peak memory 697 MiB.
2026-10-09T04:51:17Z INFO [2456/3350] b05e4da8-2f68-4aed-9730-2f1bf3e1d96f: cophenetic index 2625; 2.0 s; peak memory 697 MiB.
2026-10-09T04:51:19Z INFO [2457/3350] b05e881d-0fb6-4a81-a82c-4aaf2742b127: cophenetic index 624; 1.2 s; peak memory 697 MiB.
2026-10-09T04:51:20Z INFO [2458/3350] b05f11a9-f608-4018-aea3-e4be7fb223ce: cophenetic index 2974; 1.3 s; peak memory 697 MiB.
2026-10-09T04:51:23Z INFO [2459/3350] b05f1e85-1971-404d-a4c2-86984d3cfa99: cophenetic index 2469; 3.1 s; peak memory 697 MiB.
2026-10-09T04:51:31Z INFO [2460/3350] b0605934-8663-45ed-9419-5c3e042d42f8: cophenetic index 162235563; 8.1 s; peak memory 697 MiB.
2026-10-09T04:51:35Z INFO [2461/3350] b0607fdb-1ac8-4356-b296-ee0ebf0bf6fc: cophenetic index 197518; 4.0 s; peak memory 697 MiB.
2026-10-09T04:51:45Z INFO [2462/3350] b060d77c-7aa4-499d-99d8-c593a44eda2e: cophenetic index 19774; 9.9 s; peak memory 697 MiB.
2026-10-09T04:51:55Z INFO [2463/3350] b061700d-4bac-4904-bfd6-ce42be7c2474: cophenetic index 48355; 10.2 s; peak memory 697 MiB.
2026-10-09T04:51:56Z INFO [2464/3350] b061cdb9-69f8-4b27-9447-1f5bb1a57869: cophenetic index 649; 1.2 s; peak memory 697 MiB.
2026-10-09T04:52:02Z INFO [2465/3350] b0623de6-341d-4319-ad4f-9101251899d6: cophenetic index 8834; 5.3 s; peak memory 697 MiB.
2026-10-09T04:52:03Z INFO [2466/3350] b0623f96-9813-4735-82bd-edec15510c59: cophenetic index 624; 1.1 s; peak memory 697 MiB.
2026-10-09T04:52:04Z INFO [2467/3350] b0626a0d-f6a1-46c9-8f54-7fe37d923c27: cophenetic index 1228; 1.0 s; peak memory 697 MiB.
2026-10-09T04:52:05Z INFO [2468/3350] b062abd3-2cb0-4c2f-899c-adaf98e90fd9: cophenetic index 494; 1.1 s; peak memory 697 MiB.
2026-10-09T04:52:06Z INFO [2469/3350] b062fd76-8571-43fa-bd4a-5a2a7ccaf1cf: cophenetic index 2625; 1.3 s; peak memory 697 MiB.
2026-10-09T04:52:07Z INFO [2470/3350] b0634350-edd6-42e6-99c8-2399b2bc9fa7: cophenetic index 624; 1.0 s; peak memory 697 MiB.
2026-10-09T04:52:10Z INFO [2471/3350] b063740d-a9f0-467a-97e5-30d55dd18768: cophenetic index 2402; 2.6 s; peak memory 697 MiB.
2026-10-09T04:52:11Z INFO [2472/3350] b063f86c-2477-4bcb-b069-7671996596e3: cophenetic index 466; 1.4 s; peak memory 697 MiB.
2026-10-09T04:52:12Z INFO [2473/3350] b0642cae-e10d-48e7-8a9e-b9756caf5d14: cophenetic index 649; 1.3 s; peak memory 697 MiB.
2026-10-09T04:52:14Z INFO [2474/3350] b0643b54-885f-4324-b78a-fc8c1764d979: cophenetic index 3004; 1.4 s; peak memory 697 MiB.
2026-10-09T04:52:15Z INFO [2475/3350] b0649e44-093c-436d-a99f-eea5107a0041: cophenetic index 2625; 1.6 s; peak memory 697 MiB.
2026-10-09T04:52:28Z INFO [2476/3350] b064bd68-cca9-42a6-a494-8a2f765f6858: cophenetic index 49912; 12.3 s; peak memory 697 MiB.
2026-10-09T04:52:29Z INFO [2477/3350] b064f663-7598-4cc2-91a1-1914f608c996: cophenetic index 581; 1.1 s; peak memory 697 MiB.
2026-10-09T04:52:30Z INFO [2478/3350] b0661393-d534-4f00-aaf8-f802de485e4c: cophenetic index 624; 1.2 s; peak memory 697 MiB.
2026-10-09T04:52:36Z INFO [2479/3350] b066dbaa-fc21-4b17-88fc-704eec6ba6d8: cophenetic index 42355; 6.0 s; peak memory 697 MiB.
2026-10-09T04:52:37Z INFO [2480/3350] b066f609-c3ee-4f87-a78b-eb8abafdabd9: cophenetic index 624; 1.2 s; peak memory 697 MiB.
2026-10-09T04:52:39Z INFO [2481/3350] b0686891-f323-4609-9213-a43a9caabdd8: cophenetic index 1380; 1.7 s; peak memory 697 MiB.
2026-10-09T04:52:40Z INFO [2482/3350] b068eba3-fd0f-4830-a918-4fd5037fef62: cophenetic index 624; 1.2 s; peak memory 697 MiB.
2026-10-09T04:52:42Z INFO [2483/3350] b069e7d3-97c3-4be9-a19b-ef287b58bdf5: cophenetic index 2625; 1.6 s; peak memory 697 MiB.
2026-10-09T04:52:43Z INFO [2484/3350] b069ece4-a647-4f72-8efe-2ac4b2a67d90: cophenetic index 2974; 1.4 s; peak memory 697 MiB.
2026-10-09T04:52:44Z INFO [2485/3350] b069ee91-760d-48b9-a8c0-9e785feeea8a: cophenetic index 3192; 1.3 s; peak memory 697 MiB.
2026-10-09T04:52:46Z INFO [2486/3350] b06b5662-174c-415a-9774-db8672a41aa3: cophenetic index 3087; 1.5 s; peak memory 697 MiB.
2026-10-09T04:52:47Z INFO [2487/3350] b06b7f6d-cad0-4275-89e6-37586544012c: cophenetic index 624; 1.0 s; peak memory 697 MiB.
2026-10-09T04:52:48Z INFO [2488/3350] b06be23e-f53a-4a0d-94c3-062a6ecc2927: cophenetic index 624; 1.2 s; peak memory 697 MiB.
2026-10-09T04:52:50Z INFO [2489/3350] b06cf627-6b4e-4407-a959-9526cb4f2106: cophenetic index 653; 1.8 s; peak memory 697 MiB.
2026-10-09T04:52:51Z INFO [2490/3350] b06d23a9-b316-42ea-9445-fdeadf4c8268: cophenetic index 624; 1.1 s; peak memory 697 MiB.
2026-10-09T04:52:52Z INFO [2491/3350] b06e0c42-1913-4fa2-83c9-23a104e28194: cophenetic index 1087; 1.5 s; peak memory 697 MiB.
2026-10-09T04:52:54Z INFO [2492/3350] b06ebcff-db42-4996-8479-953fb8750991: cophenetic index 3087; 1.5 s; peak memory 697 MiB.
2026-10-09T04:52:55Z INFO [2493/3350] b06f29cb-8da6-4aae-bffd-e7bcbaed6d16: cophenetic index 3004; 1.5 s; peak memory 697 MiB.
2026-10-09T04:52:57Z INFO [2494/3350] b06fbd91-b6c6-462f-899d-0e2ca5444d14: cophenetic index 2625; 1.6 s; peak memory 697 MiB.
2026-10-09T04:52:58Z INFO [2495/3350] b06fc044-cb4d-413b-90cf-9fa8a1674119: cophenetic index 624; 1.2 s; peak memory 697 MiB.
2026-10-09T04:53:00Z INFO [2496/3350] b06fd56c-5ef3-4af2-801b-bf8bd75eb6d5: cophenetic index 3004; 1.3 s; peak memory 697 MiB.
2026-10-09T04:53:03Z INFO [2497/3350] b0702347-4b01-472c-912f-c699320e347b: cophenetic index 5473; 3.7 s; peak memory 697 MiB.
2026-10-09T04:53:05Z INFO [2498/3350] b070ae60-35d5-4f45-aff7-693b3c8cb44a: cophenetic index 3004; 1.4 s; peak memory 697 MiB.
2026-10-09T04:53:06Z INFO [2499/3350] b070ec5b-d55b-4e16-8311-428654ca943a: cophenetic index 1264; 1.5 s; peak memory 697 MiB.
2026-10-09T04:53:11Z INFO [2500/3350] b070fedc-5fb6-4f23-ae6d-2325df5af30b: cophenetic index 16059; 4.6 s; peak memory 697 MiB.
2026-10-09T04:53:11Z INFO [2500/3350] b070fedc-5fb6-4f23-ae6d-2325df5af30b: checkpointed 131835 new records.
2026-10-09T04:53:13Z INFO [2501/3350] b071afb0-e04d-4ad0-a8d0-93c35ab053d9: cophenetic index 23250; 1.5 s; peak memory 697 MiB.
2026-10-09T04:53:14Z INFO [2502/3350] b071d61b-3c0b-4cb3-bde2-728ae53af1e2: cophenetic index 490; 0.9 s; peak memory 697 MiB.
2026-10-09T04:53:21Z INFO [2503/3350] b07203dc-8bc2-423e-a4cc-ddac643204ef: cophenetic index 4956; 7.1 s; peak memory 697 MiB.
2026-10-09T04:53:22Z INFO [2504/3350] b0721666-678b-439d-b3ee-fc519708cd91: cophenetic index 624; 1.1 s; peak memory 697 MiB.
2026-10-09T04:53:23Z INFO [2505/3350] b07232a5-43b8-481a-925f-e0a0f23fa110: cophenetic index 2974; 1.4 s; peak memory 697 MiB.
2026-10-09T04:53:26Z INFO [2506/3350] b072f2bf-6907-4c94-9c46-86ad86973b1a: cophenetic index 2469; 3.0 s; peak memory 697 MiB.
2026-10-09T04:53:29Z INFO [2507/3350] b0730d4c-cd9e-402e-a80e-f7d713d55958: cophenetic index 1255; 2.8 s; peak memory 697 MiB.
2026-10-09T04:53:30Z INFO [2508/3350] b07358cd-ea34-44de-a82b-d8ba77fa3761: cophenetic index 624; 1.1 s; peak memory 697 MiB.
2026-10-09T04:53:32Z INFO [2509/3350] b073afcd-432f-42a5-bc72-cf860d77b34e: cophenetic index 6100; 1.8 s; peak memory 697 MiB.
2026-10-09T04:53:33Z INFO [2510/3350] b073cff6-becf-4ce5-90e3-340a7b97358c: cophenetic index 2570; 1.6 s; peak memory 697 MiB.
2026-10-09T04:53:35Z INFO [2511/3350] b073dd1f-3fde-44bc-92aa-4f3e43f9894c: cophenetic index 563; 1.4 s; peak memory 697 MiB.
2026-10-09T04:53:43Z INFO [2512/3350] b073e9b9-f849-4d4e-a05b-4aa71e2b56ac: cophenetic index 34592; 7.8 s; peak memory 697 MiB.
2026-10-09T04:53:43Z INFO [2513/3350] b074c7c5-9389-47d8-a433-d986487e977c: cophenetic index 490; 0.9 s; peak memory 697 MiB.
2026-10-09T04:53:51Z INFO [2514/3350] b074d9c0-4eda-45da-a4dd-b4328f77bd6c: cophenetic index 20638; 7.2 s; peak memory 697 MiB.
2026-10-09T04:53:59Z INFO [2515/3350] b075b2a1-f349-46d6-a398-df8bfba1c76f: cophenetic index 128171; 8.0 s; peak memory 697 MiB.
2026-10-09T04:54:00Z INFO [2516/3350] b076abeb-349a-4ea4-936d-2f33388c7ca5: cophenetic index 624; 1.0 s; peak memory 697 MiB.
2026-10-09T04:54:01Z INFO [2517/3350] b076ce72-bee0-477a-b744-db3363b7869e: cophenetic index 2920; 1.2 s; peak memory 697 MiB.
2026-10-09T04:54:03Z INFO [2518/3350] b0770068-e6c4-45b0-be77-4b29ed8c031d: cophenetic index 1144; 1.9 s; peak memory 697 MiB.
2026-10-09T04:54:05Z INFO [2519/3350] b0773551-2c01-4095-acbb-7290c85a7596: cophenetic index 2625; 1.8 s; peak memory 697 MiB.
2026-10-09T04:54:05Z INFO [2520/3350] b07876c3-1a33-4646-904a-7a58405243a0: cophenetic index 490; 0.8 s; peak memory 697 MiB.
2026-10-09T04:54:06Z INFO [2521/3350] b07919cc-6b4d-4aa3-b038-d2bb025662f5: cophenetic index 490; 1.0 s; peak memory 697 MiB.
2026-10-09T04:54:09Z INFO [2522/3350] b079799e-8b1d-4889-8122-7a18b2c0e0a5: cophenetic index 700; 2.5 s; peak memory 697 MiB.
2026-10-09T04:54:10Z INFO [2523/3350] b079b405-6eea-402e-8bc4-3cec5b3e40e5: cophenetic index 2570; 1.4 s; peak memory 697 MiB.
2026-10-09T04:54:12Z INFO [2524/3350] b07a14f3-0ad4-41ab-885c-b0e74317a044: cophenetic index 23272; 1.3 s; peak memory 697 MiB.
2026-10-09T04:54:13Z INFO [2525/3350] b07a2f90-5ba6-40cf-802c-c4d37122f8d8: cophenetic index 3004; 1.4 s; peak memory 697 MiB.
2026-10-09T04:54:14Z INFO [2526/3350] b07afbc8-0c59-4542-a371-d31642f1d1ac: cophenetic index 624; 1.1 s; peak memory 697 MiB.
2026-10-09T04:54:16Z INFO [2527/3350] b07bc9d7-61c9-490f-9657-0a134639969e: cophenetic index 2974; 1.5 s; peak memory 697 MiB.
2026-10-09T04:54:26Z INFO [2528/3350] b07c3234-24d9-4198-b643-e99cc6835fcd: cophenetic index 259696; 10.5 s; peak memory 697 MiB.
2026-10-09T04:54:28Z INFO [2529/3350] b07c5477-9118-4c55-9fad-bbab3e7f07f8: cophenetic index 994; 1.4 s; peak memory 697 MiB.
2026-10-09T04:54:34Z INFO [2530/3350] b07cca70-fd1a-42e7-a65b-720bb397436e: cophenetic index 9181; 6.6 s; peak memory 697 MiB.
2026-10-09T04:54:50Z INFO [2531/3350] b07d312d-c3a0-42f7-884b-9d50260bfa31: cophenetic index 531673; 16.3 s; peak memory 697 MiB.
2026-10-09T04:54:51Z INFO [2532/3350] b07e40f0-b099-4b02-931a-12e06cec09a5: cophenetic index 651; 0.8 s; peak memory 697 MiB.
2026-10-09T04:54:52Z INFO [2533/3350] b07e8360-9991-4ada-96f2-4b2b36203285: cophenetic index 581; 1.2 s; peak memory 697 MiB.
2026-10-09T04:54:54Z INFO [2534/3350] b07ed4e0-3a0d-420c-a445-31b9b3172f7c: cophenetic index 2625; 1.7 s; peak memory 697 MiB.
2026-10-09T04:54:58Z INFO [2535/3350] b07fae9c-19f5-41d1-894a-1abe44eeaa79: cophenetic index 2236; 3.5 s; peak memory 697 MiB.
2026-10-09T04:54:59Z INFO [2536/3350] b0805bd7-fc48-4af3-88ea-1ad98e23fbc2: cophenetic index 624; 1.4 s; peak memory 697 MiB.
2026-10-09T04:55:02Z INFO [2537/3350] b0806cee-b9dc-4f25-a1d8-151949dae263: cophenetic index 2469; 2.8 s; peak memory 697 MiB.
2026-10-09T04:55:03Z INFO [2538/3350] b0808649-9f87-4077-82b3-7a913c051383: cophenetic index 624; 1.2 s; peak memory 697 MiB.
2026-10-09T04:56:45Z INFO [2539/3350] b080c738-17c9-4e0d-aee4-6d5371518f69: cophenetic index 1215873; 102.3 s; peak memory 697 MiB.
2026-10-09T04:56:47Z INFO [2540/3350] b08210b6-47a6-4732-b838-47fe6ef3a75c: cophenetic index 2056; 2.1 s; peak memory 697 MiB.
2026-10-09T04:56:53Z INFO [2541/3350] b0829284-d1a8-464a-95ca-fdf50dc4e5b0: cophenetic index 9298; 5.6 s; peak memory 697 MiB.
2026-10-09T04:57:17Z INFO [2542/3350] b082e001-425b-4969-88a8-c7e1c2ac1b12: cophenetic index 15140378; 23.6 s; peak memory 697 MiB.
2026-10-09T04:57:18Z INFO [2543/3350] b0832e48-8a2f-43bd-8112-f96a08ed5a77: cophenetic index 624; 1.1 s; peak memory 697 MiB.
2026-10-09T04:57:19Z INFO [2544/3350] b08392b8-c7ec-4aba-a1e1-f6af4b6c7601: cophenetic index 490; 0.9 s; peak memory 697 MiB.
2026-10-09T04:57:20Z INFO [2545/3350] b083aefa-0bb8-4c70-9a08-fe53f2ec8e73: cophenetic index 624; 1.1 s; peak memory 697 MiB.
2026-10-09T04:57:21Z INFO [2546/3350] b083f7c4-b1ac-4035-995e-a05cc66a30d9: cophenetic index 2844; 1.4 s; peak memory 697 MiB.
2026-10-09T04:57:23Z INFO [2547/3350] b0842eeb-d7d9-4ce6-b994-24700b4523be: cophenetic index 466; 1.4 s; peak memory 697 MiB.
2026-10-09T04:57:24Z INFO [2548/3350] b0848367-abba-401a-93d5-a5a39b2721b2: cophenetic index 2625; 1.9 s; peak memory 697 MiB.
2026-10-09T04:57:25Z INFO [2549/3350] b084fab8-2250-4b88-a315-b5e5b5b3b21e: cophenetic index 729; 0.9 s; peak memory 697 MiB.
2026-10-09T04:57:26Z INFO [2550/3350] b085a892-12b0-44d8-b87f-dca5caa1bb3c: cophenetic index 1470; 1.1 s; peak memory 697 MiB.
2026-10-09T04:57:27Z INFO [2550/3350] b085a892-12b0-44d8-b87f-dca5caa1bb3c: checkpointed 131885 new records.
2026-10-09T04:57:28Z INFO [2551/3350] b0863b7e-b1ec-4355-a3e5-0b7ff68f6318: cophenetic index 624; 1.5 s; peak memory 697 MiB.
2026-10-09T04:57:30Z INFO [2552/3350] b0868baa-07c4-4f61-b1fe-b59444fcb113: cophenetic index 624; 1.3 s; peak memory 697 MiB.
2026-10-09T04:57:31Z INFO [2553/3350] b087467b-041b-46ca-a436-1002cadfed34: cophenetic index 563; 1.7 s; peak memory 697 MiB.
2026-10-09T04:57:34Z INFO [2554/3350] b087cdc3-a1f9-415e-952b-7413610a71a0: cophenetic index 1496; 2.6 s; peak memory 697 MiB.
2026-10-09T04:57:35Z INFO [2555/3350] b087f12e-064a-496b-9e0c-58951bb3e134: cophenetic index 624; 1.1 s; peak memory 697 MiB.
2026-10-09T04:57:36Z INFO [2556/3350] b08819d1-b01e-4d4c-b83e-ce3616d25734: cophenetic index 624; 1.1 s; peak memory 697 MiB.
2026-10-09T04:57:38Z INFO [2557/3350] b08a69b9-055d-4456-a995-e935d634e91e: cophenetic index 2625; 1.7 s; peak memory 697 MiB.
2026-10-09T04:57:39Z INFO [2558/3350] b08a7ae0-2c30-4a84-94ab-fee7053b576f: cophenetic index 3004; 1.4 s; peak memory 697 MiB.
2026-10-09T04:57:40Z INFO [2559/3350] b08c3481-2cce-4cc8-881d-920fa845dfe3: cophenetic index 624; 1.2 s; peak memory 697 MiB.
2026-10-09T04:57:43Z INFO [2560/3350] b08d0100-5d30-463a-9984-aec5f932e73e: cophenetic index 457; 2.3 s; peak memory 697 MiB.
2026-10-09T04:57:44Z INFO [2561/3350] b08d11cb-1e79-43dd-b693-4a1a77b0cfad: cophenetic index 2570; 1.4 s; peak memory 697 MiB.
2026-10-09T04:57:46Z INFO [2562/3350] b08d5dd1-ff1d-49e8-ac17-49f652dfa2dd: cophenetic index 2625; 1.9 s; peak memory 697 MiB.
2026-10-09T04:57:47Z INFO [2563/3350] b08dc18b-b7ac-4f57-ba36-9754140d689e: cophenetic index 560; 1.0 s; peak memory 697 MiB.
2026-10-09T04:57:49Z INFO [2564/3350] b08ea93e-43ac-4cf9-901e-224ed975bf74: cophenetic index 2974; 1.6 s; peak memory 697 MiB.
2026-10-09T04:57:49Z INFO [2565/3350] b08eb31c-68c0-4695-9f6d-035dbd279f2b: cophenetic index 431; 0.9 s; peak memory 697 MiB.
2026-10-09T04:57:50Z INFO [2566/3350] b08eb53e-5833-4d2c-add3-ec3214dd1905: cophenetic index 651; 0.9 s; peak memory 697 MiB.
2026-10-09T04:57:52Z INFO [2567/3350] b08edc97-2e43-40df-a86f-260c62eefd80: cophenetic index 649; 1.3 s; peak memory 697 MiB.
2026-10-09T04:57:52Z INFO [2568/3350] b0906f79-b7de-4ade-b45f-feec5b0ff59d: cophenetic index 490; 0.7 s; peak memory 697 MiB.
2026-10-09T04:57:53Z INFO [2569/3350] b09097c9-de09-47fe-abfb-0775b770a801: cophenetic index 624; 1.0 s; peak memory 697 MiB.
2026-10-09T04:57:56Z INFO [2570/3350] b090aff8-1658-4042-bd39-27541459c1ca: cophenetic index 2521; 2.3 s; peak memory 697 MiB.
2026-10-09T04:57:57Z INFO [2571/3350] b090ff96-5cc7-41dd-8c65-e066c56047f2: cophenetic index 3004; 1.3 s; peak memory 697 MiB.
2026-10-09T04:57:58Z INFO [2572/3350] b091ab80-d7ae-46bc-9cb9-85d3674f8c3c: cophenetic index 490; 1.2 s; peak memory 697 MiB.
2026-10-09T04:57:59Z INFO [2573/3350] b093aee1-ed1c-410f-8f41-c086db8793e1: cophenetic index 512; 1.2 s; peak memory 697 MiB.
2026-10-09T04:58:05Z INFO [2574/3350] b093b68a-c549-4c51-b93f-51c14e135abf: cophenetic index 85781; 5.8 s; peak memory 697 MiB.
2026-10-09T04:58:07Z INFO [2575/3350] b0942e6c-86c8-4c6b-9461-50240e31d606: cophenetic index 582; 1.9 s; peak memory 697 MiB.
2026-10-09T04:58:09Z INFO [2576/3350] b0943be8-edd2-49a3-8aa9-447b7081f41c: cophenetic index 3057; 1.7 s; peak memory 697 MiB.
2026-10-09T04:58:13Z INFO [2577/3350] b0949968-8064-4db4-b455-5f7acb73cf8c: cophenetic index 18138; 4.1 s; peak memory 697 MiB.
2026-10-09T04:58:16Z INFO [2578/3350] b094b2ec-866a-4aa1-b710-cf809919be90: cophenetic index 4015; 3.5 s; peak memory 697 MiB.
2026-10-09T04:58:17Z INFO [2579/3350] b0953683-c009-4226-b9bf-ea327df38082: cophenetic index 643; 0.8 s; peak memory 697 MiB.
2026-10-09T04:58:19Z INFO [2580/3350] b0965d92-016b-4a71-8fcd-8c14625e7611: cophenetic index 33998; 1.9 s; peak memory 697 MiB.
2026-10-09T04:58:21Z INFO [2581/3350] b097ef12-e20b-41b1-ad50-5daf7b97969c: cophenetic index 3087; 1.5 s; peak memory 697 MiB.
2026-10-09T04:58:22Z INFO [2582/3350] b09875bb-06e9-4f24-8343-c506ff0b1f21: cophenetic index 624; 1.2 s; peak memory 697 MiB.
2026-10-09T04:58:24Z INFO [2583/3350] b098ca01-1f04-44a5-bd7d-0fcf649b1f58: cophenetic index 2625; 1.9 s; peak memory 697 MiB.
2026-10-09T04:58:25Z INFO [2584/3350] b0992f29-b6c5-48a9-861d-c4363c0f2bed: cophenetic index 624; 1.1 s; peak memory 697 MiB.
2026-10-09T04:58:27Z INFO [2585/3350] b099b9a6-3c2b-484e-bab3-3459b12464b3: cophenetic index 325333; 2.4 s; peak memory 697 MiB.
2026-10-09T04:58:28Z INFO [2586/3350] b099e9ca-47d1-49cf-977d-8748ac504023: cophenetic index 624; 1.2 s; peak memory 697 MiB.
2026-10-09T04:58:30Z INFO [2587/3350] b09a242f-a253-42f5-b2d7-14d65225cd75: cophenetic index 624; 1.2 s; peak memory 697 MiB.
2026-10-09T04:58:44Z INFO [2588/3350] b09a69d5-61e7-4029-90eb-5427cc5fe6b6: cophenetic index 28385; 14.8 s; peak memory 697 MiB.
2026-10-09T04:58:48Z INFO [2589/3350] b09a8242-7e56-4441-8b12-20d1973a4235: cophenetic index 5473; 3.5 s; peak memory 697 MiB.
2026-10-09T04:58:50Z INFO [2590/3350] b09ada26-b111-4437-8dc8-90e6b5681f8b: cophenetic index 797; 2.0 s; peak memory 697 MiB.
2026-10-09T04:58:51Z INFO [2591/3350] b09b1642-a37a-4de0-ac3d-53ec908373a8: cophenetic index 1949; 1.2 s; peak memory 697 MiB.
2026-10-09T04:58:55Z INFO [2592/3350] b09b7448-2704-4494-bd8b-ce618a0fb321: cophenetic index 15104; 4.0 s; peak memory 697 MiB.
2026-10-09T04:58:57Z INFO [2593/3350] b09be6af-3291-4127-9acd-42dd8686c6ba: cophenetic index 2625; 1.9 s; peak memory 697 MiB.
2026-10-09T04:58:59Z INFO [2594/3350] b09c00e3-75d4-4e83-ab91-e6f3b82241b9: cophenetic index 2625; 2.2 s; peak memory 697 MiB.
2026-10-09T04:59:01Z INFO [2595/3350] b09e7de0-1cbd-46ea-836a-34105980b7af: cophenetic index 2625; 2.0 s; peak memory 697 MiB.
2026-10-09T04:59:02Z INFO [2596/3350] b09f095b-5162-41b4-846f-766262f2a22d: cophenetic index 624; 1.2 s; peak memory 697 MiB.
2026-10-09T04:59:05Z INFO [2597/3350] b09f4a27-49ff-434a-aa4d-190533dbfb25: cophenetic index 41788; 2.6 s; peak memory 697 MiB.
2026-10-09T04:59:11Z INFO [2598/3350] b09fa859-829a-40b0-8304-2f19520d1acc: cophenetic index 35976; 5.6 s; peak memory 697 MiB.
2026-10-09T04:59:12Z INFO [2599/3350] b0a01c35-3bd9-4041-be26-f0610f5e3da3: cophenetic index 3087; 1.7 s; peak memory 697 MiB.
2026-10-09T04:59:13Z INFO [2600/3350] b0a03fc3-4d72-4b78-b8be-61da11e58760: cophenetic index 762; 0.8 s; peak memory 697 MiB.
2026-10-09T04:59:13Z INFO [2600/3350] b0a03fc3-4d72-4b78-b8be-61da11e58760: checkpointed 131935 new records.
2026-10-09T04:59:14Z INFO [2601/3350] b0a1b86c-e89c-41a1-bcb7-9510e12deabd: cophenetic index 560; 1.0 s; peak memory 697 MiB.
2026-10-09T04:59:16Z INFO [2602/3350] b0a273a4-fd65-4d3f-8666-87644f100130: cophenetic index 33986; 1.5 s; peak memory 697 MiB.
2026-10-09T04:59:17Z INFO [2603/3350] b0a35da0-6beb-4026-ba03-bca576781f07: cophenetic index 3004; 1.2 s; peak memory 697 MiB.
2026-10-09T04:59:20Z INFO [2604/3350] b0a3b0ce-bc7d-4732-bf96-560c0e613f10: cophenetic index 1733; 3.2 s; peak memory 697 MiB.
2026-10-09T04:59:22Z INFO [2605/3350] b0a42a53-5c4d-4540-986b-5938daf322e2: cophenetic index 649; 1.4 s; peak memory 697 MiB.
2026-10-09T04:59:23Z INFO [2606/3350] b0a43203-a23c-4175-a710-85849ea3aaaf: cophenetic index 3004; 1.3 s; peak memory 697 MiB.
2026-10-09T04:59:32Z INFO [2607/3350] b0a5424c-df2b-4e03-8ef7-3bd7172aea5a: cophenetic index 52754; 9.2 s; peak memory 697 MiB.
2026-10-09T04:59:33Z INFO [2608/3350] b0a545cc-d831-4511-bfb0-a3417f8e4cad: cophenetic index 624; 1.1 s; peak memory 697 MiB.
2026-10-09T04:59:35Z INFO [2609/3350] b0a55c11-8fbc-46a5-99d7-397d5434050f: cophenetic index 33998; 2.0 s; peak memory 697 MiB.
2026-10-09T04:59:37Z INFO [2610/3350] b0a5df2b-4ea4-4cff-8540-07a08e9f62e6: cophenetic index 2974; 1.3 s; peak memory 697 MiB.
2026-10-09T04:59:38Z INFO [2611/3350] b0a621ec-978f-4aa4-a195-eed3272dfc83: cophenetic index 508; 1.1 s; peak memory 697 MiB.
2026-10-09T04:59:39Z INFO [2612/3350] b0a6d239-9093-4291-b294-5118b8e34643: cophenetic index 431; 1.1 s; peak memory 697 MiB.
2026-10-09T04:59:42Z INFO [2613/3350] b0a71e29-e395-4900-837e-3b606f2e37c1: cophenetic index 5473; 3.3 s; peak memory 697 MiB.
2026-10-09T04:59:45Z INFO [2614/3350] b0a82570-3f28-4b35-a22b-c7ff54fab0e7: cophenetic index 2402; 2.9 s; peak memory 697 MiB.
2026-10-09T05:00:04Z INFO [2615/3350] b0aa69ab-c51e-4e0e-be3b-dc9691206b2b: cophenetic index 42755; 18.7 s; peak memory 697 MiB.
2026-10-09T05:00:05Z INFO [2616/3350] b0abdc23-629c-450e-ba10-b749ca6c65cf: cophenetic index 624; 1.2 s; peak memory 697 MiB.
2026-10-09T05:00:06Z INFO [2617/3350] b0abe790-4238-4c08-8d10-d55ab62ba6e7: cophenetic index 590; 1.2 s; peak memory 697 MiB.
2026-10-09T05:00:07Z INFO [2618/3350] b0acaf41-dff1-4139-a4dc-65229be600c3: cophenetic index 579; 0.9 s; peak memory 697 MiB.
2026-10-09T05:00:09Z INFO [2619/3350] b0acb599-e58f-4250-a3de-d2ec7b88c59c: cophenetic index 959; 2.1 s; peak memory 697 MiB.
2026-10-09T05:00:11Z INFO [2620/3350] b0ad100b-67ac-4972-b663-6f1fa450479e: cophenetic index 3087; 1.5 s; peak memory 697 MiB.
2026-10-09T05:00:12Z INFO [2621/3350] b0ad613f-1eac-475b-bbdc-a49da11d3c01: cophenetic index 385; 1.0 s; peak memory 697 MiB.
2026-10-09T05:00:13Z INFO [2622/3350] b0adbf7b-48d2-4920-806c-b02d17f0db3a: cophenetic index 624; 1.1 s; peak memory 697 MiB.
2026-10-09T05:00:14Z INFO [2623/3350] b0addac9-75a1-46b2-ad60-57fcaedf285f: cophenetic index 624; 1.1 s; peak memory 697 MiB.
2026-10-09T05:00:15Z INFO [2624/3350] b0ae0b3c-dc2c-4fc1-bb2d-a6329160f35f: cophenetic index 2923; 1.3 s; peak memory 697 MiB.
2026-10-09T05:00:16Z INFO [2625/3350] b0ae43e1-40e9-4ff7-88e1-9882031b9ea4: cophenetic index 624; 1.2 s; peak memory 697 MiB.
2026-10-09T05:00:20Z INFO [2626/3350] b0ae734e-b70d-49b7-b517-df0a555c3fd8: cophenetic index 5473; 3.4 s; peak memory 697 MiB.
2026-10-09T05:00:21Z INFO [2627/3350] b0af37db-e6f3-4101-ba74-d46fb96afb7e: cophenetic index 431; 1.1 s; peak memory 697 MiB.
2026-10-09T05:00:30Z INFO [2628/3350] b0af8ae3-8ce5-442f-87e3-414035f75a0e: cophenetic index 138924; 9.2 s; peak memory 697 MiB.
2026-10-09T05:00:36Z INFO [2629/3350] b0b0b224-3d6d-4aaa-971f-2aa8ec2dd2b1: cophenetic index 87401; 5.7 s; peak memory 697 MiB.
2026-10-09T05:00:37Z INFO [2630/3350] b0b0dcd9-875c-4ab8-8b15-a8457c9e9431: cophenetic index 767; 1.0 s; peak memory 697 MiB.
2026-10-09T05:00:45Z INFO [2631/3350] b0b17c74-18ae-4b95-af28-3336d417fc19: cophenetic index 202852; 8.0 s; peak memory 697 MiB.
2026-10-09T05:00:46Z INFO [2632/3350] b0b1a577-9b33-4a04-ac46-37ebeef248c7: cophenetic index 2625; 1.6 s; peak memory 697 MiB.
2026-10-09T05:00:47Z INFO [2633/3350] b0b1a727-79ea-476d-8eac-921a80d1eb50: cophenetic index 490; 0.8 s; peak memory 697 MiB.
2026-10-09T05:00:48Z INFO [2634/3350] b0b1ce2c-243a-43dd-b839-a708a764ac5a: cophenetic index 3087; 1.3 s; peak memory 697 MiB.
2026-10-09T05:00:50Z INFO [2635/3350] b0b37319-f06c-409f-99f2-4bb11670ff38: cophenetic index 447; 1.3 s; peak memory 697 MiB.
2026-10-09T05:00:56Z INFO [2636/3350] b0b42d32-976a-4c6d-8c56-6f9c59a8668e: cophenetic index 59367; 6.2 s; peak memory 697 MiB.
2026-10-09T05:00:57Z INFO [2637/3350] b0b592fb-a81b-4063-8021-5fff7deb30f0: cophenetic index 490; 1.0 s; peak memory 697 MiB.
2026-10-09T05:00:58Z INFO [2638/3350] b0b5b5b6-2bf5-4adb-be40-d83d8f2ed919: cophenetic index 2625; 1.6 s; peak memory 697 MiB.
2026-10-09T05:01:00Z INFO [2639/3350] b0b5c2b1-de21-4331-9136-6e011c554838: cophenetic index 624; 1.2 s; peak memory 697 MiB.
2026-10-09T05:01:01Z INFO [2640/3350] b0b5d5be-e8e4-4c69-bfb0-dd411f002a5b: cophenetic index 3004; 1.2 s; peak memory 697 MiB.
2026-10-09T05:01:03Z INFO [2641/3350] b0b77e39-06f7-47a4-a462-93a60d9c1ae5: cophenetic index 33998; 1.8 s; peak memory 697 MiB.
2026-10-09T05:01:04Z INFO [2642/3350] b0b99752-d510-48a7-bbbc-9ffea68380a6: cophenetic index 624; 1.0 s; peak memory 697 MiB.
2026-10-09T05:01:05Z INFO [2643/3350] b0bb0c35-1d1c-48dc-9696-4232c8d08fb2: cophenetic index 23711; 1.5 s; peak memory 697 MiB.
2026-10-09T05:01:07Z INFO [2644/3350] b0bb4a20-6b78-4f79-98b0-62e4434a564c: cophenetic index 911; 1.9 s; peak memory 697 MiB.
2026-10-09T05:01:20Z INFO [2645/3350] b0bbb3ca-abc2-44bd-a346-e61621577a47: cophenetic index 1153035; 13.1 s; peak memory 697 MiB.
2026-10-09T05:01:22Z INFO [2646/3350] b0bbfcff-8c3c-4ddc-b7d2-d0d76b5226e3: cophenetic index 33968; 1.6 s; peak memory 697 MiB.
2026-10-09T05:01:23Z INFO [2647/3350] b0bc4847-f09d-4a73-97c6-839d35dff58f: cophenetic index 630; 1.1 s; peak memory 697 MiB.
2026-10-09T05:01:24Z INFO [2648/3350] b0bca2c5-fb42-42ac-a7d4-c65cd1cfd00a: cophenetic index 605; 1.4 s; peak memory 697 MiB.
2026-10-09T05:01:25Z INFO [2649/3350] b0bccf46-3245-491c-bd5e-5c95f0d0c804: cophenetic index 374; 0.8 s; peak memory 697 MiB.
2026-10-09T05:01:26Z INFO [2650/3350] b0bdbfc0-ab79-42b6-9f1f-4a048b861d01: cophenetic index 624; 1.2 s; peak memory 697 MiB.
2026-10-09T05:01:27Z INFO [2650/3350] b0bdbfc0-ab79-42b6-9f1f-4a048b861d01: checkpointed 131985 new records.
2026-10-09T05:01:28Z INFO [2651/3350] b0be047e-4b25-46a8-bbca-f23d396154dd: cophenetic index 2782; 1.0 s; peak memory 697 MiB.
2026-10-09T05:01:35Z INFO [2652/3350] b0c1e2a5-4def-42a2-8f97-c331248944ba: cophenetic index 14296; 7.3 s; peak memory 697 MiB.
2026-10-09T05:01:37Z INFO [2653/3350] b0c22fe8-0351-4fbe-a3bf-18d9061247c5: cophenetic index 24032; 1.5 s; peak memory 697 MiB.
2026-10-09T05:01:40Z INFO [2654/3350] b0c28796-35de-4fb6-99cd-a72c78fd4a6d: cophenetic index 5473; 3.7 s; peak memory 697 MiB.
2026-10-09T05:01:41Z INFO [2655/3350] b0c2e75a-32aa-4fc6-b26b-2375813d83ff: cophenetic index 641; 0.9 s; peak memory 697 MiB.
2026-10-09T05:01:42Z INFO [2656/3350] b0c2e7d9-ee47-4a4c-bda3-06efc8d4a838: cophenetic index 490; 0.9 s; peak memory 697 MiB.
2026-10-09T05:01:43Z INFO [2657/3350] b0c2ff9a-62ff-40c3-aa5a-cf7e2713b4f3: cophenetic index 590; 1.4 s; peak memory 697 MiB.
2026-10-09T05:01:46Z INFO [2658/3350] b0c31ff0-a856-4992-8936-8f7f62b9c13b: cophenetic index 6490; 2.8 s; peak memory 697 MiB.
2026-10-09T05:01:56Z INFO [2659/3350] b0c3b9f2-763e-4d60-89a7-d4be0aed55f0: cophenetic index 159730; 10.3 s; peak memory 697 MiB.
2026-10-09T05:01:58Z INFO [2660/3350] b0c3f5b2-1933-4196-ac31-bd623b512337: cophenetic index 624; 1.1 s; peak memory 697 MiB.
2026-10-09T05:02:05Z INFO [2661/3350] b0c3fe41-908d-4d49-9b39-617b7aa4c397: cophenetic index 40823; 7.0 s; peak memory 697 MiB.
2026-10-09T05:02:06Z INFO [2662/3350] b0c4d9ae-631d-453d-ae8b-7762cae0d891: cophenetic index 563; 1.4 s; peak memory 697 MiB.
2026-10-09T05:02:07Z INFO [2663/3350] b0c54352-2ecc-4955-9f84-522b96ba562d: cophenetic index 2570; 1.4 s; peak memory 697 MiB.
2026-10-09T05:02:09Z INFO [2664/3350] b0c55225-17bb-44e5-8c8c-a34e16b656cf: cophenetic index 33962; 1.8 s; peak memory 697 MiB.
2026-10-09T05:02:11Z INFO [2665/3350] b0c63b99-ad8c-4f7c-bb4d-d730574ae9d3: cophenetic index 33998; 2.1 s; peak memory 697 MiB.
2026-10-09T05:02:13Z INFO [2666/3350] b0c6a5e2-4967-4597-96e9-f35a5377201d: cophenetic index 99120; 1.9 s; peak memory 697 MiB.
2026-10-09T05:02:16Z INFO [2667/3350] b0c6fe75-2dad-4d54-b188-ff4bdf1ddb84: cophenetic index 99810; 2.9 s; peak memory 697 MiB.
2026-10-09T05:02:23Z INFO [2668/3350] b0c7bb41-16d7-4600-a6c7-d6db303bbafe: cophenetic index 87573; 7.1 s; peak memory 697 MiB.
2026-10-09T05:02:24Z INFO [2669/3350] b0c92e47-f2cd-4949-8639-8f01e68b787d: cophenetic index 579; 0.9 s; peak memory 697 MiB.
2026-10-09T05:02:26Z INFO [2670/3350] b0c98016-d399-4f1b-9f99-3901472188c9: cophenetic index 4042; 2.3 s; peak memory 697 MiB.
2026-10-09T05:02:27Z INFO [2671/3350] b0c9f45d-5a76-46d5-9d1e-f83d1dd38f3a: cophenetic index 490; 0.9 s; peak memory 697 MiB.
2026-10-09T05:02:31Z INFO [2672/3350] b0ca0d70-701a-4d7a-a238-c7bcf03c7c1b: cophenetic index 5473; 3.3 s; peak memory 697 MiB.
2026-10-09T05:02:32Z INFO [2673/3350] b0cab668-f738-4a57-8187-536c2be5b8e8: cophenetic index 649; 1.4 s; peak memory 697 MiB.
2026-10-09T05:02:33Z INFO [2674/3350] b0cad4f3-c896-488f-b451-6542c820aeb7: cophenetic index 23272; 1.3 s; peak memory 697 MiB.
2026-10-09T05:02:34Z INFO [2675/3350] b0cda861-f87f-4644-99bf-2a05fc2f7945: cophenetic index 490; 1.1 s; peak memory 697 MiB.
2026-10-09T05:02:36Z INFO [2676/3350] b0cdaf98-3872-40fe-8cdf-c817313164de: cophenetic index 1087; 1.6 s; peak memory 697 MiB.
2026-10-09T05:02:37Z INFO [2677/3350] b0ce151b-134e-4369-934e-af384709987f: cophenetic index 581; 1.6 s; peak memory 697 MiB.
2026-10-09T05:02:40Z INFO [2678/3350] b0ced09b-74ab-4c28-966d-d3c55a4fa3d6: cophenetic index 2241; 3.0 s; peak memory 697 MiB.
2026-10-09T05:02:42Z INFO [2679/3350] b0cf1a2a-643d-4144-b36a-845b93b51d17: cophenetic index 624; 1.1 s; peak memory 697 MiB.
2026-10-09T05:02:43Z INFO [2680/3350] b0cf7896-4426-494f-8f50-9b995d27356e: cophenetic index 3004; 1.4 s; peak memory 697 MiB.
2026-10-09T05:02:44Z INFO [2681/3350] b0d013e5-132c-45f2-93f3-59737a1a0fc3: cophenetic index 1228; 1.2 s; peak memory 697 MiB.
2026-10-09T05:02:46Z INFO [2682/3350] b0d01dba-28fa-42a3-8ef9-799aaba3141f: cophenetic index 3004; 1.7 s; peak memory 697 MiB.
2026-10-09T05:02:49Z INFO [2683/3350] b0d04113-c50c-4557-898e-0aea8aaaa50c: cophenetic index 5473; 3.6 s; peak memory 697 MiB.
2026-10-09T05:02:51Z INFO [2684/3350] b0d12db5-a16c-4c4f-8087-fbdecead5049: cophenetic index 1751; 1.7 s; peak memory 697 MiB.
2026-10-09T05:02:54Z INFO [2685/3350] b0d17d64-9617-44e0-9846-c0de0cb7769c: cophenetic index 2682; 2.5 s; peak memory 697 MiB.
2026-10-09T05:02:55Z INFO [2686/3350] b0d185c0-1307-47b2-8d68-b7abb16ad4aa: cophenetic index 3004; 1.5 s; peak memory 697 MiB.
2026-10-09T05:02:56Z INFO [2687/3350] b0d18d58-dadb-4901-97e7-14b7744d6c63: cophenetic index 1006; 1.4 s; peak memory 697 MiB.
2026-10-09T05:02:58Z INFO [2688/3350] b0d19c93-4517-424f-9311-1e44f32a113c: cophenetic index 624; 1.2 s; peak memory 697 MiB.
2026-10-09T05:03:00Z INFO [2689/3350] b0d23556-60dc-4cc7-9c83-b1065a58f245: cophenetic index 833; 2.2 s; peak memory 697 MiB.
2026-10-09T05:03:01Z INFO [2690/3350] b0d23c13-63c1-4796-911c-3b817118d10a: cophenetic index 431; 1.4 s; peak memory 697 MiB.
2026-10-09T05:03:03Z INFO [2691/3350] b0d25eec-cc6e-4876-a4d6-9324803c7c85: cophenetic index 2625; 2.0 s; peak memory 697 MiB.
2026-10-09T05:03:05Z INFO [2692/3350] b0d4295b-915f-4db7-9986-88a32d63cdec: cophenetic index 624; 1.3 s; peak memory 697 MiB.
2026-10-09T05:03:15Z INFO [2693/3350] b0d453c4-aa95-48b0-b972-2e7d66f933c2: cophenetic index 16035; 10.3 s; peak memory 697 MiB.
2026-10-09T05:03:16Z INFO [2694/3350] b0d4de3b-0d1c-4391-b054-9959995ffd7f: cophenetic index 767; 1.0 s; peak memory 697 MiB.
2026-10-09T05:03:18Z INFO [2695/3350] b0d4eea0-7cca-4a67-b81a-f6a02df089a4: cophenetic index 99120; 2.0 s; peak memory 697 MiB.
2026-10-09T05:03:19Z INFO [2696/3350] b0d5c0d1-1858-45df-9c74-94c80dce0645: cophenetic index 624; 1.2 s; peak memory 697 MiB.
2026-10-09T05:03:22Z INFO [2697/3350] b0d5ea15-26f4-4f37-a00c-8a392a37d700: cophenetic index 2524; 2.7 s; peak memory 697 MiB.
2026-10-09T05:03:35Z INFO [2698/3350] b0d652b9-a012-4d0e-9754-02568357994d: cophenetic index 595005; 13.1 s; peak memory 697 MiB.
2026-10-09T05:03:36Z INFO [2699/3350] b0d66347-31be-4d2a-b212-4b4f583d7e94: cophenetic index 624; 1.2 s; peak memory 697 MiB.
2026-10-09T05:03:37Z INFO [2700/3350] b0d69a5d-cc1b-4ad3-98d2-586e585b5956: cophenetic index 490; 1.1 s; peak memory 697 MiB.
2026-10-09T05:03:38Z INFO [2700/3350] b0d69a5d-cc1b-4ad3-98d2-586e585b5956: checkpointed 132035 new records.
2026-10-09T05:03:39Z INFO [2701/3350] b0d8ef4a-d5d2-44e5-be42-ae4faefd11e3: cophenetic index 539; 1.2 s; peak memory 697 MiB.
2026-10-09T05:03:42Z INFO [2702/3350] b0d90570-ef5e-4a17-83bd-602f859e81a8: cophenetic index 1255; 3.0 s; peak memory 697 MiB.
2026-10-09T05:03:43Z INFO [2703/3350] b0d90d3e-08de-4829-b7bb-3cf8d0486677: cophenetic index 560; 1.0 s; peak memory 697 MiB.
2026-10-09T05:03:44Z INFO [2704/3350] b0d92c5e-c08a-4ac3-a41f-bc71be1bd774: cophenetic index 624; 1.2 s; peak memory 697 MiB.
2026-10-09T05:03:46Z INFO [2705/3350] b0d9657a-941c-4182-bf96-296c13db4891: cophenetic index 2625; 2.1 s; peak memory 697 MiB.
2026-10-09T05:03:47Z INFO [2706/3350] b0da126c-f024-43a2-ab95-acff8a09f51f: cophenetic index 23364; 1.4 s; peak memory 697 MiB.
2026-10-09T05:03:49Z INFO [2707/3350] b0da2688-ba12-4d04-991b-8f2db65225ad: cophenetic index 466; 1.5 s; peak memory 697 MiB.
2026-10-09T05:03:50Z INFO [2708/3350] b0daba4a-1a04-4895-a864-a50c1e3ae17e: cophenetic index 751; 0.9 s; peak memory 697 MiB.
2026-10-09T05:03:52Z INFO [2709/3350] b0dc9741-560c-47c2-a9cb-fee056bee3dd: cophenetic index 99138; 2.0 s; peak memory 697 MiB.
2026-10-09T05:03:53Z INFO [2710/3350] b0dd193c-ff5d-4cd2-a1c1-6a1b11afea9c: cophenetic index 624; 1.2 s; peak memory 697 MiB.
2026-10-09T05:03:55Z INFO [2711/3350] b0dd34c8-3076-4dd0-ba70-31466d5462ec: cophenetic index 1087; 1.5 s; peak memory 697 MiB.
2026-10-09T05:03:56Z INFO [2712/3350] b0dd5c45-a3fa-4658-9d48-26f36d9c696e: cophenetic index 624; 1.2 s; peak memory 697 MiB.
2026-10-09T05:03:57Z INFO [2713/3350] b0de8d8b-a27c-4269-a9af-c5580adc26bf: cophenetic index 624; 1.2 s; peak memory 697 MiB.
2026-10-09T05:03:59Z INFO [2714/3350] b0df2e2e-72a8-42e0-9022-09ad017495e7: cophenetic index 33986; 1.6 s; peak memory 697 MiB.
2026-10-09T05:04:00Z INFO [2715/3350] b0df4e79-082f-4d3f-8f5a-89928cd47bd6: cophenetic index 490; 1.0 s; peak memory 697 MiB.
2026-10-09T05:04:03Z INFO [2716/3350] b0df784e-db84-439c-99c4-1834c36d0596: cophenetic index 2402; 3.1 s; peak memory 697 MiB.
2026-10-09T05:04:04Z INFO [2717/3350] b0e0ce6e-833f-4b0a-916d-2c6000cced13: cophenetic index 3087; 1.5 s; peak memory 697 MiB.
2026-10-09T05:04:06Z INFO [2718/3350] b0e0da4c-9101-4092-a0af-8dac15d832f0: cophenetic index 949; 1.7 s; peak memory 697 MiB.
2026-10-09T05:04:08Z INFO [2719/3350] b0e10ee6-d7ff-4415-a29f-3bbb0921c2d2: cophenetic index 1255; 2.5 s; peak memory 697 MiB.
2026-10-09T05:04:18Z INFO [2720/3350] b0e12a38-3bb3-4c7a-8c6f-10cf0d6e5fd1: cophenetic index 152018; 9.3 s; peak memory 697 MiB.
2026-10-09T05:04:19Z INFO [2721/3350] b0e15cac-667d-4069-9619-501ed3f06ebe: cophenetic index 624; 1.2 s; peak memory 697 MiB.
2026-10-09T05:04:20Z INFO [2722/3350] b0e2a2d6-7c8a-4d19-82ce-923b8149a303: cophenetic index 624; 1.2 s; peak memory 697 MiB.
2026-10-09T05:04:21Z INFO [2723/3350] b0e2b439-a568-4010-bdc3-710fb7757f8e: cophenetic index 3004; 1.3 s; peak memory 697 MiB.
2026-10-09T05:04:23Z INFO [2724/3350] b0e2d1a8-3c20-4a95-b757-d67e79e99a1b: cophenetic index 722; 1.3 s; peak memory 697 MiB.
2026-10-09T05:04:28Z INFO [2725/3350] b0e33523-812a-4d4e-b3ca-b11c527ab10f: cophenetic index 5473; 5.4 s; peak memory 697 MiB.
2026-10-09T05:04:39Z INFO [2726/3350] b0e3b1d9-2916-4208-a926-b10cf383049f: cophenetic index 21511541; 10.9 s; peak memory 697 MiB.
2026-10-09T05:04:41Z INFO [2727/3350] b0e49432-f0fe-4b75-a97b-22c3f1c9f63f: cophenetic index 624; 1.5 s; peak memory 697 MiB.
2026-10-09T05:04:42Z INFO [2728/3350] b0e5c06f-5726-4336-901b-7c3679cbe01b: cophenetic index 624; 1.3 s; peak memory 697 MiB.
2026-10-09T05:04:43Z INFO [2729/3350] b0e6a39e-3c1d-4853-badf-86e122cc7101: cophenetic index 3004; 1.6 s; peak memory 697 MiB.
2026-10-09T05:04:52Z INFO [2730/3350] b0e7613c-31bb-4140-84ab-4621e4f104a8: cophenetic index 149724; 8.8 s; peak memory 697 MiB.
2026-10-09T05:04:54Z INFO [2731/3350] b0e78c83-b38b-46de-b192-1cbe3dc90d90: cophenetic index 2625; 1.7 s; peak memory 697 MiB.
2026-10-09T05:04:57Z INFO [2732/3350] b0e7e620-1e4d-4fa7-a931-c9f56b6f3d9c: cophenetic index 3269; 2.7 s; peak memory 697 MiB.
2026-10-09T05:04:58Z INFO [2733/3350] b0e884ca-2de9-417b-b105-46c1d2b7cb4c: cophenetic index 624; 1.0 s; peak memory 697 MiB.
2026-10-09T05:04:59Z INFO [2734/3350] b0ea2eaa-d962-469f-af01-c0e68faa65ef: cophenetic index 626; 1.3 s; peak memory 697 MiB.
2026-10-09T05:05:00Z INFO [2735/3350] b0eafafc-821d-4cbe-b824-99bcaf0a8e10: cophenetic index 624; 1.2 s; peak memory 697 MiB.
2026-10-09T05:05:02Z INFO [2736/3350] b0eb0a3b-39aa-4c56-b585-ee42cfb6b350: cophenetic index 3004; 1.6 s; peak memory 697 MiB.
2026-10-09T05:05:03Z INFO [2737/3350] b0eb854f-ef81-40f4-a045-4233f71f9df7: cophenetic index 466; 1.3 s; peak memory 697 MiB.
2026-10-09T05:05:14Z INFO [2738/3350] b0ebae69-fa27-4676-a1f4-b693df77c353: cophenetic index 46693; 10.7 s; peak memory 697 MiB.
2026-10-09T05:05:24Z INFO [2739/3350] b0ec002c-3e95-4096-93a8-b916735c0e6a: cophenetic index 103833; 9.7 s; peak memory 697 MiB.
2026-10-09T05:05:25Z INFO [2740/3350] b0ec7616-0342-40ad-b982-23aded7737f5: cophenetic index 624; 1.2 s; peak memory 697 MiB.
2026-10-09T05:05:26Z INFO [2741/3350] b0ed64da-754e-45be-bcc5-2554e0df1d74: cophenetic index 729; 1.0 s; peak memory 697 MiB.
2026-10-09T05:05:27Z INFO [2742/3350] b0ed8241-b380-445d-8b95-7b4797262780: cophenetic index 431; 1.5 s; peak memory 697 MiB.
2026-10-09T05:05:29Z INFO [2743/3350] b0ef78ad-612d-4893-b750-ffd2c9db06eb: cophenetic index 1949; 1.9 s; peak memory 697 MiB.
2026-10-09T05:06:18Z INFO [2744/3350] b0ef82ae-18b8-4006-86d1-f030615c89ba: cophenetic index 55251482; 48.6 s; peak memory 697 MiB.
2026-10-09T05:06:19Z INFO [2745/3350] b0ef9774-4d27-403b-82fa-14d23d31cd3f: cophenetic index 3087; 1.7 s; peak memory 697 MiB.
2026-10-09T05:06:22Z INFO [2746/3350] b0f0a0bf-18f0-469e-8b2e-279b8d7f8e8b: cophenetic index 2402; 2.8 s; peak memory 697 MiB.
2026-10-09T05:06:24Z INFO [2747/3350] b0f0c3b9-9982-4b41-baef-ea391f0afe96: cophenetic index 33958; 1.5 s; peak memory 697 MiB.
2026-10-09T05:06:27Z INFO [2748/3350] b0f1faf7-d60b-49f9-9a2e-fa5caea29cf7: cophenetic index 42002; 2.8 s; peak memory 697 MiB.
2026-10-09T05:06:33Z INFO [2749/3350] b0f28956-08a9-4d37-95ce-890d3f28cc62: cophenetic index 6218; 6.5 s; peak memory 697 MiB.
2026-10-09T05:06:37Z INFO [2750/3350] b0f31392-a6e9-490c-97b0-7a77233389a3: cophenetic index 5473; 4.1 s; peak memory 697 MiB.
2026-10-09T05:06:37Z INFO [2750/3350] b0f31392-a6e9-490c-97b0-7a77233389a3: checkpointed 132085 new records.
2026-10-09T05:06:46Z INFO [2751/3350] b0f3c5c4-cb3a-40a6-90fa-7c8db4409f75: cophenetic index 121061; 8.9 s; peak memory 697 MiB.
2026-10-09T05:06:48Z INFO [2752/3350] b0f3c6dc-3270-4178-ac99-c7401cd21c5d: cophenetic index 649; 1.4 s; peak memory 697 MiB.
2026-10-09T05:06:49Z INFO [2753/3350] b0f434aa-5d2c-422d-9306-154403b3fea2: cophenetic index 624; 1.2 s; peak memory 697 MiB.
2026-10-09T05:07:00Z INFO [2754/3350] b0f51629-4fc2-4b08-86c5-1c85ffd51aa9: cophenetic index 135750; 11.2 s; peak memory 697 MiB.
2026-10-09T05:07:04Z INFO [2755/3350] b0f6bc18-a84b-4a0a-acac-d2991d135033: cophenetic index 5473; 3.6 s; peak memory 697 MiB.
2026-10-09T05:07:07Z INFO [2756/3350] b0f9656b-f453-48e0-b0d4-afb8aacb5e36: cophenetic index 6490; 3.6 s; peak memory 697 MiB.
2026-10-09T05:07:18Z INFO [2757/3350] b0f999d5-6328-4b3d-bc5b-4f3009ae7b26: cophenetic index 47115; 10.5 s; peak memory 697 MiB.
2026-10-09T05:07:19Z INFO [2758/3350] b0f9bc1e-a7ed-4131-ab3a-9e73b4a7e937: cophenetic index 23425; 1.6 s; peak memory 697 MiB.
2026-10-09T05:07:20Z INFO [2759/3350] b0f9c4a3-0276-4adc-8219-96a93affd420: cophenetic index 431; 1.2 s; peak memory 697 MiB.
2026-10-09T05:07:22Z INFO [2760/3350] b0fa3220-0071-4d6e-82fc-346ba6473e17: cophenetic index 3004; 1.4 s; peak memory 697 MiB.
2026-10-09T05:07:24Z INFO [2761/3350] b0fab54b-a51b-4dda-88c4-4c01aa462142: cophenetic index 41788; 2.7 s; peak memory 697 MiB.
2026-10-09T05:07:26Z INFO [2762/3350] b0fafbc8-2fa6-4af4-afc0-a2b0dd236a4d: cophenetic index 3087; 1.5 s; peak memory 697 MiB.
2026-10-09T05:07:27Z INFO [2763/3350] b0fb918e-101c-4b02-9f65-3180bda9b1e6: cophenetic index 624; 1.1 s; peak memory 697 MiB.
2026-10-09T05:07:28Z INFO [2764/3350] b0fc67c1-9efe-4927-be35-36bcada6cf2f: cophenetic index 490; 1.0 s; peak memory 697 MiB.
2026-10-09T05:07:29Z INFO [2765/3350] b0fe1d06-c726-4c01-9091-2c903167dc75: cophenetic index 624; 1.1 s; peak memory 697 MiB.
2026-10-09T05:07:31Z INFO [2766/3350] b0fe2602-259d-4ad7-b158-2e970d8436c7: cophenetic index 581; 1.5 s; peak memory 697 MiB.
2026-10-09T05:07:33Z INFO [2767/3350] b0fe3793-0c80-48ff-b36e-ccf1ad93500b: cophenetic index 2625; 2.0 s; peak memory 697 MiB.
2026-10-09T05:07:35Z INFO [2768/3350] b0fe4305-56f3-473e-a7b4-a0f7f21e2c8f: cophenetic index 36406; 2.7 s; peak memory 697 MiB.
2026-10-09T05:07:39Z INFO [2769/3350] b0fe63a9-b37a-4b01-ad90-9facf095a93e: cophenetic index 2469; 3.2 s; peak memory 697 MiB.
2026-10-09T05:07:48Z INFO [2770/3350] b0fe86d1-a614-4ad4-a347-b938816e1868: cophenetic index 134035; 9.3 s; peak memory 697 MiB.
2026-10-09T05:07:49Z INFO [2771/3350] b0ff9d45-bf64-4225-82cf-12a98eff93cb: cophenetic index 2625; 1.5 s; peak memory 697 MiB.
2026-10-09T05:07:51Z INFO [2772/3350] b1001d6e-ffd8-4d6e-bb1d-efd4e2167e78: cophenetic index 624; 1.3 s; peak memory 697 MiB.
2026-10-09T05:07:52Z INFO [2773/3350] b10054eb-3d69-485d-90a9-83f03d9fd93d: cophenetic index 690; 0.9 s; peak memory 697 MiB.
2026-10-09T05:07:54Z INFO [2774/3350] b1006b59-84ec-4e6e-ad72-d85345312e2f: cophenetic index 2625; 2.0 s; peak memory 697 MiB.
2026-10-09T05:07:55Z INFO [2775/3350] b10079c1-5e8c-4ed5-b586-5c56a0038a47: cophenetic index 490; 0.9 s; peak memory 697 MiB.
2026-10-09T05:07:56Z INFO [2776/3350] b100826e-32ac-4611-9a41-ebd02a1d5c75: cophenetic index 3087; 1.4 s; peak memory 697 MiB.
2026-10-09T05:07:57Z INFO [2777/3350] b1017393-84db-426e-b3c7-2c49cb9a6ba3: cophenetic index 431; 1.0 s; peak memory 697 MiB.
2026-10-09T05:07:58Z INFO [2778/3350] b101c6e1-2671-45a6-a519-687c6e3cfa18: cophenetic index 624; 1.2 s; peak memory 697 MiB.
2026-10-09T05:08:05Z INFO [2779/3350] b102c65b-40f8-477d-9628-8d946fb8f0ac: cophenetic index 104676; 7.2 s; peak memory 697 MiB.
2026-10-09T05:08:07Z INFO [2780/3350] b102d315-0c8c-45ef-ade4-8ff3a6fa2bf9: cophenetic index 2625; 2.0 s; peak memory 697 MiB.
2026-10-09T05:08:09Z INFO [2781/3350] b105dc60-652d-4af6-a65b-17e44b96df5e: cophenetic index 624; 1.3 s; peak memory 697 MiB.
2026-10-09T05:08:11Z INFO [2782/3350] b106914e-2fd2-4d6a-9f27-8477f86af7f5: cophenetic index 99114; 2.0 s; peak memory 697 MiB.
2026-10-09T05:08:12Z INFO [2783/3350] b106f6b1-7a22-4e56-b888-78d7bab03fdc: cophenetic index 624; 1.2 s; peak memory 697 MiB.
2026-10-09T05:08:13Z INFO [2784/3350] b1072278-22c6-4352-a326-65ead3fe479b: cophenetic index 3215; 1.1 s; peak memory 697 MiB.
2026-10-09T05:08:14Z INFO [2785/3350] b107702b-9c32-425d-86ee-81a143f45ab0: cophenetic index 624; 1.2 s; peak memory 697 MiB.
2026-10-09T05:08:16Z INFO [2786/3350] b107916d-b4cc-468f-9b80-c7ad138f1205: cophenetic index 2625; 2.0 s; peak memory 697 MiB.
2026-10-09T05:08:18Z INFO [2787/3350] b107ee2e-536f-4237-9adc-139c02c64d55: cophenetic index 626; 1.4 s; peak memory 697 MiB.
2026-10-09T05:08:19Z INFO [2788/3350] b10895d1-f209-4f8e-94f8-ed8a6c69d743: cophenetic index 490; 1.2 s; peak memory 697 MiB.
2026-10-09T05:08:20Z INFO [2789/3350] b1089c19-bdb1-4067-9f98-562d8bc8240b: cophenetic index 433; 0.9 s; peak memory 697 MiB.
2026-10-09T05:08:21Z INFO [2790/3350] b108bb37-a040-45c7-8bf8-22794a510b28: cophenetic index 1949; 1.3 s; peak memory 697 MiB.
2026-10-09T05:08:22Z INFO [2791/3350] b109340e-d075-45f4-b023-46c9b629fba2: cophenetic index 624; 1.2 s; peak memory 697 MiB.
2026-10-09T05:08:24Z INFO [2792/3350] b10a3b94-b684-40ab-acbf-7792508bf883: cophenetic index 33968; 2.1 s; peak memory 697 MiB.
2026-10-09T05:08:25Z INFO [2793/3350] b10af585-0f3c-407d-a4f2-af3182baa2c8: cophenetic index 490; 0.9 s; peak memory 697 MiB.
2026-10-09T05:08:28Z INFO [2794/3350] b10b3641-9ff8-4d04-a0f5-24b0c27c04b8: cophenetic index 2391; 2.9 s; peak memory 697 MiB.
2026-10-09T05:08:29Z INFO [2795/3350] b10b9f01-68df-40b0-9ec0-cf7010e76089: cophenetic index 1904; 1.5 s; peak memory 697 MiB.
2026-10-09T05:08:41Z INFO [2796/3350] b10bb4a8-e449-482a-a7ff-a4c0f614ad67: cophenetic index 115544; 11.2 s; peak memory 697 MiB.
2026-10-09T05:08:41Z INFO [2797/3350] b10bd337-ef1b-4e79-9f1b-93031376faa3: cophenetic index 433; 0.8 s; peak memory 697 MiB.
2026-10-09T05:08:43Z INFO [2798/3350] b10bf6ee-895b-42f6-b768-b59d008e6d39: cophenetic index 2570; 1.9 s; peak memory 697 MiB.
2026-10-09T05:08:45Z INFO [2799/3350] b10c1230-27fb-4d7e-9619-e0e65bc500b4: cophenetic index 431; 1.5 s; peak memory 697 MiB.
2026-10-09T05:08:46Z INFO [2800/3350] b10ce20e-6f58-4526-ba91-a4c28acc2c49: cophenetic index 579; 0.9 s; peak memory 697 MiB.
2026-10-09T05:08:46Z INFO [2800/3350] b10ce20e-6f58-4526-ba91-a4c28acc2c49: checkpointed 132135 new records.
2026-10-09T05:08:48Z INFO [2801/3350] b10ce393-8252-47af-85c8-c278b809cbc8: cophenetic index 3087; 1.7 s; peak memory 697 MiB.
2026-10-09T05:08:50Z INFO [2802/3350] b10e52e8-9904-48b2-9cc6-0dbaf0332cb2: cophenetic index 1570; 2.1 s; peak memory 697 MiB.
2026-10-09T05:08:58Z INFO [2803/3350] b10e7a4d-8d83-482f-82bd-ca4f5f91df2c: cophenetic index 139247; 8.1 s; peak memory 697 MiB.
2026-10-09T05:09:00Z INFO [2804/3350] b10e808c-29f4-4dcf-aeab-d070f7a992bb: cophenetic index 420; 1.8 s; peak memory 697 MiB.
2026-10-09T05:09:01Z INFO [2805/3350] b10f317b-6ad8-481a-8f44-2d15a6077751: cophenetic index 2625; 1.5 s; peak memory 697 MiB.
2026-10-09T05:09:03Z INFO [2806/3350] b10f4fa4-70a5-445e-9096-92b590a4c8d6: cophenetic index 33968; 1.9 s; peak memory 697 MiB.
2026-10-09T05:09:05Z INFO [2807/3350] b110483b-bbaf-49f8-b79b-fad56cc24868: cophenetic index 2625; 1.6 s; peak memory 697 MiB.
2026-10-09T05:09:06Z INFO [2808/3350] b1120b03-6563-443f-afa8-4f5730b4fb9a: cophenetic index 3004; 1.5 s; peak memory 697 MiB.
2026-10-09T05:09:08Z INFO [2809/3350] b1122a24-89e8-4b40-aee2-c25336eac646: cophenetic index 23272; 1.6 s; peak memory 697 MiB.
2026-10-09T05:09:09Z INFO [2810/3350] b113d901-68e4-4068-8350-f9741457abce: cophenetic index 6352; 1.5 s; peak memory 697 MiB.
2026-10-09T05:09:20Z INFO [2811/3350] b1150aa8-95f7-4218-ab5d-d3d903148295: cophenetic index 48262; 10.5 s; peak memory 697 MiB.
2026-10-09T05:09:21Z INFO [2812/3350] b1157212-8e14-4320-96ce-559bfa40f625: cophenetic index 3215; 1.5 s; peak memory 697 MiB.
2026-10-09T05:09:22Z INFO [2813/3350] b1158de3-4743-42e4-87ae-aa305158faff: cophenetic index 624; 1.1 s; peak memory 697 MiB.
2026-10-09T05:09:29Z INFO [2814/3350] b116187f-38d1-4d63-b810-326965cd6d15: cophenetic index 43967; 7.0 s; peak memory 697 MiB.
2026-10-09T05:09:38Z INFO [2815/3350] b1164e63-511f-4b2f-a0dd-aa83b8f9d95b: cophenetic index 152415; 8.5 s; peak memory 697 MiB.
2026-10-09T05:09:39Z INFO [2816/3350] b1167599-a219-464b-ad30-527f9f5f19ac: cophenetic index 502; 1.5 s; peak memory 697 MiB.
2026-10-09T05:09:40Z INFO [2817/3350] b11700bc-47c3-418d-8d01-47e5bcb9e6ba: cophenetic index 651; 1.0 s; peak memory 697 MiB.
2026-10-09T05:09:42Z INFO [2818/3350] b117d0d1-1b31-4dc7-a841-46df20985c55: cophenetic index 624; 1.3 s; peak memory 697 MiB.
2026-10-09T05:09:44Z INFO [2819/3350] b1185f86-e5a6-4f1d-b566-b089432b2e3d: cophenetic index 1408; 2.0 s; peak memory 697 MiB.
2026-10-09T05:09:45Z INFO [2820/3350] b1197500-aab0-4098-9bc5-526ed0bb3eac: cophenetic index 2814; 1.4 s; peak memory 697 MiB.
2026-10-09T05:09:46Z INFO [2821/3350] b1198b2b-b96a-44e7-a3ed-0fb1d4242a86: cophenetic index 624; 1.2 s; peak memory 697 MiB.
2026-10-09T05:09:47Z INFO [2822/3350] b119e4c4-ed02-4230-b76f-195cbb8f0468: cophenetic index 624; 1.1 s; peak memory 697 MiB.
2026-10-09T05:09:49Z INFO [2823/3350] b119e75f-dfeb-4a88-ae84-d3ab8e36fda6: cophenetic index 2844; 1.5 s; peak memory 697 MiB.
2026-10-09T05:09:50Z INFO [2824/3350] b11a091d-69a1-405b-89dd-a7cfffa2e07b: cophenetic index 649; 1.3 s; peak memory 697 MiB.
2026-10-09T05:09:52Z INFO [2825/3350] b11a9c29-6e0b-4b83-bb5e-905007eed11c: cophenetic index 33986; 1.7 s; peak memory 697 MiB.
2026-10-09T05:09:53Z INFO [2826/3350] b11aadd6-2da5-4b36-8622-7a083372c3bf: cophenetic index 379; 0.9 s; peak memory 697 MiB.
2026-10-09T05:09:57Z INFO [2827/3350] b11b61fc-9724-42c3-b0ac-1316e91d3607: cophenetic index 16365; 4.8 s; peak memory 697 MiB.
2026-10-09T05:10:00Z INFO [2828/3350] b11bc0cd-a467-4713-83dd-a691648fe3bc: cophenetic index 33998; 2.2 s; peak memory 697 MiB.
2026-10-09T05:10:01Z INFO [2829/3350] b11c019b-973a-4ac7-9f03-fcbb520ceb46: cophenetic index 23388; 1.9 s; peak memory 697 MiB.
2026-10-09T05:10:40Z INFO [2830/3350] b11c4164-02f3-4844-a890-30d9aa829003: cophenetic index 471102; 38.2 s; peak memory 697 MiB.
2026-10-09T05:10:41Z INFO [2831/3350] b11cdf6c-92f8-44cd-9723-6dd5e7fb744a: cophenetic index 3004; 1.6 s; peak memory 697 MiB.
2026-10-09T05:10:58Z INFO [2832/3350] b11d8f70-11ad-48cf-af9f-73bc21f2a459: cophenetic index 30005; 16.5 s; peak memory 697 MiB.
2026-10-09T05:10:59Z INFO [2833/3350] b11e3678-4b4d-4707-871e-6911e01a4f27: cophenetic index 1751; 1.6 s; peak memory 697 MiB.
2026-10-09T05:11:03Z INFO [2834/3350] b11fb279-14e5-408b-89c6-5da1837df3ea: cophenetic index 2402; 3.1 s; peak memory 697 MiB.
2026-10-09T05:11:05Z INFO [2835/3350] b11fc11a-cd5e-4f74-950c-c18fb3c776e6: cophenetic index 613; 2.2 s; peak memory 697 MiB.
2026-10-09T05:11:06Z INFO [2836/3350] b11ff4d4-10c8-4296-aa42-0852e785bbff: cophenetic index 761; 1.2 s; peak memory 697 MiB.
2026-10-09T05:11:08Z INFO [2837/3350] b1203c47-a18c-4274-b2e4-5073ffa65093: cophenetic index 33998; 2.3 s; peak memory 697 MiB.
2026-10-09T05:11:10Z INFO [2838/3350] b120b335-3a1b-46c6-8e86-2d16aee14a34: cophenetic index 1144; 2.2 s; peak memory 697 MiB.
2026-10-09T05:11:12Z INFO [2839/3350] b121aa9a-94f1-4dd0-b87d-201502625e95: cophenetic index 766; 1.9 s; peak memory 697 MiB.
2026-10-09T05:11:14Z INFO [2840/3350] b1223115-44e9-4d01-ab38-f9e72bc6b550: cophenetic index 2570; 1.9 s; peak memory 697 MiB.
2026-10-09T05:11:15Z INFO [2841/3350] b1233df9-3d8f-4aa9-b81c-055bda961123: cophenetic index 690; 1.0 s; peak memory 697 MiB.
2026-10-09T05:11:17Z INFO [2842/3350] b1235580-843e-4d9a-89c0-5bae857f1df7: cophenetic index 2625; 1.6 s; peak memory 697 MiB.
2026-10-09T05:11:18Z INFO [2843/3350] b123c3bf-1d9c-4a72-970e-df9a53ba4711: cophenetic index 624; 1.2 s; peak memory 697 MiB.
2026-10-09T05:11:21Z INFO [2844/3350] b123f2b6-f667-41c7-a152-4bf2a64b070b: cophenetic index 3483; 2.9 s; peak memory 697 MiB.
2026-10-09T05:11:23Z INFO [2845/3350] b1241162-866f-4f5f-b6de-21b6272f4b47: cophenetic index 2625; 1.6 s; peak memory 697 MiB.
2026-10-09T05:11:24Z INFO [2846/3350] b1247245-46f5-4c63-97a9-0b12710c9209: cophenetic index 1949; 1.2 s; peak memory 697 MiB.
2026-10-09T05:11:25Z INFO [2847/3350] b126cfd2-6a67-4ffd-88a8-6fd0e41801c6: cophenetic index 624; 1.4 s; peak memory 697 MiB.
2026-10-09T05:11:32Z INFO [2848/3350] b1271bc8-cf1b-45a1-9c86-ce7aa857fe2e: cophenetic index 33285; 6.9 s; peak memory 697 MiB.
2026-10-09T05:11:33Z INFO [2849/3350] b1274c42-9d4a-4ad3-ad1f-20c02ddb6392: cophenetic index 158; 1.0 s; peak memory 697 MiB.
2026-10-09T05:11:35Z INFO [2850/3350] b1276703-b788-4df6-86e8-1173b563824b: cophenetic index 3004; 1.5 s; peak memory 697 MiB.
2026-10-09T05:11:35Z INFO [2850/3350] b1276703-b788-4df6-86e8-1173b563824b: checkpointed 132185 new records.
2026-10-09T05:11:42Z INFO [2851/3350] b127ba23-31a1-44c0-8e43-58f830f0dce6: cophenetic index 14389; 7.7 s; peak memory 697 MiB.
2026-10-09T05:11:46Z INFO [2852/3350] b1292876-a56e-40d5-984e-1b09fef0f198: cophenetic index 2469; 3.3 s; peak memory 697 MiB.
2026-10-09T05:11:47Z INFO [2853/3350] b12979d7-ad88-44f8-97f3-f43193989571: cophenetic index 635; 0.8 s; peak memory 697 MiB.
2026-10-09T05:11:48Z INFO [2854/3350] b1299285-bb92-41ad-92ef-7ce012947e38: cophenetic index 3004; 1.6 s; peak memory 697 MiB.
2026-10-09T05:11:50Z INFO [2855/3350] b12a4756-5742-431b-9bcd-1eea307e680a: cophenetic index 3004; 1.4 s; peak memory 697 MiB.
2026-10-09T05:11:51Z INFO [2856/3350] b12a61a2-bf52-40f2-bc64-1021804220c4: cophenetic index 624; 1.3 s; peak memory 697 MiB.
2026-10-09T05:11:53Z INFO [2857/3350] b12a8548-f762-4923-b3df-ea37cf4961ef: cophenetic index 1614; 1.5 s; peak memory 697 MiB.
2026-10-09T05:11:54Z INFO [2858/3350] b12b03e5-4f0d-471b-8ae1-5e77d670bea4: cophenetic index 3004; 1.3 s; peak memory 697 MiB.
2026-10-09T05:11:55Z INFO [2859/3350] b12b5b76-59bc-4dc5-9fdb-850f56049245: cophenetic index 624; 1.2 s; peak memory 697 MiB.
2026-10-09T05:12:08Z INFO [2860/3350] b12b95f3-797e-43bf-8bb2-bceb462000ea: cophenetic index 40379; 12.9 s; peak memory 697 MiB.
2026-10-09T05:12:11Z INFO [2861/3350] b12baf38-caa2-4ae1-b7f7-fe098ab4ead4: cophenetic index 1179; 2.7 s; peak memory 697 MiB.
2026-10-09T05:12:12Z INFO [2862/3350] b12bf176-410e-4de9-bc94-580af0396fc9: cophenetic index 1558; 1.3 s; peak memory 697 MiB.
2026-10-09T05:12:13Z INFO [2863/3350] b12c3516-0c97-484d-bc21-b680e9d40704: cophenetic index 624; 1.3 s; peak memory 697 MiB.
2026-10-09T05:12:14Z INFO [2864/3350] b12c3b70-c5fa-4893-814c-b740f168aa25: cophenetic index 624; 1.2 s; peak memory 697 MiB.
2026-10-09T05:12:16Z INFO [2865/3350] b12c59f0-3f57-4f6a-bf68-c51be4998811: cophenetic index 26986; 1.8 s; peak memory 697 MiB.
2026-10-09T05:12:18Z INFO [2866/3350] b12cc529-0126-4608-98d4-76a50137de35: cophenetic index 624; 1.2 s; peak memory 697 MiB.
2026-10-09T05:12:19Z INFO [2867/3350] b12d8235-fa28-40e6-a643-07f6f08ab5ea: cophenetic index 2570; 1.5 s; peak memory 697 MiB.
2026-10-09T05:12:21Z INFO [2868/3350] b12dad91-e070-42ea-802d-f7ca9ecee6b2: cophenetic index 33962; 1.7 s; peak memory 697 MiB.
2026-10-09T05:12:22Z INFO [2869/3350] b12e22f1-de20-4a58-9619-a768b00e388d: cophenetic index 624; 1.2 s; peak memory 697 MiB.
2026-10-09T05:12:24Z INFO [2870/3350] b12e38d9-2a98-4916-80c6-f60befffea29: cophenetic index 33998; 2.1 s; peak memory 697 MiB.
2026-10-09T05:12:45Z INFO [2871/3350] b12e59d5-83a3-4658-ac47-88deaae3b66e: cophenetic index 42708; 20.8 s; peak memory 697 MiB.
2026-10-09T05:12:46Z INFO [2872/3350] b12e80bd-13ed-47d6-bfbf-490624b337a3: cophenetic index 605; 1.4 s; peak memory 697 MiB.
2026-10-09T05:12:48Z INFO [2873/3350] b12ecd9c-41ba-4344-b6b9-6b80b0610ae6: cophenetic index 2354; 1.4 s; peak memory 697 MiB.
2026-10-09T05:12:49Z INFO [2874/3350] b12f6073-29e0-4354-aca7-67f9b719c749: cophenetic index 624; 1.3 s; peak memory 697 MiB.
2026-10-09T05:12:50Z INFO [2875/3350] b12feca4-69fa-43b3-a4ba-58ce13c332d2: cophenetic index 624; 1.0 s; peak memory 697 MiB.
2026-10-09T05:12:51Z INFO [2876/3350] b1302bdb-c01d-4d47-b72f-70e24db95c75: cophenetic index 624; 1.1 s; peak memory 697 MiB.
2026-10-09T05:12:52Z INFO [2877/3350] b1308cfc-4474-4107-b9a6-91b700ee2d70: cophenetic index 441; 1.2 s; peak memory 697 MiB.
2026-10-09T05:12:54Z INFO [2878/3350] b131a96e-40fe-41dd-9f9b-97d25eb06764: cophenetic index 850; 1.7 s; peak memory 697 MiB.
2026-10-09T05:12:55Z INFO [2879/3350] b131ba85-6cdb-47d1-90f4-f279028cdf3a: cophenetic index 624; 1.3 s; peak memory 697 MiB.
2026-10-09T05:13:01Z INFO [2880/3350] b131fb09-0f59-40cc-8cbb-309c44bae488: cophenetic index 2333; 5.7 s; peak memory 697 MiB.
2026-10-09T05:13:03Z INFO [2881/3350] b132b87f-f3be-4f33-b736-8b47913cc123: cophenetic index 959; 2.4 s; peak memory 697 MiB.
2026-10-09T05:13:04Z INFO [2882/3350] b132e15c-251a-40b3-a044-335bf793e44d: cophenetic index 579; 0.9 s; peak memory 697 MiB.
2026-10-09T05:13:05Z INFO [2883/3350] b132fbee-e1d8-40a7-8dcf-91c427a6dd06: cophenetic index 729; 1.0 s; peak memory 697 MiB.
2026-10-09T05:13:06Z INFO [2884/3350] b1339c70-e3b5-476b-aed2-817b49084359: cophenetic index 490; 0.9 s; peak memory 697 MiB.
2026-10-09T05:13:09Z INFO [2885/3350] b13406bf-a011-4e1c-ad44-d7563de9d67c: cophenetic index 5473; 3.4 s; peak memory 697 MiB.
2026-10-09T05:13:10Z INFO [2886/3350] b1352860-702a-44a7-9f00-10960f45f280: cophenetic index 729; 0.8 s; peak memory 697 MiB.
2026-10-09T05:13:11Z INFO [2887/3350] b1352fa7-e740-46a0-945d-023b8bb6ea38: cophenetic index 581; 1.1 s; peak memory 697 MiB.
2026-10-09T05:13:13Z INFO [2888/3350] b1357472-4391-4bba-b5d1-94cd2632ae21: cophenetic index 718; 1.6 s; peak memory 697 MiB.
2026-10-09T05:13:14Z INFO [2889/3350] b136ae6f-96e9-4e60-a96c-f1e8bf392e9b: cophenetic index 624; 1.0 s; peak memory 697 MiB.
2026-10-09T05:13:15Z INFO [2890/3350] b1372ef0-e5fc-4221-8953-23799acf5293: cophenetic index 1190; 1.2 s; peak memory 697 MiB.
2026-10-09T05:13:17Z INFO [2891/3350] b137a888-3474-46c0-8757-77d80c8c4145: cophenetic index 605; 1.4 s; peak memory 697 MiB.
2026-10-09T05:13:18Z INFO [2892/3350] b137ba8a-0a6f-4604-a204-1180c1b2000c: cophenetic index 447; 1.1 s; peak memory 697 MiB.
2026-10-09T05:13:19Z INFO [2893/3350] b137ec64-e0d8-46f8-ac3e-96e07b5607b5: cophenetic index 401; 0.9 s; peak memory 697 MiB.
2026-10-09T05:13:20Z INFO [2894/3350] b138341a-1d3d-44c2-bf23-503451dc23ee: cophenetic index 490; 0.9 s; peak memory 697 MiB.
2026-10-09T05:13:21Z INFO [2895/3350] b139359d-88dd-4569-aafa-6036e49251ae: cophenetic index 624; 1.0 s; peak memory 697 MiB.
2026-10-09T05:13:23Z INFO [2896/3350] b139bd0c-3e3c-49f3-9922-7e691efe8c61: cophenetic index 809; 2.3 s; peak memory 697 MiB.
2026-10-09T05:13:25Z INFO [2897/3350] b139c63e-d30a-4bac-beb3-896b754a5198: cophenetic index 33998; 2.0 s; peak memory 697 MiB.
2026-10-09T05:13:26Z INFO [2898/3350] b13a3e92-b66c-40c8-a92f-205889bbc8d0: cophenetic index 952; 1.2 s; peak memory 697 MiB.
2026-10-09T05:13:28Z INFO [2899/3350] b13a9c4e-64b6-4cad-a89f-f205ee22f213: cophenetic index 3057; 1.4 s; peak memory 697 MiB.
2026-10-09T05:13:30Z INFO [2900/3350] b13b9deb-fa0d-4804-8685-980a031f35b8: cophenetic index 33998; 2.1 s; peak memory 697 MiB.
2026-10-09T05:13:30Z INFO [2900/3350] b13b9deb-fa0d-4804-8685-980a031f35b8: checkpointed 132235 new records.
2026-10-09T05:13:37Z INFO [2901/3350] b13bef8f-ba05-4f62-84b1-f30605760a9c: cophenetic index 33285; 7.1 s; peak memory 697 MiB.
2026-10-09T05:13:38Z INFO [2902/3350] b13c8165-2936-4b3b-aebb-dda47c1ba8cd: cophenetic index 431; 1.0 s; peak memory 697 MiB.
2026-10-09T05:13:40Z INFO [2903/3350] b13cee9c-ec02-41ad-b5c9-bff069d1f3d7: cophenetic index 2625; 1.8 s; peak memory 697 MiB.
2026-10-09T05:13:41Z INFO [2904/3350] b13d0f9f-93e9-4dd9-8438-33424f5434ea: cophenetic index 3057; 1.5 s; peak memory 697 MiB.
2026-10-09T05:13:42Z INFO [2905/3350] b13da47a-e1e7-4e93-8398-9704dd420a4f: cophenetic index 490; 0.9 s; peak memory 697 MiB.
2026-10-09T05:13:44Z INFO [2906/3350] b13e42a8-811a-49ab-bfa5-0b707cfc9129: cophenetic index 1082; 1.4 s; peak memory 697 MiB.
2026-10-09T05:13:46Z INFO [2907/3350] b13f9375-19b2-44fb-a946-a2026cf2c9c1: cophenetic index 1978; 2.2 s; peak memory 697 MiB.
2026-10-09T05:13:47Z INFO [2908/3350] b13fdd4b-9526-42d6-acfc-47b69c200b6f: cophenetic index 3087; 1.6 s; peak memory 697 MiB.
2026-10-09T05:13:49Z INFO [2909/3350] b14039a4-e3dd-4275-814b-ee629bbc5c3a: cophenetic index 2625; 1.5 s; peak memory 697 MiB.
2026-10-09T05:13:50Z INFO [2910/3350] b140767b-a46b-4a33-8c52-43fb5adeff45: cophenetic index 3057; 1.5 s; peak memory 697 MiB.
2026-10-09T05:13:51Z INFO [2911/3350] b14164eb-c823-4a04-a1c7-3d0b457b3056: cophenetic index 560; 1.1 s; peak memory 697 MiB.
2026-10-09T05:13:53Z INFO [2912/3350] b141adb9-0d94-48b6-880e-c87b312874d3: cophenetic index 907; 1.1 s; peak memory 697 MiB.
2026-10-09T05:13:54Z INFO [2913/3350] b14221c8-3dac-4fa4-91a3-8f1b3ba03d23: cophenetic index 3087; 1.6 s; peak memory 697 MiB.
2026-10-09T05:13:55Z INFO [2914/3350] b14274da-f02a-41af-926b-a98c8ae98bda: cophenetic index 624; 1.1 s; peak memory 697 MiB.
2026-10-09T05:13:58Z INFO [2915/3350] b142b478-81f7-4da6-b9fe-a4cda2783c17: cophenetic index 940; 2.8 s; peak memory 697 MiB.
2026-10-09T05:14:01Z INFO [2916/3350] b143dab3-417a-47e5-9729-9e1093f9adf4: cophenetic index 33998; 2.5 s; peak memory 697 MiB.
2026-10-09T05:14:18Z INFO [2917/3350] b1448d79-6680-4560-b230-6a61d8add0d5: cophenetic index 815551; 17.0 s; peak memory 697 MiB.
2026-10-09T05:14:19Z INFO [2918/3350] b1449a21-2dab-446d-b376-a1de5e717b87: cophenetic index 33998; 1.8 s; peak memory 697 MiB.
2026-10-09T05:14:22Z INFO [2919/3350] b14511db-1737-48d6-8f66-6835b185bab6: cophenetic index 2570; 2.2 s; peak memory 697 MiB.
2026-10-09T05:14:23Z INFO [2920/3350] b145231e-da85-463e-81df-9fdf6fd23385: cophenetic index 581; 1.2 s; peak memory 697 MiB.
2026-10-09T05:14:24Z INFO [2921/3350] b1454869-dc91-459c-bb55-be85ac237a72: cophenetic index 624; 1.2 s; peak memory 697 MiB.
2026-10-09T05:14:26Z INFO [2922/3350] b1472629-d9fc-4663-b2d6-02bd22d817a9: cophenetic index 2625; 1.5 s; peak memory 697 MiB.
2026-10-09T05:14:27Z INFO [2923/3350] b1483385-4b52-4ae7-8a16-f9ea678f3c50: cophenetic index 3004; 1.7 s; peak memory 697 MiB.
2026-10-09T05:14:28Z INFO [2924/3350] b14879c4-04fe-416f-b36d-b0c7aeee8bfe: cophenetic index 624; 1.1 s; peak memory 697 MiB.
2026-10-09T05:14:30Z INFO [2925/3350] b1490148-f084-475c-9ca6-e3dd3fbf6b06: cophenetic index 624; 1.3 s; peak memory 697 MiB.
2026-10-09T05:14:31Z INFO [2926/3350] b1491d26-424b-4cf8-9725-8c3241314818: cophenetic index 2701; 1.7 s; peak memory 697 MiB.
2026-10-09T05:14:33Z INFO [2927/3350] b1499462-363f-41f3-9820-0bcc28f0bcfb: cophenetic index 33962; 1.7 s; peak memory 697 MiB.
2026-10-09T05:14:34Z INFO [2928/3350] b149a841-b098-4c66-85f5-3a703abb4089: cophenetic index 3087; 1.3 s; peak memory 697 MiB.
2026-10-09T05:14:37Z INFO [2929/3350] b14a6c0e-5ab5-44b4-a645-67c909d980ca: cophenetic index 949; 2.2 s; peak memory 697 MiB.
2026-10-09T05:14:38Z INFO [2930/3350] b14aeac6-e2c1-44d8-afec-cb36f6605d18: cophenetic index 624; 1.1 s; peak memory 697 MiB.
2026-10-09T05:14:39Z INFO [2931/3350] b14ba0ff-57e6-41f7-af68-c35e004ac863: cophenetic index 2625; 1.4 s; peak memory 697 MiB.
2026-10-09T05:15:16Z INFO [2932/3350] b14be854-b680-4434-9fe3-bfcd007053c0: cophenetic index 14535328; 37.2 s; peak memory 697 MiB.
2026-10-09T05:15:17Z INFO [2933/3350] b14c1574-7e6e-49c3-9b67-ca7b7f2932d8: cophenetic index 432; 1.2 s; peak memory 697 MiB.
2026-10-09T05:15:19Z INFO [2934/3350] b14c354f-c6f4-4a4f-8623-f6027fac06a6: cophenetic index 2625; 1.8 s; peak memory 697 MiB.
2026-10-09T05:15:21Z INFO [2935/3350] b14cd829-d569-49e8-ba97-8caad5219e95: cophenetic index 3004; 1.5 s; peak memory 697 MiB.
2026-10-09T05:15:23Z INFO [2936/3350] b14d0035-fbcd-48e2-9f0e-3bf34dcc0c0b: cophenetic index 2625; 2.0 s; peak memory 697 MiB.
2026-10-09T05:15:25Z INFO [2937/3350] b14d60c6-8459-4247-8256-1bde58b29448: cophenetic index 593; 1.7 s; peak memory 697 MiB.
2026-10-09T05:15:29Z INFO [2938/3350] b14dda2c-f876-4c6b-ac85-e5ce3c5d32e8: cophenetic index 4797; 4.8 s; peak memory 697 MiB.
2026-10-09T05:15:31Z INFO [2939/3350] b14deba9-871c-49cc-9a12-dc47986bb26e: cophenetic index 2974; 1.3 s; peak memory 697 MiB.
2026-10-09T05:15:32Z INFO [2940/3350] b14df1c5-d1ca-46aa-9c42-6dd6c41fe5dc: cophenetic index 2776; 1.4 s; peak memory 697 MiB.
2026-10-09T05:15:48Z INFO [2941/3350] b14dfd10-2da3-4d2c-aef9-337544df5f49: cophenetic index 99080; 16.5 s; peak memory 697 MiB.
2026-10-09T05:15:50Z INFO [2942/3350] b14e4271-d6d9-4b89-ad9b-60bbc924e41b: cophenetic index 766; 1.6 s; peak memory 697 MiB.
2026-10-09T05:15:59Z INFO [2943/3350] b14ef2ca-4c65-47a6-b5b9-78ca8fc46b3d: cophenetic index 208735; 8.6 s; peak memory 697 MiB.
2026-10-09T05:16:00Z INFO [2944/3350] b14f1802-e766-4086-82ea-8e7cdf60dea4: cophenetic index 2012; 1.1 s; peak memory 697 MiB.
2026-10-09T05:16:01Z INFO [2945/3350] b14f1a3d-fb2b-4d6c-9564-703139c73b27: cophenetic index 624; 1.1 s; peak memory 697 MiB.
2026-10-09T05:16:02Z INFO [2946/3350] b14fe653-e8c6-4388-af7b-6e3fd9c131d2: cophenetic index 624; 1.2 s; peak memory 697 MiB.
2026-10-09T05:16:19Z INFO [2947/3350] b15050a9-e4b8-4dff-a124-38c635054f91: cophenetic index 854601; 17.3 s; peak memory 697 MiB.
2026-10-09T05:16:21Z INFO [2948/3350] b150b6d3-910c-4740-b63d-187950d32de2: cophenetic index 624; 1.1 s; peak memory 697 MiB.
2026-10-09T05:16:23Z INFO [2949/3350] b151b858-262b-4ace-a6b3-47c34bd58e07: cophenetic index 34658; 2.9 s; peak memory 697 MiB.
2026-10-09T05:16:25Z INFO [2950/3350] b151d694-963d-4ced-a840-afaf89aa5ac8: cophenetic index 624; 1.2 s; peak memory 697 MiB.
2026-10-09T05:16:25Z INFO [2950/3350] b151d694-963d-4ced-a840-afaf89aa5ac8: checkpointed 132285 new records.
2026-10-09T05:16:26Z INFO [2951/3350] b1527e79-b6b5-4db0-b7f8-444d70eb28b4: cophenetic index 624; 1.2 s; peak memory 697 MiB.
2026-10-09T05:16:39Z INFO [2952/3350] b152f315-e171-494d-a50a-990d985382ba: cophenetic index 866296; 13.2 s; peak memory 697 MiB.
2026-10-09T05:16:41Z INFO [2953/3350] b153b08c-a480-4626-b8ad-c373efc00619: cophenetic index 2974; 1.6 s; peak memory 697 MiB.
2026-10-09T05:16:42Z INFO [2954/3350] b153dc9d-5cf6-44c3-ad3d-ffc19818f606: cophenetic index 3087; 1.4 s; peak memory 697 MiB.
2026-10-09T05:16:44Z INFO [2955/3350] b155c539-5c6a-416e-a9d7-a60f60f162ac: cophenetic index 3004; 1.5 s; peak memory 697 MiB.
2026-10-09T05:16:45Z INFO [2956/3350] b1562f07-2831-4aa7-9ac8-fbc920fca749: cophenetic index 1006; 1.6 s; peak memory 697 MiB.
2026-10-09T05:16:47Z INFO [2957/3350] b1564e01-a1b6-475a-a1a2-3f68a1024615: cophenetic index 2625; 1.6 s; peak memory 697 MiB.
2026-10-09T05:16:50Z INFO [2958/3350] b156d67a-1a0d-405d-a4e9-4b05d25ee378: cophenetic index 4677; 3.3 s; peak memory 697 MiB.
2026-10-09T05:16:52Z INFO [2959/3350] b1578c23-bb8b-4bc6-ab35-1772bd1a8c06: cophenetic index 766; 1.5 s; peak memory 697 MiB.
2026-10-09T05:16:53Z INFO [2960/3350] b1583185-ec66-47c8-8653-89c99e05abaa: cophenetic index 2974; 1.5 s; peak memory 697 MiB.
2026-10-09T05:17:06Z INFO [2961/3350] b1583c3e-8b19-4eba-a56e-845ad05d0820: cophenetic index 220759; 13.3 s; peak memory 697 MiB.
2026-10-09T05:17:08Z INFO [2962/3350] b15845f6-3d6a-4d69-9f88-ced72715d7bf: cophenetic index 42542; 1.9 s; peak memory 697 MiB.
2026-10-09T05:17:10Z INFO [2963/3350] b1589fba-bb72-402b-9d08-5fa292bff347: cophenetic index 624; 1.2 s; peak memory 697 MiB.
2026-10-09T05:17:20Z INFO [2964/3350] b158bbad-6f25-4914-8bad-25b705b173d4: cophenetic index 87707; 10.7 s; peak memory 697 MiB.
2026-10-09T05:17:22Z INFO [2965/3350] b1595f10-4a50-4973-86d8-8dee5f297e9e: cophenetic index 3057; 1.4 s; peak memory 697 MiB.
2026-10-09T05:17:27Z INFO [2966/3350] b1599e34-db62-45f6-b4e7-6765125284b4: cophenetic index 35133; 5.1 s; peak memory 697 MiB.
2026-10-09T05:17:30Z INFO [2967/3350] b15a74a8-8086-4336-bdab-abd72aafafe6: cophenetic index 2402; 2.7 s; peak memory 697 MiB.
2026-10-09T05:17:33Z INFO [2968/3350] b15b2ec2-9521-4343-9976-a9dfbd48dcc4: cophenetic index 2391; 3.3 s; peak memory 697 MiB.
2026-10-09T05:17:36Z INFO [2969/3350] b15b2f98-2e14-466c-ab0a-d7c2f1476ba7: cophenetic index 2402; 2.6 s; peak memory 697 MiB.
2026-10-09T05:17:37Z INFO [2970/3350] b15b6da8-80d2-4da8-9e29-c1dc15d230ab: cophenetic index 1470; 1.2 s; peak memory 697 MiB.
2026-10-09T05:17:38Z INFO [2971/3350] b15e05cb-d108-4fb8-bace-c92fcfd924bb: cophenetic index 1470; 1.4 s; peak memory 697 MiB.
2026-10-09T05:17:39Z INFO [2972/3350] b15ed825-1286-412f-a58f-d98212bb0c67: cophenetic index 490; 0.9 s; peak memory 697 MiB.
2026-10-09T05:17:42Z INFO [2973/3350] b15f0009-e7c0-4a9c-a2b8-9e168627ae18: cophenetic index 2402; 3.2 s; peak memory 697 MiB.
2026-10-09T05:17:44Z INFO [2974/3350] b160cbcf-471b-4011-90d4-25a49f55874f: cophenetic index 41788; 1.6 s; peak memory 697 MiB.
2026-10-09T05:17:45Z INFO [2975/3350] b161a4a5-18bf-443b-90cb-b01b2039f9e5: cophenetic index 624; 1.1 s; peak memory 697 MiB.
2026-10-09T05:17:46Z INFO [2976/3350] b162f063-3ba8-4c4e-8e6e-779f302a886d: cophenetic index 3087; 1.2 s; peak memory 697 MiB.
2026-10-09T05:17:48Z INFO [2977/3350] b1633d72-b785-40f1-b923-946c8ba47056: cophenetic index 33968; 1.6 s; peak memory 697 MiB.
2026-10-09T05:17:49Z INFO [2978/3350] b16391c8-a4ee-47fa-9d5b-233c96a1d8a6: cophenetic index 1228; 1.1 s; peak memory 697 MiB.
2026-10-09T05:17:51Z INFO [2979/3350] b16450c5-6217-4dac-9a3c-20874b0e1903: cophenetic index 33998; 1.9 s; peak memory 697 MiB.
2026-10-09T05:17:54Z INFO [2980/3350] b1648135-40a5-4c60-9b07-df9183abd3c3: cophenetic index 2391; 2.8 s; peak memory 697 MiB.
2026-10-09T05:17:55Z INFO [2981/3350] b164abcd-2273-4d10-ac1c-cf11a2fd7b7c: cophenetic index 2322; 1.5 s; peak memory 697 MiB.
2026-10-09T05:17:56Z INFO [2982/3350] b165b4aa-219d-4f15-821e-f9952cfae0dd: cophenetic index 624; 1.2 s; peak memory 697 MiB.
2026-10-09T05:17:58Z INFO [2983/3350] b165b5e3-e215-43f0-adcb-e219efb8bd70: cophenetic index 3087; 1.5 s; peak memory 697 MiB.
2026-10-09T05:18:00Z INFO [2984/3350] b1669630-8001-4207-b889-1e12f8757bb7: cophenetic index 777; 2.2 s; peak memory 697 MiB.
2026-10-09T05:18:02Z INFO [2985/3350] b1669fa3-f6f6-4230-a258-3ef6e9ec7e30: cophenetic index 1751; 1.9 s; peak memory 697 MiB.
2026-10-09T05:18:04Z INFO [2986/3350] b167e401-6259-48d9-857a-3216699584a7: cophenetic index 3004; 1.4 s; peak memory 697 MiB.
2026-10-09T05:18:05Z INFO [2987/3350] b1683653-1a39-4c7a-b7a3-c068caea2a85: cophenetic index 99150; 2.0 s; peak memory 697 MiB.
2026-10-09T05:18:07Z INFO [2988/3350] b1684dc8-d22f-4814-a679-38e82f9ef452: cophenetic index 605; 1.5 s; peak memory 697 MiB.
2026-10-09T05:18:08Z INFO [2989/3350] b16894bd-1745-4d09-9f71-9d850022f30c: cophenetic index 624; 1.1 s; peak memory 697 MiB.
2026-10-09T05:18:11Z INFO [2990/3350] b16895eb-59c2-4561-ab9c-673eb18daf0d: cophenetic index 34138; 2.5 s; peak memory 697 MiB.
2026-10-09T05:18:12Z INFO [2991/3350] b168d73c-c477-414e-9b4e-413025cb3c47: cophenetic index 1087; 1.7 s; peak memory 697 MiB.
2026-10-09T05:18:18Z INFO [2992/3350] b168d85e-bb02-4e8e-a20d-ffb58e8d0512: cophenetic index 40166; 5.4 s; peak memory 697 MiB.
2026-10-09T05:18:19Z INFO [2993/3350] b168db62-0aef-4519-8163-3aca84044295: cophenetic index 624; 1.1 s; peak memory 697 MiB.
2026-10-09T05:18:21Z INFO [2994/3350] b169dd1d-025f-4477-b913-e4d6ff03f516: cophenetic index 33962; 1.8 s; peak memory 697 MiB.
2026-10-09T05:18:22Z INFO [2995/3350] b16a73a9-db63-497e-be94-f0cdcaa54221: cophenetic index 649; 1.3 s; peak memory 697 MiB.
2026-10-09T05:18:25Z INFO [2996/3350] b16b2785-c337-42b5-94c9-a4332071b76a: cophenetic index 2069; 2.7 s; peak memory 697 MiB.
2026-10-09T05:18:27Z INFO [2997/3350] b16b472a-5a14-441d-8939-cb7935b7ea99: cophenetic index 33998; 2.1 s; peak memory 697 MiB.
2026-10-09T05:18:29Z INFO [2998/3350] b16b8898-299d-488c-965a-2f202ad48233: cophenetic index 515; 2.0 s; peak memory 697 MiB.
2026-10-09T05:18:32Z INFO [2999/3350] b16c60c6-c1d0-44b3-b503-6f542e5dfdee: cophenetic index 2682; 3.1 s; peak memory 697 MiB.
2026-10-09T05:18:33Z INFO [3000/3350] b16d3134-ae7f-4655-93d8-546199ea82e6: cophenetic index 490; 0.8 s; peak memory 697 MiB.
2026-10-09T05:18:33Z INFO [3000/3350] b16d3134-ae7f-4655-93d8-546199ea82e6: checkpointed 132335 new records.
2026-10-09T05:18:34Z INFO [3001/3350] b16e1d0c-f0dd-4c95-9714-fc0d12a112ee: cophenetic index 2625; 1.6 s; peak memory 697 MiB.
2026-10-09T05:18:36Z INFO [3002/3350] b16e2cd5-99d4-41c9-905c-63f34bb87658: cophenetic index 649; 1.2 s; peak memory 697 MiB.
2026-10-09T05:18:41Z INFO [3003/3350] b16f2893-bbd6-488a-a6e7-dc1277a74be3: cophenetic index 9548; 5.6 s; peak memory 697 MiB.
2026-10-09T05:18:43Z INFO [3004/3350] b16f2b84-19bb-4919-a59e-83f8843bbfac: cophenetic index 385; 1.4 s; peak memory 697 MiB.
2026-10-09T05:18:53Z INFO [3005/3350] b16f7abb-d279-4a78-b8ad-e42e6407ed5d: cophenetic index 47115; 10.0 s; peak memory 697 MiB.
2026-10-09T05:18:54Z INFO [3006/3350] b16ff20b-4e11-40c1-aeeb-aa4befd176f4: cophenetic index 560; 1.0 s; peak memory 697 MiB.
2026-10-09T05:19:01Z INFO [3007/3350] b1701323-6cfa-47fb-a490-4da5fce22c42: cophenetic index 33285; 7.2 s; peak memory 697 MiB.
2026-10-09T05:19:02Z INFO [3008/3350] b170ce4b-8c43-4989-9631-399b35fdb0af: cophenetic index 3447; 1.4 s; peak memory 697 MiB.
2026-10-09T05:19:04Z INFO [3009/3350] b1714526-4314-4be3-a1b1-7015652d61b0: cophenetic index 649; 1.3 s; peak memory 697 MiB.
2026-10-09T05:19:05Z INFO [3010/3350] b171ab30-721e-4dfa-bc99-52232255c8b5: cophenetic index 718; 1.4 s; peak memory 697 MiB.
2026-10-09T05:19:06Z INFO [3011/3350] b1728b69-218f-49ff-95a8-dc2f5dd9f2e4: cophenetic index 1781; 1.3 s; peak memory 697 MiB.
2026-10-09T05:19:08Z INFO [3012/3350] b173df65-9a17-422d-b4ac-aa99d66ae365: cophenetic index 3004; 1.3 s; peak memory 697 MiB.
2026-10-09T05:19:09Z INFO [3013/3350] b173e00f-3d44-4987-9081-80fe40c166e3: cophenetic index 579; 1.0 s; peak memory 697 MiB.
2026-10-09T05:19:56Z INFO [3014/3350] b17452a8-63f2-4449-a467-38480cc9fcd8: cophenetic index 70821447; 47.4 s; peak memory 697 MiB.
2026-10-09T05:19:57Z INFO [3015/3350] b175bb68-c783-4f2b-98b7-7aa3ec1d7fa3: cophenetic index 490; 0.8 s; peak memory 697 MiB.
2026-10-09T05:20:00Z INFO [3016/3350] b1761a8e-d952-4f24-b8c2-88deb388bb6f: cophenetic index 4015; 3.5 s; peak memory 697 MiB.
2026-10-09T05:20:02Z INFO [3017/3350] b176245f-421a-4fdb-a02b-225bd7d62418: cophenetic index 3004; 1.5 s; peak memory 697 MiB.
2026-10-09T05:20:03Z INFO [3018/3350] b1764694-9935-4a56-a196-5dbd02db80d1: cophenetic index 605; 1.4 s; peak memory 697 MiB.
2026-10-09T05:20:05Z INFO [3019/3350] b1765c1e-db1b-4c5a-a292-dc0f71f37bda: cophenetic index 2724; 1.6 s; peak memory 697 MiB.
2026-10-09T05:20:06Z INFO [3020/3350] b176b09a-3429-4dac-91d0-7a9ba9c258f4: cophenetic index 3057; 1.5 s; peak memory 697 MiB.
2026-10-09T05:20:07Z INFO [3021/3350] b1774c7d-2f6f-4334-83ea-a41db0ea09a3: cophenetic index 624; 1.3 s; peak memory 697 MiB.
2026-10-09T05:20:09Z INFO [3022/3350] b177b298-78c8-4fdb-8e10-335c303265e1: cophenetic index 624; 1.1 s; peak memory 697 MiB.
2026-10-09T05:20:09Z INFO [3023/3350] b177c15a-af69-446d-a414-d8749e562388: cophenetic index 490; 0.8 s; peak memory 697 MiB.
2026-10-09T05:20:11Z INFO [3024/3350] b178813b-9fc0-4e2d-9878-44fb36d728d2: cophenetic index 33986; 1.6 s; peak memory 697 MiB.
2026-10-09T05:20:12Z INFO [3025/3350] b178a8a9-b29d-4531-82da-9154c077f724: cophenetic index 490; 0.9 s; peak memory 697 MiB.
2026-10-09T05:20:17Z INFO [3026/3350] b178ac76-51f7-454f-af53-a4033c89547c: cophenetic index 18122; 5.4 s; peak memory 697 MiB.
2026-10-09T05:20:29Z INFO [3027/3350] b178cb05-ec0e-4360-b0e2-f7a3dbbb732d: cophenetic index 34862; 11.7 s; peak memory 697 MiB.
2026-10-09T05:20:30Z INFO [3028/3350] b17b03b2-2113-4c3f-8b09-5aec663f9326: cophenetic index 624; 1.2 s; peak memory 697 MiB.
2026-10-09T05:20:32Z INFO [3029/3350] b17b4158-e41d-4ab6-a5de-2c568d146975: cophenetic index 718; 1.8 s; peak memory 697 MiB.
2026-10-09T05:20:33Z INFO [3030/3350] b17c8372-e518-444c-88cd-1d997641e600: cophenetic index 624; 1.2 s; peak memory 697 MiB.
2026-10-09T05:20:39Z INFO [3031/3350] b17d65f2-e034-4fc4-ab3d-7863c66c16eb: cophenetic index 9548; 6.1 s; peak memory 697 MiB.
2026-10-09T05:20:41Z INFO [3032/3350] b17ecec5-c751-4c16-a838-ae2513ad4bcb: cophenetic index 3087; 1.6 s; peak memory 697 MiB.
2026-10-09T05:20:52Z INFO [3033/3350] b17f259a-9d13-48d6-a81a-0cc8035518e0: cophenetic index 167403; 11.5 s; peak memory 697 MiB.
2026-10-09T05:20:55Z INFO [3034/3350] b17f5b41-290d-4a0a-9d28-798b741aae2f: cophenetic index 3429; 2.7 s; peak memory 697 MiB.
2026-10-09T05:20:57Z INFO [3035/3350] b17ffaed-04ad-410b-8f69-5bab2e7e3411: cophenetic index 33968; 1.7 s; peak memory 697 MiB.
2026-10-09T05:20:58Z INFO [3036/3350] b18048c7-4639-4f12-a298-d6a0dbb1bd4e: cophenetic index 624; 1.1 s; peak memory 697 MiB.
2026-10-09T05:21:00Z INFO [3037/3350] b180921b-4abc-4221-a100-964153ef1cf1: cophenetic index 1651; 2.2 s; peak memory 697 MiB.
2026-10-09T05:21:14Z INFO [3038/3350] b181df9f-3965-4089-8ae6-a5bc9d6ede35: cophenetic index 212619; 13.6 s; peak memory 697 MiB.
2026-10-09T05:21:15Z INFO [3039/3350] b1836262-58e3-46af-a123-807bc113f6aa: cophenetic index 1751; 1.5 s; peak memory 697 MiB.
2026-10-09T05:21:18Z INFO [3040/3350] b1842cfc-3183-43db-88d4-63a672650f9e: cophenetic index 2402; 3.2 s; peak memory 697 MiB.
2026-10-09T05:21:20Z INFO [3041/3350] b184701d-6502-4178-97da-e0472e29d339: cophenetic index 2625; 1.7 s; peak memory 697 MiB.
2026-10-09T05:21:31Z INFO [3042/3350] b1850f78-6831-4361-878b-967ca56f1f60: cophenetic index 105131; 10.9 s; peak memory 697 MiB.
2026-10-09T05:21:33Z INFO [3043/3350] b18535cb-f8c7-4cf1-8b7c-4ea54e87a23b: cophenetic index 99150; 2.2 s; peak memory 697 MiB.
2026-10-09T05:21:34Z INFO [3044/3350] b18575c3-9fbb-454e-9805-84785380e7b4: cophenetic index 624; 1.2 s; peak memory 697 MiB.
2026-10-09T05:21:36Z INFO [3045/3350] b185948c-3279-4cdd-9df6-6cce4bcbf9f8: cophenetic index 2625; 1.9 s; peak memory 697 MiB.
2026-10-09T05:21:38Z INFO [3046/3350] b1872e3f-8463-4256-91cf-06b28e459f90: cophenetic index 3004; 1.4 s; peak memory 697 MiB.
2026-10-09T05:21:40Z INFO [3047/3350] b1873424-e321-46ce-8f02-981237a6c08e: cophenetic index 2625; 2.0 s; peak memory 697 MiB.
2026-10-09T05:21:50Z INFO [3048/3350] b18771f0-bcb5-45ba-b153-64d969bf88ce: cophenetic index 426943; 9.9 s; peak memory 697 MiB.
2026-10-09T05:21:51Z INFO [3049/3350] b1879fb6-b5e8-4415-8386-f97e9886d29b: cophenetic index 624; 1.1 s; peak memory 697 MiB.
2026-10-09T05:21:53Z INFO [3050/3350] b187c544-b64f-4eff-b645-d352e9607ed1: cophenetic index 2625; 2.0 s; peak memory 697 MiB.
2026-10-09T05:21:53Z INFO [3050/3350] b187c544-b64f-4eff-b645-d352e9607ed1: checkpointed 132385 new records.
2026-10-09T05:21:54Z INFO [3051/3350] b1881bf5-5b91-40d6-9808-bf2d14386e42: cophenetic index 3004; 1.3 s; peak memory 697 MiB.
2026-10-09T05:21:56Z INFO [3052/3350] b188ee16-df7f-4d36-8678-fdf29fd42cdf: cophenetic index 23960; 1.4 s; peak memory 697 MiB.
2026-10-09T05:21:57Z INFO [3053/3350] b189d10e-309b-4fbf-9283-641d8a942d24: cophenetic index 3004; 1.4 s; peak memory 697 MiB.
2026-10-09T05:21:58Z INFO [3054/3350] b189ec0a-d4ae-4d9b-834a-f3fde4e71329: cophenetic index 2974; 1.3 s; peak memory 697 MiB.
2026-10-09T05:22:04Z INFO [3055/3350] b18a7229-112f-429f-b062-62a49be248dd: cophenetic index 48252; 5.5 s; peak memory 697 MiB.
2026-10-09T05:22:05Z INFO [3056/3350] b18ad15f-9fe5-441e-aae6-26c070c6c508: cophenetic index 572; 1.2 s; peak memory 697 MiB.
2026-10-09T05:22:06Z INFO [3057/3350] b18b1f90-0826-41de-a485-e58a61a36621: cophenetic index 490; 1.0 s; peak memory 697 MiB.
2026-10-09T05:22:09Z INFO [3058/3350] b18cbae3-2671-47ec-ac08-06c7831caf6f: cophenetic index 11481; 2.9 s; peak memory 697 MiB.
2026-10-09T05:22:10Z INFO [3059/3350] b18d05bc-3d9e-4438-bb47-9da98ffe9918: cophenetic index 624; 1.1 s; peak memory 697 MiB.
2026-10-09T05:22:11Z INFO [3060/3350] b18e3ab6-9e6a-491e-a0a1-b087614bd160: cophenetic index 624; 1.0 s; peak memory 697 MiB.
2026-10-09T05:22:50Z INFO [3061/3350] b18e544d-7074-4d9a-bf13-c0c532ba3a97: cophenetic index 28022458; 38.6 s; peak memory 697 MiB.
2026-10-09T05:22:56Z INFO [3062/3350] b18ed753-fb86-4e03-af6d-6ab8ce6d04f1: cophenetic index 87573; 6.2 s; peak memory 697 MiB.
2026-10-09T05:22:57Z INFO [3063/3350] b18fb4c7-9c8c-45ba-b435-f60261fc3dec: cophenetic index 2974; 1.5 s; peak memory 697 MiB.
2026-10-09T05:22:59Z INFO [3064/3350] b190296d-dab4-4b76-bc5c-8aa36f4524a8: cophenetic index 389; 1.8 s; peak memory 697 MiB.
2026-10-09T05:23:01Z INFO [3065/3350] b190aa36-51b3-49cf-8247-56c6b1b7bf09: cophenetic index 605; 1.6 s; peak memory 697 MiB.
2026-10-09T05:23:02Z INFO [3066/3350] b190e1bf-1a95-47d6-af17-1f614e1d74f8: cophenetic index 3004; 1.3 s; peak memory 697 MiB.
2026-10-09T05:23:05Z INFO [3067/3350] b191c242-615d-4690-8367-00ffa6a455f5: cophenetic index 2682; 2.3 s; peak memory 697 MiB.
2026-10-09T05:23:12Z INFO [3068/3350] b192016b-118b-43e9-9d5d-fb441e50675b: cophenetic index 33402; 7.6 s; peak memory 697 MiB.
2026-10-09T05:23:14Z INFO [3069/3350] b1925b20-283c-4fdb-b577-03098493bd92: cophenetic index 2570; 2.1 s; peak memory 697 MiB.
2026-10-09T05:23:15Z INFO [3070/3350] b19279a3-2d3a-4b97-9a37-61f9a9fed733: cophenetic index 431; 1.2 s; peak memory 697 MiB.
2026-10-09T05:23:17Z INFO [3071/3350] b192e32c-8159-4d5f-a761-237f9f81579a: cophenetic index 723; 1.1 s; peak memory 697 MiB.
2026-10-09T05:23:23Z INFO [3072/3350] b19368bc-0b4f-4c27-a773-3844f7db0941: cophenetic index 9548; 6.3 s; peak memory 697 MiB.
2026-10-09T05:23:30Z INFO [3073/3350] b1954daa-cd23-429e-bf37-1379b4adc1c1: cophenetic index 14137; 7.2 s; peak memory 697 MiB.
2026-10-09T05:23:31Z INFO [3074/3350] b195632f-10fb-4c9d-9988-afff7666ce1d: cophenetic index 2570; 1.4 s; peak memory 697 MiB.
2026-10-09T05:23:33Z INFO [3075/3350] b195bd7b-a7c2-4784-ac22-019a565050f1: cophenetic index 23358; 1.3 s; peak memory 697 MiB.
2026-10-09T05:23:35Z INFO [3076/3350] b196feec-ce19-48e0-8711-9977d73f721a: cophenetic index 99150; 2.1 s; peak memory 697 MiB.
2026-10-09T05:23:38Z INFO [3077/3350] b19759e1-2123-4635-9193-7ef7bab04fb2: cophenetic index 6490; 3.1 s; peak memory 697 MiB.
2026-10-09T05:23:39Z INFO [3078/3350] b197e872-d6ed-4b85-bb27-63310ecc75cb: cophenetic index 624; 1.1 s; peak memory 697 MiB.
2026-10-09T05:23:46Z INFO [3079/3350] b199731c-d449-4c5d-9c14-f2d89fd0172f: cophenetic index 61833; 6.4 s; peak memory 697 MiB.
2026-10-09T05:23:49Z INFO [3080/3350] b199afb3-121b-488e-a23b-133b3b30a228: cophenetic index 4646; 3.2 s; peak memory 697 MiB.
2026-10-09T05:23:51Z INFO [3081/3350] b19a4889-6f34-4655-8ac1-243b162b6967: cophenetic index 653; 2.2 s; peak memory 697 MiB.
2026-10-09T05:23:53Z INFO [3082/3350] b19b31a1-a061-4de8-be19-e551530fcda8: cophenetic index 33998; 1.6 s; peak memory 697 MiB.
2026-10-09T05:23:54Z INFO [3083/3350] b19b44c4-f554-4025-a31a-9fd88778fdbb: cophenetic index 3087; 1.7 s; peak memory 697 MiB.
2026-10-09T05:23:55Z INFO [3084/3350] b19b9fe8-35a4-4059-843e-025a7c6ef325: cophenetic index 3215; 1.1 s; peak memory 697 MiB.
2026-10-09T05:23:57Z INFO [3085/3350] b19c2763-df83-478f-af45-34e67e6b192e: cophenetic index 3004; 1.4 s; peak memory 697 MiB.
2026-10-09T05:24:10Z INFO [3086/3350] b19c3066-7ab7-4785-ad1b-1459a55422f1: cophenetic index 677263; 12.9 s; peak memory 697 MiB.
2026-10-09T05:24:11Z INFO [3087/3350] b19c3937-2170-4818-bc2d-97e2a39dc075: cophenetic index 624; 1.2 s; peak memory 697 MiB.
2026-10-09T05:24:12Z INFO [3088/3350] b19c8893-5bf9-4920-8f58-269a15174aa9: cophenetic index 624; 1.2 s; peak memory 697 MiB.
2026-10-09T05:24:14Z INFO [3089/3350] b19d7886-278e-43a5-8251-c5aa79383861: cophenetic index 2625; 1.8 s; peak memory 697 MiB.
2026-10-09T05:24:15Z INFO [3090/3350] b19d8631-2705-4b77-b205-afe72b590ac2: cophenetic index 539; 1.4 s; peak memory 697 MiB.
2026-10-09T05:24:16Z INFO [3091/3350] b19d8856-a3d5-4a47-9fc1-08ee601559c4: cophenetic index 1228; 1.0 s; peak memory 697 MiB.
2026-10-09T05:24:19Z INFO [3092/3350] b19e8dc1-de06-4996-84be-68c777127c5d: cophenetic index 2682; 2.4 s; peak memory 697 MiB.
2026-10-09T05:24:20Z INFO [3093/3350] b19efd54-e9f5-483b-9aa3-88d244f2effe: cophenetic index 3004; 1.5 s; peak memory 697 MiB.
2026-10-09T05:24:24Z INFO [3094/3350] b1a03311-86b4-4523-943f-12f799b5385d: cophenetic index 7779; 4.3 s; peak memory 697 MiB.
2026-10-09T05:24:26Z INFO [3095/3350] b1a144c2-5cb1-4c5d-8167-2ba8fa81767c: cophenetic index 624; 1.3 s; peak memory 697 MiB.
2026-10-09T05:24:28Z INFO [3096/3350] b1a233ae-e2e2-4a6c-9662-ebbe1748bf80: cophenetic index 809; 2.1 s; peak memory 697 MiB.
2026-10-09T05:24:29Z INFO [3097/3350] b1a297eb-9ad2-42e9-a99b-eafb64c1b2f4: cophenetic index 627; 1.1 s; peak memory 697 MiB.
2026-10-09T05:24:30Z INFO [3098/3350] b1a33899-17da-422a-b83a-732eb1600ee0: cophenetic index 624; 1.2 s; peak memory 697 MiB.
2026-10-09T05:24:31Z INFO [3099/3350] b1a37afa-1173-4e4f-80ca-f0a268c1ae6a: cophenetic index 3192; 1.3 s; peak memory 697 MiB.
2026-10-09T05:24:33Z INFO [3100/3350] b1a55451-1256-442e-a691-54f7b073bcb0: cophenetic index 624; 1.2 s; peak memory 697 MiB.
2026-10-09T05:24:33Z INFO [3100/3350] b1a55451-1256-442e-a691-54f7b073bcb0: checkpointed 132435 new records.
2026-10-09T05:24:34Z INFO [3101/3350] b1a5c25a-9248-4afc-8b88-df3bf3c616dc: cophenetic index 624; 1.0 s; peak memory 697 MiB.
2026-10-09T05:24:36Z INFO [3102/3350] b1a63d45-ba8e-4cfa-a5a8-916608ca8170: cophenetic index 2625; 2.1 s; peak memory 697 MiB.
2026-10-09T05:24:44Z INFO [3103/3350] b1a90796-27ca-42f2-8db4-35210464015f: cophenetic index 42692; 8.0 s; peak memory 697 MiB.
2026-10-09T05:24:45Z INFO [3104/3350] b1a97b5d-036e-4d0c-aa13-43d8b4ff3a2b: cophenetic index 490; 0.9 s; peak memory 697 MiB.
2026-10-09T05:24:46Z INFO [3105/3350] b1a9f5bf-790c-4081-95d0-a77d07c41399: cophenetic index 401; 0.9 s; peak memory 697 MiB.
2026-10-09T05:24:49Z INFO [3106/3350] b1aa4175-b043-4ace-a073-59d2fd9a6a67: cophenetic index 2236; 3.4 s; peak memory 697 MiB.
2026-10-09T05:24:51Z INFO [3107/3350] b1aa992c-77c8-4d8b-8eae-10ee2a64358b: cophenetic index 431; 1.4 s; peak memory 697 MiB.
2026-10-09T05:24:52Z INFO [3108/3350] b1aa9cb3-36b8-4f32-93c8-19a812fdbada: cophenetic index 1087; 1.4 s; peak memory 697 MiB.
2026-10-09T05:24:53Z INFO [3109/3350] b1aabab2-ca4d-4967-9015-12f01047f201: cophenetic index 494; 1.0 s; peak memory 697 MiB.
2026-10-09T05:24:54Z INFO [3110/3350] b1abbb52-96dc-4402-be4c-0033a46f2828: cophenetic index 3004; 1.3 s; peak memory 697 MiB.
2026-10-09T05:24:56Z INFO [3111/3350] b1abc470-3bcb-4981-b297-715c0e228536: cophenetic index 33958; 1.3 s; peak memory 697 MiB.
2026-10-09T05:24:57Z INFO [3112/3350] b1ac6d81-7732-4cf7-9e8b-5bee048d6e71: cophenetic index 2920; 1.3 s; peak memory 697 MiB.
2026-10-09T05:24:59Z INFO [3113/3350] b1ad72d4-b63d-4009-b880-9fd30249f192: cophenetic index 23864; 2.0 s; peak memory 697 MiB.
2026-10-09T05:25:01Z INFO [3114/3350] b1adb85e-79d1-4cad-be73-bea7ecb9077f: cophenetic index 811; 2.2 s; peak memory 697 MiB.
2026-10-09T05:25:02Z INFO [3115/3350] b1adc97b-c55a-4645-9077-750bac5f81c3: cophenetic index 624; 1.1 s; peak memory 697 MiB.
2026-10-09T05:25:04Z INFO [3116/3350] b1ae30c4-0c01-475f-97cf-32908077fa60: cophenetic index 33998; 2.1 s; peak memory 697 MiB.
2026-10-09T05:25:13Z INFO [3117/3350] b1ae5694-c85f-4b0d-bc4b-c3f68ebce03f: cophenetic index 87573; 8.4 s; peak memory 697 MiB.
2026-10-09T05:25:24Z INFO [3118/3350] b1aea916-77a0-49a3-838b-ced706ba724e: cophenetic index 33512; 11.2 s; peak memory 697 MiB.
2026-10-09T05:25:27Z INFO [3119/3350] b1af5347-6105-4e0b-853f-d744e5497c3a: cophenetic index 2469; 3.2 s; peak memory 697 MiB.
2026-10-09T05:25:29Z INFO [3120/3350] b1af5510-1a1d-4422-9930-c5d3da8df693: cophenetic index 2625; 2.2 s; peak memory 697 MiB.
2026-10-09T05:25:30Z INFO [3121/3350] b1b00248-d489-4639-88de-d22586c21b67: cophenetic index 624; 1.2 s; peak memory 697 MiB.
2026-10-09T05:25:32Z INFO [3122/3350] b1b01944-1b1f-4aca-befa-3966c8ee371f: cophenetic index 1087; 1.5 s; peak memory 697 MiB.
2026-10-09T05:25:45Z INFO [3123/3350] b1b217ec-dffc-42e1-9130-7605780336c1: cophenetic index 275622; 12.8 s; peak memory 697 MiB.
2026-10-09T05:25:46Z INFO [3124/3350] b1b31ab7-d620-4493-876a-78f24545dbb1: cophenetic index 3004; 1.4 s; peak memory 697 MiB.
2026-10-09T05:25:49Z INFO [3125/3350] b1b38fb7-9354-4c51-affd-16c38b25dec6: cophenetic index 2331; 3.3 s; peak memory 697 MiB.
2026-10-09T05:25:51Z INFO [3126/3350] b1b42073-9460-4211-b229-571713dd66e1: cophenetic index 624; 1.3 s; peak memory 697 MiB.
2026-10-09T05:26:00Z INFO [3127/3350] b1b506e0-29bb-4e38-8f8e-7bb3638a07a5: cophenetic index 135163; 9.4 s; peak memory 697 MiB.
2026-10-09T05:26:01Z INFO [3128/3350] b1b5b915-f030-450d-a9d5-e4ba4825884d: cophenetic index 649; 1.3 s; peak memory 697 MiB.
2026-10-09T05:26:04Z INFO [3129/3350] b1b5ceee-23ca-49ee-9beb-33614b54b2db: cophenetic index 99150; 2.4 s; peak memory 697 MiB.
2026-10-09T05:26:06Z INFO [3130/3350] b1b5ee96-19e0-45d6-8f6b-ed1a0941582d: cophenetic index 99150; 2.6 s; peak memory 697 MiB.
2026-10-09T05:26:10Z INFO [3131/3350] b1b63a0c-8f45-49c4-a629-83a106fac25c: cophenetic index 6490; 3.2 s; peak memory 697 MiB.
2026-10-09T05:26:11Z INFO [3132/3350] b1b65995-24bf-4298-a716-6e75ee6627e3: cophenetic index 23788; 1.2 s; peak memory 697 MiB.
2026-10-09T05:26:12Z INFO [3133/3350] b1b6da7d-7c78-4ba2-b893-085dfd403711: cophenetic index 3004; 1.6 s; peak memory 697 MiB.
2026-10-09T05:26:24Z INFO [3134/3350] b1b73273-a41d-41c4-8270-cfc493469578: cophenetic index 178707; 12.1 s; peak memory 697 MiB.
2026-10-09T05:26:31Z INFO [3135/3350] b1b753e5-6f15-494b-b4a9-ab0d15b9d867: cophenetic index 56837; 6.3 s; peak memory 697 MiB.
2026-10-09T05:26:32Z INFO [3136/3350] b1b79264-3025-4554-bd33-265d5a9a512c: cophenetic index 2625; 1.5 s; peak memory 697 MiB.
2026-10-09T05:26:34Z INFO [3137/3350] b1b8491b-9e59-477f-8ef8-9995910e09b9: cophenetic index 624; 1.3 s; peak memory 697 MiB.
2026-10-09T05:26:35Z INFO [3138/3350] b1b90ee5-abfd-4c6f-b7f0-db1e9f606ee3: cophenetic index 3004; 1.5 s; peak memory 697 MiB.
2026-10-09T05:26:36Z INFO [3139/3350] b1b92571-7767-46f4-9ec0-e40c61b3047f: cophenetic index 490; 0.9 s; peak memory 697 MiB.
2026-10-09T05:26:37Z INFO [3140/3350] b1b94985-6122-470b-adb2-2e4ba4b507db: cophenetic index 560; 1.2 s; peak memory 697 MiB.
2026-10-09T05:26:39Z INFO [3141/3350] b1b9de6e-96da-4a51-bb43-bc4161b113b1: cophenetic index 23259; 2.0 s; peak memory 697 MiB.
2026-10-09T05:26:52Z INFO [3142/3350] b1b9def6-d599-44a5-80ee-6fafbbf7890d: cophenetic index 6073536; 13.0 s; peak memory 697 MiB.
2026-10-09T05:27:09Z INFO [3143/3350] b1ba827e-b76d-4621-85ec-6d9c25469a3e: cophenetic index 468376; 16.8 s; peak memory 697 MiB.
2026-10-09T05:27:11Z INFO [3144/3350] b1bb0457-f027-4de8-99b4-85b77a0f98fe: cophenetic index 3057; 1.7 s; peak memory 697 MiB.
2026-10-09T05:27:23Z INFO [3145/3350] b1bb17a1-d759-4dfb-97c3-8ed9c4222fb7: cophenetic index 341460; 12.9 s; peak memory 697 MiB.
2026-10-09T05:27:25Z INFO [3146/3350] b1bd3da9-16f9-45d8-be1c-35343acf55e7: cophenetic index 624; 1.3 s; peak memory 697 MiB.
2026-10-09T05:27:27Z INFO [3147/3350] b1bd629a-ec5e-4059-9749-514c5d7b6b30: cophenetic index 554; 1.8 s; peak memory 697 MiB.
2026-10-09T05:27:28Z INFO [3148/3350] b1bd6761-001f-4d57-909c-0fe9f70c05cb: cophenetic index 512; 1.4 s; peak memory 697 MiB.
2026-10-09T05:27:29Z INFO [3149/3350] b1bd74db-6e78-4af7-b14b-61b04446e517: cophenetic index 590; 1.4 s; peak memory 697 MiB.
2026-10-09T05:27:31Z INFO [3150/3350] b1bd83a2-b225-4935-bfaf-476c2899c261: cophenetic index 3004; 1.4 s; peak memory 697 MiB.
2026-10-09T05:27:31Z INFO [3150/3350] b1bd83a2-b225-4935-bfaf-476c2899c261: checkpointed 132485 new records.
2026-10-09T05:27:32Z INFO [3151/3350] b1c0280c-f768-4dcd-b8e1-d1a1654b6b4b: cophenetic index 494; 1.4 s; peak memory 697 MiB.
2026-10-09T05:27:34Z INFO [3152/3350] b1c0cb40-8997-40b0-b49a-f63a267bab47: cophenetic index 649; 1.1 s; peak memory 697 MiB.
2026-10-09T05:27:37Z INFO [3153/3350] b1c2104f-5d0d-4c75-8bb3-090d2908c868: cophenetic index 2469; 3.1 s; peak memory 697 MiB.
2026-10-09T05:27:39Z INFO [3154/3350] b1c24aa8-acbd-4158-99ea-72fbb45ac0d3: cophenetic index 33986; 1.9 s; peak memory 697 MiB.
2026-10-09T05:27:39Z INFO [3155/3350] b1c26a24-8476-4893-bfa5-69d276918e1a: cophenetic index 561; 0.9 s; peak memory 697 MiB.
2026-10-09T05:27:41Z INFO [3156/3350] b1c2c515-bcca-457a-8756-674e0492f6c5: cophenetic index 605; 1.2 s; peak memory 697 MiB.
2026-10-09T05:27:44Z INFO [3157/3350] b1c2fcef-87a0-4d76-8ded-5783ac12df68: cophenetic index 2402; 3.1 s; peak memory 697 MiB.
2026-10-09T05:27:45Z INFO [3158/3350] b1c35806-f6b3-4517-b1e3-fda0f311e067: cophenetic index 624; 1.1 s; peak memory 697 MiB.
2026-10-09T05:27:48Z INFO [3159/3350] b1c39450-9219-4e79-9329-1b6c8590aede: cophenetic index 2469; 3.3 s; peak memory 697 MiB.
2026-10-09T05:27:49Z INFO [3160/3350] b1c39626-b00c-45d9-9599-1700e0e7bd34: cophenetic index 3215; 1.2 s; peak memory 697 MiB.
2026-10-09T05:27:50Z INFO [3161/3350] b1c3eeec-cf04-4d77-8e8b-51298058df88: cophenetic index 624; 1.0 s; peak memory 697 MiB.
2026-10-09T05:27:52Z INFO [3162/3350] b1c4b95e-10ff-4a87-b696-2f2b8c6864b6: cophenetic index 466; 1.4 s; peak memory 697 MiB.
2026-10-09T05:27:53Z INFO [3163/3350] b1c4bd15-2101-481e-a631-f42a952e28ed: cophenetic index 490; 0.8 s; peak memory 697 MiB.
2026-10-09T05:27:54Z INFO [3164/3350] b1c53633-d244-4ffc-a3cb-8d2debbe81c5: cophenetic index 624; 1.2 s; peak memory 697 MiB.
2026-10-09T05:27:55Z INFO [3165/3350] b1c53bbe-5236-4f27-9bf9-3d67c265ad64: cophenetic index 413; 1.0 s; peak memory 697 MiB.
2026-10-09T05:28:07Z INFO [3166/3350] b1c55327-f0da-42b3-9b8c-7e9c8e2ad12a: cophenetic index 269842; 12.2 s; peak memory 697 MiB.
2026-10-09T05:28:08Z INFO [3167/3350] b1c580c6-8d71-4ecd-873a-951a01d1f3d7: cophenetic index 624; 1.2 s; peak memory 697 MiB.
2026-10-09T05:28:09Z INFO [3168/3350] b1c7433f-3442-4ffb-9834-e64e0031c49d: cophenetic index 630; 1.2 s; peak memory 697 MiB.
2026-10-09T05:28:11Z INFO [3169/3350] b1c81bd5-9411-4f6c-b909-3ec042a4e8d5: cophenetic index 33968; 1.5 s; peak memory 697 MiB.
2026-10-09T05:28:12Z INFO [3170/3350] b1c841cd-2abd-4281-9685-dd119525c042: cophenetic index 741; 0.9 s; peak memory 697 MiB.
2026-10-09T05:28:13Z INFO [3171/3350] b1c88dde-852f-4d37-a07c-d289c6a06e10: cophenetic index 722; 1.4 s; peak memory 697 MiB.
2026-10-09T05:28:15Z INFO [3172/3350] b1c94a95-1c49-41b5-89b7-1669aeab7289: cophenetic index 624; 1.2 s; peak memory 697 MiB.
2026-10-09T05:28:16Z INFO [3173/3350] b1c9593e-36b5-43da-aa5d-b609ac8fa93b: cophenetic index 508; 1.0 s; peak memory 697 MiB.
2026-10-09T05:28:16Z INFO [3174/3350] b1cb2665-ecba-46f3-88a9-c7b589aeb9be: cophenetic index 490; 0.8 s; peak memory 697 MiB.
2026-10-09T05:28:18Z INFO [3175/3350] b1cba1f0-5311-47e8-ad89-7cb1f456c7b0: cophenetic index 24032; 1.5 s; peak memory 697 MiB.
2026-10-09T05:28:21Z INFO [3176/3350] b1cbc6c2-9a74-4807-a6fe-597f1e5c82e9: cophenetic index 8258; 3.5 s; peak memory 697 MiB.
2026-10-09T05:28:23Z INFO [3177/3350] b1cc6856-ebcb-4a51-aa8f-026b47283c71: cophenetic index 3087; 1.5 s; peak memory 697 MiB.
2026-10-09T05:28:24Z INFO [3178/3350] b1cc68df-7715-4856-9319-cc5b0a8db864: cophenetic index 3004; 1.5 s; peak memory 697 MiB.
2026-10-09T05:28:25Z INFO [3179/3350] b1ccbcde-3e1f-419c-81c7-ccefab51531c: cophenetic index 490; 1.0 s; peak memory 697 MiB.
2026-10-09T05:28:26Z INFO [3180/3350] b1cd476b-1350-45ae-8947-5997a80c38f9: cophenetic index 433; 0.9 s; peak memory 697 MiB.
2026-10-09T05:28:28Z INFO [3181/3350] b1cd7493-19bd-4303-a8ef-91404a2e05fd: cophenetic index 3004; 1.4 s; peak memory 697 MiB.
2026-10-09T05:28:29Z INFO [3182/3350] b1cdc25a-24db-4b3d-8a04-dcfaad3dffc6: cophenetic index 23818; 1.5 s; peak memory 697 MiB.
2026-10-09T05:28:31Z INFO [3183/3350] b1ce4966-9f9f-4862-a6bd-2be667742fc0: cophenetic index 791; 1.6 s; peak memory 697 MiB.
2026-10-09T05:28:32Z INFO [3184/3350] b1ceac8f-a825-4844-803b-4909afcf18e7: cophenetic index 751; 0.9 s; peak memory 697 MiB.
2026-10-09T05:28:33Z INFO [3185/3350] b1cecfa7-b592-41a3-bb86-c28055bbec94: cophenetic index 2625; 1.8 s; peak memory 697 MiB.
2026-10-09T05:28:44Z INFO [3186/3350] b1d03c7e-4956-4989-811d-b0f5209bca25: cophenetic index 21815; 11.0 s; peak memory 697 MiB.
2026-10-09T05:28:49Z INFO [3187/3350] b1d05952-bc19-4b44-979e-43358f00e57c: cophenetic index 4797; 4.3 s; peak memory 697 MiB.
2026-10-09T05:28:55Z INFO [3188/3350] b1d0d73b-3841-46d5-b930-cfa51f1199a6: cophenetic index 6800; 6.0 s; peak memory 697 MiB.
2026-10-09T05:28:56Z INFO [3189/3350] b1d17a56-46dd-44dd-8ae2-1593c3129e90: cophenetic index 2974; 1.4 s; peak memory 697 MiB.
2026-10-09T05:28:57Z INFO [3190/3350] b1d26026-dd9d-4e61-b048-d38c252a3375: cophenetic index 926; 1.1 s; peak memory 697 MiB.
2026-10-09T05:29:00Z INFO [3191/3350] b1d27eb9-2e3b-4d7b-b4a8-64c7f976fcda: cophenetic index 2402; 2.9 s; peak memory 697 MiB.
2026-10-09T05:29:02Z INFO [3192/3350] b1d27f23-25ec-474a-8d40-d67366c60ffd: cophenetic index 1087; 1.5 s; peak memory 697 MiB.
2026-10-09T05:29:03Z INFO [3193/3350] b1d29ef2-38b9-4553-9730-58050416cc21: cophenetic index 907; 1.1 s; peak memory 697 MiB.
2026-10-09T05:29:04Z INFO [3194/3350] b1d3fa1b-3662-457c-b360-4db66f85db37: cophenetic index 624; 1.2 s; peak memory 697 MiB.
2026-10-09T05:29:06Z INFO [3195/3350] b1d433d0-ec20-4456-a098-b8c0ad501776: cophenetic index 972; 1.8 s; peak memory 697 MiB.
2026-10-09T05:29:07Z INFO [3196/3350] b1d46bac-1f4e-41d2-8e75-ca19482825da: cophenetic index 624; 1.1 s; peak memory 697 MiB.
2026-10-09T05:29:22Z INFO [3197/3350] b1d592a5-07a4-4018-a5f4-ca06d02d0fbe: cophenetic index 14507294; 15.5 s; peak memory 697 MiB.
2026-10-09T05:29:24Z INFO [3198/3350] b1d63f60-4634-4507-a2fb-b1ad5d941ff0: cophenetic index 3004; 1.3 s; peak memory 697 MiB.
2026-10-09T05:29:30Z INFO [3199/3350] b1d72c52-14f3-43b8-9604-42ff895ed618: cophenetic index 6218; 6.5 s; peak memory 697 MiB.
2026-10-09T05:29:32Z INFO [3200/3350] b1d73be5-71ad-4b88-84f7-4707ef536082: cophenetic index 1751; 2.2 s; peak memory 697 MiB.
2026-10-09T05:29:33Z INFO [3200/3350] b1d73be5-71ad-4b88-84f7-4707ef536082: checkpointed 132535 new records.
2026-10-09T05:29:34Z INFO [3201/3350] b1d969c4-a950-4d6b-aa98-865304f24679: cophenetic index 23358; 1.3 s; peak memory 697 MiB.
2026-10-09T05:29:36Z INFO [3202/3350] b1d97887-7083-43a7-b81d-86485a01043a: cophenetic index 42002; 2.2 s; peak memory 697 MiB.
2026-10-09T05:29:51Z INFO [3203/3350] b1d9eb97-9651-4814-88d5-ea3b9011aa9a: cophenetic index 14507294; 15.3 s; peak memory 697 MiB.
2026-10-09T05:29:54Z INFO [3204/3350] b1da0b35-ab6d-4d73-b7ac-3ff832e4b796: cophenetic index 6609; 2.5 s; peak memory 697 MiB.
2026-10-09T05:29:56Z INFO [3205/3350] b1daa42d-58c3-407b-86f3-3b0f1b16af84: cophenetic index 23224; 1.8 s; peak memory 697 MiB.
2026-10-09T05:30:00Z INFO [3206/3350] b1dcf3f0-f1ee-4415-95d5-720fd16db4df: cophenetic index 20942; 4.7 s; peak memory 697 MiB.
2026-10-09T05:30:02Z INFO [3207/3350] b1dd65cb-80a8-4829-a7ce-8645ec2269a9: cophenetic index 879; 2.0 s; peak memory 697 MiB.
2026-10-09T05:30:04Z INFO [3208/3350] b1de511e-78c9-425f-a1cf-de51c4a3a785: cophenetic index 605; 1.6 s; peak memory 697 MiB.
2026-10-09T05:30:11Z INFO [3209/3350] b1e0233e-2a57-4e50-b4e7-21ee566310bc: cophenetic index 9548; 7.2 s; peak memory 697 MiB.
2026-10-09T05:30:13Z INFO [3210/3350] b1e02f45-8c22-48f3-88d5-074d9026e69d: cophenetic index 3004; 1.6 s; peak memory 697 MiB.
2026-10-09T05:30:14Z INFO [3211/3350] b1e04722-8267-400a-a452-e2b6819a1d18: cophenetic index 2923; 1.3 s; peak memory 697 MiB.
2026-10-09T05:30:16Z INFO [3212/3350] b1e04b99-0a15-4feb-9934-891805b8a662: cophenetic index 3004; 1.5 s; peak memory 697 MiB.
2026-10-09T05:30:17Z INFO [3213/3350] b1e04d53-4087-4e45-b08c-a996597d2057: cophenetic index 2625; 1.6 s; peak memory 697 MiB.
2026-10-09T05:30:34Z INFO [3214/3350] b1e051c7-4c8f-408d-bfad-46587f7e779e: cophenetic index 463507; 16.4 s; peak memory 697 MiB.
2026-10-09T05:30:39Z INFO [3215/3350] b1e0ffff-e47a-4be8-ba93-88cbea981876: cophenetic index 9548; 5.8 s; peak memory 697 MiB.
2026-10-09T05:30:42Z INFO [3216/3350] b1e13189-5ad5-4626-b909-9b88912ff789: cophenetic index 2402; 2.8 s; peak memory 697 MiB.
2026-10-09T05:30:44Z INFO [3217/3350] b1e2c1d2-e5bc-464b-b0fb-5b575fda18a8: cophenetic index 411; 1.3 s; peak memory 697 MiB.
2026-10-09T05:30:50Z INFO [3218/3350] b1e2d9d5-b518-4a22-b3e4-984fa7009212: cophenetic index 87781; 6.3 s; peak memory 697 MiB.
2026-10-09T05:30:51Z INFO [3219/3350] b1e2f151-c5ad-4da6-a54c-c7f31011469f: cophenetic index 624; 1.3 s; peak memory 697 MiB.
2026-10-09T05:30:53Z INFO [3220/3350] b1e310f0-e9bd-4113-8af1-c90f195c589e: cophenetic index 2570; 1.6 s; peak memory 697 MiB.
2026-10-09T05:30:54Z INFO [3221/3350] b1e3138a-a1fe-4f3c-9bfe-4c3781a4c3c8: cophenetic index 490; 0.8 s; peak memory 697 MiB.
2026-10-09T05:30:55Z INFO [3222/3350] b1e37010-dc2a-4f4b-99d2-69d3d32a4655: cophenetic index 33968; 1.7 s; peak memory 697 MiB.
2026-10-09T05:30:57Z INFO [3223/3350] b1e3cc99-e35a-45dd-be9f-e424b666f1aa: cophenetic index 2625; 1.4 s; peak memory 697 MiB.
2026-10-09T05:31:03Z INFO [3224/3350] b1e3e3a5-a219-452b-92f2-51a31b629e80: cophenetic index 9548; 5.8 s; peak memory 697 MiB.
2026-10-09T05:31:04Z INFO [3225/3350] b1e3fac1-e082-400a-a467-d90708f04cbb: cophenetic index 624; 1.3 s; peak memory 697 MiB.
2026-10-09T05:31:06Z INFO [3226/3350] b1e4c599-37b3-4902-99e2-6a2bda7377e5: cophenetic index 3004; 1.7 s; peak memory 697 MiB.
2026-10-09T05:31:09Z INFO [3227/3350] b1e5e696-6430-4261-aa62-c971831b629a: cophenetic index 2391; 3.3 s; peak memory 697 MiB.
2026-10-09T05:31:20Z INFO [3228/3350] b1e63024-0e1e-475f-a327-b3f9d5c15b20: cophenetic index 1603253; 11.4 s; peak memory 697 MiB.
2026-10-09T05:31:22Z INFO [3229/3350] b1e6e964-d2c4-4390-b4d7-f3adfe7af1d1: cophenetic index 2625; 2.2 s; peak memory 697 MiB.
2026-10-09T05:31:24Z INFO [3230/3350] b1e72b19-11f5-4eff-a9bc-6d6340db4c96: cophenetic index 1470; 1.5 s; peak memory 697 MiB.
2026-10-09T05:31:26Z INFO [3231/3350] b1e7dd9e-ed25-4a8f-a0bd-74c8913c95f9: cophenetic index 3004; 1.9 s; peak memory 697 MiB.
2026-10-09T05:31:28Z INFO [3232/3350] b1e83f8f-227d-4a81-9c5b-3b316b5ba86f: cophenetic index 23417; 2.0 s; peak memory 697 MiB.
2026-10-09T05:31:43Z INFO [3233/3350] b1e88a99-27c0-4b7e-9997-b70a8edafceb: cophenetic index 712145; 15.6 s; peak memory 697 MiB.
2026-10-09T05:31:45Z INFO [3234/3350] b1e8dfa3-ff54-46bc-83a9-4a425b0d41e6: cophenetic index 1144; 2.1 s; peak memory 697 MiB.
2026-10-09T05:31:47Z INFO [3235/3350] b1e92944-ea1b-4919-8312-0d9e40bc3a17: cophenetic index 649; 1.4 s; peak memory 697 MiB.
2026-10-09T05:31:48Z INFO [3236/3350] b1e958eb-b8f8-4279-abb7-c324925f4b5d: cophenetic index 624; 1.0 s; peak memory 697 MiB.
2026-10-09T05:31:49Z INFO [3237/3350] b1e98f92-3c4e-493f-81b2-4aa061d8f8ae: cophenetic index 624; 1.3 s; peak memory 697 MiB.
2026-10-09T05:31:50Z INFO [3238/3350] b1e9a9c0-e15a-453d-b5ee-cc16845c14a2: cophenetic index 624; 1.4 s; peak memory 697 MiB.
2026-10-09T05:31:52Z INFO [3239/3350] b1e9d8d3-ce5c-487c-ab77-3b77159e169c: cophenetic index 33986; 1.7 s; peak memory 697 MiB.
2026-10-09T05:31:53Z INFO [3240/3350] b1ea34a6-ec09-44bf-a265-65046eec93e6: cophenetic index 624; 1.1 s; peak memory 697 MiB.
2026-10-09T05:31:55Z INFO [3241/3350] b1eb2813-c686-4a6c-b997-b3e0d1d1159c: cophenetic index 3054; 1.6 s; peak memory 697 MiB.
2026-10-09T05:31:56Z INFO [3242/3350] b1eb977e-b8c7-433c-a29d-df86fb19ec3b: cophenetic index 624; 1.2 s; peak memory 697 MiB.
2026-10-09T05:31:57Z INFO [3243/3350] b1ebcae4-e4c9-4dbe-91bc-ac7030740e25: cophenetic index 624; 1.2 s; peak memory 697 MiB.
2026-10-09T05:32:04Z INFO [3244/3350] b1ec26b6-71d9-4e49-80e0-3e650714d21b: cophenetic index 6800; 6.8 s; peak memory 697 MiB.
2026-10-09T05:32:05Z INFO [3245/3350] b1ec5ea4-4520-4cb1-9087-99ba0bcd5574: cophenetic index 624; 1.1 s; peak memory 697 MiB.
2026-10-09T05:32:06Z INFO [3246/3350] b1ecea3a-d70d-47e0-8ea8-84b81fbefb68: cophenetic index 446; 0.9 s; peak memory 697 MiB.
2026-10-09T05:32:07Z INFO [3247/3350] b1ed1693-b53e-430f-a9a2-cb8bf219a599: cophenetic index 427; 1.2 s; peak memory 697 MiB.
2026-10-09T05:32:08Z INFO [3248/3350] b1edb43b-acf5-4024-bc32-cdd7ae768182: cophenetic index 431; 1.0 s; peak memory 697 MiB.
2026-10-09T05:32:10Z INFO [3249/3350] b1edb812-bea4-4d56-906f-ecf10de416fb: cophenetic index 515; 2.1 s; peak memory 697 MiB.
2026-10-09T05:32:12Z INFO [3250/3350] b1edde66-cbfc-4544-a04d-9971e7bdcf3b: cophenetic index 497; 1.2 s; peak memory 697 MiB.
2026-10-09T05:32:12Z INFO [3250/3350] b1edde66-cbfc-4544-a04d-9971e7bdcf3b: checkpointed 132585 new records.
2026-10-09T05:32:13Z INFO [3251/3350] b1ee7819-397c-4a38-9d44-dda295fc7376: cophenetic index 1265; 1.2 s; peak memory 697 MiB.
2026-10-09T05:32:15Z INFO [3252/3350] b1ef1c6f-92d3-429f-805d-90edd611e0fd: cophenetic index 3004; 1.7 s; peak memory 697 MiB.
2026-10-09T05:32:17Z INFO [3253/3350] b1ef2743-7d76-4dc2-b17b-ceb7f3b939f4: cophenetic index 2625; 2.0 s; peak memory 697 MiB.
2026-10-09T05:32:18Z INFO [3254/3350] b1efa658-b899-4677-abc0-16f6b6456506: cophenetic index 433; 0.9 s; peak memory 697 MiB.
2026-10-09T05:32:19Z INFO [3255/3350] b1efe586-64f1-4ed2-a225-e78ed23a59e7: cophenetic index 490; 0.9 s; peak memory 697 MiB.
2026-10-09T05:32:27Z INFO [3256/3350] b1eff8a0-3473-4f6c-b15d-b4ceb1ce8e40: cophenetic index 111967; 8.4 s; peak memory 697 MiB.
2026-10-09T05:32:28Z INFO [3257/3350] b1f0e19b-0dc2-45ae-9dc6-f5017e3075c4: cophenetic index 33986; 1.6 s; peak memory 697 MiB.
2026-10-09T05:32:30Z INFO [3258/3350] b1f10615-10b8-4cee-b673-2f6f10bf14ec: cophenetic index 1380; 1.6 s; peak memory 697 MiB.
2026-10-09T05:32:31Z INFO [3259/3350] b1f1b1a5-8b62-4cc0-b5f1-ddd2cea16923: cophenetic index 590; 1.2 s; peak memory 697 MiB.
2026-10-09T05:32:37Z INFO [3260/3350] b1f2810f-48b9-4415-ba0c-5f82276854b0: cophenetic index 34256; 5.4 s; peak memory 697 MiB.
2026-10-09T05:32:47Z INFO [3261/3350] b1f2bbdb-f4b3-4bfb-a8ba-661391eb5882: cophenetic index 17625; 9.8 s; peak memory 697 MiB.
2026-10-09T05:32:48Z INFO [3262/3350] b1f2cd6f-3c2a-4471-a81a-d8f658c06277: cophenetic index 2724; 1.2 s; peak memory 697 MiB.
2026-10-09T05:32:49Z INFO [3263/3350] b1f2e99a-dee4-4fce-92f9-995212cbc622: cophenetic index 649; 1.4 s; peak memory 697 MiB.
2026-10-09T05:32:51Z INFO [3264/3350] b1f34f9f-d2ee-4dc1-8d1b-156acc46ae93: cophenetic index 2625; 1.9 s; peak memory 697 MiB.
2026-10-09T05:32:53Z INFO [3265/3350] b1f3afaf-c2dd-4e35-b1e4-fd821921694e: cophenetic index 624; 1.6 s; peak memory 697 MiB.
2026-10-09T05:32:54Z INFO [3266/3350] b1f3fdae-aef2-4429-930e-52586c91a8b6: cophenetic index 2625; 1.7 s; peak memory 697 MiB.
2026-10-09T05:32:56Z INFO [3267/3350] b1f4496b-2db2-4fa1-8b08-47be895fe6ee: cophenetic index 30304; 1.6 s; peak memory 697 MiB.
2026-10-09T05:32:57Z INFO [3268/3350] b1f464c6-2a30-44ba-ba37-42d0e64fdbb7: cophenetic index 507; 1.2 s; peak memory 697 MiB.
2026-10-09T05:32:58Z INFO [3269/3350] b1f4946b-fa23-49f6-8903-0b314745a38a: cophenetic index 446; 0.9 s; peak memory 697 MiB.
2026-10-09T05:32:59Z INFO [3270/3350] b1f50a5f-3435-4336-96ce-14ab040830e5: cophenetic index 23206; 1.5 s; peak memory 697 MiB.
2026-10-09T05:33:01Z INFO [3271/3350] b1f5f1bd-23d9-4650-ba7c-f8edb2a82dd7: cophenetic index 2625; 1.8 s; peak memory 697 MiB.
2026-10-09T05:33:03Z INFO [3272/3350] b1f67e7b-e5ce-4378-8421-2c2edf76e78a: cophenetic index 1912; 1.8 s; peak memory 697 MiB.
2026-10-09T05:33:05Z INFO [3273/3350] b1f73e95-fbae-4420-9beb-e505a6791946: cophenetic index 515; 2.0 s; peak memory 697 MiB.
2026-10-09T05:33:06Z INFO [3274/3350] b1f77b85-0f4d-4965-9801-9224a2f8be9f: cophenetic index 3004; 1.3 s; peak memory 697 MiB.
2026-10-09T05:33:08Z INFO [3275/3350] b1f7d1ac-5698-463e-b5f2-d58830571310: cophenetic index 850; 1.7 s; peak memory 697 MiB.
2026-10-09T05:33:15Z INFO [3276/3350] b1f7fefe-8799-4108-96bb-bb397509490e: cophenetic index 6715; 7.1 s; peak memory 697 MiB.
2026-10-09T05:33:17Z INFO [3277/3350] b1f89d76-130f-4881-8eec-b6f320423bab: cophenetic index 2625; 1.9 s; peak memory 697 MiB.
2026-10-09T05:33:18Z INFO [3278/3350] b1f980f3-a86e-4d65-bfa8-a44ac4dc9231: cophenetic index 3004; 1.4 s; peak memory 697 MiB.
2026-10-09T05:33:20Z INFO [3279/3350] b1f99509-c1f5-4295-b985-12908a8fcc8a: cophenetic index 2625; 1.7 s; peak memory 697 MiB.
2026-10-09T05:33:21Z INFO [3280/3350] b1f9bf74-ee90-4629-a51e-47047cae1f1a: cophenetic index 624; 1.3 s; peak memory 697 MiB.
2026-10-09T05:33:23Z INFO [3281/3350] b1f9caff-90e6-47bb-a666-6bb43e331bfd: cophenetic index 2625; 2.1 s; peak memory 697 MiB.
2026-10-09T05:33:25Z INFO [3282/3350] b1fb5e7d-b6d4-495d-9f31-607c47612fe8: cophenetic index 624; 1.1 s; peak memory 697 MiB.
2026-10-09T05:33:27Z INFO [3283/3350] b1fc0bf2-b6a2-401f-b8e0-ad498199aa4b: cophenetic index 33998; 2.1 s; peak memory 697 MiB.
2026-10-09T05:33:31Z INFO [3284/3350] b1fd079a-05a6-471f-8d7d-df64fee5ed57: cophenetic index 20388; 4.0 s; peak memory 697 MiB.
2026-10-09T05:33:32Z INFO [3285/3350] b1fdcd36-b1ec-4511-9982-d43a78c7abd4: cophenetic index 624; 1.1 s; peak memory 697 MiB.
2026-10-09T05:33:34Z INFO [3286/3350] b1fe4976-caef-4176-91f9-d18f901dc4d8: cophenetic index 2056; 1.8 s; peak memory 697 MiB.
2026-10-09T05:33:35Z INFO [3287/3350] b1febc84-88f6-4691-9a90-25a12c9c71bc: cophenetic index 624; 1.1 s; peak memory 697 MiB.
2026-10-09T05:33:37Z INFO [3288/3350] b1feedb2-b9d2-4b2c-9e83-3c133241012d: cophenetic index 1751; 2.0 s; peak memory 697 MiB.
2026-10-09T05:33:38Z INFO [3289/3350] b1ff086f-9b99-44d7-ae8d-b1662ef77784: cophenetic index 624; 1.1 s; peak memory 697 MiB.
2026-10-09T05:33:39Z INFO [3290/3350] b1ffb364-e6dc-4116-b22c-56a6efd31ca6: cophenetic index 2625; 1.5 s; peak memory 697 MiB.
2026-10-09T05:33:41Z INFO [3291/3350] b1ffc9a1-ce92-4fa1-8deb-bf81fc49fd4c: cophenetic index 1739; 1.6 s; peak memory 697 MiB.
2026-10-09T05:33:42Z INFO [3292/3350] b2007bac-6227-41ed-a6f4-f383b9282958: cophenetic index 431; 1.3 s; peak memory 697 MiB.
2026-10-09T05:33:43Z INFO [3293/3350] b20189d6-da96-4c15-b98c-a18b2b70dc49: cophenetic index 446; 0.9 s; peak memory 697 MiB.
2026-10-09T05:33:44Z INFO [3294/3350] b2019ab1-3172-4416-9fa9-a0746a861ac4: cophenetic index 651; 0.8 s; peak memory 697 MiB.
2026-10-09T05:33:46Z INFO [3295/3350] b201d83f-2e92-4e63-b66d-df7833d8e2ac: cophenetic index 2570; 1.7 s; peak memory 697 MiB.
2026-10-09T05:33:47Z INFO [3296/3350] b201e319-667d-42b0-9426-d3360e4a0fb2: cophenetic index 2625; 1.8 s; peak memory 697 MiB.
2026-10-09T05:33:50Z INFO [3297/3350] b201f251-b416-49f0-87b2-e8aa5c905764: cophenetic index 6609; 2.9 s; peak memory 697 MiB.
2026-10-09T05:33:51Z INFO [3298/3350] b202e95b-3ce9-4e21-8792-49bceda47fbe: cophenetic index 579; 0.9 s; peak memory 697 MiB.
2026-10-09T05:33:52Z INFO [3299/3350] b20390e7-fbbd-451b-aff4-bceaa33f9ddf: cophenetic index 624; 1.3 s; peak memory 697 MiB.
2026-10-09T05:33:54Z INFO [3300/3350] b203c209-ddf9-4fcc-8541-5733357db851: cophenetic index 23864; 1.9 s; peak memory 697 MiB.
2026-10-09T05:33:55Z INFO [3300/3350] b203c209-ddf9-4fcc-8541-5733357db851: checkpointed 132635 new records.
2026-10-09T05:33:55Z INFO [3301/3350] b203f797-718a-4bc4-a0c2-712f4015171e: cophenetic index 518; 0.9 s; peak memory 697 MiB.
2026-10-09T05:33:57Z INFO [3302/3350] b20419e3-91ef-4774-8c5e-c107206a6a29: cophenetic index 431; 1.1 s; peak memory 697 MiB.
2026-10-09T05:34:02Z INFO [3303/3350] b2065080-55af-4eb3-b1b5-d54b9d948220: cophenetic index 632522; 5.8 s; peak memory 697 MiB.
2026-10-09T05:34:04Z INFO [3304/3350] b206a21e-8c83-434a-bb7d-260c581a65c5: cophenetic index 1087; 1.6 s; peak memory 697 MiB.
2026-10-09T05:34:16Z INFO [3305/3350] b2072d5c-7e42-4f17-a2b3-9fae3c46f025: cophenetic index 582610; 11.5 s; peak memory 697 MiB.
2026-10-09T05:34:18Z INFO [3306/3350] b207ed28-9f45-4ef6-8747-610736ebc382: cophenetic index 2609; 2.9 s; peak memory 697 MiB.
2026-10-09T05:34:19Z INFO [3307/3350] b207fc3d-3e0c-430d-8edc-7ba2474610de: cophenetic index 164; 0.8 s; peak memory 697 MiB.
2026-10-09T05:34:21Z INFO [3308/3350] b2091cb7-1353-4905-90a6-38a01791902e: cophenetic index 99150; 1.9 s; peak memory 697 MiB.
2026-10-09T05:34:22Z INFO [3309/3350] b20959e3-6bf5-459b-981f-c802e1fcbc8b: cophenetic index 624; 1.2 s; peak memory 697 MiB.
2026-10-09T05:34:24Z INFO [3310/3350] b20a2855-5fa0-4a85-a71d-3c435a539c0c: cophenetic index 3004; 1.4 s; peak memory 697 MiB.
2026-10-09T05:34:32Z INFO [3311/3350] b20a6b13-4118-4184-9a51-416b00a10b0e: cophenetic index 82055; 7.8 s; peak memory 697 MiB.
2026-10-09T05:34:33Z INFO [3312/3350] b20b1589-3685-4bff-9be0-e9236e1058bc: cophenetic index 33986; 1.6 s; peak memory 697 MiB.
2026-10-09T05:34:35Z INFO [3313/3350] b20b1cce-84b1-4f8a-a067-ddf8228d87a7: cophenetic index 2625; 1.7 s; peak memory 697 MiB.
2026-10-09T05:34:43Z INFO [3314/3350] b20b1d91-194f-408d-aaf4-e9592bbeb426: cophenetic index 114368; 8.5 s; peak memory 697 MiB.
2026-10-09T05:34:45Z INFO [3315/3350] b20c8614-1f87-441e-903a-13127c0cf404: cophenetic index 3087; 1.3 s; peak memory 697 MiB.
2026-10-09T05:34:46Z INFO [3316/3350] b20ca39d-09c4-42c4-af09-e0d38f9b500a: cophenetic index 490; 1.0 s; peak memory 697 MiB.
2026-10-09T05:34:48Z INFO [3317/3350] b20cfda1-b1ba-4d53-ab69-b0e7e3f7e946: cophenetic index 653; 2.0 s; peak memory 697 MiB.
2026-10-09T05:34:59Z INFO [3318/3350] b20f76fe-e99a-4176-ab93-1e2cd2f66a7a: cophenetic index 279858; 11.3 s; peak memory 697 MiB.
2026-10-09T05:35:00Z INFO [3319/3350] b20fab7f-1396-4b35-9470-8971aa453767: cophenetic index 649; 1.4 s; peak memory 697 MiB.
2026-10-09T05:35:01Z INFO [3320/3350] b20fce56-2f8a-48ff-b3b8-0a8cddb066c5: cophenetic index 446; 0.9 s; peak memory 697 MiB.
2026-10-09T05:35:02Z INFO [3321/3350] b20fd419-d50c-4116-8d52-3be392ecccd0: cophenetic index 624; 1.2 s; peak memory 697 MiB.
2026-10-09T05:35:04Z INFO [3322/3350] b210526b-107d-442c-9bca-e6e8d02cf902: cophenetic index 1228; 1.0 s; peak memory 697 MiB.
2026-10-09T05:35:05Z INFO [3323/3350] b210fc63-f356-4064-8827-9625a569cdeb: cophenetic index 624; 1.2 s; peak memory 697 MiB.
2026-10-09T05:35:06Z INFO [3324/3350] b2113c4c-1025-4117-bcf4-335d31a07f2c: cophenetic index 23379; 1.5 s; peak memory 697 MiB.
2026-10-09T05:35:08Z INFO [3325/3350] b211a197-bcec-4fc7-9964-f0c6779630cf: cophenetic index 33998; 2.3 s; peak memory 697 MiB.
2026-10-09T05:35:10Z INFO [3326/3350] b2125bc3-e6e8-4fca-8a85-b668437849ad: cophenetic index 692; 1.2 s; peak memory 697 MiB.
2026-10-09T05:35:11Z INFO [3327/3350] b2128b06-a739-4e3d-b859-893c59efbfcb: cophenetic index 2625; 1.6 s; peak memory 697 MiB.
2026-10-09T05:35:12Z INFO [3328/3350] b2135251-149b-43fa-83bc-865a336247a5: cophenetic index 624; 1.1 s; peak memory 697 MiB.
2026-10-09T05:35:13Z INFO [3329/3350] b2138f70-373c-4bb7-a4b5-c359448eb10e: cophenetic index 751; 0.9 s; peak memory 697 MiB.
2026-10-09T05:35:27Z INFO [3330/3350] b213ab9a-49d1-4924-81bf-ad39b04d114f: cophenetic index 586750; 13.9 s; peak memory 697 MiB.
2026-10-09T05:35:29Z INFO [3331/3350] b214231c-363d-4cc4-8cea-fc4a52e0d70e: cophenetic index 581; 1.3 s; peak memory 697 MiB.
2026-10-09T05:35:36Z INFO [3332/3350] b21437e9-b6fe-4eb2-a9d9-c1b767ff675d: cophenetic index 69189; 7.5 s; peak memory 697 MiB.
2026-10-09T05:35:38Z INFO [3333/3350] b214412b-e04e-482e-903b-13f4d8b59c4f: cophenetic index 33986; 1.7 s; peak memory 697 MiB.
2026-10-09T05:35:40Z INFO [3334/3350] b21478cf-3999-429f-9094-90251948f801: cophenetic index 33986; 1.8 s; peak memory 697 MiB.
2026-10-09T05:35:41Z INFO [3335/3350] b215d54f-393c-4d78-8727-a829acb352a1: cophenetic index 624; 1.3 s; peak memory 697 MiB.
2026-10-09T05:35:42Z INFO [3336/3350] b2166f4b-e5cd-4775-8630-c9c7e7e4dbf8: cophenetic index 627; 1.3 s; peak memory 697 MiB.
2026-10-09T05:35:43Z INFO [3337/3350] b2167938-49c0-4ee7-93e2-5283827a467d: cophenetic index 624; 1.1 s; peak memory 697 MiB.
2026-10-09T05:35:44Z INFO [3338/3350] b21720bd-e8c7-46b5-9847-237394e895ec: cophenetic index 624; 1.2 s; peak memory 697 MiB.
2026-10-09T05:35:55Z INFO [3339/3350] b2176480-6cb5-4851-81b4-48ea20ab3868: cophenetic index 18585218; 10.5 s; peak memory 697 MiB.
2026-10-09T05:35:56Z INFO [3340/3350] b21939e0-ce55-4029-a96a-2455d1411319: cophenetic index 624; 1.1 s; peak memory 697 MiB.
2026-10-09T05:35:58Z INFO [3341/3350] b2196e1e-c3ad-4dc5-9350-4fcce3e895fc: cophenetic index 3004; 1.5 s; peak memory 697 MiB.
2026-10-09T05:35:59Z INFO [3342/3350] b2196fd4-0b80-43ab-9bc6-5cee0ea72586: cophenetic index 624; 1.3 s; peak memory 697 MiB.
2026-10-09T05:36:00Z INFO [3343/3350] b21b31fb-f9bb-4004-98eb-f4a0ad13c5ad: cophenetic index 624; 1.2 s; peak memory 697 MiB.
2026-10-09T05:36:01Z INFO [3344/3350] b21ce986-c914-42a2-a512-6589f57e612e: cophenetic index 446; 0.8 s; peak memory 697 MiB.
2026-10-09T05:36:08Z INFO [3345/3350] b21d1235-3c3a-4490-ac61-82187cbdfbb1: cophenetic index 54180; 7.5 s; peak memory 697 MiB.
2026-10-09T05:38:18Z INFO [3346/3350] b21d2048-9cf0-45e5-8d82-65d9a96804f1: cophenetic index 36030552; 129.5 s; peak memory 697 MiB.
2026-10-09T05:38:19Z INFO [3347/3350] b21d256c-7688-432f-81fa-d19da0f2de28: cophenetic index 624; 1.2 s; peak memory 697 MiB.
2026-10-09T05:38:20Z INFO [3348/3350] b21d596c-5b6d-4c31-845b-672265c42e88: cophenetic index 490; 1.0 s; peak memory 697 MiB.
2026-10-09T05:38:22Z INFO [3349/3350] b21d6fc8-9a94-4424-9e7f-ae664d472c2c: cophenetic index 3004; 1.5 s; peak memory 697 MiB.
2026-10-09T05:38:23Z WARNING d73cb2c7-2e04-4c75-ba50-9b634dc8e8fb: failed while reading the NWB file (KeyError: 'Unable to synchronously open object (component not found)')
2026-10-09T05:38:23Z WARNING [3350/3350] d73cb2c7-2e04-4c75-ba50-9b634dc8e8fb: leaving unrecorded for a later run to retry.
2026-10-09T05:38:24Z INFO [3350/3350] d73cb2c7-2e04-4c75-ba50-9b634dc8e8fb: checkpointed 132684 new records.
2026-10-09T05:38:24Z INFO Wrote 132684 records to /tmp/derivatives/valid_nwb_file_to_cophenetic_index.jsonl (3304 new, 46 failed) in 183.1 min (peak memory 697 MiB).
